# Blender 4.4.0
# www.blender.org
mtllib Alfil2_c1.mtl
o Patrick_ElasticWaistband1_0_Untitled.002
v -6.880766 54.672874 17.453953
v -6.920868 54.619156 17.471390
v -6.920868 54.726791 17.471390
v -6.880766 54.619156 17.453953
v -6.880766 54.726791 17.453953
v -7.383246 54.619156 17.453953
v -7.383246 54.672874 17.453953
v -7.343144 54.619156 17.471390
v -7.343144 54.726791 17.471390
v -7.383246 54.726791 17.453953
v -6.968924 54.619156 17.365788
v -6.966836 54.672874 17.367220
v -6.993332 54.672874 17.350977
v -6.993332 54.619156 17.350977
v -6.994956 54.619156 17.397297
v -7.015468 54.619156 17.384851
v -6.993332 54.726791 17.350977
v -6.966836 54.726791 17.367220
v -7.015468 54.726791 17.384851
v -6.993201 54.726791 17.398504
v -6.976498 54.619156 17.378679
v -6.987991 54.619156 17.392319
v -6.942738 54.726791 17.385681
v -6.942738 54.672874 17.385681
v -6.915364 54.672874 17.411358
v -6.915364 54.726791 17.411358
v -6.972949 54.726791 17.414017
v -6.949944 54.726791 17.435595
v -6.915364 54.619156 17.411358
v -6.942738 54.619156 17.385681
v -6.949944 54.619156 17.435595
v -6.972949 54.619156 17.414017
v -6.890647 54.726791 17.440453
v -6.890645 54.672874 17.440458
v -6.929170 54.726791 17.460049
v -6.890645 54.619156 17.440458
v -6.929170 54.619156 17.460049
v -6.964750 54.619156 17.368656
v -6.991447 54.619156 17.399710
v -6.993201 54.672874 17.398504
v -7.036778 54.619156 17.374142
v -7.036778 54.726791 17.374142
v -7.058942 54.726791 17.365652
v -7.058942 54.619156 17.365652
v -7.083694 54.672874 17.358503
v -7.081658 54.619156 17.358976
v -7.083694 54.726791 17.358503
v -7.081881 54.619156 17.350821
v -7.085726 54.619156 17.358032
v -7.109055 54.726791 17.354031
v -7.109055 54.619156 17.354031
v -7.131345 54.619156 17.351902
v -7.131345 54.726791 17.351902
v -7.154958 54.619156 17.354031
v -7.154958 54.726791 17.354031
v -7.180318 54.672874 17.358503
v -7.180318 54.726791 17.358503
v -7.205070 54.726791 17.365652
v -7.205070 54.619156 17.365652
v -7.227231 54.726791 17.374142
v -7.227231 54.619156 17.374142
v -7.248542 54.619156 17.384851
v -7.248542 54.726791 17.384851
v -7.270812 54.672874 17.398504
v -7.269057 54.619156 17.397297
v -7.270812 54.726791 17.398504
v -7.276021 54.619156 17.392319
v -7.291063 54.726791 17.414017
v -7.272564 54.619156 17.399710
v -7.291063 54.619156 17.414017
v -7.314068 54.619156 17.435595
v -7.314068 54.726791 17.435595
v -7.334839 54.726791 17.460049
v -7.334839 54.619156 17.460049
v -7.270680 54.619156 17.350977
v -7.270680 54.672874 17.350977
v -7.297175 54.672874 17.367220
v -7.295086 54.619156 17.365788
v -7.297175 54.726791 17.367220
v -7.270680 54.726791 17.350977
v -7.287516 54.619156 17.378679
v -7.245317 54.726791 17.338234
v -7.245317 54.619156 17.338234
v -7.245317 54.672874 17.338234
v -7.218946 54.726791 17.328133
v -7.189497 54.726791 17.319624
v -7.189497 54.672874 17.319624
v -7.218946 54.672874 17.328133
v -7.191916 54.619156 17.320187
v -7.218946 54.619156 17.328133
v -7.182353 54.619156 17.358976
v -7.182132 54.619156 17.350821
v -7.186132 54.619156 17.333870
v -7.178283 54.619156 17.358032
v -7.187073 54.619156 17.319063
v -7.159317 54.726791 17.314302
v -7.131220 54.726791 17.311768
v -7.104692 54.726791 17.314302
v -7.104692 54.672874 17.314302
v -7.131220 54.672874 17.311768
v -7.104692 54.619156 17.314302
v -7.131220 54.619156 17.311768
v -7.159317 54.672874 17.314302
v -7.159317 54.619156 17.314302
v -7.074516 54.726791 17.319624
v -7.074516 54.672874 17.319624
v -7.045064 54.672874 17.328133
v -7.045064 54.726791 17.328133
v -7.045064 54.619156 17.328133
v -7.072097 54.619156 17.320187
v -7.077879 54.619156 17.333870
v -7.018692 54.726791 17.338234
v -7.018692 54.672874 17.338234
v -7.018692 54.619156 17.338234
v -7.076935 54.619156 17.319063
v -7.321275 54.672874 17.385681
v -7.321275 54.726791 17.385681
v -7.348649 54.726791 17.411358
v -7.348649 54.672874 17.411358
v -7.321275 54.619156 17.385681
v -7.348649 54.619156 17.411358
v -7.299263 54.619156 17.368656
v -7.373364 54.726791 17.440456
v -7.373364 54.672874 17.440456
v -7.373364 54.619156 17.440456
v -6.880773 54.567898 17.453953
v -6.920878 54.513977 17.471390
v -6.920878 54.621616 17.471390
v -6.880773 54.621616 17.453953
v -6.880773 54.513977 17.453953
v -7.383256 54.621616 17.453953
v -7.343151 54.621616 17.471390
v -7.383256 54.567898 17.453953
v -7.343151 54.513977 17.471390
v -7.383256 54.513977 17.453953
v -6.968933 54.621620 17.365788
v -6.993342 54.621620 17.350977
v -6.993342 54.567898 17.350977
v -6.966846 54.567898 17.367220
v -6.994961 54.621620 17.397297
v -7.015476 54.621620 17.384851
v -6.993342 54.513981 17.350977
v -6.966846 54.513981 17.367220
v -7.015476 54.513981 17.384851
v -6.993211 54.513981 17.398504
v -6.976508 54.621620 17.378679
v -6.987998 54.621620 17.392319
v -6.942748 54.513981 17.385681
v -6.942748 54.567898 17.385681
v -6.915371 54.567898 17.411358
v -6.915371 54.513977 17.411358
v -6.972959 54.513977 17.414017
v -6.949954 54.513977 17.435595
v -6.915371 54.621616 17.411358
v -6.942748 54.621620 17.385681
v -6.949954 54.621616 17.435595
v -6.972959 54.621616 17.414017
v -6.890657 54.513977 17.440456
v -6.890655 54.567898 17.440458
v -6.929180 54.513977 17.460049
v -6.890655 54.621616 17.440458
v -6.929180 54.621616 17.460049
v -6.964759 54.621620 17.368656
v -6.991457 54.621620 17.399710
v -6.993211 54.567898 17.398504
v -7.036788 54.621620 17.374142
v -7.036788 54.513981 17.374142
v -7.058951 54.513981 17.365652
v -7.058951 54.621620 17.365652
v -7.083701 54.567898 17.358503
v -7.081668 54.621620 17.358976
v -7.083701 54.513981 17.358503
v -7.081886 54.621620 17.350821
v -7.085735 54.621620 17.358032
v -7.109060 54.513981 17.354031
v -7.109060 54.621620 17.354031
v -7.131355 54.621620 17.351902
v -7.131355 54.513981 17.351902
v -7.154967 54.621620 17.354031
v -7.154967 54.513981 17.354031
v -7.180327 54.567898 17.358503
v -7.180327 54.513981 17.358503
v -7.205076 54.513981 17.365652
v -7.205076 54.621620 17.365652
v -7.227241 54.513981 17.374142
v -7.227241 54.621620 17.374142
v -7.248551 54.621620 17.384851
v -7.248551 54.513981 17.384851
v -7.270817 54.567898 17.398504
v -7.269067 54.621620 17.397297
v -7.270817 54.513981 17.398504
v -7.276031 54.621620 17.392319
v -7.291070 54.513977 17.414017
v -7.272572 54.621620 17.399710
v -7.291070 54.621616 17.414017
v -7.314075 54.621616 17.435595
v -7.314075 54.513977 17.435595
v -7.334846 54.513977 17.460049
v -7.334846 54.621616 17.460049
v -7.270687 54.621620 17.350977
v -7.295095 54.621620 17.365788
v -7.297183 54.567898 17.367220
v -7.270687 54.567898 17.350977
v -7.297183 54.513981 17.367220
v -7.270687 54.513981 17.350977
v -7.287521 54.621620 17.378679
v -7.245327 54.513981 17.338234
v -7.245327 54.621620 17.338234
v -7.245327 54.567898 17.338234
v -7.218956 54.513981 17.328133
v -7.189502 54.513981 17.319624
v -7.189502 54.567898 17.319624
v -7.218956 54.567898 17.328133
v -7.191925 54.621620 17.320187
v -7.218956 54.621620 17.328133
v -7.182359 54.621620 17.358976
v -7.182138 54.621620 17.350821
v -7.186142 54.621620 17.333870
v -7.178292 54.621620 17.358032
v -7.187083 54.621620 17.319063
v -7.159327 54.513981 17.314302
v -7.131230 54.513981 17.311768
v -7.104702 54.513981 17.314302
v -7.104702 54.567898 17.314302
v -7.131230 54.567898 17.311768
v -7.104702 54.621620 17.314302
v -7.131230 54.621620 17.311768
v -7.159327 54.567898 17.314302
v -7.159327 54.621620 17.314302
v -7.074526 54.513981 17.319624
v -7.074526 54.567898 17.319624
v -7.045074 54.567898 17.328133
v -7.045074 54.513981 17.328133
v -7.045074 54.621620 17.328133
v -7.072104 54.621620 17.320187
v -7.077887 54.621620 17.333870
v -7.018703 54.513981 17.338234
v -7.018703 54.567898 17.338234
v -7.018703 54.621620 17.338234
v -7.076945 54.621620 17.319063
v -7.321281 54.567898 17.385681
v -7.348658 54.567898 17.411358
v -7.348658 54.513977 17.411358
v -7.321281 54.513981 17.385681
v -7.321281 54.621620 17.385681
v -7.348658 54.621616 17.411358
v -7.299268 54.621620 17.368656
v -7.373374 54.513977 17.440456
v -7.373374 54.567898 17.440456
v -7.373374 54.621616 17.440456
v -7.233829 54.695198 17.420731
v -7.268593 54.655396 17.420052
v -7.246164 54.653553 17.363956
v -7.224180 54.682266 17.374920
v -7.176746 54.683849 17.367882
v -7.165861 54.699928 17.429434
v -7.191586 54.644482 17.323586
v -7.132101 54.644421 17.322058
v -7.132050 54.664017 17.374556
v -7.132014 54.673321 17.441425
v -7.128888 54.595078 17.321512
v -7.185220 54.601822 17.326725
v -7.246308 54.613670 17.374495
v -7.263150 54.625259 17.424093
v -7.124529 54.601677 17.426865
v -7.181599 54.605980 17.426189
v -7.168750 54.682941 17.511681
v -7.223972 54.686859 17.504786
v -7.261345 54.658619 17.501806
v -7.134266 54.665382 17.512753
v -7.265430 54.610470 17.511820
v -7.133945 54.654594 17.563805
v -7.252636 54.629753 17.547115
v -7.211555 54.665031 17.556282
v -7.098082 54.682442 17.511003
v -7.097502 54.701313 17.430033
v -7.087547 54.683903 17.368023
v -7.030244 54.695278 17.421074
v -7.040148 54.682247 17.374689
v -7.017934 54.653706 17.363985
v -6.995486 54.655521 17.420135
v -7.072382 54.650261 17.326952
v -7.061544 54.608082 17.330149
v -7.012514 54.620708 17.374289
v -6.996522 54.631943 17.424955
v -7.069675 54.608612 17.426567
v -7.003333 54.659863 17.501987
v -7.041820 54.687447 17.504663
v -6.986526 54.618721 17.502239
v -7.002429 54.661942 17.539864
v -7.038850 54.669697 17.546278
v -7.067321 54.596008 17.492739
v -7.119537 54.592026 17.497961
v -7.180475 54.591217 17.495417
v -6.957528 53.345310 17.511707
v -6.894464 53.340225 17.552727
v -6.896518 53.267639 17.512833
v -6.957874 53.283718 17.478712
v -6.826970 53.266232 17.529989
v -6.818265 53.342403 17.568840
v -7.004499 53.349651 17.441368
v -7.007197 53.307373 17.420849
v -7.032799 53.376312 17.359833
v -7.032588 53.335247 17.343826
v -6.760037 53.269039 17.516384
v -6.755663 53.353508 17.558195
v -6.700454 53.281689 17.483816
v -6.685274 53.377045 17.523886
v -6.650047 53.313515 17.427515
v -6.634094 53.409138 17.465893
v -6.638881 53.350876 17.353430
v -6.620304 53.446743 17.391230
v -7.032878 53.404640 17.450462
v -7.010163 53.385960 17.514288
v -6.954578 53.375519 17.569403
v -6.898840 53.367355 17.600533
v -6.822413 53.366985 17.602585
v -6.668922 53.419308 17.559114
v -6.619655 53.466064 17.502640
v -6.606399 53.518166 17.429214
v -6.747401 53.383228 17.590631
v -6.664135 53.259403 17.324278
v -6.672308 53.233681 17.391785
v -6.693840 53.183292 17.363396
v -6.689313 53.207294 17.306580
v -6.725391 53.142792 17.333582
v -6.720822 53.161446 17.291426
v -6.770484 53.125492 17.277325
v -6.773280 53.114048 17.311127
v -6.777493 53.111752 17.343641
v -6.746593 53.130585 17.368273
v -6.726413 53.165791 17.411461
v -6.784480 53.125320 17.389402
v -6.776929 53.159710 17.438683
v -6.823062 53.106689 17.349737
v -6.825351 53.124905 17.394871
v -6.866030 53.125572 17.385046
v -6.879428 53.160164 17.432583
v -6.828923 53.159077 17.444933
v -6.871253 53.108845 17.338446
v -6.904590 53.128296 17.360863
v -6.928382 53.164753 17.402905
v -6.968164 53.178181 17.352777
v -6.934577 53.136871 17.323519
v -6.875421 53.106876 17.304611
v -6.881401 53.115036 17.269058
v -6.947610 53.150372 17.278976
v -6.985280 53.197330 17.294155
v -6.825109 53.112118 17.270988
v -6.824781 53.103943 17.309278
v -6.990415 53.228901 17.382139
v -6.945501 53.211853 17.438559
v -6.890938 53.208340 17.474880
v -6.831989 53.210594 17.492834
v -7.010610 53.250179 17.311960
v -6.769997 53.210148 17.483877
v -6.711835 53.214794 17.448925
v -7.035838 53.415909 17.270134
v -7.023060 53.364639 17.259037
v -6.972189 53.380470 17.187885
v -6.976320 53.454052 17.200315
v -6.899162 53.388577 17.148655
v -6.893815 53.480968 17.162786
v -6.823738 53.393013 17.143084
v -6.813283 53.496002 17.164732
v -6.751373 53.392029 17.164690
v -6.736165 53.504818 17.192684
v -6.693812 53.386055 17.208445
v -6.676531 53.499527 17.243942
v -6.654195 53.374718 17.279785
v -6.631485 53.477543 17.315641
v -6.892765 53.520206 17.227848
v -6.807438 53.555302 17.226366
v -6.984250 53.472687 17.271036
v -7.037176 53.428608 17.363760
v -6.732492 53.573719 17.252100
v -6.667833 53.576588 17.303894
v -6.628600 53.553253 17.364588
v -6.677511 53.284103 17.255457
v -6.701431 53.228756 17.247049
v -6.729531 53.244919 17.197147
v -6.751436 53.188492 17.207851
v -6.784243 53.196003 17.182943
v -6.779398 53.158447 17.214310
v -6.823992 53.154861 17.201351
v -6.823836 53.197952 17.173246
v -6.865131 53.191410 17.177931
v -6.871189 53.148949 17.207180
v -6.906191 53.178471 17.197262
v -6.936335 53.163754 17.233376
v -6.876971 53.129204 17.234423
v -6.972692 53.216038 17.233805
v -6.932622 53.235378 17.182730
v -6.879684 53.250538 17.156277
v -6.826054 53.257580 17.151325
v -6.773576 53.255009 17.164948
v -6.824578 53.129513 17.232588
v -6.773932 53.140205 17.242615
v -6.730205 53.177586 17.246349
v -6.763381 53.315617 17.158386
v -6.827914 53.319324 17.140207
v -6.892079 53.311489 17.145176
v -6.954149 53.296432 17.178047
v -6.999050 53.273129 17.238922
v -6.712213 53.304386 17.195564
v -6.973495 53.380955 17.630020
v -6.911385 53.373920 17.644514
v -6.827394 53.365520 17.629738
v -7.032241 53.389061 17.587673
v -7.059329 53.395039 17.527655
v -6.746425 53.380428 17.608854
v -6.663177 53.416088 17.576593
v -6.613363 53.474346 17.521524
v -6.593286 53.531574 17.453701
v -6.617795 53.575668 17.389650
v -6.660699 53.599892 17.330198
v -6.727112 53.596500 17.286959
v -6.809155 53.566658 17.264021
v -6.902500 53.512012 17.272728
v -6.995080 53.453346 17.325293
v -7.052798 53.409260 17.434652
v -6.915272 53.520657 17.262651
v -6.814033 53.579163 17.252094
v -7.032622 53.454147 17.314177
v -6.721274 53.623257 17.290628
v -6.649301 53.630646 17.343683
v -6.600638 53.604355 17.407719
v -6.582855 53.551727 17.474174
v -6.605947 53.490101 17.545313
v -6.662333 53.423420 17.615213
v -6.741351 53.387398 17.656477
v -6.846459 53.376446 17.698118
v -6.999930 53.413593 17.745180
v -7.035565 53.398479 17.685486
v -7.062830 53.390923 17.605799
v -7.081723 53.394810 17.529148
v -6.572324 53.508419 17.593754
v -6.651008 53.431183 17.683439
v -6.739440 53.396687 17.732548
v -6.867027 53.402775 17.790504
v -7.150433 53.395977 17.633480
v -7.145432 53.398354 17.542397
v -7.161716 53.418362 17.727165
v -7.174539 53.458542 17.816553
v -7.014399 53.470093 17.870079
v -7.177330 53.511543 17.907709
v -6.885293 53.478107 17.914436
v -7.027339 53.548012 17.971773
v -6.901620 53.601391 18.011772
v -7.036592 53.672649 18.059549
v -6.903616 53.720062 18.067509
v -7.060970 53.798695 18.097637
v -7.187384 53.722027 18.077175
v -7.214183 53.842655 18.111776
v -6.775601 53.638165 18.014534
v -6.769217 53.551296 17.947769
v -6.653475 53.628197 17.936043
v -6.649485 53.551422 17.869518
v -6.556221 53.664227 17.825178
v -6.552251 53.594261 17.750069
v -6.524511 53.721123 17.711536
v -6.515184 53.664223 17.635487
v -6.513341 53.786049 17.585844
v -6.524458 53.726635 17.528191
v -6.537821 53.822079 17.461287
v -6.568230 53.759991 17.426962
v -6.615205 53.795677 17.308495
v -6.648502 53.742180 17.303320
v -6.695709 53.758106 17.189062
v -6.733034 53.707806 17.207088
v -6.817400 53.725159 17.093401
v -6.833514 53.678921 17.136452
v -6.925026 53.714005 17.040009
v -6.935230 53.659046 17.090118
v -7.057901 53.643990 17.068550
v -7.046769 53.704674 17.008753
v -7.171091 53.624870 17.064541
v -7.171917 53.697388 17.000149
v -6.760537 53.666325 17.222927
v -6.847162 53.627968 17.169085
v -6.941582 53.601635 17.136705
v -6.596601 53.716549 17.396038
v -6.681484 53.709480 17.296431
v -6.549910 53.681587 17.481323
v -6.532970 53.622688 17.570568
v -6.546484 53.543091 17.674091
v -6.637571 53.470478 17.773809
v -6.747006 53.446178 17.840769
v -6.621931 53.668427 17.363304
v -6.704601 53.664303 17.287798
v -6.784011 53.631500 17.231970
v -6.575180 53.637680 17.437843
v -6.557953 53.583729 17.512924
v -6.861205 53.589409 17.201889
v -6.944020 53.555298 17.181797
v -7.061062 53.517860 17.171818
v -7.058518 53.477657 17.232939
v -6.938646 53.529995 17.235550
v -6.878872 53.567341 17.224110
v -7.162644 53.425282 17.341097
v -7.068718 53.409096 17.441786
v -7.150477 53.403809 17.456888
v -7.170537 53.459446 17.244711
v -7.170364 53.500900 17.175684
v -7.230073 53.393234 17.468500
v -7.284117 53.407780 17.350237
v -7.225456 53.390106 17.555288
v -7.277307 53.446690 17.257324
v -7.391967 53.432652 17.295799
v -7.395258 53.400455 17.356804
v -7.451920 53.450638 17.291708
v -7.502011 53.428146 17.353708
v -7.391740 53.484943 17.219479
v -7.280189 53.490314 17.187862
v -7.275517 53.547897 17.126167
v -7.170968 53.560425 17.114502
v -7.283221 53.614681 17.073385
v -7.398546 53.619682 17.108315
v -7.415035 53.712605 17.050825
v -7.291604 53.700020 17.017015
v -7.062372 53.577324 17.120916
v -7.498498 53.631222 17.158470
v -7.516328 53.727165 17.113081
v -7.589723 53.633739 17.223963
v -7.635696 53.744034 17.206736
v -7.688479 53.628662 17.302773
v -7.726049 53.754124 17.290373
v -7.775082 53.652195 17.398355
v -7.796199 53.768219 17.390072
v -7.801541 53.698002 17.501019
v -7.817631 53.797935 17.507977
v -7.792336 53.738625 17.623409
v -7.801307 53.839390 17.638981
v -7.565513 53.567307 17.248594
v -7.483119 53.564144 17.197552
v -7.393907 53.554386 17.158789
v -7.732770 53.582237 17.410116
v -7.650096 53.563564 17.317404
v -7.768755 53.652172 17.616425
v -7.772135 53.606785 17.501493
v -7.543041 53.490509 17.294046
v -7.470932 53.487629 17.254601
v -7.703066 53.515881 17.420839
v -7.617982 53.494373 17.345329
v -7.664371 53.469612 17.439058
v -7.587212 53.448517 17.379917
v -7.713563 53.500675 17.520544
v -7.747990 53.543201 17.513994
v -7.722789 53.529003 17.613277
v -7.749360 53.584728 17.612261
v -7.630168 53.435246 17.457788
v -7.561357 53.415684 17.408510
v -7.485949 53.399254 17.383160
v -7.400298 53.386459 17.379080
v -7.319993 53.385029 17.411179
v -7.270288 53.387169 17.480074
v -7.257285 53.385174 17.557720
v -7.319078 53.356113 17.454330
v -7.277540 53.359970 17.527010
v -7.267188 53.375874 17.604086
v -7.481620 53.364601 17.408798
v -7.397295 53.352760 17.414272
v -7.626029 53.409241 17.476183
v -7.556370 53.383114 17.429010
v -7.675306 53.442341 17.542196
v -7.688290 53.470543 17.531141
v -7.694462 53.496269 17.616312
v -7.689235 53.476334 17.624819
v -7.177826 53.600025 17.997566
v -7.339035 53.771736 18.059458
v -7.363266 53.872932 18.090363
v -7.517098 53.917545 18.028225
v -7.483183 53.826851 18.007431
v -7.630638 53.934414 17.943253
v -7.602036 53.845318 17.926050
v -7.699650 53.913666 17.852514
v -7.675642 53.825710 17.840530
v -7.756827 53.883930 17.748770
v -7.738703 53.788502 17.744753
v -7.312848 53.644756 17.992996
v -7.453888 53.702583 17.963224
v -7.658987 53.725189 17.823324
v -7.727246 53.696075 17.723949
v -7.574564 53.725925 17.903572
v -7.327327 53.561867 17.924854
v -7.450187 53.615822 17.920561
v -7.654905 53.657207 17.811913
v -7.719836 53.626965 17.712191
v -7.639428 53.578163 17.791283
v -7.698647 53.560314 17.705183
v -7.557893 53.579094 17.854136
v -7.561533 53.643265 17.881346
v -7.456083 53.555344 17.880371
v -7.346377 53.510002 17.858128
v -7.279571 53.438244 17.764877
v -7.239031 53.399750 17.654610
v -7.314362 53.432236 17.769169
v -7.382873 53.471878 17.818766
v -7.472056 53.506409 17.845863
v -7.559487 53.529110 17.821877
v -7.622123 53.529823 17.774002
v -7.674106 53.526306 17.706320
v -7.262047 53.398117 17.655685
v -7.390170 53.465462 17.829878
v -7.327326 53.435074 17.780561
v -7.475678 53.496914 17.840363
v -7.271562 53.392654 17.693874
v -7.665066 53.502716 17.711426
v -7.620934 53.513092 17.775854
v -7.556864 53.513008 17.812059
v -7.328382 53.399487 17.812328
v -7.334577 53.319729 17.816454
v -7.391478 53.328297 17.857178
v -7.388463 53.416500 17.846912
v -7.458067 53.333141 17.872532
v -7.467067 53.429585 17.856136
v -7.283360 53.367111 17.739883
v -7.298894 53.311497 17.755266
v -7.279563 53.340965 17.660664
v -7.291141 53.303543 17.674986
v -7.519992 53.334332 17.860764
v -7.537338 53.432781 17.832970
v -7.577416 53.331284 17.829891
v -7.589129 53.429348 17.792061
v -7.629570 53.321537 17.766598
v -7.634815 53.418018 17.730963
v -7.658560 53.309452 17.684668
v -7.666243 53.399857 17.652643
v -7.294939 53.320805 17.587540
v -7.331655 53.304157 17.521400
v -7.337552 53.259262 17.544720
v -7.304802 53.283009 17.603991
v -7.398122 53.241211 17.504543
v -7.398191 53.297741 17.471510
v -7.464632 53.234268 17.489801
v -7.473486 53.300797 17.457153
v -7.529734 53.237480 17.500402
v -7.543778 53.315460 17.469753
v -7.604012 53.259636 17.535234
v -7.612126 53.339561 17.505663
v -7.658848 53.287693 17.604187
v -7.662271 53.369205 17.571215
v -7.637323 53.201847 17.632807
v -7.640134 53.227501 17.711500
v -7.605617 53.127293 17.669424
v -7.561756 53.103794 17.621082
v -7.531282 53.070721 17.665066
v -7.496253 53.068478 17.644339
v -7.503345 53.062813 17.688772
v -7.460917 53.065617 17.681154
v -7.459834 53.071957 17.636604
v -7.427175 53.078991 17.646914
v -7.423363 53.075207 17.687946
v -7.397485 53.092426 17.668337
v -7.372459 53.108112 17.702965
v -7.416678 53.078239 17.723227
v -7.409199 53.082066 17.763456
v -7.360751 53.116528 17.744289
v -7.334332 53.154480 17.726938
v -7.346282 53.144665 17.675131
v -7.375195 53.123219 17.629522
v -7.413711 53.107883 17.601912
v -7.459605 53.099419 17.590233
v -7.508815 53.097328 17.595531
v -7.459018 53.070415 17.767448
v -7.460784 53.067352 17.721869
v -7.506534 53.064377 17.721909
v -7.508483 53.069450 17.760580
v -7.561551 53.083038 17.701057
v -7.571002 53.099888 17.746716
v -7.614717 53.159637 17.731497
v -7.404253 53.155121 17.560698
v -7.357208 53.170300 17.593346
v -7.329596 53.192188 17.645267
v -7.316918 53.210087 17.708199
v -7.458664 53.147133 17.545670
v -7.518568 53.152836 17.547163
v -7.583425 53.173485 17.574371
v -7.047771 53.744209 16.996397
v -6.921901 53.754745 17.023027
v -7.171681 53.745476 16.983519
v -6.810382 53.767021 17.074800
v -6.688941 53.805515 17.182051
v -6.592931 53.852966 17.325583
v -6.533019 53.867294 17.487394
v -6.517769 53.825901 17.609735
v -6.521924 53.771339 17.744799
v -6.572153 53.739090 17.875822
v -6.672163 53.720779 17.981943
v -6.790999 53.732674 18.053473
v -6.908289 53.816441 18.096672
v -7.085292 53.886887 18.124018
v -7.234481 53.927479 18.126175
v -7.367469 53.948009 18.103193
v -7.540671 53.986073 18.027649
v -7.651973 53.999954 17.934669
v -7.717774 53.979019 17.843782
v -7.759202 53.945709 17.743738
v -7.797987 53.896122 17.634392
v -7.247761 54.020981 18.128592
v -7.087233 53.983292 18.130552
v -7.258420 54.129440 18.118219
v -7.094832 54.100754 18.123774
v -7.263253 54.244953 18.089670
v -7.096923 54.224724 18.099598
v -6.924325 54.034328 18.109159
v -6.928265 54.180553 18.081556
v -6.806326 53.955486 18.066910
v -6.796316 53.822330 18.068783
v -6.922816 53.911221 18.108955
v -6.685793 53.801613 17.997976
v -6.595744 53.806667 17.900894
v -6.532043 53.833321 17.776590
v -6.523123 53.876621 17.633650
v -6.542217 53.916241 17.494139
v -6.591982 53.906300 17.328051
v -6.605677 53.980156 17.311855
v -6.682366 53.939507 17.153933
v -6.698501 54.032589 17.151905
v -6.631752 54.078625 17.301886
v -6.565149 53.995094 17.478880
v -6.597327 54.108093 17.454395
v -6.546616 53.978615 17.643875
v -6.583590 54.097420 17.612663
v -6.814476 54.015366 17.049469
v -6.801938 53.917671 17.039938
v -6.928167 54.008358 17.000656
v -6.914700 53.907341 16.989214
v -7.051125 54.008385 16.977480
v -7.054503 53.897755 16.960321
v -7.172961 53.896019 16.953850
v -7.170300 54.007343 16.978596
v -6.680455 53.863613 17.172150
v -6.803029 53.834286 17.050987
v -6.910850 53.820316 17.002571
v -7.050267 53.814991 16.965837
v -7.167124 53.815002 16.950474
v -7.288773 54.007236 17.002951
v -7.293489 53.893841 16.976254
v -7.407806 54.011372 17.036907
v -7.420856 53.915524 17.020803
v -7.523839 53.929825 17.069994
v -7.515566 54.019505 17.085571
v -7.638216 53.940029 17.166513
v -7.615214 54.037754 17.174942
v -7.726277 53.947510 17.273195
v -7.685677 54.051723 17.289772
v -7.774250 53.967823 17.391495
v -7.722576 54.076260 17.404015
v -7.791878 53.993462 17.502817
v -7.741230 54.104855 17.506624
v -7.738397 53.861557 17.280306
v -7.646076 53.857109 17.174755
v -7.798902 53.879620 17.388206
v -7.797843 53.821747 17.387869
v -7.733814 53.808334 17.289238
v -7.814389 53.856480 17.505350
v -7.643878 53.801582 17.192741
v -7.522120 53.788540 17.095219
v -7.413738 53.769924 17.036795
v -7.288147 53.751389 16.996431
v -7.811506 53.903667 17.508049
v -7.795858 53.944859 17.629881
v -7.779184 54.022449 17.613821
v -7.419457 53.840458 17.019499
v -7.290494 53.816975 16.976725
v -7.526356 53.852097 17.073822
v -7.738195 54.124943 17.603270
v -7.703649 54.192551 17.576056
v -7.604099 54.198029 17.547060
v -7.666489 54.180679 17.418156
v -7.600279 54.271355 17.429852
v -7.593908 54.231853 17.342154
v -7.541108 54.310936 17.358488
v -7.530768 54.356407 17.466070
v -7.503919 54.287788 17.231646
v -7.548923 54.203777 17.210129
v -7.486423 54.387321 17.373997
v -7.491256 54.422302 17.472233
v -7.435755 54.371235 17.274427
v -7.482725 54.399403 17.546480
v -7.498636 54.484222 17.507557
v -7.508116 54.508278 17.516808
v -7.521915 54.575542 17.514547
v -7.569885 54.576756 17.502819
v -7.577046 54.633125 17.541140
v -7.541078 54.669846 17.539251
v -7.592393 54.681076 17.608791
v -7.625938 54.638161 17.588512
v -7.546474 54.738777 17.612526
v -7.515990 54.729401 17.538332
v -7.653330 54.595665 17.533245
v -7.451359 54.440483 17.372568
v -7.406163 54.421204 17.294823
v -7.376923 54.481491 17.306295
v -7.345470 54.414444 17.244614
v -7.320188 54.475689 17.266026
v -7.259628 54.471233 17.233847
v -7.279500 54.408981 17.204496
v -7.210017 54.405807 17.187965
v -7.200106 54.468765 17.212870
v -7.139114 54.405136 17.186388
v -7.137178 54.467052 17.209553
v -7.419204 54.496563 17.361578
v -7.443862 54.524006 17.411808
v -7.465096 54.473351 17.454302
v -7.477690 54.521191 17.491634
v -7.456414 54.563396 17.444252
v -7.461422 54.606159 17.451561
v -7.492386 54.590733 17.498329
v -7.498088 54.655281 17.493092
v -7.460682 54.658768 17.445930
v -7.449177 54.700172 17.432667
v -7.482760 54.711334 17.483541
v -7.071792 54.466541 17.216116
v -7.067100 54.405052 17.190416
v -6.998971 54.471722 17.224712
v -6.991210 54.409481 17.200758
v -6.928186 54.479904 17.238718
v -6.914330 54.417408 17.218847
v -6.841380 54.425461 17.248346
v -6.861630 54.486416 17.260359
v -6.798451 54.504089 17.295874
v -6.768044 54.448738 17.297737
v -6.708219 54.485142 17.351103
v -6.748319 54.532913 17.336481
v -6.672442 54.531162 17.400135
v -6.726801 54.574821 17.371271
v -6.659701 54.592400 17.440662
v -6.722055 54.616726 17.398144
v -6.739946 54.659897 17.412205
v -6.677709 54.653023 17.470888
v -6.724288 54.705772 17.469028
v -6.772416 54.698006 17.410301
v -6.883031 54.553604 17.268923
v -6.943974 54.549503 17.249275
v -7.007604 54.543449 17.236582
v -7.076244 54.537651 17.223717
v -7.136519 54.535873 17.214386
v -7.193696 54.539806 17.224476
v -7.248632 54.541584 17.247917
v -7.305224 54.541027 17.275433
v -7.354565 54.548962 17.309393
v -7.392599 54.563782 17.349762
v -7.416677 54.582771 17.384901
v -7.427230 54.613308 17.404278
v -7.415680 54.635521 17.393019
v -7.430374 54.641060 17.410185
v -7.419548 54.656605 17.400988
v -7.403473 54.655815 17.379745
v -7.407882 54.669094 17.391853
v -7.397478 54.680225 17.383076
v -7.391481 54.676678 17.371014
v -7.389971 54.690399 17.374302
v -7.382435 54.691071 17.360598
v -7.397299 54.685547 17.386610
v -7.394743 54.688103 17.369675
v -7.407128 54.685562 17.388006
v -7.418865 54.673229 17.393782
v -7.392990 54.688534 17.369652
v -7.375189 54.674644 17.347116
v -7.366365 54.692345 17.337646
v -7.354197 54.674335 17.323364
v -7.344475 54.691803 17.309458
v -7.367681 54.637207 17.335125
v -7.389115 54.644299 17.360540
v -7.381148 54.600883 17.344168
v -7.403750 54.614632 17.373199
v -7.323358 54.671947 17.291756
v -7.310917 54.690521 17.275034
v -7.282126 54.668480 17.258852
v -7.271119 54.688702 17.243891
v -7.289881 54.628361 17.270842
v -7.334983 54.632412 17.305462
v -7.297439 54.584827 17.274025
v -7.344635 54.590775 17.308115
v -7.233705 54.666592 17.230989
v -7.222877 54.688099 17.215418
v -7.182806 54.664829 17.204945
v -7.170269 54.688656 17.196285
v -7.128872 54.665371 17.190353
v -7.118507 54.687130 17.185091
v -7.130207 54.623730 17.203569
v -7.185792 54.623192 17.217077
v -7.134171 54.579960 17.210897
v -7.189635 54.582039 17.223629
v -7.238814 54.625751 17.243036
v -7.243212 54.584129 17.248875
v -7.065433 54.687695 17.185757
v -7.072393 54.667431 17.189365
v -7.013473 54.688835 17.199953
v -7.013485 54.669769 17.204853
v -7.072029 54.626518 17.206013
v -7.074988 54.582565 17.217031
v -7.011348 54.630848 17.220911
v -7.010471 54.587704 17.231543
v -6.959459 54.690300 17.224482
v -6.957314 54.671154 17.228390
v -6.917133 54.689457 17.250519
v -6.909871 54.672302 17.256769
v -6.952755 54.633263 17.241642
v -6.898869 54.636280 17.268591
v -6.949069 54.591866 17.248518
v -6.891943 54.594929 17.271021
v -6.879603 54.690170 17.281706
v -6.872260 54.673302 17.286062
v -6.855784 54.689896 17.307240
v -6.848340 54.675526 17.309557
v -6.855525 54.641018 17.297016
v -6.829573 54.649006 17.320650
v -6.843454 54.604599 17.298523
v -6.809578 54.617405 17.324713
v -6.837687 54.687843 17.332762
v -6.832078 54.677143 17.335787
v -6.832811 54.687767 17.348724
v -6.830671 54.680870 17.351576
v -6.845181 54.687508 17.356499
v -6.814988 54.676105 17.364248
v -6.812892 54.667606 17.359243
v -6.813215 54.656540 17.344227
v -6.793029 54.636509 17.348560
v -6.794188 54.652466 17.362495
v -6.830460 54.691643 17.361462
v -6.854962 54.692402 17.368933
v -6.863311 54.688919 17.362831
v -6.824783 54.697174 17.359020
v -6.800033 54.670692 17.364450
v -6.788980 54.667259 17.369265
v -6.810463 54.693745 17.366243
v -6.774714 54.616436 17.352522
v -6.773958 54.639858 17.366392
v -6.788521 54.586205 17.328804
v -6.828868 54.569115 17.297609
v -7.257890 54.594246 17.345617
v -7.318326 54.615143 17.380150
v -7.309530 54.655830 17.358671
v -7.280534 54.654213 17.339584
v -7.241560 54.649189 17.317423
v -7.184258 54.576679 17.313766
v -7.203096 54.650597 17.297785
v -7.321558 54.590488 17.410612
v -7.260987 54.574883 17.392061
v -7.353086 54.661949 17.404060
v -7.356452 54.677731 17.391315
v -7.336143 54.667007 17.377724
v -7.366375 54.684898 17.397745
v -7.363220 54.674290 17.410189
v -7.373785 54.686230 17.388699
v -7.371799 54.678009 17.402452
v -7.362231 54.623695 17.432251
v -7.368784 54.643036 17.439192
v -7.188156 54.567490 17.360125
v -7.365326 54.662537 17.428179
v -7.264095 54.576694 17.457682
v -7.327376 54.585060 17.469242
v -7.367428 54.602543 17.491652
v -7.372644 54.628979 17.489664
v -7.185721 54.570942 17.442667
v -7.374916 54.642429 17.476639
v -7.319313 54.590805 17.525511
v -7.333258 54.609440 17.529293
v -7.339922 54.634514 17.532236
v -7.331142 54.692421 17.511526
v -7.118783 54.566944 17.368753
v -7.116364 54.572124 17.289719
v -7.161369 54.647301 17.284815
v -7.112989 54.642353 17.276487
v -7.120604 54.573032 17.438982
v -7.246944 54.714012 17.550011
v -7.264400 54.657799 17.562160
v -7.216977 54.698631 17.570145
v -7.204370 54.720119 17.563696
v -7.192132 54.720024 17.576193
v -7.199051 54.691628 17.578844
v -7.198127 54.670410 17.577724
v -7.133780 54.652836 17.579721
v -7.054394 54.672970 17.570917
v -7.016027 54.705898 17.552021
v -7.051126 54.695065 17.570671
v -7.061330 54.722462 17.570675
v -7.042994 54.723686 17.555119
v -7.000191 54.717724 17.541840
v -6.968878 54.711048 17.545193
v -6.890758 54.686298 17.504208
v -6.914955 54.701607 17.503010
v -6.867358 54.645432 17.461670
v -6.851712 54.636436 17.455389
v -6.876518 54.666489 17.411879
v -6.863184 54.647789 17.422907
v -6.869866 54.682766 17.385010
v -6.852052 54.667538 17.383650
v -6.865499 54.690353 17.371731
v -6.870052 54.687759 17.367638
v -6.866922 54.659042 17.374481
v -6.864078 54.687263 17.361910
v -6.907558 54.639652 17.351948
v -6.903872 54.672489 17.339663
v -6.981076 54.605778 17.320503
v -6.966776 54.661751 17.313190
v -7.044913 54.582382 17.298996
v -7.033066 54.650799 17.288862
v -6.914691 54.600533 17.384224
v -6.969672 54.588200 17.350666
v -6.878679 54.629753 17.410679
v -7.064720 54.578541 17.353277
v -6.983659 54.601372 17.436026
v -6.905866 54.597645 17.442152
v -6.860707 54.612064 17.466059
v -7.058371 54.577999 17.436562
v -6.924965 54.601521 17.501883
v -6.898891 54.664616 17.503271
v -7.066582 54.649483 17.280468
v -7.021644 54.697769 17.253948
v -7.064800 54.697445 17.245991
v -7.109983 54.698475 17.244528
v -7.157158 54.697254 17.255350
v -7.205327 54.697174 17.269157
v -7.247483 54.696205 17.289196
v -7.285738 54.695534 17.310743
v -7.317057 54.694138 17.334837
v -7.342855 54.693512 17.354090
v -7.367229 54.695118 17.369684
v -7.373489 54.695877 17.376183
v -7.389274 54.690407 17.364149
v -6.975134 54.697372 17.272375
v -6.938079 54.696102 17.290842
v -6.902941 54.696457 17.310520
v -6.871979 54.694744 17.331928
v -6.851814 54.693474 17.351034
v -6.843527 54.694691 17.360941
v -6.856605 54.690453 17.362104
v -7.144392 54.717278 17.566536
v -7.132014 54.718193 17.575871
v -7.132014 54.706963 17.565971
v -7.138414 54.708908 17.564968
v -7.139685 54.727699 17.565985
v -7.132014 54.728264 17.573875
v -7.139658 54.742100 17.567432
v -7.132014 54.742088 17.574696
v -7.153070 54.745594 17.572155
v -7.132014 54.749306 17.579466
v -7.150551 54.747311 17.587860
v -7.177772 54.729599 17.571518
v -7.178859 54.731873 17.587845
v -7.188766 54.715313 17.587812
v -7.194324 54.682484 17.587799
v -7.192961 54.660316 17.587755
v -7.132014 54.638767 17.587784
v -7.132014 54.749481 17.587860
v -7.132014 54.674042 17.587799
v -7.132014 54.713013 17.587837
v -7.071066 54.660316 17.587755
v -7.069705 54.682484 17.587799
v -7.075263 54.715313 17.587812
v -7.085169 54.731873 17.587845
v -7.085582 54.730263 17.571518
v -7.113476 54.747311 17.587860
v -7.110708 54.746567 17.572258
v -7.124094 54.741745 17.567528
v -7.124094 54.727783 17.566107
v -7.119637 54.717278 17.566536
v -7.125615 54.708908 17.564968
v -6.706170 53.913048 18.001635
v -6.824481 54.126213 18.032793
v -6.730423 54.067074 17.974012
v -6.624495 53.901363 17.914932
v -6.556923 53.937862 17.787952
v -6.598289 54.059464 17.770575
v -6.661828 54.031845 17.901693
v -6.807755 54.270882 17.998083
v -6.716732 54.245472 17.912567
v -6.769875 54.397099 17.957460
v -6.866292 54.444778 17.987181
v -6.913916 54.325954 18.037794
v -6.795423 54.566498 17.924078
v -7.046110 54.469891 18.011679
v -6.991681 54.580936 17.956572
v -6.939951 54.666492 17.919638
v -6.733312 54.649944 17.846733
v -6.781307 54.731625 17.817854
v -6.943793 54.750195 17.895853
v -6.662358 54.647095 17.769657
v -6.712760 54.724480 17.743320
v -6.633466 54.654613 17.693712
v -6.681583 54.719700 17.662567
v -6.623160 54.575916 17.788229
v -6.705105 54.530720 17.877876
v -6.593677 54.603306 17.704428
v -7.161160 54.670380 17.936440
v -7.135428 54.757374 17.916811
v -7.322601 54.750103 17.875071
v -7.367919 54.663406 17.895332
v -7.467380 54.747963 17.787863
v -7.577019 54.651398 17.786472
v -7.658080 54.580006 17.816671
v -7.410149 54.580132 17.926836
v -7.620429 54.674007 17.665091
v -7.542596 54.740471 17.682135
v -7.690860 54.614704 17.621693
v -7.743392 54.572304 17.702387
v -7.194449 54.578693 17.965582
v -7.815486 54.511379 17.579380
v -7.740441 54.561832 17.540882
v -7.447165 54.485405 17.959686
v -7.233087 54.481140 18.005381
v -7.811010 54.461349 17.725170
v -7.864843 54.426350 17.611061
v -7.702158 54.482567 17.850277
v -7.816293 54.347996 17.766846
v -7.700935 54.370609 17.898584
v -7.464157 54.381744 17.997835
v -7.255859 54.365425 18.049950
v -7.860114 54.323414 17.634233
v -7.079998 54.349045 18.063042
v -7.643609 54.248077 17.953909
v -7.449863 54.258289 18.040686
v -7.427132 54.139347 18.077152
v -7.600051 54.148239 17.995363
v -7.723106 54.140732 17.879467
v -7.680732 54.061691 17.915064
v -7.565752 54.055893 18.017347
v -7.738311 54.041721 17.822348
v -7.398455 54.035599 18.097006
v -7.766267 53.998146 17.730988
v -7.769428 54.070915 17.708111
v -7.760759 54.110104 17.784700
v -7.777524 54.228836 17.824532
v -7.792264 54.197262 17.736448
v -7.769070 54.162380 17.669540
v -7.793078 54.244614 17.614315
v -7.400040 54.697254 17.378418
v -7.410979 54.695366 17.378542
v -7.429389 54.667179 17.403107
v -7.422925 54.693729 17.389982
v -7.389853 54.705841 17.366585
v -7.380847 54.693192 17.363268
v -7.381719 54.688625 17.359079
v -7.360072 54.700619 17.330130
v -7.360158 54.687122 17.329470
v -7.337036 54.704491 17.309902
v -7.342956 54.725643 17.320202
v -7.374309 54.723717 17.344820
v -7.305905 54.727200 17.294945
v -7.312178 54.750504 17.305822
v -7.348722 54.746365 17.331720
v -7.302974 54.705559 17.287403
v -7.336065 54.688305 17.308020
v -7.302897 54.688847 17.282898
v -7.257546 54.728760 17.269901
v -7.259602 54.704453 17.264013
v -7.197640 54.729500 17.250725
v -7.198154 54.755596 17.258469
v -7.132041 54.755013 17.251118
v -7.132375 54.728966 17.243063
v -7.198696 54.704376 17.242897
v -7.260254 54.688206 17.261303
v -7.197521 54.686581 17.240768
v -7.131730 54.705334 17.235342
v -7.130754 54.685177 17.232872
v -7.260044 54.753639 17.277437
v -7.065925 54.685139 17.242907
v -7.066594 54.705437 17.244413
v -7.000107 54.686161 17.267694
v -7.003119 54.705685 17.265944
v -7.067019 54.729317 17.249512
v -7.065884 54.754391 17.256174
v -7.004580 54.726109 17.269453
v -6.961617 54.705151 17.288446
v -6.958462 54.725525 17.293821
v -7.002577 54.751530 17.276743
v -6.959479 54.686768 17.286455
v -6.926734 54.686878 17.308657
v -6.926705 54.704472 17.312136
v -6.919618 54.725445 17.321140
v -6.952815 54.748314 17.302296
v -6.911167 54.744698 17.331661
v -6.902571 54.701416 17.333794
v -6.892879 54.724483 17.342741
v -6.904234 54.686222 17.327761
v -6.879320 54.687084 17.349522
v -6.873478 54.695805 17.356691
v -6.857872 54.708294 17.354525
v -6.855343 54.713253 17.352613
v -6.881415 54.734085 17.351057
v -6.844267 54.717731 17.358759
v -6.945911 54.777374 17.313368
v -6.997807 54.778820 17.284756
v -6.988145 54.823006 17.308769
v -7.063426 54.831596 17.281553
v -7.063627 54.780064 17.264126
v -7.132084 54.838009 17.276482
v -7.130807 54.780556 17.260168
v -7.200098 54.830700 17.282385
v -7.201250 54.780521 17.266657
v -7.264184 54.781479 17.286005
v -7.273371 54.825424 17.312792
v -7.318223 54.777924 17.318151
v -7.326295 54.822174 17.334887
v -7.371055 54.816254 17.374746
v -7.356936 54.773144 17.347582
v -6.939265 54.822594 17.333979
v -7.387879 54.882122 17.417114
v -7.437934 54.857082 17.490294
v -7.445889 54.941334 17.582729
v -7.488819 54.834732 17.595566
v -7.382906 54.972244 17.449854
v -7.410285 55.045479 17.580797
v -7.366276 55.065834 17.475367
v -7.380908 55.145786 17.591311
v -7.344437 55.163376 17.496315
v -7.306898 55.170700 17.442379
v -7.326756 55.083977 17.422213
v -7.286479 55.266289 17.457512
v -7.213598 55.280140 17.404890
v -7.229178 55.181519 17.379240
v -7.130620 55.183754 17.358036
v -7.126567 55.283195 17.380970
v -7.031614 55.180378 17.375954
v -7.038519 55.280842 17.401335
v -6.958305 55.169659 17.425457
v -6.974761 55.268425 17.439173
v -6.921205 55.256313 17.498941
v -6.904823 55.154713 17.491512
v -6.890628 55.066833 17.473709
v -6.869081 55.147659 17.590349
v -6.836133 55.043995 17.588720
v -6.940207 55.082611 17.409964
v -6.888402 55.256104 17.592571
v -6.877212 54.972336 17.449600
v -6.792241 54.934349 17.599241
v -6.931316 54.988811 17.399019
v -6.987617 55.000713 17.363018
v -7.031707 55.106178 17.364321
v -7.067755 55.006084 17.333416
v -7.132289 55.110535 17.338842
v -7.135580 55.007759 17.311136
v -7.195860 55.005924 17.333633
v -7.231676 55.105476 17.365360
v -7.275723 55.000397 17.363995
v -7.343236 54.991714 17.395800
v -7.337780 54.891945 17.371847
v -7.200206 54.909451 17.312508
v -7.275733 54.905170 17.340160
v -7.133105 54.912323 17.286432
v -7.063844 54.909679 17.311749
v -6.987048 54.905533 17.338871
v -6.926039 54.892319 17.368088
v -6.881080 54.881443 17.409634
v -6.802905 54.851151 17.493023
v -6.743989 54.824745 17.623859
v -6.740408 54.774792 17.523701
v -6.681579 54.711681 17.548111
v -6.624244 54.651417 17.564756
v -6.578063 54.605297 17.602818
v -6.598796 54.549633 17.490015
v -6.521654 54.545139 17.716326
v -6.499453 54.535908 17.621452
v -6.534182 54.491718 17.535276
v -6.639933 54.475567 17.424429
v -6.601786 54.424812 17.476978
v -6.687439 54.431763 17.361460
v -6.672236 54.366890 17.386375
v -6.746205 54.394333 17.297256
v -6.722203 54.329155 17.294247
v -6.658090 54.291519 17.410715
v -6.689127 54.251263 17.298330
v -6.796206 54.294964 17.213972
v -6.763071 54.220924 17.193403
v -6.826939 54.376003 17.235008
v -6.629493 54.199768 17.438484
v -6.660953 54.172661 17.305399
v -6.727201 54.127541 17.168283
v -6.648160 54.324444 17.492020
v -6.853787 54.211945 17.124981
v -6.878232 54.287071 17.161108
v -6.956540 54.204353 17.087009
v -6.970777 54.281586 17.132349
v -7.061769 54.199657 17.069805
v -7.055089 54.112122 17.016605
v -7.167918 54.112282 17.011818
v -7.163636 54.203758 17.061035
v -7.265656 54.203896 17.065544
v -7.280066 54.111805 17.025490
v -7.369164 54.200581 17.089771
v -7.392407 54.110004 17.055870
v -7.245876 54.281246 17.111620
v -7.154225 54.279816 17.108063
v -7.225170 54.348476 17.153538
v -7.304257 54.351284 17.169819
v -7.337566 54.279774 17.135550
v -7.143809 54.348835 17.151838
v -7.422933 54.279762 17.170177
v -7.461051 54.197273 17.134407
v -7.376814 54.360931 17.211039
v -7.585327 54.126423 17.192242
v -7.638101 54.150135 17.319492
v -7.494167 54.112370 17.107267
v -6.940424 54.115719 17.037031
v -6.830836 54.119129 17.089733
v -6.668335 54.233372 17.560106
v -6.686012 54.168339 17.723551
v -6.705237 54.157158 17.850662
v -6.671937 54.349472 17.919846
v -6.610229 54.439232 17.879345
v -6.547482 54.497528 17.805880
v -7.536174 54.290680 17.540318
v -7.063599 54.278084 17.116875
v -7.064053 54.347294 17.156408
v -6.981771 54.350945 17.169592
v -6.900048 54.362251 17.197819
v -6.774116 54.752106 17.451721
v -6.810958 54.730911 17.398888
v -6.828643 54.793713 17.422159
v -6.857717 54.755604 17.377855
v -6.901675 54.767460 17.345751
v -6.889986 54.811821 17.372974
v -7.455708 54.358807 17.524452
v -7.484780 54.277393 17.548494
v -7.481498 54.446396 17.486349
v -7.548599 54.514877 17.448536
v -7.559258 54.203941 17.557281
v -7.683093 54.192772 17.553650
v -7.656356 54.534409 17.439865
v -7.759901 54.510605 17.455076
v -7.840767 54.463150 17.484854
v -7.883400 54.395908 17.519585
v -7.873056 54.321430 17.549578
v -7.807117 54.249889 17.556942
v -7.786336 54.213863 17.490284
v -7.688603 54.168663 17.496380
v -7.783798 54.161922 17.364649
v -7.683031 54.129246 17.362055
v -7.775948 54.180573 17.189943
v -7.675053 54.154549 17.183521
v -7.846528 54.237835 17.207827
v -7.851465 54.225700 17.353895
v -7.869674 54.312469 17.229143
v -7.870082 54.299236 17.337042
v -7.846900 54.389481 17.253487
v -7.842558 54.366711 17.333052
v -7.779450 54.451832 17.274958
v -7.768416 54.421257 17.334881
v -7.679019 54.486603 17.283993
v -7.665546 54.450241 17.334301
v -7.572515 54.458160 17.269320
v -7.556115 54.425758 17.330675
v -7.519114 54.387527 17.244488
v -7.498676 54.352333 17.327673
v -7.494936 54.316402 17.222242
v -7.481937 54.279079 17.346548
v -7.509143 54.245632 17.202639
v -7.504863 54.206455 17.361210
v -7.577199 54.182152 17.185604
v -7.579546 54.147415 17.371214
v -7.657775 54.495098 17.389196
v -7.546911 54.468971 17.398441
v -7.487442 54.401787 17.427244
v -7.470066 54.325958 17.459433
v -7.499444 54.248310 17.482199
v -7.575275 54.185638 17.499178
v -7.517187 54.293613 17.119814
v -7.503772 54.361580 17.148279
v -7.528658 54.347351 17.042599
v -7.514271 54.412762 17.077087
v -7.529981 54.428734 17.180721
v -7.541542 54.474899 17.114851
v -7.583883 54.493015 17.210825
v -7.598616 54.533932 17.150579
v -7.684840 54.520210 17.225956
v -7.690641 54.556610 17.164402
v -7.589103 54.288784 17.014036
v -7.581511 54.230511 17.095926
v -7.678059 54.255089 17.005035
v -7.675952 54.198994 17.091499
v -7.781662 54.484531 17.215973
v -7.780211 54.522537 17.153738
v -7.846161 54.422192 17.191305
v -7.840327 54.459431 17.125975
v -7.867524 54.348808 17.159494
v -7.861107 54.391575 17.090420
v -7.844610 54.275921 17.127005
v -7.840666 54.321152 17.052929
v -7.775856 54.221836 17.101023
v -7.775388 54.269772 17.020210
v -7.687231 54.706001 16.847452
v -7.662631 54.679676 16.920910
v -7.717261 54.676109 16.934301
v -7.723073 54.702618 16.855495
v -7.656631 54.695198 16.822655
v -7.619298 54.659637 16.893969
v -7.639946 54.672493 16.791298
v -7.599252 54.628891 16.852716
v -7.646516 54.650486 16.764889
v -7.609331 54.592957 16.814779
v -7.680590 54.624424 16.738537
v -7.653429 54.550205 16.778891
v -7.716825 54.610249 16.733925
v -7.705520 54.526001 16.768957
v -7.711054 54.617027 17.034733
v -7.633946 54.614010 17.021109
v -7.695368 54.576817 17.105703
v -7.612062 54.560886 17.099352
v -7.579578 54.584530 16.986004
v -7.554986 54.517982 17.060295
v -7.556716 54.542404 16.942543
v -7.528876 54.469685 17.016401
v -7.568381 54.496330 16.899597
v -7.542279 54.416080 16.972942
v -7.616922 54.450722 16.864428
v -7.596801 54.363358 16.938515
v -7.691512 54.414993 16.846468
v -7.681562 54.319195 16.930540
v -7.768691 54.553673 17.088650
v -7.778244 54.584568 17.019438
v -7.831360 54.487373 17.066479
v -7.819984 54.538944 16.989185
v -7.851788 54.433113 17.028841
v -7.838432 54.497593 16.952639
v -7.833447 54.374691 16.987761
v -7.821210 54.454876 16.910027
v -7.775996 54.326618 16.949835
v -7.774369 54.418030 16.865997
v -7.762051 54.527615 16.791573
v -7.752471 54.608849 16.749622
v -7.784060 54.626064 16.778543
v -7.803699 54.554230 16.829222
v -7.793150 54.642586 16.803732
v -7.818676 54.584183 16.867584
v -7.784560 54.663784 16.829142
v -7.804928 54.614742 16.898613
v -7.756330 54.687950 16.849239
v -7.768666 54.649326 16.925724
v -7.755217 54.653988 16.755770
v -7.720689 54.651543 16.738287
v -7.759706 54.676353 16.777544
v -7.725201 54.706043 16.808821
v -7.755735 54.688652 16.797188
v -7.727476 54.689751 16.769197
v -7.852252 54.280907 17.472507
v -7.872481 54.355301 17.445547
v -7.839242 54.421169 17.418158
v -7.761516 54.471092 17.398804
v -7.696393 54.706333 16.794510
v -7.690235 54.692413 16.770134
v -7.689643 54.666519 16.746771
v -6.557199 54.370121 17.529715
v -6.627885 54.311169 17.532560
v -6.482720 54.429802 17.570383
v -6.437490 54.466774 17.644283
v -6.684025 54.248325 17.591629
v -6.699247 54.197231 17.710644
v -6.436228 54.460896 17.738401
v -6.479816 54.418545 17.819189
v -6.538074 54.359131 17.881983
v -6.599718 54.302162 17.898266
v -6.658385 54.248131 17.869091
v -6.703106 54.201817 17.805502
v -6.645250 54.169067 17.782530
v -6.673575 54.180397 17.709370
v -6.572787 54.083595 17.715063
v -6.622344 54.141167 17.674154
v -6.546889 54.040886 17.574059
v -6.600503 54.116333 17.549381
v -6.466093 54.001385 17.593636
v -6.498160 54.057266 17.742207
v -6.376939 54.012531 17.605362
v -6.414762 54.071995 17.757877
v -6.308135 54.073811 17.600967
v -6.344604 54.129944 17.749454
v -6.276587 54.159149 17.583391
v -6.306465 54.207764 17.720163
v -6.272009 54.260281 17.558636
v -6.294557 54.297462 17.683723
v -6.336195 54.343002 17.528664
v -6.344739 54.369576 17.639748
v -6.423219 54.363113 17.512024
v -6.426737 54.381542 17.612938
v -6.499764 54.345406 17.504105
v -6.505453 54.355183 17.604893
v -6.566033 54.302067 17.505117
v -6.572968 54.308968 17.608677
v -6.607981 54.220482 17.519182
v -6.619833 54.231670 17.632065
v -6.384943 54.405075 17.740433
v -6.397475 54.415390 17.649622
v -6.445431 54.383801 17.590462
v -6.513641 54.333855 17.563410
v -6.584810 54.278507 17.568232
v -6.647132 54.223671 17.620779
v -6.561852 54.298721 17.429459
v -6.495840 54.339085 17.431614
v -6.543343 54.285397 17.363144
v -6.480070 54.323620 17.366642
v -6.419377 54.349472 17.439144
v -6.405908 54.327785 17.373617
v -6.334272 54.324844 17.451176
v -6.325778 54.299965 17.382244
v -6.270082 54.240601 17.471060
v -6.266560 54.219025 17.394804
v -6.583763 54.210949 17.364361
v -6.601495 54.217453 17.436970
v -6.583713 54.114418 17.370922
v -6.590468 54.109825 17.461475
v -6.272041 54.137260 17.488928
v -6.270734 54.121613 17.403971
v -6.303107 54.053173 17.502384
v -6.304595 54.041512 17.406149
v -6.369159 53.995770 17.505732
v -6.370162 53.988590 17.402056
v -6.456680 53.988792 17.495729
v -6.452723 53.988873 17.393421
v -6.536252 54.030674 17.479239
v -6.530643 54.032139 17.382477
v -6.351117 54.280106 17.026945
v -6.333641 54.234821 17.020662
v -6.303306 54.230301 17.101841
v -6.329557 54.289303 17.108801
v -6.384416 54.311337 17.025167
v -6.374413 54.325539 17.108421
v -6.423522 54.321815 17.020168
v -6.432681 54.335842 17.101967
v -6.459983 54.305504 17.009205
v -6.480370 54.313046 17.093178
v -6.483595 54.265797 16.999878
v -6.518273 54.258938 17.082180
v -6.486881 54.216259 16.992887
v -6.523313 54.193783 17.071232
v -6.278008 54.213520 17.220587
v -6.316205 54.287590 17.229921
v -6.267621 54.204891 17.323067
v -6.316752 54.285690 17.327267
v -6.379686 54.324997 17.232660
v -6.389673 54.318848 17.326674
v -6.445448 54.331623 17.228825
v -6.460614 54.322926 17.321230
v -6.503788 54.302719 17.219500
v -6.522867 54.290386 17.313187
v -6.546517 54.242310 17.205843
v -6.567028 54.222988 17.303440
v -6.556404 54.155594 17.191612
v -6.573542 54.127953 17.296162
v -6.276566 54.113483 17.318302
v -6.287681 54.132938 17.209934
v -6.313643 54.041634 17.311716
v -6.327966 54.073479 17.201097
v -6.377807 53.997581 17.304337
v -6.382415 54.039005 17.192244
v -6.453655 54.005814 17.299093
v -6.448017 54.044662 17.187227
v -6.526042 54.047981 17.294636
v -6.512309 54.082138 17.185534
v -6.489882 54.136585 17.066069
v -6.464830 54.174545 16.990112
v -6.425992 54.147713 16.990116
v -6.437079 54.102562 17.065977
v -6.388015 54.143280 16.995926
v -6.388076 54.098251 17.069559
v -6.359356 54.161732 17.003075
v -6.343739 54.122982 17.079844
v -6.335020 54.196831 17.014841
v -6.309860 54.170700 17.090708
v -6.428175 54.190731 16.963202
v -6.392650 54.193832 16.962967
v -6.367481 54.203106 16.974869
v -6.362468 54.238480 16.981159
v -6.401765 54.234596 16.959866
v -6.451737 54.226791 16.963722
v -6.592246 54.189003 17.845297
v -6.527781 54.229622 17.881853
v -6.467849 54.284878 17.871193
v -6.418875 54.351898 17.815346
v -6.380642 54.275280 16.984259
v -6.410756 54.276905 16.972591
v -6.443602 54.267834 16.970076
v -7.404768 53.184788 17.858822
v -7.415949 53.125420 17.842749
v -7.451603 53.127480 17.853022
v -7.451197 53.188087 17.871140
v -7.453715 53.090946 17.826731
v -7.412890 53.093739 17.814837
v -7.384261 53.120670 17.817869
v -7.364629 53.175537 17.825928
v -7.338766 53.164879 17.778355
v -7.365965 53.117474 17.784821
v -7.411388 53.084934 17.792555
v -7.489818 53.124573 17.848232
v -7.495604 53.090012 17.822433
v -7.526589 53.119843 17.829092
v -7.556322 53.112114 17.793722
v -7.502301 53.076443 17.795605
v -7.588676 53.175972 17.794218
v -7.547751 53.183140 17.839617
v -7.500281 53.186142 17.865305
v -7.455879 53.076370 17.800024
v -7.611761 53.243439 17.785439
v -7.564110 53.249214 17.840342
v -7.508783 53.253059 17.869514
v -7.451174 53.258392 17.877842
v -7.396160 53.253735 17.861971
v -7.349513 53.241776 17.824461
v -7.320261 53.225277 17.770210
v -7.479086 54.794296 17.522791
v -7.414859 54.795738 17.421677
v -7.453732 54.759289 17.462500
v -7.427624 54.733448 17.413687
v -7.396491 54.758835 17.378609
v -7.383073 54.736778 17.353559
v -7.399662 54.709064 17.368805
v -7.406950 54.716515 17.376953
v -7.379335 54.687836 17.381176
v -7.374936 54.707497 17.398615
v -7.362565 54.715172 17.445549
v -7.317502 54.729084 17.494205
v -7.337193 54.735592 17.366779
v -7.322751 54.761478 17.423597
v -7.271137 54.754490 17.339163
v -7.253979 54.785103 17.401588
v -7.302087 54.757675 17.474037
v -7.237889 54.780621 17.471027
v -7.177605 54.796513 17.390654
v -7.168161 54.792187 17.466984
v -7.190370 54.763573 17.320248
v -7.132251 54.767578 17.315969
v -7.131986 54.799755 17.387632
v -7.131781 54.795155 17.465034
v -7.227448 54.756508 17.530718
v -7.182539 54.733757 17.556805
v -7.153681 54.751865 17.557396
v -7.137790 54.742363 17.555649
v -7.131986 54.755989 17.549131
v -7.131791 54.742897 17.550829
v -7.132084 54.776009 17.528074
v -7.160728 54.773430 17.531822
v -7.132014 54.729164 17.547892
v -7.138311 54.728836 17.551067
v -7.132014 54.720184 17.545916
v -7.142894 54.719513 17.548145
v -7.137559 54.711658 17.552267
v -7.132014 54.709576 17.550125
v -7.125257 54.729084 17.550657
v -7.121134 54.719513 17.548145
v -7.126469 54.711658 17.552267
v -7.125828 54.742126 17.555456
v -7.110263 54.751976 17.557518
v -7.082293 54.733089 17.555237
v -7.103252 54.773525 17.532017
v -7.036666 54.756355 17.530605
v -6.946282 54.729866 17.494324
v -6.904215 54.714165 17.444508
v -6.892466 54.708954 17.396130
v -6.924737 54.738224 17.366062
v -6.940097 54.760921 17.421461
v -6.990318 54.758202 17.337719
v -7.007371 54.786633 17.396574
v -6.960900 54.759502 17.475147
v -7.024894 54.782169 17.472467
v -7.085415 54.798019 17.389429
v -7.095588 54.793491 17.467146
v -7.073086 54.765591 17.319120
v -6.888082 54.683670 17.375332
v -6.877913 54.686840 17.357525
v -6.892395 54.684399 17.354050
v -6.925445 54.685970 17.342722
v -6.929883 54.672951 17.336456
v -6.984532 54.688519 17.310005
v -6.986375 54.665253 17.306730
v -7.067471 54.655499 17.287792
v -7.068191 54.685215 17.287531
v -7.131935 54.683891 17.280666
v -7.132255 54.654518 17.277010
v -7.196583 54.654503 17.287495
v -7.196705 54.682072 17.289415
v -7.279212 54.684566 17.311613
v -7.262654 54.658676 17.302546
v -7.292613 54.662605 17.311476
v -7.322687 54.669773 17.328453
v -7.337880 54.684807 17.340952
v -7.345294 54.677704 17.341869
v -7.377441 54.686058 17.365370
v -7.340347 54.705372 17.349514
v -7.279102 54.716156 17.321476
v -7.195047 54.720078 17.297089
v -7.131774 54.723198 17.291346
v -7.071460 54.721817 17.297470
v -6.984712 54.715153 17.320639
v -6.920779 54.703022 17.349207
v -7.044366 55.361526 17.413786
v -6.986942 55.359341 17.447441
v -6.999908 55.447273 17.451488
v -7.053495 55.446171 17.426279
v -7.122322 55.358727 17.395470
v -7.114953 55.445602 17.412647
v -6.952244 55.448032 17.495399
v -6.935720 55.357983 17.502171
v -6.905160 55.360962 17.589201
v -6.920949 55.451515 17.573870
v -7.001486 55.564274 17.437828
v -7.051262 55.561016 17.404907
v -7.051492 55.670826 17.378910
v -7.008814 55.677254 17.408237
v -7.110078 55.558514 17.389454
v -7.105391 55.667698 17.368933
v -6.966167 55.568165 17.480879
v -6.979525 55.684834 17.448868
v -6.943170 55.573490 17.554237
v -6.964551 55.693321 17.515722
v -7.103013 55.769310 17.352482
v -7.059442 55.771347 17.357262
v -7.102142 55.836243 17.357569
v -7.067329 55.837719 17.359552
v -7.102273 55.874226 17.372961
v -7.068660 55.876472 17.375294
v -7.102430 55.912148 17.417694
v -7.065791 55.911484 17.420654
v -7.020247 55.885387 17.430815
v -7.022155 55.858055 17.390663
v -7.026510 55.827885 17.375223
v -7.017445 55.780323 17.379595
v -6.999387 55.855850 17.444532
v -7.003502 55.835957 17.402992
v -6.981903 55.798851 17.469454
v -6.990391 55.788246 17.415951
v -6.956577 55.579411 17.629061
v -6.978508 55.700993 17.583691
v -6.987192 55.583778 17.676676
v -7.003849 55.705719 17.625223
v -7.057423 55.706898 17.671156
v -7.050303 55.588966 17.723736
v -6.932686 55.454346 17.656603
v -6.919902 55.367569 17.674932
v -6.969128 55.369389 17.740452
v -6.972407 55.456924 17.716526
v -6.953122 55.258717 17.761822
v -7.039582 55.258617 17.817175
v -7.045874 55.370575 17.793777
v -6.901874 55.257065 17.688120
v -7.044059 55.459137 17.767992
v -7.107058 55.704632 17.688301
v -7.113380 55.590240 17.743614
v -7.126967 55.370502 17.811829
v -7.120193 55.459717 17.787834
v -7.131054 55.258507 17.837944
v -7.178092 55.591228 17.728922
v -7.159204 55.710972 17.677845
v -7.243374 55.585075 17.681208
v -7.217176 55.710663 17.631775
v -7.241735 55.704605 17.587233
v -7.272120 55.581493 17.631844
v -7.248393 55.694126 17.516542
v -7.279572 55.573963 17.554276
v -7.297388 55.453991 17.659058
v -7.304081 55.450127 17.574478
v -7.317880 55.364304 17.674599
v -7.274798 55.366959 17.734501
v -7.264770 55.456779 17.715921
v -7.345870 55.252483 17.690826
v -7.354603 55.253601 17.593540
v -7.327662 55.357784 17.590279
v -7.302068 55.256927 17.758932
v -7.206233 55.370323 17.792017
v -7.220447 55.258003 17.815460
v -7.195199 55.459641 17.769640
v -7.370734 55.143192 17.703144
v -7.402001 55.039059 17.693518
v -7.341205 55.039478 17.781021
v -7.322603 55.147449 17.774349
v -7.244404 55.041733 17.846340
v -7.233585 55.149250 17.832865
v -7.129663 55.042442 17.877644
v -7.131083 55.150307 17.860685
v -7.027086 55.148857 17.834759
v -7.010510 55.040615 17.849674
v -6.933586 55.147598 17.774160
v -6.904542 55.036648 17.778118
v -6.881230 55.147827 17.695797
v -6.847621 55.033035 17.704969
v -6.854321 54.917526 17.782358
v -6.803964 54.915218 17.713089
v -6.984645 54.931843 17.863951
v -7.127951 54.935120 17.890322
v -7.256104 54.936321 17.856161
v -7.373942 54.937801 17.779404
v -7.439185 54.932148 17.685766
v -7.477011 54.838058 17.689829
v -7.406858 54.841602 17.783237
v -7.288856 54.843086 17.861015
v -7.119967 54.840469 17.903160
v -6.963027 54.839230 17.878933
v -6.825646 54.826904 17.792698
v -6.766025 54.822021 17.719614
v -7.066158 55.913162 17.472349
v -7.101941 55.917175 17.468798
v -7.102703 55.900085 17.511013
v -7.067771 55.897316 17.507156
v -7.026856 55.888313 17.479681
v -7.035422 55.882950 17.502632
v -7.066372 55.868446 17.543400
v -7.102439 55.868252 17.554058
v -7.062359 55.811821 17.597115
v -7.104165 55.810493 17.613626
v -7.027566 55.863396 17.519007
v -7.010942 55.862720 17.493053
v -6.995551 55.805664 17.527388
v -7.017633 55.809448 17.561646
v -7.145684 55.813942 17.599752
v -7.138385 55.866508 17.543301
v -7.136110 55.893562 17.506119
v -7.135307 55.907047 17.472958
v -7.135246 55.903648 17.423819
v -7.174151 55.875587 17.436075
v -7.171144 55.881519 17.480078
v -7.166020 55.878025 17.501802
v -7.175009 55.859066 17.520447
v -7.193356 55.850349 17.447128
v -7.187509 55.858856 17.494461
v -7.217623 55.796055 17.472300
v -7.210171 55.805462 17.530207
v -7.190073 55.810268 17.564554
v -7.199134 55.360874 17.416952
v -7.176648 55.444984 17.427052
v -7.237471 55.445286 17.461346
v -7.266171 55.357613 17.465431
v -7.272923 55.447224 17.498917
v -7.298860 55.355350 17.508373
v -7.222558 55.564747 17.439476
v -7.169498 55.561085 17.401852
v -7.159100 55.670906 17.378891
v -7.203650 55.676853 17.411217
v -7.253705 55.568638 17.481726
v -7.229223 55.684578 17.450392
v -7.143911 55.771320 17.360874
v -7.135077 55.835976 17.365738
v -7.133026 55.871078 17.381508
v -7.172042 55.850723 17.400192
v -7.170631 55.823860 17.383726
v -7.188341 55.831367 17.410408
v -7.206264 55.785423 17.421877
v -7.185658 55.779293 17.388098
v -7.321474 55.260605 17.504683
v -7.038219 55.287872 17.391226
v -7.061058 55.272179 17.377008
v -7.024532 55.252026 17.388071
v -7.012556 55.266281 17.401205
v -7.038862 55.239674 17.377480
v -7.064661 55.259087 17.371950
v -7.050588 55.286015 17.409031
v -7.066892 55.302784 17.394741
v -7.064302 55.302967 17.383938
v -7.028999 55.267178 17.423597
v -7.073624 55.256802 17.384455
v -7.096063 55.267971 17.380823
v -7.092741 55.270718 17.372225
v -7.046916 55.239044 17.389765
v -6.984574 55.238205 17.416929
v -6.995940 55.225529 17.400602
v -6.997182 55.238735 17.434980
v -6.965521 55.212204 17.427706
v -6.987285 55.220051 17.405525
v -6.971355 55.206268 17.421221
v -6.971607 55.213600 17.440340
v -6.980983 55.206352 17.434895
v -7.000780 55.214653 17.427162
v -6.976152 55.192039 17.409876
v -6.981886 55.186459 17.406721
v -6.983835 55.194012 17.421207
v -6.989454 55.185760 17.413303
v -7.008683 55.211567 17.390701
v -7.018404 55.212536 17.403978
v -7.073009 55.294838 17.382065
v -7.077386 55.294224 17.390097
v -7.072644 55.271301 17.392727
v -7.089436 55.276279 17.384737
v -7.085569 55.276936 17.374359
v -7.205495 55.297409 17.398100
v -7.235982 55.279316 17.407227
v -7.224762 55.260578 17.393383
v -7.179723 55.281635 17.386564
v -7.209502 55.246933 17.386082
v -7.178919 55.262825 17.381224
v -7.197722 55.296028 17.413115
v -7.171803 55.309872 17.400471
v -7.175185 55.310081 17.395903
v -7.225380 55.279068 17.424795
v -7.171810 55.262989 17.389717
v -7.150964 55.275059 17.382608
v -7.200567 55.247227 17.399355
v -7.271847 55.250988 17.420305
v -7.260020 55.237431 17.405649
v -7.257147 55.252083 17.439684
v -7.292894 55.227661 17.433569
v -7.270645 55.228569 17.410574
v -7.285602 55.219624 17.427671
v -7.285102 55.225903 17.446075
v -7.274964 55.220901 17.441944
v -7.254913 55.223198 17.433008
v -7.279621 55.200874 17.414701
v -7.272469 55.193184 17.409546
v -7.277768 55.200157 17.423550
v -7.268412 55.192204 17.416571
v -7.244641 55.218475 17.396276
v -7.236779 55.219326 17.409121
v -7.167297 55.280415 17.398664
v -7.163610 55.303246 17.394487
v -7.167528 55.303490 17.387802
v -7.152897 55.282822 17.389755
v -7.154750 55.283493 17.382923
v -6.840366 55.047421 17.329992
v -6.843788 55.045105 17.345741
v -6.864308 55.086990 17.347275
v -6.860737 55.089344 17.331621
v -6.895573 55.121140 17.345688
v -6.892151 55.123463 17.329941
v -6.935833 55.143925 17.340300
v -6.932412 55.146244 17.324551
v -6.980692 55.153214 17.331924
v -6.977273 55.155529 17.316174
v -7.025767 55.148087 17.321384
v -7.022347 55.150410 17.305634
v -7.066638 55.129063 17.309706
v -7.063221 55.131378 17.293957
v -7.099310 55.097988 17.298037
v -7.095890 55.100307 17.282290
v -7.120581 55.057915 17.287521
v -7.117159 55.060234 17.271770
v -7.128369 55.012760 17.279182
v -7.124949 55.015079 17.263432
v -7.121914 54.966949 17.273842
v -7.118495 54.969269 17.258091
v -7.101848 54.924961 17.272017
v -7.098427 54.927284 17.256268
v -7.070129 54.890911 17.273891
v -7.066709 54.893227 17.258142
v -7.029871 54.868126 17.279282
v -7.026449 54.870445 17.263531
v -6.985010 54.858841 17.287655
v -6.981588 54.861160 17.271906
v -6.939934 54.863964 17.298199
v -6.936513 54.866280 17.282450
v -6.899065 54.882992 17.309875
v -6.895643 54.885311 17.294127
v -6.866392 54.914062 17.321543
v -6.862970 54.916382 17.305794
v -6.845121 54.954136 17.332062
v -6.841701 54.956455 17.316311
v -6.837332 54.999287 17.340401
v -6.833911 55.001610 17.324650
v -6.979433 55.008343 17.294039
v -6.982850 55.006023 17.309790
v -7.423663 55.047421 17.329992
v -7.403291 55.089344 17.331621
v -7.399719 55.086990 17.347275
v -7.420241 55.045105 17.345741
v -7.368455 55.121143 17.345688
v -7.371876 55.123463 17.329941
v -7.328197 55.143925 17.340300
v -7.331617 55.146248 17.324551
v -7.283335 55.153214 17.331924
v -7.286757 55.155529 17.316174
v -7.238260 55.148087 17.321384
v -7.241682 55.150410 17.305634
v -7.197391 55.129063 17.309706
v -7.200809 55.131378 17.293957
v -7.164719 55.097988 17.298037
v -7.168139 55.100307 17.282290
v -7.143447 55.057915 17.287521
v -7.146868 55.060234 17.271770
v -7.135659 55.012760 17.279182
v -7.139081 55.015079 17.263432
v -7.142113 54.966949 17.273842
v -7.145535 54.969269 17.258091
v -7.162180 54.924961 17.272017
v -7.165601 54.927284 17.256268
v -7.193900 54.890911 17.273891
v -7.197320 54.893227 17.258142
v -7.234159 54.868126 17.279282
v -7.237578 54.870445 17.263531
v -7.279018 54.858841 17.287655
v -7.282439 54.861160 17.271906
v -7.324094 54.863964 17.298199
v -7.327516 54.866280 17.282450
v -7.364964 54.882992 17.309875
v -7.368385 54.885311 17.294127
v -7.397636 54.914062 17.321543
v -7.401057 54.916382 17.305794
v -7.418908 54.954136 17.332062
v -7.422328 54.956459 17.316311
v -7.426695 54.999287 17.340401
v -7.430117 55.001610 17.324650
v -7.284596 55.008343 17.294039
v -7.281179 55.006023 17.309790
v -6.835679 55.143963 17.330311
v -6.819339 55.110180 17.333845
v -6.816590 55.111519 17.340193
v -6.834327 55.146900 17.336952
v -6.838279 55.141052 17.327694
v -6.867476 55.165653 17.317396
v -6.866427 55.168877 17.319370
v -6.867071 55.171497 17.325460
v -6.822844 55.108765 17.330961
v -6.808207 55.044178 17.330132
v -6.806407 55.043694 17.336325
v -6.904884 55.112724 17.294903
v -6.889169 55.097706 17.298864
v -6.811291 55.044247 17.327543
v -6.807143 54.982780 17.321310
v -6.805941 54.981609 17.327374
v -6.809722 54.926662 17.314980
v -6.812076 54.929081 17.308235
v -6.821387 54.888580 17.296104
v -6.815289 54.930435 17.305733
v -6.824664 54.891258 17.293684
v -6.842526 54.860794 17.278896
v -6.840375 54.856873 17.280632
v -6.819483 54.884476 17.302967
v -6.840756 54.852215 17.287149
v -6.860292 54.873402 17.366810
v -6.879464 54.843906 17.352224
v -6.809855 54.983349 17.318724
v -6.854063 54.991692 17.296104
v -6.863695 54.952736 17.284225
v -6.849611 54.914806 17.378231
v -6.844955 54.970955 17.388636
v -6.845463 55.034592 17.398554
v -6.857732 55.038326 17.302925
v -6.875982 55.080132 17.301748
v -6.855852 55.101589 17.404856
v -6.871707 55.135635 17.402651
v -7.075140 54.839706 17.221466
v -7.059224 54.839607 17.222319
v -7.057950 54.842228 17.213697
v -7.073969 54.842693 17.211943
v -7.073480 54.845642 17.209024
v -7.057455 54.845028 17.210907
v -6.994734 54.840141 17.225218
v -6.994107 54.842258 17.222410
v -7.069932 54.935104 17.224533
v -7.087764 54.923428 17.219124
v -7.104951 54.978497 17.228464
v -7.094955 54.981152 17.230856
v -7.107482 55.040367 17.239735
v -7.098046 55.038109 17.241156
v -7.078788 55.084309 17.250366
v -7.093179 55.094296 17.248699
v -7.039591 54.908775 17.223560
v -6.990711 54.888054 17.228575
v -7.067880 55.146515 17.258030
v -7.047647 55.115482 17.258856
v -7.023880 55.184372 17.272779
v -7.071345 55.183140 17.264280
v -7.071774 55.186325 17.266203
v -7.025084 55.185707 17.279741
v -7.072910 55.187023 17.273823
v -7.038946 55.171741 17.350803
v -6.989009 55.171066 17.360353
v -6.969737 55.183575 17.291582
v -7.082110 55.170563 17.346445
v -7.132014 55.146515 17.258030
v -7.132014 55.183140 17.264280
v -6.938170 55.167313 17.376162
v -6.911983 55.180534 17.308836
v -6.968308 55.182148 17.285473
v -7.013999 55.131775 17.266792
v -6.910316 55.178265 17.302219
v -6.928741 55.127575 17.288311
v -6.970415 55.137505 17.277277
v -6.899665 55.159279 17.392815
v -7.132014 55.186325 17.266203
v -7.132014 55.187023 17.273823
v -7.132014 55.170567 17.346426
v -7.192255 55.186325 17.266203
v -7.192683 55.183140 17.264280
v -7.240149 55.184372 17.272779
v -7.238945 55.185707 17.279741
v -7.191118 55.187023 17.273823
v -7.225082 55.171745 17.350803
v -7.275020 55.171066 17.360353
v -7.294292 55.183575 17.291582
v -7.181919 55.170563 17.346445
v -7.196148 55.146515 17.258030
v -7.325858 55.167313 17.376162
v -7.352046 55.180534 17.308836
v -7.295721 55.182148 17.285473
v -7.216383 55.115482 17.258856
v -7.185239 55.084309 17.250366
v -7.170849 55.094296 17.248699
v -7.156546 55.040367 17.239735
v -7.165982 55.038109 17.241156
v -7.169074 54.981152 17.230856
v -7.159076 54.978497 17.228464
v -7.194098 54.935104 17.224533
v -7.176263 54.923428 17.219124
v -7.190548 54.845642 17.209024
v -7.206574 54.845028 17.210907
v -7.206079 54.842228 17.213697
v -7.269294 54.840141 17.225218
v -7.269921 54.842258 17.222410
v -7.190060 54.842693 17.211943
v -7.188889 54.839706 17.221466
v -7.204804 54.839607 17.222319
v -7.224436 54.908775 17.223560
v -7.273316 54.888054 17.228575
v -7.335247 54.838379 17.241589
v -7.333186 54.835609 17.248436
v -7.388412 54.840199 17.261486
v -7.386852 54.836155 17.267956
v -7.308775 54.829193 17.316811
v -7.354690 54.829781 17.335367
v -7.423272 54.852215 17.287149
v -7.384564 54.843906 17.352224
v -7.423653 54.856873 17.280632
v -7.421503 54.860794 17.278896
v -7.442641 54.888580 17.296104
v -7.439364 54.891258 17.293684
v -7.444545 54.884476 17.302967
v -7.403736 54.873402 17.366810
v -7.448740 54.930435 17.305733
v -7.451953 54.929081 17.308235
v -7.454306 54.926662 17.314980
v -7.454175 54.983349 17.318724
v -7.409966 54.991692 17.296104
v -7.400334 54.952736 17.284225
v -7.456884 54.982780 17.321310
v -7.458087 54.981609 17.327374
v -7.457621 55.043694 17.336325
v -7.455822 55.044178 17.330132
v -7.447438 55.111519 17.340193
v -7.444689 55.110184 17.333845
v -7.428350 55.143963 17.330311
v -7.429700 55.146900 17.336952
v -7.425748 55.141052 17.327694
v -7.396553 55.165653 17.317396
v -7.397602 55.168877 17.319370
v -7.396958 55.171497 17.325460
v -7.441185 55.108765 17.330961
v -7.359143 55.112724 17.294903
v -7.374858 55.097706 17.298864
v -7.452737 55.044250 17.327543
v -7.419074 54.970955 17.388636
v -7.414417 54.914806 17.378231
v -7.406295 55.038326 17.302925
v -7.388046 55.080132 17.301748
v -7.418564 55.034592 17.398554
v -7.408177 55.101589 17.404856
v -7.392322 55.135635 17.402651
v -6.939999 55.164177 17.378334
v -6.902177 55.156487 17.394543
v -6.930354 55.106178 17.378504
v -6.953976 55.120049 17.371931
v -6.989956 55.167809 17.362894
v -6.992773 55.130272 17.361528
v -7.039176 55.168449 17.353367
v -7.034843 55.127453 17.351566
v -7.082457 55.167255 17.348789
v -7.069719 55.112072 17.343687
v -6.914082 55.091679 17.382696
v -6.874858 55.133324 17.404072
v -6.859455 55.099854 17.406139
v -6.900487 55.073837 17.385765
v -6.882009 55.028088 17.386887
v -6.849486 55.033802 17.399876
v -6.879953 54.976784 17.379004
v -6.849020 54.971031 17.390036
v -6.892081 54.936218 17.366020
v -6.853426 54.915623 17.379728
v -6.907228 54.913715 17.355320
v -6.863801 54.874809 17.368519
v -6.921489 54.899910 17.346653
v -6.882497 54.845844 17.354290
v -6.911695 54.832077 17.337889
v -6.937881 54.889244 17.338327
v -6.956657 54.831642 17.319946
v -6.966578 54.878906 17.325891
v -7.011255 54.878414 17.313553
v -7.012615 54.835262 17.304316
v -7.067285 54.902401 17.308056
v -7.069167 54.840916 17.296513
v -7.084380 54.843216 17.295506
v -7.132014 54.916981 17.306664
v -7.096305 54.929031 17.309261
v -7.118887 54.971508 17.314804
v -7.132014 54.969036 17.314657
v -7.123396 55.027710 17.323984
v -7.132014 55.028728 17.324554
v -7.132014 55.079853 17.333639
v -7.102894 55.079830 17.334045
v -7.132014 55.167206 17.348669
v -7.132014 54.843483 17.295467
v -7.140632 55.027710 17.323984
v -7.145141 54.971508 17.314804
v -7.161134 55.079830 17.334045
v -7.181572 55.167255 17.348789
v -7.167724 54.929031 17.309261
v -7.194308 55.112072 17.343687
v -7.229186 55.127453 17.351566
v -7.224853 55.168449 17.353367
v -7.271256 55.130272 17.361528
v -7.274071 55.167809 17.362894
v -7.310052 55.120049 17.371931
v -7.324030 55.164177 17.378334
v -7.333674 55.106178 17.378504
v -7.361851 55.156490 17.394543
v -7.349947 55.091679 17.382696
v -7.389169 55.133324 17.404072
v -7.404574 55.099854 17.406139
v -7.363541 55.073837 17.385765
v -7.382020 55.028088 17.386887
v -7.414543 55.033802 17.399876
v -7.384076 54.976784 17.379004
v -7.415009 54.971031 17.390036
v -7.371947 54.936218 17.366020
v -7.410604 54.915623 17.379728
v -7.356802 54.913715 17.355320
v -7.400229 54.874809 17.368519
v -7.342539 54.899910 17.346653
v -7.381531 54.845844 17.354290
v -7.352334 54.832077 17.337889
v -7.326149 54.889244 17.338327
v -7.307372 54.831642 17.319946
v -7.297451 54.878906 17.325891
v -7.252772 54.878414 17.313553
v -7.251412 54.835262 17.304316
v -7.196744 54.902401 17.308056
v -7.194862 54.840916 17.296513
v -7.179649 54.843216 17.295506
v -6.909339 54.829781 17.335367
v -6.877175 54.836155 17.267956
v -6.955253 54.829193 17.316811
v -6.930842 54.835609 17.248436
v -6.875618 54.840199 17.261486
v -6.876037 54.843910 17.260056
v -6.928782 54.838379 17.241589
v -6.928209 54.841164 17.239716
v -6.996345 54.837902 17.232754
v -7.012078 54.832745 17.301025
v -6.891292 54.913502 17.265234
v -6.877346 54.929024 17.273842
v -6.907874 54.901123 17.256414
v -6.939362 54.888390 17.242859
v -7.069385 54.838314 17.293179
v -7.083668 54.840691 17.292282
v -7.132014 54.839706 17.221466
v -7.132014 54.842693 17.211943
v -7.132014 54.845642 17.209024
v -7.132014 54.923428 17.219124
v -7.132014 54.978497 17.228464
v -7.132014 55.040367 17.239735
v -7.132014 55.094296 17.248699
v -7.132014 54.840691 17.292263
v -7.194644 54.838314 17.293179
v -7.180359 54.840691 17.292282
v -7.251950 54.832745 17.301025
v -7.267684 54.837902 17.232754
v -7.364364 55.159279 17.392815
v -7.387991 54.843910 17.260056
v -7.335819 54.841164 17.239716
v -7.372737 54.913502 17.265234
v -7.386683 54.929024 17.273842
v -7.356154 54.901123 17.256414
v -7.324667 54.888390 17.242859
v -7.250031 55.131775 17.266792
v -7.293614 55.137505 17.277277
v -7.335289 55.127575 17.288311
v -7.353714 55.178265 17.302219
v -7.444778 54.913177 17.609774
v -7.436321 54.908070 17.659765
v -7.427662 54.990719 17.668734
v -7.437407 54.996452 17.619432
v -7.446476 54.918404 17.557566
v -7.440770 55.002186 17.568132
v -7.411130 54.984722 17.714813
v -7.420682 54.902794 17.706337
v -7.388673 54.978989 17.757643
v -7.398388 54.897614 17.750282
v -7.368526 54.893135 17.791851
v -7.359553 54.974026 17.797810
v -7.331028 54.889767 17.829912
v -7.323647 54.970234 17.834366
v -7.280954 54.966476 17.862795
v -7.285778 54.886955 17.861963
v -7.232521 54.962830 17.881725
v -7.235240 54.883999 17.885317
v -7.180655 54.961288 17.892141
v -7.181287 54.882832 17.899189
v -7.126423 54.961834 17.895262
v -7.125234 54.883278 17.903658
v -7.086046 54.962639 17.891375
v -7.083423 54.884254 17.898661
v -7.034874 54.965366 17.880360
v -7.030039 54.886757 17.884401
v -6.986900 54.970322 17.861794
v -6.979243 54.891266 17.861643
v -6.942808 54.975666 17.833864
v -6.931617 54.895645 17.829908
v -6.905343 54.980713 17.797594
v -6.891710 54.900162 17.791851
v -6.875493 54.986515 17.757153
v -6.860857 54.905460 17.749931
v -6.853641 54.992870 17.714151
v -6.839175 54.911293 17.705780
v -6.838686 54.999172 17.668024
v -6.825607 54.916874 17.659138
v -6.830910 55.005020 17.618702
v -6.819860 54.921928 17.609207
v -6.828763 55.010750 17.567396
v -6.820488 54.927025 17.556967
v -6.831356 55.016560 17.515560
v -6.825287 54.932480 17.504309
v -6.838901 55.022217 17.464632
v -6.833858 54.938034 17.453108
v -6.851399 55.027126 17.416010
v -6.847303 54.942986 17.404379
v -6.860017 54.945908 17.371742
v -6.863207 55.030125 17.383442
v -7.419563 54.935970 17.405504
v -7.433730 54.929688 17.453720
v -7.430759 55.013855 17.465336
v -7.418434 55.019154 17.416683
v -7.407799 54.938282 17.372334
v -7.406807 55.022507 17.384071
v -7.438241 55.008011 17.516273
v -7.442108 54.923946 17.504887
v -7.443598 54.989899 17.674318
v -7.453650 54.995911 17.622446
v -7.457124 55.001984 17.568516
v -7.426327 54.983589 17.722712
v -7.402660 54.977463 17.767399
v -7.372046 54.972092 17.809189
v -7.334129 54.968040 17.847534
v -7.288949 54.964134 17.877645
v -7.238177 54.960350 17.897963
v -7.183781 54.958733 17.909111
v -7.126020 54.959229 17.912424
v -7.082778 54.960121 17.908354
v -7.029119 54.963001 17.896641
v -6.978868 54.968185 17.876701
v -6.932334 54.973732 17.847092
v -6.892756 54.979069 17.808952
v -6.861355 54.985325 17.766865
v -6.838303 54.992100 17.722027
v -6.822680 54.998730 17.673588
v -6.814690 55.004868 17.621714
v -6.812430 55.010948 17.567780
v -6.815156 55.017151 17.513243
v -6.822658 55.023174 17.459812
v -6.835979 55.028320 17.408752
v -6.848622 55.031479 17.374567
v -6.809819 54.916794 17.664709
v -6.824213 54.910889 17.713566
v -6.804446 54.927605 17.557320
v -6.803889 54.922169 17.612167
v -6.817769 54.939415 17.448347
v -6.809281 54.933472 17.501995
v -6.845646 54.947773 17.362923
v -6.832095 54.944599 17.397184
v -6.846940 54.904636 17.759457
v -6.879399 54.898857 17.802984
v -6.921425 54.893963 17.842821
v -6.971509 54.889313 17.876253
v -7.024407 54.884502 17.900660
v -7.080321 54.881710 17.915886
v -7.124834 54.880627 17.921165
v -7.184248 54.880238 17.916382
v -7.240782 54.881599 17.901503
v -7.293553 54.884781 17.876507
v -7.341281 54.887829 17.842794
v -7.380807 54.891533 17.803019
v -7.412210 54.896439 17.759863
v -7.435576 54.902000 17.714174
v -7.452063 54.907585 17.665361
v -7.460812 54.913029 17.612743
v -7.462586 54.918587 17.557915
v -7.454455 55.008194 17.513947
v -7.447061 55.014412 17.460516
v -7.433921 55.019962 17.409435
v -7.421461 55.023483 17.375208
v -7.449890 54.930653 17.448961
v -7.435666 54.936237 17.397810
v -7.422219 54.939758 17.363527
v -7.458142 54.924530 17.502573
v -7.420825 54.934544 17.404730
vn -0.2110 0.5899 0.7794
vn -0.2110 -0.5899 0.7794
vn 0.9652 -0.0000 0.2613
vn 0.7954 -0.5666 0.2154
vn 0.7954 0.5666 0.2153
vn 0.2109 -0.5899 0.7794
vn -0.9653 -0.0000 0.2613
vn -0.7954 -0.5666 0.2153
vn 0.2109 0.5899 0.7794
vn -0.7954 0.5666 0.2153
vn 0.4859 0.0004 -0.8740
vn 0.5664 -0.0033 -0.8241
vn 0.7802 -0.5894 -0.2092
vn 0.3472 -0.6981 -0.6261
vn 0.0210 -0.6105 0.7918
vn -0.3383 -0.7165 0.6101
vn 0.3483 0.6977 -0.6260
vn 0.4068 0.6956 -0.5922
vn -0.3394 0.7166 0.6094
vn -0.3935 0.7189 0.5730
vn 0.0456 -0.9975 -0.0543
vn -0.0780 -0.9925 0.0936
vn 0.4645 0.6961 -0.5475
vn 0.6473 0.0002 -0.7623
vn 0.7243 -0.0000 -0.6895
vn 0.5210 0.6946 -0.4960
vn -0.4499 0.7185 0.5304
vn -0.5026 0.7201 0.4784
vn 0.5211 -0.6946 -0.4960
vn 0.4652 -0.6963 -0.5466
vn -0.5026 -0.7201 0.4785
vn -0.4503 -0.7187 0.5298
vn 0.5614 0.6990 -0.4429
vn 0.7850 -0.0000 -0.6194
vn -0.5486 0.7153 0.4329
vn 0.5614 -0.6991 -0.4429
vn -0.5485 -0.7154 0.4329
vn -0.0077 -0.5991 -0.8006
vn -0.7751 -0.6002 0.1972
vn -0.5661 -0.0022 0.8243
vn -0.2809 -0.7185 0.6362
vn -0.2808 0.7185 0.6363
vn -0.2216 0.7168 0.6612
vn -0.2224 -0.7163 0.6614
vn -0.2260 -0.0024 0.9741
vn -0.6252 -0.6046 0.4935
vn -0.1569 0.7193 0.6767
vn -0.0283 -0.9924 0.1201
vn 0.3421 -0.6049 0.7190
vn -0.0938 0.7161 0.6917
vn -0.0918 -0.7156 0.6925
vn -0.0018 -0.7285 0.6850
vn -0.0018 0.7285 0.6850
vn 0.0916 -0.7162 0.6919
vn 0.0919 0.7168 0.6912
vn 0.2259 -0.0021 0.9741
vn 0.1569 0.7193 0.6768
vn 0.2217 0.7168 0.6611
vn 0.2226 -0.7169 0.6607
vn 0.2810 0.7185 0.6362
vn 0.2809 -0.7185 0.6363
vn 0.3382 -0.7165 0.6102
vn 0.3391 0.7167 0.6093
vn 0.5661 -0.0022 0.8243
vn -0.0202 -0.6103 0.7919
vn 0.3935 0.7190 0.5729
vn 0.0780 -0.9925 0.0937
vn 0.4499 0.7185 0.5304
vn 0.7760 -0.5991 0.1975
vn 0.4510 -0.7183 0.5298
vn 0.5026 -0.7201 0.4784
vn 0.5026 0.7201 0.4784
vn 0.5485 0.7153 0.4329
vn 0.5486 -0.7153 0.4329
vn -0.5658 -0.0033 -0.8245
vn -0.4862 -0.0000 -0.8738
vn -0.3472 -0.6979 -0.6264
vn -0.7801 -0.5895 -0.2095
vn -0.4067 0.6956 -0.5922
vn -0.3483 0.6977 -0.6260
vn -0.0456 -0.9975 -0.0543
vn -0.2900 0.6961 -0.6568
vn -0.2899 -0.6961 -0.6568
vn -0.4038 -0.0000 -0.9148
vn -0.2277 0.6977 -0.6792
vn -0.1624 0.6953 -0.7001
vn -0.2259 -0.0034 -0.9741
vn -0.3183 0.0004 -0.9480
vn 0.3341 -0.5940 -0.7318
vn -0.2287 -0.6981 -0.6785
vn 0.6259 -0.6045 0.4928
vn 0.0283 -0.9923 0.1202
vn -0.0165 -0.9974 -0.0700
vn -0.3421 -0.6053 0.7187
vn -0.6240 -0.5938 -0.5079
vn -0.0945 0.6977 -0.7101
vn 0.0019 0.6869 -0.7268
vn 0.0963 0.6983 -0.7093
vn 0.1341 0.0002 -0.9910
vn 0.0026 -0.0000 -1.0000
vn 0.0951 -0.6985 -0.7093
vn 0.0019 -0.6869 -0.7268
vn -0.1315 0.0004 -0.9913
vn -0.0927 -0.6982 -0.7098
vn 0.1624 0.6953 -0.7001
vn 0.2259 -0.0035 -0.9741
vn 0.3179 -0.0000 -0.9481
vn 0.2278 0.6977 -0.6792
vn 0.2284 -0.6980 -0.6787
vn -0.3331 -0.5940 -0.7322
vn 0.0165 -0.9974 -0.0700
vn 0.2900 0.6961 -0.6568
vn 0.4038 -0.0000 -0.9148
vn 0.2900 -0.6960 -0.6568
vn 0.6241 -0.5937 -0.5080
vn -0.5211 0.6946 -0.4960
vn -0.4645 0.6961 -0.5475
vn -0.6472 0.0004 -0.7623
vn -0.7243 -0.0000 -0.6895
vn -0.4651 -0.6965 -0.5464
vn -0.5211 -0.6946 -0.4960
vn 0.0074 -0.5994 -0.8004
vn -0.5613 0.6991 -0.4430
vn -0.7850 -0.0000 -0.6195
vn -0.5613 -0.6991 -0.4429
vn 0.9653 -0.0000 0.2612
vn 0.7954 -0.5665 0.2153
vn 0.2110 0.5899 0.7794
vn 0.4859 -0.0004 -0.8740
vn 0.3473 0.6981 -0.6261
vn 0.7803 0.5893 -0.2093
vn 0.5664 0.0033 -0.8241
vn 0.0211 0.6105 0.7918
vn -0.3378 0.7166 0.6103
vn 0.3483 -0.6977 -0.6260
vn 0.4068 -0.6956 -0.5922
vn -0.3391 -0.7167 0.6093
vn -0.3935 -0.7189 0.5730
vn 0.0456 0.9975 -0.0544
vn -0.0779 0.9925 0.0938
vn 0.4645 -0.6961 -0.5475
vn 0.6474 -0.0003 -0.7622
vn -0.4499 -0.7185 0.5304
vn -0.5026 -0.7201 0.4784
vn 0.5211 0.6946 -0.4960
vn 0.4652 0.6963 -0.5466
vn -0.5026 0.7201 0.4785
vn -0.4515 0.7183 0.5293
vn 0.5613 -0.6991 -0.4430
vn 0.7850 -0.0000 -0.6195
vn -0.5486 -0.7153 0.4328
vn 0.5613 0.6991 -0.4430
vn -0.5486 0.7154 0.4329
vn -0.0076 0.5991 -0.8006
vn -0.7758 0.5996 0.1964
vn -0.5662 0.0022 0.8243
vn -0.2809 0.7185 0.6362
vn -0.2808 -0.7185 0.6363
vn -0.2220 -0.7169 0.6609
vn -0.2225 0.7167 0.6609
vn -0.2261 0.0024 0.9741
vn -0.6253 0.6048 0.4932
vn -0.1569 -0.7193 0.6767
vn -0.0284 0.9923 0.1202
vn 0.3415 0.6047 0.7195
vn -0.0938 -0.7161 0.6916
vn -0.0924 0.7154 0.6926
vn 0.0904 0.7168 0.6914
vn 0.0919 -0.7168 0.6912
vn 0.2259 0.0021 0.9741
vn 0.1569 -0.7193 0.6768
vn 0.2217 -0.7168 0.6611
vn 0.2232 0.7161 0.6614
vn 0.2809 -0.7185 0.6362
vn 0.2808 0.7185 0.6363
vn 0.3379 0.7168 0.6099
vn 0.3391 -0.7167 0.6093
vn 0.5661 0.0022 0.8243
vn -0.0205 0.6111 0.7913
vn 0.3935 -0.7190 0.5730
vn 0.0779 0.9925 0.0937
vn 0.4499 -0.7185 0.5304
vn 0.7760 0.5991 0.1973
vn 0.4514 0.7180 0.5299
vn 0.5486 0.7153 0.4329
vn -0.5659 0.0033 -0.8245
vn -0.7801 0.5895 -0.2096
vn -0.3473 0.6979 -0.6263
vn -0.4067 -0.6956 -0.5922
vn -0.3483 -0.6978 -0.6260
vn -0.0456 0.9975 -0.0543
vn -0.2900 -0.6960 -0.6568
vn -0.2899 0.6961 -0.6568
vn -0.4039 -0.0000 -0.9148
vn -0.2277 -0.6977 -0.6792
vn -0.1623 -0.6953 -0.7001
vn -0.2259 0.0033 -0.9741
vn -0.3183 -0.0004 -0.9480
vn 0.3335 0.5944 -0.7317
vn -0.2287 0.6981 -0.6785
vn 0.6255 0.6050 0.4926
vn 0.0283 0.9924 0.1202
vn -0.0165 0.9974 -0.0700
vn -0.3422 0.6048 0.7191
vn -0.6237 0.5941 -0.5080
vn -0.0945 -0.6977 -0.7101
vn 0.0963 -0.6983 -0.7093
vn 0.1345 -0.0000 -0.9909
vn 0.0951 0.6985 -0.7092
vn 0.0020 0.6869 -0.7268
vn -0.1315 -0.0004 -0.9913
vn -0.0927 0.6982 -0.7098
vn 0.1624 -0.6953 -0.7001
vn 0.2259 0.0035 -0.9741
vn 0.2278 -0.6977 -0.6792
vn 0.2287 0.6979 -0.6787
vn -0.3341 0.5941 -0.7317
vn 0.0165 0.9974 -0.0700
vn 0.2900 -0.6961 -0.6568
vn 0.4039 -0.0000 -0.9148
vn 0.2900 0.6960 -0.6568
vn 0.6241 0.5937 -0.5080
vn -0.6472 -0.0004 -0.7623
vn -0.4645 -0.6961 -0.5475
vn -0.4650 0.6964 -0.5466
vn -0.5210 0.6946 -0.4960
vn 0.0078 0.5991 -0.8006
vn -0.5613 -0.6991 -0.4430
vn -0.9410 0.2805 -0.1891
vn -0.7134 0.6854 -0.1457
vn -0.4166 0.9041 -0.0948
vn -0.3614 0.8129 -0.4567
vn 0.1047 0.8879 -0.4479
vn 0.2672 0.9624 -0.0482
vn -0.2625 0.3364 -0.9044
vn 0.0088 0.4507 -0.8926
vn -0.0100 0.9156 -0.4020
vn -0.0063 1.0000 -0.0048
vn 0.0376 -0.7387 -0.6730
vn -0.3091 -0.6911 -0.6534
vn -0.6574 -0.6743 -0.3364
vn -0.7977 -0.5891 -0.1287
vn 0.0245 -0.9978 -0.0623
vn -0.1389 -0.9889 -0.0535
vn 0.2255 0.9422 0.2477
vn -0.3453 0.8896 0.2990
vn -0.4968 0.8162 0.2951
vn 0.0168 0.9815 0.1909
vn -0.9304 -0.0871 -0.3560
vn 0.0357 0.8847 0.4648
vn 0.2521 0.7864 -0.5640
vn 0.2008 0.8732 0.4441
vn -0.2184 0.9395 0.2639
vn -0.2604 0.9642 -0.0500
vn -0.1159 0.8915 -0.4379
vn 0.4182 0.9034 -0.0948
vn 0.3637 0.8150 -0.4511
vn 0.5523 0.6432 -0.5304
vn 0.7924 0.3013 -0.5304
vn 0.2258 0.3885 -0.8934
vn 0.4138 -0.6284 -0.6587
vn 0.7278 -0.5880 -0.3530
vn 0.8511 -0.5070 -0.1361
vn 0.2015 -0.9772 -0.0664
vn 0.7575 0.5044 -0.4144
vn 0.2587 0.9393 0.2254
vn 0.6415 0.7642 -0.0664
vn -0.2788 0.6593 -0.6983
vn -0.7003 0.6907 0.1802
vn -0.5580 -0.2963 -0.7751
vn -0.5947 -0.2479 -0.7648
vn -0.2824 -0.6328 -0.7210
vn -0.3746 -0.4773 0.7949
vn -0.3003 -0.6731 0.6758
vn -0.5885 -0.6126 0.5276
vn -0.6684 -0.3928 0.6316
vn -0.0142 -0.5001 0.8658
vn 0.0691 -0.6648 0.7439
vn -0.8625 -0.3691 0.3461
vn -0.8850 -0.2670 0.3815
vn -0.9521 -0.2418 0.1873
vn -0.9453 -0.2195 0.2413
vn 0.3520 -0.4707 0.8090
vn 0.3783 -0.5965 0.7079
vn 0.6589 -0.4130 0.6287
vn 0.6683 -0.5048 0.5464
vn 0.9109 -0.3125 0.2694
vn 0.9132 -0.3320 0.2362
vn 0.9919 -0.1231 0.0314
vn 0.9754 -0.2105 0.0656
vn -0.4587 -0.6840 -0.5672
vn -0.2453 -0.8503 0.4657
vn 0.0203 -0.9095 0.4153
vn -0.0157 -0.9283 0.3715
vn 0.1917 -0.9376 0.2900
vn 0.6194 -0.7804 0.0856
vn 0.8750 -0.4770 0.0822
vn 0.8919 -0.3611 -0.2724
vn 0.3464 -0.8992 0.2673
vn 0.9791 -0.1710 -0.1104
vn 0.8906 -0.4080 0.2009
vn 0.8348 -0.5422 0.0957
vn 0.9211 -0.3393 -0.1909
vn 0.6926 -0.7199 -0.0456
vn 0.7975 -0.5448 -0.2593
vn 0.5088 -0.8004 -0.3170
vn 0.3856 -0.9129 -0.1337
vn 0.2928 -0.9469 0.1326
vn 0.5068 -0.8230 0.2565
vn 0.5892 -0.6739 0.4458
vn 0.2083 -0.8730 0.4411
vn 0.2502 -0.7389 0.6256
vn 0.0213 -0.9770 0.2122
vn -0.0211 -0.8826 0.4697
vn -0.2223 -0.8665 0.4470
vn -0.2932 -0.7398 0.6056
vn -0.0423 -0.7526 0.6572
vn -0.2316 -0.9532 0.1943
vn -0.4437 -0.8396 0.3132
vn -0.5482 -0.6938 0.4670
vn -0.7665 -0.6040 0.2184
vn -0.6011 -0.7950 0.0814
vn -0.2527 -0.9661 -0.0532
vn -0.2638 -0.9495 -0.1697
vn -0.5337 -0.8143 -0.2283
vn -0.7330 -0.6566 -0.1777
vn 0.0249 -0.9640 -0.2648
vn 0.0692 -0.9933 -0.0929
vn -0.8452 -0.4375 0.3071
vn -0.6244 -0.5358 0.5683
vn -0.3504 -0.5915 0.7262
vn -0.0459 -0.6069 0.7934
vn -0.9057 -0.3962 0.1505
vn 0.2949 -0.5837 0.7566
vn 0.6387 -0.5199 0.5673
vn -0.6505 0.0168 -0.7593
vn -0.9179 -0.0959 -0.3850
vn -0.9232 0.2694 -0.2740
vn -0.6232 0.5269 -0.5779
vn -0.2792 0.0933 -0.9557
vn -0.3019 0.5350 -0.7891
vn 0.1122 0.1113 -0.9874
vn 0.0547 0.5006 -0.8640
vn 0.4570 0.0837 -0.8855
vn 0.4263 0.4087 -0.8070
vn 0.7493 0.0095 -0.6622
vn 0.7430 0.2510 -0.6205
vn 0.9209 -0.0919 -0.3787
vn 0.9303 0.0489 -0.3635
vn -0.6016 0.7986 -0.0175
vn -0.1400 0.9468 -0.2899
vn -0.7976 0.5971 0.0856
vn -0.9044 0.1760 0.3887
vn 0.0795 0.8433 -0.5316
vn 0.6808 0.5959 -0.4260
vn 0.8745 0.2927 -0.3867
vn 0.8878 -0.2179 -0.4053
vn 0.8250 -0.3621 -0.4339
vn 0.6646 -0.2949 -0.6865
vn 0.5891 -0.4860 -0.6455
vn 0.3405 -0.4449 -0.8283
vn 0.3866 -0.6641 -0.6399
vn 0.1154 -0.6747 -0.7290
vn 0.0951 -0.4455 -0.8902
vn -0.1415 -0.4553 -0.8790
vn -0.1715 -0.6871 -0.7060
vn -0.4114 -0.5218 -0.7473
vn -0.5972 -0.6265 -0.5008
vn -0.2325 -0.8344 -0.4997
vn -0.7706 -0.4084 -0.4892
vn -0.5207 -0.3349 -0.7853
vn -0.2089 -0.2839 -0.9358
vn 0.0914 -0.2502 -0.9639
vn 0.3879 -0.2492 -0.8874
vn 0.1255 -0.8521 -0.5081
vn 0.4395 -0.7681 -0.4657
vn 0.7112 -0.5496 -0.4383
vn 0.4254 -0.0784 -0.9016
vn 0.0936 -0.0619 -0.9937
vn -0.2623 -0.0900 -0.9608
vn -0.6116 -0.1480 -0.7772
vn -0.8651 -0.2351 -0.4430
vn 0.7157 -0.1369 -0.6849
vn -0.1498 -0.9788 0.1399
vn -0.1250 -0.9834 0.1318
vn 0.0455 -0.9975 0.0542
vn -0.1310 -0.9914 0.0056
vn -0.0014 -0.9920 -0.1263
vn 0.2872 -0.9573 -0.0319
vn 0.5788 -0.8142 -0.0448
vn 0.8371 -0.5463 -0.0280
vn 0.9250 -0.2910 -0.2444
vn 0.8713 -0.0505 -0.4881
vn 0.7144 0.2005 -0.6704
vn 0.3881 0.3827 -0.8384
vn 0.0228 0.3314 -0.9432
vn -0.3819 0.3063 -0.8720
vn -0.2956 0.4422 -0.8468
vn 0.2905 -0.9277 -0.2344
vn 0.2843 -0.7439 -0.6048
vn 0.4135 -0.5181 -0.7487
vn 0.1612 -0.9114 -0.3787
vn 0.5625 -0.2069 -0.8005
vn 0.7060 -0.0922 -0.7021
vn 0.8409 -0.1619 -0.5163
vn 0.8961 -0.3381 -0.2876
vn 0.8191 -0.5683 -0.0776
vn 0.5876 -0.8084 0.0341
vn 0.3105 -0.9440 0.1117
vn 0.0018 -0.9773 0.2119
vn -0.1342 -0.9411 0.3105
vn -0.0923 -0.9718 0.2172
vn -0.0634 -0.9967 0.0508
vn 0.0508 -0.9945 -0.0916
vn 0.8154 -0.5685 -0.1088
vn 0.5820 -0.8054 0.1124
vn 0.2925 -0.9200 0.2608
vn -0.0258 -0.9235 0.3828
vn 0.0113 -0.9919 0.1265
vn 0.0537 -0.9971 -0.0534
vn -0.0243 -0.9391 0.3427
vn -0.0906 -0.8762 0.4734
vn -0.1199 -0.8518 0.5099
vn -0.1573 -0.7791 0.6068
vn 0.0337 -0.7563 0.6533
vn -0.0686 -0.6769 0.7328
vn 0.0754 -0.5256 0.8474
vn 0.0034 -0.4434 0.8963
vn 0.1028 -0.3492 0.9314
vn 0.0270 -0.2803 0.9595
vn -0.1261 -0.4199 0.8988
vn -0.1053 -0.2582 0.9603
vn 0.3099 -0.4337 0.8461
vn 0.3027 -0.5962 0.7436
vn 0.6181 -0.3964 0.6788
vn 0.6175 -0.5309 0.5804
vn 0.8781 -0.2482 0.4091
vn 0.8870 -0.3263 0.3268
vn 0.9850 -0.0792 0.1533
vn 0.9905 -0.1361 0.0220
vn 0.9975 0.0255 -0.0655
vn 0.9585 -0.1044 -0.2652
vn 0.9367 -0.0570 -0.3455
vn 0.8728 -0.1920 -0.4488
vn 0.8407 -0.2943 -0.4545
vn 0.7415 -0.5009 -0.4464
vn 0.7230 -0.4325 -0.5387
vn 0.6418 -0.6134 -0.4602
vn 0.5200 -0.5340 -0.6667
vn 0.4980 -0.6193 -0.6070
vn 0.3266 -0.5351 -0.7791
vn 0.3188 -0.6491 -0.6906
vn 0.1715 -0.6545 -0.7364
vn 0.1695 -0.5138 -0.8410
vn 0.0427 -0.6352 -0.7712
vn -0.0069 -0.4884 -0.8726
vn 0.6231 -0.5656 -0.5402
vn 0.5069 -0.6025 -0.6164
vn 0.3307 -0.6284 -0.7040
vn 0.8283 -0.1375 -0.5431
vn 0.7166 -0.4186 -0.5579
vn 0.9113 -0.1334 -0.3895
vn 0.9520 -0.2442 -0.1848
vn 0.8868 -0.4466 0.1188
vn 0.6328 -0.6621 0.4014
vn 0.3126 -0.7717 0.5539
vn 0.7623 -0.0900 -0.6409
vn 0.6640 -0.2760 -0.6949
vn 0.5744 -0.5513 -0.6051
vn 0.8748 -0.1488 -0.4611
vn 0.9023 -0.3221 -0.2864
vn 0.5000 -0.7190 -0.4827
vn 0.3608 -0.7408 -0.5666
vn 0.1925 -0.7526 -0.6297
vn 0.2103 -0.8690 -0.4479
vn 0.3803 -0.7962 -0.4706
vn 0.4203 -0.7575 -0.4995
vn 0.1103 -0.9537 -0.2797
vn 0.0285 -0.9752 -0.2197
vn 0.0571 -0.9875 -0.1472
vn 0.0913 -0.8913 -0.4441
vn 0.0628 -0.7776 -0.6256
vn 0.1451 -0.9832 -0.1105
vn 0.0935 -0.9443 -0.3155
vn 0.1069 -0.9920 -0.0672
vn 0.0066 -0.8826 -0.4700
vn -0.1320 -0.8619 -0.4896
vn -0.0901 -0.8838 -0.4591
vn -0.2662 -0.7996 -0.5383
vn -0.3084 -0.7776 -0.5479
vn -0.2265 -0.7317 -0.6428
vn -0.0741 -0.7781 -0.6238
vn -0.1120 -0.6667 -0.7369
vn 0.0628 -0.6561 -0.7521
vn -0.1458 -0.5983 -0.7879
vn -0.3454 -0.5515 -0.7593
vn -0.3991 -0.3910 -0.8294
vn -0.1983 -0.4483 -0.8716
vn 0.1697 -0.6346 -0.7540
vn -0.4930 -0.4789 -0.7264
vn -0.5508 -0.3442 -0.7604
vn -0.5623 -0.4174 -0.7138
vn -0.6364 -0.2885 -0.7154
vn -0.6698 -0.3974 -0.6272
vn -0.7433 -0.2171 -0.6327
vn -0.8656 -0.3472 -0.3608
vn -0.9199 -0.1439 -0.3647
vn -0.9693 -0.2460 -0.0066
vn -0.9986 -0.0500 -0.0181
vn -0.9833 -0.1180 0.1388
vn -0.9906 -0.1029 0.0904
vn -0.4989 -0.5119 -0.6993
vn -0.4263 -0.5534 -0.7156
vn -0.2978 -0.6084 -0.7357
vn -0.7963 -0.4639 -0.3881
vn -0.6036 -0.4978 -0.6228
vn -0.9485 -0.1274 0.2900
vn -0.9290 -0.3675 -0.0442
vn -0.4279 -0.6452 -0.6329
vn -0.3557 -0.6731 -0.6484
vn -0.7293 -0.5675 -0.3821
vn -0.5383 -0.6177 -0.5733
vn -0.6322 -0.7086 -0.3135
vn -0.4558 -0.7388 -0.4964
vn -0.7688 -0.6389 -0.0277
vn -0.8756 -0.4806 -0.0476
vn -0.8442 -0.5163 0.1442
vn -0.9088 -0.3879 0.1535
vn -0.6505 -0.6305 -0.4235
vn -0.4570 -0.6625 -0.5935
vn -0.2457 -0.7034 -0.6670
vn -0.0192 -0.8052 -0.5927
vn 0.2635 -0.8720 -0.4125
vn 0.3927 -0.9003 -0.1879
vn 0.4906 -0.8673 -0.0842
vn 0.5225 -0.6890 -0.5022
vn 0.7725 -0.5986 -0.2121
vn 0.8673 -0.4565 -0.1982
vn -0.2040 -0.5763 -0.7914
vn 0.1393 -0.7076 -0.6928
vn -0.6969 -0.4572 -0.5525
vn -0.4989 -0.5064 -0.7033
vn -0.8713 -0.4621 -0.1652
vn -0.8161 -0.5690 -0.1013
vn -0.9061 -0.4207 0.0449
vn -0.9947 -0.0704 0.0743
vn -0.1609 -0.6230 0.7655
vn -0.3286 -0.4163 0.8478
vn -0.3251 -0.2716 0.9058
vn -0.5132 -0.2682 0.8153
vn -0.4840 -0.3746 0.7908
vn -0.6711 -0.2464 0.6992
vn -0.6230 -0.3156 0.7157
vn -0.7907 -0.2108 0.5747
vn -0.7388 -0.2574 0.6228
vn -0.8813 -0.1205 0.4570
vn -0.8265 -0.2086 0.5228
vn -0.2767 -0.5368 0.7971
vn -0.4043 -0.4028 0.8212
vn -0.7175 -0.2260 0.6589
vn -0.8311 -0.2082 0.5157
vn -0.5584 -0.2864 0.7786
vn -0.2217 -0.6672 0.7111
vn -0.3154 -0.4771 0.8203
vn -0.7009 -0.2509 0.6677
vn -0.8356 -0.2550 0.4866
vn -0.6527 -0.3790 0.6560
vn -0.7777 -0.4163 0.4710
vn -0.4498 -0.4166 0.7900
vn -0.4951 -0.3337 0.8022
vn -0.2113 -0.5450 0.8114
vn -0.0952 -0.7331 0.6735
vn 0.0246 -0.8792 0.4758
vn 0.0588 -0.9757 0.2111
vn 0.1921 -0.8155 0.5459
vn 0.3545 -0.2537 0.9000
vn -0.1535 -0.4760 0.8660
vn -0.4436 -0.4376 0.7821
vn -0.6621 -0.3194 0.6780
vn -0.8031 -0.3677 0.4688
vn 0.4790 -0.8532 0.2062
vn 0.2831 0.5526 0.7839
vn 0.3969 0.2424 0.8853
vn -0.4053 -0.0820 0.9105
vn 0.9119 0.1817 0.3680
vn -0.8482 -0.1863 0.4958
vn -0.7108 0.0097 0.7033
vn -0.6491 -0.2336 0.7239
vn 0.4048 0.0631 0.9122
vn 0.7340 -0.0393 0.6780
vn 0.7190 0.2194 0.6595
vn 0.3865 0.2494 0.8879
vn 0.0063 0.1193 0.9928
vn -0.0433 0.2111 0.9765
vn 0.9398 0.0468 0.3384
vn 0.9295 -0.1606 0.3320
vn 0.9612 -0.2286 0.1544
vn 0.9846 -0.1727 -0.0276
vn -0.3595 0.1209 0.9253
vn -0.4177 0.1519 0.8958
vn -0.6516 0.0909 0.7531
vn -0.6847 0.0540 0.7268
vn -0.8689 0.0211 0.4945
vn -0.8744 -0.0423 0.4834
vn -0.9293 -0.0517 0.3657
vn -0.9139 -0.3249 0.2434
vn 0.7459 -0.4133 -0.5223
vn 0.6759 -0.5505 -0.4901
vn 0.8888 -0.4157 -0.1929
vn 0.9148 -0.3349 -0.2256
vn 0.4159 -0.4778 -0.7738
vn 0.3189 -0.5959 -0.7370
vn 0.0365 -0.4880 -0.8721
vn -0.0729 -0.5468 -0.8341
vn -0.3282 -0.4516 -0.8297
vn -0.4054 -0.4656 -0.7867
vn -0.6608 -0.3758 -0.6497
vn -0.6924 -0.3682 -0.6205
vn -0.9405 -0.2355 -0.2451
vn -0.9360 -0.2371 -0.2602
vn -0.8981 -0.3806 -0.2203
vn -0.9858 -0.0476 0.1613
vn -0.8075 -0.5774 -0.1206
vn -0.5445 -0.7099 -0.4467
vn -0.3698 -0.9085 -0.1944
vn -0.1023 -0.9416 -0.3209
vn -0.1064 -0.9940 -0.0241
vn 0.1547 -0.9867 -0.0506
vn 0.1470 -0.9281 -0.3420
vn 0.3885 -0.8802 -0.2727
vn 0.3842 -0.9223 -0.0426
vn 0.5892 -0.7916 -0.1619
vn 0.6754 -0.7334 -0.0767
vn 0.4039 -0.9147 0.0154
vn 0.4194 -0.9076 0.0162
vn 0.6652 -0.7440 0.0632
vn 0.8312 -0.5521 0.0653
vn 0.8344 -0.5273 -0.1602
vn 0.6863 -0.6460 -0.3341
vn 0.4415 -0.7300 -0.5218
vn 0.1245 -0.7703 -0.6255
vn -0.2186 -0.7647 -0.6062
vn 0.1538 -0.9844 0.0850
vn 0.1438 -0.9878 0.0593
vn -0.1714 -0.9804 0.0969
vn -0.2534 -0.9606 0.1144
vn -0.5734 -0.8187 0.0303
vn -0.6613 -0.7395 0.1260
vn -0.8699 -0.4852 0.0884
vn 0.4433 -0.5759 -0.6869
vn 0.7369 -0.4971 -0.4582
vn 0.9007 -0.3837 -0.2038
vn 0.9167 -0.3966 -0.0490
vn 0.0980 -0.6064 -0.7891
vn -0.2794 -0.5774 -0.7672
vn -0.6204 -0.5039 -0.6010
vn 0.1654 -0.3623 -0.9173
vn 0.3299 -0.3631 -0.8714
vn -0.0251 -0.3543 -0.9348
vn 0.5599 -0.3435 -0.7540
vn 0.7758 -0.2171 -0.5925
vn 0.8973 -0.0881 -0.4325
vn 0.9687 0.1094 -0.2228
vn 0.9949 0.1009 0.0019
vn 0.9806 -0.0056 0.1960
vn 0.8469 -0.0764 0.5263
vn 0.6218 -0.1588 0.7669
vn 0.3365 -0.2216 0.9152
vn 0.1598 -0.1818 0.9703
vn 0.0348 -0.1506 0.9880
vn -0.0904 -0.1118 0.9896
vn -0.2982 -0.1033 0.9489
vn -0.5237 -0.1193 0.8435
vn -0.7147 -0.1277 0.6877
vn -0.8507 -0.1213 0.5115
vn -0.9320 -0.0357 0.3607
vn -0.9700 -0.1094 0.2171
vn -0.0976 0.0334 0.9947
vn 0.0556 -0.0039 0.9984
vn -0.1074 0.1628 0.9808
vn 0.0623 0.1300 0.9896
vn -0.1243 0.2671 0.9556
vn 0.0626 0.2328 0.9705
vn 0.2635 0.1053 0.9589
vn 0.3149 0.2080 0.9260
vn 0.4839 0.1202 0.8668
vn 0.3938 -0.0459 0.9181
vn 0.1924 -0.0466 0.9802
vn 0.6322 0.0087 0.7747
vn 0.8049 0.0717 0.5891
vn 0.9472 0.1251 0.2951
vn 0.9839 0.1768 0.0242
vn 0.9626 0.2134 -0.1668
vn 0.9194 0.0320 -0.3921
vn 0.9206 0.1373 -0.3655
vn 0.7942 0.0200 -0.6074
vn 0.7480 0.2309 -0.6222
vn 0.8953 0.2504 -0.3684
vn 0.9573 0.2377 -0.1647
vn 0.9475 0.2728 -0.1667
vn 0.9600 0.2752 0.0524
vn 0.8888 0.4448 0.1105
vn 0.5043 0.2447 -0.8281
vn 0.5574 0.0111 -0.8302
vn 0.2791 0.2470 -0.9279
vn 0.3112 0.0167 -0.9502
vn 0.0986 0.2494 -0.9634
vn 0.1322 0.0548 -0.9897
vn -0.0724 0.1032 -0.9920
vn -0.0786 0.2506 -0.9649
vn 0.8009 -0.1390 -0.5824
vn 0.5732 -0.2053 -0.7932
vn 0.3353 -0.2298 -0.9137
vn 0.1674 -0.2209 -0.9608
vn -0.0356 -0.1958 -0.9800
vn -0.2216 0.2311 -0.9474
vn -0.2497 0.1048 -0.9626
vn -0.3351 0.2255 -0.9148
vn -0.3640 0.1011 -0.9259
vn -0.5319 0.0943 -0.8415
vn -0.5169 0.2474 -0.8195
vn -0.7034 0.1258 -0.6996
vn -0.6973 0.3009 -0.6505
vn -0.8182 0.2178 -0.5321
vn -0.7938 0.4179 -0.4419
vn -0.8941 0.3264 -0.3066
vn -0.8348 0.4434 -0.3262
vn -0.9421 0.3200 -0.1000
vn -0.8294 0.5348 -0.1617
vn -0.8136 -0.0494 -0.5793
vn -0.6983 -0.1151 -0.7065
vn -0.9459 0.1085 -0.3059
vn -0.9412 -0.0441 -0.3348
vn -0.7839 -0.1486 -0.6029
vn -0.9983 0.0513 -0.0258
vn -0.6708 -0.2297 -0.7052
vn -0.5586 -0.2635 -0.7864
vn -0.4090 -0.2686 -0.8721
vn -0.2316 -0.3123 -0.9213
vn -0.9901 0.1372 -0.0283
vn -0.9965 0.0817 0.0149
vn -0.9658 0.2429 -0.0910
vn -0.3995 -0.1377 -0.9063
vn -0.2575 -0.1631 -0.9524
vn -0.5525 -0.1437 -0.8210
vn -0.9168 0.2563 -0.3061
vn -0.6383 -0.3566 -0.6822
vn -0.2798 0.9589 0.0459
vn -0.7978 0.5843 -0.1487
vn -0.8021 0.5972 -0.0066
vn -0.7619 0.5479 -0.3454
vn -0.7389 0.6140 -0.2777
vn -0.8259 0.5571 0.0865
vn -0.6020 0.5932 -0.5345
vn -0.6783 0.4760 -0.5598
vn -0.7656 0.5584 -0.3195
vn -0.9342 0.3399 -0.1081
vn -0.5851 0.6144 -0.5292
vn 0.0723 0.1930 0.9785
vn -0.9074 -0.0770 -0.4132
vn -0.1476 0.4270 -0.8921
vn -0.2319 0.0996 -0.9676
vn 0.1120 0.6070 -0.7868
vn -0.3521 0.5350 -0.7680
vn -0.6824 0.3070 -0.6634
vn -0.5450 0.6460 -0.5345
vn -0.3392 0.8817 -0.3280
vn -0.8374 0.4352 -0.3307
vn -0.8158 0.3414 -0.4669
vn -0.1680 0.8773 -0.4495
vn -0.7883 0.4282 -0.4419
vn -0.6112 0.5122 -0.6034
vn -0.6364 0.3235 -0.7002
vn -0.4389 0.5440 -0.7151
vn -0.4834 0.3455 -0.8043
vn -0.3578 0.3431 -0.8685
vn -0.2927 0.5193 -0.8029
vn -0.1162 0.4683 -0.8759
vn -0.1794 0.2893 -0.9403
vn 0.0209 0.4441 -0.8957
vn 0.0126 0.2376 -0.9713
vn -0.7697 0.2640 -0.5812
vn -0.8833 0.1560 -0.4422
vn -0.8918 0.2381 -0.3848
vn -0.7652 0.0180 -0.6436
vn -0.8841 0.0377 -0.4657
vn -0.8114 -0.0542 -0.5820
vn -0.6706 -0.0801 -0.7375
vn -0.7466 0.0166 -0.6651
vn -0.7867 -0.0094 -0.6172
vn -0.8146 0.1344 -0.5642
vn -0.7873 0.2050 -0.5815
vn 0.1049 0.2543 -0.9614
vn 0.0784 0.4444 -0.8924
vn 0.1414 0.2696 -0.9525
vn 0.1379 0.4219 -0.8961
vn 0.2312 0.2674 -0.9354
vn 0.2530 0.3701 -0.8939
vn 0.3992 0.3204 -0.8591
vn 0.3664 0.2620 -0.8928
vn 0.4813 0.2542 -0.8389
vn 0.5347 0.2497 -0.8073
vn 0.6466 0.2088 -0.7337
vn 0.5623 0.2781 -0.7788
vn 0.6906 0.2365 -0.6835
vn 0.6070 0.3375 -0.7195
vn 0.6986 0.3986 -0.5942
vn 0.6222 0.4252 -0.6573
vn 0.6210 0.4829 -0.6174
vn 0.6437 0.5557 -0.5262
vn 0.6685 0.5350 -0.5167
vn 0.6125 0.5009 -0.6115
vn 0.3682 0.1721 -0.9137
vn 0.2583 0.1066 -0.9602
vn 0.1919 0.0434 -0.9805
vn 0.1501 -0.0001 -0.9887
vn -0.0314 0.0101 -0.9995
vn -0.2675 0.0909 -0.9593
vn -0.3976 0.1451 -0.9060
vn -0.4921 0.1587 -0.8559
vn -0.6158 0.1757 -0.7680
vn -0.7426 0.1576 -0.6510
vn -0.8156 0.1199 -0.5660
vn -0.8175 0.0724 -0.5714
vn -0.7719 0.1113 -0.6259
vn -0.7590 -0.0291 -0.6504
vn -0.5334 -0.1522 -0.8320
vn -0.7984 0.1453 -0.5844
vn -0.6662 0.0357 -0.7449
vn -0.8300 0.2863 -0.4787
vn -0.8193 0.1800 -0.5444
vn -0.2469 -0.8916 -0.3797
vn -0.9496 0.2824 -0.1362
vn -0.6453 -0.1972 -0.7381
vn 0.7665 0.2947 0.5707
vn 0.0596 -0.4868 -0.8715
vn -0.3159 -0.3615 -0.8772
vn -0.6221 0.7267 -0.2914
vn -0.7798 0.0766 -0.6213
vn -0.9611 0.2102 -0.1792
vn -0.7346 -0.0160 -0.6783
vn -0.9882 0.1017 -0.1143
vn -0.7154 0.0668 -0.6955
vn -0.7731 0.1015 -0.6261
vn -0.7214 0.1115 -0.6835
vn -0.7770 0.1143 -0.6190
vn -0.6688 -0.1203 -0.7337
vn -0.9900 0.0095 -0.1410
vn -0.5588 -0.2140 -0.8012
vn -0.9381 -0.1320 -0.3203
vn -0.5407 -0.0576 -0.8392
vn -0.6454 0.0195 -0.7636
vn -0.5110 0.0478 -0.8583
vn -0.6259 0.0982 -0.7737
vn -0.4611 -0.2526 -0.8507
vn -0.9114 -0.2777 -0.3037
vn -0.3332 -0.2453 -0.9104
vn -0.7493 -0.2120 -0.6274
vn -0.1214 -0.2290 -0.9658
vn -0.5528 -0.3956 -0.7334
vn -0.0954 -0.2304 -0.9684
vn -0.3419 -0.1803 -0.9223
vn -0.0632 -0.1302 -0.9895
vn -0.3228 -0.0557 -0.9448
vn -0.4538 -0.1256 -0.8822
vn -0.4259 0.0042 -0.9048
vn -0.7823 0.1150 -0.6122
vn 0.1166 -0.2771 -0.9537
vn -0.6073 0.1271 -0.7842
vn 0.3128 -0.2763 -0.9087
vn 0.1569 -0.2981 -0.9415
vn 0.1664 -0.1900 -0.9676
vn 0.2885 -0.2751 -0.9171
vn 0.2467 -0.1497 -0.9575
vn -0.4648 0.1922 -0.8643
vn 0.4352 -0.1980 -0.8783
vn -0.2585 0.2384 -0.9361
vn 0.5550 -0.0761 -0.8284
vn 0.3900 -0.1822 -0.9026
vn 0.5017 -0.0429 -0.8640
vn 0.3189 -0.0521 -0.9464
vn 0.4234 0.0700 -0.9032
vn -0.0702 0.3097 -0.9482
vn 0.6466 0.0739 -0.7593
vn 0.1866 0.3832 -0.9046
vn 0.7322 0.2354 -0.6391
vn 0.5925 0.1058 -0.7986
vn 0.6661 0.2881 -0.6880
vn 0.5172 0.1832 -0.8360
vn 0.5857 0.2947 -0.7551
vn 0.4401 0.4621 -0.7699
vn 0.8126 0.4100 -0.4143
vn 0.8893 0.3808 -0.2533
vn 0.7326 0.6731 -0.1013
vn 0.7947 0.4463 0.4113
vn 0.2458 0.2519 -0.9360
vn 0.6100 0.5891 -0.5299
vn 0.6826 0.5111 -0.5223
vn 0.5999 0.4494 -0.6619
vn 0.4982 0.4187 -0.7593
vn 0.0512 -0.1073 -0.9929
vn 0.0897 -0.0462 -0.9949
vn 0.3908 0.6733 -0.6277
vn 0.2459 0.0656 -0.9671
vn 0.2791 0.1869 -0.9419
vn 0.5250 0.4025 -0.7499
vn 0.5451 0.4235 -0.7235
vn 0.5835 0.3801 -0.7177
vn 0.5804 0.4288 -0.6923
vn 0.5531 0.2933 -0.7798
vn 0.4787 0.2261 -0.8484
vn 0.5656 0.4081 0.7166
vn 0.6123 0.4590 0.6438
vn 0.4516 0.6171 0.6444
vn 0.5036 0.4139 0.7583
vn 0.4389 0.4027 0.8032
vn 0.2813 0.7207 0.6336
vn 0.3479 0.4012 0.8473
vn 0.5053 0.7911 0.3448
vn 0.2391 0.9505 0.1983
vn 0.7777 0.3595 0.5157
vn 0.6647 0.6075 0.4349
vn 0.6415 0.4891 0.5910
vn -0.0281 0.8008 0.5983
vn 0.5270 0.6501 0.5474
vn 0.2110 0.9630 0.1677
vn -0.5973 0.5332 0.5992
vn 0.8210 0.4522 0.3484
vn 0.9466 0.1384 0.2911
vn 0.1189 0.9865 0.1125
vn 0.9738 -0.2181 0.0638
vn 0.0348 0.9754 -0.2178
vn 0.3206 0.9456 -0.0560
vn 0.7848 0.5702 -0.2427
vn 0.9388 -0.0957 -0.3310
vn 0.0260 0.9766 -0.2137
vn 0.9562 0.1698 -0.2384
vn 0.0016 0.8550 -0.5186
vn 0.3312 0.5983 -0.7296
vn 0.6049 -0.0448 -0.7951
vn 0.6039 -0.3257 -0.7275
vn -0.0699 0.9975 0.0048
vn 0.0109 0.7336 0.6795
vn 0.2633 0.3742 0.8892
vn 0.0719 0.3651 0.9282
vn -0.0771 0.9799 -0.1838
vn 0.4775 -0.3435 -0.8087
vn 0.1659 0.1192 -0.9789
vn 0.3992 -0.1421 -0.9058
vn 0.4992 -0.5888 -0.6357
vn 0.3796 -0.7895 -0.4823
vn 0.3827 0.0474 -0.9226
vn 0.4774 0.7619 -0.4377
vn -0.1149 0.8456 0.5213
vn -0.7798 0.4366 -0.4486
vn -0.3321 -0.0965 -0.9383
vn -0.2623 0.0371 -0.9643
vn -0.2023 -0.7004 -0.6845
vn -0.4342 -0.6568 -0.6165
vn -0.3270 -0.6526 -0.6835
vn -0.3823 -0.4996 -0.7773
vn -0.7646 -0.4903 -0.4184
vn -0.6388 -0.6130 -0.4650
vn -0.2441 -0.9696 0.0187
vn -0.9899 -0.1310 -0.0538
vn -0.6953 -0.7151 -0.0718
vn -0.9903 -0.0370 0.1343
vn -0.1364 -0.9545 -0.2650
vn -0.9868 -0.0353 0.1583
vn 0.0018 -0.6332 0.7740
vn -0.9675 0.2528 0.0068
vn -0.7021 0.4653 0.5390
vn -0.6277 0.7765 -0.0559
vn -0.5678 0.4738 0.6732
vn -0.4664 0.5568 0.6873
vn -0.4021 0.5923 0.6982
vn -0.3887 0.4813 0.7857
vn -0.2697 0.7094 0.6512
vn -0.2922 0.4168 0.8607
vn -0.4152 0.8577 0.3032
vn -0.3055 0.9180 0.2528
vn -0.6727 0.6555 0.3431
vn -0.1820 0.9829 0.0292
vn -0.0834 0.9833 -0.1616
vn -0.3363 0.9317 -0.1370
vn -0.7799 0.5698 -0.2590
vn -0.1804 0.9685 -0.1716
vn -0.1076 0.7797 -0.6169
vn -0.4619 0.2958 -0.8361
vn -0.1633 0.4026 0.9007
vn -0.1148 0.9429 0.3127
vn -0.0614 0.9305 0.3611
vn 0.0268 0.9270 0.3742
vn 0.1076 0.9019 0.4183
vn 0.1355 0.9129 0.3850
vn 0.1947 0.9081 0.3708
vn 0.2259 0.9088 0.3508
vn 0.2790 0.8963 0.3446
vn 0.2850 0.9137 0.2898
vn 0.1887 0.9773 0.0966
vn 0.0068 0.9763 0.2163
vn 0.2206 -0.1741 0.9597
vn -0.1326 0.9433 0.3043
vn -0.1406 0.9504 0.2776
vn -0.1382 0.9584 0.2499
vn -0.1208 0.9803 0.1565
vn -0.0629 0.9978 0.0209
vn 0.3601 0.6556 0.6637
vn 0.7336 -0.6230 -0.2714
vn 0.2678 0.1437 -0.9527
vn 0.0001 -0.4717 0.8818
vn -0.0024 -0.1364 0.9907
vn -0.5934 -0.6580 0.4636
vn 0.1228 -0.8970 0.4247
vn -0.8953 -0.3278 0.3018
vn -0.0089 0.1190 0.9929
vn -0.3219 -0.9453 0.0530
vn 0.0015 -0.5702 0.8215
vn 0.4742 -0.8638 -0.1701
vn 0.0129 -0.9575 0.2881
vn 0.2361 -0.7321 -0.6389
vn 0.7572 -0.6377 -0.1416
vn 0.4651 -0.6000 -0.6509
vn 0.5419 -0.2260 -0.8095
vn 0.5453 0.0078 -0.8382
vn 0.5618 0.7226 -0.4027
vn 0.0575 0.9664 -0.2506
vn 0.0065 -0.7463 -0.6656
vn -0.0000 0.0008 -1.0000
vn -0.0000 0.0009 -1.0000
vn -0.5005 0.6580 -0.5626
vn -0.3945 0.0066 -0.9189
vn -0.3905 -0.1663 -0.9055
vn -0.3823 -0.5989 -0.7037
vn -0.1946 -0.9761 -0.0968
vn -0.2251 -0.7193 -0.6572
vn 0.0541 -0.9963 -0.0672
vn 0.9037 -0.2645 0.3366
vn 0.6853 0.6437 0.3405
vn 0.7933 0.4415 0.4191
vn 0.8812 -0.1919 0.4320
vn 0.5371 0.1838 0.8233
vn 0.6561 0.1582 0.7379
vn 0.7284 0.2438 0.6403
vn 0.7819 0.2069 0.5880
vn 0.9088 0.2559 0.3295
vn 0.7985 0.5114 0.3177
vn 0.7793 0.3753 0.5019
vn 0.5340 0.1274 0.8358
vn 0.7052 0.0197 0.7087
vn 0.4376 0.1590 0.8850
vn 0.3010 0.2836 0.9105
vn 0.2970 0.2519 0.9211
vn 0.3632 0.3517 0.8628
vn 0.0891 0.3793 0.9210
vn 0.1370 0.3876 0.9116
vn 0.2183 0.3358 0.9163
vn 0.5194 0.4382 0.7336
vn 0.5412 0.4607 0.7035
vn 0.2856 0.2936 0.9123
vn 0.6905 0.5504 0.4694
vn 0.7204 0.5662 0.4005
vn 0.6228 0.7330 0.2733
vn 0.7660 0.6024 0.2244
vn 0.6069 0.5435 0.5799
vn 0.4833 0.3590 0.7984
vn 0.5316 0.8127 0.2387
vn -0.0554 0.3043 0.9510
vn -0.0396 0.2250 0.9736
vn -0.3447 0.3378 0.8758
vn -0.3114 0.4301 0.8474
vn -0.5915 0.4992 0.6332
vn -0.5177 0.6875 0.5093
vn -0.5176 0.6008 0.6092
vn -0.2696 0.4481 0.8524
vn -0.6842 0.7246 0.0829
vn -0.7401 0.6345 0.2228
vn -0.5544 0.8269 -0.0942
vn -0.6698 0.6947 0.2622
vn -0.0741 0.3823 0.9211
vn -0.7563 0.6476 -0.0931
vn -0.4493 0.8298 -0.3311
vn -0.2809 0.3948 0.8748
vn -0.1046 0.3990 0.9110
vn -0.8322 0.3914 0.3927
vn -0.9048 0.3064 0.2957
vn -0.5942 0.4014 0.6970
vn -0.8765 0.0377 0.4800
vn -0.5852 0.2065 0.7842
vn -0.3021 0.3247 0.8963
vn -0.1262 0.3437 0.9306
vn -0.9898 -0.0909 0.1101
vn 0.0746 0.3228 0.9435
vn -0.5494 0.1050 0.8289
vn -0.3131 0.2503 0.9161
vn -0.3212 0.1419 0.9363
vn -0.5498 0.0575 0.8333
vn -0.7888 -0.0935 0.6075
vn -0.7470 -0.1012 0.6571
vn -0.5437 -0.0340 0.8386
vn -0.9036 -0.1112 0.4137
vn -0.3166 0.0120 0.9485
vn -0.9675 0.0144 0.2524
vn -0.9990 -0.0070 0.0448
vn -0.9399 -0.1898 0.2837
vn -0.8527 -0.1049 0.5117
vn -0.9593 -0.2683 0.0878
vn -0.9171 -0.2145 -0.3360
vn -0.8465 -0.4465 -0.2899
vn -0.4315 -0.5262 -0.7327
vn -0.3543 -0.3528 -0.8660
vn -0.7169 -0.1199 -0.6868
vn -0.7505 0.0027 -0.6608
vn -0.5932 -0.3450 -0.7274
vn -0.6826 0.1804 -0.7082
vn -0.9415 -0.1624 0.2954
vn -0.7045 0.0407 -0.7085
vn -0.9147 -0.4035 0.0248
vn -0.6037 0.1418 -0.7845
vn -0.5912 0.2015 -0.7810
vn -0.6847 0.0324 -0.7281
vn -0.5065 0.2370 -0.8290
vn -0.5309 0.2391 -0.8130
vn -0.5929 0.2516 -0.7650
vn -0.5071 0.2006 -0.8382
vn -0.6874 0.1684 -0.7065
vn -0.8971 -0.2665 -0.3525
vn -0.3759 0.2550 -0.8909
vn -0.3834 0.2112 -0.8991
vn -0.2034 0.2821 -0.9376
vn -0.1929 0.2826 -0.9396
vn -0.0132 0.2985 -0.9543
vn -0.0059 0.2832 -0.9590
vn -0.2151 0.2048 -0.9549
vn -0.3842 0.2593 -0.8861
vn -0.7247 -0.3372 -0.6009
vn 0.0076 0.1960 -0.9806
vn -0.5769 -0.3375 -0.7438
vn -0.3839 0.2470 -0.8897
vn -0.3671 -0.3654 -0.8554
vn 0.2272 0.1469 -0.9627
vn -0.1739 -0.4175 -0.8919
vn 0.3895 0.1134 -0.9140
vn 0.2030 0.2430 -0.9485
vn 0.1899 0.2670 -0.9448
vn 0.3833 0.2027 -0.9011
vn 0.5050 0.1346 -0.8526
vn 0.5135 0.1747 -0.8401
vn 0.3830 0.2214 -0.8968
vn -0.0710 -0.1540 -0.9855
vn -0.1031 -0.3367 -0.9359
vn 0.6028 0.1407 -0.7854
vn 0.6011 0.1204 -0.7900
vn 0.5237 0.1904 -0.8304
vn 0.6025 0.1804 -0.7775
vn 0.6105 0.1157 -0.7835
vn 0.5379 0.0747 -0.8397
vn 0.1005 -0.0270 -0.9946
vn -0.4266 -0.2788 -0.8604
vn 0.3975 -0.0611 -0.9156
vn 0.1632 -0.4236 -0.8910
vn 0.2319 0.0028 -0.9727
vn 0.5048 0.3152 -0.8036
vn 0.4479 0.4773 -0.7560
vn 0.5348 0.2523 -0.8064
vn 0.3871 0.2779 -0.8792
vn 0.3969 0.3304 -0.8564
vn 0.2419 0.3083 -0.9200
vn 0.1966 0.2981 -0.9341
vn -0.0098 0.2718 -0.9623
vn -0.0107 0.3033 -0.9528
vn -0.2569 0.3041 -0.9173
vn -0.2076 0.3047 -0.9296
vn -0.3914 0.2956 -0.8714
vn -0.3989 0.3293 -0.8558
vn -0.5422 0.2581 -0.7996
vn -0.5494 0.2804 -0.7871
vn -0.7093 0.2484 -0.6597
vn -0.6409 0.2524 -0.7249
vn 0.5471 0.2921 -0.7844
vn -0.7870 0.2464 -0.5656
vn -0.8543 0.2904 -0.4311
vn -0.8794 0.2559 -0.4014
vn -0.7852 0.5992 -0.1562
vn -0.8393 0.2676 -0.4733
vn -0.9207 0.1909 -0.3404
vn -0.8662 0.2810 -0.4131
vn -0.9459 0.1424 -0.2915
vn -0.8693 0.2652 -0.4170
vn -0.7114 0.2660 -0.6505
vn -0.6910 0.2811 -0.6659
vn -0.7084 0.2401 -0.6637
vn -0.4369 0.2358 -0.8680
vn -0.4310 0.2508 -0.8668
vn -0.0152 0.2307 -0.9729
vn -0.0204 0.2181 -0.9757
vn 0.3798 0.2160 -0.8995
vn 0.3800 0.1971 -0.9037
vn 0.6644 0.2166 -0.7153
vn 0.6509 0.1808 -0.7373
vn 0.8579 0.1661 -0.4863
vn 0.8659 0.2101 -0.4540
vn 0.8464 0.2313 -0.4797
vn 0.9447 0.1021 -0.3117
vn 0.8557 0.3673 -0.3646
vn 0.6551 0.2153 -0.7243
vn 0.9917 -0.0810 -0.0995
vn 0.7998 0.2614 -0.5404
vn 0.8256 0.4397 -0.3536
vn 0.6303 0.2288 -0.7418
vn 0.4420 0.2081 -0.8725
vn 0.3778 0.1969 -0.9047
vn 0.3190 0.2120 -0.9237
vn -0.0096 0.2219 -0.9750
vn -0.0188 0.2360 -0.9716
vn -0.3372 0.2112 -0.9174
vn -0.4059 0.2303 -0.8844
vn -0.4294 0.2215 -0.8755
vn -0.6559 0.2421 -0.7150
vn -0.5960 0.2466 -0.7642
vn -0.3303 0.2510 -0.9099
vn -0.4053 0.2625 -0.8757
vn -0.0101 0.2477 -0.9688
vn 0.3110 0.2608 -0.9139
vn 0.4157 0.2791 -0.8656
vn 0.5924 0.2692 -0.7593
vn 0.7252 0.2917 -0.6237
vn 0.7893 0.3966 -0.4687
vn 0.8217 0.5421 -0.1760
vn 0.7760 0.5260 -0.3480
vn 0.7681 0.5887 -0.2519
vn 0.7721 0.5959 -0.2207
vn 0.7378 0.6595 -0.1440
vn 0.7630 0.3414 -0.5488
vn 0.5489 0.8145 0.1880
vn 0.7796 0.5849 -0.2237
vn 0.7962 0.2275 -0.5607
vn 0.7536 0.0710 -0.6535
vn 0.8296 -0.2379 -0.5052
vn 0.7505 0.0732 -0.6568
vn 0.8702 -0.0054 -0.4927
vn 0.6410 0.2430 -0.7281
vn 0.7422 0.2794 -0.6091
vn 0.9676 0.1377 -0.2118
vn 0.8223 0.2930 -0.4878
vn 0.5438 0.4025 -0.7364
vn 0.6182 0.4100 -0.6706
vn 0.4540 0.3671 -0.8119
vn 0.9437 0.3168 -0.0948
vn 0.8667 0.2989 -0.3993
vn 0.6849 0.3598 -0.6336
vn 0.9092 -0.3877 -0.1517
vn 0.4005 0.4619 -0.7914
vn 0.3439 0.4755 -0.8097
vn 0.2074 0.4998 -0.8410
vn 0.1796 0.4999 -0.8473
vn 0.1002 0.5101 -0.8543
vn 0.0930 0.4204 -0.9026
vn -0.0402 0.3835 -0.9227
vn 0.0112 0.4957 -0.8684
vn -0.1417 0.4821 -0.8646
vn -0.1843 0.3344 -0.9242
vn -0.3038 0.4765 -0.8250
vn -0.3295 0.3261 -0.8860
vn -0.1158 0.5346 -0.8371
vn 0.0296 0.5224 -0.8522
vn -0.0977 0.5352 -0.8390
vn -0.2652 0.5606 -0.7845
vn -0.2757 0.5432 -0.7930
vn 0.0241 0.5204 -0.8536
vn -0.4132 0.5649 -0.7142
vn -0.4672 0.4708 -0.7484
vn -0.4318 0.6001 -0.6734
vn -0.6965 0.4085 -0.5900
vn -0.7770 0.4983 -0.3847
vn -0.5048 0.3604 -0.7844
vn 0.2507 0.4206 -0.8719
vn 0.4570 0.3939 -0.7975
vn 0.9269 0.3640 0.0912
vn 0.8589 0.4966 0.1254
vn 0.9385 0.1491 0.3114
vn 0.4248 -0.0130 0.9052
vn 0.4505 0.4228 0.7863
vn 0.5434 0.5276 0.6530
vn -0.3559 0.1309 0.9253
vn 0.1025 0.5080 -0.8552
vn 0.0890 0.5022 -0.8602
vn 0.1640 0.4795 -0.8621
vn 0.2928 0.4374 -0.8502
vn 0.6783 0.4678 -0.5667
vn 0.5926 0.4877 -0.6411
vn 0.6784 0.3804 -0.6286
vn 0.5945 0.3452 -0.7262
vn 0.6176 0.2558 -0.7437
vn 0.6524 0.3000 -0.6960
vn 0.6318 -0.2076 0.7468
vn 0.9154 -0.0450 0.4000
vn 0.8992 0.3914 -0.1956
vn 0.5108 0.6655 -0.5442
vn 0.2330 -0.3755 0.8970
vn 0.2462 -0.9475 0.2040
vn -0.0596 0.7962 -0.6021
vn -0.4315 0.7723 -0.4662
vn -0.7464 0.6006 -0.2865
vn -0.9778 0.1940 -0.0794
vn -0.9237 -0.3691 0.1031
vn -0.6468 -0.7506 0.1350
vn -0.5513 -0.7803 0.2954
vn -0.1190 -0.7928 0.5977
vn -0.5056 -0.8573 0.0966
vn -0.0796 -0.9310 0.3562
vn -0.4538 -0.8523 -0.2600
vn -0.0100 -0.9999 -0.0082
vn -0.8252 -0.5376 -0.1733
vn -0.8461 -0.5286 0.0686
vn -0.9992 -0.0304 -0.0273
vn -1.0000 0.0036 0.0031
vn -0.8615 0.4686 0.1954
vn -0.8361 0.5479 -0.0277
vn -0.5091 0.7477 0.4263
vn -0.4891 0.8720 -0.0192
vn -0.0206 0.8520 0.5231
vn -0.0055 0.9984 -0.0570
vn 0.5621 0.7627 0.3199
vn 0.6010 0.7784 -0.1812
vn 0.8886 0.4541 0.0647
vn 0.9195 0.3665 -0.1420
vn 0.9937 0.0601 -0.0950
vn 0.9911 -0.1049 -0.0815
vn 0.8597 -0.4534 -0.2352
vn 0.8049 -0.5934 0.0071
vn 0.4814 -0.8234 -0.3003
vn 0.3969 -0.9151 0.0714
vn -0.0176 0.7851 -0.6191
vn 0.5271 0.6686 -0.5245
vn 0.8965 0.3281 -0.2977
vn 0.9892 -0.1060 -0.1009
vn 0.8219 -0.5622 0.0914
vn 0.3867 -0.8860 0.2560
vn 0.8745 -0.3564 -0.3289
vn 0.9913 0.1115 -0.0694
vn 0.8699 -0.3023 -0.3898
vn 0.9874 0.1343 -0.0832
vn 0.8788 0.4539 0.1473
vn 0.8610 0.4792 0.1703
vn 0.5725 0.7382 0.3567
vn 0.5323 0.7709 0.3499
vn -0.0284 0.8632 0.5040
vn -0.0505 0.8987 0.4356
vn 0.5353 -0.6303 -0.5623
vn 0.5141 -0.7151 -0.4737
vn 0.3358 -0.7263 -0.5997
vn 0.0217 -0.7030 -0.7109
vn -0.5492 0.7235 0.4183
vn -0.5741 0.7471 0.3351
vn -0.8735 0.4411 0.2061
vn -0.8747 0.4626 0.1446
vn -0.9986 0.0080 -0.0518
vn -0.9946 0.0520 -0.0900
vn -0.8400 -0.4641 -0.2811
vn -0.8521 -0.3996 -0.3380
vn -0.4589 -0.7795 -0.4263
vn -0.4616 -0.7179 -0.5211
vn 0.0630 0.9273 0.3689
vn 0.3037 0.8858 0.3509
vn 0.1905 0.9710 0.1442
vn -0.2233 0.8764 0.4267
vn 0.5452 0.8342 -0.0829
vn 0.7015 0.7013 0.1271
vn 0.7146 0.5770 -0.3955
vn 0.9029 0.3785 -0.2037
vn 0.6895 0.2434 -0.6822
vn 0.8408 -0.0214 -0.5410
vn 0.3990 -0.0390 -0.9161
vn 0.5456 -0.3240 -0.7729
vn 0.2120 -0.0585 -0.9755
vn -0.0316 -0.1160 -0.9927
vn -0.1804 0.8440 0.5051
vn 0.3900 0.8134 0.4317
vn -0.0922 0.8988 0.4285
vn 0.4684 0.8083 0.3568
vn 0.7778 0.5970 0.1964
vn 0.8213 0.5397 0.1849
vn 0.9522 0.2698 -0.1431
vn 0.9731 0.2045 -0.1063
vn 0.8646 -0.1162 -0.4889
vn 0.8724 -0.1999 -0.4461
vn 0.5848 -0.4156 -0.6967
vn 0.5693 -0.5091 -0.6456
vn 0.4393 -0.4686 -0.7664
vn 0.0680 -0.4532 -0.8888
vn -0.5744 0.7412 0.3474
vn -0.6367 0.6672 0.3865
vn -0.8725 0.4649 0.1503
vn -0.8763 0.4394 0.1977
vn -0.9909 0.0866 -0.1026
vn -0.9887 0.1072 -0.1051
vn -0.8663 -0.3193 -0.3842
vn -0.8710 -0.2449 -0.4259
vn -0.4864 -0.6279 -0.6076
vn -0.5118 -0.5144 -0.6881
vn -0.5370 -0.4013 -0.7420
vn -0.5411 -0.1599 -0.8256
vn -0.8128 0.0516 -0.5803
vn -0.8621 -0.1652 -0.4791
vn -0.8986 0.3290 -0.2904
vn -0.9761 0.1661 -0.1401
vn -0.8022 0.5971 0.0042
vn -0.8630 0.4785 0.1622
vn -0.5796 0.7979 0.1657
vn -0.6259 0.7009 0.3420
vn -0.5641 0.3306 -0.7567
vn -0.1645 0.0694 -0.9839
vn -0.6155 0.4757 -0.6284
vn -0.3759 0.9249 0.0579
vn -0.5704 0.7974 -0.1970
vn -0.4440 0.5531 -0.7050
vn -0.8762 -0.4661 0.1227
vn -0.9886 0.0797 -0.1277
vn -0.7476 0.5526 -0.3684
vn -0.4035 0.7448 -0.5315
vn 0.1305 0.9546 -0.2678
vn 0.2098 0.8745 -0.4373
vn 0.2334 0.4858 -0.8423
vn 0.5003 -0.2924 -0.8150
vn 0.5078 -0.5902 -0.6275
vn 0.6582 0.1208 -0.7431
vn 0.7603 0.5791 -0.2942
vn 0.8731 -0.4404 -0.2092
vn 0.5558 -0.7730 0.3060
vn 0.6635 0.6675 0.3380
vn 0.4920 0.5103 0.7054
vn 0.3303 0.2445 0.9117
vn 0.1301 -0.1714 0.9766
vn 0.2213 -0.5571 0.8004
vn 0.5896 -0.7515 0.2960
vn -0.4835 -0.7999 0.3555
vn -0.5239 -0.8406 0.1377
vn -0.5740 -0.7805 0.2476
vn -0.6361 -0.7668 -0.0861
vn -0.6425 -0.7641 0.0588
vn -0.7958 -0.6056 -0.0012
vn -0.1882 -0.9609 0.2033
vn -0.1799 -0.8404 0.5113
vn 0.3831 -0.8750 0.2959
vn 0.3063 -0.6994 0.6458
vn 0.8096 -0.5209 0.2705
vn 0.6916 -0.3806 0.6138
vn 0.9701 -0.1683 0.1751
vn 0.8668 -0.0768 0.4928
vn 0.9591 0.2820 0.0235
vn 0.9081 0.3023 0.2897
vn 0.5779 0.8023 -0.1495
vn 0.6627 0.7376 -0.1297
vn 0.0265 0.9843 -0.1745
vn 0.5005 0.5964 -0.6275
vn -0.3848 0.9154 -0.1183
vn 0.3453 0.4280 0.8352
vn -0.7486 0.6573 -0.0871
vn -0.4272 -0.0481 0.9029
vn -0.9790 0.1774 -0.1000
vn -0.3747 -0.5852 -0.7191
vn 0.7440 0.5650 0.3566
vn 0.6755 0.6271 -0.3879
vn 0.6442 -0.3303 -0.6899
vn 0.6235 -0.6554 -0.4262
vn 0.5277 -0.7321 -0.4308
vn 0.0160 -0.7646 -0.6443
vn -0.7298 0.6560 -0.1925
vn -0.3261 0.9212 -0.2121
vn -0.7002 0.6663 -0.2564
vn -0.2805 0.9341 -0.2210
vn 0.0878 0.9697 -0.2280
vn 0.1569 0.9684 -0.1937
vn 0.5722 0.7990 -0.1847
vn 0.6117 0.7783 -0.1417
vn 0.9523 0.3025 -0.0408
vn 0.9624 0.2681 -0.0429
vn -0.9504 0.2166 -0.2233
vn -0.9739 0.1744 -0.1451
vn -0.9983 -0.0539 0.0227
vn -0.9862 -0.0806 -0.1448
vn 0.9807 -0.1836 0.0667
vn 0.9742 -0.2259 0.0015
vn 0.8200 -0.5608 0.1145
vn 0.7949 -0.6067 -0.0025
vn 0.3811 -0.9169 0.1185
vn 0.3330 -0.9424 -0.0300
vn -0.2035 -0.9773 0.0595
vn -0.2370 -0.9693 -0.0648
vn -0.6565 -0.7540 -0.0226
vn -0.6648 -0.7388 -0.1106
vn 0.8506 0.1981 -0.4871
vn 0.8164 0.3907 -0.4252
vn 0.7446 0.5463 -0.3836
vn 0.7652 0.6237 -0.1592
vn 0.4327 0.8160 -0.3832
vn 0.4090 0.9077 -0.0940
vn 0.0019 0.9001 -0.4357
vn -0.1170 0.9895 -0.0854
vn -0.4806 0.7330 -0.4813
vn -0.6154 0.7750 -0.1439
vn -0.7651 0.3544 -0.5376
vn -0.8953 0.3707 -0.2472
vn -0.9131 0.0124 -0.4076
vn -0.9278 0.1752 -0.3293
vn 0.9745 0.1886 -0.1213
vn 0.7300 0.6831 -0.0225
vn 0.9777 0.1999 -0.0648
vn 0.6833 0.7292 -0.0360
vn 0.3192 0.9468 0.0417
vn 0.2481 0.9685 -0.0199
vn -0.1697 0.9850 0.0309
vn -0.2042 0.9780 -0.0420
vn -0.6428 0.7646 -0.0457
vn -0.6574 0.7442 -0.1183
vn -0.9195 0.3662 -0.1430
vn -0.9324 0.3193 -0.1691
vn -0.9993 0.0008 0.0378
vn -0.9769 0.0938 -0.1923
vn 0.9502 -0.2905 -0.1128
vn 0.9265 -0.3055 -0.2198
vn 0.7400 -0.6502 -0.1720
vn 0.6982 -0.6468 -0.3070
vn 0.2651 -0.9370 -0.2275
vn 0.2509 -0.8893 -0.3823
vn -0.2717 -0.9315 -0.2418
vn -0.2727 -0.8799 -0.3891
vn -0.6742 -0.6986 -0.2397
vn -0.6674 -0.6549 -0.3546
vn -0.6617 -0.5977 -0.4526
vn -0.5792 -0.4868 -0.6539
vn -0.1984 -0.6969 -0.6892
vn -0.2671 -0.8335 -0.4836
vn 0.2925 -0.7038 -0.6474
vn 0.2482 -0.8480 -0.4682
vn 0.6434 -0.5025 -0.5776
vn 0.6772 -0.6211 -0.3945
vn 0.8504 -0.1808 -0.4940
vn 0.9067 -0.2713 -0.3228
vn -0.1908 -0.3232 -0.9269
vn 0.1364 -0.4896 -0.8612
vn 0.6079 -0.1382 -0.7819
vn 0.7610 0.1055 -0.6401
vn 0.2590 -0.1757 -0.9498
vn -0.2066 0.0202 -0.9782
vn -0.2129 -0.6398 0.7384
vn 0.1324 -0.3433 0.9298
vn 0.4729 0.0133 0.8810
vn 0.6391 0.3042 0.7064
vn 0.5015 0.5181 -0.6929
vn 0.2167 0.6926 -0.6880
vn -0.3049 0.4074 -0.8608
vn 0.0774 -0.4374 0.8959
vn 0.3664 -0.4454 0.8169
vn 0.4247 -0.1985 0.8833
vn 0.0692 -0.1835 0.9806
vn 0.0865 -0.7529 0.6524
vn 0.3874 -0.7427 0.5462
vn 0.6322 -0.5068 0.5861
vn 0.7140 -0.2474 0.6550
vn 0.8852 -0.3339 0.3239
vn 0.7408 -0.6056 0.2905
vn 0.4136 -0.8725 0.2603
vn -0.2237 -0.4290 0.8752
vn -0.2433 -0.7287 0.6401
vn -0.5140 -0.4754 0.7140
vn -0.6518 -0.5789 0.4898
vn -0.2713 -0.8843 0.3799
vn -0.7851 -0.2957 0.5443
vn -0.5833 -0.2330 0.7781
vn -0.2834 -0.1975 0.9384
vn 0.0971 -0.9433 0.3175
vn -0.8381 -0.1332 0.5289
vn -0.6163 -0.0727 0.7841
vn -0.3091 -0.0267 0.9507
vn 0.0616 -0.0040 0.9981
vn 0.4405 -0.0339 0.8971
vn 0.7402 -0.1079 0.6637
vn 0.9254 -0.2021 0.3205
vn -0.8558 0.3363 -0.3931
vn -0.7995 0.2327 -0.5538
vn -0.8180 0.2156 -0.5333
vn -0.8082 0.2243 -0.5446
vn -0.7525 0.2788 -0.5967
vn -0.6799 0.2139 -0.7014
vn -0.5514 -0.2673 -0.7902
vn -0.7695 0.1264 -0.6260
vn 0.8643 0.3535 0.3578
vn 0.9243 -0.3725 0.0831
vn 0.8476 -0.4755 -0.2353
vn 0.5701 -0.6232 -0.5354
vn 0.5883 -0.6712 0.4510
vn 0.5313 -0.8466 -0.0316
vn 0.3343 -0.7133 0.6160
vn 0.2620 -0.9564 0.1290
vn 0.4466 -0.8200 -0.3579
vn 0.2505 -0.9288 -0.2732
vn 0.1272 -0.9768 0.1722
vn 0.1156 -0.9739 -0.1955
vn 0.1688 -0.7215 0.6715
vn 0.0157 -0.7301 0.6831
vn 0.0191 -0.9824 0.1856
vn 0.0143 -0.9849 -0.1727
vn 0.3032 -0.7224 -0.6215
vn 0.3142 -0.7322 -0.6043
vn 0.0224 -0.7770 -0.6291
vn -0.7142 -0.2368 -0.6586
vn 0.0017 -0.5865 -0.8099
vn -0.0080 -0.0162 -0.9998
vn 0.0081 -0.8837 -0.4679
vn 0.1113 -0.8367 -0.5362
vn -0.0227 0.2995 -0.9538
vn -0.7619 0.3138 -0.5666
vn -0.0086 -0.0696 -0.9975
vn -0.7829 -0.0576 -0.6195
vn -0.5228 -0.7205 -0.4555
vn -0.0000 -0.7911 -0.6117
vn 0.7530 0.2988 -0.5862
vn 0.7788 -0.0735 -0.6229
vn 0.5229 -0.7205 -0.4555
vn 0.7211 -0.2194 -0.6571
vn -0.0231 -0.7858 -0.6180
vn -0.3103 -0.7721 -0.5546
vn -0.1061 -0.8277 -0.5511
vn -0.2767 -0.7219 -0.6342
vn -0.5118 -0.7265 -0.4585
vn -0.8008 -0.5783 -0.1560
vn -0.8520 -0.4995 0.1567
vn -0.6214 -0.6463 0.4428
vn -0.5599 -0.8273 -0.0448
vn -0.3401 -0.6980 0.6302
vn -0.2639 -0.9553 0.1329
vn -0.4686 -0.8068 -0.3599
vn -0.2527 -0.9242 -0.2864
vn -0.1015 -0.9799 0.1715
vn -0.0990 -0.9743 -0.2025
vn -0.1479 -0.7112 0.6873
vn -0.1517 -0.9246 0.3494
vn 0.2627 -0.9410 0.2136
vn 0.2017 -0.9668 -0.1569
vn -0.0388 -0.8944 0.4456
vn -0.4346 -0.4592 0.7748
vn -0.0632 -0.9400 0.3352
vn -0.3572 -0.2044 0.9114
vn -0.0475 -0.9252 0.3765
vn -0.0208 -0.9060 0.4228
vn -0.1837 -0.1713 0.9679
vn 0.0071 -0.1634 0.9865
vn 0.0099 -0.9365 0.3506
vn 0.0417 -0.9218 0.3854
vn 0.1925 -0.1732 0.9659
vn 0.3287 -0.2270 0.9167
vn -0.0115 -0.9294 0.3688
vn -0.0126 -0.9584 0.2851
vn 0.0092 -0.9355 0.3532
vn 0.4581 -0.3959 0.7959
vn -0.1138 -0.9899 0.0849
vn -0.1285 -0.9877 0.0889
vn 0.5847 -0.3600 0.7270
vn 0.3576 -0.3685 0.8581
vn 0.1874 -0.3551 0.9159
vn 0.0087 -0.3645 0.9312
vn -0.1700 -0.3650 0.9154
vn -0.3576 -0.3553 0.8637
vn -0.5908 -0.3869 0.7080
vn 0.6049 0.0224 -0.7960
vn 0.6141 0.1379 -0.7771
vn 0.3601 0.1605 -0.9190
vn 0.3591 -0.0026 -0.9333
vn -0.0191 0.1863 -0.9823
vn 0.0009 -0.0063 -1.0000
vn 0.8421 0.0764 -0.5339
vn 0.8472 0.1314 -0.5147
vn 0.9222 0.1591 -0.3525
vn 0.9896 -0.1276 -0.0670
vn 0.6571 -0.1094 -0.7458
vn 0.3860 -0.1812 -0.9045
vn 0.3806 -0.1856 -0.9059
vn 0.6885 -0.1342 -0.7127
vn 0.0119 -0.1969 -0.9804
vn -0.0017 -0.1818 -0.9833
vn 0.8776 0.0110 -0.4792
vn 0.9087 -0.0162 -0.4172
vn 0.9401 0.1491 -0.3066
vn 0.9976 -0.0511 0.0469
vn -0.0422 -0.0488 -0.9979
vn 0.3057 -0.0647 -0.9499
vn -0.0801 0.2181 -0.9726
vn 0.2360 0.2271 -0.9448
vn -0.0231 0.4900 -0.8714
vn 0.2414 0.5968 -0.7652
vn 0.0721 0.7467 -0.6613
vn 0.2914 0.7386 -0.6079
vn 0.5390 0.7056 -0.4600
vn 0.6297 0.4759 -0.6140
vn 0.5715 0.1687 -0.8031
vn 0.6522 -0.0363 -0.7572
vn 0.8473 0.4455 -0.2890
vn 0.8595 0.2520 -0.4447
vn 0.9247 0.3326 -0.1851
vn 0.9108 0.0606 -0.4084
vn 0.9041 0.2615 0.3380
vn 0.8941 0.3023 0.3306
vn 0.7080 0.3167 0.6312
vn 0.7004 0.3988 0.5919
vn 0.4305 0.4625 0.7751
vn 0.4333 0.3504 0.8303
vn 0.9111 0.2210 0.3479
vn 0.9076 0.1989 0.3696
vn 0.6809 0.2203 0.6984
vn 0.7000 0.2528 0.6679
vn 0.6788 0.2073 0.7045
vn 0.3818 0.2050 0.9012
vn 0.3886 0.2321 0.8917
vn 0.9123 0.1954 0.3598
vn 0.4170 0.2753 0.8662
vn 0.0627 0.4977 0.8651
vn 0.0416 0.3718 0.9274
vn -0.0099 0.2458 0.9693
vn 0.0128 0.2938 0.9558
vn -0.0139 0.2108 0.9774
vn -0.3920 0.3694 0.8426
vn -0.3549 0.5051 0.7867
vn -0.7183 0.3360 0.6092
vn -0.6897 0.4571 0.5616
vn -0.8993 0.3621 0.2454
vn -0.9208 0.2798 0.2716
vn -0.9957 0.0903 0.0207
vn -0.9717 0.2158 0.0965
vn -0.9228 0.2472 0.2954
vn -0.9748 0.2032 0.0923
vn -0.9110 0.2664 0.3149
vn -0.7111 0.2664 0.6507
vn -0.7258 0.2673 0.6338
vn -0.9115 0.2604 0.3183
vn -0.9638 0.2445 0.1063
vn -0.9943 0.0069 -0.1068
vn -0.6986 0.2564 0.6680
vn -0.4256 0.2580 0.8674
vn -0.4126 0.2282 0.8819
vn -0.4203 0.2891 0.8601
vn -0.9091 0.2377 0.3422
vn -0.8998 0.2749 0.3388
vn -0.6780 0.1890 0.7103
vn -0.6958 0.1961 0.6909
vn -0.4088 0.1411 0.9017
vn -0.4086 0.1759 0.8956
vn -0.0175 0.1425 0.9896
vn -0.0134 0.1769 0.9841
vn 0.3916 0.1806 0.9022
vn 0.3889 0.1793 0.9037
vn 0.6849 0.2022 0.7000
vn 0.6602 0.2607 0.7044
vn 0.9064 0.2384 0.3488
vn 0.8712 0.3292 0.3641
vn 0.6570 0.3006 0.6914
vn 0.8538 0.3651 0.3712
vn 0.3676 0.2109 0.9058
vn -0.0372 0.1365 0.9899
vn -0.3866 0.1563 0.9089
vn -0.6738 0.2431 0.6978
vn -0.8808 0.3380 0.3317
vn -0.8429 0.4223 0.3333
vn -0.6465 0.3350 0.6854
vn -0.3813 0.2329 0.8946
vn -0.0224 0.1661 0.9859
vn 0.3365 0.2407 0.9104
vn 0.6178 0.3671 0.6954
vn 0.8003 0.4580 0.3871
vn 0.0854 0.9838 0.1579
vn 0.2870 0.9417 0.1756
vn -0.0534 0.8659 0.4973
vn 0.2729 0.8273 0.4910
vn 0.6351 0.7443 0.2067
vn 0.5229 0.7187 0.4584
vn 0.3283 0.7042 0.6295
vn -0.0052 0.7570 0.6534
vn 0.3966 0.5928 0.7010
vn 0.0431 0.6445 0.7634
vn 0.6054 0.6029 0.5196
vn 0.8117 0.5134 0.2785
vn 0.8718 0.3702 0.3208
vn 0.6643 0.4974 0.5580
vn -0.3465 0.6465 0.6797
vn -0.3453 0.7334 0.5855
vn -0.3547 0.8264 0.4373
vn -0.4073 0.9038 0.1312
vn -0.4731 0.8801 -0.0400
vn -0.5928 0.7965 -0.1193
vn -0.6684 0.7350 0.1142
vn -0.5630 0.7378 0.3725
vn -0.6143 0.6539 0.4417
vn -0.8112 0.5835 -0.0385
vn -0.8096 0.5619 0.1698
vn -0.8814 0.4697 -0.0502
vn -0.8671 0.4486 0.2163
vn -0.6507 0.5740 0.4971
vn -0.6578 0.0712 -0.7498
vn -0.3912 0.0219 -0.9200
vn -0.4181 0.1987 -0.8864
vn -0.6798 0.2010 -0.7053
vn -0.8520 0.1281 -0.5076
vn -0.8572 0.2098 -0.4703
vn -0.6904 -0.0532 -0.7214
vn -0.3938 -0.1511 -0.9067
vn -0.4001 -0.1286 -0.9074
vn -0.7187 -0.0364 -0.6944
vn -0.8771 0.0660 -0.4758
vn -0.8988 0.0813 -0.4307
vn -0.3760 -0.0092 -0.9266
vn -0.3796 0.2612 -0.8875
vn -0.4165 0.5696 -0.7085
vn -0.6787 0.4759 -0.5594
vn -0.6378 0.2408 -0.7316
vn -0.8405 0.3209 -0.4365
vn -0.8943 0.1673 -0.4150
vn -0.7024 0.0690 -0.7085
vn -0.8657 0.2355 -0.4417
vn 0.5012 0.2252 -0.8355
vn 0.1585 0.3640 -0.9178
vn 0.5950 0.7167 -0.3637
vn 0.6929 0.6621 -0.2855
vn -0.0241 -0.3841 -0.9230
vn -0.0656 -0.3198 -0.9452
vn 0.4786 0.8103 0.3382
vn -0.3704 0.6535 0.6601
vn 0.1005 0.8744 -0.4747
vn 0.5139 0.7753 0.3672
vn -0.4006 -0.8193 -0.4101
vn -0.6435 -0.0895 0.7602
vn -0.6736 0.0095 -0.7390
vn -0.4995 -0.7728 -0.3915
vn 0.7745 0.6024 -0.1929
vn 0.5744 0.2039 -0.7928
vn 0.5893 0.7228 0.3608
vn 0.9976 -0.0693 0.0025
vn 0.7263 0.0919 -0.6812
vn 0.3994 -0.8404 -0.3662
vn -0.1250 0.0248 0.9919
vn -0.1861 -0.8236 0.5357
vn 0.4721 -0.8703 0.1404
vn 0.9811 -0.1543 -0.1164
vn 0.4009 -0.7616 -0.5092
vn 0.0579 -0.1498 0.9870
vn -0.4417 -0.6546 0.6135
vn 0.0059 -0.4545 -0.8907
vn -0.5234 -0.7567 -0.3916
vn -0.9100 0.3182 0.2659
vn -0.6936 0.3439 -0.6330
vn -0.5457 0.7668 -0.3380
vn -0.4307 0.7243 0.5384
vn -0.0986 0.8565 -0.5067
vn -0.3819 0.2382 -0.8930
vn -0.5861 0.7358 -0.3392
vn -0.4721 0.7720 -0.4255
vn -0.0710 0.3274 -0.9422
vn 0.0975 -0.4208 -0.9019
vn 0.0944 -0.3962 -0.9133
vn -0.3855 0.8804 0.2762
vn 0.3732 0.7816 0.4998
vn -0.1793 0.9287 -0.3245
vn -0.4638 0.8318 0.3051
vn 0.3960 -0.8685 -0.2982
vn 0.4893 -0.5136 -0.7048
vn 0.4571 -0.8406 -0.2907
vn -0.7296 0.6367 -0.2496
vn -0.4939 0.2045 -0.8451
vn -0.5326 0.7636 0.3650
vn -0.9982 0.0451 0.0387
vn -0.7243 0.0190 -0.6893
vn -0.3301 -0.8257 -0.4575
vn 0.2738 0.0382 0.9610
vn 0.1028 -0.9102 0.4013
vn -0.5411 -0.8123 0.2177
vn -0.9913 -0.0770 -0.1063
vn -0.3392 -0.7469 -0.5719
vn -0.2924 -0.2397 0.9257
vn 0.2199 -0.7462 0.6283
vn 0.0698 -0.4736 -0.8780
vn 0.5426 -0.7763 -0.3209
vn 0.8921 0.3050 0.3334
vn 0.5318 0.7521 -0.3894
vn 0.3893 0.3304 -0.8598
vn 0.7244 0.5637 0.3969
vn 0.3052 0.7074 -0.6375
vn 0.6575 -0.5253 0.5402
vn 0.9555 0.2929 0.0342
vn 0.8325 0.2927 -0.4704
vn 0.7321 0.4983 -0.4645
vn 0.7537 -0.2799 0.5947
vn 0.5772 0.6671 -0.4710
vn 0.7696 -0.0016 0.6385
vn 0.3750 0.7807 -0.5000
vn 0.6997 0.2668 0.6627
vn 0.1522 0.8267 -0.5417
vn 0.5518 0.5028 0.6654
vn -0.0717 0.8013 -0.5939
vn 0.3406 0.6831 0.6461
vn -0.2746 0.7068 -0.6519
vn 0.0867 0.7902 0.6066
vn -0.4368 0.5525 -0.7099
vn -0.1851 0.8137 0.5510
vn -0.5424 0.3535 -0.7621
vn -0.4482 0.7511 0.4847
vn -0.5811 0.1294 -0.8035
vn -0.6767 0.6087 0.4141
vn -0.5490 -0.0981 -0.8300
vn -0.8485 0.4003 0.3462
vn -0.4494 -0.3066 -0.8391
vn -0.9465 0.1463 0.2875
vn -0.2919 -0.4757 -0.8297
vn -0.9613 -0.1282 0.2439
vn -0.0921 -0.5888 -0.8030
vn -0.8913 -0.3967 0.2196
vn 0.1308 -0.6349 -0.7614
vn -0.7435 -0.6326 0.2170
vn 0.3546 -0.6096 -0.7090
vn -0.5323 -0.8129 0.2362
vn 0.5576 -0.5150 -0.6511
vn -0.2784 -0.9201 0.2756
vn 0.7198 -0.3607 -0.5932
vn -0.0064 -0.9435 0.3312
vn 0.8254 -0.1618 -0.5409
vn 0.2566 -0.8810 0.3975
vn 0.8641 0.0625 -0.4995
vn 0.2100 0.1423 -0.9673
vn -0.2100 -0.1423 0.9673
vn -0.8275 0.5584 0.0595
vn -0.7321 0.4983 -0.4645
vn -0.8324 0.2927 -0.4706
vn -0.0136 0.8054 0.5926
vn -0.8671 -0.1442 0.4768
vn -0.5772 0.6671 -0.4711
vn -0.8425 0.1538 0.5163
vn -0.3750 0.7807 -0.4999
vn -0.7296 0.4295 0.5321
vn -0.1521 0.8267 -0.5417
vn -0.5390 0.6590 0.5246
vn 0.0717 0.8013 -0.5939
vn -0.2894 0.8198 0.4941
vn 0.2746 0.7068 -0.6519
vn -0.0054 0.8962 0.4436
vn 0.4368 0.5525 -0.7099
vn 0.2853 0.8807 0.3782
vn 0.5424 0.3535 -0.7621
vn 0.5543 0.7748 0.3041
vn 0.5811 0.1294 -0.8035
vn 0.7752 0.5888 0.2288
vn 0.5490 -0.0981 -0.8300
vn 0.9264 0.3410 0.1595
vn 0.4494 -0.3066 -0.8391
vn 0.9931 0.0556 0.1031
vn 0.2919 -0.4757 -0.8298
vn 0.9688 -0.2392 0.0649
vn 0.0921 -0.5889 -0.8030
vn 0.8558 -0.5150 0.0487
vn -0.1308 -0.6349 -0.7614
vn 0.6652 -0.7445 0.0565
vn -0.3546 -0.6096 -0.7090
vn 0.4156 -0.9054 0.0869
vn -0.5576 -0.5150 -0.6511
vn 0.1316 -0.9817 0.1374
vn -0.7198 -0.3607 -0.5932
vn -0.1591 -0.9662 0.2028
vn -0.8254 -0.1617 -0.5409
vn -0.4282 -0.8602 0.2769
vn -0.8641 0.0624 -0.4995
vn -0.2100 0.1423 -0.9673
vn 0.2100 -0.1423 0.9673
vn 0.9500 0.2941 0.1049
vn 0.7813 0.2340 -0.5786
vn 0.6990 0.4069 -0.5881
vn 0.8966 0.4345 0.0854
vn 0.4914 0.1921 -0.8495
vn 0.4310 0.2446 -0.8686
vn 0.5062 0.6374 -0.5809
vn 0.4220 0.9066 0.0067
vn 0.5203 0.1549 -0.8398
vn 0.8368 0.1247 -0.5332
vn 0.9881 0.0618 0.1411
vn 0.5436 0.3649 -0.7559
vn -0.7249 0.4852 -0.4890
vn 0.5526 0.1403 -0.8216
vn 0.8607 0.0672 -0.5046
vn 0.9867 -0.0577 0.1517
vn 0.9796 -0.1737 0.1011
vn 0.8388 0.0159 -0.5443
vn 0.8136 -0.1130 -0.5704
vn 0.5628 0.1266 -0.8169
vn 0.5461 0.0977 -0.8320
vn 0.5192 0.0239 -0.8543
vn 0.7107 -0.3501 -0.6102
vn 0.9134 -0.4045 0.0463
vn 0.7316 -0.6142 -0.2959
vn 0.5531 -0.5003 0.6662
vn 0.5115 -0.7987 0.3168
vn 0.5756 0.1358 -0.8064
vn 0.7516 0.1061 -0.6511
vn 0.1261 0.9920 -0.0007
vn 0.6130 -0.2776 0.7397
vn 0.6241 -0.1570 0.7654
vn 0.6300 -0.0461 0.7752
vn 0.3828 -0.7584 -0.5276
vn 0.6884 0.2373 -0.6854
vn 0.6041 0.1730 0.7779
vn 0.5663 0.2988 0.7681
vn 0.0448 -0.8653 -0.4992
vn -0.0250 -0.9854 -0.1683
vn -0.0197 -0.9880 -0.1530
vn 0.0161 -0.8514 -0.5243
vn 0.0594 -0.3030 -0.9511
vn 0.1268 -0.3259 -0.9369
vn 0.0829 -0.8611 -0.5017
vn 0.1904 -0.3385 -0.9215
vn 0.6691 -0.4110 -0.6192
vn 0.0754 0.1654 -0.9833
vn 0.0790 0.1866 -0.9793
vn 0.6982 -0.6466 -0.3073
vn 0.0844 0.1612 -0.9833
vn 0.2665 -0.9087 -0.3213
vn -0.0618 -0.9149 -0.3989
vn 0.0854 0.1384 -0.9867
vn 0.2246 -0.2476 -0.9425
vn -0.5318 0.1739 -0.8288
vn 0.1078 0.1477 -0.9831
vn -0.4274 -0.8018 -0.4177
vn 0.1645 0.6949 -0.7000
vn 0.0822 0.3418 -0.9362
vn 0.0513 0.8361 -0.5462
vn 0.0263 0.9996 0.0121
vn 0.0072 0.9989 0.0456
vn -0.0838 0.8533 0.5147
vn -0.0853 0.8715 0.4830
vn 0.0537 0.9983 -0.0223
vn -0.0309 0.8379 0.5450
vn -0.0000 0.1721 -0.9851
vn -0.0000 0.3483 -0.9374
vn -0.0661 0.8657 0.4962
vn 0.1431 0.9890 -0.0366
vn 0.2157 0.6742 -0.7064
vn -0.6904 -0.5758 -0.4379
vn 0.3169 0.6407 -0.6993
vn -0.5500 0.3282 -0.7680
vn 0.2823 0.4512 -0.8466
vn 0.1514 0.7807 0.6063
vn -0.0000 0.8476 -0.5307
vn -0.0000 0.9978 0.0658
vn 0.0096 0.8242 0.5662
vn -0.0513 0.8361 -0.5462
vn -0.0823 0.3418 -0.9362
vn -0.1645 0.6949 -0.7001
vn -0.0263 0.9996 0.0121
vn -0.0073 0.9989 0.0456
vn 0.0802 0.8514 0.5183
vn 0.0844 0.8717 0.4827
vn -0.0537 0.9983 -0.0223
vn 0.0310 0.8390 0.5432
vn -0.1078 0.1477 -0.9831
vn 0.0672 0.8650 0.4972
vn -0.1431 0.9890 -0.0366
vn -0.2157 0.6742 -0.7064
vn -0.7704 0.4973 -0.3990
vn -0.8728 0.4821 -0.0761
vn -0.0854 0.1384 -0.9867
vn -0.0844 0.1612 -0.9833
vn -0.5570 0.8304 0.0150
vn -0.2234 0.9740 -0.0370
vn -0.0791 0.1867 -0.9792
vn 0.1317 0.9815 -0.1392
vn -0.0754 0.1654 -0.9833
vn -0.0594 -0.3030 -0.9511
vn -0.1268 -0.3259 -0.9369
vn -0.0448 -0.8653 -0.4992
vn -0.0829 -0.8611 -0.5017
vn -0.1904 -0.3385 -0.9215
vn -0.0161 -0.8514 -0.5243
vn 0.0197 -0.9880 -0.1530
vn 0.0250 -0.9854 -0.1683
vn 0.4948 0.8430 -0.2110
vn 0.6701 0.6470 -0.3638
vn -0.1903 -0.7793 -0.5970
vn -0.0622 -0.9708 -0.2318
vn -0.4286 -0.6193 -0.6578
vn -0.3036 -0.9295 -0.2094
vn 0.1060 -0.9666 0.2335
vn -0.0654 -0.9464 0.3162
vn -0.4759 -0.8599 -0.1847
vn -0.5116 -0.7987 0.3168
vn -0.7011 -0.3570 -0.6173
vn -0.5192 0.0239 -0.8543
vn -0.8136 -0.1130 -0.5704
vn -0.5461 0.0977 -0.8320
vn -0.9134 -0.4045 0.0463
vn -0.5538 -0.4992 0.6664
vn -0.5628 0.1266 -0.8169
vn -0.8387 0.0159 -0.5443
vn -0.9796 -0.1737 0.1011
vn -0.5756 0.1358 -0.8064
vn -0.2718 -0.6746 -0.6863
vn -0.7391 0.0822 -0.6686
vn -0.8608 0.0677 -0.5045
vn -0.9867 -0.0577 0.1517
vn -0.9881 0.0618 0.1411
vn -0.8367 0.1247 -0.5332
vn -0.9500 0.2941 0.1049
vn -0.7813 0.2340 -0.5786
vn -0.6980 0.4058 -0.5900
vn -0.7891 0.5896 -0.1722
vn -0.4914 0.1921 -0.8495
vn -0.4310 0.2446 -0.8686
vn -0.5062 0.6374 -0.5809
vn -0.4219 0.9066 0.0067
vn -0.5203 0.1549 -0.8398
vn -0.8354 -0.1237 -0.5356
vn -0.6510 0.2698 -0.7095
vn -0.5526 0.1402 -0.8216
vn -0.6256 -0.1531 0.7650
vn -0.6138 -0.2730 0.7407
vn -0.7275 0.1004 -0.6787
vn -0.2872 -0.9240 -0.2523
vn -0.6329 -0.0416 0.7731
vn -0.6075 0.1807 0.7735
vn -0.6005 0.5671 0.5637
vn -0.2416 0.1684 0.9556
vn -0.2366 0.3070 0.9218
vn -0.2806 0.3184 0.9055
vn 0.5411 -0.7095 0.4515
vn -0.2041 0.3251 0.9234
vn 0.7285 -0.4916 0.4772
vn -0.1333 0.2981 0.9452
vn 0.8440 -0.2261 0.4864
vn -0.0687 0.2475 0.9665
vn 0.8433 0.0258 0.5368
vn -0.6054 0.3650 0.7073
vn -0.1643 0.2240 0.9606
vn -0.0038 -0.0226 0.9997
vn -0.1555 0.0154 0.9877
vn -0.4725 0.6104 0.6357
vn 0.0040 -0.1336 0.9910
vn -0.2912 0.7032 0.6486
vn -0.0197 -0.1715 0.9850
vn -0.0698 0.6499 0.7568
vn -0.0319 -0.2096 0.9773
vn 0.0936 0.3684 0.9249
vn -0.0525 -0.3224 0.9452
vn 0.1406 0.0814 0.9867
vn -0.0725 -0.3815 0.9215
vn -0.2585 -0.5486 0.7951
vn -0.2500 -0.4354 0.8648
vn -0.2751 -0.5482 0.7898
vn -0.2281 -0.4731 0.8509
vn 0.6616 -0.2073 0.7207
vn -0.2113 -0.5381 0.8159
vn 0.7275 -0.3565 0.5862
vn -0.1360 -0.5172 0.8450
vn -0.0560 -0.5105 0.8581
vn -0.0000 -0.1549 0.9879
vn -0.3729 -0.0008 0.9279
vn 0.3044 -0.7099 0.6351
vn -0.0000 -0.1520 0.9884
vn 0.3072 -0.8136 0.4936
vn -0.0000 -0.1725 0.9850
vn -0.0000 -0.1748 0.9846
vn -0.3447 -0.4678 0.8138
vn -0.0000 0.2146 0.9767
vn -0.0083 -0.4691 0.8831
vn -0.3072 -0.8136 0.4936
vn 0.2238 -0.1414 0.9643
vn -0.0066 -0.9359 0.3522
vn 0.0655 0.2435 0.9677
vn 0.3729 -0.0008 0.9279
vn 0.4633 -0.8609 0.2101
vn 0.7457 -0.6490 0.1506
vn 0.1531 0.2937 0.9436
vn 0.9344 -0.3487 0.0734
vn 0.2210 0.3262 0.9191
vn 0.9983 -0.0544 0.0195
vn 0.2895 0.3247 0.9004
vn 0.9900 0.1330 0.0467
vn 0.2308 0.2893 0.9290
vn 0.9586 0.2709 0.0875
vn 0.1621 0.0595 0.9850
vn 0.0050 -0.0250 0.9997
vn 0.8895 0.4387 0.1279
vn 0.7238 0.6534 0.2217
vn -0.0126 -0.1268 0.9918
vn 0.4542 0.8111 0.3685
vn 0.0201 -0.1726 0.9848
vn 0.1851 0.8495 0.4940
vn 0.0342 -0.2098 0.9771
vn -0.0469 0.8143 0.5785
vn 0.0533 -0.3225 0.9451
vn -0.2420 0.7479 0.6182
vn 0.2203 -0.3888 0.8946
vn 0.2598 -0.5489 0.7945
vn -0.4265 0.6523 0.6266
vn 0.2789 -0.5443 0.7912
vn -0.6618 0.4651 0.5880
vn -0.8494 0.1702 0.4996
vn 0.2115 -0.5374 0.8164
vn -0.8831 -0.1560 0.4424
vn 0.1362 -0.5150 0.8463
vn 0.0636 -0.4973 0.8652
vn 0.0644 -0.9467 0.3155
vn 0.3036 -0.9295 -0.2094
vn -0.1058 -0.9666 0.2335
vn 0.0622 -0.9708 -0.2318
vn 0.4286 -0.6194 -0.6578
vn 0.4272 -0.1040 -0.8982
vn 0.1903 -0.7794 -0.5969
vn 0.3027 -0.2406 -0.9222
vn -0.0008 -0.9815 -0.1914
vn -0.1159 -0.9581 0.2619
vn 0.6307 -0.0240 -0.7757
vn 0.2753 -0.3733 -0.8859
vn 0.6123 0.7904 0.0200
vn 0.7746 0.6324 0.0011
vn -0.1123 -0.9501 0.2911
vn -0.1250 -0.9377 0.3243
vn -0.0000 -0.9895 -0.1445
vn -0.0000 -0.8540 -0.5202
vn -0.0000 -0.3200 -0.9474
vn -0.0000 0.1480 -0.9890
vn -0.0000 0.1732 -0.9849
vn -0.0000 0.1716 -0.9852
vn -0.0000 0.1699 -0.9855
vn -0.0000 -0.9390 0.3438
vn 0.1019 -0.9523 0.2878
vn 0.1515 -0.9512 0.2688
vn 0.1243 -0.9596 0.2523
vn 0.0008 -0.9815 -0.1914
vn -0.1493 0.7883 0.5969
vn -0.4272 -0.1040 -0.8982
vn -0.3027 -0.2406 -0.9222
vn -0.0674 -0.3402 -0.9379
vn 0.6427 -0.4010 -0.6528
vn -0.5017 -0.1012 -0.8591
vn -0.3706 -0.1666 -0.9137
vn -0.2124 0.5019 -0.8384
vn 0.5771 0.1292 -0.8064
vn 0.5499 0.3281 -0.7680
vn -0.3169 0.6407 -0.6993
vn 0.9166 -0.2632 -0.3010
vn 0.2224 -0.3375 -0.9147
vn 0.9069 -0.0927 0.4111
vn 0.4866 0.2170 0.8462
vn 0.8418 -0.0890 0.5324
vn 0.3888 0.2304 0.8921
vn 0.4953 -0.0426 -0.8677
vn 0.0921 -0.3352 -0.9376
vn 0.3377 -0.0609 -0.9393
vn -0.0085 -0.3563 -0.9343
vn -0.1566 -0.3460 -0.9251
vn 0.6874 -0.2460 -0.6834
vn -0.3081 -0.3425 -0.8876
vn 0.5817 -0.1697 -0.7955
vn -0.1880 -0.0084 -0.9821
vn -0.4320 -0.3688 -0.8230
vn -0.3846 -0.0600 -0.9211
vn -0.5447 -0.3995 -0.7373
vn -0.5576 -0.1155 -0.8221
vn -0.6325 -0.4451 -0.6339
vn -0.6972 -0.1374 -0.7036
vn -0.7219 -0.4657 -0.5118
vn -0.7240 -0.2156 -0.6552
vn -0.7956 -0.4767 -0.3737
vn -0.8666 -0.1438 -0.4778
vn -0.8453 -0.4764 -0.2417
vn -0.9262 -0.1337 -0.3526
vn -0.8755 -0.4767 -0.0787
vn -0.9678 -0.1421 -0.2080
vn -0.8756 -0.4765 0.0795
vn -0.9795 -0.1913 -0.0636
vn -0.8371 -0.4978 0.2268
vn -0.9692 -0.2329 0.0796
vn -0.7682 -0.5214 0.3716
vn -0.9420 -0.2569 0.2160
vn -0.6751 -0.5339 0.5092
vn -0.8971 -0.2539 0.3616
vn -0.5679 -0.5282 0.6313
vn -0.8375 -0.2378 0.4919
vn -0.4552 -0.5187 0.7237
vn -0.7871 -0.2116 0.5793
vn -0.3593 -0.5103 0.7813
vn -0.7458 -0.1918 0.6380
vn -0.2831 -0.5024 0.8170
vn -0.6981 -0.1863 0.6914
vn -0.2003 -0.4930 0.8467
vn -0.6268 -0.2088 0.7507
vn -0.1229 -0.5019 0.8561
vn -0.6717 -0.2659 -0.6915
vn -0.7674 0.2879 -0.5729
vn 0.9593 -0.2412 0.1467
vn 0.5965 -0.3306 -0.7314
vn 0.8630 -0.0910 0.4969
vn 0.1319 0.2557 0.9577
vn 0.6862 -0.2601 -0.6793
vn 0.6613 0.3705 -0.6522
vn 0.8697 -0.0309 -0.4927
vn 0.4970 -0.3200 -0.8066
vn -0.6900 0.7061 0.1593
vn -0.6667 0.6981 0.2609
vn -0.6996 0.7107 0.0747
vn -0.6285 0.6879 0.3630
vn -0.5845 0.6737 0.4522
vn -0.5324 0.6584 0.5320
vn -0.4506 0.6451 0.6171
vn -0.3300 0.6430 0.6912
vn -0.2079 0.6506 0.7304
vn -0.1034 0.6666 0.7382
vn 0.0040 0.6753 0.7375
vn 0.1025 0.6730 0.7325
vn 0.1911 0.6589 0.7276
vn 0.2975 0.6554 0.6942
vn 0.4113 0.6612 0.6274
vn 0.4986 0.6774 0.5409
vn 0.5589 0.6959 0.4509
vn 0.6077 0.7140 0.3478
vn 0.6466 0.7259 0.2343
vn 0.6666 0.7333 0.1336
vn 0.6767 0.7335 0.0643
vn 0.6791 0.7340 0.0086
vn 0.6731 0.7369 -0.0621
vn 0.6532 0.7440 -0.1406
vn 0.6817 0.7049 -0.1962
vn 0.7683 -0.6327 0.0971
vn 0.7346 -0.6443 0.2126
vn 0.7600 -0.6442 -0.0862
vn 0.7707 -0.6371 -0.0071
vn 0.7422 -0.6321 -0.2228
vn 0.7502 -0.6436 -0.1515
vn 0.7285 -0.5984 -0.3336
vn 0.7198 -0.6280 -0.2958
vn 0.6728 -0.6641 0.3261
vn 0.5859 -0.6873 0.4292
vn 0.4859 -0.7038 0.5182
vn 0.3799 -0.7112 0.5915
vn 0.2631 -0.7127 0.6503
vn 0.1440 -0.7088 0.6905
vn 0.0240 -0.7006 0.7131
vn -0.1078 -0.7104 0.6955
vn -0.2422 -0.7190 0.6515
vn -0.3673 -0.7228 0.5853
vn -0.4769 -0.7209 0.5028
vn -0.5696 -0.7118 0.4111
vn -0.6459 -0.6936 0.3189
vn -0.7001 -0.6789 0.2214
vn -0.7358 -0.6665 0.1196
vn -0.7476 -0.6639 0.0168
vn -0.7453 -0.6624 -0.0752
vn -0.6979 0.7162 0.0088
vn -0.6914 0.7198 -0.0614
vn -0.6722 0.7272 -0.1391
vn -0.7006 0.6866 -0.1943
vn -0.7290 -0.6476 -0.2216
vn -0.7077 -0.6409 -0.2974
vn -0.7151 -0.6119 -0.3379
vn -0.7336 -0.6627 -0.1506
vn 0.3466 -0.9379 0.0161
vt 0.654930 0.763738
vt 0.654930 0.737273
vt 0.665695 0.750164
vt 0.665695 0.737273
vt 0.665695 0.763738
vt 0.641897 0.752940
vt 0.630492 0.765961
vt 0.630492 0.752940
vt 0.641897 0.779350
vt 0.630492 0.779350
vt 0.512339 0.765866
vt 0.504847 0.765335
vt 0.506382 0.752458
vt 0.512473 0.752554
vt 0.504106 0.740700
vt 0.511308 0.740700
vt 0.512091 0.779361
vt 0.504611 0.779321
vt 0.511367 0.789618
vt 0.503926 0.789618
vt 0.504627 0.748876
vt 0.503943 0.743454
vt 0.497295 0.779315
vt 0.497434 0.765872
vt 0.488413 0.765909
vt 0.488212 0.779278
vt 0.496723 0.789618
vt 0.487980 0.789618
vt 0.487889 0.752596
vt 0.496831 0.752558
vt 0.487898 0.740704
vt 0.496665 0.740704
vt 0.479120 0.779316
vt 0.479208 0.765890
vt 0.475369 0.765842
vt 0.475369 0.779416
vt 0.479136 0.789618
vt 0.475369 0.789618
vt 0.475369 0.752951
vt 0.478843 0.752704
vt 0.475369 0.740704
vt 0.479079 0.740704
vt 0.503005 0.752424
vt 0.503293 0.740704
vt 0.371435 0.020789
vt 0.363844 0.038717
vt 0.363875 0.013352
vt 0.369325 0.013352
vt 0.370272 0.038717
vt 0.371270 0.013352
vt 0.376525 0.038717
vt 0.378194 0.013352
vt 0.384637 0.038717
vt 0.385645 0.013352
vt 0.393219 0.013352
vt 0.392896 0.038717
vt 0.396515 0.038717
vt 0.396535 0.013352
vt 0.373038 0.013352
vt 0.358156 0.013352
vt 0.357595 0.038717
vt 0.351383 0.038717
vt 0.352459 0.013352
vt 0.345364 0.020789
vt 0.347122 0.013352
vt 0.344982 0.038717
vt 0.345301 0.013352
vt 0.343448 0.013352
vt 0.338574 0.038717
vt 0.338061 0.013352
vt 0.332661 0.013352
vt 0.332677 0.038717
vt 0.326945 0.013352
vt 0.326435 0.038717
vt 0.319643 0.020789
vt 0.320027 0.038717
vt 0.313625 0.038717
vt 0.312547 0.013352
vt 0.307414 0.038717
vt 0.306851 0.013352
vt 0.301131 0.013352
vt 0.301165 0.038717
vt 0.293572 0.020789
vt 0.295681 0.013352
vt 0.294737 0.038717
vt 0.293735 0.013352
vt 0.288484 0.038717
vt 0.291968 0.013352
vt 0.286812 0.013352
vt 0.279368 0.013352
vt 0.280363 0.038717
vt 0.272100 0.038717
vt 0.271797 0.013352
vt 0.268480 0.013352
vt 0.268480 0.038717
vt 0.589253 0.765485
vt 0.581751 0.765871
vt 0.581868 0.752854
vt 0.587953 0.753212
vt 0.583214 0.741077
vt 0.590462 0.741077
vt 0.589240 0.779321
vt 0.581755 0.779361
vt 0.589763 0.789618
vt 0.582314 0.789618
vt 0.590523 0.742979
vt 0.589760 0.749864
vt 0.574921 0.779356
vt 0.575446 0.789618
vt 0.576210 0.741077
vt 0.575383 0.752604
vt 0.574980 0.765896
vt 0.568576 0.789618
vt 0.568146 0.779375
vt 0.560780 0.779350
vt 0.560898 0.765357
vt 0.568268 0.765866
vt 0.561131 0.789618
vt 0.562739 0.752461
vt 0.568874 0.752559
vt 0.562208 0.741077
vt 0.569229 0.741077
vt 0.561618 0.743427
vt 0.561242 0.748948
vt 0.561334 0.740704
vt 0.559479 0.752462
vt 0.553660 0.789618
vt 0.553421 0.779372
vt 0.546731 0.779281
vt 0.546648 0.789618
vt 0.540420 0.779376
vt 0.540003 0.789618
vt 0.540554 0.765865
vt 0.546866 0.765895
vt 0.540972 0.752547
vt 0.546993 0.752704
vt 0.540322 0.740704
vt 0.547074 0.740704
vt 0.553549 0.765866
vt 0.553383 0.752563
vt 0.554193 0.740704
vt 0.533059 0.779350
vt 0.533211 0.765347
vt 0.525832 0.765866
vt 0.525693 0.779375
vt 0.532537 0.789618
vt 0.525097 0.789618
vt 0.525477 0.752539
vt 0.531620 0.752409
vt 0.525276 0.740700
vt 0.532291 0.740700
vt 0.533164 0.748885
vt 0.532858 0.743456
vt 0.518922 0.779356
vt 0.519113 0.765896
vt 0.518961 0.752604
vt 0.518299 0.740700
vt 0.518229 0.789618
vt 0.534880 0.752412
vt 0.533175 0.740704
vt 0.605632 0.779278
vt 0.596558 0.779315
vt 0.596648 0.765877
vt 0.605674 0.765909
vt 0.605706 0.789618
vt 0.596968 0.789618
vt 0.597504 0.752858
vt 0.606442 0.752596
vt 0.597811 0.741078
vt 0.606597 0.741078
vt 0.591128 0.741078
vt 0.591332 0.753162
vt 0.614729 0.779298
vt 0.614522 0.789618
vt 0.619430 0.789618
vt 0.619430 0.779350
vt 0.614886 0.765902
vt 0.619430 0.765961
vt 0.615492 0.752703
vt 0.619430 0.752940
vt 0.615424 0.741078
vt 0.619430 0.741078
vt 0.317884 0.013352
vt 0.319705 0.013352
vt 0.321558 0.013352
vt 0.437376 0.409066
vt 0.444475 0.424742
vt 0.431089 0.426563
vt 0.428864 0.415181
vt 0.417152 0.414342
vt 0.414964 0.429233
vt 0.420424 0.400620
vt 0.405867 0.400358
vt 0.405866 0.414429
vt 0.405866 0.431702
vt 0.405867 0.391249
vt 0.420423 0.388330
vt 0.436518 0.392819
vt 0.432543 0.382699
vt 0.444930 0.378617
vt 0.436751 0.371773
vt 0.405867 0.370023
vt 0.419397 0.370494
vt 0.414621 0.449781
vt 0.429176 0.447735
vt 0.441914 0.447182
vt 0.405867 0.451359
vt 0.449230 0.357366
vt 0.438597 0.356751
vt 0.405866 0.462372
vt 0.437722 0.457064
vt 0.425249 0.459307
vt 0.450313 0.347553
vt 0.397112 0.449781
vt 0.396689 0.429255
vt 0.394580 0.414342
vt 0.380849 0.426426
vt 0.382869 0.415181
vt 0.374357 0.409066
vt 0.367257 0.424742
vt 0.391309 0.400620
vt 0.391310 0.388330
vt 0.375215 0.392819
vt 0.379190 0.382699
vt 0.366803 0.378617
vt 0.374982 0.371774
vt 0.392317 0.370824
vt 0.369819 0.447182
vt 0.382557 0.447735
vt 0.362503 0.357366
vt 0.373136 0.356751
vt 0.374011 0.457064
vt 0.386484 0.459307
vt 0.361420 0.347553
vt 0.392680 0.357878
vt 0.405866 0.355211
vt 0.419053 0.357878
vt 0.884754 0.085924
vt 0.884611 0.106434
vt 0.864511 0.100280
vt 0.866829 0.083407
vt 0.902968 0.088366
vt 0.906215 0.109767
vt 0.843854 0.091731
vt 0.848029 0.077134
vt 0.823905 0.081342
vt 0.828944 0.068519
vt 0.920452 0.086020
vt 0.923821 0.109911
vt 0.936570 0.082394
vt 0.945130 0.107578
vt 0.956336 0.078285
vt 0.965866 0.102051
vt 0.975707 0.070183
vt 0.985778 0.095081
vt 0.820954 0.088798
vt 0.840478 0.098282
vt 0.863732 0.110796
vt 0.883568 0.119241
vt 0.905342 0.123358
vt 0.950415 0.126400
vt 0.971925 0.121648
vt 0.993412 0.113885
vt 0.926592 0.126507
vt 0.963229 0.047127
vt 0.947306 0.056351
vt 0.939934 0.042667
vt 0.953122 0.032761
vt 0.930547 0.029878
vt 0.940249 0.019791
vt 0.920611 0.008491
vt 0.916585 0.019201
vt 0.913666 0.027293
vt 0.922068 0.035772
vt 0.926790 0.049521
vt 0.911414 0.039624
vt 0.913451 0.053700
vt 0.901294 0.028491
vt 0.900983 0.041038
vt 0.890522 0.039849
vt 0.888296 0.054048
vt 0.900887 0.055185
vt 0.887932 0.027258
vt 0.879815 0.036070
vt 0.875050 0.050322
vt 0.860931 0.043498
vt 0.869310 0.030310
vt 0.885543 0.018900
vt 0.880053 0.008787
vt 0.859268 0.021255
vt 0.846938 0.034629
vt 0.900436 0.005135
vt 0.900504 0.017628
vt 0.854646 0.057494
vt 0.871190 0.064002
vt 0.886151 0.069379
vt 0.900931 0.072294
vt 0.838331 0.048382
vt 0.916159 0.069928
vt 0.931626 0.063961
vt 0.115730 0.780755
vt 0.131090 0.768618
vt 0.139793 0.778791
vt 0.123793 0.794003
vt 0.154188 0.762496
vt 0.144552 0.752526
vt 0.099557 0.790104
vt 0.107132 0.809361
vt 0.084337 0.797995
vt 0.090199 0.820042
vt 0.068157 0.804281
vt 0.072135 0.828744
vt 0.051503 0.808332
vt 0.053903 0.834601
vt 0.032062 0.812395
vt 0.032730 0.837824
vt 0.012100 0.812460
vt 0.012454 0.838690
vt 0.113563 0.822572
vt 0.094810 0.835835
vt 0.131374 0.804692
vt 0.147964 0.786444
vt 0.160164 0.767178
vt 0.076086 0.845601
vt 0.054742 0.853424
vt 0.033956 0.857152
vt 0.012690 0.859083
vt 0.032313 0.788474
vt 0.013505 0.786423
vt 0.033343 0.773166
vt 0.047859 0.774413
vt 0.047056 0.759106
vt 0.057480 0.758810
vt 0.050556 0.748560
vt 0.062317 0.744225
vt 0.067213 0.756103
vt 0.076165 0.750655
vt 0.073270 0.738052
vt 0.084694 0.742970
vt 0.091735 0.733565
vt 0.073334 0.729848
vt 0.072831 0.717899
vt 0.097517 0.720950
vt 0.114296 0.728378
vt 0.105180 0.742460
vt 0.094956 0.754190
vt 0.084416 0.763284
vt 0.073423 0.769402
vt 0.061077 0.773134
vt 0.052662 0.722626
vt 0.058578 0.735031
vt 0.044255 0.742821
vt 0.035671 0.734191
vt 0.036121 0.757487
vt 0.022437 0.752256
vt 0.016599 0.769347
vt 0.064515 0.787856
vt 0.079676 0.783601
vt 0.092231 0.776069
vt 0.104404 0.765685
vt 0.115970 0.752143
vt 0.127779 0.737942
vt 0.049519 0.789563
vt 0.268228 0.083471
vt 0.272741 0.079444
vt 0.289155 0.093390
vt 0.285935 0.098355
vt 0.311202 0.102569
vt 0.308232 0.109268
vt 0.252990 0.062141
vt 0.258174 0.060026
vt 0.247238 0.039294
vt 0.253093 0.039081
vt 0.332936 0.111832
vt 0.331484 0.117644
vt 0.358950 0.118619
vt 0.358089 0.124676
vt 0.384383 0.120046
vt 0.384609 0.126895
vt 0.411761 0.118880
vt 0.412123 0.124667
vt 0.438284 0.120223
vt 0.437611 0.114216
vt 0.463864 0.113468
vt 0.462677 0.108110
vt 0.490141 0.105495
vt 0.489320 0.098709
vt 0.515932 0.095023
vt 0.513872 0.088740
vt 0.543206 0.080542
vt 0.539990 0.076100
vt 0.567523 0.063278
vt 0.564585 0.059522
vt 0.582342 0.039778
vt 0.578873 0.038187
vt 0.586973 0.015075
vt 0.581161 0.014538
vt 0.547976 0.085556
vt 0.520052 0.100720
vt 0.579190 0.069988
vt 0.491356 0.113932
vt 0.464611 0.123169
vt 0.438366 0.129769
vt 0.411756 0.132425
vt 0.383703 0.134360
vt 0.353508 0.133342
vt 0.328169 0.129372
vt 0.299385 0.122593
vt 0.262109 0.106749
vt 0.252887 0.086675
vt 0.245285 0.062632
vt 0.241615 0.038152
vt 0.381353 0.148519
vt 0.346995 0.148604
vt 0.321690 0.146176
vt 0.289405 0.140734
vt 0.222701 0.061044
vt 0.225340 0.037576
vt 0.218704 0.083546
vt 0.214316 0.106486
vt 0.253233 0.137416
vt 0.211981 0.132480
vt 0.279313 0.169508
vt 0.245364 0.165755
vt 0.275385 0.198815
vt 0.241665 0.197275
vt 0.273858 0.221132
vt 0.237448 0.220818
vt 0.208010 0.195453
vt 0.207678 0.219425
vt 0.304938 0.219664
vt 0.307856 0.198887
vt 0.334847 0.216453
vt 0.337509 0.195758
vt 0.366953 0.211722
vt 0.371092 0.188694
vt 0.396038 0.206123
vt 0.402113 0.182296
vt 0.427060 0.198811
vt 0.430645 0.176199
vt 0.454897 0.190046
vt 0.457353 0.169649
vt 0.484921 0.181206
vt 0.488429 0.163716
vt 0.511621 0.175392
vt 0.515064 0.159303
vt 0.542551 0.168487
vt 0.541263 0.154520
vt 0.567554 0.165574
vt 0.566333 0.150520
vt 0.594866 0.147431
vt 0.594637 0.163541
vt 0.620585 0.145583
vt 0.621204 0.162201
vt 0.517103 0.142540
vt 0.540768 0.137299
vt 0.564448 0.133276
vt 0.460328 0.154437
vt 0.492175 0.147326
vt 0.433643 0.159205
vt 0.406582 0.163647
vt 0.376050 0.168820
vt 0.342546 0.171447
vt 0.313968 0.170918
vt 0.462751 0.136720
vt 0.493257 0.128682
vt 0.518920 0.123041
vt 0.436292 0.142358
vt 0.410160 0.145971
vt 0.540204 0.118467
vt 0.561891 0.115111
vt 0.591664 0.111712
vt 0.589131 0.093407
vt 0.556803 0.097367
vt 0.541682 0.105574
vt 0.615885 0.067008
vt 0.587704 0.039140
vt 0.592504 0.015921
vt 0.612968 0.037745
vt 0.612045 0.015176
vt 0.618828 0.091451
vt 0.619224 0.110113
vt 0.633622 0.036724
vt 0.650028 0.068654
vt 0.631265 0.014210
vt 0.647543 0.091594
vt 0.679407 0.092945
vt 0.682126 0.077844
vt 0.695412 0.101485
vt 0.712862 0.094555
vt 0.676819 0.111752
vt 0.647382 0.110265
vt 0.645565 0.128620
vt 0.620070 0.129290
vt 0.646558 0.144964
vt 0.674593 0.145105
vt 0.675703 0.162763
vt 0.647337 0.161492
vt 0.593806 0.130415
vt 0.700392 0.147273
vt 0.701369 0.164419
vt 0.726037 0.149664
vt 0.733219 0.169084
vt 0.752973 0.153121
vt 0.760511 0.173981
vt 0.782093 0.157022
vt 0.789273 0.178411
vt 0.809915 0.161317
vt 0.818067 0.181268
vt 0.839935 0.163613
vt 0.849268 0.183249
vt 0.722746 0.135703
vt 0.699223 0.133018
vt 0.675635 0.130488
vt 0.775781 0.141262
vt 0.747280 0.138639
vt 0.832060 0.142829
vt 0.801248 0.141492
vt 0.719366 0.116324
vt 0.698472 0.113589
vt 0.769660 0.124282
vt 0.742314 0.119788
vt 0.765147 0.110309
vt 0.739043 0.104547
vt 0.791256 0.112955
vt 0.796323 0.125100
vt 0.816073 0.111579
vt 0.823512 0.125619
vt 0.761690 0.098273
vt 0.736106 0.092018
vt 0.710260 0.083364
vt 0.684212 0.071346
vt 0.659724 0.055326
vt 0.642721 0.035505
vt 0.638954 0.013953
vt 0.661376 0.051472
vt 0.647302 0.033217
vt 0.643123 0.013339
vt 0.710277 0.076283
vt 0.684963 0.065053
vt 0.762472 0.091765
vt 0.736057 0.084682
vt 0.787067 0.096100
vt 0.788992 0.103462
vt 0.811714 0.102292
vt 0.810781 0.096981
vt 0.209884 0.163192
vt 0.177963 0.193573
vt 0.177720 0.216987
vt 0.143823 0.214186
vt 0.145442 0.192220
vt 0.111946 0.209834
vt 0.111008 0.187827
vt 0.083113 0.202748
vt 0.082324 0.181218
vt 0.054119 0.193553
vt 0.054752 0.170462
vt 0.024916 0.178948
vt 0.024466 0.157543
vt 0.177679 0.161370
vt 0.143870 0.160374
vt 0.081391 0.156332
vt 0.052837 0.148139
vt 0.026182 0.135835
vt 0.110700 0.158099
vt 0.173943 0.132621
vt 0.141777 0.134841
vt 0.082330 0.137131
vt 0.053476 0.130796
vt 0.082117 0.118995
vt 0.054884 0.114135
vt 0.029369 0.118486
vt 0.032934 0.104602
vt 0.109373 0.119143
vt 0.110719 0.136461
vt 0.138221 0.114926
vt 0.167903 0.106876
vt 0.186297 0.081410
vt 0.199213 0.059176
vt 0.205550 0.036559
vt 0.176651 0.078118
vt 0.157335 0.089046
vt 0.131470 0.098298
vt 0.105309 0.104939
vt 0.081962 0.106622
vt 0.057719 0.105200
vt 0.036546 0.095717
vt 0.197974 0.035346
vt 0.192874 0.057354
vt 0.154140 0.082551
vt 0.172899 0.072297
vt 0.128775 0.092404
vt 0.188141 0.054313
vt 0.193986 0.034312
vt 0.059458 0.099194
vt 0.081731 0.101820
vt 0.038580 0.090938
vt 0.103640 0.098916
vt 0.889588 0.478011
vt 0.908360 0.473708
vt 0.910567 0.492687
vt 0.892095 0.496664
vt 0.871668 0.478874
vt 0.869241 0.500329
vt 0.931233 0.483805
vt 0.925684 0.470552
vt 0.950282 0.472649
vt 0.946877 0.464577
vt 0.855116 0.478257
vt 0.847425 0.499960
vt 0.838614 0.474805
vt 0.829718 0.498245
vt 0.819150 0.467842
vt 0.809078 0.493008
vt 0.797988 0.461368
vt 0.787772 0.485710
vt 0.890701 0.512453
vt 0.911606 0.504291
vt 0.953466 0.482841
vt 0.934420 0.492714
vt 0.821139 0.519899
vt 0.799917 0.514591
vt 0.779028 0.504449
vt 0.842233 0.520588
vt 0.866765 0.518187
vt 0.049365 0.943149
vt 0.047640 0.953117
vt 0.027446 0.948083
vt 0.030977 0.937093
vt 0.008947 0.937374
vt 0.012652 0.926683
vt 0.068661 0.946351
vt 0.068729 0.961495
vt 0.086479 0.947355
vt 0.089126 0.964914
vt 0.103615 0.944946
vt 0.109177 0.965226
vt 0.123583 0.941964
vt 0.129570 0.962904
vt 0.142902 0.935276
vt 0.149834 0.957326
vt 0.159934 0.924284
vt 0.170413 0.950066
vt 0.068434 0.975341
vt 0.091384 0.980614
vt 0.045566 0.967912
vt 0.024987 0.954984
vt 0.005074 0.946553
vt 0.113425 0.982149
vt 0.135991 0.980192
vt 0.157528 0.975877
vt 0.178691 0.969579
vt 0.132930 0.915276
vt 0.147875 0.903400
vt 0.123623 0.898877
vt 0.110187 0.905405
vt 0.104075 0.892387
vt 0.094600 0.896309
vt 0.097737 0.884581
vt 0.084426 0.885752
vt 0.084464 0.898494
vt 0.074765 0.896474
vt 0.072413 0.885410
vt 0.064197 0.893139
vt 0.052705 0.887675
vt 0.068683 0.876592
vt 0.063938 0.864275
vt 0.043368 0.877302
vt 0.031731 0.890781
vt 0.044442 0.900343
vt 0.059013 0.907325
vt 0.071814 0.910841
vt 0.084624 0.911855
vt 0.096888 0.910091
vt 0.084167 0.860798
vt 0.084585 0.874982
vt 0.100020 0.876453
vt 0.103295 0.864799
vt 0.114368 0.886489
vt 0.123259 0.876980
vt 0.136789 0.889811
vt 0.069843 0.924484
vt 0.054753 0.920502
vt 0.039573 0.913641
vt 0.022992 0.905475
vt 0.084285 0.925408
vt 0.099545 0.924960
vt 0.116067 0.921630
vt 0.595429 0.176258
vt 0.567972 0.179816
vt 0.621934 0.175630
vt 0.542804 0.183655
vt 0.511075 0.191198
vt 0.481191 0.200748
vt 0.452936 0.208995
vt 0.426300 0.215422
vt 0.395828 0.224504
vt 0.364850 0.234292
vt 0.333954 0.239374
vt 0.303474 0.240214
vt 0.273029 0.241316
vt 0.234194 0.239424
vt 0.207072 0.238370
vt 0.179653 0.236775
vt 0.141501 0.233353
vt 0.109726 0.228881
vt 0.080514 0.222623
vt 0.052287 0.213408
vt 0.019784 0.198718
vt 0.205564 0.257083
vt 0.235058 0.258331
vt 0.203891 0.278543
vt 0.234471 0.279701
vt 0.202497 0.302213
vt 0.233629 0.303303
vt 0.269278 0.278930
vt 0.269439 0.304303
vt 0.305687 0.277137
vt 0.304790 0.256930
vt 0.269403 0.257816
vt 0.335194 0.255846
vt 0.364385 0.251071
vt 0.395047 0.242516
vt 0.425799 0.232516
vt 0.453651 0.226069
vt 0.481351 0.218233
vt 0.485159 0.240052
vt 0.513868 0.230136
vt 0.518081 0.252256
vt 0.490083 0.266020
vt 0.456700 0.249344
vt 0.463236 0.278886
vt 0.428736 0.258902
vt 0.434278 0.287017
vt 0.549646 0.244981
vt 0.546628 0.223101
vt 0.574961 0.242114
vt 0.571213 0.219454
vt 0.601152 0.241392
vt 0.600290 0.215914
vt 0.624058 0.215443
vt 0.625099 0.240500
vt 0.511218 0.208941
vt 0.544478 0.203067
vt 0.568136 0.198547
vt 0.597763 0.197637
vt 0.622356 0.195928
vt 0.649373 0.239493
vt 0.648683 0.213212
vt 0.675446 0.238979
vt 0.676735 0.215709
vt 0.701188 0.218154
vt 0.701494 0.240227
vt 0.734090 0.221944
vt 0.732166 0.245417
vt 0.764467 0.227241
vt 0.762104 0.253054
vt 0.792324 0.234228
vt 0.789241 0.261397
vt 0.821888 0.240256
vt 0.817870 0.269557
vt 0.765462 0.205107
vt 0.734647 0.200361
vt 0.793327 0.211515
vt 0.792105 0.194456
vt 0.764620 0.189666
vt 0.820224 0.200203
vt 0.855117 0.203462
vt 0.734797 0.185594
vt 0.702241 0.179272
vt 0.675786 0.176480
vt 0.646943 0.175824
vt 0.822392 0.215336
vt 0.857587 0.221514
vt 0.855392 0.245268
vt 0.676371 0.196232
vt 0.647626 0.194283
vt 0.701791 0.197599
vt 0.851465 0.273988
vt 0.848658 0.300643
vt 0.810600 0.302248
vt 0.783302 0.289068
vt 0.771353 0.313387
vt 0.753823 0.299015
vt 0.744273 0.318410
vt 0.760053 0.333941
vt 0.719392 0.310964
vt 0.725330 0.288660
vt 0.732723 0.336936
vt 0.748845 0.348874
vt 0.708970 0.331479
vt 0.770814 0.353730
vt 0.757049 0.368499
vt 0.774310 0.385172
vt 0.762650 0.394916
vt 0.785162 0.404710
vt 0.778504 0.415907
vt 0.763486 0.421975
vt 0.786034 0.440731
vt 0.794951 0.431276
vt 0.773226 0.450019
vt 0.753223 0.434562
vt 0.802912 0.420206
vt 0.723018 0.349466
vt 0.703850 0.343675
vt 0.697273 0.357600
vt 0.684729 0.341896
vt 0.679931 0.355743
vt 0.662379 0.354725
vt 0.665486 0.341131
vt 0.646865 0.340926
vt 0.645962 0.354447
vt 0.629175 0.341308
vt 0.629901 0.354557
vt 0.712778 0.362226
vt 0.724128 0.370697
vt 0.736971 0.359932
vt 0.745377 0.375166
vt 0.730420 0.382468
vt 0.731649 0.393579
vt 0.748040 0.394752
vt 0.745732 0.411132
vt 0.730370 0.405561
vt 0.726578 0.414985
vt 0.739507 0.424224
vt 0.613725 0.355513
vt 0.611508 0.342275
vt 0.596360 0.357147
vt 0.592627 0.344084
vt 0.579204 0.359831
vt 0.573534 0.346342
vt 0.554750 0.349555
vt 0.562684 0.362950
vt 0.547597 0.369081
vt 0.536134 0.357185
vt 0.523264 0.369247
vt 0.536797 0.378414
vt 0.517224 0.385461
vt 0.532444 0.390833
vt 0.516822 0.404321
vt 0.531502 0.402793
vt 0.534004 0.413122
vt 0.519306 0.420511
vt 0.527688 0.431590
vt 0.539768 0.421027
vt 0.569798 0.374845
vt 0.584618 0.371596
vt 0.599895 0.368913
vt 0.616106 0.367048
vt 0.630531 0.366259
vt 0.645060 0.366303
vt 0.660326 0.366737
vt 0.676552 0.367570
vt 0.691452 0.370131
vt 0.704271 0.374539
vt 0.713399 0.380589
vt 0.717552 0.388919
vt 0.713468 0.391378
vt 0.719020 0.395876
vt 0.715077 0.398045
vt 0.710110 0.392771
vt 0.711594 0.397991
vt 0.707674 0.399274
vt 0.704150 0.396829
vt 0.705459 0.400412
vt 0.702227 0.399265
vt 0.708115 0.402005
vt 0.706295 0.401650
vt 0.710858 0.402343
vt 0.715029 0.401560
vt 0.705609 0.402996
vt 0.698091 0.393460
vt 0.696162 0.396717
vt 0.690686 0.392083
vt 0.688384 0.395142
vt 0.696905 0.385602
vt 0.704141 0.389138
vt 0.700618 0.380038
vt 0.708800 0.384898
vt 0.680505 0.390510
vt 0.677843 0.393715
vt 0.668462 0.388791
vt 0.666719 0.393067
vt 0.671769 0.381170
vt 0.685469 0.382935
vt 0.674209 0.374244
vt 0.688492 0.376483
vt 0.655451 0.388261
vt 0.654253 0.392292
vt 0.642945 0.388166
vt 0.642433 0.392010
vt 0.631343 0.388572
vt 0.631447 0.392190
vt 0.630764 0.379739
vt 0.643755 0.379425
vt 0.630654 0.372833
vt 0.644412 0.372671
vt 0.657578 0.379963
vt 0.659006 0.373150
vt 0.620213 0.392878
vt 0.619646 0.389248
vt 0.608760 0.393558
vt 0.607019 0.389915
vt 0.617872 0.380441
vt 0.617009 0.373556
vt 0.604207 0.381807
vt 0.601983 0.375199
vt 0.596157 0.395327
vt 0.594028 0.391577
vt 0.585415 0.397014
vt 0.582133 0.393821
vt 0.590196 0.384059
vt 0.576716 0.387175
vt 0.587291 0.377683
vt 0.573229 0.380918
vt 0.575079 0.399663
vt 0.571970 0.396393
vt 0.567590 0.401649
vt 0.564949 0.398887
vt 0.565541 0.390860
vt 0.558670 0.395057
vt 0.561413 0.385627
vt 0.553519 0.391245
vt 0.560950 0.403714
vt 0.558610 0.402113
vt 0.557657 0.405759
vt 0.555955 0.405380
vt 0.557014 0.407580
vt 0.552302 0.407669
vt 0.552206 0.405022
vt 0.553483 0.400021
vt 0.549341 0.398347
vt 0.548565 0.403625
vt 0.554970 0.410547
vt 0.558651 0.408971
vt 0.558470 0.408182
vt 0.553459 0.413776
vt 0.549495 0.408710
vt 0.547137 0.408770
vt 0.550443 0.413759
vt 0.545184 0.396116
vt 0.544610 0.402685
vt 0.548192 0.387264
vt 0.557312 0.380510
vt 0.974416 0.317337
vt 0.973374 0.325223
vt 0.960995 0.317816
vt 0.967299 0.313013
vt 0.959701 0.308843
vt 0.942694 0.314864
vt 0.949734 0.305598
vt 0.970660 0.334174
vt 0.958507 0.328093
vt 0.983503 0.330831
vt 0.985626 0.328460
vt 0.981039 0.322875
vt 0.988114 0.331194
vt 0.986859 0.333623
vt 0.988713 0.330687
vt 0.989615 0.333642
vt 0.980052 0.339334
vt 0.985509 0.341820
vt 0.941198 0.326085
vt 0.989631 0.340767
vt 0.955288 0.348070
vt 0.968982 0.349618
vt 0.977097 0.351864
vt 0.981902 0.353461
vt 0.939236 0.347872
vt 0.988058 0.355798
vt 0.965778 0.362295
vt 0.956790 0.362304
vt 0.969639 0.364046
vt 0.973376 0.367958
vt 0.978212 0.373760
vt 0.927022 0.325536
vt 0.927463 0.312908
vt 0.939034 0.303070
vt 0.927853 0.301635
vt 0.926223 0.348020
vt 0.938464 0.359473
vt 0.925710 0.361740
vt 0.957987 0.390556
vt 0.956981 0.381974
vt 0.947097 0.388638
vt 0.948618 0.395923
vt 0.944943 0.398167
vt 0.942776 0.391054
vt 0.940603 0.387209
vt 0.945562 0.383031
vt 0.955777 0.376237
vt 0.924920 0.385522
vt 0.925042 0.381742
vt 0.909134 0.386172
vt 0.904469 0.381692
vt 0.902559 0.387161
vt 0.906712 0.389866
vt 0.904071 0.396819
vt 0.900553 0.394332
vt 0.891573 0.388342
vt 0.893222 0.379857
vt 0.894809 0.374169
vt 0.877806 0.364629
vt 0.872570 0.370086
vt 0.864131 0.351218
vt 0.870405 0.349591
vt 0.863492 0.336286
vt 0.867246 0.337728
vt 0.865019 0.329000
vt 0.865451 0.329167
vt 0.865082 0.326392
vt 0.865320 0.326547
vt 0.870575 0.326894
vt 0.868442 0.324278
vt 0.880686 0.321696
vt 0.876873 0.316681
vt 0.894803 0.317147
vt 0.891463 0.308409
vt 0.912116 0.313685
vt 0.905718 0.304149
vt 0.883108 0.331221
vt 0.895440 0.325927
vt 0.872965 0.335519
vt 0.912848 0.325070
vt 0.897222 0.345975
vt 0.883455 0.346596
vt 0.875278 0.348371
vt 0.913268 0.346902
vt 0.885763 0.359472
vt 0.894793 0.360101
vt 0.881795 0.360954
vt 0.916602 0.302251
vt 0.913203 0.358500
vt 0.905463 0.297797
vt 0.916890 0.294950
vt 0.928141 0.293338
vt 0.939201 0.295960
vt 0.950449 0.299435
vt 0.960524 0.303211
vt 0.969534 0.307580
vt 0.976610 0.313177
vt 0.982979 0.319410
vt 0.988156 0.325175
vt 0.989714 0.327711
vt 0.990438 0.329331
vt 0.975423 0.299436
vt 0.983297 0.307771
vt 0.987988 0.315373
vt 0.991279 0.321905
vt 0.992790 0.326110
vt 0.992824 0.327288
vt 0.965262 0.292430
vt 0.953546 0.285997
vt 0.940941 0.282056
vt 0.928554 0.280340
vt 0.916129 0.281037
vt 0.903859 0.283986
vt 0.891082 0.289715
vt 0.895026 0.300606
vt 0.885721 0.304357
vt 0.878209 0.309449
vt 0.870254 0.315144
vt 0.866695 0.320644
vt 0.864212 0.323347
vt 0.863630 0.324939
vt 0.872585 0.304404
vt 0.880930 0.295952
vt 0.867091 0.310782
vt 0.861551 0.321481
vt 0.862893 0.317387
vt 0.861763 0.323573
vt 0.035185 0.377680
vt 0.035185 0.374341
vt 0.038525 0.375237
vt 0.036914 0.377378
vt 0.037951 0.372375
vt 0.035185 0.372132
vt 0.038008 0.369213
vt 0.035185 0.368568
vt 0.041586 0.366898
vt 0.035185 0.366211
vt 0.039490 0.363543
vt 0.049126 0.362375
vt 0.046129 0.359721
vt 0.052485 0.357268
vt 0.048345 0.356023
vt 0.054041 0.347883
vt 0.049644 0.348190
vt 0.051771 0.340441
vt 0.049098 0.343662
vt 0.035185 0.334538
vt 0.035185 0.338284
vt 0.035185 0.364245
vt 0.035185 0.346517
vt 0.035185 0.355646
vt 0.018599 0.340441
vt 0.021272 0.343662
vt 0.020726 0.348190
vt 0.016329 0.347883
vt 0.022025 0.356023
vt 0.017885 0.357268
vt 0.024241 0.359721
vt 0.021244 0.362375
vt 0.030880 0.363543
vt 0.028784 0.366898
vt 0.032362 0.369213
vt 0.032419 0.372375
vt 0.031868 0.375223
vt 0.033456 0.377378
vt 0.306021 0.304603
vt 0.336535 0.276038
vt 0.338465 0.303106
vt 0.364847 0.271489
vt 0.397897 0.265877
vt 0.400623 0.292067
vt 0.365354 0.297824
vt 0.304445 0.332742
vt 0.335307 0.341864
vt 0.299329 0.360705
vt 0.268075 0.358410
vt 0.268778 0.330987
vt 0.271378 0.390692
vt 0.232560 0.356725
vt 0.233821 0.386569
vt 0.235282 0.414938
vt 0.279383 0.423081
vt 0.271203 0.445337
vt 0.232624 0.439328
vt 0.300181 0.436820
vt 0.293366 0.454657
vt 0.315609 0.449750
vt 0.311321 0.463541
vt 0.311399 0.422716
vt 0.296758 0.395792
vt 0.325089 0.440835
vt 0.197731 0.411497
vt 0.196123 0.436214
vt 0.160933 0.435775
vt 0.162254 0.410219
vt 0.122831 0.438417
vt 0.118203 0.410265
vt 0.128433 0.382797
vt 0.166162 0.382639
vt 0.091173 0.425952
vt 0.095311 0.444332
vt 0.074297 0.437603
vt 0.077215 0.451826
vt 0.080867 0.410800
vt 0.099022 0.386619
vt 0.066173 0.427817
vt 0.199030 0.383963
vt 0.075356 0.380111
vt 0.066855 0.402521
vt 0.054044 0.421041
vt 0.168344 0.352793
vt 0.199992 0.354681
vt 0.098412 0.350817
vt 0.075354 0.352583
vt 0.132319 0.350833
vt 0.096648 0.320363
vt 0.134141 0.321619
vt 0.169740 0.325259
vt 0.201180 0.327503
vt 0.067224 0.324401
vt 0.232865 0.329266
vt 0.135097 0.294909
vt 0.171122 0.299533
vt 0.173088 0.275946
vt 0.137504 0.272293
vt 0.101732 0.267608
vt 0.106217 0.245997
vt 0.139317 0.250756
vt 0.077134 0.240670
vt 0.176115 0.255087
vt 0.049642 0.229727
vt 0.017006 0.216701
vt 0.012622 0.240304
vt 0.047033 0.251041
vt 0.072278 0.260152
vt 0.097406 0.290303
vt 0.069351 0.284972
vt 0.009856 0.269047
vt 0.043269 0.277716
vt 0.041780 0.305079
vt 0.007345 0.295494
vt 0.708286 0.404999
vt 0.711562 0.405968
vt 0.718153 0.402477
vt 0.715508 0.408004
vt 0.704402 0.407564
vt 0.702193 0.404074
vt 0.702081 0.402061
vt 0.694256 0.404409
vt 0.694259 0.401263
vt 0.686794 0.404882
vt 0.688787 0.411039
vt 0.699470 0.411685
vt 0.677700 0.411302
vt 0.679388 0.419214
vt 0.691556 0.418140
vt 0.677200 0.405183
vt 0.686662 0.401056
vt 0.677003 0.400732
vt 0.665276 0.410924
vt 0.665741 0.404558
vt 0.648369 0.410690
vt 0.648788 0.420491
vt 0.632460 0.420984
vt 0.632037 0.410633
vt 0.648365 0.404755
vt 0.665777 0.399593
vt 0.647788 0.398908
vt 0.631640 0.405537
vt 0.631206 0.399217
vt 0.666260 0.419275
vt 0.614764 0.400084
vt 0.615326 0.406504
vt 0.596920 0.402081
vt 0.598263 0.408052
vt 0.615632 0.411728
vt 0.615928 0.421567
vt 0.598678 0.412715
vt 0.586864 0.408725
vt 0.586626 0.414610
vt 0.598647 0.422050
vt 0.586113 0.403982
vt 0.576785 0.405226
vt 0.577177 0.409303
vt 0.576326 0.415698
vt 0.585883 0.422542
vt 0.574549 0.423009
vt 0.569517 0.409622
vt 0.567637 0.416470
vt 0.569874 0.406381
vt 0.562716 0.407562
vt 0.561986 0.409547
vt 0.559313 0.413947
vt 0.559418 0.415481
vt 0.564018 0.421361
vt 0.556410 0.418189
vt 0.584996 0.432876
vt 0.598486 0.431430
vt 0.597172 0.447988
vt 0.616723 0.448127
vt 0.615881 0.430164
vt 0.633587 0.449245
vt 0.632536 0.429567
vt 0.650174 0.446500
vt 0.649944 0.428762
vt 0.666970 0.428890
vt 0.669607 0.445713
vt 0.681400 0.428995
vt 0.683418 0.445437
vt 0.699887 0.445563
vt 0.695746 0.428857
vt 0.584457 0.449765
vt 0.704123 0.464793
vt 0.725591 0.461852
vt 0.740822 0.489229
vt 0.754740 0.466441
vt 0.704966 0.487641
vt 0.731119 0.512444
vt 0.703608 0.510860
vt 0.725619 0.535583
vt 0.701086 0.534673
vt 0.685003 0.534104
vt 0.687313 0.512490
vt 0.681942 0.557297
vt 0.659566 0.559407
vt 0.660724 0.534693
vt 0.636736 0.535205
vt 0.637557 0.560111
vt 0.612942 0.535897
vt 0.615713 0.560887
vt 0.591826 0.536177
vt 0.597442 0.559799
vt 0.577895 0.560016
vt 0.571350 0.536788
vt 0.567645 0.515864
vt 0.547389 0.542028
vt 0.539161 0.519835
vt 0.586962 0.515278
vt 0.555454 0.565350
vt 0.564590 0.492968
vt 0.527825 0.497410
vt 0.582719 0.493234
vt 0.598918 0.493465
vt 0.611644 0.517884
vt 0.619120 0.492468
vt 0.636110 0.516771
vt 0.635683 0.490997
vt 0.650830 0.491290
vt 0.660593 0.516101
vt 0.671121 0.490721
vt 0.688525 0.489501
vt 0.687161 0.465302
vt 0.651323 0.467533
vt 0.670399 0.467279
vt 0.634358 0.467521
vt 0.617206 0.468872
vt 0.598015 0.470149
vt 0.581698 0.469260
vt 0.566677 0.469532
vt 0.542813 0.469090
vt 0.513048 0.476883
vt 0.526905 0.454603
vt 0.513749 0.443500
vt 0.494251 0.460822
vt 0.501894 0.432700
vt 0.480539 0.452388
vt 0.486952 0.427417
vt 0.470897 0.443578
vt 0.500052 0.403427
vt 0.462427 0.432894
vt 0.478543 0.416317
vt 0.487980 0.397731
vt 0.503218 0.376803
vt 0.489603 0.369018
vt 0.511011 0.358710
vt 0.497072 0.344463
vt 0.525337 0.344897
vt 0.513898 0.329229
vt 0.484319 0.326723
vt 0.502243 0.310138
vt 0.538121 0.318371
vt 0.530313 0.298789
vt 0.548685 0.337982
vt 0.470720 0.303221
vt 0.494992 0.290192
vt 0.523387 0.274996
vt 0.471157 0.341853
vt 0.556124 0.293171
vt 0.561450 0.313706
vt 0.580526 0.290734
vt 0.584512 0.311822
vt 0.604553 0.290093
vt 0.602580 0.266524
vt 0.626245 0.265930
vt 0.627489 0.290040
vt 0.650335 0.288496
vt 0.649851 0.264547
vt 0.674377 0.286572
vt 0.674945 0.262865
vt 0.649537 0.309017
vt 0.628054 0.309978
vt 0.648019 0.327079
vt 0.668438 0.327046
vt 0.672282 0.308237
vt 0.628476 0.328127
vt 0.694748 0.307958
vt 0.698030 0.285942
vt 0.689314 0.328940
vt 0.729584 0.267932
vt 0.758925 0.278175
vt 0.700592 0.263298
vt 0.577469 0.267121
vt 0.551540 0.269792
vt 0.444250 0.320094
vt 0.402785 0.313398
vt 0.365300 0.323223
vt 0.322622 0.368228
vt 0.319795 0.393767
vt 0.326464 0.416392
vt 0.338092 0.435416
vt 0.786907 0.327437
vt 0.606777 0.310801
vt 0.609282 0.328634
vt 0.588814 0.330078
vt 0.567918 0.333663
vt 0.538336 0.440398
vt 0.547658 0.427493
vt 0.552148 0.447829
vt 0.558283 0.431805
vt 0.571756 0.432720
vt 0.568988 0.449635
vt 0.330977 0.718656
vt 0.333854 0.707369
vt 0.353760 0.708177
vt 0.352800 0.725414
vt 0.381681 0.722118
vt 0.378314 0.707963
vt 0.402171 0.707624
vt 0.404970 0.721082
vt 0.308485 0.713531
vt 0.309241 0.702557
vt 0.280335 0.697832
vt 0.282373 0.692300
vt 0.426738 0.706046
vt 0.429031 0.721148
vt 0.451840 0.704569
vt 0.452590 0.721576
vt 0.476191 0.703620
vt 0.477844 0.721390
vt 0.498293 0.702395
vt 0.502773 0.716950
vt 0.518403 0.699421
vt 0.525496 0.711319
vt 0.544838 0.697674
vt 0.538683 0.688207
vt 0.568005 0.676850
vt 0.572131 0.681665
vt 0.538616 0.671161
vt 0.562869 0.663375
vt 0.531462 0.641876
vt 0.555460 0.635057
vt 0.524635 0.613754
vt 0.547853 0.606674
vt 0.503755 0.619195
vt 0.509665 0.648129
vt 0.484767 0.623123
vt 0.489873 0.652283
vt 0.465610 0.626042
vt 0.469596 0.654920
vt 0.444742 0.628352
vt 0.447382 0.657197
vt 0.421850 0.630134
vt 0.423512 0.658837
vt 0.398153 0.631071
vt 0.399008 0.660140
vt 0.377407 0.631174
vt 0.376453 0.660585
vt 0.358063 0.630383
vt 0.356408 0.660185
vt 0.339365 0.628746
vt 0.336536 0.657672
vt 0.317305 0.625351
vt 0.313800 0.654374
vt 0.294003 0.620807
vt 0.289318 0.649988
vt 0.425566 0.688883
vt 0.399574 0.690005
vt 0.376262 0.690561
vt 0.354656 0.690718
vt 0.333174 0.688468
vt 0.309425 0.685261
vt 0.284476 0.678711
vt 0.341225 0.610272
vt 0.359174 0.611987
vt 0.343372 0.591967
vt 0.360893 0.593888
vt 0.378133 0.613134
vt 0.378732 0.594736
vt 0.398168 0.612869
vt 0.398718 0.594308
vt 0.420672 0.611454
vt 0.419559 0.592871
vt 0.323429 0.588033
vt 0.320131 0.606842
vt 0.302107 0.582573
vt 0.297677 0.602000
vt 0.442892 0.610209
vt 0.440674 0.591980
vt 0.463066 0.608314
vt 0.460465 0.590356
vt 0.481440 0.605365
vt 0.477735 0.587579
vt 0.499953 0.601123
vt 0.495642 0.583378
vt 0.519668 0.595423
vt 0.514469 0.576970
vt 0.541963 0.588517
vt 0.535451 0.569632
vt 0.407670 0.519788
vt 0.393585 0.522450
vt 0.389887 0.504809
vt 0.398228 0.501122
vt 0.379993 0.505770
vt 0.381013 0.525348
vt 0.368884 0.504604
vt 0.368180 0.524181
vt 0.361198 0.504162
vt 0.357499 0.522287
vt 0.350455 0.499797
vt 0.342150 0.517309
vt 0.342877 0.495846
vt 0.330796 0.512569
vt 0.417781 0.549421
vt 0.397623 0.552585
vt 0.418585 0.576419
vt 0.398617 0.577421
vt 0.380686 0.553709
vt 0.379419 0.577827
vt 0.365266 0.553355
vt 0.362691 0.577170
vt 0.350613 0.551101
vt 0.346032 0.574919
vt 0.334306 0.546834
vt 0.327360 0.571134
vt 0.315851 0.540022
vt 0.306868 0.565008
vt 0.438833 0.575302
vt 0.437129 0.550346
vt 0.457973 0.573809
vt 0.454470 0.549825
vt 0.474101 0.571107
vt 0.468674 0.547736
vt 0.491122 0.567134
vt 0.483410 0.543829
vt 0.508679 0.560992
vt 0.499177 0.537875
vt 0.528608 0.552604
vt 0.516651 0.528460
vt 0.487774 0.510745
vt 0.498592 0.502031
vt 0.478570 0.493298
vt 0.484576 0.487262
vt 0.467453 0.497656
vt 0.474130 0.515932
vt 0.459706 0.499375
vt 0.462454 0.519853
vt 0.450159 0.502034
vt 0.451826 0.521068
vt 0.438858 0.501520
vt 0.437216 0.521362
vt 0.430585 0.499107
vt 0.423121 0.517575
vt 0.470279 0.487225
vt 0.477238 0.481316
vt 0.462901 0.484927
vt 0.435250 0.490042
vt 0.444608 0.491286
vt 0.449230 0.488294
vt 0.467082 0.476560
vt 0.442171 0.481705
vt 0.515809 0.677958
vt 0.494579 0.682232
vt 0.473426 0.684522
vt 0.450285 0.686949
vt 0.384234 0.495003
vt 0.392026 0.492643
vt 0.378159 0.492052
vt 0.384725 0.484767
vt 0.357151 0.493634
vt 0.364682 0.490396
vt 0.350273 0.488858
vt 0.359489 0.482507
vt 0.944545 0.760121
vt 0.923771 0.768912
vt 0.921127 0.750651
vt 0.942958 0.748977
vt 0.894410 0.766553
vt 0.896580 0.751722
vt 0.872651 0.752262
vt 0.870727 0.766909
vt 0.965537 0.753599
vt 0.966029 0.742235
vt 0.996292 0.739579
vt 0.993023 0.733203
vt 0.848323 0.752244
vt 0.846647 0.767918
vt 0.823014 0.752175
vt 0.823253 0.769150
vt 0.798826 0.752417
vt 0.797476 0.770065
vt 0.776601 0.751665
vt 0.772142 0.767462
vt 0.756085 0.750027
vt 0.749756 0.763054
vt 0.730344 0.748773
vt 0.734722 0.742524
vt 0.703852 0.732681
vt 0.697814 0.735301
vt 0.734490 0.724220
vt 0.710272 0.717941
vt 0.740249 0.694337
vt 0.716714 0.688899
vt 0.745559 0.664841
vt 0.722904 0.659452
vt 0.766489 0.669349
vt 0.762090 0.698683
vt 0.785746 0.672526
vt 0.782300 0.701635
vt 0.805180 0.674523
vt 0.802719 0.703579
vt 0.826344 0.675653
vt 0.824988 0.704816
vt 0.849190 0.676049
vt 0.849034 0.705334
vt 0.872140 0.675883
vt 0.873242 0.705102
vt 0.893349 0.674962
vt 0.895566 0.704093
vt 0.912697 0.673069
vt 0.915995 0.702289
vt 0.931915 0.670006
vt 0.936165 0.699424
vt 0.952863 0.665563
vt 0.958048 0.695037
vt 0.975566 0.660226
vt 0.981576 0.689540
vt 0.848881 0.735286
vt 0.874142 0.735021
vt 0.897504 0.733925
vt 0.919052 0.732355
vt 0.940723 0.729685
vt 0.964014 0.725185
vt 0.987926 0.718292
vt 0.929031 0.651973
vt 0.910456 0.655123
vt 0.925759 0.633803
vt 0.907961 0.636980
vt 0.891770 0.656950
vt 0.890027 0.638713
vt 0.871327 0.657751
vt 0.870422 0.639279
vt 0.849273 0.657790
vt 0.849324 0.639138
vt 0.945076 0.628925
vt 0.949285 0.647328
vt 0.965887 0.622669
vt 0.971229 0.641615
vt 0.827229 0.657534
vt 0.828265 0.639095
vt 0.806811 0.656564
vt 0.808672 0.638372
vt 0.788095 0.654628
vt 0.790693 0.636522
vt 0.769477 0.651365
vt 0.772888 0.633221
vt 0.749273 0.646615
vt 0.753584 0.628229
vt 0.727362 0.640785
vt 0.732840 0.621833
vt 0.857212 0.564483
vt 0.864935 0.545631
vt 0.874803 0.549202
vt 0.871448 0.567764
vt 0.884722 0.550122
vt 0.884755 0.568771
vt 0.894082 0.548423
vt 0.897023 0.567834
vt 0.903512 0.547324
vt 0.908735 0.565232
vt 0.912669 0.543572
vt 0.921299 0.560387
vt 0.921135 0.537390
vt 0.933892 0.553251
vt 0.849467 0.595699
vt 0.868665 0.597464
vt 0.849386 0.621605
vt 0.869612 0.622169
vt 0.885940 0.597885
vt 0.888340 0.621933
vt 0.901460 0.596653
vt 0.905422 0.620383
vt 0.916612 0.593550
vt 0.922296 0.617179
vt 0.932690 0.588251
vt 0.940515 0.612064
vt 0.949665 0.580765
vt 0.960038 0.605179
vt 0.829188 0.621996
vt 0.830280 0.597306
vt 0.810464 0.621628
vt 0.813005 0.597624
vt 0.793332 0.619969
vt 0.797494 0.596297
vt 0.776468 0.616635
vt 0.782350 0.593053
vt 0.758290 0.611394
vt 0.766324 0.587643
vt 0.738822 0.604366
vt 0.749387 0.580007
vt 0.777945 0.559877
vt 0.765382 0.552581
vt 0.786594 0.543076
vt 0.778258 0.536830
vt 0.795811 0.546896
vt 0.790428 0.564842
vt 0.805265 0.548069
vt 0.802140 0.567506
vt 0.814538 0.549789
vt 0.814290 0.568524
vt 0.824583 0.548984
vt 0.827766 0.567560
vt 0.834292 0.545537
vt 0.841962 0.564428
vt 0.793552 0.535936
vt 0.800446 0.533726
vt 0.820049 0.539979
vt 0.814203 0.535864
vt 0.828686 0.537076
vt 0.795765 0.525164
vt 0.786169 0.530514
vt 0.821227 0.529072
vt 0.757584 0.728974
vt 0.779184 0.731514
vt 0.800360 0.733259
vt 0.823779 0.734597
vt 0.870678 0.537249
vt 0.879334 0.540237
vt 0.885199 0.536135
vt 0.878206 0.529309
vt 0.898989 0.534113
vt 0.905824 0.536336
vt 0.913238 0.531000
vt 0.903700 0.525555
vt 0.874407 0.432991
vt 0.884332 0.431669
vt 0.886579 0.446552
vt 0.874108 0.447503
vt 0.874252 0.419858
vt 0.887028 0.418975
vt 0.895475 0.427633
vt 0.900050 0.442115
vt 0.914047 0.435500
vt 0.904382 0.422807
vt 0.889464 0.412659
vt 0.895460 0.402510
vt 0.916889 0.414888
vt 0.927900 0.427109
vt 0.864247 0.431193
vt 0.862740 0.419524
vt 0.854393 0.427670
vt 0.845041 0.421455
vt 0.859788 0.411730
vt 0.853678 0.401299
vt 0.834921 0.412248
vt 0.822488 0.425132
vt 0.835687 0.435976
vt 0.848881 0.442454
vt 0.861849 0.446071
vt 0.873649 0.398262
vt 0.874481 0.411058
vt 0.810773 0.439848
vt 0.827418 0.450768
vt 0.843553 0.456714
vt 0.859118 0.460598
vt 0.874087 0.463766
vt 0.888588 0.462191
vt 0.904297 0.457712
vt 0.920229 0.450146
vt 0.935586 0.441896
vt 0.741008 0.447702
vt 0.716227 0.441944
vt 0.730156 0.434335
vt 0.719780 0.422071
vt 0.709537 0.427026
vt 0.702953 0.416817
vt 0.707501 0.408771
vt 0.710110 0.412023
vt 0.937439 0.141671
vt 0.941321 0.142516
vt 0.939032 0.143751
vt 0.930754 0.139114
vt 0.931637 0.145315
vt 0.917507 0.139572
vt 0.918910 0.148912
vt 0.900449 0.148359
vt 0.904914 0.157805
vt 0.935152 0.158617
vt 0.921860 0.162445
vt 0.939605 0.174341
vt 0.924402 0.178625
vt 0.909740 0.164971
vt 0.908292 0.180740
vt 0.925586 0.195490
vt 0.907935 0.197040
vt 0.943381 0.192384
vt 0.944170 0.205134
vt 0.925967 0.205269
vt 0.908072 0.205374
vt 0.893511 0.180971
vt 0.885819 0.171092
vt 0.881041 0.182773
vt 0.883475 0.189569
vt 0.879671 0.190652
vt 0.880539 0.197875
vt 0.884439 0.198627
vt 0.882241 0.203002
vt 0.885970 0.205502
vt 0.882655 0.205521
vt 0.880757 0.200554
vt 0.878125 0.186378
vt 0.892485 0.205464
vt 0.891894 0.198124
vt 0.879318 0.205540
vt 0.879165 0.203848
vt 0.877448 0.205551
vt 0.877021 0.203861
vt 0.877946 0.200593
vt 0.874751 0.201014
vt 0.875065 0.204410
vt 0.872770 0.203545
vt 0.872027 0.205582
vt 0.875172 0.205564
vt 0.879184 0.207234
vt 0.877041 0.207246
vt 0.878003 0.210503
vt 0.874804 0.210119
vt 0.875079 0.206720
vt 0.872793 0.207611
vt 0.880815 0.210510
vt 0.882270 0.208044
vt 0.880627 0.213191
vt 0.884518 0.212394
vt 0.883659 0.221462
vt 0.879843 0.220424
vt 0.881304 0.228286
vt 0.878347 0.224715
vt 0.891979 0.212811
vt 0.893797 0.229944
vt 0.886216 0.239911
vt 0.901105 0.262474
vt 0.905463 0.252978
vt 0.919560 0.261729
vt 0.918248 0.271069
vt 0.932220 0.264951
vt 0.935692 0.251822
vt 0.922358 0.248150
vt 0.940566 0.236111
vt 0.924765 0.231922
vt 0.910208 0.245758
vt 0.908714 0.230017
vt 0.925703 0.215054
vt 0.908035 0.213710
vt 0.943679 0.218001
vt 0.931506 0.271354
vt 0.939622 0.266608
vt 0.938383 0.269019
vt 0.941645 0.269171
vt 0.942451 0.266506
vt 0.945011 0.269367
vt 0.946501 0.266386
vt 0.947329 0.255642
vt 0.952738 0.257541
vt 0.955324 0.241458
vt 0.960235 0.242574
vt 0.967183 0.222151
vt 0.959390 0.221024
vt 0.962408 0.205292
vt 0.969221 0.204991
vt 0.966195 0.188031
vt 0.959662 0.189101
vt 0.953290 0.169641
vt 0.962003 0.171078
vt 0.958953 0.163264
vt 0.953958 0.155721
vt 0.946434 0.154803
vt 0.950076 0.149740
vt 0.945811 0.143908
vt 0.943935 0.141031
vt 0.980757 0.188113
vt 0.983095 0.205192
vt 0.973522 0.170606
vt 0.960924 0.152136
vt 0.966974 0.160378
vt 0.949043 0.142305
vt 0.955195 0.146594
vt 0.945637 0.139206
vt 0.940726 0.156573
vt 0.945440 0.172030
vt 0.949002 0.191176
vt 0.951987 0.205627
vt 0.949002 0.219287
vt 0.947354 0.239211
vt 0.941953 0.254010
vt 0.944353 0.270380
vt 0.945652 0.272374
vt 0.945311 0.270586
vt 0.949098 0.268359
vt 0.955609 0.263533
vt 0.961090 0.257885
vt 0.967268 0.249524
vt 0.973669 0.239135
vt 0.980808 0.221903
vt 0.607535 0.604881
vt 0.602426 0.581977
vt 0.618704 0.581308
vt 0.622471 0.604122
vt 0.638200 0.579558
vt 0.638627 0.603469
vt 0.591661 0.605832
vt 0.584357 0.583657
vt 0.562985 0.588034
vt 0.572651 0.609332
vt 0.610680 0.628055
vt 0.624933 0.627554
vt 0.627628 0.651961
vt 0.615871 0.652882
vt 0.639413 0.626934
vt 0.640021 0.651162
vt 0.597546 0.628794
vt 0.604404 0.653939
vt 0.580750 0.630192
vt 0.588921 0.655122
vt 0.640672 0.674610
vt 0.631119 0.675000
vt 0.641004 0.691270
vt 0.632436 0.690393
vt 0.637660 0.702183
vt 0.629868 0.699567
vt 0.629829 0.715009
vt 0.622020 0.710601
vt 0.612351 0.701877
vt 0.619770 0.693598
vt 0.622897 0.687120
vt 0.620880 0.676528
vt 0.606337 0.694412
vt 0.615200 0.688643
vt 0.598673 0.679921
vt 0.611036 0.677720
vt 0.232771 0.652135
vt 0.248843 0.660663
vt 0.238837 0.690594
vt 0.224443 0.681439
vt 0.220170 0.646937
vt 0.213925 0.676308
vt 0.198308 0.670046
vt 0.202040 0.641819
vt 0.240954 0.626052
vt 0.258707 0.635803
vt 0.247193 0.602227
vt 0.229028 0.596563
vt 0.225324 0.620219
vt 0.235252 0.568931
vt 0.211015 0.564060
vt 0.207165 0.591688
vt 0.255138 0.574696
vt 0.267784 0.609784
vt 0.276963 0.583689
vt 0.205277 0.615071
vt 0.186425 0.667053
vt 0.187157 0.639399
vt 0.188637 0.589441
vt 0.188075 0.612848
vt 0.189655 0.561663
vt 0.172158 0.640727
vt 0.174235 0.669100
vt 0.153437 0.644350
vt 0.157915 0.674278
vt 0.146939 0.678766
vt 0.140667 0.648895
vt 0.131845 0.687064
vt 0.123849 0.656351
vt 0.134943 0.622083
vt 0.115958 0.630577
vt 0.129951 0.597232
vt 0.147846 0.593370
vt 0.150123 0.617621
vt 0.124475 0.568643
vt 0.101650 0.576617
vt 0.108924 0.603391
vt 0.143692 0.565094
vt 0.169972 0.590225
vt 0.168231 0.562196
vt 0.170922 0.613801
vt 0.093847 0.550532
vt 0.119587 0.542008
vt 0.111513 0.517244
vt 0.133997 0.512840
vt 0.139587 0.538846
vt 0.085782 0.526801
vt 0.163260 0.510299
vt 0.165973 0.536242
vt 0.191785 0.510039
vt 0.190783 0.535847
vt 0.215363 0.538245
vt 0.220400 0.512825
vt 0.241909 0.543143
vt 0.250384 0.518328
vt 0.262949 0.549317
vt 0.270804 0.523657
vt 0.286846 0.558806
vt 0.296283 0.535993
vt 0.259911 0.491513
vt 0.279336 0.497566
vt 0.303461 0.511516
vt 0.225435 0.486187
vt 0.192753 0.483564
vt 0.160817 0.483734
vt 0.129206 0.486753
vt 0.104398 0.491240
vt 0.080541 0.501704
vt 0.100613 0.468325
vt 0.077288 0.476095
vt 0.125642 0.462847
vt 0.160168 0.459654
vt 0.194365 0.459761
vt 0.228767 0.462703
vt 0.265162 0.469924
vt 0.286638 0.477115
vt 0.307874 0.486857
vt 0.188547 0.740508
vt 0.196519 0.736202
vt 0.202466 0.747077
vt 0.195122 0.752034
vt 0.184243 0.728612
vt 0.193868 0.727575
vt 0.212591 0.739019
vt 0.205693 0.729868
vt 0.202437 0.725348
vt 0.193836 0.716855
vt 0.184762 0.715132
vt 0.195501 0.699176
vt 0.185258 0.696291
vt 0.204439 0.719606
vt 0.218642 0.731887
vt 0.210055 0.723687
vt 0.227423 0.717769
vt 0.216182 0.708887
vt 0.207936 0.704181
vt 0.175048 0.698500
vt 0.175429 0.716219
vt 0.174722 0.727019
vt 0.171954 0.735366
vt 0.179462 0.740312
vt 0.165353 0.746035
vt 0.172189 0.751427
vt 0.155655 0.737223
vt 0.163012 0.728619
vt 0.166290 0.724329
vt 0.164696 0.718013
vt 0.150011 0.730007
vt 0.159175 0.722089
vt 0.141880 0.714947
vt 0.153745 0.706697
vt 0.162221 0.702536
vt 0.672789 0.602732
vt 0.654988 0.602905
vt 0.657918 0.580020
vt 0.678559 0.579691
vt 0.685714 0.603165
vt 0.692080 0.579950
vt 0.713197 0.582863
vt 0.704727 0.605252
vt 0.669193 0.626352
vt 0.653828 0.626766
vt 0.652463 0.651202
vt 0.665055 0.651277
vt 0.681428 0.626350
vt 0.675837 0.651831
vt 0.698175 0.626760
vt 0.691432 0.652404
vt 0.649929 0.674535
vt 0.649570 0.690057
vt 0.644819 0.701954
vt 0.652397 0.698981
vt 0.653300 0.714539
vt 0.660691 0.709648
vt 0.670134 0.700475
vt 0.662298 0.692613
vt 0.658808 0.686121
vt 0.675521 0.692837
vt 0.666484 0.687559
vt 0.682733 0.677690
vt 0.670335 0.675977
vt 0.661221 0.675380
vt 0.696553 0.557490
vt 0.719304 0.559592
vt 0.945837 0.137187
vt 0.943827 0.140481
vt 0.460131 0.032309
vt 0.444111 0.029917
vt 0.449343 0.041434
vt 0.461572 0.041212
vt 0.458179 0.024072
vt 0.447138 0.023165
vt 0.446859 0.048497
vt 0.437379 0.047649
vt 0.437561 0.043767
vt 0.458199 0.049845
vt 0.446671 0.017388
vt 0.437709 0.015641
vt 0.437584 0.018661
vt 0.457211 0.017001
vt 0.476733 0.041493
vt 0.475466 0.033500
vt 0.473827 0.050989
vt 0.488682 0.046058
vt 0.483856 0.034157
vt 0.489514 0.041777
vt 0.494956 0.046696
vt 0.495950 0.042493
vt 0.495408 0.041469
vt 0.494961 0.034485
vt 0.490991 0.024765
vt 0.489126 0.021385
vt 0.495537 0.021286
vt 0.492982 0.018109
vt 0.473911 0.024613
vt 0.496064 0.026243
vt 0.487798 0.016415
vt 0.472628 0.017117
vt 0.487562 0.052368
vt 0.432279 0.038506
vt 0.435594 0.039718
vt 0.436248 0.030129
vt 0.432685 0.023224
vt 0.436212 0.022183
vt 0.433935 0.045264
vt 0.432271 0.040945
vt 0.432792 0.020761
vt 0.434788 0.017436
vt 0.436186 0.018048
vt 0.045624 0.702258
vt 0.035985 0.691481
vt 0.039948 0.688945
vt 0.048613 0.698621
vt 0.057951 0.709695
vt 0.059718 0.705293
vt 0.072168 0.712999
vt 0.072444 0.708147
vt 0.086665 0.711326
vt 0.085413 0.706748
vt 0.099852 0.705374
vt 0.097272 0.701425
vt 0.110560 0.695697
vt 0.106900 0.692735
vt 0.117776 0.683218
vt 0.113388 0.681524
vt 0.120814 0.669135
vt 0.116119 0.668870
vt 0.119384 0.654800
vt 0.114833 0.655988
vt 0.113622 0.641586
vt 0.109651 0.644116
vt 0.104073 0.630763
vt 0.101064 0.634396
vt 0.091642 0.623362
vt 0.089881 0.627770
vt 0.077426 0.620065
vt 0.077152 0.624917
vt 0.062930 0.621739
vt 0.064183 0.626317
vt 0.049744 0.627690
vt 0.052324 0.631640
vt 0.039036 0.637368
vt 0.042696 0.640330
vt 0.031821 0.649847
vt 0.036209 0.651541
vt 0.028783 0.663930
vt 0.033478 0.664195
vt 0.030214 0.678266
vt 0.034765 0.677076
vt 0.074798 0.666532
vt 0.127394 0.043368
vt 0.152344 0.072311
vt 0.142089 0.078506
vt 0.130566 0.081448
vt 0.118644 0.080564
vt 0.107578 0.076040
vt 0.098451 0.068317
vt 0.092158 0.058152
vt 0.089314 0.046540
vt 0.090197 0.034617
vt 0.094722 0.023551
vt 0.102445 0.014425
vt 0.112610 0.008131
vt 0.124222 0.005287
vt 0.136145 0.006171
vt 0.147211 0.010695
vt 0.156337 0.018418
vt 0.162630 0.028583
vt 0.165475 0.040195
vt 0.164591 0.052118
vt 0.160066 0.063184
vt 0.087053 0.595051
vt 0.083001 0.592656
vt 0.087834 0.580599
vt 0.092426 0.581626
vt 0.078013 0.606256
vt 0.074847 0.602723
vt 0.065782 0.614223
vt 0.063864 0.609758
vt 0.051587 0.617609
vt 0.051199 0.612878
vt 0.037160 0.616526
vt 0.038234 0.611932
vt 0.023788 0.611095
vt 0.026214 0.607059
vt 0.012740 0.601836
vt 0.016284 0.598743
vt 0.005069 0.589641
vt 0.009390 0.587786
vt 0.001510 0.575681
vt 0.006193 0.575242
vt 0.002406 0.561294
vt 0.007002 0.562314
vt 0.007676 0.547858
vt 0.011747 0.550243
vt 0.016826 0.536653
vt 0.019989 0.540192
vt 0.029056 0.528692
vt 0.030973 0.533157
vt 0.043250 0.525306
vt 0.043638 0.530037
vt 0.057677 0.526389
vt 0.056603 0.530983
vt 0.071049 0.531820
vt 0.068623 0.535855
vt 0.082098 0.541078
vt 0.078554 0.544172
vt 0.089769 0.553273
vt 0.085448 0.555129
vt 0.093328 0.567235
vt 0.088644 0.567673
vt 0.047419 0.571457
vt 0.014943 0.071375
vt 0.040137 0.042148
vt 0.025298 0.077631
vt 0.036933 0.080602
vt 0.048973 0.079710
vt 0.060148 0.075141
vt 0.069364 0.067342
vt 0.075719 0.057077
vt 0.078591 0.045351
vt 0.077699 0.033311
vt 0.073129 0.022137
vt 0.065331 0.012921
vt 0.055066 0.006566
vt 0.043340 0.003694
vt 0.031300 0.004586
vt 0.020126 0.009155
vt 0.010910 0.016954
vt 0.004555 0.027219
vt 0.001683 0.038945
vt 0.002575 0.050984
vt 0.007144 0.062159
vt 0.209043 0.919178
vt 0.211578 0.918803
vt 0.214905 0.935891
vt 0.210158 0.936821
vt 0.217684 0.933590
vt 0.231554 0.943036
vt 0.231187 0.944031
vt 0.230430 0.946105
vt 0.212650 0.940777
vt 0.213128 0.918507
vt 0.211279 0.890653
vt 0.208921 0.890469
vt 0.249287 0.922068
vt 0.243633 0.916298
vt 0.212627 0.890809
vt 0.213938 0.865195
vt 0.211402 0.864820
vt 0.216033 0.842202
vt 0.218767 0.842902
vt 0.223648 0.825779
vt 0.220221 0.843271
vt 0.225094 0.826485
vt 0.233372 0.812130
vt 0.231358 0.809343
vt 0.220881 0.824519
vt 0.226790 0.807103
vt 0.188924 0.814907
vt 0.193195 0.798063
vt 0.215455 0.865415
vt 0.236255 0.869634
vt 0.242474 0.852350
vt 0.184533 0.834520
vt 0.180317 0.859957
vt 0.177230 0.888739
vt 0.234692 0.890197
vt 0.239434 0.908746
vt 0.175647 0.919234
vt 0.175071 0.936480
vt 0.322090 0.802175
vt 0.322316 0.798829
vt 0.327965 0.798637
vt 0.327848 0.802324
vt 0.327859 0.803800
vt 0.321896 0.803620
vt 0.297798 0.802278
vt 0.297842 0.803585
vt 0.325644 0.836247
vt 0.332320 0.832441
vt 0.335704 0.852889
vt 0.331233 0.852692
vt 0.333682 0.883270
vt 0.328987 0.882040
vt 0.320082 0.905764
vt 0.327104 0.909980
vt 0.315240 0.827314
vt 0.297060 0.820873
vt 0.316244 0.934258
vt 0.306922 0.921198
vt 0.297138 0.951417
vt 0.317718 0.950547
vt 0.317855 0.952195
vt 0.297148 0.954723
vt 0.318042 0.955627
vt 0.295318 0.988912
vt 0.270436 0.985162
vt 0.273473 0.953029
vt 0.317924 0.991918
vt 0.345104 0.934163
vt 0.345046 0.951286
vt 0.245464 0.981472
vt 0.249360 0.950035
vt 0.273604 0.950275
vt 0.292952 0.929100
vt 0.249770 0.947634
vt 0.258673 0.927928
vt 0.275220 0.931980
vt 0.225691 0.978932
vt 0.208334 0.976035
vt 0.345059 0.953403
vt 0.345063 0.957324
vt 0.344947 0.994655
vt 0.372273 0.952501
vt 0.372392 0.950851
vt 0.393097 0.952049
vt 0.393055 0.955382
vt 0.372079 0.955935
vt 0.394170 0.989535
vt 0.418909 0.986465
vt 0.416879 0.954338
vt 0.371754 0.992138
vt 0.374003 0.934483
vt 0.443745 0.983690
vt 0.441103 0.952323
vt 0.416834 0.951538
vt 0.383499 0.921379
vt 0.370120 0.905988
vt 0.363160 0.910164
vt 0.356901 0.884036
vt 0.361413 0.883154
vt 0.362548 0.856530
vt 0.358344 0.855218
vt 0.371643 0.839371
vt 0.365134 0.834526
vt 0.372221 0.805789
vt 0.378190 0.806101
vt 0.378134 0.804610
vt 0.402508 0.806396
vt 0.402394 0.807728
vt 0.372333 0.804287
vt 0.372507 0.800553
vt 0.378184 0.801206
vt 0.383210 0.830716
vt 0.402176 0.825189
vt 0.428256 0.809226
vt 0.428587 0.806545
vt 0.449925 0.811807
vt 0.450538 0.809328
vt 0.430380 0.777110
vt 0.451687 0.778514
vt 0.468697 0.812150
vt 0.467785 0.779051
vt 0.467526 0.817080
vt 0.465390 0.819648
vt 0.473992 0.833388
vt 0.472558 0.833991
vt 0.476731 0.832330
vt 0.472064 0.815200
vt 0.508067 0.824955
vt 0.504950 0.808481
vt 0.476277 0.850432
vt 0.477695 0.850155
vt 0.480364 0.849634
vt 0.479546 0.871979
vt 0.459323 0.874775
vt 0.454380 0.857908
vt 0.481016 0.871860
vt 0.483474 0.871653
vt 0.484301 0.896487
vt 0.482013 0.896509
vt 0.482447 0.924188
vt 0.480010 0.923665
vt 0.475819 0.940035
vt 0.480341 0.941181
vt 0.473223 0.937677
vt 0.459094 0.946234
vt 0.459411 0.947232
vt 0.460062 0.949313
vt 0.477837 0.944884
vt 0.478521 0.923275
vt 0.442743 0.924447
vt 0.448847 0.919153
vt 0.480701 0.896563
vt 0.513686 0.868827
vt 0.511135 0.844097
vt 0.459476 0.894558
vt 0.453583 0.912110
vt 0.514949 0.896726
vt 0.514670 0.926227
vt 0.514218 0.942902
vt 0.556483 0.889037
vt 0.545287 0.869444
vt 0.560910 0.867310
vt 0.565967 0.884202
vt 0.580662 0.866733
vt 0.581299 0.880947
vt 0.599571 0.867118
vt 0.597618 0.882594
vt 0.615975 0.867944
vt 0.610963 0.888860
vt 0.549919 0.894249
vt 0.533994 0.877637
vt 0.527711 0.890024
vt 0.544391 0.900768
vt 0.536880 0.917778
vt 0.523832 0.914955
vt 0.536175 0.937316
vt 0.523736 0.938819
vt 0.541291 0.953162
vt 0.525455 0.959968
vt 0.547540 0.962169
vt 0.529680 0.975762
vt 0.553394 0.967826
vt 0.537498 0.987368
vt 0.549623 0.993491
vt 0.560016 0.972294
vt 0.567744 0.994774
vt 0.570595 0.976597
vt 0.588906 0.977836
vt 0.589585 0.994404
vt 0.606184 0.971772
vt 0.611056 0.992753
vt 0.616775 0.991955
vt 0.634654 0.963895
vt 0.621213 0.959263
vt 0.629705 0.943141
vt 0.634655 0.944069
vt 0.630907 0.918908
vt 0.634664 0.918335
vt 0.634704 0.901116
vt 0.623642 0.901496
vt 0.634702 0.867994
vt 0.634656 0.991839
vt 0.638420 0.918913
vt 0.639605 0.943143
vt 0.645710 0.901512
vt 0.653429 0.867974
vt 0.648094 0.959265
vt 0.658408 0.888895
vt 0.671760 0.882649
vt 0.669831 0.867175
vt 0.688075 0.881024
vt 0.688732 0.866820
vt 0.703392 0.884298
vt 0.708469 0.867426
vt 0.712861 0.889141
vt 0.724075 0.869581
vt 0.719412 0.894356
vt 0.735344 0.877783
vt 0.741602 0.890167
vt 0.724926 0.900875
vt 0.732404 0.917875
vt 0.745439 0.915074
vt 0.733083 0.937389
vt 0.745503 0.938904
vt 0.727959 0.953209
vt 0.743765 0.960019
vt 0.721711 0.962199
vt 0.739535 0.975785
vt 0.715860 0.967847
vt 0.731723 0.987368
vt 0.719615 0.993477
vt 0.709243 0.972306
vt 0.701520 0.994754
vt 0.698676 0.976599
vt 0.680384 0.977834
vt 0.679705 0.994386
vt 0.659033 0.969248
vt 0.658250 0.992741
vt 0.652535 0.991948
vt 0.230525 0.804216
vt 0.233576 0.770651
vt 0.249964 0.771139
vt 0.249191 0.802456
vt 0.271654 0.771102
vt 0.271607 0.800909
vt 0.249667 0.805020
vt 0.249856 0.806023
vt 0.271805 0.803625
vt 0.271893 0.804682
vt 0.297691 0.799262
vt 0.297375 0.770624
vt 0.255302 0.834565
vt 0.249150 0.841558
vt 0.262867 0.828939
vt 0.276589 0.822885
vt 0.322661 0.769538
vt 0.330049 0.769362
vt 0.350250 0.798599
vt 0.350078 0.802585
vt 0.350004 0.804303
vt 0.348599 0.833544
vt 0.347061 0.854524
vt 0.345399 0.883699
vt 0.345196 0.909799
vt 0.351465 0.769341
vt 0.372777 0.771173
vt 0.380044 0.771968
vt 0.405037 0.774920
vt 0.402794 0.803362
vt 0.271800 0.769253
vt 0.297340 0.768798
vt 0.250230 0.769350
vt 0.233982 0.768832
vt 0.322516 0.767553
vt 0.330385 0.767401
vt 0.351545 0.767462
vt 0.372608 0.769204
vt 0.380346 0.770017
vt 0.405200 0.773117
vt 0.430357 0.775281
vt 0.451538 0.776742
vt 0.467500 0.777242
vt 0.245446 0.983476
vt 0.270214 0.987209
vt 0.294959 0.991017
vt 0.317776 0.994102
vt 0.225586 0.980824
vt 0.208259 0.978002
vt 0.345030 0.997805
vt 0.371876 0.994295
vt 0.394482 0.991627
vt 0.419068 0.988497
vt 0.443688 0.985670
vt 0.463397 0.983845
vt 0.463371 0.981973
vt 0.480605 0.981787
vt 0.480613 0.979844
vt 0.175313 0.888454
vt 0.178384 0.859768
vt 0.182642 0.834380
vt 0.187057 0.814673
vt 0.191279 0.797943
vt 0.173782 0.918887
vt 0.173197 0.936016
vt 0.449682 0.812775
vt 0.428129 0.810274
vt 0.442913 0.840278
vt 0.448533 0.847250
vt 0.435788 0.834543
vt 0.422557 0.828068
vt 0.397718 0.929524
vt 0.415834 0.932959
vt 0.432891 0.929715
vt 0.440812 0.949906
vt 0.515558 0.868760
vt 0.516813 0.896565
vt 0.512963 0.844074
vt 0.509879 0.824841
vt 0.506803 0.808480
vt 0.516490 0.926003
vt 0.516054 0.942564
vt 0.958166 0.962149
vt 0.957643 0.988853
vt 0.943751 0.988876
vt 0.943143 0.962095
vt 0.965053 0.962412
vt 0.964383 0.989088
vt 0.971803 0.962697
vt 0.971105 0.989366
vt 0.980370 0.963056
vt 0.979884 0.989738
vt 0.992987 0.963175
vt 0.993350 0.989797
vt 0.929394 0.989840
vt 0.927361 0.963094
vt 0.916742 0.991338
vt 0.913971 0.964650
vt 0.907909 0.992498
vt 0.905171 0.965812
vt 0.901092 0.993361
vt 0.898640 0.966716
vt 0.894291 0.994158
vt 0.892211 0.967438
vt 0.883196 0.995072
vt 0.882222 0.968333
vt 0.866971 0.994918
vt 0.868113 0.968167
vt 0.850859 0.992921
vt 0.853393 0.966406
vt 0.838795 0.990898
vt 0.841738 0.964510
vt 0.822933 0.988319
vt 0.825356 0.961863
vt 0.805359 0.986741
vt 0.805923 0.960188
vt 0.789871 0.987130
vt 0.788606 0.960615
vt 0.776269 0.988408
vt 0.774266 0.961778
vt 0.764708 0.989713
vt 0.762502 0.963195
vt 0.751011 0.991007
vt 0.749370 0.964431
vt 0.945984 0.923638
vt 0.959876 0.923661
vt 0.960400 0.950367
vt 0.945376 0.950420
vt 0.967287 0.950104
vt 0.966617 0.923426
vt 0.974037 0.949819
vt 0.973339 0.923148
vt 0.982605 0.949460
vt 0.982118 0.922776
vt 0.995222 0.949340
vt 0.995585 0.922716
vt 0.931626 0.922674
vt 0.929593 0.949422
vt 0.918974 0.921176
vt 0.916203 0.947865
vt 0.910141 0.920016
vt 0.907402 0.946703
vt 0.903324 0.919153
vt 0.900871 0.945798
vt 0.896523 0.918357
vt 0.894442 0.945077
vt 0.885428 0.917442
vt 0.884453 0.944181
vt 0.869202 0.917596
vt 0.870344 0.944347
vt 0.853091 0.919593
vt 0.855624 0.946107
vt 0.841027 0.921615
vt 0.843969 0.948002
vt 0.825166 0.924193
vt 0.827587 0.950649
vt 0.807593 0.925770
vt 0.808154 0.952322
vt 0.792105 0.925380
vt 0.790838 0.951894
vt 0.778504 0.924101
vt 0.776499 0.950729
vt 0.766943 0.922795
vt 0.764735 0.949311
vt 0.753247 0.921499
vt 0.751604 0.948074
vt 0.929894 0.875665
vt 0.935317 0.860096
vt 0.945022 0.863211
vt 0.939510 0.878871
vt 0.954994 0.866506
vt 0.949324 0.882213
vt 0.920512 0.872553
vt 0.925891 0.857109
vt 0.911211 0.869592
vt 0.916405 0.854219
vt 0.906497 0.851467
vt 0.901613 0.866800
vt 0.896100 0.848902
vt 0.891641 0.864225
vt 0.881653 0.861673
vt 0.885290 0.846395
vt 0.871510 0.859149
vt 0.874433 0.843869
vt 0.861097 0.857104
vt 0.863487 0.841775
vt 0.850251 0.855529
vt 0.852315 0.840103
vt 0.842112 0.854525
vt 0.843907 0.839108
vt 0.831625 0.853710
vt 0.832871 0.838209
vt 0.821255 0.853466
vt 0.821702 0.837798
vt 0.810724 0.853362
vt 0.810223 0.837400
vt 0.800209 0.853290
vt 0.799145 0.837155
vt 0.790053 0.853529
vt 0.788661 0.837261
vt 0.780301 0.854073
vt 0.778742 0.837701
vt 0.770511 0.854781
vt 0.768959 0.838300
vt 0.760451 0.855574
vt 0.758861 0.838981
vt 0.750117 0.856471
vt 0.748375 0.839807
vt 0.739681 0.857480
vt 0.737767 0.840776
vt 0.729337 0.858542
vt 0.727354 0.841831
vt 0.719259 0.859541
vt 0.717225 0.842851
vt 0.710214 0.843532
vt 0.712310 0.860206
vt 0.968989 0.889154
vt 0.974889 0.873447
vt 0.984465 0.876849
vt 0.978522 0.892531
vt 0.991102 0.879180
vt 0.985101 0.894837
vt 0.959208 0.885666
vt 0.965049 0.869960
vt 0.919768 0.837967
vt 0.904853 0.834592
vt 0.904139 0.839578
vt 0.918947 0.842825
vt 0.934984 0.841534
vt 0.933934 0.846286
vt 0.889575 0.836494
vt 0.890267 0.831389
vt 0.875113 0.833528
vt 0.875785 0.828390
vt 0.860148 0.830821
vt 0.860789 0.825655
vt 0.844443 0.828398
vt 0.845054 0.823244
vt 0.828418 0.826244
vt 0.829072 0.821022
vt 0.811998 0.824422
vt 0.812700 0.819003
vt 0.795188 0.823282
vt 0.795698 0.817738
vt 0.777503 0.823056
vt 0.777543 0.817322
vt 0.763796 0.823079
vt 0.763525 0.817250
vt 0.746087 0.823749
vt 0.745536 0.817840
vt 0.728226 0.825201
vt 0.727617 0.819350
vt 0.709759 0.827113
vt 0.709145 0.821216
vt 0.691152 0.829357
vt 0.690492 0.823316
vt 0.673072 0.832028
vt 0.672433 0.825865
vt 0.655521 0.835084
vt 0.654954 0.828836
vt 0.637713 0.838310
vt 0.637178 0.832117
vt 0.619355 0.841793
vt 0.618670 0.835687
vt 0.600493 0.845533
vt 0.599428 0.839490
vt 0.581366 0.849465
vt 0.579827 0.843476
vt 0.562276 0.853545
vt 0.560406 0.847440
vt 0.543573 0.857352
vt 0.541372 0.851271
vt 0.530627 0.860131
vt 0.528123 0.854005
vt 0.631471 0.803049
vt 0.649290 0.800277
vt 0.593228 0.809452
vt 0.612793 0.806058
vt 0.553773 0.817158
vt 0.573294 0.813222
vt 0.521251 0.823345
vt 0.534640 0.820912
vt 0.629667 0.797002
vt 0.647725 0.794158
vt 0.667050 0.797772
vt 0.685712 0.795687
vt 0.705433 0.794118
vt 0.725729 0.792865
vt 0.745079 0.791839
vt 0.764005 0.791603
vt 0.778393 0.792026
vt 0.796921 0.793260
vt 0.814697 0.795010
vt 0.832167 0.797304
vt 0.849427 0.799673
vt 0.865780 0.802190
vt 0.881167 0.805013
vt 0.895840 0.808020
vt 0.910469 0.811171
vt 0.925548 0.814458
vt 0.941006 0.817972
vt 0.950328 0.845288
vt 0.948936 0.849962
vt 0.965423 0.849055
vt 0.963757 0.853777
vt 0.980145 0.852765
vt 0.978181 0.857406
vt 0.990345 0.855438
vt 0.988042 0.860059
vt 0.971793 0.825573
vt 0.986634 0.829288
vt 0.997012 0.831747
vt 0.956615 0.821710
vt 0.927038 0.809686
vt 0.942330 0.813229
vt 0.972663 0.820550
vt 0.987173 0.824432
vt 0.997273 0.826549
vt 0.957671 0.816863
vt 0.987271 0.823782
vt 0.912042 0.806288
vt 0.897363 0.803036
vt 0.882482 0.799950
vt 0.866860 0.797084
vt 0.850386 0.794527
vt 0.833116 0.792048
vt 0.815479 0.789495
vt 0.797445 0.787502
vt 0.778762 0.785966
vt 0.763961 0.785478
vt 0.744764 0.785787
vt 0.725225 0.786930
vt 0.704940 0.788168
vt 0.685048 0.789641
vt 0.665954 0.791637
vt 0.591754 0.803449
vt 0.611037 0.800112
vt 0.572258 0.807044
vt 0.553013 0.810733
vt 0.534254 0.814417
vt 0.521254 0.816698
s 1
usemtl ElasticWaistband_c.001
f 3/1/1 2/2/2 1/3/3
f 4/4/4 1/3/3 2/2/2
f 1/3/3 5/5/5 3/1/1
f 8/6/6 7/7/7 6/8/8
f 7/7/7 8/6/6 9/9/9
f 9/9/9 10/10/10 7/7/7
f 13/11/11 12/12/12 11/13/13
f 14/14/14 13/11/11 11/13/13
f 11/13/13 15/15/15 14/14/14
f 15/15/15 16/16/16 14/14/14
f 12/12/12 13/11/11 17/17/17
f 18/18/18 12/12/12 17/17/17
f 17/17/17 19/19/19 18/18/18
f 19/19/19 20/20/20 18/18/18
f 12/12/12 21/21/21 11/13/13
f 11/13/13 21/21/21 15/15/15
f 21/21/21 22/22/22 15/15/15
f 18/18/18 23/23/23 12/12/12
f 23/23/23 24/24/24 12/12/12
f 25/25/25 24/24/24 23/23/23
f 26/26/26 25/25/25 23/23/23
f 26/26/26 23/23/23 27/27/27
f 27/27/27 23/23/23 18/18/18
f 20/20/20 27/27/27 18/18/18
f 28/28/28 26/26/26 27/27/27
f 25/25/25 29/29/29 24/24/24
f 29/29/29 30/30/30 24/24/24
f 29/29/29 31/31/31 30/30/30
f 31/31/31 32/32/32 30/30/30
f 26/26/26 33/33/33 25/25/25
f 33/33/33 34/34/34 25/25/25
f 25/25/25 34/34/34 29/29/29
f 1/35/3 34/34/34 33/33/33
f 5/36/5 1/35/3 33/33/33
f 5/36/5 33/33/33 35/37/35
f 35/37/35 33/33/33 26/26/26
f 28/28/28 35/37/35 26/26/26
f 3/38/1 5/36/5 35/37/35
f 1/35/3 4/39/4 34/34/34
f 4/39/4 36/40/36 34/34/34
f 34/34/34 36/40/36 29/29/29
f 29/29/29 36/40/36 31/31/31
f 4/39/4 2/41/2 36/40/36
f 2/41/2 37/42/37 36/40/36
f 36/40/36 37/42/37 31/31/31
f 30/30/30 32/32/32 38/43/38
f 30/30/30 38/43/38 12/12/12
f 24/24/24 30/30/30 12/12/12
f 32/32/32 39/44/39 38/43/38
f 12/12/12 38/43/38 21/21/21
f 38/43/38 39/44/39 22/22/22
f 21/21/21 38/43/38 22/22/22
f 40/45/40 19/46/19 16/47/16
f 15/48/15 40/45/40 16/47/16
f 40/45/40 20/49/20 19/46/19
f 15/48/15 22/50/22 40/45/40
f 40/45/40 27/51/27 20/49/20
f 32/52/32 27/51/27 40/45/40
f 28/53/28 27/51/27 32/52/32
f 31/54/31 28/53/28 32/52/32
f 31/54/31 37/55/37 28/53/28
f 37/55/37 35/56/35 28/53/28
f 3/57/1 35/56/35 37/55/37
f 2/58/2 3/57/1 37/55/37
f 39/59/39 32/52/32 40/45/40
f 39/59/39 40/45/40 22/50/22
f 16/47/16 19/46/19 41/60/41
f 19/46/19 42/61/42 41/60/41
f 41/60/41 42/61/42 43/62/43
f 44/63/44 41/60/41 43/62/43
f 44/63/44 43/62/43 45/64/45
f 46/65/46 44/63/44 45/64/45
f 43/62/43 47/66/47 45/64/45
f 46/65/46 45/64/45 48/67/48
f 48/67/48 45/64/45 49/68/49
f 49/68/49 45/64/45 50/69/50
f 45/64/45 47/66/47 50/69/50
f 51/70/51 49/68/49 50/69/50
f 51/70/51 50/69/50 52/71/52
f 50/69/50 53/72/53 52/71/52
f 52/71/52 53/72/53 54/73/54
f 53/72/53 55/74/55 54/73/54
f 55/74/55 56/75/56 54/73/54
f 55/74/55 57/76/57 56/75/56
f 58/77/58 56/75/56 57/76/57
f 58/77/58 59/78/59 56/75/56
f 58/77/58 60/79/60 59/78/59
f 60/79/60 61/80/61 59/78/59
f 62/81/62 61/80/61 60/79/60
f 63/82/63 62/81/62 60/79/60
f 62/81/62 63/82/63 64/83/64
f 65/84/65 62/81/62 64/83/64
f 63/82/63 66/85/66 64/83/64
f 64/83/64 67/86/67 65/84/65
f 66/85/66 68/87/68 64/83/64
f 64/83/64 69/88/69 67/86/67
f 70/89/70 69/88/69 64/83/64
f 68/87/68 70/89/70 64/83/64
f 71/90/71 70/89/70 68/87/68
f 72/91/72 71/90/71 68/87/68
f 72/91/72 73/92/73 71/90/71
f 73/92/73 74/93/74 71/90/71
f 8/94/6 74/93/74 73/92/73
f 9/95/9 8/94/6 73/92/73
f 77/96/75 76/97/76 75/98/77
f 78/99/78 77/96/75 75/98/77
f 75/98/77 62/100/62 78/99/78
f 62/100/62 65/101/65 78/99/78
f 76/97/76 77/96/75 79/102/79
f 80/103/80 76/97/76 79/102/79
f 79/102/79 66/104/66 80/103/80
f 66/104/66 63/105/63 80/103/80
f 65/101/65 67/106/67 78/99/78
f 67/106/67 81/107/81 78/99/78
f 78/99/78 81/107/81 77/96/75
f 80/103/80 63/105/63 82/108/82
f 63/105/63 60/109/60 82/108/82
f 62/100/62 75/98/77 61/110/61
f 75/98/77 83/111/83 61/110/61
f 75/98/77 76/97/76 83/111/83
f 76/97/76 84/112/84 83/111/83
f 80/103/80 82/108/82 84/112/84
f 76/97/76 80/103/80 84/112/84
f 82/108/82 60/109/60 58/113/58
f 85/114/85 82/108/82 58/113/58
f 84/112/84 82/108/82 85/114/85
f 85/114/85 58/113/58 86/115/86
f 86/115/86 87/116/87 85/114/85
f 87/116/87 88/117/88 85/114/85
f 83/111/83 84/112/84 88/117/88
f 88/117/88 84/112/84 85/114/85
f 58/113/58 57/118/57 86/115/86
f 88/117/88 87/116/87 89/119/89
f 90/120/90 88/117/88 89/119/89
f 61/110/61 83/111/83 90/120/90
f 90/120/90 83/111/83 88/117/88
f 90/120/90 89/119/89 91/121/91
f 59/122/59 90/120/90 91/121/91
f 59/122/59 61/110/61 90/120/90
f 91/121/91 89/119/89 92/123/92
f 89/119/89 93/124/93 92/123/92
f 89/119/89 87/116/87 93/124/93
f 92/123/92 93/124/93 94/125/94
f 93/124/93 95/126/95 94/125/94
f 93/124/93 87/116/87 95/126/95
f 86/115/86 57/118/57 55/127/55
f 96/128/96 86/115/86 55/127/55
f 87/116/87 86/115/86 96/128/96
f 97/129/97 96/128/96 55/127/55
f 53/130/53 97/129/97 55/127/55
f 97/129/97 53/130/53 98/131/98
f 53/130/53 50/132/50 98/131/98
f 98/131/98 99/133/99 97/129/97
f 99/133/99 100/134/100 97/129/97
f 97/129/97 100/134/100 96/128/96
f 99/133/99 101/135/101 100/134/100
f 101/135/101 102/136/102 100/134/100
f 101/135/101 51/137/51 102/136/102
f 51/137/51 52/138/52 102/136/102
f 100/134/100 103/139/103 96/128/96
f 100/134/100 102/136/102 103/139/103
f 102/136/102 104/140/104 103/139/103
f 102/136/102 52/138/52 104/140/104
f 94/125/94 95/126/95 104/140/104
f 104/140/104 95/126/95 103/139/103
f 52/138/52 54/141/54 104/140/104
f 98/131/98 105/142/105 99/133/99
f 105/142/105 106/143/106 99/133/99
f 99/133/99 106/143/106 101/135/101
f 107/144/107 106/143/106 105/142/105
f 108/145/108 107/144/107 105/142/105
f 105/142/105 47/146/47 108/145/108
f 47/146/47 105/142/105 98/131/98
f 50/132/50 47/146/47 98/131/98
f 47/146/47 43/147/43 108/145/108
f 107/144/107 109/148/109 106/143/106
f 109/148/109 110/149/110 106/143/106
f 109/148/109 44/150/44 110/149/110
f 44/150/44 46/151/46 110/149/110
f 110/149/110 46/151/46 111/152/111
f 106/143/106 110/149/110 111/152/111
f 46/151/46 48/153/48 111/152/111
f 108/145/108 112/154/112 107/144/107
f 112/154/112 113/155/113 107/144/107
f 107/144/107 113/155/113 109/148/109
f 13/11/11 113/155/113 112/154/112
f 17/17/17 13/11/11 112/154/112
f 13/11/11 14/14/14 113/155/113
f 14/14/14 114/156/114 113/155/113
f 113/155/113 114/156/114 109/148/109
f 109/148/109 114/156/114 44/150/44
f 14/14/14 16/16/16 114/156/114
f 16/16/16 41/157/41 114/156/114
f 114/156/114 41/157/41 44/150/44
f 17/17/17 112/154/112 42/158/42
f 19/19/19 17/17/17 42/158/42
f 42/158/42 112/154/112 108/145/108
f 43/147/43 42/158/42 108/145/108
f 111/152/111 48/153/48 115/159/115
f 48/153/48 49/160/49 115/159/115
f 115/159/115 49/160/49 51/137/51
f 101/135/101 115/159/115 51/137/51
f 106/143/106 115/159/115 101/135/101
f 111/152/111 115/159/115 106/143/106
f 118/161/116 117/162/117 116/163/118
f 119/164/119 118/161/116 116/163/118
f 118/161/116 72/165/72 117/162/117
f 72/165/72 68/166/68 117/162/117
f 119/164/119 116/163/118 120/167/120
f 121/168/121 119/164/119 120/167/120
f 121/168/121 120/167/120 70/169/70
f 71/170/71 121/168/121 70/169/70
f 117/162/117 68/166/68 66/104/66
f 79/102/79 117/162/117 66/104/66
f 116/163/118 117/162/117 79/102/79
f 70/169/70 120/167/120 69/171/69
f 120/167/120 122/172/122 69/171/69
f 120/167/120 116/163/118 122/172/122
f 116/163/118 77/96/75 122/172/122
f 77/96/75 116/163/118 79/102/79
f 69/171/69 122/172/122 81/107/81
f 122/172/122 77/96/75 81/107/81
f 67/106/67 69/171/69 81/107/81
f 118/161/116 123/173/123 72/165/72
f 123/173/123 73/174/73 72/165/72
f 9/175/9 73/174/73 123/173/123
f 10/176/10 9/175/9 123/173/123
f 10/176/10 123/173/123 124/177/124
f 7/178/7 10/176/10 124/177/124
f 7/178/7 124/177/124 125/179/125
f 6/180/8 7/178/7 125/179/125
f 6/180/8 125/179/125 74/181/74
f 8/182/6 6/180/8 74/181/74
f 74/181/74 125/179/125 121/168/121
f 71/170/71 74/181/74 121/168/121
f 125/179/125 124/177/124 119/164/119
f 121/168/121 125/179/125 119/164/119
f 124/177/124 123/173/123 118/161/116
f 119/164/119 124/177/124 118/161/116
f 54/141/54 94/125/94 104/140/104
f 95/126/95 87/116/87 103/139/103
f 103/139/103 87/116/87 96/128/96
f 56/75/56 91/183/91 92/184/92
f 92/184/92 94/185/94 56/75/56
f 59/78/59 91/183/91 56/75/56
f 56/75/56 94/185/94 54/73/54
f 128/2/1 127/1/2 126/3/126
f 126/3/126 129/4/5 128/2/1
f 130/5/127 126/3/126 127/1/2
f 133/7/7 132/6/128 131/8/10
f 132/6/128 133/7/7 134/9/6
f 135/10/8 134/9/6 133/7/7
f 138/11/129 137/14/130 136/13/131
f 139/12/132 138/11/129 136/13/131
f 140/15/133 136/13/131 137/14/130
f 141/16/134 140/15/133 137/14/130
f 138/11/129 139/12/132 142/17/135
f 139/12/132 143/18/136 142/17/135
f 144/19/137 142/17/135 143/18/136
f 145/20/138 144/19/137 143/18/136
f 146/21/139 139/12/132 136/13/131
f 146/21/139 136/13/131 140/15/133
f 147/22/140 146/21/139 140/15/133
f 148/23/141 143/18/136 139/12/132
f 149/24/142 148/23/141 139/12/132
f 149/24/142 150/25/25 148/23/141
f 150/25/25 151/26/29 148/23/141
f 148/23/141 151/26/29 152/27/143
f 152/27/143 145/20/138 143/18/136
f 148/23/141 152/27/143 143/18/136
f 151/26/29 153/28/144 152/27/143
f 154/29/145 150/25/25 149/24/142
f 155/30/146 154/29/145 149/24/142
f 156/31/147 154/29/145 155/30/146
f 157/32/148 156/31/147 155/30/146
f 158/33/149 151/26/29 150/25/25
f 159/34/150 158/33/149 150/25/25
f 159/34/150 150/25/25 154/29/145
f 159/34/150 126/35/126 158/33/149
f 126/35/126 130/36/127 158/33/149
f 158/33/149 130/36/127 160/37/151
f 160/37/151 153/28/144 151/26/29
f 158/33/149 160/37/151 151/26/29
f 130/36/127 127/38/2 160/37/151
f 129/39/5 126/35/126 159/34/150
f 161/40/152 129/39/5 159/34/150
f 161/40/152 159/34/150 154/29/145
f 161/40/152 154/29/145 156/31/147
f 128/41/1 129/39/5 161/40/152
f 162/42/153 128/41/1 161/40/152
f 162/42/153 161/40/152 156/31/147
f 157/32/148 155/30/146 163/43/154
f 163/43/154 155/30/146 139/12/132
f 155/30/146 149/24/142 139/12/132
f 164/44/155 157/32/148 163/43/154
f 163/43/154 139/12/132 146/21/139
f 163/43/154 146/21/139 147/22/140
f 164/44/155 163/43/154 147/22/140
f 165/45/156 140/48/133 141/47/134
f 144/46/137 165/45/156 141/47/134
f 145/49/138 165/45/156 144/46/137
f 147/50/140 140/48/133 165/45/156
f 152/51/143 165/45/156 145/49/138
f 152/51/143 157/52/148 165/45/156
f 152/51/143 153/53/144 157/52/148
f 153/53/144 156/54/147 157/52/148
f 162/55/153 156/54/147 153/53/144
f 160/56/151 162/55/153 153/53/144
f 160/56/151 127/57/2 162/55/153
f 127/57/2 128/58/1 162/55/153
f 157/52/148 164/59/155 165/45/156
f 165/45/156 164/59/155 147/50/140
f 144/46/137 141/47/134 166/60/157
f 167/61/158 144/46/137 166/60/157
f 167/61/158 166/60/157 168/62/159
f 166/60/157 169/63/160 168/62/159
f 168/62/159 169/63/160 170/64/161
f 169/63/160 171/65/162 170/64/161
f 172/66/163 168/62/159 170/64/161
f 170/64/161 171/65/162 173/67/164
f 170/64/161 173/67/164 174/68/165
f 170/64/161 174/68/165 175/69/166
f 172/66/163 170/64/161 175/69/166
f 174/68/165 176/70/167 175/69/166
f 175/69/166 176/70/167 177/71/53
f 178/72/52 175/69/166 177/71/53
f 178/72/52 177/71/53 179/73/168
f 180/74/169 178/72/52 179/73/168
f 181/75/170 180/74/169 179/73/168
f 182/76/171 180/74/169 181/75/170
f 181/75/170 183/77/172 182/76/171
f 184/78/173 183/77/172 181/75/170
f 185/79/174 183/77/172 184/78/173
f 186/80/175 185/79/174 184/78/173
f 186/80/175 187/81/176 185/79/174
f 187/81/176 188/82/177 185/79/174
f 188/82/177 187/81/176 189/83/178
f 187/81/176 190/84/179 189/83/178
f 191/85/180 188/82/177 189/83/178
f 192/86/181 189/83/178 190/84/179
f 193/87/182 191/85/180 189/83/178
f 194/88/183 189/83/178 192/86/181
f 195/89/184 193/87/182 189/83/178
f 194/88/183 195/89/184 189/83/178
f 195/89/184 196/90/72 193/87/182
f 196/90/72 197/91/71 193/87/182
f 198/92/74 197/91/71 196/90/72
f 199/93/185 198/92/74 196/90/72
f 199/93/185 132/94/128 198/92/74
f 132/94/128 134/95/6 198/92/74
f 202/96/186 201/99/187 200/98/188
f 203/97/76 202/96/186 200/98/188
f 187/100/176 200/98/188 201/99/187
f 190/101/179 187/100/176 201/99/187
f 202/96/186 203/97/76 204/102/189
f 203/97/76 205/103/190 204/102/189
f 191/104/180 204/102/189 205/103/190
f 188/105/177 191/104/180 205/103/190
f 192/106/181 190/101/179 201/99/187
f 206/107/191 192/106/181 201/99/187
f 206/107/191 201/99/187 202/96/186
f 188/105/177 205/103/190 207/108/192
f 185/109/174 188/105/177 207/108/192
f 200/98/188 187/100/176 186/110/175
f 208/111/193 200/98/188 186/110/175
f 203/97/76 200/98/188 208/111/193
f 209/112/194 203/97/76 208/111/193
f 205/103/190 203/97/76 209/112/194
f 207/108/192 205/103/190 209/112/194
f 185/109/174 207/108/192 183/113/172
f 207/108/192 210/114/195 183/113/172
f 207/108/192 209/112/194 210/114/195
f 183/113/172 210/114/195 211/115/196
f 212/116/197 211/115/196 210/114/195
f 213/117/198 212/116/197 210/114/195
f 209/112/194 208/111/193 213/117/198
f 209/112/194 213/117/198 210/114/195
f 182/118/171 183/113/172 211/115/196
f 212/116/197 213/117/198 214/119/199
f 213/117/198 215/120/200 214/119/199
f 208/111/193 186/110/175 215/120/200
f 208/111/193 215/120/200 213/117/198
f 214/119/199 215/120/200 216/121/201
f 215/120/200 184/122/173 216/121/201
f 186/110/175 184/122/173 215/120/200
f 214/119/199 216/121/201 217/123/202
f 218/124/203 214/119/199 217/123/202
f 212/116/197 214/119/199 218/124/203
f 218/124/203 217/123/202 219/125/204
f 220/126/205 218/124/203 219/125/204
f 212/116/197 218/124/203 220/126/205
f 182/118/171 211/115/196 180/127/169
f 211/115/196 221/128/206 180/127/169
f 211/115/196 212/116/197 221/128/206
f 221/128/206 222/129/102 180/127/169
f 222/129/102 178/130/52 180/127/169
f 178/130/52 222/129/102 223/131/207
f 175/132/166 178/130/52 223/131/207
f 224/133/208 223/131/207 222/129/102
f 225/134/100 224/133/208 222/129/102
f 225/134/100 222/129/102 221/128/206
f 226/135/209 224/133/208 225/134/100
f 227/136/210 226/135/209 225/134/100
f 176/137/167 226/135/209 227/136/210
f 177/138/53 176/137/167 227/136/210
f 228/139/211 225/134/100 221/128/206
f 227/136/210 225/134/100 228/139/211
f 229/140/212 227/136/210 228/139/211
f 177/138/53 227/136/210 229/140/212
f 220/126/205 219/125/204 229/140/212
f 220/126/205 229/140/212 228/139/211
f 179/141/168 177/138/53 229/140/212
f 230/142/213 223/131/207 224/133/208
f 231/143/214 230/142/213 224/133/208
f 231/143/214 224/133/208 226/135/209
f 231/143/214 232/144/107 230/142/213
f 232/144/107 233/145/215 230/142/213
f 172/146/163 230/142/213 233/145/215
f 172/146/163 175/132/166 223/131/207
f 230/142/213 172/146/163 223/131/207
f 168/147/159 172/146/163 233/145/215
f 234/148/216 232/144/107 231/143/214
f 235/149/217 234/148/216 231/143/214
f 169/150/160 234/148/216 235/149/217
f 171/151/162 169/150/160 235/149/217
f 171/151/162 235/149/217 236/152/218
f 235/149/217 231/143/214 236/152/218
f 173/153/164 171/151/162 236/152/218
f 237/154/219 233/145/215 232/144/107
f 238/155/220 237/154/219 232/144/107
f 238/155/220 232/144/107 234/148/216
f 238/155/220 138/11/129 237/154/219
f 138/11/129 142/17/135 237/154/219
f 137/14/130 138/11/129 238/155/220
f 239/156/221 137/14/130 238/155/220
f 239/156/221 238/155/220 234/148/216
f 239/156/221 234/148/216 169/150/160
f 141/16/134 137/14/130 239/156/221
f 166/157/157 141/16/134 239/156/221
f 166/157/157 239/156/221 169/150/160
f 237/154/219 142/17/135 167/158/158
f 142/17/135 144/19/137 167/158/158
f 237/154/219 167/158/158 233/145/215
f 167/158/158 168/147/159 233/145/215
f 173/153/164 236/152/218 240/159/222
f 174/160/165 173/153/164 240/159/222
f 174/160/165 240/159/222 176/137/167
f 240/159/222 226/135/209 176/137/167
f 240/159/222 231/143/214 226/135/209
f 240/159/222 236/152/218 231/143/214
f 243/161/121 242/164/119 241/163/223
f 244/162/224 243/161/121 241/163/223
f 197/165/71 243/161/121 244/162/224
f 193/166/182 197/165/71 244/162/224
f 241/163/223 242/164/119 245/167/225
f 242/164/119 246/168/226 245/167/225
f 245/167/225 246/168/226 195/169/184
f 246/168/226 196/170/72 195/169/184
f 193/166/182 244/162/224 191/104/180
f 244/162/224 204/102/189 191/104/180
f 244/162/224 241/163/223 204/102/189
f 245/167/225 195/169/184 194/171/183
f 247/172/227 245/167/225 194/171/183
f 241/163/223 245/167/225 247/172/227
f 202/96/186 241/163/223 247/172/227
f 241/163/223 202/96/186 204/102/189
f 247/172/227 194/171/183 206/107/191
f 202/96/186 247/172/227 206/107/191
f 194/171/183 192/106/181 206/107/191
f 248/173/228 243/161/121 197/165/71
f 198/174/74 248/173/228 197/165/71
f 198/174/74 134/175/6 248/173/228
f 134/175/6 135/176/8 248/173/228
f 248/173/228 135/176/8 249/177/124
f 135/176/8 133/178/7 249/177/124
f 249/177/124 133/178/7 250/179/123
f 133/178/7 131/180/10 250/179/123
f 250/179/123 131/180/10 199/181/185
f 131/180/10 132/182/128 199/181/185
f 250/179/123 199/181/185 246/168/226
f 199/181/185 196/170/72 246/168/226
f 250/179/123 246/168/226 242/164/119
f 249/177/124 250/179/123 242/164/119
f 249/177/124 242/164/119 243/161/121
f 248/173/228 249/177/124 243/161/121
f 219/125/204 179/141/168 229/140/212
f 212/116/197 220/126/205 228/139/211
f 212/116/197 228/139/211 221/128/206
f 216/183/201 181/75/170 217/184/202
f 219/185/204 217/184/202 181/75/170
f 216/183/201 184/78/173 181/75/170
f 219/185/204 181/75/170 179/73/168
f 253/186/229 252/187/230 251/188/231
f 254/189/232 253/186/229 251/188/231
f 254/189/232 251/188/231 255/190/233
f 251/188/231 256/191/234 255/190/233
f 257/192/235 253/186/229 254/189/232
f 255/190/233 257/192/235 254/189/232
f 258/193/236 257/192/235 255/190/233
f 259/194/237 258/193/236 255/190/233
f 259/194/237 255/190/233 256/191/234
f 260/195/238 259/194/237 256/191/234
f 257/192/235 258/193/236 261/196/239
f 262/197/240 257/192/235 261/196/239
f 253/198/229 257/192/235 262/197/240
f 263/199/241 253/198/229 262/197/240
f 252/200/230 253/198/229 263/199/241
f 264/201/242 252/200/230 263/199/241
f 262/197/240 261/196/239 265/202/243
f 266/203/244 262/197/240 265/202/243
f 266/203/244 264/201/242 263/199/241
f 262/197/240 266/203/244 263/199/241
f 260/195/238 256/191/234 267/204/245
f 267/204/245 256/191/234 268/205/246
f 256/191/234 251/188/231 268/205/246
f 268/205/246 251/188/231 269/206/247
f 251/188/231 252/187/230 269/206/247
f 270/207/248 260/195/238 267/204/245
f 252/200/230 264/201/242 269/208/247
f 264/201/242 271/209/249 269/208/247
f 272/210/250 270/207/248 267/204/245
f 267/204/245 268/205/246 272/210/250
f 268/205/246 269/206/247 273/211/251
f 274/212/252 268/205/246 273/211/251
f 268/205/246 274/212/252 272/210/250
f 273/213/251 269/208/247 271/209/249
f 275/214/253 270/207/248 272/210/250
f 260/195/238 270/207/248 275/214/253
f 276/215/254 260/195/238 275/214/253
f 259/194/237 260/195/238 276/215/254
f 277/216/255 259/194/237 276/215/254
f 276/215/254 278/217/256 277/216/255
f 278/217/256 279/218/257 277/216/255
f 280/219/258 279/218/257 278/217/256
f 281/220/259 280/219/258 278/217/256
f 282/221/260 277/216/255 279/218/257
f 280/219/258 282/221/260 279/218/257
f 258/193/236 259/194/237 277/216/255
f 282/221/260 258/193/236 277/216/255
f 258/193/236 282/221/260 261/196/239
f 282/221/260 283/222/261 261/196/239
f 282/221/260 280/223/258 283/222/261
f 280/223/258 284/224/262 283/222/261
f 280/223/258 281/225/259 284/224/262
f 281/225/259 285/226/263 284/224/262
f 261/196/239 283/222/261 286/227/264
f 286/227/264 283/222/261 284/224/262
f 285/226/263 286/227/264 284/224/262
f 265/202/243 261/196/239 286/227/264
f 281/220/259 278/217/256 287/228/265
f 278/217/256 288/229/266 287/228/265
f 278/217/256 276/215/254 288/229/266
f 276/215/254 275/214/253 288/229/266
f 285/226/263 281/225/259 287/230/265
f 289/231/267 285/226/263 287/230/265
f 287/228/265 288/229/266 290/232/268
f 288/229/266 291/233/269 290/232/268
f 291/233/269 288/229/266 275/214/253
f 287/230/265 290/234/268 289/231/267
f 272/210/250 291/233/269 275/214/253
f 285/226/263 289/231/267 292/235/270
f 286/227/264 285/226/263 292/235/270
f 286/227/264 292/235/270 293/236/271
f 265/202/243 286/227/264 293/236/271
f 265/202/243 293/236/271 266/203/244
f 293/236/271 294/237/272 266/203/244
f 266/203/244 294/237/272 264/201/242
f 294/237/272 271/209/249 264/201/242
f 297/238/273 296/239/274 295/240/275
f 298/241/276 297/238/273 295/240/275
f 297/238/273 299/242/277 296/239/274
f 299/242/277 300/243/278 296/239/274
f 298/241/276 295/240/275 301/244/279
f 302/245/280 298/241/276 301/244/279
f 302/245/280 301/244/279 303/246/281
f 304/247/282 302/245/280 303/246/281
f 299/242/277 305/248/283 300/243/278
f 305/248/283 306/249/284 300/243/278
f 305/248/283 307/250/285 306/249/284
f 307/250/285 308/251/286 306/249/284
f 307/250/285 309/252/287 308/251/286
f 309/252/287 310/253/288 308/251/286
f 309/252/287 311/254/289 310/253/288
f 311/254/289 312/255/290 310/253/288
f 303/246/281 301/244/279 313/256/291
f 301/244/279 314/257/292 313/256/291
f 301/244/279 295/240/275 314/257/292
f 295/240/275 315/258/293 314/257/292
f 295/240/275 296/239/274 315/258/293
f 296/239/274 316/259/294 315/258/293
f 296/239/274 300/243/278 316/259/294
f 300/243/278 317/260/295 316/259/294
f 300/243/278 306/249/284 317/260/295
f 308/251/286 310/253/288 318/261/296
f 310/253/288 319/262/297 318/261/296
f 310/253/288 312/255/290 319/262/297
f 312/255/290 320/263/298 319/262/297
f 308/251/286 318/261/296 321/264/299
f 306/249/284 321/264/299 317/260/295
f 306/249/284 308/251/286 321/264/299
f 322/265/300 311/254/289 309/252/287
f 323/266/301 322/265/300 309/252/287
f 323/266/301 324/267/302 322/265/300
f 324/267/302 325/268/303 322/265/300
f 325/268/303 324/267/302 326/269/304
f 327/270/305 325/268/303 326/269/304
f 328/271/306 327/270/305 326/269/304
f 329/272/307 328/271/306 326/269/304
f 330/273/308 329/272/307 326/269/304
f 331/274/309 330/273/308 326/269/304
f 326/269/304 324/267/302 331/274/309
f 324/267/302 332/275/310 331/274/309
f 332/275/310 324/267/302 323/266/301
f 331/274/309 332/275/310 333/276/311
f 330/273/308 331/274/309 333/276/311
f 332/275/310 334/277/312 333/276/311
f 335/278/313 330/273/308 333/276/311
f 336/279/314 335/278/313 333/276/311
f 333/276/311 334/277/312 336/279/314
f 335/278/313 336/279/314 337/280/315
f 337/280/315 336/279/314 338/281/316
f 336/279/314 339/282/317 338/281/316
f 334/277/312 339/282/317 336/279/314
f 340/283/318 335/278/313 337/280/315
f 341/284/319 340/283/318 337/280/315
f 342/285/320 341/284/319 337/280/315
f 338/281/316 342/285/320 337/280/315
f 341/284/319 342/285/320 343/286/321
f 344/287/322 341/284/319 343/286/321
f 340/283/318 341/284/319 344/287/322
f 345/288/323 340/283/318 344/287/322
f 346/289/324 345/288/323 344/287/322
f 347/290/325 346/289/324 344/287/322
f 348/291/326 347/290/325 344/287/322
f 343/286/321 348/291/326 344/287/322
f 346/289/324 349/292/327 345/288/323
f 349/292/327 350/293/328 345/288/323
f 350/293/328 335/278/313 340/283/318
f 345/288/323 350/293/328 340/283/318
f 350/293/328 349/292/327 329/272/307
f 349/292/327 328/271/306 329/272/307
f 329/272/307 330/273/308 350/293/328
f 330/273/308 335/278/313 350/293/328
f 343/286/321 342/285/320 351/294/329
f 342/285/320 352/295/330 351/294/329
f 352/295/330 342/285/320 338/281/316
f 353/296/331 352/295/330 338/281/316
f 338/281/316 339/282/317 353/296/331
f 339/282/317 354/297/332 353/296/331
f 298/241/276 352/295/330 353/296/331
f 297/238/273 298/241/276 353/296/331
f 353/296/331 354/297/332 297/238/273
f 354/297/332 299/242/277 297/238/273
f 352/295/330 298/241/276 302/245/280
f 351/294/329 352/295/330 302/245/280
f 302/245/280 304/247/282 351/294/329
f 304/247/282 355/298/333 351/294/329
f 351/294/329 355/298/333 343/286/321
f 355/298/333 348/291/326 343/286/321
f 354/297/332 339/282/317 356/299/334
f 339/282/317 334/277/312 356/299/334
f 356/299/334 334/277/312 357/300/335
f 334/277/312 332/275/310 357/300/335
f 357/300/335 332/275/310 323/266/301
f 323/266/301 309/252/287 357/300/335
f 309/252/287 307/250/285 357/300/335
f 357/300/335 307/250/285 356/299/334
f 305/248/283 299/242/277 354/297/332
f 307/250/285 305/248/283 356/299/334
f 356/299/334 305/248/283 354/297/332
f 360/301/336 359/302/337 358/303/338
f 361/304/339 360/301/336 358/303/338
f 358/303/338 359/302/337 303/305/281
f 359/302/337 304/306/282 303/305/281
f 362/307/340 360/301/336 361/304/339
f 363/308/341 362/307/340 361/304/339
f 364/309/342 362/307/340 363/308/341
f 365/310/343 364/309/342 363/308/341
f 366/311/344 364/309/342 365/310/343
f 367/312/345 366/311/344 365/310/343
f 368/313/346 366/311/344 367/312/345
f 369/314/347 368/313/346 367/312/345
f 370/315/348 368/313/346 369/314/347
f 371/316/349 370/315/348 369/314/347
f 311/317/289 370/315/348 371/316/349
f 312/318/290 311/317/289 371/316/349
f 365/310/343 363/308/341 372/319/350
f 373/320/351 365/310/343 372/319/350
f 367/312/345 365/310/343 373/320/351
f 372/319/350 363/308/341 374/321/352
f 363/308/341 361/304/339 374/321/352
f 374/321/352 361/304/339 375/322/353
f 361/304/339 358/303/338 375/322/353
f 375/322/353 358/303/338 313/323/291
f 358/303/338 303/305/281 313/323/291
f 369/314/347 367/312/345 376/324/354
f 376/324/354 367/312/345 373/320/351
f 377/325/355 369/314/347 376/324/354
f 371/316/349 369/314/347 377/325/355
f 312/318/290 371/316/349 378/326/356
f 378/326/356 371/316/349 377/325/355
f 320/327/298 312/318/290 378/326/356
f 370/315/348 311/317/289 379/328/357
f 311/317/289 322/329/300 379/328/357
f 379/328/357 322/329/300 380/330/358
f 380/330/358 381/331/359 379/328/357
f 382/332/360 381/331/359 380/330/358
f 381/331/359 382/332/360 383/333/361
f 382/332/360 384/334/362 383/333/361
f 384/334/362 385/335/363 383/333/361
f 385/335/363 386/336/364 383/333/361
f 386/336/364 385/335/363 387/337/365
f 385/335/363 388/338/366 387/337/365
f 388/338/366 389/339/367 387/337/365
f 389/339/367 388/338/366 390/340/368
f 388/338/366 391/341/369 390/340/368
f 391/341/369 346/342/324 390/340/368
f 346/342/324 347/343/325 390/340/368
f 347/343/325 348/344/326 390/340/368
f 348/344/326 392/345/370 390/340/368
f 390/340/368 392/345/370 389/339/367
f 392/345/370 393/346/371 389/339/367
f 389/339/367 393/346/371 387/337/365
f 393/346/371 394/347/372 387/337/365
f 387/337/365 394/347/372 386/336/364
f 394/347/372 395/348/373 386/336/364
f 386/336/364 395/348/373 396/349/374
f 383/333/361 386/336/364 396/349/374
f 396/349/374 381/331/359 383/333/361
f 349/350/327 346/342/324 391/341/369
f 397/351/375 349/350/327 391/341/369
f 391/341/369 388/338/366 397/351/375
f 388/338/366 385/335/363 397/351/375
f 349/350/327 397/351/375 398/352/376
f 328/353/306 349/350/327 398/352/376
f 328/353/306 398/352/376 399/354/377
f 398/352/376 384/334/362 399/354/377
f 397/351/375 385/335/363 384/334/362
f 398/352/376 397/351/375 384/334/362
f 384/334/362 382/332/360 399/354/377
f 399/354/377 382/332/360 380/330/358
f 327/355/305 328/353/306 399/354/377
f 325/356/303 327/355/305 399/354/377
f 380/330/358 325/356/303 399/354/377
f 396/349/374 395/348/373 400/357/378
f 395/348/373 401/358/379 400/357/378
f 401/358/379 395/348/373 402/359/380
f 395/348/373 394/347/372 402/359/380
f 402/359/380 394/347/372 403/360/381
f 394/347/372 393/346/371 403/360/381
f 403/360/381 393/346/371 404/361/382
f 393/346/371 392/345/370 404/361/382
f 404/361/382 392/345/370 355/362/333
f 392/345/370 348/344/326 355/362/333
f 404/361/382 359/302/337 403/360/381
f 359/302/337 360/301/336 403/360/381
f 403/360/381 360/301/336 402/359/380
f 304/306/282 359/302/337 404/361/382
f 355/362/333 304/306/282 404/361/382
f 402/359/380 362/307/340 401/358/379
f 360/301/336 362/307/340 402/359/380
f 362/307/340 364/309/342 401/358/379
f 401/358/379 364/309/342 366/311/344
f 400/357/378 401/358/379 366/311/344
f 366/311/344 368/313/346 400/357/378
f 368/313/346 405/363/383 400/357/378
f 400/357/378 405/363/383 396/349/374
f 405/363/383 381/331/359 396/349/374
f 381/331/359 405/363/383 379/328/357
f 405/363/383 368/313/346 370/315/348
f 379/328/357 405/363/383 370/315/348
f 406/364/384 315/365/293 316/366/294
f 407/367/385 406/364/384 316/366/294
f 407/367/385 316/366/294 317/368/295
f 408/369/386 407/367/385 317/368/295
f 406/364/384 409/370/387 315/365/293
f 409/370/387 314/371/292 315/365/293
f 409/370/387 410/372/388 314/371/292
f 410/372/388 313/373/291 314/371/292
f 408/369/386 317/368/295 321/374/299
f 411/375/389 408/369/386 321/374/299
f 411/375/389 321/374/299 318/376/296
f 412/377/390 411/375/389 318/376/296
f 412/377/390 318/376/296 319/378/297
f 413/379/391 412/377/390 319/378/297
f 413/379/391 319/378/297 320/380/298
f 414/381/392 413/379/391 320/380/298
f 414/381/392 320/380/298 415/382/393
f 320/380/298 378/383/356 415/382/393
f 415/382/393 378/383/356 416/384/394
f 378/383/356 377/385/355 416/384/394
f 416/384/394 377/385/355 417/386/395
f 377/385/355 376/387/354 417/386/395
f 417/386/395 376/387/354 418/388/396
f 376/387/354 373/389/351 418/388/396
f 418/388/396 373/389/351 419/390/397
f 373/389/351 372/391/350 419/390/397
f 419/390/397 372/391/350 420/392/398
f 372/391/350 374/393/352 420/392/398
f 420/392/398 374/393/352 421/394/399
f 374/393/352 375/395/353 421/394/399
f 421/394/399 375/395/353 410/396/388
f 375/395/353 313/397/291 410/396/388
f 418/388/396 419/390/397 422/398/400
f 419/390/397 420/392/398 422/398/400
f 423/399/401 418/388/396 422/398/400
f 417/386/395 418/388/396 423/399/401
f 420/392/398 424/400/402 422/398/400
f 425/401/403 417/386/395 423/399/401
f 416/384/394 417/386/395 425/401/403
f 426/402/404 416/384/394 425/401/403
f 415/382/393 416/384/394 426/402/404
f 427/403/405 415/382/393 426/402/404
f 414/381/392 415/382/393 427/403/405
f 428/404/406 414/381/392 427/403/405
f 413/379/391 414/381/392 428/404/406
f 429/405/407 413/379/391 428/404/406
f 412/377/390 413/379/391 429/405/407
f 430/406/408 412/377/390 429/405/407
f 411/375/389 412/377/390 430/406/408
f 431/407/409 411/375/389 430/406/408
f 408/369/386 411/375/389 431/407/409
f 432/408/410 408/369/386 431/407/409
f 407/367/385 408/369/386 432/408/410
f 433/409/411 407/367/385 432/408/410
f 406/364/384 407/367/385 433/409/411
f 434/410/412 406/364/384 433/409/411
f 409/370/387 406/364/384 434/410/412
f 435/411/413 409/370/387 434/410/412
f 410/372/388 409/370/387 435/411/413
f 436/412/414 410/372/388 435/411/413
f 430/406/408 429/405/407 437/413/415
f 438/414/416 430/406/408 437/413/415
f 431/407/409 430/406/408 438/414/416
f 432/408/410 431/407/409 439/415/417
f 439/415/417 431/407/409 438/414/416
f 440/416/418 432/408/410 439/415/417
f 432/408/410 440/416/418 433/409/411
f 436/412/414 435/411/413 441/417/419
f 442/418/420 436/412/414 441/417/419
f 435/411/413 434/410/412 443/419/421
f 441/417/419 435/411/413 443/419/421
f 434/410/412 433/409/411 444/420/422
f 443/419/421 434/410/412 444/420/422
f 444/420/422 433/409/411 445/421/423
f 440/416/418 445/421/423 433/409/411
f 446/422/424 444/420/422 445/421/423
f 440/416/418 447/423/425 445/421/423
f 447/423/425 448/424/426 445/421/423
f 446/422/424 445/421/423 448/424/426
f 448/424/426 447/423/425 449/425/427
f 450/426/428 448/424/426 449/425/427
f 449/425/427 451/427/429 450/426/428
f 451/427/429 452/428/430 450/426/428
f 450/426/428 452/428/430 453/429/431
f 452/428/430 454/430/432 453/429/431
f 455/431/433 451/427/429 449/425/427
f 456/432/434 455/431/433 449/425/427
f 449/425/427 447/423/425 456/432/434
f 457/433/435 455/431/433 456/432/434
f 458/434/436 457/433/435 456/432/434
f 459/435/437 457/433/435 458/434/436
f 460/436/438 459/435/437 458/434/436
f 461/437/439 459/435/437 460/436/438
f 462/438/440 461/437/439 460/436/438
f 463/439/441 461/437/439 462/438/440
f 464/440/442 463/439/441 462/438/440
f 465/441/443 463/439/441 464/440/442
f 466/442/444 465/441/443 464/440/442
f 467/443/445 465/441/443 466/442/444
f 468/444/446 467/443/445 466/442/444
f 469/445/447 467/443/445 468/444/446
f 470/446/448 469/445/447 468/444/446
f 471/447/449 469/445/447 470/446/448
f 472/448/450 471/447/449 470/446/448
f 473/449/451 471/447/449 472/448/450
f 474/450/452 473/449/451 472/448/450
f 473/449/451 474/450/452 475/451/453
f 476/452/454 473/449/451 475/451/453
f 476/452/454 475/451/453 477/453/455
f 478/454/456 476/452/454 477/453/455
f 470/446/448 479/455/457 472/448/450
f 479/455/457 480/456/458 472/448/450
f 472/448/450 480/456/458 474/450/452
f 480/456/458 481/457/459 474/450/452
f 466/442/444 482/458/460 468/444/446
f 482/458/460 483/459/461 468/444/446
f 483/459/461 479/455/457 470/446/448
f 468/444/446 483/459/461 470/446/448
f 484/460/462 482/458/460 466/442/444
f 464/440/442 484/460/462 466/442/444
f 485/461/463 484/460/462 464/440/442
f 462/438/440 485/461/463 464/440/442
f 486/462/464 485/461/463 462/438/440
f 460/436/438 486/462/464 462/438/440
f 487/463/465 486/462/464 460/436/438
f 458/434/436 487/463/465 460/436/438
f 488/464/466 487/463/465 458/434/436
f 456/432/434 488/464/466 458/434/436
f 447/423/425 488/464/466 456/432/434
f 482/458/460 489/465/467 483/459/461
f 489/465/467 490/466/468 483/459/461
f 489/465/467 426/402/404 490/466/468
f 426/402/404 425/401/403 490/466/468
f 490/466/468 425/401/403 491/467/469
f 425/401/403 423/399/401 491/467/469
f 427/403/405 426/402/404 489/465/467
f 492/468/470 427/403/405 489/465/467
f 428/404/406 427/403/405 492/468/470
f 493/469/471 428/404/406 492/468/470
f 429/405/407 428/404/406 493/469/471
f 437/413/415 429/405/407 493/469/471
f 490/466/468 491/467/469 479/455/457
f 479/455/457 491/467/469 480/456/458
f 491/467/469 494/470/472 480/456/458
f 483/459/461 490/466/468 479/455/457
f 493/469/471 492/468/470 484/460/462
f 485/461/463 493/469/471 484/460/462
f 437/413/415 493/469/471 485/461/463
f 484/460/462 492/468/470 482/458/460
f 492/468/470 489/465/467 482/458/460
f 486/462/464 437/413/415 485/461/463
f 438/414/416 437/413/415 486/462/464
f 487/463/465 438/414/416 486/462/464
f 439/415/417 438/414/416 487/463/465
f 488/464/466 439/415/417 487/463/465
f 440/416/418 439/415/417 488/464/466
f 447/423/425 440/416/418 488/464/466
f 480/456/458 494/470/472 495/471/473
f 481/457/459 480/456/458 495/471/473
f 481/457/459 495/471/473 496/472/474
f 496/472/474 495/471/473 497/473/475
f 495/471/473 498/474/476 497/473/475
f 424/400/402 497/473/475 498/474/476
f 422/398/400 424/400/402 498/474/476
f 422/398/400 498/474/476 499/475/477
f 498/474/476 495/471/473 499/475/477
f 423/399/401 422/398/400 499/475/477
f 497/473/475 424/400/402 500/476/478
f 424/400/402 501/477/479 500/476/478
f 424/400/402 420/392/398 501/477/479
f 420/392/398 421/394/399 501/477/479
f 421/394/399 410/396/388 501/477/479
f 410/396/388 436/478/414 501/477/479
f 501/477/479 502/479/480 500/476/478
f 501/477/479 436/478/414 502/479/480
f 436/478/414 442/480/420 502/479/480
f 503/481/481 497/473/475 500/476/478
f 497/473/475 503/481/481 496/472/474
f 503/481/481 504/482/482 496/472/474
f 491/467/469 423/399/401 499/475/477
f 494/470/472 491/467/469 499/475/477
f 495/471/473 494/470/472 499/475/477
f 502/479/480 505/483/483 500/476/478
f 505/483/483 506/484/484 500/476/478
f 507/485/485 505/483/483 502/479/480
f 442/480/420 507/485/485 502/479/480
f 508/486/486 503/481/481 500/476/478
f 508/486/486 506/484/484 509/487/487
f 506/484/484 510/488/488 509/487/487
f 509/487/487 510/488/488 511/489/489
f 510/488/488 512/490/490 511/489/489
f 506/484/484 508/486/486 500/476/478
f 509/487/487 513/491/491 508/486/486
f 513/491/491 509/487/487 511/489/489
f 513/491/491 514/492/492 508/486/486
f 503/481/481 508/486/486 514/492/492
f 504/482/482 503/481/481 514/492/492
f 514/492/492 515/493/493 504/482/482
f 515/493/493 516/494/494 504/482/482
f 515/493/493 517/495/495 516/494/494
f 518/496/496 517/495/495 515/493/493
f 518/496/496 519/497/497 517/495/495
f 519/497/497 520/498/498 517/495/495
f 517/495/495 520/498/498 477/453/455
f 517/495/495 477/453/455 516/494/494
f 477/453/455 475/451/453 516/494/494
f 475/451/453 521/499/499 516/494/494
f 475/451/453 474/450/452 521/499/499
f 474/450/452 481/457/459 521/499/499
f 516/494/494 521/499/499 504/482/482
f 521/499/499 496/472/474 504/482/482
f 521/499/499 481/457/459 496/472/474
f 520/498/498 478/454/456 477/453/455
f 519/497/497 518/496/496 522/500/500
f 523/501/501 519/497/497 522/500/500
f 523/501/501 522/500/500 524/502/502
f 525/503/503 523/501/501 524/502/502
f 525/503/503 524/502/502 526/504/504
f 527/505/505 525/503/503 526/504/504
f 527/505/505 526/504/504 528/506/506
f 529/507/507 527/505/505 528/506/506
f 529/507/507 528/506/506 530/508/508
f 531/509/509 529/507/507 530/508/508
f 531/509/509 530/508/508 532/510/510
f 533/511/511 531/509/509 532/510/510
f 534/512/512 524/502/502 522/500/500
f 535/513/513 534/512/512 522/500/500
f 535/513/513 522/500/500 518/496/496
f 536/514/514 535/513/513 518/496/496
f 537/515/515 528/506/506 526/504/504
f 538/516/516 537/515/515 526/504/504
f 538/516/516 526/504/504 524/502/502
f 534/512/512 538/516/516 524/502/502
f 539/517/517 532/510/510 530/508/508
f 540/518/518 539/517/517 530/508/508
f 540/518/518 530/508/508 528/506/506
f 537/515/515 540/518/518 528/506/506
f 536/514/514 518/496/496 515/493/493
f 541/519/519 534/512/512 535/513/513
f 542/520/520 541/519/519 535/513/513
f 543/521/521 537/515/515 538/516/516
f 544/522/522 543/521/521 538/516/516
f 544/522/522 538/516/516 534/512/512
f 541/519/519 544/522/522 534/512/512
f 545/523/523 543/521/521 544/522/522
f 546/524/524 545/523/523 544/522/522
f 546/524/524 544/522/522 541/519/519
f 512/490/490 546/524/524 541/519/519
f 545/523/523 547/525/525 543/521/521
f 547/525/525 548/526/526 543/521/521
f 548/526/526 540/518/518 537/515/515
f 543/521/521 548/526/526 537/515/515
f 547/525/525 549/527/527 548/526/526
f 549/527/527 550/528/528 548/526/526
f 550/528/528 539/517/517 540/518/518
f 548/526/526 550/528/528 540/518/518
f 541/519/519 542/520/520 511/489/489
f 512/490/490 541/519/519 511/489/489
f 542/520/520 513/491/491 511/489/489
f 542/520/520 535/513/513 513/491/491
f 535/513/513 536/514/514 513/491/491
f 536/514/514 515/493/493 514/492/492
f 513/491/491 536/514/514 514/492/492
f 551/529/529 545/523/523 546/524/524
f 552/530/530 551/529/529 546/524/524
f 552/530/530 546/524/524 512/490/490
f 553/531/531 552/530/530 512/490/490
f 553/531/531 512/490/490 510/488/488
f 554/532/532 553/531/531 510/488/488
f 555/533/533 554/532/532 510/488/488
f 506/484/484 555/533/533 510/488/488
f 555/533/533 506/484/484 505/483/483
f 556/534/534 555/533/533 505/483/483
f 557/535/535 556/534/534 505/483/483
f 507/485/485 557/535/535 505/483/483
f 558/536/536 555/533/533 556/534/534
f 559/537/537 558/536/536 556/534/534
f 559/537/537 556/534/534 557/535/535
f 560/538/538 559/537/537 557/535/535
f 561/539/539 553/531/531 554/532/532
f 562/540/540 561/539/539 554/532/532
f 562/540/540 554/532/532 555/533/533
f 558/536/536 562/540/540 555/533/533
f 563/541/541 551/529/529 552/530/530
f 564/542/542 563/541/541 552/530/530
f 561/539/539 564/542/542 553/531/531
f 564/542/542 552/530/530 553/531/531
f 563/541/541 565/543/543 551/529/529
f 565/543/543 566/544/544 551/529/529
f 551/529/529 566/544/544 545/523/523
f 566/544/544 547/525/525 545/523/523
f 566/544/544 567/545/545 547/525/525
f 567/545/545 549/527/527 547/525/525
f 568/546/546 567/545/545 566/544/544
f 565/543/543 568/546/546 566/544/544
f 569/547/547 448/424/426 450/426/428
f 453/429/431 569/547/547 450/426/428
f 569/547/547 446/422/424 448/424/426
f 569/547/547 453/429/431 570/548/548
f 571/549/549 570/548/548 453/429/431
f 454/430/432 571/549/549 453/429/431
f 571/549/549 572/550/550 570/548/548
f 572/550/550 573/551/551 570/548/548
f 572/550/550 574/552/552 573/551/551
f 574/552/552 575/553/553 573/551/551
f 574/552/552 576/554/554 575/553/553
f 576/554/554 577/555/555 575/553/553
f 576/554/554 578/556/556 577/555/555
f 578/556/556 579/557/557 577/555/555
f 578/556/556 533/558/511 579/557/557
f 533/558/511 532/559/510 579/557/557
f 580/560/558 569/547/547 570/548/548
f 580/560/558 570/548/548 573/551/551
f 581/561/559 580/560/558 573/551/551
f 581/561/559 573/551/551 575/553/553
f 582/562/560 577/555/555 579/557/557
f 583/563/561 582/562/560 579/557/557
f 583/563/561 579/557/557 532/559/510
f 539/564/517 583/563/561 532/559/510
f 584/565/562 581/561/559 575/553/553
f 584/565/562 575/553/553 577/555/555
f 582/562/560 584/565/562 577/555/555
f 580/560/558 581/561/559 585/566/563
f 581/561/559 586/567/564 585/566/563
f 586/567/564 581/561/559 584/565/562
f 587/568/565 582/562/560 583/563/561
f 588/569/566 587/568/565 583/563/561
f 588/569/566 583/563/561 539/564/517
f 589/570/567 587/568/565 588/569/566
f 590/571/568 589/570/567 588/569/566
f 590/571/568 588/569/566 550/572/528
f 550/572/528 588/569/566 539/564/517
f 549/573/527 590/571/568 550/572/528
f 589/570/567 591/574/569 587/568/565
f 591/574/569 592/575/570 587/568/565
f 592/575/570 586/567/564 584/565/562
f 592/575/570 584/565/562 582/562/560
f 587/568/565 592/575/570 582/562/560
f 593/576/571 586/567/564 592/575/570
f 591/574/569 593/576/571 592/575/570
f 586/567/564 593/576/571 594/577/572
f 585/566/563 586/567/564 594/577/572
f 594/577/572 444/420/422 585/566/563
f 594/577/572 595/578/573 444/420/422
f 595/578/573 443/419/421 444/420/422
f 595/578/573 596/579/574 443/419/421
f 596/579/574 441/417/419 443/419/421
f 596/579/574 507/580/485 441/417/419
f 507/580/485 442/418/420 441/417/419
f 597/581/575 595/578/573 594/577/572
f 598/582/576 597/581/575 594/577/572
f 598/582/576 594/577/572 593/576/571
f 599/583/577 598/582/576 593/576/571
f 599/583/577 593/576/571 591/574/569
f 600/584/578 599/583/577 591/574/569
f 600/584/578 591/574/569 589/570/567
f 601/585/579 600/584/578 589/570/567
f 601/585/579 589/570/567 590/571/568
f 602/586/580 601/585/579 590/571/568
f 602/586/580 590/571/568 549/573/527
f 567/587/545 602/586/580 549/573/527
f 557/588/535 507/580/485 596/579/574
f 603/589/581 557/588/535 596/579/574
f 603/589/581 596/579/574 595/578/573
f 597/581/575 603/589/581 595/578/573
f 597/581/575 598/582/576 604/590/582
f 605/591/583 597/581/575 604/590/582
f 603/589/581 597/581/575 605/591/583
f 598/582/576 599/583/577 606/592/584
f 604/590/582 598/582/576 606/592/584
f 557/588/535 603/589/581 607/593/585
f 607/593/585 603/589/581 605/591/583
f 560/594/538 557/588/535 607/593/585
f 601/585/579 602/586/580 608/595/586
f 609/596/587 601/585/579 608/595/586
f 602/586/580 567/587/545 568/597/546
f 608/595/586 602/586/580 568/597/546
f 606/592/584 599/583/577 610/598/588
f 599/583/577 600/584/578 610/598/588
f 610/598/588 600/584/578 609/596/587
f 600/584/578 601/585/579 609/596/587
f 444/420/422 446/422/424 585/566/563
f 585/566/563 446/422/424 580/560/558
f 446/422/424 569/547/547 580/560/558
f 613/599/589 612/600/590 611/601/591
f 614/602/592 613/599/589 611/601/591
f 615/603/593 613/599/589 614/602/592
f 616/604/594 615/603/593 614/602/592
f 611/601/591 612/600/590 617/605/595
f 612/600/590 618/606/596 617/605/595
f 617/605/595 618/606/596 619/607/597
f 618/606/596 620/608/598 619/607/597
f 621/609/599 615/603/593 616/604/594
f 622/610/600 621/609/599 616/604/594
f 623/611/601 621/609/599 622/610/600
f 624/612/602 623/611/601 622/610/600
f 625/613/603 623/611/601 624/612/602
f 626/614/604 625/613/603 624/612/602
f 627/615/605 625/613/603 626/614/604
f 628/616/606 627/615/605 626/614/604
f 616/604/594 614/602/592 604/617/582
f 604/617/582 614/602/592 605/618/583
f 614/602/592 611/601/591 605/618/583
f 617/605/595 619/607/597 560/619/538
f 607/620/585 617/605/595 560/619/538
f 611/601/591 617/605/595 607/620/585
f 605/618/583 611/601/591 607/620/585
f 626/614/604 624/612/602 609/621/587
f 608/622/586 626/614/604 609/621/587
f 628/616/606 626/614/604 608/622/586
f 568/623/546 628/616/606 608/622/586
f 609/621/587 624/612/602 610/624/588
f 624/612/602 622/610/600 610/624/588
f 610/624/588 622/610/600 606/625/584
f 606/625/584 616/604/594 604/617/582
f 622/610/600 616/604/594 606/625/584
f 631/626/607 630/627/608 629/628/609
f 632/629/610 631/626/607 629/628/609
f 632/629/610 629/628/609 619/630/597
f 620/631/598 632/629/610 619/630/597
f 631/626/607 633/632/611 630/627/608
f 633/632/611 634/633/612 630/627/608
f 633/632/611 635/634/613 634/633/612
f 635/634/613 636/635/614 634/633/612
f 635/634/613 637/636/615 636/635/614
f 637/636/615 638/637/616 636/635/614
f 637/636/615 639/638/617 638/637/616
f 639/638/617 640/639/618 638/637/616
f 639/638/617 641/640/619 640/639/618
f 641/640/619 642/641/620 640/639/618
f 641/640/619 627/642/605 642/641/620
f 627/642/605 628/643/606 642/641/620
f 634/633/612 636/635/614 562/644/540
f 636/635/614 561/645/539 562/644/540
f 636/635/614 638/637/616 561/645/539
f 634/633/612 562/644/540 558/646/536
f 630/627/608 634/633/612 558/646/536
f 630/627/608 558/646/536 559/647/537
f 629/628/609 630/627/608 559/647/537
f 629/628/609 559/647/537 560/648/538
f 619/630/597 629/628/609 560/648/538
f 638/637/616 640/639/618 564/649/542
f 638/637/616 564/649/542 561/645/539
f 640/639/618 563/650/541 564/649/542
f 640/639/618 642/641/620 563/650/541
f 642/641/620 628/643/606 565/651/543
f 642/641/620 565/651/543 563/650/541
f 628/643/606 568/652/546 565/651/543
f 627/642/605 641/640/619 643/653/621
f 644/654/622 627/642/605 643/653/621
f 644/654/622 643/653/621 645/655/623
f 646/656/624 645/655/623 643/653/621
f 646/656/624 647/657/625 645/655/623
f 647/657/625 646/656/624 648/658/626
f 649/659/627 647/657/625 648/658/626
f 650/660/628 649/659/627 648/658/626
f 651/661/629 650/660/628 648/658/626
f 650/660/628 651/661/629 652/662/630
f 653/663/631 650/660/628 652/662/630
f 654/664/632 653/663/631 652/662/630
f 653/663/631 654/664/632 655/665/633
f 656/666/634 653/663/631 655/665/633
f 657/667/635 656/666/634 655/665/633
f 658/668/636 657/667/635 655/665/633
f 659/669/637 658/668/636 655/665/633
f 660/670/638 659/669/637 655/665/633
f 660/670/638 655/665/633 654/664/632
f 661/671/639 660/670/638 654/664/632
f 661/671/639 654/664/632 652/662/630
f 662/672/640 661/671/639 652/662/630
f 662/672/640 652/662/630 651/661/629
f 663/673/641 662/672/640 651/661/629
f 651/661/629 648/658/626 664/674/642
f 663/673/641 651/661/629 664/674/642
f 646/656/624 664/674/642 648/658/626
f 657/667/635 665/675/643 656/666/634
f 665/675/643 666/676/644 656/666/634
f 653/663/631 656/666/634 666/676/644
f 650/660/628 653/663/631 666/676/644
f 666/676/644 665/675/643 667/677/645
f 665/675/643 668/678/646 667/677/645
f 667/677/645 668/678/646 669/679/647
f 649/659/627 667/677/645 669/679/647
f 666/676/644 667/677/645 649/659/627
f 650/660/628 666/676/644 649/659/627
f 647/657/625 649/659/627 669/679/647
f 647/657/625 669/679/647 645/655/623
f 668/678/646 670/680/648 669/679/647
f 671/681/649 645/655/623 669/679/647
f 670/680/648 671/681/649 669/679/647
f 662/672/640 663/673/641 672/682/650
f 662/672/640 672/682/650 673/683/651
f 661/671/639 662/672/640 673/683/651
f 661/671/639 673/683/651 674/684/652
f 660/670/638 661/671/639 674/684/652
f 660/670/638 674/684/652 675/685/653
f 659/669/637 660/670/638 675/685/653
f 632/629/610 674/684/652 673/683/651
f 631/626/607 632/629/610 673/683/651
f 631/626/607 673/683/651 672/682/650
f 620/631/598 675/685/653 674/684/652
f 632/629/610 620/631/598 674/684/652
f 633/632/611 631/626/607 672/682/650
f 633/632/611 672/682/650 676/686/654
f 663/673/641 676/686/654 672/682/650
f 635/634/613 633/632/611 676/686/654
f 676/686/654 663/673/641 677/687/655
f 663/673/641 664/674/642 677/687/655
f 678/688/656 677/687/655 664/674/642
f 646/656/624 678/688/656 664/674/642
f 678/688/656 639/638/617 677/687/655
f 639/638/617 637/636/615 677/687/655
f 676/686/654 677/687/655 637/636/615
f 635/634/613 676/686/654 637/636/615
f 678/688/656 646/656/624 643/653/621
f 678/688/656 643/653/621 641/640/619
f 639/638/617 678/688/656 641/640/619
f 473/449/451 476/452/454 679/689/657
f 680/690/658 473/449/451 679/689/657
f 679/689/657 476/452/454 681/691/659
f 476/452/454 478/454/456 681/691/659
f 680/690/658 682/692/660 473/449/451
f 682/692/660 471/447/449 473/449/451
f 469/445/447 471/447/449 682/692/660
f 683/693/661 469/445/447 682/692/660
f 467/443/445 469/445/447 683/693/661
f 684/694/662 467/443/445 683/693/661
f 465/441/443 467/443/445 684/694/662
f 685/695/663 465/441/443 684/694/662
f 463/439/441 465/441/443 685/695/663
f 686/696/664 463/439/441 685/695/663
f 461/437/439 463/439/441 686/696/664
f 687/697/665 461/437/439 686/696/664
f 459/435/437 461/437/439 687/697/665
f 688/698/666 459/435/437 687/697/665
f 457/433/435 459/435/437 688/698/666
f 689/699/667 457/433/435 688/698/666
f 455/431/433 457/433/435 689/699/667
f 690/700/668 455/431/433 689/699/667
f 451/427/429 455/431/433 690/700/668
f 691/701/669 451/427/429 690/700/668
f 452/428/430 451/427/429 691/701/669
f 692/702/670 452/428/430 691/701/669
f 454/430/432 452/428/430 692/702/670
f 693/703/671 454/430/432 692/702/670
f 571/549/549 454/430/432 693/703/671
f 694/704/672 571/549/549 693/703/671
f 572/550/550 571/549/549 694/704/672
f 695/705/673 572/550/550 694/704/672
f 574/552/552 572/550/550 695/705/673
f 696/706/674 574/552/552 695/705/673
f 576/554/554 574/552/552 696/706/674
f 697/707/675 576/554/554 696/706/674
f 578/556/556 576/554/554 697/707/675
f 698/708/676 578/556/556 697/707/675
f 533/558/511 578/556/556 698/708/676
f 699/709/677 533/558/511 698/708/676
f 700/710/678 693/703/671 692/702/670
f 693/703/671 700/710/678 694/704/672
f 701/711/679 700/710/678 692/702/670
f 700/710/678 701/711/679 702/712/680
f 701/711/679 703/713/681 702/712/680
f 704/714/682 702/712/680 703/713/681
f 705/715/683 704/714/682 703/713/681
f 703/713/681 706/716/684 705/715/683
f 706/716/684 707/717/685 705/715/683
f 707/717/685 706/716/684 708/718/686
f 708/718/686 706/716/684 709/719/687
f 706/716/684 710/720/688 709/719/687
f 710/720/688 706/716/684 703/713/681
f 701/711/679 710/720/688 703/713/681
f 709/719/687 710/720/688 690/700/668
f 709/719/687 690/700/668 689/699/667
f 711/721/689 709/719/687 689/699/667
f 709/719/687 711/721/689 708/718/686
f 710/720/688 691/701/669 690/700/668
f 710/720/688 701/711/679 691/701/669
f 701/711/679 692/702/670 691/701/669
f 689/699/667 688/698/666 711/721/689
f 688/698/666 712/722/690 711/721/689
f 713/723/691 712/722/690 688/698/666
f 687/697/665 713/723/691 688/698/666
f 714/724/692 713/723/691 687/697/665
f 686/696/664 714/724/692 687/697/665
f 715/725/693 714/724/692 686/696/664
f 685/695/663 715/725/693 686/696/664
f 716/726/694 715/725/693 685/695/663
f 684/694/662 716/726/694 685/695/663
f 715/725/693 716/726/694 717/727/695
f 717/727/695 716/726/694 718/728/696
f 717/727/695 718/728/696 719/729/697
f 720/730/698 717/727/695 719/729/697
f 721/731/699 717/727/695 720/730/698
f 721/731/699 715/725/693 717/727/695
f 714/724/692 715/725/693 721/731/699
f 722/732/700 721/731/699 720/730/698
f 723/733/701 721/731/699 722/732/700
f 723/733/701 714/724/692 721/731/699
f 713/723/691 714/724/692 723/733/701
f 724/734/702 723/733/701 722/732/700
f 719/729/697 718/728/696 725/735/703
f 718/728/696 726/736/704 725/735/703
f 727/737/705 725/735/703 726/736/704
f 728/738/706 727/737/705 726/736/704
f 729/739/707 727/737/705 728/738/706
f 730/740/708 729/739/707 728/738/706
f 730/740/708 731/741/709 729/739/707
f 731/741/709 732/742/710 729/739/707
f 718/728/696 733/743/711 726/736/704
f 716/726/694 733/743/711 718/728/696
f 733/743/711 734/744/712 726/736/704
f 728/738/706 726/736/704 734/744/712
f 733/743/711 716/726/694 684/694/662
f 683/693/661 733/743/711 684/694/662
f 682/692/660 734/744/712 733/743/711
f 683/693/661 682/692/660 733/743/711
f 682/692/660 680/690/658 734/744/712
f 680/690/658 735/745/713 734/744/712
f 735/745/713 728/738/706 734/744/712
f 680/690/658 679/689/657 735/745/713
f 679/689/657 736/746/714 735/745/713
f 728/738/706 735/745/713 736/746/714
f 730/740/708 728/738/706 736/746/714
f 736/746/714 679/689/657 681/691/659
f 737/747/715 736/746/714 681/691/659
f 737/747/715 731/741/709 730/740/708
f 736/746/714 737/747/715 730/740/708
f 732/742/710 731/741/709 738/748/716
f 731/741/709 739/749/717 738/748/716
f 740/750/718 738/748/716 739/749/717
f 741/751/719 740/750/718 739/749/717
f 740/750/718 741/751/719 742/752/720
f 743/753/721 740/750/718 742/752/720
f 742/752/720 744/754/722 743/753/721
f 744/754/722 745/755/723 743/753/721
f 744/754/722 746/756/724 745/755/723
f 746/756/724 747/757/725 745/755/723
f 746/756/724 748/758/726 747/757/725
f 748/758/726 749/759/727 747/757/725
f 748/758/726 750/760/728 749/759/727
f 750/760/728 751/761/729 749/759/727
f 752/762/730 746/756/724 744/754/722
f 753/763/731 752/762/730 744/754/722
f 753/763/731 744/754/722 742/752/720
f 754/764/732 748/758/726 746/756/724
f 752/762/730 754/764/732 746/756/724
f 754/764/732 752/762/730 755/765/733
f 752/762/730 756/766/734 755/765/733
f 752/762/730 753/763/731 756/766/734
f 756/766/734 527/505/505 755/765/733
f 527/505/505 529/507/507 755/765/733
f 755/765/733 529/507/507 757/767/735
f 754/764/732 755/765/733 757/767/735
f 529/507/507 531/509/509 757/767/735
f 757/767/735 531/509/509 699/768/677
f 531/509/509 533/511/511 699/768/677
f 525/503/503 527/505/505 756/766/734
f 758/769/736 525/503/503 756/766/734
f 753/763/731 758/769/736 756/766/734
f 523/501/501 525/503/503 758/769/736
f 759/770/737 523/501/501 758/769/736
f 759/770/737 758/769/736 753/763/731
f 519/497/497 523/501/501 759/770/737
f 760/771/738 519/497/497 759/770/737
f 520/498/498 519/497/497 760/771/738
f 761/772/739 520/498/498 760/771/738
f 478/454/456 520/498/498 761/772/739
f 681/691/659 478/454/456 761/772/739
f 762/773/740 757/767/735 699/768/677
f 762/773/740 754/764/732 757/767/735
f 763/774/741 762/773/740 699/768/677
f 754/764/732 762/773/740 748/758/726
f 762/773/740 750/760/728 748/758/726
f 762/773/740 763/774/741 750/760/728
f 763/774/741 764/775/742 750/760/728
f 761/772/739 760/771/738 765/776/743
f 766/777/744 761/772/739 765/776/743
f 681/691/659 761/772/739 766/777/744
f 760/771/738 759/770/737 767/778/745
f 765/776/743 760/771/738 767/778/745
f 767/778/745 759/770/737 753/763/731
f 767/778/745 753/763/731 742/752/720
f 750/760/728 764/775/742 751/761/729
f 764/775/742 768/779/746 751/761/729
f 739/749/717 766/777/744 765/776/743
f 741/751/719 739/749/717 765/776/743
f 741/751/719 765/776/743 767/778/745
f 742/752/720 741/751/719 767/778/745
f 739/749/717 731/741/709 766/777/744
f 731/741/709 737/747/715 766/777/744
f 737/747/715 681/691/659 766/777/744
f 768/779/746 769/780/747 751/761/729
f 769/780/747 770/781/748 751/761/729
f 751/761/729 770/781/748 771/782/749
f 772/783/750 771/782/749 770/781/748
f 772/783/750 773/784/751 771/782/749
f 774/785/752 773/784/751 772/783/750
f 775/786/753 774/785/752 772/783/750
f 774/785/752 776/787/754 773/784/751
f 776/787/754 777/788/755 773/784/751
f 774/785/752 775/786/753 778/789/756
f 776/787/754 774/785/752 778/789/756
f 775/786/753 779/790/757 778/789/756
f 780/791/758 776/787/754 778/789/756
f 779/790/757 775/786/753 781/792/759
f 782/793/760 779/790/757 781/792/759
f 781/792/759 783/794/761 782/793/760
f 783/794/761 784/795/762 782/793/760
f 783/794/761 785/796/763 784/795/762
f 785/796/763 786/797/764 784/795/762
f 787/798/765 784/795/762 786/797/764
f 788/799/766 787/798/765 786/797/764
f 789/800/767 788/799/766 786/797/764
f 787/798/765 788/799/766 790/801/768
f 791/802/769 787/798/765 790/801/768
f 792/803/770 789/800/767 786/797/764
f 785/796/763 792/803/770 786/797/764
f 778/789/756 793/804/771 780/791/758
f 793/804/771 794/805/772 780/791/758
f 795/806/773 794/805/772 793/804/771
f 796/807/774 794/805/772 795/806/773
f 797/808/775 796/807/774 795/806/773
f 797/808/775 798/809/776 796/807/774
f 798/809/776 799/810/777 796/807/774
f 800/811/778 799/810/777 798/809/776
f 801/812/779 800/811/778 798/809/776
f 802/813/780 800/811/778 801/812/779
f 803/814/781 802/813/780 801/812/779
f 804/815/782 795/806/773 793/804/771
f 804/815/782 793/804/771 805/816/783
f 793/804/771 806/817/784 805/816/783
f 805/816/783 806/817/784 807/818/785
f 808/819/786 805/816/783 807/818/785
f 809/820/787 808/819/786 807/818/785
f 810/821/788 809/820/787 807/818/785
f 809/820/787 810/821/788 811/822/789
f 812/823/790 809/820/787 811/822/789
f 812/823/790 811/822/789 813/824/791
f 811/822/789 814/825/792 813/824/791
f 803/814/781 815/826/793 802/813/780
f 815/826/793 816/827/794 802/813/780
f 815/826/793 817/828/795 816/827/794
f 817/828/795 818/829/796 816/827/794
f 817/828/795 819/830/797 818/829/796
f 819/830/797 820/831/798 818/829/796
f 821/832/799 820/831/798 819/830/797
f 822/833/800 821/832/799 819/830/797
f 822/833/800 823/834/801 821/832/799
f 823/834/801 824/835/802 821/832/799
f 825/836/803 824/835/802 823/834/801
f 826/837/804 825/836/803 823/834/801
f 827/838/805 825/836/803 826/837/804
f 828/839/806 827/838/805 826/837/804
f 827/838/805 828/839/806 829/840/807
f 828/839/806 830/841/808 829/840/807
f 830/841/808 831/842/809 829/840/807
f 831/842/809 832/843/810 829/840/807
f 833/844/811 832/843/810 831/842/809
f 834/845/812 833/844/811 831/842/809
f 822/833/800 819/830/797 835/846/813
f 819/830/797 836/847/814 835/846/813
f 819/830/797 817/828/795 836/847/814
f 817/828/795 837/848/815 836/847/814
f 817/828/795 815/826/793 837/848/815
f 815/826/793 838/849/816 837/848/815
f 815/826/793 803/814/781 838/849/816
f 803/814/781 839/850/817 838/849/816
f 839/850/817 803/814/781 840/851/818
f 803/814/781 801/812/779 840/851/818
f 840/851/818 801/812/779 841/852/819
f 801/812/779 798/809/776 841/852/819
f 841/852/819 798/809/776 842/853/820
f 798/809/776 797/808/775 842/853/820
f 842/853/820 797/808/775 843/854/821
f 797/808/775 795/806/773 843/854/821
f 843/854/821 795/806/773 844/855/822
f 795/806/773 804/815/782 844/855/822
f 844/855/822 804/815/782 845/856/823
f 804/815/782 805/816/783 845/856/823
f 805/816/783 808/819/786 845/856/823
f 808/819/786 846/857/824 845/856/823
f 845/856/823 846/857/824 847/858/825
f 847/858/825 846/857/824 848/859/826
f 848/859/826 846/857/824 808/819/786
f 849/860/827 847/858/825 848/859/826
f 847/858/825 849/860/827 850/861/828
f 849/860/827 851/862/829 850/861/828
f 850/861/828 851/862/829 852/863/830
f 853/864/831 850/861/828 852/863/830
f 853/864/831 852/863/830 854/865/832
f 855/866/833 853/864/831 854/865/832
f 854/865/832 852/863/830 856/867/834
f 856/867/834 852/863/830 851/862/829
f 857/868/835 854/865/832 856/867/834
f 856/867/834 851/862/829 858/869/836
f 849/860/827 858/869/836 851/862/829
f 849/860/827 859/870/837 858/869/836
f 859/870/837 849/860/827 848/859/826
f 857/868/835 856/867/834 860/871/838
f 861/872/839 853/864/831 855/866/833
f 862/873/840 861/872/839 855/866/833
f 863/874/841 861/872/839 862/873/840
f 864/875/842 863/874/841 862/873/840
f 863/874/841 865/876/843 861/872/839
f 865/876/843 866/877/844 861/872/839
f 861/872/839 866/877/844 853/864/831
f 865/876/843 867/878/845 866/877/844
f 867/878/845 868/879/846 866/877/844
f 869/880/847 863/874/841 864/875/842
f 870/881/848 869/880/847 864/875/842
f 871/882/849 869/880/847 870/881/848
f 872/883/850 871/882/849 870/881/848
f 871/882/849 873/884/851 869/880/847
f 873/884/851 874/885/852 869/880/847
f 874/885/852 865/876/843 863/874/841
f 869/880/847 874/885/852 863/874/841
f 873/884/851 875/886/853 874/885/852
f 875/886/853 876/887/854 874/885/852
f 876/887/854 867/878/845 865/876/843
f 874/885/852 876/887/854 865/876/843
f 877/888/855 871/882/849 872/883/850
f 878/889/856 877/888/855 872/883/850
f 879/890/857 877/888/855 878/889/856
f 880/891/858 879/890/857 878/889/856
f 881/892/859 879/890/857 880/891/858
f 882/893/860 881/892/859 880/891/858
f 881/892/859 883/894/861 879/890/857
f 883/894/861 884/895/862 879/890/857
f 879/890/857 884/895/862 877/888/855
f 883/894/861 885/896/863 884/895/862
f 885/896/863 886/897/864 884/895/862
f 884/895/862 887/898/865 877/888/855
f 884/895/862 886/897/864 887/898/865
f 886/897/864 888/899/866 887/898/865
f 888/899/866 875/886/853 873/884/851
f 887/898/865 888/899/866 873/884/851
f 887/898/865 873/884/851 871/882/849
f 877/888/855 887/898/865 871/882/849
f 881/892/859 882/893/860 889/900/867
f 890/901/868 881/892/859 889/900/867
f 883/894/861 881/892/859 890/901/868
f 890/901/868 889/900/867 891/902/869
f 892/903/870 890/901/868 891/902/869
f 893/904/871 883/894/861 890/901/868
f 885/896/863 883/894/861 893/904/871
f 893/904/871 890/901/868 892/903/870
f 894/905/872 885/896/863 893/904/871
f 895/906/873 893/904/871 892/903/870
f 894/905/872 893/904/871 895/906/873
f 896/907/874 894/905/872 895/906/873
f 892/903/870 891/902/869 897/908/875
f 898/909/876 892/903/870 897/908/875
f 895/906/873 892/903/870 898/909/876
f 898/909/876 897/908/875 899/910/877
f 900/911/878 898/909/876 899/910/877
f 901/912/879 898/909/876 900/911/878
f 901/912/879 895/906/873 898/909/876
f 896/907/874 895/906/873 901/912/879
f 902/913/880 901/912/879 900/911/878
f 903/914/881 901/912/879 902/913/880
f 903/914/881 896/907/874 901/912/879
f 904/915/882 903/914/881 902/913/880
f 900/911/878 899/910/877 905/916/883
f 906/917/884 900/911/878 905/916/883
f 902/913/880 900/911/878 906/917/884
f 906/917/884 905/916/883 907/918/885
f 908/919/886 906/917/884 907/918/885
f 909/920/887 906/917/884 908/919/886
f 909/920/887 902/913/880 906/917/884
f 904/915/882 902/913/880 909/920/887
f 910/921/888 909/920/887 908/919/886
f 911/922/889 909/920/887 910/921/888
f 911/922/889 904/915/882 909/920/887
f 912/923/890 911/922/889 910/921/888
f 908/919/886 907/918/885 913/924/891
f 914/925/892 908/919/886 913/924/891
f 910/921/888 908/919/886 914/925/892
f 914/925/892 913/924/891 915/926/893
f 916/927/894 914/925/892 915/926/893
f 915/926/893 917/928/895 916/927/894
f 916/927/894 917/928/895 918/929/896
f 919/930/897 916/927/894 918/929/896
f 920/931/898 914/925/892 916/927/894
f 919/930/897 920/931/898 916/927/894
f 920/931/898 910/921/888 914/925/892
f 920/931/898 919/930/897 921/932/899
f 910/921/888 920/931/898 921/932/899
f 912/923/890 910/921/888 921/932/899
f 919/930/897 922/933/900 921/932/899
f 918/929/896 922/933/900 919/930/897
f 918/929/896 917/928/895 923/934/901
f 917/928/895 924/935/902 923/934/901
f 917/928/895 925/936/903 924/935/902
f 918/929/896 923/934/901 926/937/904
f 927/938/905 918/929/896 926/937/904
f 918/929/896 927/938/905 922/933/900
f 927/938/905 926/937/904 928/939/906
f 926/937/904 929/940/907 928/939/906
f 921/932/899 922/933/900 930/941/908
f 922/933/900 931/942/909 930/941/908
f 931/942/909 922/933/900 927/938/905
f 928/939/906 931/942/909 927/938/905
f 930/941/908 931/942/909 830/841/808
f 828/839/806 930/941/908 830/841/808
f 930/941/908 828/839/806 932/943/910
f 828/839/806 826/837/804 932/943/910
f 826/837/804 823/834/801 932/943/910
f 823/834/801 933/944/911 932/943/910
f 823/834/801 822/833/800 933/944/911
f 822/833/800 835/846/813 933/944/911
f 931/942/909 928/939/906 831/842/809
f 830/841/808 931/942/909 831/842/809
f 831/842/809 928/939/906 929/940/907
f 834/845/812 831/842/809 929/940/907
f 932/943/910 933/944/911 911/922/889
f 912/923/890 932/943/910 911/922/889
f 930/941/908 932/943/910 912/923/890
f 933/944/911 835/846/813 904/915/882
f 911/922/889 933/944/911 904/915/882
f 904/915/882 835/846/813 903/914/881
f 835/846/813 836/847/814 903/914/881
f 903/914/881 836/847/814 896/907/874
f 836/847/814 837/848/815 896/907/874
f 896/907/874 837/848/815 894/905/872
f 837/848/815 838/849/816 894/905/872
f 894/905/872 838/849/816 885/896/863
f 838/849/816 839/850/817 885/896/863
f 885/896/863 839/850/817 886/897/864
f 839/850/817 840/851/818 886/897/864
f 886/897/864 840/851/818 888/899/866
f 840/851/818 841/852/819 888/899/866
f 888/899/866 841/852/819 875/886/853
f 841/852/819 842/853/820 875/886/853
f 875/886/853 842/853/820 876/887/854
f 842/853/820 843/854/821 876/887/854
f 876/887/854 843/854/821 867/878/845
f 843/854/821 844/855/822 867/878/845
f 867/878/845 844/855/822 868/879/846
f 844/855/822 845/856/823 868/879/846
f 868/879/846 845/856/823 847/858/825
f 866/877/844 868/879/846 847/858/825
f 850/861/828 866/877/844 847/858/825
f 866/877/844 850/861/828 853/864/831
f 936/945/912 935/946/913 934/947/914
f 937/948/915 936/945/912 934/947/914
f 938/949/916 937/948/915 934/947/914
f 938/949/916 934/947/914 939/950/917
f 940/951/918 938/949/916 939/950/917
f 935/946/913 941/952/919 934/947/914
f 941/952/919 942/953/920 934/947/914
f 934/947/914 942/953/920 939/950/917
f 935/946/913 943/954/921 941/952/919
f 944/955/922 943/954/921 935/946/913
f 945/956/923 944/955/922 935/946/913
f 935/946/913 936/945/912 945/956/923
f 944/955/922 946/957/924 943/954/921
f 946/957/924 947/958/925 943/954/921
f 946/957/924 948/959/926 947/958/925
f 948/959/926 949/960/927 947/958/925
f 943/954/921 950/961/928 941/952/919
f 943/954/921 947/958/925 950/961/928
f 947/958/925 951/962/929 950/961/928
f 947/958/925 949/960/927 951/962/929
f 942/953/920 952/963/930 939/950/917
f 949/960/927 953/964/931 951/962/929
f 942/953/920 941/952/919 954/965/932
f 942/953/920 954/965/932 952/963/930
f 941/952/919 955/966/933 954/965/932
f 941/952/919 950/961/928 955/966/933
f 950/961/928 956/967/934 955/966/933
f 950/961/928 951/962/929 956/967/934
f 951/962/929 957/968/935 956/967/934
f 951/962/929 953/964/931 957/968/935
f 954/965/932 958/969/936 952/963/930
f 953/964/931 959/970/937 957/968/935
f 954/965/932 955/966/933 960/971/938
f 271/972/249 954/965/932 960/971/938
f 958/969/936 954/965/932 271/972/249
f 955/966/933 956/967/934 961/973/939
f 960/971/938 955/966/933 961/973/939
f 960/971/938 961/973/939 271/972/249
f 956/967/934 957/968/935 962/974/940
f 961/973/939 956/967/934 962/974/940
f 957/968/935 959/970/937 962/974/940
f 959/970/937 963/975/941 962/974/940
f 952/963/930 958/969/936 964/976/942
f 952/963/930 964/976/942 965/977/943
f 939/950/917 952/963/930 965/977/943
f 966/978/944 939/950/917 965/977/943
f 967/979/945 966/978/944 965/977/943
f 958/969/936 968/980/946 964/976/942
f 958/969/936 294/981/272 968/980/946
f 294/981/272 958/969/936 271/972/249
f 294/981/272 293/982/271 968/980/946
f 966/978/944 940/951/918 939/950/917
f 962/974/940 963/975/941 969/983/947
f 970/984/948 962/974/940 969/983/947
f 961/973/939 962/974/940 970/984/948
f 970/984/948 969/983/947 971/985/949
f 969/983/947 972/986/950 971/985/949
f 971/985/949 972/986/950 973/987/951
f 974/988/952 971/985/949 973/987/951
f 971/985/949 974/988/952 975/989/953
f 274/990/252 971/985/949 975/989/953
f 273/991/251 970/984/948 971/985/949
f 274/990/252 273/991/251 971/985/949
f 274/990/252 975/989/953 976/992/954
f 272/993/250 274/990/252 976/992/954
f 273/991/251 961/973/939 970/984/948
f 961/973/939 273/991/251 271/972/249
f 272/993/250 976/992/954 977/994/955
f 291/995/269 272/993/250 977/994/955
f 978/996/956 291/995/269 977/994/955
f 979/997/957 978/996/956 977/994/955
f 978/996/956 979/997/957 980/998/958
f 981/999/959 978/996/956 980/998/958
f 981/999/959 982/1000/960 978/996/956
f 982/1000/960 983/1001/961 978/996/956
f 290/1002/268 291/995/269 978/996/956
f 983/1001/961 290/1002/268 978/996/956
f 984/1003/962 983/1001/961 982/1000/960
f 985/1004/963 984/1003/962 982/1000/960
f 985/1004/963 986/1005/964 984/1003/962
f 986/1005/964 987/1006/965 984/1003/962
f 986/1005/964 988/1007/966 987/1006/965
f 988/1007/966 989/1008/967 987/1006/965
f 988/1007/966 990/1009/968 989/1008/967
f 990/1009/968 991/1010/969 989/1008/967
f 990/1009/968 992/1011/970 991/1010/969
f 992/1011/970 993/1012/971 991/1010/969
f 991/1010/969 993/1012/971 994/1013/972
f 993/1012/971 995/1014/973 994/1013/972
f 994/1013/972 995/1014/973 996/1015/974
f 995/1014/973 997/1016/975 996/1015/974
f 996/1015/974 997/1016/975 998/1017/976
f 997/1016/975 999/1018/977 998/1017/976
f 998/1017/976 999/1018/977 1000/1019/978
f 999/1018/977 1001/1020/979 1000/1019/978
f 1002/1021/980 996/1015/974 998/1017/976
f 994/1013/972 996/1015/974 1002/1021/980
f 1003/1022/981 1002/1021/980 998/1017/976
f 1003/1022/981 998/1017/976 1000/1019/978
f 1004/1023/982 994/1013/972 1002/1021/980
f 991/1010/969 994/1013/972 1004/1023/982
f 989/1008/967 991/1010/969 1004/1023/982
f 1005/1024/983 1003/1022/981 1000/1019/978
f 1002/1021/980 1003/1022/981 1006/1025/984
f 1006/1025/984 1003/1022/981 1005/1024/983
f 1007/1026/985 1002/1021/980 1006/1025/984
f 1004/1023/982 1002/1021/980 1007/1026/985
f 1008/1027/986 1004/1023/982 1007/1026/985
f 989/1008/967 1004/1023/982 1008/1027/986
f 987/1006/965 989/1008/967 1008/1027/986
f 1009/1028/987 1006/1025/984 1005/1024/983
f 1007/1026/985 1006/1025/984 1010/1029/988
f 1006/1025/984 289/1030/267 1010/1029/988
f 1006/1025/984 1009/1028/987 289/1030/267
f 1007/1026/985 1010/1029/988 1011/1031/989
f 1008/1027/986 1007/1026/985 1011/1031/989
f 1011/1031/989 1010/1029/988 289/1030/267
f 1008/1027/986 1011/1031/989 984/1003/962
f 987/1006/965 1008/1027/986 984/1003/962
f 1005/1024/983 1000/1019/978 965/977/943
f 1000/1019/978 1012/1032/990 965/977/943
f 1012/1032/990 967/979/945 965/977/943
f 964/976/942 1005/1024/983 965/977/943
f 1009/1028/987 1005/1024/983 964/976/942
f 968/980/946 1009/1028/987 964/976/942
f 292/1033/270 1009/1028/987 968/980/946
f 1009/1028/987 292/1033/270 289/1030/267
f 293/982/271 292/1033/270 968/980/946
f 1001/1020/979 1012/1032/990 1000/1019/978
f 984/1003/962 1011/1031/989 983/1001/961
f 1011/1031/989 290/1002/268 983/1001/961
f 290/1002/268 1011/1031/989 289/1030/267
f 1001/1020/979 1013/1034/991 1012/1032/990
f 1013/1034/991 1014/1035/992 1012/1032/990
f 1012/1032/990 1014/1035/992 967/979/945
f 1014/1035/992 1015/1036/993 967/979/945
f 1015/1036/993 1016/1037/994 967/979/945
f 1016/1037/994 966/978/944 967/979/945
f 1016/1037/994 1017/1038/995 966/978/944
f 1017/1038/995 940/951/918 966/978/944
f 1017/1038/995 1018/1039/996 940/951/918
f 1018/1039/996 938/949/916 940/951/918
f 1018/1039/996 1019/1040/997 938/949/916
f 1019/1040/997 937/948/915 938/949/916
f 1019/1040/997 1020/1041/998 937/948/915
f 1020/1041/998 936/945/912 937/948/915
f 1020/1041/998 1021/1042/999 936/945/912
f 1021/1042/999 945/956/923 936/945/912
f 1021/1042/999 1022/1043/1000 945/956/923
f 1022/1043/1000 944/955/922 945/956/923
f 1022/1043/1000 1023/1044/1001 944/955/922
f 1023/1044/1001 946/957/924 944/955/922
f 1023/1044/1001 1024/1045/1002 946/957/924
f 1024/1045/1002 948/959/926 946/957/924
f 1019/1040/997 870/1046/848 1020/1041/998
f 870/1046/848 1019/1040/997 1018/1039/996
f 870/1046/848 864/1047/842 1020/1041/998
f 1020/1041/998 864/1047/842 1021/1042/999
f 864/1047/842 862/1048/840 1021/1042/999
f 1022/1043/1000 855/1049/833 1023/1044/1001
f 1021/1042/999 862/1048/840 855/1049/833
f 1022/1043/1000 1021/1042/999 855/1049/833
f 855/1049/833 854/1050/832 1023/1044/1001
f 1023/1044/1001 854/1050/832 1024/1045/1002
f 854/1050/832 857/1051/835 1024/1045/1002
f 872/1052/850 870/1046/848 1018/1039/996
f 878/1053/856 872/1052/850 1018/1039/996
f 1017/1038/995 878/1053/856 1018/1039/996
f 878/1053/856 1017/1038/995 1016/1037/994
f 880/1054/858 878/1053/856 1016/1037/994
f 882/1055/860 880/1054/858 1016/1037/994
f 1015/1036/993 882/1055/860 1016/1037/994
f 1015/1036/993 1014/1035/992 882/1055/860
f 1014/1035/992 889/1056/867 882/1055/860
f 889/1056/867 1014/1035/992 1013/1034/991
f 891/1057/869 889/1056/867 1013/1034/991
f 897/1058/875 891/1057/869 1013/1034/991
f 1025/1059/1003 897/1058/875 1013/1034/991
f 1025/1059/1003 1013/1034/991 1001/1020/979
f 999/1018/977 1025/1059/1003 1001/1020/979
f 1026/1060/1004 1025/1059/1003 999/1018/977
f 897/1058/875 1025/1059/1003 1026/1060/1004
f 1027/1061/1005 1026/1060/1004 999/1018/977
f 997/1016/975 1027/1061/1005 999/1018/977
f 1028/1062/1006 1027/1061/1005 997/1016/975
f 1029/1063/1007 1028/1062/1006 997/1016/975
f 995/1014/973 1029/1063/1007 997/1016/975
f 1030/1064/1008 1029/1063/1007 995/1014/973
f 993/1012/971 1030/1064/1008 995/1014/973
f 1031/1065/1009 1030/1064/1008 993/1012/971
f 992/1011/1010 1031/1065/1009 993/1012/971
f 1027/1061/1005 905/1066/883 1026/1060/1004
f 905/1066/883 899/1067/877 1026/1060/1004
f 899/1067/877 897/1058/875 1026/1060/1004
f 907/1068/885 905/1066/883 1027/1061/1005
f 1028/1062/1006 907/1068/885 1027/1061/1005
f 1028/1062/1006 1029/1063/1007 907/1068/885
f 1030/1064/1008 915/1069/893 1029/1063/1007
f 915/1069/893 913/1070/891 1029/1063/1007
f 1029/1063/1007 913/1070/891 907/1068/885
f 917/1071/895 915/1069/893 1030/1064/1008
f 1031/1065/1009 917/1071/895 1030/1064/1008
f 1034/1072/1011 1033/1073/1012 1032/1074/1013
f 1035/1075/1014 1034/1072/1011 1032/1074/1013
f 1032/1074/1013 1033/1073/1012 1036/1076/1015
f 1033/1073/1012 1037/1077/1016 1036/1076/1015
f 1036/1076/1015 1037/1077/1016 1038/1078/1017
f 1037/1077/1016 1039/1079/1018 1038/1078/1017
f 1038/1078/1017 1039/1079/1018 1040/1080/1019
f 1039/1079/1018 1041/1081/1020 1040/1080/1019
f 1040/1080/1019 1041/1081/1020 1042/1082/1021
f 1040/1080/1019 1042/1082/1021 1043/1083/1022
f 1042/1082/1021 1044/1084/1023 1043/1083/1022
f 1043/1083/1022 1044/1084/1023 973/1085/951
f 1044/1084/1023 1045/1086/1024 973/1085/951
f 973/1085/951 1045/1086/1024 974/1087/952
f 1045/1086/1024 1046/1088/1025 974/1087/952
f 974/1087/952 1046/1088/1025 975/1089/953
f 1046/1088/1025 1047/1090/1026 975/1089/953
f 975/1089/953 1047/1090/1026 976/1091/954
f 1047/1090/1026 1048/1092/1027 976/1091/954
f 1041/1081/1020 1049/1093/1028 1042/1082/1021
f 1050/1094/1029 1046/1088/1025 1045/1086/1024
f 1047/1090/1026 1046/1088/1025 1050/1094/1029
f 1048/1092/1027 1047/1090/1026 1050/1094/1029
f 1051/1095/1030 1050/1094/1029 1045/1086/1024
f 1042/1082/1021 1049/1093/1028 1051/1095/1030
f 1051/1095/1030 1045/1086/1024 1044/1084/1023
f 1042/1082/1021 1051/1095/1030 1044/1084/1023
f 976/1091/954 1048/1092/1027 977/1096/955
f 1048/1092/1027 1052/1097/1031 977/1096/955
f 1052/1097/1031 1048/1092/1027 1050/1094/1029
f 1052/1097/1031 1053/1098/1032 977/1096/955
f 1053/1098/1032 1052/1097/1031 1050/1094/1029
f 1053/1098/1032 979/1099/957 977/1096/955
f 1053/1098/1032 1054/1100/1033 979/1099/957
f 1050/1094/1029 1051/1095/1030 1054/1100/1033
f 1053/1098/1032 1050/1094/1029 1054/1100/1033
f 1054/1100/1033 980/1101/958 979/1099/957
f 1054/1100/1033 1055/1102/1034 980/1101/958
f 1054/1100/1033 1051/1095/1030 1055/1102/1034
f 1055/1102/1034 1056/1103/1035 980/1101/958
f 1055/1102/1034 1057/1104/1036 1056/1103/1035
f 1049/1093/1028 1057/1104/1036 1051/1095/1030
f 1051/1095/1030 1057/1104/1036 1055/1102/1034
f 1057/1104/1036 1058/1105/1037 1056/1103/1035
f 1041/1081/1020 1058/1105/1037 1057/1104/1036
f 1049/1093/1028 1041/1081/1020 1057/1104/1036
f 1041/1081/1020 1039/1079/1018 1058/1105/1037
f 1039/1079/1018 1059/1106/1038 1058/1105/1037
f 1039/1079/1018 1037/1077/1016 1059/1106/1038
f 1037/1077/1016 1060/1107/1039 1059/1106/1038
f 1037/1077/1016 1033/1073/1012 1060/1107/1039
f 1033/1073/1012 1061/1108/1040 1060/1107/1039
f 1033/1073/1012 1034/1072/1011 1061/1108/1040
f 1034/1072/1011 1062/1109/1041 1061/1108/1040
f 322/329/300 325/356/303 380/330/358
f 1064/1110/1042 708/718/686 1063/1111/1043
f 1065/1112/1044 1064/1110/1042 1063/1111/1043
f 1064/1110/1042 707/717/685 708/718/686
f 711/721/689 1063/1111/1043 708/718/686
f 1063/1111/1043 711/721/689 1066/1113/1045
f 1065/1112/1044 1063/1111/1043 1066/1113/1045
f 711/721/689 712/722/690 1066/1113/1045
f 1066/1113/1045 712/722/690 1067/1114/1046
f 712/722/690 713/723/691 1067/1114/1046
f 1067/1114/1046 713/723/691 723/733/701
f 1066/1113/1045 1067/1114/1046 1068/1115/1047
f 1069/1116/1048 1066/1113/1045 1068/1115/1047
f 1069/1116/1048 1065/1112/1044 1066/1113/1045
f 1067/1114/1046 723/733/701 724/734/702
f 1068/1115/1047 1067/1114/1046 724/734/702
f 1070/1117/1049 1064/1110/1042 1065/1112/1044
f 1071/1118/1050 1070/1117/1049 1065/1112/1044
f 1070/1117/1049 1071/1118/1050 1072/1119/1051
f 1072/1119/1051 1073/1120/1052 1070/1117/1049
f 1073/1120/1052 1074/1121/1053 1070/1117/1049
f 1075/1122/1054 1073/1120/1052 1072/1119/1051
f 1076/1123/1055 1073/1120/1052 1075/1122/1054
f 1073/1120/1052 1076/1123/1055 1074/1121/1053
f 1077/1124/1056 1076/1123/1055 1075/1122/1054
f 1077/1124/1056 1075/1122/1054 1078/1125/1057
f 1075/1122/1054 1079/1126/1058 1078/1125/1057
f 1079/1126/1058 1080/1127/1059 1078/1125/1057
f 1080/1127/1059 1081/1128/1060 1078/1125/1057
f 1079/1126/1058 1082/1129/1061 1080/1127/1059
f 1082/1129/1061 1083/1130/1062 1080/1127/1059
f 1082/1129/1061 1084/1131/1063 1083/1130/1062
f 1084/1131/1063 1085/1132/1064 1083/1130/1062
f 1086/1133/1065 1082/1129/1061 1079/1126/1058
f 1087/1134/1066 1086/1133/1065 1079/1126/1058
f 1087/1134/1066 1079/1126/1058 1075/1122/1054
f 1087/1134/1066 1075/1122/1054 1072/1119/1051
f 1088/1135/1067 1084/1131/1063 1082/1129/1061
f 1086/1133/1065 1088/1135/1067 1082/1129/1061
f 1089/1136/1068 1078/1125/1057 1081/1128/1060
f 1090/1137/1069 1089/1136/1068 1081/1128/1060
f 1089/1136/1068 1090/1137/1069 1091/1138/1070
f 1092/1139/1071 1089/1136/1068 1091/1138/1070
f 1091/1138/1070 1093/1140/1072 1092/1139/1071
f 1093/1140/1072 1094/1141/1073 1092/1139/1071
f 1092/1139/1071 1094/1141/1073 1095/1142/1074
f 1096/1143/1075 1092/1139/1071 1095/1142/1074
f 1097/1144/1076 1094/1141/1073 1093/1140/1072
f 1098/1145/1077 1097/1144/1076 1093/1140/1072
f 788/1146/766 1097/1144/1076 1098/1145/1077
f 790/1147/768 788/1146/766 1098/1145/1077
f 1097/1144/1076 1099/1148/1078 1094/1141/1073
f 1099/1148/1078 1100/1149/1079 1094/1141/1073
f 1094/1141/1073 1100/1149/1079 1095/1142/1074
f 789/1150/767 1099/1148/1078 1097/1144/1076
f 788/1146/766 789/1150/767 1097/1144/1076
f 1101/1151/1080 1089/1136/1068 1092/1139/1071
f 1096/1143/1075 1101/1151/1080 1092/1139/1071
f 1089/1136/1068 1101/1151/1080 1078/1125/1057
f 1101/1151/1080 1077/1124/1056 1078/1125/1057
f 1102/1152/1081 1100/1149/1079 1099/1148/1078
f 1103/1153/1082 1102/1152/1081 1099/1148/1078
f 1103/1153/1082 1099/1148/1078 789/1150/767
f 792/1154/770 1103/1153/1082 789/1150/767
f 1096/1143/1075 1104/1155/1083 1101/1151/1080
f 1104/1155/1083 1105/1156/1084 1101/1151/1080
f 1100/1149/1079 1102/1152/1081 1106/1157/1085
f 1102/1152/1081 1107/1158/1086 1106/1157/1085
f 1095/1142/1074 1100/1149/1079 1106/1157/1085
f 1104/1155/1083 1096/1143/1075 1095/1142/1074
f 1108/1159/1087 1104/1155/1083 1095/1142/1074
f 1108/1159/1087 1095/1142/1074 1106/1157/1085
f 1108/1159/1087 1106/1157/1085 1109/1160/1088
f 1110/1161/1089 1108/1159/1087 1109/1160/1088
f 1104/1155/1083 1108/1159/1087 1110/1161/1089
f 1111/1162/1090 1104/1155/1083 1110/1161/1089
f 1105/1156/1084 1104/1155/1083 1111/1162/1090
f 1112/1163/1091 1105/1156/1084 1111/1162/1090
f 1113/1164/1092 1109/1160/1088 1106/1157/1085
f 1107/1158/1086 1113/1164/1092 1106/1157/1085
f 1105/1156/1084 1112/1163/1091 1114/1165/1093
f 1076/1123/1055 1105/1156/1084 1114/1165/1093
f 1105/1156/1084 1076/1123/1055 1101/1151/1080
f 1076/1123/1055 1077/1124/1056 1101/1151/1080
f 1076/1123/1055 1114/1165/1093 1074/1121/1053
f 707/717/685 1074/1121/1053 1114/1165/1093
f 705/715/683 707/717/685 1114/1165/1093
f 704/714/682 705/715/683 1114/1165/1093
f 1112/1163/1091 704/714/682 1114/1165/1093
f 704/714/682 1112/1163/1091 1111/1162/1090
f 707/717/685 1064/1110/1042 1074/1121/1053
f 1064/1110/1042 1070/1117/1049 1074/1121/1053
f 1110/1161/1089 1115/1166/1094 1111/1162/1090
f 1115/1166/1094 1116/1167/1095 1111/1162/1090
f 1116/1167/1095 704/714/682 1111/1162/1090
f 704/714/682 1116/1167/1095 1117/1168/1096
f 702/712/680 704/714/682 1117/1168/1096
f 1118/1169/1097 1117/1168/1096 1116/1167/1095
f 1115/1166/1094 1118/1169/1097 1116/1167/1095
f 1118/1169/1097 1115/1166/1094 1119/1170/1098
f 1118/1169/1097 1119/1170/1098 1120/1171/1099
f 1121/1172/1100 1118/1169/1097 1120/1171/1099
f 1118/1169/1097 1121/1172/1100 1117/1168/1096
f 1121/1172/1100 1120/1171/1099 696/706/674
f 696/706/674 1120/1171/1099 697/707/675
f 1120/1171/1099 1122/1173/1101 697/707/675
f 1122/1173/1101 1120/1171/1099 1119/1170/1098
f 695/705/673 1121/1172/1100 696/706/674
f 1123/1174/1102 1121/1172/1100 695/705/673
f 1117/1168/1096 1123/1174/1102 702/712/680
f 1121/1172/1100 1123/1174/1102 1117/1168/1096
f 694/704/672 1123/1174/1102 695/705/673
f 698/708/676 697/707/675 1122/1173/1101
f 1124/1175/1103 698/708/676 1122/1173/1101
f 1124/1175/1103 763/1176/741 698/708/676
f 763/1176/741 699/709/677 698/708/676
f 763/1176/741 1124/1175/1103 764/1177/742
f 1124/1175/1103 1125/1178/1104 764/1177/742
f 1124/1175/1103 1122/1173/1101 1125/1178/1104
f 1122/1173/1101 1126/1179/1105 1125/1178/1104
f 1126/1179/1105 1122/1173/1101 1119/1170/1098
f 1119/1170/1098 1127/1180/1106 1126/1179/1105
f 1127/1180/1106 1128/1181/1107 1126/1179/1105
f 1126/1179/1105 1128/1181/1107 1125/1178/1104
f 700/710/678 1123/1174/1102 694/704/672
f 1115/1166/1094 1127/1180/1106 1119/1170/1098
f 1123/1174/1102 700/710/678 702/712/680
f 764/1177/742 1125/1178/1104 768/1182/746
f 1125/1178/1104 1129/1183/1108 768/1182/746
f 1128/1181/1107 1129/1183/1108 1125/1178/1104
f 1127/1180/1106 1109/1160/1088 1128/1181/1107
f 1109/1160/1088 1113/1164/1092 1128/1181/1107
f 1130/1184/1109 1129/1183/1108 1128/1181/1107
f 1113/1164/1092 1130/1184/1109 1128/1181/1107
f 769/1185/747 768/1182/746 1129/1183/1108
f 1130/1184/1109 769/1185/747 1129/1183/1108
f 1127/1180/1106 1115/1166/1094 1110/1161/1089
f 1109/1160/1088 1127/1180/1106 1110/1161/1089
f 856/867/834 858/869/836 1131/1186/1110
f 860/871/838 856/867/834 1131/1186/1110
f 1131/1186/1110 858/869/836 1132/1187/1111
f 858/869/836 859/870/837 1132/1187/1111
f 1132/1187/1111 859/870/837 1133/1188/1112
f 1134/1189/1113 1132/1187/1111 1133/1188/1112
f 1133/1188/1112 859/870/837 848/859/826
f 1133/1188/1112 848/859/826 809/820/787
f 812/823/790 1133/1188/1112 809/820/787
f 1134/1189/1113 1133/1188/1112 812/823/790
f 809/820/787 848/859/826 808/819/786
f 813/824/791 1134/1189/1113 812/823/790
f 860/871/838 1131/1186/1110 1135/1190/1114
f 1136/1191/1115 860/871/838 1135/1190/1114
f 1137/1192/1116 860/871/838 1136/1191/1115
f 1137/1192/1116 1136/1191/1115 1138/1193/1117
f 1139/1194/1118 1137/1192/1116 1138/1193/1117
f 1138/1193/1117 1140/1195/1119 1139/1194/1118
f 1141/1196/1120 1140/1195/1119 1138/1193/1117
f 1142/1197/1121 1141/1196/1120 1138/1193/1117
f 1136/1191/1115 1135/1190/1114 1142/1197/1121
f 1138/1193/1117 1136/1191/1115 1142/1197/1121
f 1140/1195/1119 1141/1196/1120 1143/1198/1122
f 1143/1198/1122 1141/1196/1120 1144/1199/1123
f 1141/1196/1120 1145/1200/1124 1144/1199/1123
f 1145/1200/1124 1141/1196/1120 1142/1197/1121
f 1146/1201/1125 1140/1195/1119 1143/1198/1122
f 1147/1202/1126 1140/1195/1119 1146/1201/1125
f 1140/1195/1119 1147/1202/1126 1139/1194/1118
f 1148/1203/1127 1147/1202/1126 1146/1201/1125
f 1146/1201/1125 1143/1198/1122 1149/1204/1128
f 1150/1205/1129 1146/1201/1125 1149/1204/1128
f 1146/1201/1125 1150/1205/1129 1148/1203/1127
f 1150/1205/1129 1149/1204/1128 1151/1206/1130
f 1151/1206/1130 1149/1204/1128 1152/1207/1131
f 1151/1206/1130 1152/1207/1131 1153/1208/1132
f 1154/1209/1133 1151/1206/1130 1153/1208/1132
f 1155/1210/1134 1151/1206/1130 1154/1209/1133
f 1155/1210/1134 1150/1205/1129 1151/1206/1130
f 1156/1211/1135 1150/1205/1129 1155/1210/1134
f 1150/1205/1129 1156/1211/1135 1148/1203/1127
f 1157/1212/1136 1156/1211/1135 1155/1210/1134
f 1157/1212/1136 1155/1210/1134 1158/1213/1137
f 1158/1213/1137 1155/1210/1134 1154/1209/1133
f 1159/1214/1138 1157/1212/1136 1158/1213/1137
f 1149/1204/1128 1160/1215/1139 1152/1207/1131
f 1160/1215/1139 1149/1204/1128 1143/1198/1122
f 1144/1199/1123 1160/1215/1139 1143/1198/1122
f 1161/1216/1140 1159/1214/1138 1158/1213/1137
f 1162/1217/1141 1161/1216/1140 1158/1213/1137
f 1162/1217/1141 1158/1213/1137 1154/1209/1133
f 1163/1218/1142 1161/1216/1140 1162/1217/1141
f 1164/1219/1143 1163/1218/1142 1162/1217/1141
f 1165/1220/1144 1162/1217/1141 1154/1209/1133
f 1165/1220/1144 1154/1209/1133 1153/1208/1132
f 1164/1219/1143 1162/1217/1141 1165/1220/1144
f 1166/1221/1145 1165/1220/1144 1153/1208/1132
f 1167/1222/1146 1165/1220/1144 1166/1221/1145
f 1167/1222/1146 1164/1219/1143 1165/1220/1144
f 1168/1223/1147 1164/1219/1143 1167/1222/1146
f 1169/1224/1148 1168/1223/1147 1167/1222/1146
f 1170/1225/1149 1167/1222/1146 1166/1221/1145
f 1167/1222/1146 1170/1225/1149 1169/1224/1148
f 1164/1219/1143 1168/1223/1147 1171/1226/1150
f 1163/1218/1142 1164/1219/1143 1171/1226/1150
f 1172/1227/1151 1171/1226/1150 1168/1223/1147
f 1173/1228/1152 1172/1227/1151 1168/1223/1147
f 1173/1228/1152 1168/1223/1147 1169/1224/1148
f 1174/1229/1153 1173/1228/1152 1169/1224/1148
f 1174/1229/1153 1169/1224/1148 1175/1230/1154
f 1170/1225/1149 1175/1230/1154 1169/1224/1148
f 1176/1231/1155 1174/1229/1153 1175/1230/1154
f 1173/1228/1152 1174/1229/1153 1177/1232/1156
f 1174/1229/1153 1178/1233/1157 1177/1232/1156
f 1178/1233/1157 1174/1229/1153 1176/1231/1155
f 1173/1228/1152 1177/1232/1156 1179/1234/1158
f 1172/1227/1151 1173/1228/1152 1179/1234/1158
f 1180/1235/1159 1179/1234/1158 1177/1232/1156
f 1181/1236/1160 1180/1235/1159 1177/1232/1156
f 1181/1236/1160 1177/1232/1156 1178/1233/1157
f 925/936/903 1180/1235/1159 1181/1236/1160
f 924/935/902 925/936/903 1181/1236/1160
f 924/935/902 1181/1236/1160 1182/1237/1161
f 1182/1237/1161 1181/1236/1160 1178/1233/1157
f 923/934/901 924/935/902 1182/1237/1161
f 923/934/901 1182/1237/1161 1183/1238/1162
f 1178/1233/1157 1183/1238/1162 1182/1237/1161
f 1178/1233/1157 1184/1239/1163 1183/1238/1162
f 1184/1239/1163 1178/1233/1157 1176/1231/1155
f 1184/1239/1163 1185/1240/1164 1183/1238/1162
f 926/937/904 923/934/901 1183/1238/1162
f 1183/1238/1162 1185/1240/1164 926/937/904
f 1185/1240/1164 929/940/907 926/937/904
f 1175/1230/1154 1186/1241/1165 1176/1231/1155
f 1187/1242/1166 1186/1241/1165 1175/1230/1154
f 1187/1242/1166 1188/1243/1167 1186/1241/1165
f 1189/1244/1168 1188/1243/1167 1187/1242/1166
f 1190/1245/1169 1189/1244/1168 1187/1242/1166
f 1191/1246/1170 1189/1244/1168 1190/1245/1169
f 1192/1247/1171 1191/1246/1170 1190/1245/1169
f 1193/1248/1172 1191/1246/1170 1192/1247/1171
f 1194/1249/1173 1193/1248/1172 1192/1247/1171
f 1194/1249/1173 1195/1250/1174 1193/1248/1172
f 1195/1250/1174 1196/1251/1175 1193/1248/1172
f 1195/1250/1174 1197/1252/1176 1196/1251/1175
f 1197/1252/1176 1198/1253/1177 1196/1251/1175
f 1199/1254/1178 1198/1253/1177 1197/1252/1176
f 1200/1255/1179 1199/1254/1178 1197/1252/1176
f 1188/1243/1167 1201/1256/1180 1186/1241/1165
f 1170/1225/1149 1187/1242/1166 1175/1230/1154
f 1187/1242/1166 1170/1225/1149 1190/1245/1169
f 1170/1225/1149 1166/1221/1145 1190/1245/1169
f 1190/1245/1169 1166/1221/1145 1153/1208/1132
f 1192/1247/1171 1190/1245/1169 1153/1208/1132
f 1194/1249/1173 1192/1247/1171 1153/1208/1132
f 1152/1207/1131 1194/1249/1173 1153/1208/1132
f 1194/1249/1173 1152/1207/1131 1195/1250/1174
f 1152/1207/1131 1160/1215/1139 1195/1250/1174
f 1195/1250/1174 1160/1215/1139 1144/1199/1123
f 1197/1252/1176 1195/1250/1174 1144/1199/1123
f 1197/1252/1176 1144/1199/1123 1145/1200/1124
f 1200/1255/1179 1197/1252/1176 1145/1200/1124
f 1199/1254/1178 1202/1257/1181 1198/1253/1177
f 1203/1258/1182 1202/1257/1181 1199/1254/1178
f 1202/1257/1181 1203/1258/1182 1204/1259/1183
f 1203/1258/1182 1205/1260/1184 1204/1259/1183
f 1206/1261/1185 1202/1257/1181 1204/1259/1183
f 1206/1261/1185 1204/1259/1183 1207/1262/1186
f 1208/1263/1187 1206/1261/1185 1207/1262/1186
f 1207/1262/1186 1209/1264/1188 1208/1263/1187
f 1209/1264/1188 1210/1265/1189 1208/1263/1187
f 1208/1263/1187 1210/1265/1189 1211/1266/1190
f 1212/1267/1191 1208/1263/1187 1211/1266/1190
f 1211/1266/1190 1210/1265/1189 1213/1268/1192
f 1211/1266/1190 1213/1268/1192 1214/1269/1193
f 1215/1270/1194 1211/1266/1190 1214/1269/1193
f 1216/1271/1195 1215/1270/1194 1214/1269/1193
f 1217/1272/1196 1216/1271/1195 1214/1269/1193
f 1218/1273/1197 1216/1271/1195 1217/1272/1196
f 1219/1274/1198 1218/1273/1197 1217/1272/1196
f 1218/1273/1197 1219/1274/1198 1220/1275/1199
f 1219/1274/1198 1221/1276/1200 1220/1275/1199
f 1221/1276/1200 1222/1277/1201 1220/1275/1199
f 1222/1277/1201 1223/1278/1202 1220/1275/1199
f 1220/1275/1199 1223/1278/1202 1224/1279/1203
f 1224/1279/1203 1223/1278/1202 1225/1280/1204
f 1223/1278/1202 1222/1277/1201 1225/1280/1204
f 1226/1281/1205 1224/1279/1203 1225/1280/1204
f 1227/1282/1206 1220/1275/1199 1224/1279/1203
f 1222/1277/1201 1228/1283/1207 1225/1280/1204
f 1229/1284/1208 1224/1279/1203 1226/1281/1205
f 1230/1285/1209 1229/1284/1208 1226/1281/1205
f 1231/1286/1210 1227/1282/1206 1224/1279/1203
f 1229/1284/1208 1231/1286/1210 1224/1279/1203
f 1231/1286/1210 1232/1287/1211 1227/1282/1206
f 1232/1287/1211 1233/1288/1212 1227/1282/1206
f 1233/1288/1212 1218/1273/1197 1220/1275/1199
f 1227/1282/1206 1233/1288/1212 1220/1275/1199
f 1232/1287/1211 1234/1289/1213 1233/1288/1212
f 1235/1290/1214 1233/1288/1212 1234/1289/1213
f 1236/1291/1215 1235/1290/1214 1234/1289/1213
f 1235/1290/1214 1236/1291/1215 1237/1292/1216
f 1238/1293/1217 1235/1290/1214 1237/1292/1216
f 1237/1292/1216 1239/1294/1218 1238/1293/1217
f 1238/1293/1217 1239/1294/1218 1212/1267/1191
f 1239/1294/1218 1240/1295/1219 1212/1267/1191
f 1212/1267/1191 1240/1295/1219 1208/1263/1187
f 1240/1295/1219 1206/1261/1185 1208/1263/1187
f 1240/1295/1219 1241/1296/1220 1206/1261/1185
f 1241/1296/1220 1202/1257/1181 1206/1261/1185
f 1239/1294/1218 1237/1292/1216 1242/1297/1221
f 1242/1297/1221 1237/1292/1216 1236/1291/1215
f 1243/1298/1222 1239/1294/1218 1242/1297/1221
f 1243/1298/1222 1241/1296/1220 1240/1295/1219
f 1239/1294/1218 1243/1298/1222 1240/1295/1219
f 1244/1299/1223 1242/1297/1221 1236/1291/1215
f 1245/1300/1224 1244/1299/1223 1236/1291/1215
f 1234/1289/1213 1245/1300/1224 1236/1291/1215
f 1234/1289/1213 1232/1287/1211 1245/1300/1224
f 1232/1287/1211 1246/1301/1225 1245/1300/1224
f 1246/1301/1225 1232/1287/1211 1231/1286/1210
f 1247/1302/1226 1246/1301/1225 1231/1286/1210
f 1247/1302/1226 1231/1286/1210 1229/1284/1208
f 1248/1303/1227 1247/1302/1226 1229/1284/1208
f 1248/1303/1227 1229/1284/1208 1230/1285/1209
f 1249/1304/1228 1248/1303/1227 1230/1285/1209
f 1250/1305/1229 1249/1304/1228 1230/1285/1209
f 1250/1305/1229 1251/1306/1230 1249/1304/1228
f 1251/1306/1230 1250/1305/1229 1252/1307/1231
f 1250/1305/1229 1085/1308/1064 1252/1307/1231
f 1253/1309/1232 1252/1307/1231 1085/1308/1064
f 1084/1310/1063 1253/1309/1232 1085/1308/1064
f 1253/1309/1232 1084/1310/1063 1254/1311/1233
f 1084/1310/1063 1088/1312/1067 1254/1311/1233
f 1255/1313/1234 1253/1309/1232 1254/1311/1233
f 1088/1312/1067 1256/1314/1235 1254/1311/1233
f 1256/1314/1235 1257/1315/1236 1254/1311/1233
f 1254/1311/1233 1257/1315/1236 1255/1313/1234
f 1257/1315/1236 1258/1316/1237 1255/1313/1234
f 1255/1313/1234 1258/1316/1237 1259/1317/1238
f 1258/1316/1237 1260/1318/1239 1259/1317/1238
f 1261/1319/1240 1259/1317/1238 1260/1318/1239
f 1262/1320/1241 1261/1319/1240 1260/1318/1239
f 1261/1319/1240 1262/1320/1241 1263/1321/1242
f 1262/1320/1241 1264/1322/1243 1263/1321/1242
f 1264/1322/1243 1262/1320/1241 1265/1323/1244
f 1266/1324/1245 1264/1322/1243 1265/1323/1244
f 1267/1325/1246 1264/1322/1243 1266/1324/1245
f 1264/1322/1243 1267/1325/1246 1263/1321/1242
f 1268/1326/1247 1267/1325/1246 1266/1324/1245
f 1267/1325/1246 1269/1327/1248 1263/1321/1242
f 1266/1324/1245 1265/1323/1244 1270/1328/1249
f 1271/1329/1250 1266/1324/1245 1270/1328/1249
f 1268/1326/1247 1266/1324/1245 1271/1329/1250
f 1272/1330/1251 1268/1326/1247 1271/1329/1250
f 1262/1320/1241 1260/1318/1239 1273/1331/1252
f 1265/1323/1244 1262/1320/1241 1273/1331/1252
f 1268/1326/1247 1274/1332/1253 1267/1325/1246
f 1268/1326/1247 1272/1330/1251 1274/1332/1253
f 1274/1332/1253 1275/1333/1254 1267/1325/1246
f 1267/1325/1246 1275/1333/1254 1269/1327/1248
f 1274/1332/1253 1276/1334/1255 1275/1333/1254
f 1276/1334/1255 1277/1335/1256 1275/1333/1254
f 1276/1334/1255 1278/1336/1257 1277/1335/1256
f 1279/1337/1258 1278/1336/1257 1276/1334/1255
f 1279/1337/1258 1280/1338/1259 1278/1336/1257
f 1280/1338/1259 1281/1339/1260 1278/1336/1257
f 1281/1339/1260 1280/1338/1259 1282/1340/1261
f 1280/1338/1259 1283/1341/1262 1282/1340/1261
f 1282/1340/1261 1283/1341/1262 1284/1342/1263
f 1283/1341/1262 1285/1343/1264 1284/1342/1263
f 1282/1340/1261 1286/1344/1265 1281/1339/1260
f 1286/1344/1265 1287/1345/1266 1281/1339/1260
f 1286/1344/1265 1288/1346/1267 1287/1345/1266
f 1289/1347/1268 1288/1346/1267 1286/1344/1265
f 1290/1348/1269 1289/1347/1268 1286/1344/1265
f 1282/1340/1261 1284/1342/1263 1290/1348/1269
f 1286/1344/1265 1282/1340/1261 1290/1348/1269
f 1288/1346/1267 1291/1349/1270 1287/1345/1266
f 1290/1348/1269 1284/1342/1263 1292/1350/1271
f 1284/1342/1263 1293/1351/1272 1292/1350/1271
f 1284/1342/1263 1285/1343/1264 1293/1351/1272
f 1292/1350/1271 1293/1351/1272 776/787/754
f 1293/1351/1272 777/788/755 776/787/754
f 1292/1350/1271 776/787/754 780/791/758
f 1294/1352/1273 1292/1350/1271 780/791/758
f 1290/1348/1269 1292/1350/1271 1294/1352/1273
f 1289/1347/1268 1290/1348/1269 1294/1352/1273
f 1295/1353/1274 777/788/755 1293/1351/1272
f 777/788/755 1295/1353/1274 1296/1354/1275
f 773/784/751 777/788/755 1296/1354/1275
f 773/784/751 1296/1354/1275 771/782/749
f 1297/1355/1276 1295/1353/1274 1293/1351/1272
f 1285/1343/1264 1297/1355/1276 1293/1351/1272
f 745/755/723 1295/1353/1274 1297/1355/1276
f 743/753/721 745/755/723 1297/1355/1276
f 743/753/721 1297/1355/1276 1285/1343/1264
f 771/782/749 1296/1354/1275 749/759/727
f 749/759/727 751/761/729 771/782/749
f 1296/1354/1275 747/757/725 749/759/727
f 1295/1353/1274 745/755/723 747/757/725
f 1296/1354/1275 1295/1353/1274 747/757/725
f 740/750/718 743/753/721 1285/1343/1264
f 738/748/716 740/750/718 1285/1343/1264
f 1283/1341/1262 738/748/716 1285/1343/1264
f 732/742/710 738/748/716 1283/1341/1262
f 1280/1338/1259 732/742/710 1283/1341/1262
f 732/742/710 1280/1338/1259 1279/1337/1258
f 729/739/707 732/742/710 1279/1337/1258
f 729/739/707 1279/1337/1258 1298/1356/1277
f 1298/1356/1277 1279/1337/1258 1276/1334/1255
f 1298/1356/1277 1276/1334/1255 1274/1332/1253
f 1299/1357/1278 1298/1356/1277 1274/1332/1253
f 1272/1330/1251 1299/1357/1278 1274/1332/1253
f 727/737/705 729/739/707 1298/1356/1277
f 1272/1330/1251 719/729/697 1299/1357/1278
f 719/729/697 725/735/703 1299/1357/1278
f 725/735/703 727/737/705 1298/1356/1277
f 1299/1357/1278 725/735/703 1298/1356/1277
f 719/729/697 1272/1330/1251 720/730/698
f 1272/1330/1251 1271/1329/1250 720/730/698
f 720/730/698 1271/1329/1250 722/732/700
f 1271/1329/1250 1270/1328/1249 722/732/700
f 724/734/702 722/732/700 1270/1328/1249
f 1300/1358/1279 724/734/702 1270/1328/1249
f 1270/1328/1249 1265/1323/1244 1300/1358/1279
f 1265/1323/1244 1273/1331/1252 1300/1358/1279
f 1300/1358/1279 1301/1359/1280 724/734/702
f 1301/1359/1280 1068/1115/1047 724/734/702
f 1068/1115/1047 1301/1359/1280 1069/1116/1048
f 1301/1359/1280 1302/1360/1281 1069/1116/1048
f 1069/1116/1048 1302/1360/1281 1065/1112/1044
f 1302/1360/1281 1071/1118/1050 1065/1112/1044
f 1071/1118/1050 1303/1361/1282 1072/1119/1051
f 1303/1361/1282 1304/1362/1283 1072/1119/1051
f 1304/1362/1283 1087/1134/1066 1072/1119/1051
f 1087/1134/1066 1304/1362/1283 1086/1133/1065
f 1304/1362/1283 1305/1363/1284 1086/1133/1065
f 1086/1133/1065 1305/1363/1284 1088/1135/1067
f 1305/1363/1284 1256/1364/1235 1088/1135/1067
f 775/786/753 772/783/750 1306/1365/1285
f 781/792/759 775/786/753 1306/1365/1285
f 1306/1365/1285 772/783/750 770/781/748
f 1307/1366/1286 1278/1336/1257 1281/1339/1260
f 1287/1345/1266 1307/1366/1286 1281/1339/1260
f 1308/1367/1287 1307/1366/1286 1287/1345/1266
f 1308/1367/1287 1309/1368/1288 1307/1366/1286
f 1309/1368/1288 1277/1335/1256 1307/1366/1286
f 1278/1336/1257 1307/1366/1286 1277/1335/1256
f 1291/1349/1270 1308/1367/1287 1287/1345/1266
f 1277/1335/1256 1309/1368/1288 1310/1369/1289
f 1275/1333/1254 1277/1335/1256 1310/1369/1289
f 1275/1333/1254 1310/1369/1289 1269/1327/1248
f 821/832/799 1269/1327/1248 1310/1369/1289
f 821/832/799 824/835/802 1269/1327/1248
f 824/835/802 1263/1321/1242 1269/1327/1248
f 824/835/802 825/836/803 1263/1321/1242
f 825/836/803 1261/1319/1240 1263/1321/1242
f 1261/1319/1240 825/836/803 1259/1317/1238
f 825/836/803 827/838/805 1259/1317/1238
f 1259/1317/1238 827/838/805 1255/1313/1234
f 827/838/805 829/840/807 1255/1313/1234
f 1253/1309/1232 1255/1313/1234 829/840/807
f 832/843/810 1253/1309/1232 829/840/807
f 1252/1307/1231 1253/1309/1232 832/843/810
f 833/844/811 1252/1307/1231 832/843/810
f 820/831/798 821/832/799 1310/1369/1289
f 1252/1307/1231 833/844/811 1251/1306/1230
f 833/844/811 1311/1370/1290 1251/1306/1230
f 1311/1370/1290 833/844/811 834/845/812
f 1312/1371/1291 1311/1370/1290 834/845/812
f 1311/1370/1290 1312/1371/1291 1313/1372/1292
f 1312/1371/1291 1314/1373/1293 1313/1372/1292
f 1314/1373/1293 1315/1374/1294 1313/1372/1292
f 1315/1374/1294 1316/1375/1295 1313/1372/1292
f 1201/1256/1180 1316/1375/1295 1315/1374/1294
f 1186/1241/1165 1201/1256/1180 1315/1374/1294
f 1186/1241/1165 1315/1374/1294 1176/1231/1155
f 1312/1371/1291 834/845/812 929/940/907
f 1185/1240/1164 1312/1371/1291 929/940/907
f 1312/1371/1291 1185/1240/1164 1184/1239/1163
f 1314/1373/1293 1312/1371/1291 1184/1239/1163
f 1184/1239/1163 1176/1231/1155 1315/1374/1294
f 1314/1373/1293 1184/1239/1163 1315/1374/1294
f 1316/1375/1295 1248/1303/1227 1313/1372/1292
f 1248/1303/1227 1249/1304/1228 1313/1372/1292
f 1249/1304/1228 1251/1306/1230 1311/1370/1290
f 1313/1372/1292 1249/1304/1228 1311/1370/1290
f 1247/1302/1226 1248/1303/1227 1316/1375/1295
f 1201/1256/1180 1247/1302/1226 1316/1375/1295
f 1246/1301/1225 1247/1302/1226 1201/1256/1180
f 1188/1243/1167 1246/1301/1225 1201/1256/1180
f 1245/1300/1224 1246/1301/1225 1188/1243/1167
f 1189/1244/1168 1245/1300/1224 1188/1243/1167
f 1189/1244/1168 1191/1246/1170 1245/1300/1224
f 1191/1246/1170 1244/1299/1223 1245/1300/1224
f 1244/1299/1223 1191/1246/1170 1242/1297/1221
f 1191/1246/1170 1193/1248/1172 1242/1297/1221
f 1243/1298/1222 1242/1297/1221 1193/1248/1172
f 1196/1251/1175 1243/1298/1222 1193/1248/1172
f 1241/1296/1220 1243/1298/1222 1196/1251/1175
f 1198/1253/1177 1241/1296/1220 1196/1251/1175
f 1202/1257/1181 1241/1296/1220 1198/1253/1177
f 1306/1376/1285 1318/1377/1296 1317/1378/1297
f 781/1379/759 1306/1376/1285 1317/1378/1297
f 781/1379/759 1317/1378/1297 783/1380/761
f 1317/1378/1297 1319/1381/1298 783/1380/761
f 1319/1381/1298 1320/1382/1299 783/1380/761
f 1320/1382/1299 785/1383/763 783/1380/761
f 1306/1376/1285 770/1384/748 1318/1377/1296
f 770/1384/748 1321/1385/1300 1318/1377/1296
f 770/1384/748 769/1386/747 1321/1385/1300
f 769/1386/747 1322/1387/1301 1321/1385/1300
f 785/1383/763 1320/1382/1299 1323/1388/1302
f 792/1389/770 785/1383/763 1323/1388/1302
f 792/1389/770 1323/1388/1302 1324/1390/1303
f 1103/1391/1082 792/1389/770 1324/1390/1303
f 1103/1391/1082 1324/1390/1303 1325/1392/1304
f 1102/1393/1081 1103/1391/1082 1325/1392/1304
f 1325/1392/1304 1326/1394/1305 1102/1393/1081
f 1326/1394/1305 1107/1395/1086 1102/1393/1081
f 1326/1394/1305 1327/1396/1306 1107/1395/1086
f 1327/1396/1306 1113/1397/1092 1107/1395/1086
f 1113/1397/1092 1327/1396/1306 1130/1398/1109
f 1327/1396/1306 1328/1399/1307 1130/1398/1109
f 1130/1398/1109 1328/1399/1307 1322/1400/1301
f 769/1401/747 1130/1398/1109 1322/1400/1301
f 1322/1400/1301 1328/1399/1307 1329/1402/1308
f 1330/1403/1309 1322/1400/1301 1329/1402/1308
f 1330/1403/1309 1329/1402/1308 1331/1404/1310
f 1332/1405/1311 1330/1403/1309 1331/1404/1310
f 1332/1405/1311 1331/1404/1310 1333/1406/1312
f 1334/1407/1313 1332/1405/1311 1333/1406/1312
f 1333/1406/1312 1331/1404/1310 1335/1408/1314
f 1331/1404/1310 1336/1409/1315 1335/1408/1314
f 1331/1404/1310 1329/1402/1308 1336/1409/1315
f 1335/1408/1314 1336/1409/1315 1337/1410/1316
f 1336/1409/1315 1338/1411/1317 1337/1410/1316
f 1337/1410/1316 1338/1411/1317 1339/1412/1318
f 1338/1411/1317 1340/1413/1319 1339/1412/1318
f 1339/1412/1318 1340/1413/1319 1341/1414/1320
f 1340/1413/1319 1342/1415/1321 1341/1414/1320
f 1341/1414/1320 1342/1415/1321 1343/1416/1322
f 1342/1415/1321 1344/1417/1323 1343/1416/1322
f 1343/1416/1322 1344/1417/1323 1345/1418/1324
f 1344/1417/1323 1346/1419/1325 1345/1418/1324
f 1345/1418/1324 1346/1419/1325 1347/1420/1326
f 1346/1419/1325 1348/1421/1327 1347/1420/1326
f 1347/1420/1326 1348/1421/1327 1349/1422/1328
f 1348/1421/1327 1350/1423/1329 1349/1422/1328
f 1349/1422/1328 1350/1423/1329 1351/1424/1330
f 1350/1423/1329 1352/1425/1331 1351/1424/1330
f 1351/1424/1330 1352/1425/1331 1353/1426/1332
f 1352/1425/1331 1354/1427/1333 1353/1426/1332
f 1353/1426/1332 1354/1427/1333 1334/1428/1313
f 1354/1427/1333 1332/1429/1311 1334/1428/1313
f 1344/1417/1323 1355/1430/1334 1346/1419/1325
f 1355/1430/1334 1356/1431/1335 1346/1419/1325
f 1346/1419/1325 1356/1431/1335 1348/1421/1327
f 1356/1431/1335 1357/1432/1336 1348/1421/1327
f 1348/1421/1327 1357/1432/1336 1350/1423/1329
f 1357/1432/1336 1358/1433/1337 1350/1423/1329
f 1350/1423/1329 1358/1433/1337 1352/1425/1331
f 1358/1433/1337 1359/1434/1338 1352/1425/1331
f 1352/1425/1331 1359/1434/1338 1354/1427/1333
f 1359/1434/1338 1360/1435/1339 1354/1427/1333
f 1354/1427/1333 1360/1435/1339 1332/1429/1311
f 1360/1435/1339 1330/1436/1309 1332/1429/1311
f 1349/1422/1328 1351/1424/1330 1361/1437/1340
f 1362/1438/1341 1349/1422/1328 1361/1437/1340
f 1362/1438/1341 1361/1437/1340 1363/1439/1342
f 1364/1440/1343 1362/1438/1341 1363/1439/1342
f 1365/1441/1344 1362/1438/1341 1364/1440/1343
f 1366/1442/1345 1365/1441/1344 1364/1440/1343
f 1367/1443/1346 1365/1441/1344 1366/1442/1345
f 1368/1444/1347 1367/1443/1346 1366/1442/1345
f 1369/1445/1348 1367/1443/1346 1368/1444/1347
f 1370/1446/1349 1369/1445/1348 1368/1444/1347
f 1363/1439/1342 1361/1437/1340 1371/1447/1350
f 1361/1437/1340 1372/1448/1351 1371/1447/1350
f 1371/1447/1350 1372/1448/1351 1373/1449/1352
f 1372/1448/1351 1374/1450/1353 1373/1449/1352
f 1375/1451/1354 1369/1445/1348 1370/1446/1349
f 1376/1452/1355 1375/1451/1354 1370/1446/1349
f 1377/1453/1356 1375/1451/1354 1376/1452/1355
f 1378/1454/1357 1377/1453/1356 1376/1452/1355
f 1379/1455/1358 1377/1453/1356 1378/1454/1357
f 1380/1456/1359 1379/1455/1358 1378/1454/1357
f 1381/1457/1360 1379/1455/1358 1380/1456/1359
f 1382/1458/1361 1381/1457/1360 1380/1456/1359
f 1383/1459/1362 1381/1457/1360 1382/1458/1361
f 1384/1460/1363 1383/1459/1362 1382/1458/1361
f 1374/1461/1353 1383/1459/1362 1384/1460/1363
f 1373/1462/1352 1374/1461/1353 1384/1460/1363
f 1372/1448/1351 1353/1426/1332 1374/1450/1353
f 1351/1424/1330 1353/1426/1332 1372/1448/1351
f 1353/1426/1332 1334/1428/1313 1374/1450/1353
f 1374/1461/1353 1334/1407/1313 1383/1459/1362
f 1334/1407/1313 1333/1406/1312 1383/1459/1362
f 1383/1459/1362 1333/1406/1312 1381/1457/1360
f 1333/1406/1312 1335/1408/1314 1381/1457/1360
f 1381/1457/1360 1335/1408/1314 1379/1455/1358
f 1335/1408/1314 1337/1410/1316 1379/1455/1358
f 1379/1455/1358 1337/1410/1316 1377/1453/1356
f 1337/1410/1316 1339/1412/1318 1377/1453/1356
f 1377/1453/1356 1339/1412/1318 1375/1451/1354
f 1339/1412/1318 1341/1414/1320 1375/1451/1354
f 1375/1451/1354 1341/1414/1320 1369/1445/1348
f 1341/1414/1320 1343/1416/1322 1369/1445/1348
f 1369/1445/1348 1343/1416/1322 1367/1443/1346
f 1343/1416/1322 1345/1418/1324 1367/1443/1346
f 1367/1443/1346 1345/1418/1324 1365/1441/1344
f 1345/1418/1324 1347/1420/1326 1365/1441/1344
f 1365/1441/1344 1347/1420/1326 1362/1438/1341
f 1347/1420/1326 1349/1422/1328 1362/1438/1341
f 1387/1463/1364 1386/1464/1365 1385/1465/1366
f 1388/1466/1367 1387/1463/1364 1385/1465/1366
f 1385/1465/1366 1386/1464/1365 1389/1467/1368
f 1386/1464/1365 1390/1468/1369 1389/1467/1368
f 1389/1467/1368 1390/1468/1369 1391/1469/1370
f 1390/1468/1369 1392/1470/1371 1391/1469/1370
f 1391/1469/1370 1392/1470/1371 1393/1471/1372
f 1392/1470/1371 1394/1472/1373 1393/1471/1372
f 1393/1471/1372 1394/1472/1373 1395/1473/1374
f 1394/1472/1373 1396/1474/1375 1395/1473/1374
f 1395/1473/1374 1396/1474/1375 1397/1475/1376
f 1396/1474/1375 1398/1476/1377 1397/1475/1376
f 1387/1463/1364 1399/1477/1378 1386/1464/1365
f 1399/1477/1378 1400/1478/1379 1386/1464/1365
f 1386/1464/1365 1400/1478/1379 1390/1468/1369
f 1399/1477/1378 1401/1479/1380 1400/1478/1379
f 1401/1479/1380 1402/1480/1381 1400/1478/1379
f 1400/1478/1379 1402/1480/1381 1403/1481/1382
f 1400/1478/1379 1403/1481/1382 1390/1468/1369
f 1390/1468/1369 1403/1481/1382 1392/1470/1371
f 1402/1480/1381 1404/1482/1383 1403/1481/1382
f 1403/1481/1382 1404/1482/1383 1405/1483/1384
f 1403/1481/1382 1405/1483/1384 1392/1470/1371
f 1392/1470/1371 1405/1483/1384 1394/1472/1373
f 1404/1482/1383 1406/1484/1385 1405/1483/1384
f 1405/1483/1384 1406/1484/1385 1407/1485/1386
f 1405/1483/1384 1407/1485/1386 1394/1472/1373
f 1394/1472/1373 1407/1485/1386 1396/1474/1375
f 1406/1484/1385 1408/1486/1387 1407/1485/1386
f 1407/1485/1386 1408/1486/1387 1409/1487/1388
f 1407/1485/1386 1409/1487/1388 1396/1474/1375
f 1396/1474/1375 1409/1487/1388 1398/1476/1377
f 1408/1486/1387 1410/1488/1389 1409/1487/1388
f 1409/1487/1388 1410/1488/1389 1411/1489/1390
f 1409/1487/1388 1411/1489/1390 1398/1476/1377
f 1410/1488/1389 1412/1490/1391 1411/1489/1390
f 1413/1491/1392 1401/1479/1380 1399/1477/1378
f 1414/1492/1393 1413/1491/1392 1399/1477/1378
f 1415/1493/1394 1413/1491/1392 1414/1492/1393
f 1416/1494/1395 1415/1493/1394 1414/1492/1393
f 1417/1495/1396 1415/1493/1394 1416/1494/1395
f 1418/1496/1397 1417/1495/1396 1416/1494/1395
f 1419/1497/1398 1417/1495/1396 1418/1496/1397
f 1420/1498/1399 1419/1497/1398 1418/1496/1397
f 1421/1499/1400 1419/1497/1398 1420/1498/1399
f 1422/1500/1401 1421/1499/1400 1420/1498/1399
f 1412/1501/1391 1421/1499/1400 1422/1500/1401
f 1411/1502/1390 1412/1501/1391 1422/1500/1401
f 1411/1502/1390 1422/1500/1401 1423/1503/1402
f 1398/1504/1377 1411/1502/1390 1423/1503/1402
f 1398/1504/1377 1423/1503/1402 1424/1505/1403
f 1397/1506/1376 1398/1504/1377 1424/1505/1403
f 1424/1505/1403 1423/1503/1402 1425/1507/1404
f 1423/1503/1402 1426/1508/1405 1425/1507/1404
f 1422/1500/1401 1420/1498/1399 1426/1508/1405
f 1423/1503/1402 1422/1500/1401 1426/1508/1405
f 1425/1507/1404 1426/1508/1405 1427/1509/1406
f 1426/1508/1405 1428/1510/1407 1427/1509/1406
f 1420/1498/1399 1418/1496/1397 1428/1510/1407
f 1426/1508/1405 1420/1498/1399 1428/1510/1407
f 1427/1509/1406 1428/1510/1407 1429/1511/1408
f 1428/1510/1407 1430/1512/1409 1429/1511/1408
f 1429/1511/1408 1430/1512/1409 1431/1513/1410
f 1430/1512/1409 1432/1514/1411 1431/1513/1410
f 1431/1513/1410 1432/1514/1411 1388/1515/1367
f 1432/1514/1411 1387/1516/1364 1388/1515/1367
f 1428/1510/1407 1418/1496/1397 1430/1512/1409
f 1418/1496/1397 1416/1494/1395 1430/1512/1409
f 1430/1512/1409 1416/1494/1395 1432/1514/1411
f 1416/1494/1395 1414/1492/1393 1432/1514/1411
f 1432/1514/1411 1414/1492/1393 1387/1516/1364
f 1414/1492/1393 1399/1477/1378 1387/1516/1364
f 1397/1506/1376 1424/1505/1403 1433/1517/1412
f 1434/1518/1413 1397/1506/1376 1433/1517/1412
f 1424/1505/1403 1425/1507/1404 1433/1517/1412
f 1433/1517/1412 1425/1507/1404 1435/1519/1414
f 1425/1507/1404 1427/1509/1406 1435/1519/1414
f 1431/1513/1410 1388/1515/1367 1436/1520/1415
f 1437/1521/1416 1431/1513/1410 1436/1520/1415
f 1427/1509/1406 1429/1511/1408 1437/1521/1416
f 1435/1522/1414 1427/1509/1406 1437/1521/1416
f 1429/1511/1408 1431/1513/1410 1437/1521/1416
f 1433/1517/1412 1435/1519/1414 1438/1523/1417
f 1434/1518/1413 1433/1517/1412 1438/1523/1417
f 1437/1521/1416 1436/1520/1415 1438/1524/1417
f 1435/1522/1414 1437/1521/1416 1438/1524/1417
f 1329/1402/1308 1439/1525/1418 1336/1409/1315
f 1336/1409/1315 1439/1525/1418 1338/1411/1317
f 1439/1525/1418 1440/1526/1419 1338/1411/1317
f 1338/1411/1317 1440/1526/1419 1340/1413/1319
f 1440/1526/1419 1441/1527/1420 1340/1413/1319
f 1340/1413/1319 1441/1527/1420 1342/1415/1321
f 1441/1527/1420 1442/1528/1421 1342/1415/1321
f 1342/1415/1321 1442/1528/1421 1344/1417/1323
f 1442/1528/1421 1355/1430/1334 1344/1417/1323
f 1329/1402/1308 1328/1399/1307 1439/1525/1418
f 1328/1399/1307 1327/1396/1306 1439/1525/1418
f 1439/1525/1418 1327/1396/1306 1440/1526/1419
f 1327/1396/1306 1326/1394/1305 1440/1526/1419
f 1440/1526/1419 1326/1394/1305 1441/1527/1420
f 1326/1394/1305 1325/1392/1304 1441/1527/1420
f 1441/1527/1420 1325/1392/1304 1442/1528/1421
f 1325/1392/1304 1324/1390/1303 1442/1528/1421
f 1442/1528/1421 1324/1390/1303 1355/1430/1334
f 1324/1390/1303 1323/1388/1302 1355/1430/1334
f 1355/1430/1334 1323/1388/1302 1356/1431/1335
f 1323/1388/1302 1320/1382/1299 1356/1431/1335
f 1356/1431/1335 1320/1382/1299 1357/1432/1336
f 1320/1382/1299 1319/1381/1298 1357/1432/1336
f 1357/1432/1336 1319/1381/1298 1358/1433/1337
f 1319/1381/1298 1317/1378/1297 1358/1433/1337
f 1358/1433/1337 1317/1378/1297 1359/1434/1338
f 1317/1378/1297 1318/1377/1296 1359/1434/1338
f 1359/1434/1338 1318/1377/1296 1360/1435/1339
f 1318/1377/1296 1321/1385/1300 1360/1435/1339
f 1360/1435/1339 1321/1385/1300 1330/1436/1309
f 1321/1385/1300 1322/1387/1301 1330/1436/1309
f 1361/1437/1340 1351/1424/1330 1372/1448/1351
f 1370/1446/1349 1368/1444/1347 1402/1480/1381
f 1401/1479/1380 1370/1446/1349 1402/1480/1381
f 1402/1480/1381 1368/1444/1347 1404/1482/1383
f 1368/1444/1347 1366/1442/1345 1404/1482/1383
f 1404/1482/1383 1366/1442/1345 1406/1484/1385
f 1366/1442/1345 1364/1440/1343 1406/1484/1385
f 1406/1484/1385 1364/1440/1343 1408/1486/1387
f 1364/1440/1343 1363/1439/1342 1408/1486/1387
f 1408/1486/1387 1363/1439/1342 1410/1488/1389
f 1363/1439/1342 1371/1447/1350 1410/1488/1389
f 1410/1488/1389 1371/1447/1350 1412/1490/1391
f 1371/1447/1350 1373/1449/1352 1412/1490/1391
f 1376/1452/1355 1370/1446/1349 1401/1479/1380
f 1413/1491/1392 1376/1452/1355 1401/1479/1380
f 1378/1454/1357 1376/1452/1355 1413/1491/1392
f 1415/1493/1394 1378/1454/1357 1413/1491/1392
f 1380/1456/1359 1378/1454/1357 1415/1493/1394
f 1417/1495/1396 1380/1456/1359 1415/1493/1394
f 1382/1458/1361 1380/1456/1359 1417/1495/1396
f 1419/1497/1398 1382/1458/1361 1417/1495/1396
f 1384/1460/1363 1382/1458/1361 1419/1497/1398
f 1421/1499/1400 1384/1460/1363 1419/1497/1398
f 1373/1462/1352 1384/1460/1363 1421/1499/1400
f 1412/1501/1391 1373/1462/1352 1421/1499/1400
f 1388/1466/1367 1385/1465/1366 1443/1529/1422
f 1436/1530/1415 1388/1466/1367 1443/1529/1422
f 1385/1465/1366 1389/1467/1368 1443/1529/1422
f 1443/1529/1422 1389/1467/1368 1444/1531/1423
f 1389/1467/1368 1391/1469/1370 1444/1531/1423
f 1438/1532/1417 1436/1530/1415 1443/1529/1422
f 1444/1531/1423 1438/1532/1417 1443/1529/1422
f 1391/1469/1370 1393/1471/1372 1445/1533/1424
f 1444/1534/1423 1391/1469/1370 1445/1533/1424
f 1393/1471/1372 1395/1473/1374 1445/1533/1424
f 1445/1533/1424 1395/1473/1374 1434/1535/1413
f 1395/1473/1374 1397/1475/1376 1434/1535/1413
f 1445/1533/1424 1434/1535/1413 1438/1536/1417
f 1444/1534/1423 1445/1533/1424 1438/1536/1417
f 1273/1537/1252 1260/1538/1239 1446/1539/1425
f 1447/1540/1426 1273/1537/1252 1446/1539/1425
f 1446/1539/1425 1260/1538/1239 1258/1541/1237
f 1448/1542/1427 1446/1539/1425 1258/1541/1237
f 1449/1543/1428 1448/1542/1427 1258/1541/1237
f 1257/1544/1236 1449/1543/1428 1258/1541/1237
f 1300/1545/1279 1273/1537/1252 1447/1540/1426
f 1450/1546/1429 1300/1545/1279 1447/1540/1426
f 1301/1547/1280 1300/1545/1279 1450/1546/1429
f 1451/1548/1430 1301/1547/1280 1450/1546/1429
f 1449/1543/1428 1257/1544/1236 1452/1549/1431
f 1257/1544/1236 1256/1550/1235 1452/1549/1431
f 1452/1549/1431 1256/1550/1235 1453/1551/1432
f 1256/1550/1235 1305/1552/1284 1453/1551/1432
f 1453/1551/1432 1305/1552/1284 1454/1553/1433
f 1305/1552/1284 1304/1554/1283 1454/1553/1433
f 1455/1555/1434 1454/1553/1433 1304/1554/1283
f 1303/1556/1282 1455/1555/1434 1304/1554/1283
f 1456/1557/1435 1455/1555/1434 1303/1556/1282
f 1071/1558/1050 1456/1557/1435 1303/1556/1282
f 1456/1557/1435 1071/1558/1050 1302/1559/1281
f 1457/1560/1436 1456/1557/1435 1302/1559/1281
f 1457/1560/1436 1302/1559/1281 1451/1561/1430
f 1302/1559/1281 1301/1562/1280 1451/1561/1430
f 1457/1560/1436 1451/1561/1430 1458/1563/1437
f 1451/1561/1430 1459/1564/1438 1458/1563/1437
f 1458/1563/1437 1459/1564/1438 1460/1565/1439
f 1459/1564/1438 1461/1566/1440 1460/1565/1439
f 1460/1565/1439 1461/1566/1440 1462/1567/1441
f 1461/1566/1440 1463/1568/1442 1462/1567/1441
f 1460/1565/1439 1462/1567/1441 1464/1569/1443
f 1465/1570/1444 1460/1565/1439 1464/1569/1443
f 1458/1563/1437 1460/1565/1439 1465/1570/1444
f 1465/1570/1444 1464/1569/1443 1466/1571/1445
f 1467/1572/1446 1465/1570/1444 1466/1571/1445
f 1467/1572/1446 1466/1571/1445 1468/1573/1447
f 1469/1574/1448 1467/1572/1446 1468/1573/1447
f 1469/1574/1448 1468/1573/1447 1470/1575/1449
f 1471/1576/1450 1469/1574/1448 1470/1575/1449
f 1471/1576/1450 1470/1575/1449 1472/1577/1451
f 1473/1578/1452 1471/1576/1450 1472/1577/1451
f 1473/1578/1452 1472/1577/1451 1474/1579/1453
f 1475/1580/1454 1473/1578/1452 1474/1579/1453
f 1475/1580/1454 1474/1579/1453 1476/1581/1455
f 1477/1582/1456 1475/1580/1454 1476/1581/1455
f 1477/1582/1456 1476/1581/1455 1478/1583/1457
f 1479/1584/1458 1477/1582/1456 1478/1583/1457
f 1479/1584/1458 1478/1583/1457 1480/1585/1459
f 1481/1586/1460 1479/1584/1458 1480/1585/1459
f 1481/1586/1460 1480/1585/1459 1482/1587/1461
f 1483/1588/1462 1481/1586/1460 1482/1587/1461
f 1483/1588/1462 1482/1587/1461 1463/1589/1442
f 1461/1590/1440 1483/1588/1462 1463/1589/1442
f 1484/1591/1463 1473/1578/1452 1475/1580/1454
f 1485/1592/1464 1484/1591/1463 1475/1580/1454
f 1485/1592/1464 1475/1580/1454 1477/1582/1456
f 1486/1593/1465 1485/1592/1464 1477/1582/1456
f 1486/1593/1465 1477/1582/1456 1479/1584/1458
f 1487/1594/1466 1486/1593/1465 1479/1584/1458
f 1487/1594/1466 1479/1584/1458 1481/1586/1460
f 1488/1595/1467 1487/1594/1466 1481/1586/1460
f 1488/1595/1467 1481/1586/1460 1483/1588/1462
f 1489/1596/1468 1488/1595/1467 1483/1588/1462
f 1489/1596/1468 1483/1588/1462 1461/1590/1440
f 1459/1597/1438 1489/1596/1468 1461/1590/1440
f 1480/1585/1459 1478/1583/1457 1490/1598/1469
f 1478/1583/1457 1491/1599/1470 1490/1598/1469
f 1490/1598/1469 1491/1599/1470 1492/1600/1471
f 1491/1599/1470 1493/1601/1472 1492/1600/1471
f 1491/1599/1470 1494/1602/1473 1493/1601/1472
f 1494/1602/1473 1495/1603/1474 1493/1601/1472
f 1494/1602/1473 1496/1604/1475 1495/1603/1474
f 1496/1604/1475 1497/1605/1476 1495/1603/1474
f 1496/1604/1475 1498/1606/1477 1497/1605/1476
f 1498/1606/1477 1499/1607/1478 1497/1605/1476
f 1490/1598/1469 1492/1600/1471 1500/1608/1479
f 1501/1609/1480 1490/1598/1469 1500/1608/1479
f 1501/1609/1480 1500/1608/1479 1502/1610/1481
f 1503/1611/1482 1501/1609/1480 1502/1610/1481
f 1498/1606/1477 1504/1612/1483 1499/1607/1478
f 1504/1612/1483 1505/1613/1484 1499/1607/1478
f 1504/1612/1483 1506/1614/1485 1505/1613/1484
f 1506/1614/1485 1507/1615/1486 1505/1613/1484
f 1506/1614/1485 1508/1616/1487 1507/1615/1486
f 1508/1616/1487 1509/1617/1488 1507/1615/1486
f 1508/1616/1487 1510/1618/1489 1509/1617/1488
f 1510/1618/1489 1511/1619/1490 1509/1617/1488
f 1510/1618/1489 1512/1620/1491 1511/1619/1490
f 1512/1620/1491 1513/1621/1492 1511/1619/1490
f 1512/1620/1491 1503/1622/1482 1513/1621/1492
f 1503/1622/1482 1502/1623/1481 1513/1621/1492
f 1482/1587/1461 1501/1609/1480 1503/1611/1482
f 1482/1587/1461 1480/1585/1459 1501/1609/1480
f 1463/1589/1442 1482/1587/1461 1503/1611/1482
f 1463/1568/1442 1503/1622/1482 1512/1620/1491
f 1462/1567/1441 1463/1568/1442 1512/1620/1491
f 1462/1567/1441 1512/1620/1491 1510/1618/1489
f 1464/1569/1443 1462/1567/1441 1510/1618/1489
f 1464/1569/1443 1510/1618/1489 1508/1616/1487
f 1466/1571/1445 1464/1569/1443 1508/1616/1487
f 1466/1571/1445 1508/1616/1487 1506/1614/1485
f 1468/1573/1447 1466/1571/1445 1506/1614/1485
f 1468/1573/1447 1506/1614/1485 1504/1612/1483
f 1470/1575/1449 1468/1573/1447 1504/1612/1483
f 1470/1575/1449 1504/1612/1483 1498/1606/1477
f 1472/1577/1451 1470/1575/1449 1498/1606/1477
f 1472/1577/1451 1498/1606/1477 1496/1604/1475
f 1474/1579/1453 1472/1577/1451 1496/1604/1475
f 1474/1579/1453 1496/1604/1475 1494/1602/1473
f 1476/1581/1455 1474/1579/1453 1494/1602/1473
f 1476/1581/1455 1494/1602/1473 1491/1599/1470
f 1478/1583/1457 1476/1581/1455 1491/1599/1470
f 1516/1624/1493 1515/1625/1494 1514/1626/1495
f 1517/1627/1496 1516/1624/1493 1514/1626/1495
f 1517/1627/1496 1514/1626/1495 1518/1628/1497
f 1519/1629/1498 1517/1627/1496 1518/1628/1497
f 1519/1629/1498 1518/1628/1497 1520/1630/1499
f 1521/1631/1500 1519/1629/1498 1520/1630/1499
f 1521/1631/1500 1520/1630/1499 1522/1632/1501
f 1523/1633/1502 1521/1631/1500 1522/1632/1501
f 1523/1633/1502 1522/1632/1501 1524/1634/1503
f 1525/1635/1504 1523/1633/1502 1524/1634/1503
f 1525/1635/1504 1524/1634/1503 1526/1636/1505
f 1527/1637/1506 1525/1635/1504 1526/1636/1505
f 1528/1638/1507 1516/1624/1493 1517/1627/1496
f 1529/1639/1508 1528/1638/1507 1517/1627/1496
f 1529/1639/1508 1517/1627/1496 1519/1629/1498
f 1530/1640/1509 1528/1638/1507 1529/1639/1508
f 1531/1641/1510 1530/1640/1509 1529/1639/1508
f 1531/1641/1510 1529/1639/1508 1532/1642/1511
f 1532/1642/1511 1529/1639/1508 1519/1629/1498
f 1532/1642/1511 1519/1629/1498 1521/1631/1500
f 1533/1643/1512 1531/1641/1510 1532/1642/1511
f 1533/1643/1512 1532/1642/1511 1534/1644/1513
f 1534/1644/1513 1532/1642/1511 1521/1631/1500
f 1534/1644/1513 1521/1631/1500 1523/1633/1502
f 1535/1645/1514 1533/1643/1512 1534/1644/1513
f 1535/1645/1514 1534/1644/1513 1536/1646/1515
f 1536/1646/1515 1534/1644/1513 1523/1633/1502
f 1536/1646/1515 1523/1633/1502 1525/1635/1504
f 1537/1647/1516 1535/1645/1514 1536/1646/1515
f 1537/1647/1516 1536/1646/1515 1538/1648/1517
f 1538/1648/1517 1536/1646/1515 1525/1635/1504
f 1538/1648/1517 1525/1635/1504 1527/1637/1506
f 1539/1649/1518 1537/1647/1516 1538/1648/1517
f 1539/1649/1518 1538/1648/1517 1540/1650/1519
f 1540/1650/1519 1538/1648/1517 1527/1637/1506
f 1541/1651/1520 1539/1649/1518 1540/1650/1519
f 1530/1640/1509 1542/1652/1521 1528/1638/1507
f 1542/1652/1521 1543/1653/1522 1528/1638/1507
f 1542/1652/1521 1544/1654/1523 1543/1653/1522
f 1544/1654/1523 1545/1655/1524 1543/1653/1522
f 1544/1654/1523 1546/1656/1525 1545/1655/1524
f 1546/1656/1525 1547/1657/1526 1545/1655/1524
f 1546/1656/1525 1548/1658/1527 1547/1657/1526
f 1548/1658/1527 1549/1659/1528 1547/1657/1526
f 1548/1658/1527 1550/1660/1529 1549/1659/1528
f 1550/1660/1529 1551/1661/1530 1549/1659/1528
f 1550/1660/1529 1541/1662/1520 1551/1661/1530
f 1541/1662/1520 1540/1663/1519 1551/1661/1530
f 1551/1661/1530 1540/1663/1519 1552/1664/1531
f 1540/1663/1519 1527/1665/1506 1552/1664/1531
f 1552/1664/1531 1527/1665/1506 1553/1666/1532
f 1527/1665/1506 1526/1667/1505 1553/1666/1532
f 1552/1664/1531 1553/1666/1532 1554/1668/1533
f 1555/1669/1534 1552/1664/1531 1554/1668/1533
f 1551/1661/1530 1552/1664/1531 1555/1669/1534
f 1549/1659/1528 1551/1661/1530 1555/1669/1534
f 1555/1669/1534 1554/1668/1533 1556/1670/1535
f 1557/1671/1536 1555/1669/1534 1556/1670/1535
f 1549/1659/1528 1555/1669/1534 1557/1671/1536
f 1547/1657/1526 1549/1659/1528 1557/1671/1536
f 1557/1671/1536 1556/1670/1535 1558/1672/1537
f 1559/1673/1538 1557/1671/1536 1558/1672/1537
f 1559/1673/1538 1558/1672/1537 1560/1674/1539
f 1561/1675/1540 1559/1673/1538 1560/1674/1539
f 1561/1675/1540 1560/1674/1539 1515/1676/1494
f 1516/1677/1493 1561/1675/1540 1515/1676/1494
f 1547/1657/1526 1557/1671/1536 1559/1673/1538
f 1545/1655/1524 1547/1657/1526 1559/1673/1538
f 1545/1655/1524 1559/1673/1538 1561/1675/1540
f 1543/1653/1522 1545/1655/1524 1561/1675/1540
f 1543/1653/1522 1561/1675/1540 1516/1677/1493
f 1528/1638/1507 1543/1653/1522 1516/1677/1493
f 1553/1666/1532 1526/1667/1505 1562/1678/1541
f 1554/1668/1533 1553/1666/1532 1562/1678/1541
f 1554/1668/1533 1562/1678/1541 1563/1679/1542
f 1556/1670/1535 1554/1668/1533 1563/1679/1542
f 1558/1672/1537 1556/1670/1535 1564/1680/1543
f 1560/1674/1539 1558/1672/1537 1564/1680/1543
f 1556/1670/1535 1563/1681/1542 1564/1680/1543
f 1560/1674/1539 1564/1680/1543 1565/1682/1544
f 1515/1676/1494 1560/1674/1539 1565/1682/1544
f 1563/1679/1542 1562/1678/1541 1566/1683/1545
f 1562/1678/1541 1567/1684/1546 1566/1683/1545
f 1526/1667/1505 1567/1684/1546 1562/1678/1541
f 1564/1680/1543 1563/1681/1542 1566/1685/1545
f 1565/1682/1544 1564/1680/1543 1566/1685/1545
f 1568/1686/1547 1458/1563/1437 1465/1570/1444
f 1568/1686/1547 1465/1570/1444 1467/1572/1446
f 1569/1687/1548 1568/1686/1547 1467/1572/1446
f 1569/1687/1548 1467/1572/1446 1469/1574/1448
f 1570/1688/1549 1569/1687/1548 1469/1574/1448
f 1570/1688/1549 1469/1574/1448 1471/1576/1450
f 1571/1689/1550 1570/1688/1549 1471/1576/1450
f 1571/1689/1550 1471/1576/1450 1473/1578/1452
f 1484/1591/1463 1571/1689/1550 1473/1578/1452
f 1457/1560/1436 1458/1563/1437 1568/1686/1547
f 1456/1557/1435 1457/1560/1436 1568/1686/1547
f 1456/1557/1435 1568/1686/1547 1569/1687/1548
f 1455/1555/1434 1456/1557/1435 1569/1687/1548
f 1455/1555/1434 1569/1687/1548 1570/1688/1549
f 1454/1553/1433 1455/1555/1434 1570/1688/1549
f 1454/1553/1433 1570/1688/1549 1571/1689/1550
f 1453/1551/1432 1454/1553/1433 1571/1689/1550
f 1453/1551/1432 1571/1689/1550 1484/1591/1463
f 1452/1549/1431 1453/1551/1432 1484/1591/1463
f 1452/1549/1431 1484/1591/1463 1485/1592/1464
f 1449/1543/1428 1452/1549/1431 1485/1592/1464
f 1449/1543/1428 1485/1592/1464 1486/1593/1465
f 1448/1542/1427 1449/1543/1428 1486/1593/1465
f 1448/1542/1427 1486/1593/1465 1487/1594/1466
f 1446/1539/1425 1448/1542/1427 1487/1594/1466
f 1446/1539/1425 1487/1594/1466 1488/1595/1467
f 1447/1540/1426 1446/1539/1425 1488/1595/1467
f 1447/1540/1426 1488/1595/1467 1489/1596/1468
f 1450/1546/1429 1447/1540/1426 1489/1596/1468
f 1450/1546/1429 1489/1596/1468 1459/1597/1438
f 1451/1548/1430 1450/1546/1429 1459/1597/1438
f 1480/1585/1459 1490/1598/1469 1501/1609/1480
f 1499/1607/1478 1530/1640/1509 1531/1641/1510
f 1497/1605/1476 1499/1607/1478 1531/1641/1510
f 1497/1605/1476 1531/1641/1510 1533/1643/1512
f 1495/1603/1474 1497/1605/1476 1533/1643/1512
f 1495/1603/1474 1533/1643/1512 1535/1645/1514
f 1493/1601/1472 1495/1603/1474 1535/1645/1514
f 1493/1601/1472 1535/1645/1514 1537/1647/1516
f 1492/1600/1471 1493/1601/1472 1537/1647/1516
f 1492/1600/1471 1537/1647/1516 1539/1649/1518
f 1500/1608/1479 1492/1600/1471 1539/1649/1518
f 1500/1608/1479 1539/1649/1518 1541/1651/1520
f 1502/1610/1481 1500/1608/1479 1541/1651/1520
f 1499/1607/1478 1505/1613/1484 1530/1640/1509
f 1505/1613/1484 1542/1652/1521 1530/1640/1509
f 1505/1613/1484 1507/1615/1486 1542/1652/1521
f 1507/1615/1486 1544/1654/1523 1542/1652/1521
f 1507/1615/1486 1509/1617/1488 1544/1654/1523
f 1509/1617/1488 1546/1656/1525 1544/1654/1523
f 1509/1617/1488 1511/1619/1490 1546/1656/1525
f 1511/1619/1490 1548/1658/1527 1546/1656/1525
f 1511/1619/1490 1513/1621/1492 1548/1658/1527
f 1513/1621/1492 1550/1660/1529 1548/1658/1527
f 1513/1621/1492 1502/1623/1481 1550/1660/1529
f 1502/1623/1481 1541/1662/1520 1550/1660/1529
f 1515/1625/1494 1565/1690/1544 1572/1691/1551
f 1514/1626/1495 1515/1625/1494 1572/1691/1551
f 1518/1628/1497 1514/1626/1495 1572/1691/1551
f 1518/1628/1497 1572/1691/1551 1573/1692/1552
f 1520/1630/1499 1518/1628/1497 1573/1692/1552
f 1566/1693/1545 1573/1692/1552 1572/1691/1551
f 1565/1690/1544 1566/1693/1545 1572/1691/1551
f 1520/1630/1499 1573/1694/1552 1574/1695/1553
f 1522/1632/1501 1520/1630/1499 1574/1695/1553
f 1524/1634/1503 1522/1632/1501 1574/1695/1553
f 1524/1634/1503 1574/1695/1553 1567/1696/1546
f 1526/1636/1505 1524/1634/1503 1567/1696/1546
f 1574/1695/1553 1573/1694/1552 1566/1697/1545
f 1567/1696/1546 1574/1695/1553 1566/1697/1545
f 1577/1698/1554 1576/1699/1555 1575/1700/1556
f 1578/1701/1557 1577/1698/1554 1575/1700/1556
f 1577/1698/1554 1579/1702/1558 1576/1699/1555
f 1579/1702/1558 1580/1703/1559 1576/1699/1555
f 1580/1703/1559 1581/1704/1560 1576/1699/1555
f 1582/1705/1561 1575/1700/1556 1576/1699/1555
f 1581/1704/1560 1582/1705/1561 1576/1699/1555
f 1582/1705/1561 1581/1704/1560 1583/1706/1562
f 1581/1704/1560 1584/1707/1563 1583/1706/1562
f 1581/1704/1560 1580/1703/1559 1584/1707/1563
f 1580/1703/1559 1585/1708/1564 1584/1707/1563
f 1585/1708/1564 657/1709/635 1584/1707/1563
f 657/1709/635 658/1710/636 1584/1707/1563
f 659/1711/637 1583/1706/1562 1584/1707/1563
f 658/1710/636 659/1711/637 1584/1707/1563
f 1579/1702/1558 1577/1698/1554 1586/1712/1565
f 1587/1713/1566 1579/1702/1558 1586/1712/1565
f 1588/1714/1567 1587/1713/1566 1586/1712/1565
f 1587/1713/1566 1588/1714/1567 1589/1715/1568
f 1590/1716/1569 1587/1713/1566 1589/1715/1568
f 668/1717/646 1590/1716/1569 1589/1715/1568
f 670/1718/648 668/1717/646 1589/1715/1568
f 671/1719/649 670/1718/648 1589/1715/1568
f 1591/1720/1570 671/1719/649 1589/1715/1568
f 1591/1720/1570 1589/1715/1568 1588/1714/1567
f 1592/1721/1571 1591/1720/1570 1588/1714/1567
f 1592/1721/1571 1588/1714/1567 1586/1712/1565
f 1593/1722/1572 1592/1721/1571 1586/1712/1565
f 1593/1722/1572 1586/1712/1565 1577/1698/1554
f 1578/1701/1557 1593/1722/1572 1577/1698/1554
f 668/1717/646 665/1723/643 1590/1716/1569
f 665/1723/643 1594/1724/1573 1590/1716/1569
f 1587/1713/1566 1590/1716/1569 1594/1724/1573
f 1594/1724/1573 665/1723/643 1585/1708/1564
f 665/1723/643 657/1709/635 1585/1708/1564
f 1594/1724/1573 1585/1708/1564 1580/1703/1559
f 1579/1702/1558 1594/1724/1573 1580/1703/1559
f 1579/1702/1558 1587/1713/1566 1594/1724/1573
f 671/1719/649 1591/1720/1570 644/1725/622
f 1591/1720/1570 1595/1726/1574 644/1725/622
f 1591/1720/1570 1592/1721/1571 1595/1726/1574
f 1592/1721/1571 1596/1727/1575 1595/1726/1574
f 1592/1721/1571 1593/1722/1572 1596/1727/1575
f 625/613/603 1595/1726/1574 1596/1727/1575
f 644/1725/622 1595/1726/1574 625/613/603
f 623/611/601 625/613/603 1596/1727/1575
f 627/615/605 644/1725/622 625/613/603
f 1593/1722/1572 1597/1728/1576 1596/1727/1575
f 1593/1722/1572 1578/1701/1557 1597/1728/1576
f 623/611/601 1596/1727/1575 1597/1728/1576
f 1578/1701/1557 1598/1729/1577 1597/1728/1576
f 1598/1729/1577 1578/1701/1557 1599/1730/1578
f 1578/1701/1557 1575/1700/1556 1599/1730/1578
f 1600/1731/1579 1599/1730/1578 1575/1700/1556
f 1582/1705/1561 1600/1731/1579 1575/1700/1556
f 1600/1731/1579 612/600/590 1599/1730/1578
f 612/600/590 613/599/589 1599/1730/1578
f 1598/1729/1577 1599/1730/1578 613/599/589
f 615/603/593 1598/1729/1577 613/599/589
f 1600/1731/1579 1582/1705/1561 1601/1732/1580
f 1582/1705/1561 1583/1706/1562 1601/1732/1580
f 675/1733/653 1601/1732/1580 1583/1706/1562
f 659/1711/637 675/1733/653 1583/1706/1562
f 675/1733/653 620/608/598 1601/1732/1580
f 620/608/598 618/606/596 1601/1732/1580
f 1600/1731/1579 1601/1732/1580 618/606/596
f 612/600/590 1600/1731/1579 618/606/596
f 615/603/593 621/609/599 1598/1729/1577
f 621/609/599 1597/1728/1576 1598/1729/1577
f 621/609/599 623/611/601 1597/1728/1576
f 671/681/649 644/654/622 645/655/623
f 820/831/798 1310/1369/1289 1309/1368/1288
f 818/829/796 820/831/798 1309/1368/1288
f 818/829/796 1309/1368/1288 1308/1367/1287
f 816/827/794 818/829/796 1308/1367/1287
f 816/827/794 1308/1367/1287 1291/1349/1270
f 802/813/780 816/827/794 1291/1349/1270
f 800/811/778 802/813/780 1291/1349/1270
f 1288/1346/1267 800/811/778 1291/1349/1270
f 799/810/777 800/811/778 1288/1346/1267
f 1289/1347/1268 799/810/777 1288/1346/1267
f 796/807/774 799/810/777 1289/1347/1268
f 1294/1352/1273 796/807/774 1289/1347/1268
f 794/805/772 796/807/774 1294/1352/1273
f 780/791/758 794/805/772 1294/1352/1273
f 806/817/784 793/804/771 778/789/756
f 779/790/757 806/817/784 778/789/756
f 806/817/784 779/790/757 782/793/760
f 807/818/785 806/817/784 782/793/760
f 807/818/785 782/793/760 784/795/762
f 810/821/788 807/818/785 784/795/762
f 810/821/788 784/795/762 811/822/789
f 784/795/762 787/798/765 811/822/789
f 811/822/789 787/798/765 814/825/792
f 787/798/765 791/802/769 814/825/792
f 814/825/792 791/802/769 1602/1734/1581
f 1205/1260/1184 1602/1734/1581 791/802/769
f 790/801/768 1205/1260/1184 791/802/769
f 1602/1734/1581 1205/1260/1184 1203/1258/1182
f 1602/1734/1581 1203/1258/1182 1603/1735/1582
f 1604/1736/1583 1602/1734/1581 1603/1735/1582
f 1604/1736/1583 814/825/792 1602/1734/1581
f 813/824/791 814/825/792 1604/1736/1583
f 1605/1737/1584 813/824/791 1604/1736/1583
f 1604/1736/1583 1603/1735/1582 1605/1737/1584
f 1603/1735/1582 1203/1258/1182 1199/1254/1178
f 1603/1735/1582 1199/1254/1178 1606/1738/1585
f 1603/1735/1582 1606/1738/1585 1605/1737/1584
f 1199/1254/1178 1200/1255/1179 1606/1738/1585
f 1200/1255/1179 1145/1200/1124 1606/1738/1585
f 1145/1200/1124 1607/1739/1586 1606/1738/1585
f 1606/1738/1585 1607/1739/1586 1605/1737/1584
f 1607/1739/1586 1145/1200/1124 1142/1197/1121
f 1142/1197/1121 1608/1740/1587 1607/1739/1586
f 1608/1740/1587 1609/1741/1588 1607/1739/1586
f 1607/1739/1586 1609/1741/1588 1605/1737/1584
f 1609/1741/1588 1608/1740/1587 1132/1187/1111
f 1131/1186/1110 1132/1187/1111 1608/1740/1587
f 1135/1190/1114 1131/1186/1110 1608/1740/1587
f 1608/1740/1587 1142/1197/1121 1135/1190/1114
f 1134/1189/1113 1609/1741/1588 1132/1187/1111
f 1605/1737/1584 1609/1741/1588 1134/1189/1113
f 813/824/791 1605/1737/1584 1134/1189/1113
f 921/932/899 930/941/908 912/923/890
f 949/1742/927 948/1743/926 1610/1744/1589
f 953/1745/931 949/1742/927 1610/1744/1589
f 1611/1746/1590 953/1745/931 1610/1744/1589
f 959/1747/937 953/1745/931 1611/1746/1590
f 1612/1748/1591 959/1747/937 1611/1746/1590
f 959/1747/937 1612/1748/1591 963/1749/941
f 1612/1748/1591 1613/1750/1592 963/1749/941
f 1612/1748/1591 1611/1746/1590 1614/1751/1593
f 1614/1751/1593 1611/1746/1590 1610/1744/1589
f 1615/1752/1594 1612/1748/1591 1614/1751/1593
f 1613/1750/1592 1612/1748/1591 1615/1752/1594
f 1615/1752/1594 1614/1751/1593 1616/1753/1595
f 1617/1754/1596 1615/1752/1594 1616/1753/1595
f 1615/1752/1594 1617/1754/1596 1618/1755/1597
f 1618/1755/1597 1613/1750/1592 1615/1752/1594
f 1617/1754/1596 1619/1756/1598 1618/1755/1597
f 1613/1750/1592 1618/1755/1597 1619/1756/1598
f 1617/1754/1596 1620/1757/1599 1619/1756/1598
f 1620/1757/1599 1621/1758/1600 1619/1756/1598
f 1622/1759/1601 1620/1757/1599 1617/1754/1596
f 1616/1753/1595 1622/1759/1601 1617/1754/1596
f 1620/1757/1599 1622/1759/1601 1623/1760/1602
f 1624/1761/1603 1620/1757/1599 1623/1760/1602
f 1625/1762/1604 1621/1758/1600 1620/1757/1599
f 1624/1761/1603 1625/1762/1604 1620/1757/1599
f 963/1749/941 1613/1750/1592 1626/1763/1605
f 1626/1763/1605 1613/1750/1592 1619/1756/1598
f 1626/1763/1605 1619/1756/1598 1621/1758/1600
f 969/1764/947 963/1749/941 1626/1763/1605
f 969/1764/947 1626/1763/1605 972/1765/950
f 1626/1763/1605 1627/1766/1606 972/1765/950
f 972/1765/950 1627/1766/1606 1043/1767/1022
f 1043/1767/1022 1627/1766/1606 1040/1768/1019
f 1627/1766/1606 1628/1769/1607 1040/1768/1019
f 1627/1766/1606 1626/1763/1605 1628/1769/1607
f 1040/1768/1019 1628/1769/1607 1629/1770/1608
f 1629/1770/1608 1628/1769/1607 1630/1771/1609
f 1631/1772/1610 1629/1770/1608 1630/1771/1609
f 1038/1773/1017 1040/1768/1019 1629/1770/1608
f 973/1774/951 972/1765/950 1043/1767/1022
f 1632/1775/1611 1630/1771/1609 1628/1769/1607
f 1633/1776/1612 1632/1775/1611 1628/1769/1607
f 1626/1763/1605 1633/1776/1612 1628/1769/1607
f 1631/1772/1610 1634/1777/1613 1629/1770/1608
f 1634/1777/1613 1635/1778/1614 1629/1770/1608
f 1629/1770/1608 1635/1778/1614 1038/1773/1017
f 1635/1778/1614 1634/1777/1613 1636/1779/1615
f 1637/1780/1616 1635/1778/1614 1636/1779/1615
f 1036/1781/1015 1635/1778/1614 1637/1780/1616
f 1635/1778/1614 1036/1781/1015 1038/1773/1017
f 1032/1782/1013 1036/1781/1015 1637/1780/1616
f 1032/1782/1013 1637/1780/1616 1638/1783/1617
f 1638/1783/1617 1637/1780/1616 1636/1779/1615
f 1035/1784/1014 1032/1782/1013 1638/1783/1617
f 1034/1785/1011 1035/1784/1014 1638/1783/1617
f 1639/1786/1618 1034/1785/1011 1638/1783/1617
f 1639/1786/1618 1638/1783/1617 1636/1779/1615
f 1632/1775/1611 1633/1776/1612 1621/1758/1600
f 1625/1762/1604 1632/1775/1611 1621/1758/1600
f 1633/1776/1612 1626/1763/1605 1621/1758/1600
f 1634/1777/1613 1640/1787/1619 1636/1779/1615
f 1640/1787/1619 1641/1788/1620 1636/1779/1615
f 1640/1787/1619 1060/1789/1039 1641/1788/1620
f 1060/1789/1039 1061/1790/1040 1641/1788/1620
f 1641/1788/1620 1061/1790/1040 1642/1791/1621
f 1034/1785/1011 1639/1786/1618 1642/1791/1621
f 1642/1791/1621 1639/1786/1618 1636/1779/1615
f 1641/1788/1620 1642/1791/1621 1636/1779/1615
f 1061/1790/1040 1062/1792/1041 1642/1791/1621
f 1062/1792/1041 1034/1785/1011 1642/1791/1621
f 1060/1789/1039 1640/1787/1619 1059/1793/1038
f 1640/1787/1619 1643/1794/1622 1059/1793/1038
f 1058/1795/1037 1059/1793/1038 1643/1794/1622
f 1644/1796/1623 1058/1795/1037 1643/1794/1622
f 1644/1796/1623 1643/1794/1622 1630/1771/1609
f 1643/1794/1622 1631/1772/1610 1630/1771/1609
f 1644/1796/1623 1645/1797/1624 1058/1795/1037
f 1645/1797/1624 1056/1798/1035 1058/1795/1037
f 1645/1797/1624 981/1799/959 1056/1798/1035
f 981/1799/959 980/1800/958 1056/1798/1035
f 1630/1771/1609 1632/1775/1611 1644/1796/1623
f 1632/1775/1611 1646/1801/1625 1644/1796/1623
f 1647/1802/1626 1645/1797/1624 1644/1796/1623
f 1646/1801/1625 1647/1802/1626 1644/1796/1623
f 1645/1797/1624 1647/1802/1626 981/1799/959
f 1647/1802/1626 982/1803/960 981/1799/959
f 1634/1777/1613 1631/1772/1610 1643/1794/1622
f 1640/1787/1619 1634/1777/1613 1643/1794/1622
f 985/1804/963 982/1803/960 1647/1802/1626
f 1648/1805/1627 985/1804/963 1647/1802/1626
f 1648/1805/1627 1649/1806/1628 985/1804/963
f 1649/1806/1628 986/1807/964 985/1804/963
f 986/1807/964 1649/1806/1628 1650/1808/1629
f 1650/1808/1629 1649/1806/1628 1651/1809/1630
f 1649/1806/1628 1652/1810/1631 1651/1809/1630
f 1649/1806/1628 1648/1805/1627 1652/1810/1631
f 1651/1809/1630 1652/1810/1631 1653/1811/1632
f 1652/1810/1631 1654/1812/1633 1653/1811/1632
f 1654/1812/1633 1652/1810/1631 1655/1813/1634
f 1648/1805/1627 1655/1813/1634 1652/1810/1631
f 1656/1814/1635 1654/1812/1633 1655/1813/1634
f 1648/1805/1627 1647/1802/1626 1656/1814/1635
f 1655/1813/1634 1648/1805/1627 1656/1814/1635
f 1657/1815/1636 1654/1812/1633 1656/1814/1635
f 1658/1816/1637 1657/1815/1636 1656/1814/1635
f 1659/1817/1638 1653/1811/1632 1654/1812/1633
f 1657/1815/1636 1659/1817/1638 1654/1812/1633
f 988/1818/966 986/1807/964 1650/1808/1629
f 988/1818/966 1650/1808/1629 1660/1819/1639
f 990/1820/968 988/1818/966 1660/1819/1639
f 990/1820/968 1660/1819/1639 992/1821/970
f 1660/1819/1639 993/1822/1640 992/1821/970
f 1659/1817/1638 1657/1815/1636 1623/1760/1602
f 1657/1815/1636 1624/1761/1603 1623/1760/1602
f 1625/1762/1604 1624/1761/1603 1657/1815/1636
f 1658/1816/1637 1625/1762/1604 1657/1815/1636
f 1632/1775/1611 1625/1762/1604 1658/1816/1637
f 1646/1801/1625 1632/1775/1611 1658/1816/1637
f 1647/1802/1626 1646/1801/1625 1658/1816/1637
f 1656/1814/1635 1647/1802/1626 1658/1816/1637
f 992/1821/1010 993/1822/1640 1661/1823/1641
f 1662/1824/1642 1661/1823/1641 993/1822/1640
f 1662/1824/1642 993/1822/1640 1663/1825/1643
f 993/1822/1640 1660/1819/1639 1663/1825/1643
f 1664/1826/1644 1662/1824/1642 1663/1825/1643
f 1664/1826/1644 1663/1825/1643 1665/1827/1645
f 1666/1828/1646 1664/1826/1644 1665/1827/1645
f 1667/1829/1647 1666/1828/1646 1665/1827/1645
f 1668/1830/1648 1667/1829/1647 1665/1827/1645
f 1667/1829/1647 1668/1830/1648 1669/1831/1649
f 1670/1832/1650 1667/1829/1647 1669/1831/1649
f 1671/1833/1651 1670/1832/1650 1669/1831/1649
f 1672/1834/1652 1671/1833/1651 1669/1831/1649
f 1671/1833/1651 1672/1834/1652 1673/1835/1653
f 1674/1836/1654 1671/1833/1651 1673/1835/1653
f 1675/1837/1655 1674/1836/1654 1673/1835/1653
f 1676/1838/1656 1675/1837/1655 1673/1835/1653
f 1677/1839/1657 1676/1838/1656 1673/1835/1653
f 1678/1840/1658 1676/1838/1656 1677/1839/1657
f 1679/1841/1659 1678/1840/1658 1677/1839/1657
f 948/1743/926 1679/1841/1659 1677/1839/1657
f 1024/1842/1002 1679/1841/1659 948/1743/926
f 1670/1832/1650 1671/1833/1651 1157/1843/1136
f 1159/1844/1138 1670/1832/1650 1157/1843/1136
f 1671/1833/1651 1674/1836/1654 1156/1845/1135
f 1157/1843/1136 1671/1833/1651 1156/1845/1135
f 1674/1836/1654 1675/1837/1655 1156/1845/1135
f 1675/1837/1655 1676/1838/1656 1147/1846/1126
f 1676/1838/1656 1678/1840/1658 1147/1846/1126
f 1148/1847/1127 1675/1837/1655 1147/1846/1126
f 1675/1837/1655 1148/1847/1127 1156/1845/1135
f 1678/1840/1658 1679/1841/1659 1137/1848/1116
f 1139/1849/1118 1678/1840/1658 1137/1848/1116
f 1678/1840/1658 1139/1849/1118 1147/1846/1126
f 1679/1841/1659 1024/1842/1002 860/1850/838
f 1137/1848/1116 1679/1841/1659 860/1850/838
f 948/1743/926 1677/1839/1657 1610/1744/1589
f 1677/1839/1657 1680/1851/1660 1610/1744/1589
f 1680/1851/1660 1614/1751/1593 1610/1744/1589
f 1616/1753/1595 1614/1751/1593 1680/1851/1660
f 1681/1852/1661 1616/1753/1595 1680/1851/1660
f 1622/1759/1601 1616/1753/1595 1681/1852/1661
f 1682/1853/1662 1622/1759/1601 1681/1852/1661
f 1682/1853/1662 1683/1854/1663 1622/1759/1601
f 1683/1854/1663 1623/1760/1602 1622/1759/1601
f 1683/1854/1663 1684/1855/1664 1623/1760/1602
f 1684/1855/1664 1659/1817/1638 1623/1760/1602
f 1659/1817/1638 1684/1855/1664 1653/1811/1632
f 1684/1855/1664 1685/1856/1665 1653/1811/1632
f 1651/1809/1630 1653/1811/1632 1685/1856/1665
f 1686/1857/1666 1651/1809/1630 1685/1856/1665
f 1650/1808/1629 1651/1809/1630 1686/1857/1666
f 1660/1819/1639 1650/1808/1629 1686/1857/1666
f 1660/1819/1639 1686/1857/1666 1663/1825/1643
f 1686/1857/1666 1685/1856/1665 1665/1827/1645
f 1663/1825/1643 1686/1857/1666 1665/1827/1645
f 1685/1856/1665 1684/1855/1664 1668/1830/1648
f 1665/1827/1645 1685/1856/1665 1668/1830/1648
f 1668/1830/1648 1684/1855/1664 1683/1854/1663
f 1669/1831/1649 1668/1830/1648 1683/1854/1663
f 1683/1854/1663 1682/1853/1662 1672/1834/1652
f 1669/1831/1649 1683/1854/1663 1672/1834/1652
f 1672/1834/1652 1682/1853/1662 1673/1835/1653
f 1682/1853/1662 1681/1852/1661 1673/1835/1653
f 1673/1835/1653 1681/1852/1661 1677/1839/1657
f 1681/1852/1661 1680/1851/1660 1677/1839/1657
f 1031/1858/1009 992/1821/1010 1661/1823/1641
f 917/1859/895 1031/1858/1009 1661/1823/1641
f 925/1860/903 917/1859/895 1661/1823/1641
f 925/1860/903 1661/1823/1641 1180/1861/1159
f 1661/1823/1641 1662/1824/1642 1180/1861/1159
f 1180/1861/1159 1662/1824/1642 1179/1862/1158
f 1662/1824/1642 1664/1826/1644 1179/1862/1158
f 1664/1826/1644 1172/1863/1151 1179/1862/1158
f 1172/1863/1151 1664/1826/1644 1171/1864/1150
f 1664/1826/1644 1666/1828/1646 1171/1864/1150
f 1666/1828/1646 1163/1865/1142 1171/1864/1150
f 1163/1865/1142 1666/1828/1646 1161/1866/1140
f 1666/1828/1646 1667/1829/1647 1161/1866/1140
f 1161/1866/1140 1667/1829/1647 1670/1832/1650
f 1159/1844/1138 1161/1866/1140 1670/1832/1650
f 1689/1867/1667 1688/1868/1668 1687/1869/1669
f 1690/1870/1670 1689/1867/1667 1687/1869/1669
f 1690/1870/1670 1687/1869/1669 1691/1871/1671
f 1692/1872/1672 1690/1870/1670 1691/1871/1671
f 1689/1867/1667 1693/1873/1673 1688/1868/1668
f 1693/1873/1673 1694/1874/1674 1688/1868/1668
f 1694/1874/1674 1693/1873/1673 1695/1875/1675
f 1693/1873/1673 1696/1876/1676 1695/1875/1675
f 1689/1867/1667 1690/1870/1670 1697/1877/1677
f 1689/1867/1667 1697/1877/1677 1693/1873/1673
f 1690/1870/1670 1698/1878/1678 1697/1877/1677
f 1690/1870/1670 1692/1872/1672 1698/1878/1678
f 1697/1877/1677 1698/1878/1678 1699/1879/1679
f 1700/1880/1680 1697/1877/1677 1699/1879/1679
f 1699/1879/1679 1698/1878/1678 1701/1881/1681
f 1692/1872/1672 1701/1881/1681 1698/1878/1678
f 1702/1882/1682 1699/1879/1679 1701/1881/1681
f 1703/1883/1683 1697/1877/1677 1700/1880/1680
f 1697/1877/1677 1703/1883/1683 1693/1873/1673
f 1696/1876/1676 1693/1873/1673 1703/1883/1683
f 1704/1884/1684 1703/1883/1683 1700/1880/1680
f 1705/1885/1685 1703/1883/1683 1704/1884/1684
f 1705/1885/1685 1696/1876/1676 1703/1883/1683
f 1706/1886/1686 1705/1885/1685 1704/1884/1684
f 1699/1879/1679 1702/1882/1682 1707/1887/1687
f 1708/1888/1688 1699/1879/1679 1707/1887/1687
f 1708/1888/1688 1707/1887/1687 1709/1889/1689
f 1710/1890/1690 1708/1888/1688 1709/1889/1689
f 1709/1889/1689 1711/1891/1691 1710/1890/1690
f 1711/1891/1691 1712/1892/1692 1710/1890/1690
f 1712/1892/1692 1711/1891/1691 1713/1893/1693
f 1714/1894/1694 1712/1892/1692 1713/1893/1693
f 1714/1894/1694 1715/1895/1695 1712/1892/1692
f 1715/1895/1695 1716/1896/1696 1712/1892/1692
f 1712/1892/1692 1716/1896/1696 1710/1890/1690
f 1710/1890/1690 1717/1897/1697 1708/1888/1688
f 1716/1896/1696 1717/1897/1697 1710/1890/1690
f 1717/1897/1697 1718/1898/1698 1708/1888/1688
f 1716/1896/1696 1715/1895/1695 1719/1899/1699
f 1720/1900/1700 1716/1896/1696 1719/1899/1699
f 1717/1897/1697 1716/1896/1696 1720/1900/1700
f 1719/1899/1699 1721/1901/1701 1720/1900/1700
f 1721/1901/1701 1722/1902/1702 1720/1900/1700
f 1722/1902/1702 1718/1898/1698 1717/1897/1697
f 1720/1900/1700 1722/1902/1702 1717/1897/1697
f 1721/1901/1701 1706/1886/1686 1722/1902/1702
f 1706/1886/1686 1704/1884/1684 1722/1902/1702
f 1722/1902/1702 1704/1884/1684 1718/1898/1698
f 1704/1884/1684 1700/1880/1680 1718/1898/1698
f 1718/1898/1698 1700/1880/1680 1699/1879/1679
f 1708/1888/1688 1718/1898/1698 1699/1879/1679
f 1723/1903/1703 1705/1904/1685 1706/1905/1686
f 1724/1906/1704 1723/1903/1703 1706/1905/1686
f 1725/1907/1705 1723/1903/1703 1724/1906/1704
f 1726/1908/1706 1725/1907/1705 1724/1906/1704
f 1725/1907/1705 1726/1908/1706 1727/1909/1707
f 1728/1910/1708 1725/1907/1705 1727/1909/1707
f 1723/1903/1703 1729/1911/1709 1705/1904/1685
f 1729/1911/1709 1696/1912/1676 1705/1904/1685
f 1729/1911/1709 1730/1913/1710 1696/1912/1676
f 1730/1913/1710 1729/1911/1709 1731/1914/1711
f 1729/1911/1709 1732/1915/1712 1731/1914/1711
f 1732/1915/1712 1729/1911/1709 1723/1903/1703
f 1725/1907/1705 1732/1915/1712 1723/1903/1703
f 1730/1913/1710 1731/1914/1711 1733/1916/1713
f 1733/1916/1713 1731/1914/1711 1734/1917/1714
f 1731/1914/1711 1735/1918/1715 1734/1917/1714
f 1731/1914/1711 1732/1915/1712 1735/1918/1715
f 1736/1919/1716 1730/1913/1710 1733/1916/1713
f 1695/1920/1675 1730/1913/1710 1736/1919/1716
f 1730/1913/1710 1695/1920/1675 1696/1912/1676
f 1228/1921/1207 1695/1920/1675 1736/1919/1716
f 1732/1915/1712 1737/1922/1717 1735/1918/1715
f 1737/1922/1717 1732/1915/1712 1725/1907/1705
f 1728/1910/1708 1737/1922/1717 1725/1907/1705
f 1727/1909/1707 1738/1923/1718 1728/1910/1708
f 1738/1923/1718 1739/1924/1719 1728/1910/1708
f 1728/1910/1708 1739/1924/1719 1737/1922/1717
f 1735/1918/1715 1737/1922/1717 1740/1925/1720
f 1737/1922/1717 1741/1926/1721 1740/1925/1720
f 1739/1924/1719 1741/1926/1721 1737/1922/1717
f 1735/1918/1715 1740/1925/1720 1742/1927/1722
f 1734/1917/1714 1735/1918/1715 1742/1927/1722
f 1739/1924/1719 1738/1923/1718 1743/1928/1723
f 1738/1923/1718 1744/1929/1724 1743/1928/1723
f 1745/1930/1725 1743/1928/1723 1744/1929/1724
f 1746/1931/1726 1745/1930/1725 1744/1929/1724
f 1745/1930/1725 1746/1931/1726 1747/1932/1727
f 1748/1933/1728 1745/1930/1725 1747/1932/1727
f 1748/1933/1728 1747/1932/1727 1749/1934/1729
f 1750/1935/1730 1748/1933/1728 1749/1934/1729
f 1751/1936/1731 1748/1933/1728 1750/1935/1730
f 1752/1937/1732 1751/1936/1731 1750/1935/1730
f 1753/1938/1733 1751/1936/1731 1752/1937/1732
f 1751/1936/1731 1753/1938/1733 1754/1939/1734
f 1755/1940/1735 1751/1936/1731 1754/1939/1734
f 1755/1940/1735 1745/1930/1725 1748/1933/1728
f 1751/1936/1731 1755/1940/1735 1748/1933/1728
f 1754/1939/1734 1753/1938/1733 1756/1941/1736
f 1756/1941/1736 1753/1938/1733 1757/1942/1737
f 1753/1938/1733 1758/1943/1738 1757/1942/1737
f 1758/1943/1738 1753/1938/1733 1752/1937/1732
f 1759/1944/1739 1754/1939/1734 1756/1941/1736
f 1760/1945/1740 1754/1939/1734 1759/1944/1739
f 1755/1940/1735 1754/1939/1734 1760/1945/1740
f 1761/1946/1741 1760/1945/1740 1759/1944/1739
f 1762/1947/1742 1755/1940/1735 1760/1945/1740
f 1755/1940/1735 1762/1947/1742 1745/1930/1725
f 1762/1947/1742 1743/1928/1723 1745/1930/1725
f 1762/1947/1742 1760/1945/1740 1740/1925/1720
f 1741/1926/1721 1762/1947/1742 1740/1925/1720
f 1742/1927/1722 1740/1925/1720 1760/1945/1740
f 1761/1946/1741 1742/1927/1722 1760/1945/1740
f 1739/1924/1719 1743/1928/1723 1762/1947/1742
f 1741/1926/1721 1739/1924/1719 1762/1947/1742
f 1757/1942/1737 1209/1948/1188 1756/1941/1736
f 1209/1948/1188 1763/1949/1743 1756/1941/1736
f 1763/1949/1743 1209/1948/1188 1764/1950/1744
f 1763/1949/1743 1764/1950/1744 1765/1951/1745
f 1766/1952/1746 1763/1949/1743 1765/1951/1745
f 1759/1944/1739 1766/1952/1746 1761/1946/1741
f 1209/1948/1188 1207/1953/1186 1764/1950/1744
f 1766/1952/1746 1765/1951/1745 1767/1954/1747
f 1768/1955/1748 1766/1952/1746 1767/1954/1747
f 1766/1952/1746 1768/1955/1748 1761/1946/1741
f 1768/1955/1748 1767/1954/1747 1769/1956/1749
f 1770/1957/1750 1768/1955/1748 1769/1956/1749
f 1771/1958/1751 1770/1957/1750 1769/1956/1749
f 1742/1927/1722 1770/1957/1750 1771/1958/1751
f 1772/1959/1752 1771/1958/1751 1769/1956/1749
f 1773/1960/1753 1771/1958/1751 1772/1959/1752
f 1774/1961/1754 1773/1960/1753 1772/1959/1752
f 1775/1962/1755 1773/1960/1753 1774/1961/1754
f 1776/1963/1756 1775/1962/1755 1774/1961/1754
f 1225/1964/1204 1775/1962/1755 1776/1963/1756
f 1226/1965/1205 1225/1964/1204 1776/1963/1756
f 1776/1963/1756 1774/1961/1754 1777/1966/1757
f 1778/1967/1758 1776/1963/1756 1777/1966/1757
f 1776/1963/1756 1778/1967/1758 1226/1965/1205
f 1778/1967/1758 1230/1968/1209 1226/1965/1205
f 1774/1961/1754 1772/1959/1752 1779/1969/1759
f 1777/1966/1757 1774/1961/1754 1779/1969/1759
f 1772/1959/1752 1769/1956/1749 1780/1970/1760
f 1779/1969/1759 1772/1959/1752 1780/1970/1760
f 1769/1956/1749 1767/1954/1747 1780/1970/1760
f 1767/1954/1747 1781/1971/1761 1780/1970/1760
f 1767/1954/1747 1765/1951/1745 1781/1971/1761
f 1765/1951/1745 1782/1972/1762 1781/1971/1761
f 1765/1951/1745 1764/1950/1744 1782/1972/1762
f 1764/1950/1744 1783/1973/1763 1782/1972/1762
f 1783/1973/1763 1764/1950/1744 1207/1953/1186
f 1204/1974/1183 1783/1973/1763 1207/1953/1186
f 1784/1975/1764 1783/1973/1763 1204/1974/1183
f 1205/1976/1184 1784/1975/1764 1204/1974/1183
f 1784/1975/1764 1205/1976/1184 790/1147/768
f 1098/1145/1077 1784/1975/1764 790/1147/768
f 1784/1975/1764 1098/1145/1077 1785/1977/1765
f 1783/1973/1763 1784/1975/1764 1785/1977/1765
f 1782/1972/1762 1783/1973/1763 1785/1977/1765
f 1098/1145/1077 1093/1140/1072 1785/1977/1765
f 1785/1977/1765 1093/1140/1072 1091/1138/1070
f 1786/1978/1766 1785/1977/1765 1091/1138/1070
f 1782/1972/1762 1785/1977/1765 1786/1978/1766
f 1781/1971/1761 1782/1972/1762 1786/1978/1766
f 1091/1138/1070 1090/1137/1069 1786/1978/1766
f 1090/1137/1069 1787/1979/1767 1786/1978/1766
f 1781/1971/1761 1786/1978/1766 1787/1979/1767
f 1780/1970/1760 1781/1971/1761 1787/1979/1767
f 1787/1979/1767 1090/1137/1069 1788/1980/1768
f 1090/1137/1069 1081/1128/1060 1788/1980/1768
f 1789/1981/1769 1788/1980/1768 1081/1128/1060
f 1080/1127/1059 1789/1981/1769 1081/1128/1060
f 1080/1127/1059 1083/1130/1062 1789/1981/1769
f 1083/1130/1062 1790/1982/1770 1789/1981/1769
f 1790/1982/1770 1083/1130/1062 1085/1132/1064
f 1250/1983/1229 1790/1982/1770 1085/1132/1064
f 1790/1982/1770 1250/1983/1229 1230/1968/1209
f 1778/1967/1758 1790/1982/1770 1230/1968/1209
f 1790/1982/1770 1778/1967/1758 1789/1981/1769
f 1778/1967/1758 1777/1966/1757 1789/1981/1769
f 1789/1981/1769 1777/1966/1757 1788/1980/1768
f 1777/1966/1757 1779/1969/1759 1788/1980/1768
f 1779/1969/1759 1780/1970/1760 1787/1979/1767
f 1788/1980/1768 1779/1969/1759 1787/1979/1767
f 1792/1984/1771 1791/1985/1772 1714/1986/1694
f 1713/1987/1693 1792/1984/1771 1714/1986/1694
f 1791/1985/1772 1792/1984/1771 1793/1988/1773
f 1794/1989/1774 1791/1985/1772 1793/1988/1773
f 1715/1990/1695 1714/1986/1694 1791/1985/1772
f 1795/1991/1775 1715/1990/1695 1791/1985/1772
f 1795/1991/1775 1791/1985/1772 1794/1989/1774
f 1796/1992/1776 1795/1991/1775 1794/1989/1774
f 1797/1993/1777 1794/1989/1774 1793/1988/1773
f 1794/1989/1774 1797/1993/1777 1796/1992/1776
f 1798/1994/1778 1797/1993/1777 1793/1988/1773
f 1797/1993/1777 1798/1994/1778 1799/1995/1779
f 1798/1994/1778 1800/1996/1780 1799/1995/1779
f 1797/1993/1777 1801/1997/1781 1796/1992/1776
f 1801/1997/1781 1797/1993/1777 1799/1995/1779
f 1715/1990/1695 1795/1991/1775 1719/1998/1699
f 1795/1991/1775 1802/1999/1782 1719/1998/1699
f 1796/1992/1776 1801/1997/1781 1802/1999/1782
f 1795/1991/1775 1796/1992/1776 1802/1999/1782
f 1719/1998/1699 1802/1999/1782 1721/2000/1701
f 1802/1999/1782 1803/2001/1783 1721/2000/1701
f 1802/1999/1782 1801/1997/1781 1803/2001/1783
f 1801/1997/1781 1804/2002/1784 1803/2001/1783
f 1804/2002/1784 1801/1997/1781 1799/1995/1779
f 1803/2001/1783 1724/1906/1704 1721/2000/1701
f 1724/1906/1704 1706/1905/1686 1721/2000/1701
f 1726/1908/1706 1724/1906/1704 1803/2001/1783
f 1804/2002/1784 1726/1908/1706 1803/2001/1783
f 1726/1908/1706 1804/2002/1784 1799/1995/1779
f 1727/1909/1707 1799/1995/1779 1800/1996/1780
f 1727/1909/1707 1726/1908/1706 1799/1995/1779
f 1738/1923/1718 1727/1909/1707 1800/1996/1780
f 1800/1996/1780 1798/1994/1778 1805/2003/1785
f 1798/1994/1778 1806/2004/1786 1805/2003/1785
f 1806/2004/1786 1798/1994/1778 1793/1988/1773
f 1807/2005/1787 1806/2004/1786 1793/1988/1773
f 1808/2006/1788 1807/2005/1787 1793/1988/1773
f 1792/2007/1771 1808/2006/1788 1793/1988/1773
f 1808/2006/1788 1792/2007/1771 1809/2008/1789
f 1792/2007/1771 1713/2009/1693 1809/2008/1789
f 1809/2008/1789 1810/2010/1790 1808/2006/1788
f 1810/2010/1790 1811/2011/1791 1808/2006/1788
f 1808/2006/1788 1811/2011/1791 1807/2005/1787
f 1811/2011/1791 1812/2012/1792 1807/2005/1787
f 1806/2004/1786 1807/2005/1787 1812/2012/1792
f 1813/2013/1793 1806/2004/1786 1812/2012/1792
f 1806/2004/1786 1813/2013/1793 1805/2003/1785
f 1811/2011/1791 1810/2010/1790 1814/2014/1794
f 1815/2015/1795 1811/2011/1791 1814/2014/1794
f 1812/2012/1792 1811/2011/1791 1815/2015/1795
f 1813/2013/1793 1812/2012/1792 1815/2015/1795
f 1815/2015/1795 1814/2014/1794 1816/2016/1796
f 1817/2017/1797 1815/2015/1795 1816/2016/1796
f 1813/2013/1793 1815/2015/1795 1817/2017/1797
f 1818/2018/1798 1813/2013/1793 1817/2017/1797
f 1813/2013/1793 1818/2018/1798 1805/2003/1785
f 1747/1932/1727 1817/2017/1797 1816/2016/1796
f 1749/1934/1729 1747/1932/1727 1816/2016/1796
f 1746/1931/1726 1818/2018/1798 1817/2017/1797
f 1747/1932/1727 1746/1931/1726 1817/2017/1797
f 1818/2018/1798 1746/1931/1726 1805/2003/1785
f 1746/1931/1726 1744/1929/1724 1805/2003/1785
f 1805/2003/1785 1744/1929/1724 1800/1996/1780
f 1744/1929/1724 1738/1923/1718 1800/1996/1780
f 1821/2019/1799 1820/2020/1800 1819/2021/1801
f 1822/2022/1802 1821/2019/1799 1819/2021/1801
f 1819/2021/1801 1820/2020/1800 1691/1871/1671
f 1820/2020/1800 1692/1872/1672 1691/1871/1671
f 1823/2023/1803 1821/2019/1799 1822/2022/1802
f 1824/2024/1804 1823/2023/1803 1822/2022/1802
f 1823/2023/1803 1824/2024/1804 1758/2025/1738
f 1752/2026/1732 1823/2023/1803 1758/2025/1738
f 1820/2020/1800 1821/2019/1799 1825/2027/1805
f 1825/2027/1805 1821/2019/1799 1823/2023/1803
f 1826/2028/1806 1820/2020/1800 1825/2027/1805
f 1692/1872/1672 1820/2020/1800 1826/2028/1806
f 1826/2028/1806 1825/2027/1805 1827/2029/1807
f 1825/2027/1805 1828/2030/1808 1827/2029/1807
f 1826/2028/1806 1827/2029/1807 1701/1881/1681
f 1701/1881/1681 1692/1872/1672 1826/2028/1806
f 1827/2029/1807 1702/1882/1682 1701/1881/1681
f 1825/2027/1805 1829/2031/1809 1828/2030/1808
f 1829/2031/1809 1825/2027/1805 1823/2023/1803
f 1823/2023/1803 1752/2026/1732 1829/2031/1809
f 1829/2031/1809 1830/2032/1810 1828/2030/1808
f 1829/2031/1809 1750/2033/1730 1830/2032/1810
f 1752/2026/1732 1750/2033/1730 1829/2031/1809
f 1750/2033/1730 1749/2034/1729 1830/2032/1810
f 1702/1882/1682 1827/2029/1807 1707/1887/1687
f 1827/2029/1807 1831/2035/1811 1707/1887/1687
f 1707/1887/1687 1831/2035/1811 1709/1889/1689
f 1831/2035/1811 1832/2036/1812 1709/1889/1689
f 1711/2037/1691 1709/1889/1689 1832/2036/1812
f 1833/2038/1813 1711/2037/1691 1832/2036/1812
f 1711/2037/1691 1833/2038/1813 1713/2039/1693
f 1833/2038/1813 1809/2040/1789 1713/2039/1693
f 1810/2041/1790 1809/2040/1789 1833/2038/1813
f 1834/2042/1814 1810/2041/1790 1833/2038/1813
f 1834/2042/1814 1833/2038/1813 1832/2036/1812
f 1835/2043/1815 1834/2042/1814 1832/2036/1812
f 1810/2041/1790 1834/2042/1814 1814/2044/1794
f 1834/2042/1814 1836/2045/1816 1814/2044/1794
f 1834/2042/1814 1835/2043/1815 1836/2045/1816
f 1816/2046/1796 1814/2044/1794 1836/2045/1816
f 1837/2047/1817 1816/2046/1796 1836/2045/1816
f 1837/2047/1817 1836/2045/1816 1835/2043/1815
f 1749/2034/1729 1816/2046/1796 1837/2047/1817
f 1832/2036/1812 1831/2035/1811 1838/2048/1818
f 1835/2043/1815 1832/2036/1812 1838/2048/1818
f 1838/2048/1818 1837/2047/1817 1835/2043/1815
f 1830/2032/1810 1837/2047/1817 1838/2048/1818
f 1830/2032/1810 1749/2034/1729 1837/2047/1817
f 1828/2030/1808 1830/2032/1810 1838/2048/1818
f 1828/2030/1808 1838/2048/1818 1827/2029/1807
f 1838/2048/1818 1831/2035/1811 1827/2029/1807
f 1210/1265/1189 1839/2049/1819 1213/1268/1192
f 1210/1265/1189 1209/1264/1188 1839/2049/1819
f 1209/1264/1188 1757/2050/1737 1839/2049/1819
f 1839/2049/1819 1824/2024/1804 1213/1268/1192
f 1824/2024/1804 1822/2022/1802 1213/1268/1192
f 1214/1269/1193 1213/1268/1192 1822/2022/1802
f 1819/2021/1801 1214/1269/1193 1822/2022/1802
f 1214/1269/1193 1819/2021/1801 1217/1272/1196
f 1819/2021/1801 1691/1871/1671 1217/1272/1196
f 1217/1272/1196 1691/1871/1671 1219/1274/1198
f 1691/1871/1671 1687/1869/1669 1219/1274/1198
f 1219/1274/1198 1687/1869/1669 1688/1868/1668
f 1221/1276/1200 1219/1274/1198 1688/1868/1668
f 1221/1276/1200 1688/1868/1668 1222/1277/1201
f 1688/1868/1668 1694/1874/1674 1222/1277/1201
f 1222/1277/1201 1694/1874/1674 1228/1283/1207
f 1694/1874/1674 1695/1875/1675 1228/1283/1207
f 1758/2025/1738 1824/2024/1804 1839/2049/1819
f 1757/2050/1737 1758/2025/1738 1839/2049/1819
f 857/2051/835 860/1850/838 1024/2052/1002
f 1216/1271/1195 1218/1273/1197 1233/1288/1212
f 1235/1290/1214 1216/1271/1195 1233/1288/1212
f 1216/1271/1195 1235/1290/1214 1238/1293/1217
f 1215/1270/1194 1216/1271/1195 1238/1293/1217
f 1215/1270/1194 1238/1293/1217 1211/1266/1190
f 1238/1293/1217 1212/1267/1191 1211/1266/1190
f 1756/1941/1736 1763/1949/1743 1766/1952/1746
f 1759/1944/1739 1756/1941/1736 1766/1952/1746
f 1761/1946/1741 1768/1955/1748 1770/1957/1750
f 1742/1927/1722 1761/1946/1741 1770/1957/1750
f 1734/1917/1714 1742/1927/1722 1771/1958/1751
f 1734/1917/1714 1771/1958/1751 1733/1916/1713
f 1771/1958/1751 1773/1960/1753 1733/1916/1713
f 1733/1916/1713 1773/1960/1753 1775/1962/1755
f 1736/1919/1716 1733/1916/1713 1775/1962/1755
f 1736/1919/1716 1775/1962/1755 1228/1921/1207
f 1775/1962/1755 1225/1964/1204 1228/1921/1207
f 1842/2053/1820 1841/2054/1821 1840/2055/1822
f 1843/2056/1823 1842/2053/1820 1840/2055/1822
f 1842/2053/1820 1844/2057/1824 1841/2054/1821
f 1844/2057/1824 1845/2058/1825 1841/2054/1821
f 1843/2056/1823 1840/2055/1822 1846/2059/1826
f 1846/2059/1826 1840/2055/1822 1847/2060/1827
f 1840/2055/1822 1848/2061/1828 1847/2060/1827
f 1840/2055/1822 1841/2054/1821 1848/2061/1828
f 1849/2062/1829 1843/2056/1823 1846/2059/1826
f 1850/2063/1830 1845/2058/1825 1844/2057/1824
f 1850/2063/1830 1851/2064/1831 1845/2058/1825
f 1851/2064/1831 1852/2065/1832 1845/2058/1825
f 1853/2066/1833 1850/2063/1830 1844/2057/1824
f 1842/2053/1820 1843/2056/1823 1854/2067/1834
f 1854/2067/1834 1843/2056/1823 1849/2062/1829
f 1855/2068/1835 1842/2053/1820 1854/2067/1834
f 1842/2053/1820 1855/2068/1835 1844/2057/1824
f 1856/2069/1836 1854/2067/1834 1849/2062/1829
f 1854/2067/1834 1856/2069/1836 1857/2070/1837
f 1854/2067/1834 1857/2070/1837 1858/2071/1838
f 1855/2068/1835 1854/2067/1834 1858/2071/1838
f 1857/2070/1837 1859/2072/1839 1858/2071/1838
f 1857/2070/1837 1860/2073/1840 1859/2072/1839
f 1860/2073/1840 1861/2074/1841 1859/2072/1839
f 1858/2071/1838 1859/2072/1839 1861/2075/1841
f 1862/2076/1842 1858/2071/1838 1861/2075/1841
f 1858/2071/1838 1862/2076/1842 1863/2077/1843
f 1858/2071/1838 1863/2077/1843 1864/2078/1844
f 1864/2078/1844 1863/2077/1843 1865/2079/1845
f 1866/2080/1846 1864/2078/1844 1865/2079/1845
f 1867/2081/1847 1858/2071/1838 1864/2078/1844
f 1855/2068/1835 1858/2071/1838 1867/2081/1847
f 1862/2076/1842 1865/2082/1845 1863/2077/1843
f 1867/2081/1847 1864/2078/1844 1866/2083/1846
f 1868/2084/1848 1867/2081/1847 1866/2083/1846
f 1856/2069/1836 1860/2085/1840 1857/2070/1837
f 1844/2057/1824 1867/2081/1847 1868/2084/1848
f 1855/2068/1835 1867/2081/1847 1844/2057/1824
f 1853/2066/1833 1844/2057/1824 1868/2084/1848
f 1870/2086/1849 1869/2087/1850 1841/2054/1821
f 1871/2088/1851 1870/2086/1849 1841/2054/1821
f 1871/2088/1851 1841/2054/1821 1872/2089/1852
f 1841/2054/1821 1873/2090/1853 1872/2089/1852
f 1841/2054/1821 1869/2087/1850 1848/2061/1828
f 1847/2091/1827 1848/2061/1828 1869/2087/1850
f 1870/2092/1849 1847/2091/1827 1869/2087/1850
f 1841/2054/1821 1845/2058/1825 1873/2090/1853
f 1845/2058/1825 1852/2065/1832 1873/2090/1853
f 1872/2093/1852 1873/2090/1853 1852/2065/1832
f 1851/2094/1831 1872/2093/1852 1852/2065/1832
f 1876/2053/1854 1875/2056/1855 1874/2055/1856
f 1877/2054/1857 1876/2053/1854 1874/2055/1856
f 1878/2057/1858 1876/2053/1854 1877/2054/1857
f 1879/2058/1859 1878/2057/1858 1877/2054/1857
f 1874/2055/1856 1875/2056/1855 1880/2059/1860
f 1874/2055/1856 1880/2059/1860 1881/2060/1861
f 1882/2061/1862 1874/2055/1856 1881/2060/1861
f 1877/2054/1857 1874/2055/1856 1882/2061/1862
f 1875/2056/1855 1883/2062/1863 1880/2059/1860
f 1879/2058/1859 1884/2063/1864 1878/2057/1858
f 1885/2064/1865 1884/2063/1864 1879/2058/1859
f 1884/2063/1864 1886/2066/1866 1878/2057/1858
f 1875/2056/1855 1876/2053/1854 1887/2067/1867
f 1875/2056/1855 1887/2067/1867 1883/2062/1863
f 1876/2053/1854 1888/2068/1868 1887/2067/1867
f 1888/2068/1868 1876/2053/1854 1878/2057/1858
f 1887/2067/1867 1889/2069/1869 1883/2062/1863
f 1889/2069/1869 1887/2067/1867 1890/2070/1870
f 1890/2070/1870 1887/2067/1867 1891/2071/1871
f 1887/2067/1867 1888/2068/1868 1891/2071/1871
f 1892/2072/1872 1890/2070/1870 1891/2071/1871
f 1893/2073/1873 1890/2070/1870 1892/2072/1872
f 1894/2074/1874 1893/2073/1873 1892/2072/1872
f 1892/2072/1872 1891/2071/1871 1894/2075/1874
f 1891/2071/1871 1895/2076/1875 1894/2075/1874
f 1895/2076/1875 1891/2071/1871 1896/2077/1876
f 1896/2077/1876 1891/2071/1871 1897/2078/1877
f 1896/2077/1876 1897/2078/1877 1898/2079/1878
f 1897/2078/1877 1899/2080/1879 1898/2079/1878
f 1891/2071/1871 1900/2081/1880 1897/2078/1877
f 1891/2071/1871 1888/2068/1868 1900/2081/1880
f 1898/2082/1878 1895/2076/1875 1896/2077/1876
f 1897/2078/1877 1900/2081/1880 1899/2083/1879
f 1900/2081/1880 1901/2084/1881 1899/2083/1879
f 1893/2085/1873 1889/2069/1869 1890/2070/1870
f 1900/2081/1880 1878/2057/1858 1901/2084/1881
f 1900/2081/1880 1888/2068/1868 1878/2057/1858
f 1878/2057/1858 1886/2066/1866 1901/2084/1881
f 1903/2086/1882 1902/2088/1883 1877/2054/1857
f 1904/2087/1884 1903/2086/1882 1877/2054/1857
f 1877/2054/1857 1902/2088/1883 1905/2089/1885
f 1906/2090/1886 1877/2054/1857 1905/2089/1885
f 1904/2087/1884 1877/2054/1857 1882/2061/1862
f 1882/2061/1862 1881/2091/1861 1904/2087/1884
f 1881/2091/1861 1903/2092/1882 1904/2087/1884
f 1879/2058/1859 1877/2054/1857 1906/2090/1886
f 1885/2095/1865 1879/2058/1859 1906/2090/1886
f 1905/2093/1885 1885/2095/1865 1906/2090/1886
f 1909/2096/1887 1908/2097/1888 1907/2098/1889
f 1910/2099/1890 1909/2096/1887 1907/2098/1889
f 1911/2100/1891 1909/2096/1887 1910/2099/1890
f 1912/2101/1892 1911/2100/1891 1910/2099/1890
f 1913/2102/1893 1911/2100/1891 1912/2101/1892
f 1914/2103/1894 1913/2102/1893 1912/2101/1892
f 1915/2104/1895 1913/2102/1893 1914/2103/1894
f 1916/2105/1896 1915/2104/1895 1914/2103/1894
f 1917/2106/1897 1915/2104/1895 1916/2105/1896
f 1918/2107/1898 1917/2106/1897 1916/2105/1896
f 1919/2108/1899 1917/2106/1897 1918/2107/1898
f 1920/2109/1900 1919/2108/1899 1918/2107/1898
f 1921/2110/1901 1919/2108/1899 1920/2109/1900
f 1922/2111/1902 1921/2110/1901 1920/2109/1900
f 1923/2112/1903 1921/2110/1901 1922/2111/1902
f 1924/2113/1904 1923/2112/1903 1922/2111/1902
f 1925/2114/1905 1923/2112/1903 1924/2113/1904
f 1926/2115/1906 1925/2114/1905 1924/2113/1904
f 1927/2116/1907 1925/2114/1905 1926/2115/1906
f 1928/2117/1908 1927/2116/1907 1926/2115/1906
f 1929/2118/1909 1927/2116/1907 1928/2117/1908
f 1930/2119/1910 1929/2118/1909 1928/2117/1908
f 1931/2120/1911 1929/2118/1909 1930/2119/1910
f 1932/2121/1912 1931/2120/1911 1930/2119/1910
f 1933/2122/1913 1931/2120/1911 1932/2121/1912
f 1934/2123/1914 1933/2122/1913 1932/2121/1912
f 1935/2124/1915 1933/2122/1913 1934/2123/1914
f 1936/2125/1916 1935/2124/1915 1934/2123/1914
f 1937/2126/1917 1935/2124/1915 1936/2125/1916
f 1938/2127/1918 1937/2126/1917 1936/2125/1916
f 1939/2128/1919 1937/2126/1917 1938/2127/1918
f 1940/2129/1920 1939/2128/1919 1938/2127/1918
f 1941/2130/1921 1939/2128/1919 1940/2129/1920
f 1942/2131/1922 1941/2130/1921 1940/2129/1920
f 1943/2132/1923 1941/2130/1921 1942/2131/1922
f 1944/2133/1924 1943/2132/1923 1942/2131/1922
f 1945/2134/1925 1943/2132/1923 1944/2133/1924
f 1946/2135/1926 1945/2134/1925 1944/2133/1924
f 1908/2097/1888 1945/2134/1925 1946/2135/1926
f 1907/2098/1889 1908/2097/1888 1946/2135/1926
f 1947/2136/1927 1936/2125/1916 1934/2123/1914
f 1947/2136/1927 1938/2127/1918 1936/2125/1916
f 1947/2136/1927 1940/2129/1920 1938/2127/1918
f 1947/2136/1927 1942/2131/1922 1940/2129/1920
f 1947/2136/1927 1944/2133/1924 1942/2131/1922
f 1947/2136/1927 1946/2135/1926 1944/2133/1924
f 1947/2136/1927 1907/2098/1889 1946/2135/1926
f 1947/2136/1927 1910/2099/1890 1907/2098/1889
f 1947/2136/1927 1912/2101/1892 1910/2099/1890
f 1947/2136/1927 1914/2103/1894 1912/2101/1892
f 1947/2136/1927 1916/2105/1896 1914/2103/1894
f 1947/2136/1927 1918/2107/1898 1916/2105/1896
f 1947/2136/1927 1920/2109/1900 1918/2107/1898
f 1947/2136/1927 1922/2111/1902 1920/2109/1900
f 1947/2136/1927 1924/2113/1904 1922/2111/1902
f 1947/2136/1927 1926/2115/1906 1924/2113/1904
f 1947/2136/1927 1928/2117/1908 1926/2115/1906
f 1947/2136/1927 1930/2119/1910 1928/2117/1908
f 1947/2136/1927 1932/2121/1912 1930/2119/1910
f 1947/2136/1927 1934/2123/1914 1932/2121/1912
f 1948/2137/1928 1908/2138/1888 1909/2139/1887
f 1948/2137/1928 1909/2139/1887 1911/2140/1891
f 1948/2137/1928 1911/2140/1891 1913/2141/1893
f 1948/2137/1928 1913/2141/1893 1915/2142/1895
f 1948/2137/1928 1915/2142/1895 1917/2143/1897
f 1948/2137/1928 1917/2143/1897 1919/2144/1899
f 1948/2137/1928 1919/2144/1899 1921/2145/1901
f 1948/2137/1928 1921/2145/1901 1923/2146/1903
f 1948/2137/1928 1923/2146/1903 1925/2147/1905
f 1948/2137/1928 1925/2147/1905 1927/2148/1907
f 1948/2137/1928 1927/2148/1907 1929/2149/1909
f 1948/2137/1928 1929/2149/1909 1931/2150/1911
f 1948/2137/1928 1931/2150/1911 1933/2151/1913
f 1948/2137/1928 1933/2151/1913 1935/2152/1915
f 1948/2137/1928 1935/2152/1915 1937/2153/1917
f 1948/2137/1928 1937/2153/1917 1939/2154/1919
f 1948/2137/1928 1939/2154/1919 1941/2155/1921
f 1948/2137/1928 1941/2155/1921 1943/2156/1923
f 1948/2137/1928 1943/2156/1923 1945/2157/1925
f 1948/2137/1928 1945/2157/1925 1908/2138/1888
f 1951/2158/1929 1950/2159/1930 1949/2160/1931
f 1952/2161/1932 1951/2158/1929 1949/2160/1931
f 1951/2158/1929 1953/2162/1933 1950/2159/1930
f 1953/2162/1933 1954/2163/1934 1950/2159/1930
f 1953/2162/1933 1955/2164/1935 1954/2163/1934
f 1955/2164/1935 1956/2165/1936 1954/2163/1934
f 1955/2164/1935 1957/2166/1937 1956/2165/1936
f 1957/2166/1937 1958/2167/1938 1956/2165/1936
f 1957/2166/1937 1959/2168/1939 1958/2167/1938
f 1959/2168/1939 1960/2169/1940 1958/2167/1938
f 1959/2168/1939 1961/2170/1941 1960/2169/1940
f 1961/2170/1941 1962/2171/1942 1960/2169/1940
f 1961/2170/1941 1963/2172/1943 1962/2171/1942
f 1963/2172/1943 1964/2173/1944 1962/2171/1942
f 1963/2172/1943 1965/2174/1945 1964/2173/1944
f 1965/2174/1945 1966/2175/1946 1964/2173/1944
f 1965/2174/1945 1967/2176/1947 1966/2175/1946
f 1967/2176/1947 1968/2177/1948 1966/2175/1946
f 1967/2176/1947 1969/2178/1949 1968/2177/1948
f 1969/2178/1949 1970/2179/1950 1968/2177/1948
f 1969/2178/1949 1971/2180/1951 1970/2179/1950
f 1971/2180/1951 1972/2181/1952 1970/2179/1950
f 1971/2180/1951 1973/2182/1953 1972/2181/1952
f 1973/2182/1953 1974/2183/1954 1972/2181/1952
f 1973/2182/1953 1975/2184/1955 1974/2183/1954
f 1975/2184/1955 1976/2185/1956 1974/2183/1954
f 1975/2184/1955 1977/2186/1957 1976/2185/1956
f 1977/2186/1957 1978/2187/1958 1976/2185/1956
f 1977/2186/1957 1979/2188/1959 1978/2187/1958
f 1979/2188/1959 1980/2189/1960 1978/2187/1958
f 1979/2188/1959 1981/2190/1961 1980/2189/1960
f 1981/2190/1961 1982/2191/1962 1980/2189/1960
f 1981/2190/1961 1983/2192/1963 1982/2191/1962
f 1983/2192/1963 1984/2193/1964 1982/2191/1962
f 1983/2192/1963 1985/2194/1965 1984/2193/1964
f 1985/2194/1965 1986/2195/1966 1984/2193/1964
f 1985/2194/1965 1987/2196/1967 1986/2195/1966
f 1987/2196/1967 1988/2197/1968 1986/2195/1966
f 1987/2196/1967 1952/2161/1932 1988/2197/1968
f 1952/2161/1932 1949/2160/1931 1988/2197/1968
f 1978/2187/1958 1989/2198/1969 1976/2185/1956
f 1980/2189/1960 1989/2198/1969 1978/2187/1958
f 1982/2191/1962 1989/2198/1969 1980/2189/1960
f 1984/2193/1964 1989/2198/1969 1982/2191/1962
f 1986/2195/1966 1989/2198/1969 1984/2193/1964
f 1988/2197/1968 1989/2198/1969 1986/2195/1966
f 1949/2160/1931 1989/2198/1969 1988/2197/1968
f 1950/2159/1930 1989/2198/1969 1949/2160/1931
f 1954/2163/1934 1989/2198/1969 1950/2159/1930
f 1956/2165/1936 1989/2198/1969 1954/2163/1934
f 1958/2167/1938 1989/2198/1969 1956/2165/1936
f 1960/2169/1940 1989/2198/1969 1958/2167/1938
f 1962/2171/1942 1989/2198/1969 1960/2169/1940
f 1964/2173/1944 1989/2198/1969 1962/2171/1942
f 1966/2175/1946 1989/2198/1969 1964/2173/1944
f 1968/2177/1948 1989/2198/1969 1966/2175/1946
f 1970/2179/1950 1989/2198/1969 1968/2177/1948
f 1972/2181/1952 1989/2198/1969 1970/2179/1950
f 1974/2183/1954 1989/2198/1969 1972/2181/1952
f 1976/2185/1956 1989/2198/1969 1974/2183/1954
f 1952/2199/1932 1990/2200/1970 1951/2201/1929
f 1951/2201/1929 1990/2200/1970 1953/2202/1933
f 1953/2202/1933 1990/2200/1970 1955/2203/1935
f 1955/2203/1935 1990/2200/1970 1957/2204/1937
f 1957/2204/1937 1990/2200/1970 1959/2205/1939
f 1959/2205/1939 1990/2200/1970 1961/2206/1941
f 1961/2206/1941 1990/2200/1970 1963/2207/1943
f 1963/2207/1943 1990/2200/1970 1965/2208/1945
f 1965/2208/1945 1990/2200/1970 1967/2209/1947
f 1967/2209/1947 1990/2200/1970 1969/2210/1949
f 1969/2210/1949 1990/2200/1970 1971/2211/1951
f 1971/2211/1951 1990/2200/1970 1973/2212/1953
f 1973/2212/1953 1990/2200/1970 1975/2213/1955
f 1975/2213/1955 1990/2200/1970 1977/2214/1957
f 1977/2214/1957 1990/2200/1970 1979/2215/1959
f 1979/2215/1959 1990/2200/1970 1981/2216/1961
f 1981/2216/1961 1990/2200/1970 1983/2217/1963
f 1983/2217/1963 1990/2200/1970 1985/2218/1965
f 1985/2218/1965 1990/2200/1970 1987/2219/1967
f 1987/2219/1967 1990/2200/1970 1952/2199/1932
f 1993/2220/1971 1992/2221/1972 1991/2222/1973
f 1994/2223/1974 1993/2220/1971 1991/2222/1973
f 1995/2224/1975 1991/2222/1973 1992/2221/1972
f 1995/2224/1975 1996/2225/1976 1991/2222/1973
f 1996/2225/1976 1997/2226/1977 1991/2222/1973
f 1991/2222/1973 1997/2226/1977 1998/2227/1978
f 1994/2228/1974 1991/2222/1973 1998/2227/1978
f 1999/2229/1979 1995/2224/1975 1992/2221/1972
f 1992/2221/1972 1993/2220/1971 2000/2230/1980
f 1999/2229/1979 1992/2221/1972 2000/2230/1980
f 1993/2220/1971 2001/2231/1981 2000/2230/1980
f 1996/2225/1976 1995/2224/1975 2002/2232/1982
f 1995/2224/1975 2003/2233/1983 2002/2232/1982
f 1995/2224/1975 1999/2229/1979 2003/2233/1983
f 2004/2234/1984 1999/2229/1979 2000/2230/1980
f 2005/2235/1985 2000/2230/1980 2001/2231/1981
f 2006/2236/1986 2005/2235/1985 2001/2231/1981
f 2006/2236/1986 2007/2237/1987 2005/2235/1985
f 2007/2237/1987 2008/2238/1988 2005/2235/1985
f 2009/2239/1989 2008/2238/1988 2007/2237/1987
f 2010/2240/1990 2008/2238/1988 2009/2239/1989
f 2011/2241/1991 2010/2240/1990 2009/2239/1989
f 2012/2242/1992 2011/2241/1991 2009/2239/1989
f 2013/2243/1993 2012/2242/1992 2009/2239/1989
f 2013/2243/1993 2009/2239/1989 2014/2244/1994
f 2014/2244/1994 2009/2239/1989 2007/2237/1987
f 2015/2245/1995 2013/2243/1993 2014/2244/1994
f 2015/2245/1995 2014/2244/1994 2016/2246/1996
f 2017/2247/1997 2015/2245/1995 2016/2246/1996
f 2008/2238/1988 2010/2240/1990 2018/2248/1998
f 2005/2235/1985 2008/2238/1988 2018/2248/1998
f 2018/2248/1998 2010/2240/1990 2019/2249/1999
f 2010/2240/1990 2020/2250/2000 2019/2249/1999
f 2010/2240/1990 2011/2241/1991 2020/2250/2000
f 2021/2251/2001 2016/2246/1996 2014/2244/1994
f 2007/2237/1987 2021/2251/2001 2014/2244/1994
f 2022/2252/2002 2021/2251/2001 2007/2237/1987
f 2006/2236/1986 2022/2252/2002 2007/2237/1987
f 2022/2252/2002 2006/2236/1986 2001/2231/1981
f 2023/2253/2003 2022/2252/2002 2001/2231/1981
f 2019/2249/1999 2024/2254/2004 2018/2248/1998
f 2024/2254/2004 2004/2234/1984 2018/2248/1998
f 2004/2234/1984 2000/2230/1980 2018/2248/1998
f 2000/2230/1980 2005/2235/1985 2018/2248/1998
f 1999/2229/1979 2004/2234/1984 2024/2254/2004
f 2025/2255/2005 1999/2229/1979 2024/2254/2004
f 1999/2229/1979 2025/2255/2005 2003/2233/1983
f 2023/2253/2003 2001/2231/1981 1993/2220/1971
f 2026/2256/2006 2023/2253/2003 1993/2220/1971
f 2026/2256/2006 1993/2220/1971 1994/2223/1974
f 2027/2257/2007 2026/2256/2006 1994/2223/1974
f 2030/2258/2008 2029/2259/2009 2028/2260/2010
f 2031/2261/2011 2030/2258/2008 2028/2260/2010
f 2030/2258/2008 2031/2261/2011 2032/2262/2012
f 2033/2263/2013 2030/2258/2008 2032/2262/2012
f 2030/2258/2008 2033/2263/2013 2034/2264/2014
f 2029/2259/2009 2030/2258/2008 2034/2264/2014
f 2033/2263/2013 2035/2265/2015 2034/2264/2014
f 2036/2266/2016 2033/2263/2013 2032/2262/2012
f 2032/2262/2012 2037/2267/2017 2036/2266/2016
f 2037/2267/2017 2038/2268/2018 2036/2266/2016
f 2038/2268/2018 2039/2269/2019 2036/2266/2016
f 2038/2268/2018 2040/2270/2020 2039/2269/2019
f 2040/2270/2020 2041/2271/2021 2039/2269/2019
f 2042/2272/2022 2041/2271/2021 2040/2270/2020
f 2043/2273/2023 2042/2272/2022 2040/2270/2020
f 2036/2266/2016 2044/2274/2024 2033/2263/2013
f 2033/2263/2013 2044/2274/2024 2045/2275/2025
f 2035/2265/2015 2033/2263/2013 2045/2275/2025
f 2042/2272/2022 2043/2273/2023 2046/2276/2026
f 2047/2277/2027 2042/2272/2022 2046/2276/2026
f 2048/2278/2028 2047/2277/2027 2046/2276/2026
f 2046/2276/2026 2049/2279/2029 2048/2278/2028
f 2049/2279/2029 2050/2280/2030 2048/2278/2028
f 2051/2281/2031 2048/2278/2028 2050/2280/2030
f 2052/2282/2032 2051/2281/2031 2050/2280/2030
f 2053/2283/2033 2051/2281/2031 2052/2282/2032
f 2053/2283/2033 2054/2284/2034 2051/2281/2031
f 2054/2284/2034 2055/2285/2035 2051/2281/2031
f 2048/2278/2028 2051/2281/2031 2055/2285/2035
f 2056/2286/2036 2053/2283/2033 2052/2282/2032
f 2046/2276/2026 2057/2287/2037 2049/2279/2029
f 2046/2276/2026 2043/2273/2023 2057/2287/2037
f 2057/2287/2037 2058/2288/2038 2049/2279/2029
f 2049/2279/2029 2058/2288/2038 2050/2280/2030
f 2054/2284/2034 2059/2289/2039 2055/2285/2035
f 2059/2289/2039 2060/2290/2040 2055/2285/2035
f 2061/2291/2041 2048/2278/2028 2055/2285/2035
f 2055/2285/2035 2060/2290/2040 2061/2291/2041
f 2048/2278/2028 2062/2292/2042 2047/2277/2027
f 2060/2290/2040 2063/2293/2043 2061/2291/2041
f 2063/2293/2043 2060/2290/2040 1997/2226/1977
f 2060/2290/2040 1998/2227/1978 1997/2226/1977
f 2060/2290/2040 2059/2289/2039 1998/2227/1978
f 2063/2293/2043 2064/2294/2044 2061/2291/2041
f 2064/2294/2044 2065/2295/2045 2061/2291/2041
f 2065/2295/2045 2062/2292/2042 2048/2278/2028
f 2061/2291/2041 2065/2295/2045 2048/2278/2028
f 2063/2293/2043 1996/2225/1976 2064/2294/2044
f 1997/2226/1977 1996/2225/1976 2063/2293/2043
f 1996/2225/1976 2002/2232/1982 2064/2294/2044
f 2059/2289/2039 2066/2296/2046 1998/2227/1978
f 1994/2228/1974 1998/2227/1978 2066/2296/2046
f 2027/2297/2007 1994/2228/1974 2066/2296/2046
f 2058/2288/2038 2067/2298/2047 2050/2280/2030
f 2050/2280/2030 2067/2298/2047 2052/2282/2032
f 2067/2298/2047 2068/2299/2048 2052/2282/2032
f 2052/2282/2032 2068/2299/2048 2056/2286/2036
f 2068/2299/2048 2069/2300/2049 2056/2286/2036
f 2067/2298/2047 2058/2288/2038 2070/2301/2050
f 2058/2288/2038 2071/2302/2051 2070/2301/2050
f 2070/2301/2050 2071/2302/2051 2072/2303/2052
f 2072/2303/2052 2073/2304/2053 2070/2301/2050
f 2073/2304/2053 2074/2305/2054 2070/2301/2050
f 2067/2298/2047 2070/2301/2050 2074/2305/2054
f 2068/2299/2048 2067/2298/2047 2074/2305/2054
f 2073/2304/2053 2075/2306/2055 2074/2305/2054
f 2076/2307/2056 2075/2306/2055 2073/2304/2053
f 2077/2308/2057 2076/2307/2056 2073/2304/2053
f 2073/2304/2053 2072/2303/2052 2077/2308/2057
f 2075/2306/2055 2078/2309/2058 2074/2305/2054
f 2078/2309/2058 2069/2300/2049 2068/2299/2048
f 2074/2305/2054 2078/2309/2058 2068/2299/2048
f 2058/2288/2038 2057/2287/2037 2071/2302/2051
f 2057/2287/2037 2079/2310/2059 2071/2302/2051
f 2080/2311/2060 2076/2307/2056 2077/2308/2057
f 2081/2312/2061 2080/2311/2060 2077/2308/2057
f 2072/2303/2052 2082/2313/2062 2077/2308/2057
f 2081/2312/2061 2077/2308/2057 2082/2313/2062
f 2072/2303/2052 2071/2302/2051 2083/2314/2063
f 2071/2302/2051 2079/2310/2059 2083/2314/2063
f 2084/2315/2064 2083/2314/2063 2079/2310/2059
f 2085/2316/2065 2084/2315/2064 2079/2310/2059
f 2085/2316/2065 2079/2310/2059 2057/2287/2037
f 2085/2316/2065 2086/2317/2066 2084/2315/2064
f 2086/2317/2066 2087/2318/2067 2084/2315/2064
f 2087/2318/2067 2086/2317/2066 2088/2319/2068
f 2086/2317/2066 2089/2320/2069 2088/2319/2068
f 2088/2319/2068 2089/2320/2069 2090/2321/2070
f 2089/2320/2069 2091/2322/2071 2090/2321/2070
f 2090/2321/2070 2091/2322/2071 2092/2323/2072
f 2090/2321/2070 2092/2323/2072 2093/2324/2073
f 2093/2324/2073 2092/2323/2072 2094/2325/2074
f 2094/2325/2074 2095/2326/2075 2093/2324/2073
f 2095/2326/2075 2096/2327/2076 2093/2324/2073
f 2092/2323/2072 2097/2328/2077 2094/2325/2074
f 2097/2328/2077 2098/2329/2078 2094/2325/2074
f 2098/2329/2078 2099/2330/2079 2094/2325/2074
f 2094/2325/2074 2099/2330/2079 2095/2326/2075
f 2093/2324/2073 2100/2331/2080 2090/2321/2070
f 2101/2332/2081 2100/2331/2080 2093/2324/2073
f 2096/2327/2076 2101/2332/2081 2093/2324/2073
f 2096/2327/2076 2095/2326/2075 2102/2333/2082
f 2102/2333/2082 2095/2326/2075 2103/2334/2083
f 2104/2335/2084 2102/2333/2082 2103/2334/2083
f 2105/2336/2085 2104/2335/2084 2103/2334/2083
f 2103/2334/2083 2106/2337/2086 2105/2336/2085
f 2106/2337/2086 2107/2338/2087 2105/2336/2085
f 2105/2336/2085 2107/2338/2087 2108/2339/2088
f 2104/2335/2084 2105/2336/2085 2108/2339/2088
f 2107/2338/2087 2109/2340/2089 2108/2339/2088
f 2110/2341/2090 2104/2335/2084 2108/2339/2088
f 2110/2341/2090 2111/2342/2091 2104/2335/2084
f 2110/2341/2090 2112/2343/2092 2111/2342/2091
f 2112/2343/2092 2113/2344/2093 2111/2342/2091
f 2114/2345/2094 2112/2343/2092 2110/2341/2090
f 2108/2346/2088 2114/2345/2094 2110/2341/2090
f 2115/2347/2095 2114/2345/2094 2108/2346/2088
f 2109/2348/2089 2115/2347/2095 2108/2346/2088
f 2113/2344/2093 2112/2343/2092 2116/2349/2096
f 2112/2343/2092 2117/2350/2097 2116/2349/2096
f 2118/2351/2098 2117/2350/2097 2112/2343/2092
f 2114/2345/2094 2118/2351/2098 2112/2343/2092
f 2116/2349/2096 2117/2350/2097 2119/2352/2099
f 2116/2349/2096 2119/2352/2099 2120/2353/2100
f 2121/2354/2101 2116/2349/2096 2120/2353/2100
f 2113/2344/2093 2116/2349/2096 2121/2354/2101
f 2117/2350/2097 2122/2355/2102 2119/2352/2099
f 2117/2350/2097 2118/2351/2098 2122/2355/2102
f 2118/2351/2098 2123/2356/2103 2122/2355/2102
f 2123/2356/2103 2124/2357/2104 2122/2355/2102
f 2124/2357/2104 2125/2358/2105 2122/2355/2102
f 2119/2352/2099 2122/2355/2102 2125/2358/2105
f 2125/2358/2105 2124/2357/2104 2126/2359/2106
f 2127/2360/2107 2125/2358/2105 2126/2359/2106
f 2127/2360/2107 2126/2359/2106 2128/2361/2108
f 2126/2359/2106 2129/2362/2109 2128/2361/2108
f 2128/2361/2108 2130/2363/2110 2127/2360/2107
f 2130/2363/2110 2128/2361/2108 2131/2364/2111
f 2128/2361/2108 2132/2365/2112 2131/2364/2111
f 2133/2366/2113 2132/2365/2112 2128/2361/2108
f 2129/2367/2109 2133/2366/2113 2128/2361/2108
f 2130/2363/2110 2134/2368/2114 2127/2360/2107
f 2127/2360/2107 2134/2368/2114 2125/2358/2105
f 2130/2363/2110 2131/2364/2111 2135/2369/2115
f 2136/2370/2116 2130/2363/2110 2135/2369/2115
f 2134/2368/2114 2130/2363/2110 2136/2370/2116
f 2134/2368/2114 2137/2371/2117 2125/2358/2105
f 2123/2356/2103 2138/2372/2118 2124/2357/2104
f 2138/2372/2118 2123/2356/2103 2118/2351/2098
f 2139/2373/2119 2138/2372/2118 2118/2351/2098
f 2118/2351/2098 2114/2345/2094 2139/2373/2119
f 2114/2345/2094 2115/2347/2095 2139/2373/2119
f 2137/2371/2117 2134/2368/2114 2140/2374/2120
f 2137/2371/2117 2140/2374/2120 2119/2352/2099
f 2137/2371/2117 2119/2352/2099 2125/2358/2105
f 2140/2374/2120 2120/2353/2100 2119/2352/2099
f 2134/2368/2114 2141/2375/2121 2140/2374/2120
f 2141/2375/2121 2134/2368/2114 2136/2370/2116
f 2138/2372/2118 2142/2376/2122 2124/2357/2104
f 2124/2357/2104 2142/2376/2122 2126/2359/2106
f 2142/2376/2122 2143/2377/2123 2126/2359/2106
f 2126/2359/2106 2143/2377/2123 2129/2362/2109
f 2143/2377/2123 2144/2378/2124 2129/2362/2109
f 2147/2379/2125 2146/2380/2126 2145/2381/2127
f 2148/2382/2128 2147/2379/2125 2145/2381/2127
f 2148/2382/2128 2145/2381/2127 2149/2383/2129
f 2150/2384/2130 2148/2382/2128 2149/2383/2129
f 2149/2383/2129 2151/2385/2131 2150/2384/2130
f 2151/2385/2131 2152/2386/2132 2150/2384/2130
f 2152/2386/2132 2151/2385/2131 2153/2387/2133
f 2154/2388/2134 2152/2386/2132 2153/2387/2133
f 2147/2379/2125 2155/2389/2135 2146/2380/2126
f 2155/2389/2135 2156/2390/2136 2146/2380/2126
f 2157/2391/2137 2156/2390/2136 2155/2389/2135
f 2158/2392/2138 2157/2391/2137 2155/2389/2135
f 2157/2391/2137 2158/2392/2138 2159/2393/2139
f 2160/2394/2140 2157/2391/2137 2159/2393/2139
f 2160/2394/2140 2159/2393/2139 2161/2395/2141
f 2162/2396/2142 2160/2394/2140 2161/2395/2141
f 2161/2395/2141 2163/2397/2143 2162/2396/2142
f 2163/2397/2143 2164/2398/2144 2162/2396/2142
f 2163/2397/2143 2165/2399/2145 2164/2398/2144
f 2165/2399/2145 2166/2400/2146 2164/2398/2144
f 2165/2399/2145 2167/2401/2147 2166/2400/2146
f 2167/2401/2147 2168/2402/2148 2166/2400/2146
f 2168/2402/2148 2167/2401/2147 2169/2403/2149
f 2167/2401/2147 2170/2404/2150 2169/2403/2149
f 2169/2403/2149 2170/2404/2150 2171/2405/2151
f 2170/2404/2150 2172/2406/2152 2171/2405/2151
f 2171/2405/2151 2172/2406/2152 2173/2407/2153
f 2174/2408/2154 2171/2405/2151 2173/2407/2153
f 2173/2407/2153 2175/2409/2155 2174/2408/2154
f 2175/2409/2155 2176/2410/2156 2174/2408/2154
f 2175/2409/2155 2177/2411/2157 2176/2410/2156
f 2177/2411/2157 2175/2409/2155 2178/2412/2158
f 2175/2409/2155 2179/2413/2159 2178/2412/2158
f 2179/2413/2159 2180/2414/2160 2178/2412/2158
f 2180/2414/2160 2181/2415/2161 2178/2412/2158
f 2181/2415/2161 2180/2414/2160 2182/2416/2162
f 2183/2417/2163 2181/2415/2161 2182/2416/2162
f 2184/2418/2164 2183/2417/2163 2182/2416/2162
f 2185/2419/2165 2184/2418/2164 2182/2416/2162
f 2186/2420/2166 2184/2418/2164 2185/2419/2165
f 2153/2387/2133 2186/2420/2166 2185/2419/2165
f 2187/2421/2167 2177/2411/2157 2178/2412/2158
f 2154/2388/2134 2153/2387/2133 2185/2419/2165
f 2183/2417/2163 2188/2422/2168 2181/2415/2161
f 2188/2422/2168 2183/2417/2163 2184/2418/2164
f 2188/2422/2168 2189/2423/2169 2181/2415/2161
f 2181/2415/2161 2189/2423/2169 2178/2412/2158
f 2190/2424/2170 2188/2422/2168 2184/2418/2164
f 2190/2424/2170 2184/2418/2164 2186/2420/2166
f 2191/2425/2171 2190/2424/2170 2186/2420/2166
f 2189/2423/2169 2192/2426/2172 2178/2412/2158
f 2191/2425/2171 2193/2427/2173 2190/2424/2170
f 2194/2428/2174 2193/2427/2173 2191/2425/2171
f 2195/2429/2175 2194/2428/2174 2191/2425/2171
f 2194/2428/2174 2195/2429/2175 2196/2430/2176
f 2195/2429/2175 2197/2431/2177 2196/2430/2176
f 2198/2432/2178 2196/2430/2176 2197/2431/2177
f 2199/2433/2179 2198/2432/2178 2197/2431/2177
f 2200/2434/2180 2198/2432/2178 2199/2433/2179
f 2201/2435/2181 2200/2434/2180 2199/2433/2179
f 2202/2436/2182 2200/2434/2180 2201/2435/2181
f 2203/2437/2183 2202/2436/2182 2201/2435/2181
f 2202/2436/2182 2203/2437/2183 2204/2438/2184
f 2205/2439/2185 2202/2436/2182 2204/2438/2184
f 2205/2439/2185 2204/2438/2184 2206/2440/2186
f 2204/2438/2184 2207/2441/2187 2206/2440/2186
f 2208/2442/2188 2206/2440/2186 2207/2441/2187
f 2209/2443/2189 2208/2442/2188 2207/2441/2187
f 2210/2444/2190 2208/2442/2188 2209/2443/2189
f 2211/2445/2191 2210/2444/2190 2209/2443/2189
f 2210/2444/2190 2211/2445/2191 2212/2446/2192
f 2211/2445/2191 2213/2447/2193 2212/2446/2192
f 2214/2448/2194 2212/2446/2192 2213/2447/2193
f 2215/2449/2195 2214/2448/2194 2213/2447/2193
f 2214/2448/2194 2215/2449/2195 2216/2450/2196
f 2217/2451/2197 2214/2448/2194 2216/2450/2196
f 2217/2451/2197 2216/2450/2196 2218/2452/2198
f 2219/2453/2199 2217/2451/2197 2218/2452/2198
f 2219/2453/2199 2218/2452/2198 2220/2454/2200
f 2218/2452/2198 2221/2455/2201 2220/2454/2200
f 2222/2456/2202 2220/2454/2200 2221/2455/2201
f 2223/2457/2203 2222/2456/2202 2221/2455/2201
f 2224/2458/2204 2222/2456/2202 2223/2457/2203
f 2222/2456/2202 2224/2458/2204 2178/2412/2158
f 2192/2426/2172 2222/2456/2202 2178/2412/2158
f 2224/2458/2204 2187/2421/2167 2178/2412/2158
f 2015/2459/1995 2017/2460/1997 2225/2461/2205
f 2226/2462/2206 2015/2459/1995 2225/2461/2205
f 2225/2461/2205 2227/2463/2207 2226/2462/2206
f 2227/2463/2207 2228/2464/2208 2226/2462/2206
f 2015/2459/1995 2226/2462/2206 2229/2465/2209
f 2229/2465/2209 2226/2462/2206 2228/2464/2208
f 2013/2243/1993 2015/2459/1995 2229/2465/2209
f 2012/2242/1992 2013/2243/1993 2229/2465/2209
f 2230/2466/2210 2012/2242/1992 2229/2465/2209
f 2231/2467/2211 2229/2465/2209 2228/2464/2208
f 2229/2465/2209 2231/2467/2211 2232/2468/2212
f 2230/2466/2210 2229/2465/2209 2232/2468/2212
f 2233/2469/2213 2228/2464/2208 2227/2463/2207
f 2234/2470/2214 2233/2469/2213 2227/2463/2207
f 2228/2464/2208 2233/2469/2213 2034/2264/2014
f 2231/2467/2211 2228/2464/2208 2034/2264/2014
f 2231/2467/2211 2034/2264/2014 2035/2265/2015
f 2232/2468/2212 2231/2467/2211 2035/2265/2015
f 2012/2242/1992 2230/2466/2210 2235/2471/2215
f 2012/2242/1992 2235/2471/2215 2236/2472/2216
f 2011/2241/1991 2012/2242/1992 2236/2472/2216
f 2011/2241/1991 2236/2472/2216 2020/2250/2000
f 2230/2466/2210 2237/2473/2217 2235/2471/2215
f 2230/2466/2210 2232/2468/2212 2237/2473/2217
f 2232/2468/2212 2238/2474/2218 2237/2473/2217
f 2232/2468/2212 2035/2265/2015 2238/2474/2218
f 2035/2265/2015 2045/2275/2025 2238/2474/2218
f 2233/2469/2213 2029/2259/2009 2034/2264/2014
f 2233/2469/2213 2234/2470/2214 2029/2259/2009
f 2234/2470/2214 2239/2475/2219 2029/2259/2009
f 2028/2260/2010 2029/2259/2009 2239/2475/2219
f 2240/2476/2220 2028/2260/2010 2239/2475/2219
f 2028/2260/2010 2240/2476/2220 2241/2477/2221
f 2241/2477/2221 2242/2478/2222 2028/2260/2010
f 2242/2478/2222 2031/2261/2011 2028/2260/2010
f 2031/2261/2011 2242/2478/2222 2243/2479/2223
f 2032/2262/2012 2031/2261/2011 2243/2479/2223
f 2243/2479/2223 2244/2480/2224 2032/2262/2012
f 2244/2480/2224 2037/2267/2017 2032/2262/2012
f 2244/2480/2224 2245/2481/2225 2037/2267/2017
f 2245/2481/2225 2038/2268/2018 2037/2267/2017
f 2038/2268/2018 2245/2481/2225 2246/2482/2226
f 2040/2270/2020 2038/2268/2018 2246/2482/2226
f 2040/2270/2020 2246/2482/2226 2247/2483/2227
f 2043/2273/2023 2040/2270/2020 2247/2483/2227
f 2043/2273/2023 2247/2483/2227 2057/2287/2037
f 2240/2476/2220 2248/2484/2228 2241/2477/2221
f 2241/2477/2221 2098/2329/2078 2242/2478/2222
f 2098/2329/2078 2097/2328/2077 2242/2478/2222
f 2242/2478/2222 2097/2328/2077 2243/2479/2223
f 2243/2479/2223 2092/2323/2072 2244/2480/2224
f 2097/2328/2077 2092/2323/2072 2243/2479/2223
f 2092/2323/2072 2091/2322/2071 2244/2480/2224
f 2244/2480/2224 2091/2322/2071 2245/2481/2225
f 2091/2322/2071 2089/2320/2069 2245/2481/2225
f 2245/2481/2225 2089/2320/2069 2246/2482/2226
f 2247/2483/2227 2085/2316/2065 2057/2287/2037
f 2086/2317/2066 2085/2316/2065 2247/2483/2227
f 2246/2482/2226 2086/2317/2066 2247/2483/2227
f 2089/2320/2069 2086/2317/2066 2246/2482/2226
f 2098/2329/2078 2250/2485/2229 2249/2486/2230
f 2099/2330/2079 2098/2329/2078 2249/2486/2230
f 2099/2330/2079 2249/2486/2230 2251/2487/2231
f 2252/2488/2232 2099/2330/2079 2251/2487/2231
f 2251/2487/2231 2106/2337/2086 2252/2488/2232
f 2106/2337/2086 2103/2334/2083 2252/2488/2232
f 2095/2326/2075 2252/2488/2232 2103/2334/2083
f 2099/2330/2079 2252/2488/2232 2095/2326/2075
f 2250/2485/2229 2098/2329/2078 2241/2477/2221
f 2248/2484/2228 2250/2485/2229 2241/2477/2221
f 2227/2463/2207 2171/2489/2151 2174/2490/2154
f 2234/2470/2214 2227/2463/2207 2174/2490/2154
f 2171/2489/2151 2227/2463/2207 2225/2461/2205
f 2169/2491/2149 2171/2489/2151 2225/2461/2205
f 2169/2491/2149 2225/2461/2205 2017/2460/1997
f 2168/2492/2148 2169/2491/2149 2017/2460/1997
f 2174/2490/2154 2176/2493/2156 2234/2470/2214
f 2176/2493/2156 2239/2475/2219 2234/2470/2214
f 2176/2493/2156 2177/2494/2157 2239/2475/2219
f 2177/2494/2157 2240/2476/2220 2239/2475/2219
f 2240/2476/2220 2177/2494/2157 2187/2495/2167
f 2248/2484/2228 2240/2476/2220 2187/2495/2167
f 2250/2485/2229 2248/2484/2228 2187/2495/2167
f 2224/2496/2204 2250/2485/2229 2187/2495/2167
f 2250/2485/2229 2224/2496/2204 2249/2486/2230
f 2224/2496/2204 2223/2497/2203 2249/2486/2230
f 2249/2486/2230 2223/2497/2203 2251/2487/2231
f 2223/2497/2203 2221/2498/2201 2251/2487/2231
f 2106/2337/2086 2251/2487/2231 2221/2498/2201
f 2218/2499/2198 2106/2337/2086 2221/2498/2201
f 2106/2337/2086 2218/2499/2198 2107/2338/2087
f 2218/2499/2198 2216/2500/2196 2107/2338/2087
f 2107/2338/2087 2216/2500/2196 2109/2340/2089
f 2216/2500/2196 2215/2501/2195 2109/2340/2089
f 2145/2502/2127 2059/2289/2039 2054/2284/2034
f 2149/2503/2129 2145/2502/2127 2054/2284/2034
f 2149/2503/2129 2054/2284/2034 2053/2283/2033
f 2151/2504/2131 2149/2503/2129 2053/2283/2033
f 2053/2283/2033 2056/2286/2036 2151/2504/2131
f 2056/2286/2036 2153/2505/2133 2151/2504/2131
f 2059/2289/2039 2145/2502/2127 2146/2506/2126
f 2066/2296/2046 2059/2289/2039 2146/2506/2126
f 2066/2296/2046 2146/2506/2126 2156/2507/2136
f 2027/2297/2007 2066/2296/2046 2156/2507/2136
f 2056/2286/2036 2069/2300/2049 2153/2505/2133
f 2069/2300/2049 2186/2508/2166 2153/2505/2133
f 2186/2508/2166 2069/2300/2049 2191/2509/2171
f 2069/2300/2049 2078/2309/2058 2191/2509/2171
f 2191/2509/2171 2078/2309/2058 2195/2510/2175
f 2078/2309/2058 2075/2306/2055 2195/2510/2175
f 2197/2511/2177 2195/2510/2175 2075/2306/2055
f 2076/2307/2056 2197/2511/2177 2075/2306/2055
f 2199/2512/2179 2197/2511/2177 2076/2307/2056
f 2080/2311/2060 2199/2512/2179 2076/2307/2056
f 2199/2512/2179 2080/2311/2060 2201/2513/2181
f 2080/2311/2060 2253/2514/2233 2201/2513/2181
f 2201/2513/2181 2253/2514/2233 2203/2515/2183
f 2253/2514/2233 2144/2516/2124 2203/2515/2183
f 2023/2253/2003 2160/2517/2140 2162/2518/2142
f 2022/2252/2002 2023/2253/2003 2162/2518/2142
f 2022/2252/2002 2162/2518/2142 2164/2519/2144
f 2021/2251/2001 2022/2252/2002 2164/2519/2144
f 2021/2251/2001 2164/2519/2144 2166/2520/2146
f 2016/2246/1996 2021/2251/2001 2166/2520/2146
f 2166/2520/2146 2168/2521/2148 2016/2246/1996
f 2168/2521/2148 2017/2247/1997 2016/2246/1996
f 2023/2253/2003 2026/2256/2006 2160/2517/2140
f 2026/2256/2006 2157/2522/2137 2160/2517/2140
f 2157/2522/2137 2026/2256/2006 2027/2257/2007
f 2156/2523/2136 2157/2522/2137 2027/2257/2007
f 2111/2342/2091 2254/2524/2234 2104/2335/2084
f 2254/2524/2234 2255/2525/2235 2104/2335/2084
f 2255/2525/2235 2102/2333/2082 2104/2335/2084
f 2255/2525/2235 2096/2327/2076 2102/2333/2082
f 2111/2342/2091 2256/2526/2236 2254/2524/2234
f 2257/2527/2237 2256/2526/2236 2111/2342/2091
f 2113/2344/2093 2257/2527/2237 2111/2342/2091
f 2257/2527/2237 2113/2344/2093 2121/2354/2101
f 2256/2526/2236 2258/2528/2238 2254/2524/2234
f 2255/2525/2235 2254/2524/2234 2258/2528/2238
f 2259/2529/2239 2255/2525/2235 2258/2528/2238
f 2096/2327/2076 2255/2525/2235 2259/2529/2239
f 2101/2332/2081 2096/2327/2076 2259/2529/2239
f 2083/2314/2063 2260/2530/2240 2072/2303/2052
f 2072/2303/2052 2260/2530/2240 2261/2531/2241
f 2082/2313/2062 2072/2303/2052 2261/2531/2241
f 2261/2531/2241 2262/2532/2242 2082/2313/2062
f 2262/2532/2242 2263/2533/2243 2082/2313/2062
f 2263/2533/2243 2081/2312/2061 2082/2313/2062
f 2263/2533/2243 2132/2365/2112 2081/2312/2061
f 2132/2365/2112 2133/2366/2113 2081/2312/2061
f 2131/2364/2111 2263/2533/2243 2262/2532/2242
f 2131/2364/2111 2132/2365/2112 2263/2533/2243
f 2135/2369/2115 2131/2364/2111 2262/2532/2242
f 2081/2312/2061 2133/2366/2113 2080/2311/2060
f 2133/2366/2113 2253/2514/2233 2080/2311/2060
f 2133/2366/2113 2129/2367/2109 2253/2514/2233
f 2129/2367/2109 2144/2516/2124 2253/2514/2233
f 2142/2376/2122 2138/2372/2118 2209/2534/2189
f 2207/2535/2187 2142/2376/2122 2209/2534/2189
f 2209/2534/2189 2138/2372/2118 2211/2536/2191
f 2138/2372/2118 2139/2373/2119 2211/2536/2191
f 2211/2536/2191 2139/2373/2119 2213/2537/2193
f 2139/2373/2119 2115/2347/2095 2213/2537/2193
f 2215/2538/2195 2213/2537/2193 2115/2347/2095
f 2109/2348/2089 2215/2538/2195 2115/2347/2095
f 2143/2377/2123 2142/2376/2122 2207/2535/2187
f 2204/2539/2184 2143/2377/2123 2207/2535/2187
f 2143/2377/2123 2204/2539/2184 2144/2378/2124
f 2204/2539/2184 2203/2540/2183 2144/2378/2124
f 2158/2541/2138 2025/2542/2005 2024/2543/2004
f 2159/2544/2139 2158/2541/2138 2024/2543/2004
f 2158/2541/2138 2155/2545/2135 2025/2542/2005
f 2155/2545/2135 2003/2546/1983 2025/2542/2005
f 2003/2546/1983 2155/2545/2135 2147/2547/2125
f 2002/2548/1982 2003/2546/1983 2147/2547/2125
f 2002/2548/1982 2147/2547/2125 2148/2549/2128
f 2064/2550/2044 2002/2548/1982 2148/2549/2128
f 2064/2550/2044 2148/2549/2128 2150/2551/2130
f 2065/2552/2045 2064/2550/2044 2150/2551/2130
f 2024/2543/2004 2019/2553/1999 2159/2544/2139
f 2019/2553/1999 2161/2554/2141 2159/2544/2139
f 2019/2553/1999 2020/2555/2000 2161/2554/2141
f 2020/2555/2000 2163/2556/2143 2161/2554/2141
f 2020/2555/2000 2236/2557/2216 2163/2556/2143
f 2236/2557/2216 2165/2558/2145 2163/2556/2143
f 2165/2558/2145 2236/2557/2216 2235/2559/2215
f 2167/2560/2147 2165/2558/2145 2235/2559/2215
f 2167/2560/2147 2235/2559/2215 2237/2561/2217
f 2170/2562/2150 2167/2560/2147 2237/2561/2217
f 2170/2562/2150 2237/2561/2217 2238/2563/2218
f 2172/2564/2152 2170/2562/2150 2238/2563/2218
f 2238/2563/2218 2045/2565/2025 2172/2564/2152
f 2045/2565/2025 2173/2566/2153 2172/2564/2152
f 2173/2566/2153 2045/2565/2025 2044/2567/2024
f 2175/2568/2155 2173/2566/2153 2044/2567/2024
f 2175/2568/2155 2044/2567/2024 2036/2569/2016
f 2179/2570/2159 2175/2568/2155 2036/2569/2016
f 2036/2569/2016 2039/2571/2019 2179/2570/2159
f 2039/2571/2019 2180/2572/2160 2179/2570/2159
f 2039/2571/2019 2041/2573/2021 2180/2572/2160
f 2041/2573/2021 2182/2574/2162 2180/2572/2160
f 2041/2573/2021 2042/2575/2022 2182/2574/2162
f 2042/2575/2022 2185/2576/2165 2182/2574/2162
f 2042/2575/2022 2047/2577/2027 2185/2576/2165
f 2047/2577/2027 2154/2578/2134 2185/2576/2165
f 2047/2577/2027 2062/2579/2042 2154/2578/2134
f 2062/2579/2042 2152/2580/2132 2154/2578/2134
f 2152/2580/2132 2062/2579/2042 2065/2581/2045
f 2150/2582/2130 2152/2580/2132 2065/2581/2045
f 2140/2583/2120 2141/2584/2121 2205/2585/2185
f 2206/2586/2186 2140/2583/2120 2205/2585/2185
f 2202/2587/2182 2205/2585/2185 2141/2584/2121
f 2136/2588/2116 2202/2587/2182 2141/2584/2121
f 2200/2589/2180 2202/2587/2182 2136/2588/2116
f 2135/2590/2115 2200/2589/2180 2136/2588/2116
f 2198/2591/2178 2200/2589/2180 2135/2590/2115
f 2262/2592/2242 2198/2591/2178 2135/2590/2115
f 2196/2593/2176 2198/2591/2178 2262/2592/2242
f 2261/2594/2241 2196/2593/2176 2262/2592/2242
f 2120/2595/2100 2140/2583/2120 2206/2586/2186
f 2208/2596/2188 2120/2595/2100 2206/2586/2186
f 2121/2597/2101 2120/2595/2100 2208/2596/2188
f 2210/2598/2190 2121/2597/2101 2208/2596/2188
f 2257/2599/2237 2121/2597/2101 2210/2598/2190
f 2212/2600/2192 2257/2599/2237 2210/2598/2190
f 2256/2601/2236 2257/2599/2237 2212/2600/2192
f 2214/2602/2194 2256/2601/2236 2212/2600/2192
f 2258/2603/2238 2256/2601/2236 2214/2602/2194
f 2217/2604/2197 2258/2603/2238 2214/2602/2194
f 2259/2605/2239 2258/2603/2238 2217/2604/2197
f 2219/2606/2199 2259/2605/2239 2217/2604/2197
f 2259/2605/2239 2219/2606/2199 2101/2607/2081
f 2219/2606/2199 2220/2608/2200 2101/2607/2081
f 2101/2607/2081 2220/2608/2200 2100/2609/2080
f 2220/2608/2200 2222/2610/2202 2100/2609/2080
f 2100/2609/2080 2222/2610/2202 2090/2611/2070
f 2222/2610/2202 2192/2612/2172 2090/2611/2070
f 2088/2613/2068 2090/2611/2070 2192/2612/2172
f 2189/2614/2169 2088/2613/2068 2192/2612/2172
f 2087/2615/2067 2088/2613/2068 2189/2614/2169
f 2188/2616/2168 2087/2615/2067 2189/2614/2169
f 2084/2617/2064 2087/2615/2067 2188/2616/2168
f 2190/2618/2170 2084/2617/2064 2188/2616/2168
f 2083/2619/2063 2084/2617/2064 2190/2618/2170
f 2193/2620/2173 2083/2619/2063 2190/2618/2170
f 2260/2621/2240 2083/2619/2063 2193/2620/2173
f 2194/2622/2174 2260/2621/2240 2193/2620/2173
f 2261/2623/2241 2260/2621/2240 2194/2622/2174
f 2196/2624/2176 2261/2623/2241 2194/2622/2174
f 2266/2625/2244 2265/2626/2245 2264/2627/2246
f 2267/2628/2247 2266/2625/2244 2264/2627/2246
f 2267/2628/2247 2264/2627/2246 2268/2629/2248
f 2269/2630/2249 2267/2628/2247 2268/2629/2248
f 2266/2625/2244 2270/2631/2250 2265/2626/2245
f 2270/2631/2250 2271/2632/2251 2265/2626/2245
f 2270/2631/2250 2272/2633/2252 2271/2632/2251
f 2272/2633/2252 2273/2634/2253 2271/2632/2251
f 2274/2635/2254 2273/2634/2253 2272/2633/2252
f 2275/2636/2255 2274/2635/2254 2272/2633/2252
f 2276/2637/2256 2274/2635/2254 2275/2636/2255
f 2277/2638/2257 2276/2637/2256 2275/2636/2255
f 2277/2638/2257 2278/2639/2258 2276/2637/2256
f 2278/2639/2258 2279/2640/2259 2276/2637/2256
f 2278/2639/2258 2280/2641/2260 2279/2640/2259
f 2280/2641/2260 2281/2642/2261 2279/2640/2259
f 2280/2641/2260 2282/2643/2262 2281/2642/2261
f 2282/2643/2262 2283/2644/2263 2281/2642/2261
f 2282/2643/2262 2284/2645/2264 2283/2644/2263
f 2284/2645/2264 2285/2646/2265 2283/2644/2263
f 2284/2645/2264 2286/2647/2266 2285/2646/2265
f 2286/2647/2266 2287/2648/2267 2285/2646/2265
f 2286/2647/2266 2288/2649/2268 2287/2648/2267
f 2288/2649/2268 2289/2650/2269 2287/2648/2267
f 2288/2649/2268 2290/2651/2270 2289/2650/2269
f 2290/2651/2270 2291/2652/2271 2289/2650/2269
f 2290/2651/2270 2292/2653/2272 2291/2652/2271
f 2292/2653/2272 2293/2654/2273 2291/2652/2271
f 2292/2653/2272 2294/2655/2274 2293/2654/2273
f 2294/2655/2274 2295/2656/2275 2293/2654/2273
f 2294/2655/2274 2296/2657/2276 2295/2656/2275
f 2296/2657/2276 2297/2658/2277 2295/2656/2275
f 2296/2657/2276 2298/2659/2278 2297/2658/2277
f 2298/2659/2278 2299/2660/2279 2297/2658/2277
f 2298/2659/2278 2300/2661/2280 2299/2660/2279
f 2300/2661/2280 2301/2662/2281 2299/2660/2279
f 2300/2661/2280 2302/2663/2282 2301/2662/2281
f 2302/2663/2282 2303/2664/2283 2301/2662/2281
f 2302/2663/2282 2304/2665/2284 2303/2664/2283
f 2304/2665/2284 2305/2666/2285 2303/2664/2283
f 2304/2665/2284 2306/2667/2286 2305/2666/2285
f 2306/2667/2286 2307/2668/2287 2305/2666/2285
f 2306/2667/2286 2308/2669/2288 2307/2668/2287
f 2308/2669/2288 2309/2670/2289 2307/2668/2287
f 2308/2669/2288 2310/2671/2290 2309/2670/2289
f 2310/2671/2290 2311/2672/2291 2309/2670/2289
f 2312/2673/2292 2311/2672/2291 2310/2671/2290
f 2313/2674/2293 2312/2673/2292 2310/2671/2290
f 2316/2675/2294 2315/2676/2295 2314/2677/2296
f 2317/2678/2297 2316/2675/2294 2314/2677/2296
f 2317/2678/2297 2314/2677/2296 2318/2679/2298
f 2319/2680/2299 2317/2678/2297 2318/2679/2298
f 2316/2675/2294 2320/2681/2300 2315/2676/2295
f 2320/2681/2300 2321/2682/2301 2315/2676/2295
f 2320/2681/2300 2269/2630/2249 2321/2682/2301
f 2269/2630/2249 2268/2629/2248 2321/2682/2301
f 2323/2683/2302 2322/2684/2303 2266/2685/2244
f 2267/2686/2247 2323/2683/2302 2266/2685/2244
f 2323/2683/2302 2267/2686/2247 2324/2687/2304
f 2267/2686/2247 2269/2688/2249 2324/2687/2304
f 2266/2685/2244 2322/2684/2303 2270/2689/2250
f 2322/2684/2303 2325/2690/2305 2270/2689/2250
f 2270/2689/2250 2325/2690/2305 2272/2691/2252
f 2325/2690/2305 2326/2692/2306 2272/2691/2252
f 2275/2693/2255 2272/2691/2252 2326/2692/2306
f 2327/2694/2307 2275/2693/2255 2326/2692/2306
f 2277/2695/2257 2275/2693/2255 2327/2694/2307
f 2328/2696/2308 2277/2695/2257 2327/2694/2307
f 2278/2697/2258 2277/2695/2257 2328/2696/2308
f 2329/2698/2309 2278/2697/2258 2328/2696/2308
f 2280/2699/2260 2278/2697/2258 2329/2698/2309
f 2330/2700/2310 2280/2699/2260 2329/2698/2309
f 2282/2701/2262 2280/2699/2260 2330/2700/2310
f 2331/2702/2311 2282/2701/2262 2330/2700/2310
f 2284/2703/2264 2282/2701/2262 2331/2702/2311
f 2332/2704/2312 2284/2703/2264 2331/2702/2311
f 2286/2705/2266 2284/2703/2264 2332/2704/2312
f 2333/2706/2313 2286/2705/2266 2332/2704/2312
f 2288/2707/2268 2286/2705/2266 2333/2706/2313
f 2334/2708/2314 2288/2707/2268 2333/2706/2313
f 2290/2709/2270 2288/2707/2268 2334/2708/2314
f 2335/2710/2315 2290/2709/2270 2334/2708/2314
f 2292/2711/2272 2290/2709/2270 2335/2710/2315
f 2336/2712/2316 2292/2711/2272 2335/2710/2315
f 2294/2713/2274 2292/2711/2272 2336/2712/2316
f 2337/2714/2317 2294/2713/2274 2336/2712/2316
f 2296/2715/2276 2294/2713/2274 2337/2714/2317
f 2338/2716/2318 2296/2715/2276 2337/2714/2317
f 2298/2717/2278 2296/2715/2276 2338/2716/2318
f 2339/2718/2319 2298/2717/2278 2338/2716/2318
f 2300/2719/2280 2298/2717/2278 2339/2718/2319
f 2340/2720/2320 2300/2719/2280 2339/2718/2319
f 2302/2721/2282 2300/2719/2280 2340/2720/2320
f 2341/2722/2321 2302/2721/2282 2340/2720/2320
f 2304/2723/2284 2302/2721/2282 2341/2722/2321
f 2342/2724/2322 2304/2723/2284 2341/2722/2321
f 2306/2725/2286 2304/2723/2284 2342/2724/2322
f 2343/2726/2323 2306/2725/2286 2342/2724/2322
f 2306/2725/2286 2343/2726/2323 2308/2727/2288
f 2343/2726/2323 2344/2728/2324 2308/2727/2288
f 2308/2727/2288 2344/2728/2324 2310/2729/2290
f 2344/2728/2324 2345/2730/2325 2310/2729/2290
f 2313/2731/2293 2310/2729/2290 2345/2730/2325
f 2346/2732/2326 2313/2731/2293 2345/2730/2325
f 2347/2733/2327 2340/2720/2320 2339/2718/2319
f 2348/2734/2328 2347/2733/2327 2339/2718/2319
f 2349/2735/2329 2342/2724/2322 2341/2722/2321
f 2350/2736/2330 2349/2735/2329 2341/2722/2321
f 2350/2736/2330 2341/2722/2321 2340/2720/2320
f 2347/2733/2327 2350/2736/2330 2340/2720/2320
f 2351/2737/2331 2344/2728/2324 2343/2726/2323
f 2352/2738/2332 2351/2737/2331 2343/2726/2323
f 2352/2738/2332 2343/2726/2323 2342/2724/2322
f 2349/2735/2329 2352/2738/2332 2342/2724/2322
f 2353/2739/2333 2346/2732/2326 2345/2730/2325
f 2354/2740/2334 2353/2739/2333 2345/2730/2325
f 2354/2740/2334 2345/2730/2325 2344/2728/2324
f 2351/2737/2331 2354/2740/2334 2344/2728/2324
f 2301/2741/2281 2347/2733/2327 2348/2734/2328
f 2299/2742/2279 2301/2741/2281 2348/2734/2328
f 2299/2742/2279 2348/2734/2328 2355/2743/2335
f 2355/2743/2335 2348/2734/2328 2338/2716/2318
f 2355/2743/2335 2338/2716/2318 2337/2714/2317
f 2356/2744/2336 2355/2743/2335 2337/2714/2317
f 2356/2744/2336 2337/2714/2317 2336/2712/2316
f 2357/2745/2337 2356/2744/2336 2336/2712/2316
f 2357/2745/2337 2336/2712/2316 2335/2710/2315
f 2358/2746/2338 2357/2745/2337 2335/2710/2315
f 2358/2746/2338 2335/2710/2315 2334/2708/2314
f 2359/2747/2339 2358/2746/2338 2334/2708/2314
f 2359/2747/2339 2334/2708/2314 2333/2706/2313
f 2360/2748/2340 2359/2747/2339 2333/2706/2313
f 2360/2748/2340 2333/2706/2313 2332/2704/2312
f 2361/2749/2341 2360/2748/2340 2332/2704/2312
f 2361/2749/2341 2332/2704/2312 2331/2702/2311
f 2362/2750/2342 2361/2749/2341 2331/2702/2311
f 2362/2750/2342 2331/2702/2311 2330/2700/2310
f 2363/2751/2343 2362/2750/2342 2330/2700/2310
f 2363/2751/2343 2330/2700/2310 2329/2698/2309
f 2364/2752/2344 2363/2751/2343 2329/2698/2309
f 2364/2752/2344 2329/2698/2309 2328/2696/2308
f 2365/2753/2345 2364/2752/2344 2328/2696/2308
f 2365/2753/2345 2328/2696/2308 2327/2694/2307
f 2366/2754/2346 2365/2753/2345 2327/2694/2307
f 2366/2754/2346 2327/2694/2307 2326/2692/2306
f 2367/2755/2347 2366/2754/2346 2326/2692/2306
f 2367/2755/2347 2326/2692/2306 2325/2690/2305
f 2368/2756/2348 2367/2755/2347 2325/2690/2305
f 2368/2756/2348 2325/2690/2305 2322/2684/2303
f 2369/2757/2349 2368/2756/2348 2322/2684/2303
f 2369/2757/2349 2322/2684/2303 2323/2683/2302
f 2370/2758/2350 2369/2757/2349 2323/2683/2302
f 2370/2758/2350 2323/2683/2302 2324/2687/2304
f 2371/2759/2351 2370/2758/2350 2324/2687/2304
f 2371/2759/2351 2324/2687/2304 2372/2760/2352
f 2324/2687/2304 2269/2688/2249 2372/2760/2352
f 2269/2688/2249 2320/2761/2300 2372/2760/2352
f 2372/2760/2352 2320/2761/2300 2373/2762/2353
f 2320/2761/2300 2316/2763/2294 2373/2762/2353
f 2373/2762/2353 2316/2763/2294 2374/2764/2354
f 2316/2763/2294 2317/2765/2297 2374/2764/2354
f 2374/2764/2354 2317/2765/2297 2375/2766/2355
f 2317/2765/2297 2319/2767/2299 2375/2766/2355
f 2376/2768/2356 2373/2762/2353 2374/2764/2354
f 2377/2769/2357 2376/2768/2356 2374/2764/2354
f 2377/2769/2357 2374/2764/2354 2375/2766/2355
f 2378/2770/2358 2377/2769/2357 2375/2766/2355
f 2379/2771/2359 2371/2759/2351 2372/2760/2352
f 2379/2771/2359 2372/2760/2352 2373/2762/2353
f 2376/2768/2356 2379/2771/2359 2373/2762/2353
f 2264/2772/2246 2370/2758/2350 2371/2759/2351
f 2268/2773/2248 2264/2772/2246 2371/2759/2351
f 2268/2773/2248 2371/2759/2351 2379/2771/2359
f 2315/2774/2295 2376/2768/2356 2377/2769/2357
f 2380/2775/2360 2315/2774/2295 2377/2769/2357
f 2380/2775/2360 2377/2769/2357 2378/2770/2358
f 2318/2776/2298 2380/2775/2360 2378/2770/2358
f 2321/2777/2301 2268/2773/2248 2379/2771/2359
f 2321/2777/2301 2379/2771/2359 2376/2768/2356
f 2315/2774/2295 2321/2777/2301 2376/2768/2356
f 2314/2778/2296 2380/2775/2360 2318/2776/2298
f 2314/2778/2296 2315/2774/2295 2380/2775/2360
f 2264/2772/2246 2265/2779/2245 2370/2758/2350
f 2265/2779/2245 2369/2757/2349 2370/2758/2350
f 2265/2779/2245 2271/2780/2251 2369/2757/2349
f 2271/2780/2251 2368/2756/2348 2369/2757/2349
f 2271/2780/2251 2273/2781/2253 2368/2756/2348
f 2273/2781/2253 2367/2755/2347 2368/2756/2348
f 2273/2781/2253 2274/2782/2254 2367/2755/2347
f 2274/2782/2254 2366/2754/2346 2367/2755/2347
f 2274/2782/2254 2276/2783/2256 2366/2754/2346
f 2276/2783/2256 2365/2753/2345 2366/2754/2346
f 2276/2783/2256 2279/2784/2259 2365/2753/2345
f 2279/2784/2259 2364/2752/2344 2365/2753/2345
f 2279/2784/2259 2281/2785/2261 2364/2752/2344
f 2281/2785/2261 2363/2751/2343 2364/2752/2344
f 2281/2785/2261 2283/2786/2263 2363/2751/2343
f 2283/2786/2263 2362/2750/2342 2363/2751/2343
f 2283/2786/2263 2285/2787/2265 2362/2750/2342
f 2285/2787/2265 2361/2749/2341 2362/2750/2342
f 2285/2787/2265 2287/2788/2267 2361/2749/2341
f 2287/2788/2267 2360/2748/2340 2361/2749/2341
f 2287/2788/2267 2289/2789/2269 2360/2748/2340
f 2289/2789/2269 2359/2747/2339 2360/2748/2340
f 2289/2789/2269 2291/2790/2271 2359/2747/2339
f 2291/2790/2271 2358/2746/2338 2359/2747/2339
f 2291/2790/2271 2293/2791/2273 2358/2746/2338
f 2293/2791/2273 2357/2745/2337 2358/2746/2338
f 2293/2791/2273 2295/2792/2275 2357/2745/2337
f 2295/2792/2275 2356/2744/2336 2357/2745/2337
f 2295/2792/2275 2297/2793/2277 2356/2744/2336
f 2297/2793/2277 2355/2743/2335 2356/2744/2336
f 2297/2793/2277 2299/2742/2279 2355/2743/2335
f 2348/2734/2328 2339/2718/2319 2338/2716/2318
f 2305/2794/2285 2349/2735/2329 2350/2736/2330
f 2303/2795/2283 2305/2794/2285 2350/2736/2330
f 2303/2795/2283 2350/2736/2330 2347/2733/2327
f 2301/2741/2281 2303/2795/2283 2347/2733/2327
f 2305/2794/2285 2307/2796/2287 2349/2735/2329
f 2307/2796/2287 2352/2738/2332 2349/2735/2329
f 2307/2796/2287 2309/2797/2289 2352/2738/2332
f 2309/2797/2289 2351/2737/2331 2352/2738/2332
f 2309/2797/2289 2311/2798/2291 2351/2737/2331
f 2311/2798/2291 2354/2740/2334 2351/2737/2331
f 2311/2798/2291 2312/2799/2292 2354/2740/2334
f 2312/2799/2292 2353/2739/2333 2354/2740/2334
