# Blender 4.4.0
# www.blender.org
mtllib Alfil1_c8.mtl
o Patrick_ElasticWaistband1_0_Untitled.001
v -2.836685 7.032671 -6.530709
v -2.809885 6.996768 -6.542362
v -2.809885 7.068704 -6.542362
v -2.836685 6.996768 -6.530709
v -2.836685 7.068704 -6.530709
v -2.500873 6.996768 -6.530709
v -2.500873 7.032671 -6.530709
v -2.527673 6.996768 -6.542362
v -2.527673 7.068704 -6.542362
v -2.500873 7.068704 -6.530709
v -2.777769 6.996770 -6.471787
v -2.779164 7.032671 -6.472744
v -2.761456 7.032671 -6.461889
v -2.761456 6.996770 -6.461889
v -2.760371 6.996770 -6.492846
v -2.746663 6.996770 -6.484528
v -2.761456 7.068704 -6.461889
v -2.779164 7.068704 -6.472744
v -2.746663 7.068704 -6.484528
v -2.761544 7.068704 -6.493652
v -2.772707 6.996770 -6.480403
v -2.765026 6.996770 -6.489518
v -2.795269 7.068704 -6.485083
v -2.795269 7.032671 -6.485083
v -2.813563 7.032671 -6.502243
v -2.813563 7.068704 -6.502243
v -2.775079 7.068704 -6.504019
v -2.790453 7.068704 -6.518440
v -2.813563 6.996768 -6.502243
v -2.795269 6.996770 -6.485083
v -2.790453 6.996768 -6.518440
v -2.775079 6.996768 -6.504019
v -2.830082 7.068704 -6.521687
v -2.830084 7.032671 -6.521690
v -2.804337 7.068704 -6.534783
v -2.830084 6.996768 -6.521690
v -2.804337 6.996768 -6.534783
v -2.780558 6.996770 -6.473704
v -2.762716 6.996770 -6.494458
v -2.761544 7.032671 -6.493652
v -2.732421 6.996770 -6.477370
v -2.732421 7.068704 -6.477370
v -2.717608 7.068704 -6.471697
v -2.717608 6.996770 -6.471697
v -2.701066 7.032671 -6.466919
v -2.702427 6.996770 -6.467235
v -2.701066 7.068704 -6.466919
v -2.702279 6.996770 -6.461785
v -2.699708 6.996770 -6.466604
v -2.684118 7.068704 -6.463930
v -2.684118 6.996770 -6.463930
v -2.669221 6.996770 -6.462507
v -2.669221 7.068704 -6.462507
v -2.653440 6.996770 -6.463930
v -2.653440 7.068704 -6.463930
v -2.636492 7.032671 -6.466919
v -2.636492 7.068704 -6.466919
v -2.619950 7.068704 -6.471697
v -2.619950 6.996770 -6.471697
v -2.605140 7.068704 -6.477370
v -2.605140 6.996770 -6.477370
v -2.590897 6.996770 -6.484528
v -2.590897 7.068704 -6.484528
v -2.576014 7.032673 -6.493652
v -2.577187 6.996770 -6.492846
v -2.576014 7.068704 -6.493652
v -2.572533 6.996770 -6.489518
v -2.562480 7.068704 -6.504019
v -2.574843 6.996770 -6.494458
v -2.562480 6.996768 -6.504019
v -2.547105 6.996768 -6.518440
v -2.547105 7.068704 -6.518440
v -2.533224 7.068704 -6.534783
v -2.533224 6.996768 -6.534783
v -2.576102 6.996770 -6.461889
v -2.576102 7.032673 -6.461889
v -2.558395 7.032673 -6.472744
v -2.559791 6.996770 -6.471787
v -2.558395 7.068704 -6.472744
v -2.576102 7.068704 -6.461889
v -2.564851 6.996770 -6.480403
v -2.593053 7.068704 -6.453373
v -2.593053 6.996770 -6.453373
v -2.593053 7.032673 -6.453373
v -2.610677 7.068704 -6.446622
v -2.630358 7.068704 -6.440936
v -2.630358 7.032671 -6.440936
v -2.610677 7.032673 -6.446622
v -2.628741 6.996770 -6.441312
v -2.610677 6.996770 -6.446622
v -2.635132 6.996770 -6.467235
v -2.635279 6.996770 -6.461785
v -2.632606 6.996770 -6.450457
v -2.637852 6.996770 -6.466604
v -2.631977 6.996770 -6.440561
v -2.650527 7.068704 -6.437379
v -2.669304 7.068704 -6.435685
v -2.687033 7.068704 -6.437379
v -2.687033 7.032671 -6.437379
v -2.669304 7.032671 -6.435685
v -2.687033 6.996770 -6.437379
v -2.669304 6.996770 -6.435685
v -2.650527 7.032671 -6.437379
v -2.650527 6.996770 -6.437379
v -2.707200 7.068704 -6.440936
v -2.707200 7.032671 -6.440936
v -2.726883 7.032671 -6.446622
v -2.726883 7.068704 -6.446622
v -2.726883 6.996770 -6.446622
v -2.708817 6.996770 -6.441312
v -2.704953 6.996770 -6.450457
v -2.744508 7.068704 -6.453373
v -2.744508 7.032671 -6.453373
v -2.744508 6.996770 -6.453373
v -2.705584 6.996770 -6.440561
v -2.542289 7.032673 -6.485083
v -2.542289 7.068704 -6.485083
v -2.523995 7.068704 -6.502243
v -2.523995 7.032671 -6.502243
v -2.542289 6.996770 -6.485083
v -2.523995 6.996768 -6.502243
v -2.557000 6.996770 -6.473704
v -2.507477 7.068704 -6.521689
v -2.507477 7.032671 -6.521689
v -2.507477 6.996768 -6.521689
v -2.836681 6.962514 -6.530709
v -2.809878 6.926481 -6.542362
v -2.809878 6.998415 -6.542362
v -2.836681 6.998415 -6.530709
v -2.836681 6.926481 -6.530709
v -2.500866 6.998415 -6.530709
v -2.527669 6.998415 -6.542362
v -2.500866 6.962514 -6.530709
v -2.527669 6.926481 -6.542362
v -2.500866 6.926481 -6.530709
v -2.777763 6.998415 -6.471787
v -2.761450 6.998415 -6.461889
v -2.761450 6.962514 -6.461889
v -2.779157 6.962514 -6.472744
v -2.760368 6.998415 -6.492846
v -2.746657 6.998415 -6.484528
v -2.761450 6.926481 -6.461889
v -2.779157 6.926481 -6.472744
v -2.746657 6.926481 -6.484528
v -2.761537 6.926481 -6.493652
v -2.772701 6.998415 -6.480403
v -2.765021 6.998415 -6.489518
v -2.795263 6.926481 -6.485083
v -2.795263 6.962514 -6.485083
v -2.813558 6.962514 -6.502243
v -2.813558 6.926481 -6.502243
v -2.775072 6.926481 -6.504019
v -2.790447 6.926481 -6.518440
v -2.813558 6.998415 -6.502243
v -2.795263 6.998415 -6.485083
v -2.790447 6.998415 -6.518440
v -2.775072 6.998415 -6.504019
v -2.830075 6.926481 -6.521689
v -2.830077 6.962514 -6.521690
v -2.804330 6.926481 -6.534783
v -2.830077 6.998415 -6.521690
v -2.804330 6.998415 -6.534783
v -2.780552 6.998415 -6.473704
v -2.762709 6.998415 -6.494458
v -2.761537 6.962514 -6.493652
v -2.732414 6.998415 -6.477370
v -2.732414 6.926481 -6.477370
v -2.717602 6.926481 -6.471697
v -2.717602 6.998415 -6.471697
v -2.701062 6.962514 -6.466919
v -2.702420 6.998415 -6.467235
v -2.701062 6.926481 -6.466919
v -2.702275 6.998415 -6.461785
v -2.699703 6.998415 -6.466604
v -2.684114 6.926481 -6.463930
v -2.684114 6.998415 -6.463930
v -2.669214 6.998415 -6.462507
v -2.669214 6.926481 -6.462507
v -2.653434 6.998415 -6.463930
v -2.653434 6.926481 -6.463930
v -2.636486 6.962514 -6.466919
v -2.636486 6.926481 -6.466919
v -2.619946 6.926481 -6.471697
v -2.619946 6.998415 -6.471697
v -2.605133 6.926481 -6.477370
v -2.605133 6.998415 -6.477370
v -2.590891 6.998415 -6.484528
v -2.590891 6.926481 -6.484528
v -2.576010 6.962514 -6.493652
v -2.577180 6.998415 -6.492846
v -2.576010 6.926481 -6.493652
v -2.572526 6.998415 -6.489518
v -2.562475 6.926481 -6.504019
v -2.574838 6.998415 -6.494458
v -2.562475 6.998415 -6.504019
v -2.547101 6.998415 -6.518440
v -2.547101 6.926481 -6.518440
v -2.533219 6.926481 -6.534783
v -2.533219 6.998415 -6.534783
v -2.576098 6.998415 -6.461889
v -2.559785 6.998415 -6.471787
v -2.558390 6.962514 -6.472744
v -2.576098 6.962514 -6.461889
v -2.558390 6.926481 -6.472744
v -2.576098 6.926481 -6.461889
v -2.564847 6.998415 -6.480403
v -2.593046 6.926481 -6.453373
v -2.593046 6.998415 -6.453373
v -2.593046 6.962514 -6.453373
v -2.610670 6.926481 -6.446622
v -2.630354 6.926481 -6.440936
v -2.630354 6.962514 -6.440936
v -2.610670 6.962514 -6.446622
v -2.628735 6.998415 -6.441312
v -2.610670 6.998415 -6.446622
v -2.635128 6.998415 -6.467235
v -2.635275 6.998415 -6.461785
v -2.632599 6.998415 -6.450457
v -2.637846 6.998415 -6.466604
v -2.631971 6.998415 -6.440561
v -2.650521 6.926481 -6.437379
v -2.669298 6.926481 -6.435685
v -2.687027 6.926481 -6.437379
v -2.687027 6.962514 -6.437379
v -2.669298 6.962514 -6.435685
v -2.687027 6.998415 -6.437379
v -2.669298 6.998415 -6.435685
v -2.650521 6.962514 -6.437379
v -2.650521 6.998415 -6.437379
v -2.707194 6.926481 -6.440936
v -2.707194 6.962514 -6.440936
v -2.726877 6.962514 -6.446622
v -2.726877 6.926481 -6.446622
v -2.726877 6.998415 -6.446622
v -2.708812 6.998415 -6.441312
v -2.704948 6.998415 -6.450457
v -2.744501 6.926481 -6.453373
v -2.744501 6.962514 -6.453373
v -2.744501 6.998415 -6.453373
v -2.705577 6.998415 -6.440561
v -2.542285 6.962514 -6.485083
v -2.523989 6.962514 -6.502243
v -2.523989 6.926481 -6.502243
v -2.542285 6.926481 -6.485083
v -2.542285 6.998415 -6.485083
v -2.523989 6.998415 -6.502243
v -2.556996 6.998415 -6.473704
v -2.507470 6.926481 -6.521689
v -2.507470 6.962514 -6.521689
v -2.507470 6.998415 -6.521689
v -2.600730 7.047590 -6.508506
v -2.577497 7.020989 -6.508052
v -2.592486 7.019758 -6.470563
v -2.607178 7.038948 -6.477890
v -2.638879 7.040006 -6.473187
v -2.646154 7.050751 -6.514323
v -2.628962 7.013696 -6.443583
v -2.668716 7.013655 -6.442562
v -2.668750 7.026751 -6.477647
v -2.668774 7.032969 -6.522337
v -2.670863 6.980679 -6.442198
v -2.633216 6.985186 -6.445682
v -2.592390 6.993104 -6.477606
v -2.581134 7.000849 -6.510754
v -2.673776 6.985089 -6.512606
v -2.635636 6.987965 -6.512155
v -2.644223 7.039399 -6.569289
v -2.607317 7.042017 -6.564681
v -2.582340 7.023144 -6.562690
v -2.667269 7.027664 -6.570005
v -2.579610 6.990965 -6.569382
v -2.667484 7.020454 -6.604124
v -2.588161 7.003855 -6.592970
v -2.615616 7.027429 -6.599097
v -2.691451 7.039065 -6.568837
v -2.691839 7.051677 -6.514723
v -2.698492 7.040041 -6.473281
v -2.736788 7.047644 -6.508736
v -2.730169 7.038935 -6.477736
v -2.745015 7.019860 -6.470582
v -2.760017 7.021074 -6.508109
v -2.708626 7.017558 -6.445833
v -2.715869 6.989369 -6.447969
v -2.748637 6.997808 -6.477468
v -2.759324 7.005316 -6.511330
v -2.710435 6.989724 -6.512407
v -2.754773 7.023975 -6.562811
v -2.729052 7.042409 -6.564600
v -2.766006 6.996477 -6.562979
v -2.755377 7.025364 -6.588124
v -2.731036 7.030547 -6.592411
v -2.712009 6.981300 -6.556630
v -2.677112 6.978639 -6.560120
v -2.636387 6.978098 -6.558420
v -2.785385 6.145446 -6.569307
v -2.827531 6.142048 -6.596721
v -2.826158 6.093538 -6.570059
v -2.785153 6.104284 -6.547256
v -2.872638 6.092597 -6.581525
v -2.878455 6.143504 -6.607489
v -2.753993 6.148347 -6.522298
v -2.752190 6.120092 -6.508585
v -2.735080 6.166165 -6.467808
v -2.735222 6.138721 -6.457110
v -2.917370 6.094474 -6.572433
v -2.920293 6.150925 -6.600375
v -2.957190 6.102927 -6.550667
v -2.967335 6.166655 -6.577446
v -2.990877 6.124197 -6.513041
v -3.001539 6.188103 -6.538689
v -2.998340 6.149166 -6.463529
v -3.010755 6.213235 -6.488791
v -2.735027 6.185100 -6.528376
v -2.750208 6.172613 -6.571032
v -2.787356 6.165635 -6.607865
v -2.824606 6.160179 -6.628670
v -2.875683 6.159932 -6.630041
v -2.978263 6.194900 -6.600989
v -3.011189 6.226148 -6.563247
v -3.020048 6.260967 -6.514176
v -2.925815 6.170787 -6.622053
v -2.981462 6.088034 -6.444046
v -2.976000 6.070843 -6.489161
v -2.961610 6.037168 -6.470189
v -2.964635 6.053209 -6.432218
v -2.940524 6.010101 -6.450264
v -2.943578 6.022568 -6.422091
v -2.910388 5.998540 -6.412667
v -2.908520 5.990891 -6.435257
v -2.905704 5.989357 -6.456986
v -2.926355 6.001943 -6.473448
v -2.939841 6.025472 -6.502311
v -2.901035 5.998425 -6.487569
v -2.906081 6.021408 -6.520504
v -2.875249 5.985974 -6.461061
v -2.873720 5.998147 -6.491224
v -2.846534 5.998593 -6.484658
v -2.837579 6.021711 -6.516427
v -2.871333 6.020985 -6.524681
v -2.843044 5.987414 -6.453515
v -2.820764 6.000413 -6.468496
v -2.804863 6.024778 -6.496593
v -2.778276 6.033752 -6.463092
v -2.800724 6.006145 -6.443539
v -2.840258 5.986099 -6.430902
v -2.836262 5.991552 -6.407142
v -2.792013 6.015167 -6.413771
v -2.766838 6.046550 -6.423914
v -2.873882 5.989602 -6.408432
v -2.874101 5.984138 -6.434021
v -2.763406 6.067649 -6.482715
v -2.793422 6.056253 -6.520421
v -2.829887 6.053907 -6.544695
v -2.869283 6.055414 -6.556694
v -2.749910 6.081869 -6.435814
v -2.910714 6.055116 -6.550708
v -2.949584 6.058221 -6.527349
v -2.733050 6.192628 -6.407861
v -2.741589 6.158364 -6.400445
v -2.775586 6.168944 -6.352893
v -2.772826 6.218120 -6.361201
v -2.824391 6.174362 -6.326675
v -2.827965 6.236108 -6.336120
v -2.874798 6.177327 -6.322952
v -2.881785 6.246155 -6.337420
v -2.923160 6.176669 -6.337392
v -2.933324 6.252047 -6.356101
v -2.961628 6.172677 -6.366633
v -2.973178 6.248511 -6.390357
v -2.988105 6.165100 -6.414311
v -3.003283 6.233819 -6.438274
v -2.828667 6.262331 -6.379601
v -2.885691 6.285786 -6.378611
v -2.767526 6.230573 -6.408464
v -2.732155 6.201115 -6.470432
v -2.935778 6.298094 -6.395809
v -2.978991 6.300012 -6.430423
v -3.005211 6.284417 -6.470985
v -2.972523 6.104541 -6.398052
v -2.956537 6.067552 -6.392433
v -2.937757 6.078354 -6.359083
v -2.923118 6.040643 -6.366237
v -2.901193 6.045663 -6.349591
v -2.904431 6.020564 -6.370553
v -2.874628 6.018167 -6.361893
v -2.874732 6.046966 -6.343110
v -2.847134 6.042593 -6.346241
v -2.843086 6.014216 -6.365788
v -2.819694 6.033946 -6.359160
v -2.799549 6.024110 -6.383295
v -2.839222 6.001020 -6.383995
v -2.775251 6.059052 -6.383582
v -2.802029 6.071978 -6.349448
v -2.837408 6.082109 -6.331769
v -2.873250 6.086815 -6.328460
v -2.908322 6.085097 -6.337564
v -2.874236 6.001227 -6.382769
v -2.908084 6.008373 -6.389470
v -2.937307 6.033354 -6.391965
v -2.915135 6.125602 -6.333179
v -2.872007 6.128080 -6.321030
v -2.829125 6.122843 -6.324350
v -2.787643 6.112781 -6.346318
v -2.757635 6.097207 -6.387002
v -2.949332 6.118096 -6.358026
v -2.774714 6.169268 -6.648376
v -2.816223 6.164567 -6.658063
v -2.872354 6.158953 -6.648188
v -2.735453 6.174685 -6.620076
v -2.717350 6.178680 -6.579965
v -2.926467 6.168916 -6.634231
v -2.982102 6.192748 -6.612671
v -3.015393 6.231682 -6.575868
v -3.028812 6.269928 -6.530540
v -3.012432 6.299397 -6.487735
v -2.983758 6.315586 -6.448003
v -2.939374 6.313319 -6.419105
v -2.884544 6.293375 -6.403776
v -2.822161 6.256855 -6.409595
v -2.760288 6.217648 -6.444724
v -2.721715 6.188184 -6.517810
v -2.813625 6.262632 -6.402860
v -2.881284 6.301732 -6.395805
v -2.735198 6.218184 -6.437295
v -2.943275 6.331201 -6.421557
v -2.991376 6.336139 -6.457015
v -3.023898 6.318568 -6.499810
v -3.035782 6.283397 -6.544223
v -3.020350 6.242211 -6.591766
v -2.982667 6.197648 -6.638481
v -2.929858 6.173574 -6.666058
v -2.859613 6.166255 -6.693887
v -2.757047 6.191081 -6.725339
v -2.733232 6.180980 -6.685445
v -2.715010 6.175930 -6.632189
v -2.702384 6.178527 -6.580963
v -3.042820 6.254454 -6.624139
v -2.990235 6.202836 -6.684077
v -2.931135 6.179781 -6.716897
v -2.845867 6.183850 -6.755630
v -2.656465 6.179307 -6.650689
v -2.659806 6.180896 -6.589817
v -2.648924 6.194267 -6.713300
v -2.640354 6.221120 -6.773038
v -2.747378 6.228840 -6.808810
v -2.638489 6.256542 -6.833959
v -2.833660 6.234196 -6.838455
v -2.738729 6.280914 -6.876773
v -2.822748 6.316587 -6.903505
v -2.732545 6.364210 -6.935435
v -2.821414 6.395899 -6.940754
v -2.716253 6.448448 -6.960890
v -2.631770 6.397210 -6.947215
v -2.613859 6.477827 -6.970339
v -2.906968 6.341164 -6.905351
v -2.911235 6.283109 -6.860732
v -2.988586 6.334502 -6.852895
v -2.991253 6.283193 -6.808435
v -3.053583 6.358582 -6.778802
v -3.056235 6.311823 -6.728606
v -3.074774 6.396605 -6.702855
v -3.081007 6.358579 -6.652030
v -3.082239 6.439994 -6.618853
v -3.074810 6.400290 -6.580323
v -3.065879 6.464076 -6.535610
v -3.045557 6.422582 -6.512671
v -3.014163 6.446431 -6.433498
v -2.991910 6.410678 -6.430039
v -2.960361 6.421322 -6.353680
v -2.935417 6.387706 -6.365727
v -2.879033 6.399303 -6.289749
v -2.868264 6.368402 -6.318520
v -2.807106 6.391849 -6.254066
v -2.800287 6.355119 -6.287555
v -2.718304 6.345057 -6.273140
v -2.725744 6.385612 -6.233177
v -2.642659 6.332279 -6.270461
v -2.642106 6.380743 -6.227427
v -2.917036 6.359983 -6.376312
v -2.859143 6.334349 -6.340329
v -2.796041 6.316751 -6.318689
v -3.026596 6.393549 -6.492004
v -2.969868 6.388825 -6.425435
v -3.057800 6.370183 -6.549001
v -3.069121 6.330821 -6.608644
v -3.060089 6.277625 -6.677830
v -2.999215 6.229097 -6.744473
v -2.926078 6.212858 -6.789222
v -3.009668 6.361388 -6.470128
v -2.954418 6.358632 -6.419666
v -2.901348 6.336712 -6.382356
v -3.040912 6.340837 -6.519943
v -3.052424 6.304784 -6.570120
v -2.849759 6.308580 -6.362252
v -2.794412 6.285783 -6.348825
v -2.716192 6.260763 -6.342155
v -2.717892 6.233895 -6.383003
v -2.798004 6.268873 -6.384748
v -2.837951 6.293832 -6.377102
v -2.648304 6.198892 -6.455286
v -2.711075 6.188075 -6.522578
v -2.656435 6.184541 -6.532670
v -2.643029 6.221725 -6.390871
v -2.643144 6.249429 -6.344739
v -2.603240 6.177474 -6.540431
v -2.567122 6.187195 -6.461395
v -2.606326 6.175386 -6.598433
v -2.571674 6.213199 -6.399300
v -2.495045 6.203817 -6.425014
v -2.492845 6.182301 -6.465784
v -2.454978 6.215838 -6.422279
v -2.421501 6.200807 -6.463715
v -2.495196 6.238765 -6.374008
v -2.569747 6.242354 -6.352878
v -2.572869 6.280837 -6.311646
v -2.642741 6.289209 -6.303851
v -2.567721 6.325469 -6.276372
v -2.490648 6.328812 -6.299716
v -2.479628 6.390913 -6.261295
v -2.562119 6.382503 -6.238699
v -2.715316 6.300503 -6.308137
v -2.423849 6.336524 -6.333235
v -2.411933 6.400644 -6.302901
v -2.362883 6.338206 -6.377004
v -2.332158 6.411917 -6.365491
v -2.296883 6.334813 -6.429674
v -2.271774 6.418661 -6.421387
v -2.239006 6.350541 -6.493553
v -2.224892 6.428081 -6.488017
v -2.221322 6.381154 -6.562163
v -2.210569 6.447940 -6.566813
v -2.227474 6.408302 -6.643959
v -2.221479 6.475645 -6.654365
v -2.379062 6.293809 -6.393466
v -2.434127 6.291695 -6.359354
v -2.493749 6.285174 -6.333448
v -2.267282 6.303787 -6.501412
v -2.322534 6.291307 -6.439452
v -2.243233 6.350525 -6.639290
v -2.240974 6.320192 -6.562481
v -2.394080 6.242484 -6.423842
v -2.442271 6.240560 -6.397480
v -2.287134 6.259440 -6.508579
v -2.343997 6.245067 -6.458115
v -2.312994 6.228518 -6.520755
v -2.364561 6.214420 -6.481230
v -2.280119 6.249278 -6.575212
v -2.257111 6.277699 -6.570835
v -2.273953 6.268210 -6.637187
v -2.256196 6.305452 -6.636508
v -2.335852 6.205551 -6.533272
v -2.381840 6.192478 -6.500339
v -2.432236 6.181498 -6.483397
v -2.489477 6.172947 -6.480670
v -2.543145 6.171991 -6.502122
v -2.576365 6.173421 -6.548166
v -2.585054 6.172088 -6.600058
v -2.543757 6.152666 -6.530962
v -2.571517 6.155244 -6.579534
v -2.578436 6.165872 -6.631044
v -2.435129 6.158339 -6.500532
v -2.491484 6.150425 -6.504190
v -2.338619 6.188172 -6.545566
v -2.385172 6.170711 -6.514040
v -2.305686 6.210293 -6.589683
v -2.297009 6.229141 -6.582295
v -2.292884 6.246334 -6.639215
v -2.296377 6.233011 -6.644900
v -2.638157 6.315675 -6.894011
v -2.530420 6.430434 -6.935374
v -2.514226 6.498062 -6.956028
v -2.411418 6.527877 -6.914501
v -2.434084 6.467265 -6.900604
v -2.335539 6.539150 -6.857713
v -2.354653 6.479607 -6.846216
v -2.289417 6.525284 -6.797071
v -2.305462 6.466503 -6.789062
v -2.251205 6.505412 -6.727738
v -2.263318 6.441636 -6.725054
v -2.547921 6.345569 -6.890957
v -2.453662 6.384215 -6.871060
v -2.316593 6.399326 -6.777564
v -2.270974 6.379866 -6.711151
v -2.373014 6.399816 -6.831194
v -2.538244 6.290173 -6.845417
v -2.456136 6.326232 -6.842548
v -2.319320 6.353890 -6.769937
v -2.275927 6.333679 -6.703292
v -2.329664 6.301064 -6.756150
v -2.290088 6.289135 -6.698609
v -2.384155 6.301686 -6.798155
v -2.381722 6.344573 -6.816340
v -2.452195 6.285814 -6.815689
v -2.525513 6.255512 -6.800823
v -2.570160 6.207555 -6.738503
v -2.597253 6.181829 -6.664810
v -2.546909 6.203539 -6.741371
v -2.501123 6.230033 -6.774517
v -2.441520 6.253110 -6.792627
v -2.383089 6.268281 -6.776596
v -2.341229 6.268758 -6.744601
v -2.306489 6.266408 -6.699368
v -2.581872 6.180735 -6.665529
v -2.496246 6.225745 -6.781943
v -2.538245 6.205436 -6.748985
v -2.439100 6.246765 -6.788950
v -2.575513 6.177087 -6.691051
v -2.312530 6.250642 -6.702781
v -2.342024 6.257576 -6.745839
v -2.384842 6.257521 -6.770035
v -2.537539 6.181653 -6.770215
v -2.533399 6.128350 -6.772972
v -2.495372 6.134076 -6.800188
v -2.497387 6.193023 -6.793328
v -2.450869 6.137314 -6.810450
v -2.444854 6.201768 -6.799492
v -2.567628 6.160016 -6.721799
v -2.557246 6.122849 -6.732080
v -2.570165 6.142545 -6.668856
v -2.562428 6.117530 -6.678428
v -2.409484 6.138109 -6.802585
v -2.397892 6.203904 -6.784010
v -2.371107 6.136072 -6.781952
v -2.363279 6.201610 -6.756670
v -2.336253 6.129559 -6.739653
v -2.332747 6.194038 -6.715837
v -2.316878 6.121482 -6.684898
v -2.311744 6.181900 -6.663496
v -2.559890 6.129069 -6.619987
v -2.535352 6.117943 -6.575785
v -2.531411 6.087937 -6.591369
v -2.553298 6.103809 -6.630980
v -2.490931 6.075876 -6.564519
v -2.490885 6.113655 -6.542443
v -2.446482 6.071236 -6.554667
v -2.440565 6.115697 -6.532848
v -2.402974 6.073382 -6.561752
v -2.393588 6.125500 -6.541268
v -2.353333 6.088189 -6.585030
v -2.347910 6.141604 -6.565268
v -2.316685 6.106940 -6.631112
v -2.314398 6.161416 -6.609076
v -2.331071 6.049569 -6.650239
v -2.329192 6.066713 -6.702830
v -2.352261 5.999743 -6.674711
v -2.381573 5.984039 -6.642403
v -2.401939 5.961936 -6.671798
v -2.425349 5.960436 -6.657946
v -2.420610 5.956650 -6.687641
v -2.448965 5.958524 -6.682550
v -2.449689 5.962761 -6.652777
v -2.471515 5.967463 -6.659667
v -2.474062 5.964933 -6.687089
v -2.491357 5.976441 -6.673984
v -2.508082 5.986925 -6.697126
v -2.478530 5.966960 -6.710667
v -2.483528 5.969517 -6.737553
v -2.515907 5.992548 -6.724744
v -2.533563 6.017912 -6.713148
v -2.525576 6.011353 -6.678524
v -2.506254 5.997020 -6.648044
v -2.480513 5.986772 -6.629591
v -2.449841 5.981114 -6.621786
v -2.416954 5.979717 -6.625328
v -2.450234 5.961731 -6.740221
v -2.449053 5.959687 -6.709760
v -2.418479 5.957696 -6.709786
v -2.417176 5.961086 -6.735631
v -2.381710 5.970167 -6.695851
v -2.375394 5.981428 -6.726365
v -2.346179 6.021359 -6.716194
v -2.486834 6.018341 -6.602047
v -2.518274 6.028485 -6.623867
v -2.536728 6.043113 -6.658566
v -2.545201 6.055075 -6.700624
v -2.450470 6.013002 -6.592004
v -2.410436 6.016814 -6.593002
v -2.367092 6.030614 -6.611186
v -2.725075 6.412035 -6.224920
v -2.809195 6.419076 -6.242717
v -2.642264 6.412881 -6.216313
v -2.883724 6.427280 -6.277318
v -2.964884 6.453006 -6.348994
v -3.029048 6.484721 -6.444918
v -3.069089 6.494294 -6.553058
v -3.079280 6.466630 -6.634820
v -3.076503 6.430166 -6.725084
v -3.042935 6.408611 -6.812648
v -2.976097 6.396376 -6.883570
v -2.896677 6.404325 -6.931374
v -2.818291 6.460308 -6.960245
v -2.699999 6.507387 -6.978520
v -2.600294 6.534515 -6.979962
v -2.511417 6.548236 -6.964603
v -2.395664 6.573674 -6.914116
v -2.321280 6.582952 -6.851977
v -2.277304 6.568960 -6.791236
v -2.249618 6.546699 -6.724375
v -2.223698 6.513559 -6.651298
v -2.591419 6.597004 -6.981577
v -2.698702 6.571815 -6.982887
v -2.584296 6.669488 -6.974645
v -2.693623 6.650317 -6.978357
v -2.581065 6.746687 -6.955565
v -2.692225 6.733167 -6.962200
v -2.807575 6.605924 -6.968590
v -2.804942 6.703648 -6.950143
v -2.886434 6.553233 -6.940354
v -2.893125 6.464244 -6.941606
v -2.808583 6.523650 -6.968454
v -2.966988 6.450398 -6.894285
v -3.027169 6.453776 -6.829404
v -3.069740 6.471589 -6.746331
v -3.075702 6.500527 -6.650802
v -3.062941 6.527005 -6.557566
v -3.029683 6.520361 -6.446567
v -3.020530 6.569720 -6.435744
v -2.969278 6.542554 -6.330203
v -2.958495 6.604762 -6.328847
v -3.003104 6.635528 -6.429081
v -3.047615 6.579703 -6.547368
v -3.026111 6.655222 -6.531005
v -3.060002 6.568690 -6.657636
v -3.035292 6.648088 -6.636777
v -2.880988 6.593251 -6.260388
v -2.889367 6.527961 -6.254019
v -2.805007 6.588568 -6.227766
v -2.814008 6.521057 -6.220119
v -2.722833 6.588586 -6.212277
v -2.720575 6.514650 -6.200810
v -2.641408 6.513491 -6.196485
v -2.643187 6.587890 -6.213023
v -2.970555 6.491833 -6.342377
v -2.888638 6.472234 -6.261403
v -2.816580 6.462898 -6.229046
v -2.723406 6.459339 -6.204496
v -2.645309 6.459346 -6.194229
v -2.564011 6.587818 -6.229300
v -2.560858 6.512035 -6.211458
v -2.484459 6.590582 -6.251993
v -2.475738 6.526525 -6.241231
v -2.406914 6.536083 -6.274106
v -2.412442 6.596017 -6.284516
v -2.330474 6.542903 -6.338610
v -2.345846 6.608213 -6.344243
v -2.271622 6.547902 -6.409907
v -2.298756 6.617549 -6.420985
v -2.239562 6.561478 -6.488967
v -2.274096 6.633947 -6.497335
v -2.227780 6.578612 -6.563365
v -2.261629 6.653058 -6.565910
v -2.263522 6.490459 -6.414659
v -2.325221 6.487487 -6.344118
v -2.223086 6.502531 -6.486770
v -2.223794 6.463854 -6.486545
v -2.266585 6.454893 -6.420629
v -2.212736 6.487066 -6.565058
v -2.326690 6.450377 -6.356139
v -2.408062 6.441661 -6.290963
v -2.480495 6.429220 -6.251918
v -2.564428 6.416832 -6.224943
v -2.214663 6.518602 -6.566862
v -2.225120 6.546131 -6.648283
v -2.236264 6.597985 -6.637550
v -2.476673 6.476358 -6.240359
v -2.562860 6.460664 -6.211772
v -2.405231 6.484137 -6.276664
v -2.263657 6.666482 -6.630499
v -2.286745 6.711666 -6.612311
v -2.353275 6.715327 -6.592934
v -2.311579 6.703732 -6.506785
v -2.355828 6.764331 -6.514602
v -2.360085 6.737932 -6.455992
v -2.395373 6.790784 -6.466909
v -2.402282 6.821173 -6.538807
v -2.420226 6.775314 -6.382139
v -2.390149 6.719169 -6.367759
v -2.431919 6.841833 -6.477273
v -2.428689 6.865211 -6.542926
v -2.465781 6.831082 -6.410730
v -2.434391 6.849907 -6.592546
v -2.423757 6.906593 -6.566533
v -2.417421 6.922669 -6.572715
v -2.408199 6.967623 -6.571205
v -2.376140 6.968433 -6.563367
v -2.371354 7.006106 -6.588977
v -2.395393 7.030647 -6.587715
v -2.361098 7.038155 -6.634189
v -2.338679 7.009471 -6.620636
v -2.391787 7.076717 -6.636685
v -2.412159 7.070448 -6.587101
v -2.320373 6.981069 -6.583701
v -2.455352 6.877361 -6.476319
v -2.485557 6.864477 -6.424361
v -2.505099 6.904768 -6.432028
v -2.526119 6.859959 -6.390806
v -2.543016 6.900890 -6.405115
v -2.583488 6.897912 -6.383610
v -2.570208 6.856308 -6.363995
v -2.616644 6.854187 -6.352947
v -2.623268 6.896263 -6.369591
v -2.664029 6.853739 -6.351893
v -2.665323 6.895118 -6.367374
v -2.476842 6.914840 -6.468974
v -2.460362 6.933180 -6.502543
v -2.446172 6.899327 -6.530942
v -2.437755 6.931299 -6.555892
v -2.451974 6.959506 -6.524226
v -2.448627 6.988084 -6.529110
v -2.427933 6.977775 -6.560366
v -2.424123 7.020913 -6.556866
v -2.449122 7.023243 -6.525348
v -2.456811 7.050914 -6.516483
v -2.434367 7.058374 -6.550483
v -2.709021 6.894776 -6.371760
v -2.712157 6.853683 -6.354585
v -2.757688 6.898238 -6.377505
v -2.762874 6.856642 -6.361496
v -2.804994 6.903707 -6.386866
v -2.814254 6.861940 -6.373586
v -2.863008 6.867322 -6.393300
v -2.849474 6.908059 -6.401328
v -2.891697 6.919870 -6.425063
v -2.912019 6.882878 -6.426309
v -2.952001 6.907207 -6.461973
v -2.925201 6.939133 -6.452201
v -2.975910 6.937963 -6.494742
v -2.939582 6.967141 -6.475452
v -2.984425 6.978889 -6.521827
v -2.942753 6.995146 -6.493411
v -2.930797 7.023998 -6.502809
v -2.972391 7.019404 -6.542027
v -2.941261 7.054657 -6.540784
v -2.909097 7.049466 -6.501536
v -2.835172 6.952961 -6.407052
v -2.794443 6.950221 -6.393921
v -2.751919 6.946177 -6.385438
v -2.706045 6.942300 -6.376840
v -2.665763 6.941112 -6.370604
v -2.627551 6.943740 -6.377347
v -2.590837 6.944928 -6.393013
v -2.553016 6.944556 -6.411402
v -2.520041 6.949859 -6.434098
v -2.494623 6.959763 -6.461077
v -2.478531 6.972454 -6.484561
v -2.471478 6.992862 -6.497511
v -2.479197 7.007707 -6.489986
v -2.469377 7.011409 -6.501459
v -2.476612 7.021798 -6.495312
v -2.487355 7.021270 -6.481115
v -2.484408 7.030144 -6.489207
v -2.491362 7.037583 -6.483341
v -2.495369 7.035213 -6.475280
v -2.496379 7.044383 -6.477478
v -2.501415 7.044831 -6.468319
v -2.491481 7.041140 -6.485703
v -2.493189 7.042848 -6.474385
v -2.484912 7.041150 -6.486636
v -2.477068 7.032908 -6.490496
v -2.494361 7.043136 -6.474370
v -2.506258 7.033854 -6.459309
v -2.512155 7.045683 -6.452981
v -2.520287 7.033647 -6.443435
v -2.526784 7.045321 -6.434142
v -2.511276 7.008834 -6.451295
v -2.496951 7.013573 -6.468281
v -2.502275 6.984561 -6.457338
v -2.487170 6.993747 -6.476741
v -2.540897 7.032052 -6.422311
v -2.549211 7.044465 -6.411136
v -2.568452 7.029734 -6.400321
v -2.575809 7.043248 -6.390323
v -2.563270 7.002922 -6.408334
v -2.533128 7.005630 -6.431471
v -2.558219 6.973828 -6.410461
v -2.526677 6.977803 -6.433244
v -2.600813 7.028472 -6.381701
v -2.608050 7.042846 -6.371294
v -2.634829 7.027294 -6.364295
v -2.643208 7.043218 -6.358507
v -2.670874 7.027656 -6.354543
v -2.677801 7.042198 -6.351026
v -2.669982 6.999827 -6.363375
v -2.632833 6.999467 -6.372403
v -2.667332 6.970575 -6.368273
v -2.630265 6.971964 -6.376781
v -2.597398 7.001178 -6.389751
v -2.594459 6.973364 -6.393653
v -2.713271 7.042575 -6.351471
v -2.708619 7.029033 -6.353883
v -2.747996 7.043337 -6.360959
v -2.747988 7.030596 -6.364233
v -2.708863 7.001690 -6.365008
v -2.706885 6.972319 -6.372372
v -2.749416 7.004584 -6.374965
v -2.750002 6.975750 -6.382070
v -2.784094 7.044316 -6.377351
v -2.785528 7.031521 -6.379963
v -2.812381 7.043753 -6.394752
v -2.817235 7.032286 -6.398929
v -2.788574 7.006198 -6.388820
v -2.824587 7.008214 -6.406830
v -2.791038 6.978532 -6.393415
v -2.829216 6.980579 -6.408454
v -2.837462 7.044232 -6.415595
v -2.842371 7.032957 -6.418506
v -2.853381 7.044046 -6.432659
v -2.858356 7.034443 -6.434208
v -2.853554 7.011381 -6.425827
v -2.870898 7.016719 -6.441621
v -2.861621 6.987041 -6.426834
v -2.884261 6.995600 -6.444336
v -2.865476 7.042675 -6.449716
v -2.869225 7.035523 -6.451737
v -2.868734 7.042624 -6.460384
v -2.870164 7.038014 -6.462289
v -2.860468 7.042450 -6.465580
v -2.880646 7.034830 -6.470758
v -2.882046 7.029150 -6.467414
v -2.881830 7.021754 -6.457378
v -2.895321 7.008368 -6.460274
v -2.894546 7.019032 -6.469587
v -2.870306 7.045214 -6.468896
v -2.853930 7.045721 -6.473889
v -2.848351 7.043391 -6.469811
v -2.874099 7.048908 -6.467265
v -2.890640 7.031215 -6.470894
v -2.898027 7.028918 -6.474111
v -2.883669 7.046618 -6.472092
v -2.907562 6.994953 -6.462922
v -2.908066 7.010606 -6.472191
v -2.898334 6.974749 -6.447071
v -2.871369 6.963327 -6.426223
v -2.584650 6.980123 -6.458307
v -2.544260 6.994088 -6.481386
v -2.550138 7.021280 -6.467031
v -2.569516 7.020199 -6.454276
v -2.595563 7.016841 -6.439465
v -2.633858 6.968383 -6.437021
v -2.621269 7.017782 -6.426341
v -2.542099 6.977612 -6.501744
v -2.582580 6.967182 -6.489346
v -2.521030 7.025369 -6.497365
v -2.518780 7.035916 -6.488848
v -2.532352 7.028752 -6.479764
v -2.512148 7.040707 -6.493145
v -2.514256 7.033617 -6.501461
v -2.507196 7.041596 -6.487099
v -2.508524 7.036102 -6.496291
v -2.514917 6.999804 -6.516205
v -2.510538 7.012730 -6.520844
v -2.631254 6.962241 -6.468003
v -2.512849 7.025762 -6.513484
v -2.580503 6.968393 -6.533201
v -2.538211 6.973986 -6.540927
v -2.511444 6.985668 -6.555903
v -2.507958 7.003335 -6.554575
v -2.632881 6.964548 -6.523167
v -2.506440 7.012324 -6.545870
v -2.543601 6.977826 -6.578532
v -2.534281 6.990277 -6.581059
v -2.529827 7.007034 -6.583026
v -2.535694 7.045734 -6.569186
v -2.677617 6.961876 -6.473769
v -2.679233 6.965339 -6.420949
v -2.649156 7.015580 -6.417673
v -2.681488 7.012273 -6.412107
v -2.676400 6.965945 -6.520704
v -2.591965 7.060163 -6.594905
v -2.580299 7.022595 -6.603025
v -2.611993 7.049884 -6.608361
v -2.620418 7.064245 -6.604052
v -2.628596 7.064181 -6.612403
v -2.623972 7.045204 -6.614175
v -2.624590 7.031026 -6.613427
v -2.667594 7.019279 -6.614761
v -2.720648 7.032734 -6.608878
v -2.746289 7.054741 -6.596249
v -2.722833 7.047501 -6.608713
v -2.716013 7.065811 -6.608716
v -2.728267 7.066631 -6.598319
v -2.756872 7.062644 -6.589445
v -2.777799 7.058183 -6.591686
v -2.830008 7.041642 -6.564295
v -2.813837 7.051873 -6.563494
v -2.845646 7.014330 -6.535866
v -2.856102 7.008319 -6.531669
v -2.839524 7.028403 -6.502590
v -2.848435 7.015906 -6.509961
v -2.843970 7.039281 -6.484634
v -2.855875 7.029104 -6.483725
v -2.846888 7.044352 -6.475759
v -2.843846 7.042619 -6.473024
v -2.845937 7.023427 -6.477597
v -2.847839 7.042287 -6.469196
v -2.818780 7.010468 -6.462538
v -2.821243 7.032413 -6.454328
v -2.769647 6.987829 -6.441524
v -2.779204 7.025237 -6.436636
v -2.726984 6.972194 -6.427150
v -2.734902 7.017918 -6.420377
v -2.814013 6.984324 -6.484108
v -2.777269 6.976082 -6.461681
v -2.838080 7.003855 -6.501789
v -2.713748 6.969627 -6.463427
v -2.767921 6.984885 -6.518728
v -2.819911 6.982394 -6.522822
v -2.850091 6.992031 -6.538800
v -2.717991 6.969265 -6.519086
v -2.807147 6.984984 -6.562741
v -2.824572 7.027152 -6.563669
v -2.712503 7.017038 -6.414767
v -2.742536 7.049306 -6.397044
v -2.713694 7.049091 -6.391726
v -2.683497 7.049780 -6.390748
v -2.651970 7.048964 -6.397981
v -2.619778 7.048908 -6.407208
v -2.591605 7.048263 -6.420600
v -2.566038 7.047814 -6.435001
v -2.545108 7.046881 -6.451103
v -2.527867 7.046463 -6.463970
v -2.511577 7.047536 -6.474391
v -2.507394 7.048044 -6.478734
v -2.496845 7.044388 -6.470692
v -2.773618 7.049043 -6.409359
v -2.798383 7.048194 -6.421700
v -2.821866 7.048431 -6.434852
v -2.842558 7.047287 -6.449159
v -2.856034 7.046438 -6.461927
v -2.861573 7.047251 -6.468548
v -2.852833 7.044418 -6.469326
v -2.660501 7.062346 -6.605949
v -2.668774 7.062958 -6.612188
v -2.668774 7.055452 -6.605572
v -2.664497 7.056753 -6.604902
v -2.663648 7.069311 -6.605581
v -2.668774 7.069688 -6.610855
v -2.663665 7.078935 -6.606549
v -2.668774 7.078927 -6.611403
v -2.654702 7.081270 -6.609705
v -2.668774 7.083751 -6.614591
v -2.656385 7.082417 -6.620201
v -2.638194 7.070580 -6.609279
v -2.637467 7.072100 -6.620191
v -2.630846 7.061033 -6.620169
v -2.627131 7.039093 -6.620160
v -2.628042 7.024278 -6.620131
v -2.668774 7.009877 -6.620150
v -2.668774 7.083870 -6.620201
v -2.668774 7.033451 -6.620160
v -2.668774 7.059495 -6.620185
v -2.709506 7.024278 -6.620131
v -2.710416 7.039093 -6.620160
v -2.706702 7.061033 -6.620169
v -2.700081 7.072100 -6.620191
v -2.699805 7.071024 -6.609279
v -2.681163 7.082417 -6.620201
v -2.683013 7.081920 -6.609774
v -2.674067 7.078698 -6.606612
v -2.674067 7.069367 -6.605663
v -2.677046 7.062346 -6.605949
v -2.673051 7.056753 -6.604902
v -2.953370 6.524871 -6.896730
v -2.874301 6.667332 -6.917554
v -2.937161 6.627808 -6.878270
v -3.007954 6.517062 -6.838786
v -3.053113 6.541455 -6.753924
v -3.025468 6.622722 -6.742311
v -2.983004 6.604267 -6.829938
v -2.885479 6.764015 -6.894357
v -2.946311 6.747034 -6.837205
v -2.910795 6.848367 -6.867208
v -2.846358 6.880232 -6.887071
v -2.814531 6.800821 -6.920896
v -2.893721 6.961578 -6.844898
v -2.726185 6.897015 -6.903443
v -2.762560 6.971228 -6.866614
v -2.797131 7.028406 -6.841931
v -2.935231 7.017346 -6.793208
v -2.903155 7.071934 -6.773908
v -2.794564 7.084344 -6.826035
v -2.982650 7.015442 -6.741697
v -2.948965 7.067159 -6.724096
v -3.001958 7.020467 -6.690943
v -2.969801 7.063965 -6.670128
v -3.008846 6.967873 -6.754109
v -2.954081 6.937667 -6.814021
v -3.028550 6.986177 -6.698104
v -2.649295 7.031003 -6.853160
v -2.666492 7.089143 -6.840042
v -2.541403 7.084283 -6.812146
v -2.511116 7.026343 -6.825687
v -2.444646 7.082853 -6.753864
v -2.371372 7.018318 -6.752935
v -2.317199 6.970606 -6.773118
v -2.482894 6.970690 -6.846742
v -2.342362 7.033428 -6.671814
v -2.394378 7.077846 -6.683205
v -2.295291 6.993795 -6.642811
v -2.260184 6.965458 -6.696740
v -2.627048 6.969728 -6.872636
v -2.212003 6.924742 -6.614533
v -2.262156 6.958460 -6.588805
v -2.458156 6.907383 -6.868696
v -2.601226 6.904535 -6.899234
v -2.214994 6.891306 -6.711967
v -2.179017 6.867916 -6.635706
v -2.287741 6.905486 -6.795577
v -2.211463 6.815551 -6.739819
v -2.288558 6.830664 -6.827861
v -2.446800 6.838106 -6.894191
v -2.586007 6.827199 -6.929020
v -2.182178 6.799123 -6.651192
v -2.703537 6.816252 -6.937769
v -2.326870 6.748775 -6.864835
v -2.456352 6.755599 -6.922829
v -2.471544 6.676109 -6.947199
v -2.355980 6.682052 -6.892539
v -2.273741 6.677034 -6.815084
v -2.302060 6.624211 -6.838874
v -2.378903 6.620336 -6.907231
v -2.263579 6.610865 -6.776911
v -2.490709 6.606773 -6.960468
v -2.244896 6.581746 -6.715854
v -2.242784 6.630375 -6.700565
v -2.248577 6.656565 -6.751751
v -2.237373 6.735916 -6.778370
v -2.227522 6.714814 -6.719503
v -2.243023 6.691503 -6.674788
v -2.226978 6.746460 -6.637881
v -2.489650 7.048964 -6.480228
v -2.482339 7.047702 -6.480311
v -2.470036 7.028864 -6.496728
v -2.474356 7.046608 -6.487957
v -2.496458 7.054703 -6.472320
v -2.502476 7.046249 -6.470103
v -2.501894 7.043197 -6.467304
v -2.516361 7.051213 -6.447957
v -2.516303 7.042193 -6.447515
v -2.531756 7.053800 -6.434439
v -2.527800 7.067937 -6.441322
v -2.506846 7.066649 -6.457775
v -2.552561 7.068977 -6.424442
v -2.548369 7.084551 -6.431712
v -2.523946 7.081785 -6.449020
v -2.554520 7.054514 -6.419402
v -2.532404 7.042983 -6.433180
v -2.554571 7.043345 -6.416391
v -2.584879 7.070020 -6.407705
v -2.583506 7.053775 -6.403770
v -2.624915 7.070514 -6.394890
v -2.624572 7.087955 -6.400065
v -2.668756 7.087564 -6.395152
v -2.668533 7.070157 -6.389769
v -2.624210 7.053724 -6.389658
v -2.583070 7.042917 -6.401959
v -2.624995 7.041831 -6.388236
v -2.668964 7.054364 -6.384609
v -2.669616 7.040893 -6.382958
v -2.583210 7.086644 -6.412742
v -2.712942 7.040867 -6.389665
v -2.712495 7.054432 -6.390672
v -2.756929 7.041551 -6.406231
v -2.754916 7.054598 -6.405061
v -2.712210 7.070392 -6.394079
v -2.712970 7.087149 -6.398531
v -2.753939 7.068248 -6.407406
v -2.782652 7.054241 -6.420099
v -2.784760 7.067858 -6.423692
v -2.755278 7.085237 -6.412278
v -2.784081 7.041956 -6.418769
v -2.805964 7.042030 -6.433606
v -2.805984 7.053788 -6.435931
v -2.810721 7.067804 -6.441949
v -2.788535 7.083088 -6.429355
v -2.816369 7.080671 -6.448980
v -2.822113 7.051745 -6.450406
v -2.828591 7.067162 -6.456385
v -2.821001 7.041591 -6.446373
v -2.837652 7.042167 -6.460917
v -2.841556 7.047995 -6.465708
v -2.851986 7.056342 -6.464260
v -2.853676 7.059656 -6.462983
v -2.836251 7.073578 -6.461943
v -2.861078 7.062649 -6.467090
v -2.793148 7.102509 -6.436755
v -2.758466 7.103476 -6.417633
v -2.764923 7.133005 -6.433681
v -2.714612 7.138746 -6.415493
v -2.714478 7.104306 -6.403846
v -2.668727 7.143032 -6.412103
v -2.669580 7.104635 -6.401201
v -2.623273 7.138147 -6.416049
v -2.622503 7.104612 -6.405537
v -2.580443 7.105252 -6.418468
v -2.574304 7.134619 -6.436370
v -2.544329 7.102876 -6.439951
v -2.538934 7.132447 -6.451136
v -2.509021 7.128492 -6.477775
v -2.518456 7.099682 -6.459620
v -2.797590 7.132730 -6.450529
v -2.497777 7.172513 -6.506090
v -2.464324 7.155779 -6.554996
v -2.459008 7.212085 -6.616772
v -2.430318 7.140842 -6.625350
v -2.501100 7.232743 -6.527970
v -2.482802 7.281686 -6.615480
v -2.512214 7.295290 -6.545020
v -2.502436 7.348722 -6.622507
v -2.526810 7.360476 -6.559020
v -2.551898 7.365375 -6.522974
v -2.538626 7.307415 -6.509497
v -2.565544 7.429255 -6.533088
v -2.614250 7.438512 -6.497920
v -2.603838 7.372603 -6.480778
v -2.669706 7.374097 -6.466607
v -2.672414 7.440555 -6.481934
v -2.735872 7.371840 -6.478581
v -2.731257 7.438982 -6.495544
v -2.784865 7.364676 -6.511665
v -2.773868 7.430683 -6.520832
v -2.809660 7.422589 -6.560775
v -2.820608 7.354688 -6.555810
v -2.830094 7.295958 -6.543912
v -2.844495 7.349974 -6.621864
v -2.866514 7.280694 -6.620776
v -2.796961 7.306504 -6.501311
v -2.831583 7.422449 -6.623349
v -2.839061 7.232804 -6.527800
v -2.895848 7.207417 -6.627807
v -2.802902 7.243815 -6.493997
v -2.765276 7.251769 -6.469936
v -2.735810 7.322252 -6.470807
v -2.711719 7.255358 -6.450153
v -2.668590 7.325163 -6.453780
v -2.666391 7.256477 -6.435263
v -2.626105 7.255251 -6.450298
v -2.602169 7.321783 -6.471502
v -2.572731 7.251557 -6.470589
v -2.527612 7.245755 -6.491845
v -2.531258 7.179078 -6.475837
v -2.623200 7.190777 -6.436180
v -2.572726 7.187917 -6.454660
v -2.668045 7.192697 -6.418754
v -2.714333 7.190930 -6.435672
v -2.765656 7.188159 -6.453799
v -2.806429 7.179327 -6.473325
v -2.836476 7.172059 -6.501090
v -2.888721 7.151814 -6.556820
v -2.928095 7.134168 -6.644259
v -2.930488 7.100783 -6.577322
v -2.969805 7.058606 -6.593636
v -3.008122 7.018331 -6.604760
v -3.038985 6.987508 -6.630197
v -3.025129 6.950307 -6.554810
v -3.076684 6.947304 -6.706056
v -3.091521 6.941134 -6.642651
v -3.068311 6.911602 -6.585058
v -2.997637 6.900808 -6.510978
v -3.023131 6.866889 -6.546097
v -2.965888 6.871533 -6.468895
v -2.976048 6.828178 -6.485547
v -2.926614 6.846519 -6.425987
v -2.942655 6.802959 -6.423976
v -2.985502 6.777807 -6.501813
v -2.964760 6.750904 -6.426705
v -2.893198 6.780109 -6.370327
v -2.915343 6.730628 -6.356581
v -2.872659 6.834269 -6.384386
v -3.004614 6.716489 -6.520371
v -2.983589 6.698373 -6.431429
v -2.939314 6.668219 -6.339793
v -2.992139 6.799811 -6.556149
v -2.854716 6.724627 -6.310854
v -2.838379 6.774835 -6.334998
v -2.786045 6.719553 -6.285477
v -2.776531 6.771169 -6.315778
v -2.715720 6.716415 -6.273979
v -2.720183 6.657914 -6.238425
v -2.644779 6.658021 -6.235226
v -2.647640 6.719156 -6.268118
v -2.579459 6.719247 -6.271132
v -2.569830 6.657702 -6.244363
v -2.510285 6.717032 -6.287323
v -2.494750 6.656499 -6.264666
v -2.592679 6.770942 -6.301925
v -2.653930 6.769986 -6.299547
v -2.606517 6.815872 -6.329938
v -2.553662 6.817749 -6.340819
v -2.531401 6.769958 -6.317917
v -2.660891 6.816112 -6.328803
v -2.474350 6.769950 -6.341059
v -2.448875 6.714822 -6.317153
v -2.505172 6.824199 -6.368367
v -2.365821 6.667472 -6.355805
v -2.330551 6.683319 -6.440848
v -2.426743 6.658080 -6.299016
v -2.796815 6.660318 -6.252076
v -2.870054 6.662597 -6.287297
v -2.978655 6.738947 -6.601653
v -2.966841 6.695485 -6.710884
v -2.953993 6.688012 -6.795834
v -2.976248 6.816540 -6.842070
v -3.017488 6.876525 -6.815003
v -3.059422 6.915488 -6.765905
v -2.398670 6.777246 -6.588428
v -2.714497 6.768828 -6.305436
v -2.714193 6.815082 -6.331857
v -2.769183 6.817522 -6.340668
v -2.823799 6.825078 -6.359532
v -2.907961 7.085622 -6.529218
v -2.883339 7.071460 -6.493908
v -2.871520 7.113428 -6.509461
v -2.852090 7.087960 -6.479852
v -2.822712 7.095883 -6.458396
v -2.830524 7.125530 -6.476590
v -2.452446 6.822776 -6.577825
v -2.433017 6.768367 -6.593892
v -2.435210 6.881313 -6.552360
v -2.390366 6.927080 -6.527089
v -2.383242 6.719278 -6.599765
v -2.300483 6.711813 -6.597338
v -2.318351 6.940133 -6.521294
v -2.249151 6.924224 -6.531460
v -2.195107 6.892512 -6.551361
v -2.166615 6.847571 -6.574572
v -2.173528 6.797797 -6.594616
v -2.217596 6.749986 -6.599538
v -2.231484 6.725909 -6.554989
v -2.296800 6.695701 -6.559063
v -2.233180 6.691196 -6.471026
v -2.300524 6.669358 -6.469293
v -2.238427 6.703660 -6.354269
v -2.305856 6.686268 -6.349977
v -2.191257 6.741930 -6.366220
v -2.187958 6.733822 -6.463840
v -2.175788 6.791809 -6.380466
v -2.175515 6.782965 -6.452576
v -2.191008 6.843276 -6.396736
v -2.193910 6.828059 -6.449910
v -2.236086 6.884946 -6.411085
v -2.243460 6.864512 -6.451132
v -2.303205 6.908184 -6.417123
v -2.312209 6.883880 -6.450745
v -2.374382 6.889175 -6.407317
v -2.385343 6.867521 -6.448321
v -2.410071 6.841970 -6.390721
v -2.423730 6.818450 -6.446315
v -2.426229 6.794437 -6.375854
v -2.434917 6.769494 -6.458930
v -2.416735 6.747140 -6.362753
v -2.419595 6.720958 -6.468728
v -2.371252 6.704716 -6.351369
v -2.369684 6.681501 -6.475414
v -2.317402 6.913861 -6.487432
v -2.391494 6.896400 -6.493610
v -2.431238 6.851500 -6.512859
v -2.442851 6.800823 -6.534371
v -2.423217 6.748930 -6.549586
v -2.372538 6.707046 -6.560934
v -2.411359 6.779207 -6.307401
v -2.420324 6.824630 -6.326424
v -2.403692 6.815120 -6.255797
v -2.413308 6.858835 -6.278846
v -2.402809 6.869509 -6.348105
v -2.395082 6.900362 -6.304084
v -2.366785 6.912469 -6.368224
v -2.356939 6.939814 -6.327961
v -2.299315 6.930644 -6.378336
v -2.295438 6.954967 -6.337199
v -2.363297 6.775980 -6.236708
v -2.368370 6.737035 -6.291436
v -2.303847 6.753460 -6.230693
v -2.305254 6.715971 -6.288478
v -2.234607 6.906799 -6.371665
v -2.235577 6.932199 -6.330072
v -2.191502 6.865137 -6.355179
v -2.195401 6.890024 -6.311518
v -2.177226 6.816092 -6.333920
v -2.181514 6.844676 -6.287756
v -2.192539 6.767383 -6.312206
v -2.195174 6.797611 -6.262701
v -2.238488 6.731237 -6.294842
v -2.238801 6.763273 -6.240835
v -2.297717 7.054812 -6.125379
v -2.314158 7.037217 -6.174471
v -2.277647 7.034835 -6.183421
v -2.273764 7.052548 -6.130754
v -2.318167 7.047590 -6.108806
v -2.343117 7.023824 -6.156466
v -2.329318 7.032416 -6.087850
v -2.356514 7.003276 -6.128897
v -2.324927 7.017708 -6.070200
v -2.349778 6.979261 -6.103543
v -2.302155 7.000291 -6.052589
v -2.320307 6.950690 -6.079558
v -2.277939 6.990818 -6.049507
v -2.285494 6.934514 -6.072919
v -2.281796 6.995347 -6.250540
v -2.333328 6.993331 -6.241435
v -2.292279 6.968474 -6.297970
v -2.347953 6.957828 -6.293725
v -2.369662 6.973629 -6.217974
v -2.386098 6.929155 -6.267623
v -2.384941 6.945476 -6.188929
v -2.403547 6.896877 -6.238289
v -2.377145 6.914687 -6.160228
v -2.394590 6.861053 -6.209245
v -2.344705 6.884204 -6.136724
v -2.358152 6.825818 -6.186236
v -2.294856 6.860324 -6.124721
v -2.301505 6.796303 -6.180907
v -2.243277 6.953007 -6.286573
v -2.236892 6.973655 -6.240318
v -2.201394 6.908701 -6.271756
v -2.208997 6.943164 -6.220100
v -2.187742 6.872436 -6.246603
v -2.196668 6.915528 -6.195676
v -2.199999 6.833392 -6.219148
v -2.208177 6.886980 -6.167198
v -2.238394 6.801264 -6.193802
v -2.239481 6.862356 -6.137773
v -2.247714 6.935592 -6.088034
v -2.254116 6.989882 -6.059998
v -2.233005 7.001387 -6.079326
v -2.219881 6.953380 -6.113195
v -2.226930 7.012429 -6.096160
v -2.209871 6.973397 -6.138833
v -2.232671 7.026596 -6.113142
v -2.219059 6.993821 -6.159570
v -2.251537 7.042746 -6.126573
v -2.243293 7.016933 -6.177689
v -2.252281 7.020049 -6.064106
v -2.275356 7.018414 -6.052423
v -2.249281 7.034998 -6.078658
v -2.272341 7.054838 -6.099561
v -2.251935 7.043215 -6.091786
v -2.270821 7.043950 -6.073080
v -2.187432 6.770715 -6.543109
v -2.173912 6.820433 -6.525091
v -2.196126 6.864454 -6.506787
v -2.248072 6.897815 -6.493852
v -2.291594 7.055032 -6.089997
v -2.295710 7.045729 -6.073706
v -2.296105 7.028424 -6.058092
v -3.052928 6.830338 -6.581341
v -3.005688 6.790939 -6.583243
v -3.102704 6.870223 -6.608521
v -3.132931 6.894929 -6.657909
v -2.968169 6.748940 -6.622719
v -2.957996 6.714794 -6.702258
v -3.133775 6.891003 -6.720809
v -3.104644 6.862700 -6.774800
v -3.065710 6.822993 -6.816766
v -3.024513 6.784923 -6.827648
v -2.985305 6.748810 -6.808150
v -2.955417 6.717858 -6.765653
v -2.994083 6.695971 -6.750300
v -2.975153 6.703543 -6.701406
v -3.042511 6.638850 -6.705212
v -3.009391 6.677325 -6.677872
v -3.059819 6.610307 -6.610977
v -3.023988 6.660728 -6.594485
v -3.113816 6.583908 -6.624060
v -3.092385 6.621253 -6.723352
v -3.173398 6.591357 -6.631897
v -3.148121 6.631097 -6.733825
v -3.219381 6.632310 -6.628960
v -3.195008 6.669825 -6.728196
v -3.240464 6.689345 -6.617214
v -3.220497 6.721833 -6.708620
v -3.243524 6.756930 -6.600670
v -3.228455 6.781779 -6.684267
v -3.200628 6.812214 -6.580639
v -3.194917 6.829973 -6.654878
v -3.142469 6.825655 -6.569519
v -3.140117 6.837971 -6.636961
v -3.091313 6.813820 -6.564226
v -3.087511 6.820354 -6.631584
v -3.047024 6.784856 -6.564903
v -3.042390 6.789468 -6.634113
v -3.018990 6.730332 -6.574303
v -3.011070 6.737810 -6.649743
v -3.168049 6.853698 -6.722167
v -3.159674 6.860591 -6.661477
v -3.127624 6.839480 -6.621939
v -3.082039 6.806100 -6.603860
v -3.034476 6.769111 -6.607083
v -2.992825 6.732464 -6.642200
v -3.049819 6.782620 -6.514339
v -3.093936 6.809596 -6.515779
v -3.062189 6.773715 -6.470020
v -3.104475 6.799261 -6.472358
v -3.145036 6.816538 -6.520812
v -3.154038 6.802044 -6.477020
v -3.201913 6.800079 -6.528853
v -3.207590 6.783452 -6.482785
v -3.244812 6.743778 -6.542142
v -3.247166 6.729359 -6.491179
v -3.035176 6.723961 -6.470834
v -3.023325 6.728308 -6.519359
v -3.035209 6.659449 -6.475219
v -3.030694 6.656382 -6.535737
v -3.243502 6.674715 -6.554083
v -3.244376 6.664257 -6.497305
v -3.222741 6.618518 -6.563076
v -3.221746 6.610724 -6.498761
v -3.178597 6.580155 -6.565313
v -3.177928 6.575357 -6.496026
v -3.120106 6.575492 -6.558629
v -3.122751 6.575545 -6.490255
v -3.066927 6.603482 -6.547608
v -3.070677 6.604461 -6.482941
v -3.190655 6.770179 -6.245336
v -3.202335 6.739915 -6.241137
v -3.222608 6.736895 -6.295389
v -3.205064 6.776326 -6.300041
v -3.168401 6.791051 -6.244147
v -3.175087 6.800543 -6.299787
v -3.142266 6.798057 -6.240807
v -3.136146 6.807429 -6.295473
v -3.117899 6.787153 -6.233479
v -3.104275 6.792193 -6.289599
v -3.102119 6.760617 -6.227246
v -3.078943 6.756033 -6.282249
v -3.099923 6.727510 -6.222574
v -3.075575 6.712489 -6.274933
v -3.239515 6.725680 -6.374748
v -3.213988 6.775181 -6.380987
v -3.246457 6.719913 -6.443236
v -3.213622 6.773912 -6.446043
v -3.171562 6.800181 -6.382817
v -3.164888 6.796071 -6.445647
v -3.127613 6.804609 -6.380254
v -3.117477 6.798797 -6.442009
v -3.088624 6.785292 -6.374022
v -3.075873 6.777050 -6.436634
v -3.060067 6.744920 -6.364895
v -3.046360 6.732008 -6.430120
v -3.053460 6.686967 -6.355384
v -3.042007 6.668494 -6.425256
v -3.240479 6.658824 -6.440053
v -3.233050 6.671826 -6.367629
v -3.215699 6.610806 -6.435651
v -3.206127 6.632089 -6.361723
v -3.172818 6.581366 -6.430719
v -3.169738 6.609050 -6.355806
v -3.122128 6.586867 -6.427215
v -3.125896 6.612831 -6.352454
v -3.073751 6.615048 -6.424236
v -3.082929 6.637876 -6.351322
v -3.097917 6.674263 -6.271482
v -3.114660 6.699633 -6.220720
v -3.140616 6.681700 -6.220722
v -3.133206 6.651525 -6.271421
v -3.165996 6.678738 -6.224605
v -3.165955 6.648647 -6.273815
v -3.185149 6.691069 -6.229383
v -3.195586 6.665172 -6.280688
v -3.201413 6.714526 -6.237246
v -3.218228 6.697062 -6.287949
v -3.139156 6.710450 -6.202735
v -3.162899 6.712522 -6.202578
v -3.179719 6.718720 -6.210532
v -3.183069 6.742361 -6.214736
v -3.156806 6.739765 -6.200506
v -3.123410 6.734551 -6.203083
v -3.029507 6.709295 -6.792248
v -3.072589 6.736441 -6.816679
v -3.112642 6.773369 -6.809555
v -3.145372 6.818159 -6.772232
v -3.170923 6.766954 -6.216808
v -3.150798 6.768041 -6.209010
v -3.128847 6.761978 -6.207329
v -2.486490 6.038167 -6.801287
v -2.479017 5.998491 -6.790545
v -2.455189 5.999868 -6.797410
v -2.455461 6.040373 -6.809519
v -2.453778 5.975452 -6.779840
v -2.481061 5.977318 -6.771891
v -2.500195 5.995317 -6.773918
v -2.513315 6.031985 -6.779304
v -2.530600 6.024862 -6.747510
v -2.512422 5.993181 -6.751831
v -2.482065 5.971435 -6.757000
v -2.429650 5.997925 -6.794210
v -2.425783 5.974828 -6.776968
v -2.405075 5.994764 -6.781418
v -2.385205 5.989599 -6.757780
v -2.421307 5.965759 -6.759038
v -2.363582 6.032276 -6.758111
v -2.390933 6.037066 -6.788452
v -2.422657 6.039073 -6.805620
v -2.452332 5.965714 -6.761992
v -2.348155 6.077364 -6.752244
v -2.380000 6.081224 -6.788937
v -2.416975 6.083794 -6.808433
v -2.455476 6.087358 -6.813998
v -2.492243 6.084245 -6.803391
v -2.523417 6.076253 -6.778323
v -2.542966 6.065227 -6.742067
v -2.436822 7.113818 -6.576714
v -2.479746 7.114782 -6.509139
v -2.453766 7.090423 -6.536421
v -2.471215 7.073153 -6.503799
v -2.492022 7.090119 -6.480356
v -2.500988 7.075376 -6.463615
v -2.489902 7.056857 -6.473804
v -2.485032 7.061836 -6.479249
v -2.503487 7.042670 -6.482071
v -2.506427 7.055809 -6.493726
v -2.514695 7.060938 -6.525093
v -2.544810 7.070236 -6.557611
v -2.531651 7.074585 -6.472450
v -2.541303 7.091886 -6.510422
v -2.575797 7.087215 -6.453994
v -2.587263 7.107674 -6.495713
v -2.555112 7.089344 -6.544132
v -2.598017 7.104679 -6.542120
v -2.638305 7.115299 -6.488406
v -2.644616 7.112409 -6.539418
v -2.629774 7.093286 -6.441352
v -2.668615 7.095962 -6.438493
v -2.668793 7.117466 -6.486386
v -2.668930 7.114392 -6.538115
v -2.604994 7.088564 -6.582012
v -2.635007 7.073359 -6.599446
v -2.654294 7.085461 -6.599841
v -2.664914 7.079111 -6.598673
v -2.668793 7.088217 -6.594318
v -2.668923 7.079465 -6.595452
v -2.668727 7.101596 -6.580245
v -2.649584 7.099873 -6.582750
v -2.668774 7.070290 -6.593489
v -2.664565 7.070071 -6.595612
v -2.668774 7.064289 -6.592169
v -2.661503 7.063840 -6.593659
v -2.665068 7.058590 -6.596414
v -2.668774 7.057199 -6.594982
v -2.673290 7.070236 -6.595337
v -2.676045 7.063840 -6.593659
v -2.672480 7.058590 -6.596414
v -2.672908 7.078953 -6.598545
v -2.683310 7.085535 -6.599923
v -2.702003 7.072913 -6.598398
v -2.687996 7.099937 -6.582880
v -2.732496 7.088462 -6.581937
v -2.792900 7.070759 -6.557689
v -2.821014 7.060266 -6.524397
v -2.828866 7.056783 -6.492065
v -2.807299 7.076344 -6.471971
v -2.797034 7.091514 -6.508995
v -2.763471 7.089696 -6.453029
v -2.752074 7.108696 -6.492362
v -2.783131 7.090565 -6.544874
v -2.740363 7.105714 -6.543083
v -2.699916 7.116309 -6.487587
v -2.693118 7.113280 -6.539526
v -2.708156 7.094634 -6.440599
v -2.831796 7.039886 -6.478166
v -2.838593 7.042004 -6.466265
v -2.828913 7.040372 -6.463943
v -2.806826 7.041423 -6.456372
v -2.803860 7.032722 -6.452185
v -2.767338 7.043126 -6.434507
v -2.766106 7.027577 -6.432319
v -2.711909 7.021058 -6.419662
v -2.711428 7.040918 -6.419487
v -2.668827 7.040036 -6.414900
v -2.668613 7.020403 -6.412457
v -2.625622 7.020393 -6.419463
v -2.625540 7.038817 -6.420747
v -2.570400 7.040485 -6.435582
v -2.581466 7.023182 -6.429522
v -2.561444 7.025805 -6.435490
v -2.541346 7.030598 -6.446836
v -2.531192 7.040646 -6.455189
v -2.526237 7.035898 -6.455802
v -2.504752 7.041481 -6.471508
v -2.529543 7.054389 -6.460912
v -2.570473 7.061596 -6.442173
v -2.626648 7.064217 -6.425875
v -2.668934 7.066302 -6.422037
v -2.709243 7.065380 -6.426130
v -2.767218 7.060926 -6.441614
v -2.809944 7.052819 -6.460706
v -2.727350 7.492904 -6.503865
v -2.765727 7.491443 -6.526357
v -2.757061 7.550210 -6.529062
v -2.721249 7.549473 -6.512215
v -2.675251 7.491033 -6.491624
v -2.680176 7.549093 -6.503104
v -2.788916 7.550716 -6.558408
v -2.799959 7.490536 -6.562933
v -2.820383 7.492527 -6.621097
v -2.809831 7.553044 -6.610851
v -2.756007 7.628402 -6.519933
v -2.722741 7.626225 -6.497931
v -2.722588 7.699612 -6.480557
v -2.751110 7.703907 -6.500157
v -2.683434 7.624552 -6.487604
v -2.686567 7.697521 -6.473889
v -2.779611 7.631002 -6.548704
v -2.770684 7.708973 -6.527311
v -2.794981 7.634562 -6.597730
v -2.780691 7.714646 -6.571990
v -2.688156 7.765429 -6.462895
v -2.717275 7.766791 -6.466089
v -2.688738 7.810162 -6.466295
v -2.712003 7.811148 -6.467620
v -2.688650 7.835546 -6.476582
v -2.711114 7.837048 -6.478140
v -2.688545 7.860889 -6.506477
v -2.713032 7.860446 -6.508455
v -2.743469 7.843005 -6.515246
v -2.742194 7.824739 -6.488412
v -2.739283 7.804576 -6.478093
v -2.745342 7.772790 -6.481015
v -2.757410 7.823266 -6.524413
v -2.754660 7.809970 -6.496652
v -2.769095 7.785172 -6.541069
v -2.763422 7.778085 -6.505312
v -2.786020 7.638518 -6.647736
v -2.771364 7.719772 -6.617414
v -2.765560 7.641437 -6.679557
v -2.754428 7.722929 -6.645171
v -2.718624 7.723719 -6.675868
v -2.723383 7.644904 -6.711008
v -2.801987 7.554936 -6.666142
v -2.810530 7.496942 -6.678392
v -2.777632 7.498158 -6.722179
v -2.775441 7.556659 -6.706189
v -2.788330 7.424195 -6.736461
v -2.730547 7.424129 -6.773454
v -2.726342 7.498951 -6.757817
v -2.822579 7.423091 -6.687205
v -2.727555 7.558138 -6.740585
v -2.685453 7.722205 -6.687326
v -2.681227 7.645756 -6.724293
v -2.672147 7.498903 -6.769881
v -2.676674 7.558526 -6.753845
v -2.669415 7.424055 -6.787334
v -2.637980 7.646416 -6.714474
v -2.650602 7.726442 -6.680338
v -2.594351 7.642304 -6.682586
v -2.611859 7.726235 -6.649549
v -2.595446 7.722187 -6.619781
v -2.575140 7.639910 -6.649595
v -2.590997 7.715184 -6.572538
v -2.570159 7.634877 -6.597756
v -2.558253 7.554699 -6.667783
v -2.553780 7.552116 -6.611258
v -2.544558 7.494760 -6.678169
v -2.573350 7.496534 -6.718202
v -2.580052 7.556562 -6.705785
v -2.525851 7.420029 -6.689014
v -2.520015 7.420776 -6.623997
v -2.538020 7.490403 -6.621817
v -2.555125 7.422999 -6.734530
v -2.619173 7.498785 -6.756641
v -2.609674 7.423721 -6.772308
v -2.626547 7.558475 -6.741686
v -2.509235 7.346989 -6.697246
v -2.488339 7.277395 -6.690813
v -2.528970 7.277676 -6.749292
v -2.541401 7.349834 -6.744833
v -2.593663 7.279182 -6.792945
v -2.600893 7.351038 -6.783940
v -2.670346 7.279657 -6.813866
v -2.669396 7.351744 -6.802533
v -2.738898 7.350775 -6.785205
v -2.749976 7.278436 -6.795174
v -2.801386 7.349934 -6.744707
v -2.820796 7.275784 -6.747352
v -2.836375 7.350089 -6.692336
v -2.858836 7.273370 -6.698466
v -2.854359 7.196174 -6.750185
v -2.888013 7.194632 -6.703892
v -2.767262 7.205742 -6.804715
v -2.671489 7.207932 -6.822339
v -2.585843 7.208735 -6.799509
v -2.507091 7.209724 -6.748211
v -2.463489 7.205946 -6.685632
v -2.438209 7.143065 -6.688347
v -2.485093 7.145433 -6.750773
v -2.563955 7.146428 -6.802753
v -2.676826 7.144676 -6.830919
v -2.781709 7.143847 -6.814728
v -2.873523 7.135611 -6.757096
v -2.913368 7.132347 -6.708253
v -2.712786 7.861567 -6.543004
v -2.688872 7.864250 -6.540630
v -2.688363 7.852828 -6.568843
v -2.711708 7.850975 -6.566266
v -2.739052 7.844964 -6.547904
v -2.733327 7.841376 -6.563242
v -2.712643 7.831684 -6.590487
v -2.688539 7.831553 -6.597610
v -2.715325 7.793840 -6.626386
v -2.687386 7.792953 -6.637421
v -2.738577 7.828308 -6.574185
v -2.749687 7.827857 -6.556840
v -2.759974 7.789725 -6.579786
v -2.745216 7.792254 -6.602681
v -2.659638 7.795258 -6.628149
v -2.664516 7.830389 -6.590421
v -2.666036 7.848469 -6.565572
v -2.666573 7.857481 -6.543410
v -2.666614 7.855209 -6.510570
v -2.640613 7.836456 -6.518761
v -2.642623 7.840420 -6.548169
v -2.646047 7.838085 -6.562687
v -2.640040 7.825415 -6.575148
v -2.627779 7.819589 -6.526148
v -2.631686 7.825274 -6.557781
v -2.611561 7.783304 -6.542970
v -2.616541 7.789590 -6.581670
v -2.629973 7.792803 -6.604625
v -2.623917 7.492468 -6.505981
v -2.638945 7.548680 -6.512731
v -2.598296 7.548881 -6.535650
v -2.579115 7.490288 -6.538380
v -2.574603 7.550176 -6.560759
v -2.557269 7.488776 -6.567079
v -2.608262 7.628718 -6.521034
v -2.643723 7.626271 -6.495889
v -2.650672 7.699666 -6.480545
v -2.620899 7.703640 -6.502148
v -2.587447 7.631319 -6.549270
v -2.603808 7.708802 -6.528329
v -2.660823 7.766773 -6.468503
v -2.666727 7.809983 -6.471754
v -2.668098 7.833443 -6.482294
v -2.642023 7.819841 -6.494781
v -2.642966 7.801884 -6.483776
v -2.631130 7.806903 -6.501608
v -2.619152 7.776198 -6.509273
v -2.632923 7.772101 -6.486698
v -2.542156 7.425455 -6.564612
v -2.731458 7.443683 -6.488788
v -2.716195 7.433192 -6.479286
v -2.740605 7.419724 -6.486680
v -2.748609 7.429251 -6.495457
v -2.731028 7.411469 -6.479601
v -2.713787 7.424442 -6.475906
v -2.723192 7.442439 -6.500687
v -2.712296 7.453646 -6.491137
v -2.714026 7.453768 -6.483917
v -2.737620 7.429850 -6.510422
v -2.707797 7.422915 -6.484263
v -2.692801 7.430380 -6.481836
v -2.695021 7.432216 -6.476089
v -2.725646 7.411045 -6.487812
v -2.767309 7.410487 -6.505966
v -2.759713 7.402015 -6.495054
v -2.758883 7.410841 -6.518030
v -2.780043 7.393110 -6.513168
v -2.765498 7.398355 -6.498344
v -2.776144 7.389143 -6.508834
v -2.775975 7.394046 -6.521612
v -2.769709 7.389202 -6.517972
v -2.756479 7.394747 -6.512805
v -2.772938 7.379634 -6.501252
v -2.769106 7.375904 -6.499144
v -2.767803 7.380952 -6.508825
v -2.764048 7.375438 -6.503542
v -2.751197 7.392684 -6.488438
v -2.744700 7.393332 -6.497311
v -2.708207 7.448335 -6.482666
v -2.705282 7.447925 -6.488033
v -2.708452 7.432606 -6.489791
v -2.697230 7.435933 -6.484451
v -2.699813 7.436371 -6.477516
v -2.619666 7.450054 -6.493382
v -2.599291 7.437962 -6.499482
v -2.606789 7.425439 -6.490230
v -2.636889 7.439512 -6.485672
v -2.616988 7.416320 -6.485350
v -2.637427 7.426941 -6.482103
v -2.624860 7.449131 -6.503417
v -2.642182 7.458383 -6.494967
v -2.639922 7.458523 -6.491913
v -2.606376 7.437796 -6.511223
v -2.642178 7.427051 -6.487780
v -2.656109 7.435117 -6.483029
v -2.622959 7.416516 -6.494221
v -2.575322 7.419030 -6.508222
v -2.583226 7.409969 -6.498427
v -2.585146 7.419762 -6.521173
v -2.561256 7.403440 -6.517087
v -2.576126 7.404050 -6.501719
v -2.566130 7.398069 -6.513145
v -2.566463 7.402265 -6.525445
v -2.573239 7.398923 -6.522684
v -2.586639 7.400455 -6.516712
v -2.570127 7.385539 -6.504477
v -2.574907 7.380396 -6.501031
v -2.571365 7.385062 -6.510390
v -2.577618 7.379744 -6.505726
v -2.593504 7.397301 -6.492163
v -2.598758 7.397870 -6.500747
v -2.645194 7.438696 -6.493759
v -2.647658 7.453954 -6.490968
v -2.645040 7.454117 -6.486500
v -2.654817 7.440305 -6.487805
v -2.653579 7.440753 -6.483239
v -2.863685 7.282984 -6.447865
v -2.861398 7.281436 -6.458390
v -2.847684 7.309429 -6.459415
v -2.850071 7.311002 -6.448954
v -2.826790 7.332251 -6.458354
v -2.829077 7.333804 -6.447831
v -2.799884 7.347478 -6.454753
v -2.802170 7.349029 -6.444228
v -2.769904 7.353686 -6.449156
v -2.772189 7.355234 -6.438630
v -2.739780 7.350260 -6.442112
v -2.742065 7.351812 -6.431586
v -2.712465 7.337546 -6.434307
v -2.714749 7.339094 -6.423782
v -2.690630 7.316779 -6.426509
v -2.692916 7.318329 -6.415985
v -2.676415 7.289997 -6.419481
v -2.678701 7.291544 -6.408955
v -2.671210 7.259820 -6.413908
v -2.673496 7.261370 -6.403382
v -2.675524 7.229204 -6.410339
v -2.677809 7.230754 -6.399813
v -2.688935 7.201143 -6.409119
v -2.691220 7.202693 -6.398594
v -2.710132 7.178387 -6.410372
v -2.712418 7.179935 -6.399847
v -2.737037 7.163159 -6.413975
v -2.739324 7.164707 -6.403448
v -2.767019 7.156954 -6.419570
v -2.769305 7.158504 -6.409045
v -2.797143 7.160378 -6.426617
v -2.799429 7.161925 -6.416092
v -2.824456 7.173094 -6.434421
v -2.826743 7.174644 -6.423895
v -2.846292 7.193859 -6.442218
v -2.848578 7.195409 -6.431693
v -2.860507 7.220641 -6.449248
v -2.862793 7.222191 -6.438722
v -2.865713 7.250815 -6.454821
v -2.867999 7.252368 -6.444294
v -2.770746 7.256867 -6.423837
v -2.768462 7.255318 -6.434363
v -2.473862 7.282984 -6.447865
v -2.487477 7.311002 -6.448954
v -2.489864 7.309429 -6.459415
v -2.476149 7.281436 -6.458390
v -2.510758 7.332253 -6.458354
v -2.508472 7.333804 -6.447831
v -2.537663 7.347478 -6.454753
v -2.535377 7.349031 -6.444228
v -2.567645 7.353686 -6.449156
v -2.565358 7.355234 -6.438630
v -2.597769 7.350260 -6.442112
v -2.595482 7.351812 -6.431586
v -2.625082 7.337546 -6.434307
v -2.622798 7.339094 -6.423782
v -2.646917 7.316779 -6.426509
v -2.644631 7.318329 -6.415985
v -2.661133 7.289997 -6.419481
v -2.658847 7.291544 -6.408955
v -2.666338 7.259820 -6.413908
v -2.664051 7.261370 -6.403382
v -2.662024 7.229204 -6.410339
v -2.659738 7.230754 -6.399813
v -2.648613 7.201143 -6.409119
v -2.646327 7.202693 -6.398594
v -2.627415 7.178387 -6.410372
v -2.625129 7.179935 -6.399847
v -2.600510 7.163159 -6.413975
v -2.598224 7.164707 -6.403448
v -2.570529 7.156954 -6.419570
v -2.568243 7.158504 -6.409045
v -2.540405 7.160378 -6.426617
v -2.538118 7.161925 -6.416092
v -2.513091 7.173094 -6.434421
v -2.510805 7.174644 -6.423895
v -2.491256 7.193859 -6.442218
v -2.488970 7.195409 -6.431693
v -2.477040 7.220641 -6.449248
v -2.474754 7.222193 -6.438722
v -2.471836 7.250815 -6.454821
v -2.469549 7.252368 -6.444294
v -2.566802 7.256867 -6.423837
v -2.569085 7.255318 -6.434363
v -2.866818 7.347504 -6.448078
v -2.877738 7.324926 -6.450440
v -2.879575 7.325821 -6.454682
v -2.867721 7.349467 -6.452517
v -2.865080 7.345559 -6.446329
v -2.845567 7.362000 -6.439447
v -2.846268 7.364154 -6.440766
v -2.845838 7.365906 -6.444836
v -2.875396 7.323981 -6.448513
v -2.885178 7.280817 -6.447958
v -2.886380 7.280493 -6.452097
v -2.820567 7.326627 -6.424414
v -2.831070 7.316590 -6.427062
v -2.883116 7.280863 -6.446229
v -2.885888 7.239784 -6.442062
v -2.886692 7.239001 -6.446115
v -2.884165 7.202280 -6.437832
v -2.882592 7.203896 -6.433324
v -2.876369 7.176829 -6.425218
v -2.880445 7.204801 -6.431652
v -2.874179 7.178617 -6.423600
v -2.862242 7.158257 -6.413717
v -2.863679 7.155639 -6.414877
v -2.877641 7.174086 -6.429804
v -2.863424 7.152526 -6.419233
v -2.850368 7.166685 -6.472470
v -2.837556 7.146973 -6.462723
v -2.884076 7.240164 -6.440334
v -2.854532 7.245739 -6.425218
v -2.848094 7.219705 -6.417279
v -2.857507 7.194356 -6.480103
v -2.860618 7.231881 -6.487057
v -2.860279 7.274410 -6.493685
v -2.852079 7.276906 -6.429776
v -2.839883 7.304845 -6.428989
v -2.853336 7.319185 -6.497897
v -2.842740 7.341938 -6.496423
v -2.706783 7.144166 -6.375336
v -2.717421 7.144100 -6.375906
v -2.718271 7.145852 -6.370144
v -2.707566 7.146163 -6.368971
v -2.707893 7.148130 -6.367021
v -2.718603 7.147723 -6.368279
v -2.760520 7.144454 -6.377843
v -2.760938 7.145872 -6.375967
v -2.710264 7.207924 -6.377386
v -2.698347 7.200118 -6.373771
v -2.686860 7.236921 -6.380013
v -2.693541 7.238696 -6.381611
v -2.685169 7.278270 -6.387545
v -2.691475 7.276761 -6.388494
v -2.704345 7.307636 -6.394650
v -2.694728 7.314311 -6.393536
v -2.730541 7.190326 -6.376735
v -2.763208 7.176477 -6.380086
v -2.711636 7.349209 -6.399772
v -2.725158 7.328470 -6.400324
v -2.741041 7.374510 -6.409629
v -2.709320 7.373686 -6.403949
v -2.709033 7.375815 -6.405234
v -2.740237 7.375402 -6.414282
v -2.708274 7.376282 -6.410326
v -2.730973 7.366069 -6.461773
v -2.764345 7.365617 -6.468156
v -2.777226 7.373977 -6.422195
v -2.702125 7.365281 -6.458860
v -2.668774 7.349209 -6.399772
v -2.668774 7.373686 -6.403949
v -2.798322 7.363109 -6.478720
v -2.815823 7.371945 -6.433726
v -2.778180 7.373024 -6.418112
v -2.747645 7.339359 -6.405628
v -2.816937 7.370428 -6.429304
v -2.804624 7.336552 -6.420009
v -2.776772 7.343188 -6.412635
v -2.824055 7.357740 -6.489850
v -2.668774 7.375815 -6.405234
v -2.668774 7.376282 -6.410326
v -2.668774 7.365283 -6.458848
v -2.628515 7.375815 -6.405234
v -2.628228 7.373686 -6.403949
v -2.596507 7.374510 -6.409629
v -2.597311 7.375402 -6.414282
v -2.629274 7.376282 -6.410326
v -2.606575 7.366069 -6.461773
v -2.573202 7.365620 -6.468156
v -2.560322 7.373977 -6.422195
v -2.635422 7.365281 -6.458860
v -2.625912 7.349209 -6.399772
v -2.539226 7.363109 -6.478720
v -2.521724 7.371945 -6.433726
v -2.559367 7.373024 -6.418112
v -2.612390 7.328470 -6.400324
v -2.633203 7.307636 -6.394650
v -2.642820 7.314311 -6.393536
v -2.652379 7.278270 -6.387545
v -2.646073 7.276761 -6.388494
v -2.644007 7.238696 -6.381611
v -2.650688 7.236921 -6.380013
v -2.627283 7.207924 -6.377386
v -2.639202 7.200118 -6.373771
v -2.629655 7.148130 -6.367021
v -2.618944 7.147723 -6.368279
v -2.619276 7.145852 -6.370144
v -2.577028 7.144454 -6.377843
v -2.576609 7.145872 -6.375967
v -2.629982 7.146163 -6.368971
v -2.630764 7.144166 -6.375336
v -2.620127 7.144100 -6.375906
v -2.607007 7.190326 -6.376735
v -2.574340 7.176477 -6.380086
v -2.532952 7.143279 -6.388784
v -2.534329 7.141428 -6.393360
v -2.497421 7.144495 -6.402081
v -2.498463 7.141793 -6.406405
v -2.550642 7.137140 -6.439055
v -2.519958 7.137533 -6.451457
v -2.474123 7.152526 -6.419233
v -2.499992 7.146973 -6.462723
v -2.473869 7.155639 -6.414877
v -2.475306 7.158257 -6.413717
v -2.461179 7.176829 -6.425218
v -2.463369 7.178617 -6.423600
v -2.459906 7.174086 -6.429804
v -2.487180 7.166685 -6.472470
v -2.457103 7.204801 -6.431652
v -2.454955 7.203896 -6.433324
v -2.453383 7.202280 -6.437832
v -2.453471 7.240164 -6.440334
v -2.483016 7.245739 -6.425218
v -2.489453 7.219705 -6.417279
v -2.451660 7.239784 -6.442062
v -2.450856 7.239001 -6.446115
v -2.451168 7.280493 -6.452097
v -2.452369 7.280817 -6.447958
v -2.457973 7.325821 -6.454682
v -2.459810 7.324929 -6.450440
v -2.470729 7.347504 -6.448078
v -2.469827 7.349467 -6.452517
v -2.472468 7.345559 -6.446329
v -2.491980 7.362000 -6.439447
v -2.491279 7.364154 -6.440766
v -2.491709 7.365906 -6.444836
v -2.462152 7.323981 -6.448513
v -2.516981 7.326627 -6.424414
v -2.506479 7.316590 -6.427062
v -2.454431 7.280865 -6.446229
v -2.476929 7.231881 -6.487057
v -2.480041 7.194356 -6.480103
v -2.485469 7.276906 -6.429776
v -2.497665 7.304845 -6.428989
v -2.477270 7.274410 -6.493685
v -2.484211 7.319185 -6.497897
v -2.494808 7.341938 -6.496423
v -2.797100 7.361013 -6.480172
v -2.822376 7.355874 -6.491004
v -2.803546 7.322252 -6.480286
v -2.787759 7.331522 -6.475893
v -2.763713 7.363440 -6.469853
v -2.761830 7.338354 -6.468941
v -2.730818 7.363869 -6.463487
v -2.733714 7.336470 -6.462283
v -2.701894 7.363070 -6.460427
v -2.710406 7.326191 -6.457017
v -2.814420 7.312562 -6.483088
v -2.840634 7.340394 -6.497373
v -2.850928 7.318025 -6.498755
v -2.823506 7.300636 -6.485138
v -2.835855 7.270063 -6.485888
v -2.857590 7.273882 -6.494569
v -2.837229 7.235776 -6.480620
v -2.857902 7.231932 -6.487993
v -2.829123 7.208666 -6.471943
v -2.854958 7.194902 -6.481104
v -2.819001 7.193627 -6.464792
v -2.848024 7.167628 -6.473613
v -2.809470 7.184401 -6.459000
v -2.835529 7.148268 -6.464103
v -2.816016 7.139068 -6.453142
v -2.798515 7.177273 -6.453435
v -2.785967 7.138774 -6.441151
v -2.779337 7.170362 -6.445124
v -2.749478 7.170035 -6.436878
v -2.748569 7.141196 -6.430705
v -2.712033 7.186066 -6.433205
v -2.710776 7.144975 -6.425490
v -2.700608 7.146512 -6.424817
v -2.668774 7.195809 -6.432274
v -2.692638 7.203863 -6.434011
v -2.677547 7.232251 -6.437715
v -2.668774 7.230598 -6.437616
v -2.674533 7.269811 -6.443850
v -2.668774 7.270492 -6.444231
v -2.668774 7.304659 -6.450302
v -2.688235 7.304644 -6.450574
v -2.668774 7.363038 -6.460347
v -2.668774 7.146690 -6.424792
v -2.663015 7.269811 -6.443850
v -2.660001 7.232251 -6.437715
v -2.649313 7.304644 -6.450574
v -2.635653 7.363070 -6.460427
v -2.644909 7.203863 -6.434011
v -2.627142 7.326191 -6.457017
v -2.603833 7.336470 -6.462283
v -2.606729 7.363869 -6.463487
v -2.575717 7.338354 -6.468941
v -2.573836 7.363440 -6.469853
v -2.549789 7.331522 -6.475893
v -2.540447 7.361013 -6.480172
v -2.534002 7.322252 -6.480286
v -2.515172 7.355876 -6.491004
v -2.523127 7.312562 -6.483088
v -2.496915 7.340394 -6.497373
v -2.486619 7.318025 -6.498755
v -2.514042 7.300636 -6.485138
v -2.501692 7.270063 -6.485888
v -2.479957 7.273882 -6.494569
v -2.500319 7.235776 -6.480620
v -2.479645 7.231932 -6.487993
v -2.508424 7.208666 -6.471943
v -2.482590 7.194902 -6.481104
v -2.518546 7.193627 -6.464792
v -2.489524 7.167628 -6.473613
v -2.528078 7.184401 -6.459000
v -2.502019 7.148268 -6.464103
v -2.521532 7.139068 -6.453142
v -2.539032 7.177273 -6.453435
v -2.551581 7.138774 -6.441151
v -2.558210 7.170362 -6.445124
v -2.588070 7.170035 -6.436878
v -2.588979 7.141196 -6.430705
v -2.625514 7.186066 -6.433205
v -2.626772 7.144975 -6.425490
v -2.636939 7.146512 -6.424817
v -2.817590 7.137533 -6.451457
v -2.839085 7.141793 -6.406405
v -2.786905 7.137140 -6.439055
v -2.803219 7.141428 -6.393360
v -2.840126 7.144495 -6.402081
v -2.839846 7.146976 -6.401125
v -2.804596 7.143279 -6.388784
v -2.804979 7.145140 -6.387532
v -2.759443 7.142961 -6.382879
v -2.748928 7.139513 -6.428506
v -2.829651 7.193484 -6.404586
v -2.838971 7.203858 -6.410339
v -2.818569 7.185212 -6.398692
v -2.797526 7.176702 -6.389633
v -2.710630 7.143236 -6.423262
v -2.701084 7.144824 -6.422663
v -2.668774 7.144166 -6.375336
v -2.668774 7.146163 -6.368971
v -2.668774 7.148130 -6.367021
v -2.668774 7.200118 -6.373771
v -2.668774 7.236921 -6.380013
v -2.668774 7.278270 -6.387545
v -2.668774 7.314311 -6.393536
v -2.668774 7.144824 -6.422650
v -2.626917 7.143236 -6.423262
v -2.636464 7.144824 -6.422663
v -2.588619 7.139513 -6.428506
v -2.578104 7.142961 -6.382879
v -2.513492 7.357740 -6.489850
v -2.497702 7.146976 -6.401125
v -2.532569 7.145140 -6.387532
v -2.507896 7.193484 -6.404586
v -2.498576 7.203858 -6.410339
v -2.518979 7.185212 -6.398692
v -2.540022 7.176702 -6.389633
v -2.589902 7.339359 -6.405628
v -2.560775 7.343188 -6.412635
v -2.532924 7.336552 -6.420009
v -2.520610 7.370428 -6.429304
v -2.459750 7.193268 -6.634846
v -2.465402 7.189854 -6.668255
v -2.471189 7.245090 -6.674249
v -2.464677 7.248921 -6.641301
v -2.458616 7.196761 -6.599955
v -2.462430 7.252753 -6.607017
v -2.482238 7.241082 -6.705045
v -2.475854 7.186328 -6.699380
v -2.497246 7.237250 -6.733668
v -2.490753 7.182866 -6.728749
v -2.510710 7.179873 -6.756530
v -2.516707 7.233933 -6.760512
v -2.535771 7.177622 -6.781967
v -2.540704 7.231399 -6.784943
v -2.569236 7.228888 -6.803942
v -2.566012 7.175743 -6.803387
v -2.601604 7.226451 -6.816594
v -2.599787 7.173768 -6.818994
v -2.636267 7.225421 -6.823555
v -2.635844 7.172987 -6.828265
v -2.672510 7.225785 -6.825640
v -2.673305 7.173285 -6.831252
v -2.699495 7.226323 -6.823042
v -2.701248 7.173938 -6.827912
v -2.733693 7.228146 -6.815681
v -2.736925 7.175611 -6.818382
v -2.765755 7.231458 -6.803273
v -2.770872 7.178624 -6.803173
v -2.795223 7.235029 -6.784608
v -2.802701 7.181553 -6.781964
v -2.820261 7.238402 -6.760368
v -2.829371 7.184569 -6.756530
v -2.840210 7.242280 -6.733340
v -2.849991 7.188110 -6.728515
v -2.854814 7.246527 -6.704602
v -2.864481 7.192008 -6.699008
v -2.864808 7.250739 -6.673775
v -2.873549 7.195738 -6.667836
v -2.870005 7.254647 -6.640812
v -2.877389 7.199116 -6.634467
v -2.871439 7.258476 -6.606524
v -2.876970 7.202522 -6.599555
v -2.869707 7.262359 -6.571882
v -2.873763 7.206165 -6.564363
v -2.864665 7.266140 -6.537846
v -2.868035 7.209880 -6.530144
v -2.856312 7.269421 -6.505352
v -2.859049 7.213189 -6.497578
v -2.850552 7.215142 -6.475767
v -2.848420 7.271425 -6.483586
v -2.476602 7.208500 -6.498331
v -2.467134 7.204301 -6.530553
v -2.469120 7.260551 -6.538316
v -2.477357 7.264092 -6.505801
v -2.484464 7.210045 -6.476162
v -2.485127 7.266334 -6.484006
v -2.464119 7.256646 -6.572359
v -2.461535 7.200465 -6.564749
v -2.460539 7.244541 -6.677981
v -2.453822 7.248559 -6.643315
v -2.451499 7.252618 -6.607273
v -2.472081 7.240324 -6.710323
v -2.487898 7.236230 -6.740188
v -2.508358 7.232641 -6.768117
v -2.533698 7.229933 -6.793744
v -2.563893 7.227325 -6.813867
v -2.597824 7.224793 -6.827445
v -2.634178 7.223713 -6.834896
v -2.672780 7.224044 -6.837110
v -2.701679 7.224641 -6.834390
v -2.737540 7.226565 -6.826562
v -2.771123 7.230030 -6.813236
v -2.802222 7.233734 -6.793447
v -2.828672 7.237304 -6.767959
v -2.849658 7.241485 -6.739831
v -2.865064 7.246012 -6.709866
v -2.875505 7.250443 -6.677493
v -2.880845 7.254545 -6.642825
v -2.882355 7.258609 -6.606781
v -2.880533 7.262754 -6.570333
v -2.875520 7.266780 -6.534625
v -2.866617 7.270219 -6.500501
v -2.858167 7.272330 -6.477655
v -2.884100 7.195684 -6.671559
v -2.874481 7.191738 -6.704211
v -2.887691 7.202909 -6.599790
v -2.888063 7.199277 -6.636446
v -2.878787 7.210800 -6.526963
v -2.884459 7.206831 -6.562816
v -2.860156 7.216388 -6.469872
v -2.869213 7.214267 -6.492770
v -2.859292 7.187560 -6.734880
v -2.837599 7.183700 -6.763970
v -2.809513 7.180427 -6.790594
v -2.776042 7.177319 -6.812937
v -2.740689 7.174104 -6.829247
v -2.703321 7.172238 -6.839424
v -2.673573 7.171514 -6.842952
v -2.633865 7.171254 -6.839755
v -2.596083 7.172164 -6.829811
v -2.560816 7.174287 -6.813106
v -2.528919 7.176327 -6.790576
v -2.502503 7.178800 -6.763993
v -2.481517 7.182081 -6.735152
v -2.465900 7.185798 -6.704618
v -2.454882 7.189530 -6.671996
v -2.449035 7.193168 -6.636830
v -2.447849 7.196883 -6.600188
v -2.453283 7.256768 -6.570804
v -2.458225 7.260924 -6.535095
v -2.467006 7.264633 -6.500957
v -2.475334 7.266986 -6.478083
v -2.456335 7.204947 -6.527373
v -2.465841 7.208679 -6.493188
v -2.474827 7.211032 -6.470277
v -2.450819 7.200855 -6.563202
v -2.475759 7.207547 -6.497813
vn 0.2110 0.5899 -0.7794
vn 0.2110 -0.5899 -0.7794
vn -0.9652 -0.0000 -0.2613
vn -0.7954 -0.5666 -0.2153
vn -0.7954 0.5666 -0.2154
vn -0.2109 -0.5899 -0.7794
vn 0.9653 -0.0000 -0.2613
vn 0.7954 -0.5666 -0.2153
vn -0.2109 0.5899 -0.7794
vn 0.7954 0.5666 -0.2153
vn -0.4859 0.0004 0.8740
vn -0.5664 -0.0033 0.8241
vn -0.7802 -0.5895 0.2091
vn -0.3471 -0.6982 0.6262
vn -0.0209 -0.6104 -0.7918
vn 0.3382 -0.7165 -0.6101
vn -0.3483 0.6977 0.6260
vn -0.4067 0.6956 0.5922
vn 0.3391 0.7167 -0.6093
vn 0.3935 0.7190 -0.5729
vn -0.0452 -0.9976 0.0532
vn 0.0777 -0.9927 -0.0923
vn -0.4645 0.6961 0.5475
vn -0.6469 -0.0000 0.7625
vn -0.7243 -0.0000 0.6895
vn -0.5210 0.6946 0.4960
vn 0.4499 0.7185 -0.5304
vn 0.5026 0.7201 -0.4784
vn -0.5210 -0.6946 0.4960
vn -0.4652 -0.6962 0.5467
vn 0.5026 -0.7201 -0.4784
vn 0.4504 -0.7186 -0.5298
vn -0.5614 0.6991 0.4429
vn -0.7850 -0.0000 0.6194
vn 0.5486 0.7153 -0.4328
vn -0.5613 -0.6991 0.4430
vn 0.5485 -0.7154 -0.4329
vn 0.0078 -0.5991 0.8006
vn 0.7753 -0.5999 -0.1974
vn 0.5661 -0.0022 -0.8243
vn 0.2809 -0.7185 -0.6363
vn 0.2809 0.7185 -0.6363
vn 0.2216 0.7168 -0.6612
vn 0.2225 -0.7163 -0.6613
vn 0.2260 -0.0024 -0.9741
vn 0.6251 -0.6046 -0.4937
vn 0.1569 0.7193 -0.6767
vn 0.0279 -0.9924 -0.1202
vn -0.3421 -0.6048 -0.7191
vn 0.0939 0.7161 -0.6916
vn 0.0923 -0.7156 -0.6924
vn 0.0018 -0.7285 -0.6850
vn 0.0018 0.7285 -0.6850
vn -0.0916 -0.7162 -0.6918
vn -0.0920 0.7168 -0.6912
vn -0.2259 -0.0021 -0.9741
vn -0.1569 0.7193 -0.6768
vn -0.2217 0.7168 -0.6611
vn -0.2228 -0.7165 -0.6610
vn -0.2809 0.7185 -0.6363
vn -0.2809 -0.7185 -0.6363
vn -0.3382 -0.7165 -0.6101
vn -0.3391 0.7167 -0.6093
vn -0.5661 -0.0022 -0.8243
vn 0.0201 -0.6103 -0.7919
vn -0.3935 0.7190 -0.5729
vn -0.0781 -0.9926 -0.0926
vn -0.4499 0.7185 -0.5304
vn -0.7759 -0.5992 -0.1975
vn -0.4510 -0.7183 -0.5297
vn -0.5026 -0.7201 -0.4784
vn -0.5026 0.7201 -0.4784
vn -0.5485 0.7153 -0.4329
vn -0.5486 -0.7153 -0.4329
vn 0.5658 -0.0033 0.8245
vn 0.4862 -0.0000 0.8738
vn 0.3471 -0.6978 0.6266
vn 0.7801 -0.5895 0.2096
vn 0.4067 0.6956 0.5922
vn 0.3483 0.6977 0.6260
vn 0.0457 -0.9975 0.0537
vn 0.2899 0.6961 0.6568
vn 0.2899 -0.6961 0.6568
vn 0.4038 -0.0000 0.9148
vn 0.2278 0.6977 0.6792
vn 0.1624 0.6953 0.7001
vn 0.2259 -0.0034 0.9741
vn 0.3183 0.0004 0.9480
vn -0.3342 -0.5940 0.7318
vn 0.2288 -0.6981 0.6785
vn -0.6256 -0.6047 -0.4930
vn -0.0282 -0.9923 -0.1205
vn 0.0165 -0.9974 0.0700
vn 0.3420 -0.6051 -0.7189
vn 0.6240 -0.5938 0.5079
vn 0.0945 0.6977 0.7101
vn -0.0019 0.6869 0.7268
vn -0.0963 0.6983 0.7093
vn -0.1342 0.0002 0.9910
vn -0.0026 -0.0000 1.0000
vn -0.0952 -0.6985 0.7092
vn -0.0019 -0.6869 0.7268
vn 0.1315 0.0004 0.9913
vn 0.0927 -0.6982 0.7098
vn -0.1624 0.6953 0.7001
vn -0.2259 -0.0035 0.9741
vn -0.3179 -0.0000 0.9481
vn -0.2277 0.6977 0.6792
vn -0.2284 -0.6980 0.6787
vn 0.3331 -0.5940 0.7322
vn -0.0163 -0.9974 0.0703
vn -0.2900 0.6961 0.6568
vn -0.4038 -0.0000 0.9148
vn -0.2900 -0.6960 0.6568
vn -0.6240 -0.5937 0.5081
vn 0.5211 0.6946 0.4960
vn 0.4645 0.6961 0.5475
vn 0.6472 0.0004 0.7623
vn 0.7243 -0.0000 0.6895
vn 0.4651 -0.6965 0.5464
vn 0.5210 -0.6946 0.4960
vn -0.0074 -0.5994 0.8004
vn 0.5613 0.6991 0.4430
vn 0.7850 -0.0000 0.6195
vn 0.5613 -0.6991 0.4430
vn -0.9653 -0.0000 -0.2613
vn -0.7954 0.5666 -0.2153
vn -0.7954 -0.5666 -0.2152
vn 0.7954 0.5665 -0.2153
vn -0.4859 -0.0004 0.8740
vn -0.3473 0.6981 0.6261
vn -0.7803 0.5893 0.2093
vn -0.5664 0.0033 0.8241
vn -0.0210 0.6104 -0.7918
vn 0.3377 0.7166 -0.6103
vn -0.3483 -0.6977 0.6260
vn -0.4067 -0.6956 0.5922
vn 0.3391 -0.7167 -0.6093
vn 0.3935 -0.7189 -0.5729
vn -0.0456 0.9975 0.0543
vn 0.0780 0.9925 -0.0937
vn -0.4645 -0.6961 0.5475
vn -0.6474 -0.0003 0.7622
vn -0.5211 -0.6946 0.4960
vn 0.4499 -0.7185 -0.5304
vn -0.5211 0.6946 0.4960
vn -0.4652 0.6963 0.5466
vn 0.4515 0.7183 -0.5293
vn -0.7850 -0.0000 0.6195
vn 0.5486 -0.7153 -0.4329
vn -0.5613 0.6991 0.4430
vn 0.0075 0.5991 0.8006
vn 0.7758 0.5996 -0.1963
vn 0.5662 0.0022 -0.8243
vn 0.2217 -0.7168 -0.6612
vn 0.2224 0.7168 -0.6609
vn 0.2262 0.0024 -0.9741
vn 0.6254 0.6048 -0.4931
vn 0.1570 -0.7193 -0.6767
vn 0.0288 0.9923 -0.1201
vn -0.3416 0.6047 -0.7195
vn 0.0938 -0.7161 -0.6917
vn 0.0923 0.7156 -0.6924
vn -0.0904 0.7168 -0.6914
vn -0.0919 -0.7168 -0.6912
vn -0.2259 0.0021 -0.9741
vn -0.1570 -0.7193 -0.6767
vn -0.2217 -0.7168 -0.6612
vn -0.2232 0.7160 -0.6614
vn -0.3382 0.7165 -0.6101
vn -0.3391 -0.7167 -0.6093
vn -0.5661 0.0022 -0.8243
vn 0.0204 0.6109 -0.7914
vn -0.3935 -0.7190 -0.5729
vn -0.0783 0.9924 -0.0950
vn -0.4499 -0.7185 -0.5304
vn -0.7761 0.5990 -0.1973
vn -0.4510 0.7183 -0.5298
vn -0.5486 0.7153 -0.4329
vn 0.5658 0.0033 0.8245
vn 0.7801 0.5895 0.2095
vn 0.3473 0.6979 0.6263
vn 0.4067 -0.6956 0.5922
vn 0.3483 -0.6978 0.6259
vn 0.0458 0.9975 0.0543
vn 0.2900 -0.6960 0.6568
vn 0.4039 -0.0000 0.9148
vn 0.2278 -0.6977 0.6792
vn 0.1624 -0.6953 0.7001
vn 0.2259 0.0033 0.9741
vn 0.3183 -0.0004 0.9480
vn -0.3335 0.5944 0.7317
vn 0.2287 0.6981 0.6785
vn -0.6256 0.6047 -0.4930
vn -0.0281 0.9924 -0.1201
vn 0.0165 0.9974 0.0700
vn 0.3421 0.6051 -0.7189
vn 0.6237 0.5941 0.5080
vn 0.0945 -0.6977 0.7101
vn -0.0963 -0.6983 0.7093
vn -0.1345 -0.0000 0.9909
vn -0.0951 0.6985 0.7093
vn 0.1315 -0.0004 0.9913
vn 0.0928 0.6982 0.7098
vn -0.1624 -0.6953 0.7001
vn -0.2259 0.0035 0.9741
vn -0.2277 -0.6977 0.6792
vn -0.2287 0.6979 0.6787
vn 0.3340 0.5942 0.7317
vn -0.0169 0.9974 0.0700
vn -0.2900 -0.6961 0.6568
vn -0.4039 -0.0000 0.9148
vn -0.2900 0.6960 0.6568
vn -0.6240 0.5937 0.5081
vn 0.5211 -0.6946 0.4960
vn 0.6472 -0.0004 0.7623
vn 0.4645 -0.6961 0.5475
vn 0.4651 0.6964 0.5465
vn -0.0074 0.5994 0.8004
vn 0.9410 0.2805 0.1891
vn 0.7134 0.6854 0.1457
vn 0.4166 0.9041 0.0948
vn 0.3614 0.8129 0.4567
vn -0.1047 0.8879 0.4479
vn -0.2672 0.9624 0.0482
vn 0.2625 0.3364 0.9044
vn -0.0088 0.4507 0.8926
vn 0.0100 0.9156 0.4020
vn 0.0063 1.0000 0.0048
vn -0.0376 -0.7387 0.6730
vn 0.3091 -0.6911 0.6533
vn 0.6574 -0.6743 0.3363
vn 0.7977 -0.5891 0.1287
vn -0.0245 -0.9978 0.0623
vn 0.1389 -0.9889 0.0535
vn -0.2255 0.9422 -0.2477
vn 0.3453 0.8896 -0.2990
vn 0.4968 0.8162 -0.2951
vn -0.0168 0.9815 -0.1908
vn 0.9304 -0.0872 0.3560
vn -0.0357 0.8847 -0.4648
vn -0.2521 0.7864 0.5640
vn -0.2008 0.8732 -0.4441
vn 0.2184 0.9395 -0.2639
vn 0.2604 0.9642 0.0500
vn 0.1159 0.8915 0.4379
vn -0.4182 0.9034 0.0948
vn -0.3637 0.8150 0.4511
vn -0.5523 0.6432 0.5304
vn -0.7924 0.3013 0.5303
vn -0.2258 0.3885 0.8934
vn -0.4138 -0.6284 0.6587
vn -0.7278 -0.5880 0.3530
vn -0.8511 -0.5070 0.1361
vn -0.2015 -0.9772 0.0664
vn -0.7575 0.5044 0.4144
vn -0.2587 0.9393 -0.2254
vn -0.6415 0.7642 0.0663
vn 0.2788 0.6593 0.6983
vn 0.7003 0.6907 -0.1802
vn 0.5581 -0.2963 0.7751
vn 0.5947 -0.2480 0.7648
vn 0.2824 -0.6328 0.7210
vn 0.3746 -0.4773 -0.7949
vn 0.3003 -0.6731 -0.6758
vn 0.5885 -0.6126 -0.5276
vn 0.6684 -0.3928 -0.6316
vn 0.0142 -0.5001 -0.8658
vn -0.0691 -0.6647 -0.7439
vn 0.8625 -0.3691 -0.3461
vn 0.8850 -0.2670 -0.3815
vn 0.9521 -0.2418 -0.1873
vn 0.9453 -0.2195 -0.2412
vn -0.3520 -0.4707 -0.8090
vn -0.3783 -0.5965 -0.7079
vn -0.6589 -0.4130 -0.6287
vn -0.6683 -0.5048 -0.5464
vn -0.9109 -0.3125 -0.2694
vn -0.9132 -0.3321 -0.2362
vn -0.9919 -0.1231 -0.0314
vn -0.9754 -0.2105 -0.0656
vn 0.4587 -0.6840 0.5672
vn 0.2453 -0.8503 -0.4657
vn -0.0202 -0.9095 -0.4152
vn 0.0157 -0.9283 -0.3714
vn -0.1917 -0.9376 -0.2900
vn -0.6194 -0.7804 -0.0856
vn -0.8750 -0.4770 -0.0822
vn -0.8919 -0.3610 0.2724
vn -0.3464 -0.8992 -0.2672
vn -0.9791 -0.1710 0.1104
vn -0.8906 -0.4080 -0.2009
vn -0.8348 -0.5422 -0.0957
vn -0.9211 -0.3393 0.1909
vn -0.6926 -0.7199 0.0456
vn -0.7974 -0.5448 0.2593
vn -0.5087 -0.8004 0.3170
vn -0.3856 -0.9129 0.1337
vn -0.2928 -0.9469 -0.1327
vn -0.5068 -0.8230 -0.2566
vn -0.5892 -0.6739 -0.4458
vn -0.2083 -0.8730 -0.4411
vn -0.2502 -0.7389 -0.6256
vn -0.0213 -0.9770 -0.2122
vn 0.0211 -0.8826 -0.4697
vn 0.2222 -0.8665 -0.4470
vn 0.2932 -0.7398 -0.6056
vn 0.0426 -0.7525 -0.6572
vn 0.2316 -0.9532 -0.1943
vn 0.4437 -0.8396 -0.3133
vn 0.5482 -0.6938 -0.4670
vn 0.7664 -0.6039 -0.2187
vn 0.6011 -0.7950 -0.0813
vn 0.2527 -0.9661 0.0532
vn 0.2638 -0.9495 0.1697
vn 0.5337 -0.8143 0.2283
vn 0.7330 -0.6566 0.1777
vn -0.0249 -0.9640 0.2648
vn -0.0692 -0.9933 0.0929
vn 0.8452 -0.4375 -0.3071
vn 0.6244 -0.5358 -0.5683
vn 0.3504 -0.5915 -0.7262
vn 0.0459 -0.6070 -0.7934
vn 0.9057 -0.3962 -0.1505
vn -0.2949 -0.5837 -0.7566
vn -0.6387 -0.5199 -0.5673
vn 0.6505 0.0168 0.7593
vn 0.9179 -0.0959 0.3850
vn 0.9232 0.2694 0.2740
vn 0.6232 0.5269 0.5779
vn 0.2792 0.0933 0.9557
vn 0.3019 0.5350 0.7890
vn -0.1122 0.1113 0.9874
vn -0.0547 0.5006 0.8640
vn -0.4570 0.0837 0.8855
vn -0.4263 0.4087 0.8070
vn -0.7493 0.0095 0.6622
vn -0.7430 0.2509 0.6205
vn -0.9209 -0.0919 0.3787
vn -0.9303 0.0489 0.3635
vn 0.6016 0.7986 0.0175
vn 0.1400 0.9467 0.2900
vn 0.7975 0.5972 -0.0855
vn 0.9044 0.1760 -0.3888
vn -0.0795 0.8433 0.5316
vn -0.6808 0.5958 0.4261
vn -0.8745 0.2927 0.3867
vn -0.8878 -0.2179 0.4053
vn -0.8250 -0.3621 0.4339
vn -0.6646 -0.2949 0.6865
vn -0.5891 -0.4860 0.6455
vn -0.3405 -0.4449 0.8283
vn -0.3866 -0.6641 0.6399
vn -0.1154 -0.6747 0.7290
vn -0.0951 -0.4455 0.8902
vn 0.1415 -0.4553 0.8790
vn 0.1715 -0.6871 0.7060
vn 0.4114 -0.5218 0.7473
vn 0.5972 -0.6265 0.5008
vn 0.2325 -0.8344 0.4997
vn 0.7706 -0.4084 0.4893
vn 0.5207 -0.3349 0.7853
vn 0.2089 -0.2839 0.9358
vn -0.0914 -0.2502 0.9639
vn -0.3879 -0.2492 0.8874
vn -0.1255 -0.8521 0.5081
vn -0.4395 -0.7681 0.4657
vn -0.7112 -0.5496 0.4383
vn -0.4254 -0.0784 0.9016
vn -0.0936 -0.0619 0.9937
vn 0.2623 -0.0900 0.9608
vn 0.6116 -0.1480 0.7772
vn 0.8651 -0.2352 0.4431
vn -0.7157 -0.1369 0.6849
vn 0.1498 -0.9788 -0.1399
vn 0.1250 -0.9834 -0.1318
vn -0.0455 -0.9975 -0.0542
vn 0.1310 -0.9914 -0.0056
vn 0.0014 -0.9920 0.1263
vn -0.2872 -0.9573 0.0319
vn -0.5788 -0.8142 0.0448
vn -0.8371 -0.5463 0.0280
vn -0.9250 -0.2910 0.2444
vn -0.8713 -0.0505 0.4881
vn -0.7144 0.2005 0.6704
vn -0.3881 0.3827 0.8384
vn -0.0228 0.3314 0.9432
vn 0.3820 0.3062 0.8720
vn 0.2952 0.4422 0.8470
vn -0.2905 -0.9277 0.2344
vn -0.2843 -0.7440 0.6047
vn -0.4135 -0.5181 0.7487
vn -0.1612 -0.9114 0.3787
vn -0.5625 -0.2069 0.8005
vn -0.7060 -0.0922 0.7021
vn -0.8410 -0.1619 0.5163
vn -0.8961 -0.3381 0.2876
vn -0.8191 -0.5683 0.0776
vn -0.5876 -0.8084 -0.0341
vn -0.3105 -0.9440 -0.1117
vn -0.0018 -0.9773 -0.2119
vn 0.1342 -0.9411 -0.3105
vn 0.0923 -0.9718 -0.2172
vn 0.0634 -0.9967 -0.0508
vn -0.0508 -0.9945 0.0917
vn -0.8154 -0.5685 0.1088
vn -0.5820 -0.8054 -0.1124
vn -0.2925 -0.9200 -0.2609
vn 0.0258 -0.9235 -0.3828
vn -0.0113 -0.9919 -0.1265
vn -0.0537 -0.9971 0.0534
vn 0.0243 -0.9391 -0.3427
vn 0.0906 -0.8762 -0.4734
vn 0.1199 -0.8518 -0.5099
vn 0.1573 -0.7791 -0.6068
vn -0.0337 -0.7563 -0.6533
vn 0.0686 -0.6770 -0.7328
vn -0.0754 -0.5256 -0.8474
vn -0.0034 -0.4434 -0.8963
vn -0.1028 -0.3492 -0.9314
vn -0.0270 -0.2803 -0.9595
vn 0.1261 -0.4199 -0.8988
vn 0.1053 -0.2582 -0.9603
vn -0.3099 -0.4337 -0.8461
vn -0.3027 -0.5962 -0.7436
vn -0.6181 -0.3964 -0.6788
vn -0.6175 -0.5309 -0.5804
vn -0.8781 -0.2482 -0.4091
vn -0.8870 -0.3263 -0.3268
vn -0.9850 -0.0792 -0.1533
vn -0.9905 -0.1361 -0.0220
vn -0.9975 0.0255 0.0655
vn -0.9585 -0.1044 0.2652
vn -0.9367 -0.0570 0.3455
vn -0.8728 -0.1920 0.4488
vn -0.8407 -0.2943 0.4545
vn -0.7415 -0.5009 0.4465
vn -0.7230 -0.4325 0.5387
vn -0.6418 -0.6134 0.4602
vn -0.5200 -0.5340 0.6667
vn -0.4980 -0.6193 0.6070
vn -0.3266 -0.5351 0.7791
vn -0.3188 -0.6491 0.6907
vn -0.1715 -0.6545 0.7364
vn -0.1695 -0.5138 0.8410
vn -0.0427 -0.6352 0.7712
vn 0.0069 -0.4884 0.8726
vn -0.6231 -0.5656 0.5402
vn -0.5070 -0.6025 0.6164
vn -0.3307 -0.6284 0.7041
vn -0.8283 -0.1375 0.5431
vn -0.7166 -0.4186 0.5579
vn -0.9113 -0.1334 0.3895
vn -0.9520 -0.2442 0.1848
vn -0.8868 -0.4466 -0.1188
vn -0.6328 -0.6621 -0.4014
vn -0.3126 -0.7717 -0.5539
vn -0.7623 -0.0900 0.6409
vn -0.6640 -0.2760 0.6949
vn -0.5744 -0.5513 0.6051
vn -0.8748 -0.1488 0.4611
vn -0.9023 -0.3221 0.2864
vn -0.5000 -0.7190 0.4827
vn -0.3608 -0.7408 0.5666
vn -0.1925 -0.7526 0.6297
vn -0.2103 -0.8690 0.4479
vn -0.3803 -0.7962 0.4706
vn -0.4203 -0.7575 0.4995
vn -0.1103 -0.9537 0.2797
vn -0.0285 -0.9752 0.2197
vn -0.0571 -0.9875 0.1472
vn -0.0913 -0.8913 0.4441
vn -0.0628 -0.7776 0.6256
vn -0.1451 -0.9832 0.1105
vn -0.0935 -0.9443 0.3155
vn -0.1070 -0.9920 0.0672
vn -0.0066 -0.8826 0.4700
vn 0.1320 -0.8619 0.4896
vn 0.0901 -0.8838 0.4591
vn 0.2662 -0.7996 0.5383
vn 0.3084 -0.7776 0.5479
vn 0.2265 -0.7317 0.6428
vn 0.0741 -0.7781 0.6238
vn 0.1120 -0.6667 0.7369
vn -0.0628 -0.6561 0.7521
vn 0.1458 -0.5983 0.7879
vn 0.3454 -0.5515 0.7593
vn 0.3991 -0.3910 0.8294
vn 0.1983 -0.4483 0.8716
vn -0.1698 -0.6346 0.7540
vn 0.4930 -0.4789 0.7264
vn 0.5508 -0.3442 0.7603
vn 0.5623 -0.4174 0.7138
vn 0.6364 -0.2885 0.7154
vn 0.6698 -0.3974 0.6272
vn 0.7433 -0.2171 0.6327
vn 0.8656 -0.3472 0.3608
vn 0.9199 -0.1439 0.3647
vn 0.9693 -0.2460 0.0066
vn 0.9986 -0.0500 0.0181
vn 0.9833 -0.1180 -0.1388
vn 0.9906 -0.1028 -0.0904
vn 0.4989 -0.5119 0.6993
vn 0.4263 -0.5534 0.7156
vn 0.2978 -0.6084 0.7357
vn 0.7963 -0.4639 0.3881
vn 0.6036 -0.4978 0.6228
vn 0.9485 -0.1275 -0.2900
vn 0.9290 -0.3675 0.0442
vn 0.4279 -0.6452 0.6329
vn 0.3557 -0.6731 0.6484
vn 0.7293 -0.5675 0.3821
vn 0.5383 -0.6177 0.5733
vn 0.6322 -0.7086 0.3135
vn 0.4558 -0.7388 0.4964
vn 0.7688 -0.6389 0.0277
vn 0.8756 -0.4806 0.0476
vn 0.8442 -0.5163 -0.1442
vn 0.9088 -0.3879 -0.1535
vn 0.6505 -0.6305 0.4235
vn 0.4570 -0.6625 0.5935
vn 0.2457 -0.7034 0.6669
vn 0.0192 -0.8052 0.5927
vn -0.2635 -0.8720 0.4125
vn -0.3927 -0.9003 0.1880
vn -0.4907 -0.8673 0.0842
vn -0.5225 -0.6890 0.5022
vn -0.7725 -0.5985 0.2121
vn -0.8674 -0.4565 0.1982
vn 0.2041 -0.5763 0.7914
vn -0.1393 -0.7076 0.6928
vn 0.6969 -0.4572 0.5525
vn 0.4989 -0.5064 0.7033
vn 0.8713 -0.4621 0.1653
vn 0.8161 -0.5690 0.1013
vn 0.9061 -0.4207 -0.0449
vn 0.9947 -0.0705 -0.0744
vn 0.1609 -0.6230 -0.7655
vn 0.3286 -0.4163 -0.8478
vn 0.3251 -0.2716 -0.9058
vn 0.5132 -0.2682 -0.8153
vn 0.4840 -0.3746 -0.7908
vn 0.6711 -0.2464 -0.6992
vn 0.6230 -0.3156 -0.7157
vn 0.7907 -0.2108 -0.5747
vn 0.7388 -0.2574 -0.6228
vn 0.8813 -0.1205 -0.4570
vn 0.8265 -0.2086 -0.5228
vn 0.2767 -0.5368 -0.7971
vn 0.4043 -0.4028 -0.8212
vn 0.7175 -0.2260 -0.6589
vn 0.8311 -0.2082 -0.5157
vn 0.5584 -0.2864 -0.7786
vn 0.2217 -0.6672 -0.7111
vn 0.3154 -0.4771 -0.8203
vn 0.7009 -0.2509 -0.6677
vn 0.8356 -0.2550 -0.4866
vn 0.6527 -0.3790 -0.6560
vn 0.7777 -0.4163 -0.4710
vn 0.4498 -0.4166 -0.7900
vn 0.4951 -0.3337 -0.8022
vn 0.2113 -0.5450 -0.8114
vn 0.0952 -0.7331 -0.6735
vn -0.0246 -0.8792 -0.4758
vn -0.0588 -0.9757 -0.2111
vn -0.1921 -0.8156 -0.5459
vn -0.3545 -0.2536 -0.9000
vn 0.1535 -0.4760 -0.8660
vn 0.4436 -0.4376 -0.7821
vn 0.6621 -0.3194 -0.6779
vn 0.8031 -0.3677 -0.4688
vn -0.4790 -0.8533 -0.2062
vn -0.2831 0.5526 -0.7839
vn -0.3971 0.2422 -0.8853
vn 0.4052 -0.0820 -0.9105
vn -0.9119 0.1817 -0.3680
vn 0.8482 -0.1863 -0.4958
vn 0.7108 0.0097 -0.7033
vn 0.6490 -0.2336 -0.7240
vn -0.4048 0.0631 -0.9122
vn -0.7340 -0.0393 -0.6780
vn -0.7190 0.2194 -0.6595
vn -0.3865 0.2494 -0.8879
vn -0.0063 0.1193 -0.9928
vn 0.0433 0.2111 -0.9765
vn -0.9398 0.0468 -0.3384
vn -0.9295 -0.1606 -0.3320
vn -0.9612 -0.2286 -0.1544
vn -0.9846 -0.1727 0.0276
vn 0.3595 0.1209 -0.9253
vn 0.4177 0.1519 -0.8958
vn 0.6516 0.0909 -0.7531
vn 0.6847 0.0540 -0.7268
vn 0.8689 0.0211 -0.4945
vn 0.8744 -0.0423 -0.4834
vn 0.9293 -0.0517 -0.3657
vn 0.9139 -0.3249 -0.2434
vn -0.7459 -0.4133 0.5223
vn -0.6759 -0.5505 0.4900
vn -0.8888 -0.4157 0.1929
vn -0.9148 -0.3349 0.2256
vn -0.4159 -0.4778 0.7738
vn -0.3189 -0.5959 0.7370
vn -0.0365 -0.4880 0.8721
vn 0.0729 -0.5468 0.8341
vn 0.3282 -0.4516 0.8297
vn 0.4054 -0.4656 0.7867
vn 0.6608 -0.3758 0.6497
vn 0.6924 -0.3682 0.6205
vn 0.9405 -0.2355 0.2451
vn 0.9360 -0.2371 0.2602
vn 0.8981 -0.3806 0.2203
vn 0.9858 -0.0476 -0.1613
vn 0.8075 -0.5774 0.1206
vn 0.5445 -0.7099 0.4467
vn 0.3698 -0.9085 0.1945
vn 0.1023 -0.9416 0.3209
vn 0.1064 -0.9940 0.0242
vn -0.1547 -0.9867 0.0506
vn -0.1470 -0.9281 0.3421
vn -0.3885 -0.8802 0.2727
vn -0.3842 -0.9223 0.0426
vn -0.5892 -0.7916 0.1619
vn -0.6754 -0.7334 0.0767
vn -0.4039 -0.9147 -0.0154
vn -0.4194 -0.9076 -0.0162
vn -0.6652 -0.7440 -0.0632
vn -0.8312 -0.5521 -0.0653
vn -0.8344 -0.5273 0.1602
vn -0.6863 -0.6460 0.3341
vn -0.4415 -0.7300 0.5218
vn -0.1245 -0.7702 0.6255
vn 0.2186 -0.7647 0.6062
vn -0.1538 -0.9844 -0.0850
vn -0.1438 -0.9878 -0.0593
vn 0.1714 -0.9804 -0.0968
vn 0.2534 -0.9606 -0.1144
vn 0.5734 -0.8187 -0.0302
vn 0.6613 -0.7395 -0.1260
vn 0.8699 -0.4852 -0.0884
vn -0.4433 -0.5759 0.6869
vn -0.7369 -0.4971 0.4582
vn -0.9007 -0.3837 0.2038
vn -0.9167 -0.3966 0.0490
vn -0.0980 -0.6064 0.7891
vn 0.2794 -0.5774 0.7672
vn 0.6204 -0.5039 0.6010
vn -0.1654 -0.3623 0.9173
vn -0.3299 -0.3631 0.8714
vn 0.0251 -0.3543 0.9348
vn -0.5599 -0.3435 0.7540
vn -0.7758 -0.2171 0.5924
vn -0.8973 -0.0881 0.4325
vn -0.9687 0.1094 0.2228
vn -0.9949 0.1009 -0.0019
vn -0.9806 -0.0056 -0.1960
vn -0.8469 -0.0764 -0.5263
vn -0.6218 -0.1588 -0.7669
vn -0.3365 -0.2216 -0.9152
vn -0.1598 -0.1818 -0.9703
vn -0.0348 -0.1506 -0.9880
vn 0.0904 -0.1118 -0.9896
vn 0.2982 -0.1033 -0.9489
vn 0.5237 -0.1193 -0.8435
vn 0.7151 -0.1274 -0.6873
vn 0.8507 -0.1213 -0.5115
vn 0.9320 -0.0357 -0.3607
vn 0.9700 -0.1094 -0.2171
vn 0.0976 0.0334 -0.9947
vn -0.0556 -0.0039 -0.9984
vn 0.1074 0.1628 -0.9808
vn -0.0622 0.1300 -0.9896
vn 0.1243 0.2671 -0.9556
vn -0.0626 0.2328 -0.9705
vn -0.2635 0.1053 -0.9589
vn -0.3149 0.2080 -0.9261
vn -0.4839 0.1202 -0.8668
vn -0.3938 -0.0459 -0.9180
vn -0.1924 -0.0466 -0.9802
vn -0.6322 0.0087 -0.7747
vn -0.8049 0.0717 -0.5891
vn -0.9472 0.1251 -0.2951
vn -0.9840 0.1768 -0.0242
vn -0.9626 0.2134 0.1668
vn -0.9194 0.0320 0.3921
vn -0.9206 0.1373 0.3655
vn -0.7941 0.0200 0.6074
vn -0.7480 0.2309 0.6222
vn -0.8953 0.2504 0.3684
vn -0.9573 0.2377 0.1647
vn -0.9475 0.2728 0.1667
vn -0.9600 0.2752 -0.0524
vn -0.8888 0.4448 -0.1105
vn -0.5043 0.2447 0.8281
vn -0.5574 0.0111 0.8302
vn -0.2791 0.2470 0.9279
vn -0.3112 0.0167 0.9502
vn -0.0986 0.2494 0.9634
vn -0.1322 0.0548 0.9897
vn 0.0724 0.1032 0.9920
vn 0.0786 0.2506 0.9649
vn -0.8009 -0.1390 0.5824
vn -0.5732 -0.2053 0.7932
vn -0.3353 -0.2298 0.9137
vn -0.1674 -0.2209 0.9608
vn 0.0356 -0.1958 0.9800
vn 0.2216 0.2311 0.9474
vn 0.2497 0.1048 0.9626
vn 0.3351 0.2255 0.9148
vn 0.3640 0.1011 0.9259
vn 0.5319 0.0943 0.8415
vn 0.5169 0.2474 0.8195
vn 0.7034 0.1258 0.6996
vn 0.6973 0.3010 0.6505
vn 0.8182 0.2178 0.5321
vn 0.7938 0.4179 0.4419
vn 0.8941 0.3264 0.3066
vn 0.8348 0.4434 0.3262
vn 0.9421 0.3200 0.1000
vn 0.8294 0.5348 0.1617
vn 0.8136 -0.0494 0.5793
vn 0.6983 -0.1151 0.7065
vn 0.9459 0.1085 0.3059
vn 0.9412 -0.0441 0.3348
vn 0.7839 -0.1486 0.6029
vn 0.9983 0.0513 0.0258
vn 0.6708 -0.2297 0.7052
vn 0.5586 -0.2635 0.7864
vn 0.4090 -0.2686 0.8721
vn 0.2316 -0.3123 0.9213
vn 0.9901 0.1372 0.0283
vn 0.9965 0.0817 -0.0149
vn 0.9658 0.2429 0.0910
vn 0.3995 -0.1377 0.9063
vn 0.2575 -0.1631 0.9524
vn 0.5525 -0.1437 0.8210
vn 0.9168 0.2563 0.3061
vn 0.6383 -0.3566 0.6822
vn 0.2799 0.9589 -0.0458
vn 0.7978 0.5843 0.1487
vn 0.8021 0.5972 0.0066
vn 0.7619 0.5479 0.3454
vn 0.7389 0.6140 0.2777
vn 0.8259 0.5571 -0.0865
vn 0.6020 0.5932 0.5345
vn 0.6783 0.4760 0.5598
vn 0.7656 0.5584 0.3195
vn 0.9342 0.3399 0.1081
vn 0.5851 0.6144 0.5292
vn -0.0722 0.1931 -0.9785
vn 0.9074 -0.0770 0.4132
vn 0.1474 0.4269 0.8922
vn 0.2319 0.0996 0.9676
vn -0.1120 0.6070 0.7868
vn 0.3521 0.5350 0.7680
vn 0.6824 0.3070 0.6634
vn 0.5450 0.6460 0.5344
vn 0.3392 0.8817 0.3280
vn 0.8374 0.4352 0.3307
vn 0.8158 0.3414 0.4669
vn 0.1680 0.8773 0.4496
vn 0.7883 0.4282 0.4419
vn 0.6112 0.5122 0.6034
vn 0.6364 0.3235 0.7002
vn 0.4389 0.5440 0.7151
vn 0.4835 0.3455 0.8043
vn 0.3578 0.3431 0.8685
vn 0.2927 0.5193 0.8029
vn 0.1162 0.4683 0.8759
vn 0.1794 0.2893 0.9403
vn -0.0209 0.4441 0.8957
vn -0.0126 0.2376 0.9713
vn 0.7697 0.2640 0.5812
vn 0.8833 0.1560 0.4421
vn 0.8918 0.2381 0.3848
vn 0.7652 0.0181 0.6436
vn 0.8842 0.0377 0.4657
vn 0.8113 -0.0542 0.5820
vn 0.6706 -0.0801 0.7375
vn 0.7466 0.0166 0.6651
vn 0.7867 -0.0094 0.6172
vn 0.8146 0.1344 0.5643
vn 0.7873 0.2050 0.5815
vn -0.1049 0.2543 0.9614
vn -0.0784 0.4444 0.8924
vn -0.1414 0.2696 0.9525
vn -0.1379 0.4219 0.8961
vn -0.2313 0.2673 0.9354
vn -0.2530 0.3701 0.8939
vn -0.3992 0.3204 0.8591
vn -0.3664 0.2620 0.8928
vn -0.4813 0.2542 0.8389
vn -0.5347 0.2497 0.8073
vn -0.6466 0.2088 0.7337
vn -0.5623 0.2781 0.7788
vn -0.6906 0.2365 0.6835
vn -0.6070 0.3374 0.7195
vn -0.6986 0.3986 0.5942
vn -0.6222 0.4252 0.6573
vn -0.6209 0.4829 0.6175
vn -0.6437 0.5557 0.5262
vn -0.6685 0.5350 0.5167
vn -0.6125 0.5009 0.6115
vn -0.3682 0.1721 0.9137
vn -0.2583 0.1066 0.9602
vn -0.1919 0.0434 0.9805
vn -0.1501 -0.0001 0.9887
vn 0.0314 0.0101 0.9995
vn 0.2675 0.0909 0.9593
vn 0.3976 0.1451 0.9060
vn 0.4921 0.1587 0.8560
vn 0.6158 0.1757 0.7680
vn 0.7426 0.1576 0.6509
vn 0.8156 0.1199 0.5660
vn 0.8175 0.0724 0.5714
vn 0.7719 0.1113 0.6259
vn 0.7590 -0.0291 0.6504
vn 0.5335 -0.1523 0.8320
vn 0.7983 0.1453 0.5845
vn 0.6662 0.0357 0.7449
vn 0.8300 0.2863 0.4787
vn 0.8193 0.1800 0.5444
vn 0.2471 -0.8914 0.3799
vn 0.9496 0.2824 0.1362
vn 0.6453 -0.1972 0.7381
vn -0.7670 0.2941 -0.5703
vn -0.0597 -0.4868 0.8715
vn 0.3157 -0.3615 0.8773
vn 0.6223 0.7268 0.2908
vn 0.7798 0.0766 0.6213
vn 0.9611 0.2102 0.1792
vn 0.7346 -0.0160 0.6783
vn 0.9882 0.1016 0.1143
vn 0.7154 0.0668 0.6955
vn 0.7731 0.1015 0.6261
vn 0.7214 0.1115 0.6835
vn 0.7770 0.1143 0.6190
vn 0.6688 -0.1203 0.7337
vn 0.9900 0.0096 0.1411
vn 0.5588 -0.2140 0.8012
vn 0.9381 -0.1320 0.3203
vn 0.5407 -0.0576 0.8392
vn 0.6454 0.0195 0.7636
vn 0.5110 0.0478 0.8583
vn 0.6259 0.0982 0.7737
vn 0.4611 -0.2526 0.8506
vn 0.9114 -0.2777 0.3037
vn 0.3332 -0.2453 0.9104
vn 0.7493 -0.2120 0.6274
vn 0.1214 -0.2290 0.9658
vn 0.5528 -0.3956 0.7335
vn 0.0954 -0.2304 0.9684
vn 0.3419 -0.1803 0.9223
vn 0.0631 -0.1302 0.9895
vn 0.3228 -0.0557 0.9448
vn 0.4538 -0.1256 0.8822
vn 0.4258 0.0042 0.9048
vn 0.7823 0.1150 0.6122
vn -0.1166 -0.2771 0.9537
vn 0.6073 0.1271 0.7842
vn -0.3128 -0.2763 0.9087
vn -0.1569 -0.2981 0.9416
vn -0.1664 -0.1900 0.9676
vn -0.2885 -0.2751 0.9171
vn -0.2467 -0.1497 0.9575
vn 0.4649 0.1922 0.8643
vn -0.4352 -0.1980 0.8783
vn 0.2585 0.2383 0.9361
vn -0.5550 -0.0761 0.8284
vn -0.3900 -0.1822 0.9026
vn -0.5018 -0.0429 0.8639
vn -0.3189 -0.0521 0.9464
vn -0.4234 0.0700 0.9032
vn 0.0702 0.3097 0.9483
vn -0.6466 0.0739 0.7592
vn -0.1866 0.3832 0.9046
vn -0.7322 0.2354 0.6391
vn -0.5925 0.1058 0.7986
vn -0.6661 0.2881 0.6880
vn -0.5172 0.1832 0.8360
vn -0.5857 0.2947 0.7550
vn -0.4401 0.4621 0.7700
vn -0.8125 0.4100 0.4144
vn -0.8893 0.3808 0.2532
vn -0.7326 0.6731 0.1014
vn -0.7951 0.4461 -0.4108
vn -0.2458 0.2518 0.9360
vn -0.6101 0.5891 0.5299
vn -0.6826 0.5111 0.5223
vn -0.5999 0.4494 0.6619
vn -0.4982 0.4186 0.7593
vn -0.0512 -0.1074 0.9929
vn -0.0897 -0.0466 0.9949
vn -0.3905 0.6733 0.6279
vn -0.2459 0.0657 0.9671
vn -0.2792 0.1870 0.9418
vn -0.5252 0.4026 0.7497
vn -0.5450 0.4235 0.7236
vn -0.5835 0.3801 0.7177
vn -0.5804 0.4288 0.6922
vn -0.5531 0.2933 0.7798
vn -0.4787 0.2261 0.8484
vn -0.5656 0.4081 -0.7166
vn -0.6123 0.4590 -0.6438
vn -0.4516 0.6171 -0.6444
vn -0.5036 0.4139 -0.7583
vn -0.4389 0.4027 -0.8032
vn -0.2813 0.7207 -0.6335
vn -0.3479 0.4012 -0.8473
vn -0.5053 0.7911 -0.3448
vn -0.2391 0.9505 -0.1984
vn -0.7777 0.3595 -0.5157
vn -0.6647 0.6075 -0.4348
vn -0.6415 0.4891 -0.5909
vn 0.0283 0.8009 -0.5981
vn -0.5270 0.6501 -0.5474
vn -0.2110 0.9628 -0.1687
vn 0.5969 0.5333 -0.5994
vn -0.8210 0.4522 -0.3484
vn -0.9466 0.1384 -0.2911
vn -0.1189 0.9865 -0.1125
vn -0.9738 -0.2180 -0.0638
vn -0.0348 0.9754 0.2178
vn -0.3206 0.9456 0.0560
vn -0.7848 0.5702 0.2427
vn -0.9387 -0.0956 0.3311
vn -0.0260 0.9766 0.2137
vn -0.9562 0.1699 0.2385
vn -0.0016 0.8550 0.5186
vn -0.3312 0.5983 0.7296
vn -0.6049 -0.0448 0.7951
vn -0.6039 -0.3257 0.7275
vn 0.0699 0.9975 -0.0048
vn -0.0109 0.7336 -0.6795
vn -0.2633 0.3742 -0.8892
vn -0.0719 0.3651 -0.9282
vn 0.0771 0.9799 0.1838
vn -0.4775 -0.3435 0.8087
vn -0.1659 0.1192 0.9789
vn -0.3992 -0.1421 0.9058
vn -0.4992 -0.5887 0.6358
vn -0.3796 -0.7895 0.4823
vn -0.3828 0.0474 0.9226
vn -0.4774 0.7619 0.4378
vn 0.1149 0.8456 -0.5213
vn 0.7798 0.4366 0.4486
vn 0.3320 -0.0965 0.9383
vn 0.2624 0.0370 0.9642
vn 0.2024 -0.7004 0.6844
vn 0.4342 -0.6569 0.6164
vn 0.3270 -0.6526 0.6835
vn 0.3823 -0.4996 0.7773
vn 0.7646 -0.4903 0.4183
vn 0.6388 -0.6131 0.4648
vn 0.2441 -0.9696 -0.0188
vn 0.9899 -0.1309 0.0538
vn 0.6955 -0.7150 0.0718
vn 0.9902 -0.0370 -0.1344
vn 0.1364 -0.9546 0.2650
vn 0.9868 -0.0353 -0.1583
vn -0.0019 -0.6331 -0.7740
vn 0.9674 0.2530 -0.0070
vn 0.7020 0.4653 -0.5391
vn 0.6276 0.7765 0.0558
vn 0.5678 0.4738 -0.6731
vn 0.4665 0.5569 -0.6872
vn 0.4021 0.5923 -0.6982
vn 0.3887 0.4813 -0.7857
vn 0.2697 0.7094 -0.6512
vn 0.2922 0.4168 -0.8607
vn 0.4152 0.8577 -0.3032
vn 0.3055 0.9180 -0.2529
vn 0.6727 0.6555 -0.3431
vn 0.1820 0.9829 -0.0292
vn 0.0834 0.9833 0.1616
vn 0.3363 0.9317 0.1370
vn 0.7799 0.5698 0.2590
vn 0.1804 0.9685 0.1716
vn 0.1076 0.7797 0.6168
vn 0.4619 0.2958 0.8361
vn 0.1633 0.4026 -0.9007
vn 0.1148 0.9429 -0.3127
vn 0.0614 0.9305 -0.3611
vn -0.0268 0.9270 -0.3742
vn -0.1076 0.9019 -0.4183
vn -0.1355 0.9129 -0.3850
vn -0.1947 0.9081 -0.3708
vn -0.2259 0.9088 -0.3508
vn -0.2790 0.8963 -0.3447
vn -0.2850 0.9137 -0.2899
vn -0.1887 0.9773 -0.0964
vn -0.0068 0.9763 -0.2162
vn -0.2205 -0.1747 -0.9596
vn 0.1326 0.9433 -0.3042
vn 0.1406 0.9503 -0.2776
vn 0.1382 0.9584 -0.2499
vn 0.1208 0.9803 -0.1564
vn 0.0629 0.9978 -0.0205
vn -0.3604 0.6558 -0.6633
vn -0.7336 -0.6233 0.2707
vn -0.2676 0.1434 0.9528
vn -0.0000 -0.4716 -0.8818
vn 0.0024 -0.1364 -0.9907
vn 0.5934 -0.6580 -0.4637
vn -0.1226 -0.8969 -0.4248
vn 0.8953 -0.3277 -0.3018
vn 0.0089 0.1190 -0.9929
vn 0.3220 -0.9453 -0.0530
vn -0.0014 -0.5702 -0.8215
vn -0.4742 -0.8638 0.1701
vn -0.0129 -0.9575 -0.2880
vn -0.2362 -0.7321 0.6390
vn -0.7571 -0.6378 0.1415
vn -0.4651 -0.6001 0.6508
vn -0.5419 -0.2260 0.8095
vn -0.5453 0.0078 0.8382
vn -0.5616 0.7227 0.4029
vn -0.0575 0.9664 0.2507
vn -0.0065 -0.7462 0.6657
vn -0.0000 0.0008 1.0000
vn -0.0000 0.0010 1.0000
vn 0.5004 0.6580 0.5627
vn 0.3945 0.0066 0.9189
vn 0.3905 -0.1662 0.9055
vn 0.3824 -0.5990 0.7036
vn 0.1946 -0.9761 0.0968
vn 0.2251 -0.7193 0.6572
vn -0.0540 -0.9963 0.0672
vn -0.9037 -0.2646 -0.3366
vn -0.6853 0.6437 -0.3405
vn -0.7933 0.4416 -0.4192
vn -0.8811 -0.1918 -0.4322
vn -0.5371 0.1838 -0.8233
vn -0.6561 0.1582 -0.7379
vn -0.7284 0.2438 -0.6403
vn -0.7819 0.2069 -0.5880
vn -0.9088 0.2559 -0.3295
vn -0.7985 0.5114 -0.3177
vn -0.7793 0.3753 -0.5019
vn -0.5340 0.1274 -0.8358
vn -0.7052 0.0197 -0.7087
vn -0.4376 0.1590 -0.8850
vn -0.3010 0.2836 -0.9105
vn -0.2970 0.2519 -0.9211
vn -0.3632 0.3517 -0.8628
vn -0.0891 0.3793 -0.9210
vn -0.1370 0.3876 -0.9116
vn -0.2183 0.3358 -0.9163
vn -0.5194 0.4382 -0.7336
vn -0.5412 0.4607 -0.7035
vn -0.2856 0.2936 -0.9123
vn -0.6905 0.5504 -0.4694
vn -0.7204 0.5662 -0.4005
vn -0.6229 0.7330 -0.2733
vn -0.7660 0.6024 -0.2244
vn -0.6069 0.5435 -0.5799
vn -0.4833 0.3590 -0.7984
vn -0.5316 0.8127 -0.2387
vn 0.0554 0.3043 -0.9510
vn 0.0396 0.2250 -0.9736
vn 0.3447 0.3378 -0.8758
vn 0.3114 0.4301 -0.8474
vn 0.5915 0.4992 -0.6332
vn 0.5177 0.6875 -0.5093
vn 0.5176 0.6008 -0.6092
vn 0.2696 0.4481 -0.8524
vn 0.6842 0.7246 -0.0829
vn 0.7401 0.6345 -0.2228
vn 0.5544 0.8269 0.0942
vn 0.6698 0.6947 -0.2622
vn 0.0741 0.3823 -0.9211
vn 0.7563 0.6476 0.0930
vn 0.4493 0.8298 0.3311
vn 0.2809 0.3948 -0.8748
vn 0.1046 0.3990 -0.9110
vn 0.8322 0.3914 -0.3927
vn 0.9048 0.3064 -0.2957
vn 0.5942 0.4014 -0.6970
vn 0.8765 0.0377 -0.4800
vn 0.5852 0.2065 -0.7842
vn 0.3022 0.3247 -0.8963
vn 0.1262 0.3437 -0.9306
vn 0.9897 -0.0909 -0.1101
vn -0.0746 0.3228 -0.9435
vn 0.5494 0.1050 -0.8289
vn 0.3131 0.2503 -0.9161
vn 0.3212 0.1419 -0.9363
vn 0.5498 0.0575 -0.8333
vn 0.7888 -0.0935 -0.6075
vn 0.7470 -0.1012 -0.6571
vn 0.5437 -0.0340 -0.8386
vn 0.9037 -0.1113 -0.4135
vn 0.3166 0.0120 -0.9485
vn 0.9675 0.0144 -0.2524
vn 0.9990 -0.0070 -0.0448
vn 0.9399 -0.1898 -0.2837
vn 0.8527 -0.1049 -0.5117
vn 0.9593 -0.2683 -0.0878
vn 0.9171 -0.2145 0.3360
vn 0.8465 -0.4465 0.2899
vn 0.4315 -0.5262 0.7327
vn 0.3543 -0.3528 0.8660
vn 0.7168 -0.1199 0.6869
vn 0.7506 0.0027 0.6608
vn 0.5931 -0.3449 0.7275
vn 0.6826 0.1804 0.7081
vn 0.9415 -0.1624 -0.2955
vn 0.7045 0.0407 0.7085
vn 0.9147 -0.4035 -0.0248
vn 0.6037 0.1418 0.7845
vn 0.5912 0.2015 0.7810
vn 0.6847 0.0324 0.7281
vn 0.5064 0.2370 0.8291
vn 0.5309 0.2391 0.8130
vn 0.5929 0.2516 0.7650
vn 0.5070 0.2006 0.8383
vn 0.6874 0.1685 0.7065
vn 0.8971 -0.2664 0.3525
vn 0.3759 0.2550 0.8909
vn 0.3834 0.2112 0.8991
vn 0.2034 0.2821 0.9376
vn 0.1929 0.2826 0.9396
vn 0.0132 0.2985 0.9543
vn 0.0059 0.2832 0.9590
vn 0.2151 0.2048 0.9549
vn 0.3842 0.2593 0.8861
vn 0.7247 -0.3371 0.6009
vn -0.0076 0.1960 0.9806
vn 0.5769 -0.3375 0.7438
vn 0.3839 0.2470 0.8897
vn 0.3672 -0.3654 0.8554
vn -0.2272 0.1469 0.9627
vn 0.1739 -0.4175 0.8919
vn -0.3895 0.1133 0.9140
vn -0.2030 0.2430 0.9485
vn -0.1899 0.2670 0.9448
vn -0.3833 0.2027 0.9011
vn -0.5050 0.1346 0.8525
vn -0.5135 0.1747 0.8401
vn -0.3830 0.2214 0.8968
vn 0.0711 -0.1540 0.9855
vn 0.1032 -0.3367 0.9359
vn -0.6028 0.1407 0.7854
vn -0.6011 0.1204 0.7901
vn -0.5236 0.1903 0.8304
vn -0.6025 0.1804 0.7774
vn -0.6105 0.1157 0.7835
vn -0.5379 0.0746 0.8397
vn -0.1004 -0.0270 0.9946
vn 0.4266 -0.2788 0.8604
vn -0.3975 -0.0611 0.9156
vn -0.1630 -0.4237 0.8910
vn -0.2319 0.0029 0.9727
vn -0.5047 0.3151 0.8037
vn -0.4480 0.4773 0.7560
vn -0.5348 0.2523 0.8064
vn -0.3871 0.2779 0.8792
vn -0.3969 0.3304 0.8564
vn -0.2419 0.3083 0.9200
vn -0.1966 0.2981 0.9341
vn 0.0098 0.2718 0.9623
vn 0.0107 0.3033 0.9528
vn 0.2569 0.3041 0.9173
vn 0.2076 0.3047 0.9296
vn 0.3914 0.2956 0.8714
vn 0.3989 0.3293 0.8558
vn 0.5422 0.2581 0.7996
vn 0.5494 0.2804 0.7871
vn 0.7093 0.2484 0.6597
vn 0.6409 0.2524 0.7249
vn -0.5471 0.2921 0.7844
vn 0.7870 0.2464 0.5656
vn 0.8543 0.2904 0.4311
vn 0.8794 0.2559 0.4013
vn 0.7852 0.5992 0.1562
vn 0.8393 0.2676 0.4733
vn 0.9207 0.1909 0.3404
vn 0.8662 0.2810 0.4131
vn 0.9459 0.1424 0.2915
vn 0.8694 0.2652 0.4170
vn 0.7114 0.2660 0.6505
vn 0.6910 0.2811 0.6659
vn 0.7084 0.2401 0.6637
vn 0.4369 0.2358 0.8680
vn 0.4310 0.2508 0.8668
vn 0.0152 0.2307 0.9729
vn 0.0204 0.2181 0.9757
vn -0.3798 0.2160 0.8995
vn -0.3800 0.1971 0.9037
vn -0.6644 0.2166 0.7152
vn -0.6509 0.1808 0.7373
vn -0.8579 0.1661 0.4863
vn -0.8659 0.2101 0.4540
vn -0.8464 0.2313 0.4797
vn -0.9447 0.1021 0.3117
vn -0.8557 0.3673 0.3646
vn -0.6551 0.2153 0.7243
vn -0.9917 -0.0810 0.0995
vn -0.7998 0.2614 0.5404
vn -0.8256 0.4397 0.3536
vn -0.6303 0.2288 0.7418
vn -0.4420 0.2081 0.8725
vn -0.3778 0.1969 0.9047
vn -0.3190 0.2120 0.9237
vn 0.0096 0.2219 0.9750
vn 0.0188 0.2360 0.9716
vn 0.3372 0.2112 0.9174
vn 0.4059 0.2303 0.8844
vn 0.4294 0.2215 0.8755
vn 0.6559 0.2421 0.7150
vn 0.5960 0.2466 0.7642
vn 0.3303 0.2510 0.9099
vn 0.4053 0.2625 0.8757
vn 0.0101 0.2477 0.9688
vn -0.3110 0.2608 0.9139
vn -0.4157 0.2791 0.8656
vn -0.5924 0.2692 0.7593
vn -0.7252 0.2917 0.6237
vn -0.7893 0.3966 0.4687
vn -0.8217 0.5421 0.1760
vn -0.7760 0.5260 0.3480
vn -0.7681 0.5887 0.2519
vn -0.7721 0.5959 0.2207
vn -0.7378 0.6595 0.1440
vn -0.7630 0.3414 0.5488
vn -0.5489 0.8145 -0.1880
vn -0.7796 0.5849 0.2237
vn -0.7962 0.2275 0.5607
vn -0.7536 0.0710 0.6535
vn -0.8296 -0.2379 0.5052
vn -0.7505 0.0732 0.6568
vn -0.8702 -0.0054 0.4927
vn -0.6410 0.2430 0.7281
vn -0.7422 0.2794 0.6091
vn -0.9676 0.1377 0.2118
vn -0.8223 0.2930 0.4878
vn -0.5438 0.4025 0.7364
vn -0.6182 0.4100 0.6706
vn -0.4540 0.3671 0.8119
vn -0.9437 0.3168 0.0948
vn -0.8667 0.2989 0.3993
vn -0.6849 0.3598 0.6336
vn -0.9092 -0.3877 0.1518
vn -0.4005 0.4619 0.7914
vn -0.3439 0.4755 0.8097
vn -0.2074 0.4998 0.8410
vn -0.1796 0.4999 0.8473
vn -0.1002 0.5101 0.8543
vn -0.0930 0.4204 0.9026
vn 0.0402 0.3835 0.9227
vn -0.0112 0.4957 0.8684
vn 0.1417 0.4821 0.8646
vn 0.1843 0.3344 0.9242
vn 0.3037 0.4765 0.8250
vn 0.3295 0.3261 0.8860
vn 0.1158 0.5346 0.8371
vn -0.0297 0.5224 0.8522
vn 0.0977 0.5352 0.8390
vn 0.2652 0.5605 0.7845
vn 0.2757 0.5432 0.7930
vn -0.0241 0.5204 0.8536
vn 0.4132 0.5649 0.7142
vn 0.4672 0.4708 0.7484
vn 0.4318 0.6001 0.6734
vn 0.6965 0.4085 0.5900
vn 0.7770 0.4984 0.3845
vn 0.5048 0.3604 0.7844
vn -0.2507 0.4206 0.8719
vn -0.4570 0.3939 0.7975
vn -0.9269 0.3640 -0.0912
vn -0.8589 0.4966 -0.1254
vn -0.9385 0.1491 -0.3114
vn -0.4248 -0.0130 -0.9052
vn -0.4505 0.4228 -0.7863
vn -0.5434 0.5276 -0.6530
vn 0.3559 0.1309 -0.9253
vn -0.1025 0.5080 0.8552
vn -0.0890 0.5022 0.8602
vn -0.1640 0.4795 0.8621
vn -0.2928 0.4374 0.8503
vn -0.6782 0.4678 0.5667
vn -0.5926 0.4877 0.6411
vn -0.6784 0.3804 0.6286
vn -0.5945 0.3452 0.7262
vn -0.6176 0.2559 0.7437
vn -0.6524 0.3000 0.6960
vn -0.6318 -0.2076 -0.7468
vn -0.9154 -0.0450 -0.4000
vn -0.8992 0.3914 0.1955
vn -0.5108 0.6655 0.5442
vn -0.2330 -0.3755 -0.8970
vn -0.2462 -0.9475 -0.2041
vn 0.0596 0.7962 0.6021
vn 0.4315 0.7723 0.4662
vn 0.7464 0.6006 0.2865
vn 0.9778 0.1940 0.0794
vn 0.9237 -0.3691 -0.1031
vn 0.6468 -0.7506 -0.1350
vn 0.5513 -0.7803 -0.2954
vn 0.1190 -0.7929 -0.5977
vn 0.5056 -0.8573 -0.0966
vn 0.0796 -0.9310 -0.3561
vn 0.4538 -0.8523 0.2600
vn 0.0100 -0.9999 0.0083
vn 0.8253 -0.5375 0.1733
vn 0.8461 -0.5286 -0.0686
vn 0.9992 -0.0304 0.0273
vn 1.0000 0.0036 -0.0031
vn 0.8615 0.4686 -0.1954
vn 0.8361 0.5479 0.0277
vn 0.5091 0.7477 -0.4263
vn 0.4891 0.8720 0.0192
vn 0.0206 0.8520 -0.5231
vn 0.0055 0.9984 0.0570
vn -0.5621 0.7627 -0.3199
vn -0.6010 0.7785 0.1812
vn -0.8886 0.4541 -0.0648
vn -0.9195 0.3665 0.1420
vn -0.9937 0.0601 0.0950
vn -0.9911 -0.1049 0.0815
vn -0.8597 -0.4534 0.2352
vn -0.8049 -0.5934 -0.0071
vn -0.4814 -0.8234 0.3003
vn -0.3969 -0.9151 -0.0714
vn 0.0176 0.7851 0.6191
vn -0.5271 0.6686 0.5245
vn -0.8965 0.3281 0.2977
vn -0.9892 -0.1060 0.1008
vn -0.8219 -0.5622 -0.0914
vn -0.3867 -0.8860 -0.2560
vn -0.8745 -0.3564 0.3289
vn -0.9913 0.1115 0.0694
vn -0.8699 -0.3023 0.3898
vn -0.9874 0.1343 0.0832
vn -0.8788 0.4539 -0.1473
vn -0.8610 0.4792 -0.1703
vn -0.5725 0.7382 -0.3567
vn -0.5323 0.7709 -0.3499
vn 0.0284 0.8632 -0.5040
vn 0.0505 0.8987 -0.4356
vn -0.5353 -0.6303 0.5623
vn -0.5141 -0.7151 0.4737
vn -0.3358 -0.7263 0.5997
vn -0.0217 -0.7030 0.7108
vn 0.5492 0.7235 -0.4183
vn 0.5741 0.7471 -0.3351
vn 0.8735 0.4411 -0.2061
vn 0.8747 0.4626 -0.1446
vn 0.9986 0.0080 0.0518
vn 0.9946 0.0520 0.0900
vn 0.8400 -0.4641 0.2811
vn 0.8521 -0.3996 0.3380
vn 0.4589 -0.7795 0.4263
vn 0.4616 -0.7179 0.5211
vn -0.0629 0.9273 -0.3689
vn -0.3037 0.8858 -0.3509
vn -0.1905 0.9710 -0.1442
vn 0.2234 0.8764 -0.4267
vn -0.5452 0.8342 0.0829
vn -0.7015 0.7013 -0.1271
vn -0.7146 0.5770 0.3956
vn -0.9029 0.3785 0.2037
vn -0.6894 0.2433 0.6822
vn -0.8408 -0.0214 0.5410
vn -0.3990 -0.0390 0.9161
vn -0.5456 -0.3240 0.7729
vn -0.2120 -0.0585 0.9755
vn 0.0316 -0.1160 0.9927
vn 0.1804 0.8440 -0.5051
vn -0.3900 0.8134 -0.4317
vn 0.0922 0.8988 -0.4285
vn -0.4684 0.8083 -0.3568
vn -0.7778 0.5970 -0.1964
vn -0.8213 0.5397 -0.1849
vn -0.9522 0.2698 0.1431
vn -0.9731 0.2045 0.1063
vn -0.8646 -0.1162 0.4889
vn -0.8724 -0.1999 0.4461
vn -0.5848 -0.4156 0.6967
vn -0.5693 -0.5091 0.6456
vn -0.4393 -0.4686 0.7664
vn -0.0680 -0.4532 0.8888
vn 0.5744 0.7412 -0.3474
vn 0.6367 0.6672 -0.3865
vn 0.8725 0.4649 -0.1503
vn 0.8763 0.4394 -0.1977
vn 0.9909 0.0866 0.1026
vn 0.9887 0.1072 0.1051
vn 0.8663 -0.3193 0.3842
vn 0.8710 -0.2449 0.4259
vn 0.4864 -0.6279 0.6076
vn 0.5118 -0.5144 0.6881
vn 0.5370 -0.4013 0.7420
vn 0.5411 -0.1599 0.8256
vn 0.8128 0.0516 0.5803
vn 0.8621 -0.1652 0.4791
vn 0.8986 0.3290 0.2903
vn 0.9761 0.1661 0.1405
vn 0.8022 0.5971 -0.0042
vn 0.8630 0.4785 -0.1622
vn 0.5796 0.7979 -0.1657
vn 0.6259 0.7009 -0.3420
vn 0.5640 0.3305 0.7567
vn 0.1645 0.0694 0.9839
vn 0.6156 0.4757 0.6284
vn 0.3759 0.9248 -0.0579
vn 0.5704 0.7974 0.1971
vn 0.4440 0.5531 0.7050
vn 0.8762 -0.4661 -0.1227
vn 0.9886 0.0797 0.1277
vn 0.7476 0.5526 0.3684
vn 0.4035 0.7448 0.5315
vn -0.1305 0.9546 0.2678
vn -0.2098 0.8745 0.4373
vn -0.2334 0.4858 0.8423
vn -0.5003 -0.2924 0.8150
vn -0.5078 -0.5902 0.6275
vn -0.6582 0.1208 0.7431
vn -0.7603 0.5791 0.2942
vn -0.8731 -0.4404 0.2092
vn -0.5558 -0.7729 -0.3059
vn -0.6635 0.6675 -0.3380
vn -0.4920 0.5103 -0.7054
vn -0.3303 0.2445 -0.9117
vn -0.1301 -0.1714 -0.9766
vn -0.2213 -0.5571 -0.8004
vn -0.5896 -0.7515 -0.2960
vn 0.4835 -0.7999 -0.3555
vn 0.5239 -0.8406 -0.1377
vn 0.5740 -0.7805 -0.2476
vn 0.6361 -0.7668 0.0862
vn 0.6425 -0.7641 -0.0588
vn 0.7958 -0.6056 0.0012
vn 0.1882 -0.9609 -0.2033
vn 0.1799 -0.8404 -0.5113
vn -0.3831 -0.8750 -0.2959
vn -0.3063 -0.6994 -0.6458
vn -0.8096 -0.5208 -0.2705
vn -0.6916 -0.3806 -0.6138
vn -0.9701 -0.1683 -0.1751
vn -0.8668 -0.0767 -0.4928
vn -0.9591 0.2820 -0.0235
vn -0.9080 0.3026 -0.2898
vn -0.5779 0.8023 0.1495
vn -0.6627 0.7376 0.1297
vn -0.0265 0.9843 0.1745
vn -0.5005 0.5964 0.6275
vn 0.3848 0.9154 0.1183
vn -0.3452 0.4280 -0.8352
vn 0.7486 0.6573 0.0871
vn 0.4273 -0.0482 -0.9028
vn 0.9790 0.1774 0.1000
vn 0.3746 -0.5851 0.7192
vn -0.7440 0.5650 -0.3566
vn -0.6755 0.6271 0.3879
vn -0.6442 -0.3303 0.6899
vn -0.6235 -0.6554 0.4262
vn -0.5277 -0.7321 0.4308
vn -0.0160 -0.7646 0.6443
vn 0.7298 0.6560 0.1925
vn 0.3261 0.9212 0.2121
vn 0.7002 0.6663 0.2565
vn 0.2805 0.9341 0.2210
vn -0.0878 0.9697 0.2280
vn -0.1569 0.9684 0.1937
vn -0.5722 0.7990 0.1847
vn -0.6117 0.7783 0.1417
vn -0.9523 0.3025 0.0408
vn -0.9624 0.2681 0.0429
vn 0.9504 0.2166 0.2233
vn 0.9739 0.1744 0.1451
vn 0.9983 -0.0539 -0.0227
vn 0.9862 -0.0806 0.1448
vn -0.9807 -0.1836 -0.0667
vn -0.9742 -0.2259 -0.0015
vn -0.8200 -0.5608 -0.1145
vn -0.7949 -0.6067 0.0025
vn -0.3811 -0.9169 -0.1185
vn -0.3330 -0.9424 0.0300
vn 0.2035 -0.9773 -0.0595
vn 0.2370 -0.9693 0.0648
vn 0.6565 -0.7540 0.0226
vn 0.6648 -0.7388 0.1106
vn -0.8506 0.1981 0.4871
vn -0.8164 0.3907 0.4252
vn -0.7446 0.5463 0.3836
vn -0.7653 0.6237 0.1592
vn -0.4327 0.8160 0.3832
vn -0.4090 0.9077 0.0940
vn -0.0019 0.9001 0.4357
vn 0.1170 0.9895 0.0854
vn 0.4807 0.7330 0.4813
vn 0.6154 0.7750 0.1439
vn 0.7651 0.3544 0.5376
vn 0.8953 0.3707 0.2472
vn 0.9131 0.0124 0.4076
vn 0.9278 0.1752 0.3293
vn -0.9745 0.1886 0.1213
vn -0.7297 0.6833 0.0228
vn -0.9777 0.1999 0.0648
vn -0.6833 0.7292 0.0360
vn -0.3192 0.9468 -0.0417
vn -0.2481 0.9685 0.0199
vn 0.1697 0.9850 -0.0309
vn 0.2042 0.9780 0.0419
vn 0.6428 0.7647 0.0457
vn 0.6574 0.7442 0.1183
vn 0.9195 0.3662 0.1430
vn 0.9324 0.3193 0.1691
vn 0.9993 0.0008 -0.0378
vn 0.9769 0.0938 0.1923
vn -0.9502 -0.2905 0.1128
vn -0.9265 -0.3055 0.2198
vn -0.7400 -0.6502 0.1720
vn -0.6982 -0.6468 0.3070
vn -0.2651 -0.9370 0.2275
vn -0.2509 -0.8893 0.3823
vn 0.2717 -0.9315 0.2418
vn 0.2727 -0.8799 0.3891
vn 0.6742 -0.6986 0.2397
vn 0.6674 -0.6549 0.3546
vn 0.6617 -0.5977 0.4526
vn 0.5792 -0.4868 0.6539
vn 0.1984 -0.6969 0.6892
vn 0.2671 -0.8335 0.4836
vn -0.2925 -0.7038 0.6474
vn -0.2482 -0.8480 0.4682
vn -0.6434 -0.5025 0.5776
vn -0.6772 -0.6211 0.3945
vn -0.8505 -0.1808 0.4940
vn -0.9067 -0.2713 0.3229
vn 0.1908 -0.3232 0.9269
vn -0.1365 -0.4895 0.8612
vn -0.6079 -0.1382 0.7819
vn -0.7610 0.1055 0.6402
vn -0.2590 -0.1756 0.9498
vn 0.2067 0.0202 0.9782
vn 0.2129 -0.6398 -0.7384
vn -0.1324 -0.3433 -0.9298
vn -0.4728 0.0133 -0.8811
vn -0.6391 0.3042 -0.7064
vn -0.5015 0.5181 0.6929
vn -0.2167 0.6926 0.6880
vn 0.3049 0.4074 0.8608
vn -0.0774 -0.4374 -0.8959
vn -0.3665 -0.4454 -0.8169
vn -0.4247 -0.1985 -0.8833
vn -0.0692 -0.1835 -0.9806
vn -0.0865 -0.7529 -0.6525
vn -0.3874 -0.7427 -0.5462
vn -0.6322 -0.5068 -0.5860
vn -0.7140 -0.2474 -0.6550
vn -0.8852 -0.3339 -0.3239
vn -0.7408 -0.6056 -0.2905
vn -0.4136 -0.8725 -0.2604
vn 0.2237 -0.4290 -0.8751
vn 0.2433 -0.7287 -0.6401
vn 0.5140 -0.4754 -0.7140
vn 0.6518 -0.5790 -0.4898
vn 0.2713 -0.8844 -0.3799
vn 0.7851 -0.2957 -0.5443
vn 0.5833 -0.2330 -0.7781
vn 0.2835 -0.1977 -0.9384
vn -0.0971 -0.9433 -0.3175
vn 0.8381 -0.1332 -0.5289
vn 0.6163 -0.0727 -0.7841
vn 0.3091 -0.0267 -0.9507
vn -0.0616 -0.0040 -0.9981
vn -0.4405 -0.0339 -0.8971
vn -0.7402 -0.1079 -0.6637
vn -0.9254 -0.2021 -0.3205
vn 0.8558 0.3363 0.3931
vn 0.7994 0.2327 0.5538
vn 0.8180 0.2156 0.5333
vn 0.8082 0.2243 0.5446
vn 0.7525 0.2788 0.5967
vn 0.6799 0.2139 0.7014
vn 0.5514 -0.2673 0.7903
vn 0.7695 0.1264 0.6260
vn -0.8643 0.3534 -0.3580
vn -0.9243 -0.3725 -0.0830
vn -0.8477 -0.4755 0.2353
vn -0.5701 -0.6232 0.5354
vn -0.5883 -0.6712 -0.4510
vn -0.5313 -0.8466 0.0316
vn -0.3343 -0.7133 -0.6160
vn -0.2620 -0.9564 -0.1290
vn -0.4466 -0.8200 0.3580
vn -0.2505 -0.9288 0.2732
vn -0.1271 -0.9768 -0.1722
vn -0.1156 -0.9739 0.1955
vn -0.1688 -0.7215 -0.6715
vn -0.0157 -0.7301 -0.6831
vn -0.0191 -0.9824 -0.1856
vn -0.0143 -0.9849 0.1727
vn -0.3032 -0.7224 0.6215
vn -0.3142 -0.7322 0.6043
vn -0.0224 -0.7770 0.6291
vn 0.7143 -0.2368 0.6586
vn -0.0017 -0.5865 0.8099
vn 0.0081 -0.0161 0.9998
vn -0.0081 -0.8837 0.4679
vn -0.1113 -0.8368 0.5361
vn 0.0229 0.2994 0.9538
vn 0.7620 0.3137 0.5665
vn 0.0087 -0.0697 0.9975
vn 0.7828 -0.0577 0.6196
vn 0.5229 -0.7206 0.4554
vn -0.0000 -0.7913 0.6114
vn -0.7530 0.2988 0.5863
vn -0.7788 -0.0734 0.6229
vn -0.5230 -0.7205 0.4553
vn -0.7212 -0.2194 0.6571
vn 0.0231 -0.7858 0.6180
vn 0.3103 -0.7721 0.5546
vn 0.1061 -0.8277 0.5511
vn 0.2767 -0.7219 0.6342
vn 0.5118 -0.7265 0.4586
vn 0.8008 -0.5783 0.1560
vn 0.8520 -0.4995 -0.1568
vn 0.6214 -0.6463 -0.4428
vn 0.5599 -0.8273 0.0448
vn 0.3401 -0.6980 -0.6302
vn 0.2639 -0.9553 -0.1329
vn 0.4686 -0.8068 0.3599
vn 0.2527 -0.9242 0.2864
vn 0.1014 -0.9799 -0.1715
vn 0.0990 -0.9743 0.2025
vn 0.1479 -0.7112 -0.6872
vn 0.1517 -0.9246 -0.3493
vn -0.2625 -0.9410 -0.2134
vn -0.2016 -0.9669 0.1564
vn 0.0388 -0.8942 -0.4461
vn 0.4346 -0.4592 -0.7748
vn 0.0632 -0.9400 -0.3352
vn 0.3572 -0.2044 -0.9114
vn 0.0475 -0.9252 -0.3765
vn 0.0208 -0.9060 -0.4227
vn 0.1837 -0.1713 -0.9679
vn -0.0071 -0.1634 -0.9865
vn -0.0099 -0.9365 -0.3506
vn -0.0417 -0.9218 -0.3855
vn -0.1925 -0.1732 -0.9659
vn -0.3287 -0.2270 -0.9167
vn 0.0115 -0.9295 -0.3687
vn 0.0126 -0.9584 -0.2851
vn -0.0092 -0.9355 -0.3532
vn -0.4582 -0.3958 -0.7959
vn 0.1138 -0.9899 -0.0850
vn 0.1286 -0.9877 -0.0887
vn -0.5847 -0.3600 -0.7270
vn -0.3576 -0.3685 -0.8581
vn -0.1874 -0.3551 -0.9159
vn -0.0087 -0.3645 -0.9312
vn 0.1700 -0.3650 -0.9154
vn 0.3576 -0.3553 -0.8637
vn 0.5909 -0.3869 -0.7079
vn -0.6049 0.0224 0.7960
vn -0.6141 0.1379 0.7771
vn -0.3601 0.1605 0.9190
vn -0.3591 -0.0026 0.9333
vn 0.0188 0.1866 0.9823
vn -0.0009 -0.0063 1.0000
vn -0.8421 0.0764 0.5339
vn -0.8473 0.1314 0.5147
vn -0.9222 0.1591 0.3525
vn -0.9896 -0.1276 0.0670
vn -0.6571 -0.1094 0.7458
vn -0.3860 -0.1812 0.9045
vn -0.3806 -0.1856 0.9059
vn -0.6885 -0.1342 0.7127
vn -0.0119 -0.1969 0.9804
vn 0.0017 -0.1818 0.9833
vn -0.8776 0.0110 0.4792
vn -0.9087 -0.0162 0.4171
vn -0.9401 0.1491 0.3066
vn -0.9976 -0.0511 -0.0469
vn 0.0422 -0.0488 0.9979
vn -0.3057 -0.0647 0.9499
vn 0.0801 0.2181 0.9726
vn -0.2360 0.2271 0.9448
vn 0.0231 0.4900 0.8714
vn -0.2414 0.5968 0.7652
vn -0.0721 0.7467 0.6613
vn -0.2914 0.7386 0.6079
vn -0.5390 0.7056 0.4600
vn -0.6297 0.4759 0.6139
vn -0.5715 0.1688 0.8030
vn -0.6522 -0.0363 0.7572
vn -0.8473 0.4455 0.2890
vn -0.8595 0.2520 0.4446
vn -0.9247 0.3326 0.1851
vn -0.9108 0.0606 0.4084
vn -0.9041 0.2615 -0.3380
vn -0.8941 0.3023 -0.3306
vn -0.7080 0.3167 -0.6312
vn -0.7004 0.3988 -0.5919
vn -0.4305 0.4625 -0.7751
vn -0.4333 0.3504 -0.8303
vn -0.9111 0.2210 -0.3479
vn -0.9076 0.1989 -0.3696
vn -0.6809 0.2203 -0.6984
vn -0.7000 0.2528 -0.6679
vn -0.6788 0.2073 -0.7045
vn -0.3818 0.2050 -0.9012
vn -0.3886 0.2321 -0.8917
vn -0.9123 0.1954 -0.3598
vn -0.4170 0.2753 -0.8662
vn -0.0627 0.4977 -0.8651
vn -0.0416 0.3718 -0.9274
vn 0.0099 0.2458 -0.9693
vn -0.0128 0.2938 -0.9558
vn 0.0139 0.2108 -0.9774
vn 0.3919 0.3694 -0.8426
vn 0.3549 0.5051 -0.7867
vn 0.7183 0.3360 -0.6092
vn 0.6897 0.4571 -0.5616
vn 0.8993 0.3621 -0.2454
vn 0.9208 0.2798 -0.2716
vn 0.9957 0.0903 -0.0207
vn 0.9717 0.2158 -0.0964
vn 0.9228 0.2472 -0.2954
vn 0.9748 0.2032 -0.0923
vn 0.9110 0.2664 -0.3149
vn 0.7111 0.2664 -0.6507
vn 0.7259 0.2673 -0.6338
vn 0.9115 0.2604 -0.3183
vn 0.9638 0.2445 -0.1062
vn 0.9943 0.0069 0.1068
vn 0.6986 0.2564 -0.6680
vn 0.4256 0.2580 -0.8674
vn 0.4126 0.2282 -0.8819
vn 0.4203 0.2891 -0.8601
vn 0.9091 0.2377 -0.3421
vn 0.8998 0.2749 -0.3388
vn 0.6780 0.1890 -0.7103
vn 0.6958 0.1961 -0.6909
vn 0.4088 0.1411 -0.9017
vn 0.4086 0.1759 -0.8956
vn 0.0175 0.1425 -0.9896
vn 0.0134 0.1769 -0.9841
vn -0.3916 0.1806 -0.9022
vn -0.3889 0.1793 -0.9037
vn -0.6849 0.2022 -0.7000
vn -0.6602 0.2607 -0.7044
vn -0.9064 0.2384 -0.3488
vn -0.8712 0.3292 -0.3641
vn -0.6570 0.3006 -0.6914
vn -0.8538 0.3651 -0.3712
vn -0.3676 0.2109 -0.9058
vn 0.0372 0.1365 -0.9899
vn 0.3866 0.1563 -0.9089
vn 0.6738 0.2431 -0.6978
vn 0.8808 0.3380 -0.3317
vn 0.8429 0.4223 -0.3333
vn 0.6465 0.3350 -0.6854
vn 0.3813 0.2329 -0.8946
vn 0.0224 0.1661 -0.9859
vn -0.3365 0.2407 -0.9104
vn -0.6178 0.3671 -0.6954
vn -0.8003 0.4580 -0.3871
vn -0.0854 0.9838 -0.1579
vn -0.2870 0.9417 -0.1756
vn 0.0534 0.8659 -0.4974
vn -0.2729 0.8273 -0.4910
vn -0.6351 0.7442 -0.2068
vn -0.5229 0.7186 -0.4585
vn -0.3283 0.7042 -0.6295
vn 0.0052 0.7570 -0.6534
vn -0.3966 0.5928 -0.7009
vn -0.0431 0.6445 -0.7634
vn -0.6054 0.6029 -0.5196
vn -0.8117 0.5134 -0.2785
vn -0.8718 0.3702 -0.3208
vn -0.6643 0.4974 -0.5580
vn 0.3465 0.6465 -0.6797
vn 0.3453 0.7334 -0.5855
vn 0.3547 0.8264 -0.4373
vn 0.4073 0.9038 -0.1312
vn 0.4732 0.8801 0.0400
vn 0.5928 0.7965 0.1193
vn 0.6684 0.7350 -0.1142
vn 0.5629 0.7378 -0.3725
vn 0.6143 0.6539 -0.4417
vn 0.8112 0.5835 0.0385
vn 0.8096 0.5619 -0.1698
vn 0.8814 0.4697 0.0502
vn 0.8671 0.4486 -0.2163
vn 0.6507 0.5740 -0.4971
vn 0.6578 0.0712 0.7498
vn 0.3912 0.0219 0.9200
vn 0.4181 0.1987 0.8864
vn 0.6798 0.2010 0.7053
vn 0.8520 0.1281 0.5076
vn 0.8572 0.2098 0.4703
vn 0.6904 -0.0532 0.7214
vn 0.3938 -0.1511 0.9067
vn 0.4001 -0.1286 0.9074
vn 0.7187 -0.0364 0.6944
vn 0.8771 0.0660 0.4758
vn 0.8988 0.0813 0.4307
vn 0.3760 -0.0092 0.9266
vn 0.3796 0.2612 0.8875
vn 0.4165 0.5697 0.7085
vn 0.6787 0.4759 0.5594
vn 0.6378 0.2408 0.7316
vn 0.8405 0.3209 0.4365
vn 0.8943 0.1673 0.4150
vn 0.7024 0.0690 0.7085
vn 0.8657 0.2355 0.4417
vn -0.5012 0.2252 0.8355
vn -0.1586 0.3640 0.9178
vn -0.5950 0.7168 0.3636
vn -0.6929 0.6621 0.2855
vn 0.0241 -0.3841 0.9230
vn 0.0656 -0.3198 0.9452
vn -0.4786 0.8102 -0.3383
vn 0.3705 0.6534 -0.6602
vn -0.1005 0.8744 0.4747
vn -0.5139 0.7753 -0.3672
vn 0.4006 -0.8192 0.4104
vn 0.6435 -0.0896 -0.7602
vn 0.6737 0.0094 0.7389
vn 0.4995 -0.7728 0.3915
vn -0.7745 0.6024 0.1929
vn -0.5744 0.2039 0.7928
vn -0.5893 0.7229 -0.3608
vn -0.9976 -0.0694 -0.0024
vn -0.7263 0.0919 0.6812
vn -0.3993 -0.8404 0.3664
vn 0.1248 0.0248 -0.9919
vn 0.1860 -0.8238 -0.5355
vn -0.4723 -0.8702 -0.1401
vn -0.9811 -0.1545 0.1166
vn -0.4008 -0.7615 0.5094
vn -0.0574 -0.1500 -0.9870
vn 0.4416 -0.6548 -0.6134
vn -0.0058 -0.4546 0.8907
vn 0.5235 -0.7568 0.3915
vn 0.9099 0.3181 -0.2661
vn 0.6936 0.3439 0.6330
vn 0.5459 0.7670 0.3373
vn 0.4307 0.7242 -0.5386
vn 0.0985 0.8564 0.5068
vn 0.3819 0.2382 0.8930
vn 0.5861 0.7358 0.3392
vn 0.4721 0.7720 0.4256
vn 0.0711 0.3275 0.9422
vn -0.0975 -0.4209 0.9019
vn -0.0944 -0.3963 0.9132
vn 0.3854 0.8804 -0.2763
vn -0.3733 0.7816 -0.4998
vn 0.1793 0.9287 0.3246
vn 0.4638 0.8317 -0.3052
vn -0.3959 -0.8684 0.2985
vn -0.4894 -0.5136 0.7048
vn -0.4570 -0.8406 0.2908
vn 0.7296 0.6367 0.2495
vn 0.4940 0.2046 0.8451
vn 0.5326 0.7636 -0.3652
vn 0.9982 0.0452 -0.0389
vn 0.7242 0.0191 0.6893
vn 0.3299 -0.8257 0.4575
vn -0.2739 0.0384 -0.9610
vn -0.1028 -0.9102 -0.4013
vn 0.5413 -0.8123 -0.2174
vn 0.9913 -0.0771 0.1062
vn 0.3392 -0.7468 0.5720
vn 0.2921 -0.2398 -0.9258
vn -0.2199 -0.7463 -0.6283
vn -0.0698 -0.4736 0.8780
vn -0.5427 -0.7763 0.3207
vn -0.8920 0.3047 -0.3338
vn -0.5317 0.7520 0.3896
vn -0.3895 0.3304 0.8597
vn -0.7243 0.5635 -0.3973
vn -0.3053 0.7077 0.6372
vn -0.6575 -0.5253 -0.5402
vn -0.9556 0.2928 -0.0342
vn -0.8325 0.2927 0.4704
vn -0.7321 0.4982 0.4646
vn -0.7536 -0.2800 -0.5947
vn -0.5772 0.6671 0.4709
vn -0.7696 -0.0016 -0.6385
vn -0.3750 0.7807 0.5000
vn -0.6997 0.2668 -0.6627
vn -0.1522 0.8267 0.5417
vn -0.5518 0.5027 -0.6654
vn 0.0716 0.8014 0.5938
vn -0.3407 0.6830 -0.6461
vn 0.2746 0.7068 0.6519
vn -0.0867 0.7902 -0.6066
vn 0.4368 0.5525 0.7099
vn 0.1851 0.8137 -0.5510
vn 0.5424 0.3535 0.7621
vn 0.4482 0.7511 -0.4847
vn 0.5811 0.1294 0.8035
vn 0.6767 0.6088 -0.4141
vn 0.5491 -0.0981 0.8300
vn 0.8485 0.4003 -0.3462
vn 0.4494 -0.3066 0.8391
vn 0.9465 0.1464 -0.2875
vn 0.2919 -0.4757 0.8297
vn 0.9613 -0.1282 -0.2439
vn 0.0921 -0.5889 0.8029
vn 0.8913 -0.3967 -0.2196
vn -0.1308 -0.6349 0.7614
vn 0.7435 -0.6326 -0.2170
vn -0.3546 -0.6096 0.7090
vn 0.5323 -0.8129 -0.2362
vn -0.5575 -0.5150 0.6511
vn 0.2784 -0.9201 -0.2756
vn -0.7198 -0.3608 0.5931
vn 0.0064 -0.9435 -0.3312
vn -0.8254 -0.1617 0.5409
vn -0.2566 -0.8810 -0.3975
vn -0.8640 0.0625 0.4995
vn -0.2100 0.1423 0.9673
vn 0.2100 -0.1423 -0.9673
vn 0.8275 0.5584 -0.0595
vn 0.7321 0.4983 0.4644
vn 0.8322 0.2928 0.4708
vn 0.0136 0.8054 -0.5926
vn 0.8671 -0.1442 -0.4768
vn 0.5770 0.6671 0.4711
vn 0.8425 0.1538 -0.5163
vn 0.3750 0.7807 0.4999
vn 0.7296 0.4296 -0.5321
vn 0.1522 0.8267 0.5417
vn 0.5390 0.6590 -0.5246
vn -0.0717 0.8011 0.5942
vn 0.2895 0.8198 -0.4940
vn -0.2746 0.7068 0.6519
vn 0.0055 0.8962 -0.4436
vn -0.4368 0.5525 0.7099
vn -0.2853 0.8807 -0.3782
vn -0.5424 0.3535 0.7621
vn -0.5543 0.7748 -0.3041
vn -0.5811 0.1294 0.8035
vn -0.7752 0.5888 -0.2288
vn -0.5490 -0.0981 0.8300
vn -0.9264 0.3410 -0.1595
vn -0.4494 -0.3066 0.8391
vn -0.9931 0.0556 -0.1031
vn -0.2919 -0.4757 0.8297
vn -0.9688 -0.2392 -0.0649
vn -0.0921 -0.5889 0.8029
vn -0.8558 -0.5150 -0.0488
vn 0.1308 -0.6349 0.7614
vn -0.6652 -0.7445 -0.0566
vn 0.3546 -0.6096 0.7090
vn -0.4157 -0.9053 -0.0869
vn 0.5575 -0.5150 0.6511
vn -0.1317 -0.9817 -0.1373
vn 0.7197 -0.3608 0.5931
vn 0.1591 -0.9662 -0.2028
vn 0.8254 -0.1617 0.5409
vn 0.4282 -0.8602 -0.2769
vn 0.8641 0.0625 0.4995
vn 0.2100 0.1423 0.9673
vn -0.2100 -0.1423 -0.9673
vn -0.9500 0.2942 -0.1049
vn -0.7813 0.2340 0.5787
vn -0.6990 0.4068 0.5881
vn -0.8967 0.4344 -0.0855
vn -0.4915 0.1922 0.8494
vn -0.4310 0.2444 0.8686
vn -0.5062 0.6373 0.5811
vn -0.4220 0.9066 -0.0066
vn -0.5202 0.1548 0.8399
vn -0.8370 0.1247 0.5329
vn -0.9881 0.0618 -0.1411
vn -0.5436 0.3648 0.7559
vn 0.7249 0.4851 0.4890
vn -0.5529 0.1403 0.8213
vn -0.8606 0.0672 0.5048
vn -0.9867 -0.0577 -0.1516
vn -0.9796 -0.1737 -0.1012
vn -0.8388 0.0159 0.5443
vn -0.8136 -0.1130 0.5703
vn -0.5627 0.1266 0.8169
vn -0.5462 0.0977 0.8320
vn -0.5189 0.0240 0.8545
vn -0.7105 -0.3501 0.6104
vn -0.9134 -0.4045 -0.0463
vn -0.7316 -0.6142 0.2958
vn -0.5532 -0.5003 -0.6661
vn -0.5116 -0.7987 -0.3168
vn -0.5755 0.1358 0.8064
vn -0.7515 0.1061 0.6511
vn -0.1261 0.9920 0.0007
vn -0.6128 -0.2776 -0.7399
vn -0.6240 -0.1570 -0.7655
vn -0.6302 -0.0461 -0.7751
vn -0.3827 -0.7584 0.5276
vn -0.6884 0.2373 0.6854
vn -0.6041 0.1731 -0.7779
vn -0.5663 0.2988 -0.7681
vn -0.0448 -0.8653 0.4993
vn 0.0250 -0.9854 0.1683
vn 0.0197 -0.9880 0.1531
vn -0.0161 -0.8513 0.5244
vn -0.0594 -0.3030 0.9511
vn -0.1268 -0.3258 0.9369
vn -0.0829 -0.8608 0.5021
vn -0.1904 -0.3384 0.9215
vn -0.6691 -0.4110 0.6192
vn -0.0754 0.1654 0.9833
vn -0.0791 0.1866 0.9792
vn -0.6983 -0.6466 0.3072
vn -0.0845 0.1612 0.9833
vn -0.2665 -0.9087 0.3213
vn 0.0618 -0.9149 0.3989
vn -0.0853 0.1384 0.9867
vn -0.2246 -0.2476 0.9425
vn 0.5318 0.1739 0.8288
vn -0.1078 0.1477 0.9831
vn 0.4274 -0.8018 0.4177
vn -0.1646 0.6952 0.6998
vn -0.0822 0.3417 0.9362
vn -0.0513 0.8360 0.5463
vn -0.0263 0.9996 -0.0125
vn -0.0072 0.9989 -0.0456
vn 0.0838 0.8534 -0.5145
vn 0.0854 0.8715 -0.4828
vn -0.0537 0.9983 0.0224
vn 0.0310 0.8382 -0.5446
vn -0.0000 0.1721 0.9851
vn -0.0000 0.3482 0.9374
vn 0.0662 0.8657 -0.4962
vn -0.1431 0.9890 0.0367
vn -0.2157 0.6741 0.7065
vn 0.6904 -0.5759 0.4379
vn -0.3169 0.6406 0.6994
vn 0.5500 0.3282 0.7680
vn -0.2823 0.4512 0.8466
vn -0.1516 0.7808 -0.6061
vn -0.0000 0.8474 0.5309
vn -0.0000 0.9978 -0.0660
vn -0.0096 0.8241 -0.5664
vn 0.0512 0.8359 0.5465
vn 0.0822 0.3416 0.9362
vn 0.1645 0.6951 0.6998
vn 0.0263 0.9996 -0.0125
vn 0.0074 0.9989 -0.0453
vn -0.0802 0.8516 -0.5181
vn -0.0844 0.8717 -0.4828
vn 0.0537 0.9983 0.0223
vn -0.0311 0.8391 -0.5431
vn 0.1079 0.1477 0.9831
vn -0.0672 0.8651 -0.4971
vn 0.1431 0.9890 0.0367
vn 0.2157 0.6741 0.7064
vn 0.7704 0.4972 0.3990
vn 0.8728 0.4821 0.0761
vn 0.0853 0.1384 0.9867
vn 0.0845 0.1612 0.9833
vn 0.5570 0.8304 -0.0151
vn 0.2234 0.9740 0.0370
vn 0.0791 0.1867 0.9792
vn -0.1317 0.9815 0.1392
vn 0.0754 0.1654 0.9833
vn 0.0593 -0.3029 0.9512
vn 0.1268 -0.3258 0.9369
vn 0.0448 -0.8652 0.4994
vn 0.0829 -0.8607 0.5022
vn 0.1904 -0.3384 0.9215
vn 0.0161 -0.8513 0.5245
vn -0.0197 -0.9880 0.1530
vn -0.0250 -0.9854 0.1683
vn -0.4948 0.8430 0.2110
vn -0.6701 0.6470 0.3638
vn 0.1901 -0.7792 0.5973
vn 0.0622 -0.9709 0.2314
vn 0.4289 -0.6194 0.6575
vn 0.3036 -0.9295 0.2094
vn -0.1060 -0.9666 -0.2333
vn 0.0654 -0.9465 -0.3160
vn 0.4760 -0.8598 0.1847
vn 0.5117 -0.7987 -0.3167
vn 0.7012 -0.3569 0.6172
vn 0.5193 0.0240 0.8542
vn 0.8136 -0.1130 0.5703
vn 0.5462 0.0976 0.8319
vn 0.9134 -0.4045 -0.0462
vn 0.5539 -0.4992 -0.6663
vn 0.5627 0.1266 0.8169
vn 0.8386 0.0159 0.5444
vn 0.9796 -0.1737 -0.1011
vn 0.5756 0.1358 0.8064
vn 0.2719 -0.6746 0.6863
vn 0.7390 0.0822 0.6686
vn 0.8607 0.0677 0.5045
vn 0.9867 -0.0577 -0.1516
vn 0.9881 0.0618 -0.1411
vn 0.8369 0.1247 0.5329
vn 0.9500 0.2941 -0.1049
vn 0.7812 0.2340 0.5788
vn 0.6981 0.4057 0.5900
vn 0.7892 0.5896 0.1720
vn 0.4913 0.1920 0.8496
vn 0.4310 0.2444 0.8686
vn 0.5063 0.6374 0.5809
vn 0.4218 0.9066 -0.0069
vn 0.5200 0.1548 0.8400
vn 0.8353 -0.1238 0.5356
vn 0.6510 0.2697 0.7095
vn 0.5529 0.1401 0.8214
vn 0.6255 -0.1532 -0.7651
vn 0.6136 -0.2731 -0.7409
vn 0.7275 0.1004 0.6787
vn 0.2873 -0.9240 0.2523
vn 0.6330 -0.0416 -0.7730
vn 0.6074 0.1807 -0.7735
vn 0.6005 0.5671 -0.5638
vn 0.2416 0.1684 -0.9557
vn 0.2363 0.3072 -0.9219
vn 0.2808 0.3184 -0.9054
vn -0.5411 -0.7095 -0.4515
vn 0.2043 0.3252 -0.9233
vn -0.7284 -0.4916 -0.4772
vn 0.1334 0.2982 -0.9451
vn -0.8440 -0.2261 -0.4864
vn 0.0688 0.2480 -0.9663
vn -0.8433 0.0258 -0.5368
vn 0.6054 0.3650 -0.7073
vn 0.1643 0.2241 -0.9606
vn 0.0039 -0.0226 -0.9997
vn 0.1555 0.0154 -0.9877
vn 0.4725 0.6104 -0.6357
vn -0.0042 -0.1336 -0.9910
vn 0.2912 0.7032 -0.6486
vn 0.0198 -0.1715 -0.9850
vn 0.0698 0.6499 -0.7568
vn 0.0321 -0.2095 -0.9773
vn -0.0937 0.3684 -0.9249
vn 0.0522 -0.3224 -0.9452
vn -0.1406 0.0814 -0.9867
vn 0.0724 -0.3815 -0.9215
vn 0.2586 -0.5489 -0.7949
vn 0.2500 -0.4354 -0.8648
vn 0.2752 -0.5485 -0.7896
vn 0.2281 -0.4731 -0.8510
vn -0.6616 -0.2073 -0.7207
vn 0.2113 -0.5380 -0.8160
vn -0.7275 -0.3565 -0.5862
vn 0.1361 -0.5179 -0.8445
vn 0.0560 -0.5104 -0.8581
vn -0.0000 -0.1549 -0.9879
vn 0.3729 -0.0008 -0.9279
vn -0.3045 -0.7099 -0.6350
vn -0.0000 -0.1520 -0.9884
vn -0.3073 -0.8136 -0.4935
vn -0.0000 -0.1724 -0.9850
vn -0.0000 -0.1749 -0.9846
vn 0.3448 -0.4678 -0.8138
vn -0.0000 0.2144 -0.9767
vn 0.0083 -0.4689 -0.8832
vn 0.3073 -0.8136 -0.4935
vn -0.2238 -0.1415 -0.9643
vn 0.0066 -0.9359 -0.3521
vn -0.0656 0.2436 -0.9676
vn -0.3729 -0.0008 -0.9279
vn -0.4633 -0.8609 -0.2101
vn -0.7457 -0.6490 -0.1506
vn -0.1531 0.2939 -0.9435
vn -0.9344 -0.3487 -0.0734
vn -0.2210 0.3261 -0.9191
vn -0.9983 -0.0544 -0.0195
vn -0.2896 0.3249 -0.9003
vn -0.9900 0.1329 -0.0467
vn -0.2308 0.2893 -0.9290
vn -0.9586 0.2709 -0.0875
vn -0.1620 0.0594 -0.9850
vn -0.0051 -0.0250 -0.9997
vn -0.8895 0.4387 -0.1279
vn -0.7238 0.6534 -0.2217
vn 0.0127 -0.1268 -0.9918
vn -0.4541 0.8111 -0.3685
vn -0.0202 -0.1726 -0.9848
vn -0.1851 0.8495 -0.4940
vn -0.0345 -0.2098 -0.9771
vn 0.0469 0.8143 -0.5785
vn -0.0532 -0.3226 -0.9450
vn 0.2420 0.7479 -0.6182
vn -0.2201 -0.3890 -0.8945
vn -0.2598 -0.5491 -0.7944
vn 0.4265 0.6523 -0.6266
vn -0.2789 -0.5445 -0.7910
vn 0.6618 0.4651 -0.5880
vn 0.8494 0.1702 -0.4996
vn -0.2116 -0.5376 -0.8162
vn 0.8831 -0.1560 -0.4424
vn -0.1363 -0.5154 -0.8460
vn -0.0636 -0.4973 -0.8653
vn -0.0644 -0.9468 -0.3152
vn -0.3036 -0.9295 0.2094
vn 0.1058 -0.9666 -0.2333
vn -0.0622 -0.9709 0.2313
vn -0.4288 -0.6196 0.6575
vn -0.4275 -0.1041 0.8980
vn -0.1901 -0.7793 0.5971
vn -0.3023 -0.2399 0.9225
vn 0.0008 -0.9814 0.1918
vn 0.1159 -0.9581 -0.2620
vn -0.6307 -0.0240 0.7756
vn -0.2753 -0.3733 0.8859
vn -0.6123 0.7904 -0.0200
vn -0.7746 0.6324 -0.0011
vn 0.1124 -0.9503 -0.2905
vn 0.1249 -0.9375 -0.3247
vn -0.0000 -0.9895 0.1445
vn -0.0000 -0.8542 0.5200
vn -0.0000 -0.3202 0.9473
vn -0.0000 0.1480 0.9890
vn -0.0000 0.1732 0.9849
vn -0.0000 0.1716 0.9852
vn -0.0000 0.1699 0.9855
vn -0.0000 -0.9390 -0.3440
vn -0.1018 -0.9521 -0.2882
vn -0.1516 -0.9513 -0.2684
vn -0.1243 -0.9597 -0.2521
vn -0.0008 -0.9814 0.1920
vn 0.1493 0.7883 -0.5969
vn 0.4276 -0.1041 0.8979
vn 0.3023 -0.2400 0.9225
vn 0.0674 -0.3402 0.9379
vn -0.6427 -0.4009 0.6528
vn 0.5017 -0.1012 0.8591
vn 0.3706 -0.1666 0.9137
vn 0.2124 0.5019 0.8384
vn -0.5771 0.1292 0.8064
vn -0.5499 0.3281 0.7681
vn 0.3168 0.6406 0.6994
vn -0.9166 -0.2631 0.3010
vn -0.2224 -0.3375 0.9147
vn -0.9069 -0.0927 -0.4111
vn -0.4867 0.2171 -0.8461
vn -0.8418 -0.0890 -0.5324
vn -0.3888 0.2304 -0.8921
vn -0.4953 -0.0425 0.8677
vn -0.0921 -0.3352 0.9376
vn -0.3378 -0.0609 0.9393
vn 0.0086 -0.3562 0.9344
vn 0.1565 -0.3461 0.9251
vn -0.6874 -0.2459 0.6834
vn 0.3082 -0.3424 0.8876
vn -0.5817 -0.1697 0.7955
vn 0.1880 -0.0084 0.9821
vn 0.4320 -0.3687 0.8230
vn 0.3846 -0.0599 0.9212
vn 0.5448 -0.3995 0.7373
vn 0.5576 -0.1155 0.8221
vn 0.6326 -0.4450 0.6339
vn 0.6971 -0.1374 0.7036
vn 0.7219 -0.4657 0.5118
vn 0.7240 -0.2156 0.6553
vn 0.7957 -0.4767 0.3737
vn 0.8666 -0.1438 0.4779
vn 0.8454 -0.4763 0.2417
vn 0.9262 -0.1337 0.3526
vn 0.8755 -0.4767 0.0786
vn 0.9678 -0.1420 0.2080
vn 0.8756 -0.4764 -0.0796
vn 0.9795 -0.1912 0.0636
vn 0.8371 -0.4978 -0.2269
vn 0.9692 -0.2328 -0.0797
vn 0.7682 -0.5214 -0.3716
vn 0.9420 -0.2569 -0.2160
vn 0.6751 -0.5339 -0.5091
vn 0.8971 -0.2539 -0.3616
vn 0.5679 -0.5282 -0.6313
vn 0.8375 -0.2377 -0.4920
vn 0.4551 -0.5187 -0.7237
vn 0.7871 -0.2116 -0.5794
vn 0.3593 -0.5104 -0.7813
vn 0.7458 -0.1917 -0.6380
vn 0.2831 -0.5025 -0.8169
vn 0.6981 -0.1863 -0.6914
vn 0.2004 -0.4930 -0.8466
vn 0.6268 -0.2088 -0.7507
vn 0.1228 -0.5019 -0.8562
vn 0.6716 -0.2658 0.6916
vn 0.7673 0.2878 0.5731
vn -0.9593 -0.2413 -0.1467
vn -0.5965 -0.3306 0.7314
vn -0.8630 -0.0911 -0.4969
vn -0.1320 0.2557 -0.9577
vn -0.6862 -0.2602 0.6792
vn -0.6614 0.3705 0.6522
vn -0.8697 -0.0309 0.4927
vn -0.4970 -0.3201 0.8066
vn 0.6900 0.7061 -0.1592
vn 0.6667 0.6981 -0.2610
vn 0.6996 0.7107 -0.0747
vn 0.6285 0.6879 -0.3631
vn 0.5844 0.6737 -0.4523
vn 0.5324 0.6583 -0.5321
vn 0.4506 0.6451 -0.6171
vn 0.3300 0.6430 -0.6912
vn 0.2079 0.6505 -0.7305
vn 0.1034 0.6666 -0.7382
vn -0.0040 0.6754 -0.7374
vn -0.1024 0.6730 -0.7326
vn -0.1911 0.6589 -0.7275
vn -0.2975 0.6553 -0.6943
vn -0.4113 0.6612 -0.6275
vn -0.4986 0.6774 -0.5408
vn -0.5588 0.6959 -0.4510
vn -0.6077 0.7140 -0.3478
vn -0.6467 0.7259 -0.2343
vn -0.6667 0.7333 -0.1336
vn -0.6767 0.7335 -0.0643
vn -0.6791 0.7340 -0.0086
vn -0.6731 0.7369 0.0620
vn -0.6532 0.7440 0.1406
vn -0.6816 0.7049 0.1964
vn -0.7683 -0.6327 -0.0971
vn -0.7346 -0.6444 -0.2125
vn -0.7600 -0.6442 0.0862
vn -0.7707 -0.6371 0.0071
vn -0.7422 -0.6321 0.2229
vn -0.7502 -0.6436 0.1516
vn -0.7284 -0.5983 0.3338
vn -0.7198 -0.6280 0.2957
vn -0.6728 -0.6641 -0.3260
vn -0.5860 -0.6873 -0.4293
vn -0.4858 -0.7038 -0.5184
vn -0.3799 -0.7112 -0.5915
vn -0.2631 -0.7126 -0.6504
vn -0.1441 -0.7089 -0.6905
vn -0.0240 -0.7007 -0.7131
vn 0.1078 -0.7105 -0.6954
vn 0.2422 -0.7190 -0.6515
vn 0.3673 -0.7228 -0.5853
vn 0.4770 -0.7210 -0.5027
vn 0.5696 -0.7118 -0.4110
vn 0.6460 -0.6936 -0.3187
vn 0.7001 -0.6789 -0.2214
vn 0.7358 -0.6665 -0.1196
vn 0.7476 -0.6639 -0.0167
vn 0.7453 -0.6625 0.0752
vn 0.6979 0.7162 -0.0088
vn 0.6914 0.7198 0.0614
vn 0.6722 0.7272 0.1391
vn 0.7006 0.6866 0.1943
vn 0.7290 -0.6476 0.2216
vn 0.7077 -0.6409 0.2973
vn 0.7151 -0.6120 0.3378
vn 0.7336 -0.6627 0.1506
vn -0.3465 -0.9379 -0.0161
vt 0.654930 0.763738
vt 0.654930 0.737273
vt 0.665695 0.750164
vt 0.665695 0.737273
vt 0.665695 0.763738
vt 0.641897 0.752940
vt 0.630492 0.765961
vt 0.630492 0.752940
vt 0.641897 0.779350
vt 0.630492 0.779350
vt 0.512339 0.765866
vt 0.504847 0.765335
vt 0.506382 0.752458
vt 0.512473 0.752554
vt 0.504106 0.740700
vt 0.511308 0.740700
vt 0.512091 0.779361
vt 0.504611 0.779321
vt 0.511367 0.789618
vt 0.503926 0.789618
vt 0.504627 0.748876
vt 0.503943 0.743454
vt 0.497295 0.779315
vt 0.497434 0.765872
vt 0.488413 0.765909
vt 0.488212 0.779278
vt 0.496723 0.789618
vt 0.487980 0.789618
vt 0.487889 0.752596
vt 0.496831 0.752558
vt 0.487898 0.740704
vt 0.496665 0.740704
vt 0.479120 0.779316
vt 0.479208 0.765890
vt 0.475369 0.765842
vt 0.475369 0.779416
vt 0.479136 0.789618
vt 0.475369 0.789618
vt 0.475369 0.752951
vt 0.478843 0.752704
vt 0.475369 0.740704
vt 0.479079 0.740704
vt 0.503005 0.752424
vt 0.503293 0.740704
vt 0.371435 0.020789
vt 0.363844 0.038717
vt 0.363875 0.013352
vt 0.369325 0.013352
vt 0.370272 0.038717
vt 0.371270 0.013352
vt 0.376525 0.038717
vt 0.378194 0.013352
vt 0.384637 0.038717
vt 0.385645 0.013352
vt 0.393219 0.013352
vt 0.392896 0.038717
vt 0.396515 0.038717
vt 0.396535 0.013352
vt 0.373038 0.013352
vt 0.358156 0.013352
vt 0.357595 0.038717
vt 0.351383 0.038717
vt 0.352459 0.013352
vt 0.345364 0.020789
vt 0.347122 0.013352
vt 0.344982 0.038717
vt 0.345301 0.013352
vt 0.343448 0.013352
vt 0.338574 0.038717
vt 0.338061 0.013352
vt 0.332661 0.013352
vt 0.332677 0.038717
vt 0.326945 0.013352
vt 0.326435 0.038717
vt 0.319643 0.020789
vt 0.320027 0.038717
vt 0.313625 0.038717
vt 0.312547 0.013352
vt 0.307414 0.038717
vt 0.306851 0.013352
vt 0.301131 0.013352
vt 0.301165 0.038717
vt 0.293572 0.020789
vt 0.295681 0.013352
vt 0.294737 0.038717
vt 0.293735 0.013352
vt 0.288484 0.038717
vt 0.291968 0.013352
vt 0.286812 0.013352
vt 0.279368 0.013352
vt 0.280363 0.038717
vt 0.272100 0.038717
vt 0.271797 0.013352
vt 0.268480 0.013352
vt 0.268480 0.038717
vt 0.589253 0.765485
vt 0.581751 0.765871
vt 0.581868 0.752854
vt 0.587953 0.753212
vt 0.583214 0.741077
vt 0.590462 0.741077
vt 0.589240 0.779321
vt 0.581755 0.779361
vt 0.589763 0.789618
vt 0.582314 0.789618
vt 0.590523 0.742979
vt 0.589760 0.749864
vt 0.574921 0.779356
vt 0.575446 0.789618
vt 0.576210 0.741077
vt 0.575383 0.752604
vt 0.574980 0.765896
vt 0.568576 0.789618
vt 0.568146 0.779375
vt 0.560780 0.779350
vt 0.560898 0.765357
vt 0.568268 0.765866
vt 0.561131 0.789618
vt 0.562739 0.752461
vt 0.568874 0.752559
vt 0.562208 0.741077
vt 0.569229 0.741077
vt 0.561618 0.743427
vt 0.561242 0.748948
vt 0.561334 0.740704
vt 0.559479 0.752462
vt 0.553660 0.789618
vt 0.553421 0.779372
vt 0.546731 0.779281
vt 0.546648 0.789618
vt 0.540420 0.779376
vt 0.540003 0.789618
vt 0.540554 0.765865
vt 0.546866 0.765895
vt 0.540972 0.752547
vt 0.546993 0.752704
vt 0.540322 0.740704
vt 0.547074 0.740704
vt 0.553549 0.765866
vt 0.553383 0.752563
vt 0.554193 0.740704
vt 0.533059 0.779350
vt 0.533211 0.765347
vt 0.525832 0.765866
vt 0.525693 0.779375
vt 0.532537 0.789618
vt 0.525097 0.789618
vt 0.525477 0.752539
vt 0.531620 0.752409
vt 0.525276 0.740700
vt 0.532291 0.740700
vt 0.533164 0.748885
vt 0.532858 0.743456
vt 0.518922 0.779356
vt 0.519113 0.765896
vt 0.518961 0.752604
vt 0.518299 0.740700
vt 0.518229 0.789618
vt 0.534880 0.752412
vt 0.533175 0.740704
vt 0.605632 0.779278
vt 0.596558 0.779315
vt 0.596648 0.765877
vt 0.605674 0.765909
vt 0.605706 0.789618
vt 0.596968 0.789618
vt 0.597504 0.752858
vt 0.606442 0.752596
vt 0.597811 0.741078
vt 0.606597 0.741078
vt 0.591128 0.741078
vt 0.591332 0.753162
vt 0.614729 0.779298
vt 0.614522 0.789618
vt 0.619430 0.789618
vt 0.619430 0.779350
vt 0.614886 0.765902
vt 0.619430 0.765961
vt 0.615492 0.752703
vt 0.619430 0.752940
vt 0.615424 0.741078
vt 0.619430 0.741078
vt 0.317884 0.013352
vt 0.319705 0.013352
vt 0.321558 0.013352
vt 0.437376 0.409066
vt 0.444475 0.424742
vt 0.431089 0.426563
vt 0.428864 0.415181
vt 0.417152 0.414342
vt 0.414964 0.429233
vt 0.420424 0.400620
vt 0.405867 0.400358
vt 0.405866 0.414429
vt 0.405866 0.431702
vt 0.405867 0.391249
vt 0.420423 0.388330
vt 0.436518 0.392819
vt 0.432543 0.382699
vt 0.444930 0.378617
vt 0.436751 0.371773
vt 0.405867 0.370023
vt 0.419397 0.370494
vt 0.414621 0.449781
vt 0.429176 0.447735
vt 0.441914 0.447182
vt 0.405867 0.451359
vt 0.449230 0.357366
vt 0.438597 0.356751
vt 0.405866 0.462372
vt 0.437722 0.457064
vt 0.425249 0.459307
vt 0.450313 0.347553
vt 0.397112 0.449781
vt 0.396689 0.429255
vt 0.394580 0.414342
vt 0.380849 0.426426
vt 0.382869 0.415181
vt 0.374357 0.409066
vt 0.367257 0.424742
vt 0.391309 0.400620
vt 0.391310 0.388330
vt 0.375215 0.392819
vt 0.379190 0.382699
vt 0.366803 0.378617
vt 0.374982 0.371774
vt 0.392317 0.370824
vt 0.369819 0.447182
vt 0.382557 0.447735
vt 0.362503 0.357366
vt 0.373136 0.356751
vt 0.374011 0.457064
vt 0.386484 0.459307
vt 0.361420 0.347553
vt 0.392680 0.357878
vt 0.405866 0.355211
vt 0.419053 0.357878
vt 0.884754 0.085924
vt 0.884611 0.106434
vt 0.864511 0.100280
vt 0.866829 0.083407
vt 0.902968 0.088366
vt 0.906215 0.109767
vt 0.843854 0.091731
vt 0.848029 0.077134
vt 0.823905 0.081342
vt 0.828944 0.068519
vt 0.920452 0.086020
vt 0.923821 0.109911
vt 0.936570 0.082394
vt 0.945130 0.107578
vt 0.956336 0.078285
vt 0.965866 0.102051
vt 0.975707 0.070183
vt 0.985778 0.095081
vt 0.820954 0.088798
vt 0.840478 0.098282
vt 0.863732 0.110796
vt 0.883568 0.119241
vt 0.905342 0.123358
vt 0.950415 0.126400
vt 0.971925 0.121648
vt 0.993412 0.113885
vt 0.926592 0.126507
vt 0.963229 0.047127
vt 0.947306 0.056351
vt 0.939934 0.042667
vt 0.953122 0.032761
vt 0.930547 0.029878
vt 0.940249 0.019791
vt 0.920611 0.008491
vt 0.916585 0.019201
vt 0.913666 0.027293
vt 0.922068 0.035772
vt 0.926790 0.049521
vt 0.911414 0.039624
vt 0.913451 0.053700
vt 0.901294 0.028491
vt 0.900983 0.041038
vt 0.890522 0.039849
vt 0.888296 0.054048
vt 0.900887 0.055185
vt 0.887932 0.027258
vt 0.879815 0.036070
vt 0.875050 0.050322
vt 0.860931 0.043498
vt 0.869310 0.030310
vt 0.885543 0.018900
vt 0.880053 0.008787
vt 0.859268 0.021255
vt 0.846938 0.034629
vt 0.900436 0.005135
vt 0.900504 0.017628
vt 0.854646 0.057494
vt 0.871190 0.064002
vt 0.886151 0.069379
vt 0.900931 0.072294
vt 0.838331 0.048382
vt 0.916159 0.069928
vt 0.931626 0.063961
vt 0.115730 0.780755
vt 0.131090 0.768618
vt 0.139793 0.778791
vt 0.123793 0.794003
vt 0.154188 0.762496
vt 0.144552 0.752526
vt 0.099557 0.790104
vt 0.107132 0.809361
vt 0.084337 0.797995
vt 0.090199 0.820042
vt 0.068157 0.804281
vt 0.072135 0.828744
vt 0.051503 0.808332
vt 0.053903 0.834601
vt 0.032062 0.812395
vt 0.032730 0.837824
vt 0.012100 0.812460
vt 0.012454 0.838690
vt 0.113563 0.822572
vt 0.094810 0.835835
vt 0.131374 0.804692
vt 0.147964 0.786444
vt 0.160164 0.767178
vt 0.076086 0.845601
vt 0.054742 0.853424
vt 0.033956 0.857152
vt 0.012690 0.859083
vt 0.032313 0.788474
vt 0.013505 0.786423
vt 0.033343 0.773166
vt 0.047859 0.774413
vt 0.047056 0.759106
vt 0.057480 0.758810
vt 0.050556 0.748560
vt 0.062317 0.744225
vt 0.067213 0.756103
vt 0.076165 0.750655
vt 0.073270 0.738052
vt 0.084694 0.742970
vt 0.091735 0.733565
vt 0.073334 0.729848
vt 0.072831 0.717899
vt 0.097517 0.720950
vt 0.114296 0.728378
vt 0.105180 0.742460
vt 0.094956 0.754190
vt 0.084416 0.763284
vt 0.073423 0.769402
vt 0.061077 0.773134
vt 0.052662 0.722626
vt 0.058578 0.735031
vt 0.044255 0.742821
vt 0.035671 0.734191
vt 0.036121 0.757487
vt 0.022437 0.752256
vt 0.016599 0.769347
vt 0.064515 0.787856
vt 0.079676 0.783601
vt 0.092231 0.776069
vt 0.104404 0.765685
vt 0.115970 0.752143
vt 0.127779 0.737942
vt 0.049519 0.789563
vt 0.268228 0.083471
vt 0.272741 0.079444
vt 0.289155 0.093390
vt 0.285935 0.098355
vt 0.311202 0.102569
vt 0.308232 0.109268
vt 0.252990 0.062141
vt 0.258174 0.060026
vt 0.247238 0.039294
vt 0.253093 0.039081
vt 0.332936 0.111832
vt 0.331484 0.117644
vt 0.358950 0.118619
vt 0.358089 0.124676
vt 0.384383 0.120046
vt 0.384609 0.126895
vt 0.411761 0.118880
vt 0.412123 0.124667
vt 0.438284 0.120223
vt 0.437611 0.114216
vt 0.463864 0.113468
vt 0.462677 0.108110
vt 0.490141 0.105495
vt 0.489320 0.098709
vt 0.515932 0.095023
vt 0.513872 0.088740
vt 0.543206 0.080542
vt 0.539990 0.076100
vt 0.567523 0.063278
vt 0.564585 0.059522
vt 0.582342 0.039778
vt 0.578873 0.038187
vt 0.586973 0.015075
vt 0.581161 0.014538
vt 0.547976 0.085556
vt 0.520052 0.100720
vt 0.579190 0.069988
vt 0.491356 0.113932
vt 0.464611 0.123169
vt 0.438366 0.129769
vt 0.411756 0.132425
vt 0.383703 0.134360
vt 0.353508 0.133342
vt 0.328169 0.129372
vt 0.299385 0.122593
vt 0.262109 0.106749
vt 0.252887 0.086675
vt 0.245285 0.062632
vt 0.241615 0.038152
vt 0.381353 0.148519
vt 0.346995 0.148604
vt 0.321690 0.146176
vt 0.289405 0.140734
vt 0.222701 0.061044
vt 0.225340 0.037576
vt 0.218704 0.083546
vt 0.214316 0.106486
vt 0.253233 0.137416
vt 0.211981 0.132480
vt 0.279313 0.169508
vt 0.245364 0.165755
vt 0.275385 0.198815
vt 0.241665 0.197275
vt 0.273858 0.221132
vt 0.237448 0.220818
vt 0.208010 0.195453
vt 0.207678 0.219425
vt 0.304938 0.219664
vt 0.307856 0.198887
vt 0.334847 0.216453
vt 0.337509 0.195758
vt 0.366953 0.211722
vt 0.371092 0.188694
vt 0.396038 0.206123
vt 0.402113 0.182296
vt 0.427060 0.198811
vt 0.430645 0.176199
vt 0.454897 0.190046
vt 0.457353 0.169649
vt 0.484921 0.181206
vt 0.488429 0.163716
vt 0.511621 0.175392
vt 0.515064 0.159303
vt 0.542551 0.168487
vt 0.541263 0.154520
vt 0.567554 0.165574
vt 0.566333 0.150520
vt 0.594866 0.147431
vt 0.594637 0.163541
vt 0.620585 0.145583
vt 0.621204 0.162201
vt 0.517103 0.142540
vt 0.540768 0.137299
vt 0.564448 0.133276
vt 0.460328 0.154437
vt 0.492175 0.147326
vt 0.433643 0.159205
vt 0.406582 0.163647
vt 0.376050 0.168820
vt 0.342546 0.171447
vt 0.313968 0.170918
vt 0.462751 0.136720
vt 0.493257 0.128682
vt 0.518920 0.123041
vt 0.436292 0.142358
vt 0.410160 0.145971
vt 0.540204 0.118467
vt 0.561891 0.115111
vt 0.591664 0.111712
vt 0.589131 0.093407
vt 0.556803 0.097367
vt 0.541682 0.105574
vt 0.615885 0.067008
vt 0.587704 0.039140
vt 0.592504 0.015921
vt 0.612968 0.037745
vt 0.612045 0.015176
vt 0.618828 0.091451
vt 0.619224 0.110113
vt 0.633622 0.036724
vt 0.650028 0.068654
vt 0.631265 0.014210
vt 0.647543 0.091594
vt 0.679407 0.092945
vt 0.682126 0.077844
vt 0.695412 0.101485
vt 0.712862 0.094555
vt 0.676819 0.111752
vt 0.647382 0.110265
vt 0.645565 0.128620
vt 0.620070 0.129290
vt 0.646558 0.144964
vt 0.674593 0.145105
vt 0.675703 0.162763
vt 0.647337 0.161492
vt 0.593806 0.130415
vt 0.700392 0.147273
vt 0.701369 0.164419
vt 0.726037 0.149664
vt 0.733219 0.169084
vt 0.752973 0.153121
vt 0.760511 0.173981
vt 0.782093 0.157022
vt 0.789273 0.178411
vt 0.809915 0.161317
vt 0.818067 0.181268
vt 0.839935 0.163613
vt 0.849268 0.183249
vt 0.722746 0.135703
vt 0.699223 0.133018
vt 0.675635 0.130488
vt 0.775781 0.141262
vt 0.747280 0.138639
vt 0.832060 0.142829
vt 0.801248 0.141492
vt 0.719366 0.116324
vt 0.698472 0.113589
vt 0.769660 0.124282
vt 0.742314 0.119788
vt 0.765147 0.110309
vt 0.739043 0.104547
vt 0.791256 0.112955
vt 0.796323 0.125100
vt 0.816073 0.111579
vt 0.823512 0.125619
vt 0.761690 0.098273
vt 0.736106 0.092018
vt 0.710260 0.083364
vt 0.684212 0.071346
vt 0.659724 0.055326
vt 0.642721 0.035505
vt 0.638954 0.013953
vt 0.661376 0.051472
vt 0.647302 0.033217
vt 0.643123 0.013339
vt 0.710277 0.076283
vt 0.684963 0.065053
vt 0.762472 0.091765
vt 0.736057 0.084682
vt 0.787067 0.096100
vt 0.788992 0.103462
vt 0.811714 0.102292
vt 0.810781 0.096981
vt 0.209884 0.163192
vt 0.177963 0.193573
vt 0.177720 0.216987
vt 0.143823 0.214186
vt 0.145442 0.192220
vt 0.111946 0.209834
vt 0.111008 0.187827
vt 0.083113 0.202748
vt 0.082324 0.181218
vt 0.054119 0.193553
vt 0.054752 0.170462
vt 0.024916 0.178948
vt 0.024466 0.157543
vt 0.177679 0.161370
vt 0.143870 0.160374
vt 0.081391 0.156332
vt 0.052837 0.148139
vt 0.026182 0.135835
vt 0.110700 0.158099
vt 0.173943 0.132621
vt 0.141777 0.134841
vt 0.082330 0.137131
vt 0.053476 0.130796
vt 0.082117 0.118995
vt 0.054884 0.114135
vt 0.029369 0.118486
vt 0.032934 0.104602
vt 0.109373 0.119143
vt 0.110719 0.136461
vt 0.138221 0.114926
vt 0.167903 0.106876
vt 0.186297 0.081410
vt 0.199213 0.059176
vt 0.205550 0.036559
vt 0.176651 0.078118
vt 0.157335 0.089046
vt 0.131470 0.098298
vt 0.105309 0.104939
vt 0.081962 0.106622
vt 0.057719 0.105200
vt 0.036546 0.095717
vt 0.197974 0.035346
vt 0.192874 0.057354
vt 0.154140 0.082551
vt 0.172899 0.072297
vt 0.128775 0.092404
vt 0.188141 0.054313
vt 0.193986 0.034312
vt 0.059458 0.099194
vt 0.081731 0.101820
vt 0.038580 0.090938
vt 0.103640 0.098916
vt 0.889588 0.478011
vt 0.908360 0.473708
vt 0.910567 0.492687
vt 0.892095 0.496664
vt 0.871668 0.478874
vt 0.869241 0.500329
vt 0.931233 0.483805
vt 0.925684 0.470552
vt 0.950282 0.472649
vt 0.946877 0.464577
vt 0.855116 0.478257
vt 0.847425 0.499960
vt 0.838614 0.474805
vt 0.829718 0.498245
vt 0.819150 0.467842
vt 0.809078 0.493008
vt 0.797988 0.461368
vt 0.787772 0.485710
vt 0.890701 0.512453
vt 0.911606 0.504291
vt 0.953466 0.482841
vt 0.934420 0.492714
vt 0.821139 0.519899
vt 0.799917 0.514591
vt 0.779028 0.504449
vt 0.842233 0.520588
vt 0.866765 0.518187
vt 0.049365 0.943149
vt 0.047640 0.953117
vt 0.027446 0.948083
vt 0.030977 0.937093
vt 0.008947 0.937374
vt 0.012652 0.926683
vt 0.068661 0.946351
vt 0.068729 0.961495
vt 0.086479 0.947355
vt 0.089126 0.964914
vt 0.103615 0.944946
vt 0.109177 0.965226
vt 0.123583 0.941964
vt 0.129570 0.962904
vt 0.142902 0.935276
vt 0.149834 0.957326
vt 0.159934 0.924284
vt 0.170413 0.950066
vt 0.068434 0.975341
vt 0.091384 0.980614
vt 0.045566 0.967912
vt 0.024987 0.954984
vt 0.005074 0.946553
vt 0.113425 0.982149
vt 0.135991 0.980192
vt 0.157528 0.975877
vt 0.178691 0.969579
vt 0.132930 0.915276
vt 0.147875 0.903400
vt 0.123623 0.898877
vt 0.110187 0.905405
vt 0.104075 0.892387
vt 0.094600 0.896309
vt 0.097737 0.884581
vt 0.084426 0.885752
vt 0.084464 0.898494
vt 0.074765 0.896474
vt 0.072413 0.885410
vt 0.064197 0.893139
vt 0.052705 0.887675
vt 0.068683 0.876592
vt 0.063938 0.864275
vt 0.043368 0.877302
vt 0.031731 0.890781
vt 0.044442 0.900343
vt 0.059013 0.907325
vt 0.071814 0.910841
vt 0.084624 0.911855
vt 0.096888 0.910091
vt 0.084167 0.860798
vt 0.084585 0.874982
vt 0.100020 0.876453
vt 0.103295 0.864799
vt 0.114368 0.886489
vt 0.123259 0.876980
vt 0.136789 0.889811
vt 0.069843 0.924484
vt 0.054753 0.920502
vt 0.039573 0.913641
vt 0.022992 0.905475
vt 0.084285 0.925408
vt 0.099545 0.924960
vt 0.116067 0.921630
vt 0.595429 0.176258
vt 0.567972 0.179816
vt 0.621934 0.175630
vt 0.542804 0.183655
vt 0.511075 0.191198
vt 0.481191 0.200748
vt 0.452936 0.208995
vt 0.426300 0.215422
vt 0.395828 0.224504
vt 0.364850 0.234292
vt 0.333954 0.239374
vt 0.303474 0.240214
vt 0.273029 0.241316
vt 0.234194 0.239424
vt 0.207072 0.238370
vt 0.179653 0.236775
vt 0.141501 0.233353
vt 0.109726 0.228881
vt 0.080514 0.222623
vt 0.052287 0.213408
vt 0.019784 0.198718
vt 0.205564 0.257083
vt 0.235058 0.258331
vt 0.203891 0.278543
vt 0.234471 0.279701
vt 0.202497 0.302213
vt 0.233629 0.303303
vt 0.269278 0.278930
vt 0.269439 0.304303
vt 0.305687 0.277137
vt 0.304790 0.256930
vt 0.269403 0.257816
vt 0.335194 0.255846
vt 0.364385 0.251071
vt 0.395047 0.242516
vt 0.425799 0.232516
vt 0.453651 0.226069
vt 0.481351 0.218233
vt 0.485159 0.240052
vt 0.513868 0.230136
vt 0.518081 0.252256
vt 0.490083 0.266020
vt 0.456700 0.249344
vt 0.463236 0.278886
vt 0.428736 0.258902
vt 0.434278 0.287017
vt 0.549646 0.244981
vt 0.546628 0.223101
vt 0.574961 0.242114
vt 0.571213 0.219454
vt 0.601152 0.241392
vt 0.600290 0.215914
vt 0.624058 0.215443
vt 0.625099 0.240500
vt 0.511218 0.208941
vt 0.544478 0.203067
vt 0.568136 0.198547
vt 0.597763 0.197637
vt 0.622356 0.195928
vt 0.649373 0.239493
vt 0.648683 0.213212
vt 0.675446 0.238979
vt 0.676735 0.215709
vt 0.701188 0.218154
vt 0.701494 0.240227
vt 0.734090 0.221944
vt 0.732166 0.245417
vt 0.764467 0.227241
vt 0.762104 0.253054
vt 0.792324 0.234228
vt 0.789241 0.261397
vt 0.821888 0.240256
vt 0.817870 0.269557
vt 0.765462 0.205107
vt 0.734647 0.200361
vt 0.793327 0.211515
vt 0.792105 0.194456
vt 0.764620 0.189666
vt 0.820224 0.200203
vt 0.855117 0.203462
vt 0.734797 0.185594
vt 0.702241 0.179272
vt 0.675786 0.176480
vt 0.646943 0.175824
vt 0.822392 0.215336
vt 0.857587 0.221514
vt 0.855392 0.245268
vt 0.676371 0.196232
vt 0.647626 0.194283
vt 0.701791 0.197599
vt 0.851465 0.273988
vt 0.848658 0.300643
vt 0.810600 0.302248
vt 0.783302 0.289068
vt 0.771353 0.313387
vt 0.753823 0.299015
vt 0.744273 0.318410
vt 0.760053 0.333941
vt 0.719392 0.310964
vt 0.725330 0.288660
vt 0.732723 0.336936
vt 0.748845 0.348874
vt 0.708970 0.331479
vt 0.770814 0.353730
vt 0.757049 0.368499
vt 0.774310 0.385172
vt 0.762650 0.394916
vt 0.785162 0.404710
vt 0.778504 0.415907
vt 0.763486 0.421975
vt 0.786034 0.440731
vt 0.794951 0.431276
vt 0.773226 0.450019
vt 0.753223 0.434562
vt 0.802912 0.420206
vt 0.723018 0.349466
vt 0.703850 0.343675
vt 0.697273 0.357600
vt 0.684729 0.341896
vt 0.679931 0.355743
vt 0.662379 0.354725
vt 0.665486 0.341131
vt 0.646865 0.340926
vt 0.645962 0.354447
vt 0.629175 0.341308
vt 0.629901 0.354557
vt 0.712778 0.362226
vt 0.724128 0.370697
vt 0.736971 0.359932
vt 0.745377 0.375166
vt 0.730420 0.382468
vt 0.731649 0.393579
vt 0.748040 0.394752
vt 0.745732 0.411132
vt 0.730370 0.405561
vt 0.726578 0.414985
vt 0.739507 0.424224
vt 0.613725 0.355513
vt 0.611508 0.342275
vt 0.596360 0.357147
vt 0.592627 0.344084
vt 0.579204 0.359831
vt 0.573534 0.346342
vt 0.554750 0.349555
vt 0.562684 0.362950
vt 0.547597 0.369081
vt 0.536134 0.357185
vt 0.523264 0.369247
vt 0.536797 0.378414
vt 0.517224 0.385461
vt 0.532444 0.390833
vt 0.516822 0.404321
vt 0.531502 0.402793
vt 0.534004 0.413122
vt 0.519306 0.420511
vt 0.527688 0.431590
vt 0.539768 0.421027
vt 0.569798 0.374845
vt 0.584618 0.371596
vt 0.599895 0.368913
vt 0.616106 0.367048
vt 0.630531 0.366259
vt 0.645060 0.366303
vt 0.660326 0.366737
vt 0.676552 0.367570
vt 0.691452 0.370131
vt 0.704271 0.374539
vt 0.713399 0.380589
vt 0.717552 0.388919
vt 0.713468 0.391378
vt 0.719020 0.395876
vt 0.715077 0.398045
vt 0.710110 0.392771
vt 0.711594 0.397991
vt 0.707674 0.399274
vt 0.704150 0.396829
vt 0.705459 0.400412
vt 0.702227 0.399265
vt 0.708115 0.402005
vt 0.706295 0.401650
vt 0.710858 0.402343
vt 0.715029 0.401560
vt 0.705609 0.402996
vt 0.698091 0.393460
vt 0.696162 0.396717
vt 0.690686 0.392083
vt 0.688384 0.395142
vt 0.696905 0.385602
vt 0.704141 0.389138
vt 0.700618 0.380038
vt 0.708800 0.384898
vt 0.680505 0.390510
vt 0.677843 0.393715
vt 0.668462 0.388791
vt 0.666719 0.393067
vt 0.671769 0.381170
vt 0.685469 0.382935
vt 0.674209 0.374244
vt 0.688492 0.376483
vt 0.655451 0.388261
vt 0.654253 0.392292
vt 0.642945 0.388166
vt 0.642433 0.392010
vt 0.631343 0.388572
vt 0.631447 0.392190
vt 0.630764 0.379739
vt 0.643755 0.379425
vt 0.630654 0.372833
vt 0.644412 0.372671
vt 0.657578 0.379963
vt 0.659006 0.373150
vt 0.620213 0.392878
vt 0.619646 0.389248
vt 0.608760 0.393558
vt 0.607019 0.389915
vt 0.617872 0.380441
vt 0.617009 0.373556
vt 0.604207 0.381807
vt 0.601983 0.375199
vt 0.596157 0.395327
vt 0.594028 0.391577
vt 0.585415 0.397014
vt 0.582133 0.393821
vt 0.590196 0.384059
vt 0.576716 0.387175
vt 0.587291 0.377683
vt 0.573229 0.380918
vt 0.575079 0.399663
vt 0.571970 0.396393
vt 0.567590 0.401649
vt 0.564949 0.398887
vt 0.565541 0.390860
vt 0.558670 0.395057
vt 0.561413 0.385627
vt 0.553519 0.391245
vt 0.560950 0.403714
vt 0.558610 0.402113
vt 0.557657 0.405759
vt 0.555955 0.405380
vt 0.557014 0.407580
vt 0.552302 0.407669
vt 0.552206 0.405022
vt 0.553483 0.400021
vt 0.549341 0.398347
vt 0.548565 0.403625
vt 0.554970 0.410547
vt 0.558651 0.408971
vt 0.558470 0.408182
vt 0.553459 0.413776
vt 0.549495 0.408710
vt 0.547137 0.408770
vt 0.550443 0.413759
vt 0.545184 0.396116
vt 0.544610 0.402685
vt 0.548192 0.387264
vt 0.557312 0.380510
vt 0.974416 0.317337
vt 0.973374 0.325223
vt 0.960995 0.317816
vt 0.967299 0.313013
vt 0.959701 0.308843
vt 0.942694 0.314864
vt 0.949734 0.305598
vt 0.970660 0.334174
vt 0.958507 0.328093
vt 0.983503 0.330831
vt 0.985626 0.328460
vt 0.981039 0.322875
vt 0.988114 0.331194
vt 0.986859 0.333623
vt 0.988713 0.330687
vt 0.989615 0.333642
vt 0.980052 0.339334
vt 0.985509 0.341820
vt 0.941198 0.326085
vt 0.989631 0.340767
vt 0.955288 0.348070
vt 0.968982 0.349618
vt 0.977097 0.351864
vt 0.981902 0.353461
vt 0.939236 0.347872
vt 0.988058 0.355798
vt 0.965778 0.362295
vt 0.956790 0.362304
vt 0.969639 0.364046
vt 0.973376 0.367958
vt 0.978212 0.373760
vt 0.927022 0.325536
vt 0.927463 0.312908
vt 0.939034 0.303070
vt 0.927853 0.301635
vt 0.926223 0.348020
vt 0.938464 0.359473
vt 0.925710 0.361740
vt 0.957987 0.390556
vt 0.956981 0.381974
vt 0.947097 0.388638
vt 0.948618 0.395923
vt 0.944943 0.398167
vt 0.942776 0.391054
vt 0.940603 0.387209
vt 0.945562 0.383031
vt 0.955777 0.376237
vt 0.924920 0.385522
vt 0.925042 0.381742
vt 0.909134 0.386172
vt 0.904469 0.381692
vt 0.902559 0.387161
vt 0.906712 0.389866
vt 0.904071 0.396819
vt 0.900553 0.394332
vt 0.891573 0.388342
vt 0.893222 0.379857
vt 0.894809 0.374169
vt 0.877806 0.364629
vt 0.872570 0.370086
vt 0.864131 0.351218
vt 0.870405 0.349591
vt 0.863492 0.336286
vt 0.867246 0.337728
vt 0.865019 0.329000
vt 0.865451 0.329167
vt 0.865082 0.326392
vt 0.865320 0.326547
vt 0.870575 0.326894
vt 0.868442 0.324278
vt 0.880686 0.321696
vt 0.876873 0.316681
vt 0.894803 0.317147
vt 0.891463 0.308409
vt 0.912116 0.313685
vt 0.905718 0.304149
vt 0.883108 0.331221
vt 0.895440 0.325927
vt 0.872965 0.335519
vt 0.912848 0.325070
vt 0.897222 0.345975
vt 0.883455 0.346596
vt 0.875278 0.348371
vt 0.913268 0.346902
vt 0.885763 0.359472
vt 0.894793 0.360101
vt 0.881795 0.360954
vt 0.916602 0.302251
vt 0.913203 0.358500
vt 0.905463 0.297797
vt 0.916890 0.294950
vt 0.928141 0.293338
vt 0.939201 0.295960
vt 0.950449 0.299435
vt 0.960524 0.303211
vt 0.969534 0.307580
vt 0.976610 0.313177
vt 0.982979 0.319410
vt 0.988156 0.325175
vt 0.989714 0.327711
vt 0.990438 0.329331
vt 0.975423 0.299436
vt 0.983297 0.307771
vt 0.987988 0.315373
vt 0.991279 0.321905
vt 0.992790 0.326110
vt 0.992824 0.327288
vt 0.965262 0.292430
vt 0.953546 0.285997
vt 0.940941 0.282056
vt 0.928554 0.280340
vt 0.916129 0.281037
vt 0.903859 0.283986
vt 0.891082 0.289715
vt 0.895026 0.300606
vt 0.885721 0.304357
vt 0.878209 0.309449
vt 0.870254 0.315144
vt 0.866695 0.320644
vt 0.864212 0.323347
vt 0.863630 0.324939
vt 0.872585 0.304404
vt 0.880930 0.295952
vt 0.867091 0.310782
vt 0.861551 0.321481
vt 0.862893 0.317387
vt 0.861763 0.323573
vt 0.035185 0.377680
vt 0.035185 0.374341
vt 0.038525 0.375237
vt 0.036914 0.377378
vt 0.037951 0.372375
vt 0.035185 0.372132
vt 0.038008 0.369213
vt 0.035185 0.368568
vt 0.041586 0.366898
vt 0.035185 0.366211
vt 0.039490 0.363543
vt 0.049126 0.362375
vt 0.046129 0.359721
vt 0.052485 0.357268
vt 0.048345 0.356023
vt 0.054041 0.347883
vt 0.049644 0.348190
vt 0.051771 0.340441
vt 0.049098 0.343662
vt 0.035185 0.334538
vt 0.035185 0.338284
vt 0.035185 0.364245
vt 0.035185 0.346517
vt 0.035185 0.355646
vt 0.018599 0.340441
vt 0.021272 0.343662
vt 0.020726 0.348190
vt 0.016329 0.347883
vt 0.022025 0.356023
vt 0.017885 0.357268
vt 0.024241 0.359721
vt 0.021244 0.362375
vt 0.030880 0.363543
vt 0.028784 0.366898
vt 0.032362 0.369213
vt 0.032419 0.372375
vt 0.031868 0.375223
vt 0.033456 0.377378
vt 0.306021 0.304603
vt 0.336535 0.276038
vt 0.338465 0.303106
vt 0.364847 0.271489
vt 0.397897 0.265877
vt 0.400623 0.292067
vt 0.365354 0.297824
vt 0.304445 0.332742
vt 0.335307 0.341864
vt 0.299329 0.360705
vt 0.268075 0.358410
vt 0.268778 0.330987
vt 0.271378 0.390692
vt 0.232560 0.356725
vt 0.233821 0.386569
vt 0.235282 0.414938
vt 0.279383 0.423081
vt 0.271203 0.445337
vt 0.232624 0.439328
vt 0.300181 0.436820
vt 0.293366 0.454657
vt 0.315609 0.449750
vt 0.311321 0.463541
vt 0.311399 0.422716
vt 0.296758 0.395792
vt 0.325089 0.440835
vt 0.197731 0.411497
vt 0.196123 0.436214
vt 0.160933 0.435775
vt 0.162254 0.410219
vt 0.122831 0.438417
vt 0.118203 0.410265
vt 0.128433 0.382797
vt 0.166162 0.382639
vt 0.091173 0.425952
vt 0.095311 0.444332
vt 0.074297 0.437603
vt 0.077215 0.451826
vt 0.080867 0.410800
vt 0.099022 0.386619
vt 0.066173 0.427817
vt 0.199030 0.383963
vt 0.075356 0.380111
vt 0.066855 0.402521
vt 0.054044 0.421041
vt 0.168344 0.352793
vt 0.199992 0.354681
vt 0.098412 0.350817
vt 0.075354 0.352583
vt 0.132319 0.350833
vt 0.096648 0.320363
vt 0.134141 0.321619
vt 0.169740 0.325259
vt 0.201180 0.327503
vt 0.067224 0.324401
vt 0.232865 0.329266
vt 0.135097 0.294909
vt 0.171122 0.299533
vt 0.173088 0.275946
vt 0.137504 0.272293
vt 0.101732 0.267608
vt 0.106217 0.245997
vt 0.139317 0.250756
vt 0.077134 0.240670
vt 0.176115 0.255087
vt 0.049642 0.229727
vt 0.017006 0.216701
vt 0.012622 0.240304
vt 0.047033 0.251041
vt 0.072278 0.260152
vt 0.097406 0.290303
vt 0.069351 0.284972
vt 0.009856 0.269047
vt 0.043269 0.277716
vt 0.041780 0.305079
vt 0.007345 0.295494
vt 0.708286 0.404999
vt 0.711562 0.405968
vt 0.718153 0.402477
vt 0.715508 0.408004
vt 0.704402 0.407564
vt 0.702193 0.404074
vt 0.702081 0.402061
vt 0.694256 0.404409
vt 0.694259 0.401263
vt 0.686794 0.404882
vt 0.688787 0.411039
vt 0.699470 0.411685
vt 0.677700 0.411302
vt 0.679388 0.419214
vt 0.691556 0.418140
vt 0.677200 0.405183
vt 0.686662 0.401056
vt 0.677003 0.400732
vt 0.665276 0.410924
vt 0.665741 0.404558
vt 0.648369 0.410690
vt 0.648788 0.420491
vt 0.632460 0.420984
vt 0.632037 0.410633
vt 0.648365 0.404755
vt 0.665777 0.399593
vt 0.647788 0.398908
vt 0.631640 0.405537
vt 0.631206 0.399217
vt 0.666260 0.419275
vt 0.614764 0.400084
vt 0.615326 0.406504
vt 0.596920 0.402081
vt 0.598263 0.408052
vt 0.615632 0.411728
vt 0.615928 0.421567
vt 0.598678 0.412715
vt 0.586864 0.408725
vt 0.586626 0.414610
vt 0.598647 0.422050
vt 0.586113 0.403982
vt 0.576785 0.405226
vt 0.577177 0.409303
vt 0.576326 0.415698
vt 0.585883 0.422542
vt 0.574549 0.423009
vt 0.569517 0.409622
vt 0.567637 0.416470
vt 0.569874 0.406381
vt 0.562716 0.407562
vt 0.561986 0.409547
vt 0.559313 0.413947
vt 0.559418 0.415481
vt 0.564018 0.421361
vt 0.556410 0.418189
vt 0.584996 0.432876
vt 0.598486 0.431430
vt 0.597172 0.447988
vt 0.616723 0.448127
vt 0.615881 0.430164
vt 0.633587 0.449245
vt 0.632536 0.429567
vt 0.650174 0.446500
vt 0.649944 0.428762
vt 0.666970 0.428890
vt 0.669607 0.445713
vt 0.681400 0.428995
vt 0.683418 0.445437
vt 0.699887 0.445563
vt 0.695746 0.428857
vt 0.584457 0.449765
vt 0.704123 0.464793
vt 0.725591 0.461852
vt 0.740822 0.489229
vt 0.754740 0.466441
vt 0.704966 0.487641
vt 0.731119 0.512444
vt 0.703608 0.510860
vt 0.725619 0.535583
vt 0.701086 0.534673
vt 0.685003 0.534104
vt 0.687313 0.512490
vt 0.681942 0.557297
vt 0.659566 0.559407
vt 0.660724 0.534693
vt 0.636736 0.535205
vt 0.637557 0.560111
vt 0.612942 0.535897
vt 0.615713 0.560887
vt 0.591826 0.536177
vt 0.597442 0.559799
vt 0.577895 0.560016
vt 0.571350 0.536788
vt 0.567645 0.515864
vt 0.547389 0.542028
vt 0.539161 0.519835
vt 0.586962 0.515278
vt 0.555454 0.565350
vt 0.564590 0.492968
vt 0.527825 0.497410
vt 0.582719 0.493234
vt 0.598918 0.493465
vt 0.611644 0.517884
vt 0.619120 0.492468
vt 0.636110 0.516771
vt 0.635683 0.490997
vt 0.650830 0.491290
vt 0.660593 0.516101
vt 0.671121 0.490721
vt 0.688525 0.489501
vt 0.687161 0.465302
vt 0.651323 0.467533
vt 0.670399 0.467279
vt 0.634358 0.467521
vt 0.617206 0.468872
vt 0.598015 0.470149
vt 0.581698 0.469260
vt 0.566677 0.469532
vt 0.542813 0.469090
vt 0.513048 0.476883
vt 0.526905 0.454603
vt 0.513749 0.443500
vt 0.494251 0.460822
vt 0.501894 0.432700
vt 0.480539 0.452388
vt 0.486952 0.427417
vt 0.470897 0.443578
vt 0.500052 0.403427
vt 0.462427 0.432894
vt 0.478543 0.416317
vt 0.487980 0.397731
vt 0.503218 0.376803
vt 0.489603 0.369018
vt 0.511011 0.358710
vt 0.497072 0.344463
vt 0.525337 0.344897
vt 0.513898 0.329229
vt 0.484319 0.326723
vt 0.502243 0.310138
vt 0.538121 0.318371
vt 0.530313 0.298789
vt 0.548685 0.337982
vt 0.470720 0.303221
vt 0.494992 0.290192
vt 0.523387 0.274996
vt 0.471157 0.341853
vt 0.556124 0.293171
vt 0.561450 0.313706
vt 0.580526 0.290734
vt 0.584512 0.311822
vt 0.604553 0.290093
vt 0.602580 0.266524
vt 0.626245 0.265930
vt 0.627489 0.290040
vt 0.650335 0.288496
vt 0.649851 0.264547
vt 0.674377 0.286572
vt 0.674945 0.262865
vt 0.649537 0.309017
vt 0.628054 0.309978
vt 0.648019 0.327079
vt 0.668438 0.327046
vt 0.672282 0.308237
vt 0.628476 0.328127
vt 0.694748 0.307958
vt 0.698030 0.285942
vt 0.689314 0.328940
vt 0.729584 0.267932
vt 0.758925 0.278175
vt 0.700592 0.263298
vt 0.577469 0.267121
vt 0.551540 0.269792
vt 0.444250 0.320094
vt 0.402785 0.313398
vt 0.365300 0.323223
vt 0.322622 0.368228
vt 0.319795 0.393767
vt 0.326464 0.416392
vt 0.338092 0.435416
vt 0.786907 0.327437
vt 0.606777 0.310801
vt 0.609282 0.328634
vt 0.588814 0.330078
vt 0.567918 0.333663
vt 0.538336 0.440398
vt 0.547658 0.427493
vt 0.552148 0.447829
vt 0.558283 0.431805
vt 0.571756 0.432720
vt 0.568988 0.449635
vt 0.330977 0.718656
vt 0.333854 0.707369
vt 0.353760 0.708177
vt 0.352800 0.725414
vt 0.381681 0.722118
vt 0.378314 0.707963
vt 0.402171 0.707624
vt 0.404970 0.721082
vt 0.308485 0.713531
vt 0.309241 0.702557
vt 0.280335 0.697832
vt 0.282373 0.692300
vt 0.426738 0.706046
vt 0.429031 0.721148
vt 0.451840 0.704569
vt 0.452590 0.721576
vt 0.476191 0.703620
vt 0.477844 0.721390
vt 0.498293 0.702395
vt 0.502773 0.716950
vt 0.518403 0.699421
vt 0.525496 0.711319
vt 0.544838 0.697674
vt 0.538683 0.688207
vt 0.568005 0.676850
vt 0.572131 0.681665
vt 0.538616 0.671161
vt 0.562869 0.663375
vt 0.531462 0.641876
vt 0.555460 0.635057
vt 0.524635 0.613754
vt 0.547853 0.606674
vt 0.503755 0.619195
vt 0.509665 0.648129
vt 0.484767 0.623123
vt 0.489873 0.652283
vt 0.465610 0.626042
vt 0.469596 0.654920
vt 0.444742 0.628352
vt 0.447382 0.657197
vt 0.421850 0.630134
vt 0.423512 0.658837
vt 0.398153 0.631071
vt 0.399008 0.660140
vt 0.377407 0.631174
vt 0.376453 0.660585
vt 0.358063 0.630383
vt 0.356408 0.660185
vt 0.339365 0.628746
vt 0.336536 0.657672
vt 0.317305 0.625351
vt 0.313800 0.654374
vt 0.294003 0.620807
vt 0.289318 0.649988
vt 0.425566 0.688883
vt 0.399574 0.690005
vt 0.376262 0.690561
vt 0.354656 0.690718
vt 0.333174 0.688468
vt 0.309425 0.685261
vt 0.284476 0.678711
vt 0.341225 0.610272
vt 0.359174 0.611987
vt 0.343372 0.591967
vt 0.360893 0.593888
vt 0.378133 0.613134
vt 0.378732 0.594736
vt 0.398168 0.612869
vt 0.398718 0.594308
vt 0.420672 0.611454
vt 0.419559 0.592871
vt 0.323429 0.588033
vt 0.320131 0.606842
vt 0.302107 0.582573
vt 0.297677 0.602000
vt 0.442892 0.610209
vt 0.440674 0.591980
vt 0.463066 0.608314
vt 0.460465 0.590356
vt 0.481440 0.605365
vt 0.477735 0.587579
vt 0.499953 0.601123
vt 0.495642 0.583378
vt 0.519668 0.595423
vt 0.514469 0.576970
vt 0.541963 0.588517
vt 0.535451 0.569632
vt 0.407670 0.519788
vt 0.393585 0.522450
vt 0.389887 0.504809
vt 0.398228 0.501122
vt 0.379993 0.505770
vt 0.381013 0.525348
vt 0.368884 0.504604
vt 0.368180 0.524181
vt 0.361198 0.504162
vt 0.357499 0.522287
vt 0.350455 0.499797
vt 0.342150 0.517309
vt 0.342877 0.495846
vt 0.330796 0.512569
vt 0.417781 0.549421
vt 0.397623 0.552585
vt 0.418585 0.576419
vt 0.398617 0.577421
vt 0.380686 0.553709
vt 0.379419 0.577827
vt 0.365266 0.553355
vt 0.362691 0.577170
vt 0.350613 0.551101
vt 0.346032 0.574919
vt 0.334306 0.546834
vt 0.327360 0.571134
vt 0.315851 0.540022
vt 0.306868 0.565008
vt 0.438833 0.575302
vt 0.437129 0.550346
vt 0.457973 0.573809
vt 0.454470 0.549825
vt 0.474101 0.571107
vt 0.468674 0.547736
vt 0.491122 0.567134
vt 0.483410 0.543829
vt 0.508679 0.560992
vt 0.499177 0.537875
vt 0.528608 0.552604
vt 0.516651 0.528460
vt 0.487774 0.510745
vt 0.498592 0.502031
vt 0.478570 0.493298
vt 0.484576 0.487262
vt 0.467453 0.497656
vt 0.474130 0.515932
vt 0.459706 0.499375
vt 0.462454 0.519853
vt 0.450159 0.502034
vt 0.451826 0.521068
vt 0.438858 0.501520
vt 0.437216 0.521362
vt 0.430585 0.499107
vt 0.423121 0.517575
vt 0.470279 0.487225
vt 0.477238 0.481316
vt 0.462901 0.484927
vt 0.435250 0.490042
vt 0.444608 0.491286
vt 0.449230 0.488294
vt 0.467082 0.476560
vt 0.442171 0.481705
vt 0.515809 0.677958
vt 0.494579 0.682232
vt 0.473426 0.684522
vt 0.450285 0.686949
vt 0.384234 0.495003
vt 0.392026 0.492643
vt 0.378159 0.492052
vt 0.384725 0.484767
vt 0.357151 0.493634
vt 0.364682 0.490396
vt 0.350273 0.488858
vt 0.359489 0.482507
vt 0.944545 0.760121
vt 0.923771 0.768912
vt 0.921127 0.750651
vt 0.942958 0.748977
vt 0.894410 0.766553
vt 0.896580 0.751722
vt 0.872651 0.752262
vt 0.870727 0.766909
vt 0.965537 0.753599
vt 0.966029 0.742235
vt 0.996292 0.739579
vt 0.993023 0.733203
vt 0.848323 0.752244
vt 0.846647 0.767918
vt 0.823014 0.752175
vt 0.823253 0.769150
vt 0.798826 0.752417
vt 0.797476 0.770065
vt 0.776601 0.751665
vt 0.772142 0.767462
vt 0.756085 0.750027
vt 0.749756 0.763054
vt 0.730344 0.748773
vt 0.734722 0.742524
vt 0.703852 0.732681
vt 0.697814 0.735301
vt 0.734490 0.724220
vt 0.710272 0.717941
vt 0.740249 0.694337
vt 0.716714 0.688899
vt 0.745559 0.664841
vt 0.722904 0.659452
vt 0.766489 0.669349
vt 0.762090 0.698683
vt 0.785746 0.672526
vt 0.782300 0.701635
vt 0.805180 0.674523
vt 0.802719 0.703579
vt 0.826344 0.675653
vt 0.824988 0.704816
vt 0.849190 0.676049
vt 0.849034 0.705334
vt 0.872140 0.675883
vt 0.873242 0.705102
vt 0.893349 0.674962
vt 0.895566 0.704093
vt 0.912697 0.673069
vt 0.915995 0.702289
vt 0.931915 0.670006
vt 0.936165 0.699424
vt 0.952863 0.665563
vt 0.958048 0.695037
vt 0.975566 0.660226
vt 0.981576 0.689540
vt 0.848881 0.735286
vt 0.874142 0.735021
vt 0.897504 0.733925
vt 0.919052 0.732355
vt 0.940723 0.729685
vt 0.964014 0.725185
vt 0.987926 0.718292
vt 0.929031 0.651973
vt 0.910456 0.655123
vt 0.925759 0.633803
vt 0.907961 0.636980
vt 0.891770 0.656950
vt 0.890027 0.638713
vt 0.871327 0.657751
vt 0.870422 0.639279
vt 0.849273 0.657790
vt 0.849324 0.639138
vt 0.945076 0.628925
vt 0.949285 0.647328
vt 0.965887 0.622669
vt 0.971229 0.641615
vt 0.827229 0.657534
vt 0.828265 0.639095
vt 0.806811 0.656564
vt 0.808672 0.638372
vt 0.788095 0.654628
vt 0.790693 0.636522
vt 0.769477 0.651365
vt 0.772888 0.633221
vt 0.749273 0.646615
vt 0.753584 0.628229
vt 0.727362 0.640785
vt 0.732840 0.621833
vt 0.857212 0.564483
vt 0.864935 0.545631
vt 0.874803 0.549202
vt 0.871448 0.567764
vt 0.884722 0.550122
vt 0.884755 0.568771
vt 0.894082 0.548423
vt 0.897023 0.567834
vt 0.903512 0.547324
vt 0.908735 0.565232
vt 0.912669 0.543572
vt 0.921299 0.560387
vt 0.921135 0.537390
vt 0.933892 0.553251
vt 0.849467 0.595699
vt 0.868665 0.597464
vt 0.849386 0.621605
vt 0.869612 0.622169
vt 0.885940 0.597885
vt 0.888340 0.621933
vt 0.901460 0.596653
vt 0.905422 0.620383
vt 0.916612 0.593550
vt 0.922296 0.617179
vt 0.932690 0.588251
vt 0.940515 0.612064
vt 0.949665 0.580765
vt 0.960038 0.605179
vt 0.829188 0.621996
vt 0.830280 0.597306
vt 0.810464 0.621628
vt 0.813005 0.597624
vt 0.793332 0.619969
vt 0.797494 0.596297
vt 0.776468 0.616635
vt 0.782350 0.593053
vt 0.758290 0.611394
vt 0.766324 0.587643
vt 0.738822 0.604366
vt 0.749387 0.580007
vt 0.777945 0.559877
vt 0.765382 0.552581
vt 0.786594 0.543076
vt 0.778258 0.536830
vt 0.795811 0.546896
vt 0.790428 0.564842
vt 0.805265 0.548069
vt 0.802140 0.567506
vt 0.814538 0.549789
vt 0.814290 0.568524
vt 0.824583 0.548984
vt 0.827766 0.567560
vt 0.834292 0.545537
vt 0.841962 0.564428
vt 0.793552 0.535936
vt 0.800446 0.533726
vt 0.820049 0.539979
vt 0.814203 0.535864
vt 0.828686 0.537076
vt 0.795765 0.525164
vt 0.786169 0.530514
vt 0.821227 0.529072
vt 0.757584 0.728974
vt 0.779184 0.731514
vt 0.800360 0.733259
vt 0.823779 0.734597
vt 0.870678 0.537249
vt 0.879334 0.540237
vt 0.885199 0.536135
vt 0.878206 0.529309
vt 0.898989 0.534113
vt 0.905824 0.536336
vt 0.913238 0.531000
vt 0.903700 0.525555
vt 0.874407 0.432991
vt 0.884332 0.431669
vt 0.886579 0.446552
vt 0.874108 0.447503
vt 0.874252 0.419858
vt 0.887028 0.418975
vt 0.895475 0.427633
vt 0.900050 0.442115
vt 0.914047 0.435500
vt 0.904382 0.422807
vt 0.889464 0.412659
vt 0.895460 0.402510
vt 0.916889 0.414888
vt 0.927900 0.427109
vt 0.864247 0.431193
vt 0.862740 0.419524
vt 0.854393 0.427670
vt 0.845041 0.421455
vt 0.859788 0.411730
vt 0.853678 0.401299
vt 0.834921 0.412248
vt 0.822488 0.425132
vt 0.835687 0.435976
vt 0.848881 0.442454
vt 0.861849 0.446071
vt 0.873649 0.398262
vt 0.874481 0.411058
vt 0.810773 0.439848
vt 0.827418 0.450768
vt 0.843553 0.456714
vt 0.859118 0.460598
vt 0.874087 0.463766
vt 0.888588 0.462191
vt 0.904297 0.457712
vt 0.920229 0.450146
vt 0.935586 0.441896
vt 0.741008 0.447702
vt 0.716227 0.441944
vt 0.730156 0.434335
vt 0.719780 0.422071
vt 0.709537 0.427026
vt 0.702953 0.416817
vt 0.707501 0.408771
vt 0.710110 0.412023
vt 0.937439 0.141671
vt 0.941321 0.142516
vt 0.939032 0.143751
vt 0.930754 0.139114
vt 0.931637 0.145315
vt 0.917507 0.139572
vt 0.918910 0.148912
vt 0.900449 0.148359
vt 0.904914 0.157805
vt 0.935152 0.158617
vt 0.921860 0.162445
vt 0.939605 0.174341
vt 0.924402 0.178625
vt 0.909740 0.164971
vt 0.908292 0.180740
vt 0.925586 0.195490
vt 0.907935 0.197040
vt 0.943381 0.192384
vt 0.944170 0.205134
vt 0.925967 0.205269
vt 0.908072 0.205374
vt 0.893511 0.180971
vt 0.885819 0.171092
vt 0.881041 0.182773
vt 0.883475 0.189569
vt 0.879671 0.190652
vt 0.880539 0.197875
vt 0.884439 0.198627
vt 0.882241 0.203002
vt 0.885970 0.205502
vt 0.882655 0.205521
vt 0.880757 0.200554
vt 0.878125 0.186378
vt 0.892485 0.205464
vt 0.891894 0.198124
vt 0.879318 0.205540
vt 0.879165 0.203848
vt 0.877448 0.205551
vt 0.877021 0.203861
vt 0.877946 0.200593
vt 0.874751 0.201014
vt 0.875065 0.204410
vt 0.872770 0.203545
vt 0.872027 0.205582
vt 0.875172 0.205564
vt 0.879184 0.207234
vt 0.877041 0.207246
vt 0.878003 0.210503
vt 0.874804 0.210119
vt 0.875079 0.206720
vt 0.872793 0.207611
vt 0.880815 0.210510
vt 0.882270 0.208044
vt 0.880627 0.213191
vt 0.884518 0.212394
vt 0.883659 0.221462
vt 0.879843 0.220424
vt 0.881304 0.228286
vt 0.878347 0.224715
vt 0.891979 0.212811
vt 0.893797 0.229944
vt 0.886216 0.239911
vt 0.901105 0.262474
vt 0.905463 0.252978
vt 0.919560 0.261729
vt 0.918248 0.271069
vt 0.932220 0.264951
vt 0.935692 0.251822
vt 0.922358 0.248150
vt 0.940566 0.236111
vt 0.924765 0.231922
vt 0.910208 0.245758
vt 0.908714 0.230017
vt 0.925703 0.215054
vt 0.908035 0.213710
vt 0.943679 0.218001
vt 0.931506 0.271354
vt 0.939622 0.266608
vt 0.938383 0.269019
vt 0.941645 0.269171
vt 0.942451 0.266506
vt 0.945011 0.269367
vt 0.946501 0.266386
vt 0.947329 0.255642
vt 0.952738 0.257541
vt 0.955324 0.241458
vt 0.960235 0.242574
vt 0.967183 0.222151
vt 0.959390 0.221024
vt 0.962408 0.205292
vt 0.969221 0.204991
vt 0.966195 0.188031
vt 0.959662 0.189101
vt 0.953290 0.169641
vt 0.962003 0.171078
vt 0.958953 0.163264
vt 0.953958 0.155721
vt 0.946434 0.154803
vt 0.950076 0.149740
vt 0.945811 0.143908
vt 0.943935 0.141031
vt 0.980757 0.188113
vt 0.983095 0.205192
vt 0.973522 0.170606
vt 0.960924 0.152136
vt 0.966974 0.160378
vt 0.949043 0.142305
vt 0.955195 0.146594
vt 0.945637 0.139206
vt 0.940726 0.156573
vt 0.945440 0.172030
vt 0.949002 0.191176
vt 0.951987 0.205627
vt 0.949002 0.219287
vt 0.947354 0.239211
vt 0.941953 0.254010
vt 0.944353 0.270380
vt 0.945652 0.272374
vt 0.945311 0.270586
vt 0.949098 0.268359
vt 0.955609 0.263533
vt 0.961090 0.257885
vt 0.967268 0.249524
vt 0.973669 0.239135
vt 0.980808 0.221903
vt 0.607535 0.604881
vt 0.602426 0.581977
vt 0.618704 0.581308
vt 0.622471 0.604122
vt 0.638200 0.579558
vt 0.638627 0.603469
vt 0.591661 0.605832
vt 0.584357 0.583657
vt 0.562985 0.588034
vt 0.572651 0.609332
vt 0.610680 0.628055
vt 0.624933 0.627554
vt 0.627628 0.651961
vt 0.615871 0.652882
vt 0.639413 0.626934
vt 0.640021 0.651162
vt 0.597546 0.628794
vt 0.604404 0.653939
vt 0.580750 0.630192
vt 0.588921 0.655122
vt 0.640672 0.674610
vt 0.631119 0.675000
vt 0.641004 0.691270
vt 0.632436 0.690393
vt 0.637660 0.702183
vt 0.629868 0.699567
vt 0.629829 0.715009
vt 0.622020 0.710601
vt 0.612351 0.701877
vt 0.619770 0.693598
vt 0.622897 0.687120
vt 0.620880 0.676528
vt 0.606337 0.694412
vt 0.615200 0.688643
vt 0.598673 0.679921
vt 0.611036 0.677720
vt 0.232771 0.652135
vt 0.248843 0.660663
vt 0.238837 0.690594
vt 0.224443 0.681439
vt 0.220170 0.646937
vt 0.213925 0.676308
vt 0.198308 0.670046
vt 0.202040 0.641819
vt 0.240954 0.626052
vt 0.258707 0.635803
vt 0.247193 0.602227
vt 0.229028 0.596563
vt 0.225324 0.620219
vt 0.235252 0.568931
vt 0.211015 0.564060
vt 0.207165 0.591688
vt 0.255138 0.574696
vt 0.267784 0.609784
vt 0.276963 0.583689
vt 0.205277 0.615071
vt 0.186425 0.667053
vt 0.187157 0.639399
vt 0.188637 0.589441
vt 0.188075 0.612848
vt 0.189655 0.561663
vt 0.172158 0.640727
vt 0.174235 0.669100
vt 0.153437 0.644350
vt 0.157915 0.674278
vt 0.146939 0.678766
vt 0.140667 0.648895
vt 0.131845 0.687064
vt 0.123849 0.656351
vt 0.134943 0.622083
vt 0.115958 0.630577
vt 0.129951 0.597232
vt 0.147846 0.593370
vt 0.150123 0.617621
vt 0.124475 0.568643
vt 0.101650 0.576617
vt 0.108924 0.603391
vt 0.143692 0.565094
vt 0.169972 0.590225
vt 0.168231 0.562196
vt 0.170922 0.613801
vt 0.093847 0.550532
vt 0.119587 0.542008
vt 0.111513 0.517244
vt 0.133997 0.512840
vt 0.139587 0.538846
vt 0.085782 0.526801
vt 0.163260 0.510299
vt 0.165973 0.536242
vt 0.191785 0.510039
vt 0.190783 0.535847
vt 0.215363 0.538245
vt 0.220400 0.512825
vt 0.241909 0.543143
vt 0.250384 0.518328
vt 0.262949 0.549317
vt 0.270804 0.523657
vt 0.286846 0.558806
vt 0.296283 0.535993
vt 0.259911 0.491513
vt 0.279336 0.497566
vt 0.303461 0.511516
vt 0.225435 0.486187
vt 0.192753 0.483564
vt 0.160817 0.483734
vt 0.129206 0.486753
vt 0.104398 0.491240
vt 0.080541 0.501704
vt 0.100613 0.468325
vt 0.077288 0.476095
vt 0.125642 0.462847
vt 0.160168 0.459654
vt 0.194365 0.459761
vt 0.228767 0.462703
vt 0.265162 0.469924
vt 0.286638 0.477115
vt 0.307874 0.486857
vt 0.188547 0.740508
vt 0.196519 0.736202
vt 0.202466 0.747077
vt 0.195122 0.752034
vt 0.184243 0.728612
vt 0.193868 0.727575
vt 0.212591 0.739019
vt 0.205693 0.729868
vt 0.202437 0.725348
vt 0.193836 0.716855
vt 0.184762 0.715132
vt 0.195501 0.699176
vt 0.185258 0.696291
vt 0.204439 0.719606
vt 0.218642 0.731887
vt 0.210055 0.723687
vt 0.227423 0.717769
vt 0.216182 0.708887
vt 0.207936 0.704181
vt 0.175048 0.698500
vt 0.175429 0.716219
vt 0.174722 0.727019
vt 0.171954 0.735366
vt 0.179462 0.740312
vt 0.165353 0.746035
vt 0.172189 0.751427
vt 0.155655 0.737223
vt 0.163012 0.728619
vt 0.166290 0.724329
vt 0.164696 0.718013
vt 0.150011 0.730007
vt 0.159175 0.722089
vt 0.141880 0.714947
vt 0.153745 0.706697
vt 0.162221 0.702536
vt 0.672789 0.602732
vt 0.654988 0.602905
vt 0.657918 0.580020
vt 0.678559 0.579691
vt 0.685714 0.603165
vt 0.692080 0.579950
vt 0.713197 0.582863
vt 0.704727 0.605252
vt 0.669193 0.626352
vt 0.653828 0.626766
vt 0.652463 0.651202
vt 0.665055 0.651277
vt 0.681428 0.626350
vt 0.675837 0.651831
vt 0.698175 0.626760
vt 0.691432 0.652404
vt 0.649929 0.674535
vt 0.649570 0.690057
vt 0.644819 0.701954
vt 0.652397 0.698981
vt 0.653300 0.714539
vt 0.660691 0.709648
vt 0.670134 0.700475
vt 0.662298 0.692613
vt 0.658808 0.686121
vt 0.675521 0.692837
vt 0.666484 0.687559
vt 0.682733 0.677690
vt 0.670335 0.675977
vt 0.661221 0.675380
vt 0.696553 0.557490
vt 0.719304 0.559592
vt 0.945837 0.137187
vt 0.943827 0.140481
vt 0.460131 0.032309
vt 0.444111 0.029917
vt 0.449343 0.041434
vt 0.461572 0.041212
vt 0.458179 0.024072
vt 0.447138 0.023165
vt 0.446859 0.048497
vt 0.437379 0.047649
vt 0.437561 0.043767
vt 0.458199 0.049845
vt 0.446671 0.017388
vt 0.437709 0.015641
vt 0.437584 0.018661
vt 0.457211 0.017001
vt 0.476733 0.041493
vt 0.475466 0.033500
vt 0.473827 0.050989
vt 0.488682 0.046058
vt 0.483856 0.034157
vt 0.489514 0.041777
vt 0.494956 0.046696
vt 0.495950 0.042493
vt 0.495408 0.041469
vt 0.494961 0.034485
vt 0.490991 0.024765
vt 0.489126 0.021385
vt 0.495537 0.021286
vt 0.492982 0.018109
vt 0.473911 0.024613
vt 0.496064 0.026243
vt 0.487798 0.016415
vt 0.472628 0.017117
vt 0.487562 0.052368
vt 0.432279 0.038506
vt 0.435594 0.039718
vt 0.436248 0.030129
vt 0.432685 0.023224
vt 0.436212 0.022183
vt 0.433935 0.045264
vt 0.432271 0.040945
vt 0.432792 0.020761
vt 0.434788 0.017436
vt 0.436186 0.018048
vt 0.045624 0.702258
vt 0.035985 0.691481
vt 0.039948 0.688945
vt 0.048613 0.698621
vt 0.057951 0.709695
vt 0.059718 0.705293
vt 0.072168 0.712999
vt 0.072444 0.708147
vt 0.086665 0.711326
vt 0.085413 0.706748
vt 0.099852 0.705374
vt 0.097272 0.701425
vt 0.110560 0.695697
vt 0.106900 0.692735
vt 0.117776 0.683218
vt 0.113388 0.681524
vt 0.120814 0.669135
vt 0.116119 0.668870
vt 0.119384 0.654800
vt 0.114833 0.655988
vt 0.113622 0.641586
vt 0.109651 0.644116
vt 0.104073 0.630763
vt 0.101064 0.634396
vt 0.091642 0.623362
vt 0.089881 0.627770
vt 0.077426 0.620065
vt 0.077152 0.624917
vt 0.062930 0.621739
vt 0.064183 0.626317
vt 0.049744 0.627690
vt 0.052324 0.631640
vt 0.039036 0.637368
vt 0.042696 0.640330
vt 0.031821 0.649847
vt 0.036209 0.651541
vt 0.028783 0.663930
vt 0.033478 0.664195
vt 0.030214 0.678266
vt 0.034765 0.677076
vt 0.074798 0.666532
vt 0.127394 0.043368
vt 0.152344 0.072311
vt 0.142089 0.078506
vt 0.130566 0.081448
vt 0.118644 0.080564
vt 0.107578 0.076040
vt 0.098451 0.068317
vt 0.092158 0.058152
vt 0.089314 0.046540
vt 0.090197 0.034617
vt 0.094722 0.023551
vt 0.102445 0.014425
vt 0.112610 0.008131
vt 0.124222 0.005287
vt 0.136145 0.006171
vt 0.147211 0.010695
vt 0.156337 0.018418
vt 0.162630 0.028583
vt 0.165475 0.040195
vt 0.164591 0.052118
vt 0.160066 0.063184
vt 0.087053 0.595051
vt 0.083001 0.592656
vt 0.087834 0.580599
vt 0.092426 0.581626
vt 0.078013 0.606256
vt 0.074847 0.602723
vt 0.065782 0.614223
vt 0.063864 0.609758
vt 0.051587 0.617609
vt 0.051199 0.612878
vt 0.037160 0.616526
vt 0.038234 0.611932
vt 0.023788 0.611095
vt 0.026214 0.607059
vt 0.012740 0.601836
vt 0.016284 0.598743
vt 0.005069 0.589641
vt 0.009390 0.587786
vt 0.001510 0.575681
vt 0.006193 0.575242
vt 0.002406 0.561294
vt 0.007002 0.562314
vt 0.007676 0.547858
vt 0.011747 0.550243
vt 0.016826 0.536653
vt 0.019989 0.540192
vt 0.029056 0.528692
vt 0.030973 0.533157
vt 0.043250 0.525306
vt 0.043638 0.530037
vt 0.057677 0.526389
vt 0.056603 0.530983
vt 0.071049 0.531820
vt 0.068623 0.535855
vt 0.082098 0.541078
vt 0.078554 0.544172
vt 0.089769 0.553273
vt 0.085448 0.555129
vt 0.093328 0.567235
vt 0.088644 0.567673
vt 0.047419 0.571457
vt 0.014943 0.071375
vt 0.040137 0.042148
vt 0.025298 0.077631
vt 0.036933 0.080602
vt 0.048973 0.079710
vt 0.060148 0.075141
vt 0.069364 0.067342
vt 0.075719 0.057077
vt 0.078591 0.045351
vt 0.077699 0.033311
vt 0.073129 0.022137
vt 0.065331 0.012921
vt 0.055066 0.006566
vt 0.043340 0.003694
vt 0.031300 0.004586
vt 0.020126 0.009155
vt 0.010910 0.016954
vt 0.004555 0.027219
vt 0.001683 0.038945
vt 0.002575 0.050984
vt 0.007144 0.062159
vt 0.209043 0.919178
vt 0.211578 0.918803
vt 0.214905 0.935891
vt 0.210158 0.936821
vt 0.217684 0.933590
vt 0.231554 0.943036
vt 0.231187 0.944031
vt 0.230430 0.946105
vt 0.212650 0.940777
vt 0.213128 0.918507
vt 0.211279 0.890653
vt 0.208921 0.890469
vt 0.249287 0.922068
vt 0.243633 0.916298
vt 0.212627 0.890809
vt 0.213938 0.865195
vt 0.211402 0.864820
vt 0.216033 0.842202
vt 0.218767 0.842902
vt 0.223648 0.825779
vt 0.220221 0.843271
vt 0.225094 0.826485
vt 0.233372 0.812130
vt 0.231358 0.809343
vt 0.220881 0.824519
vt 0.226790 0.807103
vt 0.188924 0.814907
vt 0.193195 0.798063
vt 0.215455 0.865415
vt 0.236255 0.869634
vt 0.242474 0.852350
vt 0.184533 0.834520
vt 0.180317 0.859957
vt 0.177230 0.888739
vt 0.234692 0.890197
vt 0.239434 0.908746
vt 0.175647 0.919234
vt 0.175071 0.936480
vt 0.322090 0.802175
vt 0.322316 0.798829
vt 0.327965 0.798637
vt 0.327848 0.802324
vt 0.327859 0.803800
vt 0.321896 0.803620
vt 0.297798 0.802278
vt 0.297842 0.803585
vt 0.325644 0.836247
vt 0.332320 0.832441
vt 0.335704 0.852889
vt 0.331233 0.852692
vt 0.333682 0.883270
vt 0.328987 0.882040
vt 0.320082 0.905764
vt 0.327104 0.909980
vt 0.315240 0.827314
vt 0.297060 0.820873
vt 0.316244 0.934258
vt 0.306922 0.921198
vt 0.297138 0.951417
vt 0.317718 0.950547
vt 0.317855 0.952195
vt 0.297148 0.954723
vt 0.318042 0.955627
vt 0.295318 0.988912
vt 0.270436 0.985162
vt 0.273473 0.953029
vt 0.317924 0.991918
vt 0.345104 0.934163
vt 0.345046 0.951286
vt 0.245464 0.981472
vt 0.249360 0.950035
vt 0.273604 0.950275
vt 0.292952 0.929100
vt 0.249770 0.947634
vt 0.258673 0.927928
vt 0.275220 0.931980
vt 0.225691 0.978932
vt 0.208334 0.976035
vt 0.345059 0.953403
vt 0.345063 0.957324
vt 0.344947 0.994655
vt 0.372273 0.952501
vt 0.372392 0.950851
vt 0.393097 0.952049
vt 0.393055 0.955382
vt 0.372079 0.955935
vt 0.394170 0.989535
vt 0.418909 0.986465
vt 0.416879 0.954338
vt 0.371754 0.992138
vt 0.374003 0.934483
vt 0.443745 0.983690
vt 0.441103 0.952323
vt 0.416834 0.951538
vt 0.383499 0.921379
vt 0.370120 0.905988
vt 0.363160 0.910164
vt 0.356901 0.884036
vt 0.361413 0.883154
vt 0.362548 0.856530
vt 0.358344 0.855218
vt 0.371643 0.839371
vt 0.365134 0.834526
vt 0.372221 0.805789
vt 0.378190 0.806101
vt 0.378134 0.804610
vt 0.402508 0.806396
vt 0.402394 0.807728
vt 0.372333 0.804287
vt 0.372507 0.800553
vt 0.378184 0.801206
vt 0.383210 0.830716
vt 0.402176 0.825189
vt 0.428256 0.809226
vt 0.428587 0.806545
vt 0.449925 0.811807
vt 0.450538 0.809328
vt 0.430380 0.777110
vt 0.451687 0.778514
vt 0.468697 0.812150
vt 0.467785 0.779051
vt 0.467526 0.817080
vt 0.465390 0.819648
vt 0.473992 0.833388
vt 0.472558 0.833991
vt 0.476731 0.832330
vt 0.472064 0.815200
vt 0.508067 0.824955
vt 0.504950 0.808481
vt 0.476277 0.850432
vt 0.477695 0.850155
vt 0.480364 0.849634
vt 0.479546 0.871979
vt 0.459323 0.874775
vt 0.454380 0.857908
vt 0.481016 0.871860
vt 0.483474 0.871653
vt 0.484301 0.896487
vt 0.482013 0.896509
vt 0.482447 0.924188
vt 0.480010 0.923665
vt 0.475819 0.940035
vt 0.480341 0.941181
vt 0.473223 0.937677
vt 0.459094 0.946234
vt 0.459411 0.947232
vt 0.460062 0.949313
vt 0.477837 0.944884
vt 0.478521 0.923275
vt 0.442743 0.924447
vt 0.448847 0.919153
vt 0.480701 0.896563
vt 0.513686 0.868827
vt 0.511135 0.844097
vt 0.459476 0.894558
vt 0.453583 0.912110
vt 0.514949 0.896726
vt 0.514670 0.926227
vt 0.514218 0.942902
vt 0.556483 0.889037
vt 0.545287 0.869444
vt 0.560910 0.867310
vt 0.565967 0.884202
vt 0.580662 0.866733
vt 0.581299 0.880947
vt 0.599571 0.867118
vt 0.597618 0.882594
vt 0.615975 0.867944
vt 0.610963 0.888860
vt 0.549919 0.894249
vt 0.533994 0.877637
vt 0.527711 0.890024
vt 0.544391 0.900768
vt 0.536880 0.917778
vt 0.523832 0.914955
vt 0.536175 0.937316
vt 0.523736 0.938819
vt 0.541291 0.953162
vt 0.525455 0.959968
vt 0.547540 0.962169
vt 0.529680 0.975762
vt 0.553394 0.967826
vt 0.537498 0.987368
vt 0.549623 0.993491
vt 0.560016 0.972294
vt 0.567744 0.994774
vt 0.570595 0.976597
vt 0.588906 0.977836
vt 0.589585 0.994404
vt 0.606184 0.971772
vt 0.611056 0.992753
vt 0.616775 0.991955
vt 0.634654 0.963895
vt 0.621213 0.959263
vt 0.629705 0.943141
vt 0.634655 0.944069
vt 0.630907 0.918908
vt 0.634664 0.918335
vt 0.634704 0.901116
vt 0.623642 0.901496
vt 0.634702 0.867994
vt 0.634656 0.991839
vt 0.638420 0.918913
vt 0.639605 0.943143
vt 0.645710 0.901512
vt 0.653429 0.867974
vt 0.648094 0.959265
vt 0.658408 0.888895
vt 0.671760 0.882649
vt 0.669831 0.867175
vt 0.688075 0.881024
vt 0.688732 0.866820
vt 0.703392 0.884298
vt 0.708469 0.867426
vt 0.712861 0.889141
vt 0.724075 0.869581
vt 0.719412 0.894356
vt 0.735344 0.877783
vt 0.741602 0.890167
vt 0.724926 0.900875
vt 0.732404 0.917875
vt 0.745439 0.915074
vt 0.733083 0.937389
vt 0.745503 0.938904
vt 0.727959 0.953209
vt 0.743765 0.960019
vt 0.721711 0.962199
vt 0.739535 0.975785
vt 0.715860 0.967847
vt 0.731723 0.987368
vt 0.719615 0.993477
vt 0.709243 0.972306
vt 0.701520 0.994754
vt 0.698676 0.976599
vt 0.680384 0.977834
vt 0.679705 0.994386
vt 0.659033 0.969248
vt 0.658250 0.992741
vt 0.652535 0.991948
vt 0.230525 0.804216
vt 0.233576 0.770651
vt 0.249964 0.771139
vt 0.249191 0.802456
vt 0.271654 0.771102
vt 0.271607 0.800909
vt 0.249667 0.805020
vt 0.249856 0.806023
vt 0.271805 0.803625
vt 0.271893 0.804682
vt 0.297691 0.799262
vt 0.297375 0.770624
vt 0.255302 0.834565
vt 0.249150 0.841558
vt 0.262867 0.828939
vt 0.276589 0.822885
vt 0.322661 0.769538
vt 0.330049 0.769362
vt 0.350250 0.798599
vt 0.350078 0.802585
vt 0.350004 0.804303
vt 0.348599 0.833544
vt 0.347061 0.854524
vt 0.345399 0.883699
vt 0.345196 0.909799
vt 0.351465 0.769341
vt 0.372777 0.771173
vt 0.380044 0.771968
vt 0.405037 0.774920
vt 0.402794 0.803362
vt 0.271800 0.769253
vt 0.297340 0.768798
vt 0.250230 0.769350
vt 0.233982 0.768832
vt 0.322516 0.767553
vt 0.330385 0.767401
vt 0.351545 0.767462
vt 0.372608 0.769204
vt 0.380346 0.770017
vt 0.405200 0.773117
vt 0.430357 0.775281
vt 0.451538 0.776742
vt 0.467500 0.777242
vt 0.245446 0.983476
vt 0.270214 0.987209
vt 0.294959 0.991017
vt 0.317776 0.994102
vt 0.225586 0.980824
vt 0.208259 0.978002
vt 0.345030 0.997805
vt 0.371876 0.994295
vt 0.394482 0.991627
vt 0.419068 0.988497
vt 0.443688 0.985670
vt 0.463397 0.983845
vt 0.463371 0.981973
vt 0.480605 0.981787
vt 0.480613 0.979844
vt 0.175313 0.888454
vt 0.178384 0.859768
vt 0.182642 0.834380
vt 0.187057 0.814673
vt 0.191279 0.797943
vt 0.173782 0.918887
vt 0.173197 0.936016
vt 0.449682 0.812775
vt 0.428129 0.810274
vt 0.442913 0.840278
vt 0.448533 0.847250
vt 0.435788 0.834543
vt 0.422557 0.828068
vt 0.397718 0.929524
vt 0.415834 0.932959
vt 0.432891 0.929715
vt 0.440812 0.949906
vt 0.515558 0.868760
vt 0.516813 0.896565
vt 0.512963 0.844074
vt 0.509879 0.824841
vt 0.506803 0.808480
vt 0.516490 0.926003
vt 0.516054 0.942564
vt 0.958166 0.962149
vt 0.957643 0.988853
vt 0.943751 0.988876
vt 0.943143 0.962095
vt 0.965053 0.962412
vt 0.964383 0.989088
vt 0.971803 0.962697
vt 0.971105 0.989366
vt 0.980370 0.963056
vt 0.979884 0.989738
vt 0.992987 0.963175
vt 0.993350 0.989797
vt 0.929394 0.989840
vt 0.927361 0.963094
vt 0.916742 0.991338
vt 0.913971 0.964650
vt 0.907909 0.992498
vt 0.905171 0.965812
vt 0.901092 0.993361
vt 0.898640 0.966716
vt 0.894291 0.994158
vt 0.892211 0.967438
vt 0.883196 0.995072
vt 0.882222 0.968333
vt 0.866971 0.994918
vt 0.868113 0.968167
vt 0.850859 0.992921
vt 0.853393 0.966406
vt 0.838795 0.990898
vt 0.841738 0.964510
vt 0.822933 0.988319
vt 0.825356 0.961863
vt 0.805359 0.986741
vt 0.805923 0.960188
vt 0.789871 0.987130
vt 0.788606 0.960615
vt 0.776269 0.988408
vt 0.774266 0.961778
vt 0.764708 0.989713
vt 0.762502 0.963195
vt 0.751011 0.991007
vt 0.749370 0.964431
vt 0.945984 0.923638
vt 0.959876 0.923661
vt 0.960400 0.950367
vt 0.945376 0.950420
vt 0.967287 0.950104
vt 0.966617 0.923426
vt 0.974037 0.949819
vt 0.973339 0.923148
vt 0.982605 0.949460
vt 0.982118 0.922776
vt 0.995222 0.949340
vt 0.995585 0.922716
vt 0.931626 0.922674
vt 0.929593 0.949422
vt 0.918974 0.921176
vt 0.916203 0.947865
vt 0.910141 0.920016
vt 0.907402 0.946703
vt 0.903324 0.919153
vt 0.900871 0.945798
vt 0.896523 0.918357
vt 0.894442 0.945077
vt 0.885428 0.917442
vt 0.884453 0.944181
vt 0.869202 0.917596
vt 0.870344 0.944347
vt 0.853091 0.919593
vt 0.855624 0.946107
vt 0.841027 0.921615
vt 0.843969 0.948002
vt 0.825166 0.924193
vt 0.827587 0.950649
vt 0.807593 0.925770
vt 0.808154 0.952322
vt 0.792105 0.925380
vt 0.790838 0.951894
vt 0.778504 0.924101
vt 0.776499 0.950729
vt 0.766943 0.922795
vt 0.764735 0.949311
vt 0.753247 0.921499
vt 0.751604 0.948074
vt 0.929894 0.875665
vt 0.935317 0.860096
vt 0.945022 0.863211
vt 0.939510 0.878871
vt 0.954994 0.866506
vt 0.949324 0.882213
vt 0.920512 0.872553
vt 0.925891 0.857109
vt 0.911211 0.869592
vt 0.916405 0.854219
vt 0.906497 0.851467
vt 0.901613 0.866800
vt 0.896100 0.848902
vt 0.891641 0.864225
vt 0.881653 0.861673
vt 0.885290 0.846395
vt 0.871510 0.859149
vt 0.874433 0.843869
vt 0.861097 0.857104
vt 0.863487 0.841775
vt 0.850251 0.855529
vt 0.852315 0.840103
vt 0.842112 0.854525
vt 0.843907 0.839108
vt 0.831625 0.853710
vt 0.832871 0.838209
vt 0.821255 0.853466
vt 0.821702 0.837798
vt 0.810724 0.853362
vt 0.810223 0.837400
vt 0.800209 0.853290
vt 0.799145 0.837155
vt 0.790053 0.853529
vt 0.788661 0.837261
vt 0.780301 0.854073
vt 0.778742 0.837701
vt 0.770511 0.854781
vt 0.768959 0.838300
vt 0.760451 0.855574
vt 0.758861 0.838981
vt 0.750117 0.856471
vt 0.748375 0.839807
vt 0.739681 0.857480
vt 0.737767 0.840776
vt 0.729337 0.858542
vt 0.727354 0.841831
vt 0.719259 0.859541
vt 0.717225 0.842851
vt 0.710214 0.843532
vt 0.712310 0.860206
vt 0.968989 0.889154
vt 0.974889 0.873447
vt 0.984465 0.876849
vt 0.978522 0.892531
vt 0.991102 0.879180
vt 0.985101 0.894837
vt 0.959208 0.885666
vt 0.965049 0.869960
vt 0.919768 0.837967
vt 0.904853 0.834592
vt 0.904139 0.839578
vt 0.918947 0.842825
vt 0.934984 0.841534
vt 0.933934 0.846286
vt 0.889575 0.836494
vt 0.890267 0.831389
vt 0.875113 0.833528
vt 0.875785 0.828390
vt 0.860148 0.830821
vt 0.860789 0.825655
vt 0.844443 0.828398
vt 0.845054 0.823244
vt 0.828418 0.826244
vt 0.829072 0.821022
vt 0.811998 0.824422
vt 0.812700 0.819003
vt 0.795188 0.823282
vt 0.795698 0.817738
vt 0.777503 0.823056
vt 0.777543 0.817322
vt 0.763796 0.823079
vt 0.763525 0.817250
vt 0.746087 0.823749
vt 0.745536 0.817840
vt 0.728226 0.825201
vt 0.727617 0.819350
vt 0.709759 0.827113
vt 0.709145 0.821216
vt 0.691152 0.829357
vt 0.690492 0.823316
vt 0.673072 0.832028
vt 0.672433 0.825865
vt 0.655521 0.835084
vt 0.654954 0.828836
vt 0.637713 0.838310
vt 0.637178 0.832117
vt 0.619355 0.841793
vt 0.618670 0.835687
vt 0.600493 0.845533
vt 0.599428 0.839490
vt 0.581366 0.849465
vt 0.579827 0.843476
vt 0.562276 0.853545
vt 0.560406 0.847440
vt 0.543573 0.857352
vt 0.541372 0.851271
vt 0.530627 0.860131
vt 0.528123 0.854005
vt 0.631471 0.803049
vt 0.649290 0.800277
vt 0.593228 0.809452
vt 0.612793 0.806058
vt 0.553773 0.817158
vt 0.573294 0.813222
vt 0.521251 0.823345
vt 0.534640 0.820912
vt 0.629667 0.797002
vt 0.647725 0.794158
vt 0.667050 0.797772
vt 0.685712 0.795687
vt 0.705433 0.794118
vt 0.725729 0.792865
vt 0.745079 0.791839
vt 0.764005 0.791603
vt 0.778393 0.792026
vt 0.796921 0.793260
vt 0.814697 0.795010
vt 0.832167 0.797304
vt 0.849427 0.799673
vt 0.865780 0.802190
vt 0.881167 0.805013
vt 0.895840 0.808020
vt 0.910469 0.811171
vt 0.925548 0.814458
vt 0.941006 0.817972
vt 0.950328 0.845288
vt 0.948936 0.849962
vt 0.965423 0.849055
vt 0.963757 0.853777
vt 0.980145 0.852765
vt 0.978181 0.857406
vt 0.990345 0.855438
vt 0.988042 0.860059
vt 0.971793 0.825573
vt 0.986634 0.829288
vt 0.997012 0.831747
vt 0.956615 0.821710
vt 0.927038 0.809686
vt 0.942330 0.813229
vt 0.972663 0.820550
vt 0.987173 0.824432
vt 0.997273 0.826549
vt 0.957671 0.816863
vt 0.987271 0.823782
vt 0.912042 0.806288
vt 0.897363 0.803036
vt 0.882482 0.799950
vt 0.866860 0.797084
vt 0.850386 0.794527
vt 0.833116 0.792048
vt 0.815479 0.789495
vt 0.797445 0.787502
vt 0.778762 0.785966
vt 0.763961 0.785478
vt 0.744764 0.785787
vt 0.725225 0.786930
vt 0.704940 0.788168
vt 0.685048 0.789641
vt 0.665954 0.791637
vt 0.591754 0.803449
vt 0.611037 0.800112
vt 0.572258 0.807044
vt 0.553013 0.810733
vt 0.534254 0.814417
vt 0.521254 0.816698
s 1
usemtl ElasticWaistband_c.002
f 3/1/1 2/2/2 1/3/3
f 4/4/4 1/3/3 2/2/2
f 1/3/3 5/5/5 3/1/1
f 8/6/6 7/7/7 6/8/8
f 7/7/7 8/6/6 9/9/9
f 9/9/9 10/10/10 7/7/7
f 13/11/11 12/12/12 11/13/13
f 14/14/14 13/11/11 11/13/13
f 11/13/13 15/15/15 14/14/14
f 15/15/15 16/16/16 14/14/14
f 12/12/12 13/11/11 17/17/17
f 18/18/18 12/12/12 17/17/17
f 17/17/17 19/19/19 18/18/18
f 19/19/19 20/20/20 18/18/18
f 12/12/12 21/21/21 11/13/13
f 11/13/13 21/21/21 15/15/15
f 21/21/21 22/22/22 15/15/15
f 18/18/18 23/23/23 12/12/12
f 23/23/23 24/24/24 12/12/12
f 25/25/25 24/24/24 23/23/23
f 26/26/26 25/25/25 23/23/23
f 26/26/26 23/23/23 27/27/27
f 27/27/27 23/23/23 18/18/18
f 20/20/20 27/27/27 18/18/18
f 28/28/28 26/26/26 27/27/27
f 25/25/25 29/29/29 24/24/24
f 29/29/29 30/30/30 24/24/24
f 29/29/29 31/31/31 30/30/30
f 31/31/31 32/32/32 30/30/30
f 26/26/26 33/33/33 25/25/25
f 33/33/33 34/34/34 25/25/25
f 25/25/25 34/34/34 29/29/29
f 1/35/3 34/34/34 33/33/33
f 5/36/5 1/35/3 33/33/33
f 5/36/5 33/33/33 35/37/35
f 35/37/35 33/33/33 26/26/26
f 28/28/28 35/37/35 26/26/26
f 3/38/1 5/36/5 35/37/35
f 1/35/3 4/39/4 34/34/34
f 4/39/4 36/40/36 34/34/34
f 34/34/34 36/40/36 29/29/29
f 29/29/29 36/40/36 31/31/31
f 4/39/4 2/41/2 36/40/36
f 2/41/2 37/42/37 36/40/36
f 36/40/36 37/42/37 31/31/31
f 30/30/30 32/32/32 38/43/38
f 30/30/30 38/43/38 12/12/12
f 24/24/24 30/30/30 12/12/12
f 32/32/32 39/44/39 38/43/38
f 12/12/12 38/43/38 21/21/21
f 38/43/38 39/44/39 22/22/22
f 21/21/21 38/43/38 22/22/22
f 40/45/40 19/46/19 16/47/16
f 15/48/15 40/45/40 16/47/16
f 40/45/40 20/49/20 19/46/19
f 15/48/15 22/50/22 40/45/40
f 40/45/40 27/51/27 20/49/20
f 32/52/32 27/51/27 40/45/40
f 28/53/28 27/51/27 32/52/32
f 31/54/31 28/53/28 32/52/32
f 31/54/31 37/55/37 28/53/28
f 37/55/37 35/56/35 28/53/28
f 3/57/1 35/56/35 37/55/37
f 2/58/2 3/57/1 37/55/37
f 39/59/39 32/52/32 40/45/40
f 39/59/39 40/45/40 22/50/22
f 16/47/16 19/46/19 41/60/41
f 19/46/19 42/61/42 41/60/41
f 41/60/41 42/61/42 43/62/43
f 44/63/44 41/60/41 43/62/43
f 44/63/44 43/62/43 45/64/45
f 46/65/46 44/63/44 45/64/45
f 43/62/43 47/66/47 45/64/45
f 46/65/46 45/64/45 48/67/48
f 48/67/48 45/64/45 49/68/49
f 49/68/49 45/64/45 50/69/50
f 45/64/45 47/66/47 50/69/50
f 51/70/51 49/68/49 50/69/50
f 51/70/51 50/69/50 52/71/52
f 50/69/50 53/72/53 52/71/52
f 52/71/52 53/72/53 54/73/54
f 53/72/53 55/74/55 54/73/54
f 55/74/55 56/75/56 54/73/54
f 55/74/55 57/76/57 56/75/56
f 58/77/58 56/75/56 57/76/57
f 58/77/58 59/78/59 56/75/56
f 58/77/58 60/79/60 59/78/59
f 60/79/60 61/80/61 59/78/59
f 62/81/62 61/80/61 60/79/60
f 63/82/63 62/81/62 60/79/60
f 62/81/62 63/82/63 64/83/64
f 65/84/65 62/81/62 64/83/64
f 63/82/63 66/85/66 64/83/64
f 64/83/64 67/86/67 65/84/65
f 66/85/66 68/87/68 64/83/64
f 64/83/64 69/88/69 67/86/67
f 70/89/70 69/88/69 64/83/64
f 68/87/68 70/89/70 64/83/64
f 71/90/71 70/89/70 68/87/68
f 72/91/72 71/90/71 68/87/68
f 72/91/72 73/92/73 71/90/71
f 73/92/73 74/93/74 71/90/71
f 8/94/6 74/93/74 73/92/73
f 9/95/9 8/94/6 73/92/73
f 77/96/75 76/97/76 75/98/77
f 78/99/78 77/96/75 75/98/77
f 75/98/77 62/100/62 78/99/78
f 62/100/62 65/101/65 78/99/78
f 76/97/76 77/96/75 79/102/79
f 80/103/80 76/97/76 79/102/79
f 79/102/79 66/104/66 80/103/80
f 66/104/66 63/105/63 80/103/80
f 65/101/65 67/106/67 78/99/78
f 67/106/67 81/107/81 78/99/78
f 78/99/78 81/107/81 77/96/75
f 80/103/80 63/105/63 82/108/82
f 63/105/63 60/109/60 82/108/82
f 62/100/62 75/98/77 61/110/61
f 75/98/77 83/111/83 61/110/61
f 75/98/77 76/97/76 83/111/83
f 76/97/76 84/112/84 83/111/83
f 80/103/80 82/108/82 84/112/84
f 76/97/76 80/103/80 84/112/84
f 82/108/82 60/109/60 58/113/58
f 85/114/85 82/108/82 58/113/58
f 84/112/84 82/108/82 85/114/85
f 85/114/85 58/113/58 86/115/86
f 86/115/86 87/116/87 85/114/85
f 87/116/87 88/117/88 85/114/85
f 83/111/83 84/112/84 88/117/88
f 88/117/88 84/112/84 85/114/85
f 58/113/58 57/118/57 86/115/86
f 88/117/88 87/116/87 89/119/89
f 90/120/90 88/117/88 89/119/89
f 61/110/61 83/111/83 90/120/90
f 90/120/90 83/111/83 88/117/88
f 90/120/90 89/119/89 91/121/91
f 59/122/59 90/120/90 91/121/91
f 59/122/59 61/110/61 90/120/90
f 91/121/91 89/119/89 92/123/92
f 89/119/89 93/124/93 92/123/92
f 89/119/89 87/116/87 93/124/93
f 92/123/92 93/124/93 94/125/94
f 93/124/93 95/126/95 94/125/94
f 93/124/93 87/116/87 95/126/95
f 86/115/86 57/118/57 55/127/55
f 96/128/96 86/115/86 55/127/55
f 87/116/87 86/115/86 96/128/96
f 97/129/97 96/128/96 55/127/55
f 53/130/53 97/129/97 55/127/55
f 97/129/97 53/130/53 98/131/98
f 53/130/53 50/132/50 98/131/98
f 98/131/98 99/133/99 97/129/97
f 99/133/99 100/134/100 97/129/97
f 97/129/97 100/134/100 96/128/96
f 99/133/99 101/135/101 100/134/100
f 101/135/101 102/136/102 100/134/100
f 101/135/101 51/137/51 102/136/102
f 51/137/51 52/138/52 102/136/102
f 100/134/100 103/139/103 96/128/96
f 100/134/100 102/136/102 103/139/103
f 102/136/102 104/140/104 103/139/103
f 102/136/102 52/138/52 104/140/104
f 94/125/94 95/126/95 104/140/104
f 104/140/104 95/126/95 103/139/103
f 52/138/52 54/141/54 104/140/104
f 98/131/98 105/142/105 99/133/99
f 105/142/105 106/143/106 99/133/99
f 99/133/99 106/143/106 101/135/101
f 107/144/107 106/143/106 105/142/105
f 108/145/108 107/144/107 105/142/105
f 105/142/105 47/146/47 108/145/108
f 47/146/47 105/142/105 98/131/98
f 50/132/50 47/146/47 98/131/98
f 47/146/47 43/147/43 108/145/108
f 107/144/107 109/148/109 106/143/106
f 109/148/109 110/149/110 106/143/106
f 109/148/109 44/150/44 110/149/110
f 44/150/44 46/151/46 110/149/110
f 110/149/110 46/151/46 111/152/111
f 106/143/106 110/149/110 111/152/111
f 46/151/46 48/153/48 111/152/111
f 108/145/108 112/154/112 107/144/107
f 112/154/112 113/155/113 107/144/107
f 107/144/107 113/155/113 109/148/109
f 13/11/11 113/155/113 112/154/112
f 17/17/17 13/11/11 112/154/112
f 13/11/11 14/14/14 113/155/113
f 14/14/14 114/156/114 113/155/113
f 113/155/113 114/156/114 109/148/109
f 109/148/109 114/156/114 44/150/44
f 14/14/14 16/16/16 114/156/114
f 16/16/16 41/157/41 114/156/114
f 114/156/114 41/157/41 44/150/44
f 17/17/17 112/154/112 42/158/42
f 19/19/19 17/17/17 42/158/42
f 42/158/42 112/154/112 108/145/108
f 43/147/43 42/158/42 108/145/108
f 111/152/111 48/153/48 115/159/115
f 48/153/48 49/160/49 115/159/115
f 115/159/115 49/160/49 51/137/51
f 101/135/101 115/159/115 51/137/51
f 106/143/106 115/159/115 101/135/101
f 111/152/111 115/159/115 106/143/106
f 118/161/116 117/162/117 116/163/118
f 119/164/119 118/161/116 116/163/118
f 118/161/116 72/165/72 117/162/117
f 72/165/72 68/166/68 117/162/117
f 119/164/119 116/163/118 120/167/120
f 121/168/121 119/164/119 120/167/120
f 121/168/121 120/167/120 70/169/70
f 71/170/71 121/168/121 70/169/70
f 117/162/117 68/166/68 66/104/66
f 79/102/79 117/162/117 66/104/66
f 116/163/118 117/162/117 79/102/79
f 70/169/70 120/167/120 69/171/69
f 120/167/120 122/172/122 69/171/69
f 120/167/120 116/163/118 122/172/122
f 116/163/118 77/96/75 122/172/122
f 77/96/75 116/163/118 79/102/79
f 69/171/69 122/172/122 81/107/81
f 122/172/122 77/96/75 81/107/81
f 67/106/67 69/171/69 81/107/81
f 118/161/116 123/173/123 72/165/72
f 123/173/123 73/174/73 72/165/72
f 9/175/9 73/174/73 123/173/123
f 10/176/10 9/175/9 123/173/123
f 10/176/10 123/173/123 124/177/124
f 7/178/7 10/176/10 124/177/124
f 7/178/7 124/177/124 125/179/125
f 6/180/8 7/178/7 125/179/125
f 6/180/8 125/179/125 74/181/74
f 8/182/6 6/180/8 74/181/74
f 74/181/74 125/179/125 121/168/121
f 71/170/71 74/181/74 121/168/121
f 125/179/125 124/177/124 119/164/119
f 121/168/121 125/179/125 119/164/119
f 124/177/124 123/173/123 118/161/116
f 119/164/119 124/177/124 118/161/116
f 54/141/54 94/125/94 104/140/104
f 95/126/95 87/116/87 103/139/103
f 103/139/103 87/116/87 96/128/96
f 56/75/56 91/183/91 92/184/92
f 92/184/92 94/185/94 56/75/56
f 59/78/59 91/183/91 56/75/56
f 56/75/56 94/185/94 54/73/54
f 128/2/1 127/1/2 126/3/126
f 126/3/126 129/4/127 128/2/1
f 130/5/128 126/3/126 127/1/2
f 133/7/7 132/6/9 131/8/129
f 132/6/9 133/7/7 134/9/6
f 135/10/8 134/9/6 133/7/7
f 138/11/130 137/14/131 136/13/132
f 139/12/133 138/11/130 136/13/132
f 140/15/134 136/13/132 137/14/131
f 141/16/135 140/15/134 137/14/131
f 138/11/130 139/12/133 142/17/136
f 139/12/133 143/18/137 142/17/136
f 144/19/138 142/17/136 143/18/137
f 145/20/139 144/19/138 143/18/137
f 146/21/140 139/12/133 136/13/132
f 146/21/140 136/13/132 140/15/134
f 147/22/141 146/21/140 140/15/134
f 148/23/142 143/18/137 139/12/133
f 149/24/143 148/23/142 139/12/133
f 149/24/143 150/25/25 148/23/142
f 150/25/25 151/26/144 148/23/142
f 148/23/142 151/26/144 152/27/145
f 152/27/145 145/20/139 143/18/137
f 148/23/142 152/27/145 143/18/137
f 151/26/144 153/28/31 152/27/145
f 154/29/146 150/25/25 149/24/143
f 155/30/147 154/29/146 149/24/143
f 156/31/28 154/29/146 155/30/147
f 157/32/148 156/31/28 155/30/147
f 158/33/36 151/26/144 150/25/25
f 159/34/149 158/33/36 150/25/25
f 159/34/149 150/25/25 154/29/146
f 159/34/149 126/35/126 158/33/36
f 126/35/126 130/36/128 158/33/36
f 158/33/36 130/36/128 160/37/150
f 160/37/150 153/28/31 151/26/144
f 158/33/36 160/37/150 151/26/144
f 130/36/128 127/38/2 160/37/150
f 129/39/127 126/35/126 159/34/149
f 161/40/151 129/39/127 159/34/149
f 161/40/151 159/34/149 154/29/146
f 161/40/151 154/29/146 156/31/28
f 128/41/1 129/39/127 161/40/151
f 162/42/35 128/41/1 161/40/151
f 162/42/35 161/40/151 156/31/28
f 157/32/148 155/30/147 163/43/152
f 163/43/152 155/30/147 139/12/133
f 155/30/147 149/24/143 139/12/133
f 164/44/153 157/32/148 163/43/152
f 163/43/152 139/12/133 146/21/140
f 163/43/152 146/21/140 147/22/141
f 164/44/153 163/43/152 147/22/141
f 165/45/154 140/48/134 141/47/135
f 144/46/138 165/45/154 141/47/135
f 145/49/139 165/45/154 144/46/138
f 147/50/141 140/48/134 165/45/154
f 152/51/145 165/45/154 145/49/139
f 152/51/145 157/52/148 165/45/154
f 152/51/145 153/53/31 157/52/148
f 153/53/31 156/54/28 157/52/148
f 162/55/35 156/54/28 153/53/31
f 160/56/150 162/55/35 153/53/31
f 160/56/150 127/57/2 162/55/35
f 127/57/2 128/58/1 162/55/35
f 157/52/148 164/59/153 165/45/154
f 165/45/154 164/59/153 147/50/141
f 144/46/138 141/47/135 166/60/42
f 167/61/41 144/46/138 166/60/42
f 167/61/41 166/60/42 168/62/155
f 166/60/42 169/63/156 168/62/155
f 168/62/155 169/63/156 170/64/157
f 169/63/156 171/65/158 170/64/157
f 172/66/159 168/62/155 170/64/157
f 170/64/157 171/65/158 173/67/160
f 170/64/157 173/67/160 174/68/161
f 170/64/157 174/68/161 175/69/162
f 172/66/159 170/64/157 175/69/162
f 174/68/161 176/70/163 175/69/162
f 175/69/162 176/70/163 177/71/53
f 178/72/52 175/69/162 177/71/53
f 178/72/52 177/71/53 179/73/164
f 180/74/165 178/72/52 179/73/164
f 181/75/166 180/74/165 179/73/164
f 182/76/167 180/74/165 181/75/166
f 181/75/166 183/77/168 182/76/167
f 184/78/169 183/77/168 181/75/166
f 185/79/61 183/77/168 184/78/169
f 186/80/60 185/79/61 184/78/169
f 186/80/60 187/81/170 185/79/61
f 187/81/170 188/82/171 185/79/61
f 188/82/171 187/81/170 189/83/172
f 187/81/170 190/84/173 189/83/172
f 191/85/174 188/82/171 189/83/172
f 192/86/175 189/83/172 190/84/173
f 193/87/176 191/85/174 189/83/172
f 194/88/177 189/83/172 192/86/175
f 195/89/178 193/87/176 189/83/172
f 194/88/177 195/89/178 189/83/172
f 195/89/178 196/90/72 193/87/176
f 196/90/72 197/91/71 193/87/176
f 198/92/74 197/91/71 196/90/72
f 199/93/179 198/92/74 196/90/72
f 199/93/179 132/94/9 198/92/74
f 132/94/9 134/95/6 198/92/74
f 202/96/180 201/99/181 200/98/182
f 203/97/76 202/96/180 200/98/182
f 187/100/170 200/98/182 201/99/181
f 190/101/173 187/100/170 201/99/181
f 202/96/180 203/97/76 204/102/183
f 203/97/76 205/103/184 204/102/183
f 191/104/174 204/102/183 205/103/184
f 188/105/171 191/104/174 205/103/184
f 192/106/175 190/101/173 201/99/181
f 206/107/185 192/106/175 201/99/181
f 206/107/185 201/99/181 202/96/180
f 188/105/171 205/103/184 207/108/186
f 185/109/61 188/105/171 207/108/186
f 200/98/182 187/100/170 186/110/60
f 208/111/82 200/98/182 186/110/60
f 203/97/76 200/98/182 208/111/82
f 209/112/187 203/97/76 208/111/82
f 205/103/184 203/97/76 209/112/187
f 207/108/186 205/103/184 209/112/187
f 185/109/61 207/108/186 183/113/168
f 207/108/186 210/114/188 183/113/168
f 207/108/186 209/112/187 210/114/188
f 183/113/168 210/114/188 211/115/189
f 212/116/190 211/115/189 210/114/188
f 213/117/191 212/116/190 210/114/188
f 209/112/187 208/111/82 213/117/191
f 209/112/187 213/117/191 210/114/188
f 182/118/167 183/113/168 211/115/189
f 212/116/190 213/117/191 214/119/192
f 213/117/191 215/120/193 214/119/192
f 208/111/82 186/110/60 215/120/193
f 208/111/82 215/120/193 213/117/191
f 214/119/192 215/120/193 216/121/194
f 215/120/193 184/122/169 216/121/194
f 186/110/60 184/122/169 215/120/193
f 214/119/192 216/121/194 217/123/195
f 218/124/196 214/119/192 217/123/195
f 212/116/190 214/119/192 218/124/196
f 218/124/196 217/123/195 219/125/197
f 220/126/198 218/124/196 219/125/197
f 212/116/190 218/124/196 220/126/198
f 182/118/167 211/115/189 180/127/165
f 211/115/189 221/128/199 180/127/165
f 211/115/189 212/116/190 221/128/199
f 221/128/199 222/129/102 180/127/165
f 222/129/102 178/130/52 180/127/165
f 178/130/52 222/129/102 223/131/200
f 175/132/162 178/130/52 223/131/200
f 224/133/201 223/131/200 222/129/102
f 225/134/100 224/133/201 222/129/102
f 225/134/100 222/129/102 221/128/199
f 226/135/202 224/133/201 225/134/100
f 227/136/97 226/135/202 225/134/100
f 176/137/163 226/135/202 227/136/97
f 177/138/53 176/137/163 227/136/97
f 228/139/203 225/134/100 221/128/199
f 227/136/97 225/134/100 228/139/203
f 229/140/204 227/136/97 228/139/203
f 177/138/53 227/136/97 229/140/204
f 220/126/198 219/125/197 229/140/204
f 220/126/198 229/140/204 228/139/203
f 179/141/164 177/138/53 229/140/204
f 230/142/205 223/131/200 224/133/201
f 231/143/206 230/142/205 224/133/201
f 231/143/206 224/133/201 226/135/202
f 231/143/206 232/144/107 230/142/205
f 232/144/107 233/145/207 230/142/205
f 172/146/159 230/142/205 233/145/207
f 172/146/159 175/132/162 223/131/200
f 230/142/205 172/146/159 223/131/200
f 168/147/155 172/146/159 233/145/207
f 234/148/208 232/144/107 231/143/206
f 235/149/209 234/148/208 231/143/206
f 169/150/156 234/148/208 235/149/209
f 171/151/158 169/150/156 235/149/209
f 171/151/158 235/149/209 236/152/210
f 235/149/209 231/143/206 236/152/210
f 173/153/160 171/151/158 236/152/210
f 237/154/211 233/145/207 232/144/107
f 238/155/212 237/154/211 232/144/107
f 238/155/212 232/144/107 234/148/208
f 238/155/212 138/11/130 237/154/211
f 138/11/130 142/17/136 237/154/211
f 137/14/131 138/11/130 238/155/212
f 239/156/213 137/14/131 238/155/212
f 239/156/213 238/155/212 234/148/208
f 239/156/213 234/148/208 169/150/156
f 141/16/135 137/14/131 239/156/213
f 166/157/42 141/16/135 239/156/213
f 166/157/42 239/156/213 169/150/156
f 237/154/211 142/17/136 167/158/41
f 142/17/136 144/19/138 167/158/41
f 237/154/211 167/158/41 233/145/207
f 167/158/41 168/147/155 233/145/207
f 173/153/160 236/152/210 240/159/214
f 174/160/161 173/153/160 240/159/214
f 174/160/161 240/159/214 176/137/163
f 240/159/214 226/135/202 176/137/163
f 240/159/214 231/143/206 226/135/202
f 240/159/214 236/152/210 231/143/206
f 243/161/215 242/164/119 241/163/216
f 244/162/217 243/161/215 241/163/216
f 197/165/71 243/161/215 244/162/217
f 193/166/176 197/165/71 244/162/217
f 241/163/216 242/164/119 245/167/218
f 242/164/119 246/168/116 245/167/218
f 245/167/218 246/168/116 195/169/178
f 246/168/116 196/170/72 195/169/178
f 193/166/176 244/162/217 191/104/174
f 244/162/217 204/102/183 191/104/174
f 244/162/217 241/163/216 204/102/183
f 245/167/218 195/169/178 194/171/177
f 247/172/219 245/167/218 194/171/177
f 241/163/216 245/167/218 247/172/219
f 202/96/180 241/163/216 247/172/219
f 241/163/216 202/96/180 204/102/183
f 247/172/219 194/171/177 206/107/185
f 202/96/180 247/172/219 206/107/185
f 194/171/177 192/106/175 206/107/185
f 248/173/125 243/161/215 197/165/71
f 198/174/74 248/173/125 197/165/71
f 198/174/74 134/175/6 248/173/125
f 134/175/6 135/176/8 248/173/125
f 248/173/125 135/176/8 249/177/124
f 135/176/8 133/178/7 249/177/124
f 249/177/124 133/178/7 250/179/123
f 133/178/7 131/180/129 250/179/123
f 250/179/123 131/180/129 199/181/179
f 131/180/129 132/182/9 199/181/179
f 250/179/123 199/181/179 246/168/116
f 199/181/179 196/170/72 246/168/116
f 250/179/123 246/168/116 242/164/119
f 249/177/124 250/179/123 242/164/119
f 249/177/124 242/164/119 243/161/215
f 248/173/125 249/177/124 243/161/215
f 219/125/197 179/141/164 229/140/204
f 212/116/190 220/126/198 228/139/203
f 212/116/190 228/139/203 221/128/199
f 216/183/194 181/75/166 217/184/195
f 219/185/197 217/184/195 181/75/166
f 216/183/194 184/78/169 181/75/166
f 219/185/197 181/75/166 179/73/164
f 253/186/220 252/187/221 251/188/222
f 254/189/223 253/186/220 251/188/222
f 254/189/223 251/188/222 255/190/224
f 251/188/222 256/191/225 255/190/224
f 257/192/226 253/186/220 254/189/223
f 255/190/224 257/192/226 254/189/223
f 258/193/227 257/192/226 255/190/224
f 259/194/228 258/193/227 255/190/224
f 259/194/228 255/190/224 256/191/225
f 260/195/229 259/194/228 256/191/225
f 257/192/226 258/193/227 261/196/230
f 262/197/231 257/192/226 261/196/230
f 253/198/220 257/192/226 262/197/231
f 263/199/232 253/198/220 262/197/231
f 252/200/221 253/198/220 263/199/232
f 264/201/233 252/200/221 263/199/232
f 262/197/231 261/196/230 265/202/234
f 266/203/235 262/197/231 265/202/234
f 266/203/235 264/201/233 263/199/232
f 262/197/231 266/203/235 263/199/232
f 260/195/229 256/191/225 267/204/236
f 267/204/236 256/191/225 268/205/237
f 256/191/225 251/188/222 268/205/237
f 268/205/237 251/188/222 269/206/238
f 251/188/222 252/187/221 269/206/238
f 270/207/239 260/195/229 267/204/236
f 252/200/221 264/201/233 269/208/238
f 264/201/233 271/209/240 269/208/238
f 272/210/241 270/207/239 267/204/236
f 267/204/236 268/205/237 272/210/241
f 268/205/237 269/206/238 273/211/242
f 274/212/243 268/205/237 273/211/242
f 268/205/237 274/212/243 272/210/241
f 273/213/242 269/208/238 271/209/240
f 275/214/244 270/207/239 272/210/241
f 260/195/229 270/207/239 275/214/244
f 276/215/245 260/195/229 275/214/244
f 259/194/228 260/195/229 276/215/245
f 277/216/246 259/194/228 276/215/245
f 276/215/245 278/217/247 277/216/246
f 278/217/247 279/218/248 277/216/246
f 280/219/249 279/218/248 278/217/247
f 281/220/250 280/219/249 278/217/247
f 282/221/251 277/216/246 279/218/248
f 280/219/249 282/221/251 279/218/248
f 258/193/227 259/194/228 277/216/246
f 282/221/251 258/193/227 277/216/246
f 258/193/227 282/221/251 261/196/230
f 282/221/251 283/222/252 261/196/230
f 282/221/251 280/223/249 283/222/252
f 280/223/249 284/224/253 283/222/252
f 280/223/249 281/225/250 284/224/253
f 281/225/250 285/226/254 284/224/253
f 261/196/230 283/222/252 286/227/255
f 286/227/255 283/222/252 284/224/253
f 285/226/254 286/227/255 284/224/253
f 265/202/234 261/196/230 286/227/255
f 281/220/250 278/217/247 287/228/256
f 278/217/247 288/229/257 287/228/256
f 278/217/247 276/215/245 288/229/257
f 276/215/245 275/214/244 288/229/257
f 285/226/254 281/225/250 287/230/256
f 289/231/258 285/226/254 287/230/256
f 287/228/256 288/229/257 290/232/259
f 288/229/257 291/233/260 290/232/259
f 291/233/260 288/229/257 275/214/244
f 287/230/256 290/234/259 289/231/258
f 272/210/241 291/233/260 275/214/244
f 285/226/254 289/231/258 292/235/261
f 286/227/255 285/226/254 292/235/261
f 286/227/255 292/235/261 293/236/262
f 265/202/234 286/227/255 293/236/262
f 265/202/234 293/236/262 266/203/235
f 293/236/262 294/237/263 266/203/235
f 266/203/235 294/237/263 264/201/233
f 294/237/263 271/209/240 264/201/233
f 297/238/264 296/239/265 295/240/266
f 298/241/267 297/238/264 295/240/266
f 297/238/264 299/242/268 296/239/265
f 299/242/268 300/243/269 296/239/265
f 298/241/267 295/240/266 301/244/270
f 302/245/271 298/241/267 301/244/270
f 302/245/271 301/244/270 303/246/272
f 304/247/273 302/245/271 303/246/272
f 299/242/268 305/248/274 300/243/269
f 305/248/274 306/249/275 300/243/269
f 305/248/274 307/250/276 306/249/275
f 307/250/276 308/251/277 306/249/275
f 307/250/276 309/252/278 308/251/277
f 309/252/278 310/253/279 308/251/277
f 309/252/278 311/254/280 310/253/279
f 311/254/280 312/255/281 310/253/279
f 303/246/272 301/244/270 313/256/282
f 301/244/270 314/257/283 313/256/282
f 301/244/270 295/240/266 314/257/283
f 295/240/266 315/258/284 314/257/283
f 295/240/266 296/239/265 315/258/284
f 296/239/265 316/259/285 315/258/284
f 296/239/265 300/243/269 316/259/285
f 300/243/269 317/260/286 316/259/285
f 300/243/269 306/249/275 317/260/286
f 308/251/277 310/253/279 318/261/287
f 310/253/279 319/262/288 318/261/287
f 310/253/279 312/255/281 319/262/288
f 312/255/281 320/263/289 319/262/288
f 308/251/277 318/261/287 321/264/290
f 306/249/275 321/264/290 317/260/286
f 306/249/275 308/251/277 321/264/290
f 322/265/291 311/254/280 309/252/278
f 323/266/292 322/265/291 309/252/278
f 323/266/292 324/267/293 322/265/291
f 324/267/293 325/268/294 322/265/291
f 325/268/294 324/267/293 326/269/295
f 327/270/296 325/268/294 326/269/295
f 328/271/297 327/270/296 326/269/295
f 329/272/298 328/271/297 326/269/295
f 330/273/299 329/272/298 326/269/295
f 331/274/300 330/273/299 326/269/295
f 326/269/295 324/267/293 331/274/300
f 324/267/293 332/275/301 331/274/300
f 332/275/301 324/267/293 323/266/292
f 331/274/300 332/275/301 333/276/302
f 330/273/299 331/274/300 333/276/302
f 332/275/301 334/277/303 333/276/302
f 335/278/304 330/273/299 333/276/302
f 336/279/305 335/278/304 333/276/302
f 333/276/302 334/277/303 336/279/305
f 335/278/304 336/279/305 337/280/306
f 337/280/306 336/279/305 338/281/307
f 336/279/305 339/282/308 338/281/307
f 334/277/303 339/282/308 336/279/305
f 340/283/309 335/278/304 337/280/306
f 341/284/310 340/283/309 337/280/306
f 342/285/311 341/284/310 337/280/306
f 338/281/307 342/285/311 337/280/306
f 341/284/310 342/285/311 343/286/312
f 344/287/313 341/284/310 343/286/312
f 340/283/309 341/284/310 344/287/313
f 345/288/314 340/283/309 344/287/313
f 346/289/315 345/288/314 344/287/313
f 347/290/316 346/289/315 344/287/313
f 348/291/317 347/290/316 344/287/313
f 343/286/312 348/291/317 344/287/313
f 346/289/315 349/292/318 345/288/314
f 349/292/318 350/293/319 345/288/314
f 350/293/319 335/278/304 340/283/309
f 345/288/314 350/293/319 340/283/309
f 350/293/319 349/292/318 329/272/298
f 349/292/318 328/271/297 329/272/298
f 329/272/298 330/273/299 350/293/319
f 330/273/299 335/278/304 350/293/319
f 343/286/312 342/285/311 351/294/320
f 342/285/311 352/295/321 351/294/320
f 352/295/321 342/285/311 338/281/307
f 353/296/322 352/295/321 338/281/307
f 338/281/307 339/282/308 353/296/322
f 339/282/308 354/297/323 353/296/322
f 298/241/267 352/295/321 353/296/322
f 297/238/264 298/241/267 353/296/322
f 353/296/322 354/297/323 297/238/264
f 354/297/323 299/242/268 297/238/264
f 352/295/321 298/241/267 302/245/271
f 351/294/320 352/295/321 302/245/271
f 302/245/271 304/247/273 351/294/320
f 304/247/273 355/298/324 351/294/320
f 351/294/320 355/298/324 343/286/312
f 355/298/324 348/291/317 343/286/312
f 354/297/323 339/282/308 356/299/325
f 339/282/308 334/277/303 356/299/325
f 356/299/325 334/277/303 357/300/326
f 334/277/303 332/275/301 357/300/326
f 357/300/326 332/275/301 323/266/292
f 323/266/292 309/252/278 357/300/326
f 309/252/278 307/250/276 357/300/326
f 357/300/326 307/250/276 356/299/325
f 305/248/274 299/242/268 354/297/323
f 307/250/276 305/248/274 356/299/325
f 356/299/325 305/248/274 354/297/323
f 360/301/327 359/302/328 358/303/329
f 361/304/330 360/301/327 358/303/329
f 358/303/329 359/302/328 303/305/272
f 359/302/328 304/306/273 303/305/272
f 362/307/331 360/301/327 361/304/330
f 363/308/332 362/307/331 361/304/330
f 364/309/333 362/307/331 363/308/332
f 365/310/334 364/309/333 363/308/332
f 366/311/335 364/309/333 365/310/334
f 367/312/336 366/311/335 365/310/334
f 368/313/337 366/311/335 367/312/336
f 369/314/338 368/313/337 367/312/336
f 370/315/339 368/313/337 369/314/338
f 371/316/340 370/315/339 369/314/338
f 311/317/280 370/315/339 371/316/340
f 312/318/281 311/317/280 371/316/340
f 365/310/334 363/308/332 372/319/341
f 373/320/342 365/310/334 372/319/341
f 367/312/336 365/310/334 373/320/342
f 372/319/341 363/308/332 374/321/343
f 363/308/332 361/304/330 374/321/343
f 374/321/343 361/304/330 375/322/344
f 361/304/330 358/303/329 375/322/344
f 375/322/344 358/303/329 313/323/282
f 358/303/329 303/305/272 313/323/282
f 369/314/338 367/312/336 376/324/345
f 376/324/345 367/312/336 373/320/342
f 377/325/346 369/314/338 376/324/345
f 371/316/340 369/314/338 377/325/346
f 312/318/281 371/316/340 378/326/347
f 378/326/347 371/316/340 377/325/346
f 320/327/289 312/318/281 378/326/347
f 370/315/339 311/317/280 379/328/348
f 311/317/280 322/329/291 379/328/348
f 379/328/348 322/329/291 380/330/349
f 380/330/349 381/331/350 379/328/348
f 382/332/351 381/331/350 380/330/349
f 381/331/350 382/332/351 383/333/352
f 382/332/351 384/334/353 383/333/352
f 384/334/353 385/335/354 383/333/352
f 385/335/354 386/336/355 383/333/352
f 386/336/355 385/335/354 387/337/356
f 385/335/354 388/338/357 387/337/356
f 388/338/357 389/339/358 387/337/356
f 389/339/358 388/338/357 390/340/359
f 388/338/357 391/341/360 390/340/359
f 391/341/360 346/342/315 390/340/359
f 346/342/315 347/343/316 390/340/359
f 347/343/316 348/344/317 390/340/359
f 348/344/317 392/345/361 390/340/359
f 390/340/359 392/345/361 389/339/358
f 392/345/361 393/346/362 389/339/358
f 389/339/358 393/346/362 387/337/356
f 393/346/362 394/347/363 387/337/356
f 387/337/356 394/347/363 386/336/355
f 394/347/363 395/348/364 386/336/355
f 386/336/355 395/348/364 396/349/365
f 383/333/352 386/336/355 396/349/365
f 396/349/365 381/331/350 383/333/352
f 349/350/318 346/342/315 391/341/360
f 397/351/366 349/350/318 391/341/360
f 391/341/360 388/338/357 397/351/366
f 388/338/357 385/335/354 397/351/366
f 349/350/318 397/351/366 398/352/367
f 328/353/297 349/350/318 398/352/367
f 328/353/297 398/352/367 399/354/368
f 398/352/367 384/334/353 399/354/368
f 397/351/366 385/335/354 384/334/353
f 398/352/367 397/351/366 384/334/353
f 384/334/353 382/332/351 399/354/368
f 399/354/368 382/332/351 380/330/349
f 327/355/296 328/353/297 399/354/368
f 325/356/294 327/355/296 399/354/368
f 380/330/349 325/356/294 399/354/368
f 396/349/365 395/348/364 400/357/369
f 395/348/364 401/358/370 400/357/369
f 401/358/370 395/348/364 402/359/371
f 395/348/364 394/347/363 402/359/371
f 402/359/371 394/347/363 403/360/372
f 394/347/363 393/346/362 403/360/372
f 403/360/372 393/346/362 404/361/373
f 393/346/362 392/345/361 404/361/373
f 404/361/373 392/345/361 355/362/324
f 392/345/361 348/344/317 355/362/324
f 404/361/373 359/302/328 403/360/372
f 359/302/328 360/301/327 403/360/372
f 403/360/372 360/301/327 402/359/371
f 304/306/273 359/302/328 404/361/373
f 355/362/324 304/306/273 404/361/373
f 402/359/371 362/307/331 401/358/370
f 360/301/327 362/307/331 402/359/371
f 362/307/331 364/309/333 401/358/370
f 401/358/370 364/309/333 366/311/335
f 400/357/369 401/358/370 366/311/335
f 366/311/335 368/313/337 400/357/369
f 368/313/337 405/363/374 400/357/369
f 400/357/369 405/363/374 396/349/365
f 405/363/374 381/331/350 396/349/365
f 381/331/350 405/363/374 379/328/348
f 405/363/374 368/313/337 370/315/339
f 379/328/348 405/363/374 370/315/339
f 406/364/375 315/365/284 316/366/285
f 407/367/376 406/364/375 316/366/285
f 407/367/376 316/366/285 317/368/286
f 408/369/377 407/367/376 317/368/286
f 406/364/375 409/370/378 315/365/284
f 409/370/378 314/371/283 315/365/284
f 409/370/378 410/372/379 314/371/283
f 410/372/379 313/373/282 314/371/283
f 408/369/377 317/368/286 321/374/290
f 411/375/380 408/369/377 321/374/290
f 411/375/380 321/374/290 318/376/287
f 412/377/381 411/375/380 318/376/287
f 412/377/381 318/376/287 319/378/288
f 413/379/382 412/377/381 319/378/288
f 413/379/382 319/378/288 320/380/289
f 414/381/383 413/379/382 320/380/289
f 414/381/383 320/380/289 415/382/384
f 320/380/289 378/383/347 415/382/384
f 415/382/384 378/383/347 416/384/385
f 378/383/347 377/385/346 416/384/385
f 416/384/385 377/385/346 417/386/386
f 377/385/346 376/387/345 417/386/386
f 417/386/386 376/387/345 418/388/387
f 376/387/345 373/389/342 418/388/387
f 418/388/387 373/389/342 419/390/388
f 373/389/342 372/391/341 419/390/388
f 419/390/388 372/391/341 420/392/389
f 372/391/341 374/393/343 420/392/389
f 420/392/389 374/393/343 421/394/390
f 374/393/343 375/395/344 421/394/390
f 421/394/390 375/395/344 410/396/379
f 375/395/344 313/397/282 410/396/379
f 418/388/387 419/390/388 422/398/391
f 419/390/388 420/392/389 422/398/391
f 423/399/392 418/388/387 422/398/391
f 417/386/386 418/388/387 423/399/392
f 420/392/389 424/400/393 422/398/391
f 425/401/394 417/386/386 423/399/392
f 416/384/385 417/386/386 425/401/394
f 426/402/395 416/384/385 425/401/394
f 415/382/384 416/384/385 426/402/395
f 427/403/396 415/382/384 426/402/395
f 414/381/383 415/382/384 427/403/396
f 428/404/397 414/381/383 427/403/396
f 413/379/382 414/381/383 428/404/397
f 429/405/398 413/379/382 428/404/397
f 412/377/381 413/379/382 429/405/398
f 430/406/399 412/377/381 429/405/398
f 411/375/380 412/377/381 430/406/399
f 431/407/400 411/375/380 430/406/399
f 408/369/377 411/375/380 431/407/400
f 432/408/401 408/369/377 431/407/400
f 407/367/376 408/369/377 432/408/401
f 433/409/402 407/367/376 432/408/401
f 406/364/375 407/367/376 433/409/402
f 434/410/403 406/364/375 433/409/402
f 409/370/378 406/364/375 434/410/403
f 435/411/404 409/370/378 434/410/403
f 410/372/379 409/370/378 435/411/404
f 436/412/405 410/372/379 435/411/404
f 430/406/399 429/405/398 437/413/406
f 438/414/407 430/406/399 437/413/406
f 431/407/400 430/406/399 438/414/407
f 432/408/401 431/407/400 439/415/408
f 439/415/408 431/407/400 438/414/407
f 440/416/409 432/408/401 439/415/408
f 432/408/401 440/416/409 433/409/402
f 436/412/405 435/411/404 441/417/410
f 442/418/411 436/412/405 441/417/410
f 435/411/404 434/410/403 443/419/412
f 441/417/410 435/411/404 443/419/412
f 434/410/403 433/409/402 444/420/413
f 443/419/412 434/410/403 444/420/413
f 444/420/413 433/409/402 445/421/414
f 440/416/409 445/421/414 433/409/402
f 446/422/415 444/420/413 445/421/414
f 440/416/409 447/423/416 445/421/414
f 447/423/416 448/424/417 445/421/414
f 446/422/415 445/421/414 448/424/417
f 448/424/417 447/423/416 449/425/418
f 450/426/419 448/424/417 449/425/418
f 449/425/418 451/427/420 450/426/419
f 451/427/420 452/428/421 450/426/419
f 450/426/419 452/428/421 453/429/422
f 452/428/421 454/430/423 453/429/422
f 455/431/424 451/427/420 449/425/418
f 456/432/425 455/431/424 449/425/418
f 449/425/418 447/423/416 456/432/425
f 457/433/426 455/431/424 456/432/425
f 458/434/427 457/433/426 456/432/425
f 459/435/428 457/433/426 458/434/427
f 460/436/429 459/435/428 458/434/427
f 461/437/430 459/435/428 460/436/429
f 462/438/431 461/437/430 460/436/429
f 463/439/432 461/437/430 462/438/431
f 464/440/433 463/439/432 462/438/431
f 465/441/434 463/439/432 464/440/433
f 466/442/435 465/441/434 464/440/433
f 467/443/436 465/441/434 466/442/435
f 468/444/437 467/443/436 466/442/435
f 469/445/438 467/443/436 468/444/437
f 470/446/439 469/445/438 468/444/437
f 471/447/440 469/445/438 470/446/439
f 472/448/441 471/447/440 470/446/439
f 473/449/442 471/447/440 472/448/441
f 474/450/443 473/449/442 472/448/441
f 473/449/442 474/450/443 475/451/444
f 476/452/445 473/449/442 475/451/444
f 476/452/445 475/451/444 477/453/446
f 478/454/447 476/452/445 477/453/446
f 470/446/439 479/455/448 472/448/441
f 479/455/448 480/456/449 472/448/441
f 472/448/441 480/456/449 474/450/443
f 480/456/449 481/457/450 474/450/443
f 466/442/435 482/458/451 468/444/437
f 482/458/451 483/459/452 468/444/437
f 483/459/452 479/455/448 470/446/439
f 468/444/437 483/459/452 470/446/439
f 484/460/453 482/458/451 466/442/435
f 464/440/433 484/460/453 466/442/435
f 485/461/454 484/460/453 464/440/433
f 462/438/431 485/461/454 464/440/433
f 486/462/455 485/461/454 462/438/431
f 460/436/429 486/462/455 462/438/431
f 487/463/456 486/462/455 460/436/429
f 458/434/427 487/463/456 460/436/429
f 488/464/457 487/463/456 458/434/427
f 456/432/425 488/464/457 458/434/427
f 447/423/416 488/464/457 456/432/425
f 482/458/451 489/465/458 483/459/452
f 489/465/458 490/466/459 483/459/452
f 489/465/458 426/402/395 490/466/459
f 426/402/395 425/401/394 490/466/459
f 490/466/459 425/401/394 491/467/460
f 425/401/394 423/399/392 491/467/460
f 427/403/396 426/402/395 489/465/458
f 492/468/461 427/403/396 489/465/458
f 428/404/397 427/403/396 492/468/461
f 493/469/462 428/404/397 492/468/461
f 429/405/398 428/404/397 493/469/462
f 437/413/406 429/405/398 493/469/462
f 490/466/459 491/467/460 479/455/448
f 479/455/448 491/467/460 480/456/449
f 491/467/460 494/470/463 480/456/449
f 483/459/452 490/466/459 479/455/448
f 493/469/462 492/468/461 484/460/453
f 485/461/454 493/469/462 484/460/453
f 437/413/406 493/469/462 485/461/454
f 484/460/453 492/468/461 482/458/451
f 492/468/461 489/465/458 482/458/451
f 486/462/455 437/413/406 485/461/454
f 438/414/407 437/413/406 486/462/455
f 487/463/456 438/414/407 486/462/455
f 439/415/408 438/414/407 487/463/456
f 488/464/457 439/415/408 487/463/456
f 440/416/409 439/415/408 488/464/457
f 447/423/416 440/416/409 488/464/457
f 480/456/449 494/470/463 495/471/464
f 481/457/450 480/456/449 495/471/464
f 481/457/450 495/471/464 496/472/465
f 496/472/465 495/471/464 497/473/466
f 495/471/464 498/474/467 497/473/466
f 424/400/393 497/473/466 498/474/467
f 422/398/391 424/400/393 498/474/467
f 422/398/391 498/474/467 499/475/468
f 498/474/467 495/471/464 499/475/468
f 423/399/392 422/398/391 499/475/468
f 497/473/466 424/400/393 500/476/469
f 424/400/393 501/477/470 500/476/469
f 424/400/393 420/392/389 501/477/470
f 420/392/389 421/394/390 501/477/470
f 421/394/390 410/396/379 501/477/470
f 410/396/379 436/478/405 501/477/470
f 501/477/470 502/479/471 500/476/469
f 501/477/470 436/478/405 502/479/471
f 436/478/405 442/480/411 502/479/471
f 503/481/472 497/473/466 500/476/469
f 497/473/466 503/481/472 496/472/465
f 503/481/472 504/482/473 496/472/465
f 491/467/460 423/399/392 499/475/468
f 494/470/463 491/467/460 499/475/468
f 495/471/464 494/470/463 499/475/468
f 502/479/471 505/483/474 500/476/469
f 505/483/474 506/484/475 500/476/469
f 507/485/476 505/483/474 502/479/471
f 442/480/411 507/485/476 502/479/471
f 508/486/477 503/481/472 500/476/469
f 508/486/477 506/484/475 509/487/478
f 506/484/475 510/488/479 509/487/478
f 509/487/478 510/488/479 511/489/480
f 510/488/479 512/490/481 511/489/480
f 506/484/475 508/486/477 500/476/469
f 509/487/478 513/491/482 508/486/477
f 513/491/482 509/487/478 511/489/480
f 513/491/482 514/492/483 508/486/477
f 503/481/472 508/486/477 514/492/483
f 504/482/473 503/481/472 514/492/483
f 514/492/483 515/493/484 504/482/473
f 515/493/484 516/494/485 504/482/473
f 515/493/484 517/495/486 516/494/485
f 518/496/487 517/495/486 515/493/484
f 518/496/487 519/497/488 517/495/486
f 519/497/488 520/498/489 517/495/486
f 517/495/486 520/498/489 477/453/446
f 517/495/486 477/453/446 516/494/485
f 477/453/446 475/451/444 516/494/485
f 475/451/444 521/499/490 516/494/485
f 475/451/444 474/450/443 521/499/490
f 474/450/443 481/457/450 521/499/490
f 516/494/485 521/499/490 504/482/473
f 521/499/490 496/472/465 504/482/473
f 521/499/490 481/457/450 496/472/465
f 520/498/489 478/454/447 477/453/446
f 519/497/488 518/496/487 522/500/491
f 523/501/492 519/497/488 522/500/491
f 523/501/492 522/500/491 524/502/493
f 525/503/494 523/501/492 524/502/493
f 525/503/494 524/502/493 526/504/495
f 527/505/496 525/503/494 526/504/495
f 527/505/496 526/504/495 528/506/497
f 529/507/498 527/505/496 528/506/497
f 529/507/498 528/506/497 530/508/499
f 531/509/500 529/507/498 530/508/499
f 531/509/500 530/508/499 532/510/501
f 533/511/502 531/509/500 532/510/501
f 534/512/503 524/502/493 522/500/491
f 535/513/504 534/512/503 522/500/491
f 535/513/504 522/500/491 518/496/487
f 536/514/505 535/513/504 518/496/487
f 537/515/506 528/506/497 526/504/495
f 538/516/507 537/515/506 526/504/495
f 538/516/507 526/504/495 524/502/493
f 534/512/503 538/516/507 524/502/493
f 539/517/508 532/510/501 530/508/499
f 540/518/509 539/517/508 530/508/499
f 540/518/509 530/508/499 528/506/497
f 537/515/506 540/518/509 528/506/497
f 536/514/505 518/496/487 515/493/484
f 541/519/510 534/512/503 535/513/504
f 542/520/511 541/519/510 535/513/504
f 543/521/512 537/515/506 538/516/507
f 544/522/513 543/521/512 538/516/507
f 544/522/513 538/516/507 534/512/503
f 541/519/510 544/522/513 534/512/503
f 545/523/514 543/521/512 544/522/513
f 546/524/515 545/523/514 544/522/513
f 546/524/515 544/522/513 541/519/510
f 512/490/481 546/524/515 541/519/510
f 545/523/514 547/525/516 543/521/512
f 547/525/516 548/526/517 543/521/512
f 548/526/517 540/518/509 537/515/506
f 543/521/512 548/526/517 537/515/506
f 547/525/516 549/527/518 548/526/517
f 549/527/518 550/528/519 548/526/517
f 550/528/519 539/517/508 540/518/509
f 548/526/517 550/528/519 540/518/509
f 541/519/510 542/520/511 511/489/480
f 512/490/481 541/519/510 511/489/480
f 542/520/511 513/491/482 511/489/480
f 542/520/511 535/513/504 513/491/482
f 535/513/504 536/514/505 513/491/482
f 536/514/505 515/493/484 514/492/483
f 513/491/482 536/514/505 514/492/483
f 551/529/520 545/523/514 546/524/515
f 552/530/521 551/529/520 546/524/515
f 552/530/521 546/524/515 512/490/481
f 553/531/522 552/530/521 512/490/481
f 553/531/522 512/490/481 510/488/479
f 554/532/523 553/531/522 510/488/479
f 555/533/524 554/532/523 510/488/479
f 506/484/475 555/533/524 510/488/479
f 555/533/524 506/484/475 505/483/474
f 556/534/525 555/533/524 505/483/474
f 557/535/526 556/534/525 505/483/474
f 507/485/476 557/535/526 505/483/474
f 558/536/527 555/533/524 556/534/525
f 559/537/528 558/536/527 556/534/525
f 559/537/528 556/534/525 557/535/526
f 560/538/529 559/537/528 557/535/526
f 561/539/530 553/531/522 554/532/523
f 562/540/531 561/539/530 554/532/523
f 562/540/531 554/532/523 555/533/524
f 558/536/527 562/540/531 555/533/524
f 563/541/532 551/529/520 552/530/521
f 564/542/533 563/541/532 552/530/521
f 561/539/530 564/542/533 553/531/522
f 564/542/533 552/530/521 553/531/522
f 563/541/532 565/543/534 551/529/520
f 565/543/534 566/544/535 551/529/520
f 551/529/520 566/544/535 545/523/514
f 566/544/535 547/525/516 545/523/514
f 566/544/535 567/545/536 547/525/516
f 567/545/536 549/527/518 547/525/516
f 568/546/537 567/545/536 566/544/535
f 565/543/534 568/546/537 566/544/535
f 569/547/538 448/424/417 450/426/419
f 453/429/422 569/547/538 450/426/419
f 569/547/538 446/422/415 448/424/417
f 569/547/538 453/429/422 570/548/539
f 571/549/540 570/548/539 453/429/422
f 454/430/423 571/549/540 453/429/422
f 571/549/540 572/550/541 570/548/539
f 572/550/541 573/551/542 570/548/539
f 572/550/541 574/552/543 573/551/542
f 574/552/543 575/553/544 573/551/542
f 574/552/543 576/554/545 575/553/544
f 576/554/545 577/555/546 575/553/544
f 576/554/545 578/556/547 577/555/546
f 578/556/547 579/557/548 577/555/546
f 578/556/547 533/558/502 579/557/548
f 533/558/502 532/559/501 579/557/548
f 580/560/549 569/547/538 570/548/539
f 580/560/549 570/548/539 573/551/542
f 581/561/550 580/560/549 573/551/542
f 581/561/550 573/551/542 575/553/544
f 582/562/551 577/555/546 579/557/548
f 583/563/552 582/562/551 579/557/548
f 583/563/552 579/557/548 532/559/501
f 539/564/508 583/563/552 532/559/501
f 584/565/553 581/561/550 575/553/544
f 584/565/553 575/553/544 577/555/546
f 582/562/551 584/565/553 577/555/546
f 580/560/549 581/561/550 585/566/554
f 581/561/550 586/567/555 585/566/554
f 586/567/555 581/561/550 584/565/553
f 587/568/556 582/562/551 583/563/552
f 588/569/557 587/568/556 583/563/552
f 588/569/557 583/563/552 539/564/508
f 589/570/558 587/568/556 588/569/557
f 590/571/559 589/570/558 588/569/557
f 590/571/559 588/569/557 550/572/519
f 550/572/519 588/569/557 539/564/508
f 549/573/518 590/571/559 550/572/519
f 589/570/558 591/574/560 587/568/556
f 591/574/560 592/575/561 587/568/556
f 592/575/561 586/567/555 584/565/553
f 592/575/561 584/565/553 582/562/551
f 587/568/556 592/575/561 582/562/551
f 593/576/562 586/567/555 592/575/561
f 591/574/560 593/576/562 592/575/561
f 586/567/555 593/576/562 594/577/563
f 585/566/554 586/567/555 594/577/563
f 594/577/563 444/420/413 585/566/554
f 594/577/563 595/578/564 444/420/413
f 595/578/564 443/419/412 444/420/413
f 595/578/564 596/579/565 443/419/412
f 596/579/565 441/417/410 443/419/412
f 596/579/565 507/580/476 441/417/410
f 507/580/476 442/418/411 441/417/410
f 597/581/566 595/578/564 594/577/563
f 598/582/567 597/581/566 594/577/563
f 598/582/567 594/577/563 593/576/562
f 599/583/568 598/582/567 593/576/562
f 599/583/568 593/576/562 591/574/560
f 600/584/569 599/583/568 591/574/560
f 600/584/569 591/574/560 589/570/558
f 601/585/570 600/584/569 589/570/558
f 601/585/570 589/570/558 590/571/559
f 602/586/571 601/585/570 590/571/559
f 602/586/571 590/571/559 549/573/518
f 567/587/536 602/586/571 549/573/518
f 557/588/526 507/580/476 596/579/565
f 603/589/572 557/588/526 596/579/565
f 603/589/572 596/579/565 595/578/564
f 597/581/566 603/589/572 595/578/564
f 597/581/566 598/582/567 604/590/573
f 605/591/574 597/581/566 604/590/573
f 603/589/572 597/581/566 605/591/574
f 598/582/567 599/583/568 606/592/575
f 604/590/573 598/582/567 606/592/575
f 557/588/526 603/589/572 607/593/576
f 607/593/576 603/589/572 605/591/574
f 560/594/529 557/588/526 607/593/576
f 601/585/570 602/586/571 608/595/577
f 609/596/578 601/585/570 608/595/577
f 602/586/571 567/587/536 568/597/537
f 608/595/577 602/586/571 568/597/537
f 606/592/575 599/583/568 610/598/579
f 599/583/568 600/584/569 610/598/579
f 610/598/579 600/584/569 609/596/578
f 600/584/569 601/585/570 609/596/578
f 444/420/413 446/422/415 585/566/554
f 585/566/554 446/422/415 580/560/549
f 446/422/415 569/547/538 580/560/549
f 613/599/580 612/600/581 611/601/582
f 614/602/583 613/599/580 611/601/582
f 615/603/584 613/599/580 614/602/583
f 616/604/585 615/603/584 614/602/583
f 611/601/582 612/600/581 617/605/586
f 612/600/581 618/606/587 617/605/586
f 617/605/586 618/606/587 619/607/588
f 618/606/587 620/608/589 619/607/588
f 621/609/590 615/603/584 616/604/585
f 622/610/591 621/609/590 616/604/585
f 623/611/592 621/609/590 622/610/591
f 624/612/593 623/611/592 622/610/591
f 625/613/594 623/611/592 624/612/593
f 626/614/595 625/613/594 624/612/593
f 627/615/596 625/613/594 626/614/595
f 628/616/597 627/615/596 626/614/595
f 616/604/585 614/602/583 604/617/573
f 604/617/573 614/602/583 605/618/574
f 614/602/583 611/601/582 605/618/574
f 617/605/586 619/607/588 560/619/529
f 607/620/576 617/605/586 560/619/529
f 611/601/582 617/605/586 607/620/576
f 605/618/574 611/601/582 607/620/576
f 626/614/595 624/612/593 609/621/578
f 608/622/577 626/614/595 609/621/578
f 628/616/597 626/614/595 608/622/577
f 568/623/537 628/616/597 608/622/577
f 609/621/578 624/612/593 610/624/579
f 624/612/593 622/610/591 610/624/579
f 610/624/579 622/610/591 606/625/575
f 606/625/575 616/604/585 604/617/573
f 622/610/591 616/604/585 606/625/575
f 631/626/598 630/627/599 629/628/600
f 632/629/601 631/626/598 629/628/600
f 632/629/601 629/628/600 619/630/588
f 620/631/589 632/629/601 619/630/588
f 631/626/598 633/632/602 630/627/599
f 633/632/602 634/633/603 630/627/599
f 633/632/602 635/634/604 634/633/603
f 635/634/604 636/635/605 634/633/603
f 635/634/604 637/636/606 636/635/605
f 637/636/606 638/637/607 636/635/605
f 637/636/606 639/638/608 638/637/607
f 639/638/608 640/639/609 638/637/607
f 639/638/608 641/640/610 640/639/609
f 641/640/610 642/641/611 640/639/609
f 641/640/610 627/642/596 642/641/611
f 627/642/596 628/643/597 642/641/611
f 634/633/603 636/635/605 562/644/531
f 636/635/605 561/645/530 562/644/531
f 636/635/605 638/637/607 561/645/530
f 634/633/603 562/644/531 558/646/527
f 630/627/599 634/633/603 558/646/527
f 630/627/599 558/646/527 559/647/528
f 629/628/600 630/627/599 559/647/528
f 629/628/600 559/647/528 560/648/529
f 619/630/588 629/628/600 560/648/529
f 638/637/607 640/639/609 564/649/533
f 638/637/607 564/649/533 561/645/530
f 640/639/609 563/650/532 564/649/533
f 640/639/609 642/641/611 563/650/532
f 642/641/611 628/643/597 565/651/534
f 642/641/611 565/651/534 563/650/532
f 628/643/597 568/652/537 565/651/534
f 627/642/596 641/640/610 643/653/612
f 644/654/613 627/642/596 643/653/612
f 644/654/613 643/653/612 645/655/614
f 646/656/615 645/655/614 643/653/612
f 646/656/615 647/657/616 645/655/614
f 647/657/616 646/656/615 648/658/617
f 649/659/618 647/657/616 648/658/617
f 650/660/619 649/659/618 648/658/617
f 651/661/620 650/660/619 648/658/617
f 650/660/619 651/661/620 652/662/621
f 653/663/622 650/660/619 652/662/621
f 654/664/623 653/663/622 652/662/621
f 653/663/622 654/664/623 655/665/624
f 656/666/625 653/663/622 655/665/624
f 657/667/626 656/666/625 655/665/624
f 658/668/627 657/667/626 655/665/624
f 659/669/628 658/668/627 655/665/624
f 660/670/629 659/669/628 655/665/624
f 660/670/629 655/665/624 654/664/623
f 661/671/630 660/670/629 654/664/623
f 661/671/630 654/664/623 652/662/621
f 662/672/631 661/671/630 652/662/621
f 662/672/631 652/662/621 651/661/620
f 663/673/632 662/672/631 651/661/620
f 651/661/620 648/658/617 664/674/633
f 663/673/632 651/661/620 664/674/633
f 646/656/615 664/674/633 648/658/617
f 657/667/626 665/675/634 656/666/625
f 665/675/634 666/676/635 656/666/625
f 653/663/622 656/666/625 666/676/635
f 650/660/619 653/663/622 666/676/635
f 666/676/635 665/675/634 667/677/636
f 665/675/634 668/678/637 667/677/636
f 667/677/636 668/678/637 669/679/638
f 649/659/618 667/677/636 669/679/638
f 666/676/635 667/677/636 649/659/618
f 650/660/619 666/676/635 649/659/618
f 647/657/616 649/659/618 669/679/638
f 647/657/616 669/679/638 645/655/614
f 668/678/637 670/680/639 669/679/638
f 671/681/640 645/655/614 669/679/638
f 670/680/639 671/681/640 669/679/638
f 662/672/631 663/673/632 672/682/641
f 662/672/631 672/682/641 673/683/642
f 661/671/630 662/672/631 673/683/642
f 661/671/630 673/683/642 674/684/643
f 660/670/629 661/671/630 674/684/643
f 660/670/629 674/684/643 675/685/644
f 659/669/628 660/670/629 675/685/644
f 632/629/601 674/684/643 673/683/642
f 631/626/598 632/629/601 673/683/642
f 631/626/598 673/683/642 672/682/641
f 620/631/589 675/685/644 674/684/643
f 632/629/601 620/631/589 674/684/643
f 633/632/602 631/626/598 672/682/641
f 633/632/602 672/682/641 676/686/645
f 663/673/632 676/686/645 672/682/641
f 635/634/604 633/632/602 676/686/645
f 676/686/645 663/673/632 677/687/646
f 663/673/632 664/674/633 677/687/646
f 678/688/647 677/687/646 664/674/633
f 646/656/615 678/688/647 664/674/633
f 678/688/647 639/638/608 677/687/646
f 639/638/608 637/636/606 677/687/646
f 676/686/645 677/687/646 637/636/606
f 635/634/604 676/686/645 637/636/606
f 678/688/647 646/656/615 643/653/612
f 678/688/647 643/653/612 641/640/610
f 639/638/608 678/688/647 641/640/610
f 473/449/442 476/452/445 679/689/648
f 680/690/649 473/449/442 679/689/648
f 679/689/648 476/452/445 681/691/650
f 476/452/445 478/454/447 681/691/650
f 680/690/649 682/692/651 473/449/442
f 682/692/651 471/447/440 473/449/442
f 469/445/438 471/447/440 682/692/651
f 683/693/652 469/445/438 682/692/651
f 467/443/436 469/445/438 683/693/652
f 684/694/653 467/443/436 683/693/652
f 465/441/434 467/443/436 684/694/653
f 685/695/654 465/441/434 684/694/653
f 463/439/432 465/441/434 685/695/654
f 686/696/655 463/439/432 685/695/654
f 461/437/430 463/439/432 686/696/655
f 687/697/656 461/437/430 686/696/655
f 459/435/428 461/437/430 687/697/656
f 688/698/657 459/435/428 687/697/656
f 457/433/426 459/435/428 688/698/657
f 689/699/658 457/433/426 688/698/657
f 455/431/424 457/433/426 689/699/658
f 690/700/659 455/431/424 689/699/658
f 451/427/420 455/431/424 690/700/659
f 691/701/660 451/427/420 690/700/659
f 452/428/421 451/427/420 691/701/660
f 692/702/661 452/428/421 691/701/660
f 454/430/423 452/428/421 692/702/661
f 693/703/662 454/430/423 692/702/661
f 571/549/540 454/430/423 693/703/662
f 694/704/663 571/549/540 693/703/662
f 572/550/541 571/549/540 694/704/663
f 695/705/664 572/550/541 694/704/663
f 574/552/543 572/550/541 695/705/664
f 696/706/665 574/552/543 695/705/664
f 576/554/545 574/552/543 696/706/665
f 697/707/666 576/554/545 696/706/665
f 578/556/547 576/554/545 697/707/666
f 698/708/667 578/556/547 697/707/666
f 533/558/502 578/556/547 698/708/667
f 699/709/668 533/558/502 698/708/667
f 700/710/669 693/703/662 692/702/661
f 693/703/662 700/710/669 694/704/663
f 701/711/670 700/710/669 692/702/661
f 700/710/669 701/711/670 702/712/671
f 701/711/670 703/713/672 702/712/671
f 704/714/673 702/712/671 703/713/672
f 705/715/674 704/714/673 703/713/672
f 703/713/672 706/716/675 705/715/674
f 706/716/675 707/717/676 705/715/674
f 707/717/676 706/716/675 708/718/677
f 708/718/677 706/716/675 709/719/678
f 706/716/675 710/720/679 709/719/678
f 710/720/679 706/716/675 703/713/672
f 701/711/670 710/720/679 703/713/672
f 709/719/678 710/720/679 690/700/659
f 709/719/678 690/700/659 689/699/658
f 711/721/680 709/719/678 689/699/658
f 709/719/678 711/721/680 708/718/677
f 710/720/679 691/701/660 690/700/659
f 710/720/679 701/711/670 691/701/660
f 701/711/670 692/702/661 691/701/660
f 689/699/658 688/698/657 711/721/680
f 688/698/657 712/722/681 711/721/680
f 713/723/682 712/722/681 688/698/657
f 687/697/656 713/723/682 688/698/657
f 714/724/683 713/723/682 687/697/656
f 686/696/655 714/724/683 687/697/656
f 715/725/684 714/724/683 686/696/655
f 685/695/654 715/725/684 686/696/655
f 716/726/685 715/725/684 685/695/654
f 684/694/653 716/726/685 685/695/654
f 715/725/684 716/726/685 717/727/686
f 717/727/686 716/726/685 718/728/687
f 717/727/686 718/728/687 719/729/688
f 720/730/689 717/727/686 719/729/688
f 721/731/690 717/727/686 720/730/689
f 721/731/690 715/725/684 717/727/686
f 714/724/683 715/725/684 721/731/690
f 722/732/691 721/731/690 720/730/689
f 723/733/692 721/731/690 722/732/691
f 723/733/692 714/724/683 721/731/690
f 713/723/682 714/724/683 723/733/692
f 724/734/693 723/733/692 722/732/691
f 719/729/688 718/728/687 725/735/694
f 718/728/687 726/736/695 725/735/694
f 727/737/696 725/735/694 726/736/695
f 728/738/697 727/737/696 726/736/695
f 729/739/698 727/737/696 728/738/697
f 730/740/699 729/739/698 728/738/697
f 730/740/699 731/741/700 729/739/698
f 731/741/700 732/742/701 729/739/698
f 718/728/687 733/743/702 726/736/695
f 716/726/685 733/743/702 718/728/687
f 733/743/702 734/744/703 726/736/695
f 728/738/697 726/736/695 734/744/703
f 733/743/702 716/726/685 684/694/653
f 683/693/652 733/743/702 684/694/653
f 682/692/651 734/744/703 733/743/702
f 683/693/652 682/692/651 733/743/702
f 682/692/651 680/690/649 734/744/703
f 680/690/649 735/745/704 734/744/703
f 735/745/704 728/738/697 734/744/703
f 680/690/649 679/689/648 735/745/704
f 679/689/648 736/746/705 735/745/704
f 728/738/697 735/745/704 736/746/705
f 730/740/699 728/738/697 736/746/705
f 736/746/705 679/689/648 681/691/650
f 737/747/706 736/746/705 681/691/650
f 737/747/706 731/741/700 730/740/699
f 736/746/705 737/747/706 730/740/699
f 732/742/701 731/741/700 738/748/707
f 731/741/700 739/749/708 738/748/707
f 740/750/709 738/748/707 739/749/708
f 741/751/710 740/750/709 739/749/708
f 740/750/709 741/751/710 742/752/711
f 743/753/712 740/750/709 742/752/711
f 742/752/711 744/754/713 743/753/712
f 744/754/713 745/755/714 743/753/712
f 744/754/713 746/756/715 745/755/714
f 746/756/715 747/757/716 745/755/714
f 746/756/715 748/758/717 747/757/716
f 748/758/717 749/759/718 747/757/716
f 748/758/717 750/760/719 749/759/718
f 750/760/719 751/761/720 749/759/718
f 752/762/721 746/756/715 744/754/713
f 753/763/722 752/762/721 744/754/713
f 753/763/722 744/754/713 742/752/711
f 754/764/723 748/758/717 746/756/715
f 752/762/721 754/764/723 746/756/715
f 754/764/723 752/762/721 755/765/724
f 752/762/721 756/766/725 755/765/724
f 752/762/721 753/763/722 756/766/725
f 756/766/725 527/505/496 755/765/724
f 527/505/496 529/507/498 755/765/724
f 755/765/724 529/507/498 757/767/726
f 754/764/723 755/765/724 757/767/726
f 529/507/498 531/509/500 757/767/726
f 757/767/726 531/509/500 699/768/668
f 531/509/500 533/511/502 699/768/668
f 525/503/494 527/505/496 756/766/725
f 758/769/727 525/503/494 756/766/725
f 753/763/722 758/769/727 756/766/725
f 523/501/492 525/503/494 758/769/727
f 759/770/728 523/501/492 758/769/727
f 759/770/728 758/769/727 753/763/722
f 519/497/488 523/501/492 759/770/728
f 760/771/729 519/497/488 759/770/728
f 520/498/489 519/497/488 760/771/729
f 761/772/730 520/498/489 760/771/729
f 478/454/447 520/498/489 761/772/730
f 681/691/650 478/454/447 761/772/730
f 762/773/731 757/767/726 699/768/668
f 762/773/731 754/764/723 757/767/726
f 763/774/732 762/773/731 699/768/668
f 754/764/723 762/773/731 748/758/717
f 762/773/731 750/760/719 748/758/717
f 762/773/731 763/774/732 750/760/719
f 763/774/732 764/775/733 750/760/719
f 761/772/730 760/771/729 765/776/734
f 766/777/735 761/772/730 765/776/734
f 681/691/650 761/772/730 766/777/735
f 760/771/729 759/770/728 767/778/736
f 765/776/734 760/771/729 767/778/736
f 767/778/736 759/770/728 753/763/722
f 767/778/736 753/763/722 742/752/711
f 750/760/719 764/775/733 751/761/720
f 764/775/733 768/779/737 751/761/720
f 739/749/708 766/777/735 765/776/734
f 741/751/710 739/749/708 765/776/734
f 741/751/710 765/776/734 767/778/736
f 742/752/711 741/751/710 767/778/736
f 739/749/708 731/741/700 766/777/735
f 731/741/700 737/747/706 766/777/735
f 737/747/706 681/691/650 766/777/735
f 768/779/737 769/780/738 751/761/720
f 769/780/738 770/781/739 751/761/720
f 751/761/720 770/781/739 771/782/740
f 772/783/741 771/782/740 770/781/739
f 772/783/741 773/784/742 771/782/740
f 774/785/743 773/784/742 772/783/741
f 775/786/744 774/785/743 772/783/741
f 774/785/743 776/787/745 773/784/742
f 776/787/745 777/788/746 773/784/742
f 774/785/743 775/786/744 778/789/747
f 776/787/745 774/785/743 778/789/747
f 775/786/744 779/790/748 778/789/747
f 780/791/749 776/787/745 778/789/747
f 779/790/748 775/786/744 781/792/750
f 782/793/751 779/790/748 781/792/750
f 781/792/750 783/794/752 782/793/751
f 783/794/752 784/795/753 782/793/751
f 783/794/752 785/796/754 784/795/753
f 785/796/754 786/797/755 784/795/753
f 787/798/756 784/795/753 786/797/755
f 788/799/757 787/798/756 786/797/755
f 789/800/758 788/799/757 786/797/755
f 787/798/756 788/799/757 790/801/759
f 791/802/760 787/798/756 790/801/759
f 792/803/761 789/800/758 786/797/755
f 785/796/754 792/803/761 786/797/755
f 778/789/747 793/804/762 780/791/749
f 793/804/762 794/805/763 780/791/749
f 795/806/764 794/805/763 793/804/762
f 796/807/765 794/805/763 795/806/764
f 797/808/766 796/807/765 795/806/764
f 797/808/766 798/809/767 796/807/765
f 798/809/767 799/810/768 796/807/765
f 800/811/769 799/810/768 798/809/767
f 801/812/770 800/811/769 798/809/767
f 802/813/771 800/811/769 801/812/770
f 803/814/772 802/813/771 801/812/770
f 804/815/773 795/806/764 793/804/762
f 804/815/773 793/804/762 805/816/774
f 793/804/762 806/817/775 805/816/774
f 805/816/774 806/817/775 807/818/776
f 808/819/777 805/816/774 807/818/776
f 809/820/778 808/819/777 807/818/776
f 810/821/779 809/820/778 807/818/776
f 809/820/778 810/821/779 811/822/780
f 812/823/781 809/820/778 811/822/780
f 812/823/781 811/822/780 813/824/782
f 811/822/780 814/825/783 813/824/782
f 803/814/772 815/826/784 802/813/771
f 815/826/784 816/827/785 802/813/771
f 815/826/784 817/828/786 816/827/785
f 817/828/786 818/829/787 816/827/785
f 817/828/786 819/830/788 818/829/787
f 819/830/788 820/831/789 818/829/787
f 821/832/790 820/831/789 819/830/788
f 822/833/791 821/832/790 819/830/788
f 822/833/791 823/834/792 821/832/790
f 823/834/792 824/835/793 821/832/790
f 825/836/794 824/835/793 823/834/792
f 826/837/795 825/836/794 823/834/792
f 827/838/796 825/836/794 826/837/795
f 828/839/797 827/838/796 826/837/795
f 827/838/796 828/839/797 829/840/798
f 828/839/797 830/841/799 829/840/798
f 830/841/799 831/842/800 829/840/798
f 831/842/800 832/843/801 829/840/798
f 833/844/802 832/843/801 831/842/800
f 834/845/803 833/844/802 831/842/800
f 822/833/791 819/830/788 835/846/804
f 819/830/788 836/847/805 835/846/804
f 819/830/788 817/828/786 836/847/805
f 817/828/786 837/848/806 836/847/805
f 817/828/786 815/826/784 837/848/806
f 815/826/784 838/849/807 837/848/806
f 815/826/784 803/814/772 838/849/807
f 803/814/772 839/850/808 838/849/807
f 839/850/808 803/814/772 840/851/809
f 803/814/772 801/812/770 840/851/809
f 840/851/809 801/812/770 841/852/810
f 801/812/770 798/809/767 841/852/810
f 841/852/810 798/809/767 842/853/811
f 798/809/767 797/808/766 842/853/811
f 842/853/811 797/808/766 843/854/812
f 797/808/766 795/806/764 843/854/812
f 843/854/812 795/806/764 844/855/813
f 795/806/764 804/815/773 844/855/813
f 844/855/813 804/815/773 845/856/814
f 804/815/773 805/816/774 845/856/814
f 805/816/774 808/819/777 845/856/814
f 808/819/777 846/857/815 845/856/814
f 845/856/814 846/857/815 847/858/816
f 847/858/816 846/857/815 848/859/817
f 848/859/817 846/857/815 808/819/777
f 849/860/818 847/858/816 848/859/817
f 847/858/816 849/860/818 850/861/819
f 849/860/818 851/862/820 850/861/819
f 850/861/819 851/862/820 852/863/821
f 853/864/822 850/861/819 852/863/821
f 853/864/822 852/863/821 854/865/823
f 855/866/824 853/864/822 854/865/823
f 854/865/823 852/863/821 856/867/825
f 856/867/825 852/863/821 851/862/820
f 857/868/826 854/865/823 856/867/825
f 856/867/825 851/862/820 858/869/827
f 849/860/818 858/869/827 851/862/820
f 849/860/818 859/870/828 858/869/827
f 859/870/828 849/860/818 848/859/817
f 857/868/826 856/867/825 860/871/829
f 861/872/830 853/864/822 855/866/824
f 862/873/831 861/872/830 855/866/824
f 863/874/832 861/872/830 862/873/831
f 864/875/833 863/874/832 862/873/831
f 863/874/832 865/876/834 861/872/830
f 865/876/834 866/877/835 861/872/830
f 861/872/830 866/877/835 853/864/822
f 865/876/834 867/878/836 866/877/835
f 867/878/836 868/879/837 866/877/835
f 869/880/838 863/874/832 864/875/833
f 870/881/839 869/880/838 864/875/833
f 871/882/840 869/880/838 870/881/839
f 872/883/841 871/882/840 870/881/839
f 871/882/840 873/884/842 869/880/838
f 873/884/842 874/885/843 869/880/838
f 874/885/843 865/876/834 863/874/832
f 869/880/838 874/885/843 863/874/832
f 873/884/842 875/886/844 874/885/843
f 875/886/844 876/887/845 874/885/843
f 876/887/845 867/878/836 865/876/834
f 874/885/843 876/887/845 865/876/834
f 877/888/846 871/882/840 872/883/841
f 878/889/847 877/888/846 872/883/841
f 879/890/848 877/888/846 878/889/847
f 880/891/849 879/890/848 878/889/847
f 881/892/850 879/890/848 880/891/849
f 882/893/851 881/892/850 880/891/849
f 881/892/850 883/894/852 879/890/848
f 883/894/852 884/895/853 879/890/848
f 879/890/848 884/895/853 877/888/846
f 883/894/852 885/896/854 884/895/853
f 885/896/854 886/897/855 884/895/853
f 884/895/853 887/898/856 877/888/846
f 884/895/853 886/897/855 887/898/856
f 886/897/855 888/899/857 887/898/856
f 888/899/857 875/886/844 873/884/842
f 887/898/856 888/899/857 873/884/842
f 887/898/856 873/884/842 871/882/840
f 877/888/846 887/898/856 871/882/840
f 881/892/850 882/893/851 889/900/858
f 890/901/859 881/892/850 889/900/858
f 883/894/852 881/892/850 890/901/859
f 890/901/859 889/900/858 891/902/860
f 892/903/861 890/901/859 891/902/860
f 893/904/862 883/894/852 890/901/859
f 885/896/854 883/894/852 893/904/862
f 893/904/862 890/901/859 892/903/861
f 894/905/863 885/896/854 893/904/862
f 895/906/864 893/904/862 892/903/861
f 894/905/863 893/904/862 895/906/864
f 896/907/865 894/905/863 895/906/864
f 892/903/861 891/902/860 897/908/866
f 898/909/867 892/903/861 897/908/866
f 895/906/864 892/903/861 898/909/867
f 898/909/867 897/908/866 899/910/868
f 900/911/869 898/909/867 899/910/868
f 901/912/870 898/909/867 900/911/869
f 901/912/870 895/906/864 898/909/867
f 896/907/865 895/906/864 901/912/870
f 902/913/871 901/912/870 900/911/869
f 903/914/872 901/912/870 902/913/871
f 903/914/872 896/907/865 901/912/870
f 904/915/873 903/914/872 902/913/871
f 900/911/869 899/910/868 905/916/874
f 906/917/875 900/911/869 905/916/874
f 902/913/871 900/911/869 906/917/875
f 906/917/875 905/916/874 907/918/876
f 908/919/877 906/917/875 907/918/876
f 909/920/878 906/917/875 908/919/877
f 909/920/878 902/913/871 906/917/875
f 904/915/873 902/913/871 909/920/878
f 910/921/879 909/920/878 908/919/877
f 911/922/880 909/920/878 910/921/879
f 911/922/880 904/915/873 909/920/878
f 912/923/881 911/922/880 910/921/879
f 908/919/877 907/918/876 913/924/882
f 914/925/883 908/919/877 913/924/882
f 910/921/879 908/919/877 914/925/883
f 914/925/883 913/924/882 915/926/884
f 916/927/885 914/925/883 915/926/884
f 915/926/884 917/928/886 916/927/885
f 916/927/885 917/928/886 918/929/887
f 919/930/888 916/927/885 918/929/887
f 920/931/889 914/925/883 916/927/885
f 919/930/888 920/931/889 916/927/885
f 920/931/889 910/921/879 914/925/883
f 920/931/889 919/930/888 921/932/890
f 910/921/879 920/931/889 921/932/890
f 912/923/881 910/921/879 921/932/890
f 919/930/888 922/933/891 921/932/890
f 918/929/887 922/933/891 919/930/888
f 918/929/887 917/928/886 923/934/892
f 917/928/886 924/935/893 923/934/892
f 917/928/886 925/936/894 924/935/893
f 918/929/887 923/934/892 926/937/895
f 927/938/896 918/929/887 926/937/895
f 918/929/887 927/938/896 922/933/891
f 927/938/896 926/937/895 928/939/897
f 926/937/895 929/940/898 928/939/897
f 921/932/890 922/933/891 930/941/899
f 922/933/891 931/942/900 930/941/899
f 931/942/900 922/933/891 927/938/896
f 928/939/897 931/942/900 927/938/896
f 930/941/899 931/942/900 830/841/799
f 828/839/797 930/941/899 830/841/799
f 930/941/899 828/839/797 932/943/901
f 828/839/797 826/837/795 932/943/901
f 826/837/795 823/834/792 932/943/901
f 823/834/792 933/944/902 932/943/901
f 823/834/792 822/833/791 933/944/902
f 822/833/791 835/846/804 933/944/902
f 931/942/900 928/939/897 831/842/800
f 830/841/799 931/942/900 831/842/800
f 831/842/800 928/939/897 929/940/898
f 834/845/803 831/842/800 929/940/898
f 932/943/901 933/944/902 911/922/880
f 912/923/881 932/943/901 911/922/880
f 930/941/899 932/943/901 912/923/881
f 933/944/902 835/846/804 904/915/873
f 911/922/880 933/944/902 904/915/873
f 904/915/873 835/846/804 903/914/872
f 835/846/804 836/847/805 903/914/872
f 903/914/872 836/847/805 896/907/865
f 836/847/805 837/848/806 896/907/865
f 896/907/865 837/848/806 894/905/863
f 837/848/806 838/849/807 894/905/863
f 894/905/863 838/849/807 885/896/854
f 838/849/807 839/850/808 885/896/854
f 885/896/854 839/850/808 886/897/855
f 839/850/808 840/851/809 886/897/855
f 886/897/855 840/851/809 888/899/857
f 840/851/809 841/852/810 888/899/857
f 888/899/857 841/852/810 875/886/844
f 841/852/810 842/853/811 875/886/844
f 875/886/844 842/853/811 876/887/845
f 842/853/811 843/854/812 876/887/845
f 876/887/845 843/854/812 867/878/836
f 843/854/812 844/855/813 867/878/836
f 867/878/836 844/855/813 868/879/837
f 844/855/813 845/856/814 868/879/837
f 868/879/837 845/856/814 847/858/816
f 866/877/835 868/879/837 847/858/816
f 850/861/819 866/877/835 847/858/816
f 866/877/835 850/861/819 853/864/822
f 936/945/903 935/946/904 934/947/905
f 937/948/906 936/945/903 934/947/905
f 938/949/907 937/948/906 934/947/905
f 938/949/907 934/947/905 939/950/908
f 940/951/909 938/949/907 939/950/908
f 935/946/904 941/952/910 934/947/905
f 941/952/910 942/953/911 934/947/905
f 934/947/905 942/953/911 939/950/908
f 935/946/904 943/954/912 941/952/910
f 944/955/913 943/954/912 935/946/904
f 945/956/914 944/955/913 935/946/904
f 935/946/904 936/945/903 945/956/914
f 944/955/913 946/957/915 943/954/912
f 946/957/915 947/958/916 943/954/912
f 946/957/915 948/959/917 947/958/916
f 948/959/917 949/960/918 947/958/916
f 943/954/912 950/961/919 941/952/910
f 943/954/912 947/958/916 950/961/919
f 947/958/916 951/962/920 950/961/919
f 947/958/916 949/960/918 951/962/920
f 942/953/911 952/963/921 939/950/908
f 949/960/918 953/964/922 951/962/920
f 942/953/911 941/952/910 954/965/923
f 942/953/911 954/965/923 952/963/921
f 941/952/910 955/966/924 954/965/923
f 941/952/910 950/961/919 955/966/924
f 950/961/919 956/967/925 955/966/924
f 950/961/919 951/962/920 956/967/925
f 951/962/920 957/968/926 956/967/925
f 951/962/920 953/964/922 957/968/926
f 954/965/923 958/969/927 952/963/921
f 953/964/922 959/970/928 957/968/926
f 954/965/923 955/966/924 960/971/929
f 271/972/240 954/965/923 960/971/929
f 958/969/927 954/965/923 271/972/240
f 955/966/924 956/967/925 961/973/930
f 960/971/929 955/966/924 961/973/930
f 960/971/929 961/973/930 271/972/240
f 956/967/925 957/968/926 962/974/931
f 961/973/930 956/967/925 962/974/931
f 957/968/926 959/970/928 962/974/931
f 959/970/928 963/975/932 962/974/931
f 952/963/921 958/969/927 964/976/933
f 952/963/921 964/976/933 965/977/934
f 939/950/908 952/963/921 965/977/934
f 966/978/935 939/950/908 965/977/934
f 967/979/936 966/978/935 965/977/934
f 958/969/927 968/980/937 964/976/933
f 958/969/927 294/981/263 968/980/937
f 294/981/263 958/969/927 271/972/240
f 294/981/263 293/982/262 968/980/937
f 966/978/935 940/951/909 939/950/908
f 962/974/931 963/975/932 969/983/938
f 970/984/939 962/974/931 969/983/938
f 961/973/930 962/974/931 970/984/939
f 970/984/939 969/983/938 971/985/940
f 969/983/938 972/986/941 971/985/940
f 971/985/940 972/986/941 973/987/942
f 974/988/943 971/985/940 973/987/942
f 971/985/940 974/988/943 975/989/944
f 274/990/243 971/985/940 975/989/944
f 273/991/242 970/984/939 971/985/940
f 274/990/243 273/991/242 971/985/940
f 274/990/243 975/989/944 976/992/945
f 272/993/241 274/990/243 976/992/945
f 273/991/242 961/973/930 970/984/939
f 961/973/930 273/991/242 271/972/240
f 272/993/241 976/992/945 977/994/946
f 291/995/260 272/993/241 977/994/946
f 978/996/947 291/995/260 977/994/946
f 979/997/948 978/996/947 977/994/946
f 978/996/947 979/997/948 980/998/949
f 981/999/950 978/996/947 980/998/949
f 981/999/950 982/1000/951 978/996/947
f 982/1000/951 983/1001/952 978/996/947
f 290/1002/259 291/995/260 978/996/947
f 983/1001/952 290/1002/259 978/996/947
f 984/1003/953 983/1001/952 982/1000/951
f 985/1004/954 984/1003/953 982/1000/951
f 985/1004/954 986/1005/955 984/1003/953
f 986/1005/955 987/1006/956 984/1003/953
f 986/1005/955 988/1007/957 987/1006/956
f 988/1007/957 989/1008/958 987/1006/956
f 988/1007/957 990/1009/959 989/1008/958
f 990/1009/959 991/1010/960 989/1008/958
f 990/1009/959 992/1011/961 991/1010/960
f 992/1011/961 993/1012/962 991/1010/960
f 991/1010/960 993/1012/962 994/1013/963
f 993/1012/962 995/1014/964 994/1013/963
f 994/1013/963 995/1014/964 996/1015/965
f 995/1014/964 997/1016/966 996/1015/965
f 996/1015/965 997/1016/966 998/1017/967
f 997/1016/966 999/1018/968 998/1017/967
f 998/1017/967 999/1018/968 1000/1019/969
f 999/1018/968 1001/1020/970 1000/1019/969
f 1002/1021/971 996/1015/965 998/1017/967
f 994/1013/963 996/1015/965 1002/1021/971
f 1003/1022/972 1002/1021/971 998/1017/967
f 1003/1022/972 998/1017/967 1000/1019/969
f 1004/1023/973 994/1013/963 1002/1021/971
f 991/1010/960 994/1013/963 1004/1023/973
f 989/1008/958 991/1010/960 1004/1023/973
f 1005/1024/974 1003/1022/972 1000/1019/969
f 1002/1021/971 1003/1022/972 1006/1025/975
f 1006/1025/975 1003/1022/972 1005/1024/974
f 1007/1026/976 1002/1021/971 1006/1025/975
f 1004/1023/973 1002/1021/971 1007/1026/976
f 1008/1027/977 1004/1023/973 1007/1026/976
f 989/1008/958 1004/1023/973 1008/1027/977
f 987/1006/956 989/1008/958 1008/1027/977
f 1009/1028/978 1006/1025/975 1005/1024/974
f 1007/1026/976 1006/1025/975 1010/1029/979
f 1006/1025/975 289/1030/258 1010/1029/979
f 1006/1025/975 1009/1028/978 289/1030/258
f 1007/1026/976 1010/1029/979 1011/1031/980
f 1008/1027/977 1007/1026/976 1011/1031/980
f 1011/1031/980 1010/1029/979 289/1030/258
f 1008/1027/977 1011/1031/980 984/1003/953
f 987/1006/956 1008/1027/977 984/1003/953
f 1005/1024/974 1000/1019/969 965/977/934
f 1000/1019/969 1012/1032/981 965/977/934
f 1012/1032/981 967/979/936 965/977/934
f 964/976/933 1005/1024/974 965/977/934
f 1009/1028/978 1005/1024/974 964/976/933
f 968/980/937 1009/1028/978 964/976/933
f 292/1033/261 1009/1028/978 968/980/937
f 1009/1028/978 292/1033/261 289/1030/258
f 293/982/262 292/1033/261 968/980/937
f 1001/1020/970 1012/1032/981 1000/1019/969
f 984/1003/953 1011/1031/980 983/1001/952
f 1011/1031/980 290/1002/259 983/1001/952
f 290/1002/259 1011/1031/980 289/1030/258
f 1001/1020/970 1013/1034/982 1012/1032/981
f 1013/1034/982 1014/1035/983 1012/1032/981
f 1012/1032/981 1014/1035/983 967/979/936
f 1014/1035/983 1015/1036/984 967/979/936
f 1015/1036/984 1016/1037/985 967/979/936
f 1016/1037/985 966/978/935 967/979/936
f 1016/1037/985 1017/1038/986 966/978/935
f 1017/1038/986 940/951/909 966/978/935
f 1017/1038/986 1018/1039/987 940/951/909
f 1018/1039/987 938/949/907 940/951/909
f 1018/1039/987 1019/1040/988 938/949/907
f 1019/1040/988 937/948/906 938/949/907
f 1019/1040/988 1020/1041/989 937/948/906
f 1020/1041/989 936/945/903 937/948/906
f 1020/1041/989 1021/1042/990 936/945/903
f 1021/1042/990 945/956/914 936/945/903
f 1021/1042/990 1022/1043/991 945/956/914
f 1022/1043/991 944/955/913 945/956/914
f 1022/1043/991 1023/1044/992 944/955/913
f 1023/1044/992 946/957/915 944/955/913
f 1023/1044/992 1024/1045/993 946/957/915
f 1024/1045/993 948/959/917 946/957/915
f 1019/1040/988 870/1046/839 1020/1041/989
f 870/1046/839 1019/1040/988 1018/1039/987
f 870/1046/839 864/1047/833 1020/1041/989
f 1020/1041/989 864/1047/833 1021/1042/990
f 864/1047/833 862/1048/831 1021/1042/990
f 1022/1043/991 855/1049/824 1023/1044/992
f 1021/1042/990 862/1048/831 855/1049/824
f 1022/1043/991 1021/1042/990 855/1049/824
f 855/1049/824 854/1050/823 1023/1044/992
f 1023/1044/992 854/1050/823 1024/1045/993
f 854/1050/823 857/1051/826 1024/1045/993
f 872/1052/841 870/1046/839 1018/1039/987
f 878/1053/847 872/1052/841 1018/1039/987
f 1017/1038/986 878/1053/847 1018/1039/987
f 878/1053/847 1017/1038/986 1016/1037/985
f 880/1054/849 878/1053/847 1016/1037/985
f 882/1055/851 880/1054/849 1016/1037/985
f 1015/1036/984 882/1055/851 1016/1037/985
f 1015/1036/984 1014/1035/983 882/1055/851
f 1014/1035/983 889/1056/858 882/1055/851
f 889/1056/858 1014/1035/983 1013/1034/982
f 891/1057/860 889/1056/858 1013/1034/982
f 897/1058/866 891/1057/860 1013/1034/982
f 1025/1059/994 897/1058/866 1013/1034/982
f 1025/1059/994 1013/1034/982 1001/1020/970
f 999/1018/968 1025/1059/994 1001/1020/970
f 1026/1060/995 1025/1059/994 999/1018/968
f 897/1058/866 1025/1059/994 1026/1060/995
f 1027/1061/996 1026/1060/995 999/1018/968
f 997/1016/966 1027/1061/996 999/1018/968
f 1028/1062/997 1027/1061/996 997/1016/966
f 1029/1063/998 1028/1062/997 997/1016/966
f 995/1014/964 1029/1063/998 997/1016/966
f 1030/1064/999 1029/1063/998 995/1014/964
f 993/1012/962 1030/1064/999 995/1014/964
f 1031/1065/1000 1030/1064/999 993/1012/962
f 992/1011/1001 1031/1065/1000 993/1012/962
f 1027/1061/996 905/1066/874 1026/1060/995
f 905/1066/874 899/1067/868 1026/1060/995
f 899/1067/868 897/1058/866 1026/1060/995
f 907/1068/876 905/1066/874 1027/1061/996
f 1028/1062/997 907/1068/876 1027/1061/996
f 1028/1062/997 1029/1063/998 907/1068/876
f 1030/1064/999 915/1069/884 1029/1063/998
f 915/1069/884 913/1070/882 1029/1063/998
f 1029/1063/998 913/1070/882 907/1068/876
f 917/1071/886 915/1069/884 1030/1064/999
f 1031/1065/1000 917/1071/886 1030/1064/999
f 1034/1072/1002 1033/1073/1003 1032/1074/1004
f 1035/1075/1005 1034/1072/1002 1032/1074/1004
f 1032/1074/1004 1033/1073/1003 1036/1076/1006
f 1033/1073/1003 1037/1077/1007 1036/1076/1006
f 1036/1076/1006 1037/1077/1007 1038/1078/1008
f 1037/1077/1007 1039/1079/1009 1038/1078/1008
f 1038/1078/1008 1039/1079/1009 1040/1080/1010
f 1039/1079/1009 1041/1081/1011 1040/1080/1010
f 1040/1080/1010 1041/1081/1011 1042/1082/1012
f 1040/1080/1010 1042/1082/1012 1043/1083/1013
f 1042/1082/1012 1044/1084/1014 1043/1083/1013
f 1043/1083/1013 1044/1084/1014 973/1085/942
f 1044/1084/1014 1045/1086/1015 973/1085/942
f 973/1085/942 1045/1086/1015 974/1087/943
f 1045/1086/1015 1046/1088/1016 974/1087/943
f 974/1087/943 1046/1088/1016 975/1089/944
f 1046/1088/1016 1047/1090/1017 975/1089/944
f 975/1089/944 1047/1090/1017 976/1091/945
f 1047/1090/1017 1048/1092/1018 976/1091/945
f 1041/1081/1011 1049/1093/1019 1042/1082/1012
f 1050/1094/1020 1046/1088/1016 1045/1086/1015
f 1047/1090/1017 1046/1088/1016 1050/1094/1020
f 1048/1092/1018 1047/1090/1017 1050/1094/1020
f 1051/1095/1021 1050/1094/1020 1045/1086/1015
f 1042/1082/1012 1049/1093/1019 1051/1095/1021
f 1051/1095/1021 1045/1086/1015 1044/1084/1014
f 1042/1082/1012 1051/1095/1021 1044/1084/1014
f 976/1091/945 1048/1092/1018 977/1096/946
f 1048/1092/1018 1052/1097/1022 977/1096/946
f 1052/1097/1022 1048/1092/1018 1050/1094/1020
f 1052/1097/1022 1053/1098/1023 977/1096/946
f 1053/1098/1023 1052/1097/1022 1050/1094/1020
f 1053/1098/1023 979/1099/948 977/1096/946
f 1053/1098/1023 1054/1100/1024 979/1099/948
f 1050/1094/1020 1051/1095/1021 1054/1100/1024
f 1053/1098/1023 1050/1094/1020 1054/1100/1024
f 1054/1100/1024 980/1101/949 979/1099/948
f 1054/1100/1024 1055/1102/1025 980/1101/949
f 1054/1100/1024 1051/1095/1021 1055/1102/1025
f 1055/1102/1025 1056/1103/1026 980/1101/949
f 1055/1102/1025 1057/1104/1027 1056/1103/1026
f 1049/1093/1019 1057/1104/1027 1051/1095/1021
f 1051/1095/1021 1057/1104/1027 1055/1102/1025
f 1057/1104/1027 1058/1105/1028 1056/1103/1026
f 1041/1081/1011 1058/1105/1028 1057/1104/1027
f 1049/1093/1019 1041/1081/1011 1057/1104/1027
f 1041/1081/1011 1039/1079/1009 1058/1105/1028
f 1039/1079/1009 1059/1106/1029 1058/1105/1028
f 1039/1079/1009 1037/1077/1007 1059/1106/1029
f 1037/1077/1007 1060/1107/1030 1059/1106/1029
f 1037/1077/1007 1033/1073/1003 1060/1107/1030
f 1033/1073/1003 1061/1108/1031 1060/1107/1030
f 1033/1073/1003 1034/1072/1002 1061/1108/1031
f 1034/1072/1002 1062/1109/1032 1061/1108/1031
f 322/329/291 325/356/294 380/330/349
f 1064/1110/1033 708/718/677 1063/1111/1034
f 1065/1112/1035 1064/1110/1033 1063/1111/1034
f 1064/1110/1033 707/717/676 708/718/677
f 711/721/680 1063/1111/1034 708/718/677
f 1063/1111/1034 711/721/680 1066/1113/1036
f 1065/1112/1035 1063/1111/1034 1066/1113/1036
f 711/721/680 712/722/681 1066/1113/1036
f 1066/1113/1036 712/722/681 1067/1114/1037
f 712/722/681 713/723/682 1067/1114/1037
f 1067/1114/1037 713/723/682 723/733/692
f 1066/1113/1036 1067/1114/1037 1068/1115/1038
f 1069/1116/1039 1066/1113/1036 1068/1115/1038
f 1069/1116/1039 1065/1112/1035 1066/1113/1036
f 1067/1114/1037 723/733/692 724/734/693
f 1068/1115/1038 1067/1114/1037 724/734/693
f 1070/1117/1040 1064/1110/1033 1065/1112/1035
f 1071/1118/1041 1070/1117/1040 1065/1112/1035
f 1070/1117/1040 1071/1118/1041 1072/1119/1042
f 1072/1119/1042 1073/1120/1043 1070/1117/1040
f 1073/1120/1043 1074/1121/1044 1070/1117/1040
f 1075/1122/1045 1073/1120/1043 1072/1119/1042
f 1076/1123/1046 1073/1120/1043 1075/1122/1045
f 1073/1120/1043 1076/1123/1046 1074/1121/1044
f 1077/1124/1047 1076/1123/1046 1075/1122/1045
f 1077/1124/1047 1075/1122/1045 1078/1125/1048
f 1075/1122/1045 1079/1126/1049 1078/1125/1048
f 1079/1126/1049 1080/1127/1050 1078/1125/1048
f 1080/1127/1050 1081/1128/1051 1078/1125/1048
f 1079/1126/1049 1082/1129/1052 1080/1127/1050
f 1082/1129/1052 1083/1130/1053 1080/1127/1050
f 1082/1129/1052 1084/1131/1054 1083/1130/1053
f 1084/1131/1054 1085/1132/1055 1083/1130/1053
f 1086/1133/1056 1082/1129/1052 1079/1126/1049
f 1087/1134/1057 1086/1133/1056 1079/1126/1049
f 1087/1134/1057 1079/1126/1049 1075/1122/1045
f 1087/1134/1057 1075/1122/1045 1072/1119/1042
f 1088/1135/1058 1084/1131/1054 1082/1129/1052
f 1086/1133/1056 1088/1135/1058 1082/1129/1052
f 1089/1136/1059 1078/1125/1048 1081/1128/1051
f 1090/1137/1060 1089/1136/1059 1081/1128/1051
f 1089/1136/1059 1090/1137/1060 1091/1138/1061
f 1092/1139/1062 1089/1136/1059 1091/1138/1061
f 1091/1138/1061 1093/1140/1063 1092/1139/1062
f 1093/1140/1063 1094/1141/1064 1092/1139/1062
f 1092/1139/1062 1094/1141/1064 1095/1142/1065
f 1096/1143/1066 1092/1139/1062 1095/1142/1065
f 1097/1144/1067 1094/1141/1064 1093/1140/1063
f 1098/1145/1068 1097/1144/1067 1093/1140/1063
f 788/1146/757 1097/1144/1067 1098/1145/1068
f 790/1147/759 788/1146/757 1098/1145/1068
f 1097/1144/1067 1099/1148/1069 1094/1141/1064
f 1099/1148/1069 1100/1149/1070 1094/1141/1064
f 1094/1141/1064 1100/1149/1070 1095/1142/1065
f 789/1150/758 1099/1148/1069 1097/1144/1067
f 788/1146/757 789/1150/758 1097/1144/1067
f 1101/1151/1071 1089/1136/1059 1092/1139/1062
f 1096/1143/1066 1101/1151/1071 1092/1139/1062
f 1089/1136/1059 1101/1151/1071 1078/1125/1048
f 1101/1151/1071 1077/1124/1047 1078/1125/1048
f 1102/1152/1072 1100/1149/1070 1099/1148/1069
f 1103/1153/1073 1102/1152/1072 1099/1148/1069
f 1103/1153/1073 1099/1148/1069 789/1150/758
f 792/1154/761 1103/1153/1073 789/1150/758
f 1096/1143/1066 1104/1155/1074 1101/1151/1071
f 1104/1155/1074 1105/1156/1075 1101/1151/1071
f 1100/1149/1070 1102/1152/1072 1106/1157/1076
f 1102/1152/1072 1107/1158/1077 1106/1157/1076
f 1095/1142/1065 1100/1149/1070 1106/1157/1076
f 1104/1155/1074 1096/1143/1066 1095/1142/1065
f 1108/1159/1078 1104/1155/1074 1095/1142/1065
f 1108/1159/1078 1095/1142/1065 1106/1157/1076
f 1108/1159/1078 1106/1157/1076 1109/1160/1079
f 1110/1161/1080 1108/1159/1078 1109/1160/1079
f 1104/1155/1074 1108/1159/1078 1110/1161/1080
f 1111/1162/1081 1104/1155/1074 1110/1161/1080
f 1105/1156/1075 1104/1155/1074 1111/1162/1081
f 1112/1163/1082 1105/1156/1075 1111/1162/1081
f 1113/1164/1083 1109/1160/1079 1106/1157/1076
f 1107/1158/1077 1113/1164/1083 1106/1157/1076
f 1105/1156/1075 1112/1163/1082 1114/1165/1084
f 1076/1123/1046 1105/1156/1075 1114/1165/1084
f 1105/1156/1075 1076/1123/1046 1101/1151/1071
f 1076/1123/1046 1077/1124/1047 1101/1151/1071
f 1076/1123/1046 1114/1165/1084 1074/1121/1044
f 707/717/676 1074/1121/1044 1114/1165/1084
f 705/715/674 707/717/676 1114/1165/1084
f 704/714/673 705/715/674 1114/1165/1084
f 1112/1163/1082 704/714/673 1114/1165/1084
f 704/714/673 1112/1163/1082 1111/1162/1081
f 707/717/676 1064/1110/1033 1074/1121/1044
f 1064/1110/1033 1070/1117/1040 1074/1121/1044
f 1110/1161/1080 1115/1166/1085 1111/1162/1081
f 1115/1166/1085 1116/1167/1086 1111/1162/1081
f 1116/1167/1086 704/714/673 1111/1162/1081
f 704/714/673 1116/1167/1086 1117/1168/1087
f 702/712/671 704/714/673 1117/1168/1087
f 1118/1169/1088 1117/1168/1087 1116/1167/1086
f 1115/1166/1085 1118/1169/1088 1116/1167/1086
f 1118/1169/1088 1115/1166/1085 1119/1170/1089
f 1118/1169/1088 1119/1170/1089 1120/1171/1090
f 1121/1172/1091 1118/1169/1088 1120/1171/1090
f 1118/1169/1088 1121/1172/1091 1117/1168/1087
f 1121/1172/1091 1120/1171/1090 696/706/665
f 696/706/665 1120/1171/1090 697/707/666
f 1120/1171/1090 1122/1173/1092 697/707/666
f 1122/1173/1092 1120/1171/1090 1119/1170/1089
f 695/705/664 1121/1172/1091 696/706/665
f 1123/1174/1093 1121/1172/1091 695/705/664
f 1117/1168/1087 1123/1174/1093 702/712/671
f 1121/1172/1091 1123/1174/1093 1117/1168/1087
f 694/704/663 1123/1174/1093 695/705/664
f 698/708/667 697/707/666 1122/1173/1092
f 1124/1175/1094 698/708/667 1122/1173/1092
f 1124/1175/1094 763/1176/732 698/708/667
f 763/1176/732 699/709/668 698/708/667
f 763/1176/732 1124/1175/1094 764/1177/733
f 1124/1175/1094 1125/1178/1095 764/1177/733
f 1124/1175/1094 1122/1173/1092 1125/1178/1095
f 1122/1173/1092 1126/1179/1096 1125/1178/1095
f 1126/1179/1096 1122/1173/1092 1119/1170/1089
f 1119/1170/1089 1127/1180/1097 1126/1179/1096
f 1127/1180/1097 1128/1181/1098 1126/1179/1096
f 1126/1179/1096 1128/1181/1098 1125/1178/1095
f 700/710/669 1123/1174/1093 694/704/663
f 1115/1166/1085 1127/1180/1097 1119/1170/1089
f 1123/1174/1093 700/710/669 702/712/671
f 764/1177/733 1125/1178/1095 768/1182/737
f 1125/1178/1095 1129/1183/1099 768/1182/737
f 1128/1181/1098 1129/1183/1099 1125/1178/1095
f 1127/1180/1097 1109/1160/1079 1128/1181/1098
f 1109/1160/1079 1113/1164/1083 1128/1181/1098
f 1130/1184/1100 1129/1183/1099 1128/1181/1098
f 1113/1164/1083 1130/1184/1100 1128/1181/1098
f 769/1185/738 768/1182/737 1129/1183/1099
f 1130/1184/1100 769/1185/738 1129/1183/1099
f 1127/1180/1097 1115/1166/1085 1110/1161/1080
f 1109/1160/1079 1127/1180/1097 1110/1161/1080
f 856/867/825 858/869/827 1131/1186/1101
f 860/871/829 856/867/825 1131/1186/1101
f 1131/1186/1101 858/869/827 1132/1187/1102
f 858/869/827 859/870/828 1132/1187/1102
f 1132/1187/1102 859/870/828 1133/1188/1103
f 1134/1189/1104 1132/1187/1102 1133/1188/1103
f 1133/1188/1103 859/870/828 848/859/817
f 1133/1188/1103 848/859/817 809/820/778
f 812/823/781 1133/1188/1103 809/820/778
f 1134/1189/1104 1133/1188/1103 812/823/781
f 809/820/778 848/859/817 808/819/777
f 813/824/782 1134/1189/1104 812/823/781
f 860/871/829 1131/1186/1101 1135/1190/1105
f 1136/1191/1106 860/871/829 1135/1190/1105
f 1137/1192/1107 860/871/829 1136/1191/1106
f 1137/1192/1107 1136/1191/1106 1138/1193/1108
f 1139/1194/1109 1137/1192/1107 1138/1193/1108
f 1138/1193/1108 1140/1195/1110 1139/1194/1109
f 1141/1196/1111 1140/1195/1110 1138/1193/1108
f 1142/1197/1112 1141/1196/1111 1138/1193/1108
f 1136/1191/1106 1135/1190/1105 1142/1197/1112
f 1138/1193/1108 1136/1191/1106 1142/1197/1112
f 1140/1195/1110 1141/1196/1111 1143/1198/1113
f 1143/1198/1113 1141/1196/1111 1144/1199/1114
f 1141/1196/1111 1145/1200/1115 1144/1199/1114
f 1145/1200/1115 1141/1196/1111 1142/1197/1112
f 1146/1201/1116 1140/1195/1110 1143/1198/1113
f 1147/1202/1117 1140/1195/1110 1146/1201/1116
f 1140/1195/1110 1147/1202/1117 1139/1194/1109
f 1148/1203/1118 1147/1202/1117 1146/1201/1116
f 1146/1201/1116 1143/1198/1113 1149/1204/1119
f 1150/1205/1120 1146/1201/1116 1149/1204/1119
f 1146/1201/1116 1150/1205/1120 1148/1203/1118
f 1150/1205/1120 1149/1204/1119 1151/1206/1121
f 1151/1206/1121 1149/1204/1119 1152/1207/1122
f 1151/1206/1121 1152/1207/1122 1153/1208/1123
f 1154/1209/1124 1151/1206/1121 1153/1208/1123
f 1155/1210/1125 1151/1206/1121 1154/1209/1124
f 1155/1210/1125 1150/1205/1120 1151/1206/1121
f 1156/1211/1126 1150/1205/1120 1155/1210/1125
f 1150/1205/1120 1156/1211/1126 1148/1203/1118
f 1157/1212/1127 1156/1211/1126 1155/1210/1125
f 1157/1212/1127 1155/1210/1125 1158/1213/1128
f 1158/1213/1128 1155/1210/1125 1154/1209/1124
f 1159/1214/1129 1157/1212/1127 1158/1213/1128
f 1149/1204/1119 1160/1215/1130 1152/1207/1122
f 1160/1215/1130 1149/1204/1119 1143/1198/1113
f 1144/1199/1114 1160/1215/1130 1143/1198/1113
f 1161/1216/1131 1159/1214/1129 1158/1213/1128
f 1162/1217/1132 1161/1216/1131 1158/1213/1128
f 1162/1217/1132 1158/1213/1128 1154/1209/1124
f 1163/1218/1133 1161/1216/1131 1162/1217/1132
f 1164/1219/1134 1163/1218/1133 1162/1217/1132
f 1165/1220/1135 1162/1217/1132 1154/1209/1124
f 1165/1220/1135 1154/1209/1124 1153/1208/1123
f 1164/1219/1134 1162/1217/1132 1165/1220/1135
f 1166/1221/1136 1165/1220/1135 1153/1208/1123
f 1167/1222/1137 1165/1220/1135 1166/1221/1136
f 1167/1222/1137 1164/1219/1134 1165/1220/1135
f 1168/1223/1138 1164/1219/1134 1167/1222/1137
f 1169/1224/1139 1168/1223/1138 1167/1222/1137
f 1170/1225/1140 1167/1222/1137 1166/1221/1136
f 1167/1222/1137 1170/1225/1140 1169/1224/1139
f 1164/1219/1134 1168/1223/1138 1171/1226/1141
f 1163/1218/1133 1164/1219/1134 1171/1226/1141
f 1172/1227/1142 1171/1226/1141 1168/1223/1138
f 1173/1228/1143 1172/1227/1142 1168/1223/1138
f 1173/1228/1143 1168/1223/1138 1169/1224/1139
f 1174/1229/1144 1173/1228/1143 1169/1224/1139
f 1174/1229/1144 1169/1224/1139 1175/1230/1145
f 1170/1225/1140 1175/1230/1145 1169/1224/1139
f 1176/1231/1146 1174/1229/1144 1175/1230/1145
f 1173/1228/1143 1174/1229/1144 1177/1232/1147
f 1174/1229/1144 1178/1233/1148 1177/1232/1147
f 1178/1233/1148 1174/1229/1144 1176/1231/1146
f 1173/1228/1143 1177/1232/1147 1179/1234/1149
f 1172/1227/1142 1173/1228/1143 1179/1234/1149
f 1180/1235/1150 1179/1234/1149 1177/1232/1147
f 1181/1236/1151 1180/1235/1150 1177/1232/1147
f 1181/1236/1151 1177/1232/1147 1178/1233/1148
f 925/936/894 1180/1235/1150 1181/1236/1151
f 924/935/893 925/936/894 1181/1236/1151
f 924/935/893 1181/1236/1151 1182/1237/1152
f 1182/1237/1152 1181/1236/1151 1178/1233/1148
f 923/934/892 924/935/893 1182/1237/1152
f 923/934/892 1182/1237/1152 1183/1238/1153
f 1178/1233/1148 1183/1238/1153 1182/1237/1152
f 1178/1233/1148 1184/1239/1154 1183/1238/1153
f 1184/1239/1154 1178/1233/1148 1176/1231/1146
f 1184/1239/1154 1185/1240/1155 1183/1238/1153
f 926/937/895 923/934/892 1183/1238/1153
f 1183/1238/1153 1185/1240/1155 926/937/895
f 1185/1240/1155 929/940/898 926/937/895
f 1175/1230/1145 1186/1241/1156 1176/1231/1146
f 1187/1242/1157 1186/1241/1156 1175/1230/1145
f 1187/1242/1157 1188/1243/1158 1186/1241/1156
f 1189/1244/1159 1188/1243/1158 1187/1242/1157
f 1190/1245/1160 1189/1244/1159 1187/1242/1157
f 1191/1246/1161 1189/1244/1159 1190/1245/1160
f 1192/1247/1162 1191/1246/1161 1190/1245/1160
f 1193/1248/1163 1191/1246/1161 1192/1247/1162
f 1194/1249/1164 1193/1248/1163 1192/1247/1162
f 1194/1249/1164 1195/1250/1165 1193/1248/1163
f 1195/1250/1165 1196/1251/1166 1193/1248/1163
f 1195/1250/1165 1197/1252/1167 1196/1251/1166
f 1197/1252/1167 1198/1253/1168 1196/1251/1166
f 1199/1254/1169 1198/1253/1168 1197/1252/1167
f 1200/1255/1170 1199/1254/1169 1197/1252/1167
f 1188/1243/1158 1201/1256/1171 1186/1241/1156
f 1170/1225/1140 1187/1242/1157 1175/1230/1145
f 1187/1242/1157 1170/1225/1140 1190/1245/1160
f 1170/1225/1140 1166/1221/1136 1190/1245/1160
f 1190/1245/1160 1166/1221/1136 1153/1208/1123
f 1192/1247/1162 1190/1245/1160 1153/1208/1123
f 1194/1249/1164 1192/1247/1162 1153/1208/1123
f 1152/1207/1122 1194/1249/1164 1153/1208/1123
f 1194/1249/1164 1152/1207/1122 1195/1250/1165
f 1152/1207/1122 1160/1215/1130 1195/1250/1165
f 1195/1250/1165 1160/1215/1130 1144/1199/1114
f 1197/1252/1167 1195/1250/1165 1144/1199/1114
f 1197/1252/1167 1144/1199/1114 1145/1200/1115
f 1200/1255/1170 1197/1252/1167 1145/1200/1115
f 1199/1254/1169 1202/1257/1172 1198/1253/1168
f 1203/1258/1173 1202/1257/1172 1199/1254/1169
f 1202/1257/1172 1203/1258/1173 1204/1259/1174
f 1203/1258/1173 1205/1260/1175 1204/1259/1174
f 1206/1261/1176 1202/1257/1172 1204/1259/1174
f 1206/1261/1176 1204/1259/1174 1207/1262/1177
f 1208/1263/1178 1206/1261/1176 1207/1262/1177
f 1207/1262/1177 1209/1264/1179 1208/1263/1178
f 1209/1264/1179 1210/1265/1180 1208/1263/1178
f 1208/1263/1178 1210/1265/1180 1211/1266/1181
f 1212/1267/1182 1208/1263/1178 1211/1266/1181
f 1211/1266/1181 1210/1265/1180 1213/1268/1183
f 1211/1266/1181 1213/1268/1183 1214/1269/1184
f 1215/1270/1185 1211/1266/1181 1214/1269/1184
f 1216/1271/1186 1215/1270/1185 1214/1269/1184
f 1217/1272/1187 1216/1271/1186 1214/1269/1184
f 1218/1273/1188 1216/1271/1186 1217/1272/1187
f 1219/1274/1189 1218/1273/1188 1217/1272/1187
f 1218/1273/1188 1219/1274/1189 1220/1275/1190
f 1219/1274/1189 1221/1276/1191 1220/1275/1190
f 1221/1276/1191 1222/1277/1192 1220/1275/1190
f 1222/1277/1192 1223/1278/1193 1220/1275/1190
f 1220/1275/1190 1223/1278/1193 1224/1279/1194
f 1224/1279/1194 1223/1278/1193 1225/1280/1195
f 1223/1278/1193 1222/1277/1192 1225/1280/1195
f 1226/1281/1196 1224/1279/1194 1225/1280/1195
f 1227/1282/1197 1220/1275/1190 1224/1279/1194
f 1222/1277/1192 1228/1283/1198 1225/1280/1195
f 1229/1284/1199 1224/1279/1194 1226/1281/1196
f 1230/1285/1200 1229/1284/1199 1226/1281/1196
f 1231/1286/1201 1227/1282/1197 1224/1279/1194
f 1229/1284/1199 1231/1286/1201 1224/1279/1194
f 1231/1286/1201 1232/1287/1202 1227/1282/1197
f 1232/1287/1202 1233/1288/1203 1227/1282/1197
f 1233/1288/1203 1218/1273/1188 1220/1275/1190
f 1227/1282/1197 1233/1288/1203 1220/1275/1190
f 1232/1287/1202 1234/1289/1204 1233/1288/1203
f 1235/1290/1205 1233/1288/1203 1234/1289/1204
f 1236/1291/1206 1235/1290/1205 1234/1289/1204
f 1235/1290/1205 1236/1291/1206 1237/1292/1207
f 1238/1293/1208 1235/1290/1205 1237/1292/1207
f 1237/1292/1207 1239/1294/1209 1238/1293/1208
f 1238/1293/1208 1239/1294/1209 1212/1267/1182
f 1239/1294/1209 1240/1295/1210 1212/1267/1182
f 1212/1267/1182 1240/1295/1210 1208/1263/1178
f 1240/1295/1210 1206/1261/1176 1208/1263/1178
f 1240/1295/1210 1241/1296/1211 1206/1261/1176
f 1241/1296/1211 1202/1257/1172 1206/1261/1176
f 1239/1294/1209 1237/1292/1207 1242/1297/1212
f 1242/1297/1212 1237/1292/1207 1236/1291/1206
f 1243/1298/1213 1239/1294/1209 1242/1297/1212
f 1243/1298/1213 1241/1296/1211 1240/1295/1210
f 1239/1294/1209 1243/1298/1213 1240/1295/1210
f 1244/1299/1214 1242/1297/1212 1236/1291/1206
f 1245/1300/1215 1244/1299/1214 1236/1291/1206
f 1234/1289/1204 1245/1300/1215 1236/1291/1206
f 1234/1289/1204 1232/1287/1202 1245/1300/1215
f 1232/1287/1202 1246/1301/1216 1245/1300/1215
f 1246/1301/1216 1232/1287/1202 1231/1286/1201
f 1247/1302/1217 1246/1301/1216 1231/1286/1201
f 1247/1302/1217 1231/1286/1201 1229/1284/1199
f 1248/1303/1218 1247/1302/1217 1229/1284/1199
f 1248/1303/1218 1229/1284/1199 1230/1285/1200
f 1249/1304/1219 1248/1303/1218 1230/1285/1200
f 1250/1305/1220 1249/1304/1219 1230/1285/1200
f 1250/1305/1220 1251/1306/1221 1249/1304/1219
f 1251/1306/1221 1250/1305/1220 1252/1307/1222
f 1250/1305/1220 1085/1308/1055 1252/1307/1222
f 1253/1309/1223 1252/1307/1222 1085/1308/1055
f 1084/1310/1054 1253/1309/1223 1085/1308/1055
f 1253/1309/1223 1084/1310/1054 1254/1311/1224
f 1084/1310/1054 1088/1312/1058 1254/1311/1224
f 1255/1313/1225 1253/1309/1223 1254/1311/1224
f 1088/1312/1058 1256/1314/1226 1254/1311/1224
f 1256/1314/1226 1257/1315/1227 1254/1311/1224
f 1254/1311/1224 1257/1315/1227 1255/1313/1225
f 1257/1315/1227 1258/1316/1228 1255/1313/1225
f 1255/1313/1225 1258/1316/1228 1259/1317/1229
f 1258/1316/1228 1260/1318/1230 1259/1317/1229
f 1261/1319/1231 1259/1317/1229 1260/1318/1230
f 1262/1320/1232 1261/1319/1231 1260/1318/1230
f 1261/1319/1231 1262/1320/1232 1263/1321/1233
f 1262/1320/1232 1264/1322/1234 1263/1321/1233
f 1264/1322/1234 1262/1320/1232 1265/1323/1235
f 1266/1324/1236 1264/1322/1234 1265/1323/1235
f 1267/1325/1237 1264/1322/1234 1266/1324/1236
f 1264/1322/1234 1267/1325/1237 1263/1321/1233
f 1268/1326/1238 1267/1325/1237 1266/1324/1236
f 1267/1325/1237 1269/1327/1239 1263/1321/1233
f 1266/1324/1236 1265/1323/1235 1270/1328/1240
f 1271/1329/1241 1266/1324/1236 1270/1328/1240
f 1268/1326/1238 1266/1324/1236 1271/1329/1241
f 1272/1330/1242 1268/1326/1238 1271/1329/1241
f 1262/1320/1232 1260/1318/1230 1273/1331/1243
f 1265/1323/1235 1262/1320/1232 1273/1331/1243
f 1268/1326/1238 1274/1332/1244 1267/1325/1237
f 1268/1326/1238 1272/1330/1242 1274/1332/1244
f 1274/1332/1244 1275/1333/1245 1267/1325/1237
f 1267/1325/1237 1275/1333/1245 1269/1327/1239
f 1274/1332/1244 1276/1334/1246 1275/1333/1245
f 1276/1334/1246 1277/1335/1247 1275/1333/1245
f 1276/1334/1246 1278/1336/1248 1277/1335/1247
f 1279/1337/1249 1278/1336/1248 1276/1334/1246
f 1279/1337/1249 1280/1338/1250 1278/1336/1248
f 1280/1338/1250 1281/1339/1251 1278/1336/1248
f 1281/1339/1251 1280/1338/1250 1282/1340/1252
f 1280/1338/1250 1283/1341/1253 1282/1340/1252
f 1282/1340/1252 1283/1341/1253 1284/1342/1254
f 1283/1341/1253 1285/1343/1255 1284/1342/1254
f 1282/1340/1252 1286/1344/1256 1281/1339/1251
f 1286/1344/1256 1287/1345/1257 1281/1339/1251
f 1286/1344/1256 1288/1346/1258 1287/1345/1257
f 1289/1347/1259 1288/1346/1258 1286/1344/1256
f 1290/1348/1260 1289/1347/1259 1286/1344/1256
f 1282/1340/1252 1284/1342/1254 1290/1348/1260
f 1286/1344/1256 1282/1340/1252 1290/1348/1260
f 1288/1346/1258 1291/1349/1261 1287/1345/1257
f 1290/1348/1260 1284/1342/1254 1292/1350/1262
f 1284/1342/1254 1293/1351/1263 1292/1350/1262
f 1284/1342/1254 1285/1343/1255 1293/1351/1263
f 1292/1350/1262 1293/1351/1263 776/787/745
f 1293/1351/1263 777/788/746 776/787/745
f 1292/1350/1262 776/787/745 780/791/749
f 1294/1352/1264 1292/1350/1262 780/791/749
f 1290/1348/1260 1292/1350/1262 1294/1352/1264
f 1289/1347/1259 1290/1348/1260 1294/1352/1264
f 1295/1353/1265 777/788/746 1293/1351/1263
f 777/788/746 1295/1353/1265 1296/1354/1266
f 773/784/742 777/788/746 1296/1354/1266
f 773/784/742 1296/1354/1266 771/782/740
f 1297/1355/1267 1295/1353/1265 1293/1351/1263
f 1285/1343/1255 1297/1355/1267 1293/1351/1263
f 745/755/714 1295/1353/1265 1297/1355/1267
f 743/753/712 745/755/714 1297/1355/1267
f 743/753/712 1297/1355/1267 1285/1343/1255
f 771/782/740 1296/1354/1266 749/759/718
f 749/759/718 751/761/720 771/782/740
f 1296/1354/1266 747/757/716 749/759/718
f 1295/1353/1265 745/755/714 747/757/716
f 1296/1354/1266 1295/1353/1265 747/757/716
f 740/750/709 743/753/712 1285/1343/1255
f 738/748/707 740/750/709 1285/1343/1255
f 1283/1341/1253 738/748/707 1285/1343/1255
f 732/742/701 738/748/707 1283/1341/1253
f 1280/1338/1250 732/742/701 1283/1341/1253
f 732/742/701 1280/1338/1250 1279/1337/1249
f 729/739/698 732/742/701 1279/1337/1249
f 729/739/698 1279/1337/1249 1298/1356/1268
f 1298/1356/1268 1279/1337/1249 1276/1334/1246
f 1298/1356/1268 1276/1334/1246 1274/1332/1244
f 1299/1357/1269 1298/1356/1268 1274/1332/1244
f 1272/1330/1242 1299/1357/1269 1274/1332/1244
f 727/737/696 729/739/698 1298/1356/1268
f 1272/1330/1242 719/729/688 1299/1357/1269
f 719/729/688 725/735/694 1299/1357/1269
f 725/735/694 727/737/696 1298/1356/1268
f 1299/1357/1269 725/735/694 1298/1356/1268
f 719/729/688 1272/1330/1242 720/730/689
f 1272/1330/1242 1271/1329/1241 720/730/689
f 720/730/689 1271/1329/1241 722/732/691
f 1271/1329/1241 1270/1328/1240 722/732/691
f 724/734/693 722/732/691 1270/1328/1240
f 1300/1358/1270 724/734/693 1270/1328/1240
f 1270/1328/1240 1265/1323/1235 1300/1358/1270
f 1265/1323/1235 1273/1331/1243 1300/1358/1270
f 1300/1358/1270 1301/1359/1271 724/734/693
f 1301/1359/1271 1068/1115/1038 724/734/693
f 1068/1115/1038 1301/1359/1271 1069/1116/1039
f 1301/1359/1271 1302/1360/1272 1069/1116/1039
f 1069/1116/1039 1302/1360/1272 1065/1112/1035
f 1302/1360/1272 1071/1118/1041 1065/1112/1035
f 1071/1118/1041 1303/1361/1273 1072/1119/1042
f 1303/1361/1273 1304/1362/1274 1072/1119/1042
f 1304/1362/1274 1087/1134/1057 1072/1119/1042
f 1087/1134/1057 1304/1362/1274 1086/1133/1056
f 1304/1362/1274 1305/1363/1275 1086/1133/1056
f 1086/1133/1056 1305/1363/1275 1088/1135/1058
f 1305/1363/1275 1256/1364/1226 1088/1135/1058
f 775/786/744 772/783/741 1306/1365/1276
f 781/792/750 775/786/744 1306/1365/1276
f 1306/1365/1276 772/783/741 770/781/739
f 1307/1366/1277 1278/1336/1248 1281/1339/1251
f 1287/1345/1257 1307/1366/1277 1281/1339/1251
f 1308/1367/1278 1307/1366/1277 1287/1345/1257
f 1308/1367/1278 1309/1368/1279 1307/1366/1277
f 1309/1368/1279 1277/1335/1247 1307/1366/1277
f 1278/1336/1248 1307/1366/1277 1277/1335/1247
f 1291/1349/1261 1308/1367/1278 1287/1345/1257
f 1277/1335/1247 1309/1368/1279 1310/1369/1280
f 1275/1333/1245 1277/1335/1247 1310/1369/1280
f 1275/1333/1245 1310/1369/1280 1269/1327/1239
f 821/832/790 1269/1327/1239 1310/1369/1280
f 821/832/790 824/835/793 1269/1327/1239
f 824/835/793 1263/1321/1233 1269/1327/1239
f 824/835/793 825/836/794 1263/1321/1233
f 825/836/794 1261/1319/1231 1263/1321/1233
f 1261/1319/1231 825/836/794 1259/1317/1229
f 825/836/794 827/838/796 1259/1317/1229
f 1259/1317/1229 827/838/796 1255/1313/1225
f 827/838/796 829/840/798 1255/1313/1225
f 1253/1309/1223 1255/1313/1225 829/840/798
f 832/843/801 1253/1309/1223 829/840/798
f 1252/1307/1222 1253/1309/1223 832/843/801
f 833/844/802 1252/1307/1222 832/843/801
f 820/831/789 821/832/790 1310/1369/1280
f 1252/1307/1222 833/844/802 1251/1306/1221
f 833/844/802 1311/1370/1281 1251/1306/1221
f 1311/1370/1281 833/844/802 834/845/803
f 1312/1371/1282 1311/1370/1281 834/845/803
f 1311/1370/1281 1312/1371/1282 1313/1372/1283
f 1312/1371/1282 1314/1373/1284 1313/1372/1283
f 1314/1373/1284 1315/1374/1285 1313/1372/1283
f 1315/1374/1285 1316/1375/1286 1313/1372/1283
f 1201/1256/1171 1316/1375/1286 1315/1374/1285
f 1186/1241/1156 1201/1256/1171 1315/1374/1285
f 1186/1241/1156 1315/1374/1285 1176/1231/1146
f 1312/1371/1282 834/845/803 929/940/898
f 1185/1240/1155 1312/1371/1282 929/940/898
f 1312/1371/1282 1185/1240/1155 1184/1239/1154
f 1314/1373/1284 1312/1371/1282 1184/1239/1154
f 1184/1239/1154 1176/1231/1146 1315/1374/1285
f 1314/1373/1284 1184/1239/1154 1315/1374/1285
f 1316/1375/1286 1248/1303/1218 1313/1372/1283
f 1248/1303/1218 1249/1304/1219 1313/1372/1283
f 1249/1304/1219 1251/1306/1221 1311/1370/1281
f 1313/1372/1283 1249/1304/1219 1311/1370/1281
f 1247/1302/1217 1248/1303/1218 1316/1375/1286
f 1201/1256/1171 1247/1302/1217 1316/1375/1286
f 1246/1301/1216 1247/1302/1217 1201/1256/1171
f 1188/1243/1158 1246/1301/1216 1201/1256/1171
f 1245/1300/1215 1246/1301/1216 1188/1243/1158
f 1189/1244/1159 1245/1300/1215 1188/1243/1158
f 1189/1244/1159 1191/1246/1161 1245/1300/1215
f 1191/1246/1161 1244/1299/1214 1245/1300/1215
f 1244/1299/1214 1191/1246/1161 1242/1297/1212
f 1191/1246/1161 1193/1248/1163 1242/1297/1212
f 1243/1298/1213 1242/1297/1212 1193/1248/1163
f 1196/1251/1166 1243/1298/1213 1193/1248/1163
f 1241/1296/1211 1243/1298/1213 1196/1251/1166
f 1198/1253/1168 1241/1296/1211 1196/1251/1166
f 1202/1257/1172 1241/1296/1211 1198/1253/1168
f 1306/1376/1276 1318/1377/1287 1317/1378/1288
f 781/1379/750 1306/1376/1276 1317/1378/1288
f 781/1379/750 1317/1378/1288 783/1380/752
f 1317/1378/1288 1319/1381/1289 783/1380/752
f 1319/1381/1289 1320/1382/1290 783/1380/752
f 1320/1382/1290 785/1383/754 783/1380/752
f 1306/1376/1276 770/1384/739 1318/1377/1287
f 770/1384/739 1321/1385/1291 1318/1377/1287
f 770/1384/739 769/1386/738 1321/1385/1291
f 769/1386/738 1322/1387/1292 1321/1385/1291
f 785/1383/754 1320/1382/1290 1323/1388/1293
f 792/1389/761 785/1383/754 1323/1388/1293
f 792/1389/761 1323/1388/1293 1324/1390/1294
f 1103/1391/1073 792/1389/761 1324/1390/1294
f 1103/1391/1073 1324/1390/1294 1325/1392/1295
f 1102/1393/1072 1103/1391/1073 1325/1392/1295
f 1325/1392/1295 1326/1394/1296 1102/1393/1072
f 1326/1394/1296 1107/1395/1077 1102/1393/1072
f 1326/1394/1296 1327/1396/1297 1107/1395/1077
f 1327/1396/1297 1113/1397/1083 1107/1395/1077
f 1113/1397/1083 1327/1396/1297 1130/1398/1100
f 1327/1396/1297 1328/1399/1298 1130/1398/1100
f 1130/1398/1100 1328/1399/1298 1322/1400/1292
f 769/1401/738 1130/1398/1100 1322/1400/1292
f 1322/1400/1292 1328/1399/1298 1329/1402/1299
f 1330/1403/1300 1322/1400/1292 1329/1402/1299
f 1330/1403/1300 1329/1402/1299 1331/1404/1301
f 1332/1405/1302 1330/1403/1300 1331/1404/1301
f 1332/1405/1302 1331/1404/1301 1333/1406/1303
f 1334/1407/1304 1332/1405/1302 1333/1406/1303
f 1333/1406/1303 1331/1404/1301 1335/1408/1305
f 1331/1404/1301 1336/1409/1306 1335/1408/1305
f 1331/1404/1301 1329/1402/1299 1336/1409/1306
f 1335/1408/1305 1336/1409/1306 1337/1410/1307
f 1336/1409/1306 1338/1411/1308 1337/1410/1307
f 1337/1410/1307 1338/1411/1308 1339/1412/1309
f 1338/1411/1308 1340/1413/1310 1339/1412/1309
f 1339/1412/1309 1340/1413/1310 1341/1414/1311
f 1340/1413/1310 1342/1415/1312 1341/1414/1311
f 1341/1414/1311 1342/1415/1312 1343/1416/1313
f 1342/1415/1312 1344/1417/1314 1343/1416/1313
f 1343/1416/1313 1344/1417/1314 1345/1418/1315
f 1344/1417/1314 1346/1419/1316 1345/1418/1315
f 1345/1418/1315 1346/1419/1316 1347/1420/1317
f 1346/1419/1316 1348/1421/1318 1347/1420/1317
f 1347/1420/1317 1348/1421/1318 1349/1422/1319
f 1348/1421/1318 1350/1423/1320 1349/1422/1319
f 1349/1422/1319 1350/1423/1320 1351/1424/1321
f 1350/1423/1320 1352/1425/1322 1351/1424/1321
f 1351/1424/1321 1352/1425/1322 1353/1426/1323
f 1352/1425/1322 1354/1427/1324 1353/1426/1323
f 1353/1426/1323 1354/1427/1324 1334/1428/1304
f 1354/1427/1324 1332/1429/1302 1334/1428/1304
f 1344/1417/1314 1355/1430/1325 1346/1419/1316
f 1355/1430/1325 1356/1431/1326 1346/1419/1316
f 1346/1419/1316 1356/1431/1326 1348/1421/1318
f 1356/1431/1326 1357/1432/1327 1348/1421/1318
f 1348/1421/1318 1357/1432/1327 1350/1423/1320
f 1357/1432/1327 1358/1433/1328 1350/1423/1320
f 1350/1423/1320 1358/1433/1328 1352/1425/1322
f 1358/1433/1328 1359/1434/1329 1352/1425/1322
f 1352/1425/1322 1359/1434/1329 1354/1427/1324
f 1359/1434/1329 1360/1435/1330 1354/1427/1324
f 1354/1427/1324 1360/1435/1330 1332/1429/1302
f 1360/1435/1330 1330/1436/1300 1332/1429/1302
f 1349/1422/1319 1351/1424/1321 1361/1437/1331
f 1362/1438/1332 1349/1422/1319 1361/1437/1331
f 1362/1438/1332 1361/1437/1331 1363/1439/1333
f 1364/1440/1334 1362/1438/1332 1363/1439/1333
f 1365/1441/1335 1362/1438/1332 1364/1440/1334
f 1366/1442/1336 1365/1441/1335 1364/1440/1334
f 1367/1443/1337 1365/1441/1335 1366/1442/1336
f 1368/1444/1338 1367/1443/1337 1366/1442/1336
f 1369/1445/1339 1367/1443/1337 1368/1444/1338
f 1370/1446/1340 1369/1445/1339 1368/1444/1338
f 1363/1439/1333 1361/1437/1331 1371/1447/1341
f 1361/1437/1331 1372/1448/1342 1371/1447/1341
f 1371/1447/1341 1372/1448/1342 1373/1449/1343
f 1372/1448/1342 1374/1450/1344 1373/1449/1343
f 1375/1451/1345 1369/1445/1339 1370/1446/1340
f 1376/1452/1346 1375/1451/1345 1370/1446/1340
f 1377/1453/1347 1375/1451/1345 1376/1452/1346
f 1378/1454/1348 1377/1453/1347 1376/1452/1346
f 1379/1455/1349 1377/1453/1347 1378/1454/1348
f 1380/1456/1350 1379/1455/1349 1378/1454/1348
f 1381/1457/1351 1379/1455/1349 1380/1456/1350
f 1382/1458/1352 1381/1457/1351 1380/1456/1350
f 1383/1459/1353 1381/1457/1351 1382/1458/1352
f 1384/1460/1354 1383/1459/1353 1382/1458/1352
f 1374/1461/1344 1383/1459/1353 1384/1460/1354
f 1373/1462/1343 1374/1461/1344 1384/1460/1354
f 1372/1448/1342 1353/1426/1323 1374/1450/1344
f 1351/1424/1321 1353/1426/1323 1372/1448/1342
f 1353/1426/1323 1334/1428/1304 1374/1450/1344
f 1374/1461/1344 1334/1407/1304 1383/1459/1353
f 1334/1407/1304 1333/1406/1303 1383/1459/1353
f 1383/1459/1353 1333/1406/1303 1381/1457/1351
f 1333/1406/1303 1335/1408/1305 1381/1457/1351
f 1381/1457/1351 1335/1408/1305 1379/1455/1349
f 1335/1408/1305 1337/1410/1307 1379/1455/1349
f 1379/1455/1349 1337/1410/1307 1377/1453/1347
f 1337/1410/1307 1339/1412/1309 1377/1453/1347
f 1377/1453/1347 1339/1412/1309 1375/1451/1345
f 1339/1412/1309 1341/1414/1311 1375/1451/1345
f 1375/1451/1345 1341/1414/1311 1369/1445/1339
f 1341/1414/1311 1343/1416/1313 1369/1445/1339
f 1369/1445/1339 1343/1416/1313 1367/1443/1337
f 1343/1416/1313 1345/1418/1315 1367/1443/1337
f 1367/1443/1337 1345/1418/1315 1365/1441/1335
f 1345/1418/1315 1347/1420/1317 1365/1441/1335
f 1365/1441/1335 1347/1420/1317 1362/1438/1332
f 1347/1420/1317 1349/1422/1319 1362/1438/1332
f 1387/1463/1355 1386/1464/1356 1385/1465/1357
f 1388/1466/1358 1387/1463/1355 1385/1465/1357
f 1385/1465/1357 1386/1464/1356 1389/1467/1359
f 1386/1464/1356 1390/1468/1360 1389/1467/1359
f 1389/1467/1359 1390/1468/1360 1391/1469/1361
f 1390/1468/1360 1392/1470/1362 1391/1469/1361
f 1391/1469/1361 1392/1470/1362 1393/1471/1363
f 1392/1470/1362 1394/1472/1364 1393/1471/1363
f 1393/1471/1363 1394/1472/1364 1395/1473/1365
f 1394/1472/1364 1396/1474/1366 1395/1473/1365
f 1395/1473/1365 1396/1474/1366 1397/1475/1367
f 1396/1474/1366 1398/1476/1368 1397/1475/1367
f 1387/1463/1355 1399/1477/1369 1386/1464/1356
f 1399/1477/1369 1400/1478/1370 1386/1464/1356
f 1386/1464/1356 1400/1478/1370 1390/1468/1360
f 1399/1477/1369 1401/1479/1371 1400/1478/1370
f 1401/1479/1371 1402/1480/1372 1400/1478/1370
f 1400/1478/1370 1402/1480/1372 1403/1481/1373
f 1400/1478/1370 1403/1481/1373 1390/1468/1360
f 1390/1468/1360 1403/1481/1373 1392/1470/1362
f 1402/1480/1372 1404/1482/1374 1403/1481/1373
f 1403/1481/1373 1404/1482/1374 1405/1483/1375
f 1403/1481/1373 1405/1483/1375 1392/1470/1362
f 1392/1470/1362 1405/1483/1375 1394/1472/1364
f 1404/1482/1374 1406/1484/1376 1405/1483/1375
f 1405/1483/1375 1406/1484/1376 1407/1485/1377
f 1405/1483/1375 1407/1485/1377 1394/1472/1364
f 1394/1472/1364 1407/1485/1377 1396/1474/1366
f 1406/1484/1376 1408/1486/1378 1407/1485/1377
f 1407/1485/1377 1408/1486/1378 1409/1487/1379
f 1407/1485/1377 1409/1487/1379 1396/1474/1366
f 1396/1474/1366 1409/1487/1379 1398/1476/1368
f 1408/1486/1378 1410/1488/1380 1409/1487/1379
f 1409/1487/1379 1410/1488/1380 1411/1489/1381
f 1409/1487/1379 1411/1489/1381 1398/1476/1368
f 1410/1488/1380 1412/1490/1382 1411/1489/1381
f 1413/1491/1383 1401/1479/1371 1399/1477/1369
f 1414/1492/1384 1413/1491/1383 1399/1477/1369
f 1415/1493/1385 1413/1491/1383 1414/1492/1384
f 1416/1494/1386 1415/1493/1385 1414/1492/1384
f 1417/1495/1387 1415/1493/1385 1416/1494/1386
f 1418/1496/1388 1417/1495/1387 1416/1494/1386
f 1419/1497/1389 1417/1495/1387 1418/1496/1388
f 1420/1498/1390 1419/1497/1389 1418/1496/1388
f 1421/1499/1391 1419/1497/1389 1420/1498/1390
f 1422/1500/1392 1421/1499/1391 1420/1498/1390
f 1412/1501/1382 1421/1499/1391 1422/1500/1392
f 1411/1502/1381 1412/1501/1382 1422/1500/1392
f 1411/1502/1381 1422/1500/1392 1423/1503/1393
f 1398/1504/1368 1411/1502/1381 1423/1503/1393
f 1398/1504/1368 1423/1503/1393 1424/1505/1394
f 1397/1506/1367 1398/1504/1368 1424/1505/1394
f 1424/1505/1394 1423/1503/1393 1425/1507/1395
f 1423/1503/1393 1426/1508/1396 1425/1507/1395
f 1422/1500/1392 1420/1498/1390 1426/1508/1396
f 1423/1503/1393 1422/1500/1392 1426/1508/1396
f 1425/1507/1395 1426/1508/1396 1427/1509/1397
f 1426/1508/1396 1428/1510/1398 1427/1509/1397
f 1420/1498/1390 1418/1496/1388 1428/1510/1398
f 1426/1508/1396 1420/1498/1390 1428/1510/1398
f 1427/1509/1397 1428/1510/1398 1429/1511/1399
f 1428/1510/1398 1430/1512/1400 1429/1511/1399
f 1429/1511/1399 1430/1512/1400 1431/1513/1401
f 1430/1512/1400 1432/1514/1402 1431/1513/1401
f 1431/1513/1401 1432/1514/1402 1388/1515/1358
f 1432/1514/1402 1387/1516/1355 1388/1515/1358
f 1428/1510/1398 1418/1496/1388 1430/1512/1400
f 1418/1496/1388 1416/1494/1386 1430/1512/1400
f 1430/1512/1400 1416/1494/1386 1432/1514/1402
f 1416/1494/1386 1414/1492/1384 1432/1514/1402
f 1432/1514/1402 1414/1492/1384 1387/1516/1355
f 1414/1492/1384 1399/1477/1369 1387/1516/1355
f 1397/1506/1367 1424/1505/1394 1433/1517/1403
f 1434/1518/1404 1397/1506/1367 1433/1517/1403
f 1424/1505/1394 1425/1507/1395 1433/1517/1403
f 1433/1517/1403 1425/1507/1395 1435/1519/1405
f 1425/1507/1395 1427/1509/1397 1435/1519/1405
f 1431/1513/1401 1388/1515/1358 1436/1520/1406
f 1437/1521/1407 1431/1513/1401 1436/1520/1406
f 1427/1509/1397 1429/1511/1399 1437/1521/1407
f 1435/1522/1405 1427/1509/1397 1437/1521/1407
f 1429/1511/1399 1431/1513/1401 1437/1521/1407
f 1433/1517/1403 1435/1519/1405 1438/1523/1408
f 1434/1518/1404 1433/1517/1403 1438/1523/1408
f 1437/1521/1407 1436/1520/1406 1438/1524/1408
f 1435/1522/1405 1437/1521/1407 1438/1524/1408
f 1329/1402/1299 1439/1525/1409 1336/1409/1306
f 1336/1409/1306 1439/1525/1409 1338/1411/1308
f 1439/1525/1409 1440/1526/1410 1338/1411/1308
f 1338/1411/1308 1440/1526/1410 1340/1413/1310
f 1440/1526/1410 1441/1527/1411 1340/1413/1310
f 1340/1413/1310 1441/1527/1411 1342/1415/1312
f 1441/1527/1411 1442/1528/1412 1342/1415/1312
f 1342/1415/1312 1442/1528/1412 1344/1417/1314
f 1442/1528/1412 1355/1430/1325 1344/1417/1314
f 1329/1402/1299 1328/1399/1298 1439/1525/1409
f 1328/1399/1298 1327/1396/1297 1439/1525/1409
f 1439/1525/1409 1327/1396/1297 1440/1526/1410
f 1327/1396/1297 1326/1394/1296 1440/1526/1410
f 1440/1526/1410 1326/1394/1296 1441/1527/1411
f 1326/1394/1296 1325/1392/1295 1441/1527/1411
f 1441/1527/1411 1325/1392/1295 1442/1528/1412
f 1325/1392/1295 1324/1390/1294 1442/1528/1412
f 1442/1528/1412 1324/1390/1294 1355/1430/1325
f 1324/1390/1294 1323/1388/1293 1355/1430/1325
f 1355/1430/1325 1323/1388/1293 1356/1431/1326
f 1323/1388/1293 1320/1382/1290 1356/1431/1326
f 1356/1431/1326 1320/1382/1290 1357/1432/1327
f 1320/1382/1290 1319/1381/1289 1357/1432/1327
f 1357/1432/1327 1319/1381/1289 1358/1433/1328
f 1319/1381/1289 1317/1378/1288 1358/1433/1328
f 1358/1433/1328 1317/1378/1288 1359/1434/1329
f 1317/1378/1288 1318/1377/1287 1359/1434/1329
f 1359/1434/1329 1318/1377/1287 1360/1435/1330
f 1318/1377/1287 1321/1385/1291 1360/1435/1330
f 1360/1435/1330 1321/1385/1291 1330/1436/1300
f 1321/1385/1291 1322/1387/1292 1330/1436/1300
f 1361/1437/1331 1351/1424/1321 1372/1448/1342
f 1370/1446/1340 1368/1444/1338 1402/1480/1372
f 1401/1479/1371 1370/1446/1340 1402/1480/1372
f 1402/1480/1372 1368/1444/1338 1404/1482/1374
f 1368/1444/1338 1366/1442/1336 1404/1482/1374
f 1404/1482/1374 1366/1442/1336 1406/1484/1376
f 1366/1442/1336 1364/1440/1334 1406/1484/1376
f 1406/1484/1376 1364/1440/1334 1408/1486/1378
f 1364/1440/1334 1363/1439/1333 1408/1486/1378
f 1408/1486/1378 1363/1439/1333 1410/1488/1380
f 1363/1439/1333 1371/1447/1341 1410/1488/1380
f 1410/1488/1380 1371/1447/1341 1412/1490/1382
f 1371/1447/1341 1373/1449/1343 1412/1490/1382
f 1376/1452/1346 1370/1446/1340 1401/1479/1371
f 1413/1491/1383 1376/1452/1346 1401/1479/1371
f 1378/1454/1348 1376/1452/1346 1413/1491/1383
f 1415/1493/1385 1378/1454/1348 1413/1491/1383
f 1380/1456/1350 1378/1454/1348 1415/1493/1385
f 1417/1495/1387 1380/1456/1350 1415/1493/1385
f 1382/1458/1352 1380/1456/1350 1417/1495/1387
f 1419/1497/1389 1382/1458/1352 1417/1495/1387
f 1384/1460/1354 1382/1458/1352 1419/1497/1389
f 1421/1499/1391 1384/1460/1354 1419/1497/1389
f 1373/1462/1343 1384/1460/1354 1421/1499/1391
f 1412/1501/1382 1373/1462/1343 1421/1499/1391
f 1388/1466/1358 1385/1465/1357 1443/1529/1413
f 1436/1530/1406 1388/1466/1358 1443/1529/1413
f 1385/1465/1357 1389/1467/1359 1443/1529/1413
f 1443/1529/1413 1389/1467/1359 1444/1531/1414
f 1389/1467/1359 1391/1469/1361 1444/1531/1414
f 1438/1532/1408 1436/1530/1406 1443/1529/1413
f 1444/1531/1414 1438/1532/1408 1443/1529/1413
f 1391/1469/1361 1393/1471/1363 1445/1533/1415
f 1444/1534/1414 1391/1469/1361 1445/1533/1415
f 1393/1471/1363 1395/1473/1365 1445/1533/1415
f 1445/1533/1415 1395/1473/1365 1434/1535/1404
f 1395/1473/1365 1397/1475/1367 1434/1535/1404
f 1445/1533/1415 1434/1535/1404 1438/1536/1408
f 1444/1534/1414 1445/1533/1415 1438/1536/1408
f 1273/1537/1243 1260/1538/1230 1446/1539/1416
f 1447/1540/1417 1273/1537/1243 1446/1539/1416
f 1446/1539/1416 1260/1538/1230 1258/1541/1228
f 1448/1542/1418 1446/1539/1416 1258/1541/1228
f 1449/1543/1419 1448/1542/1418 1258/1541/1228
f 1257/1544/1227 1449/1543/1419 1258/1541/1228
f 1300/1545/1270 1273/1537/1243 1447/1540/1417
f 1450/1546/1420 1300/1545/1270 1447/1540/1417
f 1301/1547/1271 1300/1545/1270 1450/1546/1420
f 1451/1548/1421 1301/1547/1271 1450/1546/1420
f 1449/1543/1419 1257/1544/1227 1452/1549/1422
f 1257/1544/1227 1256/1550/1226 1452/1549/1422
f 1452/1549/1422 1256/1550/1226 1453/1551/1423
f 1256/1550/1226 1305/1552/1275 1453/1551/1423
f 1453/1551/1423 1305/1552/1275 1454/1553/1424
f 1305/1552/1275 1304/1554/1274 1454/1553/1424
f 1455/1555/1425 1454/1553/1424 1304/1554/1274
f 1303/1556/1273 1455/1555/1425 1304/1554/1274
f 1456/1557/1426 1455/1555/1425 1303/1556/1273
f 1071/1558/1041 1456/1557/1426 1303/1556/1273
f 1456/1557/1426 1071/1558/1041 1302/1559/1272
f 1457/1560/1427 1456/1557/1426 1302/1559/1272
f 1457/1560/1427 1302/1559/1272 1451/1561/1421
f 1302/1559/1272 1301/1562/1271 1451/1561/1421
f 1457/1560/1427 1451/1561/1421 1458/1563/1428
f 1451/1561/1421 1459/1564/1429 1458/1563/1428
f 1458/1563/1428 1459/1564/1429 1460/1565/1430
f 1459/1564/1429 1461/1566/1431 1460/1565/1430
f 1460/1565/1430 1461/1566/1431 1462/1567/1432
f 1461/1566/1431 1463/1568/1433 1462/1567/1432
f 1460/1565/1430 1462/1567/1432 1464/1569/1434
f 1465/1570/1435 1460/1565/1430 1464/1569/1434
f 1458/1563/1428 1460/1565/1430 1465/1570/1435
f 1465/1570/1435 1464/1569/1434 1466/1571/1436
f 1467/1572/1437 1465/1570/1435 1466/1571/1436
f 1467/1572/1437 1466/1571/1436 1468/1573/1438
f 1469/1574/1439 1467/1572/1437 1468/1573/1438
f 1469/1574/1439 1468/1573/1438 1470/1575/1440
f 1471/1576/1441 1469/1574/1439 1470/1575/1440
f 1471/1576/1441 1470/1575/1440 1472/1577/1442
f 1473/1578/1443 1471/1576/1441 1472/1577/1442
f 1473/1578/1443 1472/1577/1442 1474/1579/1444
f 1475/1580/1445 1473/1578/1443 1474/1579/1444
f 1475/1580/1445 1474/1579/1444 1476/1581/1446
f 1477/1582/1447 1475/1580/1445 1476/1581/1446
f 1477/1582/1447 1476/1581/1446 1478/1583/1448
f 1479/1584/1449 1477/1582/1447 1478/1583/1448
f 1479/1584/1449 1478/1583/1448 1480/1585/1450
f 1481/1586/1451 1479/1584/1449 1480/1585/1450
f 1481/1586/1451 1480/1585/1450 1482/1587/1452
f 1483/1588/1453 1481/1586/1451 1482/1587/1452
f 1483/1588/1453 1482/1587/1452 1463/1589/1433
f 1461/1590/1431 1483/1588/1453 1463/1589/1433
f 1484/1591/1454 1473/1578/1443 1475/1580/1445
f 1485/1592/1455 1484/1591/1454 1475/1580/1445
f 1485/1592/1455 1475/1580/1445 1477/1582/1447
f 1486/1593/1456 1485/1592/1455 1477/1582/1447
f 1486/1593/1456 1477/1582/1447 1479/1584/1449
f 1487/1594/1457 1486/1593/1456 1479/1584/1449
f 1487/1594/1457 1479/1584/1449 1481/1586/1451
f 1488/1595/1458 1487/1594/1457 1481/1586/1451
f 1488/1595/1458 1481/1586/1451 1483/1588/1453
f 1489/1596/1459 1488/1595/1458 1483/1588/1453
f 1489/1596/1459 1483/1588/1453 1461/1590/1431
f 1459/1597/1429 1489/1596/1459 1461/1590/1431
f 1480/1585/1450 1478/1583/1448 1490/1598/1460
f 1478/1583/1448 1491/1599/1461 1490/1598/1460
f 1490/1598/1460 1491/1599/1461 1492/1600/1462
f 1491/1599/1461 1493/1601/1463 1492/1600/1462
f 1491/1599/1461 1494/1602/1464 1493/1601/1463
f 1494/1602/1464 1495/1603/1465 1493/1601/1463
f 1494/1602/1464 1496/1604/1466 1495/1603/1465
f 1496/1604/1466 1497/1605/1467 1495/1603/1465
f 1496/1604/1466 1498/1606/1468 1497/1605/1467
f 1498/1606/1468 1499/1607/1469 1497/1605/1467
f 1490/1598/1460 1492/1600/1462 1500/1608/1470
f 1501/1609/1471 1490/1598/1460 1500/1608/1470
f 1501/1609/1471 1500/1608/1470 1502/1610/1472
f 1503/1611/1473 1501/1609/1471 1502/1610/1472
f 1498/1606/1468 1504/1612/1474 1499/1607/1469
f 1504/1612/1474 1505/1613/1475 1499/1607/1469
f 1504/1612/1474 1506/1614/1476 1505/1613/1475
f 1506/1614/1476 1507/1615/1477 1505/1613/1475
f 1506/1614/1476 1508/1616/1478 1507/1615/1477
f 1508/1616/1478 1509/1617/1479 1507/1615/1477
f 1508/1616/1478 1510/1618/1480 1509/1617/1479
f 1510/1618/1480 1511/1619/1481 1509/1617/1479
f 1510/1618/1480 1512/1620/1482 1511/1619/1481
f 1512/1620/1482 1513/1621/1483 1511/1619/1481
f 1512/1620/1482 1503/1622/1473 1513/1621/1483
f 1503/1622/1473 1502/1623/1472 1513/1621/1483
f 1482/1587/1452 1501/1609/1471 1503/1611/1473
f 1482/1587/1452 1480/1585/1450 1501/1609/1471
f 1463/1589/1433 1482/1587/1452 1503/1611/1473
f 1463/1568/1433 1503/1622/1473 1512/1620/1482
f 1462/1567/1432 1463/1568/1433 1512/1620/1482
f 1462/1567/1432 1512/1620/1482 1510/1618/1480
f 1464/1569/1434 1462/1567/1432 1510/1618/1480
f 1464/1569/1434 1510/1618/1480 1508/1616/1478
f 1466/1571/1436 1464/1569/1434 1508/1616/1478
f 1466/1571/1436 1508/1616/1478 1506/1614/1476
f 1468/1573/1438 1466/1571/1436 1506/1614/1476
f 1468/1573/1438 1506/1614/1476 1504/1612/1474
f 1470/1575/1440 1468/1573/1438 1504/1612/1474
f 1470/1575/1440 1504/1612/1474 1498/1606/1468
f 1472/1577/1442 1470/1575/1440 1498/1606/1468
f 1472/1577/1442 1498/1606/1468 1496/1604/1466
f 1474/1579/1444 1472/1577/1442 1496/1604/1466
f 1474/1579/1444 1496/1604/1466 1494/1602/1464
f 1476/1581/1446 1474/1579/1444 1494/1602/1464
f 1476/1581/1446 1494/1602/1464 1491/1599/1461
f 1478/1583/1448 1476/1581/1446 1491/1599/1461
f 1516/1624/1484 1515/1625/1485 1514/1626/1486
f 1517/1627/1487 1516/1624/1484 1514/1626/1486
f 1517/1627/1487 1514/1626/1486 1518/1628/1488
f 1519/1629/1489 1517/1627/1487 1518/1628/1488
f 1519/1629/1489 1518/1628/1488 1520/1630/1490
f 1521/1631/1491 1519/1629/1489 1520/1630/1490
f 1521/1631/1491 1520/1630/1490 1522/1632/1492
f 1523/1633/1493 1521/1631/1491 1522/1632/1492
f 1523/1633/1493 1522/1632/1492 1524/1634/1494
f 1525/1635/1495 1523/1633/1493 1524/1634/1494
f 1525/1635/1495 1524/1634/1494 1526/1636/1496
f 1527/1637/1497 1525/1635/1495 1526/1636/1496
f 1528/1638/1498 1516/1624/1484 1517/1627/1487
f 1529/1639/1499 1528/1638/1498 1517/1627/1487
f 1529/1639/1499 1517/1627/1487 1519/1629/1489
f 1530/1640/1500 1528/1638/1498 1529/1639/1499
f 1531/1641/1501 1530/1640/1500 1529/1639/1499
f 1531/1641/1501 1529/1639/1499 1532/1642/1502
f 1532/1642/1502 1529/1639/1499 1519/1629/1489
f 1532/1642/1502 1519/1629/1489 1521/1631/1491
f 1533/1643/1503 1531/1641/1501 1532/1642/1502
f 1533/1643/1503 1532/1642/1502 1534/1644/1504
f 1534/1644/1504 1532/1642/1502 1521/1631/1491
f 1534/1644/1504 1521/1631/1491 1523/1633/1493
f 1535/1645/1505 1533/1643/1503 1534/1644/1504
f 1535/1645/1505 1534/1644/1504 1536/1646/1506
f 1536/1646/1506 1534/1644/1504 1523/1633/1493
f 1536/1646/1506 1523/1633/1493 1525/1635/1495
f 1537/1647/1507 1535/1645/1505 1536/1646/1506
f 1537/1647/1507 1536/1646/1506 1538/1648/1508
f 1538/1648/1508 1536/1646/1506 1525/1635/1495
f 1538/1648/1508 1525/1635/1495 1527/1637/1497
f 1539/1649/1509 1537/1647/1507 1538/1648/1508
f 1539/1649/1509 1538/1648/1508 1540/1650/1510
f 1540/1650/1510 1538/1648/1508 1527/1637/1497
f 1541/1651/1511 1539/1649/1509 1540/1650/1510
f 1530/1640/1500 1542/1652/1512 1528/1638/1498
f 1542/1652/1512 1543/1653/1513 1528/1638/1498
f 1542/1652/1512 1544/1654/1514 1543/1653/1513
f 1544/1654/1514 1545/1655/1515 1543/1653/1513
f 1544/1654/1514 1546/1656/1516 1545/1655/1515
f 1546/1656/1516 1547/1657/1517 1545/1655/1515
f 1546/1656/1516 1548/1658/1518 1547/1657/1517
f 1548/1658/1518 1549/1659/1519 1547/1657/1517
f 1548/1658/1518 1550/1660/1520 1549/1659/1519
f 1550/1660/1520 1551/1661/1521 1549/1659/1519
f 1550/1660/1520 1541/1662/1511 1551/1661/1521
f 1541/1662/1511 1540/1663/1510 1551/1661/1521
f 1551/1661/1521 1540/1663/1510 1552/1664/1522
f 1540/1663/1510 1527/1665/1497 1552/1664/1522
f 1552/1664/1522 1527/1665/1497 1553/1666/1523
f 1527/1665/1497 1526/1667/1496 1553/1666/1523
f 1552/1664/1522 1553/1666/1523 1554/1668/1524
f 1555/1669/1525 1552/1664/1522 1554/1668/1524
f 1551/1661/1521 1552/1664/1522 1555/1669/1525
f 1549/1659/1519 1551/1661/1521 1555/1669/1525
f 1555/1669/1525 1554/1668/1524 1556/1670/1526
f 1557/1671/1527 1555/1669/1525 1556/1670/1526
f 1549/1659/1519 1555/1669/1525 1557/1671/1527
f 1547/1657/1517 1549/1659/1519 1557/1671/1527
f 1557/1671/1527 1556/1670/1526 1558/1672/1528
f 1559/1673/1529 1557/1671/1527 1558/1672/1528
f 1559/1673/1529 1558/1672/1528 1560/1674/1530
f 1561/1675/1531 1559/1673/1529 1560/1674/1530
f 1561/1675/1531 1560/1674/1530 1515/1676/1485
f 1516/1677/1484 1561/1675/1531 1515/1676/1485
f 1547/1657/1517 1557/1671/1527 1559/1673/1529
f 1545/1655/1515 1547/1657/1517 1559/1673/1529
f 1545/1655/1515 1559/1673/1529 1561/1675/1531
f 1543/1653/1513 1545/1655/1515 1561/1675/1531
f 1543/1653/1513 1561/1675/1531 1516/1677/1484
f 1528/1638/1498 1543/1653/1513 1516/1677/1484
f 1553/1666/1523 1526/1667/1496 1562/1678/1532
f 1554/1668/1524 1553/1666/1523 1562/1678/1532
f 1554/1668/1524 1562/1678/1532 1563/1679/1533
f 1556/1670/1526 1554/1668/1524 1563/1679/1533
f 1558/1672/1528 1556/1670/1526 1564/1680/1534
f 1560/1674/1530 1558/1672/1528 1564/1680/1534
f 1556/1670/1526 1563/1681/1533 1564/1680/1534
f 1560/1674/1530 1564/1680/1534 1565/1682/1535
f 1515/1676/1485 1560/1674/1530 1565/1682/1535
f 1563/1679/1533 1562/1678/1532 1566/1683/1536
f 1562/1678/1532 1567/1684/1537 1566/1683/1536
f 1526/1667/1496 1567/1684/1537 1562/1678/1532
f 1564/1680/1534 1563/1681/1533 1566/1685/1536
f 1565/1682/1535 1564/1680/1534 1566/1685/1536
f 1568/1686/1538 1458/1563/1428 1465/1570/1435
f 1568/1686/1538 1465/1570/1435 1467/1572/1437
f 1569/1687/1539 1568/1686/1538 1467/1572/1437
f 1569/1687/1539 1467/1572/1437 1469/1574/1439
f 1570/1688/1540 1569/1687/1539 1469/1574/1439
f 1570/1688/1540 1469/1574/1439 1471/1576/1441
f 1571/1689/1541 1570/1688/1540 1471/1576/1441
f 1571/1689/1541 1471/1576/1441 1473/1578/1443
f 1484/1591/1454 1571/1689/1541 1473/1578/1443
f 1457/1560/1427 1458/1563/1428 1568/1686/1538
f 1456/1557/1426 1457/1560/1427 1568/1686/1538
f 1456/1557/1426 1568/1686/1538 1569/1687/1539
f 1455/1555/1425 1456/1557/1426 1569/1687/1539
f 1455/1555/1425 1569/1687/1539 1570/1688/1540
f 1454/1553/1424 1455/1555/1425 1570/1688/1540
f 1454/1553/1424 1570/1688/1540 1571/1689/1541
f 1453/1551/1423 1454/1553/1424 1571/1689/1541
f 1453/1551/1423 1571/1689/1541 1484/1591/1454
f 1452/1549/1422 1453/1551/1423 1484/1591/1454
f 1452/1549/1422 1484/1591/1454 1485/1592/1455
f 1449/1543/1419 1452/1549/1422 1485/1592/1455
f 1449/1543/1419 1485/1592/1455 1486/1593/1456
f 1448/1542/1418 1449/1543/1419 1486/1593/1456
f 1448/1542/1418 1486/1593/1456 1487/1594/1457
f 1446/1539/1416 1448/1542/1418 1487/1594/1457
f 1446/1539/1416 1487/1594/1457 1488/1595/1458
f 1447/1540/1417 1446/1539/1416 1488/1595/1458
f 1447/1540/1417 1488/1595/1458 1489/1596/1459
f 1450/1546/1420 1447/1540/1417 1489/1596/1459
f 1450/1546/1420 1489/1596/1459 1459/1597/1429
f 1451/1548/1421 1450/1546/1420 1459/1597/1429
f 1480/1585/1450 1490/1598/1460 1501/1609/1471
f 1499/1607/1469 1530/1640/1500 1531/1641/1501
f 1497/1605/1467 1499/1607/1469 1531/1641/1501
f 1497/1605/1467 1531/1641/1501 1533/1643/1503
f 1495/1603/1465 1497/1605/1467 1533/1643/1503
f 1495/1603/1465 1533/1643/1503 1535/1645/1505
f 1493/1601/1463 1495/1603/1465 1535/1645/1505
f 1493/1601/1463 1535/1645/1505 1537/1647/1507
f 1492/1600/1462 1493/1601/1463 1537/1647/1507
f 1492/1600/1462 1537/1647/1507 1539/1649/1509
f 1500/1608/1470 1492/1600/1462 1539/1649/1509
f 1500/1608/1470 1539/1649/1509 1541/1651/1511
f 1502/1610/1472 1500/1608/1470 1541/1651/1511
f 1499/1607/1469 1505/1613/1475 1530/1640/1500
f 1505/1613/1475 1542/1652/1512 1530/1640/1500
f 1505/1613/1475 1507/1615/1477 1542/1652/1512
f 1507/1615/1477 1544/1654/1514 1542/1652/1512
f 1507/1615/1477 1509/1617/1479 1544/1654/1514
f 1509/1617/1479 1546/1656/1516 1544/1654/1514
f 1509/1617/1479 1511/1619/1481 1546/1656/1516
f 1511/1619/1481 1548/1658/1518 1546/1656/1516
f 1511/1619/1481 1513/1621/1483 1548/1658/1518
f 1513/1621/1483 1550/1660/1520 1548/1658/1518
f 1513/1621/1483 1502/1623/1472 1550/1660/1520
f 1502/1623/1472 1541/1662/1511 1550/1660/1520
f 1515/1625/1485 1565/1690/1535 1572/1691/1542
f 1514/1626/1486 1515/1625/1485 1572/1691/1542
f 1518/1628/1488 1514/1626/1486 1572/1691/1542
f 1518/1628/1488 1572/1691/1542 1573/1692/1543
f 1520/1630/1490 1518/1628/1488 1573/1692/1543
f 1566/1693/1536 1573/1692/1543 1572/1691/1542
f 1565/1690/1535 1566/1693/1536 1572/1691/1542
f 1520/1630/1490 1573/1694/1543 1574/1695/1544
f 1522/1632/1492 1520/1630/1490 1574/1695/1544
f 1524/1634/1494 1522/1632/1492 1574/1695/1544
f 1524/1634/1494 1574/1695/1544 1567/1696/1537
f 1526/1636/1496 1524/1634/1494 1567/1696/1537
f 1574/1695/1544 1573/1694/1543 1566/1697/1536
f 1567/1696/1537 1574/1695/1544 1566/1697/1536
f 1577/1698/1545 1576/1699/1546 1575/1700/1547
f 1578/1701/1548 1577/1698/1545 1575/1700/1547
f 1577/1698/1545 1579/1702/1549 1576/1699/1546
f 1579/1702/1549 1580/1703/1550 1576/1699/1546
f 1580/1703/1550 1581/1704/1551 1576/1699/1546
f 1582/1705/1552 1575/1700/1547 1576/1699/1546
f 1581/1704/1551 1582/1705/1552 1576/1699/1546
f 1582/1705/1552 1581/1704/1551 1583/1706/1553
f 1581/1704/1551 1584/1707/1554 1583/1706/1553
f 1581/1704/1551 1580/1703/1550 1584/1707/1554
f 1580/1703/1550 1585/1708/1555 1584/1707/1554
f 1585/1708/1555 657/1709/626 1584/1707/1554
f 657/1709/626 658/1710/627 1584/1707/1554
f 659/1711/628 1583/1706/1553 1584/1707/1554
f 658/1710/627 659/1711/628 1584/1707/1554
f 1579/1702/1549 1577/1698/1545 1586/1712/1556
f 1587/1713/1557 1579/1702/1549 1586/1712/1556
f 1588/1714/1558 1587/1713/1557 1586/1712/1556
f 1587/1713/1557 1588/1714/1558 1589/1715/1559
f 1590/1716/1560 1587/1713/1557 1589/1715/1559
f 668/1717/637 1590/1716/1560 1589/1715/1559
f 670/1718/639 668/1717/637 1589/1715/1559
f 671/1719/640 670/1718/639 1589/1715/1559
f 1591/1720/1561 671/1719/640 1589/1715/1559
f 1591/1720/1561 1589/1715/1559 1588/1714/1558
f 1592/1721/1562 1591/1720/1561 1588/1714/1558
f 1592/1721/1562 1588/1714/1558 1586/1712/1556
f 1593/1722/1563 1592/1721/1562 1586/1712/1556
f 1593/1722/1563 1586/1712/1556 1577/1698/1545
f 1578/1701/1548 1593/1722/1563 1577/1698/1545
f 668/1717/637 665/1723/634 1590/1716/1560
f 665/1723/634 1594/1724/1564 1590/1716/1560
f 1587/1713/1557 1590/1716/1560 1594/1724/1564
f 1594/1724/1564 665/1723/634 1585/1708/1555
f 665/1723/634 657/1709/626 1585/1708/1555
f 1594/1724/1564 1585/1708/1555 1580/1703/1550
f 1579/1702/1549 1594/1724/1564 1580/1703/1550
f 1579/1702/1549 1587/1713/1557 1594/1724/1564
f 671/1719/640 1591/1720/1561 644/1725/613
f 1591/1720/1561 1595/1726/1565 644/1725/613
f 1591/1720/1561 1592/1721/1562 1595/1726/1565
f 1592/1721/1562 1596/1727/1566 1595/1726/1565
f 1592/1721/1562 1593/1722/1563 1596/1727/1566
f 625/613/594 1595/1726/1565 1596/1727/1566
f 644/1725/613 1595/1726/1565 625/613/594
f 623/611/592 625/613/594 1596/1727/1566
f 627/615/596 644/1725/613 625/613/594
f 1593/1722/1563 1597/1728/1567 1596/1727/1566
f 1593/1722/1563 1578/1701/1548 1597/1728/1567
f 623/611/592 1596/1727/1566 1597/1728/1567
f 1578/1701/1548 1598/1729/1568 1597/1728/1567
f 1598/1729/1568 1578/1701/1548 1599/1730/1569
f 1578/1701/1548 1575/1700/1547 1599/1730/1569
f 1600/1731/1570 1599/1730/1569 1575/1700/1547
f 1582/1705/1552 1600/1731/1570 1575/1700/1547
f 1600/1731/1570 612/600/581 1599/1730/1569
f 612/600/581 613/599/580 1599/1730/1569
f 1598/1729/1568 1599/1730/1569 613/599/580
f 615/603/584 1598/1729/1568 613/599/580
f 1600/1731/1570 1582/1705/1552 1601/1732/1571
f 1582/1705/1552 1583/1706/1553 1601/1732/1571
f 675/1733/644 1601/1732/1571 1583/1706/1553
f 659/1711/628 675/1733/644 1583/1706/1553
f 675/1733/644 620/608/589 1601/1732/1571
f 620/608/589 618/606/587 1601/1732/1571
f 1600/1731/1570 1601/1732/1571 618/606/587
f 612/600/581 1600/1731/1570 618/606/587
f 615/603/584 621/609/590 1598/1729/1568
f 621/609/590 1597/1728/1567 1598/1729/1568
f 621/609/590 623/611/592 1597/1728/1567
f 671/681/640 644/654/613 645/655/614
f 820/831/789 1310/1369/1280 1309/1368/1279
f 818/829/787 820/831/789 1309/1368/1279
f 818/829/787 1309/1368/1279 1308/1367/1278
f 816/827/785 818/829/787 1308/1367/1278
f 816/827/785 1308/1367/1278 1291/1349/1261
f 802/813/771 816/827/785 1291/1349/1261
f 800/811/769 802/813/771 1291/1349/1261
f 1288/1346/1258 800/811/769 1291/1349/1261
f 799/810/768 800/811/769 1288/1346/1258
f 1289/1347/1259 799/810/768 1288/1346/1258
f 796/807/765 799/810/768 1289/1347/1259
f 1294/1352/1264 796/807/765 1289/1347/1259
f 794/805/763 796/807/765 1294/1352/1264
f 780/791/749 794/805/763 1294/1352/1264
f 806/817/775 793/804/762 778/789/747
f 779/790/748 806/817/775 778/789/747
f 806/817/775 779/790/748 782/793/751
f 807/818/776 806/817/775 782/793/751
f 807/818/776 782/793/751 784/795/753
f 810/821/779 807/818/776 784/795/753
f 810/821/779 784/795/753 811/822/780
f 784/795/753 787/798/756 811/822/780
f 811/822/780 787/798/756 814/825/783
f 787/798/756 791/802/760 814/825/783
f 814/825/783 791/802/760 1602/1734/1572
f 1205/1260/1175 1602/1734/1572 791/802/760
f 790/801/759 1205/1260/1175 791/802/760
f 1602/1734/1572 1205/1260/1175 1203/1258/1173
f 1602/1734/1572 1203/1258/1173 1603/1735/1573
f 1604/1736/1574 1602/1734/1572 1603/1735/1573
f 1604/1736/1574 814/825/783 1602/1734/1572
f 813/824/782 814/825/783 1604/1736/1574
f 1605/1737/1575 813/824/782 1604/1736/1574
f 1604/1736/1574 1603/1735/1573 1605/1737/1575
f 1603/1735/1573 1203/1258/1173 1199/1254/1169
f 1603/1735/1573 1199/1254/1169 1606/1738/1576
f 1603/1735/1573 1606/1738/1576 1605/1737/1575
f 1199/1254/1169 1200/1255/1170 1606/1738/1576
f 1200/1255/1170 1145/1200/1115 1606/1738/1576
f 1145/1200/1115 1607/1739/1577 1606/1738/1576
f 1606/1738/1576 1607/1739/1577 1605/1737/1575
f 1607/1739/1577 1145/1200/1115 1142/1197/1112
f 1142/1197/1112 1608/1740/1578 1607/1739/1577
f 1608/1740/1578 1609/1741/1579 1607/1739/1577
f 1607/1739/1577 1609/1741/1579 1605/1737/1575
f 1609/1741/1579 1608/1740/1578 1132/1187/1102
f 1131/1186/1101 1132/1187/1102 1608/1740/1578
f 1135/1190/1105 1131/1186/1101 1608/1740/1578
f 1608/1740/1578 1142/1197/1112 1135/1190/1105
f 1134/1189/1104 1609/1741/1579 1132/1187/1102
f 1605/1737/1575 1609/1741/1579 1134/1189/1104
f 813/824/782 1605/1737/1575 1134/1189/1104
f 921/932/890 930/941/899 912/923/881
f 949/1742/918 948/1743/917 1610/1744/1580
f 953/1745/922 949/1742/918 1610/1744/1580
f 1611/1746/1581 953/1745/922 1610/1744/1580
f 959/1747/928 953/1745/922 1611/1746/1581
f 1612/1748/1582 959/1747/928 1611/1746/1581
f 959/1747/928 1612/1748/1582 963/1749/932
f 1612/1748/1582 1613/1750/1583 963/1749/932
f 1612/1748/1582 1611/1746/1581 1614/1751/1584
f 1614/1751/1584 1611/1746/1581 1610/1744/1580
f 1615/1752/1585 1612/1748/1582 1614/1751/1584
f 1613/1750/1583 1612/1748/1582 1615/1752/1585
f 1615/1752/1585 1614/1751/1584 1616/1753/1586
f 1617/1754/1587 1615/1752/1585 1616/1753/1586
f 1615/1752/1585 1617/1754/1587 1618/1755/1588
f 1618/1755/1588 1613/1750/1583 1615/1752/1585
f 1617/1754/1587 1619/1756/1589 1618/1755/1588
f 1613/1750/1583 1618/1755/1588 1619/1756/1589
f 1617/1754/1587 1620/1757/1590 1619/1756/1589
f 1620/1757/1590 1621/1758/1591 1619/1756/1589
f 1622/1759/1592 1620/1757/1590 1617/1754/1587
f 1616/1753/1586 1622/1759/1592 1617/1754/1587
f 1620/1757/1590 1622/1759/1592 1623/1760/1593
f 1624/1761/1594 1620/1757/1590 1623/1760/1593
f 1625/1762/1595 1621/1758/1591 1620/1757/1590
f 1624/1761/1594 1625/1762/1595 1620/1757/1590
f 963/1749/932 1613/1750/1583 1626/1763/1596
f 1626/1763/1596 1613/1750/1583 1619/1756/1589
f 1626/1763/1596 1619/1756/1589 1621/1758/1591
f 969/1764/938 963/1749/932 1626/1763/1596
f 969/1764/938 1626/1763/1596 972/1765/941
f 1626/1763/1596 1627/1766/1597 972/1765/941
f 972/1765/941 1627/1766/1597 1043/1767/1013
f 1043/1767/1013 1627/1766/1597 1040/1768/1010
f 1627/1766/1597 1628/1769/1598 1040/1768/1010
f 1627/1766/1597 1626/1763/1596 1628/1769/1598
f 1040/1768/1010 1628/1769/1598 1629/1770/1599
f 1629/1770/1599 1628/1769/1598 1630/1771/1600
f 1631/1772/1601 1629/1770/1599 1630/1771/1600
f 1038/1773/1008 1040/1768/1010 1629/1770/1599
f 973/1774/942 972/1765/941 1043/1767/1013
f 1632/1775/1602 1630/1771/1600 1628/1769/1598
f 1633/1776/1603 1632/1775/1602 1628/1769/1598
f 1626/1763/1596 1633/1776/1603 1628/1769/1598
f 1631/1772/1601 1634/1777/1604 1629/1770/1599
f 1634/1777/1604 1635/1778/1605 1629/1770/1599
f 1629/1770/1599 1635/1778/1605 1038/1773/1008
f 1635/1778/1605 1634/1777/1604 1636/1779/1606
f 1637/1780/1607 1635/1778/1605 1636/1779/1606
f 1036/1781/1006 1635/1778/1605 1637/1780/1607
f 1635/1778/1605 1036/1781/1006 1038/1773/1008
f 1032/1782/1004 1036/1781/1006 1637/1780/1607
f 1032/1782/1004 1637/1780/1607 1638/1783/1608
f 1638/1783/1608 1637/1780/1607 1636/1779/1606
f 1035/1784/1005 1032/1782/1004 1638/1783/1608
f 1034/1785/1002 1035/1784/1005 1638/1783/1608
f 1639/1786/1609 1034/1785/1002 1638/1783/1608
f 1639/1786/1609 1638/1783/1608 1636/1779/1606
f 1632/1775/1602 1633/1776/1603 1621/1758/1591
f 1625/1762/1595 1632/1775/1602 1621/1758/1591
f 1633/1776/1603 1626/1763/1596 1621/1758/1591
f 1634/1777/1604 1640/1787/1610 1636/1779/1606
f 1640/1787/1610 1641/1788/1611 1636/1779/1606
f 1640/1787/1610 1060/1789/1030 1641/1788/1611
f 1060/1789/1030 1061/1790/1031 1641/1788/1611
f 1641/1788/1611 1061/1790/1031 1642/1791/1612
f 1034/1785/1002 1639/1786/1609 1642/1791/1612
f 1642/1791/1612 1639/1786/1609 1636/1779/1606
f 1641/1788/1611 1642/1791/1612 1636/1779/1606
f 1061/1790/1031 1062/1792/1032 1642/1791/1612
f 1062/1792/1032 1034/1785/1002 1642/1791/1612
f 1060/1789/1030 1640/1787/1610 1059/1793/1029
f 1640/1787/1610 1643/1794/1613 1059/1793/1029
f 1058/1795/1028 1059/1793/1029 1643/1794/1613
f 1644/1796/1614 1058/1795/1028 1643/1794/1613
f 1644/1796/1614 1643/1794/1613 1630/1771/1600
f 1643/1794/1613 1631/1772/1601 1630/1771/1600
f 1644/1796/1614 1645/1797/1615 1058/1795/1028
f 1645/1797/1615 1056/1798/1026 1058/1795/1028
f 1645/1797/1615 981/1799/950 1056/1798/1026
f 981/1799/950 980/1800/949 1056/1798/1026
f 1630/1771/1600 1632/1775/1602 1644/1796/1614
f 1632/1775/1602 1646/1801/1616 1644/1796/1614
f 1647/1802/1617 1645/1797/1615 1644/1796/1614
f 1646/1801/1616 1647/1802/1617 1644/1796/1614
f 1645/1797/1615 1647/1802/1617 981/1799/950
f 1647/1802/1617 982/1803/951 981/1799/950
f 1634/1777/1604 1631/1772/1601 1643/1794/1613
f 1640/1787/1610 1634/1777/1604 1643/1794/1613
f 985/1804/954 982/1803/951 1647/1802/1617
f 1648/1805/1618 985/1804/954 1647/1802/1617
f 1648/1805/1618 1649/1806/1619 985/1804/954
f 1649/1806/1619 986/1807/955 985/1804/954
f 986/1807/955 1649/1806/1619 1650/1808/1620
f 1650/1808/1620 1649/1806/1619 1651/1809/1621
f 1649/1806/1619 1652/1810/1622 1651/1809/1621
f 1649/1806/1619 1648/1805/1618 1652/1810/1622
f 1651/1809/1621 1652/1810/1622 1653/1811/1623
f 1652/1810/1622 1654/1812/1624 1653/1811/1623
f 1654/1812/1624 1652/1810/1622 1655/1813/1625
f 1648/1805/1618 1655/1813/1625 1652/1810/1622
f 1656/1814/1626 1654/1812/1624 1655/1813/1625
f 1648/1805/1618 1647/1802/1617 1656/1814/1626
f 1655/1813/1625 1648/1805/1618 1656/1814/1626
f 1657/1815/1627 1654/1812/1624 1656/1814/1626
f 1658/1816/1628 1657/1815/1627 1656/1814/1626
f 1659/1817/1629 1653/1811/1623 1654/1812/1624
f 1657/1815/1627 1659/1817/1629 1654/1812/1624
f 988/1818/957 986/1807/955 1650/1808/1620
f 988/1818/957 1650/1808/1620 1660/1819/1630
f 990/1820/959 988/1818/957 1660/1819/1630
f 990/1820/959 1660/1819/1630 992/1821/961
f 1660/1819/1630 993/1822/1631 992/1821/961
f 1659/1817/1629 1657/1815/1627 1623/1760/1593
f 1657/1815/1627 1624/1761/1594 1623/1760/1593
f 1625/1762/1595 1624/1761/1594 1657/1815/1627
f 1658/1816/1628 1625/1762/1595 1657/1815/1627
f 1632/1775/1602 1625/1762/1595 1658/1816/1628
f 1646/1801/1616 1632/1775/1602 1658/1816/1628
f 1647/1802/1617 1646/1801/1616 1658/1816/1628
f 1656/1814/1626 1647/1802/1617 1658/1816/1628
f 992/1821/1001 993/1822/1631 1661/1823/1632
f 1662/1824/1633 1661/1823/1632 993/1822/1631
f 1662/1824/1633 993/1822/1631 1663/1825/1634
f 993/1822/1631 1660/1819/1630 1663/1825/1634
f 1664/1826/1635 1662/1824/1633 1663/1825/1634
f 1664/1826/1635 1663/1825/1634 1665/1827/1636
f 1666/1828/1637 1664/1826/1635 1665/1827/1636
f 1667/1829/1638 1666/1828/1637 1665/1827/1636
f 1668/1830/1639 1667/1829/1638 1665/1827/1636
f 1667/1829/1638 1668/1830/1639 1669/1831/1640
f 1670/1832/1641 1667/1829/1638 1669/1831/1640
f 1671/1833/1642 1670/1832/1641 1669/1831/1640
f 1672/1834/1643 1671/1833/1642 1669/1831/1640
f 1671/1833/1642 1672/1834/1643 1673/1835/1644
f 1674/1836/1645 1671/1833/1642 1673/1835/1644
f 1675/1837/1646 1674/1836/1645 1673/1835/1644
f 1676/1838/1647 1675/1837/1646 1673/1835/1644
f 1677/1839/1648 1676/1838/1647 1673/1835/1644
f 1678/1840/1649 1676/1838/1647 1677/1839/1648
f 1679/1841/1650 1678/1840/1649 1677/1839/1648
f 948/1743/917 1679/1841/1650 1677/1839/1648
f 1024/1842/993 1679/1841/1650 948/1743/917
f 1670/1832/1641 1671/1833/1642 1157/1843/1127
f 1159/1844/1129 1670/1832/1641 1157/1843/1127
f 1671/1833/1642 1674/1836/1645 1156/1845/1126
f 1157/1843/1127 1671/1833/1642 1156/1845/1126
f 1674/1836/1645 1675/1837/1646 1156/1845/1126
f 1675/1837/1646 1676/1838/1647 1147/1846/1117
f 1676/1838/1647 1678/1840/1649 1147/1846/1117
f 1148/1847/1118 1675/1837/1646 1147/1846/1117
f 1675/1837/1646 1148/1847/1118 1156/1845/1126
f 1678/1840/1649 1679/1841/1650 1137/1848/1107
f 1139/1849/1109 1678/1840/1649 1137/1848/1107
f 1678/1840/1649 1139/1849/1109 1147/1846/1117
f 1679/1841/1650 1024/1842/993 860/1850/829
f 1137/1848/1107 1679/1841/1650 860/1850/829
f 948/1743/917 1677/1839/1648 1610/1744/1580
f 1677/1839/1648 1680/1851/1651 1610/1744/1580
f 1680/1851/1651 1614/1751/1584 1610/1744/1580
f 1616/1753/1586 1614/1751/1584 1680/1851/1651
f 1681/1852/1652 1616/1753/1586 1680/1851/1651
f 1622/1759/1592 1616/1753/1586 1681/1852/1652
f 1682/1853/1653 1622/1759/1592 1681/1852/1652
f 1682/1853/1653 1683/1854/1654 1622/1759/1592
f 1683/1854/1654 1623/1760/1593 1622/1759/1592
f 1683/1854/1654 1684/1855/1655 1623/1760/1593
f 1684/1855/1655 1659/1817/1629 1623/1760/1593
f 1659/1817/1629 1684/1855/1655 1653/1811/1623
f 1684/1855/1655 1685/1856/1656 1653/1811/1623
f 1651/1809/1621 1653/1811/1623 1685/1856/1656
f 1686/1857/1657 1651/1809/1621 1685/1856/1656
f 1650/1808/1620 1651/1809/1621 1686/1857/1657
f 1660/1819/1630 1650/1808/1620 1686/1857/1657
f 1660/1819/1630 1686/1857/1657 1663/1825/1634
f 1686/1857/1657 1685/1856/1656 1665/1827/1636
f 1663/1825/1634 1686/1857/1657 1665/1827/1636
f 1685/1856/1656 1684/1855/1655 1668/1830/1639
f 1665/1827/1636 1685/1856/1656 1668/1830/1639
f 1668/1830/1639 1684/1855/1655 1683/1854/1654
f 1669/1831/1640 1668/1830/1639 1683/1854/1654
f 1683/1854/1654 1682/1853/1653 1672/1834/1643
f 1669/1831/1640 1683/1854/1654 1672/1834/1643
f 1672/1834/1643 1682/1853/1653 1673/1835/1644
f 1682/1853/1653 1681/1852/1652 1673/1835/1644
f 1673/1835/1644 1681/1852/1652 1677/1839/1648
f 1681/1852/1652 1680/1851/1651 1677/1839/1648
f 1031/1858/1000 992/1821/1001 1661/1823/1632
f 917/1859/886 1031/1858/1000 1661/1823/1632
f 925/1860/894 917/1859/886 1661/1823/1632
f 925/1860/894 1661/1823/1632 1180/1861/1150
f 1661/1823/1632 1662/1824/1633 1180/1861/1150
f 1180/1861/1150 1662/1824/1633 1179/1862/1149
f 1662/1824/1633 1664/1826/1635 1179/1862/1149
f 1664/1826/1635 1172/1863/1142 1179/1862/1149
f 1172/1863/1142 1664/1826/1635 1171/1864/1141
f 1664/1826/1635 1666/1828/1637 1171/1864/1141
f 1666/1828/1637 1163/1865/1133 1171/1864/1141
f 1163/1865/1133 1666/1828/1637 1161/1866/1131
f 1666/1828/1637 1667/1829/1638 1161/1866/1131
f 1161/1866/1131 1667/1829/1638 1670/1832/1641
f 1159/1844/1129 1161/1866/1131 1670/1832/1641
f 1689/1867/1658 1688/1868/1659 1687/1869/1660
f 1690/1870/1661 1689/1867/1658 1687/1869/1660
f 1690/1870/1661 1687/1869/1660 1691/1871/1662
f 1692/1872/1663 1690/1870/1661 1691/1871/1662
f 1689/1867/1658 1693/1873/1664 1688/1868/1659
f 1693/1873/1664 1694/1874/1665 1688/1868/1659
f 1694/1874/1665 1693/1873/1664 1695/1875/1666
f 1693/1873/1664 1696/1876/1667 1695/1875/1666
f 1689/1867/1658 1690/1870/1661 1697/1877/1668
f 1689/1867/1658 1697/1877/1668 1693/1873/1664
f 1690/1870/1661 1698/1878/1669 1697/1877/1668
f 1690/1870/1661 1692/1872/1663 1698/1878/1669
f 1697/1877/1668 1698/1878/1669 1699/1879/1670
f 1700/1880/1671 1697/1877/1668 1699/1879/1670
f 1699/1879/1670 1698/1878/1669 1701/1881/1672
f 1692/1872/1663 1701/1881/1672 1698/1878/1669
f 1702/1882/1673 1699/1879/1670 1701/1881/1672
f 1703/1883/1674 1697/1877/1668 1700/1880/1671
f 1697/1877/1668 1703/1883/1674 1693/1873/1664
f 1696/1876/1667 1693/1873/1664 1703/1883/1674
f 1704/1884/1675 1703/1883/1674 1700/1880/1671
f 1705/1885/1676 1703/1883/1674 1704/1884/1675
f 1705/1885/1676 1696/1876/1667 1703/1883/1674
f 1706/1886/1677 1705/1885/1676 1704/1884/1675
f 1699/1879/1670 1702/1882/1673 1707/1887/1678
f 1708/1888/1679 1699/1879/1670 1707/1887/1678
f 1708/1888/1679 1707/1887/1678 1709/1889/1680
f 1710/1890/1681 1708/1888/1679 1709/1889/1680
f 1709/1889/1680 1711/1891/1682 1710/1890/1681
f 1711/1891/1682 1712/1892/1683 1710/1890/1681
f 1712/1892/1683 1711/1891/1682 1713/1893/1684
f 1714/1894/1685 1712/1892/1683 1713/1893/1684
f 1714/1894/1685 1715/1895/1686 1712/1892/1683
f 1715/1895/1686 1716/1896/1687 1712/1892/1683
f 1712/1892/1683 1716/1896/1687 1710/1890/1681
f 1710/1890/1681 1717/1897/1688 1708/1888/1679
f 1716/1896/1687 1717/1897/1688 1710/1890/1681
f 1717/1897/1688 1718/1898/1689 1708/1888/1679
f 1716/1896/1687 1715/1895/1686 1719/1899/1690
f 1720/1900/1691 1716/1896/1687 1719/1899/1690
f 1717/1897/1688 1716/1896/1687 1720/1900/1691
f 1719/1899/1690 1721/1901/1692 1720/1900/1691
f 1721/1901/1692 1722/1902/1693 1720/1900/1691
f 1722/1902/1693 1718/1898/1689 1717/1897/1688
f 1720/1900/1691 1722/1902/1693 1717/1897/1688
f 1721/1901/1692 1706/1886/1677 1722/1902/1693
f 1706/1886/1677 1704/1884/1675 1722/1902/1693
f 1722/1902/1693 1704/1884/1675 1718/1898/1689
f 1704/1884/1675 1700/1880/1671 1718/1898/1689
f 1718/1898/1689 1700/1880/1671 1699/1879/1670
f 1708/1888/1679 1718/1898/1689 1699/1879/1670
f 1723/1903/1694 1705/1904/1676 1706/1905/1677
f 1724/1906/1695 1723/1903/1694 1706/1905/1677
f 1725/1907/1696 1723/1903/1694 1724/1906/1695
f 1726/1908/1697 1725/1907/1696 1724/1906/1695
f 1725/1907/1696 1726/1908/1697 1727/1909/1698
f 1728/1910/1699 1725/1907/1696 1727/1909/1698
f 1723/1903/1694 1729/1911/1700 1705/1904/1676
f 1729/1911/1700 1696/1912/1667 1705/1904/1676
f 1729/1911/1700 1730/1913/1701 1696/1912/1667
f 1730/1913/1701 1729/1911/1700 1731/1914/1702
f 1729/1911/1700 1732/1915/1703 1731/1914/1702
f 1732/1915/1703 1729/1911/1700 1723/1903/1694
f 1725/1907/1696 1732/1915/1703 1723/1903/1694
f 1730/1913/1701 1731/1914/1702 1733/1916/1704
f 1733/1916/1704 1731/1914/1702 1734/1917/1705
f 1731/1914/1702 1735/1918/1706 1734/1917/1705
f 1731/1914/1702 1732/1915/1703 1735/1918/1706
f 1736/1919/1707 1730/1913/1701 1733/1916/1704
f 1695/1920/1666 1730/1913/1701 1736/1919/1707
f 1730/1913/1701 1695/1920/1666 1696/1912/1667
f 1228/1921/1198 1695/1920/1666 1736/1919/1707
f 1732/1915/1703 1737/1922/1708 1735/1918/1706
f 1737/1922/1708 1732/1915/1703 1725/1907/1696
f 1728/1910/1699 1737/1922/1708 1725/1907/1696
f 1727/1909/1698 1738/1923/1709 1728/1910/1699
f 1738/1923/1709 1739/1924/1710 1728/1910/1699
f 1728/1910/1699 1739/1924/1710 1737/1922/1708
f 1735/1918/1706 1737/1922/1708 1740/1925/1711
f 1737/1922/1708 1741/1926/1712 1740/1925/1711
f 1739/1924/1710 1741/1926/1712 1737/1922/1708
f 1735/1918/1706 1740/1925/1711 1742/1927/1713
f 1734/1917/1705 1735/1918/1706 1742/1927/1713
f 1739/1924/1710 1738/1923/1709 1743/1928/1714
f 1738/1923/1709 1744/1929/1715 1743/1928/1714
f 1745/1930/1716 1743/1928/1714 1744/1929/1715
f 1746/1931/1717 1745/1930/1716 1744/1929/1715
f 1745/1930/1716 1746/1931/1717 1747/1932/1718
f 1748/1933/1719 1745/1930/1716 1747/1932/1718
f 1748/1933/1719 1747/1932/1718 1749/1934/1720
f 1750/1935/1721 1748/1933/1719 1749/1934/1720
f 1751/1936/1722 1748/1933/1719 1750/1935/1721
f 1752/1937/1723 1751/1936/1722 1750/1935/1721
f 1753/1938/1724 1751/1936/1722 1752/1937/1723
f 1751/1936/1722 1753/1938/1724 1754/1939/1725
f 1755/1940/1726 1751/1936/1722 1754/1939/1725
f 1755/1940/1726 1745/1930/1716 1748/1933/1719
f 1751/1936/1722 1755/1940/1726 1748/1933/1719
f 1754/1939/1725 1753/1938/1724 1756/1941/1727
f 1756/1941/1727 1753/1938/1724 1757/1942/1728
f 1753/1938/1724 1758/1943/1729 1757/1942/1728
f 1758/1943/1729 1753/1938/1724 1752/1937/1723
f 1759/1944/1730 1754/1939/1725 1756/1941/1727
f 1760/1945/1731 1754/1939/1725 1759/1944/1730
f 1755/1940/1726 1754/1939/1725 1760/1945/1731
f 1761/1946/1732 1760/1945/1731 1759/1944/1730
f 1762/1947/1733 1755/1940/1726 1760/1945/1731
f 1755/1940/1726 1762/1947/1733 1745/1930/1716
f 1762/1947/1733 1743/1928/1714 1745/1930/1716
f 1762/1947/1733 1760/1945/1731 1740/1925/1711
f 1741/1926/1712 1762/1947/1733 1740/1925/1711
f 1742/1927/1713 1740/1925/1711 1760/1945/1731
f 1761/1946/1732 1742/1927/1713 1760/1945/1731
f 1739/1924/1710 1743/1928/1714 1762/1947/1733
f 1741/1926/1712 1739/1924/1710 1762/1947/1733
f 1757/1942/1728 1209/1948/1179 1756/1941/1727
f 1209/1948/1179 1763/1949/1734 1756/1941/1727
f 1763/1949/1734 1209/1948/1179 1764/1950/1735
f 1763/1949/1734 1764/1950/1735 1765/1951/1736
f 1766/1952/1737 1763/1949/1734 1765/1951/1736
f 1759/1944/1730 1766/1952/1737 1761/1946/1732
f 1209/1948/1179 1207/1953/1177 1764/1950/1735
f 1766/1952/1737 1765/1951/1736 1767/1954/1738
f 1768/1955/1739 1766/1952/1737 1767/1954/1738
f 1766/1952/1737 1768/1955/1739 1761/1946/1732
f 1768/1955/1739 1767/1954/1738 1769/1956/1740
f 1770/1957/1741 1768/1955/1739 1769/1956/1740
f 1771/1958/1742 1770/1957/1741 1769/1956/1740
f 1742/1927/1713 1770/1957/1741 1771/1958/1742
f 1772/1959/1743 1771/1958/1742 1769/1956/1740
f 1773/1960/1744 1771/1958/1742 1772/1959/1743
f 1774/1961/1745 1773/1960/1744 1772/1959/1743
f 1775/1962/1746 1773/1960/1744 1774/1961/1745
f 1776/1963/1747 1775/1962/1746 1774/1961/1745
f 1225/1964/1195 1775/1962/1746 1776/1963/1747
f 1226/1965/1196 1225/1964/1195 1776/1963/1747
f 1776/1963/1747 1774/1961/1745 1777/1966/1748
f 1778/1967/1749 1776/1963/1747 1777/1966/1748
f 1776/1963/1747 1778/1967/1749 1226/1965/1196
f 1778/1967/1749 1230/1968/1200 1226/1965/1196
f 1774/1961/1745 1772/1959/1743 1779/1969/1750
f 1777/1966/1748 1774/1961/1745 1779/1969/1750
f 1772/1959/1743 1769/1956/1740 1780/1970/1751
f 1779/1969/1750 1772/1959/1743 1780/1970/1751
f 1769/1956/1740 1767/1954/1738 1780/1970/1751
f 1767/1954/1738 1781/1971/1752 1780/1970/1751
f 1767/1954/1738 1765/1951/1736 1781/1971/1752
f 1765/1951/1736 1782/1972/1753 1781/1971/1752
f 1765/1951/1736 1764/1950/1735 1782/1972/1753
f 1764/1950/1735 1783/1973/1754 1782/1972/1753
f 1783/1973/1754 1764/1950/1735 1207/1953/1177
f 1204/1974/1174 1783/1973/1754 1207/1953/1177
f 1784/1975/1755 1783/1973/1754 1204/1974/1174
f 1205/1976/1175 1784/1975/1755 1204/1974/1174
f 1784/1975/1755 1205/1976/1175 790/1147/759
f 1098/1145/1068 1784/1975/1755 790/1147/759
f 1784/1975/1755 1098/1145/1068 1785/1977/1756
f 1783/1973/1754 1784/1975/1755 1785/1977/1756
f 1782/1972/1753 1783/1973/1754 1785/1977/1756
f 1098/1145/1068 1093/1140/1063 1785/1977/1756
f 1785/1977/1756 1093/1140/1063 1091/1138/1061
f 1786/1978/1757 1785/1977/1756 1091/1138/1061
f 1782/1972/1753 1785/1977/1756 1786/1978/1757
f 1781/1971/1752 1782/1972/1753 1786/1978/1757
f 1091/1138/1061 1090/1137/1060 1786/1978/1757
f 1090/1137/1060 1787/1979/1758 1786/1978/1757
f 1781/1971/1752 1786/1978/1757 1787/1979/1758
f 1780/1970/1751 1781/1971/1752 1787/1979/1758
f 1787/1979/1758 1090/1137/1060 1788/1980/1759
f 1090/1137/1060 1081/1128/1051 1788/1980/1759
f 1789/1981/1760 1788/1980/1759 1081/1128/1051
f 1080/1127/1050 1789/1981/1760 1081/1128/1051
f 1080/1127/1050 1083/1130/1053 1789/1981/1760
f 1083/1130/1053 1790/1982/1761 1789/1981/1760
f 1790/1982/1761 1083/1130/1053 1085/1132/1055
f 1250/1983/1220 1790/1982/1761 1085/1132/1055
f 1790/1982/1761 1250/1983/1220 1230/1968/1200
f 1778/1967/1749 1790/1982/1761 1230/1968/1200
f 1790/1982/1761 1778/1967/1749 1789/1981/1760
f 1778/1967/1749 1777/1966/1748 1789/1981/1760
f 1789/1981/1760 1777/1966/1748 1788/1980/1759
f 1777/1966/1748 1779/1969/1750 1788/1980/1759
f 1779/1969/1750 1780/1970/1751 1787/1979/1758
f 1788/1980/1759 1779/1969/1750 1787/1979/1758
f 1792/1984/1762 1791/1985/1763 1714/1986/1685
f 1713/1987/1684 1792/1984/1762 1714/1986/1685
f 1791/1985/1763 1792/1984/1762 1793/1988/1764
f 1794/1989/1765 1791/1985/1763 1793/1988/1764
f 1715/1990/1686 1714/1986/1685 1791/1985/1763
f 1795/1991/1766 1715/1990/1686 1791/1985/1763
f 1795/1991/1766 1791/1985/1763 1794/1989/1765
f 1796/1992/1767 1795/1991/1766 1794/1989/1765
f 1797/1993/1768 1794/1989/1765 1793/1988/1764
f 1794/1989/1765 1797/1993/1768 1796/1992/1767
f 1798/1994/1769 1797/1993/1768 1793/1988/1764
f 1797/1993/1768 1798/1994/1769 1799/1995/1770
f 1798/1994/1769 1800/1996/1771 1799/1995/1770
f 1797/1993/1768 1801/1997/1772 1796/1992/1767
f 1801/1997/1772 1797/1993/1768 1799/1995/1770
f 1715/1990/1686 1795/1991/1766 1719/1998/1690
f 1795/1991/1766 1802/1999/1773 1719/1998/1690
f 1796/1992/1767 1801/1997/1772 1802/1999/1773
f 1795/1991/1766 1796/1992/1767 1802/1999/1773
f 1719/1998/1690 1802/1999/1773 1721/2000/1692
f 1802/1999/1773 1803/2001/1774 1721/2000/1692
f 1802/1999/1773 1801/1997/1772 1803/2001/1774
f 1801/1997/1772 1804/2002/1775 1803/2001/1774
f 1804/2002/1775 1801/1997/1772 1799/1995/1770
f 1803/2001/1774 1724/1906/1695 1721/2000/1692
f 1724/1906/1695 1706/1905/1677 1721/2000/1692
f 1726/1908/1697 1724/1906/1695 1803/2001/1774
f 1804/2002/1775 1726/1908/1697 1803/2001/1774
f 1726/1908/1697 1804/2002/1775 1799/1995/1770
f 1727/1909/1698 1799/1995/1770 1800/1996/1771
f 1727/1909/1698 1726/1908/1697 1799/1995/1770
f 1738/1923/1709 1727/1909/1698 1800/1996/1771
f 1800/1996/1771 1798/1994/1769 1805/2003/1776
f 1798/1994/1769 1806/2004/1777 1805/2003/1776
f 1806/2004/1777 1798/1994/1769 1793/1988/1764
f 1807/2005/1778 1806/2004/1777 1793/1988/1764
f 1808/2006/1779 1807/2005/1778 1793/1988/1764
f 1792/2007/1762 1808/2006/1779 1793/1988/1764
f 1808/2006/1779 1792/2007/1762 1809/2008/1780
f 1792/2007/1762 1713/2009/1684 1809/2008/1780
f 1809/2008/1780 1810/2010/1781 1808/2006/1779
f 1810/2010/1781 1811/2011/1782 1808/2006/1779
f 1808/2006/1779 1811/2011/1782 1807/2005/1778
f 1811/2011/1782 1812/2012/1783 1807/2005/1778
f 1806/2004/1777 1807/2005/1778 1812/2012/1783
f 1813/2013/1784 1806/2004/1777 1812/2012/1783
f 1806/2004/1777 1813/2013/1784 1805/2003/1776
f 1811/2011/1782 1810/2010/1781 1814/2014/1785
f 1815/2015/1786 1811/2011/1782 1814/2014/1785
f 1812/2012/1783 1811/2011/1782 1815/2015/1786
f 1813/2013/1784 1812/2012/1783 1815/2015/1786
f 1815/2015/1786 1814/2014/1785 1816/2016/1787
f 1817/2017/1788 1815/2015/1786 1816/2016/1787
f 1813/2013/1784 1815/2015/1786 1817/2017/1788
f 1818/2018/1789 1813/2013/1784 1817/2017/1788
f 1813/2013/1784 1818/2018/1789 1805/2003/1776
f 1747/1932/1718 1817/2017/1788 1816/2016/1787
f 1749/1934/1720 1747/1932/1718 1816/2016/1787
f 1746/1931/1717 1818/2018/1789 1817/2017/1788
f 1747/1932/1718 1746/1931/1717 1817/2017/1788
f 1818/2018/1789 1746/1931/1717 1805/2003/1776
f 1746/1931/1717 1744/1929/1715 1805/2003/1776
f 1805/2003/1776 1744/1929/1715 1800/1996/1771
f 1744/1929/1715 1738/1923/1709 1800/1996/1771
f 1821/2019/1790 1820/2020/1791 1819/2021/1792
f 1822/2022/1793 1821/2019/1790 1819/2021/1792
f 1819/2021/1792 1820/2020/1791 1691/1871/1662
f 1820/2020/1791 1692/1872/1663 1691/1871/1662
f 1823/2023/1794 1821/2019/1790 1822/2022/1793
f 1824/2024/1795 1823/2023/1794 1822/2022/1793
f 1823/2023/1794 1824/2024/1795 1758/2025/1729
f 1752/2026/1723 1823/2023/1794 1758/2025/1729
f 1820/2020/1791 1821/2019/1790 1825/2027/1796
f 1825/2027/1796 1821/2019/1790 1823/2023/1794
f 1826/2028/1797 1820/2020/1791 1825/2027/1796
f 1692/1872/1663 1820/2020/1791 1826/2028/1797
f 1826/2028/1797 1825/2027/1796 1827/2029/1798
f 1825/2027/1796 1828/2030/1799 1827/2029/1798
f 1826/2028/1797 1827/2029/1798 1701/1881/1672
f 1701/1881/1672 1692/1872/1663 1826/2028/1797
f 1827/2029/1798 1702/1882/1673 1701/1881/1672
f 1825/2027/1796 1829/2031/1800 1828/2030/1799
f 1829/2031/1800 1825/2027/1796 1823/2023/1794
f 1823/2023/1794 1752/2026/1723 1829/2031/1800
f 1829/2031/1800 1830/2032/1801 1828/2030/1799
f 1829/2031/1800 1750/2033/1721 1830/2032/1801
f 1752/2026/1723 1750/2033/1721 1829/2031/1800
f 1750/2033/1721 1749/2034/1720 1830/2032/1801
f 1702/1882/1673 1827/2029/1798 1707/1887/1678
f 1827/2029/1798 1831/2035/1802 1707/1887/1678
f 1707/1887/1678 1831/2035/1802 1709/1889/1680
f 1831/2035/1802 1832/2036/1803 1709/1889/1680
f 1711/2037/1682 1709/1889/1680 1832/2036/1803
f 1833/2038/1804 1711/2037/1682 1832/2036/1803
f 1711/2037/1682 1833/2038/1804 1713/2039/1684
f 1833/2038/1804 1809/2040/1780 1713/2039/1684
f 1810/2041/1781 1809/2040/1780 1833/2038/1804
f 1834/2042/1805 1810/2041/1781 1833/2038/1804
f 1834/2042/1805 1833/2038/1804 1832/2036/1803
f 1835/2043/1806 1834/2042/1805 1832/2036/1803
f 1810/2041/1781 1834/2042/1805 1814/2044/1785
f 1834/2042/1805 1836/2045/1807 1814/2044/1785
f 1834/2042/1805 1835/2043/1806 1836/2045/1807
f 1816/2046/1787 1814/2044/1785 1836/2045/1807
f 1837/2047/1808 1816/2046/1787 1836/2045/1807
f 1837/2047/1808 1836/2045/1807 1835/2043/1806
f 1749/2034/1720 1816/2046/1787 1837/2047/1808
f 1832/2036/1803 1831/2035/1802 1838/2048/1809
f 1835/2043/1806 1832/2036/1803 1838/2048/1809
f 1838/2048/1809 1837/2047/1808 1835/2043/1806
f 1830/2032/1801 1837/2047/1808 1838/2048/1809
f 1830/2032/1801 1749/2034/1720 1837/2047/1808
f 1828/2030/1799 1830/2032/1801 1838/2048/1809
f 1828/2030/1799 1838/2048/1809 1827/2029/1798
f 1838/2048/1809 1831/2035/1802 1827/2029/1798
f 1210/1265/1180 1839/2049/1810 1213/1268/1183
f 1210/1265/1180 1209/1264/1179 1839/2049/1810
f 1209/1264/1179 1757/2050/1728 1839/2049/1810
f 1839/2049/1810 1824/2024/1795 1213/1268/1183
f 1824/2024/1795 1822/2022/1793 1213/1268/1183
f 1214/1269/1184 1213/1268/1183 1822/2022/1793
f 1819/2021/1792 1214/1269/1184 1822/2022/1793
f 1214/1269/1184 1819/2021/1792 1217/1272/1187
f 1819/2021/1792 1691/1871/1662 1217/1272/1187
f 1217/1272/1187 1691/1871/1662 1219/1274/1189
f 1691/1871/1662 1687/1869/1660 1219/1274/1189
f 1219/1274/1189 1687/1869/1660 1688/1868/1659
f 1221/1276/1191 1219/1274/1189 1688/1868/1659
f 1221/1276/1191 1688/1868/1659 1222/1277/1192
f 1688/1868/1659 1694/1874/1665 1222/1277/1192
f 1222/1277/1192 1694/1874/1665 1228/1283/1198
f 1694/1874/1665 1695/1875/1666 1228/1283/1198
f 1758/2025/1729 1824/2024/1795 1839/2049/1810
f 1757/2050/1728 1758/2025/1729 1839/2049/1810
f 857/2051/826 860/1850/829 1024/2052/993
f 1216/1271/1186 1218/1273/1188 1233/1288/1203
f 1235/1290/1205 1216/1271/1186 1233/1288/1203
f 1216/1271/1186 1235/1290/1205 1238/1293/1208
f 1215/1270/1185 1216/1271/1186 1238/1293/1208
f 1215/1270/1185 1238/1293/1208 1211/1266/1181
f 1238/1293/1208 1212/1267/1182 1211/1266/1181
f 1756/1941/1727 1763/1949/1734 1766/1952/1737
f 1759/1944/1730 1756/1941/1727 1766/1952/1737
f 1761/1946/1732 1768/1955/1739 1770/1957/1741
f 1742/1927/1713 1761/1946/1732 1770/1957/1741
f 1734/1917/1705 1742/1927/1713 1771/1958/1742
f 1734/1917/1705 1771/1958/1742 1733/1916/1704
f 1771/1958/1742 1773/1960/1744 1733/1916/1704
f 1733/1916/1704 1773/1960/1744 1775/1962/1746
f 1736/1919/1707 1733/1916/1704 1775/1962/1746
f 1736/1919/1707 1775/1962/1746 1228/1921/1198
f 1775/1962/1746 1225/1964/1195 1228/1921/1198
f 1842/2053/1811 1841/2054/1812 1840/2055/1813
f 1843/2056/1814 1842/2053/1811 1840/2055/1813
f 1842/2053/1811 1844/2057/1815 1841/2054/1812
f 1844/2057/1815 1845/2058/1816 1841/2054/1812
f 1843/2056/1814 1840/2055/1813 1846/2059/1817
f 1846/2059/1817 1840/2055/1813 1847/2060/1818
f 1840/2055/1813 1848/2061/1819 1847/2060/1818
f 1840/2055/1813 1841/2054/1812 1848/2061/1819
f 1849/2062/1820 1843/2056/1814 1846/2059/1817
f 1850/2063/1821 1845/2058/1816 1844/2057/1815
f 1850/2063/1821 1851/2064/1822 1845/2058/1816
f 1851/2064/1822 1852/2065/1823 1845/2058/1816
f 1853/2066/1824 1850/2063/1821 1844/2057/1815
f 1842/2053/1811 1843/2056/1814 1854/2067/1825
f 1854/2067/1825 1843/2056/1814 1849/2062/1820
f 1855/2068/1826 1842/2053/1811 1854/2067/1825
f 1842/2053/1811 1855/2068/1826 1844/2057/1815
f 1856/2069/1827 1854/2067/1825 1849/2062/1820
f 1854/2067/1825 1856/2069/1827 1857/2070/1828
f 1854/2067/1825 1857/2070/1828 1858/2071/1829
f 1855/2068/1826 1854/2067/1825 1858/2071/1829
f 1857/2070/1828 1859/2072/1830 1858/2071/1829
f 1857/2070/1828 1860/2073/1831 1859/2072/1830
f 1860/2073/1831 1861/2074/1832 1859/2072/1830
f 1858/2071/1829 1859/2072/1830 1861/2075/1832
f 1862/2076/1833 1858/2071/1829 1861/2075/1832
f 1858/2071/1829 1862/2076/1833 1863/2077/1834
f 1858/2071/1829 1863/2077/1834 1864/2078/1835
f 1864/2078/1835 1863/2077/1834 1865/2079/1836
f 1866/2080/1837 1864/2078/1835 1865/2079/1836
f 1867/2081/1838 1858/2071/1829 1864/2078/1835
f 1855/2068/1826 1858/2071/1829 1867/2081/1838
f 1862/2076/1833 1865/2082/1836 1863/2077/1834
f 1867/2081/1838 1864/2078/1835 1866/2083/1837
f 1868/2084/1839 1867/2081/1838 1866/2083/1837
f 1856/2069/1827 1860/2085/1831 1857/2070/1828
f 1844/2057/1815 1867/2081/1838 1868/2084/1839
f 1855/2068/1826 1867/2081/1838 1844/2057/1815
f 1853/2066/1824 1844/2057/1815 1868/2084/1839
f 1870/2086/1840 1869/2087/1841 1841/2054/1812
f 1871/2088/1842 1870/2086/1840 1841/2054/1812
f 1871/2088/1842 1841/2054/1812 1872/2089/1843
f 1841/2054/1812 1873/2090/1844 1872/2089/1843
f 1841/2054/1812 1869/2087/1841 1848/2061/1819
f 1847/2091/1818 1848/2061/1819 1869/2087/1841
f 1870/2092/1840 1847/2091/1818 1869/2087/1841
f 1841/2054/1812 1845/2058/1816 1873/2090/1844
f 1845/2058/1816 1852/2065/1823 1873/2090/1844
f 1872/2093/1843 1873/2090/1844 1852/2065/1823
f 1851/2094/1822 1872/2093/1843 1852/2065/1823
f 1876/2053/1845 1875/2056/1846 1874/2055/1847
f 1877/2054/1848 1876/2053/1845 1874/2055/1847
f 1878/2057/1849 1876/2053/1845 1877/2054/1848
f 1879/2058/1850 1878/2057/1849 1877/2054/1848
f 1874/2055/1847 1875/2056/1846 1880/2059/1851
f 1874/2055/1847 1880/2059/1851 1881/2060/1852
f 1882/2061/1853 1874/2055/1847 1881/2060/1852
f 1877/2054/1848 1874/2055/1847 1882/2061/1853
f 1875/2056/1846 1883/2062/1854 1880/2059/1851
f 1879/2058/1850 1884/2063/1855 1878/2057/1849
f 1885/2064/1856 1884/2063/1855 1879/2058/1850
f 1884/2063/1855 1886/2066/1857 1878/2057/1849
f 1875/2056/1846 1876/2053/1845 1887/2067/1858
f 1875/2056/1846 1887/2067/1858 1883/2062/1854
f 1876/2053/1845 1888/2068/1859 1887/2067/1858
f 1888/2068/1859 1876/2053/1845 1878/2057/1849
f 1887/2067/1858 1889/2069/1860 1883/2062/1854
f 1889/2069/1860 1887/2067/1858 1890/2070/1861
f 1890/2070/1861 1887/2067/1858 1891/2071/1862
f 1887/2067/1858 1888/2068/1859 1891/2071/1862
f 1892/2072/1863 1890/2070/1861 1891/2071/1862
f 1893/2073/1864 1890/2070/1861 1892/2072/1863
f 1894/2074/1865 1893/2073/1864 1892/2072/1863
f 1892/2072/1863 1891/2071/1862 1894/2075/1865
f 1891/2071/1862 1895/2076/1866 1894/2075/1865
f 1895/2076/1866 1891/2071/1862 1896/2077/1867
f 1896/2077/1867 1891/2071/1862 1897/2078/1868
f 1896/2077/1867 1897/2078/1868 1898/2079/1869
f 1897/2078/1868 1899/2080/1870 1898/2079/1869
f 1891/2071/1862 1900/2081/1871 1897/2078/1868
f 1891/2071/1862 1888/2068/1859 1900/2081/1871
f 1898/2082/1869 1895/2076/1866 1896/2077/1867
f 1897/2078/1868 1900/2081/1871 1899/2083/1870
f 1900/2081/1871 1901/2084/1872 1899/2083/1870
f 1893/2085/1864 1889/2069/1860 1890/2070/1861
f 1900/2081/1871 1878/2057/1849 1901/2084/1872
f 1900/2081/1871 1888/2068/1859 1878/2057/1849
f 1878/2057/1849 1886/2066/1857 1901/2084/1872
f 1903/2086/1873 1902/2088/1874 1877/2054/1848
f 1904/2087/1875 1903/2086/1873 1877/2054/1848
f 1877/2054/1848 1902/2088/1874 1905/2089/1876
f 1906/2090/1877 1877/2054/1848 1905/2089/1876
f 1904/2087/1875 1877/2054/1848 1882/2061/1853
f 1882/2061/1853 1881/2091/1852 1904/2087/1875
f 1881/2091/1852 1903/2092/1873 1904/2087/1875
f 1879/2058/1850 1877/2054/1848 1906/2090/1877
f 1885/2095/1856 1879/2058/1850 1906/2090/1877
f 1905/2093/1876 1885/2095/1856 1906/2090/1877
f 1909/2096/1878 1908/2097/1879 1907/2098/1880
f 1910/2099/1881 1909/2096/1878 1907/2098/1880
f 1911/2100/1882 1909/2096/1878 1910/2099/1881
f 1912/2101/1883 1911/2100/1882 1910/2099/1881
f 1913/2102/1884 1911/2100/1882 1912/2101/1883
f 1914/2103/1885 1913/2102/1884 1912/2101/1883
f 1915/2104/1886 1913/2102/1884 1914/2103/1885
f 1916/2105/1887 1915/2104/1886 1914/2103/1885
f 1917/2106/1888 1915/2104/1886 1916/2105/1887
f 1918/2107/1889 1917/2106/1888 1916/2105/1887
f 1919/2108/1890 1917/2106/1888 1918/2107/1889
f 1920/2109/1891 1919/2108/1890 1918/2107/1889
f 1921/2110/1892 1919/2108/1890 1920/2109/1891
f 1922/2111/1893 1921/2110/1892 1920/2109/1891
f 1923/2112/1894 1921/2110/1892 1922/2111/1893
f 1924/2113/1895 1923/2112/1894 1922/2111/1893
f 1925/2114/1896 1923/2112/1894 1924/2113/1895
f 1926/2115/1897 1925/2114/1896 1924/2113/1895
f 1927/2116/1898 1925/2114/1896 1926/2115/1897
f 1928/2117/1899 1927/2116/1898 1926/2115/1897
f 1929/2118/1900 1927/2116/1898 1928/2117/1899
f 1930/2119/1901 1929/2118/1900 1928/2117/1899
f 1931/2120/1902 1929/2118/1900 1930/2119/1901
f 1932/2121/1903 1931/2120/1902 1930/2119/1901
f 1933/2122/1904 1931/2120/1902 1932/2121/1903
f 1934/2123/1905 1933/2122/1904 1932/2121/1903
f 1935/2124/1906 1933/2122/1904 1934/2123/1905
f 1936/2125/1907 1935/2124/1906 1934/2123/1905
f 1937/2126/1908 1935/2124/1906 1936/2125/1907
f 1938/2127/1909 1937/2126/1908 1936/2125/1907
f 1939/2128/1910 1937/2126/1908 1938/2127/1909
f 1940/2129/1911 1939/2128/1910 1938/2127/1909
f 1941/2130/1912 1939/2128/1910 1940/2129/1911
f 1942/2131/1913 1941/2130/1912 1940/2129/1911
f 1943/2132/1914 1941/2130/1912 1942/2131/1913
f 1944/2133/1915 1943/2132/1914 1942/2131/1913
f 1945/2134/1916 1943/2132/1914 1944/2133/1915
f 1946/2135/1917 1945/2134/1916 1944/2133/1915
f 1908/2097/1879 1945/2134/1916 1946/2135/1917
f 1907/2098/1880 1908/2097/1879 1946/2135/1917
f 1947/2136/1918 1936/2125/1907 1934/2123/1905
f 1947/2136/1918 1938/2127/1909 1936/2125/1907
f 1947/2136/1918 1940/2129/1911 1938/2127/1909
f 1947/2136/1918 1942/2131/1913 1940/2129/1911
f 1947/2136/1918 1944/2133/1915 1942/2131/1913
f 1947/2136/1918 1946/2135/1917 1944/2133/1915
f 1947/2136/1918 1907/2098/1880 1946/2135/1917
f 1947/2136/1918 1910/2099/1881 1907/2098/1880
f 1947/2136/1918 1912/2101/1883 1910/2099/1881
f 1947/2136/1918 1914/2103/1885 1912/2101/1883
f 1947/2136/1918 1916/2105/1887 1914/2103/1885
f 1947/2136/1918 1918/2107/1889 1916/2105/1887
f 1947/2136/1918 1920/2109/1891 1918/2107/1889
f 1947/2136/1918 1922/2111/1893 1920/2109/1891
f 1947/2136/1918 1924/2113/1895 1922/2111/1893
f 1947/2136/1918 1926/2115/1897 1924/2113/1895
f 1947/2136/1918 1928/2117/1899 1926/2115/1897
f 1947/2136/1918 1930/2119/1901 1928/2117/1899
f 1947/2136/1918 1932/2121/1903 1930/2119/1901
f 1947/2136/1918 1934/2123/1905 1932/2121/1903
f 1948/2137/1919 1908/2138/1879 1909/2139/1878
f 1948/2137/1919 1909/2139/1878 1911/2140/1882
f 1948/2137/1919 1911/2140/1882 1913/2141/1884
f 1948/2137/1919 1913/2141/1884 1915/2142/1886
f 1948/2137/1919 1915/2142/1886 1917/2143/1888
f 1948/2137/1919 1917/2143/1888 1919/2144/1890
f 1948/2137/1919 1919/2144/1890 1921/2145/1892
f 1948/2137/1919 1921/2145/1892 1923/2146/1894
f 1948/2137/1919 1923/2146/1894 1925/2147/1896
f 1948/2137/1919 1925/2147/1896 1927/2148/1898
f 1948/2137/1919 1927/2148/1898 1929/2149/1900
f 1948/2137/1919 1929/2149/1900 1931/2150/1902
f 1948/2137/1919 1931/2150/1902 1933/2151/1904
f 1948/2137/1919 1933/2151/1904 1935/2152/1906
f 1948/2137/1919 1935/2152/1906 1937/2153/1908
f 1948/2137/1919 1937/2153/1908 1939/2154/1910
f 1948/2137/1919 1939/2154/1910 1941/2155/1912
f 1948/2137/1919 1941/2155/1912 1943/2156/1914
f 1948/2137/1919 1943/2156/1914 1945/2157/1916
f 1948/2137/1919 1945/2157/1916 1908/2138/1879
f 1951/2158/1920 1950/2159/1921 1949/2160/1922
f 1952/2161/1923 1951/2158/1920 1949/2160/1922
f 1951/2158/1920 1953/2162/1924 1950/2159/1921
f 1953/2162/1924 1954/2163/1925 1950/2159/1921
f 1953/2162/1924 1955/2164/1926 1954/2163/1925
f 1955/2164/1926 1956/2165/1927 1954/2163/1925
f 1955/2164/1926 1957/2166/1928 1956/2165/1927
f 1957/2166/1928 1958/2167/1929 1956/2165/1927
f 1957/2166/1928 1959/2168/1930 1958/2167/1929
f 1959/2168/1930 1960/2169/1931 1958/2167/1929
f 1959/2168/1930 1961/2170/1932 1960/2169/1931
f 1961/2170/1932 1962/2171/1933 1960/2169/1931
f 1961/2170/1932 1963/2172/1934 1962/2171/1933
f 1963/2172/1934 1964/2173/1935 1962/2171/1933
f 1963/2172/1934 1965/2174/1936 1964/2173/1935
f 1965/2174/1936 1966/2175/1937 1964/2173/1935
f 1965/2174/1936 1967/2176/1938 1966/2175/1937
f 1967/2176/1938 1968/2177/1939 1966/2175/1937
f 1967/2176/1938 1969/2178/1940 1968/2177/1939
f 1969/2178/1940 1970/2179/1941 1968/2177/1939
f 1969/2178/1940 1971/2180/1942 1970/2179/1941
f 1971/2180/1942 1972/2181/1943 1970/2179/1941
f 1971/2180/1942 1973/2182/1944 1972/2181/1943
f 1973/2182/1944 1974/2183/1945 1972/2181/1943
f 1973/2182/1944 1975/2184/1946 1974/2183/1945
f 1975/2184/1946 1976/2185/1947 1974/2183/1945
f 1975/2184/1946 1977/2186/1948 1976/2185/1947
f 1977/2186/1948 1978/2187/1949 1976/2185/1947
f 1977/2186/1948 1979/2188/1950 1978/2187/1949
f 1979/2188/1950 1980/2189/1951 1978/2187/1949
f 1979/2188/1950 1981/2190/1952 1980/2189/1951
f 1981/2190/1952 1982/2191/1953 1980/2189/1951
f 1981/2190/1952 1983/2192/1954 1982/2191/1953
f 1983/2192/1954 1984/2193/1955 1982/2191/1953
f 1983/2192/1954 1985/2194/1956 1984/2193/1955
f 1985/2194/1956 1986/2195/1957 1984/2193/1955
f 1985/2194/1956 1987/2196/1958 1986/2195/1957
f 1987/2196/1958 1988/2197/1959 1986/2195/1957
f 1987/2196/1958 1952/2161/1923 1988/2197/1959
f 1952/2161/1923 1949/2160/1922 1988/2197/1959
f 1978/2187/1949 1989/2198/1960 1976/2185/1947
f 1980/2189/1951 1989/2198/1960 1978/2187/1949
f 1982/2191/1953 1989/2198/1960 1980/2189/1951
f 1984/2193/1955 1989/2198/1960 1982/2191/1953
f 1986/2195/1957 1989/2198/1960 1984/2193/1955
f 1988/2197/1959 1989/2198/1960 1986/2195/1957
f 1949/2160/1922 1989/2198/1960 1988/2197/1959
f 1950/2159/1921 1989/2198/1960 1949/2160/1922
f 1954/2163/1925 1989/2198/1960 1950/2159/1921
f 1956/2165/1927 1989/2198/1960 1954/2163/1925
f 1958/2167/1929 1989/2198/1960 1956/2165/1927
f 1960/2169/1931 1989/2198/1960 1958/2167/1929
f 1962/2171/1933 1989/2198/1960 1960/2169/1931
f 1964/2173/1935 1989/2198/1960 1962/2171/1933
f 1966/2175/1937 1989/2198/1960 1964/2173/1935
f 1968/2177/1939 1989/2198/1960 1966/2175/1937
f 1970/2179/1941 1989/2198/1960 1968/2177/1939
f 1972/2181/1943 1989/2198/1960 1970/2179/1941
f 1974/2183/1945 1989/2198/1960 1972/2181/1943
f 1976/2185/1947 1989/2198/1960 1974/2183/1945
f 1952/2199/1923 1990/2200/1961 1951/2201/1920
f 1951/2201/1920 1990/2200/1961 1953/2202/1924
f 1953/2202/1924 1990/2200/1961 1955/2203/1926
f 1955/2203/1926 1990/2200/1961 1957/2204/1928
f 1957/2204/1928 1990/2200/1961 1959/2205/1930
f 1959/2205/1930 1990/2200/1961 1961/2206/1932
f 1961/2206/1932 1990/2200/1961 1963/2207/1934
f 1963/2207/1934 1990/2200/1961 1965/2208/1936
f 1965/2208/1936 1990/2200/1961 1967/2209/1938
f 1967/2209/1938 1990/2200/1961 1969/2210/1940
f 1969/2210/1940 1990/2200/1961 1971/2211/1942
f 1971/2211/1942 1990/2200/1961 1973/2212/1944
f 1973/2212/1944 1990/2200/1961 1975/2213/1946
f 1975/2213/1946 1990/2200/1961 1977/2214/1948
f 1977/2214/1948 1990/2200/1961 1979/2215/1950
f 1979/2215/1950 1990/2200/1961 1981/2216/1952
f 1981/2216/1952 1990/2200/1961 1983/2217/1954
f 1983/2217/1954 1990/2200/1961 1985/2218/1956
f 1985/2218/1956 1990/2200/1961 1987/2219/1958
f 1987/2219/1958 1990/2200/1961 1952/2199/1923
f 1993/2220/1962 1992/2221/1963 1991/2222/1964
f 1994/2223/1965 1993/2220/1962 1991/2222/1964
f 1995/2224/1966 1991/2222/1964 1992/2221/1963
f 1995/2224/1966 1996/2225/1967 1991/2222/1964
f 1996/2225/1967 1997/2226/1968 1991/2222/1964
f 1991/2222/1964 1997/2226/1968 1998/2227/1969
f 1994/2228/1965 1991/2222/1964 1998/2227/1969
f 1999/2229/1970 1995/2224/1966 1992/2221/1963
f 1992/2221/1963 1993/2220/1962 2000/2230/1971
f 1999/2229/1970 1992/2221/1963 2000/2230/1971
f 1993/2220/1962 2001/2231/1972 2000/2230/1971
f 1996/2225/1967 1995/2224/1966 2002/2232/1973
f 1995/2224/1966 2003/2233/1974 2002/2232/1973
f 1995/2224/1966 1999/2229/1970 2003/2233/1974
f 2004/2234/1975 1999/2229/1970 2000/2230/1971
f 2005/2235/1976 2000/2230/1971 2001/2231/1972
f 2006/2236/1977 2005/2235/1976 2001/2231/1972
f 2006/2236/1977 2007/2237/1978 2005/2235/1976
f 2007/2237/1978 2008/2238/1979 2005/2235/1976
f 2009/2239/1980 2008/2238/1979 2007/2237/1978
f 2010/2240/1981 2008/2238/1979 2009/2239/1980
f 2011/2241/1982 2010/2240/1981 2009/2239/1980
f 2012/2242/1983 2011/2241/1982 2009/2239/1980
f 2013/2243/1984 2012/2242/1983 2009/2239/1980
f 2013/2243/1984 2009/2239/1980 2014/2244/1985
f 2014/2244/1985 2009/2239/1980 2007/2237/1978
f 2015/2245/1986 2013/2243/1984 2014/2244/1985
f 2015/2245/1986 2014/2244/1985 2016/2246/1987
f 2017/2247/1988 2015/2245/1986 2016/2246/1987
f 2008/2238/1979 2010/2240/1981 2018/2248/1989
f 2005/2235/1976 2008/2238/1979 2018/2248/1989
f 2018/2248/1989 2010/2240/1981 2019/2249/1990
f 2010/2240/1981 2020/2250/1991 2019/2249/1990
f 2010/2240/1981 2011/2241/1982 2020/2250/1991
f 2021/2251/1992 2016/2246/1987 2014/2244/1985
f 2007/2237/1978 2021/2251/1992 2014/2244/1985
f 2022/2252/1993 2021/2251/1992 2007/2237/1978
f 2006/2236/1977 2022/2252/1993 2007/2237/1978
f 2022/2252/1993 2006/2236/1977 2001/2231/1972
f 2023/2253/1994 2022/2252/1993 2001/2231/1972
f 2019/2249/1990 2024/2254/1995 2018/2248/1989
f 2024/2254/1995 2004/2234/1975 2018/2248/1989
f 2004/2234/1975 2000/2230/1971 2018/2248/1989
f 2000/2230/1971 2005/2235/1976 2018/2248/1989
f 1999/2229/1970 2004/2234/1975 2024/2254/1995
f 2025/2255/1996 1999/2229/1970 2024/2254/1995
f 1999/2229/1970 2025/2255/1996 2003/2233/1974
f 2023/2253/1994 2001/2231/1972 1993/2220/1962
f 2026/2256/1997 2023/2253/1994 1993/2220/1962
f 2026/2256/1997 1993/2220/1962 1994/2223/1965
f 2027/2257/1998 2026/2256/1997 1994/2223/1965
f 2030/2258/1999 2029/2259/2000 2028/2260/2001
f 2031/2261/2002 2030/2258/1999 2028/2260/2001
f 2030/2258/1999 2031/2261/2002 2032/2262/2003
f 2033/2263/2004 2030/2258/1999 2032/2262/2003
f 2030/2258/1999 2033/2263/2004 2034/2264/2005
f 2029/2259/2000 2030/2258/1999 2034/2264/2005
f 2033/2263/2004 2035/2265/2006 2034/2264/2005
f 2036/2266/2007 2033/2263/2004 2032/2262/2003
f 2032/2262/2003 2037/2267/2008 2036/2266/2007
f 2037/2267/2008 2038/2268/2009 2036/2266/2007
f 2038/2268/2009 2039/2269/2010 2036/2266/2007
f 2038/2268/2009 2040/2270/2011 2039/2269/2010
f 2040/2270/2011 2041/2271/2012 2039/2269/2010
f 2042/2272/2013 2041/2271/2012 2040/2270/2011
f 2043/2273/2014 2042/2272/2013 2040/2270/2011
f 2036/2266/2007 2044/2274/2015 2033/2263/2004
f 2033/2263/2004 2044/2274/2015 2045/2275/2016
f 2035/2265/2006 2033/2263/2004 2045/2275/2016
f 2042/2272/2013 2043/2273/2014 2046/2276/2017
f 2047/2277/2018 2042/2272/2013 2046/2276/2017
f 2048/2278/2019 2047/2277/2018 2046/2276/2017
f 2046/2276/2017 2049/2279/2020 2048/2278/2019
f 2049/2279/2020 2050/2280/2021 2048/2278/2019
f 2051/2281/2022 2048/2278/2019 2050/2280/2021
f 2052/2282/2023 2051/2281/2022 2050/2280/2021
f 2053/2283/2024 2051/2281/2022 2052/2282/2023
f 2053/2283/2024 2054/2284/2025 2051/2281/2022
f 2054/2284/2025 2055/2285/2026 2051/2281/2022
f 2048/2278/2019 2051/2281/2022 2055/2285/2026
f 2056/2286/2027 2053/2283/2024 2052/2282/2023
f 2046/2276/2017 2057/2287/2028 2049/2279/2020
f 2046/2276/2017 2043/2273/2014 2057/2287/2028
f 2057/2287/2028 2058/2288/2029 2049/2279/2020
f 2049/2279/2020 2058/2288/2029 2050/2280/2021
f 2054/2284/2025 2059/2289/2030 2055/2285/2026
f 2059/2289/2030 2060/2290/2031 2055/2285/2026
f 2061/2291/2032 2048/2278/2019 2055/2285/2026
f 2055/2285/2026 2060/2290/2031 2061/2291/2032
f 2048/2278/2019 2062/2292/2033 2047/2277/2018
f 2060/2290/2031 2063/2293/2034 2061/2291/2032
f 2063/2293/2034 2060/2290/2031 1997/2226/1968
f 2060/2290/2031 1998/2227/1969 1997/2226/1968
f 2060/2290/2031 2059/2289/2030 1998/2227/1969
f 2063/2293/2034 2064/2294/2035 2061/2291/2032
f 2064/2294/2035 2065/2295/2036 2061/2291/2032
f 2065/2295/2036 2062/2292/2033 2048/2278/2019
f 2061/2291/2032 2065/2295/2036 2048/2278/2019
f 2063/2293/2034 1996/2225/1967 2064/2294/2035
f 1997/2226/1968 1996/2225/1967 2063/2293/2034
f 1996/2225/1967 2002/2232/1973 2064/2294/2035
f 2059/2289/2030 2066/2296/2037 1998/2227/1969
f 1994/2228/1965 1998/2227/1969 2066/2296/2037
f 2027/2297/1998 1994/2228/1965 2066/2296/2037
f 2058/2288/2029 2067/2298/2038 2050/2280/2021
f 2050/2280/2021 2067/2298/2038 2052/2282/2023
f 2067/2298/2038 2068/2299/2039 2052/2282/2023
f 2052/2282/2023 2068/2299/2039 2056/2286/2027
f 2068/2299/2039 2069/2300/2040 2056/2286/2027
f 2067/2298/2038 2058/2288/2029 2070/2301/2041
f 2058/2288/2029 2071/2302/2042 2070/2301/2041
f 2070/2301/2041 2071/2302/2042 2072/2303/2043
f 2072/2303/2043 2073/2304/2044 2070/2301/2041
f 2073/2304/2044 2074/2305/2045 2070/2301/2041
f 2067/2298/2038 2070/2301/2041 2074/2305/2045
f 2068/2299/2039 2067/2298/2038 2074/2305/2045
f 2073/2304/2044 2075/2306/2046 2074/2305/2045
f 2076/2307/2047 2075/2306/2046 2073/2304/2044
f 2077/2308/2048 2076/2307/2047 2073/2304/2044
f 2073/2304/2044 2072/2303/2043 2077/2308/2048
f 2075/2306/2046 2078/2309/2049 2074/2305/2045
f 2078/2309/2049 2069/2300/2040 2068/2299/2039
f 2074/2305/2045 2078/2309/2049 2068/2299/2039
f 2058/2288/2029 2057/2287/2028 2071/2302/2042
f 2057/2287/2028 2079/2310/2050 2071/2302/2042
f 2080/2311/2051 2076/2307/2047 2077/2308/2048
f 2081/2312/2052 2080/2311/2051 2077/2308/2048
f 2072/2303/2043 2082/2313/2053 2077/2308/2048
f 2081/2312/2052 2077/2308/2048 2082/2313/2053
f 2072/2303/2043 2071/2302/2042 2083/2314/2054
f 2071/2302/2042 2079/2310/2050 2083/2314/2054
f 2084/2315/2055 2083/2314/2054 2079/2310/2050
f 2085/2316/2056 2084/2315/2055 2079/2310/2050
f 2085/2316/2056 2079/2310/2050 2057/2287/2028
f 2085/2316/2056 2086/2317/2057 2084/2315/2055
f 2086/2317/2057 2087/2318/2058 2084/2315/2055
f 2087/2318/2058 2086/2317/2057 2088/2319/2059
f 2086/2317/2057 2089/2320/2060 2088/2319/2059
f 2088/2319/2059 2089/2320/2060 2090/2321/2061
f 2089/2320/2060 2091/2322/2062 2090/2321/2061
f 2090/2321/2061 2091/2322/2062 2092/2323/2063
f 2090/2321/2061 2092/2323/2063 2093/2324/2064
f 2093/2324/2064 2092/2323/2063 2094/2325/2065
f 2094/2325/2065 2095/2326/2066 2093/2324/2064
f 2095/2326/2066 2096/2327/2067 2093/2324/2064
f 2092/2323/2063 2097/2328/2068 2094/2325/2065
f 2097/2328/2068 2098/2329/2069 2094/2325/2065
f 2098/2329/2069 2099/2330/2070 2094/2325/2065
f 2094/2325/2065 2099/2330/2070 2095/2326/2066
f 2093/2324/2064 2100/2331/2071 2090/2321/2061
f 2101/2332/2072 2100/2331/2071 2093/2324/2064
f 2096/2327/2067 2101/2332/2072 2093/2324/2064
f 2096/2327/2067 2095/2326/2066 2102/2333/2073
f 2102/2333/2073 2095/2326/2066 2103/2334/2074
f 2104/2335/2075 2102/2333/2073 2103/2334/2074
f 2105/2336/2076 2104/2335/2075 2103/2334/2074
f 2103/2334/2074 2106/2337/2077 2105/2336/2076
f 2106/2337/2077 2107/2338/2078 2105/2336/2076
f 2105/2336/2076 2107/2338/2078 2108/2339/2079
f 2104/2335/2075 2105/2336/2076 2108/2339/2079
f 2107/2338/2078 2109/2340/2080 2108/2339/2079
f 2110/2341/2081 2104/2335/2075 2108/2339/2079
f 2110/2341/2081 2111/2342/2082 2104/2335/2075
f 2110/2341/2081 2112/2343/2083 2111/2342/2082
f 2112/2343/2083 2113/2344/2084 2111/2342/2082
f 2114/2345/2085 2112/2343/2083 2110/2341/2081
f 2108/2346/2079 2114/2345/2085 2110/2341/2081
f 2115/2347/2086 2114/2345/2085 2108/2346/2079
f 2109/2348/2080 2115/2347/2086 2108/2346/2079
f 2113/2344/2084 2112/2343/2083 2116/2349/2087
f 2112/2343/2083 2117/2350/2088 2116/2349/2087
f 2118/2351/2089 2117/2350/2088 2112/2343/2083
f 2114/2345/2085 2118/2351/2089 2112/2343/2083
f 2116/2349/2087 2117/2350/2088 2119/2352/2090
f 2116/2349/2087 2119/2352/2090 2120/2353/2091
f 2121/2354/2092 2116/2349/2087 2120/2353/2091
f 2113/2344/2084 2116/2349/2087 2121/2354/2092
f 2117/2350/2088 2122/2355/2093 2119/2352/2090
f 2117/2350/2088 2118/2351/2089 2122/2355/2093
f 2118/2351/2089 2123/2356/2094 2122/2355/2093
f 2123/2356/2094 2124/2357/2095 2122/2355/2093
f 2124/2357/2095 2125/2358/2096 2122/2355/2093
f 2119/2352/2090 2122/2355/2093 2125/2358/2096
f 2125/2358/2096 2124/2357/2095 2126/2359/2097
f 2127/2360/2098 2125/2358/2096 2126/2359/2097
f 2127/2360/2098 2126/2359/2097 2128/2361/2099
f 2126/2359/2097 2129/2362/2100 2128/2361/2099
f 2128/2361/2099 2130/2363/2101 2127/2360/2098
f 2130/2363/2101 2128/2361/2099 2131/2364/2102
f 2128/2361/2099 2132/2365/2103 2131/2364/2102
f 2133/2366/2104 2132/2365/2103 2128/2361/2099
f 2129/2367/2100 2133/2366/2104 2128/2361/2099
f 2130/2363/2101 2134/2368/2105 2127/2360/2098
f 2127/2360/2098 2134/2368/2105 2125/2358/2096
f 2130/2363/2101 2131/2364/2102 2135/2369/2106
f 2136/2370/2107 2130/2363/2101 2135/2369/2106
f 2134/2368/2105 2130/2363/2101 2136/2370/2107
f 2134/2368/2105 2137/2371/2108 2125/2358/2096
f 2123/2356/2094 2138/2372/2109 2124/2357/2095
f 2138/2372/2109 2123/2356/2094 2118/2351/2089
f 2139/2373/2110 2138/2372/2109 2118/2351/2089
f 2118/2351/2089 2114/2345/2085 2139/2373/2110
f 2114/2345/2085 2115/2347/2086 2139/2373/2110
f 2137/2371/2108 2134/2368/2105 2140/2374/2111
f 2137/2371/2108 2140/2374/2111 2119/2352/2090
f 2137/2371/2108 2119/2352/2090 2125/2358/2096
f 2140/2374/2111 2120/2353/2091 2119/2352/2090
f 2134/2368/2105 2141/2375/2112 2140/2374/2111
f 2141/2375/2112 2134/2368/2105 2136/2370/2107
f 2138/2372/2109 2142/2376/2113 2124/2357/2095
f 2124/2357/2095 2142/2376/2113 2126/2359/2097
f 2142/2376/2113 2143/2377/2114 2126/2359/2097
f 2126/2359/2097 2143/2377/2114 2129/2362/2100
f 2143/2377/2114 2144/2378/2115 2129/2362/2100
f 2147/2379/2116 2146/2380/2117 2145/2381/2118
f 2148/2382/2119 2147/2379/2116 2145/2381/2118
f 2148/2382/2119 2145/2381/2118 2149/2383/2120
f 2150/2384/2121 2148/2382/2119 2149/2383/2120
f 2149/2383/2120 2151/2385/2122 2150/2384/2121
f 2151/2385/2122 2152/2386/2123 2150/2384/2121
f 2152/2386/2123 2151/2385/2122 2153/2387/2124
f 2154/2388/2125 2152/2386/2123 2153/2387/2124
f 2147/2379/2116 2155/2389/2126 2146/2380/2117
f 2155/2389/2126 2156/2390/2127 2146/2380/2117
f 2157/2391/2128 2156/2390/2127 2155/2389/2126
f 2158/2392/2129 2157/2391/2128 2155/2389/2126
f 2157/2391/2128 2158/2392/2129 2159/2393/2130
f 2160/2394/2131 2157/2391/2128 2159/2393/2130
f 2160/2394/2131 2159/2393/2130 2161/2395/2132
f 2162/2396/2133 2160/2394/2131 2161/2395/2132
f 2161/2395/2132 2163/2397/2134 2162/2396/2133
f 2163/2397/2134 2164/2398/2135 2162/2396/2133
f 2163/2397/2134 2165/2399/2136 2164/2398/2135
f 2165/2399/2136 2166/2400/2137 2164/2398/2135
f 2165/2399/2136 2167/2401/2138 2166/2400/2137
f 2167/2401/2138 2168/2402/2139 2166/2400/2137
f 2168/2402/2139 2167/2401/2138 2169/2403/2140
f 2167/2401/2138 2170/2404/2141 2169/2403/2140
f 2169/2403/2140 2170/2404/2141 2171/2405/2142
f 2170/2404/2141 2172/2406/2143 2171/2405/2142
f 2171/2405/2142 2172/2406/2143 2173/2407/2144
f 2174/2408/2145 2171/2405/2142 2173/2407/2144
f 2173/2407/2144 2175/2409/2146 2174/2408/2145
f 2175/2409/2146 2176/2410/2147 2174/2408/2145
f 2175/2409/2146 2177/2411/2148 2176/2410/2147
f 2177/2411/2148 2175/2409/2146 2178/2412/2149
f 2175/2409/2146 2179/2413/2150 2178/2412/2149
f 2179/2413/2150 2180/2414/2151 2178/2412/2149
f 2180/2414/2151 2181/2415/2152 2178/2412/2149
f 2181/2415/2152 2180/2414/2151 2182/2416/2153
f 2183/2417/2154 2181/2415/2152 2182/2416/2153
f 2184/2418/2155 2183/2417/2154 2182/2416/2153
f 2185/2419/2156 2184/2418/2155 2182/2416/2153
f 2186/2420/2157 2184/2418/2155 2185/2419/2156
f 2153/2387/2124 2186/2420/2157 2185/2419/2156
f 2187/2421/2158 2177/2411/2148 2178/2412/2149
f 2154/2388/2125 2153/2387/2124 2185/2419/2156
f 2183/2417/2154 2188/2422/2159 2181/2415/2152
f 2188/2422/2159 2183/2417/2154 2184/2418/2155
f 2188/2422/2159 2189/2423/2160 2181/2415/2152
f 2181/2415/2152 2189/2423/2160 2178/2412/2149
f 2190/2424/2161 2188/2422/2159 2184/2418/2155
f 2190/2424/2161 2184/2418/2155 2186/2420/2157
f 2191/2425/2162 2190/2424/2161 2186/2420/2157
f 2189/2423/2160 2192/2426/2163 2178/2412/2149
f 2191/2425/2162 2193/2427/2164 2190/2424/2161
f 2194/2428/2165 2193/2427/2164 2191/2425/2162
f 2195/2429/2166 2194/2428/2165 2191/2425/2162
f 2194/2428/2165 2195/2429/2166 2196/2430/2167
f 2195/2429/2166 2197/2431/2168 2196/2430/2167
f 2198/2432/2169 2196/2430/2167 2197/2431/2168
f 2199/2433/2170 2198/2432/2169 2197/2431/2168
f 2200/2434/2171 2198/2432/2169 2199/2433/2170
f 2201/2435/2172 2200/2434/2171 2199/2433/2170
f 2202/2436/2173 2200/2434/2171 2201/2435/2172
f 2203/2437/2174 2202/2436/2173 2201/2435/2172
f 2202/2436/2173 2203/2437/2174 2204/2438/2175
f 2205/2439/2176 2202/2436/2173 2204/2438/2175
f 2205/2439/2176 2204/2438/2175 2206/2440/2177
f 2204/2438/2175 2207/2441/2178 2206/2440/2177
f 2208/2442/2179 2206/2440/2177 2207/2441/2178
f 2209/2443/2180 2208/2442/2179 2207/2441/2178
f 2210/2444/2181 2208/2442/2179 2209/2443/2180
f 2211/2445/2182 2210/2444/2181 2209/2443/2180
f 2210/2444/2181 2211/2445/2182 2212/2446/2183
f 2211/2445/2182 2213/2447/2184 2212/2446/2183
f 2214/2448/2185 2212/2446/2183 2213/2447/2184
f 2215/2449/2186 2214/2448/2185 2213/2447/2184
f 2214/2448/2185 2215/2449/2186 2216/2450/2187
f 2217/2451/2188 2214/2448/2185 2216/2450/2187
f 2217/2451/2188 2216/2450/2187 2218/2452/2189
f 2219/2453/2190 2217/2451/2188 2218/2452/2189
f 2219/2453/2190 2218/2452/2189 2220/2454/2191
f 2218/2452/2189 2221/2455/2192 2220/2454/2191
f 2222/2456/2193 2220/2454/2191 2221/2455/2192
f 2223/2457/2194 2222/2456/2193 2221/2455/2192
f 2224/2458/2195 2222/2456/2193 2223/2457/2194
f 2222/2456/2193 2224/2458/2195 2178/2412/2149
f 2192/2426/2163 2222/2456/2193 2178/2412/2149
f 2224/2458/2195 2187/2421/2158 2178/2412/2149
f 2015/2459/1986 2017/2460/1988 2225/2461/2196
f 2226/2462/2197 2015/2459/1986 2225/2461/2196
f 2225/2461/2196 2227/2463/2198 2226/2462/2197
f 2227/2463/2198 2228/2464/2199 2226/2462/2197
f 2015/2459/1986 2226/2462/2197 2229/2465/2200
f 2229/2465/2200 2226/2462/2197 2228/2464/2199
f 2013/2243/1984 2015/2459/1986 2229/2465/2200
f 2012/2242/1983 2013/2243/1984 2229/2465/2200
f 2230/2466/2201 2012/2242/1983 2229/2465/2200
f 2231/2467/2202 2229/2465/2200 2228/2464/2199
f 2229/2465/2200 2231/2467/2202 2232/2468/2203
f 2230/2466/2201 2229/2465/2200 2232/2468/2203
f 2233/2469/2204 2228/2464/2199 2227/2463/2198
f 2234/2470/2205 2233/2469/2204 2227/2463/2198
f 2228/2464/2199 2233/2469/2204 2034/2264/2005
f 2231/2467/2202 2228/2464/2199 2034/2264/2005
f 2231/2467/2202 2034/2264/2005 2035/2265/2006
f 2232/2468/2203 2231/2467/2202 2035/2265/2006
f 2012/2242/1983 2230/2466/2201 2235/2471/2206
f 2012/2242/1983 2235/2471/2206 2236/2472/2207
f 2011/2241/1982 2012/2242/1983 2236/2472/2207
f 2011/2241/1982 2236/2472/2207 2020/2250/1991
f 2230/2466/2201 2237/2473/2208 2235/2471/2206
f 2230/2466/2201 2232/2468/2203 2237/2473/2208
f 2232/2468/2203 2238/2474/2209 2237/2473/2208
f 2232/2468/2203 2035/2265/2006 2238/2474/2209
f 2035/2265/2006 2045/2275/2016 2238/2474/2209
f 2233/2469/2204 2029/2259/2000 2034/2264/2005
f 2233/2469/2204 2234/2470/2205 2029/2259/2000
f 2234/2470/2205 2239/2475/2210 2029/2259/2000
f 2028/2260/2001 2029/2259/2000 2239/2475/2210
f 2240/2476/2211 2028/2260/2001 2239/2475/2210
f 2028/2260/2001 2240/2476/2211 2241/2477/2212
f 2241/2477/2212 2242/2478/2213 2028/2260/2001
f 2242/2478/2213 2031/2261/2002 2028/2260/2001
f 2031/2261/2002 2242/2478/2213 2243/2479/2214
f 2032/2262/2003 2031/2261/2002 2243/2479/2214
f 2243/2479/2214 2244/2480/2215 2032/2262/2003
f 2244/2480/2215 2037/2267/2008 2032/2262/2003
f 2244/2480/2215 2245/2481/2216 2037/2267/2008
f 2245/2481/2216 2038/2268/2009 2037/2267/2008
f 2038/2268/2009 2245/2481/2216 2246/2482/2217
f 2040/2270/2011 2038/2268/2009 2246/2482/2217
f 2040/2270/2011 2246/2482/2217 2247/2483/2218
f 2043/2273/2014 2040/2270/2011 2247/2483/2218
f 2043/2273/2014 2247/2483/2218 2057/2287/2028
f 2240/2476/2211 2248/2484/2219 2241/2477/2212
f 2241/2477/2212 2098/2329/2069 2242/2478/2213
f 2098/2329/2069 2097/2328/2068 2242/2478/2213
f 2242/2478/2213 2097/2328/2068 2243/2479/2214
f 2243/2479/2214 2092/2323/2063 2244/2480/2215
f 2097/2328/2068 2092/2323/2063 2243/2479/2214
f 2092/2323/2063 2091/2322/2062 2244/2480/2215
f 2244/2480/2215 2091/2322/2062 2245/2481/2216
f 2091/2322/2062 2089/2320/2060 2245/2481/2216
f 2245/2481/2216 2089/2320/2060 2246/2482/2217
f 2247/2483/2218 2085/2316/2056 2057/2287/2028
f 2086/2317/2057 2085/2316/2056 2247/2483/2218
f 2246/2482/2217 2086/2317/2057 2247/2483/2218
f 2089/2320/2060 2086/2317/2057 2246/2482/2217
f 2098/2329/2069 2250/2485/2220 2249/2486/2221
f 2099/2330/2070 2098/2329/2069 2249/2486/2221
f 2099/2330/2070 2249/2486/2221 2251/2487/2222
f 2252/2488/2223 2099/2330/2070 2251/2487/2222
f 2251/2487/2222 2106/2337/2077 2252/2488/2223
f 2106/2337/2077 2103/2334/2074 2252/2488/2223
f 2095/2326/2066 2252/2488/2223 2103/2334/2074
f 2099/2330/2070 2252/2488/2223 2095/2326/2066
f 2250/2485/2220 2098/2329/2069 2241/2477/2212
f 2248/2484/2219 2250/2485/2220 2241/2477/2212
f 2227/2463/2198 2171/2489/2142 2174/2490/2145
f 2234/2470/2205 2227/2463/2198 2174/2490/2145
f 2171/2489/2142 2227/2463/2198 2225/2461/2196
f 2169/2491/2140 2171/2489/2142 2225/2461/2196
f 2169/2491/2140 2225/2461/2196 2017/2460/1988
f 2168/2492/2139 2169/2491/2140 2017/2460/1988
f 2174/2490/2145 2176/2493/2147 2234/2470/2205
f 2176/2493/2147 2239/2475/2210 2234/2470/2205
f 2176/2493/2147 2177/2494/2148 2239/2475/2210
f 2177/2494/2148 2240/2476/2211 2239/2475/2210
f 2240/2476/2211 2177/2494/2148 2187/2495/2158
f 2248/2484/2219 2240/2476/2211 2187/2495/2158
f 2250/2485/2220 2248/2484/2219 2187/2495/2158
f 2224/2496/2195 2250/2485/2220 2187/2495/2158
f 2250/2485/2220 2224/2496/2195 2249/2486/2221
f 2224/2496/2195 2223/2497/2194 2249/2486/2221
f 2249/2486/2221 2223/2497/2194 2251/2487/2222
f 2223/2497/2194 2221/2498/2192 2251/2487/2222
f 2106/2337/2077 2251/2487/2222 2221/2498/2192
f 2218/2499/2189 2106/2337/2077 2221/2498/2192
f 2106/2337/2077 2218/2499/2189 2107/2338/2078
f 2218/2499/2189 2216/2500/2187 2107/2338/2078
f 2107/2338/2078 2216/2500/2187 2109/2340/2080
f 2216/2500/2187 2215/2501/2186 2109/2340/2080
f 2145/2502/2118 2059/2289/2030 2054/2284/2025
f 2149/2503/2120 2145/2502/2118 2054/2284/2025
f 2149/2503/2120 2054/2284/2025 2053/2283/2024
f 2151/2504/2122 2149/2503/2120 2053/2283/2024
f 2053/2283/2024 2056/2286/2027 2151/2504/2122
f 2056/2286/2027 2153/2505/2124 2151/2504/2122
f 2059/2289/2030 2145/2502/2118 2146/2506/2117
f 2066/2296/2037 2059/2289/2030 2146/2506/2117
f 2066/2296/2037 2146/2506/2117 2156/2507/2127
f 2027/2297/1998 2066/2296/2037 2156/2507/2127
f 2056/2286/2027 2069/2300/2040 2153/2505/2124
f 2069/2300/2040 2186/2508/2157 2153/2505/2124
f 2186/2508/2157 2069/2300/2040 2191/2509/2162
f 2069/2300/2040 2078/2309/2049 2191/2509/2162
f 2191/2509/2162 2078/2309/2049 2195/2510/2166
f 2078/2309/2049 2075/2306/2046 2195/2510/2166
f 2197/2511/2168 2195/2510/2166 2075/2306/2046
f 2076/2307/2047 2197/2511/2168 2075/2306/2046
f 2199/2512/2170 2197/2511/2168 2076/2307/2047
f 2080/2311/2051 2199/2512/2170 2076/2307/2047
f 2199/2512/2170 2080/2311/2051 2201/2513/2172
f 2080/2311/2051 2253/2514/2224 2201/2513/2172
f 2201/2513/2172 2253/2514/2224 2203/2515/2174
f 2253/2514/2224 2144/2516/2115 2203/2515/2174
f 2023/2253/1994 2160/2517/2131 2162/2518/2133
f 2022/2252/1993 2023/2253/1994 2162/2518/2133
f 2022/2252/1993 2162/2518/2133 2164/2519/2135
f 2021/2251/1992 2022/2252/1993 2164/2519/2135
f 2021/2251/1992 2164/2519/2135 2166/2520/2137
f 2016/2246/1987 2021/2251/1992 2166/2520/2137
f 2166/2520/2137 2168/2521/2139 2016/2246/1987
f 2168/2521/2139 2017/2247/1988 2016/2246/1987
f 2023/2253/1994 2026/2256/1997 2160/2517/2131
f 2026/2256/1997 2157/2522/2128 2160/2517/2131
f 2157/2522/2128 2026/2256/1997 2027/2257/1998
f 2156/2523/2127 2157/2522/2128 2027/2257/1998
f 2111/2342/2082 2254/2524/2225 2104/2335/2075
f 2254/2524/2225 2255/2525/2226 2104/2335/2075
f 2255/2525/2226 2102/2333/2073 2104/2335/2075
f 2255/2525/2226 2096/2327/2067 2102/2333/2073
f 2111/2342/2082 2256/2526/2227 2254/2524/2225
f 2257/2527/2228 2256/2526/2227 2111/2342/2082
f 2113/2344/2084 2257/2527/2228 2111/2342/2082
f 2257/2527/2228 2113/2344/2084 2121/2354/2092
f 2256/2526/2227 2258/2528/2229 2254/2524/2225
f 2255/2525/2226 2254/2524/2225 2258/2528/2229
f 2259/2529/2230 2255/2525/2226 2258/2528/2229
f 2096/2327/2067 2255/2525/2226 2259/2529/2230
f 2101/2332/2072 2096/2327/2067 2259/2529/2230
f 2083/2314/2054 2260/2530/2231 2072/2303/2043
f 2072/2303/2043 2260/2530/2231 2261/2531/2232
f 2082/2313/2053 2072/2303/2043 2261/2531/2232
f 2261/2531/2232 2262/2532/2233 2082/2313/2053
f 2262/2532/2233 2263/2533/2234 2082/2313/2053
f 2263/2533/2234 2081/2312/2052 2082/2313/2053
f 2263/2533/2234 2132/2365/2103 2081/2312/2052
f 2132/2365/2103 2133/2366/2104 2081/2312/2052
f 2131/2364/2102 2263/2533/2234 2262/2532/2233
f 2131/2364/2102 2132/2365/2103 2263/2533/2234
f 2135/2369/2106 2131/2364/2102 2262/2532/2233
f 2081/2312/2052 2133/2366/2104 2080/2311/2051
f 2133/2366/2104 2253/2514/2224 2080/2311/2051
f 2133/2366/2104 2129/2367/2100 2253/2514/2224
f 2129/2367/2100 2144/2516/2115 2253/2514/2224
f 2142/2376/2113 2138/2372/2109 2209/2534/2180
f 2207/2535/2178 2142/2376/2113 2209/2534/2180
f 2209/2534/2180 2138/2372/2109 2211/2536/2182
f 2138/2372/2109 2139/2373/2110 2211/2536/2182
f 2211/2536/2182 2139/2373/2110 2213/2537/2184
f 2139/2373/2110 2115/2347/2086 2213/2537/2184
f 2215/2538/2186 2213/2537/2184 2115/2347/2086
f 2109/2348/2080 2215/2538/2186 2115/2347/2086
f 2143/2377/2114 2142/2376/2113 2207/2535/2178
f 2204/2539/2175 2143/2377/2114 2207/2535/2178
f 2143/2377/2114 2204/2539/2175 2144/2378/2115
f 2204/2539/2175 2203/2540/2174 2144/2378/2115
f 2158/2541/2129 2025/2542/1996 2024/2543/1995
f 2159/2544/2130 2158/2541/2129 2024/2543/1995
f 2158/2541/2129 2155/2545/2126 2025/2542/1996
f 2155/2545/2126 2003/2546/1974 2025/2542/1996
f 2003/2546/1974 2155/2545/2126 2147/2547/2116
f 2002/2548/1973 2003/2546/1974 2147/2547/2116
f 2002/2548/1973 2147/2547/2116 2148/2549/2119
f 2064/2550/2035 2002/2548/1973 2148/2549/2119
f 2064/2550/2035 2148/2549/2119 2150/2551/2121
f 2065/2552/2036 2064/2550/2035 2150/2551/2121
f 2024/2543/1995 2019/2553/1990 2159/2544/2130
f 2019/2553/1990 2161/2554/2132 2159/2544/2130
f 2019/2553/1990 2020/2555/1991 2161/2554/2132
f 2020/2555/1991 2163/2556/2134 2161/2554/2132
f 2020/2555/1991 2236/2557/2207 2163/2556/2134
f 2236/2557/2207 2165/2558/2136 2163/2556/2134
f 2165/2558/2136 2236/2557/2207 2235/2559/2206
f 2167/2560/2138 2165/2558/2136 2235/2559/2206
f 2167/2560/2138 2235/2559/2206 2237/2561/2208
f 2170/2562/2141 2167/2560/2138 2237/2561/2208
f 2170/2562/2141 2237/2561/2208 2238/2563/2209
f 2172/2564/2143 2170/2562/2141 2238/2563/2209
f 2238/2563/2209 2045/2565/2016 2172/2564/2143
f 2045/2565/2016 2173/2566/2144 2172/2564/2143
f 2173/2566/2144 2045/2565/2016 2044/2567/2015
f 2175/2568/2146 2173/2566/2144 2044/2567/2015
f 2175/2568/2146 2044/2567/2015 2036/2569/2007
f 2179/2570/2150 2175/2568/2146 2036/2569/2007
f 2036/2569/2007 2039/2571/2010 2179/2570/2150
f 2039/2571/2010 2180/2572/2151 2179/2570/2150
f 2039/2571/2010 2041/2573/2012 2180/2572/2151
f 2041/2573/2012 2182/2574/2153 2180/2572/2151
f 2041/2573/2012 2042/2575/2013 2182/2574/2153
f 2042/2575/2013 2185/2576/2156 2182/2574/2153
f 2042/2575/2013 2047/2577/2018 2185/2576/2156
f 2047/2577/2018 2154/2578/2125 2185/2576/2156
f 2047/2577/2018 2062/2579/2033 2154/2578/2125
f 2062/2579/2033 2152/2580/2123 2154/2578/2125
f 2152/2580/2123 2062/2579/2033 2065/2581/2036
f 2150/2582/2121 2152/2580/2123 2065/2581/2036
f 2140/2583/2111 2141/2584/2112 2205/2585/2176
f 2206/2586/2177 2140/2583/2111 2205/2585/2176
f 2202/2587/2173 2205/2585/2176 2141/2584/2112
f 2136/2588/2107 2202/2587/2173 2141/2584/2112
f 2200/2589/2171 2202/2587/2173 2136/2588/2107
f 2135/2590/2106 2200/2589/2171 2136/2588/2107
f 2198/2591/2169 2200/2589/2171 2135/2590/2106
f 2262/2592/2233 2198/2591/2169 2135/2590/2106
f 2196/2593/2167 2198/2591/2169 2262/2592/2233
f 2261/2594/2232 2196/2593/2167 2262/2592/2233
f 2120/2595/2091 2140/2583/2111 2206/2586/2177
f 2208/2596/2179 2120/2595/2091 2206/2586/2177
f 2121/2597/2092 2120/2595/2091 2208/2596/2179
f 2210/2598/2181 2121/2597/2092 2208/2596/2179
f 2257/2599/2228 2121/2597/2092 2210/2598/2181
f 2212/2600/2183 2257/2599/2228 2210/2598/2181
f 2256/2601/2227 2257/2599/2228 2212/2600/2183
f 2214/2602/2185 2256/2601/2227 2212/2600/2183
f 2258/2603/2229 2256/2601/2227 2214/2602/2185
f 2217/2604/2188 2258/2603/2229 2214/2602/2185
f 2259/2605/2230 2258/2603/2229 2217/2604/2188
f 2219/2606/2190 2259/2605/2230 2217/2604/2188
f 2259/2605/2230 2219/2606/2190 2101/2607/2072
f 2219/2606/2190 2220/2608/2191 2101/2607/2072
f 2101/2607/2072 2220/2608/2191 2100/2609/2071
f 2220/2608/2191 2222/2610/2193 2100/2609/2071
f 2100/2609/2071 2222/2610/2193 2090/2611/2061
f 2222/2610/2193 2192/2612/2163 2090/2611/2061
f 2088/2613/2059 2090/2611/2061 2192/2612/2163
f 2189/2614/2160 2088/2613/2059 2192/2612/2163
f 2087/2615/2058 2088/2613/2059 2189/2614/2160
f 2188/2616/2159 2087/2615/2058 2189/2614/2160
f 2084/2617/2055 2087/2615/2058 2188/2616/2159
f 2190/2618/2161 2084/2617/2055 2188/2616/2159
f 2083/2619/2054 2084/2617/2055 2190/2618/2161
f 2193/2620/2164 2083/2619/2054 2190/2618/2161
f 2260/2621/2231 2083/2619/2054 2193/2620/2164
f 2194/2622/2165 2260/2621/2231 2193/2620/2164
f 2261/2623/2232 2260/2621/2231 2194/2622/2165
f 2196/2624/2167 2261/2623/2232 2194/2622/2165
f 2266/2625/2235 2265/2626/2236 2264/2627/2237
f 2267/2628/2238 2266/2625/2235 2264/2627/2237
f 2267/2628/2238 2264/2627/2237 2268/2629/2239
f 2269/2630/2240 2267/2628/2238 2268/2629/2239
f 2266/2625/2235 2270/2631/2241 2265/2626/2236
f 2270/2631/2241 2271/2632/2242 2265/2626/2236
f 2270/2631/2241 2272/2633/2243 2271/2632/2242
f 2272/2633/2243 2273/2634/2244 2271/2632/2242
f 2274/2635/2245 2273/2634/2244 2272/2633/2243
f 2275/2636/2246 2274/2635/2245 2272/2633/2243
f 2276/2637/2247 2274/2635/2245 2275/2636/2246
f 2277/2638/2248 2276/2637/2247 2275/2636/2246
f 2277/2638/2248 2278/2639/2249 2276/2637/2247
f 2278/2639/2249 2279/2640/2250 2276/2637/2247
f 2278/2639/2249 2280/2641/2251 2279/2640/2250
f 2280/2641/2251 2281/2642/2252 2279/2640/2250
f 2280/2641/2251 2282/2643/2253 2281/2642/2252
f 2282/2643/2253 2283/2644/2254 2281/2642/2252
f 2282/2643/2253 2284/2645/2255 2283/2644/2254
f 2284/2645/2255 2285/2646/2256 2283/2644/2254
f 2284/2645/2255 2286/2647/2257 2285/2646/2256
f 2286/2647/2257 2287/2648/2258 2285/2646/2256
f 2286/2647/2257 2288/2649/2259 2287/2648/2258
f 2288/2649/2259 2289/2650/2260 2287/2648/2258
f 2288/2649/2259 2290/2651/2261 2289/2650/2260
f 2290/2651/2261 2291/2652/2262 2289/2650/2260
f 2290/2651/2261 2292/2653/2263 2291/2652/2262
f 2292/2653/2263 2293/2654/2264 2291/2652/2262
f 2292/2653/2263 2294/2655/2265 2293/2654/2264
f 2294/2655/2265 2295/2656/2266 2293/2654/2264
f 2294/2655/2265 2296/2657/2267 2295/2656/2266
f 2296/2657/2267 2297/2658/2268 2295/2656/2266
f 2296/2657/2267 2298/2659/2269 2297/2658/2268
f 2298/2659/2269 2299/2660/2270 2297/2658/2268
f 2298/2659/2269 2300/2661/2271 2299/2660/2270
f 2300/2661/2271 2301/2662/2272 2299/2660/2270
f 2300/2661/2271 2302/2663/2273 2301/2662/2272
f 2302/2663/2273 2303/2664/2274 2301/2662/2272
f 2302/2663/2273 2304/2665/2275 2303/2664/2274
f 2304/2665/2275 2305/2666/2276 2303/2664/2274
f 2304/2665/2275 2306/2667/2277 2305/2666/2276
f 2306/2667/2277 2307/2668/2278 2305/2666/2276
f 2306/2667/2277 2308/2669/2279 2307/2668/2278
f 2308/2669/2279 2309/2670/2280 2307/2668/2278
f 2308/2669/2279 2310/2671/2281 2309/2670/2280
f 2310/2671/2281 2311/2672/2282 2309/2670/2280
f 2312/2673/2283 2311/2672/2282 2310/2671/2281
f 2313/2674/2284 2312/2673/2283 2310/2671/2281
f 2316/2675/2285 2315/2676/2286 2314/2677/2287
f 2317/2678/2288 2316/2675/2285 2314/2677/2287
f 2317/2678/2288 2314/2677/2287 2318/2679/2289
f 2319/2680/2290 2317/2678/2288 2318/2679/2289
f 2316/2675/2285 2320/2681/2291 2315/2676/2286
f 2320/2681/2291 2321/2682/2292 2315/2676/2286
f 2320/2681/2291 2269/2630/2240 2321/2682/2292
f 2269/2630/2240 2268/2629/2239 2321/2682/2292
f 2323/2683/2293 2322/2684/2294 2266/2685/2235
f 2267/2686/2238 2323/2683/2293 2266/2685/2235
f 2323/2683/2293 2267/2686/2238 2324/2687/2295
f 2267/2686/2238 2269/2688/2240 2324/2687/2295
f 2266/2685/2235 2322/2684/2294 2270/2689/2241
f 2322/2684/2294 2325/2690/2296 2270/2689/2241
f 2270/2689/2241 2325/2690/2296 2272/2691/2243
f 2325/2690/2296 2326/2692/2297 2272/2691/2243
f 2275/2693/2246 2272/2691/2243 2326/2692/2297
f 2327/2694/2298 2275/2693/2246 2326/2692/2297
f 2277/2695/2248 2275/2693/2246 2327/2694/2298
f 2328/2696/2299 2277/2695/2248 2327/2694/2298
f 2278/2697/2249 2277/2695/2248 2328/2696/2299
f 2329/2698/2300 2278/2697/2249 2328/2696/2299
f 2280/2699/2251 2278/2697/2249 2329/2698/2300
f 2330/2700/2301 2280/2699/2251 2329/2698/2300
f 2282/2701/2253 2280/2699/2251 2330/2700/2301
f 2331/2702/2302 2282/2701/2253 2330/2700/2301
f 2284/2703/2255 2282/2701/2253 2331/2702/2302
f 2332/2704/2303 2284/2703/2255 2331/2702/2302
f 2286/2705/2257 2284/2703/2255 2332/2704/2303
f 2333/2706/2304 2286/2705/2257 2332/2704/2303
f 2288/2707/2259 2286/2705/2257 2333/2706/2304
f 2334/2708/2305 2288/2707/2259 2333/2706/2304
f 2290/2709/2261 2288/2707/2259 2334/2708/2305
f 2335/2710/2306 2290/2709/2261 2334/2708/2305
f 2292/2711/2263 2290/2709/2261 2335/2710/2306
f 2336/2712/2307 2292/2711/2263 2335/2710/2306
f 2294/2713/2265 2292/2711/2263 2336/2712/2307
f 2337/2714/2308 2294/2713/2265 2336/2712/2307
f 2296/2715/2267 2294/2713/2265 2337/2714/2308
f 2338/2716/2309 2296/2715/2267 2337/2714/2308
f 2298/2717/2269 2296/2715/2267 2338/2716/2309
f 2339/2718/2310 2298/2717/2269 2338/2716/2309
f 2300/2719/2271 2298/2717/2269 2339/2718/2310
f 2340/2720/2311 2300/2719/2271 2339/2718/2310
f 2302/2721/2273 2300/2719/2271 2340/2720/2311
f 2341/2722/2312 2302/2721/2273 2340/2720/2311
f 2304/2723/2275 2302/2721/2273 2341/2722/2312
f 2342/2724/2313 2304/2723/2275 2341/2722/2312
f 2306/2725/2277 2304/2723/2275 2342/2724/2313
f 2343/2726/2314 2306/2725/2277 2342/2724/2313
f 2306/2725/2277 2343/2726/2314 2308/2727/2279
f 2343/2726/2314 2344/2728/2315 2308/2727/2279
f 2308/2727/2279 2344/2728/2315 2310/2729/2281
f 2344/2728/2315 2345/2730/2316 2310/2729/2281
f 2313/2731/2284 2310/2729/2281 2345/2730/2316
f 2346/2732/2317 2313/2731/2284 2345/2730/2316
f 2347/2733/2318 2340/2720/2311 2339/2718/2310
f 2348/2734/2319 2347/2733/2318 2339/2718/2310
f 2349/2735/2320 2342/2724/2313 2341/2722/2312
f 2350/2736/2321 2349/2735/2320 2341/2722/2312
f 2350/2736/2321 2341/2722/2312 2340/2720/2311
f 2347/2733/2318 2350/2736/2321 2340/2720/2311
f 2351/2737/2322 2344/2728/2315 2343/2726/2314
f 2352/2738/2323 2351/2737/2322 2343/2726/2314
f 2352/2738/2323 2343/2726/2314 2342/2724/2313
f 2349/2735/2320 2352/2738/2323 2342/2724/2313
f 2353/2739/2324 2346/2732/2317 2345/2730/2316
f 2354/2740/2325 2353/2739/2324 2345/2730/2316
f 2354/2740/2325 2345/2730/2316 2344/2728/2315
f 2351/2737/2322 2354/2740/2325 2344/2728/2315
f 2301/2741/2272 2347/2733/2318 2348/2734/2319
f 2299/2742/2270 2301/2741/2272 2348/2734/2319
f 2299/2742/2270 2348/2734/2319 2355/2743/2326
f 2355/2743/2326 2348/2734/2319 2338/2716/2309
f 2355/2743/2326 2338/2716/2309 2337/2714/2308
f 2356/2744/2327 2355/2743/2326 2337/2714/2308
f 2356/2744/2327 2337/2714/2308 2336/2712/2307
f 2357/2745/2328 2356/2744/2327 2336/2712/2307
f 2357/2745/2328 2336/2712/2307 2335/2710/2306
f 2358/2746/2329 2357/2745/2328 2335/2710/2306
f 2358/2746/2329 2335/2710/2306 2334/2708/2305
f 2359/2747/2330 2358/2746/2329 2334/2708/2305
f 2359/2747/2330 2334/2708/2305 2333/2706/2304
f 2360/2748/2331 2359/2747/2330 2333/2706/2304
f 2360/2748/2331 2333/2706/2304 2332/2704/2303
f 2361/2749/2332 2360/2748/2331 2332/2704/2303
f 2361/2749/2332 2332/2704/2303 2331/2702/2302
f 2362/2750/2333 2361/2749/2332 2331/2702/2302
f 2362/2750/2333 2331/2702/2302 2330/2700/2301
f 2363/2751/2334 2362/2750/2333 2330/2700/2301
f 2363/2751/2334 2330/2700/2301 2329/2698/2300
f 2364/2752/2335 2363/2751/2334 2329/2698/2300
f 2364/2752/2335 2329/2698/2300 2328/2696/2299
f 2365/2753/2336 2364/2752/2335 2328/2696/2299
f 2365/2753/2336 2328/2696/2299 2327/2694/2298
f 2366/2754/2337 2365/2753/2336 2327/2694/2298
f 2366/2754/2337 2327/2694/2298 2326/2692/2297
f 2367/2755/2338 2366/2754/2337 2326/2692/2297
f 2367/2755/2338 2326/2692/2297 2325/2690/2296
f 2368/2756/2339 2367/2755/2338 2325/2690/2296
f 2368/2756/2339 2325/2690/2296 2322/2684/2294
f 2369/2757/2340 2368/2756/2339 2322/2684/2294
f 2369/2757/2340 2322/2684/2294 2323/2683/2293
f 2370/2758/2341 2369/2757/2340 2323/2683/2293
f 2370/2758/2341 2323/2683/2293 2324/2687/2295
f 2371/2759/2342 2370/2758/2341 2324/2687/2295
f 2371/2759/2342 2324/2687/2295 2372/2760/2343
f 2324/2687/2295 2269/2688/2240 2372/2760/2343
f 2269/2688/2240 2320/2761/2291 2372/2760/2343
f 2372/2760/2343 2320/2761/2291 2373/2762/2344
f 2320/2761/2291 2316/2763/2285 2373/2762/2344
f 2373/2762/2344 2316/2763/2285 2374/2764/2345
f 2316/2763/2285 2317/2765/2288 2374/2764/2345
f 2374/2764/2345 2317/2765/2288 2375/2766/2346
f 2317/2765/2288 2319/2767/2290 2375/2766/2346
f 2376/2768/2347 2373/2762/2344 2374/2764/2345
f 2377/2769/2348 2376/2768/2347 2374/2764/2345
f 2377/2769/2348 2374/2764/2345 2375/2766/2346
f 2378/2770/2349 2377/2769/2348 2375/2766/2346
f 2379/2771/2350 2371/2759/2342 2372/2760/2343
f 2379/2771/2350 2372/2760/2343 2373/2762/2344
f 2376/2768/2347 2379/2771/2350 2373/2762/2344
f 2264/2772/2237 2370/2758/2341 2371/2759/2342
f 2268/2773/2239 2264/2772/2237 2371/2759/2342
f 2268/2773/2239 2371/2759/2342 2379/2771/2350
f 2315/2774/2286 2376/2768/2347 2377/2769/2348
f 2380/2775/2351 2315/2774/2286 2377/2769/2348
f 2380/2775/2351 2377/2769/2348 2378/2770/2349
f 2318/2776/2289 2380/2775/2351 2378/2770/2349
f 2321/2777/2292 2268/2773/2239 2379/2771/2350
f 2321/2777/2292 2379/2771/2350 2376/2768/2347
f 2315/2774/2286 2321/2777/2292 2376/2768/2347
f 2314/2778/2287 2380/2775/2351 2318/2776/2289
f 2314/2778/2287 2315/2774/2286 2380/2775/2351
f 2264/2772/2237 2265/2779/2236 2370/2758/2341
f 2265/2779/2236 2369/2757/2340 2370/2758/2341
f 2265/2779/2236 2271/2780/2242 2369/2757/2340
f 2271/2780/2242 2368/2756/2339 2369/2757/2340
f 2271/2780/2242 2273/2781/2244 2368/2756/2339
f 2273/2781/2244 2367/2755/2338 2368/2756/2339
f 2273/2781/2244 2274/2782/2245 2367/2755/2338
f 2274/2782/2245 2366/2754/2337 2367/2755/2338
f 2274/2782/2245 2276/2783/2247 2366/2754/2337
f 2276/2783/2247 2365/2753/2336 2366/2754/2337
f 2276/2783/2247 2279/2784/2250 2365/2753/2336
f 2279/2784/2250 2364/2752/2335 2365/2753/2336
f 2279/2784/2250 2281/2785/2252 2364/2752/2335
f 2281/2785/2252 2363/2751/2334 2364/2752/2335
f 2281/2785/2252 2283/2786/2254 2363/2751/2334
f 2283/2786/2254 2362/2750/2333 2363/2751/2334
f 2283/2786/2254 2285/2787/2256 2362/2750/2333
f 2285/2787/2256 2361/2749/2332 2362/2750/2333
f 2285/2787/2256 2287/2788/2258 2361/2749/2332
f 2287/2788/2258 2360/2748/2331 2361/2749/2332
f 2287/2788/2258 2289/2789/2260 2360/2748/2331
f 2289/2789/2260 2359/2747/2330 2360/2748/2331
f 2289/2789/2260 2291/2790/2262 2359/2747/2330
f 2291/2790/2262 2358/2746/2329 2359/2747/2330
f 2291/2790/2262 2293/2791/2264 2358/2746/2329
f 2293/2791/2264 2357/2745/2328 2358/2746/2329
f 2293/2791/2264 2295/2792/2266 2357/2745/2328
f 2295/2792/2266 2356/2744/2327 2357/2745/2328
f 2295/2792/2266 2297/2793/2268 2356/2744/2327
f 2297/2793/2268 2355/2743/2326 2356/2744/2327
f 2297/2793/2268 2299/2742/2270 2355/2743/2326
f 2348/2734/2319 2339/2718/2310 2338/2716/2309
f 2305/2794/2276 2349/2735/2320 2350/2736/2321
f 2303/2795/2274 2305/2794/2276 2350/2736/2321
f 2303/2795/2274 2350/2736/2321 2347/2733/2318
f 2301/2741/2272 2303/2795/2274 2347/2733/2318
f 2305/2794/2276 2307/2796/2278 2349/2735/2320
f 2307/2796/2278 2352/2738/2323 2349/2735/2320
f 2307/2796/2278 2309/2797/2280 2352/2738/2323
f 2309/2797/2280 2351/2737/2322 2352/2738/2323
f 2309/2797/2280 2311/2798/2282 2351/2737/2322
f 2311/2798/2282 2354/2740/2325 2351/2737/2322
f 2311/2798/2282 2312/2799/2283 2354/2740/2325
f 2312/2799/2283 2353/2739/2324 2354/2740/2325
