# Blender 4.4.0
# www.blender.org
mtllib Alfil1_f8.mtl
o Patrick_ElasticWaistband1_0_Untitled.003
v 2.763397 7.032619 -6.530717
v 2.790185 6.996732 -6.542365
v 2.790185 7.068635 -6.542365
v 2.763397 6.996732 -6.530717
v 2.763397 7.068635 -6.530717
v 3.099054 6.996732 -6.530717
v 3.099054 7.032619 -6.530717
v 3.072266 6.996732 -6.542365
v 3.072266 7.068635 -6.542365
v 3.099054 7.068635 -6.530717
v 2.822286 6.996735 -6.471823
v 2.820891 7.032619 -6.472780
v 2.838591 7.032619 -6.461929
v 2.838591 6.996735 -6.461929
v 2.839675 6.996735 -6.492871
v 2.853378 6.996735 -6.484558
v 2.838591 7.068635 -6.461929
v 2.820891 7.068635 -6.472780
v 2.853378 7.068635 -6.484558
v 2.838503 7.068635 -6.493678
v 2.827346 6.996735 -6.480434
v 2.835023 6.996735 -6.489546
v 2.804793 7.068635 -6.485112
v 2.804793 7.032619 -6.485112
v 2.786508 7.032619 -6.502264
v 2.786508 7.068635 -6.502264
v 2.824974 7.068635 -6.504040
v 2.809608 7.068635 -6.518454
v 2.786508 6.996732 -6.502264
v 2.804793 6.996735 -6.485112
v 2.809608 6.996732 -6.518454
v 2.824974 6.996732 -6.504040
v 2.769997 7.068635 -6.521699
v 2.769995 7.032619 -6.521703
v 2.795731 7.068635 -6.534789
v 2.769995 6.996732 -6.521703
v 2.795731 6.996732 -6.534789
v 2.819498 6.996735 -6.473739
v 2.837332 6.996735 -6.494483
v 2.838503 7.032619 -6.493678
v 2.867613 6.996735 -6.477404
v 2.867613 7.068635 -6.477404
v 2.882418 7.068635 -6.471733
v 2.882418 6.996735 -6.471732
v 2.898952 7.032619 -6.466957
v 2.897593 6.996735 -6.467273
v 2.898952 7.068635 -6.466957
v 2.897741 6.996735 -6.461825
v 2.900310 6.996735 -6.466642
v 2.915893 7.068635 -6.463969
v 2.915893 6.996735 -6.463969
v 2.930784 6.996735 -6.462547
v 2.930784 7.068635 -6.462547
v 2.946557 6.996735 -6.463969
v 2.946557 7.068635 -6.463969
v 2.963497 7.032619 -6.466957
v 2.963497 7.068635 -6.466957
v 2.980032 7.068635 -6.471733
v 2.980032 6.996735 -6.471732
v 2.994835 7.068635 -6.477404
v 2.994835 6.996735 -6.477404
v 3.009071 6.996735 -6.484558
v 3.009071 7.068635 -6.484558
v 3.023947 7.032621 -6.493678
v 3.022775 6.996735 -6.492871
v 3.023947 7.068635 -6.493678
v 3.027426 6.996735 -6.489546
v 3.037475 7.068635 -6.504040
v 3.025118 6.996735 -6.494483
v 3.037475 6.996732 -6.504040
v 3.052843 6.996732 -6.518454
v 3.052843 7.068635 -6.518454
v 3.066718 7.068635 -6.534789
v 3.066718 6.996732 -6.534789
v 3.023859 6.996735 -6.461929
v 3.023859 7.032621 -6.461929
v 3.041558 7.032621 -6.472780
v 3.040162 6.996735 -6.471823
v 3.041558 7.068635 -6.472780
v 3.023859 7.068635 -6.461929
v 3.035106 6.996735 -6.480434
v 3.006916 7.068635 -6.453417
v 3.006916 6.996735 -6.453417
v 3.006916 7.032621 -6.453417
v 2.989300 7.068635 -6.446670
v 2.969628 7.068635 -6.440986
v 2.969628 7.032619 -6.440986
v 2.989300 7.032621 -6.446670
v 2.971244 6.996735 -6.441361
v 2.989300 6.996735 -6.446670
v 2.964857 6.996735 -6.467273
v 2.964709 6.996735 -6.461825
v 2.967381 6.996735 -6.450502
v 2.962138 6.996735 -6.466642
v 2.968010 6.996735 -6.440611
v 2.949468 7.068635 -6.437431
v 2.930700 7.068635 -6.435738
v 2.912979 7.068635 -6.437431
v 2.912979 7.032619 -6.437431
v 2.930700 7.032619 -6.435738
v 2.912979 6.996735 -6.437431
v 2.930700 6.996735 -6.435738
v 2.949468 7.032619 -6.437431
v 2.949468 6.996735 -6.437431
v 2.892822 7.068635 -6.440986
v 2.892822 7.032619 -6.440986
v 2.873148 7.032619 -6.446670
v 2.873148 7.068635 -6.446670
v 2.873148 6.996735 -6.446670
v 2.891206 6.996735 -6.441361
v 2.895068 6.996735 -6.450502
v 2.855531 7.068635 -6.453417
v 2.855531 7.032619 -6.453417
v 2.855531 6.996735 -6.453417
v 2.894438 6.996735 -6.440611
v 3.057657 7.032621 -6.485112
v 3.057657 7.068635 -6.485112
v 3.075942 7.068635 -6.502264
v 3.075942 7.032619 -6.502264
v 3.057657 6.996735 -6.485112
v 3.075942 6.996732 -6.502264
v 3.042952 6.996735 -6.473739
v 3.092453 7.068635 -6.521702
v 3.092453 7.032619 -6.521702
v 3.092453 6.996732 -6.521702
v 2.763402 6.962494 -6.530717
v 2.790191 6.926477 -6.542365
v 2.790191 6.998378 -6.542365
v 2.763402 6.998378 -6.530717
v 2.763402 6.926477 -6.530717
v 3.099060 6.998378 -6.530717
v 3.072270 6.998378 -6.542365
v 3.099060 6.962494 -6.530717
v 3.072270 6.926477 -6.542365
v 3.099060 6.926477 -6.530717
v 2.822292 6.998378 -6.471823
v 2.838597 6.998378 -6.461929
v 2.838597 6.962494 -6.461929
v 2.820898 6.962494 -6.472780
v 2.839679 6.998378 -6.492871
v 2.853383 6.998378 -6.484558
v 2.838597 6.926477 -6.461929
v 2.820898 6.926477 -6.472780
v 2.853383 6.926477 -6.484558
v 2.838510 6.926477 -6.493678
v 2.827353 6.998378 -6.480434
v 2.835028 6.998378 -6.489546
v 2.804801 6.926477 -6.485112
v 2.804801 6.962494 -6.485112
v 2.786513 6.962494 -6.502264
v 2.786513 6.926477 -6.502264
v 2.824981 6.926477 -6.504040
v 2.809614 6.926477 -6.518454
v 2.786513 6.998378 -6.502264
v 2.804801 6.998378 -6.485112
v 2.809614 6.998378 -6.518454
v 2.824981 6.998378 -6.504040
v 2.770004 6.926477 -6.521702
v 2.770002 6.962494 -6.521703
v 2.795737 6.926477 -6.534789
v 2.770002 6.998378 -6.521703
v 2.795737 6.998378 -6.534789
v 2.819504 6.998378 -6.473739
v 2.837338 6.998378 -6.494483
v 2.838510 6.962494 -6.493678
v 2.867619 6.998378 -6.477404
v 2.867619 6.926477 -6.477404
v 2.882424 6.926477 -6.471732
v 2.882424 6.998378 -6.471732
v 2.898957 6.962494 -6.466957
v 2.897599 6.998378 -6.467273
v 2.898957 6.926477 -6.466957
v 2.897745 6.998378 -6.461825
v 2.900316 6.998378 -6.466642
v 2.915897 6.926477 -6.463969
v 2.915897 6.998378 -6.463969
v 2.930790 6.998378 -6.462547
v 2.930790 6.926477 -6.462547
v 2.946563 6.998378 -6.463969
v 2.946563 6.926477 -6.463969
v 2.963503 6.962494 -6.466957
v 2.963503 6.926477 -6.466957
v 2.980036 6.926477 -6.471732
v 2.980036 6.998378 -6.471732
v 2.994841 6.926477 -6.477404
v 2.994841 6.998378 -6.477404
v 3.009077 6.998378 -6.484558
v 3.009077 6.926477 -6.484558
v 3.023951 6.962494 -6.493678
v 3.022782 6.998378 -6.492871
v 3.023951 6.926477 -6.493678
v 3.027433 6.998378 -6.489546
v 3.037480 6.926477 -6.504040
v 3.025122 6.998378 -6.494483
v 3.037480 6.998378 -6.504040
v 3.052847 6.998378 -6.518454
v 3.052847 6.926477 -6.518454
v 3.066722 6.926477 -6.534789
v 3.066722 6.998378 -6.534789
v 3.023864 6.998378 -6.461929
v 3.040169 6.998378 -6.471823
v 3.041563 6.962494 -6.472780
v 3.023864 6.962494 -6.461929
v 3.041563 6.926477 -6.472780
v 3.023864 6.926477 -6.461929
v 3.035109 6.998378 -6.480434
v 3.006923 6.926477 -6.453417
v 3.006923 6.998378 -6.453417
v 3.006923 6.962494 -6.453417
v 2.989307 6.926477 -6.446670
v 2.969632 6.926477 -6.440986
v 2.969632 6.962494 -6.440986
v 2.989307 6.962494 -6.446670
v 2.971250 6.998378 -6.441361
v 2.989307 6.998378 -6.446670
v 2.964861 6.998378 -6.467273
v 2.964713 6.998378 -6.461825
v 2.967388 6.998378 -6.450502
v 2.962144 6.998378 -6.466642
v 2.968017 6.998378 -6.440611
v 2.949475 6.926477 -6.437431
v 2.930707 6.926477 -6.435738
v 2.912986 6.926477 -6.437431
v 2.912986 6.962494 -6.437431
v 2.930707 6.962494 -6.435738
v 2.912986 6.998378 -6.437431
v 2.930707 6.998378 -6.435738
v 2.949475 6.962494 -6.437431
v 2.949475 6.998378 -6.437431
v 2.892828 6.926477 -6.440986
v 2.892828 6.962494 -6.440986
v 2.873154 6.962494 -6.446670
v 2.873154 6.926477 -6.446670
v 2.873154 6.998378 -6.446670
v 2.891211 6.998378 -6.441361
v 2.895073 6.998378 -6.450502
v 2.855538 6.926477 -6.453417
v 2.855538 6.962494 -6.453417
v 2.855538 6.998378 -6.453417
v 2.894444 6.998378 -6.440611
v 3.057661 6.962494 -6.485112
v 3.075948 6.962494 -6.502264
v 3.075948 6.926477 -6.502264
v 3.057661 6.926477 -6.485112
v 3.057661 6.998378 -6.485112
v 3.075948 6.998378 -6.502264
v 3.042956 6.998378 -6.473739
v 3.092459 6.926477 -6.521702
v 3.092459 6.962494 -6.521702
v 3.092459 6.998378 -6.521702
v 2.999242 7.047531 -6.508525
v 3.022465 7.020943 -6.508071
v 3.007483 7.019712 -6.470600
v 2.992797 7.038892 -6.477923
v 2.961111 7.039950 -6.473222
v 2.953840 7.050691 -6.514338
v 2.971024 7.013652 -6.443632
v 2.931288 7.013611 -6.442611
v 2.931254 7.026701 -6.477680
v 2.931231 7.032917 -6.522349
v 2.929142 6.980650 -6.442247
v 2.966772 6.985156 -6.445729
v 3.007579 6.993070 -6.477639
v 3.018829 7.000812 -6.510771
v 2.926230 6.985059 -6.512622
v 2.964353 6.987933 -6.512171
v 2.955770 7.039343 -6.569279
v 2.992658 7.041960 -6.564673
v 3.017623 7.023096 -6.562684
v 2.932735 7.027614 -6.569995
v 3.020352 6.990932 -6.569373
v 2.932520 7.020408 -6.604098
v 3.011806 7.003816 -6.592950
v 2.984363 7.027380 -6.599073
v 2.908564 7.039010 -6.568827
v 2.908176 7.051616 -6.514739
v 2.901527 7.039986 -6.473316
v 2.863248 7.047584 -6.508754
v 2.869864 7.038879 -6.477769
v 2.855025 7.019814 -6.470619
v 2.840030 7.021027 -6.508127
v 2.891396 7.017513 -6.445881
v 2.884156 6.989337 -6.448016
v 2.851404 6.997772 -6.477501
v 2.840722 7.005276 -6.511347
v 2.889588 6.989691 -6.512424
v 2.845272 7.023927 -6.562804
v 2.870980 7.042353 -6.564592
v 2.834044 6.996441 -6.562973
v 2.844667 7.025315 -6.588106
v 2.868997 7.030496 -6.592391
v 2.888016 6.981272 -6.556626
v 2.922896 6.978611 -6.560115
v 2.963603 6.978071 -6.558415
v 2.814674 6.145806 -6.569297
v 2.772547 6.142409 -6.596698
v 2.773919 6.093922 -6.570049
v 2.814905 6.104662 -6.547256
v 2.727461 6.092981 -6.581510
v 2.721646 6.143864 -6.607462
v 2.846050 6.148705 -6.522311
v 2.847852 6.120464 -6.508604
v 2.864955 6.166515 -6.467845
v 2.864813 6.139083 -6.457153
v 2.682750 6.094857 -6.572421
v 2.679828 6.151282 -6.600351
v 2.642948 6.103306 -6.550666
v 2.632808 6.167004 -6.577432
v 2.609277 6.124566 -6.513057
v 2.598620 6.188442 -6.538693
v 2.601818 6.149524 -6.463568
v 2.589408 6.213563 -6.488818
v 2.865007 6.185441 -6.528386
v 2.849834 6.172959 -6.571021
v 2.812703 6.165985 -6.607838
v 2.775470 6.160532 -6.628633
v 2.724417 6.160285 -6.630003
v 2.621885 6.195236 -6.600965
v 2.588975 6.226470 -6.563240
v 2.580120 6.261273 -6.514192
v 2.674309 6.171135 -6.622018
v 2.618687 6.088420 -6.444094
v 2.624147 6.071237 -6.489189
v 2.638530 6.037578 -6.470225
v 2.635506 6.053611 -6.432272
v 2.659606 6.010523 -6.450309
v 2.656554 6.022984 -6.422149
v 2.689728 5.998967 -6.412730
v 2.691596 5.991323 -6.435309
v 2.694410 5.989789 -6.457029
v 2.673769 6.002369 -6.473483
v 2.660289 6.025887 -6.502333
v 2.699078 5.998853 -6.487597
v 2.694034 6.021825 -6.520517
v 2.724850 5.986407 -6.461101
v 2.726380 5.998575 -6.491251
v 2.753553 5.999021 -6.484687
v 2.762503 6.022128 -6.516442
v 2.728766 6.021402 -6.524692
v 2.757041 5.987847 -6.453558
v 2.779311 6.000840 -6.468533
v 2.795204 6.025193 -6.496617
v 2.821779 6.034163 -6.463132
v 2.799342 6.006568 -6.443587
v 2.759826 5.986532 -6.430957
v 2.763821 5.991982 -6.407207
v 2.808048 6.015587 -6.413833
v 2.833211 6.046955 -6.423972
v 2.726217 5.990033 -6.408497
v 2.725999 5.984572 -6.434075
v 2.836642 6.068044 -6.482746
v 2.806640 6.056654 -6.520434
v 2.770192 6.054309 -6.544697
v 2.730814 6.055815 -6.556690
v 2.850132 6.082258 -6.435866
v 2.689403 6.055517 -6.550707
v 2.650551 6.058621 -6.527359
v 2.866985 6.192966 -6.407926
v 2.858449 6.158718 -6.400514
v 2.824467 6.169292 -6.352984
v 2.827227 6.218445 -6.361288
v 2.775685 6.174707 -6.326778
v 2.772113 6.236425 -6.336218
v 2.725302 6.177671 -6.323057
v 2.718318 6.246468 -6.337518
v 2.676962 6.177014 -6.337490
v 2.666803 6.252357 -6.356190
v 2.638511 6.173023 -6.366718
v 2.626968 6.248822 -6.390430
v 2.612047 6.165450 -6.414373
v 2.596876 6.234137 -6.438325
v 2.771411 6.262636 -6.379679
v 2.714414 6.286080 -6.378689
v 2.832524 6.230893 -6.408529
v 2.867879 6.201448 -6.470469
v 2.664350 6.298383 -6.395880
v 2.621157 6.300299 -6.430478
v 2.594950 6.284711 -6.471021
v 2.627623 6.104919 -6.398122
v 2.643601 6.067947 -6.392506
v 2.662372 6.078744 -6.359171
v 2.677004 6.041051 -6.366322
v 2.698919 6.046068 -6.349683
v 2.695683 6.020981 -6.370636
v 2.725472 6.018586 -6.361979
v 2.725367 6.047370 -6.343205
v 2.752952 6.043000 -6.346334
v 2.756999 6.014636 -6.365873
v 2.780380 6.034357 -6.359248
v 2.800517 6.024526 -6.383371
v 2.760862 6.001447 -6.384071
v 2.824803 6.059452 -6.383658
v 2.798037 6.072371 -6.349540
v 2.762674 6.082498 -6.331870
v 2.726849 6.087202 -6.328562
v 2.691794 6.085485 -6.337662
v 2.725863 6.001653 -6.382845
v 2.692031 6.008796 -6.389544
v 2.662822 6.033766 -6.392038
v 2.684983 6.125970 -6.333279
v 2.728092 6.128447 -6.321135
v 2.770954 6.123213 -6.324454
v 2.812417 6.113155 -6.346412
v 2.842411 6.097589 -6.387077
v 2.650803 6.118468 -6.358114
v 2.825340 6.169616 -6.648330
v 2.783850 6.164917 -6.658012
v 2.727744 6.159306 -6.648141
v 2.864582 6.175031 -6.620042
v 2.882676 6.179024 -6.579950
v 2.673657 6.169265 -6.634192
v 2.618047 6.193085 -6.612641
v 2.584772 6.232002 -6.575855
v 2.571359 6.270230 -6.530549
v 2.587731 6.299685 -6.487763
v 2.616392 6.315866 -6.448049
v 2.660756 6.313601 -6.419165
v 2.715560 6.293666 -6.403843
v 2.777915 6.257163 -6.409659
v 2.839758 6.217974 -6.444772
v 2.878314 6.188524 -6.517825
v 2.786447 6.262937 -6.402928
v 2.718818 6.302019 -6.395876
v 2.864836 6.218509 -6.437346
v 2.656856 6.331474 -6.421617
v 2.608778 6.336410 -6.457057
v 2.576271 6.318848 -6.499833
v 2.564392 6.283692 -6.544225
v 2.579818 6.242526 -6.591746
v 2.617483 6.197983 -6.638439
v 2.670268 6.173920 -6.666003
v 2.740479 6.166604 -6.693820
v 2.842998 6.191419 -6.725257
v 2.866802 6.181323 -6.685381
v 2.885015 6.176275 -6.632150
v 2.897636 6.178871 -6.580948
v 2.557358 6.254762 -6.624104
v 2.609918 6.203168 -6.684014
v 2.668991 6.180125 -6.716819
v 2.754219 6.184192 -6.755534
v 2.943534 6.179651 -6.650641
v 2.940194 6.181239 -6.589797
v 2.951071 6.194604 -6.713223
v 2.959637 6.221445 -6.772934
v 2.852663 6.229160 -6.808690
v 2.961501 6.256849 -6.833827
v 2.766420 6.234514 -6.838320
v 2.861307 6.281210 -6.876621
v 2.777327 6.316867 -6.903340
v 2.867488 6.364468 -6.935256
v 2.778661 6.396142 -6.940573
v 2.883773 6.448667 -6.960698
v 2.968218 6.397452 -6.947030
v 2.986119 6.478032 -6.970143
v 2.693146 6.341432 -6.905185
v 2.688882 6.283404 -6.860587
v 2.611567 6.334774 -6.852753
v 2.608901 6.283488 -6.808315
v 2.546600 6.358842 -6.778696
v 2.543949 6.312105 -6.728523
v 2.525418 6.396849 -6.702783
v 2.519188 6.358839 -6.651982
v 2.517957 6.440217 -6.618821
v 2.525383 6.400531 -6.580308
v 2.534310 6.464287 -6.535616
v 2.554623 6.422812 -6.512687
v 2.586002 6.446651 -6.433551
v 2.608244 6.410914 -6.430094
v 2.639779 6.421554 -6.353770
v 2.664712 6.387953 -6.365812
v 2.721068 6.399544 -6.289868
v 2.731833 6.368658 -6.318626
v 2.792962 6.392094 -6.254202
v 2.799779 6.355381 -6.287676
v 2.881723 6.345324 -6.273268
v 2.874287 6.385860 -6.233324
v 2.957334 6.332552 -6.270590
v 2.957886 6.380993 -6.227576
v 2.683084 6.360243 -6.376392
v 2.740949 6.334621 -6.340425
v 2.804022 6.317030 -6.318796
v 2.573574 6.393793 -6.492030
v 2.630276 6.389071 -6.425492
v 2.542385 6.370439 -6.549001
v 2.531069 6.331094 -6.608616
v 2.540096 6.277923 -6.677770
v 2.600942 6.229418 -6.744381
v 2.674045 6.213186 -6.789110
v 2.590495 6.361648 -6.470164
v 2.645719 6.358893 -6.419726
v 2.698764 6.336983 -6.382432
v 2.559265 6.341106 -6.519956
v 2.547758 6.305069 -6.570110
v 2.750330 6.308864 -6.362339
v 2.805650 6.286077 -6.348917
v 2.883834 6.261069 -6.342251
v 2.882135 6.234213 -6.383080
v 2.802061 6.269175 -6.384824
v 2.762131 6.294122 -6.377182
v 2.951691 6.199226 -6.455329
v 2.888949 6.188415 -6.522590
v 2.943564 6.184883 -6.532678
v 2.956963 6.222048 -6.390944
v 2.956848 6.249740 -6.344834
v 2.996734 6.177819 -6.540435
v 3.032835 6.187535 -6.461435
v 2.993650 6.175732 -6.598409
v 3.028286 6.213527 -6.399369
v 3.104879 6.204150 -6.425071
v 3.107078 6.182643 -6.465822
v 3.144927 6.216165 -6.422338
v 3.178389 6.201140 -6.463754
v 3.104728 6.239080 -6.374088
v 3.030211 6.242669 -6.352969
v 3.027090 6.281134 -6.311757
v 2.957251 6.289502 -6.303964
v 3.032237 6.325746 -6.276498
v 3.109273 6.329086 -6.299831
v 3.120288 6.391158 -6.261428
v 3.037836 6.382751 -6.238843
v 2.884710 6.300791 -6.308249
v 3.176042 6.336795 -6.333335
v 3.187952 6.400885 -6.303015
v 3.236980 6.338476 -6.377084
v 3.267690 6.412153 -6.365576
v 3.302950 6.335085 -6.429729
v 3.328046 6.418893 -6.421446
v 3.360799 6.350805 -6.493578
v 3.374906 6.428308 -6.488045
v 3.378475 6.381404 -6.562157
v 3.389223 6.448159 -6.566805
v 3.372326 6.408540 -6.643914
v 3.378318 6.475851 -6.654316
v 3.220808 6.294099 -6.393538
v 3.165768 6.291986 -6.359441
v 3.106175 6.285469 -6.333548
v 3.332536 6.304073 -6.501434
v 3.277309 6.291599 -6.439502
v 3.356574 6.350790 -6.639248
v 3.358831 6.320471 -6.562474
v 3.205796 6.242798 -6.423900
v 3.157628 6.240875 -6.397550
v 3.312693 6.259747 -6.508597
v 3.255857 6.245380 -6.458157
v 3.286845 6.228839 -6.520768
v 3.235302 6.214748 -6.481261
v 3.319705 6.249589 -6.575200
v 3.342702 6.277997 -6.570825
v 3.325868 6.268513 -6.637146
v 3.343617 6.305737 -6.636467
v 3.263998 6.205883 -6.533279
v 3.218031 6.192815 -6.500361
v 3.167658 6.181840 -6.483428
v 3.110444 6.173293 -6.480702
v 3.056800 6.172338 -6.502144
v 3.023597 6.173767 -6.548166
v 3.014911 6.172435 -6.600034
v 3.056189 6.153022 -6.530970
v 3.028442 6.155599 -6.579519
v 3.021527 6.166222 -6.631006
v 3.164767 6.158692 -6.500554
v 3.108438 6.150783 -6.504210
v 3.261233 6.188511 -6.545567
v 3.214700 6.171059 -6.514056
v 3.294149 6.210622 -6.589664
v 3.302822 6.229461 -6.582279
v 3.306946 6.246646 -6.639173
v 3.303454 6.233329 -6.644855
v 2.961833 6.315955 -6.893851
v 3.069520 6.430661 -6.935194
v 3.085707 6.498257 -6.955839
v 3.188467 6.528059 -6.914331
v 3.165812 6.467475 -6.900441
v 3.264311 6.539327 -6.857570
v 3.245206 6.479811 -6.846078
v 3.310411 6.525467 -6.796956
v 3.294374 6.466713 -6.788951
v 3.348606 6.505604 -6.727655
v 3.336499 6.441857 -6.724972
v 3.052027 6.345836 -6.890798
v 3.146242 6.384464 -6.870911
v 3.283247 6.399568 -6.777457
v 3.328846 6.380117 -6.711075
v 3.226853 6.400057 -6.831063
v 3.061700 6.290465 -6.845279
v 3.143770 6.326508 -6.842412
v 3.280521 6.354153 -6.769835
v 3.323896 6.333951 -6.703220
v 3.270183 6.301352 -6.756053
v 3.309741 6.289428 -6.698539
v 3.215718 6.301973 -6.798039
v 3.218149 6.344839 -6.816216
v 3.147708 6.286108 -6.815565
v 3.074425 6.255820 -6.800706
v 3.029798 6.207885 -6.738415
v 3.002718 6.182171 -6.664756
v 3.053038 6.203872 -6.741282
v 3.098804 6.230353 -6.774412
v 3.158379 6.253419 -6.792513
v 3.216783 6.268584 -6.776490
v 3.258623 6.269061 -6.744510
v 3.293348 6.266711 -6.699298
v 3.018093 6.181078 -6.665474
v 3.103678 6.226067 -6.781835
v 3.061699 6.205768 -6.748892
v 3.160799 6.247077 -6.788839
v 3.024448 6.177432 -6.690985
v 3.287309 6.250953 -6.702709
v 3.257828 6.257884 -6.745747
v 3.215030 6.257828 -6.769932
v 3.062404 6.181995 -6.770112
v 3.066542 6.128717 -6.772868
v 3.104552 6.134440 -6.800071
v 3.102538 6.193360 -6.793214
v 3.149034 6.137677 -6.810328
v 3.155046 6.202101 -6.799376
v 3.032330 6.160369 -6.721719
v 3.042706 6.123218 -6.731995
v 3.029793 6.142906 -6.668800
v 3.037527 6.117903 -6.678367
v 3.190400 6.138472 -6.802467
v 3.201987 6.204237 -6.783900
v 3.228760 6.136436 -6.781844
v 3.236584 6.201943 -6.756573
v 3.263597 6.129925 -6.739564
v 3.267101 6.194375 -6.715760
v 3.282963 6.121852 -6.684834
v 3.288095 6.182242 -6.663443
v 3.040064 6.129436 -6.619953
v 3.064590 6.118316 -6.575772
v 3.068530 6.088323 -6.591350
v 3.046653 6.104188 -6.630942
v 3.108991 6.076267 -6.564512
v 3.109036 6.114029 -6.542445
v 3.153419 6.071630 -6.554664
v 3.159334 6.116071 -6.532855
v 3.196907 6.073775 -6.561746
v 3.206289 6.125868 -6.541272
v 3.246526 6.088575 -6.585013
v 3.251946 6.141965 -6.565259
v 3.283156 6.107317 -6.631073
v 3.285442 6.161768 -6.609048
v 3.268777 6.049973 -6.650192
v 3.270655 6.067109 -6.702759
v 3.247597 6.000170 -6.674652
v 3.218298 5.984473 -6.642360
v 3.197941 5.962380 -6.671741
v 3.174542 5.960882 -6.657895
v 3.179280 5.957098 -6.687576
v 3.150937 5.958971 -6.682488
v 3.150214 5.963205 -6.652729
v 3.128398 5.967905 -6.659615
v 3.125852 5.965376 -6.687025
v 3.108565 5.976879 -6.673926
v 3.091848 5.987358 -6.697057
v 3.121387 5.967402 -6.710592
v 3.116390 5.969958 -6.737465
v 3.084026 5.992979 -6.724662
v 3.066379 6.018331 -6.713071
v 3.074362 6.011775 -6.678464
v 3.093675 5.997448 -6.647997
v 3.119404 5.987205 -6.629554
v 3.150062 5.981550 -6.621752
v 3.182934 5.980154 -6.625292
v 3.149669 5.962176 -6.740132
v 3.150849 5.960133 -6.709685
v 3.181410 5.958142 -6.709712
v 3.182712 5.961531 -6.735544
v 3.218161 5.970608 -6.695783
v 3.224474 5.981863 -6.726283
v 3.253676 6.021776 -6.716116
v 3.113086 6.018759 -6.602023
v 3.081660 6.028899 -6.623832
v 3.063215 6.043520 -6.658515
v 3.054746 6.055476 -6.700553
v 3.149433 6.013423 -6.591984
v 3.189447 6.017233 -6.592982
v 3.232773 6.031026 -6.611157
v 2.874955 6.412270 -6.225070
v 2.790875 6.419309 -6.242859
v 2.957728 6.413116 -6.216467
v 2.716380 6.427509 -6.277443
v 2.635258 6.453223 -6.349087
v 2.571123 6.484922 -6.444966
v 2.531102 6.494491 -6.553056
v 2.520915 6.466840 -6.634780
v 2.523690 6.430393 -6.725002
v 2.557243 6.408848 -6.812526
v 2.624050 6.396619 -6.883415
v 2.703432 6.404564 -6.931196
v 2.781782 6.460521 -6.960053
v 2.900020 6.507579 -6.978321
v 2.999678 6.534694 -6.979762
v 3.088515 6.548409 -6.964410
v 3.204214 6.573835 -6.913946
v 3.278563 6.583108 -6.851836
v 3.322519 6.569123 -6.791123
v 3.350192 6.546872 -6.724294
v 3.376100 6.513748 -6.651250
v 3.008549 6.597154 -6.981376
v 2.901317 6.571977 -6.982686
v 3.015669 6.669604 -6.974447
v 2.906393 6.650442 -6.978158
v 3.018898 6.746767 -6.955377
v 2.907789 6.733254 -6.962008
v 2.792493 6.606070 -6.968395
v 2.795126 6.703748 -6.949956
v 2.713671 6.553403 -6.940173
v 2.706984 6.464455 -6.941423
v 2.791486 6.523834 -6.968259
v 2.633155 6.450616 -6.894125
v 2.573002 6.453992 -6.829274
v 2.530450 6.471797 -6.746239
v 2.524491 6.500721 -6.650755
v 2.537246 6.527187 -6.557561
v 2.570489 6.520546 -6.446615
v 2.579637 6.569882 -6.435796
v 2.630865 6.542729 -6.330304
v 2.641644 6.604908 -6.328949
v 2.597055 6.635660 -6.429136
v 2.552565 6.579862 -6.547369
v 2.574059 6.655345 -6.531013
v 2.540184 6.568853 -6.657585
v 2.564883 6.648215 -6.636736
v 2.719114 6.593403 -6.260522
v 2.710739 6.528143 -6.254155
v 2.795060 6.588722 -6.227915
v 2.786064 6.521242 -6.220272
v 2.877196 6.588739 -6.212433
v 2.879453 6.514839 -6.200972
v 2.958583 6.513679 -6.196649
v 2.956805 6.588044 -6.213179
v 2.629589 6.492032 -6.342473
v 2.711468 6.472441 -6.261536
v 2.783492 6.463110 -6.229194
v 2.876623 6.459552 -6.204656
v 2.954684 6.459560 -6.194393
v 3.035945 6.587973 -6.229448
v 3.039096 6.512224 -6.211614
v 3.115459 6.590734 -6.252131
v 3.124177 6.526708 -6.241374
v 3.192969 6.536262 -6.274233
v 3.187443 6.596168 -6.284638
v 3.269374 6.543078 -6.338708
v 3.254009 6.608358 -6.344338
v 3.328199 6.548075 -6.409971
v 3.301077 6.617690 -6.421044
v 3.360244 6.561644 -6.488995
v 3.325726 6.634080 -6.497358
v 3.372020 6.578771 -6.563359
v 3.338187 6.653181 -6.565902
v 3.336294 6.490659 -6.414721
v 3.274624 6.487687 -6.344213
v 3.376712 6.502724 -6.486799
v 3.376004 6.464066 -6.486573
v 3.333233 6.455108 -6.420688
v 3.387057 6.487267 -6.565051
v 3.273156 6.450595 -6.356228
v 3.191822 6.441883 -6.291083
v 3.119422 6.429448 -6.252056
v 3.035527 6.417066 -6.225093
v 3.385131 6.518788 -6.566854
v 3.374678 6.546304 -6.648237
v 3.363540 6.598135 -6.637509
v 3.123243 6.476564 -6.240502
v 3.037095 6.460877 -6.211929
v 3.194651 6.484339 -6.276790
v 3.336159 6.666600 -6.630461
v 3.313082 6.711762 -6.612282
v 3.246583 6.715422 -6.592913
v 3.288259 6.703832 -6.506805
v 3.244032 6.764403 -6.514617
v 3.239775 6.738017 -6.456035
v 3.204505 6.790843 -6.466947
v 3.197599 6.821218 -6.538812
v 3.179663 6.775381 -6.382216
v 3.209726 6.719262 -6.367843
v 3.167976 6.841869 -6.477306
v 3.171204 6.865236 -6.542928
v 3.134130 6.831123 -6.410794
v 3.165505 6.849939 -6.592525
v 3.176134 6.906599 -6.566525
v 3.182467 6.922668 -6.572704
v 3.191684 6.967601 -6.571194
v 3.223728 6.968411 -6.563360
v 3.228512 7.006066 -6.588958
v 3.204485 7.030595 -6.587697
v 3.238764 7.038100 -6.634150
v 3.261172 7.009430 -6.620603
v 3.208090 7.076644 -6.636644
v 3.187727 7.070378 -6.587082
v 3.279470 6.981040 -6.583684
v 3.144553 6.877381 -6.476352
v 3.114362 6.864502 -6.424418
v 3.094829 6.904775 -6.432082
v 3.073819 6.859987 -6.390879
v 3.056930 6.900898 -6.405182
v 3.016477 6.897923 -6.383687
v 3.029750 6.856338 -6.364080
v 2.983336 6.854218 -6.353038
v 2.976716 6.896274 -6.369674
v 2.935973 6.853769 -6.351984
v 2.934680 6.895130 -6.367458
v 3.123073 6.914843 -6.469011
v 3.139545 6.933174 -6.502564
v 3.153730 6.899337 -6.530951
v 3.162142 6.931294 -6.555889
v 3.147930 6.959487 -6.524237
v 3.151275 6.988053 -6.529119
v 3.171959 6.977748 -6.560360
v 3.175768 7.020866 -6.556862
v 3.150781 7.023195 -6.525358
v 3.143095 7.050854 -6.516498
v 3.165529 7.058310 -6.550482
v 2.891002 6.894788 -6.371842
v 2.887867 6.853714 -6.354675
v 2.842358 6.898249 -6.377584
v 2.837173 6.856672 -6.361583
v 2.795073 6.903715 -6.386940
v 2.785817 6.861967 -6.373667
v 2.737087 6.867346 -6.393372
v 2.750614 6.908064 -6.401396
v 2.708410 6.919870 -6.425120
v 2.688098 6.882895 -6.426365
v 2.648135 6.907213 -6.462013
v 2.674922 6.939125 -6.452246
v 2.624236 6.937955 -6.494767
v 2.660548 6.967119 -6.475486
v 2.615725 6.978861 -6.521839
v 2.657378 6.995111 -6.493437
v 2.669329 7.023950 -6.502830
v 2.627755 7.019358 -6.542030
v 2.658869 7.054595 -6.540788
v 2.691019 7.049406 -6.501558
v 2.764910 6.952946 -6.407117
v 2.805620 6.950207 -6.393992
v 2.848125 6.946165 -6.385513
v 2.893976 6.942289 -6.376920
v 2.934240 6.941102 -6.370687
v 2.972434 6.943729 -6.377427
v 3.009131 6.944917 -6.393085
v 3.046935 6.944544 -6.411466
v 3.079894 6.949845 -6.434151
v 3.105301 6.959744 -6.461118
v 3.121385 6.972430 -6.484591
v 3.128435 6.992828 -6.497534
v 3.120719 7.007667 -6.490013
v 3.130535 7.011366 -6.501480
v 3.123303 7.021750 -6.495337
v 3.112565 7.021223 -6.481147
v 3.115510 7.030093 -6.489235
v 3.108560 7.037529 -6.483371
v 3.104554 7.035159 -6.475314
v 3.103546 7.044325 -6.477510
v 3.098512 7.044774 -6.468356
v 3.108441 7.041084 -6.485732
v 3.106734 7.042791 -6.474420
v 3.115007 7.041094 -6.486665
v 3.122847 7.032856 -6.490523
v 3.105562 7.043079 -6.474404
v 3.093672 7.033801 -6.459351
v 3.087777 7.045625 -6.453025
v 3.079648 7.033595 -6.443484
v 3.073154 7.045263 -6.434195
v 3.088656 7.008793 -6.451340
v 3.102974 7.013530 -6.468318
v 3.097652 6.984531 -6.457381
v 3.112751 6.993712 -6.476774
v 3.059047 7.032000 -6.422369
v 3.050737 7.044406 -6.411200
v 3.031505 7.029683 -6.400390
v 3.024153 7.043191 -6.390396
v 3.036686 7.002883 -6.408399
v 3.066814 7.005589 -6.431525
v 3.041734 6.973803 -6.410525
v 3.073261 6.977776 -6.433298
v 2.999159 7.028422 -6.381778
v 2.991926 7.042789 -6.371376
v 2.965159 7.027245 -6.364380
v 2.956784 7.043160 -6.358595
v 2.929132 7.027606 -6.354633
v 2.922208 7.042141 -6.351118
v 2.930023 6.999790 -6.363461
v 2.967154 6.999431 -6.372484
v 2.932671 6.970551 -6.368356
v 2.969721 6.971941 -6.376861
v 3.002573 7.001141 -6.389825
v 3.005511 6.973340 -6.393725
v 2.886754 7.042519 -6.351562
v 2.891403 7.028982 -6.353973
v 2.852044 7.043280 -6.361045
v 2.852053 7.030544 -6.364319
v 2.891160 7.001653 -6.365093
v 2.893137 6.972295 -6.372454
v 2.850626 7.004545 -6.375045
v 2.850039 6.975725 -6.382147
v 2.815964 7.044259 -6.377430
v 2.814530 7.031469 -6.380041
v 2.787690 7.043695 -6.394824
v 2.782839 7.032234 -6.398999
v 2.811485 7.006158 -6.388894
v 2.775489 7.008173 -6.406896
v 2.809023 6.978505 -6.393487
v 2.770863 6.980551 -6.408519
v 2.762620 7.044175 -6.415656
v 2.757715 7.032904 -6.418566
v 2.746709 7.043989 -6.432713
v 2.741735 7.034389 -6.434261
v 2.746536 7.011338 -6.425884
v 2.729200 7.016675 -6.441671
v 2.738472 6.987010 -6.426890
v 2.715843 6.995565 -6.444385
v 2.734619 7.042618 -6.449762
v 2.730872 7.035470 -6.451782
v 2.731363 7.042567 -6.460424
v 2.729934 7.037960 -6.462329
v 2.739625 7.042394 -6.465618
v 2.719457 7.034777 -6.470795
v 2.718057 7.029099 -6.467452
v 2.718273 7.021707 -6.457420
v 2.704789 7.008327 -6.460315
v 2.705563 7.018986 -6.469624
v 2.729792 7.045156 -6.468933
v 2.746160 7.045663 -6.473924
v 2.751737 7.043334 -6.469848
v 2.726000 7.048848 -6.467302
v 2.709467 7.031164 -6.470930
v 2.702083 7.028868 -6.474145
v 2.716434 7.046560 -6.472127
v 2.692553 6.994918 -6.462961
v 2.692049 7.010564 -6.472227
v 2.701777 6.974723 -6.447118
v 2.728729 6.963307 -6.426280
v 3.015316 6.980095 -6.458349
v 3.055686 6.994054 -6.481417
v 3.049811 7.021233 -6.467069
v 3.030442 7.020153 -6.454319
v 3.004407 7.016797 -6.439515
v 2.966129 6.968360 -6.437073
v 2.978713 7.017737 -6.426397
v 3.057846 6.977585 -6.501766
v 3.017385 6.967160 -6.489374
v 3.078907 7.025321 -6.497389
v 3.081155 7.035862 -6.488875
v 3.067589 7.028702 -6.479796
v 3.087784 7.040650 -6.493171
v 3.085676 7.033564 -6.501483
v 3.092733 7.041540 -6.487127
v 3.091407 7.036048 -6.496315
v 3.085016 6.999767 -6.516221
v 3.089393 7.012686 -6.520857
v 2.968733 6.962222 -6.468040
v 3.087083 7.025713 -6.513500
v 3.019461 6.968370 -6.533208
v 3.061732 6.973961 -6.540930
v 3.088487 6.985637 -6.555900
v 3.091971 7.003296 -6.554573
v 2.967107 6.964528 -6.523179
v 3.093489 7.012281 -6.545872
v 3.056345 6.977799 -6.578518
v 3.065661 6.990244 -6.581045
v 3.070113 7.006994 -6.583011
v 3.064248 7.045676 -6.569176
v 2.922391 6.961857 -6.473804
v 2.920776 6.965318 -6.421009
v 2.950839 7.015535 -6.417733
v 2.918522 7.012230 -6.412170
v 2.923608 6.965924 -6.520717
v 3.008003 7.060099 -6.594884
v 3.019664 7.022548 -6.603000
v 2.987986 7.049824 -6.608334
v 2.979563 7.064178 -6.604026
v 2.971389 7.064115 -6.612374
v 2.976011 7.045146 -6.614145
v 2.975394 7.030975 -6.613397
v 2.932410 7.019233 -6.614731
v 2.879380 7.032682 -6.608850
v 2.853751 7.054678 -6.596227
v 2.877197 7.047441 -6.608685
v 2.884014 7.065743 -6.608687
v 2.871764 7.066564 -6.598296
v 2.843173 7.062578 -6.589426
v 2.822256 7.058118 -6.591666
v 2.770071 7.041586 -6.564288
v 2.786235 7.051812 -6.563488
v 2.754440 7.014287 -6.535872
v 2.743989 7.008278 -6.531677
v 2.760559 7.028353 -6.502612
v 2.751652 7.015862 -6.509979
v 2.756115 7.039226 -6.484663
v 2.744216 7.029054 -6.483755
v 2.753198 7.044294 -6.475793
v 2.756240 7.042562 -6.473059
v 2.754149 7.023379 -6.477630
v 2.752249 7.042231 -6.469233
v 2.781294 7.010426 -6.462578
v 2.778831 7.032361 -6.454371
v 2.830404 6.987798 -6.441573
v 2.820851 7.025188 -6.436688
v 2.873047 6.972170 -6.427206
v 2.865133 7.017872 -6.420437
v 2.786059 6.984294 -6.484138
v 2.822786 6.976056 -6.461722
v 2.762003 7.003816 -6.501810
v 2.886278 6.969604 -6.463466
v 2.832129 6.984855 -6.518742
v 2.780164 6.982365 -6.522834
v 2.749997 6.991997 -6.538804
v 2.882037 6.969242 -6.519100
v 2.792922 6.984954 -6.562734
v 2.775504 7.027102 -6.563662
v 2.887522 7.016993 -6.414829
v 2.857503 7.049246 -6.397114
v 2.886332 7.049032 -6.391798
v 2.916514 7.049720 -6.390821
v 2.948026 7.048904 -6.398051
v 2.980203 7.048848 -6.407274
v 3.008364 7.048203 -6.420660
v 3.033918 7.047755 -6.435053
v 3.054839 7.046823 -6.451148
v 3.072072 7.046404 -6.464009
v 3.088354 7.047477 -6.474426
v 3.092535 7.047984 -6.478767
v 3.103080 7.044330 -6.470728
v 2.826434 7.048983 -6.409423
v 2.801682 7.048135 -6.421759
v 2.778210 7.048372 -6.434904
v 2.757527 7.047227 -6.449205
v 2.744057 7.046379 -6.461967
v 2.738521 7.047192 -6.468585
v 2.747257 7.044361 -6.469363
v 2.939499 7.062280 -6.605923
v 2.931231 7.062891 -6.612158
v 2.931231 7.055389 -6.605546
v 2.935505 7.056689 -6.604876
v 2.936355 7.069242 -6.605555
v 2.931231 7.069619 -6.610826
v 2.936337 7.078861 -6.606522
v 2.931231 7.078854 -6.611373
v 2.945296 7.081195 -6.609676
v 2.931231 7.083674 -6.614560
v 2.943613 7.082342 -6.620167
v 2.961796 7.070510 -6.609251
v 2.962523 7.072029 -6.620157
v 2.969141 7.060967 -6.620135
v 2.972853 7.039038 -6.620127
v 2.971943 7.024230 -6.620097
v 2.931231 7.009835 -6.620116
v 2.931231 7.083795 -6.620167
v 2.931231 7.033398 -6.620127
v 2.931231 7.059431 -6.620152
v 2.890517 7.024230 -6.620097
v 2.889607 7.039038 -6.620127
v 2.893320 7.060967 -6.620135
v 2.899938 7.072029 -6.620157
v 2.900214 7.070954 -6.609251
v 2.918847 7.082342 -6.620167
v 2.916998 7.081845 -6.609745
v 2.925940 7.078624 -6.606586
v 2.925940 7.069298 -6.605636
v 2.922962 7.062280 -6.605923
v 2.926956 7.056689 -6.604876
v 2.646767 6.525054 -6.896569
v 2.725798 6.667449 -6.917382
v 2.662968 6.627944 -6.878117
v 2.592207 6.517249 -6.838652
v 2.547070 6.541630 -6.753829
v 2.574701 6.622860 -6.742220
v 2.617146 6.604414 -6.829808
v 2.714625 6.764087 -6.894197
v 2.653821 6.747114 -6.837071
v 2.689321 6.848400 -6.867060
v 2.753728 6.880250 -6.886913
v 2.785541 6.800876 -6.920723
v 2.706387 6.961559 -6.844761
v 2.873847 6.897025 -6.903278
v 2.837488 6.971204 -6.866467
v 2.802932 7.028356 -6.841795
v 2.664897 7.017301 -6.793095
v 2.696958 7.071864 -6.773803
v 2.805499 7.084269 -6.825907
v 2.617500 7.015398 -6.741608
v 2.651169 7.067091 -6.724015
v 2.598201 7.020420 -6.690876
v 2.630342 7.063898 -6.670072
v 2.591316 6.967851 -6.754014
v 2.646055 6.937659 -6.813898
v 2.571621 6.986147 -6.698034
v 2.950700 7.030952 -6.853018
v 2.933511 7.089064 -6.839907
v 3.058543 7.084207 -6.812024
v 3.088815 7.026294 -6.825559
v 3.155255 7.082778 -6.753769
v 3.228494 7.018272 -6.752840
v 3.282642 6.970582 -6.773013
v 3.117024 6.970666 -6.846603
v 3.257491 7.033375 -6.671757
v 3.205499 7.077773 -6.683143
v 3.304540 6.993761 -6.642767
v 3.339631 6.965437 -6.696671
v 2.972937 6.969706 -6.872486
v 3.387790 6.924740 -6.614502
v 3.337660 6.958443 -6.588786
v 3.141751 6.907389 -6.868547
v 2.998747 6.904542 -6.899071
v 3.384799 6.891320 -6.711890
v 3.420760 6.867940 -6.635665
v 3.312087 6.905493 -6.795462
v 3.388329 6.815599 -6.739730
v 3.311270 6.830706 -6.827731
v 3.153102 6.838144 -6.894031
v 3.013959 6.827242 -6.928843
v 3.417601 6.799179 -6.651145
v 2.896483 6.816300 -6.937589
v 3.272975 6.748854 -6.864688
v 3.143553 6.755676 -6.922655
v 3.128369 6.676222 -6.947014
v 3.243879 6.682162 -6.892379
v 3.326080 6.677147 -6.814960
v 3.297774 6.624348 -6.838739
v 3.220967 6.620475 -6.907065
v 3.336237 6.611008 -6.776805
v 3.109212 6.606918 -6.960277
v 3.354912 6.581903 -6.715776
v 3.357023 6.630510 -6.700495
v 3.351232 6.656688 -6.751657
v 3.362431 6.736001 -6.778264
v 3.372278 6.714909 -6.719424
v 3.356783 6.691608 -6.674730
v 3.372822 6.746541 -6.637839
v 3.110271 7.048904 -6.480260
v 3.117579 7.047643 -6.480343
v 3.129877 7.028814 -6.496752
v 3.125559 7.046550 -6.487985
v 3.103466 7.054640 -6.472355
v 3.097451 7.046190 -6.470140
v 3.098033 7.043140 -6.467342
v 3.083573 7.051152 -6.448003
v 3.083631 7.042136 -6.447563
v 3.068185 7.053738 -6.434492
v 3.072140 7.067868 -6.441371
v 3.093083 7.066581 -6.457817
v 3.047390 7.068908 -6.424500
v 3.051580 7.084475 -6.431766
v 3.075991 7.081710 -6.449066
v 3.045432 7.054451 -6.419462
v 3.067536 7.042926 -6.433234
v 3.045380 7.043288 -6.416452
v 3.015086 7.069950 -6.407771
v 3.016459 7.053713 -6.403838
v 2.975069 7.070444 -6.394961
v 2.975412 7.087877 -6.400134
v 2.931248 7.087487 -6.395224
v 2.931472 7.070087 -6.389843
v 2.975774 7.053662 -6.389732
v 3.016895 7.042860 -6.402027
v 2.974989 7.041774 -6.388310
v 2.931041 7.054301 -6.384685
v 2.930388 7.040836 -6.383035
v 3.016754 7.086567 -6.412805
v 2.887083 7.040811 -6.389739
v 2.887530 7.054370 -6.390745
v 2.843117 7.041494 -6.406297
v 2.845128 7.054536 -6.405127
v 2.887814 7.070322 -6.394151
v 2.887056 7.087071 -6.398601
v 2.846104 7.068179 -6.407472
v 2.817405 7.054179 -6.420159
v 2.815298 7.067789 -6.423749
v 2.844767 7.085160 -6.412341
v 2.815977 7.041899 -6.418829
v 2.794103 7.041973 -6.433660
v 2.794084 7.053725 -6.435984
v 2.789350 7.067736 -6.441998
v 2.811525 7.083012 -6.429410
v 2.783705 7.080596 -6.449027
v 2.777963 7.051684 -6.450451
v 2.771487 7.067093 -6.456428
v 2.779073 7.041535 -6.446421
v 2.762431 7.042110 -6.460957
v 2.758528 7.047936 -6.465746
v 2.748103 7.056279 -6.464299
v 2.746414 7.059591 -6.463023
v 2.763830 7.073507 -6.461983
v 2.739015 7.062583 -6.467128
v 2.806914 7.102425 -6.436807
v 2.841579 7.103390 -6.417694
v 2.835126 7.132906 -6.433734
v 2.885413 7.138645 -6.415555
v 2.885548 7.104221 -6.403913
v 2.931277 7.142928 -6.412167
v 2.930424 7.104550 -6.401269
v 2.976710 7.138046 -6.416110
v 2.977480 7.104527 -6.405603
v 3.019520 7.105166 -6.418528
v 3.025657 7.134519 -6.436422
v 3.055617 7.102791 -6.440002
v 3.061010 7.132348 -6.451181
v 3.090910 7.128396 -6.477808
v 3.081479 7.099598 -6.459661
v 2.802474 7.132631 -6.450574
v 3.102149 7.172396 -6.506109
v 3.135585 7.155669 -6.554993
v 3.140899 7.211949 -6.616740
v 3.169576 7.140739 -6.625315
v 3.098826 7.232597 -6.527979
v 3.117116 7.281518 -6.615449
v 3.087718 7.295115 -6.545022
v 3.097491 7.348524 -6.622472
v 3.073128 7.360271 -6.559015
v 3.048053 7.365169 -6.522986
v 3.061318 7.307235 -6.509515
v 3.034412 7.429019 -6.533095
v 2.985729 7.438272 -6.497943
v 2.996136 7.372393 -6.480809
v 2.930299 7.373886 -6.466645
v 2.927592 7.440313 -6.481965
v 2.864163 7.371631 -6.478614
v 2.868776 7.438741 -6.495568
v 2.815193 7.364470 -6.511682
v 2.826185 7.430446 -6.520844
v 2.790409 7.422356 -6.560770
v 2.779467 7.354486 -6.555807
v 2.769984 7.295783 -6.543914
v 2.755590 7.349775 -6.621830
v 2.733582 7.280527 -6.620742
v 2.803103 7.306325 -6.501332
v 2.768497 7.422215 -6.623314
v 2.761022 7.232659 -6.527810
v 2.704262 7.207283 -6.627770
v 2.797164 7.243665 -6.494021
v 2.834773 7.251615 -6.469973
v 2.864225 7.322065 -6.470843
v 2.888305 7.255203 -6.450199
v 2.931414 7.324975 -6.453824
v 2.933613 7.256321 -6.435316
v 2.973879 7.255096 -6.450344
v 2.997805 7.321597 -6.471538
v 3.027228 7.251403 -6.470625
v 3.072327 7.245604 -6.491871
v 3.068682 7.178957 -6.475871
v 2.976783 7.190651 -6.436232
v 3.027234 7.187792 -6.454704
v 2.931959 7.192570 -6.418814
v 2.885693 7.190804 -6.435725
v 2.834393 7.188035 -6.453843
v 2.793639 7.179207 -6.473360
v 2.763607 7.171942 -6.501112
v 2.711386 7.151707 -6.556816
v 2.672030 7.134068 -6.644215
v 2.669637 7.100699 -6.577309
v 2.630340 7.058542 -6.593615
v 2.592040 7.018285 -6.604734
v 2.561191 6.987477 -6.630159
v 2.575041 6.950293 -6.554807
v 2.523510 6.947291 -6.705982
v 2.508680 6.941125 -6.642607
v 2.531879 6.911606 -6.585042
v 2.602520 6.900817 -6.510995
v 2.577038 6.866913 -6.546098
v 2.634254 6.871556 -6.468932
v 2.624099 6.828221 -6.485576
v 2.673510 6.846553 -6.426044
v 2.657477 6.803014 -6.424034
v 2.614649 6.777873 -6.501834
v 2.635382 6.750982 -6.426762
v 2.706911 6.780174 -6.370410
v 2.684777 6.730716 -6.356670
v 2.727440 6.834309 -6.384462
v 2.595546 6.716584 -6.520384
v 2.616561 6.698476 -6.431483
v 2.660815 6.668335 -6.339890
v 2.608015 6.799867 -6.556146
v 2.745375 6.724718 -6.310964
v 2.761704 6.774902 -6.335097
v 2.814014 6.719646 -6.285599
v 2.823524 6.771238 -6.315886
v 2.884306 6.716510 -6.274107
v 2.879844 6.658036 -6.238569
v 2.955214 6.658143 -6.235371
v 2.952354 6.719249 -6.268248
v 3.020503 6.719341 -6.271260
v 3.030128 6.657824 -6.244504
v 3.089646 6.717126 -6.287444
v 3.105174 6.656621 -6.264798
v 3.007290 6.771011 -6.302039
v 2.946067 6.770055 -6.299663
v 2.993459 6.815921 -6.330040
v 3.046289 6.817796 -6.340916
v 3.068539 6.770027 -6.318024
v 2.939110 6.816160 -6.328905
v 3.125564 6.770020 -6.341156
v 3.151027 6.714917 -6.317261
v 3.094757 6.824243 -6.368451
v 3.234043 6.667589 -6.355894
v 3.269297 6.683429 -6.440897
v 3.173148 6.658201 -6.299131
v 2.803248 6.660439 -6.252213
v 2.730044 6.662717 -6.287418
v 2.621493 6.739031 -6.601628
v 2.633301 6.695589 -6.710809
v 2.646143 6.688120 -6.795719
v 2.623899 6.816588 -6.841934
v 2.582677 6.876545 -6.814879
v 2.540763 6.915490 -6.765804
v 3.201210 6.777313 -6.588409
v 2.885529 6.768898 -6.305549
v 2.885832 6.815131 -6.331957
v 2.830868 6.817569 -6.340764
v 2.776277 6.825122 -6.359620
v 2.692154 7.085545 -6.529227
v 2.716765 7.071390 -6.493934
v 2.728578 7.113338 -6.509479
v 2.747999 7.087882 -6.479884
v 2.777364 7.095802 -6.458438
v 2.769555 7.125435 -6.476624
v 3.147457 6.822821 -6.577811
v 3.166878 6.768437 -6.593871
v 3.164686 6.881331 -6.552358
v 3.209509 6.927076 -6.527099
v 3.216630 6.719371 -6.599741
v 3.299351 6.711910 -6.597315
v 3.281491 6.940124 -6.521307
v 3.350658 6.924222 -6.531468
v 3.404678 6.892525 -6.551359
v 3.433156 6.847605 -6.574559
v 3.426246 6.797854 -6.594594
v 3.382199 6.750064 -6.599514
v 3.368318 6.725999 -6.554986
v 3.303032 6.695806 -6.559059
v 3.366622 6.691303 -6.471062
v 3.299309 6.669475 -6.469329
v 3.361378 6.703761 -6.354359
v 3.293980 6.686377 -6.350069
v 3.408525 6.742012 -6.366305
v 3.411824 6.733909 -6.463879
v 3.423987 6.791868 -6.380544
v 3.424260 6.783028 -6.452621
v 3.408774 6.843311 -6.396806
v 3.405874 6.828101 -6.449955
v 3.363718 6.884962 -6.411149
v 3.356348 6.864538 -6.451177
v 3.296630 6.908189 -6.417184
v 3.287630 6.883897 -6.450790
v 3.225485 6.889190 -6.407382
v 3.214530 6.867545 -6.448368
v 3.189814 6.842007 -6.390795
v 3.176160 6.818497 -6.446362
v 3.173663 6.794495 -6.375935
v 3.164979 6.769564 -6.458971
v 3.183153 6.747221 -6.362839
v 3.180294 6.721051 -6.468765
v 3.228614 6.704816 -6.351460
v 3.230182 6.681612 -6.475448
v 3.282439 6.913864 -6.487460
v 3.208381 6.896411 -6.493636
v 3.168656 6.851532 -6.512876
v 3.157049 6.800879 -6.534378
v 3.176674 6.749010 -6.549585
v 3.227329 6.707145 -6.560927
v 3.188526 6.779272 -6.307512
v 3.179565 6.824674 -6.326527
v 3.196189 6.815169 -6.255933
v 3.186578 6.858863 -6.278971
v 3.197073 6.869533 -6.348198
v 3.204794 6.900371 -6.304197
v 3.233079 6.912473 -6.368308
v 3.242920 6.939805 -6.328064
v 3.300519 6.930639 -6.378416
v 3.304393 6.954951 -6.337297
v 3.236566 6.776046 -6.236853
v 3.231495 6.737120 -6.291555
v 3.295988 6.753538 -6.230841
v 3.294581 6.716066 -6.288599
v 3.365196 6.906806 -6.371747
v 3.364227 6.932193 -6.330174
v 3.408281 6.865162 -6.355268
v 3.404384 6.890038 -6.311628
v 3.422551 6.816140 -6.334019
v 3.418265 6.844710 -6.287877
v 3.407244 6.767454 -6.312316
v 3.404610 6.797668 -6.262833
v 3.361317 6.731325 -6.294960
v 3.361004 6.763346 -6.240977
v 3.302116 7.054750 -6.125575
v 3.285682 7.037162 -6.174644
v 3.322176 7.034782 -6.183590
v 3.326057 7.052487 -6.130948
v 3.281674 7.047531 -6.109010
v 3.256736 7.023776 -6.156648
v 3.270529 7.032364 -6.088064
v 3.243345 7.003238 -6.129091
v 3.274918 7.017663 -6.070423
v 3.250078 6.979233 -6.103749
v 3.297678 7.000254 -6.052819
v 3.279535 6.950675 -6.079776
v 3.321884 6.990785 -6.049738
v 3.314332 6.934507 -6.073140
v 3.318029 6.995313 -6.250678
v 3.266521 6.993297 -6.241577
v 3.307551 6.968452 -6.298087
v 3.251902 6.957810 -6.293844
v 3.230203 6.973604 -6.218127
v 3.213775 6.929151 -6.267754
v 3.214931 6.945465 -6.189095
v 3.196335 6.896888 -6.238433
v 3.222724 6.914690 -6.160408
v 3.205288 6.861080 -6.209402
v 3.255149 6.884221 -6.136914
v 3.241708 6.825861 -6.186405
v 3.304975 6.860352 -6.124918
v 3.298328 6.796360 -6.181077
v 3.356531 6.952992 -6.286695
v 3.362912 6.973630 -6.240461
v 3.398394 6.908706 -6.271884
v 3.390794 6.943153 -6.220253
v 3.412039 6.872458 -6.246743
v 3.403117 6.915531 -6.195839
v 3.399788 6.833432 -6.219301
v 3.391613 6.886996 -6.167375
v 3.361411 6.801320 -6.193966
v 3.360324 6.862382 -6.137963
v 3.352094 6.935585 -6.088247
v 3.345696 6.989849 -6.060225
v 3.366798 7.001349 -6.079544
v 3.379916 6.953364 -6.113397
v 3.372869 7.012386 -6.096370
v 3.389920 6.973372 -6.139023
v 3.367131 7.026546 -6.113343
v 3.380737 6.993786 -6.159750
v 3.348274 7.042689 -6.126769
v 3.356514 7.016889 -6.177860
v 3.347529 7.020002 -6.064331
v 3.324466 7.018369 -6.052652
v 3.350529 7.034945 -6.078876
v 3.327479 7.054775 -6.099769
v 3.347876 7.043158 -6.091998
v 3.328999 7.043892 -6.073301
v 3.412349 6.770784 -6.543112
v 3.425863 6.820479 -6.525102
v 3.403659 6.864480 -6.506806
v 3.351738 6.897826 -6.493878
v 3.308235 7.054969 -6.090209
v 3.304122 7.045671 -6.073926
v 3.303727 7.028373 -6.058320
v 2.547254 6.830379 -6.581326
v 2.594472 6.790999 -6.583227
v 2.497502 6.870246 -6.608493
v 2.467288 6.894941 -6.657858
v 2.631974 6.749020 -6.622685
v 2.642142 6.714889 -6.702187
v 2.466445 6.891016 -6.720729
v 2.495562 6.862726 -6.774695
v 2.534478 6.823038 -6.816641
v 2.575657 6.784985 -6.827518
v 2.614846 6.748890 -6.808030
v 2.644720 6.717952 -6.765552
v 2.606072 6.696075 -6.750206
v 2.624993 6.703644 -6.701336
v 2.557667 6.638980 -6.705139
v 2.590771 6.677438 -6.677812
v 2.540367 6.610450 -6.610948
v 2.576181 6.660849 -6.594463
v 2.486395 6.584064 -6.624025
v 2.507816 6.621392 -6.723271
v 2.426841 6.591509 -6.631858
v 2.452106 6.631231 -6.733739
v 2.380878 6.632444 -6.628923
v 2.405240 6.669941 -6.728112
v 2.359805 6.689453 -6.617182
v 2.379764 6.721925 -6.708546
v 2.356747 6.757006 -6.600646
v 2.371809 6.781843 -6.684204
v 2.399623 6.812264 -6.580624
v 2.405331 6.830015 -6.654828
v 2.457756 6.825698 -6.569509
v 2.460105 6.838008 -6.636919
v 2.508887 6.813869 -6.564219
v 2.512688 6.820400 -6.631545
v 2.553155 6.784919 -6.564895
v 2.557788 6.789529 -6.634073
v 2.581177 6.730420 -6.574290
v 2.589093 6.737894 -6.649696
v 2.432187 6.853729 -6.722086
v 2.440558 6.860619 -6.661424
v 2.472593 6.839517 -6.621905
v 2.518157 6.806153 -6.603835
v 2.565698 6.769181 -6.607056
v 2.607329 6.732551 -6.642157
v 2.550362 6.782684 -6.514355
v 2.506266 6.809647 -6.515795
v 2.537998 6.773783 -6.470057
v 2.495732 6.799316 -6.472394
v 2.455189 6.816586 -6.520825
v 2.446192 6.802099 -6.477053
v 2.398339 6.800135 -6.528862
v 2.392664 6.783515 -6.482816
v 2.355459 6.743860 -6.542145
v 2.353107 6.729447 -6.491206
v 2.564999 6.724052 -6.470870
v 2.576844 6.728397 -6.519372
v 2.564965 6.659570 -6.475253
v 2.569478 6.656504 -6.535742
v 2.356768 6.674829 -6.554080
v 2.355896 6.664376 -6.497329
v 2.377521 6.618658 -6.563069
v 2.378515 6.610868 -6.498784
v 2.421643 6.580312 -6.565305
v 2.422313 6.575517 -6.496050
v 2.480108 6.575652 -6.558624
v 2.477463 6.575706 -6.490282
v 2.533261 6.603629 -6.547608
v 2.529514 6.604607 -6.482971
v 2.409591 6.770249 -6.245476
v 2.397917 6.739999 -6.241279
v 2.377654 6.736979 -6.295506
v 2.395189 6.776393 -6.300156
v 2.431835 6.791111 -6.244288
v 2.425152 6.800598 -6.299902
v 2.457958 6.798114 -6.240949
v 2.464076 6.807481 -6.295590
v 2.482314 6.787215 -6.233625
v 2.495932 6.792253 -6.289720
v 2.498086 6.760691 -6.227395
v 2.521251 6.756109 -6.282373
v 2.500282 6.727600 -6.222726
v 2.524617 6.712585 -6.275060
v 2.360754 6.725770 -6.374829
v 2.386269 6.775249 -6.381064
v 2.353815 6.720006 -6.443285
v 2.386635 6.773980 -6.446091
v 2.428675 6.800236 -6.382894
v 2.435347 6.796129 -6.445694
v 2.472604 6.804663 -6.380332
v 2.482735 6.798853 -6.442059
v 2.511575 6.785355 -6.374103
v 2.524320 6.777116 -6.436686
v 2.540118 6.745001 -6.364980
v 2.553819 6.732094 -6.430175
v 2.546723 6.687075 -6.355474
v 2.558171 6.668611 -6.425313
v 2.359791 6.658946 -6.440103
v 2.367216 6.671941 -6.367713
v 2.384558 6.610950 -6.435703
v 2.394126 6.632222 -6.361810
v 2.427420 6.581523 -6.430774
v 2.430498 6.609194 -6.355896
v 2.478087 6.587022 -6.427271
v 2.474320 6.612973 -6.352545
v 2.526441 6.615190 -6.424294
v 2.517267 6.638007 -6.351413
v 2.502286 6.674377 -6.271611
v 2.485551 6.699735 -6.220872
v 2.459607 6.681810 -6.220874
v 2.467014 6.651650 -6.271549
v 2.434239 6.678850 -6.224755
v 2.434280 6.648773 -6.273942
v 2.415095 6.691175 -6.229531
v 2.404662 6.665290 -6.280812
v 2.398839 6.714622 -6.237391
v 2.382032 6.697166 -6.288070
v 2.461066 6.710547 -6.202895
v 2.437335 6.712618 -6.202739
v 2.420522 6.718813 -6.210689
v 2.417174 6.742443 -6.214891
v 2.443424 6.739849 -6.200667
v 2.476805 6.734638 -6.203243
v 2.570665 6.709393 -6.792135
v 2.527603 6.736526 -6.816555
v 2.487568 6.773437 -6.809433
v 2.454854 6.818206 -6.772128
v 2.429314 6.767025 -6.216961
v 2.449430 6.768111 -6.209168
v 2.471371 6.762052 -6.207487
v 3.113430 6.038577 -6.801170
v 3.120899 5.998919 -6.790433
v 3.144716 6.000295 -6.797295
v 3.144444 6.040781 -6.809398
v 3.146127 5.975891 -6.779733
v 3.118856 5.977756 -6.771788
v 3.099731 5.995746 -6.773813
v 3.086617 6.032397 -6.779196
v 3.069340 6.025278 -6.747417
v 3.087510 5.993611 -6.751737
v 3.117852 5.971875 -6.756903
v 3.170244 5.998353 -6.794096
v 3.174108 5.975266 -6.776862
v 3.194807 5.995193 -6.781310
v 3.214668 5.990031 -6.757683
v 3.178582 5.966202 -6.758941
v 3.236280 6.032688 -6.758014
v 3.208943 6.037476 -6.788341
v 3.177233 6.039481 -6.805501
v 3.147572 5.966156 -6.761893
v 3.251701 6.077755 -6.752150
v 3.219871 6.081614 -6.788825
v 3.182912 6.084182 -6.808312
v 3.144429 6.087745 -6.813875
v 3.107680 6.084633 -6.803273
v 3.076519 6.076644 -6.778217
v 3.056979 6.065623 -6.741977
v 3.163075 7.113729 -6.576701
v 3.120171 7.114692 -6.509157
v 3.146139 7.090343 -6.536427
v 3.128698 7.073081 -6.503819
v 3.107900 7.090040 -6.480387
v 3.098938 7.075304 -6.463655
v 3.110019 7.056794 -6.473838
v 3.114887 7.061770 -6.479281
v 3.096441 7.042613 -6.482102
v 3.093502 7.055746 -6.493752
v 3.085238 7.060873 -6.525104
v 3.055136 7.070167 -6.557606
v 3.068289 7.074514 -6.472486
v 3.058642 7.091806 -6.510440
v 3.024165 7.087138 -6.454038
v 3.012703 7.107587 -6.495738
v 3.044839 7.089265 -6.544134
v 3.001955 7.104593 -6.542123
v 2.961685 7.115209 -6.488433
v 2.955376 7.112319 -6.539422
v 2.970212 7.093205 -6.441402
v 2.931389 7.095881 -6.438544
v 2.931212 7.117375 -6.486415
v 2.931075 7.114302 -6.538120
v 2.994980 7.088486 -6.581996
v 2.964981 7.073288 -6.599422
v 2.945704 7.085384 -6.599817
v 2.935089 7.079037 -6.598650
v 2.931212 7.088139 -6.594296
v 2.931082 7.079391 -6.595430
v 2.931277 7.101512 -6.580230
v 2.950411 7.099790 -6.582734
v 2.931231 7.070220 -6.593468
v 2.935437 7.070001 -6.595590
v 2.931231 7.064221 -6.592148
v 2.938498 7.063773 -6.593638
v 2.934934 7.058527 -6.596391
v 2.931231 7.057135 -6.594960
v 2.926716 7.070167 -6.595316
v 2.923963 7.063773 -6.593638
v 2.927526 7.058527 -6.596391
v 2.927098 7.078879 -6.598522
v 2.916701 7.085458 -6.599899
v 2.898016 7.072842 -6.598375
v 2.912017 7.099854 -6.582864
v 2.867538 7.088384 -6.581921
v 2.807161 7.070689 -6.557685
v 2.779061 7.060201 -6.524408
v 2.771212 7.056720 -6.492091
v 2.792769 7.076272 -6.472006
v 2.803030 7.091434 -6.509013
v 2.836578 7.089617 -6.453073
v 2.847969 7.108609 -6.492388
v 2.816926 7.090486 -6.544875
v 2.859674 7.105628 -6.543085
v 2.900102 7.116218 -6.487616
v 2.906898 7.113191 -6.539530
v 2.891867 7.094553 -6.440649
v 2.768283 7.039830 -6.478199
v 2.761490 7.041947 -6.466303
v 2.771165 7.040317 -6.463982
v 2.793242 7.041367 -6.456415
v 2.796207 7.032670 -6.452229
v 2.832712 7.043069 -6.434560
v 2.833943 7.027527 -6.432373
v 2.888115 7.021011 -6.419722
v 2.888596 7.040862 -6.419548
v 2.931178 7.039980 -6.414962
v 2.931391 7.020357 -6.412519
v 2.974363 7.020346 -6.419523
v 2.974444 7.038762 -6.420806
v 3.029558 7.040429 -6.435634
v 3.018498 7.023134 -6.429577
v 3.038510 7.025756 -6.435543
v 3.058600 7.030547 -6.446883
v 3.068749 7.040589 -6.455233
v 3.073702 7.035845 -6.455845
v 3.095176 7.041425 -6.471544
v 3.070397 7.054327 -6.460952
v 3.029485 7.061531 -6.442223
v 2.973336 7.064150 -6.425932
v 2.931070 7.066235 -6.422096
v 2.890780 7.065312 -6.426187
v 2.832833 7.060861 -6.441663
v 2.790126 7.052757 -6.460747
v 2.872681 7.492638 -6.503886
v 2.834322 7.491178 -6.526368
v 2.842983 7.549917 -6.529071
v 2.878780 7.549181 -6.512231
v 2.924756 7.490767 -6.491651
v 2.919833 7.548801 -6.503125
v 2.811144 7.550424 -6.558403
v 2.800106 7.490271 -6.562927
v 2.779692 7.492261 -6.621063
v 2.790238 7.552751 -6.610822
v 2.844038 7.628073 -6.519946
v 2.877288 7.625897 -6.497955
v 2.877442 7.699250 -6.480589
v 2.848933 7.703544 -6.500179
v 2.916577 7.624226 -6.487632
v 2.913445 7.697161 -6.473924
v 2.820445 7.630672 -6.548704
v 2.829368 7.708607 -6.527320
v 2.805083 7.634230 -6.597707
v 2.819365 7.714277 -6.571980
v 2.911857 7.765038 -6.462934
v 2.882752 7.766398 -6.466127
v 2.911276 7.809749 -6.466333
v 2.888021 7.810735 -6.467658
v 2.911363 7.835121 -6.476615
v 2.888910 7.836622 -6.478173
v 2.911468 7.860453 -6.506496
v 2.886993 7.860010 -6.508474
v 2.856570 7.842577 -6.515261
v 2.857845 7.824319 -6.488440
v 2.860754 7.804165 -6.478126
v 2.854698 7.772394 -6.481046
v 2.842636 7.822846 -6.524425
v 2.845384 7.809557 -6.496675
v 2.830956 7.784771 -6.541072
v 2.836626 7.777687 -6.505332
v 2.814039 7.638185 -6.647689
v 2.828688 7.719401 -6.617382
v 2.834489 7.641102 -6.679496
v 2.845616 7.722556 -6.645126
v 2.881404 7.723346 -6.675809
v 2.876647 7.644568 -6.710932
v 2.798079 7.554641 -6.666088
v 2.789539 7.496675 -6.678332
v 2.822423 7.497890 -6.722099
v 2.824613 7.556364 -6.706116
v 2.811731 7.423961 -6.736374
v 2.869486 7.423895 -6.773350
v 2.873689 7.498682 -6.757720
v 2.777497 7.422858 -6.687141
v 2.872477 7.557842 -6.740496
v 2.914559 7.721832 -6.687262
v 2.918783 7.645419 -6.724211
v 2.927859 7.498634 -6.769778
v 2.923334 7.558229 -6.753750
v 2.930589 7.423821 -6.787223
v 2.962010 7.646079 -6.714396
v 2.949393 7.726068 -6.680277
v 3.005619 7.641969 -6.682524
v 2.988119 7.725861 -6.649502
v 3.004524 7.721815 -6.619748
v 3.024821 7.639576 -6.649549
v 3.008971 7.714815 -6.572527
v 3.029799 7.634546 -6.597733
v 3.041700 7.554404 -6.667727
v 3.046171 7.551823 -6.611228
v 3.055389 7.494493 -6.678109
v 3.026610 7.496267 -6.718123
v 3.019911 7.556267 -6.705712
v 3.074086 7.419797 -6.688949
v 3.079920 7.420544 -6.623961
v 3.061924 7.490138 -6.621783
v 3.044827 7.422766 -6.734444
v 2.980808 7.498517 -6.756544
v 2.990304 7.423487 -6.772204
v 2.973437 7.558178 -6.741596
v 3.090696 7.346791 -6.697177
v 3.111582 7.277230 -6.690747
v 3.070970 7.277510 -6.749199
v 3.058544 7.349635 -6.744742
v 3.006307 7.279016 -6.792832
v 2.999080 7.350837 -6.783831
v 2.929659 7.279490 -6.813743
v 2.930609 7.351543 -6.802414
v 2.861139 7.350575 -6.785096
v 2.850066 7.278269 -6.795059
v 2.798681 7.349734 -6.744616
v 2.779279 7.275619 -6.747260
v 2.763707 7.349889 -6.692269
v 2.741256 7.273206 -6.698396
v 2.745731 7.196046 -6.750092
v 2.712093 7.194504 -6.703820
v 2.832788 7.205609 -6.804596
v 2.928516 7.207798 -6.822212
v 3.014122 7.208601 -6.799392
v 3.092839 7.209589 -6.748118
v 3.136420 7.205813 -6.685569
v 3.161689 7.142962 -6.688282
v 3.114826 7.145329 -6.750679
v 3.036000 7.146323 -6.802635
v 2.923182 7.144572 -6.830788
v 2.818347 7.143744 -6.814604
v 2.726577 7.135510 -6.756999
v 2.686750 7.132249 -6.708179
v 2.887239 7.861131 -6.543006
v 2.911142 7.863811 -6.540634
v 2.911651 7.852396 -6.568833
v 2.888316 7.850543 -6.566257
v 2.860985 7.844534 -6.547904
v 2.866707 7.840949 -6.563235
v 2.887382 7.831261 -6.590468
v 2.911474 7.831131 -6.597588
v 2.884701 7.793435 -6.626349
v 2.912627 7.792548 -6.637379
v 2.861459 7.827887 -6.574173
v 2.850354 7.827435 -6.556837
v 2.840073 7.789322 -6.579772
v 2.854824 7.791850 -6.602656
v 2.940362 7.794852 -6.628111
v 2.935486 7.829966 -6.590402
v 2.933967 7.848038 -6.565564
v 2.933430 7.857046 -6.543413
v 2.933389 7.854775 -6.510588
v 2.959378 7.836031 -6.518775
v 2.957369 7.839993 -6.548169
v 2.953946 7.837659 -6.562681
v 2.959951 7.824995 -6.575135
v 2.972206 7.819172 -6.526158
v 2.968301 7.824854 -6.557777
v 2.988417 7.782903 -6.542973
v 2.983439 7.789187 -6.581655
v 2.970013 7.792397 -6.604599
v 2.976066 7.492202 -6.506001
v 2.961046 7.548388 -6.512747
v 3.001676 7.548589 -6.535655
v 3.020847 7.490024 -6.538385
v 3.025357 7.549884 -6.560753
v 3.042684 7.488513 -6.567070
v 2.991714 7.628389 -6.521047
v 2.956270 7.625943 -6.495914
v 2.949323 7.699304 -6.480576
v 2.979083 7.703276 -6.502170
v 3.012519 7.630989 -6.549270
v 2.996166 7.708436 -6.528338
v 2.939178 7.766380 -6.468541
v 2.933276 7.809570 -6.471790
v 2.931906 7.833019 -6.482324
v 2.957969 7.819424 -6.494805
v 2.957026 7.801475 -6.483806
v 2.968857 7.806492 -6.501629
v 2.980829 7.775801 -6.509291
v 2.967065 7.771706 -6.486726
v 3.057790 7.425220 -6.564605
v 2.868575 7.443439 -6.488816
v 2.883831 7.432954 -6.479319
v 2.859433 7.419492 -6.486708
v 2.851433 7.429014 -6.495482
v 2.869005 7.411241 -6.479633
v 2.886238 7.424208 -6.475940
v 2.876838 7.442196 -6.500710
v 2.887729 7.453398 -6.491164
v 2.885999 7.453520 -6.483947
v 2.862416 7.429613 -6.510440
v 2.892226 7.422682 -6.484293
v 2.907215 7.430143 -6.481867
v 2.904995 7.431978 -6.476123
v 2.874385 7.410817 -6.487840
v 2.832741 7.410259 -6.505986
v 2.840333 7.401792 -6.495079
v 2.841162 7.410614 -6.518044
v 2.820013 7.392890 -6.513184
v 2.834552 7.398132 -6.498368
v 2.823910 7.388926 -6.508852
v 2.824079 7.393826 -6.521624
v 2.830342 7.388984 -6.517986
v 2.843566 7.394526 -6.512821
v 2.827115 7.379421 -6.501274
v 2.830945 7.375693 -6.499166
v 2.832247 7.380738 -6.508843
v 2.836000 7.375226 -6.503563
v 2.848845 7.392465 -6.488465
v 2.855339 7.393112 -6.497334
v 2.891815 7.448090 -6.482696
v 2.894739 7.447680 -6.488061
v 2.891571 7.432368 -6.489819
v 2.902788 7.435693 -6.484481
v 2.900205 7.436131 -6.477549
v 2.980316 7.449808 -6.493408
v 3.000681 7.437721 -6.499504
v 2.993186 7.425205 -6.490257
v 2.963100 7.439271 -6.485702
v 2.982992 7.416090 -6.485379
v 2.962563 7.426705 -6.482134
v 2.975123 7.448885 -6.503438
v 2.957809 7.458133 -6.494991
v 2.960069 7.458273 -6.491940
v 2.993599 7.437556 -6.511240
v 2.957814 7.426815 -6.487808
v 2.943889 7.434877 -6.483059
v 2.977024 7.416286 -6.494246
v 3.024639 7.418798 -6.508241
v 3.016738 7.409742 -6.498450
v 3.014819 7.419530 -6.521186
v 3.038698 7.403216 -6.517101
v 3.023836 7.403825 -6.501740
v 3.033827 7.397847 -6.513161
v 3.033493 7.402041 -6.525455
v 3.026721 7.398701 -6.522696
v 3.013327 7.400232 -6.516726
v 3.029832 7.385323 -6.504498
v 3.025054 7.380183 -6.501053
v 3.028594 7.384846 -6.510408
v 3.022344 7.379530 -6.505746
v 3.006465 7.397080 -6.492189
v 3.001214 7.397648 -6.500769
v 2.954799 7.438456 -6.493785
v 2.952337 7.453706 -6.490994
v 2.954954 7.453869 -6.486529
v 2.945180 7.440063 -6.487833
v 2.946418 7.440512 -6.483270
v 2.736409 7.282815 -6.447912
v 2.738695 7.281269 -6.458432
v 2.752403 7.309248 -6.459456
v 2.750017 7.310820 -6.449000
v 2.773288 7.332060 -6.458396
v 2.771002 7.333611 -6.447877
v 2.800181 7.347280 -6.454797
v 2.797896 7.348829 -6.444277
v 2.830147 7.353485 -6.449203
v 2.827863 7.355032 -6.438681
v 2.860257 7.350060 -6.442162
v 2.857973 7.351612 -6.431640
v 2.887559 7.337352 -6.434360
v 2.885276 7.338899 -6.423840
v 2.909384 7.316595 -6.426565
v 2.907099 7.318144 -6.416046
v 2.923593 7.289825 -6.419541
v 2.921307 7.291372 -6.409019
v 2.928795 7.259662 -6.413970
v 2.926510 7.261211 -6.403449
v 2.924484 7.229061 -6.410403
v 2.922199 7.230610 -6.399881
v 2.911080 7.201013 -6.409184
v 2.908794 7.202562 -6.398664
v 2.889891 7.178267 -6.410436
v 2.887606 7.179814 -6.399916
v 2.862998 7.163046 -6.414037
v 2.860713 7.164593 -6.403515
v 2.833032 7.156844 -6.419630
v 2.830746 7.158393 -6.409110
v 2.802921 7.160266 -6.426673
v 2.800636 7.161813 -6.416153
v 2.775620 7.172977 -6.434474
v 2.773335 7.174526 -6.423954
v 2.753795 7.193732 -6.442267
v 2.751509 7.195282 -6.431747
v 2.739586 7.220501 -6.449294
v 2.737301 7.222051 -6.438773
v 2.734383 7.250662 -6.454865
v 2.732098 7.252214 -6.444343
v 2.829306 7.256711 -6.423895
v 2.831589 7.255162 -6.434416
v 3.126052 7.282815 -6.447912
v 3.112443 7.310820 -6.449000
v 3.110057 7.309248 -6.459456
v 3.123766 7.281269 -6.458432
v 3.089173 7.332062 -6.458396
v 3.091458 7.333611 -6.447877
v 3.062281 7.347280 -6.454797
v 3.064565 7.348832 -6.444277
v 3.032313 7.353485 -6.449203
v 3.034598 7.355032 -6.438681
v 3.002203 7.350060 -6.442162
v 3.004488 7.351612 -6.431640
v 2.974902 7.337352 -6.434360
v 2.977185 7.338899 -6.423840
v 2.953077 7.316595 -6.426565
v 2.955362 7.318144 -6.416046
v 2.938868 7.289825 -6.419541
v 2.941153 7.291372 -6.409019
v 2.933665 7.259662 -6.413970
v 2.935951 7.261211 -6.403449
v 2.937977 7.229061 -6.410403
v 2.940262 7.230610 -6.399881
v 2.951381 7.201013 -6.409184
v 2.953667 7.202562 -6.398664
v 2.972570 7.178267 -6.410436
v 2.974855 7.179814 -6.399916
v 2.999463 7.163046 -6.414037
v 3.001747 7.164593 -6.403515
v 3.029429 7.156844 -6.419630
v 3.031714 7.158393 -6.409110
v 3.059540 7.160266 -6.426673
v 3.061826 7.161813 -6.416153
v 3.086842 7.172977 -6.434474
v 3.089126 7.174526 -6.423954
v 3.108666 7.193732 -6.442267
v 3.110952 7.195282 -6.431747
v 3.122875 7.220501 -6.449294
v 3.125160 7.222053 -6.438773
v 3.128078 7.250662 -6.454865
v 3.130363 7.252214 -6.444343
v 3.033155 7.256711 -6.423895
v 3.030873 7.255162 -6.434416
v 2.733278 7.347306 -6.448124
v 2.722364 7.324739 -6.450485
v 2.720527 7.325633 -6.454726
v 2.732376 7.349268 -6.452561
v 2.735016 7.345361 -6.446376
v 2.754519 7.361795 -6.439497
v 2.753818 7.363948 -6.440816
v 2.754249 7.365699 -6.444884
v 2.724704 7.323793 -6.448559
v 2.714927 7.280649 -6.448005
v 2.713725 7.280326 -6.452142
v 2.779507 7.326438 -6.424472
v 2.769010 7.316406 -6.427118
v 2.716988 7.280695 -6.446276
v 2.714217 7.239636 -6.442112
v 2.713414 7.238853 -6.446162
v 2.715939 7.202149 -6.437883
v 2.717512 7.203764 -6.433378
v 2.723732 7.176710 -6.425274
v 2.719657 7.204669 -6.431706
v 2.725921 7.178496 -6.423658
v 2.737852 7.158146 -6.413780
v 2.736415 7.155529 -6.414939
v 2.722460 7.173968 -6.429859
v 2.736670 7.152418 -6.419292
v 2.749720 7.166571 -6.472506
v 2.762527 7.146868 -6.462763
v 2.716027 7.240016 -6.440384
v 2.745559 7.245588 -6.425274
v 2.751993 7.219566 -6.417339
v 2.742585 7.194229 -6.480135
v 2.739475 7.231736 -6.487085
v 2.739815 7.274246 -6.493711
v 2.748010 7.276741 -6.429831
v 2.760201 7.304667 -6.429045
v 2.746754 7.319000 -6.497921
v 2.757345 7.341743 -6.496448
v 2.893239 7.144063 -6.375416
v 2.882607 7.143996 -6.375986
v 2.881756 7.145747 -6.370227
v 2.892456 7.146058 -6.369054
v 2.892130 7.148025 -6.367105
v 2.881425 7.147617 -6.368362
v 2.839528 7.144350 -6.377922
v 2.839109 7.145767 -6.376047
v 2.889759 7.207791 -6.377465
v 2.901672 7.199988 -6.373851
v 2.913152 7.236774 -6.380091
v 2.906475 7.238548 -6.381689
v 2.914843 7.278104 -6.387619
v 2.908540 7.276595 -6.388569
v 2.895676 7.307456 -6.394722
v 2.905289 7.314128 -6.393608
v 2.869492 7.190200 -6.376815
v 2.836840 7.176358 -6.380165
v 2.888389 7.349010 -6.399841
v 2.874872 7.328280 -6.400393
v 2.858997 7.374299 -6.409694
v 2.890703 7.373476 -6.404016
v 2.890990 7.375604 -6.405300
v 2.859801 7.375191 -6.414344
v 2.891749 7.376070 -6.410390
v 2.869061 7.365862 -6.461813
v 2.835703 7.365411 -6.468193
v 2.822829 7.373766 -6.422254
v 2.897894 7.365074 -6.458902
v 2.931231 7.349010 -6.399841
v 2.931231 7.373476 -6.404016
v 2.801743 7.362903 -6.478753
v 2.784249 7.371736 -6.433779
v 2.821875 7.372813 -6.418173
v 2.852396 7.339164 -6.405694
v 2.783135 7.370219 -6.429359
v 2.795443 7.336359 -6.420069
v 2.823282 7.342991 -6.412698
v 2.776021 7.357537 -6.489877
v 2.931231 7.375604 -6.405300
v 2.931231 7.376070 -6.410390
v 2.931231 7.365077 -6.458889
v 2.971471 7.375604 -6.405300
v 2.971757 7.373476 -6.404016
v 3.003464 7.374299 -6.409694
v 3.002660 7.375191 -6.414344
v 2.970712 7.376070 -6.410390
v 2.993400 7.365862 -6.461813
v 3.026758 7.365413 -6.468193
v 3.039632 7.373766 -6.422254
v 2.964567 7.365074 -6.458902
v 2.974072 7.349010 -6.399841
v 3.060718 7.362903 -6.478753
v 3.078212 7.371736 -6.433779
v 3.040586 7.372813 -6.418173
v 2.987588 7.328280 -6.400393
v 2.966785 7.307456 -6.394722
v 2.957172 7.314128 -6.393608
v 2.947618 7.278104 -6.387619
v 2.953921 7.276595 -6.388569
v 2.955986 7.238548 -6.381689
v 2.949308 7.236774 -6.380091
v 2.972702 7.207791 -6.377465
v 2.960788 7.199988 -6.373851
v 2.970331 7.148025 -6.367105
v 2.981036 7.147617 -6.368362
v 2.980705 7.145747 -6.370227
v 3.022933 7.144350 -6.377922
v 3.023352 7.145767 -6.376047
v 2.970005 7.146058 -6.369054
v 2.969222 7.144063 -6.375416
v 2.979854 7.143996 -6.375986
v 2.992969 7.190200 -6.376815
v 3.025620 7.176358 -6.380165
v 3.066989 7.143176 -6.388858
v 3.065613 7.141325 -6.393432
v 3.102504 7.144391 -6.402150
v 3.101462 7.141690 -6.406471
v 3.049307 7.137039 -6.439106
v 3.079978 7.137432 -6.451502
v 3.125790 7.152418 -6.419292
v 3.099934 7.146868 -6.462763
v 3.126045 7.155529 -6.414939
v 3.124609 7.158146 -6.413780
v 3.138730 7.176710 -6.425274
v 3.136541 7.178496 -6.423658
v 3.140001 7.173968 -6.429859
v 3.112741 7.166571 -6.472506
v 3.142804 7.204669 -6.431706
v 3.144950 7.203764 -6.433378
v 3.146521 7.202149 -6.437883
v 3.146434 7.240016 -6.440384
v 3.116903 7.245588 -6.425274
v 3.110469 7.219566 -6.417339
v 3.148243 7.239636 -6.442112
v 3.149047 7.238853 -6.446162
v 3.148735 7.280326 -6.452142
v 3.147534 7.280649 -6.448005
v 3.141934 7.325633 -6.454726
v 3.140097 7.324741 -6.450485
v 3.129183 7.347306 -6.448124
v 3.130085 7.349268 -6.452561
v 3.127445 7.345361 -6.446376
v 3.107941 7.361795 -6.439497
v 3.108644 7.363948 -6.440816
v 3.108213 7.365699 -6.444884
v 3.137757 7.323793 -6.448559
v 3.082953 7.326438 -6.424472
v 3.093450 7.316406 -6.427118
v 3.145473 7.280698 -6.446276
v 3.122986 7.231736 -6.487085
v 3.119875 7.194229 -6.480135
v 3.114450 7.276741 -6.429831
v 3.102260 7.304667 -6.429045
v 3.122646 7.274246 -6.493711
v 3.115708 7.319000 -6.497921
v 3.105116 7.341743 -6.496448
v 2.802964 7.360808 -6.480204
v 2.777699 7.355671 -6.491031
v 2.796522 7.322065 -6.480317
v 2.812301 7.331331 -6.475927
v 2.836336 7.363235 -6.469890
v 2.838217 7.338160 -6.468978
v 2.869215 7.363663 -6.463526
v 2.866320 7.336277 -6.462323
v 2.898126 7.362865 -6.460468
v 2.889617 7.326003 -6.457060
v 2.785651 7.312380 -6.483118
v 2.759450 7.340199 -6.497397
v 2.749161 7.317841 -6.498778
v 2.776570 7.300459 -6.485168
v 2.764226 7.269901 -6.485917
v 2.742501 7.273718 -6.494594
v 2.762854 7.235630 -6.480651
v 2.742190 7.231787 -6.488020
v 2.770955 7.208532 -6.471978
v 2.745133 7.194775 -6.481135
v 2.781073 7.193501 -6.464830
v 2.752064 7.167513 -6.473648
v 2.790600 7.184278 -6.459041
v 2.764553 7.148162 -6.464142
v 2.784057 7.138966 -6.453187
v 2.801549 7.177154 -6.453479
v 2.814092 7.138673 -6.441201
v 2.820719 7.170245 -6.445172
v 2.850564 7.169919 -6.436930
v 2.851472 7.141094 -6.430759
v 2.887991 7.185942 -6.433258
v 2.889249 7.144870 -6.425547
v 2.899411 7.146407 -6.424874
v 2.931231 7.195682 -6.432328
v 2.907377 7.203732 -6.434063
v 2.922462 7.232106 -6.437766
v 2.931231 7.230454 -6.437668
v 2.925473 7.269649 -6.443898
v 2.931231 7.270329 -6.444279
v 2.931231 7.304480 -6.450348
v 2.911778 7.304465 -6.450619
v 2.931231 7.362832 -6.460388
v 2.931231 7.146585 -6.424849
v 2.936987 7.269649 -6.443898
v 2.939999 7.232106 -6.437766
v 2.950683 7.304465 -6.450619
v 2.964335 7.362865 -6.460468
v 2.955085 7.203732 -6.434063
v 2.972843 7.326003 -6.457060
v 2.996141 7.336277 -6.462323
v 2.993246 7.363663 -6.463526
v 3.024244 7.338160 -6.468978
v 3.026124 7.363235 -6.469890
v 3.050160 7.331331 -6.475927
v 3.059497 7.360808 -6.480204
v 3.065940 7.322065 -6.480317
v 3.084762 7.355674 -6.491031
v 3.076810 7.312380 -6.483118
v 3.103010 7.340199 -6.497397
v 3.113301 7.317841 -6.498778
v 3.085890 7.300459 -6.485168
v 3.098235 7.269901 -6.485917
v 3.119960 7.273718 -6.494594
v 3.099607 7.235630 -6.480651
v 3.120272 7.231787 -6.488020
v 3.091506 7.208532 -6.471978
v 3.117328 7.194775 -6.481135
v 3.081388 7.193501 -6.464830
v 3.110397 7.167513 -6.473648
v 3.071861 7.184278 -6.459041
v 3.097908 7.148162 -6.464142
v 3.078404 7.138966 -6.453187
v 3.060912 7.177154 -6.453479
v 3.048370 7.138673 -6.441201
v 3.041742 7.170245 -6.445172
v 3.011897 7.169919 -6.436930
v 3.010988 7.141094 -6.430759
v 2.974470 7.185942 -6.433258
v 2.973213 7.144870 -6.425547
v 2.963050 7.146407 -6.424874
v 2.782483 7.137432 -6.451502
v 2.760998 7.141690 -6.406471
v 2.813154 7.137039 -6.439106
v 2.796847 7.141325 -6.393432
v 2.759957 7.144391 -6.402150
v 2.760238 7.146871 -6.401194
v 2.795471 7.143176 -6.388858
v 2.795089 7.145036 -6.387607
v 2.840603 7.142857 -6.382957
v 2.851113 7.139412 -6.428562
v 2.770428 7.193357 -6.404653
v 2.761111 7.203726 -6.410403
v 2.781505 7.185089 -6.398762
v 2.802538 7.176583 -6.389707
v 2.889394 7.143132 -6.423320
v 2.898935 7.144720 -6.422721
v 2.931231 7.144063 -6.375416
v 2.931231 7.146058 -6.369054
v 2.931231 7.148025 -6.367105
v 2.931231 7.199988 -6.373851
v 2.931231 7.236774 -6.380091
v 2.931231 7.278104 -6.387619
v 2.931231 7.314128 -6.393608
v 2.931231 7.144720 -6.422709
v 2.973067 7.143132 -6.423320
v 2.963525 7.144720 -6.422721
v 3.011348 7.139412 -6.428562
v 3.021858 7.142857 -6.382957
v 3.086440 7.357537 -6.489877
v 3.102223 7.146871 -6.401194
v 3.067372 7.145036 -6.387607
v 3.092034 7.193357 -6.404653
v 3.101350 7.203726 -6.410403
v 3.080956 7.185089 -6.398762
v 3.059922 7.176583 -6.389707
v 3.010065 7.339164 -6.405694
v 3.039179 7.342991 -6.412698
v 3.067018 7.336359 -6.420069
v 3.079326 7.370219 -6.429359
v 3.140157 7.193141 -6.634806
v 3.134507 7.189729 -6.668200
v 3.128723 7.244939 -6.674191
v 3.135232 7.248769 -6.641258
v 3.141291 7.196632 -6.599931
v 3.137479 7.252599 -6.606989
v 3.117680 7.240933 -6.704972
v 3.124061 7.186205 -6.699310
v 3.102679 7.237103 -6.733582
v 3.109169 7.182744 -6.728665
v 3.089220 7.179753 -6.756433
v 3.083227 7.233788 -6.760414
v 3.064172 7.177503 -6.781858
v 3.059241 7.231255 -6.784833
v 3.030722 7.228745 -6.803824
v 3.033944 7.175624 -6.803268
v 2.998369 7.226308 -6.816469
v 3.000185 7.173650 -6.818869
v 2.963722 7.225279 -6.823427
v 2.964145 7.172870 -6.828135
v 2.927495 7.225644 -6.825511
v 2.926701 7.173168 -6.831120
v 2.900524 7.226181 -6.822915
v 2.898772 7.173820 -6.827782
v 2.866341 7.228003 -6.815557
v 2.863111 7.175492 -6.818257
v 2.834294 7.231313 -6.803155
v 2.829180 7.178504 -6.803054
v 2.804841 7.234883 -6.784498
v 2.797365 7.181432 -6.781856
v 2.779814 7.238255 -6.760270
v 2.770707 7.184446 -6.756433
v 2.759874 7.242130 -6.733255
v 2.750097 7.187986 -6.728431
v 2.745277 7.246376 -6.704530
v 2.735614 7.191882 -6.698938
v 2.735287 7.250586 -6.673717
v 2.726551 7.195610 -6.667781
v 2.730093 7.254492 -6.640769
v 2.722712 7.198987 -6.634427
v 2.728659 7.258319 -6.606497
v 2.723131 7.202391 -6.599531
v 2.730390 7.262200 -6.571871
v 2.726337 7.206032 -6.564355
v 2.735430 7.265979 -6.537851
v 2.732062 7.209745 -6.530153
v 2.743779 7.269259 -6.505372
v 2.741043 7.213053 -6.497602
v 2.749537 7.215005 -6.475801
v 2.751667 7.271262 -6.483616
v 3.123313 7.208366 -6.498353
v 3.132776 7.204170 -6.530562
v 3.130792 7.260394 -6.538321
v 3.122559 7.263933 -6.505821
v 3.115455 7.209911 -6.476196
v 3.114792 7.266173 -6.484036
v 3.135790 7.256490 -6.572348
v 3.138373 7.200335 -6.564741
v 3.139369 7.244390 -6.677921
v 3.146083 7.248407 -6.643271
v 3.148404 7.252463 -6.607245
v 3.127831 7.240176 -6.710248
v 3.112022 7.236084 -6.740099
v 3.091572 7.232496 -6.768015
v 3.066243 7.229789 -6.793630
v 3.036062 7.227182 -6.813744
v 3.002147 7.224652 -6.827316
v 2.965811 7.223572 -6.834763
v 2.927226 7.223903 -6.836976
v 2.898341 7.224499 -6.834257
v 2.862496 7.226423 -6.826433
v 2.828929 7.229886 -6.813113
v 2.797844 7.233589 -6.793334
v 2.771406 7.237156 -6.767857
v 2.750430 7.241335 -6.739742
v 2.735031 7.245861 -6.709791
v 2.724595 7.250290 -6.677433
v 2.719258 7.254390 -6.642782
v 2.717748 7.258452 -6.606753
v 2.719569 7.262595 -6.570323
v 2.724581 7.266619 -6.534631
v 2.733479 7.270056 -6.500524
v 2.741924 7.272166 -6.477687
v 2.716004 7.195557 -6.671503
v 2.725619 7.191612 -6.704139
v 2.712415 7.202778 -6.599766
v 2.712043 7.199147 -6.636405
v 2.721314 7.210665 -6.526973
v 2.715645 7.206697 -6.562809
v 2.739936 7.216251 -6.469909
v 2.730885 7.214130 -6.492796
v 2.740800 7.187436 -6.734794
v 2.762484 7.183578 -6.763870
v 2.790557 7.180305 -6.790481
v 2.824012 7.177199 -6.812814
v 2.859349 7.173986 -6.829117
v 2.896700 7.172121 -6.839289
v 2.926434 7.171397 -6.842815
v 2.966123 7.171137 -6.839620
v 3.003888 7.172047 -6.829680
v 3.039138 7.174170 -6.812984
v 3.071021 7.176208 -6.790463
v 3.097424 7.178680 -6.763893
v 3.118401 7.181959 -6.735065
v 3.134010 7.185675 -6.704545
v 3.145022 7.189405 -6.671938
v 3.150867 7.193042 -6.636789
v 3.152053 7.196754 -6.600164
v 3.146621 7.256612 -6.570793
v 3.141682 7.260766 -6.535101
v 3.132905 7.264473 -6.500979
v 3.124581 7.266825 -6.478116
v 3.143571 7.204814 -6.527383
v 3.134070 7.208545 -6.493214
v 3.125088 7.210897 -6.470313
v 3.149084 7.200725 -6.563196
v 3.124156 7.207414 -6.497836
vn 0.2110 0.5899 -0.7794
vn 0.2110 -0.5899 -0.7794
vn -0.9652 -0.0000 -0.2614
vn -0.7953 -0.5666 -0.2154
vn -0.7954 0.5666 -0.2153
vn -0.2110 -0.5902 -0.7792
vn 0.9653 -0.0000 -0.2613
vn 0.7954 -0.5666 -0.2153
vn -0.2109 0.5899 -0.7794
vn 0.7954 0.5666 -0.2153
vn -0.4859 0.0004 0.8740
vn -0.5664 -0.0033 0.8241
vn -0.7802 -0.5895 0.2093
vn -0.3470 -0.6982 0.6262
vn -0.0209 -0.6104 -0.7918
vn 0.3382 -0.7165 -0.6101
vn -0.3483 0.6977 0.6260
vn -0.4067 0.6956 0.5922
vn 0.3395 0.7165 -0.6094
vn 0.3935 0.7189 -0.5729
vn -0.0454 -0.9975 0.0543
vn 0.0779 -0.9925 -0.0938
vn -0.4645 0.6961 0.5475
vn -0.6473 0.0002 0.7623
vn -0.7243 -0.0000 0.6895
vn -0.5210 0.6946 0.4960
vn 0.4499 0.7185 -0.5304
vn 0.5026 0.7201 -0.4784
vn -0.5210 -0.6946 0.4960
vn -0.4652 -0.6962 0.5467
vn 0.5026 -0.7201 -0.4784
vn 0.4504 -0.7187 -0.5298
vn -0.5614 0.6990 0.4429
vn -0.7850 -0.0000 0.6194
vn 0.5486 0.7153 -0.4329
vn -0.5613 -0.6991 0.4429
vn 0.5485 -0.7153 -0.4329
vn 0.0077 -0.5992 0.8006
vn 0.7753 -0.6000 -0.1973
vn 0.5661 -0.0022 -0.8243
vn 0.2809 -0.7185 -0.6363
vn 0.2809 0.7185 -0.6363
vn 0.2217 0.7168 -0.6612
vn 0.2226 -0.7164 -0.6612
vn 0.2260 -0.0024 -0.9741
vn 0.6252 -0.6046 -0.4934
vn 0.1569 0.7193 -0.6767
vn 0.0282 -0.9924 -0.1202
vn -0.3422 -0.6049 -0.7190
vn 0.0938 0.7161 -0.6916
vn 0.0918 -0.7156 -0.6925
vn 0.0018 -0.7285 -0.6850
vn 0.0018 0.7285 -0.6850
vn -0.0915 -0.7162 -0.6919
vn -0.0919 0.7168 -0.6912
vn -0.2259 -0.0021 -0.9741
vn -0.1569 0.7193 -0.6768
vn -0.2217 0.7168 -0.6611
vn -0.2226 -0.7168 -0.6607
vn -0.2809 0.7185 -0.6363
vn -0.2809 -0.7185 -0.6363
vn -0.3382 -0.7165 -0.6101
vn -0.3391 0.7167 -0.6093
vn -0.5661 -0.0022 -0.8243
vn 0.0202 -0.6104 -0.7918
vn -0.3935 0.7190 -0.5729
vn -0.0784 -0.9925 -0.0938
vn -0.4499 0.7185 -0.5304
vn -0.7760 -0.5990 -0.1974
vn -0.4510 -0.7183 -0.5297
vn -0.5026 -0.7201 -0.4784
vn -0.5026 0.7201 -0.4784
vn -0.5485 0.7153 -0.4329
vn -0.5486 -0.7153 -0.4329
vn 0.5658 -0.0033 0.8245
vn 0.4862 -0.0000 0.8738
vn 0.3473 -0.6979 0.6263
vn 0.7801 -0.5895 0.2094
vn 0.4067 0.6956 0.5922
vn 0.3483 0.6977 0.6260
vn 0.0457 -0.9975 0.0530
vn 0.2899 0.6961 0.6568
vn 0.2899 -0.6961 0.6568
vn 0.4038 -0.0000 0.9148
vn 0.2277 0.6977 0.6792
vn 0.1624 0.6953 0.7001
vn 0.2259 -0.0036 0.9741
vn 0.3183 0.0004 0.9480
vn -0.3341 -0.5940 0.7318
vn 0.2288 -0.6981 0.6785
vn -0.6259 -0.6045 -0.4928
vn -0.0283 -0.9923 -0.1202
vn 0.0169 -0.9974 0.0694
vn 0.3420 -0.6051 -0.7190
vn 0.6240 -0.5938 0.5079
vn 0.0944 0.6977 0.7101
vn -0.0019 0.6869 0.7268
vn -0.0963 0.6983 0.7093
vn -0.1340 0.0002 0.9910
vn -0.0026 -0.0000 1.0000
vn -0.0951 -0.6985 0.7093
vn -0.0019 -0.6869 0.7268
vn 0.1315 0.0004 0.9913
vn 0.0928 -0.6982 0.7098
vn -0.1624 0.6953 0.7001
vn -0.2259 -0.0035 0.9741
vn -0.3179 -0.0000 0.9481
vn -0.2278 0.6977 0.6792
vn -0.2282 -0.6979 0.6788
vn 0.3331 -0.5940 0.7322
vn -0.0165 -0.9974 0.0695
vn -0.2899 0.6961 0.6568
vn -0.4038 -0.0000 0.9148
vn -0.2900 -0.6960 0.6568
vn -0.6241 -0.5937 0.5080
vn 0.5211 0.6946 0.4960
vn 0.4645 0.6961 0.5475
vn 0.6472 0.0004 0.7623
vn 0.7243 -0.0000 0.6895
vn 0.4654 -0.6965 0.5461
vn 0.5210 -0.6946 0.4960
vn -0.0074 -0.5994 0.8004
vn 0.5613 0.6991 0.4430
vn 0.7850 -0.0000 0.6195
vn 0.5613 -0.6991 0.4430
vn 0.2109 0.5899 -0.7794
vn -0.9653 -0.0000 -0.2613
vn -0.7954 -0.5665 -0.2153
vn -0.2110 -0.5899 -0.7794
vn -0.4859 -0.0004 0.8740
vn -0.3473 0.6981 0.6261
vn -0.7803 0.5893 0.2094
vn -0.5664 0.0033 0.8241
vn -0.0209 0.6104 -0.7918
vn 0.3378 0.7166 -0.6102
vn -0.3483 -0.6977 0.6260
vn -0.4067 -0.6956 0.5922
vn 0.3391 -0.7167 -0.6093
vn 0.3935 -0.7189 -0.5729
vn -0.0460 0.9975 0.0543
vn 0.0779 0.9926 -0.0937
vn -0.4645 -0.6961 0.5475
vn -0.6474 -0.0003 0.7622
vn -0.5211 -0.6946 0.4960
vn 0.4499 -0.7185 -0.5304
vn -0.5211 0.6946 0.4960
vn -0.4652 0.6963 0.5466
vn 0.4513 0.7183 -0.5295
vn -0.5613 -0.6991 0.4430
vn -0.7850 -0.0000 0.6195
vn 0.5486 -0.7153 -0.4329
vn -0.5613 0.6991 0.4430
vn 0.5485 0.7154 -0.4329
vn 0.0076 0.5992 0.8006
vn 0.7758 0.5996 -0.1966
vn 0.5661 0.0022 -0.8243
vn 0.2217 -0.7168 -0.6611
vn 0.2226 0.7167 -0.6609
vn 0.2262 0.0024 -0.9741
vn 0.6255 0.6047 -0.4931
vn 0.1569 -0.7193 -0.6767
vn 0.0288 0.9923 -0.1201
vn -0.3416 0.6047 -0.7195
vn 0.0938 -0.7161 -0.6916
vn 0.0923 0.7156 -0.6924
vn -0.0903 0.7169 -0.6913
vn -0.0919 -0.7168 -0.6912
vn -0.2259 0.0021 -0.9741
vn -0.1570 -0.7193 -0.6768
vn -0.2217 -0.7168 -0.6611
vn -0.2231 0.7161 -0.6614
vn -0.3379 0.7168 -0.6099
vn -0.3391 -0.7167 -0.6093
vn -0.5661 0.0022 -0.8243
vn 0.0206 0.6111 -0.7913
vn -0.3935 -0.7190 -0.5729
vn -0.0773 0.9926 -0.0937
vn -0.4499 -0.7185 -0.5304
vn -0.7760 0.5991 -0.1973
vn -0.4510 0.7183 -0.5298
vn -0.5486 0.7153 -0.4329
vn 0.5658 0.0033 0.8245
vn 0.7801 0.5895 0.2099
vn 0.3473 0.6979 0.6263
vn 0.4863 -0.0000 0.8738
vn 0.4067 -0.6956 0.5922
vn 0.3483 -0.6977 0.6260
vn 0.0456 0.9975 0.0543
vn 0.2900 -0.6960 0.6568
vn 0.2277 -0.6977 0.6792
vn 0.1624 -0.6953 0.7001
vn 0.2259 0.0032 0.9741
vn 0.3182 -0.0004 0.9480
vn -0.3336 0.5944 0.7317
vn 0.2289 0.6982 0.6784
vn -0.6255 0.6049 -0.4928
vn -0.0281 0.9924 -0.1201
vn 0.0158 0.9974 0.0697
vn 0.3421 0.6051 -0.7189
vn 0.6237 0.5940 0.5081
vn 0.0945 -0.6977 0.7101
vn -0.0963 -0.6983 0.7093
vn -0.1345 -0.0000 0.9909
vn -0.0951 0.6985 0.7093
vn 0.1315 -0.0004 0.9913
vn 0.0927 0.6982 0.7098
vn -0.1624 -0.6953 0.7001
vn -0.2259 0.0035 0.9741
vn -0.2277 -0.6977 0.6792
vn -0.2287 0.6979 0.6787
vn 0.3341 0.5941 0.7317
vn -0.0165 0.9974 0.0705
vn -0.2899 -0.6961 0.6568
vn -0.2899 0.6960 0.6568
vn -0.6241 0.5937 0.5080
vn 0.5211 -0.6946 0.4960
vn 0.6472 -0.0004 0.7623
vn 0.4645 -0.6961 0.5475
vn 0.4650 0.6964 0.5466
vn -0.0074 0.5994 0.8004
vn 0.9410 0.2805 0.1891
vn 0.7134 0.6854 0.1457
vn 0.4166 0.9041 0.0948
vn 0.3614 0.8129 0.4567
vn -0.1047 0.8879 0.4479
vn -0.2672 0.9624 0.0482
vn 0.2625 0.3364 0.9044
vn -0.0088 0.4507 0.8926
vn 0.0100 0.9156 0.4019
vn 0.0063 1.0000 0.0048
vn -0.0376 -0.7387 0.6730
vn 0.3091 -0.6910 0.6534
vn 0.6574 -0.6743 0.3364
vn 0.7977 -0.5891 0.1287
vn -0.0245 -0.9978 0.0623
vn 0.1389 -0.9889 0.0535
vn -0.2255 0.9422 -0.2477
vn 0.3453 0.8896 -0.2990
vn 0.4968 0.8162 -0.2951
vn -0.0168 0.9815 -0.1908
vn 0.9304 -0.0872 0.3560
vn -0.0357 0.8847 -0.4648
vn -0.2521 0.7864 0.5640
vn -0.2008 0.8732 -0.4441
vn 0.2184 0.9395 -0.2639
vn 0.2604 0.9642 0.0500
vn 0.1159 0.8915 0.4379
vn -0.4182 0.9034 0.0948
vn -0.3637 0.8150 0.4510
vn -0.5523 0.6432 0.5304
vn -0.7924 0.3013 0.5304
vn -0.2258 0.3885 0.8934
vn -0.4138 -0.6284 0.6587
vn -0.7278 -0.5880 0.3530
vn -0.8511 -0.5070 0.1361
vn -0.2015 -0.9772 0.0664
vn -0.7575 0.5044 0.4144
vn -0.2587 0.9393 -0.2254
vn -0.6415 0.7642 0.0663
vn 0.2788 0.6593 0.6983
vn 0.7003 0.6907 -0.1803
vn 0.5580 -0.2963 0.7751
vn 0.5947 -0.2480 0.7648
vn 0.2824 -0.6328 0.7210
vn 0.3746 -0.4773 -0.7949
vn 0.3003 -0.6731 -0.6758
vn 0.5885 -0.6126 -0.5276
vn 0.6684 -0.3929 -0.6315
vn 0.0142 -0.5001 -0.8658
vn -0.0691 -0.6647 -0.7439
vn 0.8625 -0.3691 -0.3461
vn 0.8850 -0.2670 -0.3815
vn 0.9521 -0.2418 -0.1873
vn 0.9453 -0.2195 -0.2413
vn -0.3520 -0.4707 -0.8090
vn -0.3783 -0.5965 -0.7079
vn -0.6589 -0.4130 -0.6287
vn -0.6683 -0.5048 -0.5464
vn -0.9109 -0.3125 -0.2694
vn -0.9132 -0.3320 -0.2362
vn -0.9919 -0.1231 -0.0314
vn -0.9754 -0.2105 -0.0656
vn 0.4587 -0.6840 0.5672
vn 0.2453 -0.8503 -0.4657
vn -0.0203 -0.9095 -0.4153
vn 0.0157 -0.9283 -0.3714
vn -0.1917 -0.9376 -0.2900
vn -0.6194 -0.7804 -0.0856
vn -0.8750 -0.4770 -0.0821
vn -0.8919 -0.3611 0.2724
vn -0.3464 -0.8992 -0.2674
vn -0.9791 -0.1710 0.1104
vn -0.8906 -0.4080 -0.2009
vn -0.8348 -0.5422 -0.0957
vn -0.9211 -0.3393 0.1909
vn -0.6926 -0.7199 0.0456
vn -0.7975 -0.5448 0.2593
vn -0.5088 -0.8004 0.3170
vn -0.3856 -0.9129 0.1336
vn -0.2928 -0.9469 -0.1326
vn -0.5068 -0.8230 -0.2565
vn -0.5892 -0.6739 -0.4458
vn -0.2082 -0.8730 -0.4411
vn -0.2502 -0.7389 -0.6256
vn -0.0213 -0.9770 -0.2122
vn 0.0211 -0.8826 -0.4697
vn 0.2222 -0.8664 -0.4471
vn 0.2935 -0.7399 -0.6053
vn 0.0426 -0.7525 -0.6572
vn 0.2316 -0.9532 -0.1943
vn 0.4437 -0.8396 -0.3133
vn 0.5482 -0.6940 -0.4666
vn 0.7664 -0.6039 -0.2187
vn 0.6011 -0.7950 -0.0814
vn 0.2527 -0.9661 0.0533
vn 0.2638 -0.9495 0.1697
vn 0.5337 -0.8143 0.2283
vn 0.7330 -0.6566 0.1777
vn -0.0249 -0.9640 0.2648
vn -0.0692 -0.9933 0.0929
vn 0.8452 -0.4374 -0.3072
vn 0.6244 -0.5358 -0.5683
vn 0.3504 -0.5915 -0.7262
vn 0.0459 -0.6070 -0.7934
vn 0.9057 -0.3962 -0.1505
vn -0.2949 -0.5837 -0.7566
vn -0.6387 -0.5199 -0.5673
vn 0.6505 0.0168 0.7593
vn 0.9179 -0.0959 0.3850
vn 0.9232 0.2694 0.2740
vn 0.6232 0.5269 0.5779
vn 0.2792 0.0933 0.9557
vn 0.3019 0.5350 0.7891
vn -0.1122 0.1113 0.9874
vn -0.0547 0.5006 0.8640
vn -0.4570 0.0837 0.8855
vn -0.4263 0.4087 0.8070
vn -0.7493 0.0095 0.6622
vn -0.7430 0.2509 0.6205
vn -0.9209 -0.0919 0.3787
vn -0.9303 0.0489 0.3635
vn 0.6016 0.7986 0.0175
vn 0.1400 0.9467 0.2900
vn 0.7976 0.5971 -0.0855
vn 0.9044 0.1760 -0.3887
vn -0.0795 0.8433 0.5316
vn -0.6807 0.5958 0.4261
vn -0.8745 0.2927 0.3867
vn -0.8878 -0.2179 0.4053
vn -0.8250 -0.3621 0.4339
vn -0.6646 -0.2948 0.6866
vn -0.5891 -0.4860 0.6455
vn -0.3405 -0.4449 0.8283
vn -0.3866 -0.6641 0.6399
vn -0.1154 -0.6747 0.7290
vn -0.0951 -0.4455 0.8902
vn 0.1415 -0.4553 0.8790
vn 0.1715 -0.6871 0.7061
vn 0.4114 -0.5218 0.7473
vn 0.5972 -0.6265 0.5008
vn 0.2325 -0.8344 0.4997
vn 0.7706 -0.4084 0.4892
vn 0.5207 -0.3349 0.7853
vn 0.2089 -0.2839 0.9358
vn -0.0914 -0.2502 0.9639
vn -0.3879 -0.2492 0.8874
vn -0.1255 -0.8521 0.5081
vn -0.4395 -0.7681 0.4657
vn -0.7112 -0.5496 0.4383
vn -0.4254 -0.0784 0.9016
vn -0.0936 -0.0619 0.9937
vn 0.2623 -0.0900 0.9608
vn 0.6116 -0.1480 0.7772
vn 0.8651 -0.2351 0.4430
vn -0.7157 -0.1369 0.6849
vn 0.1498 -0.9788 -0.1399
vn 0.1250 -0.9834 -0.1318
vn -0.0455 -0.9975 -0.0542
vn 0.1310 -0.9914 -0.0056
vn 0.0015 -0.9920 0.1263
vn -0.2872 -0.9573 0.0318
vn -0.5788 -0.8142 0.0448
vn -0.8371 -0.5463 0.0281
vn -0.9250 -0.2910 0.2444
vn -0.8713 -0.0505 0.4881
vn -0.7143 0.2005 0.6705
vn -0.3881 0.3827 0.8384
vn -0.0229 0.3314 0.9432
vn 0.3819 0.3063 0.8720
vn 0.2954 0.4423 0.8469
vn -0.2904 -0.9278 0.2343
vn -0.2843 -0.7439 0.6048
vn -0.4135 -0.5181 0.7487
vn -0.1612 -0.9114 0.3787
vn -0.5625 -0.2069 0.8005
vn -0.7060 -0.0922 0.7022
vn -0.8409 -0.1619 0.5164
vn -0.8961 -0.3381 0.2876
vn -0.8191 -0.5683 0.0777
vn -0.5876 -0.8084 -0.0341
vn -0.3105 -0.9440 -0.1117
vn -0.0018 -0.9773 -0.2119
vn 0.1342 -0.9411 -0.3105
vn 0.0923 -0.9718 -0.2172
vn 0.0634 -0.9967 -0.0508
vn -0.0508 -0.9945 0.0917
vn -0.8154 -0.5685 0.1088
vn -0.5820 -0.8054 -0.1124
vn -0.2925 -0.9200 -0.2609
vn 0.0258 -0.9235 -0.3828
vn -0.0113 -0.9919 -0.1265
vn -0.0537 -0.9971 0.0534
vn 0.0243 -0.9391 -0.3427
vn 0.0906 -0.8762 -0.4734
vn 0.1199 -0.8518 -0.5099
vn 0.1573 -0.7791 -0.6068
vn -0.0337 -0.7563 -0.6533
vn 0.0686 -0.6769 -0.7328
vn -0.0754 -0.5256 -0.8474
vn -0.0034 -0.4434 -0.8963
vn -0.1028 -0.3492 -0.9314
vn -0.0270 -0.2803 -0.9595
vn 0.1261 -0.4199 -0.8988
vn 0.1053 -0.2582 -0.9603
vn -0.3099 -0.4337 -0.8461
vn -0.3027 -0.5962 -0.7436
vn -0.6181 -0.3964 -0.6788
vn -0.6175 -0.5309 -0.5804
vn -0.8781 -0.2481 -0.4091
vn -0.8870 -0.3263 -0.3268
vn -0.9850 -0.0792 -0.1533
vn -0.9905 -0.1361 -0.0220
vn -0.9975 0.0255 0.0655
vn -0.9585 -0.1044 0.2652
vn -0.9367 -0.0570 0.3455
vn -0.8728 -0.1920 0.4488
vn -0.8407 -0.2943 0.4545
vn -0.7415 -0.5009 0.4464
vn -0.7230 -0.4325 0.5387
vn -0.6418 -0.6134 0.4602
vn -0.5200 -0.5340 0.6667
vn -0.4980 -0.6193 0.6070
vn -0.3266 -0.5351 0.7791
vn -0.3188 -0.6491 0.6907
vn -0.1715 -0.6545 0.7364
vn -0.1695 -0.5138 0.8410
vn -0.0427 -0.6352 0.7712
vn 0.0069 -0.4884 0.8726
vn -0.6231 -0.5656 0.5402
vn -0.5069 -0.6025 0.6164
vn -0.3307 -0.6284 0.7041
vn -0.8283 -0.1375 0.5431
vn -0.7166 -0.4186 0.5579
vn -0.9113 -0.1334 0.3895
vn -0.9519 -0.2442 0.1849
vn -0.8868 -0.4466 -0.1188
vn -0.6328 -0.6621 -0.4014
vn -0.3126 -0.7717 -0.5539
vn -0.7623 -0.0900 0.6409
vn -0.6640 -0.2760 0.6949
vn -0.5744 -0.5513 0.6051
vn -0.8748 -0.1488 0.4611
vn -0.9023 -0.3221 0.2864
vn -0.5000 -0.7191 0.4827
vn -0.3608 -0.7408 0.5666
vn -0.1925 -0.7526 0.6297
vn -0.2103 -0.8690 0.4479
vn -0.3803 -0.7962 0.4706
vn -0.4204 -0.7575 0.4995
vn -0.1103 -0.9537 0.2797
vn -0.0285 -0.9752 0.2197
vn -0.0571 -0.9875 0.1472
vn -0.0913 -0.8913 0.4441
vn -0.0628 -0.7776 0.6256
vn -0.1451 -0.9832 0.1105
vn -0.0935 -0.9443 0.3155
vn -0.1069 -0.9920 0.0672
vn -0.0066 -0.8826 0.4700
vn 0.1320 -0.8619 0.4896
vn 0.0901 -0.8838 0.4591
vn 0.2662 -0.7996 0.5383
vn 0.3084 -0.7776 0.5479
vn 0.2265 -0.7317 0.6428
vn 0.0741 -0.7781 0.6238
vn 0.1120 -0.6667 0.7369
vn -0.0628 -0.6561 0.7521
vn 0.1458 -0.5983 0.7879
vn 0.3454 -0.5515 0.7593
vn 0.3991 -0.3910 0.8294
vn 0.1983 -0.4483 0.8716
vn -0.1697 -0.6346 0.7540
vn 0.4930 -0.4789 0.7264
vn 0.5508 -0.3442 0.7604
vn 0.5623 -0.4174 0.7138
vn 0.6364 -0.2885 0.7154
vn 0.6698 -0.3974 0.6272
vn 0.7433 -0.2171 0.6327
vn 0.8656 -0.3472 0.3608
vn 0.9199 -0.1439 0.3647
vn 0.9693 -0.2460 0.0066
vn 0.9986 -0.0500 0.0181
vn 0.9833 -0.1180 -0.1388
vn 0.9906 -0.1028 -0.0904
vn 0.4989 -0.5119 0.6993
vn 0.4263 -0.5534 0.7156
vn 0.2978 -0.6084 0.7357
vn 0.7963 -0.4639 0.3881
vn 0.6036 -0.4978 0.6228
vn 0.9485 -0.1275 -0.2900
vn 0.9290 -0.3675 0.0442
vn 0.4279 -0.6452 0.6329
vn 0.3557 -0.6731 0.6484
vn 0.7293 -0.5675 0.3821
vn 0.5383 -0.6177 0.5733
vn 0.6322 -0.7086 0.3135
vn 0.4558 -0.7388 0.4964
vn 0.7688 -0.6389 0.0277
vn 0.8756 -0.4806 0.0476
vn 0.8442 -0.5163 -0.1443
vn 0.9088 -0.3879 -0.1535
vn 0.6505 -0.6305 0.4235
vn 0.4570 -0.6625 0.5935
vn 0.2457 -0.7034 0.6670
vn 0.0192 -0.8052 0.5927
vn -0.2635 -0.8720 0.4125
vn -0.3927 -0.9003 0.1879
vn -0.4907 -0.8673 0.0842
vn -0.5225 -0.6890 0.5022
vn -0.7725 -0.5985 0.2121
vn -0.8674 -0.4565 0.1982
vn 0.2041 -0.5763 0.7914
vn -0.1393 -0.7076 0.6928
vn 0.6969 -0.4572 0.5525
vn 0.4989 -0.5064 0.7033
vn 0.8713 -0.4621 0.1653
vn 0.8161 -0.5690 0.1014
vn 0.9061 -0.4207 -0.0449
vn 0.9947 -0.0704 -0.0744
vn 0.1609 -0.6230 -0.7655
vn 0.3286 -0.4163 -0.8478
vn 0.3251 -0.2716 -0.9058
vn 0.5132 -0.2682 -0.8153
vn 0.4840 -0.3746 -0.7908
vn 0.6711 -0.2464 -0.6992
vn 0.6230 -0.3156 -0.7157
vn 0.7907 -0.2108 -0.5747
vn 0.7388 -0.2574 -0.6228
vn 0.8813 -0.1205 -0.4570
vn 0.8265 -0.2086 -0.5228
vn 0.2767 -0.5368 -0.7971
vn 0.4043 -0.4028 -0.8212
vn 0.7175 -0.2260 -0.6589
vn 0.8311 -0.2082 -0.5157
vn 0.5584 -0.2864 -0.7786
vn 0.2217 -0.6672 -0.7111
vn 0.3154 -0.4771 -0.8203
vn 0.7009 -0.2509 -0.6677
vn 0.8356 -0.2550 -0.4866
vn 0.6527 -0.3790 -0.6560
vn 0.7777 -0.4163 -0.4710
vn 0.4498 -0.4166 -0.7900
vn 0.4951 -0.3337 -0.8022
vn 0.2113 -0.5450 -0.8114
vn 0.0952 -0.7331 -0.6735
vn -0.0246 -0.8792 -0.4758
vn -0.0588 -0.9757 -0.2111
vn -0.1920 -0.8155 -0.5459
vn -0.3544 -0.2537 -0.9000
vn 0.1535 -0.4760 -0.8660
vn 0.4436 -0.4376 -0.7822
vn 0.6621 -0.3194 -0.6779
vn 0.8032 -0.3677 -0.4687
vn -0.4790 -0.8532 -0.2063
vn -0.2830 0.5525 -0.7840
vn -0.3968 0.2423 -0.8853
vn 0.4052 -0.0820 -0.9105
vn -0.9119 0.1816 -0.3680
vn 0.8482 -0.1863 -0.4958
vn 0.7108 0.0097 -0.7033
vn 0.6490 -0.2336 -0.7240
vn -0.4048 0.0631 -0.9122
vn -0.7340 -0.0393 -0.6780
vn -0.7190 0.2194 -0.6595
vn -0.3865 0.2494 -0.8879
vn -0.0063 0.1193 -0.9928
vn 0.0433 0.2111 -0.9765
vn -0.9398 0.0468 -0.3384
vn -0.9295 -0.1606 -0.3320
vn -0.9612 -0.2286 -0.1544
vn -0.9846 -0.1727 0.0276
vn 0.3595 0.1209 -0.9253
vn 0.4177 0.1519 -0.8958
vn 0.6516 0.0909 -0.7531
vn 0.6847 0.0540 -0.7268
vn 0.8689 0.0211 -0.4945
vn 0.8744 -0.0423 -0.4834
vn 0.9293 -0.0517 -0.3657
vn 0.9139 -0.3249 -0.2434
vn -0.7459 -0.4133 0.5223
vn -0.6759 -0.5505 0.4900
vn -0.8888 -0.4157 0.1929
vn -0.9148 -0.3349 0.2256
vn -0.4159 -0.4778 0.7738
vn -0.3189 -0.5959 0.7370
vn -0.0365 -0.4880 0.8721
vn 0.0729 -0.5468 0.8341
vn 0.3282 -0.4516 0.8297
vn 0.4054 -0.4656 0.7866
vn 0.6608 -0.3758 0.6497
vn 0.6924 -0.3682 0.6205
vn 0.9405 -0.2355 0.2451
vn 0.9360 -0.2371 0.2602
vn 0.8981 -0.3806 0.2203
vn 0.9858 -0.0476 -0.1613
vn 0.8075 -0.5774 0.1206
vn 0.5445 -0.7099 0.4467
vn 0.3698 -0.9085 0.1944
vn 0.1023 -0.9416 0.3209
vn 0.1064 -0.9940 0.0242
vn -0.1548 -0.9867 0.0506
vn -0.1470 -0.9281 0.3420
vn -0.3885 -0.8802 0.2727
vn -0.3842 -0.9223 0.0425
vn -0.5892 -0.7916 0.1619
vn -0.6754 -0.7334 0.0767
vn -0.4039 -0.9147 -0.0153
vn -0.4194 -0.9076 -0.0162
vn -0.6652 -0.7440 -0.0632
vn -0.8312 -0.5521 -0.0653
vn -0.8344 -0.5273 0.1602
vn -0.6863 -0.6460 0.3341
vn -0.4415 -0.7300 0.5217
vn -0.1245 -0.7702 0.6255
vn 0.2186 -0.7647 0.6062
vn -0.1538 -0.9844 -0.0850
vn -0.1438 -0.9878 -0.0593
vn 0.1714 -0.9804 -0.0968
vn 0.2534 -0.9606 -0.1143
vn 0.5734 -0.8187 -0.0303
vn 0.6613 -0.7395 -0.1261
vn 0.8699 -0.4852 -0.0884
vn -0.4433 -0.5759 0.6869
vn -0.7369 -0.4971 0.4582
vn -0.9007 -0.3837 0.2038
vn -0.9167 -0.3966 0.0490
vn -0.0980 -0.6064 0.7891
vn 0.2794 -0.5774 0.7672
vn 0.6204 -0.5039 0.6010
vn -0.1654 -0.3623 0.9173
vn -0.3299 -0.3631 0.8714
vn 0.0251 -0.3543 0.9348
vn -0.5599 -0.3435 0.7540
vn -0.7758 -0.2171 0.5924
vn -0.8973 -0.0881 0.4325
vn -0.9687 0.1094 0.2228
vn -0.9949 0.1009 -0.0019
vn -0.9806 -0.0056 -0.1960
vn -0.8469 -0.0764 -0.5263
vn -0.6218 -0.1588 -0.7669
vn -0.3365 -0.2216 -0.9152
vn -0.1598 -0.1818 -0.9703
vn -0.0348 -0.1506 -0.9880
vn 0.0904 -0.1118 -0.9896
vn 0.2982 -0.1033 -0.9489
vn 0.5237 -0.1193 -0.8435
vn 0.7148 -0.1276 -0.6876
vn 0.8507 -0.1213 -0.5115
vn 0.9320 -0.0357 -0.3607
vn 0.9700 -0.1093 -0.2171
vn 0.0976 0.0334 -0.9947
vn -0.0556 -0.0039 -0.9984
vn 0.1074 0.1628 -0.9808
vn -0.0623 0.1300 -0.9896
vn 0.1243 0.2671 -0.9556
vn -0.0626 0.2328 -0.9705
vn -0.2635 0.1053 -0.9589
vn -0.3149 0.2080 -0.9261
vn -0.4839 0.1202 -0.8668
vn -0.3938 -0.0459 -0.9181
vn -0.1924 -0.0466 -0.9802
vn -0.6322 0.0087 -0.7747
vn -0.8049 0.0717 -0.5891
vn -0.9472 0.1251 -0.2951
vn -0.9840 0.1768 -0.0242
vn -0.9626 0.2134 0.1668
vn -0.9194 0.0320 0.3921
vn -0.9206 0.1373 0.3655
vn -0.7942 0.0200 0.6074
vn -0.7480 0.2309 0.6222
vn -0.8953 0.2504 0.3684
vn -0.9573 0.2377 0.1647
vn -0.9475 0.2728 0.1667
vn -0.9600 0.2752 -0.0524
vn -0.8888 0.4448 -0.1105
vn -0.5043 0.2447 0.8281
vn -0.5574 0.0111 0.8302
vn -0.2791 0.2470 0.9279
vn -0.3112 0.0167 0.9502
vn -0.0986 0.2494 0.9634
vn -0.1322 0.0548 0.9897
vn 0.0724 0.1032 0.9920
vn 0.0786 0.2506 0.9649
vn -0.8009 -0.1390 0.5824
vn -0.5732 -0.2053 0.7932
vn -0.3353 -0.2298 0.9137
vn -0.1674 -0.2209 0.9608
vn 0.0356 -0.1958 0.9800
vn 0.2216 0.2311 0.9474
vn 0.2497 0.1048 0.9626
vn 0.3351 0.2255 0.9148
vn 0.3640 0.1011 0.9259
vn 0.5319 0.0943 0.8415
vn 0.5169 0.2474 0.8195
vn 0.7034 0.1258 0.6996
vn 0.6974 0.3010 0.6505
vn 0.8182 0.2178 0.5321
vn 0.7938 0.4179 0.4419
vn 0.8941 0.3264 0.3066
vn 0.8348 0.4434 0.3262
vn 0.9421 0.3200 0.1000
vn 0.8294 0.5348 0.1617
vn 0.8136 -0.0494 0.5793
vn 0.6983 -0.1151 0.7065
vn 0.9459 0.1086 0.3059
vn 0.9412 -0.0441 0.3348
vn 0.7839 -0.1486 0.6029
vn 0.9983 0.0513 0.0258
vn 0.6708 -0.2297 0.7052
vn 0.5586 -0.2635 0.7864
vn 0.4090 -0.2686 0.8721
vn 0.2316 -0.3123 0.9213
vn 0.9901 0.1373 0.0283
vn 0.9965 0.0817 -0.0149
vn 0.9658 0.2429 0.0910
vn 0.3995 -0.1377 0.9063
vn 0.2575 -0.1631 0.9524
vn 0.5525 -0.1437 0.8210
vn 0.9169 0.2563 0.3061
vn 0.6384 -0.3565 0.6821
vn 0.2799 0.9589 -0.0460
vn 0.7978 0.5843 0.1487
vn 0.8021 0.5972 0.0066
vn 0.7619 0.5479 0.3454
vn 0.7389 0.6140 0.2777
vn 0.8259 0.5571 -0.0865
vn 0.6020 0.5932 0.5345
vn 0.6783 0.4760 0.5598
vn 0.7656 0.5584 0.3195
vn 0.9342 0.3399 0.1081
vn 0.5851 0.6144 0.5292
vn -0.0723 0.1930 -0.9785
vn 0.9074 -0.0770 0.4132
vn 0.1474 0.4269 0.8922
vn 0.2319 0.0996 0.9676
vn -0.1120 0.6070 0.7868
vn 0.3521 0.5350 0.7680
vn 0.6824 0.3070 0.6634
vn 0.5450 0.6460 0.5344
vn 0.3392 0.8817 0.3280
vn 0.8374 0.4352 0.3307
vn 0.8158 0.3414 0.4669
vn 0.1680 0.8773 0.4496
vn 0.7883 0.4282 0.4419
vn 0.6112 0.5122 0.6034
vn 0.6364 0.3235 0.7002
vn 0.4389 0.5440 0.7151
vn 0.4834 0.3455 0.8043
vn 0.3578 0.3431 0.8685
vn 0.2927 0.5193 0.8029
vn 0.1162 0.4683 0.8759
vn 0.1794 0.2893 0.9403
vn -0.0209 0.4441 0.8957
vn -0.0126 0.2376 0.9713
vn 0.7697 0.2640 0.5812
vn 0.8833 0.1560 0.4422
vn 0.8918 0.2381 0.3847
vn 0.7652 0.0180 0.6436
vn 0.8841 0.0377 0.4657
vn 0.8114 -0.0542 0.5820
vn 0.6706 -0.0801 0.7375
vn 0.7466 0.0166 0.6651
vn 0.7867 -0.0094 0.6172
vn 0.8146 0.1344 0.5642
vn 0.7873 0.2050 0.5815
vn -0.1049 0.2543 0.9614
vn -0.0784 0.4444 0.8924
vn -0.1414 0.2696 0.9525
vn -0.1379 0.4219 0.8961
vn -0.2313 0.2673 0.9354
vn -0.2530 0.3701 0.8939
vn -0.3992 0.3204 0.8591
vn -0.3664 0.2620 0.8928
vn -0.4813 0.2542 0.8389
vn -0.5347 0.2497 0.8073
vn -0.6466 0.2088 0.7337
vn -0.5623 0.2781 0.7788
vn -0.6906 0.2365 0.6835
vn -0.6070 0.3374 0.7195
vn -0.6986 0.3986 0.5942
vn -0.6222 0.4252 0.6573
vn -0.6209 0.4829 0.6175
vn -0.6437 0.5557 0.5262
vn -0.6685 0.5350 0.5167
vn -0.6125 0.5009 0.6115
vn -0.3682 0.1721 0.9137
vn -0.2583 0.1066 0.9602
vn -0.1919 0.0434 0.9805
vn -0.1501 -0.0001 0.9887
vn 0.0314 0.0101 0.9995
vn 0.2675 0.0909 0.9593
vn 0.3977 0.1451 0.9060
vn 0.4921 0.1587 0.8559
vn 0.6158 0.1757 0.7681
vn 0.7426 0.1576 0.6509
vn 0.8156 0.1199 0.5660
vn 0.8175 0.0724 0.5714
vn 0.7719 0.1113 0.6259
vn 0.7590 -0.0291 0.6505
vn 0.5334 -0.1523 0.8320
vn 0.7984 0.1453 0.5844
vn 0.6661 0.0357 0.7450
vn 0.8299 0.2863 0.4788
vn 0.8193 0.1800 0.5444
vn 0.2470 -0.8914 0.3799
vn 0.9496 0.2824 0.1362
vn 0.6452 -0.1972 0.7381
vn -0.7674 0.2942 -0.5697
vn -0.0596 -0.4868 0.8715
vn 0.3160 -0.3615 0.8772
vn 0.6225 0.7266 0.2909
vn 0.7798 0.0766 0.6213
vn 0.9611 0.2102 0.1792
vn 0.7346 -0.0160 0.6783
vn 0.9882 0.1016 0.1143
vn 0.7154 0.0668 0.6955
vn 0.7731 0.1015 0.6261
vn 0.7215 0.1115 0.6834
vn 0.7770 0.1143 0.6190
vn 0.6688 -0.1203 0.7337
vn 0.9900 0.0096 0.1411
vn 0.5588 -0.2140 0.8012
vn 0.9381 -0.1321 0.3203
vn 0.5407 -0.0576 0.8392
vn 0.6454 0.0195 0.7636
vn 0.5110 0.0478 0.8583
vn 0.6259 0.0982 0.7737
vn 0.4611 -0.2526 0.8506
vn 0.9114 -0.2777 0.3037
vn 0.3332 -0.2453 0.9104
vn 0.7493 -0.2120 0.6274
vn 0.1214 -0.2290 0.9658
vn 0.5528 -0.3956 0.7334
vn 0.0954 -0.2304 0.9684
vn 0.3419 -0.1803 0.9223
vn 0.0631 -0.1302 0.9895
vn 0.3228 -0.0557 0.9448
vn 0.4538 -0.1256 0.8822
vn 0.4259 0.0042 0.9048
vn 0.7823 0.1150 0.6122
vn -0.1166 -0.2771 0.9537
vn 0.6073 0.1271 0.7843
vn -0.3129 -0.2764 0.9087
vn -0.1569 -0.2981 0.9415
vn -0.1664 -0.1900 0.9676
vn -0.2885 -0.2751 0.9171
vn -0.2467 -0.1497 0.9575
vn 0.4649 0.1922 0.8642
vn -0.4352 -0.1980 0.8783
vn 0.2585 0.2384 0.9361
vn -0.5550 -0.0761 0.8284
vn -0.3900 -0.1822 0.9026
vn -0.5018 -0.0428 0.8639
vn -0.3189 -0.0521 0.9464
vn -0.4234 0.0700 0.9032
vn 0.0703 0.3096 0.9483
vn -0.6466 0.0739 0.7592
vn -0.1866 0.3832 0.9046
vn -0.7322 0.2354 0.6391
vn -0.5925 0.1058 0.7986
vn -0.6661 0.2881 0.6880
vn -0.5172 0.1832 0.8360
vn -0.5856 0.2947 0.7551
vn -0.4400 0.4621 0.7699
vn -0.8126 0.4100 0.4143
vn -0.8894 0.3807 0.2531
vn -0.7326 0.6731 0.1015
vn -0.7952 0.4460 -0.4108
vn -0.2458 0.2521 0.9360
vn -0.6100 0.5892 0.5299
vn -0.6826 0.5111 0.5223
vn -0.5999 0.4494 0.6619
vn -0.4982 0.4187 0.7593
vn -0.0513 -0.1074 0.9929
vn -0.0897 -0.0466 0.9949
vn -0.3905 0.6733 0.6279
vn -0.2460 0.0657 0.9670
vn -0.2793 0.1871 0.9418
vn -0.5251 0.4025 0.7498
vn -0.5451 0.4235 0.7236
vn -0.5835 0.3801 0.7177
vn -0.5804 0.4288 0.6923
vn -0.5531 0.2933 0.7798
vn -0.4787 0.2261 0.8484
vn -0.5656 0.4081 -0.7166
vn -0.6123 0.4590 -0.6437
vn -0.4516 0.6171 -0.6444
vn -0.5036 0.4139 -0.7583
vn -0.4390 0.4028 -0.8032
vn -0.2813 0.7207 -0.6336
vn -0.3479 0.4012 -0.8473
vn -0.5053 0.7911 -0.3448
vn -0.2391 0.9505 -0.1983
vn -0.7777 0.3594 -0.5157
vn -0.6647 0.6075 -0.4349
vn -0.6415 0.4891 -0.5910
vn 0.0284 0.8009 -0.5981
vn -0.5270 0.6501 -0.5474
vn -0.2115 0.9627 -0.1686
vn 0.5975 0.5328 -0.5992
vn -0.8210 0.4522 -0.3484
vn -0.9466 0.1383 -0.2911
vn -0.1189 0.9865 -0.1125
vn -0.9738 -0.2180 -0.0638
vn -0.0348 0.9754 0.2178
vn -0.3206 0.9456 0.0559
vn -0.7848 0.5702 0.2427
vn -0.9388 -0.0957 0.3310
vn -0.0260 0.9766 0.2137
vn -0.9562 0.1698 0.2385
vn -0.0016 0.8550 0.5186
vn -0.3312 0.5983 0.7296
vn -0.6049 -0.0448 0.7951
vn -0.6039 -0.3257 0.7275
vn 0.0699 0.9975 -0.0048
vn -0.0109 0.7336 -0.6795
vn -0.2633 0.3742 -0.8892
vn -0.0719 0.3651 -0.9282
vn 0.0771 0.9799 0.1838
vn -0.4775 -0.3435 0.8087
vn -0.1659 0.1192 0.9789
vn -0.3992 -0.1421 0.9058
vn -0.4991 -0.5888 0.6358
vn -0.3796 -0.7895 0.4822
vn -0.3828 0.0474 0.9226
vn -0.4775 0.7618 0.4378
vn 0.1148 0.8456 -0.5213
vn 0.7798 0.4366 0.4486
vn 0.3321 -0.0965 0.9383
vn 0.2624 0.0370 0.9643
vn 0.2024 -0.7004 0.6844
vn 0.4343 -0.6568 0.6164
vn 0.3270 -0.6526 0.6835
vn 0.3822 -0.4996 0.7774
vn 0.7645 -0.4903 0.4184
vn 0.6388 -0.6131 0.4648
vn 0.2441 -0.9696 -0.0188
vn 0.9899 -0.1310 0.0538
vn 0.6953 -0.7151 0.0717
vn 0.9903 -0.0370 -0.1343
vn 0.1364 -0.9545 0.2650
vn 0.9868 -0.0352 -0.1582
vn -0.0018 -0.6333 -0.7739
vn 0.9675 0.2529 -0.0071
vn 0.7021 0.4653 -0.5391
vn 0.6276 0.7766 0.0551
vn 0.5678 0.4738 -0.6731
vn 0.4665 0.5568 -0.6872
vn 0.4021 0.5923 -0.6982
vn 0.3887 0.4813 -0.7857
vn 0.2697 0.7094 -0.6512
vn 0.2923 0.4168 -0.8607
vn 0.4152 0.8577 -0.3032
vn 0.3055 0.9180 -0.2528
vn 0.6727 0.6555 -0.3431
vn 0.1820 0.9829 -0.0292
vn 0.0834 0.9833 0.1616
vn 0.3363 0.9317 0.1370
vn 0.7799 0.5698 0.2590
vn 0.1804 0.9685 0.1715
vn 0.1077 0.7797 0.6169
vn 0.4619 0.2958 0.8362
vn 0.1633 0.4026 -0.9007
vn 0.1148 0.9429 -0.3127
vn 0.0614 0.9305 -0.3611
vn -0.0268 0.9269 -0.3742
vn -0.1076 0.9019 -0.4183
vn -0.1355 0.9129 -0.3850
vn -0.1947 0.9081 -0.3708
vn -0.2259 0.9088 -0.3508
vn -0.2790 0.8963 -0.3446
vn -0.2850 0.9137 -0.2899
vn -0.1887 0.9773 -0.0967
vn -0.0068 0.9763 -0.2162
vn -0.2203 -0.1747 -0.9597
vn 0.1326 0.9433 -0.3043
vn 0.1406 0.9503 -0.2776
vn 0.1382 0.9584 -0.2499
vn 0.1208 0.9803 -0.1565
vn 0.0630 0.9978 -0.0208
vn -0.3603 0.6558 -0.6634
vn -0.7336 -0.6226 0.2723
vn -0.2663 0.1430 0.9532
vn -0.0000 -0.4717 -0.8818
vn 0.0024 -0.1364 -0.9906
vn 0.5934 -0.6580 -0.4636
vn -0.1227 -0.8970 -0.4248
vn 0.8953 -0.3278 -0.3018
vn 0.0088 0.1189 -0.9929
vn 0.3219 -0.9453 -0.0530
vn -0.0015 -0.5703 -0.8214
vn -0.4741 -0.8639 0.1700
vn -0.0129 -0.9575 -0.2881
vn -0.2362 -0.7322 0.6388
vn -0.7572 -0.6377 0.1415
vn -0.4651 -0.6001 0.6508
vn -0.5418 -0.2260 0.8095
vn -0.5453 0.0078 0.8382
vn -0.5618 0.7226 0.4028
vn -0.0575 0.9664 0.2506
vn -0.0065 -0.7463 0.6656
vn -0.0000 0.0008 1.0000
vn -0.0000 0.0010 1.0000
vn 0.5004 0.6579 0.5628
vn 0.3945 0.0066 0.9189
vn 0.3905 -0.1663 0.9055
vn 0.3823 -0.5990 0.7036
vn 0.1946 -0.9761 0.0968
vn 0.2252 -0.7193 0.6572
vn -0.0540 -0.9963 0.0672
vn -0.9037 -0.2646 -0.3366
vn -0.6853 0.6437 -0.3406
vn -0.7933 0.4415 -0.4192
vn -0.8811 -0.1919 -0.4322
vn -0.5371 0.1838 -0.8233
vn -0.6561 0.1582 -0.7379
vn -0.7284 0.2438 -0.6403
vn -0.7819 0.2069 -0.5880
vn -0.9088 0.2559 -0.3295
vn -0.7985 0.5114 -0.3177
vn -0.7793 0.3753 -0.5019
vn -0.5340 0.1274 -0.8358
vn -0.7052 0.0197 -0.7087
vn -0.4376 0.1590 -0.8850
vn -0.3010 0.2836 -0.9105
vn -0.2970 0.2519 -0.9210
vn -0.3632 0.3517 -0.8628
vn -0.0891 0.3793 -0.9210
vn -0.1370 0.3876 -0.9116
vn -0.2183 0.3358 -0.9163
vn -0.5194 0.4382 -0.7336
vn -0.5412 0.4607 -0.7035
vn -0.2856 0.2936 -0.9123
vn -0.6905 0.5504 -0.4694
vn -0.7204 0.5662 -0.4005
vn -0.6229 0.7330 -0.2733
vn -0.7660 0.6024 -0.2244
vn -0.6069 0.5435 -0.5799
vn -0.4833 0.3590 -0.7984
vn -0.5316 0.8126 -0.2388
vn 0.0554 0.3043 -0.9510
vn 0.0396 0.2250 -0.9736
vn 0.3447 0.3378 -0.8758
vn 0.3114 0.4301 -0.8474
vn 0.5915 0.4992 -0.6332
vn 0.5177 0.6875 -0.5093
vn 0.5176 0.6008 -0.6092
vn 0.2696 0.4481 -0.8524
vn 0.6842 0.7246 -0.0829
vn 0.7401 0.6345 -0.2228
vn 0.5544 0.8269 0.0941
vn 0.6698 0.6947 -0.2622
vn 0.0741 0.3823 -0.9211
vn 0.7563 0.6476 0.0931
vn 0.4493 0.8298 0.3311
vn 0.2809 0.3948 -0.8748
vn 0.1046 0.3990 -0.9110
vn 0.8322 0.3914 -0.3927
vn 0.9048 0.3064 -0.2957
vn 0.5942 0.4014 -0.6970
vn 0.8765 0.0377 -0.4800
vn 0.5852 0.2065 -0.7842
vn 0.3022 0.3247 -0.8963
vn 0.1262 0.3437 -0.9306
vn 0.9898 -0.0909 -0.1101
vn -0.0746 0.3228 -0.9435
vn 0.5494 0.1050 -0.8289
vn 0.3131 0.2503 -0.9161
vn 0.3212 0.1419 -0.9363
vn 0.5498 0.0575 -0.8333
vn 0.7888 -0.0935 -0.6075
vn 0.7470 -0.1012 -0.6571
vn 0.5437 -0.0340 -0.8386
vn 0.9036 -0.1112 -0.4136
vn 0.3166 0.0120 -0.9485
vn 0.9675 0.0144 -0.2524
vn 0.9990 -0.0070 -0.0448
vn 0.9399 -0.1898 -0.2837
vn 0.8527 -0.1049 -0.5117
vn 0.9593 -0.2683 -0.0878
vn 0.9171 -0.2145 0.3360
vn 0.8465 -0.4465 0.2899
vn 0.4316 -0.5262 0.7327
vn 0.3543 -0.3527 0.8661
vn 0.7168 -0.1199 0.6869
vn 0.7505 0.0027 0.6609
vn 0.5932 -0.3449 0.7274
vn 0.6826 0.1804 0.7081
vn 0.9415 -0.1625 -0.2951
vn 0.7046 0.0407 0.7085
vn 0.9147 -0.4035 -0.0248
vn 0.6037 0.1418 0.7845
vn 0.5911 0.2015 0.7810
vn 0.6847 0.0324 0.7281
vn 0.5065 0.2370 0.8290
vn 0.5309 0.2390 0.8130
vn 0.5929 0.2516 0.7650
vn 0.5071 0.2006 0.8382
vn 0.6874 0.1685 0.7065
vn 0.8971 -0.2664 0.3525
vn 0.3760 0.2550 0.8908
vn 0.3834 0.2112 0.8991
vn 0.2034 0.2821 0.9376
vn 0.1929 0.2826 0.9396
vn 0.0132 0.2985 0.9543
vn 0.0059 0.2832 0.9590
vn 0.2151 0.2048 0.9549
vn 0.3842 0.2594 0.8861
vn 0.7248 -0.3371 0.6009
vn -0.0076 0.1960 0.9806
vn 0.5769 -0.3375 0.7438
vn 0.3839 0.2470 0.8897
vn 0.3671 -0.3654 0.8554
vn -0.2272 0.1469 0.9627
vn 0.1739 -0.4175 0.8919
vn -0.3895 0.1134 0.9140
vn -0.2030 0.2430 0.9485
vn -0.1899 0.2670 0.9448
vn -0.3833 0.2027 0.9011
vn -0.5050 0.1346 0.8526
vn -0.5135 0.1747 0.8401
vn -0.3831 0.2214 0.8968
vn 0.0710 -0.1540 0.9855
vn 0.1031 -0.3368 0.9359
vn -0.6028 0.1407 0.7854
vn -0.6011 0.1204 0.7901
vn -0.5236 0.1904 0.8304
vn -0.6025 0.1804 0.7774
vn -0.6105 0.1157 0.7835
vn -0.5379 0.0747 0.8397
vn -0.1004 -0.0269 0.9946
vn 0.4262 -0.2790 0.8605
vn -0.3976 -0.0611 0.9155
vn -0.1633 -0.4237 0.8909
vn -0.2320 0.0029 0.9727
vn -0.5047 0.3151 0.8037
vn -0.4479 0.4774 0.7560
vn -0.5348 0.2523 0.8064
vn -0.3871 0.2779 0.8791
vn -0.3969 0.3304 0.8564
vn -0.2419 0.3083 0.9200
vn -0.1966 0.2981 0.9341
vn 0.0098 0.2718 0.9623
vn 0.0107 0.3033 0.9528
vn 0.2569 0.3041 0.9173
vn 0.2076 0.3047 0.9296
vn 0.3914 0.2956 0.8715
vn 0.3989 0.3293 0.8558
vn 0.5422 0.2581 0.7996
vn 0.5494 0.2804 0.7871
vn 0.7093 0.2484 0.6597
vn 0.6409 0.2524 0.7249
vn -0.5471 0.2921 0.7844
vn 0.7870 0.2464 0.5656
vn 0.8543 0.2904 0.4311
vn 0.8794 0.2559 0.4013
vn 0.7852 0.5992 0.1562
vn 0.8393 0.2676 0.4733
vn 0.9207 0.1909 0.3404
vn 0.8662 0.2810 0.4131
vn 0.9459 0.1424 0.2915
vn 0.8694 0.2652 0.4169
vn 0.7114 0.2660 0.6505
vn 0.6910 0.2811 0.6659
vn 0.7084 0.2401 0.6637
vn 0.4369 0.2358 0.8681
vn 0.4310 0.2508 0.8668
vn 0.0152 0.2307 0.9729
vn 0.0205 0.2181 0.9757
vn -0.3798 0.2160 0.8995
vn -0.3800 0.1971 0.9037
vn -0.6644 0.2166 0.7153
vn -0.6509 0.1808 0.7373
vn -0.8579 0.1661 0.4863
vn -0.8659 0.2101 0.4540
vn -0.8464 0.2313 0.4797
vn -0.9447 0.1021 0.3117
vn -0.8557 0.3673 0.3646
vn -0.6551 0.2153 0.7242
vn -0.9917 -0.0810 0.0995
vn -0.7998 0.2614 0.5404
vn -0.8256 0.4397 0.3536
vn -0.6303 0.2288 0.7418
vn -0.4420 0.2081 0.8725
vn -0.3778 0.1969 0.9047
vn -0.3190 0.2120 0.9237
vn 0.0096 0.2219 0.9750
vn 0.0188 0.2360 0.9716
vn 0.3372 0.2112 0.9174
vn 0.4059 0.2303 0.8844
vn 0.4294 0.2215 0.8755
vn 0.6559 0.2421 0.7150
vn 0.5960 0.2466 0.7642
vn 0.3303 0.2510 0.9099
vn 0.4053 0.2625 0.8757
vn 0.0101 0.2477 0.9688
vn -0.3110 0.2608 0.9139
vn -0.4157 0.2791 0.8656
vn -0.5924 0.2692 0.7593
vn -0.7252 0.2917 0.6237
vn -0.7893 0.3966 0.4687
vn -0.8217 0.5421 0.1760
vn -0.7760 0.5260 0.3480
vn -0.7681 0.5887 0.2519
vn -0.7721 0.5959 0.2207
vn -0.7378 0.6595 0.1440
vn -0.7630 0.3414 0.5488
vn -0.5489 0.8145 -0.1880
vn -0.7796 0.5850 0.2237
vn -0.7962 0.2275 0.5607
vn -0.7536 0.0710 0.6535
vn -0.8296 -0.2379 0.5052
vn -0.7505 0.0732 0.6568
vn -0.8702 -0.0054 0.4927
vn -0.6410 0.2430 0.7281
vn -0.7422 0.2794 0.6091
vn -0.9676 0.1377 0.2118
vn -0.8223 0.2930 0.4878
vn -0.5438 0.4025 0.7364
vn -0.6182 0.4100 0.6706
vn -0.4540 0.3671 0.8119
vn -0.9437 0.3168 0.0948
vn -0.8667 0.2989 0.3993
vn -0.6849 0.3598 0.6336
vn -0.9092 -0.3877 0.1518
vn -0.4005 0.4619 0.7914
vn -0.3439 0.4755 0.8097
vn -0.2074 0.4998 0.8410
vn -0.1796 0.4999 0.8473
vn -0.1002 0.5101 0.8543
vn -0.0930 0.4204 0.9026
vn 0.0402 0.3835 0.9227
vn -0.0112 0.4957 0.8684
vn 0.1417 0.4821 0.8646
vn 0.1843 0.3344 0.9242
vn 0.3038 0.4765 0.8250
vn 0.3295 0.3261 0.8860
vn 0.1158 0.5346 0.8371
vn -0.0296 0.5225 0.8522
vn 0.0977 0.5352 0.8390
vn 0.2652 0.5606 0.7845
vn 0.2757 0.5432 0.7930
vn -0.0241 0.5204 0.8536
vn 0.4132 0.5649 0.7142
vn 0.4672 0.4708 0.7484
vn 0.4318 0.6001 0.6734
vn 0.6965 0.4085 0.5900
vn 0.7770 0.4981 0.3849
vn 0.5048 0.3604 0.7844
vn -0.2507 0.4206 0.8719
vn -0.4570 0.3939 0.7975
vn -0.9269 0.3640 -0.0912
vn -0.8589 0.4966 -0.1254
vn -0.9385 0.1491 -0.3114
vn -0.4248 -0.0130 -0.9052
vn -0.4505 0.4228 -0.7863
vn -0.5434 0.5276 -0.6530
vn 0.3559 0.1309 -0.9253
vn -0.1025 0.5080 0.8552
vn -0.0890 0.5022 0.8602
vn -0.1640 0.4795 0.8621
vn -0.2928 0.4374 0.8502
vn -0.6783 0.4678 0.5667
vn -0.5926 0.4877 0.6411
vn -0.6784 0.3804 0.6286
vn -0.5944 0.3452 0.7263
vn -0.6176 0.2558 0.7437
vn -0.6524 0.3000 0.6960
vn -0.6318 -0.2076 -0.7468
vn -0.9154 -0.0450 -0.4000
vn -0.8992 0.3914 0.1956
vn -0.5108 0.6655 0.5442
vn -0.2330 -0.3756 -0.8970
vn -0.2462 -0.9475 -0.2041
vn 0.0596 0.7962 0.6021
vn 0.4315 0.7723 0.4662
vn 0.7464 0.6006 0.2865
vn 0.9778 0.1940 0.0794
vn 0.9237 -0.3691 -0.1031
vn 0.6468 -0.7506 -0.1350
vn 0.5513 -0.7803 -0.2954
vn 0.1190 -0.7929 -0.5977
vn 0.5056 -0.8573 -0.0966
vn 0.0796 -0.9310 -0.3561
vn 0.4538 -0.8523 0.2600
vn 0.0100 -0.9999 0.0083
vn 0.8252 -0.5376 0.1733
vn 0.8461 -0.5286 -0.0686
vn 0.9992 -0.0304 0.0274
vn 1.0000 0.0036 -0.0031
vn 0.8615 0.4686 -0.1954
vn 0.8361 0.5479 0.0277
vn 0.5091 0.7477 -0.4263
vn 0.4891 0.8720 0.0192
vn 0.0206 0.8520 -0.5231
vn 0.0055 0.9984 0.0570
vn -0.5621 0.7627 -0.3199
vn -0.6010 0.7784 0.1812
vn -0.8886 0.4541 -0.0647
vn -0.9195 0.3665 0.1420
vn -0.9937 0.0600 0.0950
vn -0.9911 -0.1048 0.0815
vn -0.8597 -0.4534 0.2352
vn -0.8049 -0.5934 -0.0071
vn -0.4814 -0.8234 0.3003
vn -0.3969 -0.9151 -0.0714
vn 0.0176 0.7851 0.6191
vn -0.5271 0.6686 0.5245
vn -0.8965 0.3281 0.2977
vn -0.9892 -0.1060 0.1009
vn -0.8219 -0.5622 -0.0914
vn -0.3867 -0.8860 -0.2560
vn -0.8745 -0.3564 0.3289
vn -0.9913 0.1115 0.0694
vn -0.8699 -0.3023 0.3898
vn -0.9874 0.1343 0.0832
vn -0.8788 0.4539 -0.1473
vn -0.8610 0.4792 -0.1703
vn -0.5725 0.7382 -0.3567
vn -0.5323 0.7709 -0.3499
vn 0.0284 0.8632 -0.5041
vn 0.0505 0.8987 -0.4356
vn -0.5353 -0.6303 0.5623
vn -0.5141 -0.7151 0.4737
vn -0.3358 -0.7263 0.5997
vn -0.0217 -0.7030 0.7108
vn 0.5492 0.7235 -0.4184
vn 0.5741 0.7471 -0.3351
vn 0.8735 0.4411 -0.2061
vn 0.8747 0.4626 -0.1446
vn 0.9986 0.0080 0.0518
vn 0.9946 0.0520 0.0900
vn 0.8400 -0.4641 0.2811
vn 0.8521 -0.3996 0.3380
vn 0.4589 -0.7795 0.4263
vn 0.4616 -0.7179 0.5211
vn -0.0630 0.9273 -0.3689
vn -0.3037 0.8858 -0.3509
vn -0.1905 0.9710 -0.1442
vn 0.2234 0.8764 -0.4267
vn -0.5452 0.8342 0.0829
vn -0.7014 0.7013 -0.1271
vn -0.7146 0.5770 0.3955
vn -0.9029 0.3785 0.2037
vn -0.6895 0.2434 0.6822
vn -0.8408 -0.0214 0.5410
vn -0.3991 -0.0390 0.9161
vn -0.5456 -0.3240 0.7729
vn -0.2120 -0.0585 0.9755
vn 0.0316 -0.1160 0.9927
vn 0.1804 0.8440 -0.5051
vn -0.3900 0.8134 -0.4317
vn 0.0922 0.8988 -0.4285
vn -0.4684 0.8083 -0.3568
vn -0.7778 0.5970 -0.1964
vn -0.8213 0.5397 -0.1849
vn -0.9522 0.2698 0.1431
vn -0.9731 0.2045 0.1063
vn -0.8646 -0.1162 0.4889
vn -0.8724 -0.1999 0.4461
vn -0.5848 -0.4156 0.6967
vn -0.5693 -0.5091 0.6456
vn -0.4393 -0.4686 0.7664
vn -0.0680 -0.4532 0.8888
vn 0.5744 0.7412 -0.3474
vn 0.6367 0.6672 -0.3865
vn 0.8725 0.4649 -0.1503
vn 0.8763 0.4394 -0.1977
vn 0.9909 0.0866 0.1026
vn 0.9887 0.1072 0.1051
vn 0.8663 -0.3193 0.3842
vn 0.8710 -0.2449 0.4259
vn 0.4864 -0.6279 0.6076
vn 0.5118 -0.5144 0.6881
vn 0.5370 -0.4013 0.7420
vn 0.5411 -0.1599 0.8256
vn 0.8128 0.0516 0.5803
vn 0.8621 -0.1652 0.4791
vn 0.8986 0.3289 0.2903
vn 0.9761 0.1661 0.1405
vn 0.8022 0.5971 -0.0042
vn 0.8630 0.4785 -0.1622
vn 0.5796 0.7979 -0.1657
vn 0.6259 0.7009 -0.3420
vn 0.5641 0.3306 0.7566
vn 0.1645 0.0695 0.9839
vn 0.6156 0.4757 0.6284
vn 0.3759 0.9249 -0.0579
vn 0.5704 0.7974 0.1971
vn 0.4440 0.5531 0.7050
vn 0.8762 -0.4661 -0.1227
vn 0.9886 0.0797 0.1277
vn 0.7476 0.5526 0.3684
vn 0.4035 0.7448 0.5315
vn -0.1305 0.9546 0.2678
vn -0.2098 0.8745 0.4374
vn -0.2334 0.4858 0.8423
vn -0.5003 -0.2924 0.8150
vn -0.5078 -0.5902 0.6275
vn -0.6582 0.1208 0.7431
vn -0.7603 0.5791 0.2942
vn -0.8731 -0.4404 0.2092
vn -0.5558 -0.7730 -0.3059
vn -0.6635 0.6675 -0.3380
vn -0.4920 0.5103 -0.7054
vn -0.3303 0.2445 -0.9117
vn -0.1301 -0.1714 -0.9766
vn -0.2213 -0.5571 -0.8004
vn -0.5896 -0.7515 -0.2959
vn 0.4835 -0.7999 -0.3555
vn 0.5239 -0.8406 -0.1377
vn 0.5740 -0.7805 -0.2476
vn 0.6361 -0.7668 0.0862
vn 0.6425 -0.7641 -0.0588
vn 0.7958 -0.6055 0.0012
vn 0.1882 -0.9609 -0.2033
vn 0.1799 -0.8404 -0.5113
vn -0.3831 -0.8750 -0.2959
vn -0.3063 -0.6994 -0.6458
vn -0.8096 -0.5209 -0.2705
vn -0.6916 -0.3806 -0.6138
vn -0.9701 -0.1683 -0.1751
vn -0.8668 -0.0768 -0.4928
vn -0.9591 0.2820 -0.0235
vn -0.9080 0.3026 -0.2898
vn -0.5779 0.8023 0.1495
vn -0.6627 0.7376 0.1297
vn -0.0265 0.9843 0.1745
vn -0.5005 0.5964 0.6276
vn 0.3848 0.9154 0.1183
vn -0.3452 0.4280 -0.8352
vn 0.7486 0.6573 0.0871
vn 0.4272 -0.0481 -0.9029
vn 0.9790 0.1774 0.1000
vn 0.3746 -0.5851 0.7192
vn -0.7440 0.5650 -0.3566
vn -0.6755 0.6271 0.3879
vn -0.6442 -0.3303 0.6899
vn -0.6235 -0.6555 0.4262
vn -0.5277 -0.7321 0.4308
vn -0.0160 -0.7646 0.6443
vn 0.7298 0.6560 0.1925
vn 0.3261 0.9212 0.2121
vn 0.7002 0.6663 0.2564
vn 0.2805 0.9341 0.2210
vn -0.0878 0.9697 0.2280
vn -0.1569 0.9684 0.1937
vn -0.5722 0.7990 0.1847
vn -0.6117 0.7783 0.1417
vn -0.9523 0.3025 0.0408
vn -0.9624 0.2681 0.0429
vn 0.9504 0.2166 0.2233
vn 0.9739 0.1744 0.1451
vn 0.9983 -0.0539 -0.0227
vn 0.9862 -0.0806 0.1448
vn -0.9807 -0.1836 -0.0667
vn -0.9742 -0.2259 -0.0015
vn -0.8200 -0.5608 -0.1145
vn -0.7949 -0.6067 0.0025
vn -0.3811 -0.9169 -0.1185
vn -0.3330 -0.9424 0.0300
vn 0.2035 -0.9773 -0.0595
vn 0.2370 -0.9693 0.0648
vn 0.6565 -0.7540 0.0226
vn 0.6648 -0.7388 0.1106
vn -0.8506 0.1981 0.4871
vn -0.8165 0.3906 0.4252
vn -0.7446 0.5463 0.3836
vn -0.7652 0.6238 0.1592
vn -0.4327 0.8160 0.3832
vn -0.4090 0.9077 0.0940
vn -0.0019 0.9001 0.4357
vn 0.1170 0.9895 0.0854
vn 0.4806 0.7331 0.4813
vn 0.6154 0.7750 0.1439
vn 0.7651 0.3544 0.5376
vn 0.8953 0.3707 0.2472
vn 0.9131 0.0124 0.4076
vn 0.9278 0.1752 0.3293
vn -0.9745 0.1886 0.1213
vn -0.7297 0.6834 0.0228
vn -0.9777 0.1999 0.0648
vn -0.6833 0.7292 0.0360
vn -0.3192 0.9468 -0.0417
vn -0.2481 0.9685 0.0199
vn 0.1697 0.9850 -0.0309
vn 0.2043 0.9780 0.0419
vn 0.6428 0.7646 0.0457
vn 0.6574 0.7442 0.1183
vn 0.9195 0.3662 0.1430
vn 0.9324 0.3193 0.1692
vn 0.9993 0.0008 -0.0378
vn 0.9769 0.0938 0.1923
vn -0.9502 -0.2905 0.1128
vn -0.9265 -0.3055 0.2198
vn -0.7400 -0.6502 0.1720
vn -0.6981 -0.6468 0.3070
vn -0.2651 -0.9370 0.2275
vn -0.2509 -0.8893 0.3823
vn 0.2717 -0.9315 0.2418
vn 0.2727 -0.8799 0.3891
vn 0.6742 -0.6986 0.2397
vn 0.6674 -0.6549 0.3546
vn 0.6617 -0.5977 0.4526
vn 0.5792 -0.4868 0.6539
vn 0.1984 -0.6969 0.6892
vn 0.2671 -0.8335 0.4836
vn -0.2925 -0.7038 0.6474
vn -0.2482 -0.8480 0.4682
vn -0.6434 -0.5025 0.5776
vn -0.6772 -0.6211 0.3945
vn -0.8505 -0.1808 0.4940
vn -0.9067 -0.2713 0.3229
vn 0.1909 -0.3232 0.9269
vn -0.1364 -0.4896 0.8612
vn -0.6079 -0.1382 0.7819
vn -0.7610 0.1055 0.6402
vn -0.2590 -0.1756 0.9498
vn 0.2066 0.0202 0.9782
vn 0.2129 -0.6398 -0.7384
vn -0.1324 -0.3433 -0.9298
vn -0.4729 0.0133 -0.8810
vn -0.6391 0.3042 -0.7064
vn -0.5015 0.5181 0.6929
vn -0.2167 0.6926 0.6880
vn 0.3049 0.4074 0.8608
vn -0.0774 -0.4374 -0.8959
vn -0.3664 -0.4454 -0.8169
vn -0.4247 -0.1985 -0.8833
vn -0.0692 -0.1835 -0.9806
vn -0.0865 -0.7529 -0.6524
vn -0.3874 -0.7427 -0.5462
vn -0.6322 -0.5068 -0.5860
vn -0.7140 -0.2474 -0.6550
vn -0.8852 -0.3339 -0.3239
vn -0.7408 -0.6056 -0.2905
vn -0.4136 -0.8724 -0.2603
vn 0.2237 -0.4290 -0.8751
vn 0.2433 -0.7288 -0.6401
vn 0.5140 -0.4754 -0.7140
vn 0.6519 -0.5789 -0.4898
vn 0.2713 -0.8844 -0.3799
vn 0.7851 -0.2957 -0.5442
vn 0.5833 -0.2330 -0.7781
vn 0.2835 -0.1976 -0.9384
vn -0.0971 -0.9433 -0.3175
vn 0.8381 -0.1332 -0.5290
vn 0.6163 -0.0727 -0.7841
vn 0.3091 -0.0267 -0.9507
vn -0.0616 -0.0040 -0.9981
vn -0.4405 -0.0339 -0.8971
vn -0.7402 -0.1079 -0.6637
vn -0.9254 -0.2021 -0.3205
vn 0.8558 0.3363 0.3931
vn 0.7995 0.2327 0.5538
vn 0.8180 0.2156 0.5333
vn 0.8082 0.2243 0.5445
vn 0.7525 0.2788 0.5966
vn 0.6799 0.2139 0.7015
vn 0.5515 -0.2673 0.7902
vn 0.7695 0.1264 0.6260
vn -0.8643 0.3535 -0.3579
vn -0.9243 -0.3725 -0.0831
vn -0.8476 -0.4755 0.2353
vn -0.5701 -0.6232 0.5354
vn -0.5883 -0.6712 -0.4510
vn -0.5313 -0.8466 0.0316
vn -0.3343 -0.7133 -0.6160
vn -0.2620 -0.9564 -0.1290
vn -0.4466 -0.8200 0.3579
vn -0.2505 -0.9288 0.2732
vn -0.1272 -0.9768 -0.1722
vn -0.1156 -0.9739 0.1955
vn -0.1688 -0.7216 -0.6715
vn -0.0157 -0.7302 -0.6831
vn -0.0191 -0.9824 -0.1856
vn -0.0143 -0.9849 0.1727
vn -0.3032 -0.7224 0.6215
vn -0.3142 -0.7322 0.6043
vn -0.0224 -0.7771 0.6290
vn 0.7141 -0.2367 0.6587
vn -0.0017 -0.5866 0.8099
vn 0.0079 -0.0162 0.9998
vn -0.0081 -0.8838 0.4679
vn -0.1113 -0.8368 0.5361
vn 0.0226 0.2994 0.9538
vn 0.7618 0.3138 0.5667
vn 0.0085 -0.0697 0.9975
vn 0.7830 -0.0576 0.6193
vn 0.5228 -0.7206 0.4554
vn -0.0000 -0.7911 0.6117
vn -0.7530 0.2989 0.5862
vn -0.7790 -0.0735 0.6228
vn -0.5230 -0.7205 0.4554
vn -0.7212 -0.2194 0.6571
vn 0.0232 -0.7859 0.6180
vn 0.3103 -0.7719 0.5548
vn 0.1061 -0.8277 0.5511
vn 0.2767 -0.7219 0.6342
vn 0.5118 -0.7265 0.4585
vn 0.8008 -0.5783 0.1560
vn 0.8520 -0.4995 -0.1567
vn 0.6214 -0.6463 -0.4428
vn 0.5599 -0.8273 0.0448
vn 0.3401 -0.6980 -0.6302
vn 0.2639 -0.9553 -0.1329
vn 0.4686 -0.8068 0.3599
vn 0.2527 -0.9242 0.2864
vn 0.1014 -0.9799 -0.1715
vn 0.0990 -0.9743 0.2025
vn 0.1479 -0.7112 -0.6873
vn 0.1518 -0.9246 -0.3493
vn -0.2626 -0.9410 -0.2135
vn -0.2017 -0.9669 0.1562
vn 0.0388 -0.8942 -0.4459
vn 0.4346 -0.4591 -0.7748
vn 0.0632 -0.9400 -0.3352
vn 0.3572 -0.2044 -0.9114
vn 0.0475 -0.9252 -0.3765
vn 0.0208 -0.9060 -0.4228
vn 0.1837 -0.1713 -0.9679
vn -0.0071 -0.1634 -0.9865
vn -0.0099 -0.9365 -0.3506
vn -0.0417 -0.9218 -0.3854
vn -0.1925 -0.1732 -0.9659
vn -0.3287 -0.2270 -0.9167
vn 0.0116 -0.9294 -0.3688
vn 0.0126 -0.9584 -0.2851
vn -0.0091 -0.9355 -0.3532
vn -0.4580 -0.3959 -0.7959
vn 0.1139 -0.9899 -0.0850
vn 0.1286 -0.9877 -0.0886
vn -0.5847 -0.3600 -0.7270
vn -0.3576 -0.3685 -0.8581
vn -0.1874 -0.3551 -0.9159
vn -0.0087 -0.3645 -0.9312
vn 0.1700 -0.3650 -0.9154
vn 0.3576 -0.3553 -0.8637
vn 0.5909 -0.3869 -0.7080
vn -0.6049 0.0224 0.7960
vn -0.6141 0.1379 0.7771
vn -0.3600 0.1605 0.9190
vn -0.3591 -0.0026 0.9333
vn 0.0190 0.1864 0.9823
vn -0.0009 -0.0063 1.0000
vn -0.8421 0.0764 0.5339
vn -0.8472 0.1314 0.5147
vn -0.9222 0.1591 0.3524
vn -0.9896 -0.1276 0.0670
vn -0.6571 -0.1094 0.7458
vn -0.3860 -0.1812 0.9045
vn -0.3806 -0.1856 0.9059
vn -0.6885 -0.1342 0.7127
vn -0.0119 -0.1969 0.9804
vn 0.0017 -0.1818 0.9833
vn -0.8776 0.0110 0.4792
vn -0.9087 -0.0162 0.4172
vn -0.9401 0.1492 0.3065
vn -0.9976 -0.0511 -0.0469
vn 0.0422 -0.0488 0.9979
vn -0.3057 -0.0647 0.9499
vn 0.0801 0.2181 0.9726
vn -0.2360 0.2271 0.9448
vn 0.0231 0.4901 0.8714
vn -0.2414 0.5968 0.7652
vn -0.0721 0.7467 0.6613
vn -0.2914 0.7386 0.6079
vn -0.5390 0.7056 0.4600
vn -0.6296 0.4759 0.6140
vn -0.5715 0.1687 0.8031
vn -0.6522 -0.0363 0.7572
vn -0.8474 0.4455 0.2890
vn -0.8595 0.2520 0.4447
vn -0.9247 0.3326 0.1851
vn -0.9108 0.0606 0.4084
vn -0.9041 0.2615 -0.3380
vn -0.8941 0.3023 -0.3306
vn -0.7080 0.3167 -0.6312
vn -0.7004 0.3988 -0.5919
vn -0.4305 0.4625 -0.7751
vn -0.4333 0.3504 -0.8303
vn -0.9111 0.2210 -0.3479
vn -0.9076 0.1989 -0.3696
vn -0.6809 0.2203 -0.6984
vn -0.7000 0.2528 -0.6679
vn -0.6788 0.2073 -0.7045
vn -0.3818 0.2050 -0.9012
vn -0.3886 0.2321 -0.8917
vn -0.9123 0.1954 -0.3598
vn -0.4170 0.2753 -0.8662
vn -0.0627 0.4977 -0.8651
vn -0.0416 0.3718 -0.9274
vn 0.0099 0.2458 -0.9693
vn -0.0128 0.2938 -0.9558
vn 0.0139 0.2108 -0.9774
vn 0.3920 0.3694 -0.8426
vn 0.3549 0.5051 -0.7867
vn 0.7183 0.3360 -0.6092
vn 0.6897 0.4571 -0.5616
vn 0.8993 0.3621 -0.2454
vn 0.9208 0.2798 -0.2716
vn 0.9957 0.0903 -0.0207
vn 0.9717 0.2158 -0.0964
vn 0.9228 0.2472 -0.2954
vn 0.9748 0.2032 -0.0922
vn 0.9110 0.2664 -0.3149
vn 0.7111 0.2664 -0.6507
vn 0.7258 0.2673 -0.6338
vn 0.9115 0.2604 -0.3183
vn 0.9638 0.2445 -0.1063
vn 0.9943 0.0069 0.1068
vn 0.6986 0.2564 -0.6680
vn 0.4256 0.2580 -0.8674
vn 0.4126 0.2282 -0.8819
vn 0.4203 0.2891 -0.8601
vn 0.9091 0.2377 -0.3422
vn 0.8998 0.2749 -0.3388
vn 0.6781 0.1890 -0.7103
vn 0.6958 0.1961 -0.6909
vn 0.4088 0.1411 -0.9017
vn 0.4086 0.1759 -0.8956
vn 0.0175 0.1425 -0.9896
vn 0.0134 0.1769 -0.9841
vn -0.3916 0.1806 -0.9022
vn -0.3889 0.1793 -0.9037
vn -0.6849 0.2022 -0.7000
vn -0.6602 0.2607 -0.7044
vn -0.9064 0.2384 -0.3488
vn -0.8712 0.3292 -0.3641
vn -0.6570 0.3006 -0.6914
vn -0.8538 0.3651 -0.3712
vn -0.3676 0.2109 -0.9058
vn 0.0372 0.1365 -0.9899
vn 0.3866 0.1563 -0.9089
vn 0.6738 0.2431 -0.6978
vn 0.8808 0.3380 -0.3317
vn 0.8429 0.4223 -0.3333
vn 0.6465 0.3350 -0.6854
vn 0.3813 0.2329 -0.8946
vn 0.0224 0.1661 -0.9859
vn -0.3365 0.2407 -0.9104
vn -0.6177 0.3672 -0.6954
vn -0.8003 0.4580 -0.3871
vn -0.0853 0.9838 -0.1579
vn -0.2870 0.9417 -0.1756
vn 0.0534 0.8659 -0.4973
vn -0.2729 0.8273 -0.4910
vn -0.6351 0.7442 -0.2068
vn -0.5229 0.7186 -0.4585
vn -0.3283 0.7042 -0.6295
vn 0.0052 0.7570 -0.6534
vn -0.3966 0.5928 -0.7010
vn -0.0431 0.6445 -0.7634
vn -0.6054 0.6029 -0.5196
vn -0.8117 0.5134 -0.2785
vn -0.8718 0.3702 -0.3208
vn -0.6643 0.4974 -0.5580
vn 0.3465 0.6465 -0.6797
vn 0.3453 0.7334 -0.5855
vn 0.3547 0.8264 -0.4372
vn 0.4073 0.9038 -0.1312
vn 0.4731 0.8801 0.0401
vn 0.5928 0.7964 0.1193
vn 0.6684 0.7350 -0.1141
vn 0.5630 0.7377 -0.3725
vn 0.6143 0.6539 -0.4417
vn 0.8112 0.5835 0.0385
vn 0.8096 0.5619 -0.1698
vn 0.8814 0.4697 0.0502
vn 0.8672 0.4486 -0.2163
vn 0.6507 0.5740 -0.4971
vn 0.6578 0.0712 0.7498
vn 0.3912 0.0219 0.9200
vn 0.4181 0.1987 0.8864
vn 0.6798 0.2010 0.7053
vn 0.8520 0.1281 0.5076
vn 0.8572 0.2098 0.4703
vn 0.6904 -0.0532 0.7215
vn 0.3938 -0.1511 0.9067
vn 0.4002 -0.1286 0.9074
vn 0.7187 -0.0364 0.6944
vn 0.8771 0.0660 0.4758
vn 0.8988 0.0813 0.4307
vn 0.3760 -0.0092 0.9266
vn 0.3796 0.2612 0.8875
vn 0.4166 0.5696 0.7085
vn 0.6787 0.4759 0.5593
vn 0.6378 0.2408 0.7316
vn 0.8405 0.3209 0.4366
vn 0.8943 0.1673 0.4150
vn 0.7024 0.0690 0.7085
vn 0.8657 0.2355 0.4417
vn -0.5012 0.2252 0.8355
vn -0.1584 0.3640 0.9178
vn -0.5950 0.7167 0.3637
vn -0.6929 0.6621 0.2856
vn 0.0240 -0.3841 0.9230
vn 0.0656 -0.3199 0.9452
vn -0.4786 0.8103 -0.3381
vn 0.3705 0.6533 -0.6602
vn -0.1005 0.8744 0.4747
vn -0.5140 0.7754 -0.3669
vn 0.4006 -0.8194 0.4101
vn 0.6435 -0.0896 -0.7602
vn 0.6736 0.0094 0.7390
vn 0.4994 -0.7728 0.3916
vn -0.7745 0.6024 0.1928
vn -0.5744 0.2038 0.7928
vn -0.5893 0.7227 -0.3611
vn -0.9976 -0.0694 -0.0025
vn -0.7264 0.0919 0.6811
vn -0.3993 -0.8405 0.3663
vn 0.1249 0.0247 -0.9919
vn 0.1861 -0.8237 -0.5356
vn -0.4724 -0.8702 -0.1400
vn -0.9811 -0.1545 0.1164
vn -0.4009 -0.7615 0.5093
vn -0.0572 -0.1498 -0.9871
vn 0.4417 -0.6547 -0.6134
vn -0.0058 -0.4546 0.8907
vn 0.5235 -0.7568 0.3915
vn 0.9099 0.3181 -0.2664
vn 0.6938 0.3438 0.6328
vn 0.5458 0.7669 0.3377
vn 0.4307 0.7243 -0.5384
vn 0.0986 0.8564 0.5068
vn 0.3819 0.2382 0.8930
vn 0.5861 0.7358 0.3393
vn 0.4721 0.7720 0.4256
vn 0.0710 0.3274 0.9422
vn -0.0976 -0.4209 0.9018
vn -0.0943 -0.3960 0.9134
vn 0.3855 0.8804 -0.2762
vn -0.3731 0.7816 -0.4999
vn 0.1795 0.9287 0.3245
vn 0.4638 0.8318 -0.3051
vn -0.3959 -0.8684 0.2986
vn -0.4893 -0.5136 0.7049
vn -0.4572 -0.8406 0.2903
vn 0.7296 0.6367 0.2496
vn 0.4940 0.2045 0.8451
vn 0.5325 0.7635 -0.3653
vn 0.9982 0.0451 -0.0387
vn 0.7242 0.0189 0.6893
vn 0.3299 -0.8257 0.4576
vn -0.2738 0.0383 -0.9610
vn -0.1028 -0.9102 -0.4013
vn 0.5412 -0.8123 -0.2174
vn 0.9914 -0.0769 0.1062
vn 0.3392 -0.7470 0.5717
vn 0.2922 -0.2397 -0.9258
vn -0.2201 -0.7459 -0.6286
vn -0.0698 -0.4736 0.8780
vn -0.5426 -0.7763 0.3208
vn -0.8920 0.3050 -0.3336
vn -0.5317 0.7521 0.3893
vn -0.3893 0.3306 0.8597
vn -0.7245 0.5636 -0.3968
vn -0.3053 0.7073 0.6376
vn -0.6575 -0.5253 -0.5402
vn -0.9556 0.2928 -0.0342
vn -0.8324 0.2928 0.4705
vn -0.7321 0.4983 0.4645
vn -0.7536 -0.2799 -0.5947
vn -0.5772 0.6671 0.4710
vn -0.7696 -0.0016 -0.6385
vn -0.3750 0.7806 0.5000
vn -0.6997 0.2668 -0.6627
vn -0.1522 0.8267 0.5417
vn -0.5518 0.5027 -0.6654
vn 0.0716 0.8014 0.5938
vn -0.3406 0.6830 -0.6461
vn 0.2746 0.7068 0.6519
vn -0.0867 0.7902 -0.6066
vn 0.4368 0.5525 0.7099
vn 0.1851 0.8137 -0.5510
vn 0.5424 0.3535 0.7621
vn 0.4482 0.7511 -0.4847
vn 0.5811 0.1294 0.8035
vn 0.6767 0.6087 -0.4141
vn 0.5490 -0.0981 0.8300
vn 0.8485 0.4004 -0.3462
vn 0.4494 -0.3066 0.8391
vn 0.9465 0.1463 -0.2875
vn 0.2919 -0.4757 0.8297
vn 0.9613 -0.1282 -0.2439
vn 0.0920 -0.5889 0.8030
vn 0.8913 -0.3967 -0.2196
vn -0.1308 -0.6349 0.7614
vn 0.7434 -0.6326 -0.2170
vn -0.3546 -0.6096 0.7090
vn 0.5323 -0.8129 -0.2362
vn -0.5576 -0.5150 0.6511
vn 0.2784 -0.9201 -0.2756
vn -0.7198 -0.3608 0.5931
vn 0.0064 -0.9435 -0.3312
vn -0.8254 -0.1617 0.5409
vn -0.2566 -0.8810 -0.3975
vn -0.8641 0.0625 0.4995
vn -0.2100 0.1423 0.9673
vn 0.2100 -0.1423 -0.9673
vn 0.8275 0.5583 -0.0595
vn 0.7321 0.4983 0.4645
vn 0.8323 0.2928 0.4707
vn 0.0136 0.8054 -0.5926
vn 0.8671 -0.1442 -0.4768
vn 0.5771 0.6671 0.4711
vn 0.8425 0.1538 -0.5163
vn 0.3750 0.7807 0.4999
vn 0.7297 0.4295 -0.5321
vn 0.1522 0.8267 0.5417
vn 0.5390 0.6590 -0.5246
vn -0.0716 0.8014 0.5938
vn 0.2893 0.8199 -0.4941
vn -0.2746 0.7068 0.6520
vn 0.0055 0.8962 -0.4436
vn -0.4368 0.5526 0.7098
vn -0.2853 0.8807 -0.3782
vn -0.5424 0.3535 0.7621
vn -0.5543 0.7748 -0.3041
vn -0.5811 0.1294 0.8035
vn -0.7752 0.5888 -0.2288
vn -0.5490 -0.0981 0.8300
vn -0.9264 0.3410 -0.1595
vn -0.4494 -0.3066 0.8391
vn -0.9931 0.0556 -0.1031
vn -0.2917 -0.4754 0.8300
vn -0.9688 -0.2392 -0.0649
vn -0.0920 -0.5889 0.8029
vn -0.8558 -0.5149 -0.0487
vn 0.1308 -0.6349 0.7614
vn -0.6652 -0.7445 -0.0566
vn 0.3546 -0.6096 0.7090
vn -0.4156 -0.9054 -0.0869
vn 0.5575 -0.5150 0.6511
vn -0.1316 -0.9817 -0.1375
vn 0.7197 -0.3608 0.5931
vn 0.1591 -0.9662 -0.2028
vn 0.8254 -0.1617 0.5409
vn 0.4282 -0.8602 -0.2769
vn 0.8641 0.0625 0.4995
vn 0.2100 0.1423 0.9673
vn -0.2100 -0.1423 -0.9673
vn -0.9500 0.2941 -0.1049
vn -0.7813 0.2340 0.5786
vn -0.6988 0.4069 0.5883
vn -0.8965 0.4347 -0.0855
vn -0.4914 0.1920 0.8495
vn -0.4308 0.2445 0.8687
vn -0.5061 0.6374 0.5811
vn -0.4220 0.9066 -0.0067
vn -0.5204 0.1549 0.8398
vn -0.8367 0.1247 0.5332
vn -0.9881 0.0618 -0.1411
vn -0.5435 0.3648 0.7560
vn 0.7249 0.4852 0.4890
vn -0.5525 0.1403 0.8216
vn -0.8607 0.0672 0.5047
vn -0.9867 -0.0577 -0.1517
vn -0.9796 -0.1737 -0.1011
vn -0.8387 0.0159 0.5443
vn -0.8136 -0.1129 0.5703
vn -0.5627 0.1266 0.8169
vn -0.5462 0.0977 0.8319
vn -0.5190 0.0238 0.8544
vn -0.7106 -0.3502 0.6102
vn -0.9134 -0.4045 -0.0463
vn -0.7316 -0.6142 0.2958
vn -0.5531 -0.5004 -0.6660
vn -0.5116 -0.7987 -0.3168
vn -0.5755 0.1358 0.8065
vn -0.7515 0.1062 0.6511
vn -0.1261 0.9920 0.0007
vn -0.6132 -0.2775 -0.7396
vn -0.6242 -0.1569 -0.7654
vn -0.6299 -0.0461 -0.7753
vn -0.3827 -0.7584 0.5276
vn -0.6884 0.2373 0.6854
vn -0.6040 0.1730 -0.7780
vn -0.5663 0.2988 -0.7681
vn -0.0448 -0.8654 0.4991
vn 0.0250 -0.9855 0.1681
vn 0.0197 -0.9880 0.1529
vn -0.0161 -0.8513 0.5244
vn -0.0593 -0.3030 0.9511
vn -0.1268 -0.3259 0.9369
vn -0.0828 -0.8609 0.5020
vn -0.1904 -0.3384 0.9215
vn -0.6691 -0.4110 0.6192
vn -0.0754 0.1654 0.9833
vn -0.0790 0.1867 0.9792
vn -0.6983 -0.6465 0.3073
vn -0.0844 0.1612 0.9833
vn -0.2665 -0.9087 0.3213
vn 0.0618 -0.9149 0.3990
vn -0.0853 0.1385 0.9867
vn -0.2246 -0.2475 0.9425
vn 0.5318 0.1739 0.8288
vn -0.1078 0.1477 0.9831
vn 0.4274 -0.8018 0.4177
vn -0.1645 0.6952 0.6998
vn -0.0822 0.3420 0.9361
vn -0.0513 0.8361 0.5462
vn -0.0263 0.9996 -0.0125
vn -0.0072 0.9989 -0.0453
vn 0.0838 0.8533 -0.5147
vn 0.0854 0.8716 -0.4827
vn -0.0537 0.9983 0.0224
vn 0.0309 0.8380 -0.5448
vn -0.0000 0.1721 0.9851
vn -0.0000 0.3481 0.9374
vn 0.0659 0.8657 -0.4962
vn -0.1431 0.9890 0.0367
vn -0.2157 0.6740 0.7065
vn 0.6904 -0.5759 0.4379
vn -0.3169 0.6406 0.6994
vn 0.5500 0.3282 0.7680
vn -0.2823 0.4512 0.8466
vn -0.1513 0.7807 -0.6063
vn -0.0000 0.8474 0.5309
vn -0.0000 0.9978 -0.0661
vn -0.0096 0.8241 -0.5664
vn 0.0513 0.8361 0.5461
vn 0.0822 0.3418 0.9362
vn 0.1645 0.6951 0.6998
vn 0.0263 0.9996 -0.0125
vn 0.0073 0.9989 -0.0456
vn -0.0802 0.8516 -0.5181
vn -0.0844 0.8717 -0.4828
vn 0.0537 0.9983 0.0224
vn -0.0310 0.8393 -0.5428
vn 0.1078 0.1477 0.9831
vn -0.0672 0.8652 -0.4970
vn 0.1431 0.9890 0.0367
vn 0.2157 0.6741 0.7065
vn 0.7704 0.4972 0.3990
vn 0.8728 0.4821 0.0761
vn 0.0854 0.1384 0.9867
vn 0.0843 0.1612 0.9833
vn 0.5571 0.8303 -0.0150
vn 0.2233 0.9740 0.0369
vn 0.0790 0.1867 0.9792
vn -0.1317 0.9815 0.1392
vn 0.0754 0.1654 0.9833
vn 0.0593 -0.3032 0.9511
vn 0.1268 -0.3261 0.9368
vn 0.0448 -0.8655 0.4989
vn 0.0828 -0.8607 0.5023
vn 0.1904 -0.3384 0.9216
vn 0.0161 -0.8515 0.5241
vn -0.0197 -0.9880 0.1530
vn -0.0250 -0.9855 0.1681
vn -0.4948 0.8430 0.2110
vn -0.6701 0.6470 0.3638
vn 0.1902 -0.7794 0.5969
vn 0.0622 -0.9709 0.2312
vn 0.4286 -0.6193 0.6579
vn 0.3036 -0.9295 0.2096
vn -0.1060 -0.9666 -0.2334
vn 0.0653 -0.9466 -0.3158
vn 0.4760 -0.8598 0.1848
vn 0.5116 -0.7987 -0.3169
vn 0.7009 -0.3571 0.6174
vn 0.5189 0.0239 0.8545
vn 0.8136 -0.1129 0.5703
vn 0.5462 0.0977 0.8319
vn 0.9134 -0.4045 -0.0462
vn 0.5539 -0.4992 -0.6663
vn 0.5626 0.1266 0.8170
vn 0.8386 0.0159 0.5445
vn 0.9796 -0.1737 -0.1012
vn 0.5755 0.1358 0.8065
vn 0.2719 -0.6746 0.6863
vn 0.7390 0.0822 0.6686
vn 0.8607 0.0678 0.5045
vn 0.9867 -0.0577 -0.1518
vn 0.9881 0.0618 -0.1411
vn 0.8367 0.1247 0.5333
vn 0.9500 0.2941 -0.1050
vn 0.7813 0.2340 0.5786
vn 0.6978 0.4058 0.5902
vn 0.7892 0.5895 0.1723
vn 0.4913 0.1919 0.8496
vn 0.4313 0.2450 0.8683
vn 0.5063 0.6374 0.5809
vn 0.4219 0.9066 -0.0063
vn 0.5202 0.1549 0.8399
vn 0.8353 -0.1238 0.5357
vn 0.6509 0.2697 0.7096
vn 0.5525 0.1402 0.8216
vn 0.6256 -0.1531 -0.7650
vn 0.6140 -0.2730 -0.7406
vn 0.7275 0.1003 0.6787
vn 0.2872 -0.9240 0.2524
vn 0.6328 -0.0416 -0.7732
vn 0.6074 0.1807 -0.7735
vn 0.6005 0.5670 -0.5639
vn 0.2416 0.1683 -0.9557
vn 0.2367 0.3068 -0.9219
vn 0.2804 0.3185 -0.9055
vn -0.5411 -0.7095 -0.4515
vn 0.2043 0.3253 -0.9233
vn -0.7284 -0.4916 -0.4772
vn 0.1332 0.2980 -0.9452
vn -0.8440 -0.2260 -0.4864
vn 0.0687 0.2477 -0.9664
vn -0.8433 0.0258 -0.5368
vn 0.6054 0.3650 -0.7073
vn 0.1643 0.2240 -0.9606
vn 0.0039 -0.0225 -0.9997
vn 0.1555 0.0154 -0.9877
vn 0.4725 0.6104 -0.6357
vn -0.0039 -0.1336 -0.9910
vn 0.2912 0.7032 -0.6486
vn 0.0196 -0.1715 -0.9850
vn 0.0698 0.6499 -0.7568
vn 0.0316 -0.2096 -0.9773
vn -0.0936 0.3684 -0.9249
vn 0.0523 -0.3225 -0.9451
vn -0.1406 0.0814 -0.9867
vn 0.0724 -0.3817 -0.9214
vn 0.2586 -0.5489 -0.7949
vn 0.2500 -0.4354 -0.8648
vn 0.2751 -0.5484 -0.7897
vn 0.2281 -0.4731 -0.8510
vn -0.6616 -0.2072 -0.7207
vn 0.2115 -0.5387 -0.8155
vn -0.7275 -0.3565 -0.5862
vn 0.1359 -0.5170 -0.8452
vn 0.0560 -0.5109 -0.8578
vn -0.0000 -0.1549 -0.9879
vn 0.3729 -0.0008 -0.9279
vn -0.3045 -0.7099 -0.6350
vn -0.0000 -0.1520 -0.9884
vn -0.3072 -0.8137 -0.4935
vn -0.0000 -0.1725 -0.9850
vn -0.0000 -0.1748 -0.9846
vn 0.3448 -0.4678 -0.8138
vn -0.0000 0.2144 -0.9768
vn 0.0083 -0.4690 -0.8832
vn 0.3072 -0.8137 -0.4935
vn -0.2239 -0.1415 -0.9643
vn 0.0066 -0.9359 -0.3522
vn -0.0655 0.2440 -0.9675
vn -0.3729 -0.0008 -0.9279
vn -0.4633 -0.8609 -0.2101
vn -0.7457 -0.6490 -0.1506
vn -0.1531 0.2940 -0.9435
vn -0.9344 -0.3487 -0.0734
vn -0.2209 0.3262 -0.9191
vn -0.9983 -0.0544 -0.0195
vn -0.2896 0.3251 -0.9003
vn -0.9900 0.1331 -0.0466
vn -0.2309 0.2893 -0.9290
vn -0.9586 0.2710 -0.0874
vn -0.1621 0.0593 -0.9850
vn -0.0050 -0.0249 -0.9997
vn -0.8895 0.4388 -0.1279
vn -0.7238 0.6534 -0.2217
vn 0.0125 -0.1268 -0.9919
vn -0.4542 0.8111 -0.3685
vn -0.0200 -0.1726 -0.9848
vn -0.1851 0.8495 -0.4940
vn -0.0339 -0.2098 -0.9772
vn 0.0469 0.8143 -0.5785
vn -0.0532 -0.3226 -0.9450
vn 0.2420 0.7479 -0.6182
vn -0.2203 -0.3888 -0.8946
vn -0.2599 -0.5493 -0.7942
vn 0.4264 0.6523 -0.6266
vn -0.2789 -0.5444 -0.7911
vn 0.6617 0.4652 -0.5880
vn 0.8494 0.1702 -0.4996
vn -0.2115 -0.5373 -0.8165
vn 0.8831 -0.1560 -0.4424
vn -0.1363 -0.5158 -0.8458
vn -0.0636 -0.4971 -0.8654
vn -0.0643 -0.9468 -0.3153
vn -0.3036 -0.9295 0.2093
vn 0.1058 -0.9666 -0.2334
vn -0.0622 -0.9709 0.2313
vn -0.4289 -0.6196 0.6574
vn -0.4276 -0.1042 0.8979
vn -0.1901 -0.7793 0.5971
vn -0.3024 -0.2400 0.9225
vn 0.0008 -0.9814 0.1918
vn 0.1160 -0.9583 -0.2613
vn -0.6307 -0.0239 0.7756
vn -0.2753 -0.3733 0.8859
vn -0.6123 0.7903 -0.0200
vn -0.7746 0.6324 -0.0011
vn 0.1122 -0.9500 -0.2914
vn 0.1249 -0.9378 -0.3240
vn -0.0000 -0.9895 0.1445
vn -0.0000 -0.8539 0.5204
vn -0.0000 -0.3196 0.9475
vn -0.0000 0.1480 0.9890
vn -0.0000 0.1732 0.9849
vn -0.0000 0.1716 0.9852
vn -0.0000 0.1699 0.9855
vn -0.0000 -0.9390 -0.3439
vn -0.1018 -0.9521 -0.2884
vn -0.1516 -0.9514 -0.2681
vn -0.1243 -0.9596 -0.2525
vn -0.0009 -0.9814 0.1921
vn 0.1492 0.7883 -0.5969
vn 0.4272 -0.1040 0.8981
vn 0.3025 -0.2402 0.9224
vn 0.0674 -0.3402 0.9379
vn -0.6427 -0.4009 0.6528
vn 0.5017 -0.1012 0.8591
vn 0.3706 -0.1666 0.9137
vn 0.2124 0.5019 0.8384
vn -0.5771 0.1292 0.8064
vn -0.5499 0.3281 0.7681
vn 0.3169 0.6406 0.6994
vn -0.9166 -0.2631 0.3010
vn -0.2223 -0.3375 0.9147
vn -0.9069 -0.0927 -0.4111
vn -0.4866 0.2171 -0.8462
vn -0.8418 -0.0891 -0.5324
vn -0.3888 0.2304 -0.8920
vn -0.4953 -0.0426 0.8677
vn -0.0921 -0.3352 0.9376
vn -0.3378 -0.0609 0.9393
vn 0.0084 -0.3564 0.9343
vn 0.1566 -0.3460 0.9251
vn -0.6874 -0.2460 0.6834
vn 0.3082 -0.3424 0.8876
vn -0.5817 -0.1697 0.7955
vn 0.1880 -0.0084 0.9821
vn 0.4320 -0.3687 0.8230
vn 0.3846 -0.0599 0.9212
vn 0.5448 -0.3995 0.7373
vn 0.5575 -0.1154 0.8221
vn 0.6325 -0.4451 0.6339
vn 0.6972 -0.1374 0.7036
vn 0.7220 -0.4657 0.5118
vn 0.7240 -0.2156 0.6553
vn 0.7957 -0.4767 0.3737
vn 0.8666 -0.1438 0.4778
vn 0.8454 -0.4764 0.2417
vn 0.9262 -0.1336 0.3526
vn 0.8755 -0.4767 0.0786
vn 0.9678 -0.1420 0.2079
vn 0.8756 -0.4764 -0.0796
vn 0.9795 -0.1912 0.0636
vn 0.8371 -0.4978 -0.2269
vn 0.9693 -0.2328 -0.0797
vn 0.7681 -0.5214 -0.3716
vn 0.9420 -0.2568 -0.2160
vn 0.6751 -0.5339 -0.5092
vn 0.8971 -0.2539 -0.3616
vn 0.5679 -0.5282 -0.6313
vn 0.8376 -0.2377 -0.4919
vn 0.4551 -0.5188 -0.7237
vn 0.7871 -0.2117 -0.5793
vn 0.3593 -0.5104 -0.7813
vn 0.7458 -0.1917 -0.6380
vn 0.2830 -0.5024 -0.8170
vn 0.6981 -0.1863 -0.6914
vn 0.2004 -0.4930 -0.8466
vn 0.6268 -0.2088 -0.7507
vn 0.1229 -0.5019 -0.8562
vn 0.6716 -0.2659 0.6915
vn 0.7673 0.2878 0.5731
vn -0.9593 -0.2412 -0.1468
vn -0.5965 -0.3306 0.7314
vn -0.8630 -0.0912 -0.4969
vn -0.1320 0.2557 -0.9577
vn -0.6863 -0.2602 0.6792
vn -0.6613 0.3705 0.6522
vn -0.8697 -0.0309 0.4927
vn -0.4970 -0.3200 0.8066
vn 0.6900 0.7061 -0.1592
vn 0.6667 0.6981 -0.2610
vn 0.6996 0.7106 -0.0747
vn 0.6285 0.6879 -0.3630
vn 0.5845 0.6737 -0.4523
vn 0.5324 0.6584 -0.5320
vn 0.4506 0.6451 -0.6171
vn 0.3300 0.6430 -0.6912
vn 0.2079 0.6505 -0.7305
vn 0.1034 0.6666 -0.7382
vn -0.0040 0.6754 -0.7375
vn -0.1026 0.6730 -0.7325
vn -0.1911 0.6589 -0.7276
vn -0.2975 0.6553 -0.6943
vn -0.4113 0.6612 -0.6275
vn -0.4987 0.6774 -0.5408
vn -0.5589 0.6959 -0.4509
vn -0.6077 0.7140 -0.3478
vn -0.6466 0.7259 -0.2344
vn -0.6666 0.7333 -0.1336
vn -0.6766 0.7335 -0.0643
vn -0.6791 0.7340 -0.0086
vn -0.6731 0.7369 0.0621
vn -0.6532 0.7440 0.1406
vn -0.6816 0.7049 0.1964
vn -0.7683 -0.6327 -0.0971
vn -0.7346 -0.6443 -0.2125
vn -0.7600 -0.6442 0.0862
vn -0.7708 -0.6371 0.0071
vn -0.7422 -0.6321 0.2228
vn -0.7502 -0.6436 0.1516
vn -0.7285 -0.5983 0.3337
vn -0.7198 -0.6280 0.2957
vn -0.6729 -0.6640 -0.3260
vn -0.5859 -0.6873 -0.4293
vn -0.4859 -0.7038 -0.5183
vn -0.3799 -0.7112 -0.5915
vn -0.2632 -0.7126 -0.6503
vn -0.1441 -0.7089 -0.6905
vn -0.0240 -0.7006 -0.7131
vn 0.1078 -0.7104 -0.6955
vn 0.2422 -0.7190 -0.6514
vn 0.3673 -0.7228 -0.5853
vn 0.4769 -0.7210 -0.5027
vn 0.5696 -0.7118 -0.4110
vn 0.6459 -0.6936 -0.3189
vn 0.7001 -0.6789 -0.2214
vn 0.7359 -0.6665 -0.1196
vn 0.7476 -0.6639 -0.0168
vn 0.7454 -0.6624 0.0752
vn 0.6979 0.7162 -0.0088
vn 0.6914 0.7198 0.0614
vn 0.6722 0.7272 0.1391
vn 0.7006 0.6866 0.1943
vn 0.7290 -0.6477 0.2216
vn 0.7077 -0.6409 0.2974
vn 0.7151 -0.6119 0.3378
vn 0.7336 -0.6627 0.1506
vn -0.3465 -0.9379 -0.0160
vt 0.654930 0.763738
vt 0.654930 0.737273
vt 0.665695 0.750164
vt 0.665695 0.737273
vt 0.665695 0.763738
vt 0.641897 0.752940
vt 0.630492 0.765961
vt 0.630492 0.752940
vt 0.641897 0.779350
vt 0.630492 0.779350
vt 0.512339 0.765866
vt 0.504847 0.765335
vt 0.506382 0.752458
vt 0.512473 0.752554
vt 0.504106 0.740700
vt 0.511308 0.740700
vt 0.512091 0.779361
vt 0.504611 0.779321
vt 0.511367 0.789618
vt 0.503926 0.789618
vt 0.504627 0.748876
vt 0.503943 0.743454
vt 0.497295 0.779315
vt 0.497434 0.765872
vt 0.488413 0.765909
vt 0.488212 0.779278
vt 0.496723 0.789618
vt 0.487980 0.789618
vt 0.487889 0.752596
vt 0.496831 0.752558
vt 0.487898 0.740704
vt 0.496665 0.740704
vt 0.479120 0.779316
vt 0.479208 0.765890
vt 0.475369 0.765842
vt 0.475369 0.779416
vt 0.479136 0.789618
vt 0.475369 0.789618
vt 0.475369 0.752951
vt 0.478843 0.752704
vt 0.475369 0.740704
vt 0.479079 0.740704
vt 0.503005 0.752424
vt 0.503293 0.740704
vt 0.371435 0.020789
vt 0.363844 0.038717
vt 0.363875 0.013352
vt 0.369325 0.013352
vt 0.370272 0.038717
vt 0.371270 0.013352
vt 0.376525 0.038717
vt 0.378194 0.013352
vt 0.384637 0.038717
vt 0.385645 0.013352
vt 0.393219 0.013352
vt 0.392896 0.038717
vt 0.396515 0.038717
vt 0.396535 0.013352
vt 0.373038 0.013352
vt 0.358156 0.013352
vt 0.357595 0.038717
vt 0.351383 0.038717
vt 0.352459 0.013352
vt 0.345364 0.020789
vt 0.347122 0.013352
vt 0.344982 0.038717
vt 0.345301 0.013352
vt 0.343448 0.013352
vt 0.338574 0.038717
vt 0.338061 0.013352
vt 0.332661 0.013352
vt 0.332677 0.038717
vt 0.326945 0.013352
vt 0.326435 0.038717
vt 0.319643 0.020789
vt 0.320027 0.038717
vt 0.313625 0.038717
vt 0.312547 0.013352
vt 0.307414 0.038717
vt 0.306851 0.013352
vt 0.301131 0.013352
vt 0.301165 0.038717
vt 0.293572 0.020789
vt 0.295681 0.013352
vt 0.294737 0.038717
vt 0.293735 0.013352
vt 0.288484 0.038717
vt 0.291968 0.013352
vt 0.286812 0.013352
vt 0.279368 0.013352
vt 0.280363 0.038717
vt 0.272100 0.038717
vt 0.271797 0.013352
vt 0.268480 0.013352
vt 0.268480 0.038717
vt 0.589253 0.765485
vt 0.581751 0.765871
vt 0.581868 0.752854
vt 0.587953 0.753212
vt 0.583214 0.741077
vt 0.590462 0.741077
vt 0.589240 0.779321
vt 0.581755 0.779361
vt 0.589763 0.789618
vt 0.582314 0.789618
vt 0.590523 0.742979
vt 0.589760 0.749864
vt 0.574921 0.779356
vt 0.575446 0.789618
vt 0.576210 0.741077
vt 0.575383 0.752604
vt 0.574980 0.765896
vt 0.568576 0.789618
vt 0.568146 0.779375
vt 0.560780 0.779350
vt 0.560898 0.765357
vt 0.568268 0.765866
vt 0.561131 0.789618
vt 0.562739 0.752461
vt 0.568874 0.752559
vt 0.562208 0.741077
vt 0.569229 0.741077
vt 0.561618 0.743427
vt 0.561242 0.748948
vt 0.561334 0.740704
vt 0.559479 0.752462
vt 0.553660 0.789618
vt 0.553421 0.779372
vt 0.546731 0.779281
vt 0.546648 0.789618
vt 0.540420 0.779376
vt 0.540003 0.789618
vt 0.540554 0.765865
vt 0.546866 0.765895
vt 0.540972 0.752547
vt 0.546993 0.752704
vt 0.540322 0.740704
vt 0.547074 0.740704
vt 0.553549 0.765866
vt 0.553383 0.752563
vt 0.554193 0.740704
vt 0.533059 0.779350
vt 0.533211 0.765347
vt 0.525832 0.765866
vt 0.525693 0.779375
vt 0.532537 0.789618
vt 0.525097 0.789618
vt 0.525477 0.752539
vt 0.531620 0.752409
vt 0.525276 0.740700
vt 0.532291 0.740700
vt 0.533164 0.748885
vt 0.532858 0.743456
vt 0.518922 0.779356
vt 0.519113 0.765896
vt 0.518961 0.752604
vt 0.518299 0.740700
vt 0.518229 0.789618
vt 0.534880 0.752412
vt 0.533175 0.740704
vt 0.605632 0.779278
vt 0.596558 0.779315
vt 0.596648 0.765877
vt 0.605674 0.765909
vt 0.605706 0.789618
vt 0.596968 0.789618
vt 0.597504 0.752858
vt 0.606442 0.752596
vt 0.597811 0.741078
vt 0.606597 0.741078
vt 0.591128 0.741078
vt 0.591332 0.753162
vt 0.614729 0.779298
vt 0.614522 0.789618
vt 0.619430 0.789618
vt 0.619430 0.779350
vt 0.614886 0.765902
vt 0.619430 0.765961
vt 0.615492 0.752703
vt 0.619430 0.752940
vt 0.615424 0.741078
vt 0.619430 0.741078
vt 0.317884 0.013352
vt 0.319705 0.013352
vt 0.321558 0.013352
vt 0.437376 0.409066
vt 0.444475 0.424742
vt 0.431089 0.426563
vt 0.428864 0.415181
vt 0.417152 0.414342
vt 0.414964 0.429233
vt 0.420424 0.400620
vt 0.405867 0.400358
vt 0.405866 0.414429
vt 0.405866 0.431702
vt 0.405867 0.391249
vt 0.420423 0.388330
vt 0.436518 0.392819
vt 0.432543 0.382699
vt 0.444930 0.378617
vt 0.436751 0.371773
vt 0.405867 0.370023
vt 0.419397 0.370494
vt 0.414621 0.449781
vt 0.429176 0.447735
vt 0.441914 0.447182
vt 0.405867 0.451359
vt 0.449230 0.357366
vt 0.438597 0.356751
vt 0.405866 0.462372
vt 0.437722 0.457064
vt 0.425249 0.459307
vt 0.450313 0.347553
vt 0.397112 0.449781
vt 0.396689 0.429255
vt 0.394580 0.414342
vt 0.380849 0.426426
vt 0.382869 0.415181
vt 0.374357 0.409066
vt 0.367257 0.424742
vt 0.391309 0.400620
vt 0.391310 0.388330
vt 0.375215 0.392819
vt 0.379190 0.382699
vt 0.366803 0.378617
vt 0.374982 0.371774
vt 0.392317 0.370824
vt 0.369819 0.447182
vt 0.382557 0.447735
vt 0.362503 0.357366
vt 0.373136 0.356751
vt 0.374011 0.457064
vt 0.386484 0.459307
vt 0.361420 0.347553
vt 0.392680 0.357878
vt 0.405866 0.355211
vt 0.419053 0.357878
vt 0.884754 0.085924
vt 0.884611 0.106434
vt 0.864511 0.100280
vt 0.866829 0.083407
vt 0.902968 0.088366
vt 0.906215 0.109767
vt 0.843854 0.091731
vt 0.848029 0.077134
vt 0.823905 0.081342
vt 0.828944 0.068519
vt 0.920452 0.086020
vt 0.923821 0.109911
vt 0.936570 0.082394
vt 0.945130 0.107578
vt 0.956336 0.078285
vt 0.965866 0.102051
vt 0.975707 0.070183
vt 0.985778 0.095081
vt 0.820954 0.088798
vt 0.840478 0.098282
vt 0.863732 0.110796
vt 0.883568 0.119241
vt 0.905342 0.123358
vt 0.950415 0.126400
vt 0.971925 0.121648
vt 0.993412 0.113885
vt 0.926592 0.126507
vt 0.963229 0.047127
vt 0.947306 0.056351
vt 0.939934 0.042667
vt 0.953122 0.032761
vt 0.930547 0.029878
vt 0.940249 0.019791
vt 0.920611 0.008491
vt 0.916585 0.019201
vt 0.913666 0.027293
vt 0.922068 0.035772
vt 0.926790 0.049521
vt 0.911414 0.039624
vt 0.913451 0.053700
vt 0.901294 0.028491
vt 0.900983 0.041038
vt 0.890522 0.039849
vt 0.888296 0.054048
vt 0.900887 0.055185
vt 0.887932 0.027258
vt 0.879815 0.036070
vt 0.875050 0.050322
vt 0.860931 0.043498
vt 0.869310 0.030310
vt 0.885543 0.018900
vt 0.880053 0.008787
vt 0.859268 0.021255
vt 0.846938 0.034629
vt 0.900436 0.005135
vt 0.900504 0.017628
vt 0.854646 0.057494
vt 0.871190 0.064002
vt 0.886151 0.069379
vt 0.900931 0.072294
vt 0.838331 0.048382
vt 0.916159 0.069928
vt 0.931626 0.063961
vt 0.115730 0.780755
vt 0.131090 0.768618
vt 0.139793 0.778791
vt 0.123793 0.794003
vt 0.154188 0.762496
vt 0.144552 0.752526
vt 0.099557 0.790104
vt 0.107132 0.809361
vt 0.084337 0.797995
vt 0.090199 0.820042
vt 0.068157 0.804281
vt 0.072135 0.828744
vt 0.051503 0.808332
vt 0.053903 0.834601
vt 0.032062 0.812395
vt 0.032730 0.837824
vt 0.012100 0.812460
vt 0.012454 0.838690
vt 0.113563 0.822572
vt 0.094810 0.835835
vt 0.131374 0.804692
vt 0.147964 0.786444
vt 0.160164 0.767178
vt 0.076086 0.845601
vt 0.054742 0.853424
vt 0.033956 0.857152
vt 0.012690 0.859083
vt 0.032313 0.788474
vt 0.013505 0.786423
vt 0.033343 0.773166
vt 0.047859 0.774413
vt 0.047056 0.759106
vt 0.057480 0.758810
vt 0.050556 0.748560
vt 0.062317 0.744225
vt 0.067213 0.756103
vt 0.076165 0.750655
vt 0.073270 0.738052
vt 0.084694 0.742970
vt 0.091735 0.733565
vt 0.073334 0.729848
vt 0.072831 0.717899
vt 0.097517 0.720950
vt 0.114296 0.728378
vt 0.105180 0.742460
vt 0.094956 0.754190
vt 0.084416 0.763284
vt 0.073423 0.769402
vt 0.061077 0.773134
vt 0.052662 0.722626
vt 0.058578 0.735031
vt 0.044255 0.742821
vt 0.035671 0.734191
vt 0.036121 0.757487
vt 0.022437 0.752256
vt 0.016599 0.769347
vt 0.064515 0.787856
vt 0.079676 0.783601
vt 0.092231 0.776069
vt 0.104404 0.765685
vt 0.115970 0.752143
vt 0.127779 0.737942
vt 0.049519 0.789563
vt 0.268228 0.083471
vt 0.272741 0.079444
vt 0.289155 0.093390
vt 0.285935 0.098355
vt 0.311202 0.102569
vt 0.308232 0.109268
vt 0.252990 0.062141
vt 0.258174 0.060026
vt 0.247238 0.039294
vt 0.253093 0.039081
vt 0.332936 0.111832
vt 0.331484 0.117644
vt 0.358950 0.118619
vt 0.358089 0.124676
vt 0.384383 0.120046
vt 0.384609 0.126895
vt 0.411761 0.118880
vt 0.412123 0.124667
vt 0.438284 0.120223
vt 0.437611 0.114216
vt 0.463864 0.113468
vt 0.462677 0.108110
vt 0.490141 0.105495
vt 0.489320 0.098709
vt 0.515932 0.095023
vt 0.513872 0.088740
vt 0.543206 0.080542
vt 0.539990 0.076100
vt 0.567523 0.063278
vt 0.564585 0.059522
vt 0.582342 0.039778
vt 0.578873 0.038187
vt 0.586973 0.015075
vt 0.581161 0.014538
vt 0.547976 0.085556
vt 0.520052 0.100720
vt 0.579190 0.069988
vt 0.491356 0.113932
vt 0.464611 0.123169
vt 0.438366 0.129769
vt 0.411756 0.132425
vt 0.383703 0.134360
vt 0.353508 0.133342
vt 0.328169 0.129372
vt 0.299385 0.122593
vt 0.262109 0.106749
vt 0.252887 0.086675
vt 0.245285 0.062632
vt 0.241615 0.038152
vt 0.381353 0.148519
vt 0.346995 0.148604
vt 0.321690 0.146176
vt 0.289405 0.140734
vt 0.222701 0.061044
vt 0.225340 0.037576
vt 0.218704 0.083546
vt 0.214316 0.106486
vt 0.253233 0.137416
vt 0.211981 0.132480
vt 0.279313 0.169508
vt 0.245364 0.165755
vt 0.275385 0.198815
vt 0.241665 0.197275
vt 0.273858 0.221132
vt 0.237448 0.220818
vt 0.208010 0.195453
vt 0.207678 0.219425
vt 0.304938 0.219664
vt 0.307856 0.198887
vt 0.334847 0.216453
vt 0.337509 0.195758
vt 0.366953 0.211722
vt 0.371092 0.188694
vt 0.396038 0.206123
vt 0.402113 0.182296
vt 0.427060 0.198811
vt 0.430645 0.176199
vt 0.454897 0.190046
vt 0.457353 0.169649
vt 0.484921 0.181206
vt 0.488429 0.163716
vt 0.511621 0.175392
vt 0.515064 0.159303
vt 0.542551 0.168487
vt 0.541263 0.154520
vt 0.567554 0.165574
vt 0.566333 0.150520
vt 0.594866 0.147431
vt 0.594637 0.163541
vt 0.620585 0.145583
vt 0.621204 0.162201
vt 0.517103 0.142540
vt 0.540768 0.137299
vt 0.564448 0.133276
vt 0.460328 0.154437
vt 0.492175 0.147326
vt 0.433643 0.159205
vt 0.406582 0.163647
vt 0.376050 0.168820
vt 0.342546 0.171447
vt 0.313968 0.170918
vt 0.462751 0.136720
vt 0.493257 0.128682
vt 0.518920 0.123041
vt 0.436292 0.142358
vt 0.410160 0.145971
vt 0.540204 0.118467
vt 0.561891 0.115111
vt 0.591664 0.111712
vt 0.589131 0.093407
vt 0.556803 0.097367
vt 0.541682 0.105574
vt 0.615885 0.067008
vt 0.587704 0.039140
vt 0.592504 0.015921
vt 0.612968 0.037745
vt 0.612045 0.015176
vt 0.618828 0.091451
vt 0.619224 0.110113
vt 0.633622 0.036724
vt 0.650028 0.068654
vt 0.631265 0.014210
vt 0.647543 0.091594
vt 0.679407 0.092945
vt 0.682126 0.077844
vt 0.695412 0.101485
vt 0.712862 0.094555
vt 0.676819 0.111752
vt 0.647382 0.110265
vt 0.645565 0.128620
vt 0.620070 0.129290
vt 0.646558 0.144964
vt 0.674593 0.145105
vt 0.675703 0.162763
vt 0.647337 0.161492
vt 0.593806 0.130415
vt 0.700392 0.147273
vt 0.701369 0.164419
vt 0.726037 0.149664
vt 0.733219 0.169084
vt 0.752973 0.153121
vt 0.760511 0.173981
vt 0.782093 0.157022
vt 0.789273 0.178411
vt 0.809915 0.161317
vt 0.818067 0.181268
vt 0.839935 0.163613
vt 0.849268 0.183249
vt 0.722746 0.135703
vt 0.699223 0.133018
vt 0.675635 0.130488
vt 0.775781 0.141262
vt 0.747280 0.138639
vt 0.832060 0.142829
vt 0.801248 0.141492
vt 0.719366 0.116324
vt 0.698472 0.113589
vt 0.769660 0.124282
vt 0.742314 0.119788
vt 0.765147 0.110309
vt 0.739043 0.104547
vt 0.791256 0.112955
vt 0.796323 0.125100
vt 0.816073 0.111579
vt 0.823512 0.125619
vt 0.761690 0.098273
vt 0.736106 0.092018
vt 0.710260 0.083364
vt 0.684212 0.071346
vt 0.659724 0.055326
vt 0.642721 0.035505
vt 0.638954 0.013953
vt 0.661376 0.051472
vt 0.647302 0.033217
vt 0.643123 0.013339
vt 0.710277 0.076283
vt 0.684963 0.065053
vt 0.762472 0.091765
vt 0.736057 0.084682
vt 0.787067 0.096100
vt 0.788992 0.103462
vt 0.811714 0.102292
vt 0.810781 0.096981
vt 0.209884 0.163192
vt 0.177963 0.193573
vt 0.177720 0.216987
vt 0.143823 0.214186
vt 0.145442 0.192220
vt 0.111946 0.209834
vt 0.111008 0.187827
vt 0.083113 0.202748
vt 0.082324 0.181218
vt 0.054119 0.193553
vt 0.054752 0.170462
vt 0.024916 0.178948
vt 0.024466 0.157543
vt 0.177679 0.161370
vt 0.143870 0.160374
vt 0.081391 0.156332
vt 0.052837 0.148139
vt 0.026182 0.135835
vt 0.110700 0.158099
vt 0.173943 0.132621
vt 0.141777 0.134841
vt 0.082330 0.137131
vt 0.053476 0.130796
vt 0.082117 0.118995
vt 0.054884 0.114135
vt 0.029369 0.118486
vt 0.032934 0.104602
vt 0.109373 0.119143
vt 0.110719 0.136461
vt 0.138221 0.114926
vt 0.167903 0.106876
vt 0.186297 0.081410
vt 0.199213 0.059176
vt 0.205550 0.036559
vt 0.176651 0.078118
vt 0.157335 0.089046
vt 0.131470 0.098298
vt 0.105309 0.104939
vt 0.081962 0.106622
vt 0.057719 0.105200
vt 0.036546 0.095717
vt 0.197974 0.035346
vt 0.192874 0.057354
vt 0.154140 0.082551
vt 0.172899 0.072297
vt 0.128775 0.092404
vt 0.188141 0.054313
vt 0.193986 0.034312
vt 0.059458 0.099194
vt 0.081731 0.101820
vt 0.038580 0.090938
vt 0.103640 0.098916
vt 0.889588 0.478011
vt 0.908360 0.473708
vt 0.910567 0.492687
vt 0.892095 0.496664
vt 0.871668 0.478874
vt 0.869241 0.500329
vt 0.931233 0.483805
vt 0.925684 0.470552
vt 0.950282 0.472649
vt 0.946877 0.464577
vt 0.855116 0.478257
vt 0.847425 0.499960
vt 0.838614 0.474805
vt 0.829718 0.498245
vt 0.819150 0.467842
vt 0.809078 0.493008
vt 0.797988 0.461368
vt 0.787772 0.485710
vt 0.890701 0.512453
vt 0.911606 0.504291
vt 0.953466 0.482841
vt 0.934420 0.492714
vt 0.821139 0.519899
vt 0.799917 0.514591
vt 0.779028 0.504449
vt 0.842233 0.520588
vt 0.866765 0.518187
vt 0.049365 0.943149
vt 0.047640 0.953117
vt 0.027446 0.948083
vt 0.030977 0.937093
vt 0.008947 0.937374
vt 0.012652 0.926683
vt 0.068661 0.946351
vt 0.068729 0.961495
vt 0.086479 0.947355
vt 0.089126 0.964914
vt 0.103615 0.944946
vt 0.109177 0.965226
vt 0.123583 0.941964
vt 0.129570 0.962904
vt 0.142902 0.935276
vt 0.149834 0.957326
vt 0.159934 0.924284
vt 0.170413 0.950066
vt 0.068434 0.975341
vt 0.091384 0.980614
vt 0.045566 0.967912
vt 0.024987 0.954984
vt 0.005074 0.946553
vt 0.113425 0.982149
vt 0.135991 0.980192
vt 0.157528 0.975877
vt 0.178691 0.969579
vt 0.132930 0.915276
vt 0.147875 0.903400
vt 0.123623 0.898877
vt 0.110187 0.905405
vt 0.104075 0.892387
vt 0.094600 0.896309
vt 0.097737 0.884581
vt 0.084426 0.885752
vt 0.084464 0.898494
vt 0.074765 0.896474
vt 0.072413 0.885410
vt 0.064197 0.893139
vt 0.052705 0.887675
vt 0.068683 0.876592
vt 0.063938 0.864275
vt 0.043368 0.877302
vt 0.031731 0.890781
vt 0.044442 0.900343
vt 0.059013 0.907325
vt 0.071814 0.910841
vt 0.084624 0.911855
vt 0.096888 0.910091
vt 0.084167 0.860798
vt 0.084585 0.874982
vt 0.100020 0.876453
vt 0.103295 0.864799
vt 0.114368 0.886489
vt 0.123259 0.876980
vt 0.136789 0.889811
vt 0.069843 0.924484
vt 0.054753 0.920502
vt 0.039573 0.913641
vt 0.022992 0.905475
vt 0.084285 0.925408
vt 0.099545 0.924960
vt 0.116067 0.921630
vt 0.595429 0.176258
vt 0.567972 0.179816
vt 0.621934 0.175630
vt 0.542804 0.183655
vt 0.511075 0.191198
vt 0.481191 0.200748
vt 0.452936 0.208995
vt 0.426300 0.215422
vt 0.395828 0.224504
vt 0.364850 0.234292
vt 0.333954 0.239374
vt 0.303474 0.240214
vt 0.273029 0.241316
vt 0.234194 0.239424
vt 0.207072 0.238370
vt 0.179653 0.236775
vt 0.141501 0.233353
vt 0.109726 0.228881
vt 0.080514 0.222623
vt 0.052287 0.213408
vt 0.019784 0.198718
vt 0.205564 0.257083
vt 0.235058 0.258331
vt 0.203891 0.278543
vt 0.234471 0.279701
vt 0.202497 0.302213
vt 0.233629 0.303303
vt 0.269278 0.278930
vt 0.269439 0.304303
vt 0.305687 0.277137
vt 0.304790 0.256930
vt 0.269403 0.257816
vt 0.335194 0.255846
vt 0.364385 0.251071
vt 0.395047 0.242516
vt 0.425799 0.232516
vt 0.453651 0.226069
vt 0.481351 0.218233
vt 0.485159 0.240052
vt 0.513868 0.230136
vt 0.518081 0.252256
vt 0.490083 0.266020
vt 0.456700 0.249344
vt 0.463236 0.278886
vt 0.428736 0.258902
vt 0.434278 0.287017
vt 0.549646 0.244981
vt 0.546628 0.223101
vt 0.574961 0.242114
vt 0.571213 0.219454
vt 0.601152 0.241392
vt 0.600290 0.215914
vt 0.624058 0.215443
vt 0.625099 0.240500
vt 0.511218 0.208941
vt 0.544478 0.203067
vt 0.568136 0.198547
vt 0.597763 0.197637
vt 0.622356 0.195928
vt 0.649373 0.239493
vt 0.648683 0.213212
vt 0.675446 0.238979
vt 0.676735 0.215709
vt 0.701188 0.218154
vt 0.701494 0.240227
vt 0.734090 0.221944
vt 0.732166 0.245417
vt 0.764467 0.227241
vt 0.762104 0.253054
vt 0.792324 0.234228
vt 0.789241 0.261397
vt 0.821888 0.240256
vt 0.817870 0.269557
vt 0.765462 0.205107
vt 0.734647 0.200361
vt 0.793327 0.211515
vt 0.792105 0.194456
vt 0.764620 0.189666
vt 0.820224 0.200203
vt 0.855117 0.203462
vt 0.734797 0.185594
vt 0.702241 0.179272
vt 0.675786 0.176480
vt 0.646943 0.175824
vt 0.822392 0.215336
vt 0.857587 0.221514
vt 0.855392 0.245268
vt 0.676371 0.196232
vt 0.647626 0.194283
vt 0.701791 0.197599
vt 0.851465 0.273988
vt 0.848658 0.300643
vt 0.810600 0.302248
vt 0.783302 0.289068
vt 0.771353 0.313387
vt 0.753823 0.299015
vt 0.744273 0.318410
vt 0.760053 0.333941
vt 0.719392 0.310964
vt 0.725330 0.288660
vt 0.732723 0.336936
vt 0.748845 0.348874
vt 0.708970 0.331479
vt 0.770814 0.353730
vt 0.757049 0.368499
vt 0.774310 0.385172
vt 0.762650 0.394916
vt 0.785162 0.404710
vt 0.778504 0.415907
vt 0.763486 0.421975
vt 0.786034 0.440731
vt 0.794951 0.431276
vt 0.773226 0.450019
vt 0.753223 0.434562
vt 0.802912 0.420206
vt 0.723018 0.349466
vt 0.703850 0.343675
vt 0.697273 0.357600
vt 0.684729 0.341896
vt 0.679931 0.355743
vt 0.662379 0.354725
vt 0.665486 0.341131
vt 0.646865 0.340926
vt 0.645962 0.354447
vt 0.629175 0.341308
vt 0.629901 0.354557
vt 0.712778 0.362226
vt 0.724128 0.370697
vt 0.736971 0.359932
vt 0.745377 0.375166
vt 0.730420 0.382468
vt 0.731649 0.393579
vt 0.748040 0.394752
vt 0.745732 0.411132
vt 0.730370 0.405561
vt 0.726578 0.414985
vt 0.739507 0.424224
vt 0.613725 0.355513
vt 0.611508 0.342275
vt 0.596360 0.357147
vt 0.592627 0.344084
vt 0.579204 0.359831
vt 0.573534 0.346342
vt 0.554750 0.349555
vt 0.562684 0.362950
vt 0.547597 0.369081
vt 0.536134 0.357185
vt 0.523264 0.369247
vt 0.536797 0.378414
vt 0.517224 0.385461
vt 0.532444 0.390833
vt 0.516822 0.404321
vt 0.531502 0.402793
vt 0.534004 0.413122
vt 0.519306 0.420511
vt 0.527688 0.431590
vt 0.539768 0.421027
vt 0.569798 0.374845
vt 0.584618 0.371596
vt 0.599895 0.368913
vt 0.616106 0.367048
vt 0.630531 0.366259
vt 0.645060 0.366303
vt 0.660326 0.366737
vt 0.676552 0.367570
vt 0.691452 0.370131
vt 0.704271 0.374539
vt 0.713399 0.380589
vt 0.717552 0.388919
vt 0.713468 0.391378
vt 0.719020 0.395876
vt 0.715077 0.398045
vt 0.710110 0.392771
vt 0.711594 0.397991
vt 0.707674 0.399274
vt 0.704150 0.396829
vt 0.705459 0.400412
vt 0.702227 0.399265
vt 0.708115 0.402005
vt 0.706295 0.401650
vt 0.710858 0.402343
vt 0.715029 0.401560
vt 0.705609 0.402996
vt 0.698091 0.393460
vt 0.696162 0.396717
vt 0.690686 0.392083
vt 0.688384 0.395142
vt 0.696905 0.385602
vt 0.704141 0.389138
vt 0.700618 0.380038
vt 0.708800 0.384898
vt 0.680505 0.390510
vt 0.677843 0.393715
vt 0.668462 0.388791
vt 0.666719 0.393067
vt 0.671769 0.381170
vt 0.685469 0.382935
vt 0.674209 0.374244
vt 0.688492 0.376483
vt 0.655451 0.388261
vt 0.654253 0.392292
vt 0.642945 0.388166
vt 0.642433 0.392010
vt 0.631343 0.388572
vt 0.631447 0.392190
vt 0.630764 0.379739
vt 0.643755 0.379425
vt 0.630654 0.372833
vt 0.644412 0.372671
vt 0.657578 0.379963
vt 0.659006 0.373150
vt 0.620213 0.392878
vt 0.619646 0.389248
vt 0.608760 0.393558
vt 0.607019 0.389915
vt 0.617872 0.380441
vt 0.617009 0.373556
vt 0.604207 0.381807
vt 0.601983 0.375199
vt 0.596157 0.395327
vt 0.594028 0.391577
vt 0.585415 0.397014
vt 0.582133 0.393821
vt 0.590196 0.384059
vt 0.576716 0.387175
vt 0.587291 0.377683
vt 0.573229 0.380918
vt 0.575079 0.399663
vt 0.571970 0.396393
vt 0.567590 0.401649
vt 0.564949 0.398887
vt 0.565541 0.390860
vt 0.558670 0.395057
vt 0.561413 0.385627
vt 0.553519 0.391245
vt 0.560950 0.403714
vt 0.558610 0.402113
vt 0.557657 0.405759
vt 0.555955 0.405380
vt 0.557014 0.407580
vt 0.552302 0.407669
vt 0.552206 0.405022
vt 0.553483 0.400021
vt 0.549341 0.398347
vt 0.548565 0.403625
vt 0.554970 0.410547
vt 0.558651 0.408971
vt 0.558470 0.408182
vt 0.553459 0.413776
vt 0.549495 0.408710
vt 0.547137 0.408770
vt 0.550443 0.413759
vt 0.545184 0.396116
vt 0.544610 0.402685
vt 0.548192 0.387264
vt 0.557312 0.380510
vt 0.974416 0.317337
vt 0.973374 0.325223
vt 0.960995 0.317816
vt 0.967299 0.313013
vt 0.959701 0.308843
vt 0.942694 0.314864
vt 0.949734 0.305598
vt 0.970660 0.334174
vt 0.958507 0.328093
vt 0.983503 0.330831
vt 0.985626 0.328460
vt 0.981039 0.322875
vt 0.988114 0.331194
vt 0.986859 0.333623
vt 0.988713 0.330687
vt 0.989615 0.333642
vt 0.980052 0.339334
vt 0.985509 0.341820
vt 0.941198 0.326085
vt 0.989631 0.340767
vt 0.955288 0.348070
vt 0.968982 0.349618
vt 0.977097 0.351864
vt 0.981902 0.353461
vt 0.939236 0.347872
vt 0.988058 0.355798
vt 0.965778 0.362295
vt 0.956790 0.362304
vt 0.969639 0.364046
vt 0.973376 0.367958
vt 0.978212 0.373760
vt 0.927022 0.325536
vt 0.927463 0.312908
vt 0.939034 0.303070
vt 0.927853 0.301635
vt 0.926223 0.348020
vt 0.938464 0.359473
vt 0.925710 0.361740
vt 0.957987 0.390556
vt 0.956981 0.381974
vt 0.947097 0.388638
vt 0.948618 0.395923
vt 0.944943 0.398167
vt 0.942776 0.391054
vt 0.940603 0.387209
vt 0.945562 0.383031
vt 0.955777 0.376237
vt 0.924920 0.385522
vt 0.925042 0.381742
vt 0.909134 0.386172
vt 0.904469 0.381692
vt 0.902559 0.387161
vt 0.906712 0.389866
vt 0.904071 0.396819
vt 0.900553 0.394332
vt 0.891573 0.388342
vt 0.893222 0.379857
vt 0.894809 0.374169
vt 0.877806 0.364629
vt 0.872570 0.370086
vt 0.864131 0.351218
vt 0.870405 0.349591
vt 0.863492 0.336286
vt 0.867246 0.337728
vt 0.865019 0.329000
vt 0.865451 0.329167
vt 0.865082 0.326392
vt 0.865320 0.326547
vt 0.870575 0.326894
vt 0.868442 0.324278
vt 0.880686 0.321696
vt 0.876873 0.316681
vt 0.894803 0.317147
vt 0.891463 0.308409
vt 0.912116 0.313685
vt 0.905718 0.304149
vt 0.883108 0.331221
vt 0.895440 0.325927
vt 0.872965 0.335519
vt 0.912848 0.325070
vt 0.897222 0.345975
vt 0.883455 0.346596
vt 0.875278 0.348371
vt 0.913268 0.346902
vt 0.885763 0.359472
vt 0.894793 0.360101
vt 0.881795 0.360954
vt 0.916602 0.302251
vt 0.913203 0.358500
vt 0.905463 0.297797
vt 0.916890 0.294950
vt 0.928141 0.293338
vt 0.939201 0.295960
vt 0.950449 0.299435
vt 0.960524 0.303211
vt 0.969534 0.307580
vt 0.976610 0.313177
vt 0.982979 0.319410
vt 0.988156 0.325175
vt 0.989714 0.327711
vt 0.990438 0.329331
vt 0.975423 0.299436
vt 0.983297 0.307771
vt 0.987988 0.315373
vt 0.991279 0.321905
vt 0.992790 0.326110
vt 0.992824 0.327288
vt 0.965262 0.292430
vt 0.953546 0.285997
vt 0.940941 0.282056
vt 0.928554 0.280340
vt 0.916129 0.281037
vt 0.903859 0.283986
vt 0.891082 0.289715
vt 0.895026 0.300606
vt 0.885721 0.304357
vt 0.878209 0.309449
vt 0.870254 0.315144
vt 0.866695 0.320644
vt 0.864212 0.323347
vt 0.863630 0.324939
vt 0.872585 0.304404
vt 0.880930 0.295952
vt 0.867091 0.310782
vt 0.861551 0.321481
vt 0.862893 0.317387
vt 0.861763 0.323573
vt 0.035185 0.377680
vt 0.035185 0.374341
vt 0.038525 0.375237
vt 0.036914 0.377378
vt 0.037951 0.372375
vt 0.035185 0.372132
vt 0.038008 0.369213
vt 0.035185 0.368568
vt 0.041586 0.366898
vt 0.035185 0.366211
vt 0.039490 0.363543
vt 0.049126 0.362375
vt 0.046129 0.359721
vt 0.052485 0.357268
vt 0.048345 0.356023
vt 0.054041 0.347883
vt 0.049644 0.348190
vt 0.051771 0.340441
vt 0.049098 0.343662
vt 0.035185 0.334538
vt 0.035185 0.338284
vt 0.035185 0.364245
vt 0.035185 0.346517
vt 0.035185 0.355646
vt 0.018599 0.340441
vt 0.021272 0.343662
vt 0.020726 0.348190
vt 0.016329 0.347883
vt 0.022025 0.356023
vt 0.017885 0.357268
vt 0.024241 0.359721
vt 0.021244 0.362375
vt 0.030880 0.363543
vt 0.028784 0.366898
vt 0.032362 0.369213
vt 0.032419 0.372375
vt 0.031868 0.375223
vt 0.033456 0.377378
vt 0.306021 0.304603
vt 0.336535 0.276038
vt 0.338465 0.303106
vt 0.364847 0.271489
vt 0.397897 0.265877
vt 0.400623 0.292067
vt 0.365354 0.297824
vt 0.304445 0.332742
vt 0.335307 0.341864
vt 0.299329 0.360705
vt 0.268075 0.358410
vt 0.268778 0.330987
vt 0.271378 0.390692
vt 0.232560 0.356725
vt 0.233821 0.386569
vt 0.235282 0.414938
vt 0.279383 0.423081
vt 0.271203 0.445337
vt 0.232624 0.439328
vt 0.300181 0.436820
vt 0.293366 0.454657
vt 0.315609 0.449750
vt 0.311321 0.463541
vt 0.311399 0.422716
vt 0.296758 0.395792
vt 0.325089 0.440835
vt 0.197731 0.411497
vt 0.196123 0.436214
vt 0.160933 0.435775
vt 0.162254 0.410219
vt 0.122831 0.438417
vt 0.118203 0.410265
vt 0.128433 0.382797
vt 0.166162 0.382639
vt 0.091173 0.425952
vt 0.095311 0.444332
vt 0.074297 0.437603
vt 0.077215 0.451826
vt 0.080867 0.410800
vt 0.099022 0.386619
vt 0.066173 0.427817
vt 0.199030 0.383963
vt 0.075356 0.380111
vt 0.066855 0.402521
vt 0.054044 0.421041
vt 0.168344 0.352793
vt 0.199992 0.354681
vt 0.098412 0.350817
vt 0.075354 0.352583
vt 0.132319 0.350833
vt 0.096648 0.320363
vt 0.134141 0.321619
vt 0.169740 0.325259
vt 0.201180 0.327503
vt 0.067224 0.324401
vt 0.232865 0.329266
vt 0.135097 0.294909
vt 0.171122 0.299533
vt 0.173088 0.275946
vt 0.137504 0.272293
vt 0.101732 0.267608
vt 0.106217 0.245997
vt 0.139317 0.250756
vt 0.077134 0.240670
vt 0.176115 0.255087
vt 0.049642 0.229727
vt 0.017006 0.216701
vt 0.012622 0.240304
vt 0.047033 0.251041
vt 0.072278 0.260152
vt 0.097406 0.290303
vt 0.069351 0.284972
vt 0.009856 0.269047
vt 0.043269 0.277716
vt 0.041780 0.305079
vt 0.007345 0.295494
vt 0.708286 0.404999
vt 0.711562 0.405968
vt 0.718153 0.402477
vt 0.715508 0.408004
vt 0.704402 0.407564
vt 0.702193 0.404074
vt 0.702081 0.402061
vt 0.694256 0.404409
vt 0.694259 0.401263
vt 0.686794 0.404882
vt 0.688787 0.411039
vt 0.699470 0.411685
vt 0.677700 0.411302
vt 0.679388 0.419214
vt 0.691556 0.418140
vt 0.677200 0.405183
vt 0.686662 0.401056
vt 0.677003 0.400732
vt 0.665276 0.410924
vt 0.665741 0.404558
vt 0.648369 0.410690
vt 0.648788 0.420491
vt 0.632460 0.420984
vt 0.632037 0.410633
vt 0.648365 0.404755
vt 0.665777 0.399593
vt 0.647788 0.398908
vt 0.631640 0.405537
vt 0.631206 0.399217
vt 0.666260 0.419275
vt 0.614764 0.400084
vt 0.615326 0.406504
vt 0.596920 0.402081
vt 0.598263 0.408052
vt 0.615632 0.411728
vt 0.615928 0.421567
vt 0.598678 0.412715
vt 0.586864 0.408725
vt 0.586626 0.414610
vt 0.598647 0.422050
vt 0.586113 0.403982
vt 0.576785 0.405226
vt 0.577177 0.409303
vt 0.576326 0.415698
vt 0.585883 0.422542
vt 0.574549 0.423009
vt 0.569517 0.409622
vt 0.567637 0.416470
vt 0.569874 0.406381
vt 0.562716 0.407562
vt 0.561986 0.409547
vt 0.559313 0.413947
vt 0.559418 0.415481
vt 0.564018 0.421361
vt 0.556410 0.418189
vt 0.584996 0.432876
vt 0.598486 0.431430
vt 0.597172 0.447988
vt 0.616723 0.448127
vt 0.615881 0.430164
vt 0.633587 0.449245
vt 0.632536 0.429567
vt 0.650174 0.446500
vt 0.649944 0.428762
vt 0.666970 0.428890
vt 0.669607 0.445713
vt 0.681400 0.428995
vt 0.683418 0.445437
vt 0.699887 0.445563
vt 0.695746 0.428857
vt 0.584457 0.449765
vt 0.704123 0.464793
vt 0.725591 0.461852
vt 0.740822 0.489229
vt 0.754740 0.466441
vt 0.704966 0.487641
vt 0.731119 0.512444
vt 0.703608 0.510860
vt 0.725619 0.535583
vt 0.701086 0.534673
vt 0.685003 0.534104
vt 0.687313 0.512490
vt 0.681942 0.557297
vt 0.659566 0.559407
vt 0.660724 0.534693
vt 0.636736 0.535205
vt 0.637557 0.560111
vt 0.612942 0.535897
vt 0.615713 0.560887
vt 0.591826 0.536177
vt 0.597442 0.559799
vt 0.577895 0.560016
vt 0.571350 0.536788
vt 0.567645 0.515864
vt 0.547389 0.542028
vt 0.539161 0.519835
vt 0.586962 0.515278
vt 0.555454 0.565350
vt 0.564590 0.492968
vt 0.527825 0.497410
vt 0.582719 0.493234
vt 0.598918 0.493465
vt 0.611644 0.517884
vt 0.619120 0.492468
vt 0.636110 0.516771
vt 0.635683 0.490997
vt 0.650830 0.491290
vt 0.660593 0.516101
vt 0.671121 0.490721
vt 0.688525 0.489501
vt 0.687161 0.465302
vt 0.651323 0.467533
vt 0.670399 0.467279
vt 0.634358 0.467521
vt 0.617206 0.468872
vt 0.598015 0.470149
vt 0.581698 0.469260
vt 0.566677 0.469532
vt 0.542813 0.469090
vt 0.513048 0.476883
vt 0.526905 0.454603
vt 0.513749 0.443500
vt 0.494251 0.460822
vt 0.501894 0.432700
vt 0.480539 0.452388
vt 0.486952 0.427417
vt 0.470897 0.443578
vt 0.500052 0.403427
vt 0.462427 0.432894
vt 0.478543 0.416317
vt 0.487980 0.397731
vt 0.503218 0.376803
vt 0.489603 0.369018
vt 0.511011 0.358710
vt 0.497072 0.344463
vt 0.525337 0.344897
vt 0.513898 0.329229
vt 0.484319 0.326723
vt 0.502243 0.310138
vt 0.538121 0.318371
vt 0.530313 0.298789
vt 0.548685 0.337982
vt 0.470720 0.303221
vt 0.494992 0.290192
vt 0.523387 0.274996
vt 0.471157 0.341853
vt 0.556124 0.293171
vt 0.561450 0.313706
vt 0.580526 0.290734
vt 0.584512 0.311822
vt 0.604553 0.290093
vt 0.602580 0.266524
vt 0.626245 0.265930
vt 0.627489 0.290040
vt 0.650335 0.288496
vt 0.649851 0.264547
vt 0.674377 0.286572
vt 0.674945 0.262865
vt 0.649537 0.309017
vt 0.628054 0.309978
vt 0.648019 0.327079
vt 0.668438 0.327046
vt 0.672282 0.308237
vt 0.628476 0.328127
vt 0.694748 0.307958
vt 0.698030 0.285942
vt 0.689314 0.328940
vt 0.729584 0.267932
vt 0.758925 0.278175
vt 0.700592 0.263298
vt 0.577469 0.267121
vt 0.551540 0.269792
vt 0.444250 0.320094
vt 0.402785 0.313398
vt 0.365300 0.323223
vt 0.322622 0.368228
vt 0.319795 0.393767
vt 0.326464 0.416392
vt 0.338092 0.435416
vt 0.786907 0.327437
vt 0.606777 0.310801
vt 0.609282 0.328634
vt 0.588814 0.330078
vt 0.567918 0.333663
vt 0.538336 0.440398
vt 0.547658 0.427493
vt 0.552148 0.447829
vt 0.558283 0.431805
vt 0.571756 0.432720
vt 0.568988 0.449635
vt 0.330977 0.718656
vt 0.333854 0.707369
vt 0.353760 0.708177
vt 0.352800 0.725414
vt 0.381681 0.722118
vt 0.378314 0.707963
vt 0.402171 0.707624
vt 0.404970 0.721082
vt 0.308485 0.713531
vt 0.309241 0.702557
vt 0.280335 0.697832
vt 0.282373 0.692300
vt 0.426738 0.706046
vt 0.429031 0.721148
vt 0.451840 0.704569
vt 0.452590 0.721576
vt 0.476191 0.703620
vt 0.477844 0.721390
vt 0.498293 0.702395
vt 0.502773 0.716950
vt 0.518403 0.699421
vt 0.525496 0.711319
vt 0.544838 0.697674
vt 0.538683 0.688207
vt 0.568005 0.676850
vt 0.572131 0.681665
vt 0.538616 0.671161
vt 0.562869 0.663375
vt 0.531462 0.641876
vt 0.555460 0.635057
vt 0.524635 0.613754
vt 0.547853 0.606674
vt 0.503755 0.619195
vt 0.509665 0.648129
vt 0.484767 0.623123
vt 0.489873 0.652283
vt 0.465610 0.626042
vt 0.469596 0.654920
vt 0.444742 0.628352
vt 0.447382 0.657197
vt 0.421850 0.630134
vt 0.423512 0.658837
vt 0.398153 0.631071
vt 0.399008 0.660140
vt 0.377407 0.631174
vt 0.376453 0.660585
vt 0.358063 0.630383
vt 0.356408 0.660185
vt 0.339365 0.628746
vt 0.336536 0.657672
vt 0.317305 0.625351
vt 0.313800 0.654374
vt 0.294003 0.620807
vt 0.289318 0.649988
vt 0.425566 0.688883
vt 0.399574 0.690005
vt 0.376262 0.690561
vt 0.354656 0.690718
vt 0.333174 0.688468
vt 0.309425 0.685261
vt 0.284476 0.678711
vt 0.341225 0.610272
vt 0.359174 0.611987
vt 0.343372 0.591967
vt 0.360893 0.593888
vt 0.378133 0.613134
vt 0.378732 0.594736
vt 0.398168 0.612869
vt 0.398718 0.594308
vt 0.420672 0.611454
vt 0.419559 0.592871
vt 0.323429 0.588033
vt 0.320131 0.606842
vt 0.302107 0.582573
vt 0.297677 0.602000
vt 0.442892 0.610209
vt 0.440674 0.591980
vt 0.463066 0.608314
vt 0.460465 0.590356
vt 0.481440 0.605365
vt 0.477735 0.587579
vt 0.499953 0.601123
vt 0.495642 0.583378
vt 0.519668 0.595423
vt 0.514469 0.576970
vt 0.541963 0.588517
vt 0.535451 0.569632
vt 0.407670 0.519788
vt 0.393585 0.522450
vt 0.389887 0.504809
vt 0.398228 0.501122
vt 0.379993 0.505770
vt 0.381013 0.525348
vt 0.368884 0.504604
vt 0.368180 0.524181
vt 0.361198 0.504162
vt 0.357499 0.522287
vt 0.350455 0.499797
vt 0.342150 0.517309
vt 0.342877 0.495846
vt 0.330796 0.512569
vt 0.417781 0.549421
vt 0.397623 0.552585
vt 0.418585 0.576419
vt 0.398617 0.577421
vt 0.380686 0.553709
vt 0.379419 0.577827
vt 0.365266 0.553355
vt 0.362691 0.577170
vt 0.350613 0.551101
vt 0.346032 0.574919
vt 0.334306 0.546834
vt 0.327360 0.571134
vt 0.315851 0.540022
vt 0.306868 0.565008
vt 0.438833 0.575302
vt 0.437129 0.550346
vt 0.457973 0.573809
vt 0.454470 0.549825
vt 0.474101 0.571107
vt 0.468674 0.547736
vt 0.491122 0.567134
vt 0.483410 0.543829
vt 0.508679 0.560992
vt 0.499177 0.537875
vt 0.528608 0.552604
vt 0.516651 0.528460
vt 0.487774 0.510745
vt 0.498592 0.502031
vt 0.478570 0.493298
vt 0.484576 0.487262
vt 0.467453 0.497656
vt 0.474130 0.515932
vt 0.459706 0.499375
vt 0.462454 0.519853
vt 0.450159 0.502034
vt 0.451826 0.521068
vt 0.438858 0.501520
vt 0.437216 0.521362
vt 0.430585 0.499107
vt 0.423121 0.517575
vt 0.470279 0.487225
vt 0.477238 0.481316
vt 0.462901 0.484927
vt 0.435250 0.490042
vt 0.444608 0.491286
vt 0.449230 0.488294
vt 0.467082 0.476560
vt 0.442171 0.481705
vt 0.515809 0.677958
vt 0.494579 0.682232
vt 0.473426 0.684522
vt 0.450285 0.686949
vt 0.384234 0.495003
vt 0.392026 0.492643
vt 0.378159 0.492052
vt 0.384725 0.484767
vt 0.357151 0.493634
vt 0.364682 0.490396
vt 0.350273 0.488858
vt 0.359489 0.482507
vt 0.944545 0.760121
vt 0.923771 0.768912
vt 0.921127 0.750651
vt 0.942958 0.748977
vt 0.894410 0.766553
vt 0.896580 0.751722
vt 0.872651 0.752262
vt 0.870727 0.766909
vt 0.965537 0.753599
vt 0.966029 0.742235
vt 0.996292 0.739579
vt 0.993023 0.733203
vt 0.848323 0.752244
vt 0.846647 0.767918
vt 0.823014 0.752175
vt 0.823253 0.769150
vt 0.798826 0.752417
vt 0.797476 0.770065
vt 0.776601 0.751665
vt 0.772142 0.767462
vt 0.756085 0.750027
vt 0.749756 0.763054
vt 0.730344 0.748773
vt 0.734722 0.742524
vt 0.703852 0.732681
vt 0.697814 0.735301
vt 0.734490 0.724220
vt 0.710272 0.717941
vt 0.740249 0.694337
vt 0.716714 0.688899
vt 0.745559 0.664841
vt 0.722904 0.659452
vt 0.766489 0.669349
vt 0.762090 0.698683
vt 0.785746 0.672526
vt 0.782300 0.701635
vt 0.805180 0.674523
vt 0.802719 0.703579
vt 0.826344 0.675653
vt 0.824988 0.704816
vt 0.849190 0.676049
vt 0.849034 0.705334
vt 0.872140 0.675883
vt 0.873242 0.705102
vt 0.893349 0.674962
vt 0.895566 0.704093
vt 0.912697 0.673069
vt 0.915995 0.702289
vt 0.931915 0.670006
vt 0.936165 0.699424
vt 0.952863 0.665563
vt 0.958048 0.695037
vt 0.975566 0.660226
vt 0.981576 0.689540
vt 0.848881 0.735286
vt 0.874142 0.735021
vt 0.897504 0.733925
vt 0.919052 0.732355
vt 0.940723 0.729685
vt 0.964014 0.725185
vt 0.987926 0.718292
vt 0.929031 0.651973
vt 0.910456 0.655123
vt 0.925759 0.633803
vt 0.907961 0.636980
vt 0.891770 0.656950
vt 0.890027 0.638713
vt 0.871327 0.657751
vt 0.870422 0.639279
vt 0.849273 0.657790
vt 0.849324 0.639138
vt 0.945076 0.628925
vt 0.949285 0.647328
vt 0.965887 0.622669
vt 0.971229 0.641615
vt 0.827229 0.657534
vt 0.828265 0.639095
vt 0.806811 0.656564
vt 0.808672 0.638372
vt 0.788095 0.654628
vt 0.790693 0.636522
vt 0.769477 0.651365
vt 0.772888 0.633221
vt 0.749273 0.646615
vt 0.753584 0.628229
vt 0.727362 0.640785
vt 0.732840 0.621833
vt 0.857212 0.564483
vt 0.864935 0.545631
vt 0.874803 0.549202
vt 0.871448 0.567764
vt 0.884722 0.550122
vt 0.884755 0.568771
vt 0.894082 0.548423
vt 0.897023 0.567834
vt 0.903512 0.547324
vt 0.908735 0.565232
vt 0.912669 0.543572
vt 0.921299 0.560387
vt 0.921135 0.537390
vt 0.933892 0.553251
vt 0.849467 0.595699
vt 0.868665 0.597464
vt 0.849386 0.621605
vt 0.869612 0.622169
vt 0.885940 0.597885
vt 0.888340 0.621933
vt 0.901460 0.596653
vt 0.905422 0.620383
vt 0.916612 0.593550
vt 0.922296 0.617179
vt 0.932690 0.588251
vt 0.940515 0.612064
vt 0.949665 0.580765
vt 0.960038 0.605179
vt 0.829188 0.621996
vt 0.830280 0.597306
vt 0.810464 0.621628
vt 0.813005 0.597624
vt 0.793332 0.619969
vt 0.797494 0.596297
vt 0.776468 0.616635
vt 0.782350 0.593053
vt 0.758290 0.611394
vt 0.766324 0.587643
vt 0.738822 0.604366
vt 0.749387 0.580007
vt 0.777945 0.559877
vt 0.765382 0.552581
vt 0.786594 0.543076
vt 0.778258 0.536830
vt 0.795811 0.546896
vt 0.790428 0.564842
vt 0.805265 0.548069
vt 0.802140 0.567506
vt 0.814538 0.549789
vt 0.814290 0.568524
vt 0.824583 0.548984
vt 0.827766 0.567560
vt 0.834292 0.545537
vt 0.841962 0.564428
vt 0.793552 0.535936
vt 0.800446 0.533726
vt 0.820049 0.539979
vt 0.814203 0.535864
vt 0.828686 0.537076
vt 0.795765 0.525164
vt 0.786169 0.530514
vt 0.821227 0.529072
vt 0.757584 0.728974
vt 0.779184 0.731514
vt 0.800360 0.733259
vt 0.823779 0.734597
vt 0.870678 0.537249
vt 0.879334 0.540237
vt 0.885199 0.536135
vt 0.878206 0.529309
vt 0.898989 0.534113
vt 0.905824 0.536336
vt 0.913238 0.531000
vt 0.903700 0.525555
vt 0.874407 0.432991
vt 0.884332 0.431669
vt 0.886579 0.446552
vt 0.874108 0.447503
vt 0.874252 0.419858
vt 0.887028 0.418975
vt 0.895475 0.427633
vt 0.900050 0.442115
vt 0.914047 0.435500
vt 0.904382 0.422807
vt 0.889464 0.412659
vt 0.895460 0.402510
vt 0.916889 0.414888
vt 0.927900 0.427109
vt 0.864247 0.431193
vt 0.862740 0.419524
vt 0.854393 0.427670
vt 0.845041 0.421455
vt 0.859788 0.411730
vt 0.853678 0.401299
vt 0.834921 0.412248
vt 0.822488 0.425132
vt 0.835687 0.435976
vt 0.848881 0.442454
vt 0.861849 0.446071
vt 0.873649 0.398262
vt 0.874481 0.411058
vt 0.810773 0.439848
vt 0.827418 0.450768
vt 0.843553 0.456714
vt 0.859118 0.460598
vt 0.874087 0.463766
vt 0.888588 0.462191
vt 0.904297 0.457712
vt 0.920229 0.450146
vt 0.935586 0.441896
vt 0.741008 0.447702
vt 0.716227 0.441944
vt 0.730156 0.434335
vt 0.719780 0.422071
vt 0.709537 0.427026
vt 0.702953 0.416817
vt 0.707501 0.408771
vt 0.710110 0.412023
vt 0.937439 0.141671
vt 0.941321 0.142516
vt 0.939032 0.143751
vt 0.930754 0.139114
vt 0.931637 0.145315
vt 0.917507 0.139572
vt 0.918910 0.148912
vt 0.900449 0.148359
vt 0.904914 0.157805
vt 0.935152 0.158617
vt 0.921860 0.162445
vt 0.939605 0.174341
vt 0.924402 0.178625
vt 0.909740 0.164971
vt 0.908292 0.180740
vt 0.925586 0.195490
vt 0.907935 0.197040
vt 0.943381 0.192384
vt 0.944170 0.205134
vt 0.925967 0.205269
vt 0.908072 0.205374
vt 0.893511 0.180971
vt 0.885819 0.171092
vt 0.881041 0.182773
vt 0.883475 0.189569
vt 0.879671 0.190652
vt 0.880539 0.197875
vt 0.884439 0.198627
vt 0.882241 0.203002
vt 0.885970 0.205502
vt 0.882655 0.205521
vt 0.880757 0.200554
vt 0.878125 0.186378
vt 0.892485 0.205464
vt 0.891894 0.198124
vt 0.879318 0.205540
vt 0.879165 0.203848
vt 0.877448 0.205551
vt 0.877021 0.203861
vt 0.877946 0.200593
vt 0.874751 0.201014
vt 0.875065 0.204410
vt 0.872770 0.203545
vt 0.872027 0.205582
vt 0.875172 0.205564
vt 0.879184 0.207234
vt 0.877041 0.207246
vt 0.878003 0.210503
vt 0.874804 0.210119
vt 0.875079 0.206720
vt 0.872793 0.207611
vt 0.880815 0.210510
vt 0.882270 0.208044
vt 0.880627 0.213191
vt 0.884518 0.212394
vt 0.883659 0.221462
vt 0.879843 0.220424
vt 0.881304 0.228286
vt 0.878347 0.224715
vt 0.891979 0.212811
vt 0.893797 0.229944
vt 0.886216 0.239911
vt 0.901105 0.262474
vt 0.905463 0.252978
vt 0.919560 0.261729
vt 0.918248 0.271069
vt 0.932220 0.264951
vt 0.935692 0.251822
vt 0.922358 0.248150
vt 0.940566 0.236111
vt 0.924765 0.231922
vt 0.910208 0.245758
vt 0.908714 0.230017
vt 0.925703 0.215054
vt 0.908035 0.213710
vt 0.943679 0.218001
vt 0.931506 0.271354
vt 0.939622 0.266608
vt 0.938383 0.269019
vt 0.941645 0.269171
vt 0.942451 0.266506
vt 0.945011 0.269367
vt 0.946501 0.266386
vt 0.947329 0.255642
vt 0.952738 0.257541
vt 0.955324 0.241458
vt 0.960235 0.242574
vt 0.967183 0.222151
vt 0.959390 0.221024
vt 0.962408 0.205292
vt 0.969221 0.204991
vt 0.966195 0.188031
vt 0.959662 0.189101
vt 0.953290 0.169641
vt 0.962003 0.171078
vt 0.958953 0.163264
vt 0.953958 0.155721
vt 0.946434 0.154803
vt 0.950076 0.149740
vt 0.945811 0.143908
vt 0.943935 0.141031
vt 0.980757 0.188113
vt 0.983095 0.205192
vt 0.973522 0.170606
vt 0.960924 0.152136
vt 0.966974 0.160378
vt 0.949043 0.142305
vt 0.955195 0.146594
vt 0.945637 0.139206
vt 0.940726 0.156573
vt 0.945440 0.172030
vt 0.949002 0.191176
vt 0.951987 0.205627
vt 0.949002 0.219287
vt 0.947354 0.239211
vt 0.941953 0.254010
vt 0.944353 0.270380
vt 0.945652 0.272374
vt 0.945311 0.270586
vt 0.949098 0.268359
vt 0.955609 0.263533
vt 0.961090 0.257885
vt 0.967268 0.249524
vt 0.973669 0.239135
vt 0.980808 0.221903
vt 0.607535 0.604881
vt 0.602426 0.581977
vt 0.618704 0.581308
vt 0.622471 0.604122
vt 0.638200 0.579558
vt 0.638627 0.603469
vt 0.591661 0.605832
vt 0.584357 0.583657
vt 0.562985 0.588034
vt 0.572651 0.609332
vt 0.610680 0.628055
vt 0.624933 0.627554
vt 0.627628 0.651961
vt 0.615871 0.652882
vt 0.639413 0.626934
vt 0.640021 0.651162
vt 0.597546 0.628794
vt 0.604404 0.653939
vt 0.580750 0.630192
vt 0.588921 0.655122
vt 0.640672 0.674610
vt 0.631119 0.675000
vt 0.641004 0.691270
vt 0.632436 0.690393
vt 0.637660 0.702183
vt 0.629868 0.699567
vt 0.629829 0.715009
vt 0.622020 0.710601
vt 0.612351 0.701877
vt 0.619770 0.693598
vt 0.622897 0.687120
vt 0.620880 0.676528
vt 0.606337 0.694412
vt 0.615200 0.688643
vt 0.598673 0.679921
vt 0.611036 0.677720
vt 0.232771 0.652135
vt 0.248843 0.660663
vt 0.238837 0.690594
vt 0.224443 0.681439
vt 0.220170 0.646937
vt 0.213925 0.676308
vt 0.198308 0.670046
vt 0.202040 0.641819
vt 0.240954 0.626052
vt 0.258707 0.635803
vt 0.247193 0.602227
vt 0.229028 0.596563
vt 0.225324 0.620219
vt 0.235252 0.568931
vt 0.211015 0.564060
vt 0.207165 0.591688
vt 0.255138 0.574696
vt 0.267784 0.609784
vt 0.276963 0.583689
vt 0.205277 0.615071
vt 0.186425 0.667053
vt 0.187157 0.639399
vt 0.188637 0.589441
vt 0.188075 0.612848
vt 0.189655 0.561663
vt 0.172158 0.640727
vt 0.174235 0.669100
vt 0.153437 0.644350
vt 0.157915 0.674278
vt 0.146939 0.678766
vt 0.140667 0.648895
vt 0.131845 0.687064
vt 0.123849 0.656351
vt 0.134943 0.622083
vt 0.115958 0.630577
vt 0.129951 0.597232
vt 0.147846 0.593370
vt 0.150123 0.617621
vt 0.124475 0.568643
vt 0.101650 0.576617
vt 0.108924 0.603391
vt 0.143692 0.565094
vt 0.169972 0.590225
vt 0.168231 0.562196
vt 0.170922 0.613801
vt 0.093847 0.550532
vt 0.119587 0.542008
vt 0.111513 0.517244
vt 0.133997 0.512840
vt 0.139587 0.538846
vt 0.085782 0.526801
vt 0.163260 0.510299
vt 0.165973 0.536242
vt 0.191785 0.510039
vt 0.190783 0.535847
vt 0.215363 0.538245
vt 0.220400 0.512825
vt 0.241909 0.543143
vt 0.250384 0.518328
vt 0.262949 0.549317
vt 0.270804 0.523657
vt 0.286846 0.558806
vt 0.296283 0.535993
vt 0.259911 0.491513
vt 0.279336 0.497566
vt 0.303461 0.511516
vt 0.225435 0.486187
vt 0.192753 0.483564
vt 0.160817 0.483734
vt 0.129206 0.486753
vt 0.104398 0.491240
vt 0.080541 0.501704
vt 0.100613 0.468325
vt 0.077288 0.476095
vt 0.125642 0.462847
vt 0.160168 0.459654
vt 0.194365 0.459761
vt 0.228767 0.462703
vt 0.265162 0.469924
vt 0.286638 0.477115
vt 0.307874 0.486857
vt 0.188547 0.740508
vt 0.196519 0.736202
vt 0.202466 0.747077
vt 0.195122 0.752034
vt 0.184243 0.728612
vt 0.193868 0.727575
vt 0.212591 0.739019
vt 0.205693 0.729868
vt 0.202437 0.725348
vt 0.193836 0.716855
vt 0.184762 0.715132
vt 0.195501 0.699176
vt 0.185258 0.696291
vt 0.204439 0.719606
vt 0.218642 0.731887
vt 0.210055 0.723687
vt 0.227423 0.717769
vt 0.216182 0.708887
vt 0.207936 0.704181
vt 0.175048 0.698500
vt 0.175429 0.716219
vt 0.174722 0.727019
vt 0.171954 0.735366
vt 0.179462 0.740312
vt 0.165353 0.746035
vt 0.172189 0.751427
vt 0.155655 0.737223
vt 0.163012 0.728619
vt 0.166290 0.724329
vt 0.164696 0.718013
vt 0.150011 0.730007
vt 0.159175 0.722089
vt 0.141880 0.714947
vt 0.153745 0.706697
vt 0.162221 0.702536
vt 0.672789 0.602732
vt 0.654988 0.602905
vt 0.657918 0.580020
vt 0.678559 0.579691
vt 0.685714 0.603165
vt 0.692080 0.579950
vt 0.713197 0.582863
vt 0.704727 0.605252
vt 0.669193 0.626352
vt 0.653828 0.626766
vt 0.652463 0.651202
vt 0.665055 0.651277
vt 0.681428 0.626350
vt 0.675837 0.651831
vt 0.698175 0.626760
vt 0.691432 0.652404
vt 0.649929 0.674535
vt 0.649570 0.690057
vt 0.644819 0.701954
vt 0.652397 0.698981
vt 0.653300 0.714539
vt 0.660691 0.709648
vt 0.670134 0.700475
vt 0.662298 0.692613
vt 0.658808 0.686121
vt 0.675521 0.692837
vt 0.666484 0.687559
vt 0.682733 0.677690
vt 0.670335 0.675977
vt 0.661221 0.675380
vt 0.696553 0.557490
vt 0.719304 0.559592
vt 0.945837 0.137187
vt 0.943827 0.140481
vt 0.460131 0.032309
vt 0.444111 0.029917
vt 0.449343 0.041434
vt 0.461572 0.041212
vt 0.458179 0.024072
vt 0.447138 0.023165
vt 0.446859 0.048497
vt 0.437379 0.047649
vt 0.437561 0.043767
vt 0.458199 0.049845
vt 0.446671 0.017388
vt 0.437709 0.015641
vt 0.437584 0.018661
vt 0.457211 0.017001
vt 0.476733 0.041493
vt 0.475466 0.033500
vt 0.473827 0.050989
vt 0.488682 0.046058
vt 0.483856 0.034157
vt 0.489514 0.041777
vt 0.494956 0.046696
vt 0.495950 0.042493
vt 0.495408 0.041469
vt 0.494961 0.034485
vt 0.490991 0.024765
vt 0.489126 0.021385
vt 0.495537 0.021286
vt 0.492982 0.018109
vt 0.473911 0.024613
vt 0.496064 0.026243
vt 0.487798 0.016415
vt 0.472628 0.017117
vt 0.487562 0.052368
vt 0.432279 0.038506
vt 0.435594 0.039718
vt 0.436248 0.030129
vt 0.432685 0.023224
vt 0.436212 0.022183
vt 0.433935 0.045264
vt 0.432271 0.040945
vt 0.432792 0.020761
vt 0.434788 0.017436
vt 0.436186 0.018048
vt 0.045624 0.702258
vt 0.035985 0.691481
vt 0.039948 0.688945
vt 0.048613 0.698621
vt 0.057951 0.709695
vt 0.059718 0.705293
vt 0.072168 0.712999
vt 0.072444 0.708147
vt 0.086665 0.711326
vt 0.085413 0.706748
vt 0.099852 0.705374
vt 0.097272 0.701425
vt 0.110560 0.695697
vt 0.106900 0.692735
vt 0.117776 0.683218
vt 0.113388 0.681524
vt 0.120814 0.669135
vt 0.116119 0.668870
vt 0.119384 0.654800
vt 0.114833 0.655988
vt 0.113622 0.641586
vt 0.109651 0.644116
vt 0.104073 0.630763
vt 0.101064 0.634396
vt 0.091642 0.623362
vt 0.089881 0.627770
vt 0.077426 0.620065
vt 0.077152 0.624917
vt 0.062930 0.621739
vt 0.064183 0.626317
vt 0.049744 0.627690
vt 0.052324 0.631640
vt 0.039036 0.637368
vt 0.042696 0.640330
vt 0.031821 0.649847
vt 0.036209 0.651541
vt 0.028783 0.663930
vt 0.033478 0.664195
vt 0.030214 0.678266
vt 0.034765 0.677076
vt 0.074798 0.666532
vt 0.127394 0.043368
vt 0.152344 0.072311
vt 0.142089 0.078506
vt 0.130566 0.081448
vt 0.118644 0.080564
vt 0.107578 0.076040
vt 0.098451 0.068317
vt 0.092158 0.058152
vt 0.089314 0.046540
vt 0.090197 0.034617
vt 0.094722 0.023551
vt 0.102445 0.014425
vt 0.112610 0.008131
vt 0.124222 0.005287
vt 0.136145 0.006171
vt 0.147211 0.010695
vt 0.156337 0.018418
vt 0.162630 0.028583
vt 0.165475 0.040195
vt 0.164591 0.052118
vt 0.160066 0.063184
vt 0.087053 0.595051
vt 0.083001 0.592656
vt 0.087834 0.580599
vt 0.092426 0.581626
vt 0.078013 0.606256
vt 0.074847 0.602723
vt 0.065782 0.614223
vt 0.063864 0.609758
vt 0.051587 0.617609
vt 0.051199 0.612878
vt 0.037160 0.616526
vt 0.038234 0.611932
vt 0.023788 0.611095
vt 0.026214 0.607059
vt 0.012740 0.601836
vt 0.016284 0.598743
vt 0.005069 0.589641
vt 0.009390 0.587786
vt 0.001510 0.575681
vt 0.006193 0.575242
vt 0.002406 0.561294
vt 0.007002 0.562314
vt 0.007676 0.547858
vt 0.011747 0.550243
vt 0.016826 0.536653
vt 0.019989 0.540192
vt 0.029056 0.528692
vt 0.030973 0.533157
vt 0.043250 0.525306
vt 0.043638 0.530037
vt 0.057677 0.526389
vt 0.056603 0.530983
vt 0.071049 0.531820
vt 0.068623 0.535855
vt 0.082098 0.541078
vt 0.078554 0.544172
vt 0.089769 0.553273
vt 0.085448 0.555129
vt 0.093328 0.567235
vt 0.088644 0.567673
vt 0.047419 0.571457
vt 0.014943 0.071375
vt 0.040137 0.042148
vt 0.025298 0.077631
vt 0.036933 0.080602
vt 0.048973 0.079710
vt 0.060148 0.075141
vt 0.069364 0.067342
vt 0.075719 0.057077
vt 0.078591 0.045351
vt 0.077699 0.033311
vt 0.073129 0.022137
vt 0.065331 0.012921
vt 0.055066 0.006566
vt 0.043340 0.003694
vt 0.031300 0.004586
vt 0.020126 0.009155
vt 0.010910 0.016954
vt 0.004555 0.027219
vt 0.001683 0.038945
vt 0.002575 0.050984
vt 0.007144 0.062159
vt 0.209043 0.919178
vt 0.211578 0.918803
vt 0.214905 0.935891
vt 0.210158 0.936821
vt 0.217684 0.933590
vt 0.231554 0.943036
vt 0.231187 0.944031
vt 0.230430 0.946105
vt 0.212650 0.940777
vt 0.213128 0.918507
vt 0.211279 0.890653
vt 0.208921 0.890469
vt 0.249287 0.922068
vt 0.243633 0.916298
vt 0.212627 0.890809
vt 0.213938 0.865195
vt 0.211402 0.864820
vt 0.216033 0.842202
vt 0.218767 0.842902
vt 0.223648 0.825779
vt 0.220221 0.843271
vt 0.225094 0.826485
vt 0.233372 0.812130
vt 0.231358 0.809343
vt 0.220881 0.824519
vt 0.226790 0.807103
vt 0.188924 0.814907
vt 0.193195 0.798063
vt 0.215455 0.865415
vt 0.236255 0.869634
vt 0.242474 0.852350
vt 0.184533 0.834520
vt 0.180317 0.859957
vt 0.177230 0.888739
vt 0.234692 0.890197
vt 0.239434 0.908746
vt 0.175647 0.919234
vt 0.175071 0.936480
vt 0.322090 0.802175
vt 0.322316 0.798829
vt 0.327965 0.798637
vt 0.327848 0.802324
vt 0.327859 0.803800
vt 0.321896 0.803620
vt 0.297798 0.802278
vt 0.297842 0.803585
vt 0.325644 0.836247
vt 0.332320 0.832441
vt 0.335704 0.852889
vt 0.331233 0.852692
vt 0.333682 0.883270
vt 0.328987 0.882040
vt 0.320082 0.905764
vt 0.327104 0.909980
vt 0.315240 0.827314
vt 0.297060 0.820873
vt 0.316244 0.934258
vt 0.306922 0.921198
vt 0.297138 0.951417
vt 0.317718 0.950547
vt 0.317855 0.952195
vt 0.297148 0.954723
vt 0.318042 0.955627
vt 0.295318 0.988912
vt 0.270436 0.985162
vt 0.273473 0.953029
vt 0.317924 0.991918
vt 0.345104 0.934163
vt 0.345046 0.951286
vt 0.245464 0.981472
vt 0.249360 0.950035
vt 0.273604 0.950275
vt 0.292952 0.929100
vt 0.249770 0.947634
vt 0.258673 0.927928
vt 0.275220 0.931980
vt 0.225691 0.978932
vt 0.208334 0.976035
vt 0.345059 0.953403
vt 0.345063 0.957324
vt 0.344947 0.994655
vt 0.372273 0.952501
vt 0.372392 0.950851
vt 0.393097 0.952049
vt 0.393055 0.955382
vt 0.372079 0.955935
vt 0.394170 0.989535
vt 0.418909 0.986465
vt 0.416879 0.954338
vt 0.371754 0.992138
vt 0.374003 0.934483
vt 0.443745 0.983690
vt 0.441103 0.952323
vt 0.416834 0.951538
vt 0.383499 0.921379
vt 0.370120 0.905988
vt 0.363160 0.910164
vt 0.356901 0.884036
vt 0.361413 0.883154
vt 0.362548 0.856530
vt 0.358344 0.855218
vt 0.371643 0.839371
vt 0.365134 0.834526
vt 0.372221 0.805789
vt 0.378190 0.806101
vt 0.378134 0.804610
vt 0.402508 0.806396
vt 0.402394 0.807728
vt 0.372333 0.804287
vt 0.372507 0.800553
vt 0.378184 0.801206
vt 0.383210 0.830716
vt 0.402176 0.825189
vt 0.428256 0.809226
vt 0.428587 0.806545
vt 0.449925 0.811807
vt 0.450538 0.809328
vt 0.430380 0.777110
vt 0.451687 0.778514
vt 0.468697 0.812150
vt 0.467785 0.779051
vt 0.467526 0.817080
vt 0.465390 0.819648
vt 0.473992 0.833388
vt 0.472558 0.833991
vt 0.476731 0.832330
vt 0.472064 0.815200
vt 0.508067 0.824955
vt 0.504950 0.808481
vt 0.476277 0.850432
vt 0.477695 0.850155
vt 0.480364 0.849634
vt 0.479546 0.871979
vt 0.459323 0.874775
vt 0.454380 0.857908
vt 0.481016 0.871860
vt 0.483474 0.871653
vt 0.484301 0.896487
vt 0.482013 0.896509
vt 0.482447 0.924188
vt 0.480010 0.923665
vt 0.475819 0.940035
vt 0.480341 0.941181
vt 0.473223 0.937677
vt 0.459094 0.946234
vt 0.459411 0.947232
vt 0.460062 0.949313
vt 0.477837 0.944884
vt 0.478521 0.923275
vt 0.442743 0.924447
vt 0.448847 0.919153
vt 0.480701 0.896563
vt 0.513686 0.868827
vt 0.511135 0.844097
vt 0.459476 0.894558
vt 0.453583 0.912110
vt 0.514949 0.896726
vt 0.514670 0.926227
vt 0.514218 0.942902
vt 0.556483 0.889037
vt 0.545287 0.869444
vt 0.560910 0.867310
vt 0.565967 0.884202
vt 0.580662 0.866733
vt 0.581299 0.880947
vt 0.599571 0.867118
vt 0.597618 0.882594
vt 0.615975 0.867944
vt 0.610963 0.888860
vt 0.549919 0.894249
vt 0.533994 0.877637
vt 0.527711 0.890024
vt 0.544391 0.900768
vt 0.536880 0.917778
vt 0.523832 0.914955
vt 0.536175 0.937316
vt 0.523736 0.938819
vt 0.541291 0.953162
vt 0.525455 0.959968
vt 0.547540 0.962169
vt 0.529680 0.975762
vt 0.553394 0.967826
vt 0.537498 0.987368
vt 0.549623 0.993491
vt 0.560016 0.972294
vt 0.567744 0.994774
vt 0.570595 0.976597
vt 0.588906 0.977836
vt 0.589585 0.994404
vt 0.606184 0.971772
vt 0.611056 0.992753
vt 0.616775 0.991955
vt 0.634654 0.963895
vt 0.621213 0.959263
vt 0.629705 0.943141
vt 0.634655 0.944069
vt 0.630907 0.918908
vt 0.634664 0.918335
vt 0.634704 0.901116
vt 0.623642 0.901496
vt 0.634702 0.867994
vt 0.634656 0.991839
vt 0.638420 0.918913
vt 0.639605 0.943143
vt 0.645710 0.901512
vt 0.653429 0.867974
vt 0.648094 0.959265
vt 0.658408 0.888895
vt 0.671760 0.882649
vt 0.669831 0.867175
vt 0.688075 0.881024
vt 0.688732 0.866820
vt 0.703392 0.884298
vt 0.708469 0.867426
vt 0.712861 0.889141
vt 0.724075 0.869581
vt 0.719412 0.894356
vt 0.735344 0.877783
vt 0.741602 0.890167
vt 0.724926 0.900875
vt 0.732404 0.917875
vt 0.745439 0.915074
vt 0.733083 0.937389
vt 0.745503 0.938904
vt 0.727959 0.953209
vt 0.743765 0.960019
vt 0.721711 0.962199
vt 0.739535 0.975785
vt 0.715860 0.967847
vt 0.731723 0.987368
vt 0.719615 0.993477
vt 0.709243 0.972306
vt 0.701520 0.994754
vt 0.698676 0.976599
vt 0.680384 0.977834
vt 0.679705 0.994386
vt 0.659033 0.969248
vt 0.658250 0.992741
vt 0.652535 0.991948
vt 0.230525 0.804216
vt 0.233576 0.770651
vt 0.249964 0.771139
vt 0.249191 0.802456
vt 0.271654 0.771102
vt 0.271607 0.800909
vt 0.249667 0.805020
vt 0.249856 0.806023
vt 0.271805 0.803625
vt 0.271893 0.804682
vt 0.297691 0.799262
vt 0.297375 0.770624
vt 0.255302 0.834565
vt 0.249150 0.841558
vt 0.262867 0.828939
vt 0.276589 0.822885
vt 0.322661 0.769538
vt 0.330049 0.769362
vt 0.350250 0.798599
vt 0.350078 0.802585
vt 0.350004 0.804303
vt 0.348599 0.833544
vt 0.347061 0.854524
vt 0.345399 0.883699
vt 0.345196 0.909799
vt 0.351465 0.769341
vt 0.372777 0.771173
vt 0.380044 0.771968
vt 0.405037 0.774920
vt 0.402794 0.803362
vt 0.271800 0.769253
vt 0.297340 0.768798
vt 0.250230 0.769350
vt 0.233982 0.768832
vt 0.322516 0.767553
vt 0.330385 0.767401
vt 0.351545 0.767462
vt 0.372608 0.769204
vt 0.380346 0.770017
vt 0.405200 0.773117
vt 0.430357 0.775281
vt 0.451538 0.776742
vt 0.467500 0.777242
vt 0.245446 0.983476
vt 0.270214 0.987209
vt 0.294959 0.991017
vt 0.317776 0.994102
vt 0.225586 0.980824
vt 0.208259 0.978002
vt 0.345030 0.997805
vt 0.371876 0.994295
vt 0.394482 0.991627
vt 0.419068 0.988497
vt 0.443688 0.985670
vt 0.463397 0.983845
vt 0.463371 0.981973
vt 0.480605 0.981787
vt 0.480613 0.979844
vt 0.175313 0.888454
vt 0.178384 0.859768
vt 0.182642 0.834380
vt 0.187057 0.814673
vt 0.191279 0.797943
vt 0.173782 0.918887
vt 0.173197 0.936016
vt 0.449682 0.812775
vt 0.428129 0.810274
vt 0.442913 0.840278
vt 0.448533 0.847250
vt 0.435788 0.834543
vt 0.422557 0.828068
vt 0.397718 0.929524
vt 0.415834 0.932959
vt 0.432891 0.929715
vt 0.440812 0.949906
vt 0.515558 0.868760
vt 0.516813 0.896565
vt 0.512963 0.844074
vt 0.509879 0.824841
vt 0.506803 0.808480
vt 0.516490 0.926003
vt 0.516054 0.942564
vt 0.958166 0.962149
vt 0.957643 0.988853
vt 0.943751 0.988876
vt 0.943143 0.962095
vt 0.965053 0.962412
vt 0.964383 0.989088
vt 0.971803 0.962697
vt 0.971105 0.989366
vt 0.980370 0.963056
vt 0.979884 0.989738
vt 0.992987 0.963175
vt 0.993350 0.989797
vt 0.929394 0.989840
vt 0.927361 0.963094
vt 0.916742 0.991338
vt 0.913971 0.964650
vt 0.907909 0.992498
vt 0.905171 0.965812
vt 0.901092 0.993361
vt 0.898640 0.966716
vt 0.894291 0.994158
vt 0.892211 0.967438
vt 0.883196 0.995072
vt 0.882222 0.968333
vt 0.866971 0.994918
vt 0.868113 0.968167
vt 0.850859 0.992921
vt 0.853393 0.966406
vt 0.838795 0.990898
vt 0.841738 0.964510
vt 0.822933 0.988319
vt 0.825356 0.961863
vt 0.805359 0.986741
vt 0.805923 0.960188
vt 0.789871 0.987130
vt 0.788606 0.960615
vt 0.776269 0.988408
vt 0.774266 0.961778
vt 0.764708 0.989713
vt 0.762502 0.963195
vt 0.751011 0.991007
vt 0.749370 0.964431
vt 0.945984 0.923638
vt 0.959876 0.923661
vt 0.960400 0.950367
vt 0.945376 0.950420
vt 0.967287 0.950104
vt 0.966617 0.923426
vt 0.974037 0.949819
vt 0.973339 0.923148
vt 0.982605 0.949460
vt 0.982118 0.922776
vt 0.995222 0.949340
vt 0.995585 0.922716
vt 0.931626 0.922674
vt 0.929593 0.949422
vt 0.918974 0.921176
vt 0.916203 0.947865
vt 0.910141 0.920016
vt 0.907402 0.946703
vt 0.903324 0.919153
vt 0.900871 0.945798
vt 0.896523 0.918357
vt 0.894442 0.945077
vt 0.885428 0.917442
vt 0.884453 0.944181
vt 0.869202 0.917596
vt 0.870344 0.944347
vt 0.853091 0.919593
vt 0.855624 0.946107
vt 0.841027 0.921615
vt 0.843969 0.948002
vt 0.825166 0.924193
vt 0.827587 0.950649
vt 0.807593 0.925770
vt 0.808154 0.952322
vt 0.792105 0.925380
vt 0.790838 0.951894
vt 0.778504 0.924101
vt 0.776499 0.950729
vt 0.766943 0.922795
vt 0.764735 0.949311
vt 0.753247 0.921499
vt 0.751604 0.948074
vt 0.929894 0.875665
vt 0.935317 0.860096
vt 0.945022 0.863211
vt 0.939510 0.878871
vt 0.954994 0.866506
vt 0.949324 0.882213
vt 0.920512 0.872553
vt 0.925891 0.857109
vt 0.911211 0.869592
vt 0.916405 0.854219
vt 0.906497 0.851467
vt 0.901613 0.866800
vt 0.896100 0.848902
vt 0.891641 0.864225
vt 0.881653 0.861673
vt 0.885290 0.846395
vt 0.871510 0.859149
vt 0.874433 0.843869
vt 0.861097 0.857104
vt 0.863487 0.841775
vt 0.850251 0.855529
vt 0.852315 0.840103
vt 0.842112 0.854525
vt 0.843907 0.839108
vt 0.831625 0.853710
vt 0.832871 0.838209
vt 0.821255 0.853466
vt 0.821702 0.837798
vt 0.810724 0.853362
vt 0.810223 0.837400
vt 0.800209 0.853290
vt 0.799145 0.837155
vt 0.790053 0.853529
vt 0.788661 0.837261
vt 0.780301 0.854073
vt 0.778742 0.837701
vt 0.770511 0.854781
vt 0.768959 0.838300
vt 0.760451 0.855574
vt 0.758861 0.838981
vt 0.750117 0.856471
vt 0.748375 0.839807
vt 0.739681 0.857480
vt 0.737767 0.840776
vt 0.729337 0.858542
vt 0.727354 0.841831
vt 0.719259 0.859541
vt 0.717225 0.842851
vt 0.710214 0.843532
vt 0.712310 0.860206
vt 0.968989 0.889154
vt 0.974889 0.873447
vt 0.984465 0.876849
vt 0.978522 0.892531
vt 0.991102 0.879180
vt 0.985101 0.894837
vt 0.959208 0.885666
vt 0.965049 0.869960
vt 0.919768 0.837967
vt 0.904853 0.834592
vt 0.904139 0.839578
vt 0.918947 0.842825
vt 0.934984 0.841534
vt 0.933934 0.846286
vt 0.889575 0.836494
vt 0.890267 0.831389
vt 0.875113 0.833528
vt 0.875785 0.828390
vt 0.860148 0.830821
vt 0.860789 0.825655
vt 0.844443 0.828398
vt 0.845054 0.823244
vt 0.828418 0.826244
vt 0.829072 0.821022
vt 0.811998 0.824422
vt 0.812700 0.819003
vt 0.795188 0.823282
vt 0.795698 0.817738
vt 0.777503 0.823056
vt 0.777543 0.817322
vt 0.763796 0.823079
vt 0.763525 0.817250
vt 0.746087 0.823749
vt 0.745536 0.817840
vt 0.728226 0.825201
vt 0.727617 0.819350
vt 0.709759 0.827113
vt 0.709145 0.821216
vt 0.691152 0.829357
vt 0.690492 0.823316
vt 0.673072 0.832028
vt 0.672433 0.825865
vt 0.655521 0.835084
vt 0.654954 0.828836
vt 0.637713 0.838310
vt 0.637178 0.832117
vt 0.619355 0.841793
vt 0.618670 0.835687
vt 0.600493 0.845533
vt 0.599428 0.839490
vt 0.581366 0.849465
vt 0.579827 0.843476
vt 0.562276 0.853545
vt 0.560406 0.847440
vt 0.543573 0.857352
vt 0.541372 0.851271
vt 0.530627 0.860131
vt 0.528123 0.854005
vt 0.631471 0.803049
vt 0.649290 0.800277
vt 0.593228 0.809452
vt 0.612793 0.806058
vt 0.553773 0.817158
vt 0.573294 0.813222
vt 0.521251 0.823345
vt 0.534640 0.820912
vt 0.629667 0.797002
vt 0.647725 0.794158
vt 0.667050 0.797772
vt 0.685712 0.795687
vt 0.705433 0.794118
vt 0.725729 0.792865
vt 0.745079 0.791839
vt 0.764005 0.791603
vt 0.778393 0.792026
vt 0.796921 0.793260
vt 0.814697 0.795010
vt 0.832167 0.797304
vt 0.849427 0.799673
vt 0.865780 0.802190
vt 0.881167 0.805013
vt 0.895840 0.808020
vt 0.910469 0.811171
vt 0.925548 0.814458
vt 0.941006 0.817972
vt 0.950328 0.845288
vt 0.948936 0.849962
vt 0.965423 0.849055
vt 0.963757 0.853777
vt 0.980145 0.852765
vt 0.978181 0.857406
vt 0.990345 0.855438
vt 0.988042 0.860059
vt 0.971793 0.825573
vt 0.986634 0.829288
vt 0.997012 0.831747
vt 0.956615 0.821710
vt 0.927038 0.809686
vt 0.942330 0.813229
vt 0.972663 0.820550
vt 0.987173 0.824432
vt 0.997273 0.826549
vt 0.957671 0.816863
vt 0.987271 0.823782
vt 0.912042 0.806288
vt 0.897363 0.803036
vt 0.882482 0.799950
vt 0.866860 0.797084
vt 0.850386 0.794527
vt 0.833116 0.792048
vt 0.815479 0.789495
vt 0.797445 0.787502
vt 0.778762 0.785966
vt 0.763961 0.785478
vt 0.744764 0.785787
vt 0.725225 0.786930
vt 0.704940 0.788168
vt 0.685048 0.789641
vt 0.665954 0.791637
vt 0.591754 0.803449
vt 0.611037 0.800112
vt 0.572258 0.807044
vt 0.553013 0.810733
vt 0.534254 0.814417
vt 0.521254 0.816698
s 1
usemtl ElasticWaistband_c.001
f 3/1/1 2/2/2 1/3/3
f 4/4/4 1/3/3 2/2/2
f 1/3/3 5/5/5 3/1/1
f 8/6/6 7/7/7 6/8/8
f 7/7/7 8/6/6 9/9/9
f 9/9/9 10/10/10 7/7/7
f 13/11/11 12/12/12 11/13/13
f 14/14/14 13/11/11 11/13/13
f 11/13/13 15/15/15 14/14/14
f 15/15/15 16/16/16 14/14/14
f 12/12/12 13/11/11 17/17/17
f 18/18/18 12/12/12 17/17/17
f 17/17/17 19/19/19 18/18/18
f 19/19/19 20/20/20 18/18/18
f 12/12/12 21/21/21 11/13/13
f 11/13/13 21/21/21 15/15/15
f 21/21/21 22/22/22 15/15/15
f 18/18/18 23/23/23 12/12/12
f 23/23/23 24/24/24 12/12/12
f 25/25/25 24/24/24 23/23/23
f 26/26/26 25/25/25 23/23/23
f 26/26/26 23/23/23 27/27/27
f 27/27/27 23/23/23 18/18/18
f 20/20/20 27/27/27 18/18/18
f 28/28/28 26/26/26 27/27/27
f 25/25/25 29/29/29 24/24/24
f 29/29/29 30/30/30 24/24/24
f 29/29/29 31/31/31 30/30/30
f 31/31/31 32/32/32 30/30/30
f 26/26/26 33/33/33 25/25/25
f 33/33/33 34/34/34 25/25/25
f 25/25/25 34/34/34 29/29/29
f 1/35/3 34/34/34 33/33/33
f 5/36/5 1/35/3 33/33/33
f 5/36/5 33/33/33 35/37/35
f 35/37/35 33/33/33 26/26/26
f 28/28/28 35/37/35 26/26/26
f 3/38/1 5/36/5 35/37/35
f 1/35/3 4/39/4 34/34/34
f 4/39/4 36/40/36 34/34/34
f 34/34/34 36/40/36 29/29/29
f 29/29/29 36/40/36 31/31/31
f 4/39/4 2/41/2 36/40/36
f 2/41/2 37/42/37 36/40/36
f 36/40/36 37/42/37 31/31/31
f 30/30/30 32/32/32 38/43/38
f 30/30/30 38/43/38 12/12/12
f 24/24/24 30/30/30 12/12/12
f 32/32/32 39/44/39 38/43/38
f 12/12/12 38/43/38 21/21/21
f 38/43/38 39/44/39 22/22/22
f 21/21/21 38/43/38 22/22/22
f 40/45/40 19/46/19 16/47/16
f 15/48/15 40/45/40 16/47/16
f 40/45/40 20/49/20 19/46/19
f 15/48/15 22/50/22 40/45/40
f 40/45/40 27/51/27 20/49/20
f 32/52/32 27/51/27 40/45/40
f 28/53/28 27/51/27 32/52/32
f 31/54/31 28/53/28 32/52/32
f 31/54/31 37/55/37 28/53/28
f 37/55/37 35/56/35 28/53/28
f 3/57/1 35/56/35 37/55/37
f 2/58/2 3/57/1 37/55/37
f 39/59/39 32/52/32 40/45/40
f 39/59/39 40/45/40 22/50/22
f 16/47/16 19/46/19 41/60/41
f 19/46/19 42/61/42 41/60/41
f 41/60/41 42/61/42 43/62/43
f 44/63/44 41/60/41 43/62/43
f 44/63/44 43/62/43 45/64/45
f 46/65/46 44/63/44 45/64/45
f 43/62/43 47/66/47 45/64/45
f 46/65/46 45/64/45 48/67/48
f 48/67/48 45/64/45 49/68/49
f 49/68/49 45/64/45 50/69/50
f 45/64/45 47/66/47 50/69/50
f 51/70/51 49/68/49 50/69/50
f 51/70/51 50/69/50 52/71/52
f 50/69/50 53/72/53 52/71/52
f 52/71/52 53/72/53 54/73/54
f 53/72/53 55/74/55 54/73/54
f 55/74/55 56/75/56 54/73/54
f 55/74/55 57/76/57 56/75/56
f 58/77/58 56/75/56 57/76/57
f 58/77/58 59/78/59 56/75/56
f 58/77/58 60/79/60 59/78/59
f 60/79/60 61/80/61 59/78/59
f 62/81/62 61/80/61 60/79/60
f 63/82/63 62/81/62 60/79/60
f 62/81/62 63/82/63 64/83/64
f 65/84/65 62/81/62 64/83/64
f 63/82/63 66/85/66 64/83/64
f 64/83/64 67/86/67 65/84/65
f 66/85/66 68/87/68 64/83/64
f 64/83/64 69/88/69 67/86/67
f 70/89/70 69/88/69 64/83/64
f 68/87/68 70/89/70 64/83/64
f 71/90/71 70/89/70 68/87/68
f 72/91/72 71/90/71 68/87/68
f 72/91/72 73/92/73 71/90/71
f 73/92/73 74/93/74 71/90/71
f 8/94/6 74/93/74 73/92/73
f 9/95/9 8/94/6 73/92/73
f 77/96/75 76/97/76 75/98/77
f 78/99/78 77/96/75 75/98/77
f 75/98/77 62/100/62 78/99/78
f 62/100/62 65/101/65 78/99/78
f 76/97/76 77/96/75 79/102/79
f 80/103/80 76/97/76 79/102/79
f 79/102/79 66/104/66 80/103/80
f 66/104/66 63/105/63 80/103/80
f 65/101/65 67/106/67 78/99/78
f 67/106/67 81/107/81 78/99/78
f 78/99/78 81/107/81 77/96/75
f 80/103/80 63/105/63 82/108/82
f 63/105/63 60/109/60 82/108/82
f 62/100/62 75/98/77 61/110/61
f 75/98/77 83/111/83 61/110/61
f 75/98/77 76/97/76 83/111/83
f 76/97/76 84/112/84 83/111/83
f 80/103/80 82/108/82 84/112/84
f 76/97/76 80/103/80 84/112/84
f 82/108/82 60/109/60 58/113/58
f 85/114/85 82/108/82 58/113/58
f 84/112/84 82/108/82 85/114/85
f 85/114/85 58/113/58 86/115/86
f 86/115/86 87/116/87 85/114/85
f 87/116/87 88/117/88 85/114/85
f 83/111/83 84/112/84 88/117/88
f 88/117/88 84/112/84 85/114/85
f 58/113/58 57/118/57 86/115/86
f 88/117/88 87/116/87 89/119/89
f 90/120/90 88/117/88 89/119/89
f 61/110/61 83/111/83 90/120/90
f 90/120/90 83/111/83 88/117/88
f 90/120/90 89/119/89 91/121/91
f 59/122/59 90/120/90 91/121/91
f 59/122/59 61/110/61 90/120/90
f 91/121/91 89/119/89 92/123/92
f 89/119/89 93/124/93 92/123/92
f 89/119/89 87/116/87 93/124/93
f 92/123/92 93/124/93 94/125/94
f 93/124/93 95/126/95 94/125/94
f 93/124/93 87/116/87 95/126/95
f 86/115/86 57/118/57 55/127/55
f 96/128/96 86/115/86 55/127/55
f 87/116/87 86/115/86 96/128/96
f 97/129/97 96/128/96 55/127/55
f 53/130/53 97/129/97 55/127/55
f 97/129/97 53/130/53 98/131/98
f 53/130/53 50/132/50 98/131/98
f 98/131/98 99/133/99 97/129/97
f 99/133/99 100/134/100 97/129/97
f 97/129/97 100/134/100 96/128/96
f 99/133/99 101/135/101 100/134/100
f 101/135/101 102/136/102 100/134/100
f 101/135/101 51/137/51 102/136/102
f 51/137/51 52/138/52 102/136/102
f 100/134/100 103/139/103 96/128/96
f 100/134/100 102/136/102 103/139/103
f 102/136/102 104/140/104 103/139/103
f 102/136/102 52/138/52 104/140/104
f 94/125/94 95/126/95 104/140/104
f 104/140/104 95/126/95 103/139/103
f 52/138/52 54/141/54 104/140/104
f 98/131/98 105/142/105 99/133/99
f 105/142/105 106/143/106 99/133/99
f 99/133/99 106/143/106 101/135/101
f 107/144/107 106/143/106 105/142/105
f 108/145/108 107/144/107 105/142/105
f 105/142/105 47/146/47 108/145/108
f 47/146/47 105/142/105 98/131/98
f 50/132/50 47/146/47 98/131/98
f 47/146/47 43/147/43 108/145/108
f 107/144/107 109/148/109 106/143/106
f 109/148/109 110/149/110 106/143/106
f 109/148/109 44/150/44 110/149/110
f 44/150/44 46/151/46 110/149/110
f 110/149/110 46/151/46 111/152/111
f 106/143/106 110/149/110 111/152/111
f 46/151/46 48/153/48 111/152/111
f 108/145/108 112/154/112 107/144/107
f 112/154/112 113/155/113 107/144/107
f 107/144/107 113/155/113 109/148/109
f 13/11/11 113/155/113 112/154/112
f 17/17/17 13/11/11 112/154/112
f 13/11/11 14/14/14 113/155/113
f 14/14/14 114/156/114 113/155/113
f 113/155/113 114/156/114 109/148/109
f 109/148/109 114/156/114 44/150/44
f 14/14/14 16/16/16 114/156/114
f 16/16/16 41/157/41 114/156/114
f 114/156/114 41/157/41 44/150/44
f 17/17/17 112/154/112 42/158/42
f 19/19/19 17/17/17 42/158/42
f 42/158/42 112/154/112 108/145/108
f 43/147/43 42/158/42 108/145/108
f 111/152/111 48/153/48 115/159/115
f 48/153/48 49/160/49 115/159/115
f 115/159/115 49/160/49 51/137/51
f 101/135/101 115/159/115 51/137/51
f 106/143/106 115/159/115 101/135/101
f 111/152/111 115/159/115 106/143/106
f 118/161/116 117/162/117 116/163/118
f 119/164/119 118/161/116 116/163/118
f 118/161/116 72/165/72 117/162/117
f 72/165/72 68/166/68 117/162/117
f 119/164/119 116/163/118 120/167/120
f 121/168/121 119/164/119 120/167/120
f 121/168/121 120/167/120 70/169/70
f 71/170/71 121/168/121 70/169/70
f 117/162/117 68/166/68 66/104/66
f 79/102/79 117/162/117 66/104/66
f 116/163/118 117/162/117 79/102/79
f 70/169/70 120/167/120 69/171/69
f 120/167/120 122/172/122 69/171/69
f 120/167/120 116/163/118 122/172/122
f 116/163/118 77/96/75 122/172/122
f 77/96/75 116/163/118 79/102/79
f 69/171/69 122/172/122 81/107/81
f 122/172/122 77/96/75 81/107/81
f 67/106/67 69/171/69 81/107/81
f 118/161/116 123/173/123 72/165/72
f 123/173/123 73/174/73 72/165/72
f 9/175/9 73/174/73 123/173/123
f 10/176/10 9/175/9 123/173/123
f 10/176/10 123/173/123 124/177/124
f 7/178/7 10/176/10 124/177/124
f 7/178/7 124/177/124 125/179/125
f 6/180/8 7/178/7 125/179/125
f 6/180/8 125/179/125 74/181/74
f 8/182/6 6/180/8 74/181/74
f 74/181/74 125/179/125 121/168/121
f 71/170/71 74/181/74 121/168/121
f 125/179/125 124/177/124 119/164/119
f 121/168/121 125/179/125 119/164/119
f 124/177/124 123/173/123 118/161/116
f 119/164/119 124/177/124 118/161/116
f 54/141/54 94/125/94 104/140/104
f 95/126/95 87/116/87 103/139/103
f 103/139/103 87/116/87 96/128/96
f 56/75/56 91/183/91 92/184/92
f 92/184/92 94/185/94 56/75/56
f 59/78/59 91/183/91 56/75/56
f 56/75/56 94/185/94 54/73/54
f 128/2/126 127/1/2 126/3/127
f 126/3/127 129/4/5 128/2/126
f 130/5/128 126/3/127 127/1/2
f 133/7/7 132/6/9 131/8/10
f 132/6/9 133/7/7 134/9/129
f 135/10/8 134/9/129 133/7/7
f 138/11/130 137/14/131 136/13/132
f 139/12/133 138/11/130 136/13/132
f 140/15/134 136/13/132 137/14/131
f 141/16/135 140/15/134 137/14/131
f 138/11/130 139/12/133 142/17/136
f 139/12/133 143/18/137 142/17/136
f 144/19/138 142/17/136 143/18/137
f 145/20/139 144/19/138 143/18/137
f 146/21/140 139/12/133 136/13/132
f 146/21/140 136/13/132 140/15/134
f 147/22/141 146/21/140 140/15/134
f 148/23/142 143/18/137 139/12/133
f 149/24/143 148/23/142 139/12/133
f 149/24/143 150/25/25 148/23/142
f 150/25/25 151/26/144 148/23/142
f 148/23/142 151/26/144 152/27/145
f 152/27/145 145/20/139 143/18/137
f 148/23/142 152/27/145 143/18/137
f 151/26/144 153/28/31 152/27/145
f 154/29/146 150/25/25 149/24/143
f 155/30/147 154/29/146 149/24/143
f 156/31/28 154/29/146 155/30/147
f 157/32/148 156/31/28 155/30/147
f 158/33/149 151/26/144 150/25/25
f 159/34/150 158/33/149 150/25/25
f 159/34/150 150/25/25 154/29/146
f 159/34/150 126/35/127 158/33/149
f 126/35/127 130/36/128 158/33/149
f 158/33/149 130/36/128 160/37/151
f 160/37/151 153/28/31 151/26/144
f 158/33/149 160/37/151 151/26/144
f 130/36/128 127/38/2 160/37/151
f 129/39/5 126/35/127 159/34/150
f 161/40/152 129/39/5 159/34/150
f 161/40/152 159/34/150 154/29/146
f 161/40/152 154/29/146 156/31/28
f 128/41/126 129/39/5 161/40/152
f 162/42/153 128/41/126 161/40/152
f 162/42/153 161/40/152 156/31/28
f 157/32/148 155/30/147 163/43/154
f 163/43/154 155/30/147 139/12/133
f 155/30/147 149/24/143 139/12/133
f 164/44/155 157/32/148 163/43/154
f 163/43/154 139/12/133 146/21/140
f 163/43/154 146/21/140 147/22/141
f 164/44/155 163/43/154 147/22/141
f 165/45/156 140/48/134 141/47/135
f 144/46/138 165/45/156 141/47/135
f 145/49/139 165/45/156 144/46/138
f 147/50/141 140/48/134 165/45/156
f 152/51/145 165/45/156 145/49/139
f 152/51/145 157/52/148 165/45/156
f 152/51/145 153/53/31 157/52/148
f 153/53/31 156/54/28 157/52/148
f 162/55/153 156/54/28 153/53/31
f 160/56/151 162/55/153 153/53/31
f 160/56/151 127/57/2 162/55/153
f 127/57/2 128/58/126 162/55/153
f 157/52/148 164/59/155 165/45/156
f 165/45/156 164/59/155 147/50/141
f 144/46/138 141/47/135 166/60/42
f 167/61/41 144/46/138 166/60/42
f 167/61/41 166/60/42 168/62/157
f 166/60/42 169/63/158 168/62/157
f 168/62/157 169/63/158 170/64/159
f 169/63/158 171/65/160 170/64/159
f 172/66/161 168/62/157 170/64/159
f 170/64/159 171/65/160 173/67/162
f 170/64/159 173/67/162 174/68/163
f 170/64/159 174/68/163 175/69/164
f 172/66/161 170/64/159 175/69/164
f 174/68/163 176/70/165 175/69/164
f 175/69/164 176/70/165 177/71/53
f 178/72/52 175/69/164 177/71/53
f 178/72/52 177/71/53 179/73/166
f 180/74/167 178/72/52 179/73/166
f 181/75/168 180/74/167 179/73/166
f 182/76/169 180/74/167 181/75/168
f 181/75/168 183/77/170 182/76/169
f 184/78/171 183/77/170 181/75/168
f 185/79/61 183/77/170 184/78/171
f 186/80/60 185/79/61 184/78/171
f 186/80/60 187/81/172 185/79/61
f 187/81/172 188/82/173 185/79/61
f 188/82/173 187/81/172 189/83/174
f 187/81/172 190/84/175 189/83/174
f 191/85/176 188/82/173 189/83/174
f 192/86/177 189/83/174 190/84/175
f 193/87/178 191/85/176 189/83/174
f 194/88/179 189/83/174 192/86/177
f 195/89/180 193/87/178 189/83/174
f 194/88/179 195/89/180 189/83/174
f 195/89/180 196/90/72 193/87/178
f 196/90/72 197/91/71 193/87/178
f 198/92/74 197/91/71 196/90/72
f 199/93/181 198/92/74 196/90/72
f 199/93/181 132/94/9 198/92/74
f 132/94/9 134/95/129 198/92/74
f 202/96/182 201/99/183 200/98/184
f 203/97/185 202/96/182 200/98/184
f 187/100/172 200/98/184 201/99/183
f 190/101/175 187/100/172 201/99/183
f 202/96/182 203/97/185 204/102/186
f 203/97/185 205/103/187 204/102/186
f 191/104/176 204/102/186 205/103/187
f 188/105/173 191/104/176 205/103/187
f 192/106/177 190/101/175 201/99/183
f 206/107/188 192/106/177 201/99/183
f 206/107/188 201/99/183 202/96/182
f 188/105/173 205/103/187 207/108/189
f 185/109/61 188/105/173 207/108/189
f 200/98/184 187/100/172 186/110/60
f 208/111/82 200/98/184 186/110/60
f 203/97/185 200/98/184 208/111/82
f 209/112/84 203/97/185 208/111/82
f 205/103/187 203/97/185 209/112/84
f 207/108/189 205/103/187 209/112/84
f 185/109/61 207/108/189 183/113/170
f 207/108/189 210/114/190 183/113/170
f 207/108/189 209/112/84 210/114/190
f 183/113/170 210/114/190 211/115/191
f 212/116/192 211/115/191 210/114/190
f 213/117/193 212/116/192 210/114/190
f 209/112/84 208/111/82 213/117/193
f 209/112/84 213/117/193 210/114/190
f 182/118/169 183/113/170 211/115/191
f 212/116/192 213/117/193 214/119/194
f 213/117/193 215/120/195 214/119/194
f 208/111/82 186/110/60 215/120/195
f 208/111/82 215/120/195 213/117/193
f 214/119/194 215/120/195 216/121/196
f 215/120/195 184/122/171 216/121/196
f 186/110/60 184/122/171 215/120/195
f 214/119/194 216/121/196 217/123/197
f 218/124/198 214/119/194 217/123/197
f 212/116/192 214/119/194 218/124/198
f 218/124/198 217/123/197 219/125/199
f 220/126/200 218/124/198 219/125/199
f 212/116/192 218/124/198 220/126/200
f 182/118/169 211/115/191 180/127/167
f 211/115/191 221/128/201 180/127/167
f 211/115/191 212/116/192 221/128/201
f 221/128/201 222/129/102 180/127/167
f 222/129/102 178/130/52 180/127/167
f 178/130/52 222/129/102 223/131/202
f 175/132/164 178/130/52 223/131/202
f 224/133/203 223/131/202 222/129/102
f 225/134/100 224/133/203 222/129/102
f 225/134/100 222/129/102 221/128/201
f 226/135/204 224/133/203 225/134/100
f 227/136/97 226/135/204 225/134/100
f 176/137/165 226/135/204 227/136/97
f 177/138/53 176/137/165 227/136/97
f 228/139/205 225/134/100 221/128/201
f 227/136/97 225/134/100 228/139/205
f 229/140/206 227/136/97 228/139/205
f 177/138/53 227/136/97 229/140/206
f 220/126/200 219/125/199 229/140/206
f 220/126/200 229/140/206 228/139/205
f 179/141/166 177/138/53 229/140/206
f 230/142/207 223/131/202 224/133/203
f 231/143/208 230/142/207 224/133/203
f 231/143/208 224/133/203 226/135/204
f 231/143/208 232/144/107 230/142/207
f 232/144/107 233/145/209 230/142/207
f 172/146/161 230/142/207 233/145/209
f 172/146/161 175/132/164 223/131/202
f 230/142/207 172/146/161 223/131/202
f 168/147/157 172/146/161 233/145/209
f 234/148/210 232/144/107 231/143/208
f 235/149/211 234/148/210 231/143/208
f 169/150/158 234/148/210 235/149/211
f 171/151/160 169/150/158 235/149/211
f 171/151/160 235/149/211 236/152/212
f 235/149/211 231/143/208 236/152/212
f 173/153/162 171/151/160 236/152/212
f 237/154/213 233/145/209 232/144/107
f 238/155/113 237/154/213 232/144/107
f 238/155/113 232/144/107 234/148/210
f 238/155/113 138/11/130 237/154/213
f 138/11/130 142/17/136 237/154/213
f 137/14/131 138/11/130 238/155/113
f 239/156/214 137/14/131 238/155/113
f 239/156/214 238/155/113 234/148/210
f 239/156/214 234/148/210 169/150/158
f 141/16/135 137/14/131 239/156/214
f 166/157/42 141/16/135 239/156/214
f 166/157/42 239/156/214 169/150/158
f 237/154/213 142/17/136 167/158/41
f 142/17/136 144/19/138 167/158/41
f 237/154/213 167/158/41 233/145/209
f 167/158/41 168/147/157 233/145/209
f 173/153/162 236/152/212 240/159/215
f 174/160/163 173/153/162 240/159/215
f 174/160/163 240/159/215 176/137/165
f 240/159/215 226/135/204 176/137/165
f 240/159/215 231/143/208 226/135/204
f 240/159/215 236/152/212 231/143/208
f 243/161/216 242/164/119 241/163/217
f 244/162/218 243/161/216 241/163/217
f 197/165/71 243/161/216 244/162/218
f 193/166/178 197/165/71 244/162/218
f 241/163/217 242/164/119 245/167/219
f 242/164/119 246/168/116 245/167/219
f 245/167/219 246/168/116 195/169/180
f 246/168/116 196/170/72 195/169/180
f 193/166/178 244/162/218 191/104/176
f 244/162/218 204/102/186 191/104/176
f 244/162/218 241/163/217 204/102/186
f 245/167/219 195/169/180 194/171/179
f 247/172/220 245/167/219 194/171/179
f 241/163/217 245/167/219 247/172/220
f 202/96/182 241/163/217 247/172/220
f 241/163/217 202/96/182 204/102/186
f 247/172/220 194/171/179 206/107/188
f 202/96/182 247/172/220 206/107/188
f 194/171/179 192/106/177 206/107/188
f 248/173/125 243/161/216 197/165/71
f 198/174/74 248/173/125 197/165/71
f 198/174/74 134/175/129 248/173/125
f 134/175/129 135/176/8 248/173/125
f 248/173/125 135/176/8 249/177/124
f 135/176/8 133/178/7 249/177/124
f 249/177/124 133/178/7 250/179/123
f 133/178/7 131/180/10 250/179/123
f 250/179/123 131/180/10 199/181/181
f 131/180/10 132/182/9 199/181/181
f 250/179/123 199/181/181 246/168/116
f 199/181/181 196/170/72 246/168/116
f 250/179/123 246/168/116 242/164/119
f 249/177/124 250/179/123 242/164/119
f 249/177/124 242/164/119 243/161/216
f 248/173/125 249/177/124 243/161/216
f 219/125/199 179/141/166 229/140/206
f 212/116/192 220/126/200 228/139/205
f 212/116/192 228/139/205 221/128/201
f 216/183/196 181/75/168 217/184/197
f 219/185/199 217/184/197 181/75/168
f 216/183/196 184/78/171 181/75/168
f 219/185/199 181/75/168 179/73/166
f 253/186/221 252/187/222 251/188/223
f 254/189/224 253/186/221 251/188/223
f 254/189/224 251/188/223 255/190/225
f 251/188/223 256/191/226 255/190/225
f 257/192/227 253/186/221 254/189/224
f 255/190/225 257/192/227 254/189/224
f 258/193/228 257/192/227 255/190/225
f 259/194/229 258/193/228 255/190/225
f 259/194/229 255/190/225 256/191/226
f 260/195/230 259/194/229 256/191/226
f 257/192/227 258/193/228 261/196/231
f 262/197/232 257/192/227 261/196/231
f 253/198/221 257/192/227 262/197/232
f 263/199/233 253/198/221 262/197/232
f 252/200/222 253/198/221 263/199/233
f 264/201/234 252/200/222 263/199/233
f 262/197/232 261/196/231 265/202/235
f 266/203/236 262/197/232 265/202/235
f 266/203/236 264/201/234 263/199/233
f 262/197/232 266/203/236 263/199/233
f 260/195/230 256/191/226 267/204/237
f 267/204/237 256/191/226 268/205/238
f 256/191/226 251/188/223 268/205/238
f 268/205/238 251/188/223 269/206/239
f 251/188/223 252/187/222 269/206/239
f 270/207/240 260/195/230 267/204/237
f 252/200/222 264/201/234 269/208/239
f 264/201/234 271/209/241 269/208/239
f 272/210/242 270/207/240 267/204/237
f 267/204/237 268/205/238 272/210/242
f 268/205/238 269/206/239 273/211/243
f 274/212/244 268/205/238 273/211/243
f 268/205/238 274/212/244 272/210/242
f 273/213/243 269/208/239 271/209/241
f 275/214/245 270/207/240 272/210/242
f 260/195/230 270/207/240 275/214/245
f 276/215/246 260/195/230 275/214/245
f 259/194/229 260/195/230 276/215/246
f 277/216/247 259/194/229 276/215/246
f 276/215/246 278/217/248 277/216/247
f 278/217/248 279/218/249 277/216/247
f 280/219/250 279/218/249 278/217/248
f 281/220/251 280/219/250 278/217/248
f 282/221/252 277/216/247 279/218/249
f 280/219/250 282/221/252 279/218/249
f 258/193/228 259/194/229 277/216/247
f 282/221/252 258/193/228 277/216/247
f 258/193/228 282/221/252 261/196/231
f 282/221/252 283/222/253 261/196/231
f 282/221/252 280/223/250 283/222/253
f 280/223/250 284/224/254 283/222/253
f 280/223/250 281/225/251 284/224/254
f 281/225/251 285/226/255 284/224/254
f 261/196/231 283/222/253 286/227/256
f 286/227/256 283/222/253 284/224/254
f 285/226/255 286/227/256 284/224/254
f 265/202/235 261/196/231 286/227/256
f 281/220/251 278/217/248 287/228/257
f 278/217/248 288/229/258 287/228/257
f 278/217/248 276/215/246 288/229/258
f 276/215/246 275/214/245 288/229/258
f 285/226/255 281/225/251 287/230/257
f 289/231/259 285/226/255 287/230/257
f 287/228/257 288/229/258 290/232/260
f 288/229/258 291/233/261 290/232/260
f 291/233/261 288/229/258 275/214/245
f 287/230/257 290/234/260 289/231/259
f 272/210/242 291/233/261 275/214/245
f 285/226/255 289/231/259 292/235/262
f 286/227/256 285/226/255 292/235/262
f 286/227/256 292/235/262 293/236/263
f 265/202/235 286/227/256 293/236/263
f 265/202/235 293/236/263 266/203/236
f 293/236/263 294/237/264 266/203/236
f 266/203/236 294/237/264 264/201/234
f 294/237/264 271/209/241 264/201/234
f 297/238/265 296/239/266 295/240/267
f 298/241/268 297/238/265 295/240/267
f 297/238/265 299/242/269 296/239/266
f 299/242/269 300/243/270 296/239/266
f 298/241/268 295/240/267 301/244/271
f 302/245/272 298/241/268 301/244/271
f 302/245/272 301/244/271 303/246/273
f 304/247/274 302/245/272 303/246/273
f 299/242/269 305/248/275 300/243/270
f 305/248/275 306/249/276 300/243/270
f 305/248/275 307/250/277 306/249/276
f 307/250/277 308/251/278 306/249/276
f 307/250/277 309/252/279 308/251/278
f 309/252/279 310/253/280 308/251/278
f 309/252/279 311/254/281 310/253/280
f 311/254/281 312/255/282 310/253/280
f 303/246/273 301/244/271 313/256/283
f 301/244/271 314/257/284 313/256/283
f 301/244/271 295/240/267 314/257/284
f 295/240/267 315/258/285 314/257/284
f 295/240/267 296/239/266 315/258/285
f 296/239/266 316/259/286 315/258/285
f 296/239/266 300/243/270 316/259/286
f 300/243/270 317/260/287 316/259/286
f 300/243/270 306/249/276 317/260/287
f 308/251/278 310/253/280 318/261/288
f 310/253/280 319/262/289 318/261/288
f 310/253/280 312/255/282 319/262/289
f 312/255/282 320/263/290 319/262/289
f 308/251/278 318/261/288 321/264/291
f 306/249/276 321/264/291 317/260/287
f 306/249/276 308/251/278 321/264/291
f 322/265/292 311/254/281 309/252/279
f 323/266/293 322/265/292 309/252/279
f 323/266/293 324/267/294 322/265/292
f 324/267/294 325/268/295 322/265/292
f 325/268/295 324/267/294 326/269/296
f 327/270/297 325/268/295 326/269/296
f 328/271/298 327/270/297 326/269/296
f 329/272/299 328/271/298 326/269/296
f 330/273/300 329/272/299 326/269/296
f 331/274/301 330/273/300 326/269/296
f 326/269/296 324/267/294 331/274/301
f 324/267/294 332/275/302 331/274/301
f 332/275/302 324/267/294 323/266/293
f 331/274/301 332/275/302 333/276/303
f 330/273/300 331/274/301 333/276/303
f 332/275/302 334/277/304 333/276/303
f 335/278/305 330/273/300 333/276/303
f 336/279/306 335/278/305 333/276/303
f 333/276/303 334/277/304 336/279/306
f 335/278/305 336/279/306 337/280/307
f 337/280/307 336/279/306 338/281/308
f 336/279/306 339/282/309 338/281/308
f 334/277/304 339/282/309 336/279/306
f 340/283/310 335/278/305 337/280/307
f 341/284/311 340/283/310 337/280/307
f 342/285/312 341/284/311 337/280/307
f 338/281/308 342/285/312 337/280/307
f 341/284/311 342/285/312 343/286/313
f 344/287/314 341/284/311 343/286/313
f 340/283/310 341/284/311 344/287/314
f 345/288/315 340/283/310 344/287/314
f 346/289/316 345/288/315 344/287/314
f 347/290/317 346/289/316 344/287/314
f 348/291/318 347/290/317 344/287/314
f 343/286/313 348/291/318 344/287/314
f 346/289/316 349/292/319 345/288/315
f 349/292/319 350/293/320 345/288/315
f 350/293/320 335/278/305 340/283/310
f 345/288/315 350/293/320 340/283/310
f 350/293/320 349/292/319 329/272/299
f 349/292/319 328/271/298 329/272/299
f 329/272/299 330/273/300 350/293/320
f 330/273/300 335/278/305 350/293/320
f 343/286/313 342/285/312 351/294/321
f 342/285/312 352/295/322 351/294/321
f 352/295/322 342/285/312 338/281/308
f 353/296/323 352/295/322 338/281/308
f 338/281/308 339/282/309 353/296/323
f 339/282/309 354/297/324 353/296/323
f 298/241/268 352/295/322 353/296/323
f 297/238/265 298/241/268 353/296/323
f 353/296/323 354/297/324 297/238/265
f 354/297/324 299/242/269 297/238/265
f 352/295/322 298/241/268 302/245/272
f 351/294/321 352/295/322 302/245/272
f 302/245/272 304/247/274 351/294/321
f 304/247/274 355/298/325 351/294/321
f 351/294/321 355/298/325 343/286/313
f 355/298/325 348/291/318 343/286/313
f 354/297/324 339/282/309 356/299/326
f 339/282/309 334/277/304 356/299/326
f 356/299/326 334/277/304 357/300/327
f 334/277/304 332/275/302 357/300/327
f 357/300/327 332/275/302 323/266/293
f 323/266/293 309/252/279 357/300/327
f 309/252/279 307/250/277 357/300/327
f 357/300/327 307/250/277 356/299/326
f 305/248/275 299/242/269 354/297/324
f 307/250/277 305/248/275 356/299/326
f 356/299/326 305/248/275 354/297/324
f 360/301/328 359/302/329 358/303/330
f 361/304/331 360/301/328 358/303/330
f 358/303/330 359/302/329 303/305/273
f 359/302/329 304/306/274 303/305/273
f 362/307/332 360/301/328 361/304/331
f 363/308/333 362/307/332 361/304/331
f 364/309/334 362/307/332 363/308/333
f 365/310/335 364/309/334 363/308/333
f 366/311/336 364/309/334 365/310/335
f 367/312/337 366/311/336 365/310/335
f 368/313/338 366/311/336 367/312/337
f 369/314/339 368/313/338 367/312/337
f 370/315/340 368/313/338 369/314/339
f 371/316/341 370/315/340 369/314/339
f 311/317/281 370/315/340 371/316/341
f 312/318/282 311/317/281 371/316/341
f 365/310/335 363/308/333 372/319/342
f 373/320/343 365/310/335 372/319/342
f 367/312/337 365/310/335 373/320/343
f 372/319/342 363/308/333 374/321/344
f 363/308/333 361/304/331 374/321/344
f 374/321/344 361/304/331 375/322/345
f 361/304/331 358/303/330 375/322/345
f 375/322/345 358/303/330 313/323/283
f 358/303/330 303/305/273 313/323/283
f 369/314/339 367/312/337 376/324/346
f 376/324/346 367/312/337 373/320/343
f 377/325/347 369/314/339 376/324/346
f 371/316/341 369/314/339 377/325/347
f 312/318/282 371/316/341 378/326/348
f 378/326/348 371/316/341 377/325/347
f 320/327/290 312/318/282 378/326/348
f 370/315/340 311/317/281 379/328/349
f 311/317/281 322/329/292 379/328/349
f 379/328/349 322/329/292 380/330/350
f 380/330/350 381/331/351 379/328/349
f 382/332/352 381/331/351 380/330/350
f 381/331/351 382/332/352 383/333/353
f 382/332/352 384/334/354 383/333/353
f 384/334/354 385/335/355 383/333/353
f 385/335/355 386/336/356 383/333/353
f 386/336/356 385/335/355 387/337/357
f 385/335/355 388/338/358 387/337/357
f 388/338/358 389/339/359 387/337/357
f 389/339/359 388/338/358 390/340/360
f 388/338/358 391/341/361 390/340/360
f 391/341/361 346/342/316 390/340/360
f 346/342/316 347/343/317 390/340/360
f 347/343/317 348/344/318 390/340/360
f 348/344/318 392/345/362 390/340/360
f 390/340/360 392/345/362 389/339/359
f 392/345/362 393/346/363 389/339/359
f 389/339/359 393/346/363 387/337/357
f 393/346/363 394/347/364 387/337/357
f 387/337/357 394/347/364 386/336/356
f 394/347/364 395/348/365 386/336/356
f 386/336/356 395/348/365 396/349/366
f 383/333/353 386/336/356 396/349/366
f 396/349/366 381/331/351 383/333/353
f 349/350/319 346/342/316 391/341/361
f 397/351/367 349/350/319 391/341/361
f 391/341/361 388/338/358 397/351/367
f 388/338/358 385/335/355 397/351/367
f 349/350/319 397/351/367 398/352/368
f 328/353/298 349/350/319 398/352/368
f 328/353/298 398/352/368 399/354/369
f 398/352/368 384/334/354 399/354/369
f 397/351/367 385/335/355 384/334/354
f 398/352/368 397/351/367 384/334/354
f 384/334/354 382/332/352 399/354/369
f 399/354/369 382/332/352 380/330/350
f 327/355/297 328/353/298 399/354/369
f 325/356/295 327/355/297 399/354/369
f 380/330/350 325/356/295 399/354/369
f 396/349/366 395/348/365 400/357/370
f 395/348/365 401/358/371 400/357/370
f 401/358/371 395/348/365 402/359/372
f 395/348/365 394/347/364 402/359/372
f 402/359/372 394/347/364 403/360/373
f 394/347/364 393/346/363 403/360/373
f 403/360/373 393/346/363 404/361/374
f 393/346/363 392/345/362 404/361/374
f 404/361/374 392/345/362 355/362/325
f 392/345/362 348/344/318 355/362/325
f 404/361/374 359/302/329 403/360/373
f 359/302/329 360/301/328 403/360/373
f 403/360/373 360/301/328 402/359/372
f 304/306/274 359/302/329 404/361/374
f 355/362/325 304/306/274 404/361/374
f 402/359/372 362/307/332 401/358/371
f 360/301/328 362/307/332 402/359/372
f 362/307/332 364/309/334 401/358/371
f 401/358/371 364/309/334 366/311/336
f 400/357/370 401/358/371 366/311/336
f 366/311/336 368/313/338 400/357/370
f 368/313/338 405/363/375 400/357/370
f 400/357/370 405/363/375 396/349/366
f 405/363/375 381/331/351 396/349/366
f 381/331/351 405/363/375 379/328/349
f 405/363/375 368/313/338 370/315/340
f 379/328/349 405/363/375 370/315/340
f 406/364/376 315/365/285 316/366/286
f 407/367/377 406/364/376 316/366/286
f 407/367/377 316/366/286 317/368/287
f 408/369/378 407/367/377 317/368/287
f 406/364/376 409/370/379 315/365/285
f 409/370/379 314/371/284 315/365/285
f 409/370/379 410/372/380 314/371/284
f 410/372/380 313/373/283 314/371/284
f 408/369/378 317/368/287 321/374/291
f 411/375/381 408/369/378 321/374/291
f 411/375/381 321/374/291 318/376/288
f 412/377/382 411/375/381 318/376/288
f 412/377/382 318/376/288 319/378/289
f 413/379/383 412/377/382 319/378/289
f 413/379/383 319/378/289 320/380/290
f 414/381/384 413/379/383 320/380/290
f 414/381/384 320/380/290 415/382/385
f 320/380/290 378/383/348 415/382/385
f 415/382/385 378/383/348 416/384/386
f 378/383/348 377/385/347 416/384/386
f 416/384/386 377/385/347 417/386/387
f 377/385/347 376/387/346 417/386/387
f 417/386/387 376/387/346 418/388/388
f 376/387/346 373/389/343 418/388/388
f 418/388/388 373/389/343 419/390/389
f 373/389/343 372/391/342 419/390/389
f 419/390/389 372/391/342 420/392/390
f 372/391/342 374/393/344 420/392/390
f 420/392/390 374/393/344 421/394/391
f 374/393/344 375/395/345 421/394/391
f 421/394/391 375/395/345 410/396/380
f 375/395/345 313/397/283 410/396/380
f 418/388/388 419/390/389 422/398/392
f 419/390/389 420/392/390 422/398/392
f 423/399/393 418/388/388 422/398/392
f 417/386/387 418/388/388 423/399/393
f 420/392/390 424/400/394 422/398/392
f 425/401/395 417/386/387 423/399/393
f 416/384/386 417/386/387 425/401/395
f 426/402/396 416/384/386 425/401/395
f 415/382/385 416/384/386 426/402/396
f 427/403/397 415/382/385 426/402/396
f 414/381/384 415/382/385 427/403/397
f 428/404/398 414/381/384 427/403/397
f 413/379/383 414/381/384 428/404/398
f 429/405/399 413/379/383 428/404/398
f 412/377/382 413/379/383 429/405/399
f 430/406/400 412/377/382 429/405/399
f 411/375/381 412/377/382 430/406/400
f 431/407/401 411/375/381 430/406/400
f 408/369/378 411/375/381 431/407/401
f 432/408/402 408/369/378 431/407/401
f 407/367/377 408/369/378 432/408/402
f 433/409/403 407/367/377 432/408/402
f 406/364/376 407/367/377 433/409/403
f 434/410/404 406/364/376 433/409/403
f 409/370/379 406/364/376 434/410/404
f 435/411/405 409/370/379 434/410/404
f 410/372/380 409/370/379 435/411/405
f 436/412/406 410/372/380 435/411/405
f 430/406/400 429/405/399 437/413/407
f 438/414/408 430/406/400 437/413/407
f 431/407/401 430/406/400 438/414/408
f 432/408/402 431/407/401 439/415/409
f 439/415/409 431/407/401 438/414/408
f 440/416/410 432/408/402 439/415/409
f 432/408/402 440/416/410 433/409/403
f 436/412/406 435/411/405 441/417/411
f 442/418/412 436/412/406 441/417/411
f 435/411/405 434/410/404 443/419/413
f 441/417/411 435/411/405 443/419/413
f 434/410/404 433/409/403 444/420/414
f 443/419/413 434/410/404 444/420/414
f 444/420/414 433/409/403 445/421/415
f 440/416/410 445/421/415 433/409/403
f 446/422/416 444/420/414 445/421/415
f 440/416/410 447/423/417 445/421/415
f 447/423/417 448/424/418 445/421/415
f 446/422/416 445/421/415 448/424/418
f 448/424/418 447/423/417 449/425/419
f 450/426/420 448/424/418 449/425/419
f 449/425/419 451/427/421 450/426/420
f 451/427/421 452/428/422 450/426/420
f 450/426/420 452/428/422 453/429/423
f 452/428/422 454/430/424 453/429/423
f 455/431/425 451/427/421 449/425/419
f 456/432/426 455/431/425 449/425/419
f 449/425/419 447/423/417 456/432/426
f 457/433/427 455/431/425 456/432/426
f 458/434/428 457/433/427 456/432/426
f 459/435/429 457/433/427 458/434/428
f 460/436/430 459/435/429 458/434/428
f 461/437/431 459/435/429 460/436/430
f 462/438/432 461/437/431 460/436/430
f 463/439/433 461/437/431 462/438/432
f 464/440/434 463/439/433 462/438/432
f 465/441/435 463/439/433 464/440/434
f 466/442/436 465/441/435 464/440/434
f 467/443/437 465/441/435 466/442/436
f 468/444/438 467/443/437 466/442/436
f 469/445/439 467/443/437 468/444/438
f 470/446/440 469/445/439 468/444/438
f 471/447/441 469/445/439 470/446/440
f 472/448/442 471/447/441 470/446/440
f 473/449/443 471/447/441 472/448/442
f 474/450/444 473/449/443 472/448/442
f 473/449/443 474/450/444 475/451/445
f 476/452/446 473/449/443 475/451/445
f 476/452/446 475/451/445 477/453/447
f 478/454/448 476/452/446 477/453/447
f 470/446/440 479/455/449 472/448/442
f 479/455/449 480/456/450 472/448/442
f 472/448/442 480/456/450 474/450/444
f 480/456/450 481/457/451 474/450/444
f 466/442/436 482/458/452 468/444/438
f 482/458/452 483/459/453 468/444/438
f 483/459/453 479/455/449 470/446/440
f 468/444/438 483/459/453 470/446/440
f 484/460/454 482/458/452 466/442/436
f 464/440/434 484/460/454 466/442/436
f 485/461/455 484/460/454 464/440/434
f 462/438/432 485/461/455 464/440/434
f 486/462/456 485/461/455 462/438/432
f 460/436/430 486/462/456 462/438/432
f 487/463/457 486/462/456 460/436/430
f 458/434/428 487/463/457 460/436/430
f 488/464/458 487/463/457 458/434/428
f 456/432/426 488/464/458 458/434/428
f 447/423/417 488/464/458 456/432/426
f 482/458/452 489/465/459 483/459/453
f 489/465/459 490/466/460 483/459/453
f 489/465/459 426/402/396 490/466/460
f 426/402/396 425/401/395 490/466/460
f 490/466/460 425/401/395 491/467/461
f 425/401/395 423/399/393 491/467/461
f 427/403/397 426/402/396 489/465/459
f 492/468/462 427/403/397 489/465/459
f 428/404/398 427/403/397 492/468/462
f 493/469/463 428/404/398 492/468/462
f 429/405/399 428/404/398 493/469/463
f 437/413/407 429/405/399 493/469/463
f 490/466/460 491/467/461 479/455/449
f 479/455/449 491/467/461 480/456/450
f 491/467/461 494/470/464 480/456/450
f 483/459/453 490/466/460 479/455/449
f 493/469/463 492/468/462 484/460/454
f 485/461/455 493/469/463 484/460/454
f 437/413/407 493/469/463 485/461/455
f 484/460/454 492/468/462 482/458/452
f 492/468/462 489/465/459 482/458/452
f 486/462/456 437/413/407 485/461/455
f 438/414/408 437/413/407 486/462/456
f 487/463/457 438/414/408 486/462/456
f 439/415/409 438/414/408 487/463/457
f 488/464/458 439/415/409 487/463/457
f 440/416/410 439/415/409 488/464/458
f 447/423/417 440/416/410 488/464/458
f 480/456/450 494/470/464 495/471/465
f 481/457/451 480/456/450 495/471/465
f 481/457/451 495/471/465 496/472/466
f 496/472/466 495/471/465 497/473/467
f 495/471/465 498/474/468 497/473/467
f 424/400/394 497/473/467 498/474/468
f 422/398/392 424/400/394 498/474/468
f 422/398/392 498/474/468 499/475/469
f 498/474/468 495/471/465 499/475/469
f 423/399/393 422/398/392 499/475/469
f 497/473/467 424/400/394 500/476/470
f 424/400/394 501/477/471 500/476/470
f 424/400/394 420/392/390 501/477/471
f 420/392/390 421/394/391 501/477/471
f 421/394/391 410/396/380 501/477/471
f 410/396/380 436/478/406 501/477/471
f 501/477/471 502/479/472 500/476/470
f 501/477/471 436/478/406 502/479/472
f 436/478/406 442/480/412 502/479/472
f 503/481/473 497/473/467 500/476/470
f 497/473/467 503/481/473 496/472/466
f 503/481/473 504/482/474 496/472/466
f 491/467/461 423/399/393 499/475/469
f 494/470/464 491/467/461 499/475/469
f 495/471/465 494/470/464 499/475/469
f 502/479/472 505/483/475 500/476/470
f 505/483/475 506/484/476 500/476/470
f 507/485/477 505/483/475 502/479/472
f 442/480/412 507/485/477 502/479/472
f 508/486/478 503/481/473 500/476/470
f 508/486/478 506/484/476 509/487/479
f 506/484/476 510/488/480 509/487/479
f 509/487/479 510/488/480 511/489/481
f 510/488/480 512/490/482 511/489/481
f 506/484/476 508/486/478 500/476/470
f 509/487/479 513/491/483 508/486/478
f 513/491/483 509/487/479 511/489/481
f 513/491/483 514/492/484 508/486/478
f 503/481/473 508/486/478 514/492/484
f 504/482/474 503/481/473 514/492/484
f 514/492/484 515/493/485 504/482/474
f 515/493/485 516/494/486 504/482/474
f 515/493/485 517/495/487 516/494/486
f 518/496/488 517/495/487 515/493/485
f 518/496/488 519/497/489 517/495/487
f 519/497/489 520/498/490 517/495/487
f 517/495/487 520/498/490 477/453/447
f 517/495/487 477/453/447 516/494/486
f 477/453/447 475/451/445 516/494/486
f 475/451/445 521/499/491 516/494/486
f 475/451/445 474/450/444 521/499/491
f 474/450/444 481/457/451 521/499/491
f 516/494/486 521/499/491 504/482/474
f 521/499/491 496/472/466 504/482/474
f 521/499/491 481/457/451 496/472/466
f 520/498/490 478/454/448 477/453/447
f 519/497/489 518/496/488 522/500/492
f 523/501/493 519/497/489 522/500/492
f 523/501/493 522/500/492 524/502/494
f 525/503/495 523/501/493 524/502/494
f 525/503/495 524/502/494 526/504/496
f 527/505/497 525/503/495 526/504/496
f 527/505/497 526/504/496 528/506/498
f 529/507/499 527/505/497 528/506/498
f 529/507/499 528/506/498 530/508/500
f 531/509/501 529/507/499 530/508/500
f 531/509/501 530/508/500 532/510/502
f 533/511/503 531/509/501 532/510/502
f 534/512/504 524/502/494 522/500/492
f 535/513/505 534/512/504 522/500/492
f 535/513/505 522/500/492 518/496/488
f 536/514/506 535/513/505 518/496/488
f 537/515/507 528/506/498 526/504/496
f 538/516/508 537/515/507 526/504/496
f 538/516/508 526/504/496 524/502/494
f 534/512/504 538/516/508 524/502/494
f 539/517/509 532/510/502 530/508/500
f 540/518/510 539/517/509 530/508/500
f 540/518/510 530/508/500 528/506/498
f 537/515/507 540/518/510 528/506/498
f 536/514/506 518/496/488 515/493/485
f 541/519/511 534/512/504 535/513/505
f 542/520/512 541/519/511 535/513/505
f 543/521/513 537/515/507 538/516/508
f 544/522/514 543/521/513 538/516/508
f 544/522/514 538/516/508 534/512/504
f 541/519/511 544/522/514 534/512/504
f 545/523/515 543/521/513 544/522/514
f 546/524/516 545/523/515 544/522/514
f 546/524/516 544/522/514 541/519/511
f 512/490/482 546/524/516 541/519/511
f 545/523/515 547/525/517 543/521/513
f 547/525/517 548/526/518 543/521/513
f 548/526/518 540/518/510 537/515/507
f 543/521/513 548/526/518 537/515/507
f 547/525/517 549/527/519 548/526/518
f 549/527/519 550/528/520 548/526/518
f 550/528/520 539/517/509 540/518/510
f 548/526/518 550/528/520 540/518/510
f 541/519/511 542/520/512 511/489/481
f 512/490/482 541/519/511 511/489/481
f 542/520/512 513/491/483 511/489/481
f 542/520/512 535/513/505 513/491/483
f 535/513/505 536/514/506 513/491/483
f 536/514/506 515/493/485 514/492/484
f 513/491/483 536/514/506 514/492/484
f 551/529/521 545/523/515 546/524/516
f 552/530/522 551/529/521 546/524/516
f 552/530/522 546/524/516 512/490/482
f 553/531/523 552/530/522 512/490/482
f 553/531/523 512/490/482 510/488/480
f 554/532/524 553/531/523 510/488/480
f 555/533/525 554/532/524 510/488/480
f 506/484/476 555/533/525 510/488/480
f 555/533/525 506/484/476 505/483/475
f 556/534/526 555/533/525 505/483/475
f 557/535/527 556/534/526 505/483/475
f 507/485/477 557/535/527 505/483/475
f 558/536/528 555/533/525 556/534/526
f 559/537/529 558/536/528 556/534/526
f 559/537/529 556/534/526 557/535/527
f 560/538/530 559/537/529 557/535/527
f 561/539/531 553/531/523 554/532/524
f 562/540/532 561/539/531 554/532/524
f 562/540/532 554/532/524 555/533/525
f 558/536/528 562/540/532 555/533/525
f 563/541/533 551/529/521 552/530/522
f 564/542/534 563/541/533 552/530/522
f 561/539/531 564/542/534 553/531/523
f 564/542/534 552/530/522 553/531/523
f 563/541/533 565/543/535 551/529/521
f 565/543/535 566/544/536 551/529/521
f 551/529/521 566/544/536 545/523/515
f 566/544/536 547/525/517 545/523/515
f 566/544/536 567/545/537 547/525/517
f 567/545/537 549/527/519 547/525/517
f 568/546/538 567/545/537 566/544/536
f 565/543/535 568/546/538 566/544/536
f 569/547/539 448/424/418 450/426/420
f 453/429/423 569/547/539 450/426/420
f 569/547/539 446/422/416 448/424/418
f 569/547/539 453/429/423 570/548/540
f 571/549/541 570/548/540 453/429/423
f 454/430/424 571/549/541 453/429/423
f 571/549/541 572/550/542 570/548/540
f 572/550/542 573/551/543 570/548/540
f 572/550/542 574/552/544 573/551/543
f 574/552/544 575/553/545 573/551/543
f 574/552/544 576/554/546 575/553/545
f 576/554/546 577/555/547 575/553/545
f 576/554/546 578/556/548 577/555/547
f 578/556/548 579/557/549 577/555/547
f 578/556/548 533/558/503 579/557/549
f 533/558/503 532/559/502 579/557/549
f 580/560/550 569/547/539 570/548/540
f 580/560/550 570/548/540 573/551/543
f 581/561/551 580/560/550 573/551/543
f 581/561/551 573/551/543 575/553/545
f 582/562/552 577/555/547 579/557/549
f 583/563/553 582/562/552 579/557/549
f 583/563/553 579/557/549 532/559/502
f 539/564/509 583/563/553 532/559/502
f 584/565/554 581/561/551 575/553/545
f 584/565/554 575/553/545 577/555/547
f 582/562/552 584/565/554 577/555/547
f 580/560/550 581/561/551 585/566/555
f 581/561/551 586/567/556 585/566/555
f 586/567/556 581/561/551 584/565/554
f 587/568/557 582/562/552 583/563/553
f 588/569/558 587/568/557 583/563/553
f 588/569/558 583/563/553 539/564/509
f 589/570/559 587/568/557 588/569/558
f 590/571/560 589/570/559 588/569/558
f 590/571/560 588/569/558 550/572/520
f 550/572/520 588/569/558 539/564/509
f 549/573/519 590/571/560 550/572/520
f 589/570/559 591/574/561 587/568/557
f 591/574/561 592/575/562 587/568/557
f 592/575/562 586/567/556 584/565/554
f 592/575/562 584/565/554 582/562/552
f 587/568/557 592/575/562 582/562/552
f 593/576/563 586/567/556 592/575/562
f 591/574/561 593/576/563 592/575/562
f 586/567/556 593/576/563 594/577/564
f 585/566/555 586/567/556 594/577/564
f 594/577/564 444/420/414 585/566/555
f 594/577/564 595/578/565 444/420/414
f 595/578/565 443/419/413 444/420/414
f 595/578/565 596/579/566 443/419/413
f 596/579/566 441/417/411 443/419/413
f 596/579/566 507/580/477 441/417/411
f 507/580/477 442/418/412 441/417/411
f 597/581/567 595/578/565 594/577/564
f 598/582/568 597/581/567 594/577/564
f 598/582/568 594/577/564 593/576/563
f 599/583/569 598/582/568 593/576/563
f 599/583/569 593/576/563 591/574/561
f 600/584/570 599/583/569 591/574/561
f 600/584/570 591/574/561 589/570/559
f 601/585/571 600/584/570 589/570/559
f 601/585/571 589/570/559 590/571/560
f 602/586/572 601/585/571 590/571/560
f 602/586/572 590/571/560 549/573/519
f 567/587/537 602/586/572 549/573/519
f 557/588/527 507/580/477 596/579/566
f 603/589/573 557/588/527 596/579/566
f 603/589/573 596/579/566 595/578/565
f 597/581/567 603/589/573 595/578/565
f 597/581/567 598/582/568 604/590/574
f 605/591/575 597/581/567 604/590/574
f 603/589/573 597/581/567 605/591/575
f 598/582/568 599/583/569 606/592/576
f 604/590/574 598/582/568 606/592/576
f 557/588/527 603/589/573 607/593/577
f 607/593/577 603/589/573 605/591/575
f 560/594/530 557/588/527 607/593/577
f 601/585/571 602/586/572 608/595/578
f 609/596/579 601/585/571 608/595/578
f 602/586/572 567/587/537 568/597/538
f 608/595/578 602/586/572 568/597/538
f 606/592/576 599/583/569 610/598/580
f 599/583/569 600/584/570 610/598/580
f 610/598/580 600/584/570 609/596/579
f 600/584/570 601/585/571 609/596/579
f 444/420/414 446/422/416 585/566/555
f 585/566/555 446/422/416 580/560/550
f 446/422/416 569/547/539 580/560/550
f 613/599/581 612/600/582 611/601/583
f 614/602/584 613/599/581 611/601/583
f 615/603/585 613/599/581 614/602/584
f 616/604/586 615/603/585 614/602/584
f 611/601/583 612/600/582 617/605/587
f 612/600/582 618/606/588 617/605/587
f 617/605/587 618/606/588 619/607/589
f 618/606/588 620/608/590 619/607/589
f 621/609/591 615/603/585 616/604/586
f 622/610/592 621/609/591 616/604/586
f 623/611/593 621/609/591 622/610/592
f 624/612/594 623/611/593 622/610/592
f 625/613/595 623/611/593 624/612/594
f 626/614/596 625/613/595 624/612/594
f 627/615/597 625/613/595 626/614/596
f 628/616/598 627/615/597 626/614/596
f 616/604/586 614/602/584 604/617/574
f 604/617/574 614/602/584 605/618/575
f 614/602/584 611/601/583 605/618/575
f 617/605/587 619/607/589 560/619/530
f 607/620/577 617/605/587 560/619/530
f 611/601/583 617/605/587 607/620/577
f 605/618/575 611/601/583 607/620/577
f 626/614/596 624/612/594 609/621/579
f 608/622/578 626/614/596 609/621/579
f 628/616/598 626/614/596 608/622/578
f 568/623/538 628/616/598 608/622/578
f 609/621/579 624/612/594 610/624/580
f 624/612/594 622/610/592 610/624/580
f 610/624/580 622/610/592 606/625/576
f 606/625/576 616/604/586 604/617/574
f 622/610/592 616/604/586 606/625/576
f 631/626/599 630/627/600 629/628/601
f 632/629/602 631/626/599 629/628/601
f 632/629/602 629/628/601 619/630/589
f 620/631/590 632/629/602 619/630/589
f 631/626/599 633/632/603 630/627/600
f 633/632/603 634/633/604 630/627/600
f 633/632/603 635/634/605 634/633/604
f 635/634/605 636/635/606 634/633/604
f 635/634/605 637/636/607 636/635/606
f 637/636/607 638/637/608 636/635/606
f 637/636/607 639/638/609 638/637/608
f 639/638/609 640/639/610 638/637/608
f 639/638/609 641/640/611 640/639/610
f 641/640/611 642/641/612 640/639/610
f 641/640/611 627/642/597 642/641/612
f 627/642/597 628/643/598 642/641/612
f 634/633/604 636/635/606 562/644/532
f 636/635/606 561/645/531 562/644/532
f 636/635/606 638/637/608 561/645/531
f 634/633/604 562/644/532 558/646/528
f 630/627/600 634/633/604 558/646/528
f 630/627/600 558/646/528 559/647/529
f 629/628/601 630/627/600 559/647/529
f 629/628/601 559/647/529 560/648/530
f 619/630/589 629/628/601 560/648/530
f 638/637/608 640/639/610 564/649/534
f 638/637/608 564/649/534 561/645/531
f 640/639/610 563/650/533 564/649/534
f 640/639/610 642/641/612 563/650/533
f 642/641/612 628/643/598 565/651/535
f 642/641/612 565/651/535 563/650/533
f 628/643/598 568/652/538 565/651/535
f 627/642/597 641/640/611 643/653/613
f 644/654/614 627/642/597 643/653/613
f 644/654/614 643/653/613 645/655/615
f 646/656/616 645/655/615 643/653/613
f 646/656/616 647/657/617 645/655/615
f 647/657/617 646/656/616 648/658/618
f 649/659/619 647/657/617 648/658/618
f 650/660/620 649/659/619 648/658/618
f 651/661/621 650/660/620 648/658/618
f 650/660/620 651/661/621 652/662/622
f 653/663/623 650/660/620 652/662/622
f 654/664/624 653/663/623 652/662/622
f 653/663/623 654/664/624 655/665/625
f 656/666/626 653/663/623 655/665/625
f 657/667/627 656/666/626 655/665/625
f 658/668/628 657/667/627 655/665/625
f 659/669/629 658/668/628 655/665/625
f 660/670/630 659/669/629 655/665/625
f 660/670/630 655/665/625 654/664/624
f 661/671/631 660/670/630 654/664/624
f 661/671/631 654/664/624 652/662/622
f 662/672/632 661/671/631 652/662/622
f 662/672/632 652/662/622 651/661/621
f 663/673/633 662/672/632 651/661/621
f 651/661/621 648/658/618 664/674/634
f 663/673/633 651/661/621 664/674/634
f 646/656/616 664/674/634 648/658/618
f 657/667/627 665/675/635 656/666/626
f 665/675/635 666/676/636 656/666/626
f 653/663/623 656/666/626 666/676/636
f 650/660/620 653/663/623 666/676/636
f 666/676/636 665/675/635 667/677/637
f 665/675/635 668/678/638 667/677/637
f 667/677/637 668/678/638 669/679/639
f 649/659/619 667/677/637 669/679/639
f 666/676/636 667/677/637 649/659/619
f 650/660/620 666/676/636 649/659/619
f 647/657/617 649/659/619 669/679/639
f 647/657/617 669/679/639 645/655/615
f 668/678/638 670/680/640 669/679/639
f 671/681/641 645/655/615 669/679/639
f 670/680/640 671/681/641 669/679/639
f 662/672/632 663/673/633 672/682/642
f 662/672/632 672/682/642 673/683/643
f 661/671/631 662/672/632 673/683/643
f 661/671/631 673/683/643 674/684/644
f 660/670/630 661/671/631 674/684/644
f 660/670/630 674/684/644 675/685/645
f 659/669/629 660/670/630 675/685/645
f 632/629/602 674/684/644 673/683/643
f 631/626/599 632/629/602 673/683/643
f 631/626/599 673/683/643 672/682/642
f 620/631/590 675/685/645 674/684/644
f 632/629/602 620/631/590 674/684/644
f 633/632/603 631/626/599 672/682/642
f 633/632/603 672/682/642 676/686/646
f 663/673/633 676/686/646 672/682/642
f 635/634/605 633/632/603 676/686/646
f 676/686/646 663/673/633 677/687/647
f 663/673/633 664/674/634 677/687/647
f 678/688/648 677/687/647 664/674/634
f 646/656/616 678/688/648 664/674/634
f 678/688/648 639/638/609 677/687/647
f 639/638/609 637/636/607 677/687/647
f 676/686/646 677/687/647 637/636/607
f 635/634/605 676/686/646 637/636/607
f 678/688/648 646/656/616 643/653/613
f 678/688/648 643/653/613 641/640/611
f 639/638/609 678/688/648 641/640/611
f 473/449/443 476/452/446 679/689/649
f 680/690/650 473/449/443 679/689/649
f 679/689/649 476/452/446 681/691/651
f 476/452/446 478/454/448 681/691/651
f 680/690/650 682/692/652 473/449/443
f 682/692/652 471/447/441 473/449/443
f 469/445/439 471/447/441 682/692/652
f 683/693/653 469/445/439 682/692/652
f 467/443/437 469/445/439 683/693/653
f 684/694/654 467/443/437 683/693/653
f 465/441/435 467/443/437 684/694/654
f 685/695/655 465/441/435 684/694/654
f 463/439/433 465/441/435 685/695/655
f 686/696/656 463/439/433 685/695/655
f 461/437/431 463/439/433 686/696/656
f 687/697/657 461/437/431 686/696/656
f 459/435/429 461/437/431 687/697/657
f 688/698/658 459/435/429 687/697/657
f 457/433/427 459/435/429 688/698/658
f 689/699/659 457/433/427 688/698/658
f 455/431/425 457/433/427 689/699/659
f 690/700/660 455/431/425 689/699/659
f 451/427/421 455/431/425 690/700/660
f 691/701/661 451/427/421 690/700/660
f 452/428/422 451/427/421 691/701/661
f 692/702/662 452/428/422 691/701/661
f 454/430/424 452/428/422 692/702/662
f 693/703/663 454/430/424 692/702/662
f 571/549/541 454/430/424 693/703/663
f 694/704/664 571/549/541 693/703/663
f 572/550/542 571/549/541 694/704/664
f 695/705/665 572/550/542 694/704/664
f 574/552/544 572/550/542 695/705/665
f 696/706/666 574/552/544 695/705/665
f 576/554/546 574/552/544 696/706/666
f 697/707/667 576/554/546 696/706/666
f 578/556/548 576/554/546 697/707/667
f 698/708/668 578/556/548 697/707/667
f 533/558/503 578/556/548 698/708/668
f 699/709/669 533/558/503 698/708/668
f 700/710/670 693/703/663 692/702/662
f 693/703/663 700/710/670 694/704/664
f 701/711/671 700/710/670 692/702/662
f 700/710/670 701/711/671 702/712/672
f 701/711/671 703/713/673 702/712/672
f 704/714/674 702/712/672 703/713/673
f 705/715/675 704/714/674 703/713/673
f 703/713/673 706/716/676 705/715/675
f 706/716/676 707/717/677 705/715/675
f 707/717/677 706/716/676 708/718/678
f 708/718/678 706/716/676 709/719/679
f 706/716/676 710/720/680 709/719/679
f 710/720/680 706/716/676 703/713/673
f 701/711/671 710/720/680 703/713/673
f 709/719/679 710/720/680 690/700/660
f 709/719/679 690/700/660 689/699/659
f 711/721/681 709/719/679 689/699/659
f 709/719/679 711/721/681 708/718/678
f 710/720/680 691/701/661 690/700/660
f 710/720/680 701/711/671 691/701/661
f 701/711/671 692/702/662 691/701/661
f 689/699/659 688/698/658 711/721/681
f 688/698/658 712/722/682 711/721/681
f 713/723/683 712/722/682 688/698/658
f 687/697/657 713/723/683 688/698/658
f 714/724/684 713/723/683 687/697/657
f 686/696/656 714/724/684 687/697/657
f 715/725/685 714/724/684 686/696/656
f 685/695/655 715/725/685 686/696/656
f 716/726/686 715/725/685 685/695/655
f 684/694/654 716/726/686 685/695/655
f 715/725/685 716/726/686 717/727/687
f 717/727/687 716/726/686 718/728/688
f 717/727/687 718/728/688 719/729/689
f 720/730/690 717/727/687 719/729/689
f 721/731/691 717/727/687 720/730/690
f 721/731/691 715/725/685 717/727/687
f 714/724/684 715/725/685 721/731/691
f 722/732/692 721/731/691 720/730/690
f 723/733/693 721/731/691 722/732/692
f 723/733/693 714/724/684 721/731/691
f 713/723/683 714/724/684 723/733/693
f 724/734/694 723/733/693 722/732/692
f 719/729/689 718/728/688 725/735/695
f 718/728/688 726/736/696 725/735/695
f 727/737/697 725/735/695 726/736/696
f 728/738/698 727/737/697 726/736/696
f 729/739/699 727/737/697 728/738/698
f 730/740/700 729/739/699 728/738/698
f 730/740/700 731/741/701 729/739/699
f 731/741/701 732/742/702 729/739/699
f 718/728/688 733/743/703 726/736/696
f 716/726/686 733/743/703 718/728/688
f 733/743/703 734/744/704 726/736/696
f 728/738/698 726/736/696 734/744/704
f 733/743/703 716/726/686 684/694/654
f 683/693/653 733/743/703 684/694/654
f 682/692/652 734/744/704 733/743/703
f 683/693/653 682/692/652 733/743/703
f 682/692/652 680/690/650 734/744/704
f 680/690/650 735/745/705 734/744/704
f 735/745/705 728/738/698 734/744/704
f 680/690/650 679/689/649 735/745/705
f 679/689/649 736/746/706 735/745/705
f 728/738/698 735/745/705 736/746/706
f 730/740/700 728/738/698 736/746/706
f 736/746/706 679/689/649 681/691/651
f 737/747/707 736/746/706 681/691/651
f 737/747/707 731/741/701 730/740/700
f 736/746/706 737/747/707 730/740/700
f 732/742/702 731/741/701 738/748/708
f 731/741/701 739/749/709 738/748/708
f 740/750/710 738/748/708 739/749/709
f 741/751/711 740/750/710 739/749/709
f 740/750/710 741/751/711 742/752/712
f 743/753/713 740/750/710 742/752/712
f 742/752/712 744/754/714 743/753/713
f 744/754/714 745/755/715 743/753/713
f 744/754/714 746/756/716 745/755/715
f 746/756/716 747/757/717 745/755/715
f 746/756/716 748/758/718 747/757/717
f 748/758/718 749/759/719 747/757/717
f 748/758/718 750/760/720 749/759/719
f 750/760/720 751/761/721 749/759/719
f 752/762/722 746/756/716 744/754/714
f 753/763/723 752/762/722 744/754/714
f 753/763/723 744/754/714 742/752/712
f 754/764/724 748/758/718 746/756/716
f 752/762/722 754/764/724 746/756/716
f 754/764/724 752/762/722 755/765/725
f 752/762/722 756/766/726 755/765/725
f 752/762/722 753/763/723 756/766/726
f 756/766/726 527/505/497 755/765/725
f 527/505/497 529/507/499 755/765/725
f 755/765/725 529/507/499 757/767/727
f 754/764/724 755/765/725 757/767/727
f 529/507/499 531/509/501 757/767/727
f 757/767/727 531/509/501 699/768/669
f 531/509/501 533/511/503 699/768/669
f 525/503/495 527/505/497 756/766/726
f 758/769/728 525/503/495 756/766/726
f 753/763/723 758/769/728 756/766/726
f 523/501/493 525/503/495 758/769/728
f 759/770/729 523/501/493 758/769/728
f 759/770/729 758/769/728 753/763/723
f 519/497/489 523/501/493 759/770/729
f 760/771/730 519/497/489 759/770/729
f 520/498/490 519/497/489 760/771/730
f 761/772/731 520/498/490 760/771/730
f 478/454/448 520/498/490 761/772/731
f 681/691/651 478/454/448 761/772/731
f 762/773/732 757/767/727 699/768/669
f 762/773/732 754/764/724 757/767/727
f 763/774/733 762/773/732 699/768/669
f 754/764/724 762/773/732 748/758/718
f 762/773/732 750/760/720 748/758/718
f 762/773/732 763/774/733 750/760/720
f 763/774/733 764/775/734 750/760/720
f 761/772/731 760/771/730 765/776/735
f 766/777/736 761/772/731 765/776/735
f 681/691/651 761/772/731 766/777/736
f 760/771/730 759/770/729 767/778/737
f 765/776/735 760/771/730 767/778/737
f 767/778/737 759/770/729 753/763/723
f 767/778/737 753/763/723 742/752/712
f 750/760/720 764/775/734 751/761/721
f 764/775/734 768/779/738 751/761/721
f 739/749/709 766/777/736 765/776/735
f 741/751/711 739/749/709 765/776/735
f 741/751/711 765/776/735 767/778/737
f 742/752/712 741/751/711 767/778/737
f 739/749/709 731/741/701 766/777/736
f 731/741/701 737/747/707 766/777/736
f 737/747/707 681/691/651 766/777/736
f 768/779/738 769/780/739 751/761/721
f 769/780/739 770/781/740 751/761/721
f 751/761/721 770/781/740 771/782/741
f 772/783/742 771/782/741 770/781/740
f 772/783/742 773/784/743 771/782/741
f 774/785/744 773/784/743 772/783/742
f 775/786/745 774/785/744 772/783/742
f 774/785/744 776/787/746 773/784/743
f 776/787/746 777/788/747 773/784/743
f 774/785/744 775/786/745 778/789/748
f 776/787/746 774/785/744 778/789/748
f 775/786/745 779/790/749 778/789/748
f 780/791/750 776/787/746 778/789/748
f 779/790/749 775/786/745 781/792/751
f 782/793/752 779/790/749 781/792/751
f 781/792/751 783/794/753 782/793/752
f 783/794/753 784/795/754 782/793/752
f 783/794/753 785/796/755 784/795/754
f 785/796/755 786/797/756 784/795/754
f 787/798/757 784/795/754 786/797/756
f 788/799/758 787/798/757 786/797/756
f 789/800/759 788/799/758 786/797/756
f 787/798/757 788/799/758 790/801/760
f 791/802/761 787/798/757 790/801/760
f 792/803/762 789/800/759 786/797/756
f 785/796/755 792/803/762 786/797/756
f 778/789/748 793/804/763 780/791/750
f 793/804/763 794/805/764 780/791/750
f 795/806/765 794/805/764 793/804/763
f 796/807/766 794/805/764 795/806/765
f 797/808/767 796/807/766 795/806/765
f 797/808/767 798/809/768 796/807/766
f 798/809/768 799/810/769 796/807/766
f 800/811/770 799/810/769 798/809/768
f 801/812/771 800/811/770 798/809/768
f 802/813/772 800/811/770 801/812/771
f 803/814/773 802/813/772 801/812/771
f 804/815/774 795/806/765 793/804/763
f 804/815/774 793/804/763 805/816/775
f 793/804/763 806/817/776 805/816/775
f 805/816/775 806/817/776 807/818/777
f 808/819/778 805/816/775 807/818/777
f 809/820/779 808/819/778 807/818/777
f 810/821/780 809/820/779 807/818/777
f 809/820/779 810/821/780 811/822/781
f 812/823/782 809/820/779 811/822/781
f 812/823/782 811/822/781 813/824/783
f 811/822/781 814/825/784 813/824/783
f 803/814/773 815/826/785 802/813/772
f 815/826/785 816/827/786 802/813/772
f 815/826/785 817/828/787 816/827/786
f 817/828/787 818/829/788 816/827/786
f 817/828/787 819/830/789 818/829/788
f 819/830/789 820/831/790 818/829/788
f 821/832/791 820/831/790 819/830/789
f 822/833/792 821/832/791 819/830/789
f 822/833/792 823/834/793 821/832/791
f 823/834/793 824/835/794 821/832/791
f 825/836/795 824/835/794 823/834/793
f 826/837/796 825/836/795 823/834/793
f 827/838/797 825/836/795 826/837/796
f 828/839/798 827/838/797 826/837/796
f 827/838/797 828/839/798 829/840/799
f 828/839/798 830/841/800 829/840/799
f 830/841/800 831/842/801 829/840/799
f 831/842/801 832/843/802 829/840/799
f 833/844/803 832/843/802 831/842/801
f 834/845/804 833/844/803 831/842/801
f 822/833/792 819/830/789 835/846/805
f 819/830/789 836/847/806 835/846/805
f 819/830/789 817/828/787 836/847/806
f 817/828/787 837/848/807 836/847/806
f 817/828/787 815/826/785 837/848/807
f 815/826/785 838/849/808 837/848/807
f 815/826/785 803/814/773 838/849/808
f 803/814/773 839/850/809 838/849/808
f 839/850/809 803/814/773 840/851/810
f 803/814/773 801/812/771 840/851/810
f 840/851/810 801/812/771 841/852/811
f 801/812/771 798/809/768 841/852/811
f 841/852/811 798/809/768 842/853/812
f 798/809/768 797/808/767 842/853/812
f 842/853/812 797/808/767 843/854/813
f 797/808/767 795/806/765 843/854/813
f 843/854/813 795/806/765 844/855/814
f 795/806/765 804/815/774 844/855/814
f 844/855/814 804/815/774 845/856/815
f 804/815/774 805/816/775 845/856/815
f 805/816/775 808/819/778 845/856/815
f 808/819/778 846/857/816 845/856/815
f 845/856/815 846/857/816 847/858/817
f 847/858/817 846/857/816 848/859/818
f 848/859/818 846/857/816 808/819/778
f 849/860/819 847/858/817 848/859/818
f 847/858/817 849/860/819 850/861/820
f 849/860/819 851/862/821 850/861/820
f 850/861/820 851/862/821 852/863/822
f 853/864/823 850/861/820 852/863/822
f 853/864/823 852/863/822 854/865/824
f 855/866/825 853/864/823 854/865/824
f 854/865/824 852/863/822 856/867/826
f 856/867/826 852/863/822 851/862/821
f 857/868/827 854/865/824 856/867/826
f 856/867/826 851/862/821 858/869/828
f 849/860/819 858/869/828 851/862/821
f 849/860/819 859/870/829 858/869/828
f 859/870/829 849/860/819 848/859/818
f 857/868/827 856/867/826 860/871/830
f 861/872/831 853/864/823 855/866/825
f 862/873/832 861/872/831 855/866/825
f 863/874/833 861/872/831 862/873/832
f 864/875/834 863/874/833 862/873/832
f 863/874/833 865/876/835 861/872/831
f 865/876/835 866/877/836 861/872/831
f 861/872/831 866/877/836 853/864/823
f 865/876/835 867/878/837 866/877/836
f 867/878/837 868/879/838 866/877/836
f 869/880/839 863/874/833 864/875/834
f 870/881/840 869/880/839 864/875/834
f 871/882/841 869/880/839 870/881/840
f 872/883/842 871/882/841 870/881/840
f 871/882/841 873/884/843 869/880/839
f 873/884/843 874/885/844 869/880/839
f 874/885/844 865/876/835 863/874/833
f 869/880/839 874/885/844 863/874/833
f 873/884/843 875/886/845 874/885/844
f 875/886/845 876/887/846 874/885/844
f 876/887/846 867/878/837 865/876/835
f 874/885/844 876/887/846 865/876/835
f 877/888/847 871/882/841 872/883/842
f 878/889/848 877/888/847 872/883/842
f 879/890/849 877/888/847 878/889/848
f 880/891/850 879/890/849 878/889/848
f 881/892/851 879/890/849 880/891/850
f 882/893/852 881/892/851 880/891/850
f 881/892/851 883/894/853 879/890/849
f 883/894/853 884/895/854 879/890/849
f 879/890/849 884/895/854 877/888/847
f 883/894/853 885/896/855 884/895/854
f 885/896/855 886/897/856 884/895/854
f 884/895/854 887/898/857 877/888/847
f 884/895/854 886/897/856 887/898/857
f 886/897/856 888/899/858 887/898/857
f 888/899/858 875/886/845 873/884/843
f 887/898/857 888/899/858 873/884/843
f 887/898/857 873/884/843 871/882/841
f 877/888/847 887/898/857 871/882/841
f 881/892/851 882/893/852 889/900/859
f 890/901/860 881/892/851 889/900/859
f 883/894/853 881/892/851 890/901/860
f 890/901/860 889/900/859 891/902/861
f 892/903/862 890/901/860 891/902/861
f 893/904/863 883/894/853 890/901/860
f 885/896/855 883/894/853 893/904/863
f 893/904/863 890/901/860 892/903/862
f 894/905/864 885/896/855 893/904/863
f 895/906/865 893/904/863 892/903/862
f 894/905/864 893/904/863 895/906/865
f 896/907/866 894/905/864 895/906/865
f 892/903/862 891/902/861 897/908/867
f 898/909/868 892/903/862 897/908/867
f 895/906/865 892/903/862 898/909/868
f 898/909/868 897/908/867 899/910/869
f 900/911/870 898/909/868 899/910/869
f 901/912/871 898/909/868 900/911/870
f 901/912/871 895/906/865 898/909/868
f 896/907/866 895/906/865 901/912/871
f 902/913/872 901/912/871 900/911/870
f 903/914/873 901/912/871 902/913/872
f 903/914/873 896/907/866 901/912/871
f 904/915/874 903/914/873 902/913/872
f 900/911/870 899/910/869 905/916/875
f 906/917/876 900/911/870 905/916/875
f 902/913/872 900/911/870 906/917/876
f 906/917/876 905/916/875 907/918/877
f 908/919/878 906/917/876 907/918/877
f 909/920/879 906/917/876 908/919/878
f 909/920/879 902/913/872 906/917/876
f 904/915/874 902/913/872 909/920/879
f 910/921/880 909/920/879 908/919/878
f 911/922/881 909/920/879 910/921/880
f 911/922/881 904/915/874 909/920/879
f 912/923/882 911/922/881 910/921/880
f 908/919/878 907/918/877 913/924/883
f 914/925/884 908/919/878 913/924/883
f 910/921/880 908/919/878 914/925/884
f 914/925/884 913/924/883 915/926/885
f 916/927/886 914/925/884 915/926/885
f 915/926/885 917/928/887 916/927/886
f 916/927/886 917/928/887 918/929/888
f 919/930/889 916/927/886 918/929/888
f 920/931/890 914/925/884 916/927/886
f 919/930/889 920/931/890 916/927/886
f 920/931/890 910/921/880 914/925/884
f 920/931/890 919/930/889 921/932/891
f 910/921/880 920/931/890 921/932/891
f 912/923/882 910/921/880 921/932/891
f 919/930/889 922/933/892 921/932/891
f 918/929/888 922/933/892 919/930/889
f 918/929/888 917/928/887 923/934/893
f 917/928/887 924/935/894 923/934/893
f 917/928/887 925/936/895 924/935/894
f 918/929/888 923/934/893 926/937/896
f 927/938/897 918/929/888 926/937/896
f 918/929/888 927/938/897 922/933/892
f 927/938/897 926/937/896 928/939/898
f 926/937/896 929/940/899 928/939/898
f 921/932/891 922/933/892 930/941/900
f 922/933/892 931/942/901 930/941/900
f 931/942/901 922/933/892 927/938/897
f 928/939/898 931/942/901 927/938/897
f 930/941/900 931/942/901 830/841/800
f 828/839/798 930/941/900 830/841/800
f 930/941/900 828/839/798 932/943/902
f 828/839/798 826/837/796 932/943/902
f 826/837/796 823/834/793 932/943/902
f 823/834/793 933/944/903 932/943/902
f 823/834/793 822/833/792 933/944/903
f 822/833/792 835/846/805 933/944/903
f 931/942/901 928/939/898 831/842/801
f 830/841/800 931/942/901 831/842/801
f 831/842/801 928/939/898 929/940/899
f 834/845/804 831/842/801 929/940/899
f 932/943/902 933/944/903 911/922/881
f 912/923/882 932/943/902 911/922/881
f 930/941/900 932/943/902 912/923/882
f 933/944/903 835/846/805 904/915/874
f 911/922/881 933/944/903 904/915/874
f 904/915/874 835/846/805 903/914/873
f 835/846/805 836/847/806 903/914/873
f 903/914/873 836/847/806 896/907/866
f 836/847/806 837/848/807 896/907/866
f 896/907/866 837/848/807 894/905/864
f 837/848/807 838/849/808 894/905/864
f 894/905/864 838/849/808 885/896/855
f 838/849/808 839/850/809 885/896/855
f 885/896/855 839/850/809 886/897/856
f 839/850/809 840/851/810 886/897/856
f 886/897/856 840/851/810 888/899/858
f 840/851/810 841/852/811 888/899/858
f 888/899/858 841/852/811 875/886/845
f 841/852/811 842/853/812 875/886/845
f 875/886/845 842/853/812 876/887/846
f 842/853/812 843/854/813 876/887/846
f 876/887/846 843/854/813 867/878/837
f 843/854/813 844/855/814 867/878/837
f 867/878/837 844/855/814 868/879/838
f 844/855/814 845/856/815 868/879/838
f 868/879/838 845/856/815 847/858/817
f 866/877/836 868/879/838 847/858/817
f 850/861/820 866/877/836 847/858/817
f 866/877/836 850/861/820 853/864/823
f 936/945/904 935/946/905 934/947/906
f 937/948/907 936/945/904 934/947/906
f 938/949/908 937/948/907 934/947/906
f 938/949/908 934/947/906 939/950/909
f 940/951/910 938/949/908 939/950/909
f 935/946/905 941/952/911 934/947/906
f 941/952/911 942/953/912 934/947/906
f 934/947/906 942/953/912 939/950/909
f 935/946/905 943/954/913 941/952/911
f 944/955/914 943/954/913 935/946/905
f 945/956/915 944/955/914 935/946/905
f 935/946/905 936/945/904 945/956/915
f 944/955/914 946/957/916 943/954/913
f 946/957/916 947/958/917 943/954/913
f 946/957/916 948/959/918 947/958/917
f 948/959/918 949/960/919 947/958/917
f 943/954/913 950/961/920 941/952/911
f 943/954/913 947/958/917 950/961/920
f 947/958/917 951/962/921 950/961/920
f 947/958/917 949/960/919 951/962/921
f 942/953/912 952/963/922 939/950/909
f 949/960/919 953/964/923 951/962/921
f 942/953/912 941/952/911 954/965/924
f 942/953/912 954/965/924 952/963/922
f 941/952/911 955/966/925 954/965/924
f 941/952/911 950/961/920 955/966/925
f 950/961/920 956/967/926 955/966/925
f 950/961/920 951/962/921 956/967/926
f 951/962/921 957/968/927 956/967/926
f 951/962/921 953/964/923 957/968/927
f 954/965/924 958/969/928 952/963/922
f 953/964/923 959/970/929 957/968/927
f 954/965/924 955/966/925 960/971/930
f 271/972/241 954/965/924 960/971/930
f 958/969/928 954/965/924 271/972/241
f 955/966/925 956/967/926 961/973/931
f 960/971/930 955/966/925 961/973/931
f 960/971/930 961/973/931 271/972/241
f 956/967/926 957/968/927 962/974/932
f 961/973/931 956/967/926 962/974/932
f 957/968/927 959/970/929 962/974/932
f 959/970/929 963/975/933 962/974/932
f 952/963/922 958/969/928 964/976/934
f 952/963/922 964/976/934 965/977/935
f 939/950/909 952/963/922 965/977/935
f 966/978/936 939/950/909 965/977/935
f 967/979/937 966/978/936 965/977/935
f 958/969/928 968/980/938 964/976/934
f 958/969/928 294/981/264 968/980/938
f 294/981/264 958/969/928 271/972/241
f 294/981/264 293/982/263 968/980/938
f 966/978/936 940/951/910 939/950/909
f 962/974/932 963/975/933 969/983/939
f 970/984/940 962/974/932 969/983/939
f 961/973/931 962/974/932 970/984/940
f 970/984/940 969/983/939 971/985/941
f 969/983/939 972/986/942 971/985/941
f 971/985/941 972/986/942 973/987/943
f 974/988/944 971/985/941 973/987/943
f 971/985/941 974/988/944 975/989/945
f 274/990/244 971/985/941 975/989/945
f 273/991/243 970/984/940 971/985/941
f 274/990/244 273/991/243 971/985/941
f 274/990/244 975/989/945 976/992/946
f 272/993/242 274/990/244 976/992/946
f 273/991/243 961/973/931 970/984/940
f 961/973/931 273/991/243 271/972/241
f 272/993/242 976/992/946 977/994/947
f 291/995/261 272/993/242 977/994/947
f 978/996/948 291/995/261 977/994/947
f 979/997/949 978/996/948 977/994/947
f 978/996/948 979/997/949 980/998/950
f 981/999/951 978/996/948 980/998/950
f 981/999/951 982/1000/952 978/996/948
f 982/1000/952 983/1001/953 978/996/948
f 290/1002/260 291/995/261 978/996/948
f 983/1001/953 290/1002/260 978/996/948
f 984/1003/954 983/1001/953 982/1000/952
f 985/1004/955 984/1003/954 982/1000/952
f 985/1004/955 986/1005/956 984/1003/954
f 986/1005/956 987/1006/957 984/1003/954
f 986/1005/956 988/1007/958 987/1006/957
f 988/1007/958 989/1008/959 987/1006/957
f 988/1007/958 990/1009/960 989/1008/959
f 990/1009/960 991/1010/961 989/1008/959
f 990/1009/960 992/1011/962 991/1010/961
f 992/1011/962 993/1012/963 991/1010/961
f 991/1010/961 993/1012/963 994/1013/964
f 993/1012/963 995/1014/965 994/1013/964
f 994/1013/964 995/1014/965 996/1015/966
f 995/1014/965 997/1016/967 996/1015/966
f 996/1015/966 997/1016/967 998/1017/968
f 997/1016/967 999/1018/969 998/1017/968
f 998/1017/968 999/1018/969 1000/1019/970
f 999/1018/969 1001/1020/971 1000/1019/970
f 1002/1021/972 996/1015/966 998/1017/968
f 994/1013/964 996/1015/966 1002/1021/972
f 1003/1022/973 1002/1021/972 998/1017/968
f 1003/1022/973 998/1017/968 1000/1019/970
f 1004/1023/974 994/1013/964 1002/1021/972
f 991/1010/961 994/1013/964 1004/1023/974
f 989/1008/959 991/1010/961 1004/1023/974
f 1005/1024/975 1003/1022/973 1000/1019/970
f 1002/1021/972 1003/1022/973 1006/1025/976
f 1006/1025/976 1003/1022/973 1005/1024/975
f 1007/1026/977 1002/1021/972 1006/1025/976
f 1004/1023/974 1002/1021/972 1007/1026/977
f 1008/1027/978 1004/1023/974 1007/1026/977
f 989/1008/959 1004/1023/974 1008/1027/978
f 987/1006/957 989/1008/959 1008/1027/978
f 1009/1028/979 1006/1025/976 1005/1024/975
f 1007/1026/977 1006/1025/976 1010/1029/980
f 1006/1025/976 289/1030/259 1010/1029/980
f 1006/1025/976 1009/1028/979 289/1030/259
f 1007/1026/977 1010/1029/980 1011/1031/981
f 1008/1027/978 1007/1026/977 1011/1031/981
f 1011/1031/981 1010/1029/980 289/1030/259
f 1008/1027/978 1011/1031/981 984/1003/954
f 987/1006/957 1008/1027/978 984/1003/954
f 1005/1024/975 1000/1019/970 965/977/935
f 1000/1019/970 1012/1032/982 965/977/935
f 1012/1032/982 967/979/937 965/977/935
f 964/976/934 1005/1024/975 965/977/935
f 1009/1028/979 1005/1024/975 964/976/934
f 968/980/938 1009/1028/979 964/976/934
f 292/1033/262 1009/1028/979 968/980/938
f 1009/1028/979 292/1033/262 289/1030/259
f 293/982/263 292/1033/262 968/980/938
f 1001/1020/971 1012/1032/982 1000/1019/970
f 984/1003/954 1011/1031/981 983/1001/953
f 1011/1031/981 290/1002/260 983/1001/953
f 290/1002/260 1011/1031/981 289/1030/259
f 1001/1020/971 1013/1034/983 1012/1032/982
f 1013/1034/983 1014/1035/984 1012/1032/982
f 1012/1032/982 1014/1035/984 967/979/937
f 1014/1035/984 1015/1036/985 967/979/937
f 1015/1036/985 1016/1037/986 967/979/937
f 1016/1037/986 966/978/936 967/979/937
f 1016/1037/986 1017/1038/987 966/978/936
f 1017/1038/987 940/951/910 966/978/936
f 1017/1038/987 1018/1039/988 940/951/910
f 1018/1039/988 938/949/908 940/951/910
f 1018/1039/988 1019/1040/989 938/949/908
f 1019/1040/989 937/948/907 938/949/908
f 1019/1040/989 1020/1041/990 937/948/907
f 1020/1041/990 936/945/904 937/948/907
f 1020/1041/990 1021/1042/991 936/945/904
f 1021/1042/991 945/956/915 936/945/904
f 1021/1042/991 1022/1043/992 945/956/915
f 1022/1043/992 944/955/914 945/956/915
f 1022/1043/992 1023/1044/993 944/955/914
f 1023/1044/993 946/957/916 944/955/914
f 1023/1044/993 1024/1045/994 946/957/916
f 1024/1045/994 948/959/918 946/957/916
f 1019/1040/989 870/1046/840 1020/1041/990
f 870/1046/840 1019/1040/989 1018/1039/988
f 870/1046/840 864/1047/834 1020/1041/990
f 1020/1041/990 864/1047/834 1021/1042/991
f 864/1047/834 862/1048/832 1021/1042/991
f 1022/1043/992 855/1049/825 1023/1044/993
f 1021/1042/991 862/1048/832 855/1049/825
f 1022/1043/992 1021/1042/991 855/1049/825
f 855/1049/825 854/1050/824 1023/1044/993
f 1023/1044/993 854/1050/824 1024/1045/994
f 854/1050/824 857/1051/827 1024/1045/994
f 872/1052/842 870/1046/840 1018/1039/988
f 878/1053/848 872/1052/842 1018/1039/988
f 1017/1038/987 878/1053/848 1018/1039/988
f 878/1053/848 1017/1038/987 1016/1037/986
f 880/1054/850 878/1053/848 1016/1037/986
f 882/1055/852 880/1054/850 1016/1037/986
f 1015/1036/985 882/1055/852 1016/1037/986
f 1015/1036/985 1014/1035/984 882/1055/852
f 1014/1035/984 889/1056/859 882/1055/852
f 889/1056/859 1014/1035/984 1013/1034/983
f 891/1057/861 889/1056/859 1013/1034/983
f 897/1058/867 891/1057/861 1013/1034/983
f 1025/1059/995 897/1058/867 1013/1034/983
f 1025/1059/995 1013/1034/983 1001/1020/971
f 999/1018/969 1025/1059/995 1001/1020/971
f 1026/1060/996 1025/1059/995 999/1018/969
f 897/1058/867 1025/1059/995 1026/1060/996
f 1027/1061/997 1026/1060/996 999/1018/969
f 997/1016/967 1027/1061/997 999/1018/969
f 1028/1062/998 1027/1061/997 997/1016/967
f 1029/1063/999 1028/1062/998 997/1016/967
f 995/1014/965 1029/1063/999 997/1016/967
f 1030/1064/1000 1029/1063/999 995/1014/965
f 993/1012/963 1030/1064/1000 995/1014/965
f 1031/1065/1001 1030/1064/1000 993/1012/963
f 992/1011/1002 1031/1065/1001 993/1012/963
f 1027/1061/997 905/1066/875 1026/1060/996
f 905/1066/875 899/1067/869 1026/1060/996
f 899/1067/869 897/1058/867 1026/1060/996
f 907/1068/877 905/1066/875 1027/1061/997
f 1028/1062/998 907/1068/877 1027/1061/997
f 1028/1062/998 1029/1063/999 907/1068/877
f 1030/1064/1000 915/1069/885 1029/1063/999
f 915/1069/885 913/1070/883 1029/1063/999
f 1029/1063/999 913/1070/883 907/1068/877
f 917/1071/887 915/1069/885 1030/1064/1000
f 1031/1065/1001 917/1071/887 1030/1064/1000
f 1034/1072/1003 1033/1073/1004 1032/1074/1005
f 1035/1075/1006 1034/1072/1003 1032/1074/1005
f 1032/1074/1005 1033/1073/1004 1036/1076/1007
f 1033/1073/1004 1037/1077/1008 1036/1076/1007
f 1036/1076/1007 1037/1077/1008 1038/1078/1009
f 1037/1077/1008 1039/1079/1010 1038/1078/1009
f 1038/1078/1009 1039/1079/1010 1040/1080/1011
f 1039/1079/1010 1041/1081/1012 1040/1080/1011
f 1040/1080/1011 1041/1081/1012 1042/1082/1013
f 1040/1080/1011 1042/1082/1013 1043/1083/1014
f 1042/1082/1013 1044/1084/1015 1043/1083/1014
f 1043/1083/1014 1044/1084/1015 973/1085/943
f 1044/1084/1015 1045/1086/1016 973/1085/943
f 973/1085/943 1045/1086/1016 974/1087/944
f 1045/1086/1016 1046/1088/1017 974/1087/944
f 974/1087/944 1046/1088/1017 975/1089/945
f 1046/1088/1017 1047/1090/1018 975/1089/945
f 975/1089/945 1047/1090/1018 976/1091/946
f 1047/1090/1018 1048/1092/1019 976/1091/946
f 1041/1081/1012 1049/1093/1020 1042/1082/1013
f 1050/1094/1021 1046/1088/1017 1045/1086/1016
f 1047/1090/1018 1046/1088/1017 1050/1094/1021
f 1048/1092/1019 1047/1090/1018 1050/1094/1021
f 1051/1095/1022 1050/1094/1021 1045/1086/1016
f 1042/1082/1013 1049/1093/1020 1051/1095/1022
f 1051/1095/1022 1045/1086/1016 1044/1084/1015
f 1042/1082/1013 1051/1095/1022 1044/1084/1015
f 976/1091/946 1048/1092/1019 977/1096/947
f 1048/1092/1019 1052/1097/1023 977/1096/947
f 1052/1097/1023 1048/1092/1019 1050/1094/1021
f 1052/1097/1023 1053/1098/1024 977/1096/947
f 1053/1098/1024 1052/1097/1023 1050/1094/1021
f 1053/1098/1024 979/1099/949 977/1096/947
f 1053/1098/1024 1054/1100/1025 979/1099/949
f 1050/1094/1021 1051/1095/1022 1054/1100/1025
f 1053/1098/1024 1050/1094/1021 1054/1100/1025
f 1054/1100/1025 980/1101/950 979/1099/949
f 1054/1100/1025 1055/1102/1026 980/1101/950
f 1054/1100/1025 1051/1095/1022 1055/1102/1026
f 1055/1102/1026 1056/1103/1027 980/1101/950
f 1055/1102/1026 1057/1104/1028 1056/1103/1027
f 1049/1093/1020 1057/1104/1028 1051/1095/1022
f 1051/1095/1022 1057/1104/1028 1055/1102/1026
f 1057/1104/1028 1058/1105/1029 1056/1103/1027
f 1041/1081/1012 1058/1105/1029 1057/1104/1028
f 1049/1093/1020 1041/1081/1012 1057/1104/1028
f 1041/1081/1012 1039/1079/1010 1058/1105/1029
f 1039/1079/1010 1059/1106/1030 1058/1105/1029
f 1039/1079/1010 1037/1077/1008 1059/1106/1030
f 1037/1077/1008 1060/1107/1031 1059/1106/1030
f 1037/1077/1008 1033/1073/1004 1060/1107/1031
f 1033/1073/1004 1061/1108/1032 1060/1107/1031
f 1033/1073/1004 1034/1072/1003 1061/1108/1032
f 1034/1072/1003 1062/1109/1033 1061/1108/1032
f 322/329/292 325/356/295 380/330/350
f 1064/1110/1034 708/718/678 1063/1111/1035
f 1065/1112/1036 1064/1110/1034 1063/1111/1035
f 1064/1110/1034 707/717/677 708/718/678
f 711/721/681 1063/1111/1035 708/718/678
f 1063/1111/1035 711/721/681 1066/1113/1037
f 1065/1112/1036 1063/1111/1035 1066/1113/1037
f 711/721/681 712/722/682 1066/1113/1037
f 1066/1113/1037 712/722/682 1067/1114/1038
f 712/722/682 713/723/683 1067/1114/1038
f 1067/1114/1038 713/723/683 723/733/693
f 1066/1113/1037 1067/1114/1038 1068/1115/1039
f 1069/1116/1040 1066/1113/1037 1068/1115/1039
f 1069/1116/1040 1065/1112/1036 1066/1113/1037
f 1067/1114/1038 723/733/693 724/734/694
f 1068/1115/1039 1067/1114/1038 724/734/694
f 1070/1117/1041 1064/1110/1034 1065/1112/1036
f 1071/1118/1042 1070/1117/1041 1065/1112/1036
f 1070/1117/1041 1071/1118/1042 1072/1119/1043
f 1072/1119/1043 1073/1120/1044 1070/1117/1041
f 1073/1120/1044 1074/1121/1045 1070/1117/1041
f 1075/1122/1046 1073/1120/1044 1072/1119/1043
f 1076/1123/1047 1073/1120/1044 1075/1122/1046
f 1073/1120/1044 1076/1123/1047 1074/1121/1045
f 1077/1124/1048 1076/1123/1047 1075/1122/1046
f 1077/1124/1048 1075/1122/1046 1078/1125/1049
f 1075/1122/1046 1079/1126/1050 1078/1125/1049
f 1079/1126/1050 1080/1127/1051 1078/1125/1049
f 1080/1127/1051 1081/1128/1052 1078/1125/1049
f 1079/1126/1050 1082/1129/1053 1080/1127/1051
f 1082/1129/1053 1083/1130/1054 1080/1127/1051
f 1082/1129/1053 1084/1131/1055 1083/1130/1054
f 1084/1131/1055 1085/1132/1056 1083/1130/1054
f 1086/1133/1057 1082/1129/1053 1079/1126/1050
f 1087/1134/1058 1086/1133/1057 1079/1126/1050
f 1087/1134/1058 1079/1126/1050 1075/1122/1046
f 1087/1134/1058 1075/1122/1046 1072/1119/1043
f 1088/1135/1059 1084/1131/1055 1082/1129/1053
f 1086/1133/1057 1088/1135/1059 1082/1129/1053
f 1089/1136/1060 1078/1125/1049 1081/1128/1052
f 1090/1137/1061 1089/1136/1060 1081/1128/1052
f 1089/1136/1060 1090/1137/1061 1091/1138/1062
f 1092/1139/1063 1089/1136/1060 1091/1138/1062
f 1091/1138/1062 1093/1140/1064 1092/1139/1063
f 1093/1140/1064 1094/1141/1065 1092/1139/1063
f 1092/1139/1063 1094/1141/1065 1095/1142/1066
f 1096/1143/1067 1092/1139/1063 1095/1142/1066
f 1097/1144/1068 1094/1141/1065 1093/1140/1064
f 1098/1145/1069 1097/1144/1068 1093/1140/1064
f 788/1146/758 1097/1144/1068 1098/1145/1069
f 790/1147/760 788/1146/758 1098/1145/1069
f 1097/1144/1068 1099/1148/1070 1094/1141/1065
f 1099/1148/1070 1100/1149/1071 1094/1141/1065
f 1094/1141/1065 1100/1149/1071 1095/1142/1066
f 789/1150/759 1099/1148/1070 1097/1144/1068
f 788/1146/758 789/1150/759 1097/1144/1068
f 1101/1151/1072 1089/1136/1060 1092/1139/1063
f 1096/1143/1067 1101/1151/1072 1092/1139/1063
f 1089/1136/1060 1101/1151/1072 1078/1125/1049
f 1101/1151/1072 1077/1124/1048 1078/1125/1049
f 1102/1152/1073 1100/1149/1071 1099/1148/1070
f 1103/1153/1074 1102/1152/1073 1099/1148/1070
f 1103/1153/1074 1099/1148/1070 789/1150/759
f 792/1154/762 1103/1153/1074 789/1150/759
f 1096/1143/1067 1104/1155/1075 1101/1151/1072
f 1104/1155/1075 1105/1156/1076 1101/1151/1072
f 1100/1149/1071 1102/1152/1073 1106/1157/1077
f 1102/1152/1073 1107/1158/1078 1106/1157/1077
f 1095/1142/1066 1100/1149/1071 1106/1157/1077
f 1104/1155/1075 1096/1143/1067 1095/1142/1066
f 1108/1159/1079 1104/1155/1075 1095/1142/1066
f 1108/1159/1079 1095/1142/1066 1106/1157/1077
f 1108/1159/1079 1106/1157/1077 1109/1160/1080
f 1110/1161/1081 1108/1159/1079 1109/1160/1080
f 1104/1155/1075 1108/1159/1079 1110/1161/1081
f 1111/1162/1082 1104/1155/1075 1110/1161/1081
f 1105/1156/1076 1104/1155/1075 1111/1162/1082
f 1112/1163/1083 1105/1156/1076 1111/1162/1082
f 1113/1164/1084 1109/1160/1080 1106/1157/1077
f 1107/1158/1078 1113/1164/1084 1106/1157/1077
f 1105/1156/1076 1112/1163/1083 1114/1165/1085
f 1076/1123/1047 1105/1156/1076 1114/1165/1085
f 1105/1156/1076 1076/1123/1047 1101/1151/1072
f 1076/1123/1047 1077/1124/1048 1101/1151/1072
f 1076/1123/1047 1114/1165/1085 1074/1121/1045
f 707/717/677 1074/1121/1045 1114/1165/1085
f 705/715/675 707/717/677 1114/1165/1085
f 704/714/674 705/715/675 1114/1165/1085
f 1112/1163/1083 704/714/674 1114/1165/1085
f 704/714/674 1112/1163/1083 1111/1162/1082
f 707/717/677 1064/1110/1034 1074/1121/1045
f 1064/1110/1034 1070/1117/1041 1074/1121/1045
f 1110/1161/1081 1115/1166/1086 1111/1162/1082
f 1115/1166/1086 1116/1167/1087 1111/1162/1082
f 1116/1167/1087 704/714/674 1111/1162/1082
f 704/714/674 1116/1167/1087 1117/1168/1088
f 702/712/672 704/714/674 1117/1168/1088
f 1118/1169/1089 1117/1168/1088 1116/1167/1087
f 1115/1166/1086 1118/1169/1089 1116/1167/1087
f 1118/1169/1089 1115/1166/1086 1119/1170/1090
f 1118/1169/1089 1119/1170/1090 1120/1171/1091
f 1121/1172/1092 1118/1169/1089 1120/1171/1091
f 1118/1169/1089 1121/1172/1092 1117/1168/1088
f 1121/1172/1092 1120/1171/1091 696/706/666
f 696/706/666 1120/1171/1091 697/707/667
f 1120/1171/1091 1122/1173/1093 697/707/667
f 1122/1173/1093 1120/1171/1091 1119/1170/1090
f 695/705/665 1121/1172/1092 696/706/666
f 1123/1174/1094 1121/1172/1092 695/705/665
f 1117/1168/1088 1123/1174/1094 702/712/672
f 1121/1172/1092 1123/1174/1094 1117/1168/1088
f 694/704/664 1123/1174/1094 695/705/665
f 698/708/668 697/707/667 1122/1173/1093
f 1124/1175/1095 698/708/668 1122/1173/1093
f 1124/1175/1095 763/1176/733 698/708/668
f 763/1176/733 699/709/669 698/708/668
f 763/1176/733 1124/1175/1095 764/1177/734
f 1124/1175/1095 1125/1178/1096 764/1177/734
f 1124/1175/1095 1122/1173/1093 1125/1178/1096
f 1122/1173/1093 1126/1179/1097 1125/1178/1096
f 1126/1179/1097 1122/1173/1093 1119/1170/1090
f 1119/1170/1090 1127/1180/1098 1126/1179/1097
f 1127/1180/1098 1128/1181/1099 1126/1179/1097
f 1126/1179/1097 1128/1181/1099 1125/1178/1096
f 700/710/670 1123/1174/1094 694/704/664
f 1115/1166/1086 1127/1180/1098 1119/1170/1090
f 1123/1174/1094 700/710/670 702/712/672
f 764/1177/734 1125/1178/1096 768/1182/738
f 1125/1178/1096 1129/1183/1100 768/1182/738
f 1128/1181/1099 1129/1183/1100 1125/1178/1096
f 1127/1180/1098 1109/1160/1080 1128/1181/1099
f 1109/1160/1080 1113/1164/1084 1128/1181/1099
f 1130/1184/1101 1129/1183/1100 1128/1181/1099
f 1113/1164/1084 1130/1184/1101 1128/1181/1099
f 769/1185/739 768/1182/738 1129/1183/1100
f 1130/1184/1101 769/1185/739 1129/1183/1100
f 1127/1180/1098 1115/1166/1086 1110/1161/1081
f 1109/1160/1080 1127/1180/1098 1110/1161/1081
f 856/867/826 858/869/828 1131/1186/1102
f 860/871/830 856/867/826 1131/1186/1102
f 1131/1186/1102 858/869/828 1132/1187/1103
f 858/869/828 859/870/829 1132/1187/1103
f 1132/1187/1103 859/870/829 1133/1188/1104
f 1134/1189/1105 1132/1187/1103 1133/1188/1104
f 1133/1188/1104 859/870/829 848/859/818
f 1133/1188/1104 848/859/818 809/820/779
f 812/823/782 1133/1188/1104 809/820/779
f 1134/1189/1105 1133/1188/1104 812/823/782
f 809/820/779 848/859/818 808/819/778
f 813/824/783 1134/1189/1105 812/823/782
f 860/871/830 1131/1186/1102 1135/1190/1106
f 1136/1191/1107 860/871/830 1135/1190/1106
f 1137/1192/1108 860/871/830 1136/1191/1107
f 1137/1192/1108 1136/1191/1107 1138/1193/1109
f 1139/1194/1110 1137/1192/1108 1138/1193/1109
f 1138/1193/1109 1140/1195/1111 1139/1194/1110
f 1141/1196/1112 1140/1195/1111 1138/1193/1109
f 1142/1197/1113 1141/1196/1112 1138/1193/1109
f 1136/1191/1107 1135/1190/1106 1142/1197/1113
f 1138/1193/1109 1136/1191/1107 1142/1197/1113
f 1140/1195/1111 1141/1196/1112 1143/1198/1114
f 1143/1198/1114 1141/1196/1112 1144/1199/1115
f 1141/1196/1112 1145/1200/1116 1144/1199/1115
f 1145/1200/1116 1141/1196/1112 1142/1197/1113
f 1146/1201/1117 1140/1195/1111 1143/1198/1114
f 1147/1202/1118 1140/1195/1111 1146/1201/1117
f 1140/1195/1111 1147/1202/1118 1139/1194/1110
f 1148/1203/1119 1147/1202/1118 1146/1201/1117
f 1146/1201/1117 1143/1198/1114 1149/1204/1120
f 1150/1205/1121 1146/1201/1117 1149/1204/1120
f 1146/1201/1117 1150/1205/1121 1148/1203/1119
f 1150/1205/1121 1149/1204/1120 1151/1206/1122
f 1151/1206/1122 1149/1204/1120 1152/1207/1123
f 1151/1206/1122 1152/1207/1123 1153/1208/1124
f 1154/1209/1125 1151/1206/1122 1153/1208/1124
f 1155/1210/1126 1151/1206/1122 1154/1209/1125
f 1155/1210/1126 1150/1205/1121 1151/1206/1122
f 1156/1211/1127 1150/1205/1121 1155/1210/1126
f 1150/1205/1121 1156/1211/1127 1148/1203/1119
f 1157/1212/1128 1156/1211/1127 1155/1210/1126
f 1157/1212/1128 1155/1210/1126 1158/1213/1129
f 1158/1213/1129 1155/1210/1126 1154/1209/1125
f 1159/1214/1130 1157/1212/1128 1158/1213/1129
f 1149/1204/1120 1160/1215/1131 1152/1207/1123
f 1160/1215/1131 1149/1204/1120 1143/1198/1114
f 1144/1199/1115 1160/1215/1131 1143/1198/1114
f 1161/1216/1132 1159/1214/1130 1158/1213/1129
f 1162/1217/1133 1161/1216/1132 1158/1213/1129
f 1162/1217/1133 1158/1213/1129 1154/1209/1125
f 1163/1218/1134 1161/1216/1132 1162/1217/1133
f 1164/1219/1135 1163/1218/1134 1162/1217/1133
f 1165/1220/1136 1162/1217/1133 1154/1209/1125
f 1165/1220/1136 1154/1209/1125 1153/1208/1124
f 1164/1219/1135 1162/1217/1133 1165/1220/1136
f 1166/1221/1137 1165/1220/1136 1153/1208/1124
f 1167/1222/1138 1165/1220/1136 1166/1221/1137
f 1167/1222/1138 1164/1219/1135 1165/1220/1136
f 1168/1223/1139 1164/1219/1135 1167/1222/1138
f 1169/1224/1140 1168/1223/1139 1167/1222/1138
f 1170/1225/1141 1167/1222/1138 1166/1221/1137
f 1167/1222/1138 1170/1225/1141 1169/1224/1140
f 1164/1219/1135 1168/1223/1139 1171/1226/1142
f 1163/1218/1134 1164/1219/1135 1171/1226/1142
f 1172/1227/1143 1171/1226/1142 1168/1223/1139
f 1173/1228/1144 1172/1227/1143 1168/1223/1139
f 1173/1228/1144 1168/1223/1139 1169/1224/1140
f 1174/1229/1145 1173/1228/1144 1169/1224/1140
f 1174/1229/1145 1169/1224/1140 1175/1230/1146
f 1170/1225/1141 1175/1230/1146 1169/1224/1140
f 1176/1231/1147 1174/1229/1145 1175/1230/1146
f 1173/1228/1144 1174/1229/1145 1177/1232/1148
f 1174/1229/1145 1178/1233/1149 1177/1232/1148
f 1178/1233/1149 1174/1229/1145 1176/1231/1147
f 1173/1228/1144 1177/1232/1148 1179/1234/1150
f 1172/1227/1143 1173/1228/1144 1179/1234/1150
f 1180/1235/1151 1179/1234/1150 1177/1232/1148
f 1181/1236/1152 1180/1235/1151 1177/1232/1148
f 1181/1236/1152 1177/1232/1148 1178/1233/1149
f 925/936/895 1180/1235/1151 1181/1236/1152
f 924/935/894 925/936/895 1181/1236/1152
f 924/935/894 1181/1236/1152 1182/1237/1153
f 1182/1237/1153 1181/1236/1152 1178/1233/1149
f 923/934/893 924/935/894 1182/1237/1153
f 923/934/893 1182/1237/1153 1183/1238/1154
f 1178/1233/1149 1183/1238/1154 1182/1237/1153
f 1178/1233/1149 1184/1239/1155 1183/1238/1154
f 1184/1239/1155 1178/1233/1149 1176/1231/1147
f 1184/1239/1155 1185/1240/1156 1183/1238/1154
f 926/937/896 923/934/893 1183/1238/1154
f 1183/1238/1154 1185/1240/1156 926/937/896
f 1185/1240/1156 929/940/899 926/937/896
f 1175/1230/1146 1186/1241/1157 1176/1231/1147
f 1187/1242/1158 1186/1241/1157 1175/1230/1146
f 1187/1242/1158 1188/1243/1159 1186/1241/1157
f 1189/1244/1160 1188/1243/1159 1187/1242/1158
f 1190/1245/1161 1189/1244/1160 1187/1242/1158
f 1191/1246/1162 1189/1244/1160 1190/1245/1161
f 1192/1247/1163 1191/1246/1162 1190/1245/1161
f 1193/1248/1164 1191/1246/1162 1192/1247/1163
f 1194/1249/1165 1193/1248/1164 1192/1247/1163
f 1194/1249/1165 1195/1250/1166 1193/1248/1164
f 1195/1250/1166 1196/1251/1167 1193/1248/1164
f 1195/1250/1166 1197/1252/1168 1196/1251/1167
f 1197/1252/1168 1198/1253/1169 1196/1251/1167
f 1199/1254/1170 1198/1253/1169 1197/1252/1168
f 1200/1255/1171 1199/1254/1170 1197/1252/1168
f 1188/1243/1159 1201/1256/1172 1186/1241/1157
f 1170/1225/1141 1187/1242/1158 1175/1230/1146
f 1187/1242/1158 1170/1225/1141 1190/1245/1161
f 1170/1225/1141 1166/1221/1137 1190/1245/1161
f 1190/1245/1161 1166/1221/1137 1153/1208/1124
f 1192/1247/1163 1190/1245/1161 1153/1208/1124
f 1194/1249/1165 1192/1247/1163 1153/1208/1124
f 1152/1207/1123 1194/1249/1165 1153/1208/1124
f 1194/1249/1165 1152/1207/1123 1195/1250/1166
f 1152/1207/1123 1160/1215/1131 1195/1250/1166
f 1195/1250/1166 1160/1215/1131 1144/1199/1115
f 1197/1252/1168 1195/1250/1166 1144/1199/1115
f 1197/1252/1168 1144/1199/1115 1145/1200/1116
f 1200/1255/1171 1197/1252/1168 1145/1200/1116
f 1199/1254/1170 1202/1257/1173 1198/1253/1169
f 1203/1258/1174 1202/1257/1173 1199/1254/1170
f 1202/1257/1173 1203/1258/1174 1204/1259/1175
f 1203/1258/1174 1205/1260/1176 1204/1259/1175
f 1206/1261/1177 1202/1257/1173 1204/1259/1175
f 1206/1261/1177 1204/1259/1175 1207/1262/1178
f 1208/1263/1179 1206/1261/1177 1207/1262/1178
f 1207/1262/1178 1209/1264/1180 1208/1263/1179
f 1209/1264/1180 1210/1265/1181 1208/1263/1179
f 1208/1263/1179 1210/1265/1181 1211/1266/1182
f 1212/1267/1183 1208/1263/1179 1211/1266/1182
f 1211/1266/1182 1210/1265/1181 1213/1268/1184
f 1211/1266/1182 1213/1268/1184 1214/1269/1185
f 1215/1270/1186 1211/1266/1182 1214/1269/1185
f 1216/1271/1187 1215/1270/1186 1214/1269/1185
f 1217/1272/1188 1216/1271/1187 1214/1269/1185
f 1218/1273/1189 1216/1271/1187 1217/1272/1188
f 1219/1274/1190 1218/1273/1189 1217/1272/1188
f 1218/1273/1189 1219/1274/1190 1220/1275/1191
f 1219/1274/1190 1221/1276/1192 1220/1275/1191
f 1221/1276/1192 1222/1277/1193 1220/1275/1191
f 1222/1277/1193 1223/1278/1194 1220/1275/1191
f 1220/1275/1191 1223/1278/1194 1224/1279/1195
f 1224/1279/1195 1223/1278/1194 1225/1280/1196
f 1223/1278/1194 1222/1277/1193 1225/1280/1196
f 1226/1281/1197 1224/1279/1195 1225/1280/1196
f 1227/1282/1198 1220/1275/1191 1224/1279/1195
f 1222/1277/1193 1228/1283/1199 1225/1280/1196
f 1229/1284/1200 1224/1279/1195 1226/1281/1197
f 1230/1285/1201 1229/1284/1200 1226/1281/1197
f 1231/1286/1202 1227/1282/1198 1224/1279/1195
f 1229/1284/1200 1231/1286/1202 1224/1279/1195
f 1231/1286/1202 1232/1287/1203 1227/1282/1198
f 1232/1287/1203 1233/1288/1204 1227/1282/1198
f 1233/1288/1204 1218/1273/1189 1220/1275/1191
f 1227/1282/1198 1233/1288/1204 1220/1275/1191
f 1232/1287/1203 1234/1289/1205 1233/1288/1204
f 1235/1290/1206 1233/1288/1204 1234/1289/1205
f 1236/1291/1207 1235/1290/1206 1234/1289/1205
f 1235/1290/1206 1236/1291/1207 1237/1292/1208
f 1238/1293/1209 1235/1290/1206 1237/1292/1208
f 1237/1292/1208 1239/1294/1210 1238/1293/1209
f 1238/1293/1209 1239/1294/1210 1212/1267/1183
f 1239/1294/1210 1240/1295/1211 1212/1267/1183
f 1212/1267/1183 1240/1295/1211 1208/1263/1179
f 1240/1295/1211 1206/1261/1177 1208/1263/1179
f 1240/1295/1211 1241/1296/1212 1206/1261/1177
f 1241/1296/1212 1202/1257/1173 1206/1261/1177
f 1239/1294/1210 1237/1292/1208 1242/1297/1213
f 1242/1297/1213 1237/1292/1208 1236/1291/1207
f 1243/1298/1214 1239/1294/1210 1242/1297/1213
f 1243/1298/1214 1241/1296/1212 1240/1295/1211
f 1239/1294/1210 1243/1298/1214 1240/1295/1211
f 1244/1299/1215 1242/1297/1213 1236/1291/1207
f 1245/1300/1216 1244/1299/1215 1236/1291/1207
f 1234/1289/1205 1245/1300/1216 1236/1291/1207
f 1234/1289/1205 1232/1287/1203 1245/1300/1216
f 1232/1287/1203 1246/1301/1217 1245/1300/1216
f 1246/1301/1217 1232/1287/1203 1231/1286/1202
f 1247/1302/1218 1246/1301/1217 1231/1286/1202
f 1247/1302/1218 1231/1286/1202 1229/1284/1200
f 1248/1303/1219 1247/1302/1218 1229/1284/1200
f 1248/1303/1219 1229/1284/1200 1230/1285/1201
f 1249/1304/1220 1248/1303/1219 1230/1285/1201
f 1250/1305/1221 1249/1304/1220 1230/1285/1201
f 1250/1305/1221 1251/1306/1222 1249/1304/1220
f 1251/1306/1222 1250/1305/1221 1252/1307/1223
f 1250/1305/1221 1085/1308/1056 1252/1307/1223
f 1253/1309/1224 1252/1307/1223 1085/1308/1056
f 1084/1310/1055 1253/1309/1224 1085/1308/1056
f 1253/1309/1224 1084/1310/1055 1254/1311/1225
f 1084/1310/1055 1088/1312/1059 1254/1311/1225
f 1255/1313/1226 1253/1309/1224 1254/1311/1225
f 1088/1312/1059 1256/1314/1227 1254/1311/1225
f 1256/1314/1227 1257/1315/1228 1254/1311/1225
f 1254/1311/1225 1257/1315/1228 1255/1313/1226
f 1257/1315/1228 1258/1316/1229 1255/1313/1226
f 1255/1313/1226 1258/1316/1229 1259/1317/1230
f 1258/1316/1229 1260/1318/1231 1259/1317/1230
f 1261/1319/1232 1259/1317/1230 1260/1318/1231
f 1262/1320/1233 1261/1319/1232 1260/1318/1231
f 1261/1319/1232 1262/1320/1233 1263/1321/1234
f 1262/1320/1233 1264/1322/1235 1263/1321/1234
f 1264/1322/1235 1262/1320/1233 1265/1323/1236
f 1266/1324/1237 1264/1322/1235 1265/1323/1236
f 1267/1325/1238 1264/1322/1235 1266/1324/1237
f 1264/1322/1235 1267/1325/1238 1263/1321/1234
f 1268/1326/1239 1267/1325/1238 1266/1324/1237
f 1267/1325/1238 1269/1327/1240 1263/1321/1234
f 1266/1324/1237 1265/1323/1236 1270/1328/1241
f 1271/1329/1242 1266/1324/1237 1270/1328/1241
f 1268/1326/1239 1266/1324/1237 1271/1329/1242
f 1272/1330/1243 1268/1326/1239 1271/1329/1242
f 1262/1320/1233 1260/1318/1231 1273/1331/1244
f 1265/1323/1236 1262/1320/1233 1273/1331/1244
f 1268/1326/1239 1274/1332/1245 1267/1325/1238
f 1268/1326/1239 1272/1330/1243 1274/1332/1245
f 1274/1332/1245 1275/1333/1246 1267/1325/1238
f 1267/1325/1238 1275/1333/1246 1269/1327/1240
f 1274/1332/1245 1276/1334/1247 1275/1333/1246
f 1276/1334/1247 1277/1335/1248 1275/1333/1246
f 1276/1334/1247 1278/1336/1249 1277/1335/1248
f 1279/1337/1250 1278/1336/1249 1276/1334/1247
f 1279/1337/1250 1280/1338/1251 1278/1336/1249
f 1280/1338/1251 1281/1339/1252 1278/1336/1249
f 1281/1339/1252 1280/1338/1251 1282/1340/1253
f 1280/1338/1251 1283/1341/1254 1282/1340/1253
f 1282/1340/1253 1283/1341/1254 1284/1342/1255
f 1283/1341/1254 1285/1343/1256 1284/1342/1255
f 1282/1340/1253 1286/1344/1257 1281/1339/1252
f 1286/1344/1257 1287/1345/1258 1281/1339/1252
f 1286/1344/1257 1288/1346/1259 1287/1345/1258
f 1289/1347/1260 1288/1346/1259 1286/1344/1257
f 1290/1348/1261 1289/1347/1260 1286/1344/1257
f 1282/1340/1253 1284/1342/1255 1290/1348/1261
f 1286/1344/1257 1282/1340/1253 1290/1348/1261
f 1288/1346/1259 1291/1349/1262 1287/1345/1258
f 1290/1348/1261 1284/1342/1255 1292/1350/1263
f 1284/1342/1255 1293/1351/1264 1292/1350/1263
f 1284/1342/1255 1285/1343/1256 1293/1351/1264
f 1292/1350/1263 1293/1351/1264 776/787/746
f 1293/1351/1264 777/788/747 776/787/746
f 1292/1350/1263 776/787/746 780/791/750
f 1294/1352/1265 1292/1350/1263 780/791/750
f 1290/1348/1261 1292/1350/1263 1294/1352/1265
f 1289/1347/1260 1290/1348/1261 1294/1352/1265
f 1295/1353/1266 777/788/747 1293/1351/1264
f 777/788/747 1295/1353/1266 1296/1354/1267
f 773/784/743 777/788/747 1296/1354/1267
f 773/784/743 1296/1354/1267 771/782/741
f 1297/1355/1268 1295/1353/1266 1293/1351/1264
f 1285/1343/1256 1297/1355/1268 1293/1351/1264
f 745/755/715 1295/1353/1266 1297/1355/1268
f 743/753/713 745/755/715 1297/1355/1268
f 743/753/713 1297/1355/1268 1285/1343/1256
f 771/782/741 1296/1354/1267 749/759/719
f 749/759/719 751/761/721 771/782/741
f 1296/1354/1267 747/757/717 749/759/719
f 1295/1353/1266 745/755/715 747/757/717
f 1296/1354/1267 1295/1353/1266 747/757/717
f 740/750/710 743/753/713 1285/1343/1256
f 738/748/708 740/750/710 1285/1343/1256
f 1283/1341/1254 738/748/708 1285/1343/1256
f 732/742/702 738/748/708 1283/1341/1254
f 1280/1338/1251 732/742/702 1283/1341/1254
f 732/742/702 1280/1338/1251 1279/1337/1250
f 729/739/699 732/742/702 1279/1337/1250
f 729/739/699 1279/1337/1250 1298/1356/1269
f 1298/1356/1269 1279/1337/1250 1276/1334/1247
f 1298/1356/1269 1276/1334/1247 1274/1332/1245
f 1299/1357/1270 1298/1356/1269 1274/1332/1245
f 1272/1330/1243 1299/1357/1270 1274/1332/1245
f 727/737/697 729/739/699 1298/1356/1269
f 1272/1330/1243 719/729/689 1299/1357/1270
f 719/729/689 725/735/695 1299/1357/1270
f 725/735/695 727/737/697 1298/1356/1269
f 1299/1357/1270 725/735/695 1298/1356/1269
f 719/729/689 1272/1330/1243 720/730/690
f 1272/1330/1243 1271/1329/1242 720/730/690
f 720/730/690 1271/1329/1242 722/732/692
f 1271/1329/1242 1270/1328/1241 722/732/692
f 724/734/694 722/732/692 1270/1328/1241
f 1300/1358/1271 724/734/694 1270/1328/1241
f 1270/1328/1241 1265/1323/1236 1300/1358/1271
f 1265/1323/1236 1273/1331/1244 1300/1358/1271
f 1300/1358/1271 1301/1359/1272 724/734/694
f 1301/1359/1272 1068/1115/1039 724/734/694
f 1068/1115/1039 1301/1359/1272 1069/1116/1040
f 1301/1359/1272 1302/1360/1273 1069/1116/1040
f 1069/1116/1040 1302/1360/1273 1065/1112/1036
f 1302/1360/1273 1071/1118/1042 1065/1112/1036
f 1071/1118/1042 1303/1361/1274 1072/1119/1043
f 1303/1361/1274 1304/1362/1275 1072/1119/1043
f 1304/1362/1275 1087/1134/1058 1072/1119/1043
f 1087/1134/1058 1304/1362/1275 1086/1133/1057
f 1304/1362/1275 1305/1363/1276 1086/1133/1057
f 1086/1133/1057 1305/1363/1276 1088/1135/1059
f 1305/1363/1276 1256/1364/1227 1088/1135/1059
f 775/786/745 772/783/742 1306/1365/1277
f 781/792/751 775/786/745 1306/1365/1277
f 1306/1365/1277 772/783/742 770/781/740
f 1307/1366/1278 1278/1336/1249 1281/1339/1252
f 1287/1345/1258 1307/1366/1278 1281/1339/1252
f 1308/1367/1279 1307/1366/1278 1287/1345/1258
f 1308/1367/1279 1309/1368/1280 1307/1366/1278
f 1309/1368/1280 1277/1335/1248 1307/1366/1278
f 1278/1336/1249 1307/1366/1278 1277/1335/1248
f 1291/1349/1262 1308/1367/1279 1287/1345/1258
f 1277/1335/1248 1309/1368/1280 1310/1369/1281
f 1275/1333/1246 1277/1335/1248 1310/1369/1281
f 1275/1333/1246 1310/1369/1281 1269/1327/1240
f 821/832/791 1269/1327/1240 1310/1369/1281
f 821/832/791 824/835/794 1269/1327/1240
f 824/835/794 1263/1321/1234 1269/1327/1240
f 824/835/794 825/836/795 1263/1321/1234
f 825/836/795 1261/1319/1232 1263/1321/1234
f 1261/1319/1232 825/836/795 1259/1317/1230
f 825/836/795 827/838/797 1259/1317/1230
f 1259/1317/1230 827/838/797 1255/1313/1226
f 827/838/797 829/840/799 1255/1313/1226
f 1253/1309/1224 1255/1313/1226 829/840/799
f 832/843/802 1253/1309/1224 829/840/799
f 1252/1307/1223 1253/1309/1224 832/843/802
f 833/844/803 1252/1307/1223 832/843/802
f 820/831/790 821/832/791 1310/1369/1281
f 1252/1307/1223 833/844/803 1251/1306/1222
f 833/844/803 1311/1370/1282 1251/1306/1222
f 1311/1370/1282 833/844/803 834/845/804
f 1312/1371/1283 1311/1370/1282 834/845/804
f 1311/1370/1282 1312/1371/1283 1313/1372/1284
f 1312/1371/1283 1314/1373/1285 1313/1372/1284
f 1314/1373/1285 1315/1374/1286 1313/1372/1284
f 1315/1374/1286 1316/1375/1287 1313/1372/1284
f 1201/1256/1172 1316/1375/1287 1315/1374/1286
f 1186/1241/1157 1201/1256/1172 1315/1374/1286
f 1186/1241/1157 1315/1374/1286 1176/1231/1147
f 1312/1371/1283 834/845/804 929/940/899
f 1185/1240/1156 1312/1371/1283 929/940/899
f 1312/1371/1283 1185/1240/1156 1184/1239/1155
f 1314/1373/1285 1312/1371/1283 1184/1239/1155
f 1184/1239/1155 1176/1231/1147 1315/1374/1286
f 1314/1373/1285 1184/1239/1155 1315/1374/1286
f 1316/1375/1287 1248/1303/1219 1313/1372/1284
f 1248/1303/1219 1249/1304/1220 1313/1372/1284
f 1249/1304/1220 1251/1306/1222 1311/1370/1282
f 1313/1372/1284 1249/1304/1220 1311/1370/1282
f 1247/1302/1218 1248/1303/1219 1316/1375/1287
f 1201/1256/1172 1247/1302/1218 1316/1375/1287
f 1246/1301/1217 1247/1302/1218 1201/1256/1172
f 1188/1243/1159 1246/1301/1217 1201/1256/1172
f 1245/1300/1216 1246/1301/1217 1188/1243/1159
f 1189/1244/1160 1245/1300/1216 1188/1243/1159
f 1189/1244/1160 1191/1246/1162 1245/1300/1216
f 1191/1246/1162 1244/1299/1215 1245/1300/1216
f 1244/1299/1215 1191/1246/1162 1242/1297/1213
f 1191/1246/1162 1193/1248/1164 1242/1297/1213
f 1243/1298/1214 1242/1297/1213 1193/1248/1164
f 1196/1251/1167 1243/1298/1214 1193/1248/1164
f 1241/1296/1212 1243/1298/1214 1196/1251/1167
f 1198/1253/1169 1241/1296/1212 1196/1251/1167
f 1202/1257/1173 1241/1296/1212 1198/1253/1169
f 1306/1376/1277 1318/1377/1288 1317/1378/1289
f 781/1379/751 1306/1376/1277 1317/1378/1289
f 781/1379/751 1317/1378/1289 783/1380/753
f 1317/1378/1289 1319/1381/1290 783/1380/753
f 1319/1381/1290 1320/1382/1291 783/1380/753
f 1320/1382/1291 785/1383/755 783/1380/753
f 1306/1376/1277 770/1384/740 1318/1377/1288
f 770/1384/740 1321/1385/1292 1318/1377/1288
f 770/1384/740 769/1386/739 1321/1385/1292
f 769/1386/739 1322/1387/1293 1321/1385/1292
f 785/1383/755 1320/1382/1291 1323/1388/1294
f 792/1389/762 785/1383/755 1323/1388/1294
f 792/1389/762 1323/1388/1294 1324/1390/1295
f 1103/1391/1074 792/1389/762 1324/1390/1295
f 1103/1391/1074 1324/1390/1295 1325/1392/1296
f 1102/1393/1073 1103/1391/1074 1325/1392/1296
f 1325/1392/1296 1326/1394/1297 1102/1393/1073
f 1326/1394/1297 1107/1395/1078 1102/1393/1073
f 1326/1394/1297 1327/1396/1298 1107/1395/1078
f 1327/1396/1298 1113/1397/1084 1107/1395/1078
f 1113/1397/1084 1327/1396/1298 1130/1398/1101
f 1327/1396/1298 1328/1399/1299 1130/1398/1101
f 1130/1398/1101 1328/1399/1299 1322/1400/1293
f 769/1401/739 1130/1398/1101 1322/1400/1293
f 1322/1400/1293 1328/1399/1299 1329/1402/1300
f 1330/1403/1301 1322/1400/1293 1329/1402/1300
f 1330/1403/1301 1329/1402/1300 1331/1404/1302
f 1332/1405/1303 1330/1403/1301 1331/1404/1302
f 1332/1405/1303 1331/1404/1302 1333/1406/1304
f 1334/1407/1305 1332/1405/1303 1333/1406/1304
f 1333/1406/1304 1331/1404/1302 1335/1408/1306
f 1331/1404/1302 1336/1409/1307 1335/1408/1306
f 1331/1404/1302 1329/1402/1300 1336/1409/1307
f 1335/1408/1306 1336/1409/1307 1337/1410/1308
f 1336/1409/1307 1338/1411/1309 1337/1410/1308
f 1337/1410/1308 1338/1411/1309 1339/1412/1310
f 1338/1411/1309 1340/1413/1311 1339/1412/1310
f 1339/1412/1310 1340/1413/1311 1341/1414/1312
f 1340/1413/1311 1342/1415/1313 1341/1414/1312
f 1341/1414/1312 1342/1415/1313 1343/1416/1314
f 1342/1415/1313 1344/1417/1315 1343/1416/1314
f 1343/1416/1314 1344/1417/1315 1345/1418/1316
f 1344/1417/1315 1346/1419/1317 1345/1418/1316
f 1345/1418/1316 1346/1419/1317 1347/1420/1318
f 1346/1419/1317 1348/1421/1319 1347/1420/1318
f 1347/1420/1318 1348/1421/1319 1349/1422/1320
f 1348/1421/1319 1350/1423/1321 1349/1422/1320
f 1349/1422/1320 1350/1423/1321 1351/1424/1322
f 1350/1423/1321 1352/1425/1323 1351/1424/1322
f 1351/1424/1322 1352/1425/1323 1353/1426/1324
f 1352/1425/1323 1354/1427/1325 1353/1426/1324
f 1353/1426/1324 1354/1427/1325 1334/1428/1305
f 1354/1427/1325 1332/1429/1303 1334/1428/1305
f 1344/1417/1315 1355/1430/1326 1346/1419/1317
f 1355/1430/1326 1356/1431/1327 1346/1419/1317
f 1346/1419/1317 1356/1431/1327 1348/1421/1319
f 1356/1431/1327 1357/1432/1328 1348/1421/1319
f 1348/1421/1319 1357/1432/1328 1350/1423/1321
f 1357/1432/1328 1358/1433/1329 1350/1423/1321
f 1350/1423/1321 1358/1433/1329 1352/1425/1323
f 1358/1433/1329 1359/1434/1330 1352/1425/1323
f 1352/1425/1323 1359/1434/1330 1354/1427/1325
f 1359/1434/1330 1360/1435/1331 1354/1427/1325
f 1354/1427/1325 1360/1435/1331 1332/1429/1303
f 1360/1435/1331 1330/1436/1301 1332/1429/1303
f 1349/1422/1320 1351/1424/1322 1361/1437/1332
f 1362/1438/1333 1349/1422/1320 1361/1437/1332
f 1362/1438/1333 1361/1437/1332 1363/1439/1334
f 1364/1440/1335 1362/1438/1333 1363/1439/1334
f 1365/1441/1336 1362/1438/1333 1364/1440/1335
f 1366/1442/1337 1365/1441/1336 1364/1440/1335
f 1367/1443/1338 1365/1441/1336 1366/1442/1337
f 1368/1444/1339 1367/1443/1338 1366/1442/1337
f 1369/1445/1340 1367/1443/1338 1368/1444/1339
f 1370/1446/1341 1369/1445/1340 1368/1444/1339
f 1363/1439/1334 1361/1437/1332 1371/1447/1342
f 1361/1437/1332 1372/1448/1343 1371/1447/1342
f 1371/1447/1342 1372/1448/1343 1373/1449/1344
f 1372/1448/1343 1374/1450/1345 1373/1449/1344
f 1375/1451/1346 1369/1445/1340 1370/1446/1341
f 1376/1452/1347 1375/1451/1346 1370/1446/1341
f 1377/1453/1348 1375/1451/1346 1376/1452/1347
f 1378/1454/1349 1377/1453/1348 1376/1452/1347
f 1379/1455/1350 1377/1453/1348 1378/1454/1349
f 1380/1456/1351 1379/1455/1350 1378/1454/1349
f 1381/1457/1352 1379/1455/1350 1380/1456/1351
f 1382/1458/1353 1381/1457/1352 1380/1456/1351
f 1383/1459/1354 1381/1457/1352 1382/1458/1353
f 1384/1460/1355 1383/1459/1354 1382/1458/1353
f 1374/1461/1345 1383/1459/1354 1384/1460/1355
f 1373/1462/1344 1374/1461/1345 1384/1460/1355
f 1372/1448/1343 1353/1426/1324 1374/1450/1345
f 1351/1424/1322 1353/1426/1324 1372/1448/1343
f 1353/1426/1324 1334/1428/1305 1374/1450/1345
f 1374/1461/1345 1334/1407/1305 1383/1459/1354
f 1334/1407/1305 1333/1406/1304 1383/1459/1354
f 1383/1459/1354 1333/1406/1304 1381/1457/1352
f 1333/1406/1304 1335/1408/1306 1381/1457/1352
f 1381/1457/1352 1335/1408/1306 1379/1455/1350
f 1335/1408/1306 1337/1410/1308 1379/1455/1350
f 1379/1455/1350 1337/1410/1308 1377/1453/1348
f 1337/1410/1308 1339/1412/1310 1377/1453/1348
f 1377/1453/1348 1339/1412/1310 1375/1451/1346
f 1339/1412/1310 1341/1414/1312 1375/1451/1346
f 1375/1451/1346 1341/1414/1312 1369/1445/1340
f 1341/1414/1312 1343/1416/1314 1369/1445/1340
f 1369/1445/1340 1343/1416/1314 1367/1443/1338
f 1343/1416/1314 1345/1418/1316 1367/1443/1338
f 1367/1443/1338 1345/1418/1316 1365/1441/1336
f 1345/1418/1316 1347/1420/1318 1365/1441/1336
f 1365/1441/1336 1347/1420/1318 1362/1438/1333
f 1347/1420/1318 1349/1422/1320 1362/1438/1333
f 1387/1463/1356 1386/1464/1357 1385/1465/1358
f 1388/1466/1359 1387/1463/1356 1385/1465/1358
f 1385/1465/1358 1386/1464/1357 1389/1467/1360
f 1386/1464/1357 1390/1468/1361 1389/1467/1360
f 1389/1467/1360 1390/1468/1361 1391/1469/1362
f 1390/1468/1361 1392/1470/1363 1391/1469/1362
f 1391/1469/1362 1392/1470/1363 1393/1471/1364
f 1392/1470/1363 1394/1472/1365 1393/1471/1364
f 1393/1471/1364 1394/1472/1365 1395/1473/1366
f 1394/1472/1365 1396/1474/1367 1395/1473/1366
f 1395/1473/1366 1396/1474/1367 1397/1475/1368
f 1396/1474/1367 1398/1476/1369 1397/1475/1368
f 1387/1463/1356 1399/1477/1370 1386/1464/1357
f 1399/1477/1370 1400/1478/1371 1386/1464/1357
f 1386/1464/1357 1400/1478/1371 1390/1468/1361
f 1399/1477/1370 1401/1479/1372 1400/1478/1371
f 1401/1479/1372 1402/1480/1373 1400/1478/1371
f 1400/1478/1371 1402/1480/1373 1403/1481/1374
f 1400/1478/1371 1403/1481/1374 1390/1468/1361
f 1390/1468/1361 1403/1481/1374 1392/1470/1363
f 1402/1480/1373 1404/1482/1375 1403/1481/1374
f 1403/1481/1374 1404/1482/1375 1405/1483/1376
f 1403/1481/1374 1405/1483/1376 1392/1470/1363
f 1392/1470/1363 1405/1483/1376 1394/1472/1365
f 1404/1482/1375 1406/1484/1377 1405/1483/1376
f 1405/1483/1376 1406/1484/1377 1407/1485/1378
f 1405/1483/1376 1407/1485/1378 1394/1472/1365
f 1394/1472/1365 1407/1485/1378 1396/1474/1367
f 1406/1484/1377 1408/1486/1379 1407/1485/1378
f 1407/1485/1378 1408/1486/1379 1409/1487/1380
f 1407/1485/1378 1409/1487/1380 1396/1474/1367
f 1396/1474/1367 1409/1487/1380 1398/1476/1369
f 1408/1486/1379 1410/1488/1381 1409/1487/1380
f 1409/1487/1380 1410/1488/1381 1411/1489/1382
f 1409/1487/1380 1411/1489/1382 1398/1476/1369
f 1410/1488/1381 1412/1490/1383 1411/1489/1382
f 1413/1491/1384 1401/1479/1372 1399/1477/1370
f 1414/1492/1385 1413/1491/1384 1399/1477/1370
f 1415/1493/1386 1413/1491/1384 1414/1492/1385
f 1416/1494/1387 1415/1493/1386 1414/1492/1385
f 1417/1495/1388 1415/1493/1386 1416/1494/1387
f 1418/1496/1389 1417/1495/1388 1416/1494/1387
f 1419/1497/1390 1417/1495/1388 1418/1496/1389
f 1420/1498/1391 1419/1497/1390 1418/1496/1389
f 1421/1499/1392 1419/1497/1390 1420/1498/1391
f 1422/1500/1393 1421/1499/1392 1420/1498/1391
f 1412/1501/1383 1421/1499/1392 1422/1500/1393
f 1411/1502/1382 1412/1501/1383 1422/1500/1393
f 1411/1502/1382 1422/1500/1393 1423/1503/1394
f 1398/1504/1369 1411/1502/1382 1423/1503/1394
f 1398/1504/1369 1423/1503/1394 1424/1505/1395
f 1397/1506/1368 1398/1504/1369 1424/1505/1395
f 1424/1505/1395 1423/1503/1394 1425/1507/1396
f 1423/1503/1394 1426/1508/1397 1425/1507/1396
f 1422/1500/1393 1420/1498/1391 1426/1508/1397
f 1423/1503/1394 1422/1500/1393 1426/1508/1397
f 1425/1507/1396 1426/1508/1397 1427/1509/1398
f 1426/1508/1397 1428/1510/1399 1427/1509/1398
f 1420/1498/1391 1418/1496/1389 1428/1510/1399
f 1426/1508/1397 1420/1498/1391 1428/1510/1399
f 1427/1509/1398 1428/1510/1399 1429/1511/1400
f 1428/1510/1399 1430/1512/1401 1429/1511/1400
f 1429/1511/1400 1430/1512/1401 1431/1513/1402
f 1430/1512/1401 1432/1514/1403 1431/1513/1402
f 1431/1513/1402 1432/1514/1403 1388/1515/1359
f 1432/1514/1403 1387/1516/1356 1388/1515/1359
f 1428/1510/1399 1418/1496/1389 1430/1512/1401
f 1418/1496/1389 1416/1494/1387 1430/1512/1401
f 1430/1512/1401 1416/1494/1387 1432/1514/1403
f 1416/1494/1387 1414/1492/1385 1432/1514/1403
f 1432/1514/1403 1414/1492/1385 1387/1516/1356
f 1414/1492/1385 1399/1477/1370 1387/1516/1356
f 1397/1506/1368 1424/1505/1395 1433/1517/1404
f 1434/1518/1405 1397/1506/1368 1433/1517/1404
f 1424/1505/1395 1425/1507/1396 1433/1517/1404
f 1433/1517/1404 1425/1507/1396 1435/1519/1406
f 1425/1507/1396 1427/1509/1398 1435/1519/1406
f 1431/1513/1402 1388/1515/1359 1436/1520/1407
f 1437/1521/1408 1431/1513/1402 1436/1520/1407
f 1427/1509/1398 1429/1511/1400 1437/1521/1408
f 1435/1522/1406 1427/1509/1398 1437/1521/1408
f 1429/1511/1400 1431/1513/1402 1437/1521/1408
f 1433/1517/1404 1435/1519/1406 1438/1523/1409
f 1434/1518/1405 1433/1517/1404 1438/1523/1409
f 1437/1521/1408 1436/1520/1407 1438/1524/1409
f 1435/1522/1406 1437/1521/1408 1438/1524/1409
f 1329/1402/1300 1439/1525/1410 1336/1409/1307
f 1336/1409/1307 1439/1525/1410 1338/1411/1309
f 1439/1525/1410 1440/1526/1411 1338/1411/1309
f 1338/1411/1309 1440/1526/1411 1340/1413/1311
f 1440/1526/1411 1441/1527/1412 1340/1413/1311
f 1340/1413/1311 1441/1527/1412 1342/1415/1313
f 1441/1527/1412 1442/1528/1413 1342/1415/1313
f 1342/1415/1313 1442/1528/1413 1344/1417/1315
f 1442/1528/1413 1355/1430/1326 1344/1417/1315
f 1329/1402/1300 1328/1399/1299 1439/1525/1410
f 1328/1399/1299 1327/1396/1298 1439/1525/1410
f 1439/1525/1410 1327/1396/1298 1440/1526/1411
f 1327/1396/1298 1326/1394/1297 1440/1526/1411
f 1440/1526/1411 1326/1394/1297 1441/1527/1412
f 1326/1394/1297 1325/1392/1296 1441/1527/1412
f 1441/1527/1412 1325/1392/1296 1442/1528/1413
f 1325/1392/1296 1324/1390/1295 1442/1528/1413
f 1442/1528/1413 1324/1390/1295 1355/1430/1326
f 1324/1390/1295 1323/1388/1294 1355/1430/1326
f 1355/1430/1326 1323/1388/1294 1356/1431/1327
f 1323/1388/1294 1320/1382/1291 1356/1431/1327
f 1356/1431/1327 1320/1382/1291 1357/1432/1328
f 1320/1382/1291 1319/1381/1290 1357/1432/1328
f 1357/1432/1328 1319/1381/1290 1358/1433/1329
f 1319/1381/1290 1317/1378/1289 1358/1433/1329
f 1358/1433/1329 1317/1378/1289 1359/1434/1330
f 1317/1378/1289 1318/1377/1288 1359/1434/1330
f 1359/1434/1330 1318/1377/1288 1360/1435/1331
f 1318/1377/1288 1321/1385/1292 1360/1435/1331
f 1360/1435/1331 1321/1385/1292 1330/1436/1301
f 1321/1385/1292 1322/1387/1293 1330/1436/1301
f 1361/1437/1332 1351/1424/1322 1372/1448/1343
f 1370/1446/1341 1368/1444/1339 1402/1480/1373
f 1401/1479/1372 1370/1446/1341 1402/1480/1373
f 1402/1480/1373 1368/1444/1339 1404/1482/1375
f 1368/1444/1339 1366/1442/1337 1404/1482/1375
f 1404/1482/1375 1366/1442/1337 1406/1484/1377
f 1366/1442/1337 1364/1440/1335 1406/1484/1377
f 1406/1484/1377 1364/1440/1335 1408/1486/1379
f 1364/1440/1335 1363/1439/1334 1408/1486/1379
f 1408/1486/1379 1363/1439/1334 1410/1488/1381
f 1363/1439/1334 1371/1447/1342 1410/1488/1381
f 1410/1488/1381 1371/1447/1342 1412/1490/1383
f 1371/1447/1342 1373/1449/1344 1412/1490/1383
f 1376/1452/1347 1370/1446/1341 1401/1479/1372
f 1413/1491/1384 1376/1452/1347 1401/1479/1372
f 1378/1454/1349 1376/1452/1347 1413/1491/1384
f 1415/1493/1386 1378/1454/1349 1413/1491/1384
f 1380/1456/1351 1378/1454/1349 1415/1493/1386
f 1417/1495/1388 1380/1456/1351 1415/1493/1386
f 1382/1458/1353 1380/1456/1351 1417/1495/1388
f 1419/1497/1390 1382/1458/1353 1417/1495/1388
f 1384/1460/1355 1382/1458/1353 1419/1497/1390
f 1421/1499/1392 1384/1460/1355 1419/1497/1390
f 1373/1462/1344 1384/1460/1355 1421/1499/1392
f 1412/1501/1383 1373/1462/1344 1421/1499/1392
f 1388/1466/1359 1385/1465/1358 1443/1529/1414
f 1436/1530/1407 1388/1466/1359 1443/1529/1414
f 1385/1465/1358 1389/1467/1360 1443/1529/1414
f 1443/1529/1414 1389/1467/1360 1444/1531/1415
f 1389/1467/1360 1391/1469/1362 1444/1531/1415
f 1438/1532/1409 1436/1530/1407 1443/1529/1414
f 1444/1531/1415 1438/1532/1409 1443/1529/1414
f 1391/1469/1362 1393/1471/1364 1445/1533/1416
f 1444/1534/1415 1391/1469/1362 1445/1533/1416
f 1393/1471/1364 1395/1473/1366 1445/1533/1416
f 1445/1533/1416 1395/1473/1366 1434/1535/1405
f 1395/1473/1366 1397/1475/1368 1434/1535/1405
f 1445/1533/1416 1434/1535/1405 1438/1536/1409
f 1444/1534/1415 1445/1533/1416 1438/1536/1409
f 1273/1537/1244 1260/1538/1231 1446/1539/1417
f 1447/1540/1418 1273/1537/1244 1446/1539/1417
f 1446/1539/1417 1260/1538/1231 1258/1541/1229
f 1448/1542/1419 1446/1539/1417 1258/1541/1229
f 1449/1543/1420 1448/1542/1419 1258/1541/1229
f 1257/1544/1228 1449/1543/1420 1258/1541/1229
f 1300/1545/1271 1273/1537/1244 1447/1540/1418
f 1450/1546/1421 1300/1545/1271 1447/1540/1418
f 1301/1547/1272 1300/1545/1271 1450/1546/1421
f 1451/1548/1422 1301/1547/1272 1450/1546/1421
f 1449/1543/1420 1257/1544/1228 1452/1549/1423
f 1257/1544/1228 1256/1550/1227 1452/1549/1423
f 1452/1549/1423 1256/1550/1227 1453/1551/1424
f 1256/1550/1227 1305/1552/1276 1453/1551/1424
f 1453/1551/1424 1305/1552/1276 1454/1553/1425
f 1305/1552/1276 1304/1554/1275 1454/1553/1425
f 1455/1555/1426 1454/1553/1425 1304/1554/1275
f 1303/1556/1274 1455/1555/1426 1304/1554/1275
f 1456/1557/1427 1455/1555/1426 1303/1556/1274
f 1071/1558/1042 1456/1557/1427 1303/1556/1274
f 1456/1557/1427 1071/1558/1042 1302/1559/1273
f 1457/1560/1428 1456/1557/1427 1302/1559/1273
f 1457/1560/1428 1302/1559/1273 1451/1561/1422
f 1302/1559/1273 1301/1562/1272 1451/1561/1422
f 1457/1560/1428 1451/1561/1422 1458/1563/1429
f 1451/1561/1422 1459/1564/1430 1458/1563/1429
f 1458/1563/1429 1459/1564/1430 1460/1565/1431
f 1459/1564/1430 1461/1566/1432 1460/1565/1431
f 1460/1565/1431 1461/1566/1432 1462/1567/1433
f 1461/1566/1432 1463/1568/1434 1462/1567/1433
f 1460/1565/1431 1462/1567/1433 1464/1569/1435
f 1465/1570/1436 1460/1565/1431 1464/1569/1435
f 1458/1563/1429 1460/1565/1431 1465/1570/1436
f 1465/1570/1436 1464/1569/1435 1466/1571/1437
f 1467/1572/1438 1465/1570/1436 1466/1571/1437
f 1467/1572/1438 1466/1571/1437 1468/1573/1439
f 1469/1574/1440 1467/1572/1438 1468/1573/1439
f 1469/1574/1440 1468/1573/1439 1470/1575/1441
f 1471/1576/1442 1469/1574/1440 1470/1575/1441
f 1471/1576/1442 1470/1575/1441 1472/1577/1443
f 1473/1578/1444 1471/1576/1442 1472/1577/1443
f 1473/1578/1444 1472/1577/1443 1474/1579/1445
f 1475/1580/1446 1473/1578/1444 1474/1579/1445
f 1475/1580/1446 1474/1579/1445 1476/1581/1447
f 1477/1582/1448 1475/1580/1446 1476/1581/1447
f 1477/1582/1448 1476/1581/1447 1478/1583/1449
f 1479/1584/1450 1477/1582/1448 1478/1583/1449
f 1479/1584/1450 1478/1583/1449 1480/1585/1451
f 1481/1586/1452 1479/1584/1450 1480/1585/1451
f 1481/1586/1452 1480/1585/1451 1482/1587/1453
f 1483/1588/1454 1481/1586/1452 1482/1587/1453
f 1483/1588/1454 1482/1587/1453 1463/1589/1434
f 1461/1590/1432 1483/1588/1454 1463/1589/1434
f 1484/1591/1455 1473/1578/1444 1475/1580/1446
f 1485/1592/1456 1484/1591/1455 1475/1580/1446
f 1485/1592/1456 1475/1580/1446 1477/1582/1448
f 1486/1593/1457 1485/1592/1456 1477/1582/1448
f 1486/1593/1457 1477/1582/1448 1479/1584/1450
f 1487/1594/1458 1486/1593/1457 1479/1584/1450
f 1487/1594/1458 1479/1584/1450 1481/1586/1452
f 1488/1595/1459 1487/1594/1458 1481/1586/1452
f 1488/1595/1459 1481/1586/1452 1483/1588/1454
f 1489/1596/1460 1488/1595/1459 1483/1588/1454
f 1489/1596/1460 1483/1588/1454 1461/1590/1432
f 1459/1597/1430 1489/1596/1460 1461/1590/1432
f 1480/1585/1451 1478/1583/1449 1490/1598/1461
f 1478/1583/1449 1491/1599/1462 1490/1598/1461
f 1490/1598/1461 1491/1599/1462 1492/1600/1463
f 1491/1599/1462 1493/1601/1464 1492/1600/1463
f 1491/1599/1462 1494/1602/1465 1493/1601/1464
f 1494/1602/1465 1495/1603/1466 1493/1601/1464
f 1494/1602/1465 1496/1604/1467 1495/1603/1466
f 1496/1604/1467 1497/1605/1468 1495/1603/1466
f 1496/1604/1467 1498/1606/1469 1497/1605/1468
f 1498/1606/1469 1499/1607/1470 1497/1605/1468
f 1490/1598/1461 1492/1600/1463 1500/1608/1471
f 1501/1609/1472 1490/1598/1461 1500/1608/1471
f 1501/1609/1472 1500/1608/1471 1502/1610/1473
f 1503/1611/1474 1501/1609/1472 1502/1610/1473
f 1498/1606/1469 1504/1612/1475 1499/1607/1470
f 1504/1612/1475 1505/1613/1476 1499/1607/1470
f 1504/1612/1475 1506/1614/1477 1505/1613/1476
f 1506/1614/1477 1507/1615/1478 1505/1613/1476
f 1506/1614/1477 1508/1616/1479 1507/1615/1478
f 1508/1616/1479 1509/1617/1480 1507/1615/1478
f 1508/1616/1479 1510/1618/1481 1509/1617/1480
f 1510/1618/1481 1511/1619/1482 1509/1617/1480
f 1510/1618/1481 1512/1620/1483 1511/1619/1482
f 1512/1620/1483 1513/1621/1484 1511/1619/1482
f 1512/1620/1483 1503/1622/1474 1513/1621/1484
f 1503/1622/1474 1502/1623/1473 1513/1621/1484
f 1482/1587/1453 1501/1609/1472 1503/1611/1474
f 1482/1587/1453 1480/1585/1451 1501/1609/1472
f 1463/1589/1434 1482/1587/1453 1503/1611/1474
f 1463/1568/1434 1503/1622/1474 1512/1620/1483
f 1462/1567/1433 1463/1568/1434 1512/1620/1483
f 1462/1567/1433 1512/1620/1483 1510/1618/1481
f 1464/1569/1435 1462/1567/1433 1510/1618/1481
f 1464/1569/1435 1510/1618/1481 1508/1616/1479
f 1466/1571/1437 1464/1569/1435 1508/1616/1479
f 1466/1571/1437 1508/1616/1479 1506/1614/1477
f 1468/1573/1439 1466/1571/1437 1506/1614/1477
f 1468/1573/1439 1506/1614/1477 1504/1612/1475
f 1470/1575/1441 1468/1573/1439 1504/1612/1475
f 1470/1575/1441 1504/1612/1475 1498/1606/1469
f 1472/1577/1443 1470/1575/1441 1498/1606/1469
f 1472/1577/1443 1498/1606/1469 1496/1604/1467
f 1474/1579/1445 1472/1577/1443 1496/1604/1467
f 1474/1579/1445 1496/1604/1467 1494/1602/1465
f 1476/1581/1447 1474/1579/1445 1494/1602/1465
f 1476/1581/1447 1494/1602/1465 1491/1599/1462
f 1478/1583/1449 1476/1581/1447 1491/1599/1462
f 1516/1624/1485 1515/1625/1486 1514/1626/1487
f 1517/1627/1488 1516/1624/1485 1514/1626/1487
f 1517/1627/1488 1514/1626/1487 1518/1628/1489
f 1519/1629/1490 1517/1627/1488 1518/1628/1489
f 1519/1629/1490 1518/1628/1489 1520/1630/1491
f 1521/1631/1492 1519/1629/1490 1520/1630/1491
f 1521/1631/1492 1520/1630/1491 1522/1632/1493
f 1523/1633/1494 1521/1631/1492 1522/1632/1493
f 1523/1633/1494 1522/1632/1493 1524/1634/1495
f 1525/1635/1496 1523/1633/1494 1524/1634/1495
f 1525/1635/1496 1524/1634/1495 1526/1636/1497
f 1527/1637/1498 1525/1635/1496 1526/1636/1497
f 1528/1638/1499 1516/1624/1485 1517/1627/1488
f 1529/1639/1500 1528/1638/1499 1517/1627/1488
f 1529/1639/1500 1517/1627/1488 1519/1629/1490
f 1530/1640/1501 1528/1638/1499 1529/1639/1500
f 1531/1641/1502 1530/1640/1501 1529/1639/1500
f 1531/1641/1502 1529/1639/1500 1532/1642/1503
f 1532/1642/1503 1529/1639/1500 1519/1629/1490
f 1532/1642/1503 1519/1629/1490 1521/1631/1492
f 1533/1643/1504 1531/1641/1502 1532/1642/1503
f 1533/1643/1504 1532/1642/1503 1534/1644/1505
f 1534/1644/1505 1532/1642/1503 1521/1631/1492
f 1534/1644/1505 1521/1631/1492 1523/1633/1494
f 1535/1645/1506 1533/1643/1504 1534/1644/1505
f 1535/1645/1506 1534/1644/1505 1536/1646/1507
f 1536/1646/1507 1534/1644/1505 1523/1633/1494
f 1536/1646/1507 1523/1633/1494 1525/1635/1496
f 1537/1647/1508 1535/1645/1506 1536/1646/1507
f 1537/1647/1508 1536/1646/1507 1538/1648/1509
f 1538/1648/1509 1536/1646/1507 1525/1635/1496
f 1538/1648/1509 1525/1635/1496 1527/1637/1498
f 1539/1649/1510 1537/1647/1508 1538/1648/1509
f 1539/1649/1510 1538/1648/1509 1540/1650/1511
f 1540/1650/1511 1538/1648/1509 1527/1637/1498
f 1541/1651/1512 1539/1649/1510 1540/1650/1511
f 1530/1640/1501 1542/1652/1513 1528/1638/1499
f 1542/1652/1513 1543/1653/1514 1528/1638/1499
f 1542/1652/1513 1544/1654/1515 1543/1653/1514
f 1544/1654/1515 1545/1655/1516 1543/1653/1514
f 1544/1654/1515 1546/1656/1517 1545/1655/1516
f 1546/1656/1517 1547/1657/1518 1545/1655/1516
f 1546/1656/1517 1548/1658/1519 1547/1657/1518
f 1548/1658/1519 1549/1659/1520 1547/1657/1518
f 1548/1658/1519 1550/1660/1521 1549/1659/1520
f 1550/1660/1521 1551/1661/1522 1549/1659/1520
f 1550/1660/1521 1541/1662/1512 1551/1661/1522
f 1541/1662/1512 1540/1663/1511 1551/1661/1522
f 1551/1661/1522 1540/1663/1511 1552/1664/1523
f 1540/1663/1511 1527/1665/1498 1552/1664/1523
f 1552/1664/1523 1527/1665/1498 1553/1666/1524
f 1527/1665/1498 1526/1667/1497 1553/1666/1524
f 1552/1664/1523 1553/1666/1524 1554/1668/1525
f 1555/1669/1526 1552/1664/1523 1554/1668/1525
f 1551/1661/1522 1552/1664/1523 1555/1669/1526
f 1549/1659/1520 1551/1661/1522 1555/1669/1526
f 1555/1669/1526 1554/1668/1525 1556/1670/1527
f 1557/1671/1528 1555/1669/1526 1556/1670/1527
f 1549/1659/1520 1555/1669/1526 1557/1671/1528
f 1547/1657/1518 1549/1659/1520 1557/1671/1528
f 1557/1671/1528 1556/1670/1527 1558/1672/1529
f 1559/1673/1530 1557/1671/1528 1558/1672/1529
f 1559/1673/1530 1558/1672/1529 1560/1674/1531
f 1561/1675/1532 1559/1673/1530 1560/1674/1531
f 1561/1675/1532 1560/1674/1531 1515/1676/1486
f 1516/1677/1485 1561/1675/1532 1515/1676/1486
f 1547/1657/1518 1557/1671/1528 1559/1673/1530
f 1545/1655/1516 1547/1657/1518 1559/1673/1530
f 1545/1655/1516 1559/1673/1530 1561/1675/1532
f 1543/1653/1514 1545/1655/1516 1561/1675/1532
f 1543/1653/1514 1561/1675/1532 1516/1677/1485
f 1528/1638/1499 1543/1653/1514 1516/1677/1485
f 1553/1666/1524 1526/1667/1497 1562/1678/1533
f 1554/1668/1525 1553/1666/1524 1562/1678/1533
f 1554/1668/1525 1562/1678/1533 1563/1679/1534
f 1556/1670/1527 1554/1668/1525 1563/1679/1534
f 1558/1672/1529 1556/1670/1527 1564/1680/1535
f 1560/1674/1531 1558/1672/1529 1564/1680/1535
f 1556/1670/1527 1563/1681/1534 1564/1680/1535
f 1560/1674/1531 1564/1680/1535 1565/1682/1536
f 1515/1676/1486 1560/1674/1531 1565/1682/1536
f 1563/1679/1534 1562/1678/1533 1566/1683/1537
f 1562/1678/1533 1567/1684/1538 1566/1683/1537
f 1526/1667/1497 1567/1684/1538 1562/1678/1533
f 1564/1680/1535 1563/1681/1534 1566/1685/1537
f 1565/1682/1536 1564/1680/1535 1566/1685/1537
f 1568/1686/1539 1458/1563/1429 1465/1570/1436
f 1568/1686/1539 1465/1570/1436 1467/1572/1438
f 1569/1687/1540 1568/1686/1539 1467/1572/1438
f 1569/1687/1540 1467/1572/1438 1469/1574/1440
f 1570/1688/1541 1569/1687/1540 1469/1574/1440
f 1570/1688/1541 1469/1574/1440 1471/1576/1442
f 1571/1689/1542 1570/1688/1541 1471/1576/1442
f 1571/1689/1542 1471/1576/1442 1473/1578/1444
f 1484/1591/1455 1571/1689/1542 1473/1578/1444
f 1457/1560/1428 1458/1563/1429 1568/1686/1539
f 1456/1557/1427 1457/1560/1428 1568/1686/1539
f 1456/1557/1427 1568/1686/1539 1569/1687/1540
f 1455/1555/1426 1456/1557/1427 1569/1687/1540
f 1455/1555/1426 1569/1687/1540 1570/1688/1541
f 1454/1553/1425 1455/1555/1426 1570/1688/1541
f 1454/1553/1425 1570/1688/1541 1571/1689/1542
f 1453/1551/1424 1454/1553/1425 1571/1689/1542
f 1453/1551/1424 1571/1689/1542 1484/1591/1455
f 1452/1549/1423 1453/1551/1424 1484/1591/1455
f 1452/1549/1423 1484/1591/1455 1485/1592/1456
f 1449/1543/1420 1452/1549/1423 1485/1592/1456
f 1449/1543/1420 1485/1592/1456 1486/1593/1457
f 1448/1542/1419 1449/1543/1420 1486/1593/1457
f 1448/1542/1419 1486/1593/1457 1487/1594/1458
f 1446/1539/1417 1448/1542/1419 1487/1594/1458
f 1446/1539/1417 1487/1594/1458 1488/1595/1459
f 1447/1540/1418 1446/1539/1417 1488/1595/1459
f 1447/1540/1418 1488/1595/1459 1489/1596/1460
f 1450/1546/1421 1447/1540/1418 1489/1596/1460
f 1450/1546/1421 1489/1596/1460 1459/1597/1430
f 1451/1548/1422 1450/1546/1421 1459/1597/1430
f 1480/1585/1451 1490/1598/1461 1501/1609/1472
f 1499/1607/1470 1530/1640/1501 1531/1641/1502
f 1497/1605/1468 1499/1607/1470 1531/1641/1502
f 1497/1605/1468 1531/1641/1502 1533/1643/1504
f 1495/1603/1466 1497/1605/1468 1533/1643/1504
f 1495/1603/1466 1533/1643/1504 1535/1645/1506
f 1493/1601/1464 1495/1603/1466 1535/1645/1506
f 1493/1601/1464 1535/1645/1506 1537/1647/1508
f 1492/1600/1463 1493/1601/1464 1537/1647/1508
f 1492/1600/1463 1537/1647/1508 1539/1649/1510
f 1500/1608/1471 1492/1600/1463 1539/1649/1510
f 1500/1608/1471 1539/1649/1510 1541/1651/1512
f 1502/1610/1473 1500/1608/1471 1541/1651/1512
f 1499/1607/1470 1505/1613/1476 1530/1640/1501
f 1505/1613/1476 1542/1652/1513 1530/1640/1501
f 1505/1613/1476 1507/1615/1478 1542/1652/1513
f 1507/1615/1478 1544/1654/1515 1542/1652/1513
f 1507/1615/1478 1509/1617/1480 1544/1654/1515
f 1509/1617/1480 1546/1656/1517 1544/1654/1515
f 1509/1617/1480 1511/1619/1482 1546/1656/1517
f 1511/1619/1482 1548/1658/1519 1546/1656/1517
f 1511/1619/1482 1513/1621/1484 1548/1658/1519
f 1513/1621/1484 1550/1660/1521 1548/1658/1519
f 1513/1621/1484 1502/1623/1473 1550/1660/1521
f 1502/1623/1473 1541/1662/1512 1550/1660/1521
f 1515/1625/1486 1565/1690/1536 1572/1691/1543
f 1514/1626/1487 1515/1625/1486 1572/1691/1543
f 1518/1628/1489 1514/1626/1487 1572/1691/1543
f 1518/1628/1489 1572/1691/1543 1573/1692/1544
f 1520/1630/1491 1518/1628/1489 1573/1692/1544
f 1566/1693/1537 1573/1692/1544 1572/1691/1543
f 1565/1690/1536 1566/1693/1537 1572/1691/1543
f 1520/1630/1491 1573/1694/1544 1574/1695/1545
f 1522/1632/1493 1520/1630/1491 1574/1695/1545
f 1524/1634/1495 1522/1632/1493 1574/1695/1545
f 1524/1634/1495 1574/1695/1545 1567/1696/1538
f 1526/1636/1497 1524/1634/1495 1567/1696/1538
f 1574/1695/1545 1573/1694/1544 1566/1697/1537
f 1567/1696/1538 1574/1695/1545 1566/1697/1537
f 1577/1698/1546 1576/1699/1547 1575/1700/1548
f 1578/1701/1549 1577/1698/1546 1575/1700/1548
f 1577/1698/1546 1579/1702/1550 1576/1699/1547
f 1579/1702/1550 1580/1703/1551 1576/1699/1547
f 1580/1703/1551 1581/1704/1552 1576/1699/1547
f 1582/1705/1553 1575/1700/1548 1576/1699/1547
f 1581/1704/1552 1582/1705/1553 1576/1699/1547
f 1582/1705/1553 1581/1704/1552 1583/1706/1554
f 1581/1704/1552 1584/1707/1555 1583/1706/1554
f 1581/1704/1552 1580/1703/1551 1584/1707/1555
f 1580/1703/1551 1585/1708/1556 1584/1707/1555
f 1585/1708/1556 657/1709/627 1584/1707/1555
f 657/1709/627 658/1710/628 1584/1707/1555
f 659/1711/629 1583/1706/1554 1584/1707/1555
f 658/1710/628 659/1711/629 1584/1707/1555
f 1579/1702/1550 1577/1698/1546 1586/1712/1557
f 1587/1713/1558 1579/1702/1550 1586/1712/1557
f 1588/1714/1559 1587/1713/1558 1586/1712/1557
f 1587/1713/1558 1588/1714/1559 1589/1715/1560
f 1590/1716/1561 1587/1713/1558 1589/1715/1560
f 668/1717/638 1590/1716/1561 1589/1715/1560
f 670/1718/640 668/1717/638 1589/1715/1560
f 671/1719/641 670/1718/640 1589/1715/1560
f 1591/1720/1562 671/1719/641 1589/1715/1560
f 1591/1720/1562 1589/1715/1560 1588/1714/1559
f 1592/1721/1563 1591/1720/1562 1588/1714/1559
f 1592/1721/1563 1588/1714/1559 1586/1712/1557
f 1593/1722/1564 1592/1721/1563 1586/1712/1557
f 1593/1722/1564 1586/1712/1557 1577/1698/1546
f 1578/1701/1549 1593/1722/1564 1577/1698/1546
f 668/1717/638 665/1723/635 1590/1716/1561
f 665/1723/635 1594/1724/1565 1590/1716/1561
f 1587/1713/1558 1590/1716/1561 1594/1724/1565
f 1594/1724/1565 665/1723/635 1585/1708/1556
f 665/1723/635 657/1709/627 1585/1708/1556
f 1594/1724/1565 1585/1708/1556 1580/1703/1551
f 1579/1702/1550 1594/1724/1565 1580/1703/1551
f 1579/1702/1550 1587/1713/1558 1594/1724/1565
f 671/1719/641 1591/1720/1562 644/1725/614
f 1591/1720/1562 1595/1726/1566 644/1725/614
f 1591/1720/1562 1592/1721/1563 1595/1726/1566
f 1592/1721/1563 1596/1727/1567 1595/1726/1566
f 1592/1721/1563 1593/1722/1564 1596/1727/1567
f 625/613/595 1595/1726/1566 1596/1727/1567
f 644/1725/614 1595/1726/1566 625/613/595
f 623/611/593 625/613/595 1596/1727/1567
f 627/615/597 644/1725/614 625/613/595
f 1593/1722/1564 1597/1728/1568 1596/1727/1567
f 1593/1722/1564 1578/1701/1549 1597/1728/1568
f 623/611/593 1596/1727/1567 1597/1728/1568
f 1578/1701/1549 1598/1729/1569 1597/1728/1568
f 1598/1729/1569 1578/1701/1549 1599/1730/1570
f 1578/1701/1549 1575/1700/1548 1599/1730/1570
f 1600/1731/1571 1599/1730/1570 1575/1700/1548
f 1582/1705/1553 1600/1731/1571 1575/1700/1548
f 1600/1731/1571 612/600/582 1599/1730/1570
f 612/600/582 613/599/581 1599/1730/1570
f 1598/1729/1569 1599/1730/1570 613/599/581
f 615/603/585 1598/1729/1569 613/599/581
f 1600/1731/1571 1582/1705/1553 1601/1732/1572
f 1582/1705/1553 1583/1706/1554 1601/1732/1572
f 675/1733/645 1601/1732/1572 1583/1706/1554
f 659/1711/629 675/1733/645 1583/1706/1554
f 675/1733/645 620/608/590 1601/1732/1572
f 620/608/590 618/606/588 1601/1732/1572
f 1600/1731/1571 1601/1732/1572 618/606/588
f 612/600/582 1600/1731/1571 618/606/588
f 615/603/585 621/609/591 1598/1729/1569
f 621/609/591 1597/1728/1568 1598/1729/1569
f 621/609/591 623/611/593 1597/1728/1568
f 671/681/641 644/654/614 645/655/615
f 820/831/790 1310/1369/1281 1309/1368/1280
f 818/829/788 820/831/790 1309/1368/1280
f 818/829/788 1309/1368/1280 1308/1367/1279
f 816/827/786 818/829/788 1308/1367/1279
f 816/827/786 1308/1367/1279 1291/1349/1262
f 802/813/772 816/827/786 1291/1349/1262
f 800/811/770 802/813/772 1291/1349/1262
f 1288/1346/1259 800/811/770 1291/1349/1262
f 799/810/769 800/811/770 1288/1346/1259
f 1289/1347/1260 799/810/769 1288/1346/1259
f 796/807/766 799/810/769 1289/1347/1260
f 1294/1352/1265 796/807/766 1289/1347/1260
f 794/805/764 796/807/766 1294/1352/1265
f 780/791/750 794/805/764 1294/1352/1265
f 806/817/776 793/804/763 778/789/748
f 779/790/749 806/817/776 778/789/748
f 806/817/776 779/790/749 782/793/752
f 807/818/777 806/817/776 782/793/752
f 807/818/777 782/793/752 784/795/754
f 810/821/780 807/818/777 784/795/754
f 810/821/780 784/795/754 811/822/781
f 784/795/754 787/798/757 811/822/781
f 811/822/781 787/798/757 814/825/784
f 787/798/757 791/802/761 814/825/784
f 814/825/784 791/802/761 1602/1734/1573
f 1205/1260/1176 1602/1734/1573 791/802/761
f 790/801/760 1205/1260/1176 791/802/761
f 1602/1734/1573 1205/1260/1176 1203/1258/1174
f 1602/1734/1573 1203/1258/1174 1603/1735/1574
f 1604/1736/1575 1602/1734/1573 1603/1735/1574
f 1604/1736/1575 814/825/784 1602/1734/1573
f 813/824/783 814/825/784 1604/1736/1575
f 1605/1737/1576 813/824/783 1604/1736/1575
f 1604/1736/1575 1603/1735/1574 1605/1737/1576
f 1603/1735/1574 1203/1258/1174 1199/1254/1170
f 1603/1735/1574 1199/1254/1170 1606/1738/1577
f 1603/1735/1574 1606/1738/1577 1605/1737/1576
f 1199/1254/1170 1200/1255/1171 1606/1738/1577
f 1200/1255/1171 1145/1200/1116 1606/1738/1577
f 1145/1200/1116 1607/1739/1578 1606/1738/1577
f 1606/1738/1577 1607/1739/1578 1605/1737/1576
f 1607/1739/1578 1145/1200/1116 1142/1197/1113
f 1142/1197/1113 1608/1740/1579 1607/1739/1578
f 1608/1740/1579 1609/1741/1580 1607/1739/1578
f 1607/1739/1578 1609/1741/1580 1605/1737/1576
f 1609/1741/1580 1608/1740/1579 1132/1187/1103
f 1131/1186/1102 1132/1187/1103 1608/1740/1579
f 1135/1190/1106 1131/1186/1102 1608/1740/1579
f 1608/1740/1579 1142/1197/1113 1135/1190/1106
f 1134/1189/1105 1609/1741/1580 1132/1187/1103
f 1605/1737/1576 1609/1741/1580 1134/1189/1105
f 813/824/783 1605/1737/1576 1134/1189/1105
f 921/932/891 930/941/900 912/923/882
f 949/1742/919 948/1743/918 1610/1744/1581
f 953/1745/923 949/1742/919 1610/1744/1581
f 1611/1746/1582 953/1745/923 1610/1744/1581
f 959/1747/929 953/1745/923 1611/1746/1582
f 1612/1748/1583 959/1747/929 1611/1746/1582
f 959/1747/929 1612/1748/1583 963/1749/933
f 1612/1748/1583 1613/1750/1584 963/1749/933
f 1612/1748/1583 1611/1746/1582 1614/1751/1585
f 1614/1751/1585 1611/1746/1582 1610/1744/1581
f 1615/1752/1586 1612/1748/1583 1614/1751/1585
f 1613/1750/1584 1612/1748/1583 1615/1752/1586
f 1615/1752/1586 1614/1751/1585 1616/1753/1587
f 1617/1754/1588 1615/1752/1586 1616/1753/1587
f 1615/1752/1586 1617/1754/1588 1618/1755/1589
f 1618/1755/1589 1613/1750/1584 1615/1752/1586
f 1617/1754/1588 1619/1756/1590 1618/1755/1589
f 1613/1750/1584 1618/1755/1589 1619/1756/1590
f 1617/1754/1588 1620/1757/1591 1619/1756/1590
f 1620/1757/1591 1621/1758/1592 1619/1756/1590
f 1622/1759/1593 1620/1757/1591 1617/1754/1588
f 1616/1753/1587 1622/1759/1593 1617/1754/1588
f 1620/1757/1591 1622/1759/1593 1623/1760/1594
f 1624/1761/1595 1620/1757/1591 1623/1760/1594
f 1625/1762/1596 1621/1758/1592 1620/1757/1591
f 1624/1761/1595 1625/1762/1596 1620/1757/1591
f 963/1749/933 1613/1750/1584 1626/1763/1597
f 1626/1763/1597 1613/1750/1584 1619/1756/1590
f 1626/1763/1597 1619/1756/1590 1621/1758/1592
f 969/1764/939 963/1749/933 1626/1763/1597
f 969/1764/939 1626/1763/1597 972/1765/942
f 1626/1763/1597 1627/1766/1598 972/1765/942
f 972/1765/942 1627/1766/1598 1043/1767/1014
f 1043/1767/1014 1627/1766/1598 1040/1768/1011
f 1627/1766/1598 1628/1769/1599 1040/1768/1011
f 1627/1766/1598 1626/1763/1597 1628/1769/1599
f 1040/1768/1011 1628/1769/1599 1629/1770/1600
f 1629/1770/1600 1628/1769/1599 1630/1771/1601
f 1631/1772/1602 1629/1770/1600 1630/1771/1601
f 1038/1773/1009 1040/1768/1011 1629/1770/1600
f 973/1774/943 972/1765/942 1043/1767/1014
f 1632/1775/1603 1630/1771/1601 1628/1769/1599
f 1633/1776/1604 1632/1775/1603 1628/1769/1599
f 1626/1763/1597 1633/1776/1604 1628/1769/1599
f 1631/1772/1602 1634/1777/1605 1629/1770/1600
f 1634/1777/1605 1635/1778/1606 1629/1770/1600
f 1629/1770/1600 1635/1778/1606 1038/1773/1009
f 1635/1778/1606 1634/1777/1605 1636/1779/1607
f 1637/1780/1608 1635/1778/1606 1636/1779/1607
f 1036/1781/1007 1635/1778/1606 1637/1780/1608
f 1635/1778/1606 1036/1781/1007 1038/1773/1009
f 1032/1782/1005 1036/1781/1007 1637/1780/1608
f 1032/1782/1005 1637/1780/1608 1638/1783/1609
f 1638/1783/1609 1637/1780/1608 1636/1779/1607
f 1035/1784/1006 1032/1782/1005 1638/1783/1609
f 1034/1785/1003 1035/1784/1006 1638/1783/1609
f 1639/1786/1610 1034/1785/1003 1638/1783/1609
f 1639/1786/1610 1638/1783/1609 1636/1779/1607
f 1632/1775/1603 1633/1776/1604 1621/1758/1592
f 1625/1762/1596 1632/1775/1603 1621/1758/1592
f 1633/1776/1604 1626/1763/1597 1621/1758/1592
f 1634/1777/1605 1640/1787/1611 1636/1779/1607
f 1640/1787/1611 1641/1788/1612 1636/1779/1607
f 1640/1787/1611 1060/1789/1031 1641/1788/1612
f 1060/1789/1031 1061/1790/1032 1641/1788/1612
f 1641/1788/1612 1061/1790/1032 1642/1791/1613
f 1034/1785/1003 1639/1786/1610 1642/1791/1613
f 1642/1791/1613 1639/1786/1610 1636/1779/1607
f 1641/1788/1612 1642/1791/1613 1636/1779/1607
f 1061/1790/1032 1062/1792/1033 1642/1791/1613
f 1062/1792/1033 1034/1785/1003 1642/1791/1613
f 1060/1789/1031 1640/1787/1611 1059/1793/1030
f 1640/1787/1611 1643/1794/1614 1059/1793/1030
f 1058/1795/1029 1059/1793/1030 1643/1794/1614
f 1644/1796/1615 1058/1795/1029 1643/1794/1614
f 1644/1796/1615 1643/1794/1614 1630/1771/1601
f 1643/1794/1614 1631/1772/1602 1630/1771/1601
f 1644/1796/1615 1645/1797/1616 1058/1795/1029
f 1645/1797/1616 1056/1798/1027 1058/1795/1029
f 1645/1797/1616 981/1799/951 1056/1798/1027
f 981/1799/951 980/1800/950 1056/1798/1027
f 1630/1771/1601 1632/1775/1603 1644/1796/1615
f 1632/1775/1603 1646/1801/1617 1644/1796/1615
f 1647/1802/1618 1645/1797/1616 1644/1796/1615
f 1646/1801/1617 1647/1802/1618 1644/1796/1615
f 1645/1797/1616 1647/1802/1618 981/1799/951
f 1647/1802/1618 982/1803/952 981/1799/951
f 1634/1777/1605 1631/1772/1602 1643/1794/1614
f 1640/1787/1611 1634/1777/1605 1643/1794/1614
f 985/1804/955 982/1803/952 1647/1802/1618
f 1648/1805/1619 985/1804/955 1647/1802/1618
f 1648/1805/1619 1649/1806/1620 985/1804/955
f 1649/1806/1620 986/1807/956 985/1804/955
f 986/1807/956 1649/1806/1620 1650/1808/1621
f 1650/1808/1621 1649/1806/1620 1651/1809/1622
f 1649/1806/1620 1652/1810/1623 1651/1809/1622
f 1649/1806/1620 1648/1805/1619 1652/1810/1623
f 1651/1809/1622 1652/1810/1623 1653/1811/1624
f 1652/1810/1623 1654/1812/1625 1653/1811/1624
f 1654/1812/1625 1652/1810/1623 1655/1813/1626
f 1648/1805/1619 1655/1813/1626 1652/1810/1623
f 1656/1814/1627 1654/1812/1625 1655/1813/1626
f 1648/1805/1619 1647/1802/1618 1656/1814/1627
f 1655/1813/1626 1648/1805/1619 1656/1814/1627
f 1657/1815/1628 1654/1812/1625 1656/1814/1627
f 1658/1816/1629 1657/1815/1628 1656/1814/1627
f 1659/1817/1630 1653/1811/1624 1654/1812/1625
f 1657/1815/1628 1659/1817/1630 1654/1812/1625
f 988/1818/958 986/1807/956 1650/1808/1621
f 988/1818/958 1650/1808/1621 1660/1819/1631
f 990/1820/960 988/1818/958 1660/1819/1631
f 990/1820/960 1660/1819/1631 992/1821/962
f 1660/1819/1631 993/1822/1632 992/1821/962
f 1659/1817/1630 1657/1815/1628 1623/1760/1594
f 1657/1815/1628 1624/1761/1595 1623/1760/1594
f 1625/1762/1596 1624/1761/1595 1657/1815/1628
f 1658/1816/1629 1625/1762/1596 1657/1815/1628
f 1632/1775/1603 1625/1762/1596 1658/1816/1629
f 1646/1801/1617 1632/1775/1603 1658/1816/1629
f 1647/1802/1618 1646/1801/1617 1658/1816/1629
f 1656/1814/1627 1647/1802/1618 1658/1816/1629
f 992/1821/1002 993/1822/1632 1661/1823/1633
f 1662/1824/1634 1661/1823/1633 993/1822/1632
f 1662/1824/1634 993/1822/1632 1663/1825/1635
f 993/1822/1632 1660/1819/1631 1663/1825/1635
f 1664/1826/1636 1662/1824/1634 1663/1825/1635
f 1664/1826/1636 1663/1825/1635 1665/1827/1637
f 1666/1828/1638 1664/1826/1636 1665/1827/1637
f 1667/1829/1639 1666/1828/1638 1665/1827/1637
f 1668/1830/1640 1667/1829/1639 1665/1827/1637
f 1667/1829/1639 1668/1830/1640 1669/1831/1641
f 1670/1832/1642 1667/1829/1639 1669/1831/1641
f 1671/1833/1643 1670/1832/1642 1669/1831/1641
f 1672/1834/1644 1671/1833/1643 1669/1831/1641
f 1671/1833/1643 1672/1834/1644 1673/1835/1645
f 1674/1836/1646 1671/1833/1643 1673/1835/1645
f 1675/1837/1647 1674/1836/1646 1673/1835/1645
f 1676/1838/1648 1675/1837/1647 1673/1835/1645
f 1677/1839/1649 1676/1838/1648 1673/1835/1645
f 1678/1840/1650 1676/1838/1648 1677/1839/1649
f 1679/1841/1651 1678/1840/1650 1677/1839/1649
f 948/1743/918 1679/1841/1651 1677/1839/1649
f 1024/1842/994 1679/1841/1651 948/1743/918
f 1670/1832/1642 1671/1833/1643 1157/1843/1128
f 1159/1844/1130 1670/1832/1642 1157/1843/1128
f 1671/1833/1643 1674/1836/1646 1156/1845/1127
f 1157/1843/1128 1671/1833/1643 1156/1845/1127
f 1674/1836/1646 1675/1837/1647 1156/1845/1127
f 1675/1837/1647 1676/1838/1648 1147/1846/1118
f 1676/1838/1648 1678/1840/1650 1147/1846/1118
f 1148/1847/1119 1675/1837/1647 1147/1846/1118
f 1675/1837/1647 1148/1847/1119 1156/1845/1127
f 1678/1840/1650 1679/1841/1651 1137/1848/1108
f 1139/1849/1110 1678/1840/1650 1137/1848/1108
f 1678/1840/1650 1139/1849/1110 1147/1846/1118
f 1679/1841/1651 1024/1842/994 860/1850/830
f 1137/1848/1108 1679/1841/1651 860/1850/830
f 948/1743/918 1677/1839/1649 1610/1744/1581
f 1677/1839/1649 1680/1851/1652 1610/1744/1581
f 1680/1851/1652 1614/1751/1585 1610/1744/1581
f 1616/1753/1587 1614/1751/1585 1680/1851/1652
f 1681/1852/1653 1616/1753/1587 1680/1851/1652
f 1622/1759/1593 1616/1753/1587 1681/1852/1653
f 1682/1853/1654 1622/1759/1593 1681/1852/1653
f 1682/1853/1654 1683/1854/1655 1622/1759/1593
f 1683/1854/1655 1623/1760/1594 1622/1759/1593
f 1683/1854/1655 1684/1855/1656 1623/1760/1594
f 1684/1855/1656 1659/1817/1630 1623/1760/1594
f 1659/1817/1630 1684/1855/1656 1653/1811/1624
f 1684/1855/1656 1685/1856/1657 1653/1811/1624
f 1651/1809/1622 1653/1811/1624 1685/1856/1657
f 1686/1857/1658 1651/1809/1622 1685/1856/1657
f 1650/1808/1621 1651/1809/1622 1686/1857/1658
f 1660/1819/1631 1650/1808/1621 1686/1857/1658
f 1660/1819/1631 1686/1857/1658 1663/1825/1635
f 1686/1857/1658 1685/1856/1657 1665/1827/1637
f 1663/1825/1635 1686/1857/1658 1665/1827/1637
f 1685/1856/1657 1684/1855/1656 1668/1830/1640
f 1665/1827/1637 1685/1856/1657 1668/1830/1640
f 1668/1830/1640 1684/1855/1656 1683/1854/1655
f 1669/1831/1641 1668/1830/1640 1683/1854/1655
f 1683/1854/1655 1682/1853/1654 1672/1834/1644
f 1669/1831/1641 1683/1854/1655 1672/1834/1644
f 1672/1834/1644 1682/1853/1654 1673/1835/1645
f 1682/1853/1654 1681/1852/1653 1673/1835/1645
f 1673/1835/1645 1681/1852/1653 1677/1839/1649
f 1681/1852/1653 1680/1851/1652 1677/1839/1649
f 1031/1858/1001 992/1821/1002 1661/1823/1633
f 917/1859/887 1031/1858/1001 1661/1823/1633
f 925/1860/895 917/1859/887 1661/1823/1633
f 925/1860/895 1661/1823/1633 1180/1861/1151
f 1661/1823/1633 1662/1824/1634 1180/1861/1151
f 1180/1861/1151 1662/1824/1634 1179/1862/1150
f 1662/1824/1634 1664/1826/1636 1179/1862/1150
f 1664/1826/1636 1172/1863/1143 1179/1862/1150
f 1172/1863/1143 1664/1826/1636 1171/1864/1142
f 1664/1826/1636 1666/1828/1638 1171/1864/1142
f 1666/1828/1638 1163/1865/1134 1171/1864/1142
f 1163/1865/1134 1666/1828/1638 1161/1866/1132
f 1666/1828/1638 1667/1829/1639 1161/1866/1132
f 1161/1866/1132 1667/1829/1639 1670/1832/1642
f 1159/1844/1130 1161/1866/1132 1670/1832/1642
f 1689/1867/1659 1688/1868/1660 1687/1869/1661
f 1690/1870/1662 1689/1867/1659 1687/1869/1661
f 1690/1870/1662 1687/1869/1661 1691/1871/1663
f 1692/1872/1664 1690/1870/1662 1691/1871/1663
f 1689/1867/1659 1693/1873/1665 1688/1868/1660
f 1693/1873/1665 1694/1874/1666 1688/1868/1660
f 1694/1874/1666 1693/1873/1665 1695/1875/1667
f 1693/1873/1665 1696/1876/1668 1695/1875/1667
f 1689/1867/1659 1690/1870/1662 1697/1877/1669
f 1689/1867/1659 1697/1877/1669 1693/1873/1665
f 1690/1870/1662 1698/1878/1670 1697/1877/1669
f 1690/1870/1662 1692/1872/1664 1698/1878/1670
f 1697/1877/1669 1698/1878/1670 1699/1879/1671
f 1700/1880/1672 1697/1877/1669 1699/1879/1671
f 1699/1879/1671 1698/1878/1670 1701/1881/1673
f 1692/1872/1664 1701/1881/1673 1698/1878/1670
f 1702/1882/1674 1699/1879/1671 1701/1881/1673
f 1703/1883/1675 1697/1877/1669 1700/1880/1672
f 1697/1877/1669 1703/1883/1675 1693/1873/1665
f 1696/1876/1668 1693/1873/1665 1703/1883/1675
f 1704/1884/1676 1703/1883/1675 1700/1880/1672
f 1705/1885/1677 1703/1883/1675 1704/1884/1676
f 1705/1885/1677 1696/1876/1668 1703/1883/1675
f 1706/1886/1678 1705/1885/1677 1704/1884/1676
f 1699/1879/1671 1702/1882/1674 1707/1887/1679
f 1708/1888/1680 1699/1879/1671 1707/1887/1679
f 1708/1888/1680 1707/1887/1679 1709/1889/1681
f 1710/1890/1682 1708/1888/1680 1709/1889/1681
f 1709/1889/1681 1711/1891/1683 1710/1890/1682
f 1711/1891/1683 1712/1892/1684 1710/1890/1682
f 1712/1892/1684 1711/1891/1683 1713/1893/1685
f 1714/1894/1686 1712/1892/1684 1713/1893/1685
f 1714/1894/1686 1715/1895/1687 1712/1892/1684
f 1715/1895/1687 1716/1896/1688 1712/1892/1684
f 1712/1892/1684 1716/1896/1688 1710/1890/1682
f 1710/1890/1682 1717/1897/1689 1708/1888/1680
f 1716/1896/1688 1717/1897/1689 1710/1890/1682
f 1717/1897/1689 1718/1898/1690 1708/1888/1680
f 1716/1896/1688 1715/1895/1687 1719/1899/1691
f 1720/1900/1692 1716/1896/1688 1719/1899/1691
f 1717/1897/1689 1716/1896/1688 1720/1900/1692
f 1719/1899/1691 1721/1901/1693 1720/1900/1692
f 1721/1901/1693 1722/1902/1694 1720/1900/1692
f 1722/1902/1694 1718/1898/1690 1717/1897/1689
f 1720/1900/1692 1722/1902/1694 1717/1897/1689
f 1721/1901/1693 1706/1886/1678 1722/1902/1694
f 1706/1886/1678 1704/1884/1676 1722/1902/1694
f 1722/1902/1694 1704/1884/1676 1718/1898/1690
f 1704/1884/1676 1700/1880/1672 1718/1898/1690
f 1718/1898/1690 1700/1880/1672 1699/1879/1671
f 1708/1888/1680 1718/1898/1690 1699/1879/1671
f 1723/1903/1695 1705/1904/1677 1706/1905/1678
f 1724/1906/1696 1723/1903/1695 1706/1905/1678
f 1725/1907/1697 1723/1903/1695 1724/1906/1696
f 1726/1908/1698 1725/1907/1697 1724/1906/1696
f 1725/1907/1697 1726/1908/1698 1727/1909/1699
f 1728/1910/1700 1725/1907/1697 1727/1909/1699
f 1723/1903/1695 1729/1911/1701 1705/1904/1677
f 1729/1911/1701 1696/1912/1668 1705/1904/1677
f 1729/1911/1701 1730/1913/1702 1696/1912/1668
f 1730/1913/1702 1729/1911/1701 1731/1914/1703
f 1729/1911/1701 1732/1915/1704 1731/1914/1703
f 1732/1915/1704 1729/1911/1701 1723/1903/1695
f 1725/1907/1697 1732/1915/1704 1723/1903/1695
f 1730/1913/1702 1731/1914/1703 1733/1916/1705
f 1733/1916/1705 1731/1914/1703 1734/1917/1706
f 1731/1914/1703 1735/1918/1707 1734/1917/1706
f 1731/1914/1703 1732/1915/1704 1735/1918/1707
f 1736/1919/1708 1730/1913/1702 1733/1916/1705
f 1695/1920/1667 1730/1913/1702 1736/1919/1708
f 1730/1913/1702 1695/1920/1667 1696/1912/1668
f 1228/1921/1199 1695/1920/1667 1736/1919/1708
f 1732/1915/1704 1737/1922/1709 1735/1918/1707
f 1737/1922/1709 1732/1915/1704 1725/1907/1697
f 1728/1910/1700 1737/1922/1709 1725/1907/1697
f 1727/1909/1699 1738/1923/1710 1728/1910/1700
f 1738/1923/1710 1739/1924/1711 1728/1910/1700
f 1728/1910/1700 1739/1924/1711 1737/1922/1709
f 1735/1918/1707 1737/1922/1709 1740/1925/1712
f 1737/1922/1709 1741/1926/1713 1740/1925/1712
f 1739/1924/1711 1741/1926/1713 1737/1922/1709
f 1735/1918/1707 1740/1925/1712 1742/1927/1714
f 1734/1917/1706 1735/1918/1707 1742/1927/1714
f 1739/1924/1711 1738/1923/1710 1743/1928/1715
f 1738/1923/1710 1744/1929/1716 1743/1928/1715
f 1745/1930/1717 1743/1928/1715 1744/1929/1716
f 1746/1931/1718 1745/1930/1717 1744/1929/1716
f 1745/1930/1717 1746/1931/1718 1747/1932/1719
f 1748/1933/1720 1745/1930/1717 1747/1932/1719
f 1748/1933/1720 1747/1932/1719 1749/1934/1721
f 1750/1935/1722 1748/1933/1720 1749/1934/1721
f 1751/1936/1723 1748/1933/1720 1750/1935/1722
f 1752/1937/1724 1751/1936/1723 1750/1935/1722
f 1753/1938/1725 1751/1936/1723 1752/1937/1724
f 1751/1936/1723 1753/1938/1725 1754/1939/1726
f 1755/1940/1727 1751/1936/1723 1754/1939/1726
f 1755/1940/1727 1745/1930/1717 1748/1933/1720
f 1751/1936/1723 1755/1940/1727 1748/1933/1720
f 1754/1939/1726 1753/1938/1725 1756/1941/1728
f 1756/1941/1728 1753/1938/1725 1757/1942/1729
f 1753/1938/1725 1758/1943/1730 1757/1942/1729
f 1758/1943/1730 1753/1938/1725 1752/1937/1724
f 1759/1944/1731 1754/1939/1726 1756/1941/1728
f 1760/1945/1732 1754/1939/1726 1759/1944/1731
f 1755/1940/1727 1754/1939/1726 1760/1945/1732
f 1761/1946/1733 1760/1945/1732 1759/1944/1731
f 1762/1947/1734 1755/1940/1727 1760/1945/1732
f 1755/1940/1727 1762/1947/1734 1745/1930/1717
f 1762/1947/1734 1743/1928/1715 1745/1930/1717
f 1762/1947/1734 1760/1945/1732 1740/1925/1712
f 1741/1926/1713 1762/1947/1734 1740/1925/1712
f 1742/1927/1714 1740/1925/1712 1760/1945/1732
f 1761/1946/1733 1742/1927/1714 1760/1945/1732
f 1739/1924/1711 1743/1928/1715 1762/1947/1734
f 1741/1926/1713 1739/1924/1711 1762/1947/1734
f 1757/1942/1729 1209/1948/1180 1756/1941/1728
f 1209/1948/1180 1763/1949/1735 1756/1941/1728
f 1763/1949/1735 1209/1948/1180 1764/1950/1736
f 1763/1949/1735 1764/1950/1736 1765/1951/1737
f 1766/1952/1738 1763/1949/1735 1765/1951/1737
f 1759/1944/1731 1766/1952/1738 1761/1946/1733
f 1209/1948/1180 1207/1953/1178 1764/1950/1736
f 1766/1952/1738 1765/1951/1737 1767/1954/1739
f 1768/1955/1740 1766/1952/1738 1767/1954/1739
f 1766/1952/1738 1768/1955/1740 1761/1946/1733
f 1768/1955/1740 1767/1954/1739 1769/1956/1741
f 1770/1957/1742 1768/1955/1740 1769/1956/1741
f 1771/1958/1743 1770/1957/1742 1769/1956/1741
f 1742/1927/1714 1770/1957/1742 1771/1958/1743
f 1772/1959/1744 1771/1958/1743 1769/1956/1741
f 1773/1960/1745 1771/1958/1743 1772/1959/1744
f 1774/1961/1746 1773/1960/1745 1772/1959/1744
f 1775/1962/1747 1773/1960/1745 1774/1961/1746
f 1776/1963/1748 1775/1962/1747 1774/1961/1746
f 1225/1964/1196 1775/1962/1747 1776/1963/1748
f 1226/1965/1197 1225/1964/1196 1776/1963/1748
f 1776/1963/1748 1774/1961/1746 1777/1966/1749
f 1778/1967/1750 1776/1963/1748 1777/1966/1749
f 1776/1963/1748 1778/1967/1750 1226/1965/1197
f 1778/1967/1750 1230/1968/1201 1226/1965/1197
f 1774/1961/1746 1772/1959/1744 1779/1969/1751
f 1777/1966/1749 1774/1961/1746 1779/1969/1751
f 1772/1959/1744 1769/1956/1741 1780/1970/1752
f 1779/1969/1751 1772/1959/1744 1780/1970/1752
f 1769/1956/1741 1767/1954/1739 1780/1970/1752
f 1767/1954/1739 1781/1971/1753 1780/1970/1752
f 1767/1954/1739 1765/1951/1737 1781/1971/1753
f 1765/1951/1737 1782/1972/1754 1781/1971/1753
f 1765/1951/1737 1764/1950/1736 1782/1972/1754
f 1764/1950/1736 1783/1973/1755 1782/1972/1754
f 1783/1973/1755 1764/1950/1736 1207/1953/1178
f 1204/1974/1175 1783/1973/1755 1207/1953/1178
f 1784/1975/1756 1783/1973/1755 1204/1974/1175
f 1205/1976/1176 1784/1975/1756 1204/1974/1175
f 1784/1975/1756 1205/1976/1176 790/1147/760
f 1098/1145/1069 1784/1975/1756 790/1147/760
f 1784/1975/1756 1098/1145/1069 1785/1977/1757
f 1783/1973/1755 1784/1975/1756 1785/1977/1757
f 1782/1972/1754 1783/1973/1755 1785/1977/1757
f 1098/1145/1069 1093/1140/1064 1785/1977/1757
f 1785/1977/1757 1093/1140/1064 1091/1138/1062
f 1786/1978/1758 1785/1977/1757 1091/1138/1062
f 1782/1972/1754 1785/1977/1757 1786/1978/1758
f 1781/1971/1753 1782/1972/1754 1786/1978/1758
f 1091/1138/1062 1090/1137/1061 1786/1978/1758
f 1090/1137/1061 1787/1979/1759 1786/1978/1758
f 1781/1971/1753 1786/1978/1758 1787/1979/1759
f 1780/1970/1752 1781/1971/1753 1787/1979/1759
f 1787/1979/1759 1090/1137/1061 1788/1980/1760
f 1090/1137/1061 1081/1128/1052 1788/1980/1760
f 1789/1981/1761 1788/1980/1760 1081/1128/1052
f 1080/1127/1051 1789/1981/1761 1081/1128/1052
f 1080/1127/1051 1083/1130/1054 1789/1981/1761
f 1083/1130/1054 1790/1982/1762 1789/1981/1761
f 1790/1982/1762 1083/1130/1054 1085/1132/1056
f 1250/1983/1221 1790/1982/1762 1085/1132/1056
f 1790/1982/1762 1250/1983/1221 1230/1968/1201
f 1778/1967/1750 1790/1982/1762 1230/1968/1201
f 1790/1982/1762 1778/1967/1750 1789/1981/1761
f 1778/1967/1750 1777/1966/1749 1789/1981/1761
f 1789/1981/1761 1777/1966/1749 1788/1980/1760
f 1777/1966/1749 1779/1969/1751 1788/1980/1760
f 1779/1969/1751 1780/1970/1752 1787/1979/1759
f 1788/1980/1760 1779/1969/1751 1787/1979/1759
f 1792/1984/1763 1791/1985/1764 1714/1986/1686
f 1713/1987/1685 1792/1984/1763 1714/1986/1686
f 1791/1985/1764 1792/1984/1763 1793/1988/1765
f 1794/1989/1766 1791/1985/1764 1793/1988/1765
f 1715/1990/1687 1714/1986/1686 1791/1985/1764
f 1795/1991/1767 1715/1990/1687 1791/1985/1764
f 1795/1991/1767 1791/1985/1764 1794/1989/1766
f 1796/1992/1768 1795/1991/1767 1794/1989/1766
f 1797/1993/1769 1794/1989/1766 1793/1988/1765
f 1794/1989/1766 1797/1993/1769 1796/1992/1768
f 1798/1994/1770 1797/1993/1769 1793/1988/1765
f 1797/1993/1769 1798/1994/1770 1799/1995/1771
f 1798/1994/1770 1800/1996/1772 1799/1995/1771
f 1797/1993/1769 1801/1997/1773 1796/1992/1768
f 1801/1997/1773 1797/1993/1769 1799/1995/1771
f 1715/1990/1687 1795/1991/1767 1719/1998/1691
f 1795/1991/1767 1802/1999/1774 1719/1998/1691
f 1796/1992/1768 1801/1997/1773 1802/1999/1774
f 1795/1991/1767 1796/1992/1768 1802/1999/1774
f 1719/1998/1691 1802/1999/1774 1721/2000/1693
f 1802/1999/1774 1803/2001/1775 1721/2000/1693
f 1802/1999/1774 1801/1997/1773 1803/2001/1775
f 1801/1997/1773 1804/2002/1776 1803/2001/1775
f 1804/2002/1776 1801/1997/1773 1799/1995/1771
f 1803/2001/1775 1724/1906/1696 1721/2000/1693
f 1724/1906/1696 1706/1905/1678 1721/2000/1693
f 1726/1908/1698 1724/1906/1696 1803/2001/1775
f 1804/2002/1776 1726/1908/1698 1803/2001/1775
f 1726/1908/1698 1804/2002/1776 1799/1995/1771
f 1727/1909/1699 1799/1995/1771 1800/1996/1772
f 1727/1909/1699 1726/1908/1698 1799/1995/1771
f 1738/1923/1710 1727/1909/1699 1800/1996/1772
f 1800/1996/1772 1798/1994/1770 1805/2003/1777
f 1798/1994/1770 1806/2004/1778 1805/2003/1777
f 1806/2004/1778 1798/1994/1770 1793/1988/1765
f 1807/2005/1779 1806/2004/1778 1793/1988/1765
f 1808/2006/1780 1807/2005/1779 1793/1988/1765
f 1792/2007/1763 1808/2006/1780 1793/1988/1765
f 1808/2006/1780 1792/2007/1763 1809/2008/1781
f 1792/2007/1763 1713/2009/1685 1809/2008/1781
f 1809/2008/1781 1810/2010/1782 1808/2006/1780
f 1810/2010/1782 1811/2011/1783 1808/2006/1780
f 1808/2006/1780 1811/2011/1783 1807/2005/1779
f 1811/2011/1783 1812/2012/1784 1807/2005/1779
f 1806/2004/1778 1807/2005/1779 1812/2012/1784
f 1813/2013/1785 1806/2004/1778 1812/2012/1784
f 1806/2004/1778 1813/2013/1785 1805/2003/1777
f 1811/2011/1783 1810/2010/1782 1814/2014/1786
f 1815/2015/1787 1811/2011/1783 1814/2014/1786
f 1812/2012/1784 1811/2011/1783 1815/2015/1787
f 1813/2013/1785 1812/2012/1784 1815/2015/1787
f 1815/2015/1787 1814/2014/1786 1816/2016/1788
f 1817/2017/1789 1815/2015/1787 1816/2016/1788
f 1813/2013/1785 1815/2015/1787 1817/2017/1789
f 1818/2018/1790 1813/2013/1785 1817/2017/1789
f 1813/2013/1785 1818/2018/1790 1805/2003/1777
f 1747/1932/1719 1817/2017/1789 1816/2016/1788
f 1749/1934/1721 1747/1932/1719 1816/2016/1788
f 1746/1931/1718 1818/2018/1790 1817/2017/1789
f 1747/1932/1719 1746/1931/1718 1817/2017/1789
f 1818/2018/1790 1746/1931/1718 1805/2003/1777
f 1746/1931/1718 1744/1929/1716 1805/2003/1777
f 1805/2003/1777 1744/1929/1716 1800/1996/1772
f 1744/1929/1716 1738/1923/1710 1800/1996/1772
f 1821/2019/1791 1820/2020/1792 1819/2021/1793
f 1822/2022/1794 1821/2019/1791 1819/2021/1793
f 1819/2021/1793 1820/2020/1792 1691/1871/1663
f 1820/2020/1792 1692/1872/1664 1691/1871/1663
f 1823/2023/1795 1821/2019/1791 1822/2022/1794
f 1824/2024/1796 1823/2023/1795 1822/2022/1794
f 1823/2023/1795 1824/2024/1796 1758/2025/1730
f 1752/2026/1724 1823/2023/1795 1758/2025/1730
f 1820/2020/1792 1821/2019/1791 1825/2027/1797
f 1825/2027/1797 1821/2019/1791 1823/2023/1795
f 1826/2028/1798 1820/2020/1792 1825/2027/1797
f 1692/1872/1664 1820/2020/1792 1826/2028/1798
f 1826/2028/1798 1825/2027/1797 1827/2029/1799
f 1825/2027/1797 1828/2030/1800 1827/2029/1799
f 1826/2028/1798 1827/2029/1799 1701/1881/1673
f 1701/1881/1673 1692/1872/1664 1826/2028/1798
f 1827/2029/1799 1702/1882/1674 1701/1881/1673
f 1825/2027/1797 1829/2031/1801 1828/2030/1800
f 1829/2031/1801 1825/2027/1797 1823/2023/1795
f 1823/2023/1795 1752/2026/1724 1829/2031/1801
f 1829/2031/1801 1830/2032/1802 1828/2030/1800
f 1829/2031/1801 1750/2033/1722 1830/2032/1802
f 1752/2026/1724 1750/2033/1722 1829/2031/1801
f 1750/2033/1722 1749/2034/1721 1830/2032/1802
f 1702/1882/1674 1827/2029/1799 1707/1887/1679
f 1827/2029/1799 1831/2035/1803 1707/1887/1679
f 1707/1887/1679 1831/2035/1803 1709/1889/1681
f 1831/2035/1803 1832/2036/1804 1709/1889/1681
f 1711/2037/1683 1709/1889/1681 1832/2036/1804
f 1833/2038/1805 1711/2037/1683 1832/2036/1804
f 1711/2037/1683 1833/2038/1805 1713/2039/1685
f 1833/2038/1805 1809/2040/1781 1713/2039/1685
f 1810/2041/1782 1809/2040/1781 1833/2038/1805
f 1834/2042/1806 1810/2041/1782 1833/2038/1805
f 1834/2042/1806 1833/2038/1805 1832/2036/1804
f 1835/2043/1807 1834/2042/1806 1832/2036/1804
f 1810/2041/1782 1834/2042/1806 1814/2044/1786
f 1834/2042/1806 1836/2045/1808 1814/2044/1786
f 1834/2042/1806 1835/2043/1807 1836/2045/1808
f 1816/2046/1788 1814/2044/1786 1836/2045/1808
f 1837/2047/1809 1816/2046/1788 1836/2045/1808
f 1837/2047/1809 1836/2045/1808 1835/2043/1807
f 1749/2034/1721 1816/2046/1788 1837/2047/1809
f 1832/2036/1804 1831/2035/1803 1838/2048/1810
f 1835/2043/1807 1832/2036/1804 1838/2048/1810
f 1838/2048/1810 1837/2047/1809 1835/2043/1807
f 1830/2032/1802 1837/2047/1809 1838/2048/1810
f 1830/2032/1802 1749/2034/1721 1837/2047/1809
f 1828/2030/1800 1830/2032/1802 1838/2048/1810
f 1828/2030/1800 1838/2048/1810 1827/2029/1799
f 1838/2048/1810 1831/2035/1803 1827/2029/1799
f 1210/1265/1181 1839/2049/1811 1213/1268/1184
f 1210/1265/1181 1209/1264/1180 1839/2049/1811
f 1209/1264/1180 1757/2050/1729 1839/2049/1811
f 1839/2049/1811 1824/2024/1796 1213/1268/1184
f 1824/2024/1796 1822/2022/1794 1213/1268/1184
f 1214/1269/1185 1213/1268/1184 1822/2022/1794
f 1819/2021/1793 1214/1269/1185 1822/2022/1794
f 1214/1269/1185 1819/2021/1793 1217/1272/1188
f 1819/2021/1793 1691/1871/1663 1217/1272/1188
f 1217/1272/1188 1691/1871/1663 1219/1274/1190
f 1691/1871/1663 1687/1869/1661 1219/1274/1190
f 1219/1274/1190 1687/1869/1661 1688/1868/1660
f 1221/1276/1192 1219/1274/1190 1688/1868/1660
f 1221/1276/1192 1688/1868/1660 1222/1277/1193
f 1688/1868/1660 1694/1874/1666 1222/1277/1193
f 1222/1277/1193 1694/1874/1666 1228/1283/1199
f 1694/1874/1666 1695/1875/1667 1228/1283/1199
f 1758/2025/1730 1824/2024/1796 1839/2049/1811
f 1757/2050/1729 1758/2025/1730 1839/2049/1811
f 857/2051/827 860/1850/830 1024/2052/994
f 1216/1271/1187 1218/1273/1189 1233/1288/1204
f 1235/1290/1206 1216/1271/1187 1233/1288/1204
f 1216/1271/1187 1235/1290/1206 1238/1293/1209
f 1215/1270/1186 1216/1271/1187 1238/1293/1209
f 1215/1270/1186 1238/1293/1209 1211/1266/1182
f 1238/1293/1209 1212/1267/1183 1211/1266/1182
f 1756/1941/1728 1763/1949/1735 1766/1952/1738
f 1759/1944/1731 1756/1941/1728 1766/1952/1738
f 1761/1946/1733 1768/1955/1740 1770/1957/1742
f 1742/1927/1714 1761/1946/1733 1770/1957/1742
f 1734/1917/1706 1742/1927/1714 1771/1958/1743
f 1734/1917/1706 1771/1958/1743 1733/1916/1705
f 1771/1958/1743 1773/1960/1745 1733/1916/1705
f 1733/1916/1705 1773/1960/1745 1775/1962/1747
f 1736/1919/1708 1733/1916/1705 1775/1962/1747
f 1736/1919/1708 1775/1962/1747 1228/1921/1199
f 1775/1962/1747 1225/1964/1196 1228/1921/1199
f 1842/2053/1812 1841/2054/1813 1840/2055/1814
f 1843/2056/1815 1842/2053/1812 1840/2055/1814
f 1842/2053/1812 1844/2057/1816 1841/2054/1813
f 1844/2057/1816 1845/2058/1817 1841/2054/1813
f 1843/2056/1815 1840/2055/1814 1846/2059/1818
f 1846/2059/1818 1840/2055/1814 1847/2060/1819
f 1840/2055/1814 1848/2061/1820 1847/2060/1819
f 1840/2055/1814 1841/2054/1813 1848/2061/1820
f 1849/2062/1821 1843/2056/1815 1846/2059/1818
f 1850/2063/1822 1845/2058/1817 1844/2057/1816
f 1850/2063/1822 1851/2064/1823 1845/2058/1817
f 1851/2064/1823 1852/2065/1824 1845/2058/1817
f 1853/2066/1825 1850/2063/1822 1844/2057/1816
f 1842/2053/1812 1843/2056/1815 1854/2067/1826
f 1854/2067/1826 1843/2056/1815 1849/2062/1821
f 1855/2068/1827 1842/2053/1812 1854/2067/1826
f 1842/2053/1812 1855/2068/1827 1844/2057/1816
f 1856/2069/1828 1854/2067/1826 1849/2062/1821
f 1854/2067/1826 1856/2069/1828 1857/2070/1829
f 1854/2067/1826 1857/2070/1829 1858/2071/1830
f 1855/2068/1827 1854/2067/1826 1858/2071/1830
f 1857/2070/1829 1859/2072/1831 1858/2071/1830
f 1857/2070/1829 1860/2073/1832 1859/2072/1831
f 1860/2073/1832 1861/2074/1833 1859/2072/1831
f 1858/2071/1830 1859/2072/1831 1861/2075/1833
f 1862/2076/1834 1858/2071/1830 1861/2075/1833
f 1858/2071/1830 1862/2076/1834 1863/2077/1835
f 1858/2071/1830 1863/2077/1835 1864/2078/1836
f 1864/2078/1836 1863/2077/1835 1865/2079/1837
f 1866/2080/1838 1864/2078/1836 1865/2079/1837
f 1867/2081/1839 1858/2071/1830 1864/2078/1836
f 1855/2068/1827 1858/2071/1830 1867/2081/1839
f 1862/2076/1834 1865/2082/1837 1863/2077/1835
f 1867/2081/1839 1864/2078/1836 1866/2083/1838
f 1868/2084/1840 1867/2081/1839 1866/2083/1838
f 1856/2069/1828 1860/2085/1832 1857/2070/1829
f 1844/2057/1816 1867/2081/1839 1868/2084/1840
f 1855/2068/1827 1867/2081/1839 1844/2057/1816
f 1853/2066/1825 1844/2057/1816 1868/2084/1840
f 1870/2086/1841 1869/2087/1842 1841/2054/1813
f 1871/2088/1843 1870/2086/1841 1841/2054/1813
f 1871/2088/1843 1841/2054/1813 1872/2089/1844
f 1841/2054/1813 1873/2090/1845 1872/2089/1844
f 1841/2054/1813 1869/2087/1842 1848/2061/1820
f 1847/2091/1819 1848/2061/1820 1869/2087/1842
f 1870/2092/1841 1847/2091/1819 1869/2087/1842
f 1841/2054/1813 1845/2058/1817 1873/2090/1845
f 1845/2058/1817 1852/2065/1824 1873/2090/1845
f 1872/2093/1844 1873/2090/1845 1852/2065/1824
f 1851/2094/1823 1872/2093/1844 1852/2065/1824
f 1876/2053/1846 1875/2056/1847 1874/2055/1848
f 1877/2054/1849 1876/2053/1846 1874/2055/1848
f 1878/2057/1850 1876/2053/1846 1877/2054/1849
f 1879/2058/1851 1878/2057/1850 1877/2054/1849
f 1874/2055/1848 1875/2056/1847 1880/2059/1852
f 1874/2055/1848 1880/2059/1852 1881/2060/1853
f 1882/2061/1854 1874/2055/1848 1881/2060/1853
f 1877/2054/1849 1874/2055/1848 1882/2061/1854
f 1875/2056/1847 1883/2062/1855 1880/2059/1852
f 1879/2058/1851 1884/2063/1856 1878/2057/1850
f 1885/2064/1857 1884/2063/1856 1879/2058/1851
f 1884/2063/1856 1886/2066/1858 1878/2057/1850
f 1875/2056/1847 1876/2053/1846 1887/2067/1859
f 1875/2056/1847 1887/2067/1859 1883/2062/1855
f 1876/2053/1846 1888/2068/1860 1887/2067/1859
f 1888/2068/1860 1876/2053/1846 1878/2057/1850
f 1887/2067/1859 1889/2069/1861 1883/2062/1855
f 1889/2069/1861 1887/2067/1859 1890/2070/1862
f 1890/2070/1862 1887/2067/1859 1891/2071/1863
f 1887/2067/1859 1888/2068/1860 1891/2071/1863
f 1892/2072/1864 1890/2070/1862 1891/2071/1863
f 1893/2073/1865 1890/2070/1862 1892/2072/1864
f 1894/2074/1866 1893/2073/1865 1892/2072/1864
f 1892/2072/1864 1891/2071/1863 1894/2075/1866
f 1891/2071/1863 1895/2076/1867 1894/2075/1866
f 1895/2076/1867 1891/2071/1863 1896/2077/1868
f 1896/2077/1868 1891/2071/1863 1897/2078/1869
f 1896/2077/1868 1897/2078/1869 1898/2079/1870
f 1897/2078/1869 1899/2080/1871 1898/2079/1870
f 1891/2071/1863 1900/2081/1872 1897/2078/1869
f 1891/2071/1863 1888/2068/1860 1900/2081/1872
f 1898/2082/1870 1895/2076/1867 1896/2077/1868
f 1897/2078/1869 1900/2081/1872 1899/2083/1871
f 1900/2081/1872 1901/2084/1873 1899/2083/1871
f 1893/2085/1865 1889/2069/1861 1890/2070/1862
f 1900/2081/1872 1878/2057/1850 1901/2084/1873
f 1900/2081/1872 1888/2068/1860 1878/2057/1850
f 1878/2057/1850 1886/2066/1858 1901/2084/1873
f 1903/2086/1874 1902/2088/1875 1877/2054/1849
f 1904/2087/1876 1903/2086/1874 1877/2054/1849
f 1877/2054/1849 1902/2088/1875 1905/2089/1877
f 1906/2090/1878 1877/2054/1849 1905/2089/1877
f 1904/2087/1876 1877/2054/1849 1882/2061/1854
f 1882/2061/1854 1881/2091/1853 1904/2087/1876
f 1881/2091/1853 1903/2092/1874 1904/2087/1876
f 1879/2058/1851 1877/2054/1849 1906/2090/1878
f 1885/2095/1857 1879/2058/1851 1906/2090/1878
f 1905/2093/1877 1885/2095/1857 1906/2090/1878
f 1909/2096/1879 1908/2097/1880 1907/2098/1881
f 1910/2099/1882 1909/2096/1879 1907/2098/1881
f 1911/2100/1883 1909/2096/1879 1910/2099/1882
f 1912/2101/1884 1911/2100/1883 1910/2099/1882
f 1913/2102/1885 1911/2100/1883 1912/2101/1884
f 1914/2103/1886 1913/2102/1885 1912/2101/1884
f 1915/2104/1887 1913/2102/1885 1914/2103/1886
f 1916/2105/1888 1915/2104/1887 1914/2103/1886
f 1917/2106/1889 1915/2104/1887 1916/2105/1888
f 1918/2107/1890 1917/2106/1889 1916/2105/1888
f 1919/2108/1891 1917/2106/1889 1918/2107/1890
f 1920/2109/1892 1919/2108/1891 1918/2107/1890
f 1921/2110/1893 1919/2108/1891 1920/2109/1892
f 1922/2111/1894 1921/2110/1893 1920/2109/1892
f 1923/2112/1895 1921/2110/1893 1922/2111/1894
f 1924/2113/1896 1923/2112/1895 1922/2111/1894
f 1925/2114/1897 1923/2112/1895 1924/2113/1896
f 1926/2115/1898 1925/2114/1897 1924/2113/1896
f 1927/2116/1899 1925/2114/1897 1926/2115/1898
f 1928/2117/1900 1927/2116/1899 1926/2115/1898
f 1929/2118/1901 1927/2116/1899 1928/2117/1900
f 1930/2119/1902 1929/2118/1901 1928/2117/1900
f 1931/2120/1903 1929/2118/1901 1930/2119/1902
f 1932/2121/1904 1931/2120/1903 1930/2119/1902
f 1933/2122/1905 1931/2120/1903 1932/2121/1904
f 1934/2123/1906 1933/2122/1905 1932/2121/1904
f 1935/2124/1907 1933/2122/1905 1934/2123/1906
f 1936/2125/1908 1935/2124/1907 1934/2123/1906
f 1937/2126/1909 1935/2124/1907 1936/2125/1908
f 1938/2127/1910 1937/2126/1909 1936/2125/1908
f 1939/2128/1911 1937/2126/1909 1938/2127/1910
f 1940/2129/1912 1939/2128/1911 1938/2127/1910
f 1941/2130/1913 1939/2128/1911 1940/2129/1912
f 1942/2131/1914 1941/2130/1913 1940/2129/1912
f 1943/2132/1915 1941/2130/1913 1942/2131/1914
f 1944/2133/1916 1943/2132/1915 1942/2131/1914
f 1945/2134/1917 1943/2132/1915 1944/2133/1916
f 1946/2135/1918 1945/2134/1917 1944/2133/1916
f 1908/2097/1880 1945/2134/1917 1946/2135/1918
f 1907/2098/1881 1908/2097/1880 1946/2135/1918
f 1947/2136/1919 1936/2125/1908 1934/2123/1906
f 1947/2136/1919 1938/2127/1910 1936/2125/1908
f 1947/2136/1919 1940/2129/1912 1938/2127/1910
f 1947/2136/1919 1942/2131/1914 1940/2129/1912
f 1947/2136/1919 1944/2133/1916 1942/2131/1914
f 1947/2136/1919 1946/2135/1918 1944/2133/1916
f 1947/2136/1919 1907/2098/1881 1946/2135/1918
f 1947/2136/1919 1910/2099/1882 1907/2098/1881
f 1947/2136/1919 1912/2101/1884 1910/2099/1882
f 1947/2136/1919 1914/2103/1886 1912/2101/1884
f 1947/2136/1919 1916/2105/1888 1914/2103/1886
f 1947/2136/1919 1918/2107/1890 1916/2105/1888
f 1947/2136/1919 1920/2109/1892 1918/2107/1890
f 1947/2136/1919 1922/2111/1894 1920/2109/1892
f 1947/2136/1919 1924/2113/1896 1922/2111/1894
f 1947/2136/1919 1926/2115/1898 1924/2113/1896
f 1947/2136/1919 1928/2117/1900 1926/2115/1898
f 1947/2136/1919 1930/2119/1902 1928/2117/1900
f 1947/2136/1919 1932/2121/1904 1930/2119/1902
f 1947/2136/1919 1934/2123/1906 1932/2121/1904
f 1948/2137/1920 1908/2138/1880 1909/2139/1879
f 1948/2137/1920 1909/2139/1879 1911/2140/1883
f 1948/2137/1920 1911/2140/1883 1913/2141/1885
f 1948/2137/1920 1913/2141/1885 1915/2142/1887
f 1948/2137/1920 1915/2142/1887 1917/2143/1889
f 1948/2137/1920 1917/2143/1889 1919/2144/1891
f 1948/2137/1920 1919/2144/1891 1921/2145/1893
f 1948/2137/1920 1921/2145/1893 1923/2146/1895
f 1948/2137/1920 1923/2146/1895 1925/2147/1897
f 1948/2137/1920 1925/2147/1897 1927/2148/1899
f 1948/2137/1920 1927/2148/1899 1929/2149/1901
f 1948/2137/1920 1929/2149/1901 1931/2150/1903
f 1948/2137/1920 1931/2150/1903 1933/2151/1905
f 1948/2137/1920 1933/2151/1905 1935/2152/1907
f 1948/2137/1920 1935/2152/1907 1937/2153/1909
f 1948/2137/1920 1937/2153/1909 1939/2154/1911
f 1948/2137/1920 1939/2154/1911 1941/2155/1913
f 1948/2137/1920 1941/2155/1913 1943/2156/1915
f 1948/2137/1920 1943/2156/1915 1945/2157/1917
f 1948/2137/1920 1945/2157/1917 1908/2138/1880
f 1951/2158/1921 1950/2159/1922 1949/2160/1923
f 1952/2161/1924 1951/2158/1921 1949/2160/1923
f 1951/2158/1921 1953/2162/1925 1950/2159/1922
f 1953/2162/1925 1954/2163/1926 1950/2159/1922
f 1953/2162/1925 1955/2164/1927 1954/2163/1926
f 1955/2164/1927 1956/2165/1928 1954/2163/1926
f 1955/2164/1927 1957/2166/1929 1956/2165/1928
f 1957/2166/1929 1958/2167/1930 1956/2165/1928
f 1957/2166/1929 1959/2168/1931 1958/2167/1930
f 1959/2168/1931 1960/2169/1932 1958/2167/1930
f 1959/2168/1931 1961/2170/1933 1960/2169/1932
f 1961/2170/1933 1962/2171/1934 1960/2169/1932
f 1961/2170/1933 1963/2172/1935 1962/2171/1934
f 1963/2172/1935 1964/2173/1936 1962/2171/1934
f 1963/2172/1935 1965/2174/1937 1964/2173/1936
f 1965/2174/1937 1966/2175/1938 1964/2173/1936
f 1965/2174/1937 1967/2176/1939 1966/2175/1938
f 1967/2176/1939 1968/2177/1940 1966/2175/1938
f 1967/2176/1939 1969/2178/1941 1968/2177/1940
f 1969/2178/1941 1970/2179/1942 1968/2177/1940
f 1969/2178/1941 1971/2180/1943 1970/2179/1942
f 1971/2180/1943 1972/2181/1944 1970/2179/1942
f 1971/2180/1943 1973/2182/1945 1972/2181/1944
f 1973/2182/1945 1974/2183/1946 1972/2181/1944
f 1973/2182/1945 1975/2184/1947 1974/2183/1946
f 1975/2184/1947 1976/2185/1948 1974/2183/1946
f 1975/2184/1947 1977/2186/1949 1976/2185/1948
f 1977/2186/1949 1978/2187/1950 1976/2185/1948
f 1977/2186/1949 1979/2188/1951 1978/2187/1950
f 1979/2188/1951 1980/2189/1952 1978/2187/1950
f 1979/2188/1951 1981/2190/1953 1980/2189/1952
f 1981/2190/1953 1982/2191/1954 1980/2189/1952
f 1981/2190/1953 1983/2192/1955 1982/2191/1954
f 1983/2192/1955 1984/2193/1956 1982/2191/1954
f 1983/2192/1955 1985/2194/1957 1984/2193/1956
f 1985/2194/1957 1986/2195/1958 1984/2193/1956
f 1985/2194/1957 1987/2196/1959 1986/2195/1958
f 1987/2196/1959 1988/2197/1960 1986/2195/1958
f 1987/2196/1959 1952/2161/1924 1988/2197/1960
f 1952/2161/1924 1949/2160/1923 1988/2197/1960
f 1978/2187/1950 1989/2198/1961 1976/2185/1948
f 1980/2189/1952 1989/2198/1961 1978/2187/1950
f 1982/2191/1954 1989/2198/1961 1980/2189/1952
f 1984/2193/1956 1989/2198/1961 1982/2191/1954
f 1986/2195/1958 1989/2198/1961 1984/2193/1956
f 1988/2197/1960 1989/2198/1961 1986/2195/1958
f 1949/2160/1923 1989/2198/1961 1988/2197/1960
f 1950/2159/1922 1989/2198/1961 1949/2160/1923
f 1954/2163/1926 1989/2198/1961 1950/2159/1922
f 1956/2165/1928 1989/2198/1961 1954/2163/1926
f 1958/2167/1930 1989/2198/1961 1956/2165/1928
f 1960/2169/1932 1989/2198/1961 1958/2167/1930
f 1962/2171/1934 1989/2198/1961 1960/2169/1932
f 1964/2173/1936 1989/2198/1961 1962/2171/1934
f 1966/2175/1938 1989/2198/1961 1964/2173/1936
f 1968/2177/1940 1989/2198/1961 1966/2175/1938
f 1970/2179/1942 1989/2198/1961 1968/2177/1940
f 1972/2181/1944 1989/2198/1961 1970/2179/1942
f 1974/2183/1946 1989/2198/1961 1972/2181/1944
f 1976/2185/1948 1989/2198/1961 1974/2183/1946
f 1952/2199/1924 1990/2200/1962 1951/2201/1921
f 1951/2201/1921 1990/2200/1962 1953/2202/1925
f 1953/2202/1925 1990/2200/1962 1955/2203/1927
f 1955/2203/1927 1990/2200/1962 1957/2204/1929
f 1957/2204/1929 1990/2200/1962 1959/2205/1931
f 1959/2205/1931 1990/2200/1962 1961/2206/1933
f 1961/2206/1933 1990/2200/1962 1963/2207/1935
f 1963/2207/1935 1990/2200/1962 1965/2208/1937
f 1965/2208/1937 1990/2200/1962 1967/2209/1939
f 1967/2209/1939 1990/2200/1962 1969/2210/1941
f 1969/2210/1941 1990/2200/1962 1971/2211/1943
f 1971/2211/1943 1990/2200/1962 1973/2212/1945
f 1973/2212/1945 1990/2200/1962 1975/2213/1947
f 1975/2213/1947 1990/2200/1962 1977/2214/1949
f 1977/2214/1949 1990/2200/1962 1979/2215/1951
f 1979/2215/1951 1990/2200/1962 1981/2216/1953
f 1981/2216/1953 1990/2200/1962 1983/2217/1955
f 1983/2217/1955 1990/2200/1962 1985/2218/1957
f 1985/2218/1957 1990/2200/1962 1987/2219/1959
f 1987/2219/1959 1990/2200/1962 1952/2199/1924
f 1993/2220/1963 1992/2221/1964 1991/2222/1965
f 1994/2223/1966 1993/2220/1963 1991/2222/1965
f 1995/2224/1967 1991/2222/1965 1992/2221/1964
f 1995/2224/1967 1996/2225/1968 1991/2222/1965
f 1996/2225/1968 1997/2226/1969 1991/2222/1965
f 1991/2222/1965 1997/2226/1969 1998/2227/1970
f 1994/2228/1966 1991/2222/1965 1998/2227/1970
f 1999/2229/1971 1995/2224/1967 1992/2221/1964
f 1992/2221/1964 1993/2220/1963 2000/2230/1972
f 1999/2229/1971 1992/2221/1964 2000/2230/1972
f 1993/2220/1963 2001/2231/1973 2000/2230/1972
f 1996/2225/1968 1995/2224/1967 2002/2232/1974
f 1995/2224/1967 2003/2233/1975 2002/2232/1974
f 1995/2224/1967 1999/2229/1971 2003/2233/1975
f 2004/2234/1976 1999/2229/1971 2000/2230/1972
f 2005/2235/1977 2000/2230/1972 2001/2231/1973
f 2006/2236/1978 2005/2235/1977 2001/2231/1973
f 2006/2236/1978 2007/2237/1979 2005/2235/1977
f 2007/2237/1979 2008/2238/1980 2005/2235/1977
f 2009/2239/1981 2008/2238/1980 2007/2237/1979
f 2010/2240/1982 2008/2238/1980 2009/2239/1981
f 2011/2241/1983 2010/2240/1982 2009/2239/1981
f 2012/2242/1984 2011/2241/1983 2009/2239/1981
f 2013/2243/1985 2012/2242/1984 2009/2239/1981
f 2013/2243/1985 2009/2239/1981 2014/2244/1986
f 2014/2244/1986 2009/2239/1981 2007/2237/1979
f 2015/2245/1987 2013/2243/1985 2014/2244/1986
f 2015/2245/1987 2014/2244/1986 2016/2246/1988
f 2017/2247/1989 2015/2245/1987 2016/2246/1988
f 2008/2238/1980 2010/2240/1982 2018/2248/1990
f 2005/2235/1977 2008/2238/1980 2018/2248/1990
f 2018/2248/1990 2010/2240/1982 2019/2249/1991
f 2010/2240/1982 2020/2250/1992 2019/2249/1991
f 2010/2240/1982 2011/2241/1983 2020/2250/1992
f 2021/2251/1993 2016/2246/1988 2014/2244/1986
f 2007/2237/1979 2021/2251/1993 2014/2244/1986
f 2022/2252/1994 2021/2251/1993 2007/2237/1979
f 2006/2236/1978 2022/2252/1994 2007/2237/1979
f 2022/2252/1994 2006/2236/1978 2001/2231/1973
f 2023/2253/1995 2022/2252/1994 2001/2231/1973
f 2019/2249/1991 2024/2254/1996 2018/2248/1990
f 2024/2254/1996 2004/2234/1976 2018/2248/1990
f 2004/2234/1976 2000/2230/1972 2018/2248/1990
f 2000/2230/1972 2005/2235/1977 2018/2248/1990
f 1999/2229/1971 2004/2234/1976 2024/2254/1996
f 2025/2255/1997 1999/2229/1971 2024/2254/1996
f 1999/2229/1971 2025/2255/1997 2003/2233/1975
f 2023/2253/1995 2001/2231/1973 1993/2220/1963
f 2026/2256/1998 2023/2253/1995 1993/2220/1963
f 2026/2256/1998 1993/2220/1963 1994/2223/1966
f 2027/2257/1999 2026/2256/1998 1994/2223/1966
f 2030/2258/2000 2029/2259/2001 2028/2260/2002
f 2031/2261/2003 2030/2258/2000 2028/2260/2002
f 2030/2258/2000 2031/2261/2003 2032/2262/2004
f 2033/2263/2005 2030/2258/2000 2032/2262/2004
f 2030/2258/2000 2033/2263/2005 2034/2264/2006
f 2029/2259/2001 2030/2258/2000 2034/2264/2006
f 2033/2263/2005 2035/2265/2007 2034/2264/2006
f 2036/2266/2008 2033/2263/2005 2032/2262/2004
f 2032/2262/2004 2037/2267/2009 2036/2266/2008
f 2037/2267/2009 2038/2268/2010 2036/2266/2008
f 2038/2268/2010 2039/2269/2011 2036/2266/2008
f 2038/2268/2010 2040/2270/2012 2039/2269/2011
f 2040/2270/2012 2041/2271/2013 2039/2269/2011
f 2042/2272/2014 2041/2271/2013 2040/2270/2012
f 2043/2273/2015 2042/2272/2014 2040/2270/2012
f 2036/2266/2008 2044/2274/2016 2033/2263/2005
f 2033/2263/2005 2044/2274/2016 2045/2275/2017
f 2035/2265/2007 2033/2263/2005 2045/2275/2017
f 2042/2272/2014 2043/2273/2015 2046/2276/2018
f 2047/2277/2019 2042/2272/2014 2046/2276/2018
f 2048/2278/2020 2047/2277/2019 2046/2276/2018
f 2046/2276/2018 2049/2279/2021 2048/2278/2020
f 2049/2279/2021 2050/2280/2022 2048/2278/2020
f 2051/2281/2023 2048/2278/2020 2050/2280/2022
f 2052/2282/2024 2051/2281/2023 2050/2280/2022
f 2053/2283/2025 2051/2281/2023 2052/2282/2024
f 2053/2283/2025 2054/2284/2026 2051/2281/2023
f 2054/2284/2026 2055/2285/2027 2051/2281/2023
f 2048/2278/2020 2051/2281/2023 2055/2285/2027
f 2056/2286/2028 2053/2283/2025 2052/2282/2024
f 2046/2276/2018 2057/2287/2029 2049/2279/2021
f 2046/2276/2018 2043/2273/2015 2057/2287/2029
f 2057/2287/2029 2058/2288/2030 2049/2279/2021
f 2049/2279/2021 2058/2288/2030 2050/2280/2022
f 2054/2284/2026 2059/2289/2031 2055/2285/2027
f 2059/2289/2031 2060/2290/2032 2055/2285/2027
f 2061/2291/2033 2048/2278/2020 2055/2285/2027
f 2055/2285/2027 2060/2290/2032 2061/2291/2033
f 2048/2278/2020 2062/2292/2034 2047/2277/2019
f 2060/2290/2032 2063/2293/2035 2061/2291/2033
f 2063/2293/2035 2060/2290/2032 1997/2226/1969
f 2060/2290/2032 1998/2227/1970 1997/2226/1969
f 2060/2290/2032 2059/2289/2031 1998/2227/1970
f 2063/2293/2035 2064/2294/2036 2061/2291/2033
f 2064/2294/2036 2065/2295/2037 2061/2291/2033
f 2065/2295/2037 2062/2292/2034 2048/2278/2020
f 2061/2291/2033 2065/2295/2037 2048/2278/2020
f 2063/2293/2035 1996/2225/1968 2064/2294/2036
f 1997/2226/1969 1996/2225/1968 2063/2293/2035
f 1996/2225/1968 2002/2232/1974 2064/2294/2036
f 2059/2289/2031 2066/2296/2038 1998/2227/1970
f 1994/2228/1966 1998/2227/1970 2066/2296/2038
f 2027/2297/1999 1994/2228/1966 2066/2296/2038
f 2058/2288/2030 2067/2298/2039 2050/2280/2022
f 2050/2280/2022 2067/2298/2039 2052/2282/2024
f 2067/2298/2039 2068/2299/2040 2052/2282/2024
f 2052/2282/2024 2068/2299/2040 2056/2286/2028
f 2068/2299/2040 2069/2300/2041 2056/2286/2028
f 2067/2298/2039 2058/2288/2030 2070/2301/2042
f 2058/2288/2030 2071/2302/2043 2070/2301/2042
f 2070/2301/2042 2071/2302/2043 2072/2303/2044
f 2072/2303/2044 2073/2304/2045 2070/2301/2042
f 2073/2304/2045 2074/2305/2046 2070/2301/2042
f 2067/2298/2039 2070/2301/2042 2074/2305/2046
f 2068/2299/2040 2067/2298/2039 2074/2305/2046
f 2073/2304/2045 2075/2306/2047 2074/2305/2046
f 2076/2307/2048 2075/2306/2047 2073/2304/2045
f 2077/2308/2049 2076/2307/2048 2073/2304/2045
f 2073/2304/2045 2072/2303/2044 2077/2308/2049
f 2075/2306/2047 2078/2309/2050 2074/2305/2046
f 2078/2309/2050 2069/2300/2041 2068/2299/2040
f 2074/2305/2046 2078/2309/2050 2068/2299/2040
f 2058/2288/2030 2057/2287/2029 2071/2302/2043
f 2057/2287/2029 2079/2310/2051 2071/2302/2043
f 2080/2311/2052 2076/2307/2048 2077/2308/2049
f 2081/2312/2053 2080/2311/2052 2077/2308/2049
f 2072/2303/2044 2082/2313/2054 2077/2308/2049
f 2081/2312/2053 2077/2308/2049 2082/2313/2054
f 2072/2303/2044 2071/2302/2043 2083/2314/2055
f 2071/2302/2043 2079/2310/2051 2083/2314/2055
f 2084/2315/2056 2083/2314/2055 2079/2310/2051
f 2085/2316/2057 2084/2315/2056 2079/2310/2051
f 2085/2316/2057 2079/2310/2051 2057/2287/2029
f 2085/2316/2057 2086/2317/2058 2084/2315/2056
f 2086/2317/2058 2087/2318/2059 2084/2315/2056
f 2087/2318/2059 2086/2317/2058 2088/2319/2060
f 2086/2317/2058 2089/2320/2061 2088/2319/2060
f 2088/2319/2060 2089/2320/2061 2090/2321/2062
f 2089/2320/2061 2091/2322/2063 2090/2321/2062
f 2090/2321/2062 2091/2322/2063 2092/2323/2064
f 2090/2321/2062 2092/2323/2064 2093/2324/2065
f 2093/2324/2065 2092/2323/2064 2094/2325/2066
f 2094/2325/2066 2095/2326/2067 2093/2324/2065
f 2095/2326/2067 2096/2327/2068 2093/2324/2065
f 2092/2323/2064 2097/2328/2069 2094/2325/2066
f 2097/2328/2069 2098/2329/2070 2094/2325/2066
f 2098/2329/2070 2099/2330/2071 2094/2325/2066
f 2094/2325/2066 2099/2330/2071 2095/2326/2067
f 2093/2324/2065 2100/2331/2072 2090/2321/2062
f 2101/2332/2073 2100/2331/2072 2093/2324/2065
f 2096/2327/2068 2101/2332/2073 2093/2324/2065
f 2096/2327/2068 2095/2326/2067 2102/2333/2074
f 2102/2333/2074 2095/2326/2067 2103/2334/2075
f 2104/2335/2076 2102/2333/2074 2103/2334/2075
f 2105/2336/2077 2104/2335/2076 2103/2334/2075
f 2103/2334/2075 2106/2337/2078 2105/2336/2077
f 2106/2337/2078 2107/2338/2079 2105/2336/2077
f 2105/2336/2077 2107/2338/2079 2108/2339/2080
f 2104/2335/2076 2105/2336/2077 2108/2339/2080
f 2107/2338/2079 2109/2340/2081 2108/2339/2080
f 2110/2341/2082 2104/2335/2076 2108/2339/2080
f 2110/2341/2082 2111/2342/2083 2104/2335/2076
f 2110/2341/2082 2112/2343/2084 2111/2342/2083
f 2112/2343/2084 2113/2344/2085 2111/2342/2083
f 2114/2345/2086 2112/2343/2084 2110/2341/2082
f 2108/2346/2080 2114/2345/2086 2110/2341/2082
f 2115/2347/2087 2114/2345/2086 2108/2346/2080
f 2109/2348/2081 2115/2347/2087 2108/2346/2080
f 2113/2344/2085 2112/2343/2084 2116/2349/2088
f 2112/2343/2084 2117/2350/2089 2116/2349/2088
f 2118/2351/2090 2117/2350/2089 2112/2343/2084
f 2114/2345/2086 2118/2351/2090 2112/2343/2084
f 2116/2349/2088 2117/2350/2089 2119/2352/2091
f 2116/2349/2088 2119/2352/2091 2120/2353/2092
f 2121/2354/2093 2116/2349/2088 2120/2353/2092
f 2113/2344/2085 2116/2349/2088 2121/2354/2093
f 2117/2350/2089 2122/2355/2094 2119/2352/2091
f 2117/2350/2089 2118/2351/2090 2122/2355/2094
f 2118/2351/2090 2123/2356/2095 2122/2355/2094
f 2123/2356/2095 2124/2357/2096 2122/2355/2094
f 2124/2357/2096 2125/2358/2097 2122/2355/2094
f 2119/2352/2091 2122/2355/2094 2125/2358/2097
f 2125/2358/2097 2124/2357/2096 2126/2359/2098
f 2127/2360/2099 2125/2358/2097 2126/2359/2098
f 2127/2360/2099 2126/2359/2098 2128/2361/2100
f 2126/2359/2098 2129/2362/2101 2128/2361/2100
f 2128/2361/2100 2130/2363/2102 2127/2360/2099
f 2130/2363/2102 2128/2361/2100 2131/2364/2103
f 2128/2361/2100 2132/2365/2104 2131/2364/2103
f 2133/2366/2105 2132/2365/2104 2128/2361/2100
f 2129/2367/2101 2133/2366/2105 2128/2361/2100
f 2130/2363/2102 2134/2368/2106 2127/2360/2099
f 2127/2360/2099 2134/2368/2106 2125/2358/2097
f 2130/2363/2102 2131/2364/2103 2135/2369/2107
f 2136/2370/2108 2130/2363/2102 2135/2369/2107
f 2134/2368/2106 2130/2363/2102 2136/2370/2108
f 2134/2368/2106 2137/2371/2109 2125/2358/2097
f 2123/2356/2095 2138/2372/2110 2124/2357/2096
f 2138/2372/2110 2123/2356/2095 2118/2351/2090
f 2139/2373/2111 2138/2372/2110 2118/2351/2090
f 2118/2351/2090 2114/2345/2086 2139/2373/2111
f 2114/2345/2086 2115/2347/2087 2139/2373/2111
f 2137/2371/2109 2134/2368/2106 2140/2374/2112
f 2137/2371/2109 2140/2374/2112 2119/2352/2091
f 2137/2371/2109 2119/2352/2091 2125/2358/2097
f 2140/2374/2112 2120/2353/2092 2119/2352/2091
f 2134/2368/2106 2141/2375/2113 2140/2374/2112
f 2141/2375/2113 2134/2368/2106 2136/2370/2108
f 2138/2372/2110 2142/2376/2114 2124/2357/2096
f 2124/2357/2096 2142/2376/2114 2126/2359/2098
f 2142/2376/2114 2143/2377/2115 2126/2359/2098
f 2126/2359/2098 2143/2377/2115 2129/2362/2101
f 2143/2377/2115 2144/2378/2116 2129/2362/2101
f 2147/2379/2117 2146/2380/2118 2145/2381/2119
f 2148/2382/2120 2147/2379/2117 2145/2381/2119
f 2148/2382/2120 2145/2381/2119 2149/2383/2121
f 2150/2384/2122 2148/2382/2120 2149/2383/2121
f 2149/2383/2121 2151/2385/2123 2150/2384/2122
f 2151/2385/2123 2152/2386/2124 2150/2384/2122
f 2152/2386/2124 2151/2385/2123 2153/2387/2125
f 2154/2388/2126 2152/2386/2124 2153/2387/2125
f 2147/2379/2117 2155/2389/2127 2146/2380/2118
f 2155/2389/2127 2156/2390/2128 2146/2380/2118
f 2157/2391/2129 2156/2390/2128 2155/2389/2127
f 2158/2392/2130 2157/2391/2129 2155/2389/2127
f 2157/2391/2129 2158/2392/2130 2159/2393/2131
f 2160/2394/2132 2157/2391/2129 2159/2393/2131
f 2160/2394/2132 2159/2393/2131 2161/2395/2133
f 2162/2396/2134 2160/2394/2132 2161/2395/2133
f 2161/2395/2133 2163/2397/2135 2162/2396/2134
f 2163/2397/2135 2164/2398/2136 2162/2396/2134
f 2163/2397/2135 2165/2399/2137 2164/2398/2136
f 2165/2399/2137 2166/2400/2138 2164/2398/2136
f 2165/2399/2137 2167/2401/2139 2166/2400/2138
f 2167/2401/2139 2168/2402/2140 2166/2400/2138
f 2168/2402/2140 2167/2401/2139 2169/2403/2141
f 2167/2401/2139 2170/2404/2142 2169/2403/2141
f 2169/2403/2141 2170/2404/2142 2171/2405/2143
f 2170/2404/2142 2172/2406/2144 2171/2405/2143
f 2171/2405/2143 2172/2406/2144 2173/2407/2145
f 2174/2408/2146 2171/2405/2143 2173/2407/2145
f 2173/2407/2145 2175/2409/2147 2174/2408/2146
f 2175/2409/2147 2176/2410/2148 2174/2408/2146
f 2175/2409/2147 2177/2411/2149 2176/2410/2148
f 2177/2411/2149 2175/2409/2147 2178/2412/2150
f 2175/2409/2147 2179/2413/2151 2178/2412/2150
f 2179/2413/2151 2180/2414/2152 2178/2412/2150
f 2180/2414/2152 2181/2415/2153 2178/2412/2150
f 2181/2415/2153 2180/2414/2152 2182/2416/2154
f 2183/2417/2155 2181/2415/2153 2182/2416/2154
f 2184/2418/2156 2183/2417/2155 2182/2416/2154
f 2185/2419/2157 2184/2418/2156 2182/2416/2154
f 2186/2420/2158 2184/2418/2156 2185/2419/2157
f 2153/2387/2125 2186/2420/2158 2185/2419/2157
f 2187/2421/2159 2177/2411/2149 2178/2412/2150
f 2154/2388/2126 2153/2387/2125 2185/2419/2157
f 2183/2417/2155 2188/2422/2160 2181/2415/2153
f 2188/2422/2160 2183/2417/2155 2184/2418/2156
f 2188/2422/2160 2189/2423/2161 2181/2415/2153
f 2181/2415/2153 2189/2423/2161 2178/2412/2150
f 2190/2424/2162 2188/2422/2160 2184/2418/2156
f 2190/2424/2162 2184/2418/2156 2186/2420/2158
f 2191/2425/2163 2190/2424/2162 2186/2420/2158
f 2189/2423/2161 2192/2426/2164 2178/2412/2150
f 2191/2425/2163 2193/2427/2165 2190/2424/2162
f 2194/2428/2166 2193/2427/2165 2191/2425/2163
f 2195/2429/2167 2194/2428/2166 2191/2425/2163
f 2194/2428/2166 2195/2429/2167 2196/2430/2168
f 2195/2429/2167 2197/2431/2169 2196/2430/2168
f 2198/2432/2170 2196/2430/2168 2197/2431/2169
f 2199/2433/2171 2198/2432/2170 2197/2431/2169
f 2200/2434/2172 2198/2432/2170 2199/2433/2171
f 2201/2435/2173 2200/2434/2172 2199/2433/2171
f 2202/2436/2174 2200/2434/2172 2201/2435/2173
f 2203/2437/2175 2202/2436/2174 2201/2435/2173
f 2202/2436/2174 2203/2437/2175 2204/2438/2176
f 2205/2439/2177 2202/2436/2174 2204/2438/2176
f 2205/2439/2177 2204/2438/2176 2206/2440/2178
f 2204/2438/2176 2207/2441/2179 2206/2440/2178
f 2208/2442/2180 2206/2440/2178 2207/2441/2179
f 2209/2443/2181 2208/2442/2180 2207/2441/2179
f 2210/2444/2182 2208/2442/2180 2209/2443/2181
f 2211/2445/2183 2210/2444/2182 2209/2443/2181
f 2210/2444/2182 2211/2445/2183 2212/2446/2184
f 2211/2445/2183 2213/2447/2185 2212/2446/2184
f 2214/2448/2186 2212/2446/2184 2213/2447/2185
f 2215/2449/2187 2214/2448/2186 2213/2447/2185
f 2214/2448/2186 2215/2449/2187 2216/2450/2188
f 2217/2451/2189 2214/2448/2186 2216/2450/2188
f 2217/2451/2189 2216/2450/2188 2218/2452/2190
f 2219/2453/2191 2217/2451/2189 2218/2452/2190
f 2219/2453/2191 2218/2452/2190 2220/2454/2192
f 2218/2452/2190 2221/2455/2193 2220/2454/2192
f 2222/2456/2194 2220/2454/2192 2221/2455/2193
f 2223/2457/2195 2222/2456/2194 2221/2455/2193
f 2224/2458/2196 2222/2456/2194 2223/2457/2195
f 2222/2456/2194 2224/2458/2196 2178/2412/2150
f 2192/2426/2164 2222/2456/2194 2178/2412/2150
f 2224/2458/2196 2187/2421/2159 2178/2412/2150
f 2015/2459/1987 2017/2460/1989 2225/2461/2197
f 2226/2462/2198 2015/2459/1987 2225/2461/2197
f 2225/2461/2197 2227/2463/2199 2226/2462/2198
f 2227/2463/2199 2228/2464/2200 2226/2462/2198
f 2015/2459/1987 2226/2462/2198 2229/2465/2201
f 2229/2465/2201 2226/2462/2198 2228/2464/2200
f 2013/2243/1985 2015/2459/1987 2229/2465/2201
f 2012/2242/1984 2013/2243/1985 2229/2465/2201
f 2230/2466/2202 2012/2242/1984 2229/2465/2201
f 2231/2467/2203 2229/2465/2201 2228/2464/2200
f 2229/2465/2201 2231/2467/2203 2232/2468/2204
f 2230/2466/2202 2229/2465/2201 2232/2468/2204
f 2233/2469/2205 2228/2464/2200 2227/2463/2199
f 2234/2470/2206 2233/2469/2205 2227/2463/2199
f 2228/2464/2200 2233/2469/2205 2034/2264/2006
f 2231/2467/2203 2228/2464/2200 2034/2264/2006
f 2231/2467/2203 2034/2264/2006 2035/2265/2007
f 2232/2468/2204 2231/2467/2203 2035/2265/2007
f 2012/2242/1984 2230/2466/2202 2235/2471/2207
f 2012/2242/1984 2235/2471/2207 2236/2472/2208
f 2011/2241/1983 2012/2242/1984 2236/2472/2208
f 2011/2241/1983 2236/2472/2208 2020/2250/1992
f 2230/2466/2202 2237/2473/2209 2235/2471/2207
f 2230/2466/2202 2232/2468/2204 2237/2473/2209
f 2232/2468/2204 2238/2474/2210 2237/2473/2209
f 2232/2468/2204 2035/2265/2007 2238/2474/2210
f 2035/2265/2007 2045/2275/2017 2238/2474/2210
f 2233/2469/2205 2029/2259/2001 2034/2264/2006
f 2233/2469/2205 2234/2470/2206 2029/2259/2001
f 2234/2470/2206 2239/2475/2211 2029/2259/2001
f 2028/2260/2002 2029/2259/2001 2239/2475/2211
f 2240/2476/2212 2028/2260/2002 2239/2475/2211
f 2028/2260/2002 2240/2476/2212 2241/2477/2213
f 2241/2477/2213 2242/2478/2214 2028/2260/2002
f 2242/2478/2214 2031/2261/2003 2028/2260/2002
f 2031/2261/2003 2242/2478/2214 2243/2479/2215
f 2032/2262/2004 2031/2261/2003 2243/2479/2215
f 2243/2479/2215 2244/2480/2216 2032/2262/2004
f 2244/2480/2216 2037/2267/2009 2032/2262/2004
f 2244/2480/2216 2245/2481/2217 2037/2267/2009
f 2245/2481/2217 2038/2268/2010 2037/2267/2009
f 2038/2268/2010 2245/2481/2217 2246/2482/2218
f 2040/2270/2012 2038/2268/2010 2246/2482/2218
f 2040/2270/2012 2246/2482/2218 2247/2483/2219
f 2043/2273/2015 2040/2270/2012 2247/2483/2219
f 2043/2273/2015 2247/2483/2219 2057/2287/2029
f 2240/2476/2212 2248/2484/2220 2241/2477/2213
f 2241/2477/2213 2098/2329/2070 2242/2478/2214
f 2098/2329/2070 2097/2328/2069 2242/2478/2214
f 2242/2478/2214 2097/2328/2069 2243/2479/2215
f 2243/2479/2215 2092/2323/2064 2244/2480/2216
f 2097/2328/2069 2092/2323/2064 2243/2479/2215
f 2092/2323/2064 2091/2322/2063 2244/2480/2216
f 2244/2480/2216 2091/2322/2063 2245/2481/2217
f 2091/2322/2063 2089/2320/2061 2245/2481/2217
f 2245/2481/2217 2089/2320/2061 2246/2482/2218
f 2247/2483/2219 2085/2316/2057 2057/2287/2029
f 2086/2317/2058 2085/2316/2057 2247/2483/2219
f 2246/2482/2218 2086/2317/2058 2247/2483/2219
f 2089/2320/2061 2086/2317/2058 2246/2482/2218
f 2098/2329/2070 2250/2485/2221 2249/2486/2222
f 2099/2330/2071 2098/2329/2070 2249/2486/2222
f 2099/2330/2071 2249/2486/2222 2251/2487/2223
f 2252/2488/2224 2099/2330/2071 2251/2487/2223
f 2251/2487/2223 2106/2337/2078 2252/2488/2224
f 2106/2337/2078 2103/2334/2075 2252/2488/2224
f 2095/2326/2067 2252/2488/2224 2103/2334/2075
f 2099/2330/2071 2252/2488/2224 2095/2326/2067
f 2250/2485/2221 2098/2329/2070 2241/2477/2213
f 2248/2484/2220 2250/2485/2221 2241/2477/2213
f 2227/2463/2199 2171/2489/2143 2174/2490/2146
f 2234/2470/2206 2227/2463/2199 2174/2490/2146
f 2171/2489/2143 2227/2463/2199 2225/2461/2197
f 2169/2491/2141 2171/2489/2143 2225/2461/2197
f 2169/2491/2141 2225/2461/2197 2017/2460/1989
f 2168/2492/2140 2169/2491/2141 2017/2460/1989
f 2174/2490/2146 2176/2493/2148 2234/2470/2206
f 2176/2493/2148 2239/2475/2211 2234/2470/2206
f 2176/2493/2148 2177/2494/2149 2239/2475/2211
f 2177/2494/2149 2240/2476/2212 2239/2475/2211
f 2240/2476/2212 2177/2494/2149 2187/2495/2159
f 2248/2484/2220 2240/2476/2212 2187/2495/2159
f 2250/2485/2221 2248/2484/2220 2187/2495/2159
f 2224/2496/2196 2250/2485/2221 2187/2495/2159
f 2250/2485/2221 2224/2496/2196 2249/2486/2222
f 2224/2496/2196 2223/2497/2195 2249/2486/2222
f 2249/2486/2222 2223/2497/2195 2251/2487/2223
f 2223/2497/2195 2221/2498/2193 2251/2487/2223
f 2106/2337/2078 2251/2487/2223 2221/2498/2193
f 2218/2499/2190 2106/2337/2078 2221/2498/2193
f 2106/2337/2078 2218/2499/2190 2107/2338/2079
f 2218/2499/2190 2216/2500/2188 2107/2338/2079
f 2107/2338/2079 2216/2500/2188 2109/2340/2081
f 2216/2500/2188 2215/2501/2187 2109/2340/2081
f 2145/2502/2119 2059/2289/2031 2054/2284/2026
f 2149/2503/2121 2145/2502/2119 2054/2284/2026
f 2149/2503/2121 2054/2284/2026 2053/2283/2025
f 2151/2504/2123 2149/2503/2121 2053/2283/2025
f 2053/2283/2025 2056/2286/2028 2151/2504/2123
f 2056/2286/2028 2153/2505/2125 2151/2504/2123
f 2059/2289/2031 2145/2502/2119 2146/2506/2118
f 2066/2296/2038 2059/2289/2031 2146/2506/2118
f 2066/2296/2038 2146/2506/2118 2156/2507/2128
f 2027/2297/1999 2066/2296/2038 2156/2507/2128
f 2056/2286/2028 2069/2300/2041 2153/2505/2125
f 2069/2300/2041 2186/2508/2158 2153/2505/2125
f 2186/2508/2158 2069/2300/2041 2191/2509/2163
f 2069/2300/2041 2078/2309/2050 2191/2509/2163
f 2191/2509/2163 2078/2309/2050 2195/2510/2167
f 2078/2309/2050 2075/2306/2047 2195/2510/2167
f 2197/2511/2169 2195/2510/2167 2075/2306/2047
f 2076/2307/2048 2197/2511/2169 2075/2306/2047
f 2199/2512/2171 2197/2511/2169 2076/2307/2048
f 2080/2311/2052 2199/2512/2171 2076/2307/2048
f 2199/2512/2171 2080/2311/2052 2201/2513/2173
f 2080/2311/2052 2253/2514/2225 2201/2513/2173
f 2201/2513/2173 2253/2514/2225 2203/2515/2175
f 2253/2514/2225 2144/2516/2116 2203/2515/2175
f 2023/2253/1995 2160/2517/2132 2162/2518/2134
f 2022/2252/1994 2023/2253/1995 2162/2518/2134
f 2022/2252/1994 2162/2518/2134 2164/2519/2136
f 2021/2251/1993 2022/2252/1994 2164/2519/2136
f 2021/2251/1993 2164/2519/2136 2166/2520/2138
f 2016/2246/1988 2021/2251/1993 2166/2520/2138
f 2166/2520/2138 2168/2521/2140 2016/2246/1988
f 2168/2521/2140 2017/2247/1989 2016/2246/1988
f 2023/2253/1995 2026/2256/1998 2160/2517/2132
f 2026/2256/1998 2157/2522/2129 2160/2517/2132
f 2157/2522/2129 2026/2256/1998 2027/2257/1999
f 2156/2523/2128 2157/2522/2129 2027/2257/1999
f 2111/2342/2083 2254/2524/2226 2104/2335/2076
f 2254/2524/2226 2255/2525/2227 2104/2335/2076
f 2255/2525/2227 2102/2333/2074 2104/2335/2076
f 2255/2525/2227 2096/2327/2068 2102/2333/2074
f 2111/2342/2083 2256/2526/2228 2254/2524/2226
f 2257/2527/2229 2256/2526/2228 2111/2342/2083
f 2113/2344/2085 2257/2527/2229 2111/2342/2083
f 2257/2527/2229 2113/2344/2085 2121/2354/2093
f 2256/2526/2228 2258/2528/2230 2254/2524/2226
f 2255/2525/2227 2254/2524/2226 2258/2528/2230
f 2259/2529/2231 2255/2525/2227 2258/2528/2230
f 2096/2327/2068 2255/2525/2227 2259/2529/2231
f 2101/2332/2073 2096/2327/2068 2259/2529/2231
f 2083/2314/2055 2260/2530/2232 2072/2303/2044
f 2072/2303/2044 2260/2530/2232 2261/2531/2233
f 2082/2313/2054 2072/2303/2044 2261/2531/2233
f 2261/2531/2233 2262/2532/2234 2082/2313/2054
f 2262/2532/2234 2263/2533/2235 2082/2313/2054
f 2263/2533/2235 2081/2312/2053 2082/2313/2054
f 2263/2533/2235 2132/2365/2104 2081/2312/2053
f 2132/2365/2104 2133/2366/2105 2081/2312/2053
f 2131/2364/2103 2263/2533/2235 2262/2532/2234
f 2131/2364/2103 2132/2365/2104 2263/2533/2235
f 2135/2369/2107 2131/2364/2103 2262/2532/2234
f 2081/2312/2053 2133/2366/2105 2080/2311/2052
f 2133/2366/2105 2253/2514/2225 2080/2311/2052
f 2133/2366/2105 2129/2367/2101 2253/2514/2225
f 2129/2367/2101 2144/2516/2116 2253/2514/2225
f 2142/2376/2114 2138/2372/2110 2209/2534/2181
f 2207/2535/2179 2142/2376/2114 2209/2534/2181
f 2209/2534/2181 2138/2372/2110 2211/2536/2183
f 2138/2372/2110 2139/2373/2111 2211/2536/2183
f 2211/2536/2183 2139/2373/2111 2213/2537/2185
f 2139/2373/2111 2115/2347/2087 2213/2537/2185
f 2215/2538/2187 2213/2537/2185 2115/2347/2087
f 2109/2348/2081 2215/2538/2187 2115/2347/2087
f 2143/2377/2115 2142/2376/2114 2207/2535/2179
f 2204/2539/2176 2143/2377/2115 2207/2535/2179
f 2143/2377/2115 2204/2539/2176 2144/2378/2116
f 2204/2539/2176 2203/2540/2175 2144/2378/2116
f 2158/2541/2130 2025/2542/1997 2024/2543/1996
f 2159/2544/2131 2158/2541/2130 2024/2543/1996
f 2158/2541/2130 2155/2545/2127 2025/2542/1997
f 2155/2545/2127 2003/2546/1975 2025/2542/1997
f 2003/2546/1975 2155/2545/2127 2147/2547/2117
f 2002/2548/1974 2003/2546/1975 2147/2547/2117
f 2002/2548/1974 2147/2547/2117 2148/2549/2120
f 2064/2550/2036 2002/2548/1974 2148/2549/2120
f 2064/2550/2036 2148/2549/2120 2150/2551/2122
f 2065/2552/2037 2064/2550/2036 2150/2551/2122
f 2024/2543/1996 2019/2553/1991 2159/2544/2131
f 2019/2553/1991 2161/2554/2133 2159/2544/2131
f 2019/2553/1991 2020/2555/1992 2161/2554/2133
f 2020/2555/1992 2163/2556/2135 2161/2554/2133
f 2020/2555/1992 2236/2557/2208 2163/2556/2135
f 2236/2557/2208 2165/2558/2137 2163/2556/2135
f 2165/2558/2137 2236/2557/2208 2235/2559/2207
f 2167/2560/2139 2165/2558/2137 2235/2559/2207
f 2167/2560/2139 2235/2559/2207 2237/2561/2209
f 2170/2562/2142 2167/2560/2139 2237/2561/2209
f 2170/2562/2142 2237/2561/2209 2238/2563/2210
f 2172/2564/2144 2170/2562/2142 2238/2563/2210
f 2238/2563/2210 2045/2565/2017 2172/2564/2144
f 2045/2565/2017 2173/2566/2145 2172/2564/2144
f 2173/2566/2145 2045/2565/2017 2044/2567/2016
f 2175/2568/2147 2173/2566/2145 2044/2567/2016
f 2175/2568/2147 2044/2567/2016 2036/2569/2008
f 2179/2570/2151 2175/2568/2147 2036/2569/2008
f 2036/2569/2008 2039/2571/2011 2179/2570/2151
f 2039/2571/2011 2180/2572/2152 2179/2570/2151
f 2039/2571/2011 2041/2573/2013 2180/2572/2152
f 2041/2573/2013 2182/2574/2154 2180/2572/2152
f 2041/2573/2013 2042/2575/2014 2182/2574/2154
f 2042/2575/2014 2185/2576/2157 2182/2574/2154
f 2042/2575/2014 2047/2577/2019 2185/2576/2157
f 2047/2577/2019 2154/2578/2126 2185/2576/2157
f 2047/2577/2019 2062/2579/2034 2154/2578/2126
f 2062/2579/2034 2152/2580/2124 2154/2578/2126
f 2152/2580/2124 2062/2579/2034 2065/2581/2037
f 2150/2582/2122 2152/2580/2124 2065/2581/2037
f 2140/2583/2112 2141/2584/2113 2205/2585/2177
f 2206/2586/2178 2140/2583/2112 2205/2585/2177
f 2202/2587/2174 2205/2585/2177 2141/2584/2113
f 2136/2588/2108 2202/2587/2174 2141/2584/2113
f 2200/2589/2172 2202/2587/2174 2136/2588/2108
f 2135/2590/2107 2200/2589/2172 2136/2588/2108
f 2198/2591/2170 2200/2589/2172 2135/2590/2107
f 2262/2592/2234 2198/2591/2170 2135/2590/2107
f 2196/2593/2168 2198/2591/2170 2262/2592/2234
f 2261/2594/2233 2196/2593/2168 2262/2592/2234
f 2120/2595/2092 2140/2583/2112 2206/2586/2178
f 2208/2596/2180 2120/2595/2092 2206/2586/2178
f 2121/2597/2093 2120/2595/2092 2208/2596/2180
f 2210/2598/2182 2121/2597/2093 2208/2596/2180
f 2257/2599/2229 2121/2597/2093 2210/2598/2182
f 2212/2600/2184 2257/2599/2229 2210/2598/2182
f 2256/2601/2228 2257/2599/2229 2212/2600/2184
f 2214/2602/2186 2256/2601/2228 2212/2600/2184
f 2258/2603/2230 2256/2601/2228 2214/2602/2186
f 2217/2604/2189 2258/2603/2230 2214/2602/2186
f 2259/2605/2231 2258/2603/2230 2217/2604/2189
f 2219/2606/2191 2259/2605/2231 2217/2604/2189
f 2259/2605/2231 2219/2606/2191 2101/2607/2073
f 2219/2606/2191 2220/2608/2192 2101/2607/2073
f 2101/2607/2073 2220/2608/2192 2100/2609/2072
f 2220/2608/2192 2222/2610/2194 2100/2609/2072
f 2100/2609/2072 2222/2610/2194 2090/2611/2062
f 2222/2610/2194 2192/2612/2164 2090/2611/2062
f 2088/2613/2060 2090/2611/2062 2192/2612/2164
f 2189/2614/2161 2088/2613/2060 2192/2612/2164
f 2087/2615/2059 2088/2613/2060 2189/2614/2161
f 2188/2616/2160 2087/2615/2059 2189/2614/2161
f 2084/2617/2056 2087/2615/2059 2188/2616/2160
f 2190/2618/2162 2084/2617/2056 2188/2616/2160
f 2083/2619/2055 2084/2617/2056 2190/2618/2162
f 2193/2620/2165 2083/2619/2055 2190/2618/2162
f 2260/2621/2232 2083/2619/2055 2193/2620/2165
f 2194/2622/2166 2260/2621/2232 2193/2620/2165
f 2261/2623/2233 2260/2621/2232 2194/2622/2166
f 2196/2624/2168 2261/2623/2233 2194/2622/2166
f 2266/2625/2236 2265/2626/2237 2264/2627/2238
f 2267/2628/2239 2266/2625/2236 2264/2627/2238
f 2267/2628/2239 2264/2627/2238 2268/2629/2240
f 2269/2630/2241 2267/2628/2239 2268/2629/2240
f 2266/2625/2236 2270/2631/2242 2265/2626/2237
f 2270/2631/2242 2271/2632/2243 2265/2626/2237
f 2270/2631/2242 2272/2633/2244 2271/2632/2243
f 2272/2633/2244 2273/2634/2245 2271/2632/2243
f 2274/2635/2246 2273/2634/2245 2272/2633/2244
f 2275/2636/2247 2274/2635/2246 2272/2633/2244
f 2276/2637/2248 2274/2635/2246 2275/2636/2247
f 2277/2638/2249 2276/2637/2248 2275/2636/2247
f 2277/2638/2249 2278/2639/2250 2276/2637/2248
f 2278/2639/2250 2279/2640/2251 2276/2637/2248
f 2278/2639/2250 2280/2641/2252 2279/2640/2251
f 2280/2641/2252 2281/2642/2253 2279/2640/2251
f 2280/2641/2252 2282/2643/2254 2281/2642/2253
f 2282/2643/2254 2283/2644/2255 2281/2642/2253
f 2282/2643/2254 2284/2645/2256 2283/2644/2255
f 2284/2645/2256 2285/2646/2257 2283/2644/2255
f 2284/2645/2256 2286/2647/2258 2285/2646/2257
f 2286/2647/2258 2287/2648/2259 2285/2646/2257
f 2286/2647/2258 2288/2649/2260 2287/2648/2259
f 2288/2649/2260 2289/2650/2261 2287/2648/2259
f 2288/2649/2260 2290/2651/2262 2289/2650/2261
f 2290/2651/2262 2291/2652/2263 2289/2650/2261
f 2290/2651/2262 2292/2653/2264 2291/2652/2263
f 2292/2653/2264 2293/2654/2265 2291/2652/2263
f 2292/2653/2264 2294/2655/2266 2293/2654/2265
f 2294/2655/2266 2295/2656/2267 2293/2654/2265
f 2294/2655/2266 2296/2657/2268 2295/2656/2267
f 2296/2657/2268 2297/2658/2269 2295/2656/2267
f 2296/2657/2268 2298/2659/2270 2297/2658/2269
f 2298/2659/2270 2299/2660/2271 2297/2658/2269
f 2298/2659/2270 2300/2661/2272 2299/2660/2271
f 2300/2661/2272 2301/2662/2273 2299/2660/2271
f 2300/2661/2272 2302/2663/2274 2301/2662/2273
f 2302/2663/2274 2303/2664/2275 2301/2662/2273
f 2302/2663/2274 2304/2665/2276 2303/2664/2275
f 2304/2665/2276 2305/2666/2277 2303/2664/2275
f 2304/2665/2276 2306/2667/2278 2305/2666/2277
f 2306/2667/2278 2307/2668/2279 2305/2666/2277
f 2306/2667/2278 2308/2669/2280 2307/2668/2279
f 2308/2669/2280 2309/2670/2281 2307/2668/2279
f 2308/2669/2280 2310/2671/2282 2309/2670/2281
f 2310/2671/2282 2311/2672/2283 2309/2670/2281
f 2312/2673/2284 2311/2672/2283 2310/2671/2282
f 2313/2674/2285 2312/2673/2284 2310/2671/2282
f 2316/2675/2286 2315/2676/2287 2314/2677/2288
f 2317/2678/2289 2316/2675/2286 2314/2677/2288
f 2317/2678/2289 2314/2677/2288 2318/2679/2290
f 2319/2680/2291 2317/2678/2289 2318/2679/2290
f 2316/2675/2286 2320/2681/2292 2315/2676/2287
f 2320/2681/2292 2321/2682/2293 2315/2676/2287
f 2320/2681/2292 2269/2630/2241 2321/2682/2293
f 2269/2630/2241 2268/2629/2240 2321/2682/2293
f 2323/2683/2294 2322/2684/2295 2266/2685/2236
f 2267/2686/2239 2323/2683/2294 2266/2685/2236
f 2323/2683/2294 2267/2686/2239 2324/2687/2296
f 2267/2686/2239 2269/2688/2241 2324/2687/2296
f 2266/2685/2236 2322/2684/2295 2270/2689/2242
f 2322/2684/2295 2325/2690/2297 2270/2689/2242
f 2270/2689/2242 2325/2690/2297 2272/2691/2244
f 2325/2690/2297 2326/2692/2298 2272/2691/2244
f 2275/2693/2247 2272/2691/2244 2326/2692/2298
f 2327/2694/2299 2275/2693/2247 2326/2692/2298
f 2277/2695/2249 2275/2693/2247 2327/2694/2299
f 2328/2696/2300 2277/2695/2249 2327/2694/2299
f 2278/2697/2250 2277/2695/2249 2328/2696/2300
f 2329/2698/2301 2278/2697/2250 2328/2696/2300
f 2280/2699/2252 2278/2697/2250 2329/2698/2301
f 2330/2700/2302 2280/2699/2252 2329/2698/2301
f 2282/2701/2254 2280/2699/2252 2330/2700/2302
f 2331/2702/2303 2282/2701/2254 2330/2700/2302
f 2284/2703/2256 2282/2701/2254 2331/2702/2303
f 2332/2704/2304 2284/2703/2256 2331/2702/2303
f 2286/2705/2258 2284/2703/2256 2332/2704/2304
f 2333/2706/2305 2286/2705/2258 2332/2704/2304
f 2288/2707/2260 2286/2705/2258 2333/2706/2305
f 2334/2708/2306 2288/2707/2260 2333/2706/2305
f 2290/2709/2262 2288/2707/2260 2334/2708/2306
f 2335/2710/2307 2290/2709/2262 2334/2708/2306
f 2292/2711/2264 2290/2709/2262 2335/2710/2307
f 2336/2712/2308 2292/2711/2264 2335/2710/2307
f 2294/2713/2266 2292/2711/2264 2336/2712/2308
f 2337/2714/2309 2294/2713/2266 2336/2712/2308
f 2296/2715/2268 2294/2713/2266 2337/2714/2309
f 2338/2716/2310 2296/2715/2268 2337/2714/2309
f 2298/2717/2270 2296/2715/2268 2338/2716/2310
f 2339/2718/2311 2298/2717/2270 2338/2716/2310
f 2300/2719/2272 2298/2717/2270 2339/2718/2311
f 2340/2720/2312 2300/2719/2272 2339/2718/2311
f 2302/2721/2274 2300/2719/2272 2340/2720/2312
f 2341/2722/2313 2302/2721/2274 2340/2720/2312
f 2304/2723/2276 2302/2721/2274 2341/2722/2313
f 2342/2724/2314 2304/2723/2276 2341/2722/2313
f 2306/2725/2278 2304/2723/2276 2342/2724/2314
f 2343/2726/2315 2306/2725/2278 2342/2724/2314
f 2306/2725/2278 2343/2726/2315 2308/2727/2280
f 2343/2726/2315 2344/2728/2316 2308/2727/2280
f 2308/2727/2280 2344/2728/2316 2310/2729/2282
f 2344/2728/2316 2345/2730/2317 2310/2729/2282
f 2313/2731/2285 2310/2729/2282 2345/2730/2317
f 2346/2732/2318 2313/2731/2285 2345/2730/2317
f 2347/2733/2319 2340/2720/2312 2339/2718/2311
f 2348/2734/2320 2347/2733/2319 2339/2718/2311
f 2349/2735/2321 2342/2724/2314 2341/2722/2313
f 2350/2736/2322 2349/2735/2321 2341/2722/2313
f 2350/2736/2322 2341/2722/2313 2340/2720/2312
f 2347/2733/2319 2350/2736/2322 2340/2720/2312
f 2351/2737/2323 2344/2728/2316 2343/2726/2315
f 2352/2738/2324 2351/2737/2323 2343/2726/2315
f 2352/2738/2324 2343/2726/2315 2342/2724/2314
f 2349/2735/2321 2352/2738/2324 2342/2724/2314
f 2353/2739/2325 2346/2732/2318 2345/2730/2317
f 2354/2740/2326 2353/2739/2325 2345/2730/2317
f 2354/2740/2326 2345/2730/2317 2344/2728/2316
f 2351/2737/2323 2354/2740/2326 2344/2728/2316
f 2301/2741/2273 2347/2733/2319 2348/2734/2320
f 2299/2742/2271 2301/2741/2273 2348/2734/2320
f 2299/2742/2271 2348/2734/2320 2355/2743/2327
f 2355/2743/2327 2348/2734/2320 2338/2716/2310
f 2355/2743/2327 2338/2716/2310 2337/2714/2309
f 2356/2744/2328 2355/2743/2327 2337/2714/2309
f 2356/2744/2328 2337/2714/2309 2336/2712/2308
f 2357/2745/2329 2356/2744/2328 2336/2712/2308
f 2357/2745/2329 2336/2712/2308 2335/2710/2307
f 2358/2746/2330 2357/2745/2329 2335/2710/2307
f 2358/2746/2330 2335/2710/2307 2334/2708/2306
f 2359/2747/2331 2358/2746/2330 2334/2708/2306
f 2359/2747/2331 2334/2708/2306 2333/2706/2305
f 2360/2748/2332 2359/2747/2331 2333/2706/2305
f 2360/2748/2332 2333/2706/2305 2332/2704/2304
f 2361/2749/2333 2360/2748/2332 2332/2704/2304
f 2361/2749/2333 2332/2704/2304 2331/2702/2303
f 2362/2750/2334 2361/2749/2333 2331/2702/2303
f 2362/2750/2334 2331/2702/2303 2330/2700/2302
f 2363/2751/2335 2362/2750/2334 2330/2700/2302
f 2363/2751/2335 2330/2700/2302 2329/2698/2301
f 2364/2752/2336 2363/2751/2335 2329/2698/2301
f 2364/2752/2336 2329/2698/2301 2328/2696/2300
f 2365/2753/2337 2364/2752/2336 2328/2696/2300
f 2365/2753/2337 2328/2696/2300 2327/2694/2299
f 2366/2754/2338 2365/2753/2337 2327/2694/2299
f 2366/2754/2338 2327/2694/2299 2326/2692/2298
f 2367/2755/2339 2366/2754/2338 2326/2692/2298
f 2367/2755/2339 2326/2692/2298 2325/2690/2297
f 2368/2756/2340 2367/2755/2339 2325/2690/2297
f 2368/2756/2340 2325/2690/2297 2322/2684/2295
f 2369/2757/2341 2368/2756/2340 2322/2684/2295
f 2369/2757/2341 2322/2684/2295 2323/2683/2294
f 2370/2758/2342 2369/2757/2341 2323/2683/2294
f 2370/2758/2342 2323/2683/2294 2324/2687/2296
f 2371/2759/2343 2370/2758/2342 2324/2687/2296
f 2371/2759/2343 2324/2687/2296 2372/2760/2344
f 2324/2687/2296 2269/2688/2241 2372/2760/2344
f 2269/2688/2241 2320/2761/2292 2372/2760/2344
f 2372/2760/2344 2320/2761/2292 2373/2762/2345
f 2320/2761/2292 2316/2763/2286 2373/2762/2345
f 2373/2762/2345 2316/2763/2286 2374/2764/2346
f 2316/2763/2286 2317/2765/2289 2374/2764/2346
f 2374/2764/2346 2317/2765/2289 2375/2766/2347
f 2317/2765/2289 2319/2767/2291 2375/2766/2347
f 2376/2768/2348 2373/2762/2345 2374/2764/2346
f 2377/2769/2349 2376/2768/2348 2374/2764/2346
f 2377/2769/2349 2374/2764/2346 2375/2766/2347
f 2378/2770/2350 2377/2769/2349 2375/2766/2347
f 2379/2771/2351 2371/2759/2343 2372/2760/2344
f 2379/2771/2351 2372/2760/2344 2373/2762/2345
f 2376/2768/2348 2379/2771/2351 2373/2762/2345
f 2264/2772/2238 2370/2758/2342 2371/2759/2343
f 2268/2773/2240 2264/2772/2238 2371/2759/2343
f 2268/2773/2240 2371/2759/2343 2379/2771/2351
f 2315/2774/2287 2376/2768/2348 2377/2769/2349
f 2380/2775/2352 2315/2774/2287 2377/2769/2349
f 2380/2775/2352 2377/2769/2349 2378/2770/2350
f 2318/2776/2290 2380/2775/2352 2378/2770/2350
f 2321/2777/2293 2268/2773/2240 2379/2771/2351
f 2321/2777/2293 2379/2771/2351 2376/2768/2348
f 2315/2774/2287 2321/2777/2293 2376/2768/2348
f 2314/2778/2288 2380/2775/2352 2318/2776/2290
f 2314/2778/2288 2315/2774/2287 2380/2775/2352
f 2264/2772/2238 2265/2779/2237 2370/2758/2342
f 2265/2779/2237 2369/2757/2341 2370/2758/2342
f 2265/2779/2237 2271/2780/2243 2369/2757/2341
f 2271/2780/2243 2368/2756/2340 2369/2757/2341
f 2271/2780/2243 2273/2781/2245 2368/2756/2340
f 2273/2781/2245 2367/2755/2339 2368/2756/2340
f 2273/2781/2245 2274/2782/2246 2367/2755/2339
f 2274/2782/2246 2366/2754/2338 2367/2755/2339
f 2274/2782/2246 2276/2783/2248 2366/2754/2338
f 2276/2783/2248 2365/2753/2337 2366/2754/2338
f 2276/2783/2248 2279/2784/2251 2365/2753/2337
f 2279/2784/2251 2364/2752/2336 2365/2753/2337
f 2279/2784/2251 2281/2785/2253 2364/2752/2336
f 2281/2785/2253 2363/2751/2335 2364/2752/2336
f 2281/2785/2253 2283/2786/2255 2363/2751/2335
f 2283/2786/2255 2362/2750/2334 2363/2751/2335
f 2283/2786/2255 2285/2787/2257 2362/2750/2334
f 2285/2787/2257 2361/2749/2333 2362/2750/2334
f 2285/2787/2257 2287/2788/2259 2361/2749/2333
f 2287/2788/2259 2360/2748/2332 2361/2749/2333
f 2287/2788/2259 2289/2789/2261 2360/2748/2332
f 2289/2789/2261 2359/2747/2331 2360/2748/2332
f 2289/2789/2261 2291/2790/2263 2359/2747/2331
f 2291/2790/2263 2358/2746/2330 2359/2747/2331
f 2291/2790/2263 2293/2791/2265 2358/2746/2330
f 2293/2791/2265 2357/2745/2329 2358/2746/2330
f 2293/2791/2265 2295/2792/2267 2357/2745/2329
f 2295/2792/2267 2356/2744/2328 2357/2745/2329
f 2295/2792/2267 2297/2793/2269 2356/2744/2328
f 2297/2793/2269 2355/2743/2327 2356/2744/2328
f 2297/2793/2269 2299/2742/2271 2355/2743/2327
f 2348/2734/2320 2339/2718/2311 2338/2716/2310
f 2305/2794/2277 2349/2735/2321 2350/2736/2322
f 2303/2795/2275 2305/2794/2277 2350/2736/2322
f 2303/2795/2275 2350/2736/2322 2347/2733/2319
f 2301/2741/2273 2303/2795/2275 2347/2733/2319
f 2305/2794/2277 2307/2796/2279 2349/2735/2321
f 2307/2796/2279 2352/2738/2324 2349/2735/2321
f 2307/2796/2279 2309/2797/2281 2352/2738/2324
f 2309/2797/2281 2351/2737/2323 2352/2738/2324
f 2309/2797/2281 2311/2798/2283 2351/2737/2323
f 2311/2798/2283 2354/2740/2326 2351/2737/2323
f 2311/2798/2283 2312/2799/2284 2354/2740/2326
f 2312/2799/2284 2353/2739/2325 2354/2740/2326
