# Blender 4.4.0
# www.blender.org
mtllib patricio.mtl
o Patrick_ElasticWaistband1_0_Untitled.001
v -7.342802 2.946581 -17.414228
v -7.302700 2.892860 -17.431665
v -7.302700 3.000498 -17.431665
v -7.342802 2.892860 -17.414228
v -7.342802 3.000498 -17.414228
v -6.840322 2.892860 -17.414228
v -6.840322 2.946582 -17.414228
v -6.880424 2.892860 -17.431665
v -6.880424 3.000498 -17.431665
v -6.840322 3.000498 -17.414228
v -7.254645 2.892860 -17.326063
v -7.256732 2.946581 -17.327496
v -7.230236 2.946581 -17.311253
v -7.230236 2.892860 -17.311253
v -7.228613 2.892860 -17.357573
v -7.208101 2.892860 -17.345127
v -7.230236 3.000498 -17.311253
v -7.256732 3.000498 -17.327496
v -7.208101 3.000498 -17.345127
v -7.230367 3.000498 -17.358780
v -7.247071 2.892860 -17.338955
v -7.235577 2.892860 -17.352594
v -7.280831 3.000498 -17.345957
v -7.280831 2.946581 -17.345957
v -7.308204 2.946581 -17.371634
v -7.308204 3.000498 -17.371634
v -7.250620 3.000498 -17.374292
v -7.273624 3.000498 -17.395870
v -7.308204 2.892860 -17.371634
v -7.280831 2.892860 -17.345957
v -7.273624 2.892860 -17.395870
v -7.250620 2.892860 -17.374292
v -7.332921 3.000498 -17.400728
v -7.332924 2.946581 -17.400734
v -7.294399 3.000498 -17.420324
v -7.332924 2.892860 -17.400734
v -7.294399 2.892860 -17.420324
v -7.258818 2.892860 -17.328932
v -7.232121 2.892860 -17.359985
v -7.230367 2.946581 -17.358780
v -7.186790 2.892860 -17.334417
v -7.186790 3.000498 -17.334417
v -7.164626 3.000498 -17.325928
v -7.164626 2.892860 -17.325928
v -7.139874 2.946581 -17.318779
v -7.141910 2.892860 -17.319252
v -7.139874 3.000498 -17.318779
v -7.141688 2.892860 -17.311096
v -7.137842 2.892860 -17.318308
v -7.114514 3.000498 -17.314306
v -7.114514 2.892860 -17.314306
v -7.092223 2.892860 -17.312178
v -7.092223 3.000498 -17.312178
v -7.068610 2.892860 -17.314306
v -7.068610 3.000498 -17.314306
v -7.043250 2.946581 -17.318779
v -7.043250 3.000498 -17.318779
v -7.018498 3.000498 -17.325928
v -7.018498 2.892860 -17.325928
v -6.996338 3.000498 -17.334417
v -6.996338 2.892860 -17.334417
v -6.975026 2.892860 -17.345127
v -6.975026 3.000498 -17.345127
v -6.952757 2.946582 -17.358780
v -6.954511 2.892860 -17.357573
v -6.952757 3.000498 -17.358780
v -6.947548 2.892860 -17.352594
v -6.932505 3.000498 -17.374292
v -6.951004 2.892860 -17.359985
v -6.932505 2.892860 -17.374292
v -6.909500 2.892860 -17.395870
v -6.909500 3.000498 -17.395870
v -6.888729 3.000498 -17.420324
v -6.888729 2.892860 -17.420324
v -6.952888 2.892860 -17.311253
v -6.952888 2.946582 -17.311253
v -6.926393 2.946582 -17.327496
v -6.928482 2.892860 -17.326063
v -6.926393 3.000498 -17.327496
v -6.952888 3.000498 -17.311253
v -6.936053 2.892860 -17.338955
v -6.978252 3.000498 -17.298510
v -6.978252 2.892860 -17.298510
v -6.978252 2.946582 -17.298510
v -7.004623 3.000498 -17.288408
v -7.034072 3.000498 -17.279900
v -7.034072 2.946581 -17.279900
v -7.004623 2.946582 -17.288408
v -7.031653 2.892860 -17.280462
v -7.004623 2.892860 -17.288408
v -7.041215 2.892860 -17.319252
v -7.041436 2.892860 -17.311096
v -7.037436 2.892860 -17.294146
v -7.045285 2.892860 -17.318308
v -7.036495 2.892860 -17.279339
v -7.064252 3.000498 -17.274578
v -7.092348 3.000498 -17.272043
v -7.118876 3.000498 -17.274578
v -7.118876 2.946581 -17.274578
v -7.092348 2.946581 -17.272043
v -7.118876 2.892860 -17.274578
v -7.092348 2.892860 -17.272043
v -7.064252 2.946581 -17.274578
v -7.064252 2.892860 -17.274578
v -7.149052 3.000498 -17.279900
v -7.149052 2.946581 -17.279900
v -7.178504 2.946581 -17.288408
v -7.178504 3.000498 -17.288408
v -7.178504 2.892860 -17.288408
v -7.151471 2.892860 -17.280462
v -7.145689 2.892860 -17.294146
v -7.204876 3.000498 -17.298510
v -7.204876 2.946581 -17.298510
v -7.204876 2.892860 -17.298510
v -7.146633 2.892860 -17.279339
v -6.902293 2.946582 -17.345957
v -6.902293 3.000498 -17.345957
v -6.874920 3.000498 -17.371634
v -6.874920 2.946582 -17.371634
v -6.902293 2.892860 -17.345957
v -6.874920 2.892860 -17.371634
v -6.924306 2.892860 -17.328932
v -6.850204 3.000498 -17.400732
v -6.850204 2.946582 -17.400732
v -6.850204 2.892860 -17.400732
v -7.342796 2.841602 -17.414228
v -7.302690 2.787685 -17.431665
v -7.302690 2.895324 -17.431665
v -7.342796 2.895324 -17.414228
v -7.342796 2.787685 -17.414228
v -6.840312 2.895324 -17.414228
v -6.880418 2.895324 -17.431665
v -6.840312 2.841602 -17.414228
v -6.880418 2.787685 -17.431665
v -6.840312 2.787685 -17.414228
v -7.254636 2.895324 -17.326063
v -7.230226 2.895324 -17.311253
v -7.230226 2.841602 -17.311253
v -7.256722 2.841602 -17.327496
v -7.228607 2.895324 -17.357573
v -7.208092 2.895324 -17.345127
v -7.230226 2.787685 -17.311253
v -7.256722 2.787685 -17.327496
v -7.208092 2.787685 -17.345127
v -7.230357 2.787685 -17.358780
v -7.247061 2.895324 -17.338955
v -7.235570 2.895324 -17.352594
v -7.280821 2.787685 -17.345957
v -7.280821 2.841602 -17.345957
v -7.308197 2.841602 -17.371634
v -7.308197 2.787685 -17.371634
v -7.250610 2.787685 -17.374292
v -7.273615 2.787685 -17.395870
v -7.308197 2.895324 -17.371634
v -7.280821 2.895324 -17.345957
v -7.273615 2.895324 -17.395870
v -7.250610 2.895324 -17.374292
v -7.332911 2.787685 -17.400732
v -7.332914 2.841602 -17.400734
v -7.294389 2.787685 -17.420324
v -7.332914 2.895324 -17.400734
v -7.294389 2.895324 -17.420324
v -7.258809 2.895324 -17.328932
v -7.232111 2.895324 -17.359985
v -7.230357 2.841602 -17.358780
v -7.186780 2.895324 -17.334417
v -7.186780 2.787685 -17.334417
v -7.164617 2.787685 -17.325928
v -7.164617 2.895324 -17.325928
v -7.139868 2.841602 -17.318779
v -7.141900 2.895324 -17.319252
v -7.139868 2.787685 -17.318779
v -7.141682 2.895324 -17.311096
v -7.137833 2.895324 -17.318308
v -7.114508 2.787685 -17.314306
v -7.114508 2.895324 -17.314306
v -7.092213 2.895324 -17.312178
v -7.092213 2.787685 -17.312178
v -7.068601 2.895324 -17.314306
v -7.068601 2.787685 -17.314306
v -7.043241 2.841602 -17.318779
v -7.043241 2.787685 -17.318779
v -7.018492 2.787685 -17.325928
v -7.018492 2.895324 -17.325928
v -6.996328 2.787685 -17.334417
v -6.996328 2.895324 -17.334417
v -6.975017 2.895324 -17.345127
v -6.975017 2.787685 -17.345127
v -6.952751 2.841602 -17.358780
v -6.954501 2.895324 -17.357573
v -6.952751 2.787685 -17.358780
v -6.947538 2.895324 -17.352594
v -6.932498 2.787685 -17.374292
v -6.950997 2.895324 -17.359985
v -6.932498 2.895324 -17.374292
v -6.909493 2.895324 -17.395870
v -6.909493 2.787685 -17.395870
v -6.888722 2.787685 -17.420324
v -6.888722 2.895324 -17.420324
v -6.952882 2.895324 -17.311253
v -6.928473 2.895324 -17.326063
v -6.926386 2.841602 -17.327496
v -6.952882 2.841602 -17.311253
v -6.926386 2.787685 -17.327496
v -6.952882 2.787685 -17.311253
v -6.936047 2.895324 -17.338955
v -6.978242 2.787685 -17.298510
v -6.978242 2.895324 -17.298510
v -6.978242 2.841602 -17.298510
v -7.004613 2.787685 -17.288408
v -7.034066 2.787685 -17.279900
v -7.034066 2.841602 -17.279900
v -7.004613 2.841602 -17.288408
v -7.031644 2.895324 -17.280462
v -7.004613 2.895324 -17.288408
v -7.041209 2.895324 -17.319252
v -7.041430 2.895324 -17.311096
v -7.037426 2.895324 -17.294146
v -7.045276 2.895324 -17.318308
v -7.036485 2.895324 -17.279339
v -7.064242 2.787685 -17.274578
v -7.092338 2.787685 -17.272043
v -7.118866 2.787685 -17.274578
v -7.118866 2.841602 -17.274578
v -7.092338 2.841602 -17.272043
v -7.118866 2.895324 -17.274578
v -7.092338 2.895324 -17.272043
v -7.064242 2.841602 -17.274578
v -7.064242 2.895324 -17.274578
v -7.149042 2.787685 -17.279900
v -7.149042 2.841602 -17.279900
v -7.178495 2.841602 -17.288408
v -7.178495 2.787685 -17.288408
v -7.178495 2.895324 -17.288408
v -7.151464 2.895324 -17.280462
v -7.145682 2.895324 -17.294146
v -7.204866 2.787685 -17.298510
v -7.204866 2.841602 -17.298510
v -7.204866 2.895324 -17.298510
v -7.146623 2.895324 -17.279339
v -6.902287 2.841602 -17.345957
v -6.874911 2.841602 -17.371634
v -6.874911 2.787685 -17.371634
v -6.902287 2.787685 -17.345957
v -6.902287 2.895324 -17.345957
v -6.874911 2.895324 -17.371634
v -6.924300 2.895324 -17.328932
v -6.850194 2.787685 -17.400732
v -6.850194 2.841602 -17.400732
v -6.850194 2.895324 -17.400732
v -6.989740 2.968904 -17.381006
v -6.954975 2.929100 -17.380327
v -6.977404 2.927257 -17.324232
v -6.999388 2.955973 -17.335196
v -7.046822 2.957554 -17.328157
v -7.057708 2.973634 -17.389709
v -7.031983 2.918188 -17.283861
v -7.091468 2.918127 -17.282333
v -7.091519 2.937721 -17.334831
v -7.091554 2.947026 -17.401701
v -7.094681 2.868783 -17.281788
v -7.038348 2.875528 -17.287001
v -6.977260 2.887375 -17.334770
v -6.960418 2.898965 -17.384369
v -7.099039 2.875384 -17.387140
v -7.041970 2.879685 -17.386465
v -7.054818 2.956648 -17.471956
v -6.999596 2.960565 -17.465061
v -6.962223 2.932325 -17.462082
v -7.089302 2.939087 -17.473028
v -6.958138 2.884177 -17.472095
v -7.089624 2.928300 -17.524080
v -6.970932 2.903461 -17.507391
v -7.012014 2.938738 -17.516558
v -7.125487 2.956149 -17.471279
v -7.126066 2.975020 -17.390308
v -7.136021 2.957608 -17.328299
v -7.193324 2.968985 -17.381350
v -7.183420 2.955954 -17.334965
v -7.205634 2.927410 -17.324261
v -7.228082 2.929228 -17.380411
v -7.151186 2.923967 -17.287228
v -7.162024 2.881788 -17.290424
v -7.211055 2.894415 -17.334564
v -7.227046 2.905650 -17.385231
v -7.153893 2.882319 -17.386843
v -7.220236 2.933567 -17.462263
v -7.181749 2.961154 -17.464939
v -7.237043 2.892425 -17.462515
v -7.221140 2.935648 -17.500139
v -7.184718 2.943404 -17.506554
v -7.156247 2.869715 -17.453014
v -7.104031 2.865732 -17.458237
v -7.043093 2.864924 -17.455692
v -7.266041 1.619016 -17.471983
v -7.329104 1.613930 -17.513002
v -7.327050 1.541346 -17.473108
v -7.265694 1.557424 -17.438988
v -7.396599 1.539936 -17.490265
v -7.405303 1.616111 -17.529116
v -7.219069 1.623359 -17.401644
v -7.216371 1.581079 -17.381124
v -7.190769 1.650018 -17.320108
v -7.190981 1.608952 -17.304102
v -7.463531 1.542746 -17.476660
v -7.467905 1.627212 -17.518471
v -7.523114 1.555394 -17.444092
v -7.538295 1.650752 -17.484161
v -7.573521 1.587219 -17.387791
v -7.589474 1.682845 -17.426168
v -7.584687 1.624580 -17.313705
v -7.603265 1.720448 -17.351505
v -7.190690 1.678348 -17.410738
v -7.213405 1.659664 -17.474564
v -7.268990 1.649226 -17.529678
v -7.324728 1.641063 -17.560808
v -7.401155 1.640691 -17.562860
v -7.554646 1.693012 -17.519390
v -7.603914 1.739769 -17.462915
v -7.617170 1.791873 -17.389490
v -7.476167 1.656934 -17.550907
v -7.559433 1.533109 -17.284554
v -7.551260 1.507387 -17.352060
v -7.529729 1.456999 -17.323671
v -7.534255 1.480999 -17.266855
v -7.498177 1.416498 -17.293858
v -7.502746 1.435153 -17.251701
v -7.453084 1.399197 -17.237600
v -7.450289 1.387753 -17.271402
v -7.446076 1.385456 -17.303917
v -7.476976 1.404292 -17.328548
v -7.497155 1.439496 -17.371737
v -7.439089 1.399027 -17.349678
v -7.446639 1.433417 -17.398958
v -7.400506 1.380395 -17.310013
v -7.398217 1.398611 -17.355146
v -7.357538 1.399278 -17.345322
v -7.344140 1.433870 -17.392859
v -7.394645 1.432781 -17.405209
v -7.352316 1.382551 -17.298721
v -7.318979 1.402002 -17.321138
v -7.295186 1.438460 -17.363180
v -7.255404 1.451886 -17.313053
v -7.288992 1.410579 -17.283794
v -7.348148 1.380584 -17.264887
v -7.342168 1.388743 -17.229334
v -7.275958 1.424076 -17.239252
v -7.238289 1.471036 -17.254431
v -7.398460 1.385823 -17.231264
v -7.398787 1.377647 -17.269554
v -7.233154 1.502605 -17.342415
v -7.278067 1.485557 -17.398834
v -7.332630 1.482047 -17.435156
v -7.391579 1.484300 -17.453110
v -7.212959 1.523884 -17.272236
v -7.453572 1.483855 -17.444153
v -7.511733 1.488500 -17.409201
v -7.187731 1.689616 -17.230410
v -7.200508 1.638345 -17.219313
v -7.251379 1.654176 -17.148161
v -7.247248 1.727759 -17.160591
v -7.324406 1.662281 -17.108931
v -7.329754 1.754673 -17.123062
v -7.399831 1.666719 -17.103359
v -7.410285 1.769709 -17.125008
v -7.472195 1.665736 -17.124966
v -7.487404 1.778525 -17.152960
v -7.529756 1.659761 -17.168720
v -7.547037 1.773233 -17.204218
v -7.569373 1.648422 -17.240061
v -7.592084 1.751248 -17.275917
v -7.330804 1.793913 -17.188124
v -7.416130 1.829009 -17.186642
v -7.239319 1.746393 -17.231312
v -7.186393 1.702312 -17.324036
v -7.491076 1.847424 -17.212376
v -7.555735 1.850295 -17.264170
v -7.594969 1.826960 -17.324863
v -7.546057 1.557810 -17.215733
v -7.522137 1.502461 -17.207325
v -7.494037 1.518624 -17.157423
v -7.472132 1.462198 -17.168127
v -7.439326 1.469708 -17.143219
v -7.444170 1.432153 -17.174585
v -7.399576 1.428566 -17.161627
v -7.399732 1.471657 -17.133522
v -7.358437 1.465115 -17.138206
v -7.352380 1.422654 -17.167456
v -7.317377 1.452175 -17.157537
v -7.287234 1.437460 -17.193651
v -7.346597 1.402910 -17.194698
v -7.250877 1.489744 -17.194080
v -7.290946 1.509084 -17.143005
v -7.343884 1.524245 -17.116552
v -7.397515 1.531287 -17.111601
v -7.449992 1.528716 -17.125223
v -7.398990 1.403218 -17.192863
v -7.449637 1.413912 -17.202890
v -7.493364 1.451291 -17.206625
v -7.460187 1.589323 -17.118662
v -7.395654 1.593029 -17.100483
v -7.331489 1.585196 -17.105452
v -7.269419 1.570140 -17.138323
v -7.224519 1.546833 -17.199198
v -7.511356 1.578091 -17.155840
v -7.250073 1.654660 -17.590296
v -7.312184 1.647628 -17.604790
v -7.396174 1.639225 -17.590014
v -7.191327 1.662766 -17.547949
v -7.164240 1.668743 -17.487930
v -7.477144 1.654133 -17.569130
v -7.560391 1.689795 -17.536869
v -7.610205 1.748052 -17.481800
v -7.630283 1.805281 -17.413977
v -7.605774 1.849374 -17.349926
v -7.562869 1.873596 -17.290474
v -7.496456 1.870205 -17.247234
v -7.414413 1.840365 -17.224297
v -7.321069 1.785719 -17.233004
v -7.228488 1.727053 -17.285568
v -7.170770 1.682964 -17.394928
v -7.308296 1.794362 -17.222927
v -7.409536 1.852870 -17.212370
v -7.190946 1.727852 -17.274452
v -7.502294 1.896961 -17.250904
v -7.574268 1.904352 -17.303959
v -7.622930 1.878060 -17.367994
v -7.640713 1.825434 -17.434450
v -7.617621 1.763806 -17.505589
v -7.561236 1.697124 -17.575489
v -7.482218 1.661102 -17.616753
v -7.377109 1.650153 -17.658394
v -7.223638 1.687299 -17.705456
v -7.188003 1.672187 -17.645761
v -7.160738 1.664630 -17.566074
v -7.141845 1.668514 -17.489424
v -7.651244 1.782126 -17.554029
v -7.572561 1.704889 -17.643715
v -7.484128 1.670391 -17.692823
v -7.356541 1.676481 -17.750780
v -7.073136 1.669682 -17.593756
v -7.078136 1.672060 -17.502672
v -7.061853 1.692066 -17.687441
v -7.049030 1.732249 -17.776829
v -7.209170 1.743797 -17.830355
v -7.046238 1.785248 -17.867985
v -7.338276 1.751813 -17.874712
v -7.196229 1.821718 -17.932049
v -7.321948 1.875098 -17.972048
v -7.186976 1.946354 -18.019825
v -7.319952 1.993770 -18.027784
v -7.162598 2.072402 -18.057913
v -7.036185 1.995732 -18.037451
v -7.009385 2.116362 -18.072052
v -7.447967 1.911871 -17.974810
v -7.454351 1.825003 -17.908045
v -7.570093 1.901901 -17.896318
v -7.574084 1.825128 -17.829794
v -7.667348 1.937933 -17.785454
v -7.671317 1.867966 -17.710344
v -7.699057 1.994828 -17.671812
v -7.708384 1.937930 -17.595762
v -7.710227 2.059753 -17.546120
v -7.699110 2.000342 -17.488466
v -7.685747 2.095786 -17.421562
v -7.655339 2.033695 -17.387238
v -7.608363 2.069382 -17.268770
v -7.575066 2.015885 -17.263596
v -7.527859 2.031813 -17.149338
v -7.490535 1.981510 -17.167364
v -7.406168 1.998866 -17.053677
v -7.390054 1.952628 -17.096727
v -7.298542 1.987712 -17.000284
v -7.288338 1.932752 -17.050394
v -7.165667 1.917696 -17.028826
v -7.176800 1.978381 -16.969028
v -7.052478 1.898576 -17.024817
v -7.051651 1.971093 -16.960424
v -7.463032 1.940030 -17.183203
v -7.376406 1.901673 -17.129360
v -7.281986 1.875340 -17.096981
v -7.626968 1.990256 -17.356314
v -7.542084 1.983187 -17.256706
v -7.673659 1.955294 -17.441599
v -7.690598 1.896395 -17.530844
v -7.677084 1.816797 -17.634367
v -7.585997 1.744184 -17.734085
v -7.476562 1.719884 -17.801044
v -7.601638 1.942134 -17.323580
v -7.518967 1.938008 -17.248074
v -7.439557 1.905208 -17.192245
v -7.648389 1.911384 -17.398119
v -7.665615 1.857434 -17.473200
v -7.362364 1.863113 -17.162165
v -7.279548 1.829005 -17.142073
v -7.162506 1.791565 -17.132093
v -7.165050 1.751365 -17.193214
v -7.284922 1.803699 -17.195826
v -7.344696 1.841047 -17.184385
v -7.060924 1.698989 -17.301373
v -7.154850 1.682800 -17.402061
v -7.073091 1.677513 -17.417164
v -7.053032 1.733150 -17.204987
v -7.053204 1.774605 -17.135960
v -6.993495 1.666941 -17.428776
v -6.939451 1.681486 -17.310513
v -6.998112 1.663814 -17.515564
v -6.946262 1.720397 -17.217600
v -6.831601 1.706357 -17.256075
v -6.828310 1.674162 -17.317080
v -6.771649 1.724344 -17.251984
v -6.721557 1.701853 -17.313984
v -6.831828 1.758651 -17.179754
v -6.943380 1.764020 -17.148138
v -6.948051 1.821604 -17.086443
v -7.052601 1.834131 -17.074778
v -6.940347 1.888387 -17.033661
v -6.825022 1.893389 -17.068590
v -6.808533 1.986309 -17.011101
v -6.931965 1.973726 -16.977291
v -7.161196 1.851029 -17.081192
v -6.725070 1.904929 -17.118746
v -6.707240 2.000871 -17.073357
v -6.633846 1.907446 -17.184238
v -6.587872 2.017738 -17.167011
v -6.535089 1.902369 -17.263048
v -6.497519 2.027829 -17.250648
v -6.448487 1.925900 -17.358631
v -6.427369 2.041924 -17.350348
v -6.422027 1.971707 -17.461294
v -6.405937 2.071642 -17.468252
v -6.431232 2.012330 -17.583685
v -6.422261 2.113096 -17.599257
v -6.658056 1.841014 -17.208870
v -6.740450 1.837849 -17.157827
v -6.829662 1.828093 -17.119064
v -6.490798 1.855944 -17.370392
v -6.573472 1.837270 -17.277679
v -6.454813 1.925877 -17.576700
v -6.451433 1.880492 -17.461769
v -6.680527 1.764214 -17.254322
v -6.752636 1.761336 -17.214876
v -6.520502 1.789588 -17.381115
v -6.605586 1.768078 -17.305605
v -6.559197 1.743319 -17.399334
v -6.636357 1.722222 -17.340193
v -6.510005 1.774380 -17.480820
v -6.475579 1.816907 -17.474270
v -6.500779 1.802709 -17.573553
v -6.474209 1.858433 -17.572536
v -6.593400 1.708953 -17.418064
v -6.662211 1.689389 -17.368786
v -6.737620 1.672960 -17.343435
v -6.823271 1.660165 -17.339355
v -6.903575 1.658736 -17.371454
v -6.953281 1.660873 -17.440350
v -6.966284 1.658881 -17.517996
v -6.904490 1.629819 -17.414606
v -6.946028 1.633677 -17.487286
v -6.956381 1.649581 -17.564362
v -6.741948 1.638307 -17.369074
v -6.826274 1.626468 -17.374548
v -6.597539 1.682945 -17.436459
v -6.667198 1.656819 -17.389286
v -6.548262 1.716048 -17.502472
v -6.535279 1.744249 -17.491417
v -6.529106 1.769974 -17.576588
v -6.534333 1.750038 -17.585094
v -7.045742 1.873732 -17.957842
v -6.884534 2.045444 -18.019733
v -6.860302 2.146640 -18.050638
v -6.706470 2.191252 -17.988501
v -6.740385 2.100558 -17.967707
v -6.592931 2.208119 -17.903528
v -6.621532 2.119024 -17.886326
v -6.523918 2.187372 -17.812790
v -6.547927 2.099416 -17.800806
v -6.466741 2.157635 -17.709045
v -6.484865 2.062208 -17.705029
v -6.910721 1.918463 -17.953272
v -6.769680 1.976288 -17.923500
v -6.564582 1.998897 -17.783600
v -6.496322 1.969781 -17.684225
v -6.649005 1.999630 -17.863848
v -6.896241 1.835574 -17.885130
v -6.773381 1.889529 -17.880836
v -6.568663 1.930912 -17.772188
v -6.503732 1.900670 -17.672466
v -6.584141 1.851868 -17.751558
v -6.524922 1.834019 -17.665459
v -6.665675 1.852799 -17.814411
v -6.662035 1.916970 -17.841621
v -6.767485 1.829051 -17.840647
v -6.877191 1.783708 -17.818403
v -6.943998 1.711950 -17.725153
v -6.984537 1.673456 -17.614885
v -6.909207 1.705943 -17.729445
v -6.840696 1.745585 -17.779041
v -6.751512 1.780114 -17.806139
v -6.664081 1.802816 -17.782152
v -6.601445 1.803530 -17.734278
v -6.549463 1.800012 -17.666595
v -6.961521 1.671821 -17.615961
v -6.833399 1.739168 -17.790154
v -6.896242 1.708778 -17.740837
v -6.747890 1.770618 -17.800638
v -6.952007 1.666359 -17.654150
v -6.558502 1.776422 -17.671701
v -6.602635 1.786797 -17.736130
v -6.666704 1.786713 -17.772335
v -6.895187 1.673192 -17.772604
v -6.888992 1.593435 -17.776730
v -6.832091 1.602001 -17.817453
v -6.835106 1.690206 -17.807188
v -6.765501 1.606849 -17.832808
v -6.756501 1.703292 -17.816412
v -6.940208 1.640818 -17.700159
v -6.924674 1.585204 -17.715542
v -6.944005 1.614673 -17.620939
v -6.932428 1.577247 -17.635262
v -6.703576 1.608038 -17.821039
v -6.686230 1.706488 -17.793245
v -6.646152 1.604989 -17.790167
v -6.634439 1.703052 -17.752337
v -6.593999 1.595244 -17.726873
v -6.588753 1.691726 -17.691238
v -6.565008 1.583158 -17.644943
v -6.557326 1.673561 -17.612919
v -6.928630 1.594510 -17.547815
v -6.891914 1.577864 -17.481676
v -6.886017 1.532966 -17.504995
v -6.918766 1.556713 -17.564266
v -6.825446 1.514918 -17.464819
v -6.825377 1.571446 -17.431786
v -6.758937 1.507975 -17.450077
v -6.750082 1.574501 -17.417429
v -6.693835 1.511185 -17.460678
v -6.679790 1.589168 -17.430029
v -6.619556 1.533343 -17.495510
v -6.611442 1.613267 -17.465939
v -6.564720 1.561400 -17.564463
v -6.561297 1.642912 -17.531490
v -6.586245 1.475553 -17.593082
v -6.583434 1.501206 -17.671776
v -6.617952 1.400999 -17.629700
v -6.661813 1.377501 -17.581358
v -6.692286 1.344428 -17.625341
v -6.727315 1.342185 -17.604614
v -6.720224 1.336519 -17.649048
v -6.762652 1.339323 -17.641430
v -6.763735 1.345661 -17.596880
v -6.796394 1.352696 -17.607189
v -6.800205 1.348914 -17.648222
v -6.826083 1.366133 -17.628613
v -6.851109 1.381818 -17.663240
v -6.806890 1.351947 -17.683502
v -6.814369 1.355771 -17.723732
v -6.862818 1.390234 -17.704565
v -6.889236 1.428184 -17.687214
v -6.877286 1.418371 -17.635406
v -6.848374 1.396924 -17.589798
v -6.809858 1.381589 -17.562187
v -6.763963 1.373125 -17.550508
v -6.714753 1.371034 -17.555807
v -6.764550 1.344123 -17.727724
v -6.762784 1.341060 -17.682144
v -6.717035 1.338081 -17.682184
v -6.715085 1.343157 -17.720856
v -6.662018 1.356744 -17.661333
v -6.652567 1.373592 -17.706991
v -6.608852 1.433344 -17.691772
v -6.819316 1.428826 -17.520973
v -6.866360 1.444004 -17.553621
v -6.893973 1.465895 -17.605543
v -6.906650 1.483792 -17.668474
v -6.764904 1.420839 -17.505945
v -6.705001 1.426541 -17.507439
v -6.640144 1.447190 -17.534647
v -7.175798 2.017916 -16.956673
v -7.301667 2.028452 -16.983303
v -7.051887 2.019180 -16.943794
v -7.413186 2.040727 -17.035076
v -7.534627 2.079222 -17.142326
v -7.630637 2.126674 -17.285858
v -7.690550 2.140999 -17.447670
v -7.705799 2.099608 -17.570011
v -7.701644 2.045045 -17.705074
v -7.651416 2.012794 -17.836098
v -7.551405 1.994484 -17.942219
v -7.432569 2.006378 -18.013748
v -7.315279 2.090145 -18.056948
v -7.138276 2.160593 -18.084293
v -6.989087 2.201183 -18.086451
v -6.856099 2.221716 -18.063469
v -6.682897 2.259780 -17.987925
v -6.571595 2.273661 -17.894945
v -6.505794 2.252725 -17.804058
v -6.464366 2.219416 -17.704014
v -6.425582 2.169828 -17.594667
v -6.975807 2.294687 -18.088867
v -7.136336 2.256996 -18.090828
v -6.965149 2.403148 -18.078495
v -7.128736 2.374461 -18.084049
v -6.960315 2.518659 -18.049946
v -7.126645 2.498430 -18.059874
v -7.299244 2.308034 -18.069435
v -7.295304 2.454261 -18.041832
v -7.417242 2.229191 -18.027185
v -7.427253 2.096035 -18.029058
v -7.300752 2.184928 -18.069231
v -7.537775 2.075320 -17.958252
v -7.627825 2.080372 -17.861170
v -7.691525 2.107026 -17.736866
v -7.700445 2.150326 -17.593925
v -7.681351 2.189945 -17.454414
v -7.631586 2.180005 -17.288326
v -7.617892 2.253862 -17.272131
v -7.541202 2.213214 -17.114208
v -7.525068 2.306296 -17.112181
v -7.591817 2.352330 -17.262161
v -7.658419 2.268801 -17.439156
v -7.626241 2.381799 -17.414671
v -7.676953 2.252321 -17.604151
v -7.639979 2.371125 -17.572939
v -7.409093 2.289071 -17.009745
v -7.421631 2.191378 -17.000214
v -7.295401 2.282063 -16.960932
v -7.308869 2.181045 -16.949490
v -7.172444 2.282092 -16.937756
v -7.169065 2.171461 -16.920597
v -7.050607 2.169724 -16.914125
v -7.053269 2.281049 -16.938871
v -7.543113 2.137320 -17.132425
v -7.420540 2.107993 -17.011263
v -7.312719 2.094021 -16.962847
v -7.173301 2.088696 -16.926113
v -7.056444 2.088709 -16.910749
v -6.934796 2.280943 -16.963226
v -6.930079 2.167545 -16.936529
v -6.815762 2.285077 -16.997183
v -6.802712 2.189231 -16.981079
v -6.699730 2.203532 -17.030270
v -6.708002 2.293212 -17.045847
v -6.585352 2.213734 -17.126789
v -6.608354 2.311461 -17.135218
v -6.497291 2.221216 -17.233471
v -6.537892 2.325430 -17.250048
v -6.449319 2.241529 -17.351770
v -6.500993 2.349964 -17.364290
v -6.431690 2.267168 -17.463093
v -6.482338 2.378560 -17.466900
v -6.485172 2.135261 -17.240582
v -6.577492 2.130815 -17.135031
v -6.424667 2.153324 -17.348482
v -6.425726 2.095454 -17.348145
v -6.489754 2.082042 -17.249514
v -6.409179 2.130187 -17.465626
v -6.579690 2.075289 -17.153017
v -6.701448 2.062244 -17.055494
v -6.809830 2.043631 -16.997070
v -6.935421 2.025095 -16.956707
v -6.412062 2.177374 -17.468325
v -6.427710 2.218565 -17.590157
v -6.444384 2.296157 -17.574097
v -6.804111 2.114162 -16.979774
v -6.933074 2.090681 -16.937000
v -6.697212 2.125804 -17.034098
v -6.485373 2.398649 -17.563545
v -6.519920 2.466255 -17.536331
v -6.619469 2.471733 -17.507336
v -6.557080 2.454385 -17.378431
v -6.623289 2.545060 -17.390127
v -6.629660 2.505559 -17.302429
v -6.682461 2.584641 -17.318764
v -6.692800 2.630113 -17.426346
v -6.719650 2.561493 -17.191921
v -6.674645 2.477484 -17.170404
v -6.737145 2.661028 -17.334272
v -6.732312 2.696007 -17.432508
v -6.787813 2.644940 -17.234703
v -6.740844 2.673107 -17.506756
v -6.724932 2.757930 -17.467833
v -6.715452 2.781984 -17.477083
v -6.701653 2.849248 -17.474823
v -6.653683 2.850461 -17.463095
v -6.646522 2.906830 -17.501415
v -6.682491 2.943550 -17.499527
v -6.631175 2.954784 -17.569067
v -6.597630 2.911868 -17.548788
v -6.677095 3.012485 -17.572802
v -6.707578 3.003108 -17.498608
v -6.570238 2.869369 -17.493521
v -6.772209 2.714189 -17.332844
v -6.817405 2.694909 -17.255098
v -6.846646 2.755197 -17.266571
v -6.878098 2.688149 -17.204889
v -6.903381 2.749396 -17.226301
v -6.963940 2.744939 -17.194122
v -6.944069 2.682688 -17.164772
v -7.013551 2.679513 -17.148241
v -7.023463 2.742472 -17.173145
v -7.084454 2.678843 -17.146664
v -7.086390 2.740757 -17.169828
v -6.804364 2.770268 -17.321854
v -6.779706 2.797713 -17.372084
v -6.758472 2.747057 -17.414577
v -6.745878 2.794898 -17.451910
v -6.767154 2.837103 -17.404528
v -6.762146 2.879865 -17.411837
v -6.731182 2.864439 -17.458605
v -6.725480 2.928987 -17.453367
v -6.762886 2.932475 -17.406206
v -6.774391 2.973877 -17.392942
v -6.740808 2.985039 -17.443817
v -7.151777 2.740248 -17.176392
v -7.156469 2.678757 -17.150692
v -7.224597 2.745428 -17.184988
v -7.232358 2.683187 -17.161034
v -7.295382 2.753611 -17.198994
v -7.309238 2.691115 -17.179123
v -7.382189 2.699168 -17.208622
v -7.361938 2.760120 -17.220634
v -7.425117 2.777796 -17.256149
v -7.455524 2.722444 -17.258013
v -7.515350 2.758847 -17.311378
v -7.475250 2.806619 -17.296757
v -7.551126 2.804868 -17.360411
v -7.496767 2.848526 -17.331547
v -7.563867 2.866106 -17.400938
v -7.501513 2.890430 -17.358419
v -7.483622 2.933603 -17.372480
v -7.545860 2.926729 -17.431164
v -7.499280 2.979479 -17.429304
v -7.451153 2.971712 -17.370577
v -7.340537 2.827311 -17.229198
v -7.279594 2.823208 -17.209551
v -7.215965 2.817157 -17.196857
v -7.147324 2.811356 -17.183992
v -7.087049 2.809580 -17.174662
v -7.029872 2.813512 -17.184752
v -6.974936 2.815290 -17.208193
v -6.918344 2.814733 -17.235708
v -6.869004 2.822668 -17.269669
v -6.830970 2.837487 -17.310038
v -6.806891 2.856477 -17.345177
v -6.796338 2.887012 -17.364553
v -6.807888 2.909225 -17.353294
v -6.793195 2.914767 -17.370461
v -6.804021 2.930312 -17.361263
v -6.820095 2.929521 -17.340021
v -6.815686 2.942801 -17.352129
v -6.826091 2.953930 -17.343351
v -6.832087 2.950385 -17.331289
v -6.833597 2.964105 -17.334578
v -6.841133 2.964777 -17.320873
v -6.826269 2.959252 -17.346886
v -6.828825 2.961808 -17.329950
v -6.816440 2.959268 -17.348282
v -6.804703 2.946935 -17.354057
v -6.830579 2.962239 -17.329927
v -6.848379 2.948349 -17.307392
v -6.857203 2.966051 -17.297922
v -6.869372 2.948042 -17.283640
v -6.879093 2.965507 -17.269733
v -6.855888 2.910911 -17.295401
v -6.834453 2.918003 -17.320816
v -6.842420 2.874591 -17.304443
v -6.819818 2.888337 -17.333475
v -6.900211 2.945654 -17.252031
v -6.912651 2.964227 -17.235310
v -6.941442 2.942187 -17.219128
v -6.952450 2.962409 -17.204166
v -6.933687 2.902066 -17.231117
v -6.888585 2.906116 -17.265738
v -6.926130 2.858533 -17.234301
v -6.878933 2.864480 -17.268391
v -6.989864 2.940299 -17.191265
v -7.000692 2.961806 -17.175694
v -7.040762 2.938535 -17.165220
v -7.053300 2.962360 -17.156561
v -7.094696 2.939078 -17.150629
v -7.105061 2.960836 -17.145367
v -7.093362 2.897437 -17.163845
v -7.037776 2.896896 -17.177353
v -7.089397 2.853664 -17.171173
v -7.033933 2.855744 -17.183905
v -6.984754 2.899459 -17.203312
v -6.980356 2.857837 -17.209150
v -7.158136 2.961399 -17.146032
v -7.151175 2.941136 -17.149641
v -7.210096 2.962542 -17.160229
v -7.210083 2.943474 -17.165129
v -7.151540 2.900224 -17.166288
v -7.148580 2.856273 -17.177307
v -7.212220 2.904554 -17.181187
v -7.213097 2.861411 -17.191818
v -7.264109 2.964004 -17.184757
v -7.266255 2.944861 -17.188665
v -7.306435 2.963162 -17.210794
v -7.313698 2.946006 -17.217045
v -7.270813 2.906970 -17.201918
v -7.324700 2.909984 -17.228867
v -7.274499 2.865570 -17.208794
v -7.331625 2.868636 -17.231297
v -7.343965 2.963878 -17.241982
v -7.351309 2.947008 -17.246338
v -7.367784 2.963603 -17.267515
v -7.375229 2.949233 -17.269833
v -7.368043 2.914724 -17.257292
v -7.393996 2.922713 -17.280926
v -7.380114 2.878304 -17.258799
v -7.413990 2.891110 -17.284988
v -7.385882 2.961548 -17.293037
v -7.391491 2.950849 -17.296062
v -7.390757 2.961472 -17.309000
v -7.392897 2.954577 -17.311852
v -7.378388 2.961215 -17.316774
v -7.408581 2.949810 -17.324524
v -7.410676 2.941313 -17.319519
v -7.410353 2.930245 -17.304502
v -7.430539 2.910213 -17.308836
v -7.429380 2.926170 -17.322771
v -7.393109 2.965348 -17.321737
v -7.368606 2.966106 -17.329208
v -7.360257 2.962623 -17.323107
v -7.398785 2.970878 -17.319296
v -7.423536 2.944400 -17.324726
v -7.434589 2.940965 -17.329540
v -7.413105 2.967449 -17.326519
v -7.448855 2.890140 -17.312798
v -7.449610 2.913565 -17.326668
v -7.435047 2.859910 -17.289080
v -7.394700 2.842821 -17.257885
v -6.965678 2.867952 -17.305893
v -6.905243 2.888848 -17.340425
v -6.914038 2.929537 -17.318947
v -6.943034 2.927917 -17.299860
v -6.982008 2.922896 -17.277699
v -7.039310 2.850384 -17.274042
v -7.020472 2.924302 -17.258060
v -6.902010 2.864195 -17.370888
v -6.962581 2.848588 -17.352337
v -6.870483 2.935654 -17.364336
v -6.867116 2.951437 -17.351591
v -6.887425 2.940715 -17.337999
v -6.857193 2.958605 -17.358021
v -6.860348 2.947997 -17.370464
v -6.849784 2.959935 -17.348974
v -6.851770 2.951714 -17.362728
v -6.861337 2.897402 -17.392527
v -6.854784 2.916743 -17.399467
v -7.035413 2.841194 -17.320400
v -6.858242 2.936243 -17.388454
v -6.959473 2.850399 -17.417957
v -6.896192 2.858768 -17.429518
v -6.856140 2.876250 -17.451927
v -6.850924 2.902684 -17.449940
v -7.037847 2.844648 -17.402943
v -6.848653 2.916135 -17.436914
v -6.904256 2.864513 -17.485786
v -6.890311 2.883146 -17.489569
v -6.883646 2.908220 -17.492512
v -6.892426 2.966127 -17.471802
v -7.104786 2.840649 -17.329029
v -7.107204 2.845830 -17.249994
v -7.062199 2.921005 -17.245090
v -7.110579 2.916057 -17.236763
v -7.102965 2.846740 -17.399258
v -6.976624 2.987719 -17.510286
v -6.959169 2.931504 -17.522436
v -7.006592 2.972336 -17.530420
v -7.019199 2.993827 -17.523972
v -7.031436 2.993729 -17.536469
v -7.024517 2.965332 -17.539120
v -7.025441 2.944118 -17.538000
v -7.089789 2.926542 -17.539997
v -7.169174 2.946675 -17.531193
v -7.207541 2.979604 -17.512297
v -7.172443 2.968769 -17.530947
v -7.162238 2.996166 -17.530951
v -7.180575 2.997394 -17.515394
v -7.223377 2.991429 -17.502115
v -7.254690 2.984754 -17.505468
v -7.332811 2.960005 -17.464483
v -7.308614 2.975312 -17.463285
v -7.356210 2.919139 -17.421946
v -7.371856 2.910142 -17.415665
v -7.347050 2.940195 -17.372154
v -7.360384 2.921496 -17.383183
v -7.353702 2.956473 -17.345285
v -7.371516 2.941243 -17.343925
v -7.358069 2.964058 -17.332006
v -7.353516 2.961464 -17.327913
v -7.356646 2.932748 -17.334757
v -7.359491 2.960970 -17.322186
v -7.316010 2.913359 -17.312223
v -7.319696 2.946196 -17.299938
v -7.242492 2.879485 -17.280779
v -7.256792 2.935457 -17.273466
v -7.178655 2.856089 -17.259272
v -7.190502 2.924505 -17.249138
v -7.308877 2.874240 -17.344500
v -7.253896 2.861905 -17.310942
v -7.344889 2.903461 -17.370955
v -7.158849 2.852248 -17.313553
v -7.239909 2.875077 -17.396301
v -7.317703 2.871349 -17.402428
v -7.362861 2.885769 -17.426334
v -7.165198 2.851704 -17.396837
v -7.298603 2.875228 -17.462158
v -7.324677 2.938322 -17.463547
v -7.156986 2.923187 -17.240744
v -7.201925 2.971473 -17.214224
v -7.158768 2.971152 -17.206266
v -7.113585 2.972181 -17.204803
v -7.066410 2.970959 -17.215626
v -7.018242 2.970878 -17.229433
v -6.976085 2.969910 -17.249472
v -6.937830 2.969240 -17.271019
v -6.906512 2.967845 -17.295113
v -6.880713 2.967216 -17.314365
v -6.856339 2.968822 -17.329960
v -6.850079 2.969583 -17.336458
v -6.834295 2.964112 -17.324425
v -7.248434 2.971077 -17.232651
v -7.285489 2.969808 -17.251118
v -7.320627 2.970163 -17.270796
v -7.351589 2.968450 -17.292204
v -7.371754 2.967180 -17.311310
v -7.380041 2.968395 -17.321217
v -7.366964 2.964159 -17.322380
v -7.079176 2.990984 -17.526812
v -7.091554 2.991900 -17.536146
v -7.091554 2.980668 -17.526247
v -7.085154 2.982613 -17.525244
v -7.083884 3.001404 -17.526260
v -7.091554 3.001970 -17.534151
v -7.083910 3.015804 -17.527708
v -7.091554 3.015794 -17.534971
v -7.070498 3.019301 -17.532431
v -7.091554 3.023010 -17.539742
v -7.073017 3.021017 -17.548136
v -7.045797 3.003304 -17.531794
v -7.044709 3.005579 -17.548120
v -7.034802 2.989020 -17.548088
v -7.029244 2.956188 -17.548075
v -7.030607 2.934024 -17.548031
v -7.091554 2.912472 -17.548059
v -7.091554 3.023189 -17.548136
v -7.091554 2.947749 -17.548075
v -7.091554 2.986719 -17.548113
v -7.152502 2.934024 -17.548031
v -7.153864 2.956188 -17.548075
v -7.148306 2.989020 -17.548088
v -7.138399 3.005579 -17.548120
v -7.137986 3.003970 -17.531794
v -7.110092 3.021017 -17.548136
v -7.112860 3.020274 -17.532534
v -7.099474 3.015452 -17.527803
v -7.099474 3.001490 -17.526382
v -7.103932 2.990984 -17.526812
v -7.097954 2.982613 -17.525244
v -7.517399 2.186752 -17.961910
v -7.399087 2.399918 -17.993069
v -7.493145 2.340779 -17.934288
v -7.599074 2.175071 -17.875208
v -7.666645 2.211568 -17.748228
v -7.625280 2.333168 -17.730850
v -7.561741 2.305553 -17.861969
v -7.415813 2.544589 -17.958359
v -7.506837 2.519177 -17.872843
v -7.453694 2.670805 -17.917736
v -7.357276 2.718484 -17.947456
v -7.309653 2.599659 -17.998070
v -7.428146 2.840203 -17.884354
v -7.177459 2.743595 -17.971954
v -7.231888 2.854642 -17.916847
v -7.283617 2.940197 -17.879913
v -7.490257 2.923651 -17.807009
v -7.442261 3.005332 -17.778130
v -7.279775 3.023899 -17.856129
v -7.561210 2.920802 -17.729933
v -7.510808 2.998184 -17.703596
v -7.590102 2.928318 -17.653988
v -7.541985 2.993406 -17.622843
v -7.600408 2.849621 -17.748505
v -7.518463 2.804426 -17.838152
v -7.629892 2.877011 -17.664703
v -7.062408 2.944087 -17.896715
v -7.088140 3.031080 -17.877087
v -6.900967 3.023809 -17.835346
v -6.855649 2.937111 -17.855608
v -6.756189 3.021668 -17.748138
v -6.646549 2.925102 -17.746748
v -6.565489 2.853711 -17.776947
v -6.813420 2.853838 -17.887112
v -6.603140 2.947715 -17.625366
v -6.680972 3.014177 -17.642410
v -6.532708 2.888409 -17.581968
v -6.480176 2.846011 -17.662663
v -7.029119 2.852400 -17.925858
v -6.408082 2.785084 -17.539656
v -6.483127 2.835538 -17.501158
v -6.776404 2.759111 -17.919962
v -6.990482 2.754848 -17.965656
v -6.412558 2.735056 -17.685446
v -6.358725 2.700057 -17.571337
v -6.521410 2.756274 -17.810553
v -6.407275 2.621700 -17.727121
v -6.522633 2.644314 -17.858860
v -6.759412 2.655452 -17.958111
v -6.967709 2.639132 -18.010225
v -6.363455 2.597119 -17.594509
v -7.143571 2.622752 -18.023317
v -6.579960 2.521783 -17.914185
v -6.773705 2.531996 -18.000961
v -6.796437 2.413053 -18.037428
v -6.623517 2.421946 -17.955639
v -6.500462 2.414437 -17.839743
v -6.542836 2.335399 -17.875340
v -6.657817 2.329600 -17.977623
v -6.485257 2.315429 -17.782623
v -6.825114 2.309305 -18.057281
v -6.457301 2.271854 -17.691263
v -6.454140 2.344622 -17.668386
v -6.462809 2.383809 -17.744976
v -6.446044 2.502541 -17.784807
v -6.431304 2.470966 -17.696724
v -6.454499 2.436085 -17.629816
v -6.430490 2.518318 -17.574591
v -6.823529 2.970961 -17.338694
v -6.812589 2.969071 -17.338818
v -6.794180 2.940885 -17.363382
v -6.800644 2.967436 -17.350258
v -6.833716 2.979545 -17.326860
v -6.842721 2.966898 -17.323544
v -6.841850 2.962332 -17.319355
v -6.863497 2.974325 -17.290405
v -6.863410 2.960828 -17.289745
v -6.886533 2.978195 -17.270178
v -6.880613 2.999349 -17.280478
v -6.849260 2.997423 -17.305096
v -6.917663 3.000905 -17.255220
v -6.911391 3.024210 -17.266098
v -6.874847 3.020072 -17.291996
v -6.920594 2.979263 -17.247679
v -6.887503 2.962009 -17.268295
v -6.920671 2.962553 -17.243174
v -6.966022 3.002466 -17.230177
v -6.963967 2.978159 -17.224289
v -7.025928 3.003205 -17.211000
v -7.025414 3.029301 -17.218744
v -7.091528 3.028719 -17.211393
v -7.091193 3.002671 -17.203339
v -7.024873 2.978082 -17.203173
v -6.963314 2.961910 -17.221579
v -7.026047 2.960287 -17.201044
v -7.091839 2.979039 -17.195618
v -7.092815 2.958882 -17.193148
v -6.963525 3.027343 -17.237713
v -7.157644 2.958844 -17.203182
v -7.156975 2.979141 -17.204689
v -7.223461 2.959868 -17.227970
v -7.220450 2.979391 -17.226219
v -7.156549 3.003023 -17.209787
v -7.157685 3.028095 -17.216450
v -7.218988 2.999813 -17.229729
v -7.261951 2.978857 -17.248722
v -7.265106 2.999231 -17.254097
v -7.220991 3.025234 -17.237019
v -7.264089 2.960475 -17.246731
v -7.296834 2.960585 -17.268932
v -7.296863 2.978178 -17.272411
v -7.303951 2.999151 -17.281416
v -7.270754 3.022021 -17.262571
v -7.312402 3.018402 -17.291937
v -7.320997 2.975122 -17.294069
v -7.330690 2.998188 -17.303017
v -7.319334 2.959929 -17.288036
v -7.344249 2.960791 -17.309797
v -7.350090 2.969511 -17.316967
v -7.365697 2.981999 -17.314800
v -7.368225 2.986957 -17.312889
v -7.342153 3.007791 -17.311333
v -7.379301 2.991437 -17.319035
v -7.277657 3.051081 -17.273643
v -7.225762 3.052527 -17.245031
v -7.235423 3.096713 -17.269045
v -7.160143 3.105301 -17.241829
v -7.159941 3.053768 -17.224401
v -7.091484 3.111714 -17.236757
v -7.092761 3.054261 -17.220444
v -7.023471 3.104405 -17.242661
v -7.022319 3.054226 -17.226933
v -6.959384 3.055183 -17.246281
v -6.950197 3.099128 -17.273067
v -6.905346 3.051631 -17.278427
v -6.897273 3.095878 -17.295162
v -6.852514 3.089961 -17.335022
v -6.866632 3.046850 -17.307858
v -7.284303 3.096300 -17.294254
v -6.835689 3.155829 -17.377390
v -6.785634 3.130790 -17.450569
v -6.777679 3.215041 -17.543005
v -6.734750 3.108437 -17.555841
v -6.840662 3.245952 -17.410130
v -6.813283 3.319186 -17.541073
v -6.857292 3.339541 -17.435642
v -6.842661 3.419493 -17.551586
v -6.879132 3.437080 -17.456591
v -6.916671 3.444408 -17.402655
v -6.896812 3.357682 -17.382488
v -6.937090 3.539996 -17.417788
v -7.009970 3.553845 -17.365166
v -6.994390 3.455225 -17.339516
v -7.092949 3.457458 -17.318312
v -7.097001 3.556901 -17.341246
v -7.191954 3.454085 -17.336229
v -7.185049 3.554549 -17.361610
v -7.265263 3.443366 -17.385733
v -7.248808 3.542130 -17.399448
v -7.302364 3.530018 -17.459217
v -7.318745 3.428418 -17.451788
v -7.332940 3.340539 -17.433985
v -7.354488 3.421365 -17.550625
v -7.387435 3.317700 -17.548996
v -7.283362 3.356319 -17.370239
v -7.335167 3.529810 -17.552847
v -7.346357 3.246040 -17.409876
v -7.431328 3.208054 -17.559517
v -7.292252 3.262517 -17.359295
v -7.235951 3.274418 -17.323294
v -7.191861 3.379884 -17.324596
v -7.155813 3.279791 -17.293692
v -7.091279 3.384242 -17.299118
v -7.087989 3.281465 -17.271412
v -7.027708 3.279631 -17.293909
v -6.991893 3.379183 -17.325636
v -6.947845 3.274102 -17.324270
v -6.880332 3.265419 -17.356075
v -6.885788 3.165650 -17.332123
v -7.023362 3.183157 -17.272783
v -6.947836 3.178875 -17.300436
v -7.090463 3.186028 -17.246708
v -7.159724 3.183384 -17.272024
v -7.236521 3.179237 -17.299147
v -7.297529 3.166024 -17.328363
v -7.342489 3.155148 -17.369909
v -7.420664 3.124856 -17.453299
v -7.479579 3.098450 -17.584135
v -7.483160 3.048498 -17.483976
v -7.541990 2.985388 -17.508387
v -7.599324 2.925123 -17.525032
v -7.645505 2.879004 -17.563093
v -7.624772 2.823340 -17.450291
v -7.701915 2.818846 -17.676601
v -7.724116 2.809613 -17.581728
v -7.689387 2.765426 -17.495552
v -7.583636 2.749273 -17.384705
v -7.621783 2.698520 -17.437254
v -7.536129 2.705469 -17.321735
v -7.551332 2.640594 -17.346651
v -7.477363 2.668039 -17.257532
v -7.501365 2.602862 -17.254522
v -7.565479 2.565225 -17.370991
v -7.534441 2.524970 -17.258606
v -7.427362 2.568671 -17.174248
v -7.460498 2.494629 -17.153679
v -7.396630 2.649709 -17.195284
v -7.594075 2.473474 -17.398760
v -7.562616 2.446368 -17.265675
v -7.496367 2.401247 -17.128559
v -7.575409 2.598148 -17.452295
v -7.369781 2.485650 -17.085257
v -7.345336 2.560776 -17.121384
v -7.267029 2.478060 -17.047285
v -7.252792 2.555292 -17.092625
v -7.161800 2.473362 -17.030081
v -7.168479 2.385829 -16.976881
v -7.055650 2.385989 -16.972094
v -7.059932 2.477464 -17.021311
v -6.957912 2.477602 -17.025820
v -6.943503 2.385512 -16.985765
v -6.854405 2.474287 -17.050047
v -6.831161 2.383711 -17.016146
v -6.977692 2.554953 -17.071896
v -7.069343 2.553522 -17.068338
v -6.998399 2.622181 -17.113813
v -6.919311 2.624988 -17.130095
v -6.886002 2.553481 -17.095825
v -7.079759 2.622540 -17.112114
v -6.800636 2.553468 -17.130453
v -6.762517 2.470978 -17.094683
v -6.846754 2.634639 -17.171314
v -6.638242 2.400130 -17.152517
v -6.585468 2.423842 -17.279768
v -6.729401 2.386075 -17.067543
v -7.283144 2.389423 -16.997307
v -7.392732 2.392834 -17.050009
v -7.555233 2.507077 -17.520382
v -7.537556 2.442044 -17.683826
v -7.518331 2.430864 -17.810938
v -7.551631 2.623180 -17.880121
v -7.613340 2.712938 -17.839621
v -7.676086 2.771236 -17.766155
v -6.687394 2.564387 -17.500593
v -7.159970 2.551791 -17.077150
v -7.159516 2.621000 -17.116684
v -7.241797 2.624652 -17.129868
v -7.323520 2.635957 -17.158094
v -7.449453 3.025811 -17.411997
v -7.412610 3.004619 -17.359163
v -7.394925 3.067420 -17.382435
v -7.365852 3.029309 -17.338131
v -7.321893 3.041164 -17.306026
v -7.333583 3.085526 -17.333250
v -6.767861 2.632513 -17.484728
v -6.738788 2.551098 -17.508770
v -6.742070 2.720102 -17.446625
v -6.674969 2.788584 -17.408812
v -6.664310 2.477646 -17.517557
v -6.540476 2.466479 -17.513926
v -6.567212 2.808116 -17.400141
v -6.463668 2.784312 -17.415352
v -6.382801 2.736858 -17.445129
v -6.340168 2.669616 -17.479860
v -6.350512 2.595136 -17.509853
v -6.416451 2.523596 -17.517218
v -6.437232 2.487569 -17.450560
v -6.534965 2.442369 -17.456656
v -6.439770 2.435627 -17.324924
v -6.540538 2.402952 -17.322330
v -6.447621 2.454280 -17.150219
v -6.548516 2.428256 -17.143797
v -6.377041 2.511541 -17.168102
v -6.372103 2.499408 -17.314171
v -6.353894 2.586174 -17.189419
v -6.353486 2.572941 -17.297318
v -6.376668 2.663187 -17.213762
v -6.381010 2.640415 -17.293327
v -6.444118 2.725537 -17.235233
v -6.455152 2.694964 -17.295156
v -6.544549 2.760310 -17.244268
v -6.558022 2.723945 -17.294577
v -6.651053 2.731867 -17.229595
v -6.667454 2.699465 -17.290951
v -6.704454 2.661233 -17.204763
v -6.724892 2.626038 -17.287949
v -6.728632 2.590107 -17.182518
v -6.741631 2.552784 -17.306824
v -6.714425 2.519337 -17.162914
v -6.718705 2.480160 -17.321486
v -6.646369 2.455858 -17.145880
v -6.644022 2.421122 -17.331490
v -6.565793 2.768804 -17.349472
v -6.676657 2.742677 -17.358717
v -6.736127 2.675492 -17.387520
v -6.753503 2.599664 -17.419708
v -6.724124 2.522015 -17.442474
v -6.648293 2.459344 -17.459454
v -6.706382 2.567320 -17.080090
v -6.719796 2.635287 -17.108555
v -6.694910 2.621056 -17.002874
v -6.709297 2.686469 -17.037363
v -6.693588 2.702438 -17.140997
v -6.682027 2.748604 -17.075127
v -6.639685 2.766721 -17.171101
v -6.624953 2.807638 -17.110855
v -6.538728 2.793916 -17.186232
v -6.532927 2.830314 -17.124678
v -6.634465 2.562489 -16.974312
v -6.642057 2.504215 -17.056202
v -6.545510 2.528794 -16.965311
v -6.547616 2.472699 -17.051775
v -6.441906 2.758236 -17.176249
v -6.443357 2.796244 -17.114014
v -6.377407 2.695897 -17.151581
v -6.383241 2.733136 -17.086250
v -6.356045 2.622512 -17.119770
v -6.362461 2.665280 -17.050695
v -6.378958 2.549628 -17.087280
v -6.382902 2.594858 -17.013205
v -6.447712 2.495542 -17.061298
v -6.448180 2.543477 -16.980486
v -6.536338 2.979709 -16.807728
v -6.560938 2.953383 -16.881186
v -6.506307 2.949817 -16.894577
v -6.500496 2.976325 -16.815771
v -6.566938 2.968904 -16.782930
v -6.604270 2.933343 -16.854244
v -6.583622 2.946198 -16.751574
v -6.624316 2.902597 -16.812992
v -6.577052 2.924191 -16.725164
v -6.614238 2.866663 -16.775055
v -6.542979 2.898129 -16.698812
v -6.570140 2.823911 -16.739166
v -6.506744 2.883955 -16.694201
v -6.518049 2.799706 -16.729233
v -6.512514 2.890734 -16.995008
v -6.589622 2.887717 -16.981384
v -6.528200 2.850524 -17.065979
v -6.611506 2.834593 -17.059628
v -6.643990 2.858236 -16.946280
v -6.668583 2.791687 -17.020571
v -6.666852 2.816109 -16.902819
v -6.694692 2.743392 -16.976677
v -6.655187 2.770038 -16.859873
v -6.681289 2.689787 -16.933218
v -6.606646 2.724427 -16.824703
v -6.626767 2.637064 -16.898790
v -6.532057 2.688697 -16.806744
v -6.542006 2.592901 -16.890816
v -6.454878 2.827377 -17.048925
v -6.445324 2.858273 -16.979713
v -6.392208 2.761081 -17.026754
v -6.403584 2.812649 -16.949461
v -6.371781 2.706820 -16.989117
v -6.385136 2.771297 -16.912914
v -6.390121 2.648398 -16.948036
v -6.402358 2.728580 -16.870302
v -6.447572 2.600324 -16.910110
v -6.449199 2.691736 -16.826273
v -6.461518 2.801322 -16.751848
v -6.471097 2.882553 -16.709898
v -6.439508 2.899770 -16.738819
v -6.419870 2.827935 -16.789497
v -6.430418 2.916291 -16.764008
v -6.404893 2.857889 -16.827860
v -6.439008 2.937491 -16.789417
v -6.418640 2.888449 -16.858889
v -6.467238 2.961655 -16.809515
v -6.454902 2.923031 -16.886000
v -6.468352 2.927693 -16.716045
v -6.502879 2.925250 -16.698563
v -6.463863 2.950061 -16.737820
v -6.498368 2.979750 -16.769096
v -6.467833 2.962359 -16.757463
v -6.496093 2.963455 -16.729473
v -6.371317 2.554611 -17.432783
v -6.351087 2.629008 -17.405823
v -6.384326 2.694877 -17.378433
v -6.462053 2.744796 -17.359079
v -6.527176 2.980038 -16.754786
v -6.533334 2.966119 -16.730410
v -6.533925 2.940225 -16.707047
v -7.666369 2.643827 -17.489990
v -7.595683 2.584875 -17.492836
v -7.740848 2.703507 -17.530659
v -7.786078 2.740478 -17.604559
v -7.539543 2.522033 -17.551905
v -7.524321 2.470936 -17.670919
v -7.787340 2.734602 -17.698677
v -7.743752 2.692251 -17.779465
v -7.685495 2.632837 -17.842258
v -7.623851 2.575870 -17.858541
v -7.565183 2.521836 -17.829367
v -7.520462 2.475523 -17.765778
v -7.578318 2.442775 -17.742805
v -7.549993 2.454104 -17.669645
v -7.650781 2.357301 -17.675339
v -7.601224 2.414873 -17.634430
v -7.676679 2.314593 -17.534334
v -7.623065 2.390040 -17.509657
v -7.757476 2.275089 -17.553911
v -7.725408 2.330971 -17.702482
v -7.846629 2.286238 -17.565638
v -7.808807 2.345699 -17.718153
v -7.915434 2.347518 -17.561243
v -7.878965 2.403649 -17.709730
v -7.946981 2.432857 -17.543667
v -7.917104 2.481470 -17.680439
v -7.951559 2.533985 -17.518911
v -7.929012 2.571168 -17.643999
v -7.887374 2.616710 -17.488939
v -7.878829 2.643281 -17.600023
v -7.800349 2.636820 -17.472300
v -7.796831 2.655249 -17.573214
v -7.723804 2.619112 -17.464380
v -7.718116 2.628887 -17.565168
v -7.657535 2.575774 -17.465393
v -7.650600 2.582673 -17.568953
v -7.615587 2.494189 -17.479458
v -7.603736 2.505376 -17.592340
v -7.838625 2.678781 -17.700708
v -7.826093 2.689096 -17.609898
v -7.778137 2.657508 -17.550737
v -7.709927 2.607559 -17.523685
v -7.638758 2.552212 -17.528507
v -7.576436 2.497376 -17.581055
v -7.661716 2.572428 -17.389734
v -7.727729 2.612792 -17.391890
v -7.680226 2.559101 -17.323420
v -7.743499 2.597324 -17.326918
v -7.804191 2.623177 -17.399420
v -7.817661 2.601490 -17.333893
v -7.889296 2.598550 -17.411451
v -7.897791 2.573672 -17.342520
v -7.953487 2.514305 -17.431335
v -7.957009 2.492730 -17.355080
v -7.639806 2.484653 -17.324636
v -7.622073 2.491160 -17.397245
v -7.639856 2.388124 -17.331198
v -7.633100 2.383533 -17.421751
v -7.951527 2.410966 -17.449203
v -7.952834 2.395320 -17.364246
v -7.920461 2.326880 -17.462660
v -7.918973 2.315218 -17.366425
v -7.854409 2.269476 -17.466007
v -7.853407 2.262296 -17.362331
v -7.766888 2.262499 -17.456005
v -7.770846 2.262580 -17.353697
v -7.687316 2.304380 -17.439514
v -7.692926 2.305844 -17.342752
v -7.872452 2.553810 -16.987221
v -7.889928 2.508527 -16.980938
v -7.920263 2.504008 -17.062117
v -7.894011 2.563008 -17.069077
v -7.839153 2.585041 -16.985443
v -7.849156 2.599246 -17.068697
v -7.800046 2.595523 -16.980444
v -7.790888 2.609548 -17.062243
v -7.763585 2.579208 -16.969481
v -7.743199 2.586752 -17.053453
v -7.739973 2.539503 -16.960154
v -7.705295 2.532645 -17.042456
v -7.736687 2.489966 -16.953163
v -7.700256 2.467488 -17.031507
v -7.945561 2.487225 -17.180862
v -7.907364 2.561296 -17.190197
v -7.955948 2.478597 -17.283342
v -7.906816 2.559396 -17.287542
v -7.843882 2.598704 -17.192936
v -7.833895 2.592553 -17.286949
v -7.778120 2.605329 -17.189100
v -7.762954 2.596632 -17.281506
v -7.719780 2.576425 -17.179775
v -7.700701 2.564092 -17.273462
v -7.677051 2.516016 -17.166119
v -7.656541 2.496693 -17.263716
v -7.667165 2.429300 -17.151888
v -7.650027 2.401659 -17.256437
v -7.947003 2.387188 -17.278578
v -7.935888 2.406643 -17.170210
v -7.909925 2.315341 -17.271992
v -7.895602 2.347185 -17.161373
v -7.845762 2.271286 -17.264612
v -7.841153 2.312712 -17.152519
v -7.769913 2.279521 -17.259369
v -7.775552 2.318368 -17.147503
v -7.697526 2.321686 -17.254911
v -7.711260 2.355844 -17.145809
v -7.733686 2.410292 -17.026344
v -7.758738 2.448250 -16.950388
v -7.797577 2.421420 -16.950392
v -7.786489 2.376268 -17.026253
v -7.835553 2.416984 -16.956202
v -7.835492 2.371959 -17.029835
v -7.864212 2.435436 -16.963350
v -7.879830 2.396689 -17.040119
v -7.888549 2.470538 -16.975117
v -7.913708 2.444407 -17.050983
v -7.795393 2.464437 -16.923477
v -7.830919 2.467538 -16.923243
v -7.856087 2.476810 -16.935144
v -7.861100 2.512186 -16.941435
v -7.821803 2.508301 -16.920141
v -7.771831 2.500499 -16.923998
v -7.631323 2.462709 -17.805573
v -7.695787 2.503327 -17.842129
v -7.755719 2.558582 -17.831469
v -7.804693 2.625605 -17.775621
v -7.842926 2.548984 -16.944534
v -7.812813 2.550610 -16.932867
v -7.779967 2.541541 -16.930351
v -6.818800 1.458492 -17.819098
v -6.807619 1.399124 -17.803024
v -6.771965 1.401187 -17.813297
v -6.772372 1.461792 -17.831415
v -6.769853 1.364653 -17.787006
v -6.810678 1.367446 -17.775112
v -6.839308 1.394378 -17.778145
v -6.858939 1.449244 -17.786203
v -6.884803 1.438584 -17.738630
v -6.857603 1.391181 -17.745096
v -6.812180 1.358640 -17.752831
v -6.733751 1.398278 -17.808508
v -6.727965 1.363717 -17.782709
v -6.696979 1.393548 -17.789368
v -6.667247 1.385820 -17.753998
v -6.721267 1.350149 -17.755880
v -6.634892 1.449679 -17.754494
v -6.675817 1.456847 -17.799892
v -6.723287 1.459849 -17.825581
v -6.767689 1.350078 -17.760300
v -6.611808 1.517143 -17.745714
v -6.659458 1.522919 -17.800617
v -6.714785 1.526764 -17.829790
v -6.772394 1.532097 -17.838118
v -6.827409 1.527441 -17.822247
v -6.874056 1.515483 -17.784737
v -6.903307 1.498984 -17.730486
v -6.744482 3.068002 -17.483067
v -6.808709 3.069444 -17.381952
v -6.769836 3.032996 -17.422775
v -6.795944 3.007154 -17.373962
v -6.827078 3.032541 -17.338884
v -6.840495 3.010482 -17.313835
v -6.823906 2.982770 -17.329081
v -6.816619 2.990219 -17.337229
v -6.844233 2.961541 -17.341452
v -6.848633 2.981202 -17.358891
v -6.861004 2.988879 -17.405825
v -6.906066 3.002789 -17.454481
v -6.886376 3.009296 -17.327055
v -6.900818 3.035186 -17.383873
v -6.952431 3.028195 -17.299438
v -6.969589 3.058809 -17.361864
v -6.921481 3.031381 -17.434313
v -6.985679 3.054325 -17.431303
v -7.045964 3.070220 -17.350929
v -7.055407 3.065893 -17.427259
v -7.033199 3.037279 -17.280523
v -7.091317 3.041285 -17.276245
v -7.091583 3.073461 -17.347908
v -7.091788 3.068860 -17.425310
v -6.996120 3.030213 -17.490993
v -7.041029 3.007464 -17.517080
v -7.069887 3.025573 -17.517672
v -7.085778 3.016069 -17.515924
v -7.091583 3.029695 -17.509407
v -7.091778 3.016601 -17.511105
v -7.091484 3.049714 -17.488350
v -7.062840 3.047135 -17.492098
v -7.091554 3.002869 -17.508167
v -7.085257 3.002543 -17.511343
v -7.091554 2.993890 -17.506191
v -7.080674 2.993218 -17.508421
v -7.086009 2.985365 -17.512543
v -7.091554 2.983282 -17.510401
v -7.098312 3.002789 -17.510933
v -7.102434 2.993218 -17.508421
v -7.097100 2.985365 -17.512543
v -7.097740 3.015832 -17.515732
v -7.113305 3.025682 -17.517794
v -7.141276 3.006796 -17.515512
v -7.120316 3.047231 -17.492292
v -7.186902 3.030060 -17.490881
v -7.277286 3.003573 -17.454599
v -7.319353 2.987871 -17.404783
v -7.331103 2.982658 -17.356405
v -7.298831 3.011929 -17.326338
v -7.283471 3.034626 -17.381737
v -7.233250 3.031906 -17.297995
v -7.216197 3.060338 -17.356850
v -7.262668 3.033208 -17.435423
v -7.198674 3.055877 -17.432743
v -7.138153 3.071727 -17.349705
v -7.127980 3.067199 -17.427422
v -7.150482 3.039298 -17.279396
v -7.335487 2.957375 -17.335608
v -7.345656 2.960546 -17.317801
v -7.331173 2.958105 -17.314325
v -7.298124 2.959676 -17.302998
v -7.293685 2.946655 -17.296732
v -7.239036 2.962226 -17.270281
v -7.237193 2.938959 -17.267006
v -7.156098 2.929205 -17.248068
v -7.155378 2.958920 -17.247807
v -7.091634 2.957599 -17.240942
v -7.091314 2.928223 -17.237286
v -7.026985 2.928210 -17.247770
v -7.026863 2.955778 -17.249691
v -6.944357 2.958271 -17.271889
v -6.960914 2.932383 -17.262821
v -6.930956 2.936309 -17.271751
v -6.900882 2.943478 -17.288729
v -6.885689 2.958514 -17.301228
v -6.878274 2.951411 -17.302145
v -6.846127 2.959762 -17.325645
v -6.883221 2.979077 -17.309790
v -6.944466 2.989862 -17.281752
v -7.028521 2.993784 -17.257364
v -7.091794 2.996902 -17.251621
v -7.152108 2.995522 -17.257746
v -7.238857 2.988857 -17.280914
v -7.302789 2.976728 -17.309483
v -7.179202 3.635234 -17.374062
v -7.236626 3.633045 -17.407717
v -7.223660 3.720978 -17.411764
v -7.170073 3.719877 -17.386555
v -7.101247 3.632434 -17.355745
v -7.108616 3.719308 -17.372923
v -7.271324 3.721740 -17.455675
v -7.287848 3.631689 -17.462446
v -7.318408 3.634668 -17.549477
v -7.302620 3.725221 -17.534145
v -7.222082 3.837980 -17.398104
v -7.172306 3.834722 -17.365183
v -7.172076 3.944533 -17.339186
v -7.214754 3.950959 -17.368513
v -7.113490 3.832220 -17.349730
v -7.118178 3.941404 -17.329208
v -7.257401 3.841871 -17.441154
v -7.244044 3.958539 -17.409143
v -7.280399 3.847196 -17.514513
v -7.259017 3.967026 -17.475998
v -7.120556 4.043016 -17.312757
v -7.164127 4.045052 -17.317537
v -7.121426 4.109948 -17.317844
v -7.156239 4.111426 -17.319828
v -7.121295 4.147932 -17.333237
v -7.154908 4.150178 -17.335569
v -7.121138 4.185852 -17.377970
v -7.157778 4.185189 -17.380930
v -7.203321 4.159093 -17.391090
v -7.201413 4.131762 -17.350939
v -7.197058 4.101589 -17.335499
v -7.206124 4.054028 -17.339870
v -7.224181 4.129557 -17.404808
v -7.220066 4.109663 -17.363268
v -7.241666 4.072556 -17.429729
v -7.233177 4.061951 -17.376226
v -7.266991 3.853116 -17.589336
v -7.245061 3.974699 -17.543966
v -7.236377 3.857484 -17.636951
v -7.219720 3.979423 -17.585499
v -7.166146 3.980604 -17.631432
v -7.173266 3.862674 -17.684011
v -7.290882 3.728050 -17.616879
v -7.303666 3.641276 -17.635208
v -7.254441 3.643094 -17.700727
v -7.251161 3.730632 -17.676802
v -7.270447 3.532422 -17.722097
v -7.183986 3.532325 -17.777451
v -7.177695 3.644280 -17.754053
v -7.321695 3.530770 -17.648396
v -7.179509 3.732844 -17.728268
v -7.116511 3.978338 -17.648577
v -7.110188 3.863945 -17.703890
v -7.096601 3.644207 -17.772104
v -7.103375 3.733424 -17.748110
v -7.092514 3.532213 -17.798220
v -7.045477 3.864936 -17.689198
v -7.064364 3.984677 -17.638121
v -6.980194 3.858780 -17.641483
v -7.006392 3.984370 -17.592051
v -6.981833 3.978312 -17.547508
v -6.951448 3.855199 -17.592119
v -6.975176 3.967833 -17.476818
v -6.943996 3.847669 -17.514551
v -6.926181 3.727698 -17.619333
v -6.919487 3.723833 -17.534754
v -6.905689 3.638009 -17.634874
v -6.948770 3.640665 -17.694777
v -6.958799 3.730485 -17.676197
v -6.877698 3.526191 -17.651102
v -6.868965 3.527308 -17.553816
v -6.895906 3.631490 -17.550554
v -6.921500 3.530632 -17.719208
v -7.017336 3.644031 -17.752293
v -7.003122 3.531711 -17.775736
v -7.028370 3.733346 -17.729916
v -6.852834 3.416898 -17.663420
v -6.821567 3.312766 -17.653793
v -6.882364 3.313186 -17.741297
v -6.900965 3.421154 -17.734625
v -6.979164 3.315439 -17.806616
v -6.989983 3.422956 -17.793140
v -7.093906 3.316149 -17.837919
v -7.092485 3.424012 -17.820961
v -7.196482 3.422562 -17.795034
v -7.213058 3.314322 -17.809950
v -7.289983 3.421305 -17.734436
v -7.319026 3.310353 -17.738394
v -7.342338 3.421535 -17.656073
v -7.375947 3.306742 -17.665245
v -7.369247 3.191232 -17.742634
v -7.419605 3.188923 -17.673365
v -7.238923 3.205547 -17.824226
v -7.095618 3.208827 -17.850597
v -6.967464 3.210029 -17.816437
v -6.849626 3.211507 -17.739679
v -6.784384 3.205853 -17.646042
v -6.746557 3.111763 -17.650105
v -6.816710 3.115308 -17.743513
v -6.934713 3.116794 -17.821291
v -7.103602 3.114175 -17.863436
v -7.260541 3.112937 -17.839209
v -7.397922 3.100612 -17.752974
v -7.457544 3.095726 -17.679890
v -7.157410 4.186869 -17.432625
v -7.121628 4.190882 -17.429073
v -7.120866 4.173791 -17.471289
v -7.155797 4.171020 -17.467432
v -7.196712 4.162021 -17.439957
v -7.188146 4.156655 -17.462908
v -7.157196 4.142152 -17.503675
v -7.121129 4.141957 -17.514334
v -7.161209 4.085526 -17.557390
v -7.119404 4.084200 -17.573902
v -7.196002 4.137100 -17.479282
v -7.212626 4.136425 -17.453329
v -7.228018 4.079369 -17.487663
v -7.205935 4.083154 -17.521921
v -7.077884 4.087647 -17.560028
v -7.085183 4.140216 -17.503576
v -7.087458 4.167269 -17.466394
v -7.088261 4.180754 -17.433233
v -7.088322 4.177356 -17.384094
v -7.049417 4.149295 -17.396351
v -7.052424 4.155224 -17.440353
v -7.057548 4.151730 -17.462078
v -7.048559 4.132773 -17.480722
v -7.030213 4.124056 -17.407404
v -7.036060 4.132562 -17.454737
v -7.005945 4.069762 -17.432575
v -7.013397 4.079167 -17.490482
v -7.033496 4.083976 -17.524830
v -7.024434 3.634581 -17.377228
v -7.046921 3.718690 -17.387327
v -6.986098 3.718991 -17.421621
v -6.957397 3.631317 -17.425707
v -6.950645 3.720930 -17.459192
v -6.924709 3.629058 -17.468649
v -7.001010 3.838453 -17.399752
v -7.054070 3.834789 -17.362127
v -7.064469 3.944610 -17.339167
v -7.019919 3.950559 -17.371492
v -6.969864 3.842345 -17.442001
v -6.994345 3.958284 -17.410667
v -7.079657 4.045026 -17.321150
v -7.088492 4.109682 -17.326014
v -7.090543 4.144786 -17.341784
v -7.051526 4.124431 -17.360468
v -7.052937 4.097564 -17.344002
v -7.035228 4.105074 -17.370684
v -7.017304 4.059128 -17.382153
v -7.037910 4.053000 -17.348373
v -6.902095 3.534309 -17.464958
v -7.185349 3.561580 -17.351501
v -7.162511 3.545884 -17.337284
v -7.199036 3.525730 -17.348347
v -7.211013 3.539986 -17.361481
v -7.184706 3.513381 -17.337755
v -7.158908 3.532793 -17.332226
v -7.172981 3.559721 -17.369307
v -7.156677 3.576488 -17.355017
v -7.159266 3.576674 -17.344213
v -7.194569 3.540885 -17.383873
v -7.149945 3.530508 -17.344730
v -7.127506 3.541676 -17.341099
v -7.130828 3.544425 -17.332500
v -7.176652 3.512748 -17.350040
v -7.238994 3.511912 -17.377205
v -7.227628 3.499234 -17.360878
v -7.226386 3.512441 -17.395256
v -7.258047 3.485909 -17.387981
v -7.236284 3.493756 -17.365801
v -7.252213 3.479973 -17.381496
v -7.251961 3.487308 -17.400616
v -7.242585 3.480060 -17.395170
v -7.222789 3.488360 -17.387438
v -7.247416 3.465746 -17.370152
v -7.241682 3.460166 -17.366997
v -7.239733 3.467717 -17.381483
v -7.234114 3.459465 -17.373579
v -7.214885 3.485272 -17.350977
v -7.205164 3.486242 -17.364254
v -7.150559 3.568543 -17.342340
v -7.146182 3.567929 -17.350372
v -7.150924 3.545007 -17.353003
v -7.134133 3.549986 -17.345013
v -7.137999 3.550642 -17.334635
v -7.018073 3.571113 -17.358376
v -6.987586 3.553023 -17.367502
v -6.998806 3.534284 -17.353659
v -7.043845 3.555340 -17.346840
v -7.014066 3.520640 -17.346357
v -7.044649 3.536531 -17.341499
v -7.025846 3.569733 -17.373390
v -7.051765 3.583577 -17.360746
v -7.048383 3.583786 -17.356178
v -6.998188 3.552774 -17.385071
v -7.051759 3.536696 -17.349993
v -7.072604 3.548765 -17.342884
v -7.023001 3.520933 -17.359631
v -6.951721 3.524694 -17.380581
v -6.963548 3.511136 -17.365925
v -6.966421 3.525788 -17.399960
v -6.930674 3.501366 -17.393845
v -6.952924 3.502277 -17.370850
v -6.937967 3.493330 -17.387947
v -6.938466 3.499609 -17.406351
v -6.948604 3.494607 -17.402220
v -6.968655 3.496902 -17.393284
v -6.943948 3.474581 -17.374977
v -6.951100 3.466888 -17.369822
v -6.945801 3.473865 -17.383825
v -6.955157 3.465909 -17.376846
v -6.978927 3.492181 -17.356552
v -6.986789 3.493033 -17.369396
v -7.056271 3.554121 -17.358940
v -7.059958 3.576952 -17.354763
v -7.056041 3.577196 -17.348078
v -7.070671 3.556527 -17.350031
v -7.068818 3.557197 -17.343199
v -7.383202 3.321126 -17.290268
v -7.379781 3.318809 -17.306017
v -7.359260 3.360696 -17.307550
v -7.362831 3.363049 -17.291897
v -7.327996 3.394847 -17.305964
v -7.331417 3.397167 -17.290216
v -7.287736 3.417631 -17.300575
v -7.291157 3.419951 -17.284826
v -7.242876 3.426918 -17.292200
v -7.246296 3.429234 -17.276449
v -7.197801 3.421794 -17.281660
v -7.201221 3.424114 -17.265909
v -7.156930 3.402767 -17.269981
v -7.160348 3.405084 -17.254232
v -7.124258 3.371695 -17.258312
v -7.127679 3.374012 -17.242565
v -7.102988 3.331621 -17.247797
v -7.106409 3.333938 -17.232046
v -7.095199 3.286466 -17.239458
v -7.098620 3.288786 -17.223707
v -7.101654 3.240655 -17.234118
v -7.105074 3.242975 -17.218367
v -7.121721 3.198668 -17.232292
v -7.125141 3.200988 -17.216543
v -7.153439 3.164617 -17.234167
v -7.156860 3.166933 -17.218418
v -7.193698 3.141832 -17.239557
v -7.197119 3.144149 -17.223806
v -7.238559 3.132546 -17.247931
v -7.241980 3.134866 -17.232182
v -7.283634 3.137669 -17.258474
v -7.287055 3.139986 -17.242725
v -7.324504 3.156697 -17.270151
v -7.327925 3.159017 -17.254402
v -7.357177 3.187768 -17.281818
v -7.360598 3.190089 -17.266069
v -7.378447 3.227842 -17.292337
v -7.381868 3.230162 -17.276587
v -7.386236 3.272994 -17.300676
v -7.389657 3.275314 -17.284925
v -7.244136 3.282050 -17.254314
v -7.240719 3.279730 -17.270065
v -6.799906 3.321126 -17.290268
v -6.820277 3.363049 -17.291897
v -6.823849 3.360696 -17.307550
v -6.803327 3.318809 -17.306017
v -6.855113 3.394848 -17.305964
v -6.851692 3.397167 -17.290216
v -6.895372 3.417631 -17.300575
v -6.891951 3.419952 -17.284826
v -6.940233 3.426918 -17.292200
v -6.936812 3.429234 -17.276449
v -6.985308 3.421794 -17.281660
v -6.981887 3.424114 -17.265909
v -7.026178 3.402767 -17.269981
v -7.022760 3.405085 -17.254232
v -7.058850 3.371695 -17.258312
v -7.055429 3.374012 -17.242565
v -7.080121 3.331621 -17.247797
v -7.076700 3.333938 -17.232046
v -7.087909 3.286466 -17.239458
v -7.084488 3.288786 -17.223707
v -7.081455 3.240655 -17.234118
v -7.078034 3.242976 -17.218367
v -7.061388 3.198668 -17.232292
v -7.057967 3.200988 -17.216543
v -7.029669 3.164617 -17.234167
v -7.026248 3.166934 -17.218418
v -6.989410 3.141832 -17.239557
v -6.985990 3.144149 -17.223806
v -6.944550 3.132546 -17.247931
v -6.941129 3.134866 -17.232182
v -6.899474 3.137669 -17.258474
v -6.896053 3.139986 -17.242725
v -6.858604 3.156697 -17.270151
v -6.855183 3.159017 -17.254402
v -6.825932 3.187768 -17.281818
v -6.822511 3.190089 -17.266069
v -6.804661 3.227842 -17.292337
v -6.801240 3.230163 -17.276587
v -6.796873 3.272994 -17.300676
v -6.793452 3.275314 -17.284925
v -6.938972 3.282050 -17.254314
v -6.942389 3.279730 -17.270065
v -7.387890 3.417669 -17.290586
v -7.404229 3.383887 -17.294121
v -7.406978 3.385224 -17.300468
v -7.389241 3.420607 -17.297228
v -7.385289 3.414757 -17.287970
v -7.356092 3.439359 -17.277672
v -7.357141 3.442581 -17.279646
v -7.356498 3.445202 -17.285736
v -7.400725 3.382469 -17.291237
v -7.415362 3.317884 -17.290407
v -7.417161 3.317398 -17.296600
v -7.318684 3.386431 -17.255178
v -7.334399 3.371410 -17.259140
v -7.412277 3.317954 -17.287819
v -7.416425 3.256485 -17.281586
v -7.417628 3.255314 -17.287649
v -7.413846 3.200367 -17.275255
v -7.411493 3.202786 -17.268511
v -7.402181 3.162287 -17.256380
v -7.408280 3.204140 -17.266008
v -7.398905 3.164962 -17.253960
v -7.381042 3.134498 -17.239172
v -7.383193 3.130578 -17.240908
v -7.404085 3.158181 -17.263243
v -7.382812 3.125922 -17.247425
v -7.363276 3.147106 -17.327085
v -7.344105 3.117612 -17.312500
v -7.413714 3.257055 -17.278999
v -7.369506 3.265397 -17.256380
v -7.359874 3.226440 -17.244501
v -7.373957 3.188511 -17.338507
v -7.378613 3.244661 -17.348911
v -7.378105 3.308297 -17.358829
v -7.365836 3.312031 -17.263201
v -7.347586 3.353839 -17.262024
v -7.367717 3.375295 -17.365131
v -7.351861 3.409340 -17.362926
v -7.148428 3.113413 -17.181742
v -7.164345 3.113314 -17.182594
v -7.165618 3.115935 -17.173973
v -7.149599 3.116399 -17.172218
v -7.150089 3.119346 -17.169300
v -7.166114 3.118735 -17.171183
v -7.228834 3.113845 -17.185493
v -7.229461 3.115963 -17.182686
v -7.153637 3.208812 -17.184809
v -7.135804 3.197132 -17.179399
v -7.118617 3.252203 -17.188740
v -7.128613 3.254859 -17.191132
v -7.116086 3.314073 -17.200010
v -7.125522 3.311813 -17.201431
v -7.144780 3.358015 -17.210642
v -7.130389 3.368002 -17.208975
v -7.183977 3.182482 -17.183836
v -7.232857 3.161759 -17.188850
v -7.155689 3.420220 -17.218306
v -7.175922 3.389189 -17.219131
v -7.199688 3.458079 -17.233055
v -7.152223 3.456847 -17.224556
v -7.151794 3.460031 -17.226479
v -7.198485 3.459413 -17.240017
v -7.150658 3.460729 -17.234098
v -7.184623 3.445448 -17.311079
v -7.234559 3.444773 -17.320629
v -7.253832 3.457279 -17.251858
v -7.141458 3.444268 -17.306721
v -7.091554 3.420220 -17.218306
v -7.091554 3.456847 -17.224556
v -7.285398 3.441017 -17.336437
v -7.311586 3.454239 -17.269112
v -7.255260 3.455852 -17.245749
v -7.209570 3.405480 -17.227068
v -7.313253 3.451970 -17.262495
v -7.294828 3.401282 -17.248587
v -7.253154 3.411211 -17.237553
v -7.323903 3.432984 -17.353090
v -7.091554 3.460031 -17.226479
v -7.091554 3.460729 -17.234098
v -7.091554 3.444274 -17.306702
v -7.031314 3.460031 -17.226479
v -7.030885 3.456847 -17.224556
v -6.983420 3.458079 -17.233055
v -6.984623 3.459413 -17.240017
v -7.032450 3.460729 -17.234098
v -6.998486 3.445449 -17.311079
v -6.948549 3.444774 -17.320629
v -6.929276 3.457279 -17.251858
v -7.041650 3.444268 -17.306721
v -7.027420 3.420220 -17.218306
v -6.897711 3.441017 -17.336437
v -6.871522 3.454240 -17.269112
v -6.927848 3.455852 -17.245749
v -7.007186 3.389189 -17.219131
v -7.038329 3.358015 -17.210642
v -7.052719 3.368002 -17.208975
v -7.067023 3.314073 -17.200010
v -7.057586 3.311813 -17.201431
v -7.054495 3.254859 -17.191132
v -7.064492 3.252203 -17.188740
v -7.029471 3.208812 -17.184809
v -7.047305 3.197132 -17.179399
v -7.033020 3.119346 -17.169300
v -7.016994 3.118735 -17.171183
v -7.017490 3.115935 -17.173973
v -6.954274 3.113845 -17.185493
v -6.953647 3.115963 -17.182686
v -7.033509 3.116399 -17.172218
v -7.034680 3.113413 -17.181742
v -7.018764 3.113314 -17.182594
v -6.999132 3.182482 -17.183836
v -6.950252 3.161759 -17.188850
v -6.888322 3.112085 -17.201864
v -6.890383 3.109314 -17.208712
v -6.835157 3.113903 -17.221762
v -6.836716 3.109861 -17.228231
v -6.914793 3.102898 -17.277086
v -6.868879 3.103487 -17.295643
v -6.800297 3.125922 -17.247425
v -6.839004 3.117612 -17.312500
v -6.799916 3.130578 -17.240908
v -6.802066 3.134498 -17.239172
v -6.780927 3.162287 -17.256380
v -6.784204 3.164962 -17.253960
v -6.779023 3.158181 -17.263243
v -6.819833 3.147106 -17.327085
v -6.774828 3.204141 -17.266008
v -6.771615 3.202787 -17.268511
v -6.769263 3.200367 -17.275255
v -6.769394 3.257056 -17.278999
v -6.813602 3.265397 -17.256380
v -6.823234 3.226440 -17.244501
v -6.766684 3.256485 -17.281586
v -6.765481 3.255315 -17.287649
v -6.765948 3.317398 -17.296600
v -6.767746 3.317884 -17.290407
v -6.776130 3.385224 -17.300468
v -6.778879 3.383888 -17.294121
v -6.795218 3.417670 -17.290586
v -6.793868 3.420607 -17.297228
v -6.797820 3.414757 -17.287970
v -6.827016 3.439360 -17.277672
v -6.825967 3.442581 -17.279646
v -6.826610 3.445203 -17.285736
v -6.782383 3.382469 -17.291237
v -6.864425 3.386431 -17.255178
v -6.848710 3.371410 -17.259140
v -6.770831 3.317955 -17.287819
v -6.804495 3.244661 -17.348911
v -6.809151 3.188512 -17.338507
v -6.817273 3.312031 -17.263201
v -6.835522 3.353839 -17.262024
v -6.805004 3.308297 -17.358829
v -6.815391 3.375296 -17.365131
v -6.831247 3.409340 -17.362926
v -7.283570 3.437884 -17.338610
v -7.321391 3.430194 -17.354818
v -7.293215 3.379884 -17.338779
v -7.269593 3.393753 -17.332207
v -7.233612 3.441515 -17.323170
v -7.230796 3.403976 -17.321804
v -7.184392 3.442156 -17.313643
v -7.188725 3.401157 -17.311842
v -7.141112 3.440962 -17.309065
v -7.153849 3.385778 -17.303963
v -7.309487 3.365385 -17.342972
v -7.348710 3.407029 -17.364347
v -7.364114 3.373558 -17.366415
v -7.323081 3.347541 -17.346041
v -7.341560 3.301794 -17.347162
v -7.374082 3.307506 -17.360151
v -7.343615 3.250489 -17.339279
v -7.374549 3.244738 -17.350311
v -7.331487 3.209925 -17.326296
v -7.370143 3.189327 -17.340004
v -7.316341 3.187420 -17.315596
v -7.359768 3.148517 -17.328794
v -7.302079 3.173615 -17.306929
v -7.341071 3.119551 -17.314566
v -7.311874 3.105784 -17.298164
v -7.285688 3.162949 -17.298603
v -7.266911 3.105346 -17.280222
v -7.256991 3.152610 -17.286167
v -7.212313 3.152121 -17.273829
v -7.210953 3.108968 -17.264591
v -7.156284 3.176105 -17.268332
v -7.154402 3.114623 -17.256788
v -7.139189 3.116920 -17.255781
v -7.091554 3.190687 -17.266939
v -7.127263 3.202738 -17.269537
v -7.104681 3.245212 -17.275080
v -7.091554 3.242741 -17.274933
v -7.100172 3.301416 -17.284260
v -7.091554 3.302434 -17.284830
v -7.091554 3.353560 -17.293915
v -7.120674 3.353535 -17.294321
v -7.091554 3.440911 -17.308945
v -7.091554 3.117189 -17.255743
v -7.082937 3.301416 -17.284260
v -7.078428 3.245212 -17.275080
v -7.062434 3.353535 -17.294321
v -7.041996 3.440962 -17.309065
v -7.055845 3.202738 -17.269537
v -7.029260 3.385778 -17.303963
v -6.994383 3.401157 -17.311842
v -6.998716 3.442156 -17.313643
v -6.952312 3.403976 -17.321804
v -6.949497 3.441515 -17.323170
v -6.913516 3.393753 -17.332207
v -6.899538 3.437884 -17.338610
v -6.889894 3.379884 -17.338779
v -6.861717 3.430195 -17.354818
v -6.873621 3.365385 -17.342972
v -6.834399 3.407030 -17.364347
v -6.818994 3.373558 -17.366415
v -6.860028 3.347541 -17.346041
v -6.841548 3.301794 -17.347162
v -6.809026 3.307506 -17.360151
v -6.839493 3.250489 -17.339279
v -6.808559 3.244738 -17.350311
v -6.851621 3.209925 -17.326296
v -6.812965 3.189328 -17.340004
v -6.866767 3.187420 -17.315596
v -6.823340 3.148517 -17.328794
v -6.881029 3.173615 -17.306929
v -6.842037 3.119551 -17.314566
v -6.871234 3.105784 -17.298164
v -6.897420 3.162949 -17.298603
v -6.916197 3.105346 -17.280222
v -6.926117 3.152610 -17.286167
v -6.970796 3.152121 -17.273829
v -6.972156 3.108968 -17.264591
v -7.026824 3.176105 -17.268332
v -7.028706 3.114623 -17.256788
v -7.043919 3.116920 -17.255781
v -7.314229 3.103487 -17.295643
v -7.346393 3.109861 -17.228231
v -7.268316 3.102898 -17.277086
v -7.292726 3.109314 -17.208712
v -7.347951 3.113903 -17.221762
v -7.347532 3.117615 -17.220331
v -7.294786 3.112085 -17.201864
v -7.295359 3.114869 -17.199991
v -7.227224 3.111609 -17.193029
v -7.211490 3.106450 -17.261301
v -7.332277 3.187208 -17.225510
v -7.346223 3.202729 -17.234118
v -7.315695 3.174828 -17.216690
v -7.284207 3.162095 -17.203135
v -7.154184 3.112018 -17.253454
v -7.139900 3.114396 -17.252558
v -7.091554 3.113413 -17.181742
v -7.091554 3.116399 -17.172218
v -7.091554 3.119346 -17.169300
v -7.091554 3.197132 -17.179399
v -7.091554 3.252203 -17.188740
v -7.091554 3.314073 -17.200010
v -7.091554 3.368002 -17.208975
v -7.091554 3.114396 -17.252539
v -7.028924 3.112018 -17.253454
v -7.043209 3.114396 -17.252558
v -6.971618 3.106450 -17.261301
v -6.955884 3.111609 -17.193029
v -6.859205 3.432984 -17.353090
v -6.835577 3.117615 -17.220331
v -6.887749 3.114869 -17.199991
v -6.850831 3.187208 -17.225510
v -6.836885 3.202729 -17.234118
v -6.867414 3.174828 -17.216690
v -6.898901 3.162095 -17.203135
v -6.973538 3.405480 -17.227068
v -6.929954 3.411211 -17.237553
v -6.888280 3.401282 -17.248587
v -6.869855 3.451971 -17.262495
v -6.778790 3.186882 -17.570049
v -6.787247 3.181775 -17.620041
v -6.795906 3.264425 -17.629009
v -6.786162 3.270159 -17.579708
v -6.777093 3.192111 -17.517841
v -6.782799 3.275890 -17.528408
v -6.812438 3.258428 -17.675089
v -6.802886 3.176501 -17.666613
v -6.834895 3.252693 -17.717918
v -6.825180 3.171320 -17.710558
v -6.855042 3.166841 -17.752127
v -6.864015 3.247730 -17.758085
v -6.892540 3.163474 -17.790188
v -6.899922 3.243941 -17.794641
v -6.942614 3.240181 -17.823071
v -6.937791 3.160661 -17.822239
v -6.991048 3.236537 -17.842001
v -6.988328 3.157704 -17.845592
v -7.042914 3.234994 -17.852417
v -7.042281 3.156537 -17.859465
v -7.097145 3.235541 -17.855537
v -7.098335 3.156985 -17.863934
v -7.137522 3.236344 -17.851650
v -7.140146 3.157960 -17.858936
v -7.188694 3.239071 -17.840635
v -7.193529 3.160463 -17.844677
v -7.236668 3.244028 -17.822069
v -7.244325 3.164972 -17.821918
v -7.280761 3.249372 -17.794140
v -7.291951 3.169353 -17.790184
v -7.318226 3.254418 -17.757870
v -7.331858 3.173868 -17.752127
v -7.348076 3.260220 -17.717428
v -7.362712 3.179167 -17.710207
v -7.369928 3.266575 -17.674427
v -7.384393 3.185000 -17.666056
v -7.384882 3.272879 -17.628300
v -7.397961 3.190581 -17.619413
v -7.392658 3.278725 -17.578978
v -7.403708 3.195634 -17.569483
v -7.394805 3.284456 -17.527672
v -7.403080 3.200732 -17.517242
v -7.392213 3.290265 -17.475836
v -7.398281 3.206184 -17.464584
v -7.384668 3.295922 -17.424908
v -7.389711 3.211740 -17.413383
v -7.372169 3.300831 -17.376286
v -7.376265 3.216693 -17.364655
v -7.363551 3.219615 -17.332018
v -7.360361 3.303829 -17.343718
v -6.804005 3.209676 -17.365780
v -6.789839 3.203394 -17.413996
v -6.792809 3.287560 -17.425611
v -6.805135 3.292860 -17.376959
v -6.815769 3.211989 -17.332609
v -6.816761 3.296213 -17.344347
v -6.785327 3.281717 -17.476549
v -6.781461 3.197653 -17.465162
v -6.779970 3.263603 -17.634594
v -6.769919 3.269618 -17.582722
v -6.766444 3.275688 -17.528791
v -6.797241 3.257295 -17.682987
v -6.820908 3.251167 -17.727674
v -6.851522 3.245797 -17.769464
v -6.889439 3.241746 -17.807810
v -6.934620 3.237842 -17.837921
v -6.985391 3.234056 -17.858238
v -7.039788 3.232437 -17.869387
v -7.097548 3.232936 -17.872700
v -7.140790 3.233826 -17.868629
v -7.194450 3.236706 -17.856916
v -7.244700 3.241893 -17.836977
v -7.291234 3.247436 -17.807367
v -7.330812 3.252776 -17.769228
v -7.362213 3.259032 -17.727140
v -7.385266 3.265804 -17.682302
v -7.400888 3.272437 -17.633863
v -7.408879 3.278572 -17.581989
v -7.411138 3.284655 -17.528055
v -7.408412 3.290856 -17.473518
v -7.400911 3.296882 -17.420088
v -7.387589 3.302028 -17.369028
v -7.374946 3.305183 -17.334843
v -7.413749 3.190501 -17.624985
v -7.399356 3.184594 -17.673841
v -7.419122 3.201311 -17.517595
v -7.419679 3.195874 -17.572443
v -7.405800 3.213119 -17.408623
v -7.414287 3.207176 -17.462271
v -7.377922 3.221478 -17.323198
v -7.391474 3.218306 -17.357460
v -7.376629 3.178341 -17.719732
v -7.344169 3.172565 -17.763260
v -7.302143 3.167669 -17.803097
v -7.252060 3.163017 -17.836529
v -7.199161 3.158210 -17.860935
v -7.143247 3.155416 -17.876162
v -7.098735 3.154332 -17.881441
v -7.039320 3.153944 -17.876657
v -6.982786 3.155304 -17.861778
v -6.930015 3.158485 -17.836782
v -6.882287 3.161535 -17.803070
v -6.842761 3.165237 -17.763294
v -6.811359 3.170146 -17.720139
v -6.787992 3.175708 -17.674450
v -6.771506 3.181292 -17.625637
v -6.762757 3.186735 -17.573019
v -6.760982 3.192293 -17.518190
v -6.769113 3.281900 -17.474222
v -6.776508 3.288117 -17.420792
v -6.789647 3.293667 -17.369711
v -6.802108 3.297189 -17.335484
v -6.773679 3.204360 -17.409237
v -6.787903 3.209942 -17.358086
v -6.801349 3.213464 -17.323803
v -6.765426 3.198236 -17.462849
v -6.802744 3.208249 -17.365005
vn 0.2110 0.5899 -0.7794
vn 0.2110 -0.5899 -0.7794
vn -0.9652 -0.0000 -0.2613
vn -0.7954 -0.5666 -0.2153
vn -0.7954 0.5666 -0.2153
vn -0.2109 -0.5899 -0.7794
vn 0.9653 -0.0000 -0.2613
vn 0.7954 -0.5666 -0.2153
vn -0.2109 0.5899 -0.7794
vn 0.7954 0.5666 -0.2153
vn -0.4859 0.0004 0.8740
vn -0.5664 -0.0033 0.8241
vn -0.7803 -0.5894 0.2092
vn -0.3473 -0.6981 0.6261
vn -0.0214 -0.6103 -0.7919
vn 0.3382 -0.7162 -0.6105
vn -0.3483 0.6977 0.6260
vn -0.4067 0.6956 0.5922
vn 0.3394 0.7165 -0.6094
vn 0.3935 0.7190 -0.5729
vn -0.0456 -0.9975 0.0543
vn 0.0781 -0.9925 -0.0938
vn -0.4645 0.6961 0.5475
vn -0.6473 0.0002 0.7623
vn -0.7243 -0.0000 0.6895
vn -0.5210 0.6946 0.4960
vn 0.4499 0.7185 -0.5304
vn 0.5026 0.7201 -0.4784
vn -0.5211 -0.6946 0.4960
vn -0.4652 -0.6963 0.5466
vn 0.5026 -0.7201 -0.4784
vn 0.4503 -0.7187 -0.5298
vn -0.5614 0.6990 0.4429
vn -0.7850 -0.0000 0.6195
vn 0.5486 0.7153 -0.4328
vn -0.5613 -0.6991 0.4429
vn 0.5486 -0.7154 -0.4328
vn 0.0077 -0.5991 0.8006
vn 0.7751 -0.6003 -0.1972
vn 0.5661 -0.0022 -0.8243
vn 0.2809 -0.7185 -0.6363
vn 0.2809 0.7185 -0.6363
vn 0.2217 0.7168 -0.6612
vn 0.2224 -0.7163 -0.6614
vn 0.2260 -0.0024 -0.9741
vn 0.6251 -0.6046 -0.4936
vn 0.1569 0.7193 -0.6767
vn 0.0283 -0.9924 -0.1201
vn -0.3421 -0.6049 -0.7190
vn 0.0938 0.7161 -0.6916
vn 0.0918 -0.7156 -0.6925
vn 0.0018 -0.7285 -0.6850
vn 0.0018 0.7285 -0.6850
vn -0.0916 -0.7162 -0.6919
vn -0.0919 0.7168 -0.6912
vn -0.2259 -0.0021 -0.9741
vn -0.1570 0.7193 -0.6768
vn -0.2217 0.7168 -0.6611
vn -0.2226 -0.7170 -0.6606
vn -0.2809 0.7185 -0.6363
vn -0.2809 -0.7185 -0.6363
vn -0.3387 -0.7163 -0.6101
vn -0.3391 0.7167 -0.6094
vn -0.5661 -0.0022 -0.8243
vn 0.0201 -0.6103 -0.7919
vn -0.3935 0.7190 -0.5729
vn -0.0780 -0.9925 -0.0938
vn -0.4499 0.7185 -0.5304
vn -0.7760 -0.5991 -0.1975
vn -0.4508 -0.7181 -0.5301
vn -0.5026 -0.7201 -0.4784
vn -0.5026 0.7201 -0.4784
vn -0.5486 0.7153 -0.4329
vn -0.5486 -0.7153 -0.4329
vn 0.5658 -0.0033 0.8245
vn 0.4862 -0.0000 0.8738
vn 0.3473 -0.6979 0.6263
vn 0.7801 -0.5895 0.2095
vn 0.4067 0.6956 0.5922
vn 0.3483 0.6977 0.6260
vn 0.0457 -0.9975 0.0543
vn 0.2899 0.6961 0.6568
vn 0.2899 -0.6961 0.6568
vn 0.4038 -0.0000 0.9148
vn 0.2278 0.6977 0.6792
vn 0.1624 0.6953 0.7001
vn 0.2259 -0.0035 0.9741
vn 0.3183 0.0004 0.9480
vn -0.3341 -0.5940 0.7318
vn 0.2287 -0.6981 0.6785
vn -0.6261 -0.6044 -0.4927
vn -0.0283 -0.9923 -0.1202
vn 0.0165 -0.9974 0.0700
vn 0.3421 -0.6054 -0.7187
vn 0.6240 -0.5938 0.5079
vn 0.0945 0.6977 0.7101
vn -0.0019 0.6869 0.7268
vn -0.0963 0.6983 0.7093
vn -0.1341 0.0002 0.9910
vn -0.0026 -0.0000 1.0000
vn -0.0951 -0.6985 0.7093
vn -0.0019 -0.6869 0.7268
vn 0.1315 0.0004 0.9913
vn 0.0932 -0.6981 0.7099
vn -0.1624 0.6953 0.7001
vn -0.2259 -0.0035 0.9741
vn -0.3179 -0.0000 0.9481
vn -0.2278 0.6977 0.6792
vn -0.2282 -0.6980 0.6787
vn 0.3331 -0.5940 0.7322
vn -0.0165 -0.9974 0.0700
vn -0.2900 0.6961 0.6568
vn -0.4039 -0.0000 0.9148
vn -0.2900 -0.6961 0.6568
vn -0.6241 -0.5937 0.5080
vn 0.5211 0.6946 0.4960
vn 0.4645 0.6961 0.5475
vn 0.6472 0.0004 0.7623
vn 0.7243 -0.0000 0.6895
vn 0.4651 -0.6965 0.5464
vn 0.5211 -0.6946 0.4960
vn -0.0076 -0.5992 0.8005
vn 0.5613 0.6991 0.4429
vn 0.7850 -0.0000 0.6195
vn 0.5613 -0.6991 0.4429
vn -0.9653 -0.0000 -0.2613
vn -0.7954 -0.5665 -0.2153
vn -0.4859 -0.0004 0.8740
vn -0.3473 0.6981 0.6261
vn -0.7803 0.5894 0.2093
vn -0.5664 0.0033 0.8241
vn -0.0214 0.6108 -0.7915
vn 0.3376 0.7166 -0.6103
vn -0.3483 -0.6977 0.6260
vn -0.4067 -0.6956 0.5922
vn 0.3391 -0.7167 -0.6093
vn 0.3935 -0.7190 -0.5729
vn -0.0456 0.9975 0.0543
vn 0.0780 0.9925 -0.0937
vn -0.4645 -0.6961 0.5475
vn -0.6474 -0.0003 0.7621
vn 0.4499 -0.7185 -0.5304
vn -0.5211 0.6946 0.4960
vn -0.4652 0.6963 0.5466
vn 0.4515 0.7183 -0.5293
vn -0.5613 -0.6991 0.4430
vn 0.5486 -0.7153 -0.4329
vn -0.5613 0.6991 0.4430
vn 0.5486 0.7154 -0.4328
vn 0.0076 0.5991 0.8006
vn 0.7758 0.5996 -0.1964
vn 0.5661 0.0022 -0.8243
vn 0.2221 -0.7169 -0.6609
vn 0.2224 0.7168 -0.6609
vn 0.2261 0.0024 -0.9741
vn 0.6252 0.6048 -0.4932
vn 0.1570 -0.7193 -0.6767
vn 0.0283 0.9924 -0.1201
vn -0.3416 0.6047 -0.7195
vn 0.0938 -0.7161 -0.6916
vn 0.0924 0.7153 -0.6927
vn -0.0904 0.7168 -0.6914
vn -0.0919 -0.7168 -0.6912
vn -0.2259 0.0021 -0.9741
vn -0.1570 -0.7193 -0.6767
vn -0.2217 -0.7168 -0.6611
vn -0.2233 0.7160 -0.6614
vn -0.3378 0.7169 -0.6098
vn -0.3391 -0.7167 -0.6093
vn -0.5661 0.0022 -0.8243
vn 0.0205 0.6111 -0.7913
vn -0.3935 -0.7190 -0.5729
vn -0.0780 0.9925 -0.0937
vn -0.4499 -0.7185 -0.5304
vn -0.7760 0.5991 -0.1973
vn -0.4514 0.7180 -0.5299
vn 0.5658 0.0033 0.8245
vn 0.7801 0.5895 0.2095
vn 0.3473 0.6979 0.6263
vn 0.4067 -0.6956 0.5922
vn 0.3483 -0.6977 0.6260
vn 0.0456 0.9975 0.0544
vn 0.2900 -0.6961 0.6568
vn 0.2900 0.6961 0.6568
vn 0.4039 -0.0000 0.9148
vn 0.2277 -0.6977 0.6792
vn 0.1624 -0.6953 0.7001
vn 0.2259 0.0033 0.9741
vn 0.3183 -0.0004 0.9480
vn -0.3335 0.5945 0.7317
vn 0.2287 0.6981 0.6785
vn -0.6255 0.6051 -0.4925
vn -0.0283 0.9924 -0.1201
vn 0.0165 0.9974 0.0700
vn 0.3424 0.6046 -0.7192
vn 0.6237 0.5941 0.5080
vn 0.0945 -0.6977 0.7101
vn -0.0963 -0.6983 0.7093
vn -0.1345 -0.0000 0.9909
vn -0.0951 0.6985 0.7093
vn 0.1315 -0.0004 0.9913
vn 0.0928 0.6982 0.7098
vn -0.1624 -0.6953 0.7001
vn -0.2259 0.0035 0.9741
vn -0.3183 -0.0002 0.9480
vn -0.2278 -0.6977 0.6792
vn -0.2287 0.6979 0.6787
vn 0.3341 0.5941 0.7317
vn -0.0165 0.9974 0.0700
vn -0.6241 0.5937 0.5079
vn 0.6472 -0.0004 0.7623
vn 0.4645 -0.6961 0.5475
vn 0.4650 0.6964 0.5466
vn -0.0077 0.5992 0.8006
vn 0.9410 0.2805 0.1891
vn 0.7135 0.6854 0.1457
vn 0.4166 0.9041 0.0948
vn 0.3614 0.8129 0.4567
vn -0.1047 0.8879 0.4479
vn -0.2672 0.9624 0.0482
vn 0.2625 0.3364 0.9044
vn -0.0088 0.4507 0.8926
vn 0.0100 0.9156 0.4020
vn 0.0063 1.0000 0.0048
vn -0.0376 -0.7387 0.6730
vn 0.3091 -0.6911 0.6534
vn 0.6574 -0.6743 0.3364
vn 0.7977 -0.5891 0.1287
vn -0.0245 -0.9978 0.0623
vn 0.1389 -0.9889 0.0535
vn -0.2255 0.9422 -0.2477
vn 0.3453 0.8896 -0.2990
vn 0.4968 0.8162 -0.2951
vn -0.0168 0.9815 -0.1909
vn 0.9304 -0.0871 0.3560
vn -0.0357 0.8847 -0.4649
vn -0.2521 0.7864 0.5640
vn -0.2008 0.8732 -0.4441
vn 0.2184 0.9395 -0.2639
vn 0.2604 0.9642 0.0500
vn 0.1159 0.8915 0.4379
vn -0.4182 0.9034 0.0948
vn -0.3637 0.8150 0.4511
vn -0.5523 0.6432 0.5304
vn -0.7924 0.3013 0.5304
vn -0.2258 0.3885 0.8933
vn -0.4138 -0.6284 0.6587
vn -0.7278 -0.5880 0.3530
vn -0.8511 -0.5070 0.1361
vn -0.2015 -0.9772 0.0664
vn -0.7575 0.5044 0.4144
vn -0.2587 0.9393 -0.2254
vn -0.6415 0.7642 0.0664
vn 0.2789 0.6593 0.6983
vn 0.7003 0.6908 -0.1802
vn 0.5580 -0.2963 0.7751
vn 0.5947 -0.2479 0.7648
vn 0.2824 -0.6328 0.7210
vn 0.3746 -0.4773 -0.7949
vn 0.3003 -0.6731 -0.6758
vn 0.5885 -0.6126 -0.5276
vn 0.6684 -0.3927 -0.6317
vn 0.0142 -0.5001 -0.8658
vn -0.0691 -0.6648 -0.7439
vn 0.8625 -0.3691 -0.3461
vn 0.8850 -0.2670 -0.3815
vn 0.9521 -0.2418 -0.1873
vn 0.9453 -0.2195 -0.2413
vn -0.3520 -0.4707 -0.8090
vn -0.3783 -0.5965 -0.7079
vn -0.6589 -0.4130 -0.6287
vn -0.6683 -0.5048 -0.5464
vn -0.9109 -0.3125 -0.2694
vn -0.9132 -0.3320 -0.2362
vn -0.9919 -0.1231 -0.0314
vn -0.9754 -0.2105 -0.0657
vn 0.4587 -0.6840 0.5672
vn 0.2453 -0.8503 -0.4657
vn -0.0203 -0.9095 -0.4153
vn 0.0157 -0.9283 -0.3715
vn -0.1917 -0.9376 -0.2900
vn -0.6194 -0.7804 -0.0856
vn -0.8750 -0.4770 -0.0822
vn -0.8919 -0.3611 0.2724
vn -0.3464 -0.8992 -0.2673
vn -0.9791 -0.1710 0.1104
vn -0.8906 -0.4080 -0.2009
vn -0.8348 -0.5422 -0.0957
vn -0.9211 -0.3393 0.1909
vn -0.6926 -0.7199 0.0456
vn -0.7975 -0.5448 0.2593
vn -0.5088 -0.8004 0.3170
vn -0.3856 -0.9129 0.1337
vn -0.2928 -0.9469 -0.1326
vn -0.5068 -0.8230 -0.2565
vn -0.5892 -0.6739 -0.4458
vn -0.2083 -0.8730 -0.4411
vn -0.2502 -0.7389 -0.6256
vn -0.0213 -0.9770 -0.2122
vn 0.0211 -0.8826 -0.4697
vn 0.2223 -0.8665 -0.4470
vn 0.2931 -0.7397 -0.6058
vn 0.0421 -0.7526 -0.6572
vn 0.2316 -0.9532 -0.1943
vn 0.4437 -0.8396 -0.3132
vn 0.5482 -0.6937 -0.4672
vn 0.7665 -0.6040 -0.2182
vn 0.6011 -0.7950 -0.0814
vn 0.2527 -0.9661 0.0532
vn 0.2638 -0.9495 0.1697
vn 0.5336 -0.8143 0.2283
vn 0.7330 -0.6566 0.1777
vn -0.0249 -0.9640 0.2648
vn -0.0692 -0.9933 0.0929
vn 0.8452 -0.4375 -0.3071
vn 0.6244 -0.5358 -0.5683
vn 0.3504 -0.5915 -0.7262
vn 0.0459 -0.6069 -0.7934
vn 0.9057 -0.3962 -0.1506
vn -0.2949 -0.5837 -0.7566
vn -0.6387 -0.5199 -0.5673
vn 0.6505 0.0168 0.7593
vn 0.9179 -0.0959 0.3850
vn 0.9232 0.2694 0.2740
vn 0.6232 0.5269 0.5779
vn 0.2792 0.0933 0.9557
vn 0.3019 0.5350 0.7891
vn -0.1122 0.1113 0.9874
vn -0.0547 0.5006 0.8640
vn -0.4570 0.0837 0.8855
vn -0.4263 0.4087 0.8070
vn -0.7493 0.0095 0.6622
vn -0.7430 0.2510 0.6205
vn -0.9209 -0.0919 0.3787
vn -0.9303 0.0489 0.3635
vn 0.6016 0.7986 0.0175
vn 0.1400 0.9468 0.2899
vn 0.7976 0.5971 -0.0856
vn 0.9044 0.1760 -0.3887
vn -0.0795 0.8433 0.5316
vn -0.6808 0.5959 0.4260
vn -0.8745 0.2927 0.3867
vn -0.8878 -0.2179 0.4053
vn -0.8250 -0.3621 0.4339
vn -0.6646 -0.2950 0.6865
vn -0.5891 -0.4860 0.6455
vn -0.3405 -0.4449 0.8283
vn -0.3866 -0.6641 0.6399
vn -0.1154 -0.6747 0.7290
vn -0.0951 -0.4455 0.8902
vn 0.1414 -0.4552 0.8791
vn 0.1715 -0.6871 0.7060
vn 0.4114 -0.5218 0.7473
vn 0.5972 -0.6265 0.5008
vn 0.2325 -0.8344 0.4997
vn 0.7706 -0.4085 0.4892
vn 0.5207 -0.3349 0.7853
vn 0.2089 -0.2839 0.9358
vn -0.0914 -0.2502 0.9639
vn -0.3879 -0.2492 0.8874
vn -0.1255 -0.8521 0.5081
vn -0.4395 -0.7681 0.4657
vn -0.7112 -0.5496 0.4383
vn -0.4254 -0.0784 0.9016
vn -0.0936 -0.0619 0.9937
vn 0.2623 -0.0900 0.9608
vn 0.6116 -0.1480 0.7772
vn 0.8652 -0.2350 0.4430
vn -0.7157 -0.1369 0.6849
vn 0.1498 -0.9788 -0.1399
vn 0.1250 -0.9834 -0.1318
vn -0.0455 -0.9975 -0.0542
vn 0.1310 -0.9914 -0.0056
vn 0.0014 -0.9920 0.1263
vn -0.2872 -0.9573 0.0319
vn -0.5788 -0.8142 0.0448
vn -0.8371 -0.5463 0.0280
vn -0.9250 -0.2910 0.2444
vn -0.8713 -0.0505 0.4881
vn -0.7144 0.2005 0.6704
vn -0.3881 0.3827 0.8384
vn -0.0228 0.3314 0.9432
vn 0.3819 0.3063 0.8720
vn 0.2956 0.4422 0.8468
vn -0.2905 -0.9277 0.2344
vn -0.2843 -0.7439 0.6048
vn -0.4135 -0.5181 0.7487
vn -0.1612 -0.9114 0.3787
vn -0.5625 -0.2069 0.8005
vn -0.7060 -0.0922 0.7021
vn -0.8409 -0.1619 0.5163
vn -0.8961 -0.3381 0.2876
vn -0.8191 -0.5683 0.0776
vn -0.5876 -0.8084 -0.0341
vn -0.3105 -0.9440 -0.1117
vn -0.0018 -0.9773 -0.2119
vn 0.1342 -0.9411 -0.3105
vn 0.0923 -0.9718 -0.2172
vn 0.0634 -0.9967 -0.0508
vn -0.0508 -0.9945 0.0916
vn -0.8154 -0.5685 0.1088
vn -0.5820 -0.8054 -0.1124
vn -0.2925 -0.9200 -0.2608
vn 0.0258 -0.9235 -0.3828
vn -0.0113 -0.9919 -0.1265
vn -0.0537 -0.9971 0.0534
vn 0.0243 -0.9391 -0.3427
vn 0.0906 -0.8762 -0.4734
vn 0.1199 -0.8518 -0.5099
vn 0.1573 -0.7791 -0.6068
vn -0.0337 -0.7563 -0.6533
vn 0.0686 -0.6769 -0.7328
vn -0.0754 -0.5256 -0.8474
vn -0.0034 -0.4434 -0.8963
vn -0.1028 -0.3492 -0.9314
vn -0.0270 -0.2803 -0.9595
vn 0.1261 -0.4199 -0.8988
vn 0.1053 -0.2582 -0.9603
vn -0.3099 -0.4337 -0.8461
vn -0.3027 -0.5962 -0.7436
vn -0.6181 -0.3964 -0.6788
vn -0.6175 -0.5309 -0.5804
vn -0.8781 -0.2482 -0.4091
vn -0.8870 -0.3263 -0.3268
vn -0.9850 -0.0792 -0.1533
vn -0.9905 -0.1361 -0.0220
vn -0.9975 0.0255 0.0655
vn -0.9585 -0.1044 0.2652
vn -0.9367 -0.0570 0.3455
vn -0.8728 -0.1920 0.4488
vn -0.8407 -0.2943 0.4545
vn -0.7415 -0.5009 0.4464
vn -0.7230 -0.4325 0.5387
vn -0.6418 -0.6134 0.4602
vn -0.5200 -0.5340 0.6667
vn -0.4980 -0.6193 0.6070
vn -0.3266 -0.5351 0.7791
vn -0.3188 -0.6491 0.6906
vn -0.1715 -0.6545 0.7364
vn -0.1695 -0.5138 0.8410
vn -0.0427 -0.6352 0.7712
vn 0.0069 -0.4884 0.8726
vn -0.6231 -0.5656 0.5402
vn -0.5069 -0.6025 0.6164
vn -0.3307 -0.6284 0.7040
vn -0.8283 -0.1375 0.5431
vn -0.7166 -0.4186 0.5579
vn -0.9113 -0.1334 0.3895
vn -0.9520 -0.2442 0.1848
vn -0.8868 -0.4467 -0.1187
vn -0.6328 -0.6621 -0.4014
vn -0.3126 -0.7717 -0.5539
vn -0.7623 -0.0900 0.6409
vn -0.6640 -0.2760 0.6949
vn -0.5744 -0.5513 0.6051
vn -0.8748 -0.1488 0.4611
vn -0.9023 -0.3221 0.2864
vn -0.5000 -0.7190 0.4827
vn -0.3608 -0.7408 0.5666
vn -0.1925 -0.7526 0.6297
vn -0.2103 -0.8690 0.4479
vn -0.3803 -0.7962 0.4706
vn -0.4203 -0.7575 0.4995
vn -0.1103 -0.9537 0.2797
vn -0.0285 -0.9752 0.2197
vn -0.0571 -0.9875 0.1472
vn -0.0913 -0.8913 0.4441
vn -0.0628 -0.7776 0.6256
vn -0.1451 -0.9832 0.1105
vn -0.0935 -0.9443 0.3155
vn -0.1069 -0.9920 0.0672
vn -0.0066 -0.8826 0.4700
vn 0.1320 -0.8619 0.4896
vn 0.0901 -0.8838 0.4591
vn 0.2662 -0.7996 0.5383
vn 0.3084 -0.7776 0.5479
vn 0.2265 -0.7317 0.6428
vn 0.0741 -0.7781 0.6238
vn 0.1120 -0.6667 0.7369
vn -0.0628 -0.6561 0.7521
vn 0.1458 -0.5983 0.7879
vn 0.3454 -0.5515 0.7593
vn 0.3991 -0.3910 0.8294
vn 0.1983 -0.4483 0.8716
vn -0.1697 -0.6346 0.7540
vn 0.4930 -0.4789 0.7264
vn 0.5508 -0.3442 0.7604
vn 0.5623 -0.4174 0.7138
vn 0.6364 -0.2885 0.7154
vn 0.6698 -0.3974 0.6272
vn 0.7433 -0.2171 0.6327
vn 0.8656 -0.3472 0.3608
vn 0.9199 -0.1439 0.3647
vn 0.9693 -0.2460 0.0066
vn 0.9986 -0.0500 0.0181
vn 0.9833 -0.1180 -0.1387
vn 0.9906 -0.1029 -0.0904
vn 0.4989 -0.5119 0.6993
vn 0.4263 -0.5534 0.7156
vn 0.2978 -0.6084 0.7357
vn 0.7963 -0.4639 0.3881
vn 0.6036 -0.4975 0.6230
vn 0.9485 -0.1274 -0.2900
vn 0.9290 -0.3675 0.0442
vn 0.4279 -0.6452 0.6329
vn 0.3557 -0.6731 0.6484
vn 0.7293 -0.5675 0.3821
vn 0.5383 -0.6177 0.5733
vn 0.6322 -0.7086 0.3135
vn 0.4558 -0.7388 0.4964
vn 0.7688 -0.6389 0.0277
vn 0.8756 -0.4806 0.0476
vn 0.8442 -0.5163 -0.1441
vn 0.9088 -0.3879 -0.1535
vn 0.6505 -0.6305 0.4235
vn 0.4570 -0.6625 0.5935
vn 0.2457 -0.7034 0.6670
vn 0.0192 -0.8052 0.5927
vn -0.2635 -0.8720 0.4125
vn -0.3927 -0.9003 0.1879
vn -0.4906 -0.8673 0.0842
vn -0.5225 -0.6890 0.5022
vn -0.7725 -0.5985 0.2121
vn -0.8673 -0.4565 0.1983
vn 0.2041 -0.5763 0.7914
vn -0.1393 -0.7076 0.6928
vn 0.6969 -0.4572 0.5525
vn 0.4989 -0.5064 0.7033
vn 0.8713 -0.4621 0.1652
vn 0.8161 -0.5690 0.1013
vn 0.9061 -0.4207 -0.0449
vn 0.9948 -0.0703 -0.0743
vn 0.1609 -0.6230 -0.7655
vn 0.3286 -0.4163 -0.8478
vn 0.3251 -0.2716 -0.9058
vn 0.5132 -0.2682 -0.8153
vn 0.4840 -0.3746 -0.7908
vn 0.6711 -0.2464 -0.6993
vn 0.6230 -0.3156 -0.7157
vn 0.7907 -0.2108 -0.5747
vn 0.7388 -0.2574 -0.6228
vn 0.8813 -0.1205 -0.4570
vn 0.8265 -0.2086 -0.5228
vn 0.2767 -0.5368 -0.7971
vn 0.4043 -0.4028 -0.8212
vn 0.7175 -0.2260 -0.6589
vn 0.8311 -0.2082 -0.5157
vn 0.5584 -0.2864 -0.7786
vn 0.2217 -0.6672 -0.7111
vn 0.3154 -0.4771 -0.8203
vn 0.7009 -0.2509 -0.6677
vn 0.8356 -0.2550 -0.4866
vn 0.6527 -0.3790 -0.6560
vn 0.7777 -0.4163 -0.4710
vn 0.4498 -0.4166 -0.7900
vn 0.4951 -0.3337 -0.8022
vn 0.2113 -0.5450 -0.8114
vn 0.0952 -0.7331 -0.6735
vn -0.0246 -0.8792 -0.4758
vn -0.0588 -0.9757 -0.2111
vn -0.1921 -0.8155 -0.5459
vn -0.3545 -0.2537 -0.9000
vn 0.1535 -0.4760 -0.8660
vn 0.4436 -0.4376 -0.7821
vn 0.6621 -0.3194 -0.6780
vn 0.8031 -0.3677 -0.4688
vn -0.4790 -0.8532 -0.2062
vn -0.2831 0.5526 -0.7839
vn -0.3969 0.2424 -0.8853
vn 0.4054 -0.0820 -0.9105
vn -0.9119 0.1817 -0.3680
vn 0.8482 -0.1863 -0.4958
vn 0.7108 0.0097 -0.7033
vn 0.6492 -0.2336 -0.7239
vn -0.4048 0.0631 -0.9122
vn -0.7340 -0.0393 -0.6780
vn -0.7190 0.2194 -0.6595
vn -0.3865 0.2494 -0.8879
vn -0.0063 0.1193 -0.9928
vn 0.0433 0.2111 -0.9765
vn -0.9398 0.0468 -0.3384
vn -0.9295 -0.1606 -0.3320
vn -0.9612 -0.2286 -0.1544
vn -0.9846 -0.1727 0.0276
vn 0.3595 0.1209 -0.9253
vn 0.4177 0.1519 -0.8958
vn 0.6516 0.0909 -0.7531
vn 0.6847 0.0540 -0.7268
vn 0.8689 0.0211 -0.4945
vn 0.8744 -0.0423 -0.4834
vn 0.9293 -0.0517 -0.3657
vn 0.9139 -0.3249 -0.2434
vn -0.7459 -0.4133 0.5223
vn -0.6759 -0.5505 0.4901
vn -0.8888 -0.4157 0.1929
vn -0.9148 -0.3349 0.2256
vn -0.4159 -0.4778 0.7738
vn -0.3189 -0.5959 0.7370
vn -0.0365 -0.4880 0.8721
vn 0.0729 -0.5468 0.8341
vn 0.3282 -0.4516 0.8297
vn 0.4054 -0.4656 0.7867
vn 0.6608 -0.3758 0.6497
vn 0.6924 -0.3682 0.6205
vn 0.9405 -0.2355 0.2451
vn 0.9360 -0.2371 0.2602
vn 0.8981 -0.3806 0.2203
vn 0.9858 -0.0476 -0.1613
vn 0.8075 -0.5774 0.1206
vn 0.5445 -0.7099 0.4467
vn 0.3698 -0.9085 0.1944
vn 0.1023 -0.9416 0.3209
vn 0.1063 -0.9940 0.0241
vn -0.1547 -0.9867 0.0506
vn -0.1470 -0.9281 0.3420
vn -0.3885 -0.8802 0.2727
vn -0.3842 -0.9223 0.0426
vn -0.5892 -0.7916 0.1619
vn -0.6754 -0.7334 0.0767
vn -0.4039 -0.9147 -0.0154
vn -0.4194 -0.9076 -0.0162
vn -0.6652 -0.7440 -0.0632
vn -0.8312 -0.5521 -0.0653
vn -0.8344 -0.5273 0.1602
vn -0.6863 -0.6460 0.3341
vn -0.4415 -0.7300 0.5217
vn -0.1245 -0.7703 0.6255
vn 0.2186 -0.7647 0.6062
vn -0.1538 -0.9844 -0.0850
vn -0.1438 -0.9878 -0.0593
vn 0.1714 -0.9804 -0.0969
vn 0.2534 -0.9606 -0.1144
vn 0.5734 -0.8187 -0.0303
vn 0.6613 -0.7395 -0.1260
vn 0.8699 -0.4852 -0.0884
vn -0.4433 -0.5759 0.6869
vn -0.7369 -0.4971 0.4582
vn -0.9007 -0.3837 0.2038
vn -0.9167 -0.3966 0.0490
vn -0.0980 -0.6064 0.7891
vn 0.2794 -0.5774 0.7672
vn 0.6204 -0.5039 0.6010
vn -0.1654 -0.3623 0.9173
vn -0.3299 -0.3631 0.8714
vn 0.0251 -0.3543 0.9348
vn -0.5599 -0.3435 0.7540
vn -0.7758 -0.2171 0.5925
vn -0.8973 -0.0881 0.4325
vn -0.9687 0.1094 0.2228
vn -0.9949 0.1009 -0.0019
vn -0.9806 -0.0056 -0.1960
vn -0.8469 -0.0764 -0.5263
vn -0.6218 -0.1588 -0.7669
vn -0.3365 -0.2216 -0.9152
vn -0.1598 -0.1818 -0.9703
vn -0.0348 -0.1506 -0.9880
vn 0.0904 -0.1118 -0.9896
vn 0.2982 -0.1033 -0.9489
vn 0.5237 -0.1193 -0.8435
vn 0.7146 -0.1278 -0.6878
vn 0.8507 -0.1213 -0.5115
vn 0.9320 -0.0357 -0.3607
vn 0.9700 -0.1094 -0.2171
vn 0.0976 0.0334 -0.9947
vn -0.0556 -0.0039 -0.9984
vn 0.1074 0.1627 -0.9808
vn -0.0623 0.1300 -0.9895
vn 0.1243 0.2670 -0.9556
vn -0.0626 0.2328 -0.9705
vn -0.2635 0.1053 -0.9589
vn -0.3149 0.2080 -0.9261
vn -0.4839 0.1202 -0.8668
vn -0.3938 -0.0459 -0.9181
vn -0.1924 -0.0466 -0.9802
vn -0.6322 0.0087 -0.7747
vn -0.8049 0.0717 -0.5891
vn -0.9472 0.1251 -0.2951
vn -0.9839 0.1768 -0.0242
vn -0.9626 0.2134 0.1668
vn -0.9194 0.0320 0.3921
vn -0.9206 0.1373 0.3655
vn -0.7942 0.0200 0.6074
vn -0.7480 0.2309 0.6222
vn -0.8953 0.2504 0.3684
vn -0.9573 0.2377 0.1647
vn -0.9475 0.2728 0.1667
vn -0.9600 0.2752 -0.0524
vn -0.8888 0.4448 -0.1105
vn -0.5043 0.2447 0.8281
vn -0.5574 0.0111 0.8302
vn -0.2791 0.2470 0.9279
vn -0.3112 0.0167 0.9502
vn -0.0986 0.2494 0.9634
vn -0.1322 0.0548 0.9897
vn 0.0724 0.1032 0.9920
vn 0.0786 0.2506 0.9649
vn -0.8009 -0.1390 0.5824
vn -0.5732 -0.2053 0.7932
vn -0.3353 -0.2298 0.9137
vn -0.1674 -0.2209 0.9608
vn 0.0356 -0.1958 0.9800
vn 0.2216 0.2311 0.9474
vn 0.2497 0.1048 0.9626
vn 0.3351 0.2255 0.9148
vn 0.3640 0.1011 0.9259
vn 0.5319 0.0943 0.8415
vn 0.5169 0.2474 0.8195
vn 0.7034 0.1258 0.6996
vn 0.6973 0.3009 0.6505
vn 0.8182 0.2178 0.5321
vn 0.7937 0.4179 0.4419
vn 0.8941 0.3264 0.3066
vn 0.8348 0.4434 0.3262
vn 0.9421 0.3200 0.1000
vn 0.8294 0.5348 0.1617
vn 0.8136 -0.0494 0.5793
vn 0.6983 -0.1151 0.7065
vn 0.9459 0.1085 0.3059
vn 0.9412 -0.0441 0.3348
vn 0.7839 -0.1486 0.6029
vn 0.9983 0.0513 0.0258
vn 0.6708 -0.2297 0.7052
vn 0.5586 -0.2635 0.7864
vn 0.4090 -0.2686 0.8721
vn 0.2316 -0.3123 0.9213
vn 0.9902 0.1371 0.0283
vn 0.9965 0.0817 -0.0149
vn 0.9658 0.2429 0.0910
vn 0.3995 -0.1377 0.9063
vn 0.2575 -0.1631 0.9524
vn 0.5525 -0.1437 0.8210
vn 0.9168 0.2563 0.3061
vn 0.6383 -0.3566 0.6822
vn 0.2798 0.9590 -0.0459
vn 0.7978 0.5843 0.1487
vn 0.8021 0.5972 0.0066
vn 0.7619 0.5479 0.3454
vn 0.7389 0.6140 0.2777
vn 0.8259 0.5571 -0.0865
vn 0.6020 0.5932 0.5345
vn 0.6783 0.4760 0.5598
vn 0.7656 0.5584 0.3195
vn 0.9342 0.3399 0.1081
vn 0.5851 0.6144 0.5292
vn -0.0723 0.1930 -0.9785
vn 0.9074 -0.0770 0.4132
vn 0.1476 0.4270 0.8921
vn 0.2319 0.0996 0.9676
vn -0.1120 0.6070 0.7868
vn 0.3521 0.5350 0.7680
vn 0.6824 0.3070 0.6634
vn 0.5450 0.6460 0.5345
vn 0.3392 0.8817 0.3280
vn 0.8374 0.4352 0.3307
vn 0.8158 0.3414 0.4669
vn 0.1680 0.8773 0.4495
vn 0.7883 0.4282 0.4419
vn 0.6112 0.5122 0.6034
vn 0.6364 0.3235 0.7002
vn 0.4389 0.5440 0.7151
vn 0.4834 0.3455 0.8043
vn 0.3578 0.3431 0.8685
vn 0.2927 0.5193 0.8029
vn 0.1162 0.4683 0.8759
vn 0.1794 0.2893 0.9403
vn -0.0209 0.4441 0.8957
vn -0.0126 0.2376 0.9713
vn 0.7697 0.2640 0.5812
vn 0.8833 0.1560 0.4422
vn 0.8917 0.2381 0.3848
vn 0.7652 0.0180 0.6436
vn 0.8841 0.0377 0.4657
vn 0.8114 -0.0542 0.5820
vn 0.6706 -0.0801 0.7375
vn 0.7466 0.0166 0.6651
vn 0.7867 -0.0094 0.6172
vn 0.8146 0.1344 0.5642
vn 0.7873 0.2050 0.5815
vn -0.1049 0.2543 0.9614
vn -0.0784 0.4444 0.8924
vn -0.1414 0.2696 0.9525
vn -0.1379 0.4219 0.8961
vn -0.2313 0.2673 0.9354
vn -0.2530 0.3701 0.8939
vn -0.3992 0.3204 0.8591
vn -0.3664 0.2620 0.8928
vn -0.4813 0.2542 0.8389
vn -0.5347 0.2497 0.8073
vn -0.6466 0.2088 0.7337
vn -0.5623 0.2781 0.7788
vn -0.6906 0.2365 0.6835
vn -0.6070 0.3374 0.7195
vn -0.6986 0.3986 0.5942
vn -0.6222 0.4252 0.6573
vn -0.6209 0.4829 0.6175
vn -0.6438 0.5557 0.5262
vn -0.6685 0.5350 0.5167
vn -0.6125 0.5009 0.6115
vn -0.3682 0.1721 0.9137
vn -0.2583 0.1066 0.9602
vn -0.1919 0.0434 0.9805
vn -0.1501 -0.0001 0.9887
vn 0.0314 0.0101 0.9995
vn 0.2675 0.0909 0.9593
vn 0.3976 0.1451 0.9060
vn 0.4921 0.1587 0.8560
vn 0.6158 0.1757 0.7680
vn 0.7426 0.1576 0.6510
vn 0.8156 0.1199 0.5660
vn 0.8175 0.0724 0.5714
vn 0.7719 0.1113 0.6259
vn 0.7591 -0.0291 0.6504
vn 0.5334 -0.1522 0.8320
vn 0.7984 0.1453 0.5844
vn 0.6662 0.0357 0.7449
vn 0.8300 0.2863 0.4787
vn 0.8193 0.1800 0.5444
vn 0.2469 -0.8916 0.3796
vn 0.9496 0.2824 0.1362
vn 0.6453 -0.1972 0.7381
vn -0.7665 0.2945 -0.5708
vn -0.0596 -0.4868 0.8715
vn 0.3159 -0.3615 0.8772
vn 0.6221 0.7267 0.2914
vn 0.7798 0.0766 0.6214
vn 0.9611 0.2103 0.1792
vn 0.7346 -0.0160 0.6783
vn 0.9882 0.1017 0.1144
vn 0.7154 0.0668 0.6955
vn 0.7731 0.1015 0.6261
vn 0.7214 0.1115 0.6835
vn 0.7770 0.1143 0.6190
vn 0.6688 -0.1203 0.7337
vn 0.9900 0.0096 0.1410
vn 0.5588 -0.2140 0.8012
vn 0.9381 -0.1320 0.3203
vn 0.5407 -0.0576 0.8392
vn 0.6454 0.0195 0.7636
vn 0.5110 0.0478 0.8583
vn 0.6259 0.0982 0.7737
vn 0.4611 -0.2526 0.8507
vn 0.9114 -0.2777 0.3037
vn 0.3332 -0.2453 0.9104
vn 0.7493 -0.2120 0.6274
vn 0.1214 -0.2290 0.9658
vn 0.5528 -0.3956 0.7334
vn 0.0954 -0.2304 0.9684
vn 0.3419 -0.1803 0.9223
vn 0.0628 -0.1298 0.9895
vn 0.3228 -0.0557 0.9448
vn 0.4538 -0.1256 0.8822
vn 0.4259 0.0042 0.9048
vn 0.7823 0.1150 0.6122
vn -0.1166 -0.2771 0.9537
vn 0.6073 0.1271 0.7843
vn -0.3128 -0.2763 0.9087
vn -0.1569 -0.2981 0.9415
vn -0.1664 -0.1900 0.9676
vn -0.2885 -0.2751 0.9171
vn -0.2467 -0.1497 0.9575
vn 0.4648 0.1922 0.8643
vn -0.4352 -0.1980 0.8783
vn 0.2585 0.2384 0.9361
vn -0.5550 -0.0761 0.8284
vn -0.3900 -0.1822 0.9026
vn -0.5017 -0.0429 0.8640
vn -0.3189 -0.0521 0.9464
vn -0.4234 0.0700 0.9032
vn 0.0702 0.3097 0.9482
vn -0.6466 0.0739 0.7593
vn -0.1866 0.3832 0.9046
vn -0.7322 0.2354 0.6391
vn -0.5925 0.1058 0.7986
vn -0.6661 0.2881 0.6880
vn -0.5172 0.1832 0.8360
vn -0.5857 0.2947 0.7551
vn -0.4401 0.4621 0.7699
vn -0.8126 0.4100 0.4143
vn -0.8893 0.3808 0.2532
vn -0.7326 0.6731 0.1013
vn -0.7948 0.4464 -0.4112
vn -0.2458 0.2519 0.9360
vn -0.6100 0.5891 0.5299
vn -0.6826 0.5111 0.5223
vn -0.5999 0.4494 0.6619
vn -0.4982 0.4187 0.7592
vn -0.0512 -0.1073 0.9929
vn -0.0897 -0.0462 0.9949
vn -0.3908 0.6733 0.6277
vn -0.2459 0.0656 0.9671
vn -0.2791 0.1869 0.9419
vn -0.5250 0.4025 0.7499
vn -0.5451 0.4235 0.7235
vn -0.5835 0.3801 0.7177
vn -0.5804 0.4288 0.6923
vn -0.5531 0.2933 0.7798
vn -0.4787 0.2261 0.8484
vn -0.5656 0.4081 -0.7166
vn -0.6123 0.4590 -0.6438
vn -0.4516 0.6171 -0.6444
vn -0.5036 0.4139 -0.7583
vn -0.4389 0.4027 -0.8032
vn -0.2813 0.7207 -0.6336
vn -0.3479 0.4012 -0.8473
vn -0.5053 0.7911 -0.3448
vn -0.2391 0.9505 -0.1983
vn -0.7777 0.3595 -0.5157
vn -0.6647 0.6075 -0.4349
vn -0.6415 0.4891 -0.5910
vn 0.0281 0.8008 -0.5983
vn -0.5270 0.6501 -0.5474
vn -0.2110 0.9630 -0.1677
vn 0.5973 0.5332 -0.5992
vn -0.8210 0.4522 -0.3484
vn -0.9466 0.1384 -0.2911
vn -0.1189 0.9865 -0.1125
vn -0.9738 -0.2181 -0.0638
vn -0.0348 0.9754 0.2178
vn -0.3206 0.9455 0.0560
vn -0.7849 0.5702 0.2427
vn -0.9388 -0.0957 0.3310
vn -0.0260 0.9766 0.2137
vn -0.9562 0.1698 0.2384
vn -0.0016 0.8550 0.5186
vn -0.3312 0.5983 0.7296
vn -0.6049 -0.0448 0.7951
vn -0.6039 -0.3257 0.7275
vn 0.0699 0.9975 -0.0048
vn -0.0109 0.7336 -0.6795
vn -0.2633 0.3742 -0.8892
vn -0.0719 0.3651 -0.9282
vn 0.0771 0.9799 0.1838
vn -0.4775 -0.3435 0.8087
vn -0.1659 0.1192 0.9789
vn -0.3992 -0.1421 0.9058
vn -0.4992 -0.5888 0.6357
vn -0.3796 -0.7895 0.4823
vn -0.3827 0.0474 0.9226
vn -0.4774 0.7619 0.4377
vn 0.1149 0.8456 -0.5213
vn 0.7798 0.4366 0.4486
vn 0.3321 -0.0965 0.9383
vn 0.2623 0.0371 0.9643
vn 0.2022 -0.7004 0.6845
vn 0.4342 -0.6568 0.6165
vn 0.3270 -0.6526 0.6835
vn 0.3823 -0.4996 0.7773
vn 0.7646 -0.4903 0.4184
vn 0.6388 -0.6130 0.4650
vn 0.2441 -0.9696 -0.0187
vn 0.9899 -0.1310 0.0538
vn 0.6953 -0.7151 0.0717
vn 0.9903 -0.0370 -0.1343
vn 0.1364 -0.9545 0.2650
vn 0.9868 -0.0353 -0.1583
vn -0.0017 -0.6332 -0.7740
vn 0.9675 0.2528 -0.0068
vn 0.7021 0.4653 -0.5390
vn 0.6277 0.7765 0.0559
vn 0.5678 0.4738 -0.6732
vn 0.4664 0.5568 -0.6873
vn 0.4021 0.5923 -0.6982
vn 0.3887 0.4813 -0.7857
vn 0.2697 0.7094 -0.6512
vn 0.2922 0.4168 -0.8607
vn 0.4152 0.8577 -0.3032
vn 0.3055 0.9180 -0.2528
vn 0.6727 0.6555 -0.3431
vn 0.1820 0.9829 -0.0292
vn 0.0834 0.9833 0.1616
vn 0.3363 0.9317 0.1370
vn 0.7799 0.5698 0.2590
vn 0.1804 0.9685 0.1716
vn 0.1076 0.7797 0.6169
vn 0.4619 0.2958 0.8361
vn 0.1633 0.4026 -0.9007
vn 0.1148 0.9429 -0.3127
vn 0.0614 0.9305 -0.3611
vn -0.0268 0.9270 -0.3742
vn -0.1076 0.9019 -0.4183
vn -0.1355 0.9129 -0.3850
vn -0.1947 0.9081 -0.3708
vn -0.2259 0.9088 -0.3508
vn -0.2790 0.8963 -0.3446
vn -0.2850 0.9137 -0.2898
vn -0.1887 0.9773 -0.0966
vn -0.0068 0.9763 -0.2163
vn -0.2206 -0.1741 -0.9597
vn 0.1326 0.9433 -0.3043
vn 0.1406 0.9503 -0.2776
vn 0.1382 0.9584 -0.2499
vn 0.1208 0.9803 -0.1565
vn 0.0632 0.9978 -0.0211
vn -0.3601 0.6556 -0.6637
vn -0.7337 -0.6230 0.2714
vn -0.2678 0.1437 0.9527
vn -0.0000 -0.4717 -0.8817
vn 0.0024 -0.1364 -0.9907
vn 0.5934 -0.6579 -0.4636
vn -0.1228 -0.8970 -0.4247
vn 0.8953 -0.3278 -0.3017
vn 0.0089 0.1190 -0.9929
vn 0.3219 -0.9453 -0.0530
vn -0.0015 -0.5702 -0.8215
vn -0.4742 -0.8638 0.1701
vn -0.0129 -0.9575 -0.2881
vn -0.2361 -0.7321 0.6389
vn -0.7572 -0.6376 0.1416
vn -0.4651 -0.6000 0.6509
vn -0.5419 -0.2260 0.8095
vn -0.5453 0.0078 0.8382
vn -0.5618 0.7226 0.4027
vn -0.0575 0.9664 0.2506
vn -0.0065 -0.7463 0.6656
vn -0.0000 0.0008 1.0000
vn -0.0000 0.0009 1.0000
vn 0.5005 0.6580 0.5626
vn 0.3945 0.0067 0.9189
vn 0.3905 -0.1663 0.9055
vn 0.3823 -0.5989 0.7037
vn 0.1946 -0.9761 0.0967
vn 0.2251 -0.7193 0.6572
vn -0.0541 -0.9963 0.0672
vn -0.9037 -0.2645 -0.3366
vn -0.6853 0.6437 -0.3405
vn -0.7933 0.4415 -0.4192
vn -0.8812 -0.1919 -0.4320
vn -0.5371 0.1838 -0.8233
vn -0.6561 0.1582 -0.7379
vn -0.7284 0.2438 -0.6403
vn -0.7819 0.2069 -0.5881
vn -0.9088 0.2559 -0.3295
vn -0.7985 0.5114 -0.3177
vn -0.7793 0.3753 -0.5019
vn -0.5340 0.1274 -0.8358
vn -0.7052 0.0197 -0.7087
vn -0.4376 0.1590 -0.8850
vn -0.3010 0.2836 -0.9105
vn -0.2970 0.2519 -0.9211
vn -0.3632 0.3517 -0.8628
vn -0.0891 0.3793 -0.9210
vn -0.1370 0.3876 -0.9116
vn -0.2183 0.3358 -0.9163
vn -0.5194 0.4382 -0.7336
vn -0.5412 0.4607 -0.7035
vn -0.2856 0.2936 -0.9123
vn -0.6905 0.5504 -0.4694
vn -0.7204 0.5662 -0.4005
vn -0.6228 0.7331 -0.2733
vn -0.7660 0.6024 -0.2245
vn -0.6070 0.5435 -0.5799
vn -0.4833 0.3590 -0.7984
vn -0.5315 0.8127 -0.2387
vn 0.0554 0.3043 -0.9510
vn 0.0396 0.2250 -0.9736
vn 0.3447 0.3378 -0.8758
vn 0.3114 0.4301 -0.8474
vn 0.5915 0.4992 -0.6332
vn 0.5177 0.6875 -0.5093
vn 0.5176 0.6008 -0.6092
vn 0.2696 0.4481 -0.8524
vn 0.6842 0.7246 -0.0828
vn 0.7401 0.6345 -0.2228
vn 0.5544 0.8269 0.0942
vn 0.6698 0.6947 -0.2622
vn 0.0741 0.3823 -0.9211
vn 0.7563 0.6476 0.0931
vn 0.4493 0.8298 0.3311
vn 0.2807 0.3952 -0.8747
vn 0.1046 0.3990 -0.9110
vn 0.8322 0.3914 -0.3927
vn 0.9048 0.3064 -0.2957
vn 0.5942 0.4014 -0.6970
vn 0.8765 0.0377 -0.4800
vn 0.5852 0.2065 -0.7842
vn 0.3021 0.3247 -0.8963
vn 0.1262 0.3437 -0.9306
vn 0.9898 -0.0909 -0.1101
vn -0.0746 0.3228 -0.9435
vn 0.5494 0.1050 -0.8289
vn 0.3131 0.2503 -0.9161
vn 0.3212 0.1419 -0.9363
vn 0.5498 0.0575 -0.8333
vn 0.7888 -0.0935 -0.6075
vn 0.7470 -0.1012 -0.6571
vn 0.5437 -0.0340 -0.8386
vn 0.9036 -0.1112 -0.4138
vn 0.3166 0.0120 -0.9485
vn 0.9675 0.0144 -0.2524
vn 0.9990 -0.0070 -0.0448
vn 0.9399 -0.1898 -0.2837
vn 0.8527 -0.1049 -0.5117
vn 0.9593 -0.2683 -0.0878
vn 0.9171 -0.2145 0.3360
vn 0.8465 -0.4465 0.2899
vn 0.4315 -0.5262 0.7327
vn 0.3543 -0.3528 0.8660
vn 0.7169 -0.1199 0.6868
vn 0.7505 0.0027 0.6608
vn 0.5932 -0.3450 0.7273
vn 0.6826 0.1804 0.7082
vn 0.9415 -0.1624 -0.2954
vn 0.7045 0.0407 0.7085
vn 0.9147 -0.4035 -0.0248
vn 0.6037 0.1418 0.7845
vn 0.5912 0.2015 0.7810
vn 0.6847 0.0324 0.7281
vn 0.5065 0.2370 0.8290
vn 0.5309 0.2391 0.8130
vn 0.5929 0.2516 0.7650
vn 0.5071 0.2006 0.8382
vn 0.6874 0.1684 0.7065
vn 0.8971 -0.2665 0.3525
vn 0.3759 0.2550 0.8909
vn 0.3834 0.2112 0.8991
vn 0.2034 0.2821 0.9376
vn 0.1929 0.2826 0.9396
vn 0.0132 0.2985 0.9543
vn 0.0059 0.2832 0.9590
vn 0.2151 0.2048 0.9549
vn 0.3842 0.2593 0.8861
vn 0.7247 -0.3372 0.6009
vn -0.0076 0.1960 0.9806
vn 0.5769 -0.3375 0.7438
vn 0.3839 0.2470 0.8897
vn 0.3671 -0.3654 0.8554
vn -0.2272 0.1469 0.9627
vn 0.1739 -0.4175 0.8919
vn -0.3895 0.1134 0.9140
vn -0.2030 0.2430 0.9485
vn -0.1899 0.2670 0.9448
vn -0.3833 0.2027 0.9011
vn -0.5050 0.1346 0.8526
vn -0.5135 0.1747 0.8401
vn -0.3830 0.2214 0.8968
vn 0.0710 -0.1541 0.9855
vn 0.1031 -0.3367 0.9359
vn -0.6028 0.1407 0.7854
vn -0.6011 0.1204 0.7900
vn -0.5237 0.1904 0.8304
vn -0.6025 0.1804 0.7775
vn -0.6105 0.1157 0.7835
vn -0.5379 0.0747 0.8397
vn -0.1005 -0.0270 0.9946
vn 0.4266 -0.2788 0.8604
vn -0.3975 -0.0611 0.9156
vn -0.1632 -0.4236 0.8910
vn -0.2319 0.0028 0.9727
vn -0.5048 0.3152 0.8036
vn -0.4479 0.4773 0.7560
vn -0.5348 0.2523 0.8064
vn -0.3871 0.2779 0.8792
vn -0.3969 0.3304 0.8564
vn -0.2419 0.3083 0.9200
vn -0.1966 0.2981 0.9341
vn 0.0098 0.2718 0.9623
vn 0.0107 0.3033 0.9528
vn 0.2569 0.3041 0.9173
vn 0.2076 0.3047 0.9296
vn 0.3914 0.2956 0.8714
vn 0.3989 0.3293 0.8558
vn 0.5422 0.2581 0.7996
vn 0.5494 0.2804 0.7871
vn 0.7093 0.2484 0.6597
vn 0.6409 0.2524 0.7249
vn -0.5471 0.2921 0.7844
vn 0.7870 0.2464 0.5656
vn 0.8543 0.2904 0.4311
vn 0.8794 0.2559 0.4014
vn 0.7852 0.5992 0.1562
vn 0.8393 0.2676 0.4733
vn 0.9207 0.1909 0.3404
vn 0.8662 0.2810 0.4131
vn 0.9459 0.1424 0.2915
vn 0.8693 0.2652 0.4171
vn 0.7114 0.2660 0.6505
vn 0.6910 0.2811 0.6659
vn 0.7084 0.2401 0.6637
vn 0.4369 0.2358 0.8680
vn 0.4310 0.2508 0.8668
vn 0.0152 0.2307 0.9729
vn 0.0204 0.2181 0.9757
vn -0.3798 0.2160 0.8995
vn -0.3800 0.1971 0.9037
vn -0.6644 0.2166 0.7153
vn -0.6509 0.1808 0.7373
vn -0.8579 0.1660 0.4863
vn -0.8659 0.2101 0.4540
vn -0.8464 0.2313 0.4797
vn -0.9447 0.1021 0.3117
vn -0.8557 0.3673 0.3646
vn -0.6551 0.2153 0.7243
vn -0.9917 -0.0810 0.0995
vn -0.7998 0.2614 0.5404
vn -0.8256 0.4397 0.3536
vn -0.6303 0.2288 0.7418
vn -0.4420 0.2081 0.8725
vn -0.3778 0.1969 0.9047
vn -0.3190 0.2120 0.9237
vn 0.0096 0.2219 0.9750
vn 0.0188 0.2360 0.9716
vn 0.3372 0.2112 0.9174
vn 0.4059 0.2303 0.8844
vn 0.4294 0.2215 0.8755
vn 0.6559 0.2421 0.7150
vn 0.5960 0.2466 0.7642
vn 0.3303 0.2510 0.9099
vn 0.4053 0.2625 0.8757
vn 0.0101 0.2477 0.9688
vn -0.3110 0.2608 0.9139
vn -0.4157 0.2791 0.8656
vn -0.5924 0.2692 0.7593
vn -0.7252 0.2917 0.6237
vn -0.7893 0.3966 0.4687
vn -0.8217 0.5421 0.1760
vn -0.7760 0.5260 0.3480
vn -0.7681 0.5887 0.2519
vn -0.7721 0.5959 0.2207
vn -0.7378 0.6595 0.1440
vn -0.7630 0.3414 0.5488
vn -0.5489 0.8145 -0.1880
vn -0.7796 0.5849 0.2237
vn -0.7962 0.2275 0.5607
vn -0.7536 0.0710 0.6535
vn -0.8296 -0.2379 0.5052
vn -0.7505 0.0732 0.6568
vn -0.8702 -0.0054 0.4927
vn -0.6410 0.2430 0.7281
vn -0.7422 0.2794 0.6091
vn -0.9676 0.1377 0.2118
vn -0.8223 0.2930 0.4878
vn -0.5438 0.4025 0.7364
vn -0.6182 0.4100 0.6706
vn -0.4540 0.3671 0.8119
vn -0.9438 0.3168 0.0948
vn -0.8667 0.2989 0.3993
vn -0.6849 0.3598 0.6336
vn -0.9092 -0.3877 0.1517
vn -0.4005 0.4619 0.7914
vn -0.3439 0.4755 0.8097
vn -0.2074 0.4998 0.8410
vn -0.1796 0.4999 0.8473
vn -0.1002 0.5101 0.8543
vn -0.0930 0.4204 0.9026
vn 0.0402 0.3835 0.9227
vn -0.0112 0.4957 0.8684
vn 0.1417 0.4821 0.8646
vn 0.1843 0.3344 0.9242
vn 0.3038 0.4765 0.8250
vn 0.3295 0.3261 0.8860
vn 0.1158 0.5346 0.8371
vn -0.0296 0.5224 0.8522
vn 0.0977 0.5352 0.8390
vn 0.2652 0.5606 0.7845
vn 0.2757 0.5432 0.7930
vn -0.0241 0.5204 0.8536
vn 0.4132 0.5649 0.7142
vn 0.4672 0.4708 0.7484
vn 0.4318 0.6001 0.6734
vn 0.6965 0.4085 0.5900
vn 0.7770 0.4985 0.3845
vn 0.5048 0.3604 0.7844
vn -0.2507 0.4206 0.8719
vn -0.4570 0.3939 0.7975
vn -0.9269 0.3640 -0.0912
vn -0.8589 0.4966 -0.1254
vn -0.9385 0.1491 -0.3114
vn -0.4248 -0.0130 -0.9052
vn -0.4505 0.4228 -0.7863
vn -0.5434 0.5276 -0.6530
vn 0.3558 0.1309 -0.9253
vn -0.1025 0.5080 0.8552
vn -0.0890 0.5022 0.8602
vn -0.1640 0.4795 0.8621
vn -0.2928 0.4374 0.8502
vn -0.6783 0.4678 0.5667
vn -0.5926 0.4877 0.6411
vn -0.6784 0.3804 0.6286
vn -0.5945 0.3452 0.7262
vn -0.6176 0.2558 0.7437
vn -0.6524 0.3000 0.6960
vn -0.6318 -0.2076 -0.7468
vn -0.9154 -0.0450 -0.4000
vn -0.8992 0.3914 0.1956
vn -0.5108 0.6655 0.5442
vn -0.2330 -0.3755 -0.8970
vn -0.2462 -0.9475 -0.2040
vn 0.0596 0.7962 0.6020
vn 0.4315 0.7723 0.4662
vn 0.7464 0.6006 0.2865
vn 0.9778 0.1940 0.0794
vn 0.9237 -0.3691 -0.1031
vn 0.6468 -0.7506 -0.1350
vn 0.5513 -0.7803 -0.2954
vn 0.1190 -0.7928 -0.5977
vn 0.5056 -0.8573 -0.0966
vn 0.0796 -0.9310 -0.3562
vn 0.4538 -0.8523 0.2600
vn 0.0100 -0.9999 0.0081
vn 0.8251 -0.5378 0.1734
vn 0.8461 -0.5286 -0.0686
vn 0.9992 -0.0304 0.0273
vn 1.0000 0.0036 -0.0031
vn 0.8615 0.4686 -0.1954
vn 0.8361 0.5479 0.0277
vn 0.5091 0.7477 -0.4263
vn 0.4891 0.8720 0.0192
vn 0.0206 0.8520 -0.5231
vn 0.0055 0.9984 0.0570
vn -0.5621 0.7627 -0.3199
vn -0.6010 0.7784 0.1812
vn -0.8886 0.4541 -0.0647
vn -0.9195 0.3667 0.1417
vn -0.9937 0.0601 0.0950
vn -0.9911 -0.1050 0.0815
vn -0.8597 -0.4534 0.2352
vn -0.8049 -0.5934 -0.0071
vn -0.4814 -0.8234 0.3003
vn -0.3969 -0.9151 -0.0714
vn 0.0176 0.7851 0.6191
vn -0.5271 0.6686 0.5245
vn -0.8965 0.3281 0.2977
vn -0.9892 -0.1060 0.1009
vn -0.8219 -0.5622 -0.0914
vn -0.3867 -0.8860 -0.2560
vn -0.8745 -0.3564 0.3289
vn -0.9913 0.1115 0.0694
vn -0.8699 -0.3023 0.3898
vn -0.9874 0.1343 0.0832
vn -0.8788 0.4539 -0.1473
vn -0.8610 0.4792 -0.1703
vn -0.5725 0.7382 -0.3567
vn -0.5323 0.7709 -0.3499
vn 0.0284 0.8632 -0.5040
vn 0.0505 0.8987 -0.4356
vn -0.5353 -0.6303 0.5623
vn -0.5141 -0.7151 0.4737
vn -0.3358 -0.7263 0.5997
vn -0.0217 -0.7029 0.7109
vn 0.5492 0.7235 -0.4183
vn 0.5741 0.7471 -0.3351
vn 0.8735 0.4411 -0.2061
vn 0.8747 0.4626 -0.1446
vn 0.9986 0.0080 0.0518
vn 0.9946 0.0520 0.0900
vn 0.8400 -0.4641 0.2811
vn 0.8521 -0.3996 0.3380
vn 0.4589 -0.7795 0.4263
vn 0.4616 -0.7179 0.5211
vn -0.0630 0.9273 -0.3689
vn -0.3038 0.8858 -0.3509
vn -0.1905 0.9710 -0.1442
vn 0.2234 0.8764 -0.4267
vn -0.5452 0.8342 0.0829
vn -0.7015 0.7013 -0.1271
vn -0.7146 0.5770 0.3955
vn -0.9029 0.3785 0.2037
vn -0.6895 0.2434 0.6822
vn -0.8408 -0.0214 0.5410
vn -0.3990 -0.0390 0.9161
vn -0.5456 -0.3240 0.7729
vn -0.2120 -0.0585 0.9755
vn 0.0316 -0.1160 0.9927
vn 0.1804 0.8440 -0.5051
vn -0.3900 0.8134 -0.4317
vn 0.0922 0.8988 -0.4285
vn -0.4684 0.8083 -0.3568
vn -0.7778 0.5970 -0.1964
vn -0.8213 0.5397 -0.1849
vn -0.9522 0.2698 0.1431
vn -0.9731 0.2045 0.1063
vn -0.8646 -0.1161 0.4889
vn -0.8724 -0.1999 0.4461
vn -0.5848 -0.4156 0.6967
vn -0.5693 -0.5091 0.6456
vn -0.4393 -0.4686 0.7664
vn -0.0680 -0.4531 0.8888
vn 0.5744 0.7412 -0.3474
vn 0.6367 0.6672 -0.3865
vn 0.8725 0.4649 -0.1503
vn 0.8763 0.4394 -0.1977
vn 0.9909 0.0866 0.1026
vn 0.9887 0.1072 0.1051
vn 0.8663 -0.3193 0.3842
vn 0.8710 -0.2449 0.4259
vn 0.4864 -0.6279 0.6076
vn 0.5118 -0.5144 0.6881
vn 0.5370 -0.4013 0.7420
vn 0.5411 -0.1599 0.8256
vn 0.8128 0.0516 0.5803
vn 0.8621 -0.1652 0.4791
vn 0.8986 0.3290 0.2904
vn 0.9761 0.1661 0.1402
vn 0.8022 0.5971 -0.0042
vn 0.8630 0.4785 -0.1622
vn 0.5796 0.7979 -0.1657
vn 0.6259 0.7009 -0.3420
vn 0.5641 0.3306 0.7566
vn 0.1645 0.0694 0.9839
vn 0.6155 0.4756 0.6284
vn 0.3759 0.9249 -0.0579
vn 0.5704 0.7974 0.1970
vn 0.4440 0.5531 0.7050
vn 0.8762 -0.4661 -0.1227
vn 0.9886 0.0797 0.1277
vn 0.7476 0.5526 0.3684
vn 0.4035 0.7448 0.5315
vn -0.1305 0.9546 0.2678
vn -0.2098 0.8745 0.4373
vn -0.2334 0.4858 0.8423
vn -0.5003 -0.2924 0.8150
vn -0.5078 -0.5902 0.6275
vn -0.6582 0.1208 0.7431
vn -0.7603 0.5791 0.2942
vn -0.8731 -0.4404 0.2092
vn -0.5558 -0.7730 -0.3060
vn -0.6635 0.6675 -0.3380
vn -0.4920 0.5103 -0.7054
vn -0.3303 0.2445 -0.9117
vn -0.1301 -0.1714 -0.9766
vn -0.2213 -0.5571 -0.8004
vn -0.5896 -0.7515 -0.2961
vn 0.4835 -0.7999 -0.3555
vn 0.5239 -0.8406 -0.1377
vn 0.5740 -0.7805 -0.2476
vn 0.6360 -0.7668 0.0861
vn 0.6425 -0.7641 -0.0588
vn 0.7958 -0.6056 0.0012
vn 0.1882 -0.9609 -0.2033
vn 0.1799 -0.8404 -0.5113
vn -0.3831 -0.8750 -0.2959
vn -0.3063 -0.6994 -0.6458
vn -0.8096 -0.5210 -0.2705
vn -0.6916 -0.3806 -0.6138
vn -0.9701 -0.1683 -0.1751
vn -0.8668 -0.0768 -0.4928
vn -0.9591 0.2820 -0.0235
vn -0.9081 0.3023 -0.2897
vn -0.5779 0.8023 0.1495
vn -0.6627 0.7376 0.1297
vn -0.0265 0.9843 0.1745
vn -0.5005 0.5964 0.6275
vn 0.3848 0.9154 0.1183
vn -0.3453 0.4280 -0.8352
vn 0.7486 0.6573 0.0871
vn 0.4272 -0.0481 -0.9029
vn 0.9790 0.1774 0.1000
vn 0.3747 -0.5852 0.7191
vn -0.7440 0.5650 -0.3566
vn -0.6755 0.6271 0.3879
vn -0.6442 -0.3303 0.6899
vn -0.6235 -0.6555 0.4262
vn -0.5277 -0.7320 0.4308
vn -0.0160 -0.7646 0.6443
vn 0.7298 0.6560 0.1924
vn 0.3261 0.9212 0.2121
vn 0.7002 0.6663 0.2564
vn 0.2805 0.9341 0.2210
vn -0.0878 0.9697 0.2280
vn -0.1569 0.9684 0.1937
vn -0.5722 0.7990 0.1847
vn -0.6117 0.7783 0.1417
vn -0.9523 0.3025 0.0408
vn -0.9624 0.2681 0.0429
vn 0.9504 0.2166 0.2233
vn 0.9739 0.1744 0.1451
vn 0.9983 -0.0539 -0.0227
vn 0.9862 -0.0806 0.1448
vn -0.9807 -0.1836 -0.0667
vn -0.9742 -0.2259 -0.0015
vn -0.8200 -0.5608 -0.1145
vn -0.7949 -0.6067 0.0025
vn -0.3811 -0.9169 -0.1185
vn -0.3330 -0.9424 0.0300
vn 0.2035 -0.9773 -0.0595
vn 0.2370 -0.9693 0.0648
vn 0.6565 -0.7540 0.0226
vn 0.6648 -0.7388 0.1106
vn -0.8506 0.1981 0.4872
vn -0.8164 0.3907 0.4252
vn -0.7446 0.5463 0.3836
vn -0.7652 0.6237 0.1592
vn -0.4327 0.8160 0.3832
vn -0.4090 0.9077 0.0940
vn -0.0019 0.9001 0.4357
vn 0.1170 0.9895 0.0854
vn 0.4806 0.7330 0.4813
vn 0.6154 0.7750 0.1439
vn 0.7651 0.3544 0.5376
vn 0.8953 0.3707 0.2472
vn 0.9131 0.0124 0.4075
vn 0.9278 0.1752 0.3293
vn -0.9745 0.1886 0.1213
vn -0.7301 0.6830 0.0224
vn -0.9777 0.1999 0.0648
vn -0.6833 0.7292 0.0360
vn -0.3192 0.9468 -0.0417
vn -0.2481 0.9685 0.0199
vn 0.1697 0.9850 -0.0309
vn 0.2042 0.9780 0.0420
vn 0.6429 0.7646 0.0457
vn 0.6574 0.7442 0.1183
vn 0.9195 0.3662 0.1430
vn 0.9324 0.3193 0.1691
vn 0.9993 0.0008 -0.0378
vn 0.9769 0.0938 0.1923
vn -0.9502 -0.2905 0.1128
vn -0.9265 -0.3055 0.2198
vn -0.7400 -0.6502 0.1720
vn -0.6982 -0.6468 0.3070
vn -0.2651 -0.9370 0.2275
vn -0.2509 -0.8893 0.3823
vn 0.2717 -0.9315 0.2418
vn 0.2727 -0.8799 0.3891
vn 0.6742 -0.6986 0.2397
vn 0.6674 -0.6549 0.3546
vn 0.6617 -0.5977 0.4526
vn 0.5792 -0.4868 0.6539
vn 0.1984 -0.6969 0.6892
vn 0.2672 -0.8335 0.4837
vn -0.2925 -0.7038 0.6474
vn -0.2482 -0.8480 0.4682
vn -0.6434 -0.5025 0.5776
vn -0.6772 -0.6211 0.3945
vn -0.8504 -0.1808 0.4940
vn -0.9068 -0.2713 0.3228
vn 0.1908 -0.3232 0.9269
vn -0.1364 -0.4896 0.8612
vn -0.6079 -0.1382 0.7819
vn -0.7610 0.1055 0.6401
vn -0.2590 -0.1758 0.9497
vn 0.2065 0.0202 0.9782
vn 0.2129 -0.6398 -0.7384
vn -0.1324 -0.3433 -0.9298
vn -0.4730 0.0133 -0.8810
vn -0.6391 0.3042 -0.7064
vn -0.5015 0.5181 0.6929
vn -0.2167 0.6926 0.6880
vn 0.3049 0.4074 0.8608
vn -0.0774 -0.4374 -0.8959
vn -0.3664 -0.4454 -0.8169
vn -0.4247 -0.1985 -0.8833
vn -0.0692 -0.1835 -0.9806
vn -0.0865 -0.7529 -0.6524
vn -0.3874 -0.7427 -0.5462
vn -0.6322 -0.5068 -0.5861
vn -0.7140 -0.2474 -0.6550
vn -0.8852 -0.3339 -0.3239
vn -0.7408 -0.6056 -0.2905
vn -0.4136 -0.8725 -0.2603
vn 0.2237 -0.4290 -0.8752
vn 0.2433 -0.7287 -0.6401
vn 0.5140 -0.4754 -0.7140
vn 0.6518 -0.5789 -0.4898
vn 0.2713 -0.8843 -0.3799
vn 0.7851 -0.2957 -0.5443
vn 0.5833 -0.2330 -0.7781
vn 0.2834 -0.1975 -0.9384
vn -0.0971 -0.9433 -0.3175
vn 0.8381 -0.1332 -0.5289
vn 0.6163 -0.0727 -0.7841
vn 0.3091 -0.0267 -0.9507
vn -0.0616 -0.0039 -0.9981
vn -0.4405 -0.0339 -0.8971
vn -0.7402 -0.1079 -0.6637
vn -0.9254 -0.2021 -0.3205
vn 0.8558 0.3363 0.3931
vn 0.7995 0.2327 0.5538
vn 0.8180 0.2156 0.5333
vn 0.8082 0.2243 0.5446
vn 0.7525 0.2788 0.5967
vn 0.6799 0.2139 0.7014
vn 0.5514 -0.2673 0.7902
vn 0.7695 0.1264 0.6260
vn -0.8643 0.3535 -0.3578
vn -0.9243 -0.3725 -0.0831
vn -0.8476 -0.4755 0.2353
vn -0.5701 -0.6232 0.5354
vn -0.5883 -0.6712 -0.4510
vn -0.5312 -0.8466 0.0316
vn -0.3343 -0.7133 -0.6160
vn -0.2621 -0.9563 -0.1293
vn -0.4466 -0.8200 0.3579
vn -0.2505 -0.9288 0.2732
vn -0.1272 -0.9768 -0.1722
vn -0.1156 -0.9739 0.1955
vn -0.1688 -0.7215 -0.6715
vn -0.0157 -0.7301 -0.6831
vn -0.0191 -0.9824 -0.1856
vn -0.0143 -0.9849 0.1727
vn -0.3032 -0.7224 0.6215
vn -0.3142 -0.7322 0.6043
vn -0.0224 -0.7770 0.6291
vn 0.7142 -0.2368 0.6586
vn -0.0017 -0.5865 0.8099
vn 0.0080 -0.0162 0.9998
vn -0.0080 -0.8837 0.4679
vn -0.1113 -0.8367 0.5362
vn 0.0227 0.2995 0.9538
vn 0.7619 0.3138 0.5666
vn 0.0086 -0.0696 0.9975
vn 0.7829 -0.0576 0.6195
vn 0.5228 -0.7205 0.4555
vn -0.0000 -0.7911 0.6117
vn -0.7530 0.2988 0.5862
vn -0.7789 -0.0735 0.6229
vn -0.5229 -0.7205 0.4555
vn -0.7211 -0.2194 0.6571
vn 0.0231 -0.7858 0.6180
vn 0.3103 -0.7721 0.5546
vn 0.1061 -0.8277 0.5511
vn 0.2767 -0.7219 0.6342
vn 0.5118 -0.7265 0.4585
vn 0.8008 -0.5783 0.1560
vn 0.8520 -0.4995 -0.1567
vn 0.6214 -0.6463 -0.4428
vn 0.5599 -0.8273 0.0448
vn 0.3401 -0.6980 -0.6302
vn 0.2639 -0.9553 -0.1329
vn 0.4686 -0.8068 0.3599
vn 0.2527 -0.9242 0.2864
vn 0.1015 -0.9799 -0.1715
vn 0.0990 -0.9743 0.2025
vn 0.1479 -0.7112 -0.6873
vn 0.1517 -0.9246 -0.3495
vn -0.2627 -0.9409 -0.2136
vn -0.2017 -0.9668 0.1569
vn 0.0388 -0.8944 -0.4457
vn 0.4346 -0.4592 -0.7748
vn 0.0632 -0.9400 -0.3352
vn 0.3572 -0.2044 -0.9114
vn 0.0475 -0.9252 -0.3765
vn 0.0208 -0.9060 -0.4228
vn 0.1837 -0.1713 -0.9679
vn -0.0071 -0.1634 -0.9865
vn -0.0099 -0.9365 -0.3506
vn -0.0417 -0.9218 -0.3854
vn -0.1925 -0.1732 -0.9659
vn -0.3287 -0.2270 -0.9167
vn 0.0115 -0.9294 -0.3688
vn 0.0126 -0.9584 -0.2851
vn -0.0092 -0.9355 -0.3532
vn -0.4581 -0.3959 -0.7959
vn 0.1138 -0.9899 -0.0849
vn 0.1285 -0.9877 -0.0889
vn -0.5847 -0.3600 -0.7270
vn -0.3576 -0.3685 -0.8581
vn -0.1874 -0.3551 -0.9159
vn -0.0087 -0.3645 -0.9312
vn 0.1700 -0.3650 -0.9154
vn 0.3576 -0.3553 -0.8637
vn 0.5908 -0.3869 -0.7080
vn -0.6049 0.0224 0.7960
vn -0.6141 0.1379 0.7771
vn -0.3601 0.1605 0.9190
vn -0.3591 -0.0026 0.9333
vn 0.0190 0.1864 0.9823
vn -0.0009 -0.0063 1.0000
vn -0.8421 0.0764 0.5339
vn -0.8472 0.1314 0.5147
vn -0.9222 0.1591 0.3525
vn -0.9896 -0.1276 0.0670
vn -0.6571 -0.1094 0.7458
vn -0.3860 -0.1812 0.9045
vn -0.3806 -0.1856 0.9059
vn -0.6885 -0.1342 0.7127
vn -0.0119 -0.1969 0.9803
vn 0.0017 -0.1818 0.9833
vn -0.8776 0.0110 0.4792
vn -0.9087 -0.0162 0.4172
vn -0.9401 0.1491 0.3067
vn -0.9976 -0.0512 -0.0469
vn 0.0422 -0.0488 0.9979
vn -0.3057 -0.0647 0.9499
vn 0.0801 0.2181 0.9726
vn -0.2360 0.2271 0.9448
vn 0.0230 0.4900 0.8714
vn -0.2414 0.5968 0.7652
vn -0.0721 0.7467 0.6613
vn -0.2914 0.7386 0.6079
vn -0.5389 0.7056 0.4600
vn -0.6297 0.4759 0.6140
vn -0.5715 0.1687 0.8031
vn -0.6522 -0.0363 0.7572
vn -0.8473 0.4455 0.2890
vn -0.8595 0.2520 0.4447
vn -0.9247 0.3326 0.1852
vn -0.9108 0.0606 0.4084
vn -0.9041 0.2615 -0.3380
vn -0.8941 0.3023 -0.3306
vn -0.7080 0.3168 -0.6312
vn -0.7004 0.3988 -0.5919
vn -0.4305 0.4625 -0.7751
vn -0.4333 0.3504 -0.8303
vn -0.9111 0.2210 -0.3479
vn -0.9076 0.1989 -0.3696
vn -0.6809 0.2203 -0.6984
vn -0.7000 0.2528 -0.6679
vn -0.6788 0.2073 -0.7045
vn -0.3818 0.2050 -0.9012
vn -0.3886 0.2321 -0.8917
vn -0.9123 0.1955 -0.3598
vn -0.4170 0.2753 -0.8662
vn -0.0627 0.4977 -0.8651
vn -0.0416 0.3718 -0.9274
vn 0.0099 0.2458 -0.9693
vn -0.0128 0.2938 -0.9558
vn 0.0139 0.2108 -0.9774
vn 0.3920 0.3694 -0.8426
vn 0.3549 0.5051 -0.7867
vn 0.7183 0.3360 -0.6092
vn 0.6897 0.4571 -0.5616
vn 0.8993 0.3621 -0.2454
vn 0.9208 0.2798 -0.2716
vn 0.9957 0.0903 -0.0207
vn 0.9717 0.2158 -0.0965
vn 0.9228 0.2472 -0.2954
vn 0.9748 0.2032 -0.0923
vn 0.9110 0.2664 -0.3149
vn 0.7111 0.2664 -0.6507
vn 0.7258 0.2673 -0.6338
vn 0.9115 0.2604 -0.3183
vn 0.9638 0.2445 -0.1063
vn 0.9943 0.0069 0.1068
vn 0.6986 0.2564 -0.6680
vn 0.4256 0.2580 -0.8674
vn 0.4126 0.2282 -0.8819
vn 0.4203 0.2891 -0.8601
vn 0.9091 0.2377 -0.3421
vn 0.8998 0.2749 -0.3388
vn 0.6780 0.1890 -0.7103
vn 0.6958 0.1961 -0.6909
vn 0.4088 0.1411 -0.9017
vn 0.4086 0.1759 -0.8956
vn 0.0175 0.1425 -0.9896
vn 0.0134 0.1769 -0.9841
vn -0.3916 0.1806 -0.9022
vn -0.3889 0.1793 -0.9037
vn -0.6849 0.2022 -0.7000
vn -0.6602 0.2607 -0.7044
vn -0.9064 0.2384 -0.3488
vn -0.8712 0.3292 -0.3641
vn -0.6570 0.3006 -0.6914
vn -0.8538 0.3651 -0.3712
vn -0.3676 0.2109 -0.9058
vn 0.0372 0.1365 -0.9899
vn 0.3866 0.1563 -0.9089
vn 0.6738 0.2431 -0.6978
vn 0.8808 0.3380 -0.3317
vn 0.8429 0.4223 -0.3333
vn 0.6465 0.3350 -0.6854
vn 0.3813 0.2329 -0.8946
vn 0.0224 0.1661 -0.9859
vn -0.3365 0.2407 -0.9104
vn -0.6178 0.3670 -0.6954
vn -0.8003 0.4580 -0.3871
vn -0.0854 0.9837 -0.1579
vn -0.2870 0.9417 -0.1756
vn 0.0535 0.8659 -0.4973
vn -0.2729 0.8273 -0.4910
vn -0.6351 0.7443 -0.2067
vn -0.5229 0.7187 -0.4584
vn -0.3283 0.7042 -0.6295
vn 0.0052 0.7570 -0.6534
vn -0.3966 0.5928 -0.7010
vn -0.0431 0.6445 -0.7634
vn -0.6054 0.6029 -0.5196
vn -0.8117 0.5134 -0.2785
vn -0.8718 0.3702 -0.3208
vn -0.6643 0.4974 -0.5580
vn 0.3465 0.6465 -0.6797
vn 0.3453 0.7334 -0.5855
vn 0.3547 0.8264 -0.4373
vn 0.4073 0.9038 -0.1312
vn 0.4731 0.8801 0.0400
vn 0.5928 0.7965 0.1192
vn 0.6684 0.7350 -0.1142
vn 0.5630 0.7378 -0.3725
vn 0.6143 0.6539 -0.4417
vn 0.8112 0.5836 0.0385
vn 0.8096 0.5619 -0.1698
vn 0.8814 0.4697 0.0502
vn 0.8671 0.4486 -0.2163
vn 0.6507 0.5740 -0.4971
vn 0.6578 0.0712 0.7498
vn 0.3912 0.0219 0.9200
vn 0.4181 0.1987 0.8864
vn 0.6798 0.2010 0.7053
vn 0.8520 0.1281 0.5076
vn 0.8572 0.2098 0.4703
vn 0.6904 -0.0532 0.7214
vn 0.3938 -0.1511 0.9067
vn 0.4002 -0.1286 0.9074
vn 0.7187 -0.0364 0.6944
vn 0.8771 0.0660 0.4758
vn 0.8988 0.0813 0.4307
vn 0.3760 -0.0092 0.9266
vn 0.3796 0.2612 0.8875
vn 0.4165 0.5696 0.7085
vn 0.6787 0.4759 0.5594
vn 0.6378 0.2408 0.7316
vn 0.8405 0.3209 0.4365
vn 0.8943 0.1673 0.4150
vn 0.7024 0.0690 0.7085
vn 0.8657 0.2355 0.4417
vn -0.5012 0.2252 0.8355
vn -0.1585 0.3640 0.9178
vn -0.5950 0.7167 0.3637
vn -0.6929 0.6620 0.2855
vn 0.0241 -0.3841 0.9230
vn 0.0656 -0.3198 0.9452
vn -0.4786 0.8103 -0.3382
vn 0.3704 0.6535 -0.6601
vn -0.1005 0.8744 0.4747
vn -0.5139 0.7753 -0.3672
vn 0.4006 -0.8193 0.4101
vn 0.6435 -0.0895 -0.7602
vn 0.6736 0.0095 0.7390
vn 0.4995 -0.7728 0.3915
vn -0.7745 0.6024 0.1929
vn -0.5744 0.2039 0.7928
vn -0.5893 0.7228 -0.3608
vn -0.9976 -0.0693 -0.0025
vn -0.7263 0.0919 0.6812
vn -0.3994 -0.8404 0.3662
vn 0.1250 0.0249 -0.9918
vn 0.1861 -0.8236 -0.5357
vn -0.4721 -0.8703 -0.1404
vn -0.9811 -0.1543 0.1164
vn -0.4009 -0.7616 0.5092
vn -0.0579 -0.1498 -0.9870
vn 0.4417 -0.6546 -0.6135
vn -0.0059 -0.4545 0.8907
vn 0.5234 -0.7567 0.3916
vn 0.9100 0.3182 -0.2659
vn 0.6936 0.3439 0.6330
vn 0.5457 0.7668 0.3380
vn 0.4306 0.7243 -0.5384
vn 0.0986 0.8564 0.5067
vn 0.3819 0.2382 0.8930
vn 0.5861 0.7358 0.3392
vn 0.4721 0.7720 0.4255
vn 0.0710 0.3274 0.9422
vn -0.0975 -0.4208 0.9019
vn -0.0944 -0.3962 0.9133
vn 0.3855 0.8804 -0.2762
vn -0.3732 0.7816 -0.4998
vn 0.1793 0.9287 0.3245
vn 0.4638 0.8318 -0.3051
vn -0.3960 -0.8685 0.2982
vn -0.4893 -0.5136 0.7048
vn -0.4571 -0.8406 0.2907
vn 0.7296 0.6367 0.2496
vn 0.4939 0.2045 0.8451
vn 0.5326 0.7636 -0.3650
vn 0.9982 0.0451 -0.0387
vn 0.7243 0.0190 0.6893
vn 0.3301 -0.8257 0.4575
vn -0.2738 0.0382 -0.9610
vn -0.1028 -0.9102 -0.4013
vn 0.5411 -0.8123 -0.2177
vn 0.9913 -0.0770 0.1063
vn 0.3392 -0.7469 0.5719
vn 0.2924 -0.2397 -0.9257
vn -0.2199 -0.7463 -0.6283
vn -0.0698 -0.4736 0.8780
vn -0.5426 -0.7763 0.3209
vn -0.8921 0.3051 -0.3334
vn -0.5318 0.7521 0.3894
vn -0.3893 0.3304 0.8598
vn -0.7243 0.5637 -0.3969
vn -0.3052 0.7074 0.6375
vn -0.6575 -0.5253 -0.5402
vn -0.9555 0.2929 -0.0342
vn -0.8325 0.2927 0.4705
vn -0.7321 0.4983 0.4645
vn -0.7537 -0.2799 -0.5947
vn -0.5772 0.6671 0.4710
vn -0.7696 -0.0015 -0.6385
vn -0.3750 0.7807 0.4999
vn -0.6997 0.2668 -0.6627
vn -0.1522 0.8267 0.5417
vn -0.5518 0.5028 -0.6654
vn 0.0716 0.8013 0.5939
vn -0.3406 0.6831 -0.6461
vn 0.2746 0.7068 0.6519
vn -0.0867 0.7902 -0.6066
vn 0.4368 0.5525 0.7099
vn 0.1851 0.8137 -0.5510
vn 0.5424 0.3536 0.7621
vn 0.4482 0.7511 -0.4847
vn 0.5811 0.1294 0.8035
vn 0.6767 0.6087 -0.4141
vn 0.5490 -0.0981 0.8300
vn 0.8485 0.4003 -0.3461
vn 0.4494 -0.3066 0.8391
vn 0.9465 0.1463 -0.2875
vn 0.2919 -0.4757 0.8297
vn 0.9613 -0.1283 -0.2439
vn 0.0920 -0.5889 0.8030
vn 0.8913 -0.3967 -0.2196
vn -0.1308 -0.6349 0.7614
vn 0.7435 -0.6326 -0.2170
vn -0.3546 -0.6096 0.7090
vn 0.5323 -0.8129 -0.2362
vn -0.5575 -0.5150 0.6511
vn 0.2784 -0.9201 -0.2756
vn -0.7197 -0.3607 0.5932
vn 0.0064 -0.9435 -0.3312
vn -0.8254 -0.1617 0.5409
vn -0.2566 -0.8810 -0.3975
vn -0.8641 0.0624 0.4995
vn -0.2100 0.1423 0.9673
vn 0.2100 -0.1423 -0.9673
vn 0.8275 0.5583 -0.0595
vn 0.7321 0.4983 0.4645
vn 0.8325 0.2927 0.4705
vn 0.0137 0.8054 -0.5926
vn 0.8671 -0.1442 -0.4768
vn 0.5772 0.6671 0.4710
vn 0.8425 0.1538 -0.5163
vn 0.3750 0.7807 0.4999
vn 0.7296 0.4295 -0.5321
vn 0.1522 0.8267 0.5417
vn 0.5390 0.6590 -0.5246
vn -0.0716 0.8013 0.5939
vn 0.2894 0.8198 -0.4941
vn -0.2746 0.7068 0.6519
vn 0.0054 0.8962 -0.4436
vn -0.4368 0.5525 0.7099
vn -0.2853 0.8807 -0.3782
vn -0.5424 0.3536 0.7621
vn -0.5543 0.7748 -0.3042
vn -0.5811 0.1294 0.8035
vn -0.7752 0.5888 -0.2288
vn -0.5490 -0.0981 0.8300
vn -0.9264 0.3410 -0.1595
vn -0.4494 -0.3066 0.8391
vn -0.9931 0.0556 -0.1031
vn -0.2919 -0.4757 0.8298
vn -0.9688 -0.2393 -0.0649
vn -0.0920 -0.5889 0.8030
vn -0.8558 -0.5150 -0.0488
vn 0.1308 -0.6349 0.7614
vn -0.6652 -0.7445 -0.0565
vn 0.3546 -0.6096 0.7090
vn -0.4156 -0.9054 -0.0869
vn 0.5575 -0.5150 0.6511
vn -0.1316 -0.9817 -0.1374
vn 0.7197 -0.3607 0.5932
vn 0.1591 -0.9662 -0.2028
vn 0.8254 -0.1617 0.5409
vn 0.4282 -0.8603 -0.2769
vn 0.8641 0.0624 0.4995
vn 0.2100 0.1423 0.9673
vn -0.2100 -0.1423 -0.9673
vn -0.9500 0.2941 -0.1049
vn -0.7813 0.2340 0.5786
vn -0.6990 0.4069 0.5881
vn -0.8966 0.4344 -0.0855
vn -0.4914 0.1921 0.8495
vn -0.4310 0.2446 0.8686
vn -0.5062 0.6374 0.5809
vn -0.4220 0.9066 -0.0067
vn -0.5203 0.1549 0.8398
vn -0.8367 0.1247 0.5332
vn -0.9881 0.0618 -0.1411
vn -0.5436 0.3649 0.7559
vn 0.7249 0.4852 0.4889
vn -0.5526 0.1403 0.8216
vn -0.8607 0.0672 0.5046
vn -0.9867 -0.0577 -0.1517
vn -0.9796 -0.1737 -0.1011
vn -0.8388 0.0159 0.5443
vn -0.8136 -0.1130 0.5704
vn -0.5628 0.1266 0.8169
vn -0.5461 0.0977 0.8320
vn -0.5192 0.0239 0.8543
vn -0.7107 -0.3501 0.6102
vn -0.9134 -0.4045 -0.0463
vn -0.7316 -0.6142 0.2960
vn -0.5531 -0.5003 -0.6662
vn -0.5116 -0.7987 -0.3168
vn -0.5756 0.1358 0.8064
vn -0.7516 0.1062 0.6510
vn -0.1261 0.9920 0.0007
vn -0.6130 -0.2776 -0.7397
vn -0.6241 -0.1570 -0.7654
vn -0.6300 -0.0461 -0.7752
vn -0.3828 -0.7584 0.5275
vn -0.6885 0.2373 0.6854
vn -0.6041 0.1730 -0.7779
vn -0.5663 0.2987 -0.7681
vn -0.0448 -0.8653 0.4992
vn 0.0250 -0.9854 0.1683
vn 0.0197 -0.9880 0.1530
vn -0.0161 -0.8514 0.5243
vn -0.0594 -0.3030 0.9511
vn -0.1268 -0.3259 0.9369
vn -0.0829 -0.8611 0.5017
vn -0.1904 -0.3385 0.9215
vn -0.6691 -0.4110 0.6192
vn -0.0754 0.1654 0.9833
vn -0.0790 0.1866 0.9793
vn -0.6982 -0.6466 0.3073
vn -0.0844 0.1612 0.9833
vn -0.2664 -0.9087 0.3213
vn 0.0618 -0.9149 0.3989
vn -0.0854 0.1384 0.9867
vn -0.2245 -0.2476 0.9425
vn 0.5318 0.1738 0.8288
vn -0.1078 0.1477 0.9831
vn 0.4274 -0.8018 0.4177
vn -0.1645 0.6949 0.7000
vn -0.0822 0.3418 0.9362
vn -0.0513 0.8361 0.5462
vn -0.0263 0.9996 -0.0121
vn -0.0072 0.9989 -0.0456
vn 0.0838 0.8533 -0.5147
vn 0.0853 0.8715 -0.4830
vn -0.0537 0.9983 0.0223
vn 0.0309 0.8378 -0.5451
vn -0.0000 0.1721 0.9851
vn -0.0000 0.3483 0.9374
vn 0.0661 0.8657 -0.4962
vn -0.1431 0.9890 0.0366
vn -0.2157 0.6742 0.7064
vn 0.6904 -0.5758 0.4379
vn -0.3169 0.6407 0.6993
vn 0.5500 0.3282 0.7680
vn -0.2823 0.4512 0.8466
vn -0.1514 0.7807 -0.6063
vn -0.0000 0.8476 0.5306
vn -0.0000 0.9978 -0.0657
vn -0.0096 0.8242 -0.5662
vn 0.0513 0.8361 0.5462
vn 0.0823 0.3418 0.9362
vn 0.1645 0.6949 0.7001
vn 0.0263 0.9996 -0.0121
vn 0.0073 0.9989 -0.0456
vn -0.0802 0.8514 -0.5183
vn -0.0844 0.8717 -0.4827
vn 0.0537 0.9983 0.0223
vn -0.0310 0.8390 -0.5432
vn 0.1078 0.1477 0.9831
vn -0.0672 0.8650 -0.4972
vn 0.1431 0.9890 0.0366
vn 0.2157 0.6742 0.7064
vn 0.7704 0.4973 0.3989
vn 0.8728 0.4821 0.0761
vn 0.0853 0.1385 0.9867
vn 0.0844 0.1612 0.9833
vn 0.5570 0.8304 -0.0150
vn 0.2234 0.9740 0.0370
vn 0.0791 0.1867 0.9792
vn -0.1317 0.9815 0.1392
vn 0.0754 0.1654 0.9833
vn 0.0594 -0.3030 0.9511
vn 0.1268 -0.3259 0.9369
vn 0.0448 -0.8653 0.4992
vn 0.0829 -0.8611 0.5017
vn 0.1904 -0.3385 0.9215
vn 0.0161 -0.8514 0.5243
vn -0.0197 -0.9880 0.1530
vn -0.0250 -0.9854 0.1683
vn -0.4949 0.8430 0.2110
vn -0.6701 0.6470 0.3638
vn 0.1903 -0.7793 0.5970
vn 0.0622 -0.9708 0.2318
vn 0.4286 -0.6193 0.6578
vn 0.3036 -0.9295 0.2094
vn -0.1060 -0.9666 -0.2335
vn 0.0654 -0.9464 -0.3162
vn 0.4759 -0.8599 0.1847
vn 0.5116 -0.7987 -0.3168
vn 0.7011 -0.3570 0.6173
vn 0.5192 0.0239 0.8543
vn 0.8136 -0.1130 0.5704
vn 0.5461 0.0977 0.8320
vn 0.9134 -0.4045 -0.0463
vn 0.5538 -0.4992 -0.6664
vn 0.5628 0.1266 0.8169
vn 0.8387 0.0159 0.5443
vn 0.9796 -0.1737 -0.1011
vn 0.5756 0.1358 0.8064
vn 0.2719 -0.6746 0.6863
vn 0.7391 0.0822 0.6686
vn 0.8608 0.0678 0.5045
vn 0.9867 -0.0577 -0.1517
vn 0.9881 0.0618 -0.1411
vn 0.8367 0.1247 0.5332
vn 0.9500 0.2941 -0.1049
vn 0.7813 0.2340 0.5786
vn 0.6980 0.4058 0.5900
vn 0.7892 0.5895 0.1722
vn 0.4914 0.1921 0.8495
vn 0.4310 0.2446 0.8686
vn 0.5062 0.6374 0.5809
vn 0.4219 0.9066 -0.0067
vn 0.5203 0.1549 0.8398
vn 0.8354 -0.1237 0.5356
vn 0.6510 0.2698 0.7095
vn 0.5526 0.1402 0.8216
vn 0.6256 -0.1531 -0.7650
vn 0.6138 -0.2730 -0.7407
vn 0.7276 0.1004 0.6787
vn 0.2872 -0.9240 0.2523
vn 0.6329 -0.0416 -0.7731
vn 0.6075 0.1807 -0.7735
vn 0.6005 0.5671 -0.5637
vn 0.2416 0.1684 -0.9557
vn 0.2366 0.3070 -0.9218
vn 0.2807 0.3184 -0.9055
vn -0.5411 -0.7095 -0.4515
vn 0.2041 0.3251 -0.9234
vn -0.7285 -0.4916 -0.4772
vn 0.1334 0.2981 -0.9452
vn -0.8440 -0.2261 -0.4864
vn 0.0687 0.2475 -0.9664
vn -0.8433 0.0258 -0.5368
vn 0.6054 0.3650 -0.7073
vn 0.1643 0.2240 -0.9606
vn 0.0038 -0.0226 -0.9997
vn 0.1555 0.0153 -0.9877
vn 0.4725 0.6104 -0.6357
vn -0.0040 -0.1336 -0.9910
vn 0.2912 0.7032 -0.6486
vn 0.0197 -0.1715 -0.9850
vn 0.0698 0.6499 -0.7568
vn 0.0319 -0.2096 -0.9773
vn -0.0936 0.3684 -0.9249
vn 0.0525 -0.3223 -0.9452
vn -0.1406 0.0814 -0.9867
vn 0.0725 -0.3814 -0.9216
vn 0.2585 -0.5486 -0.7952
vn 0.2500 -0.4354 -0.8648
vn 0.2751 -0.5482 -0.7898
vn 0.2281 -0.4732 -0.8509
vn -0.6616 -0.2073 -0.7207
vn 0.2113 -0.5381 -0.8160
vn -0.7275 -0.3565 -0.5862
vn 0.1360 -0.5172 -0.8450
vn 0.0560 -0.5103 -0.8582
vn -0.0000 -0.1549 -0.9879
vn 0.3729 -0.0008 -0.9279
vn -0.3045 -0.7099 -0.6351
vn -0.0000 -0.1520 -0.9884
vn -0.3073 -0.8136 -0.4936
vn -0.0000 -0.1725 -0.9850
vn -0.0000 -0.1748 -0.9846
vn 0.3447 -0.4678 -0.8139
vn -0.0000 0.2146 -0.9767
vn 0.0083 -0.4691 -0.8831
vn 0.3073 -0.8136 -0.4936
vn -0.2237 -0.1414 -0.9643
vn 0.0067 -0.9359 -0.3522
vn -0.0655 0.2435 -0.9677
vn -0.3729 -0.0008 -0.9279
vn -0.4633 -0.8609 -0.2101
vn -0.7457 -0.6490 -0.1506
vn -0.1531 0.2937 -0.9436
vn -0.9344 -0.3487 -0.0734
vn -0.2210 0.3262 -0.9191
vn -0.9983 -0.0544 -0.0195
vn -0.2895 0.3247 -0.9004
vn -0.9900 0.1330 -0.0467
vn -0.2308 0.2893 -0.9290
vn -0.9586 0.2709 -0.0875
vn -0.1620 0.0594 -0.9850
vn -0.0051 -0.0250 -0.9997
vn -0.8895 0.4387 -0.1279
vn -0.7238 0.6534 -0.2217
vn 0.0126 -0.1268 -0.9918
vn -0.4542 0.8111 -0.3685
vn -0.0201 -0.1726 -0.9848
vn -0.1851 0.8495 -0.4940
vn -0.0342 -0.2098 -0.9771
vn 0.0469 0.8144 -0.5785
vn -0.0533 -0.3225 -0.9451
vn 0.2420 0.7479 -0.6182
vn -0.2203 -0.3888 -0.8946
vn -0.2598 -0.5489 -0.7945
vn 0.4265 0.6523 -0.6266
vn -0.2789 -0.5443 -0.7912
vn 0.6618 0.4651 -0.5880
vn 0.8494 0.1702 -0.4996
vn -0.2115 -0.5374 -0.8164
vn 0.8831 -0.1560 -0.4424
vn -0.1362 -0.5150 -0.8463
vn -0.0636 -0.4973 -0.8652
vn -0.0644 -0.9467 -0.3155
vn -0.3036 -0.9295 0.2094
vn 0.1058 -0.9666 -0.2335
vn -0.0622 -0.9708 0.2318
vn -0.4286 -0.6194 0.6578
vn -0.4272 -0.1040 0.8982
vn -0.1903 -0.7794 0.5969
vn -0.3027 -0.2406 0.9222
vn 0.0008 -0.9815 0.1914
vn 0.1159 -0.9581 -0.2619
vn -0.6307 -0.0240 0.7756
vn -0.2753 -0.3733 0.8859
vn -0.6123 0.7904 -0.0200
vn -0.7746 0.6324 -0.0011
vn 0.1123 -0.9501 -0.2911
vn 0.1250 -0.9377 -0.3243
vn -0.0000 -0.9895 0.1444
vn -0.0000 -0.8541 0.5202
vn -0.0000 -0.3200 0.9474
vn -0.0000 0.1480 0.9890
vn -0.0000 0.1732 0.9849
vn -0.0000 0.1716 0.9852
vn -0.0000 0.1699 0.9855
vn -0.0000 -0.9390 -0.3438
vn -0.1019 -0.9523 -0.2878
vn -0.1515 -0.9512 -0.2688
vn -0.1244 -0.9596 -0.2523
vn -0.0008 -0.9815 0.1914
vn 0.1493 0.7883 -0.5969
vn 0.4272 -0.1040 0.8982
vn 0.3027 -0.2406 0.9222
vn 0.0674 -0.3402 0.9379
vn -0.6427 -0.4010 0.6528
vn 0.5017 -0.1013 0.8591
vn 0.3706 -0.1666 0.9137
vn 0.2124 0.5020 0.8384
vn -0.5771 0.1292 0.8064
vn -0.5500 0.3281 0.7680
vn 0.3169 0.6407 0.6993
vn -0.9166 -0.2633 0.3010
vn -0.2224 -0.3375 0.9147
vn -0.9069 -0.0928 -0.4111
vn -0.4866 0.2170 -0.8462
vn -0.8418 -0.0890 -0.5324
vn -0.3888 0.2304 -0.8921
vn -0.4953 -0.0426 0.8677
vn -0.0921 -0.3352 0.9376
vn -0.3377 -0.0609 0.9393
vn 0.0085 -0.3563 0.9343
vn 0.1566 -0.3460 0.9251
vn -0.6873 -0.2460 0.6834
vn 0.3081 -0.3425 0.8876
vn -0.5817 -0.1697 0.7955
vn 0.1880 -0.0084 0.9821
vn 0.4319 -0.3688 0.8231
vn 0.3847 -0.0600 0.9211
vn 0.5447 -0.3995 0.7373
vn 0.5576 -0.1155 0.8220
vn 0.6324 -0.4451 0.6340
vn 0.6971 -0.1374 0.7036
vn 0.7219 -0.4657 0.5119
vn 0.7240 -0.2157 0.6552
vn 0.7956 -0.4768 0.3737
vn 0.8666 -0.1439 0.4778
vn 0.8453 -0.4764 0.2418
vn 0.9262 -0.1337 0.3526
vn 0.8755 -0.4767 0.0787
vn 0.9678 -0.1421 0.2080
vn 0.8756 -0.4765 -0.0795
vn 0.9795 -0.1914 0.0636
vn 0.8371 -0.4979 -0.2268
vn 0.9692 -0.2329 -0.0796
vn 0.7682 -0.5214 -0.3716
vn 0.9420 -0.2569 -0.2160
vn 0.6751 -0.5339 -0.5092
vn 0.8971 -0.2539 -0.3616
vn 0.5679 -0.5282 -0.6312
vn 0.8375 -0.2378 -0.4919
vn 0.4552 -0.5187 -0.7237
vn 0.7871 -0.2116 -0.5794
vn 0.3593 -0.5103 -0.7813
vn 0.7458 -0.1918 -0.6380
vn 0.2831 -0.5024 -0.8170
vn 0.6981 -0.1863 -0.6914
vn 0.2003 -0.4930 -0.8467
vn 0.6268 -0.2088 -0.7507
vn 0.1229 -0.5019 -0.8561
vn 0.6717 -0.2659 0.6915
vn 0.7674 0.2879 0.5729
vn -0.9593 -0.2412 -0.1467
vn -0.5965 -0.3306 0.7314
vn -0.8630 -0.0910 -0.4969
vn -0.1319 0.2557 -0.9577
vn -0.6862 -0.2601 0.6793
vn -0.6613 0.3705 0.6522
vn -0.8697 -0.0309 0.4927
vn -0.4970 -0.3200 0.8066
vn 0.6900 0.7061 -0.1593
vn 0.6667 0.6981 -0.2609
vn 0.6996 0.7107 -0.0747
vn 0.6285 0.6879 -0.3630
vn 0.5845 0.6737 -0.4522
vn 0.5324 0.6584 -0.5320
vn 0.4506 0.6451 -0.6171
vn 0.3300 0.6430 -0.6912
vn 0.2079 0.6506 -0.7304
vn 0.1034 0.6666 -0.7382
vn -0.0040 0.6753 -0.7375
vn -0.1025 0.6730 -0.7325
vn -0.1911 0.6589 -0.7276
vn -0.2975 0.6554 -0.6942
vn -0.4113 0.6612 -0.6274
vn -0.4986 0.6774 -0.5409
vn -0.5590 0.6959 -0.4508
vn -0.6077 0.7140 -0.3478
vn -0.6466 0.7259 -0.2343
vn -0.6666 0.7333 -0.1336
vn -0.6767 0.7335 -0.0643
vn -0.6791 0.7340 -0.0086
vn -0.6731 0.7369 0.0621
vn -0.6532 0.7440 0.1406
vn -0.6817 0.7049 0.1962
vn -0.7683 -0.6327 -0.0971
vn -0.7346 -0.6443 -0.2126
vn -0.7600 -0.6442 0.0862
vn -0.7707 -0.6371 0.0071
vn -0.7422 -0.6321 0.2228
vn -0.7502 -0.6436 0.1515
vn -0.7285 -0.5984 0.3336
vn -0.7198 -0.6280 0.2958
vn -0.6728 -0.6641 -0.3261
vn -0.5859 -0.6873 -0.4293
vn -0.4859 -0.7038 -0.5182
vn -0.3799 -0.7112 -0.5915
vn -0.2631 -0.7127 -0.6503
vn -0.1440 -0.7088 -0.6905
vn -0.0240 -0.7006 -0.7131
vn 0.1078 -0.7104 -0.6955
vn 0.2422 -0.7190 -0.6515
vn 0.3673 -0.7228 -0.5853
vn 0.4769 -0.7209 -0.5028
vn 0.5696 -0.7118 -0.4110
vn 0.6459 -0.6936 -0.3189
vn 0.7001 -0.6789 -0.2214
vn 0.7358 -0.6665 -0.1196
vn 0.7476 -0.6639 -0.0168
vn 0.7453 -0.6624 0.0752
vn 0.6979 0.7162 -0.0088
vn 0.6914 0.7198 0.0614
vn 0.6722 0.7272 0.1391
vn 0.7006 0.6866 0.1943
vn 0.7290 -0.6476 0.2216
vn 0.7077 -0.6409 0.2974
vn 0.7151 -0.6119 0.3379
vn 0.7336 -0.6627 0.1506
vn -0.3466 -0.9379 -0.0161
vt 0.654930 0.763738
vt 0.654930 0.737273
vt 0.665695 0.750164
vt 0.665695 0.737273
vt 0.665695 0.763738
vt 0.641897 0.752940
vt 0.630492 0.765961
vt 0.630492 0.752940
vt 0.641897 0.779350
vt 0.630492 0.779350
vt 0.512339 0.765866
vt 0.504847 0.765335
vt 0.506382 0.752458
vt 0.512473 0.752554
vt 0.504106 0.740700
vt 0.511308 0.740700
vt 0.512091 0.779361
vt 0.504611 0.779321
vt 0.511367 0.789618
vt 0.503926 0.789618
vt 0.504627 0.748876
vt 0.503943 0.743454
vt 0.497295 0.779315
vt 0.497434 0.765872
vt 0.488413 0.765909
vt 0.488212 0.779278
vt 0.496723 0.789618
vt 0.487980 0.789618
vt 0.487889 0.752596
vt 0.496831 0.752558
vt 0.487898 0.740704
vt 0.496665 0.740704
vt 0.479120 0.779316
vt 0.479208 0.765890
vt 0.475369 0.765842
vt 0.475369 0.779416
vt 0.479136 0.789618
vt 0.475369 0.789618
vt 0.475369 0.752951
vt 0.478843 0.752704
vt 0.475369 0.740704
vt 0.479079 0.740704
vt 0.503005 0.752424
vt 0.503293 0.740704
vt 0.371435 0.020789
vt 0.363844 0.038717
vt 0.363875 0.013352
vt 0.369325 0.013352
vt 0.370272 0.038717
vt 0.371270 0.013352
vt 0.376525 0.038717
vt 0.378194 0.013352
vt 0.384637 0.038717
vt 0.385645 0.013352
vt 0.393219 0.013352
vt 0.392896 0.038717
vt 0.396515 0.038717
vt 0.396535 0.013352
vt 0.373038 0.013352
vt 0.358156 0.013352
vt 0.357595 0.038717
vt 0.351383 0.038717
vt 0.352459 0.013352
vt 0.345364 0.020789
vt 0.347122 0.013352
vt 0.344982 0.038717
vt 0.345301 0.013352
vt 0.343448 0.013352
vt 0.338574 0.038717
vt 0.338061 0.013352
vt 0.332661 0.013352
vt 0.332677 0.038717
vt 0.326945 0.013352
vt 0.326435 0.038717
vt 0.319643 0.020789
vt 0.320027 0.038717
vt 0.313625 0.038717
vt 0.312547 0.013352
vt 0.307414 0.038717
vt 0.306851 0.013352
vt 0.301131 0.013352
vt 0.301165 0.038717
vt 0.293572 0.020789
vt 0.295681 0.013352
vt 0.294737 0.038717
vt 0.293735 0.013352
vt 0.288484 0.038717
vt 0.291968 0.013352
vt 0.286812 0.013352
vt 0.279368 0.013352
vt 0.280363 0.038717
vt 0.272100 0.038717
vt 0.271797 0.013352
vt 0.268480 0.013352
vt 0.268480 0.038717
vt 0.589253 0.765485
vt 0.581751 0.765871
vt 0.581868 0.752854
vt 0.587953 0.753212
vt 0.583214 0.741077
vt 0.590462 0.741077
vt 0.589240 0.779321
vt 0.581755 0.779361
vt 0.589763 0.789618
vt 0.582314 0.789618
vt 0.590523 0.742979
vt 0.589760 0.749864
vt 0.574921 0.779356
vt 0.575446 0.789618
vt 0.576210 0.741077
vt 0.575383 0.752604
vt 0.574980 0.765896
vt 0.568576 0.789618
vt 0.568146 0.779375
vt 0.560780 0.779350
vt 0.560898 0.765357
vt 0.568268 0.765866
vt 0.561131 0.789618
vt 0.562739 0.752461
vt 0.568874 0.752559
vt 0.562208 0.741077
vt 0.569229 0.741077
vt 0.561618 0.743427
vt 0.561242 0.748948
vt 0.561334 0.740704
vt 0.559479 0.752462
vt 0.553660 0.789618
vt 0.553421 0.779372
vt 0.546731 0.779281
vt 0.546648 0.789618
vt 0.540420 0.779376
vt 0.540003 0.789618
vt 0.540554 0.765865
vt 0.546866 0.765895
vt 0.540972 0.752547
vt 0.546993 0.752704
vt 0.540322 0.740704
vt 0.547074 0.740704
vt 0.553549 0.765866
vt 0.553383 0.752563
vt 0.554193 0.740704
vt 0.533059 0.779350
vt 0.533211 0.765347
vt 0.525832 0.765866
vt 0.525693 0.779375
vt 0.532537 0.789618
vt 0.525097 0.789618
vt 0.525477 0.752539
vt 0.531620 0.752409
vt 0.525276 0.740700
vt 0.532291 0.740700
vt 0.533164 0.748885
vt 0.532858 0.743456
vt 0.518922 0.779356
vt 0.519113 0.765896
vt 0.518961 0.752604
vt 0.518299 0.740700
vt 0.518229 0.789618
vt 0.534880 0.752412
vt 0.533175 0.740704
vt 0.605632 0.779278
vt 0.596558 0.779315
vt 0.596648 0.765877
vt 0.605674 0.765909
vt 0.605706 0.789618
vt 0.596968 0.789618
vt 0.597504 0.752858
vt 0.606442 0.752596
vt 0.597811 0.741078
vt 0.606597 0.741078
vt 0.591128 0.741078
vt 0.591332 0.753162
vt 0.614729 0.779298
vt 0.614522 0.789618
vt 0.619430 0.789618
vt 0.619430 0.779350
vt 0.614886 0.765902
vt 0.619430 0.765961
vt 0.615492 0.752703
vt 0.619430 0.752940
vt 0.615424 0.741078
vt 0.619430 0.741078
vt 0.317884 0.013352
vt 0.319705 0.013352
vt 0.321558 0.013352
vt 0.437376 0.409066
vt 0.444475 0.424742
vt 0.431089 0.426563
vt 0.428864 0.415181
vt 0.417152 0.414342
vt 0.414964 0.429233
vt 0.420424 0.400620
vt 0.405867 0.400358
vt 0.405866 0.414429
vt 0.405866 0.431702
vt 0.405867 0.391249
vt 0.420423 0.388330
vt 0.436518 0.392819
vt 0.432543 0.382699
vt 0.444930 0.378617
vt 0.436751 0.371773
vt 0.405867 0.370023
vt 0.419397 0.370494
vt 0.414621 0.449781
vt 0.429176 0.447735
vt 0.441914 0.447182
vt 0.405867 0.451359
vt 0.449230 0.357366
vt 0.438597 0.356751
vt 0.405866 0.462372
vt 0.437722 0.457064
vt 0.425249 0.459307
vt 0.450313 0.347553
vt 0.397112 0.449781
vt 0.396689 0.429255
vt 0.394580 0.414342
vt 0.380849 0.426426
vt 0.382869 0.415181
vt 0.374357 0.409066
vt 0.367257 0.424742
vt 0.391309 0.400620
vt 0.391310 0.388330
vt 0.375215 0.392819
vt 0.379190 0.382699
vt 0.366803 0.378617
vt 0.374982 0.371774
vt 0.392317 0.370824
vt 0.369819 0.447182
vt 0.382557 0.447735
vt 0.362503 0.357366
vt 0.373136 0.356751
vt 0.374011 0.457064
vt 0.386484 0.459307
vt 0.361420 0.347553
vt 0.392680 0.357878
vt 0.405866 0.355211
vt 0.419053 0.357878
vt 0.884754 0.085924
vt 0.884611 0.106434
vt 0.864511 0.100280
vt 0.866829 0.083407
vt 0.902968 0.088366
vt 0.906215 0.109767
vt 0.843854 0.091731
vt 0.848029 0.077134
vt 0.823905 0.081342
vt 0.828944 0.068519
vt 0.920452 0.086020
vt 0.923821 0.109911
vt 0.936570 0.082394
vt 0.945130 0.107578
vt 0.956336 0.078285
vt 0.965866 0.102051
vt 0.975707 0.070183
vt 0.985778 0.095081
vt 0.820954 0.088798
vt 0.840478 0.098282
vt 0.863732 0.110796
vt 0.883568 0.119241
vt 0.905342 0.123358
vt 0.950415 0.126400
vt 0.971925 0.121648
vt 0.993412 0.113885
vt 0.926592 0.126507
vt 0.963229 0.047127
vt 0.947306 0.056351
vt 0.939934 0.042667
vt 0.953122 0.032761
vt 0.930547 0.029878
vt 0.940249 0.019791
vt 0.920611 0.008491
vt 0.916585 0.019201
vt 0.913666 0.027293
vt 0.922068 0.035772
vt 0.926790 0.049521
vt 0.911414 0.039624
vt 0.913451 0.053700
vt 0.901294 0.028491
vt 0.900983 0.041038
vt 0.890522 0.039849
vt 0.888296 0.054048
vt 0.900887 0.055185
vt 0.887932 0.027258
vt 0.879815 0.036070
vt 0.875050 0.050322
vt 0.860931 0.043498
vt 0.869310 0.030310
vt 0.885543 0.018900
vt 0.880053 0.008787
vt 0.859268 0.021255
vt 0.846938 0.034629
vt 0.900436 0.005135
vt 0.900504 0.017628
vt 0.854646 0.057494
vt 0.871190 0.064002
vt 0.886151 0.069379
vt 0.900931 0.072294
vt 0.838331 0.048382
vt 0.916159 0.069928
vt 0.931626 0.063961
vt 0.115730 0.780755
vt 0.131090 0.768618
vt 0.139793 0.778791
vt 0.123793 0.794003
vt 0.154188 0.762496
vt 0.144552 0.752526
vt 0.099557 0.790104
vt 0.107132 0.809361
vt 0.084337 0.797995
vt 0.090199 0.820042
vt 0.068157 0.804281
vt 0.072135 0.828744
vt 0.051503 0.808332
vt 0.053903 0.834601
vt 0.032062 0.812395
vt 0.032730 0.837824
vt 0.012100 0.812460
vt 0.012454 0.838690
vt 0.113563 0.822572
vt 0.094810 0.835835
vt 0.131374 0.804692
vt 0.147964 0.786444
vt 0.160164 0.767178
vt 0.076086 0.845601
vt 0.054742 0.853424
vt 0.033956 0.857152
vt 0.012690 0.859083
vt 0.032313 0.788474
vt 0.013505 0.786423
vt 0.033343 0.773166
vt 0.047859 0.774413
vt 0.047056 0.759106
vt 0.057480 0.758810
vt 0.050556 0.748560
vt 0.062317 0.744225
vt 0.067213 0.756103
vt 0.076165 0.750655
vt 0.073270 0.738052
vt 0.084694 0.742970
vt 0.091735 0.733565
vt 0.073334 0.729848
vt 0.072831 0.717899
vt 0.097517 0.720950
vt 0.114296 0.728378
vt 0.105180 0.742460
vt 0.094956 0.754190
vt 0.084416 0.763284
vt 0.073423 0.769402
vt 0.061077 0.773134
vt 0.052662 0.722626
vt 0.058578 0.735031
vt 0.044255 0.742821
vt 0.035671 0.734191
vt 0.036121 0.757487
vt 0.022437 0.752256
vt 0.016599 0.769347
vt 0.064515 0.787856
vt 0.079676 0.783601
vt 0.092231 0.776069
vt 0.104404 0.765685
vt 0.115970 0.752143
vt 0.127779 0.737942
vt 0.049519 0.789563
vt 0.268228 0.083471
vt 0.272741 0.079444
vt 0.289155 0.093390
vt 0.285935 0.098355
vt 0.311202 0.102569
vt 0.308232 0.109268
vt 0.252990 0.062141
vt 0.258174 0.060026
vt 0.247238 0.039294
vt 0.253093 0.039081
vt 0.332936 0.111832
vt 0.331484 0.117644
vt 0.358950 0.118619
vt 0.358089 0.124676
vt 0.384383 0.120046
vt 0.384609 0.126895
vt 0.411761 0.118880
vt 0.412123 0.124667
vt 0.438284 0.120223
vt 0.437611 0.114216
vt 0.463864 0.113468
vt 0.462677 0.108110
vt 0.490141 0.105495
vt 0.489320 0.098709
vt 0.515932 0.095023
vt 0.513872 0.088740
vt 0.543206 0.080542
vt 0.539990 0.076100
vt 0.567523 0.063278
vt 0.564585 0.059522
vt 0.582342 0.039778
vt 0.578873 0.038187
vt 0.586973 0.015075
vt 0.581161 0.014538
vt 0.547976 0.085556
vt 0.520052 0.100720
vt 0.579190 0.069988
vt 0.491356 0.113932
vt 0.464611 0.123169
vt 0.438366 0.129769
vt 0.411756 0.132425
vt 0.383703 0.134360
vt 0.353508 0.133342
vt 0.328169 0.129372
vt 0.299385 0.122593
vt 0.262109 0.106749
vt 0.252887 0.086675
vt 0.245285 0.062632
vt 0.241615 0.038152
vt 0.381353 0.148519
vt 0.346995 0.148604
vt 0.321690 0.146176
vt 0.289405 0.140734
vt 0.222701 0.061044
vt 0.225340 0.037576
vt 0.218704 0.083546
vt 0.214316 0.106486
vt 0.253233 0.137416
vt 0.211981 0.132480
vt 0.279313 0.169508
vt 0.245364 0.165755
vt 0.275385 0.198815
vt 0.241665 0.197275
vt 0.273858 0.221132
vt 0.237448 0.220818
vt 0.208010 0.195453
vt 0.207678 0.219425
vt 0.304938 0.219664
vt 0.307856 0.198887
vt 0.334847 0.216453
vt 0.337509 0.195758
vt 0.366953 0.211722
vt 0.371092 0.188694
vt 0.396038 0.206123
vt 0.402113 0.182296
vt 0.427060 0.198811
vt 0.430645 0.176199
vt 0.454897 0.190046
vt 0.457353 0.169649
vt 0.484921 0.181206
vt 0.488429 0.163716
vt 0.511621 0.175392
vt 0.515064 0.159303
vt 0.542551 0.168487
vt 0.541263 0.154520
vt 0.567554 0.165574
vt 0.566333 0.150520
vt 0.594866 0.147431
vt 0.594637 0.163541
vt 0.620585 0.145583
vt 0.621204 0.162201
vt 0.517103 0.142540
vt 0.540768 0.137299
vt 0.564448 0.133276
vt 0.460328 0.154437
vt 0.492175 0.147326
vt 0.433643 0.159205
vt 0.406582 0.163647
vt 0.376050 0.168820
vt 0.342546 0.171447
vt 0.313968 0.170918
vt 0.462751 0.136720
vt 0.493257 0.128682
vt 0.518920 0.123041
vt 0.436292 0.142358
vt 0.410160 0.145971
vt 0.540204 0.118467
vt 0.561891 0.115111
vt 0.591664 0.111712
vt 0.589131 0.093407
vt 0.556803 0.097367
vt 0.541682 0.105574
vt 0.615885 0.067008
vt 0.587704 0.039140
vt 0.592504 0.015921
vt 0.612968 0.037745
vt 0.612045 0.015176
vt 0.618828 0.091451
vt 0.619224 0.110113
vt 0.633622 0.036724
vt 0.650028 0.068654
vt 0.631265 0.014210
vt 0.647543 0.091594
vt 0.679407 0.092945
vt 0.682126 0.077844
vt 0.695412 0.101485
vt 0.712862 0.094555
vt 0.676819 0.111752
vt 0.647382 0.110265
vt 0.645565 0.128620
vt 0.620070 0.129290
vt 0.646558 0.144964
vt 0.674593 0.145105
vt 0.675703 0.162763
vt 0.647337 0.161492
vt 0.593806 0.130415
vt 0.700392 0.147273
vt 0.701369 0.164419
vt 0.726037 0.149664
vt 0.733219 0.169084
vt 0.752973 0.153121
vt 0.760511 0.173981
vt 0.782093 0.157022
vt 0.789273 0.178411
vt 0.809915 0.161317
vt 0.818067 0.181268
vt 0.839935 0.163613
vt 0.849268 0.183249
vt 0.722746 0.135703
vt 0.699223 0.133018
vt 0.675635 0.130488
vt 0.775781 0.141262
vt 0.747280 0.138639
vt 0.832060 0.142829
vt 0.801248 0.141492
vt 0.719366 0.116324
vt 0.698472 0.113589
vt 0.769660 0.124282
vt 0.742314 0.119788
vt 0.765147 0.110309
vt 0.739043 0.104547
vt 0.791256 0.112955
vt 0.796323 0.125100
vt 0.816073 0.111579
vt 0.823512 0.125619
vt 0.761690 0.098273
vt 0.736106 0.092018
vt 0.710260 0.083364
vt 0.684212 0.071346
vt 0.659724 0.055326
vt 0.642721 0.035505
vt 0.638954 0.013953
vt 0.661376 0.051472
vt 0.647302 0.033217
vt 0.643123 0.013339
vt 0.710277 0.076283
vt 0.684963 0.065053
vt 0.762472 0.091765
vt 0.736057 0.084682
vt 0.787067 0.096100
vt 0.788992 0.103462
vt 0.811714 0.102292
vt 0.810781 0.096981
vt 0.209884 0.163192
vt 0.177963 0.193573
vt 0.177720 0.216987
vt 0.143823 0.214186
vt 0.145442 0.192220
vt 0.111946 0.209834
vt 0.111008 0.187827
vt 0.083113 0.202748
vt 0.082324 0.181218
vt 0.054119 0.193553
vt 0.054752 0.170462
vt 0.024916 0.178948
vt 0.024466 0.157543
vt 0.177679 0.161370
vt 0.143870 0.160374
vt 0.081391 0.156332
vt 0.052837 0.148139
vt 0.026182 0.135835
vt 0.110700 0.158099
vt 0.173943 0.132621
vt 0.141777 0.134841
vt 0.082330 0.137131
vt 0.053476 0.130796
vt 0.082117 0.118995
vt 0.054884 0.114135
vt 0.029369 0.118486
vt 0.032934 0.104602
vt 0.109373 0.119143
vt 0.110719 0.136461
vt 0.138221 0.114926
vt 0.167903 0.106876
vt 0.186297 0.081410
vt 0.199213 0.059176
vt 0.205550 0.036559
vt 0.176651 0.078118
vt 0.157335 0.089046
vt 0.131470 0.098298
vt 0.105309 0.104939
vt 0.081962 0.106622
vt 0.057719 0.105200
vt 0.036546 0.095717
vt 0.197974 0.035346
vt 0.192874 0.057354
vt 0.154140 0.082551
vt 0.172899 0.072297
vt 0.128775 0.092404
vt 0.188141 0.054313
vt 0.193986 0.034312
vt 0.059458 0.099194
vt 0.081731 0.101820
vt 0.038580 0.090938
vt 0.103640 0.098916
vt 0.889588 0.478011
vt 0.908360 0.473708
vt 0.910567 0.492687
vt 0.892095 0.496664
vt 0.871668 0.478874
vt 0.869241 0.500329
vt 0.931233 0.483805
vt 0.925684 0.470552
vt 0.950282 0.472649
vt 0.946877 0.464577
vt 0.855116 0.478257
vt 0.847425 0.499960
vt 0.838614 0.474805
vt 0.829718 0.498245
vt 0.819150 0.467842
vt 0.809078 0.493008
vt 0.797988 0.461368
vt 0.787772 0.485710
vt 0.890701 0.512453
vt 0.911606 0.504291
vt 0.953466 0.482841
vt 0.934420 0.492714
vt 0.821139 0.519899
vt 0.799917 0.514591
vt 0.779028 0.504449
vt 0.842233 0.520588
vt 0.866765 0.518187
vt 0.049365 0.943149
vt 0.047640 0.953117
vt 0.027446 0.948083
vt 0.030977 0.937093
vt 0.008947 0.937374
vt 0.012652 0.926683
vt 0.068661 0.946351
vt 0.068729 0.961495
vt 0.086479 0.947355
vt 0.089126 0.964914
vt 0.103615 0.944946
vt 0.109177 0.965226
vt 0.123583 0.941964
vt 0.129570 0.962904
vt 0.142902 0.935276
vt 0.149834 0.957326
vt 0.159934 0.924284
vt 0.170413 0.950066
vt 0.068434 0.975341
vt 0.091384 0.980614
vt 0.045566 0.967912
vt 0.024987 0.954984
vt 0.005074 0.946553
vt 0.113425 0.982149
vt 0.135991 0.980192
vt 0.157528 0.975877
vt 0.178691 0.969579
vt 0.132930 0.915276
vt 0.147875 0.903400
vt 0.123623 0.898877
vt 0.110187 0.905405
vt 0.104075 0.892387
vt 0.094600 0.896309
vt 0.097737 0.884581
vt 0.084426 0.885752
vt 0.084464 0.898494
vt 0.074765 0.896474
vt 0.072413 0.885410
vt 0.064197 0.893139
vt 0.052705 0.887675
vt 0.068683 0.876592
vt 0.063938 0.864275
vt 0.043368 0.877302
vt 0.031731 0.890781
vt 0.044442 0.900343
vt 0.059013 0.907325
vt 0.071814 0.910841
vt 0.084624 0.911855
vt 0.096888 0.910091
vt 0.084167 0.860798
vt 0.084585 0.874982
vt 0.100020 0.876453
vt 0.103295 0.864799
vt 0.114368 0.886489
vt 0.123259 0.876980
vt 0.136789 0.889811
vt 0.069843 0.924484
vt 0.054753 0.920502
vt 0.039573 0.913641
vt 0.022992 0.905475
vt 0.084285 0.925408
vt 0.099545 0.924960
vt 0.116067 0.921630
vt 0.595429 0.176258
vt 0.567972 0.179816
vt 0.621934 0.175630
vt 0.542804 0.183655
vt 0.511075 0.191198
vt 0.481191 0.200748
vt 0.452936 0.208995
vt 0.426300 0.215422
vt 0.395828 0.224504
vt 0.364850 0.234292
vt 0.333954 0.239374
vt 0.303474 0.240214
vt 0.273029 0.241316
vt 0.234194 0.239424
vt 0.207072 0.238370
vt 0.179653 0.236775
vt 0.141501 0.233353
vt 0.109726 0.228881
vt 0.080514 0.222623
vt 0.052287 0.213408
vt 0.019784 0.198718
vt 0.205564 0.257083
vt 0.235058 0.258331
vt 0.203891 0.278543
vt 0.234471 0.279701
vt 0.202497 0.302213
vt 0.233629 0.303303
vt 0.269278 0.278930
vt 0.269439 0.304303
vt 0.305687 0.277137
vt 0.304790 0.256930
vt 0.269403 0.257816
vt 0.335194 0.255846
vt 0.364385 0.251071
vt 0.395047 0.242516
vt 0.425799 0.232516
vt 0.453651 0.226069
vt 0.481351 0.218233
vt 0.485159 0.240052
vt 0.513868 0.230136
vt 0.518081 0.252256
vt 0.490083 0.266020
vt 0.456700 0.249344
vt 0.463236 0.278886
vt 0.428736 0.258902
vt 0.434278 0.287017
vt 0.549646 0.244981
vt 0.546628 0.223101
vt 0.574961 0.242114
vt 0.571213 0.219454
vt 0.601152 0.241392
vt 0.600290 0.215914
vt 0.624058 0.215443
vt 0.625099 0.240500
vt 0.511218 0.208941
vt 0.544478 0.203067
vt 0.568136 0.198547
vt 0.597763 0.197637
vt 0.622356 0.195928
vt 0.649373 0.239493
vt 0.648683 0.213212
vt 0.675446 0.238979
vt 0.676735 0.215709
vt 0.701188 0.218154
vt 0.701494 0.240227
vt 0.734090 0.221944
vt 0.732166 0.245417
vt 0.764467 0.227241
vt 0.762104 0.253054
vt 0.792324 0.234228
vt 0.789241 0.261397
vt 0.821888 0.240256
vt 0.817870 0.269557
vt 0.765462 0.205107
vt 0.734647 0.200361
vt 0.793327 0.211515
vt 0.792105 0.194456
vt 0.764620 0.189666
vt 0.820224 0.200203
vt 0.855117 0.203462
vt 0.734797 0.185594
vt 0.702241 0.179272
vt 0.675786 0.176480
vt 0.646943 0.175824
vt 0.822392 0.215336
vt 0.857587 0.221514
vt 0.855392 0.245268
vt 0.676371 0.196232
vt 0.647626 0.194283
vt 0.701791 0.197599
vt 0.851465 0.273988
vt 0.848658 0.300643
vt 0.810600 0.302248
vt 0.783302 0.289068
vt 0.771353 0.313387
vt 0.753823 0.299015
vt 0.744273 0.318410
vt 0.760053 0.333941
vt 0.719392 0.310964
vt 0.725330 0.288660
vt 0.732723 0.336936
vt 0.748845 0.348874
vt 0.708970 0.331479
vt 0.770814 0.353730
vt 0.757049 0.368499
vt 0.774310 0.385172
vt 0.762650 0.394916
vt 0.785162 0.404710
vt 0.778504 0.415907
vt 0.763486 0.421975
vt 0.786034 0.440731
vt 0.794951 0.431276
vt 0.773226 0.450019
vt 0.753223 0.434562
vt 0.802912 0.420206
vt 0.723018 0.349466
vt 0.703850 0.343675
vt 0.697273 0.357600
vt 0.684729 0.341896
vt 0.679931 0.355743
vt 0.662379 0.354725
vt 0.665486 0.341131
vt 0.646865 0.340926
vt 0.645962 0.354447
vt 0.629175 0.341308
vt 0.629901 0.354557
vt 0.712778 0.362226
vt 0.724128 0.370697
vt 0.736971 0.359932
vt 0.745377 0.375166
vt 0.730420 0.382468
vt 0.731649 0.393579
vt 0.748040 0.394752
vt 0.745732 0.411132
vt 0.730370 0.405561
vt 0.726578 0.414985
vt 0.739507 0.424224
vt 0.613725 0.355513
vt 0.611508 0.342275
vt 0.596360 0.357147
vt 0.592627 0.344084
vt 0.579204 0.359831
vt 0.573534 0.346342
vt 0.554750 0.349555
vt 0.562684 0.362950
vt 0.547597 0.369081
vt 0.536134 0.357185
vt 0.523264 0.369247
vt 0.536797 0.378414
vt 0.517224 0.385461
vt 0.532444 0.390833
vt 0.516822 0.404321
vt 0.531502 0.402793
vt 0.534004 0.413122
vt 0.519306 0.420511
vt 0.527688 0.431590
vt 0.539768 0.421027
vt 0.569798 0.374845
vt 0.584618 0.371596
vt 0.599895 0.368913
vt 0.616106 0.367048
vt 0.630531 0.366259
vt 0.645060 0.366303
vt 0.660326 0.366737
vt 0.676552 0.367570
vt 0.691452 0.370131
vt 0.704271 0.374539
vt 0.713399 0.380589
vt 0.717552 0.388919
vt 0.713468 0.391378
vt 0.719020 0.395876
vt 0.715077 0.398045
vt 0.710110 0.392771
vt 0.711594 0.397991
vt 0.707674 0.399274
vt 0.704150 0.396829
vt 0.705459 0.400412
vt 0.702227 0.399265
vt 0.708115 0.402005
vt 0.706295 0.401650
vt 0.710858 0.402343
vt 0.715029 0.401560
vt 0.705609 0.402996
vt 0.698091 0.393460
vt 0.696162 0.396717
vt 0.690686 0.392083
vt 0.688384 0.395142
vt 0.696905 0.385602
vt 0.704141 0.389138
vt 0.700618 0.380038
vt 0.708800 0.384898
vt 0.680505 0.390510
vt 0.677843 0.393715
vt 0.668462 0.388791
vt 0.666719 0.393067
vt 0.671769 0.381170
vt 0.685469 0.382935
vt 0.674209 0.374244
vt 0.688492 0.376483
vt 0.655451 0.388261
vt 0.654253 0.392292
vt 0.642945 0.388166
vt 0.642433 0.392010
vt 0.631343 0.388572
vt 0.631447 0.392190
vt 0.630764 0.379739
vt 0.643755 0.379425
vt 0.630654 0.372833
vt 0.644412 0.372671
vt 0.657578 0.379963
vt 0.659006 0.373150
vt 0.620213 0.392878
vt 0.619646 0.389248
vt 0.608760 0.393558
vt 0.607019 0.389915
vt 0.617872 0.380441
vt 0.617009 0.373556
vt 0.604207 0.381807
vt 0.601983 0.375199
vt 0.596157 0.395327
vt 0.594028 0.391577
vt 0.585415 0.397014
vt 0.582133 0.393821
vt 0.590196 0.384059
vt 0.576716 0.387175
vt 0.587291 0.377683
vt 0.573229 0.380918
vt 0.575079 0.399663
vt 0.571970 0.396393
vt 0.567590 0.401649
vt 0.564949 0.398887
vt 0.565541 0.390860
vt 0.558670 0.395057
vt 0.561413 0.385627
vt 0.553519 0.391245
vt 0.560950 0.403714
vt 0.558610 0.402113
vt 0.557657 0.405759
vt 0.555955 0.405380
vt 0.557014 0.407580
vt 0.552302 0.407669
vt 0.552206 0.405022
vt 0.553483 0.400021
vt 0.549341 0.398347
vt 0.548565 0.403625
vt 0.554970 0.410547
vt 0.558651 0.408971
vt 0.558470 0.408182
vt 0.553459 0.413776
vt 0.549495 0.408710
vt 0.547137 0.408770
vt 0.550443 0.413759
vt 0.545184 0.396116
vt 0.544610 0.402685
vt 0.548192 0.387264
vt 0.557312 0.380510
vt 0.974416 0.317337
vt 0.973374 0.325223
vt 0.960995 0.317816
vt 0.967299 0.313013
vt 0.959701 0.308843
vt 0.942694 0.314864
vt 0.949734 0.305598
vt 0.970660 0.334174
vt 0.958507 0.328093
vt 0.983503 0.330831
vt 0.985626 0.328460
vt 0.981039 0.322875
vt 0.988114 0.331194
vt 0.986859 0.333623
vt 0.988713 0.330687
vt 0.989615 0.333642
vt 0.980052 0.339334
vt 0.985509 0.341820
vt 0.941198 0.326085
vt 0.989631 0.340767
vt 0.955288 0.348070
vt 0.968982 0.349618
vt 0.977097 0.351864
vt 0.981902 0.353461
vt 0.939236 0.347872
vt 0.988058 0.355798
vt 0.965778 0.362295
vt 0.956790 0.362304
vt 0.969639 0.364046
vt 0.973376 0.367958
vt 0.978212 0.373760
vt 0.927022 0.325536
vt 0.927463 0.312908
vt 0.939034 0.303070
vt 0.927853 0.301635
vt 0.926223 0.348020
vt 0.938464 0.359473
vt 0.925710 0.361740
vt 0.957987 0.390556
vt 0.956981 0.381974
vt 0.947097 0.388638
vt 0.948618 0.395923
vt 0.944943 0.398167
vt 0.942776 0.391054
vt 0.940603 0.387209
vt 0.945562 0.383031
vt 0.955777 0.376237
vt 0.924920 0.385522
vt 0.925042 0.381742
vt 0.909134 0.386172
vt 0.904469 0.381692
vt 0.902559 0.387161
vt 0.906712 0.389866
vt 0.904071 0.396819
vt 0.900553 0.394332
vt 0.891573 0.388342
vt 0.893222 0.379857
vt 0.894809 0.374169
vt 0.877806 0.364629
vt 0.872570 0.370086
vt 0.864131 0.351218
vt 0.870405 0.349591
vt 0.863492 0.336286
vt 0.867246 0.337728
vt 0.865019 0.329000
vt 0.865451 0.329167
vt 0.865082 0.326392
vt 0.865320 0.326547
vt 0.870575 0.326894
vt 0.868442 0.324278
vt 0.880686 0.321696
vt 0.876873 0.316681
vt 0.894803 0.317147
vt 0.891463 0.308409
vt 0.912116 0.313685
vt 0.905718 0.304149
vt 0.883108 0.331221
vt 0.895440 0.325927
vt 0.872965 0.335519
vt 0.912848 0.325070
vt 0.897222 0.345975
vt 0.883455 0.346596
vt 0.875278 0.348371
vt 0.913268 0.346902
vt 0.885763 0.359472
vt 0.894793 0.360101
vt 0.881795 0.360954
vt 0.916602 0.302251
vt 0.913203 0.358500
vt 0.905463 0.297797
vt 0.916890 0.294950
vt 0.928141 0.293338
vt 0.939201 0.295960
vt 0.950449 0.299435
vt 0.960524 0.303211
vt 0.969534 0.307580
vt 0.976610 0.313177
vt 0.982979 0.319410
vt 0.988156 0.325175
vt 0.989714 0.327711
vt 0.990438 0.329331
vt 0.975423 0.299436
vt 0.983297 0.307771
vt 0.987988 0.315373
vt 0.991279 0.321905
vt 0.992790 0.326110
vt 0.992824 0.327288
vt 0.965262 0.292430
vt 0.953546 0.285997
vt 0.940941 0.282056
vt 0.928554 0.280340
vt 0.916129 0.281037
vt 0.903859 0.283986
vt 0.891082 0.289715
vt 0.895026 0.300606
vt 0.885721 0.304357
vt 0.878209 0.309449
vt 0.870254 0.315144
vt 0.866695 0.320644
vt 0.864212 0.323347
vt 0.863630 0.324939
vt 0.872585 0.304404
vt 0.880930 0.295952
vt 0.867091 0.310782
vt 0.861551 0.321481
vt 0.862893 0.317387
vt 0.861763 0.323573
vt 0.035185 0.377680
vt 0.035185 0.374341
vt 0.038525 0.375237
vt 0.036914 0.377378
vt 0.037951 0.372375
vt 0.035185 0.372132
vt 0.038008 0.369213
vt 0.035185 0.368568
vt 0.041586 0.366898
vt 0.035185 0.366211
vt 0.039490 0.363543
vt 0.049126 0.362375
vt 0.046129 0.359721
vt 0.052485 0.357268
vt 0.048345 0.356023
vt 0.054041 0.347883
vt 0.049644 0.348190
vt 0.051771 0.340441
vt 0.049098 0.343662
vt 0.035185 0.334538
vt 0.035185 0.338284
vt 0.035185 0.364245
vt 0.035185 0.346517
vt 0.035185 0.355646
vt 0.018599 0.340441
vt 0.021272 0.343662
vt 0.020726 0.348190
vt 0.016329 0.347883
vt 0.022025 0.356023
vt 0.017885 0.357268
vt 0.024241 0.359721
vt 0.021244 0.362375
vt 0.030880 0.363543
vt 0.028784 0.366898
vt 0.032362 0.369213
vt 0.032419 0.372375
vt 0.031868 0.375223
vt 0.033456 0.377378
vt 0.306021 0.304603
vt 0.336535 0.276038
vt 0.338465 0.303106
vt 0.364847 0.271489
vt 0.397897 0.265877
vt 0.400623 0.292067
vt 0.365354 0.297824
vt 0.304445 0.332742
vt 0.335307 0.341864
vt 0.299329 0.360705
vt 0.268075 0.358410
vt 0.268778 0.330987
vt 0.271378 0.390692
vt 0.232560 0.356725
vt 0.233821 0.386569
vt 0.235282 0.414938
vt 0.279383 0.423081
vt 0.271203 0.445337
vt 0.232624 0.439328
vt 0.300181 0.436820
vt 0.293366 0.454657
vt 0.315609 0.449750
vt 0.311321 0.463541
vt 0.311399 0.422716
vt 0.296758 0.395792
vt 0.325089 0.440835
vt 0.197731 0.411497
vt 0.196123 0.436214
vt 0.160933 0.435775
vt 0.162254 0.410219
vt 0.122831 0.438417
vt 0.118203 0.410265
vt 0.128433 0.382797
vt 0.166162 0.382639
vt 0.091173 0.425952
vt 0.095311 0.444332
vt 0.074297 0.437603
vt 0.077215 0.451826
vt 0.080867 0.410800
vt 0.099022 0.386619
vt 0.066173 0.427817
vt 0.199030 0.383963
vt 0.075356 0.380111
vt 0.066855 0.402521
vt 0.054044 0.421041
vt 0.168344 0.352793
vt 0.199992 0.354681
vt 0.098412 0.350817
vt 0.075354 0.352583
vt 0.132319 0.350833
vt 0.096648 0.320363
vt 0.134141 0.321619
vt 0.169740 0.325259
vt 0.201180 0.327503
vt 0.067224 0.324401
vt 0.232865 0.329266
vt 0.135097 0.294909
vt 0.171122 0.299533
vt 0.173088 0.275946
vt 0.137504 0.272293
vt 0.101732 0.267608
vt 0.106217 0.245997
vt 0.139317 0.250756
vt 0.077134 0.240670
vt 0.176115 0.255087
vt 0.049642 0.229727
vt 0.017006 0.216701
vt 0.012622 0.240304
vt 0.047033 0.251041
vt 0.072278 0.260152
vt 0.097406 0.290303
vt 0.069351 0.284972
vt 0.009856 0.269047
vt 0.043269 0.277716
vt 0.041780 0.305079
vt 0.007345 0.295494
vt 0.708286 0.404999
vt 0.711562 0.405968
vt 0.718153 0.402477
vt 0.715508 0.408004
vt 0.704402 0.407564
vt 0.702193 0.404074
vt 0.702081 0.402061
vt 0.694256 0.404409
vt 0.694259 0.401263
vt 0.686794 0.404882
vt 0.688787 0.411039
vt 0.699470 0.411685
vt 0.677700 0.411302
vt 0.679388 0.419214
vt 0.691556 0.418140
vt 0.677200 0.405183
vt 0.686662 0.401056
vt 0.677003 0.400732
vt 0.665276 0.410924
vt 0.665741 0.404558
vt 0.648369 0.410690
vt 0.648788 0.420491
vt 0.632460 0.420984
vt 0.632037 0.410633
vt 0.648365 0.404755
vt 0.665777 0.399593
vt 0.647788 0.398908
vt 0.631640 0.405537
vt 0.631206 0.399217
vt 0.666260 0.419275
vt 0.614764 0.400084
vt 0.615326 0.406504
vt 0.596920 0.402081
vt 0.598263 0.408052
vt 0.615632 0.411728
vt 0.615928 0.421567
vt 0.598678 0.412715
vt 0.586864 0.408725
vt 0.586626 0.414610
vt 0.598647 0.422050
vt 0.586113 0.403982
vt 0.576785 0.405226
vt 0.577177 0.409303
vt 0.576326 0.415698
vt 0.585883 0.422542
vt 0.574549 0.423009
vt 0.569517 0.409622
vt 0.567637 0.416470
vt 0.569874 0.406381
vt 0.562716 0.407562
vt 0.561986 0.409547
vt 0.559313 0.413947
vt 0.559418 0.415481
vt 0.564018 0.421361
vt 0.556410 0.418189
vt 0.584996 0.432876
vt 0.598486 0.431430
vt 0.597172 0.447988
vt 0.616723 0.448127
vt 0.615881 0.430164
vt 0.633587 0.449245
vt 0.632536 0.429567
vt 0.650174 0.446500
vt 0.649944 0.428762
vt 0.666970 0.428890
vt 0.669607 0.445713
vt 0.681400 0.428995
vt 0.683418 0.445437
vt 0.699887 0.445563
vt 0.695746 0.428857
vt 0.584457 0.449765
vt 0.704123 0.464793
vt 0.725591 0.461852
vt 0.740822 0.489229
vt 0.754740 0.466441
vt 0.704966 0.487641
vt 0.731119 0.512444
vt 0.703608 0.510860
vt 0.725619 0.535583
vt 0.701086 0.534673
vt 0.685003 0.534104
vt 0.687313 0.512490
vt 0.681942 0.557297
vt 0.659566 0.559407
vt 0.660724 0.534693
vt 0.636736 0.535205
vt 0.637557 0.560111
vt 0.612942 0.535897
vt 0.615713 0.560887
vt 0.591826 0.536177
vt 0.597442 0.559799
vt 0.577895 0.560016
vt 0.571350 0.536788
vt 0.567645 0.515864
vt 0.547389 0.542028
vt 0.539161 0.519835
vt 0.586962 0.515278
vt 0.555454 0.565350
vt 0.564590 0.492968
vt 0.527825 0.497410
vt 0.582719 0.493234
vt 0.598918 0.493465
vt 0.611644 0.517884
vt 0.619120 0.492468
vt 0.636110 0.516771
vt 0.635683 0.490997
vt 0.650830 0.491290
vt 0.660593 0.516101
vt 0.671121 0.490721
vt 0.688525 0.489501
vt 0.687161 0.465302
vt 0.651323 0.467533
vt 0.670399 0.467279
vt 0.634358 0.467521
vt 0.617206 0.468872
vt 0.598015 0.470149
vt 0.581698 0.469260
vt 0.566677 0.469532
vt 0.542813 0.469090
vt 0.513048 0.476883
vt 0.526905 0.454603
vt 0.513749 0.443500
vt 0.494251 0.460822
vt 0.501894 0.432700
vt 0.480539 0.452388
vt 0.486952 0.427417
vt 0.470897 0.443578
vt 0.500052 0.403427
vt 0.462427 0.432894
vt 0.478543 0.416317
vt 0.487980 0.397731
vt 0.503218 0.376803
vt 0.489603 0.369018
vt 0.511011 0.358710
vt 0.497072 0.344463
vt 0.525337 0.344897
vt 0.513898 0.329229
vt 0.484319 0.326723
vt 0.502243 0.310138
vt 0.538121 0.318371
vt 0.530313 0.298789
vt 0.548685 0.337982
vt 0.470720 0.303221
vt 0.494992 0.290192
vt 0.523387 0.274996
vt 0.471157 0.341853
vt 0.556124 0.293171
vt 0.561450 0.313706
vt 0.580526 0.290734
vt 0.584512 0.311822
vt 0.604553 0.290093
vt 0.602580 0.266524
vt 0.626245 0.265930
vt 0.627489 0.290040
vt 0.650335 0.288496
vt 0.649851 0.264547
vt 0.674377 0.286572
vt 0.674945 0.262865
vt 0.649537 0.309017
vt 0.628054 0.309978
vt 0.648019 0.327079
vt 0.668438 0.327046
vt 0.672282 0.308237
vt 0.628476 0.328127
vt 0.694748 0.307958
vt 0.698030 0.285942
vt 0.689314 0.328940
vt 0.729584 0.267932
vt 0.758925 0.278175
vt 0.700592 0.263298
vt 0.577469 0.267121
vt 0.551540 0.269792
vt 0.444250 0.320094
vt 0.402785 0.313398
vt 0.365300 0.323223
vt 0.322622 0.368228
vt 0.319795 0.393767
vt 0.326464 0.416392
vt 0.338092 0.435416
vt 0.786907 0.327437
vt 0.606777 0.310801
vt 0.609282 0.328634
vt 0.588814 0.330078
vt 0.567918 0.333663
vt 0.538336 0.440398
vt 0.547658 0.427493
vt 0.552148 0.447829
vt 0.558283 0.431805
vt 0.571756 0.432720
vt 0.568988 0.449635
vt 0.330977 0.718656
vt 0.333854 0.707369
vt 0.353760 0.708177
vt 0.352800 0.725414
vt 0.381681 0.722118
vt 0.378314 0.707963
vt 0.402171 0.707624
vt 0.404970 0.721082
vt 0.308485 0.713531
vt 0.309241 0.702557
vt 0.280335 0.697832
vt 0.282373 0.692300
vt 0.426738 0.706046
vt 0.429031 0.721148
vt 0.451840 0.704569
vt 0.452590 0.721576
vt 0.476191 0.703620
vt 0.477844 0.721390
vt 0.498293 0.702395
vt 0.502773 0.716950
vt 0.518403 0.699421
vt 0.525496 0.711319
vt 0.544838 0.697674
vt 0.538683 0.688207
vt 0.568005 0.676850
vt 0.572131 0.681665
vt 0.538616 0.671161
vt 0.562869 0.663375
vt 0.531462 0.641876
vt 0.555460 0.635057
vt 0.524635 0.613754
vt 0.547853 0.606674
vt 0.503755 0.619195
vt 0.509665 0.648129
vt 0.484767 0.623123
vt 0.489873 0.652283
vt 0.465610 0.626042
vt 0.469596 0.654920
vt 0.444742 0.628352
vt 0.447382 0.657197
vt 0.421850 0.630134
vt 0.423512 0.658837
vt 0.398153 0.631071
vt 0.399008 0.660140
vt 0.377407 0.631174
vt 0.376453 0.660585
vt 0.358063 0.630383
vt 0.356408 0.660185
vt 0.339365 0.628746
vt 0.336536 0.657672
vt 0.317305 0.625351
vt 0.313800 0.654374
vt 0.294003 0.620807
vt 0.289318 0.649988
vt 0.425566 0.688883
vt 0.399574 0.690005
vt 0.376262 0.690561
vt 0.354656 0.690718
vt 0.333174 0.688468
vt 0.309425 0.685261
vt 0.284476 0.678711
vt 0.341225 0.610272
vt 0.359174 0.611987
vt 0.343372 0.591967
vt 0.360893 0.593888
vt 0.378133 0.613134
vt 0.378732 0.594736
vt 0.398168 0.612869
vt 0.398718 0.594308
vt 0.420672 0.611454
vt 0.419559 0.592871
vt 0.323429 0.588033
vt 0.320131 0.606842
vt 0.302107 0.582573
vt 0.297677 0.602000
vt 0.442892 0.610209
vt 0.440674 0.591980
vt 0.463066 0.608314
vt 0.460465 0.590356
vt 0.481440 0.605365
vt 0.477735 0.587579
vt 0.499953 0.601123
vt 0.495642 0.583378
vt 0.519668 0.595423
vt 0.514469 0.576970
vt 0.541963 0.588517
vt 0.535451 0.569632
vt 0.407670 0.519788
vt 0.393585 0.522450
vt 0.389887 0.504809
vt 0.398228 0.501122
vt 0.379993 0.505770
vt 0.381013 0.525348
vt 0.368884 0.504604
vt 0.368180 0.524181
vt 0.361198 0.504162
vt 0.357499 0.522287
vt 0.350455 0.499797
vt 0.342150 0.517309
vt 0.342877 0.495846
vt 0.330796 0.512569
vt 0.417781 0.549421
vt 0.397623 0.552585
vt 0.418585 0.576419
vt 0.398617 0.577421
vt 0.380686 0.553709
vt 0.379419 0.577827
vt 0.365266 0.553355
vt 0.362691 0.577170
vt 0.350613 0.551101
vt 0.346032 0.574919
vt 0.334306 0.546834
vt 0.327360 0.571134
vt 0.315851 0.540022
vt 0.306868 0.565008
vt 0.438833 0.575302
vt 0.437129 0.550346
vt 0.457973 0.573809
vt 0.454470 0.549825
vt 0.474101 0.571107
vt 0.468674 0.547736
vt 0.491122 0.567134
vt 0.483410 0.543829
vt 0.508679 0.560992
vt 0.499177 0.537875
vt 0.528608 0.552604
vt 0.516651 0.528460
vt 0.487774 0.510745
vt 0.498592 0.502031
vt 0.478570 0.493298
vt 0.484576 0.487262
vt 0.467453 0.497656
vt 0.474130 0.515932
vt 0.459706 0.499375
vt 0.462454 0.519853
vt 0.450159 0.502034
vt 0.451826 0.521068
vt 0.438858 0.501520
vt 0.437216 0.521362
vt 0.430585 0.499107
vt 0.423121 0.517575
vt 0.470279 0.487225
vt 0.477238 0.481316
vt 0.462901 0.484927
vt 0.435250 0.490042
vt 0.444608 0.491286
vt 0.449230 0.488294
vt 0.467082 0.476560
vt 0.442171 0.481705
vt 0.515809 0.677958
vt 0.494579 0.682232
vt 0.473426 0.684522
vt 0.450285 0.686949
vt 0.384234 0.495003
vt 0.392026 0.492643
vt 0.378159 0.492052
vt 0.384725 0.484767
vt 0.357151 0.493634
vt 0.364682 0.490396
vt 0.350273 0.488858
vt 0.359489 0.482507
vt 0.944545 0.760121
vt 0.923771 0.768912
vt 0.921127 0.750651
vt 0.942958 0.748977
vt 0.894410 0.766553
vt 0.896580 0.751722
vt 0.872651 0.752262
vt 0.870727 0.766909
vt 0.965537 0.753599
vt 0.966029 0.742235
vt 0.996292 0.739579
vt 0.993023 0.733203
vt 0.848323 0.752244
vt 0.846647 0.767918
vt 0.823014 0.752175
vt 0.823253 0.769150
vt 0.798826 0.752417
vt 0.797476 0.770065
vt 0.776601 0.751665
vt 0.772142 0.767462
vt 0.756085 0.750027
vt 0.749756 0.763054
vt 0.730344 0.748773
vt 0.734722 0.742524
vt 0.703852 0.732681
vt 0.697814 0.735301
vt 0.734490 0.724220
vt 0.710272 0.717941
vt 0.740249 0.694337
vt 0.716714 0.688899
vt 0.745559 0.664841
vt 0.722904 0.659452
vt 0.766489 0.669349
vt 0.762090 0.698683
vt 0.785746 0.672526
vt 0.782300 0.701635
vt 0.805180 0.674523
vt 0.802719 0.703579
vt 0.826344 0.675653
vt 0.824988 0.704816
vt 0.849190 0.676049
vt 0.849034 0.705334
vt 0.872140 0.675883
vt 0.873242 0.705102
vt 0.893349 0.674962
vt 0.895566 0.704093
vt 0.912697 0.673069
vt 0.915995 0.702289
vt 0.931915 0.670006
vt 0.936165 0.699424
vt 0.952863 0.665563
vt 0.958048 0.695037
vt 0.975566 0.660226
vt 0.981576 0.689540
vt 0.848881 0.735286
vt 0.874142 0.735021
vt 0.897504 0.733925
vt 0.919052 0.732355
vt 0.940723 0.729685
vt 0.964014 0.725185
vt 0.987926 0.718292
vt 0.929031 0.651973
vt 0.910456 0.655123
vt 0.925759 0.633803
vt 0.907961 0.636980
vt 0.891770 0.656950
vt 0.890027 0.638713
vt 0.871327 0.657751
vt 0.870422 0.639279
vt 0.849273 0.657790
vt 0.849324 0.639138
vt 0.945076 0.628925
vt 0.949285 0.647328
vt 0.965887 0.622669
vt 0.971229 0.641615
vt 0.827229 0.657534
vt 0.828265 0.639095
vt 0.806811 0.656564
vt 0.808672 0.638372
vt 0.788095 0.654628
vt 0.790693 0.636522
vt 0.769477 0.651365
vt 0.772888 0.633221
vt 0.749273 0.646615
vt 0.753584 0.628229
vt 0.727362 0.640785
vt 0.732840 0.621833
vt 0.857212 0.564483
vt 0.864935 0.545631
vt 0.874803 0.549202
vt 0.871448 0.567764
vt 0.884722 0.550122
vt 0.884755 0.568771
vt 0.894082 0.548423
vt 0.897023 0.567834
vt 0.903512 0.547324
vt 0.908735 0.565232
vt 0.912669 0.543572
vt 0.921299 0.560387
vt 0.921135 0.537390
vt 0.933892 0.553251
vt 0.849467 0.595699
vt 0.868665 0.597464
vt 0.849386 0.621605
vt 0.869612 0.622169
vt 0.885940 0.597885
vt 0.888340 0.621933
vt 0.901460 0.596653
vt 0.905422 0.620383
vt 0.916612 0.593550
vt 0.922296 0.617179
vt 0.932690 0.588251
vt 0.940515 0.612064
vt 0.949665 0.580765
vt 0.960038 0.605179
vt 0.829188 0.621996
vt 0.830280 0.597306
vt 0.810464 0.621628
vt 0.813005 0.597624
vt 0.793332 0.619969
vt 0.797494 0.596297
vt 0.776468 0.616635
vt 0.782350 0.593053
vt 0.758290 0.611394
vt 0.766324 0.587643
vt 0.738822 0.604366
vt 0.749387 0.580007
vt 0.777945 0.559877
vt 0.765382 0.552581
vt 0.786594 0.543076
vt 0.778258 0.536830
vt 0.795811 0.546896
vt 0.790428 0.564842
vt 0.805265 0.548069
vt 0.802140 0.567506
vt 0.814538 0.549789
vt 0.814290 0.568524
vt 0.824583 0.548984
vt 0.827766 0.567560
vt 0.834292 0.545537
vt 0.841962 0.564428
vt 0.793552 0.535936
vt 0.800446 0.533726
vt 0.820049 0.539979
vt 0.814203 0.535864
vt 0.828686 0.537076
vt 0.795765 0.525164
vt 0.786169 0.530514
vt 0.821227 0.529072
vt 0.757584 0.728974
vt 0.779184 0.731514
vt 0.800360 0.733259
vt 0.823779 0.734597
vt 0.870678 0.537249
vt 0.879334 0.540237
vt 0.885199 0.536135
vt 0.878206 0.529309
vt 0.898989 0.534113
vt 0.905824 0.536336
vt 0.913238 0.531000
vt 0.903700 0.525555
vt 0.874407 0.432991
vt 0.884332 0.431669
vt 0.886579 0.446552
vt 0.874108 0.447503
vt 0.874252 0.419858
vt 0.887028 0.418975
vt 0.895475 0.427633
vt 0.900050 0.442115
vt 0.914047 0.435500
vt 0.904382 0.422807
vt 0.889464 0.412659
vt 0.895460 0.402510
vt 0.916889 0.414888
vt 0.927900 0.427109
vt 0.864247 0.431193
vt 0.862740 0.419524
vt 0.854393 0.427670
vt 0.845041 0.421455
vt 0.859788 0.411730
vt 0.853678 0.401299
vt 0.834921 0.412248
vt 0.822488 0.425132
vt 0.835687 0.435976
vt 0.848881 0.442454
vt 0.861849 0.446071
vt 0.873649 0.398262
vt 0.874481 0.411058
vt 0.810773 0.439848
vt 0.827418 0.450768
vt 0.843553 0.456714
vt 0.859118 0.460598
vt 0.874087 0.463766
vt 0.888588 0.462191
vt 0.904297 0.457712
vt 0.920229 0.450146
vt 0.935586 0.441896
vt 0.741008 0.447702
vt 0.716227 0.441944
vt 0.730156 0.434335
vt 0.719780 0.422071
vt 0.709537 0.427026
vt 0.702953 0.416817
vt 0.707501 0.408771
vt 0.710110 0.412023
vt 0.937439 0.141671
vt 0.941321 0.142516
vt 0.939032 0.143751
vt 0.930754 0.139114
vt 0.931637 0.145315
vt 0.917507 0.139572
vt 0.918910 0.148912
vt 0.900449 0.148359
vt 0.904914 0.157805
vt 0.935152 0.158617
vt 0.921860 0.162445
vt 0.939605 0.174341
vt 0.924402 0.178625
vt 0.909740 0.164971
vt 0.908292 0.180740
vt 0.925586 0.195490
vt 0.907935 0.197040
vt 0.943381 0.192384
vt 0.944170 0.205134
vt 0.925967 0.205269
vt 0.908072 0.205374
vt 0.893511 0.180971
vt 0.885819 0.171092
vt 0.881041 0.182773
vt 0.883475 0.189569
vt 0.879671 0.190652
vt 0.880539 0.197875
vt 0.884439 0.198627
vt 0.882241 0.203002
vt 0.885970 0.205502
vt 0.882655 0.205521
vt 0.880757 0.200554
vt 0.878125 0.186378
vt 0.892485 0.205464
vt 0.891894 0.198124
vt 0.879318 0.205540
vt 0.879165 0.203848
vt 0.877448 0.205551
vt 0.877021 0.203861
vt 0.877946 0.200593
vt 0.874751 0.201014
vt 0.875065 0.204410
vt 0.872770 0.203545
vt 0.872027 0.205582
vt 0.875172 0.205564
vt 0.879184 0.207234
vt 0.877041 0.207246
vt 0.878003 0.210503
vt 0.874804 0.210119
vt 0.875079 0.206720
vt 0.872793 0.207611
vt 0.880815 0.210510
vt 0.882270 0.208044
vt 0.880627 0.213191
vt 0.884518 0.212394
vt 0.883659 0.221462
vt 0.879843 0.220424
vt 0.881304 0.228286
vt 0.878347 0.224715
vt 0.891979 0.212811
vt 0.893797 0.229944
vt 0.886216 0.239911
vt 0.901105 0.262474
vt 0.905463 0.252978
vt 0.919560 0.261729
vt 0.918248 0.271069
vt 0.932220 0.264951
vt 0.935692 0.251822
vt 0.922358 0.248150
vt 0.940566 0.236111
vt 0.924765 0.231922
vt 0.910208 0.245758
vt 0.908714 0.230017
vt 0.925703 0.215054
vt 0.908035 0.213710
vt 0.943679 0.218001
vt 0.931506 0.271354
vt 0.939622 0.266608
vt 0.938383 0.269019
vt 0.941645 0.269171
vt 0.942451 0.266506
vt 0.945011 0.269367
vt 0.946501 0.266386
vt 0.947329 0.255642
vt 0.952738 0.257541
vt 0.955324 0.241458
vt 0.960235 0.242574
vt 0.967183 0.222151
vt 0.959390 0.221024
vt 0.962408 0.205292
vt 0.969221 0.204991
vt 0.966195 0.188031
vt 0.959662 0.189101
vt 0.953290 0.169641
vt 0.962003 0.171078
vt 0.958953 0.163264
vt 0.953958 0.155721
vt 0.946434 0.154803
vt 0.950076 0.149740
vt 0.945811 0.143908
vt 0.943935 0.141031
vt 0.980757 0.188113
vt 0.983095 0.205192
vt 0.973522 0.170606
vt 0.960924 0.152136
vt 0.966974 0.160378
vt 0.949043 0.142305
vt 0.955195 0.146594
vt 0.945637 0.139206
vt 0.940726 0.156573
vt 0.945440 0.172030
vt 0.949002 0.191176
vt 0.951987 0.205627
vt 0.949002 0.219287
vt 0.947354 0.239211
vt 0.941953 0.254010
vt 0.944353 0.270380
vt 0.945652 0.272374
vt 0.945311 0.270586
vt 0.949098 0.268359
vt 0.955609 0.263533
vt 0.961090 0.257885
vt 0.967268 0.249524
vt 0.973669 0.239135
vt 0.980808 0.221903
vt 0.607535 0.604881
vt 0.602426 0.581977
vt 0.618704 0.581308
vt 0.622471 0.604122
vt 0.638200 0.579558
vt 0.638627 0.603469
vt 0.591661 0.605832
vt 0.584357 0.583657
vt 0.562985 0.588034
vt 0.572651 0.609332
vt 0.610680 0.628055
vt 0.624933 0.627554
vt 0.627628 0.651961
vt 0.615871 0.652882
vt 0.639413 0.626934
vt 0.640021 0.651162
vt 0.597546 0.628794
vt 0.604404 0.653939
vt 0.580750 0.630192
vt 0.588921 0.655122
vt 0.640672 0.674610
vt 0.631119 0.675000
vt 0.641004 0.691270
vt 0.632436 0.690393
vt 0.637660 0.702183
vt 0.629868 0.699567
vt 0.629829 0.715009
vt 0.622020 0.710601
vt 0.612351 0.701877
vt 0.619770 0.693598
vt 0.622897 0.687120
vt 0.620880 0.676528
vt 0.606337 0.694412
vt 0.615200 0.688643
vt 0.598673 0.679921
vt 0.611036 0.677720
vt 0.232771 0.652135
vt 0.248843 0.660663
vt 0.238837 0.690594
vt 0.224443 0.681439
vt 0.220170 0.646937
vt 0.213925 0.676308
vt 0.198308 0.670046
vt 0.202040 0.641819
vt 0.240954 0.626052
vt 0.258707 0.635803
vt 0.247193 0.602227
vt 0.229028 0.596563
vt 0.225324 0.620219
vt 0.235252 0.568931
vt 0.211015 0.564060
vt 0.207165 0.591688
vt 0.255138 0.574696
vt 0.267784 0.609784
vt 0.276963 0.583689
vt 0.205277 0.615071
vt 0.186425 0.667053
vt 0.187157 0.639399
vt 0.188637 0.589441
vt 0.188075 0.612848
vt 0.189655 0.561663
vt 0.172158 0.640727
vt 0.174235 0.669100
vt 0.153437 0.644350
vt 0.157915 0.674278
vt 0.146939 0.678766
vt 0.140667 0.648895
vt 0.131845 0.687064
vt 0.123849 0.656351
vt 0.134943 0.622083
vt 0.115958 0.630577
vt 0.129951 0.597232
vt 0.147846 0.593370
vt 0.150123 0.617621
vt 0.124475 0.568643
vt 0.101650 0.576617
vt 0.108924 0.603391
vt 0.143692 0.565094
vt 0.169972 0.590225
vt 0.168231 0.562196
vt 0.170922 0.613801
vt 0.093847 0.550532
vt 0.119587 0.542008
vt 0.111513 0.517244
vt 0.133997 0.512840
vt 0.139587 0.538846
vt 0.085782 0.526801
vt 0.163260 0.510299
vt 0.165973 0.536242
vt 0.191785 0.510039
vt 0.190783 0.535847
vt 0.215363 0.538245
vt 0.220400 0.512825
vt 0.241909 0.543143
vt 0.250384 0.518328
vt 0.262949 0.549317
vt 0.270804 0.523657
vt 0.286846 0.558806
vt 0.296283 0.535993
vt 0.259911 0.491513
vt 0.279336 0.497566
vt 0.303461 0.511516
vt 0.225435 0.486187
vt 0.192753 0.483564
vt 0.160817 0.483734
vt 0.129206 0.486753
vt 0.104398 0.491240
vt 0.080541 0.501704
vt 0.100613 0.468325
vt 0.077288 0.476095
vt 0.125642 0.462847
vt 0.160168 0.459654
vt 0.194365 0.459761
vt 0.228767 0.462703
vt 0.265162 0.469924
vt 0.286638 0.477115
vt 0.307874 0.486857
vt 0.188547 0.740508
vt 0.196519 0.736202
vt 0.202466 0.747077
vt 0.195122 0.752034
vt 0.184243 0.728612
vt 0.193868 0.727575
vt 0.212591 0.739019
vt 0.205693 0.729868
vt 0.202437 0.725348
vt 0.193836 0.716855
vt 0.184762 0.715132
vt 0.195501 0.699176
vt 0.185258 0.696291
vt 0.204439 0.719606
vt 0.218642 0.731887
vt 0.210055 0.723687
vt 0.227423 0.717769
vt 0.216182 0.708887
vt 0.207936 0.704181
vt 0.175048 0.698500
vt 0.175429 0.716219
vt 0.174722 0.727019
vt 0.171954 0.735366
vt 0.179462 0.740312
vt 0.165353 0.746035
vt 0.172189 0.751427
vt 0.155655 0.737223
vt 0.163012 0.728619
vt 0.166290 0.724329
vt 0.164696 0.718013
vt 0.150011 0.730007
vt 0.159175 0.722089
vt 0.141880 0.714947
vt 0.153745 0.706697
vt 0.162221 0.702536
vt 0.672789 0.602732
vt 0.654988 0.602905
vt 0.657918 0.580020
vt 0.678559 0.579691
vt 0.685714 0.603165
vt 0.692080 0.579950
vt 0.713197 0.582863
vt 0.704727 0.605252
vt 0.669193 0.626352
vt 0.653828 0.626766
vt 0.652463 0.651202
vt 0.665055 0.651277
vt 0.681428 0.626350
vt 0.675837 0.651831
vt 0.698175 0.626760
vt 0.691432 0.652404
vt 0.649929 0.674535
vt 0.649570 0.690057
vt 0.644819 0.701954
vt 0.652397 0.698981
vt 0.653300 0.714539
vt 0.660691 0.709648
vt 0.670134 0.700475
vt 0.662298 0.692613
vt 0.658808 0.686121
vt 0.675521 0.692837
vt 0.666484 0.687559
vt 0.682733 0.677690
vt 0.670335 0.675977
vt 0.661221 0.675380
vt 0.696553 0.557490
vt 0.719304 0.559592
vt 0.945837 0.137187
vt 0.943827 0.140481
vt 0.460131 0.032309
vt 0.444111 0.029917
vt 0.449343 0.041434
vt 0.461572 0.041212
vt 0.458179 0.024072
vt 0.447138 0.023165
vt 0.446859 0.048497
vt 0.437379 0.047649
vt 0.437561 0.043767
vt 0.458199 0.049845
vt 0.446671 0.017388
vt 0.437709 0.015641
vt 0.437584 0.018661
vt 0.457211 0.017001
vt 0.476733 0.041493
vt 0.475466 0.033500
vt 0.473827 0.050989
vt 0.488682 0.046058
vt 0.483856 0.034157
vt 0.489514 0.041777
vt 0.494956 0.046696
vt 0.495950 0.042493
vt 0.495408 0.041469
vt 0.494961 0.034485
vt 0.490991 0.024765
vt 0.489126 0.021385
vt 0.495537 0.021286
vt 0.492982 0.018109
vt 0.473911 0.024613
vt 0.496064 0.026243
vt 0.487798 0.016415
vt 0.472628 0.017117
vt 0.487562 0.052368
vt 0.432279 0.038506
vt 0.435594 0.039718
vt 0.436248 0.030129
vt 0.432685 0.023224
vt 0.436212 0.022183
vt 0.433935 0.045264
vt 0.432271 0.040945
vt 0.432792 0.020761
vt 0.434788 0.017436
vt 0.436186 0.018048
vt 0.045624 0.702258
vt 0.035985 0.691481
vt 0.039948 0.688945
vt 0.048613 0.698621
vt 0.057951 0.709695
vt 0.059718 0.705293
vt 0.072168 0.712999
vt 0.072444 0.708147
vt 0.086665 0.711326
vt 0.085413 0.706748
vt 0.099852 0.705374
vt 0.097272 0.701425
vt 0.110560 0.695697
vt 0.106900 0.692735
vt 0.117776 0.683218
vt 0.113388 0.681524
vt 0.120814 0.669135
vt 0.116119 0.668870
vt 0.119384 0.654800
vt 0.114833 0.655988
vt 0.113622 0.641586
vt 0.109651 0.644116
vt 0.104073 0.630763
vt 0.101064 0.634396
vt 0.091642 0.623362
vt 0.089881 0.627770
vt 0.077426 0.620065
vt 0.077152 0.624917
vt 0.062930 0.621739
vt 0.064183 0.626317
vt 0.049744 0.627690
vt 0.052324 0.631640
vt 0.039036 0.637368
vt 0.042696 0.640330
vt 0.031821 0.649847
vt 0.036209 0.651541
vt 0.028783 0.663930
vt 0.033478 0.664195
vt 0.030214 0.678266
vt 0.034765 0.677076
vt 0.074798 0.666532
vt 0.127394 0.043368
vt 0.152344 0.072311
vt 0.142089 0.078506
vt 0.130566 0.081448
vt 0.118644 0.080564
vt 0.107578 0.076040
vt 0.098451 0.068317
vt 0.092158 0.058152
vt 0.089314 0.046540
vt 0.090197 0.034617
vt 0.094722 0.023551
vt 0.102445 0.014425
vt 0.112610 0.008131
vt 0.124222 0.005287
vt 0.136145 0.006171
vt 0.147211 0.010695
vt 0.156337 0.018418
vt 0.162630 0.028583
vt 0.165475 0.040195
vt 0.164591 0.052118
vt 0.160066 0.063184
vt 0.087053 0.595051
vt 0.083001 0.592656
vt 0.087834 0.580599
vt 0.092426 0.581626
vt 0.078013 0.606256
vt 0.074847 0.602723
vt 0.065782 0.614223
vt 0.063864 0.609758
vt 0.051587 0.617609
vt 0.051199 0.612878
vt 0.037160 0.616526
vt 0.038234 0.611932
vt 0.023788 0.611095
vt 0.026214 0.607059
vt 0.012740 0.601836
vt 0.016284 0.598743
vt 0.005069 0.589641
vt 0.009390 0.587786
vt 0.001510 0.575681
vt 0.006193 0.575242
vt 0.002406 0.561294
vt 0.007002 0.562314
vt 0.007676 0.547858
vt 0.011747 0.550243
vt 0.016826 0.536653
vt 0.019989 0.540192
vt 0.029056 0.528692
vt 0.030973 0.533157
vt 0.043250 0.525306
vt 0.043638 0.530037
vt 0.057677 0.526389
vt 0.056603 0.530983
vt 0.071049 0.531820
vt 0.068623 0.535855
vt 0.082098 0.541078
vt 0.078554 0.544172
vt 0.089769 0.553273
vt 0.085448 0.555129
vt 0.093328 0.567235
vt 0.088644 0.567673
vt 0.047419 0.571457
vt 0.014943 0.071375
vt 0.040137 0.042148
vt 0.025298 0.077631
vt 0.036933 0.080602
vt 0.048973 0.079710
vt 0.060148 0.075141
vt 0.069364 0.067342
vt 0.075719 0.057077
vt 0.078591 0.045351
vt 0.077699 0.033311
vt 0.073129 0.022137
vt 0.065331 0.012921
vt 0.055066 0.006566
vt 0.043340 0.003694
vt 0.031300 0.004586
vt 0.020126 0.009155
vt 0.010910 0.016954
vt 0.004555 0.027219
vt 0.001683 0.038945
vt 0.002575 0.050984
vt 0.007144 0.062159
vt 0.209043 0.919178
vt 0.211578 0.918803
vt 0.214905 0.935891
vt 0.210158 0.936821
vt 0.217684 0.933590
vt 0.231554 0.943036
vt 0.231187 0.944031
vt 0.230430 0.946105
vt 0.212650 0.940777
vt 0.213128 0.918507
vt 0.211279 0.890653
vt 0.208921 0.890469
vt 0.249287 0.922068
vt 0.243633 0.916298
vt 0.212627 0.890809
vt 0.213938 0.865195
vt 0.211402 0.864820
vt 0.216033 0.842202
vt 0.218767 0.842902
vt 0.223648 0.825779
vt 0.220221 0.843271
vt 0.225094 0.826485
vt 0.233372 0.812130
vt 0.231358 0.809343
vt 0.220881 0.824519
vt 0.226790 0.807103
vt 0.188924 0.814907
vt 0.193195 0.798063
vt 0.215455 0.865415
vt 0.236255 0.869634
vt 0.242474 0.852350
vt 0.184533 0.834520
vt 0.180317 0.859957
vt 0.177230 0.888739
vt 0.234692 0.890197
vt 0.239434 0.908746
vt 0.175647 0.919234
vt 0.175071 0.936480
vt 0.322090 0.802175
vt 0.322316 0.798829
vt 0.327965 0.798637
vt 0.327848 0.802324
vt 0.327859 0.803800
vt 0.321896 0.803620
vt 0.297798 0.802278
vt 0.297842 0.803585
vt 0.325644 0.836247
vt 0.332320 0.832441
vt 0.335704 0.852889
vt 0.331233 0.852692
vt 0.333682 0.883270
vt 0.328987 0.882040
vt 0.320082 0.905764
vt 0.327104 0.909980
vt 0.315240 0.827314
vt 0.297060 0.820873
vt 0.316244 0.934258
vt 0.306922 0.921198
vt 0.297138 0.951417
vt 0.317718 0.950547
vt 0.317855 0.952195
vt 0.297148 0.954723
vt 0.318042 0.955627
vt 0.295318 0.988912
vt 0.270436 0.985162
vt 0.273473 0.953029
vt 0.317924 0.991918
vt 0.345104 0.934163
vt 0.345046 0.951286
vt 0.245464 0.981472
vt 0.249360 0.950035
vt 0.273604 0.950275
vt 0.292952 0.929100
vt 0.249770 0.947634
vt 0.258673 0.927928
vt 0.275220 0.931980
vt 0.225691 0.978932
vt 0.208334 0.976035
vt 0.345059 0.953403
vt 0.345063 0.957324
vt 0.344947 0.994655
vt 0.372273 0.952501
vt 0.372392 0.950851
vt 0.393097 0.952049
vt 0.393055 0.955382
vt 0.372079 0.955935
vt 0.394170 0.989535
vt 0.418909 0.986465
vt 0.416879 0.954338
vt 0.371754 0.992138
vt 0.374003 0.934483
vt 0.443745 0.983690
vt 0.441103 0.952323
vt 0.416834 0.951538
vt 0.383499 0.921379
vt 0.370120 0.905988
vt 0.363160 0.910164
vt 0.356901 0.884036
vt 0.361413 0.883154
vt 0.362548 0.856530
vt 0.358344 0.855218
vt 0.371643 0.839371
vt 0.365134 0.834526
vt 0.372221 0.805789
vt 0.378190 0.806101
vt 0.378134 0.804610
vt 0.402508 0.806396
vt 0.402394 0.807728
vt 0.372333 0.804287
vt 0.372507 0.800553
vt 0.378184 0.801206
vt 0.383210 0.830716
vt 0.402176 0.825189
vt 0.428256 0.809226
vt 0.428587 0.806545
vt 0.449925 0.811807
vt 0.450538 0.809328
vt 0.430380 0.777110
vt 0.451687 0.778514
vt 0.468697 0.812150
vt 0.467785 0.779051
vt 0.467526 0.817080
vt 0.465390 0.819648
vt 0.473992 0.833388
vt 0.472558 0.833991
vt 0.476731 0.832330
vt 0.472064 0.815200
vt 0.508067 0.824955
vt 0.504950 0.808481
vt 0.476277 0.850432
vt 0.477695 0.850155
vt 0.480364 0.849634
vt 0.479546 0.871979
vt 0.459323 0.874775
vt 0.454380 0.857908
vt 0.481016 0.871860
vt 0.483474 0.871653
vt 0.484301 0.896487
vt 0.482013 0.896509
vt 0.482447 0.924188
vt 0.480010 0.923665
vt 0.475819 0.940035
vt 0.480341 0.941181
vt 0.473223 0.937677
vt 0.459094 0.946234
vt 0.459411 0.947232
vt 0.460062 0.949313
vt 0.477837 0.944884
vt 0.478521 0.923275
vt 0.442743 0.924447
vt 0.448847 0.919153
vt 0.480701 0.896563
vt 0.513686 0.868827
vt 0.511135 0.844097
vt 0.459476 0.894558
vt 0.453583 0.912110
vt 0.514949 0.896726
vt 0.514670 0.926227
vt 0.514218 0.942902
vt 0.556483 0.889037
vt 0.545287 0.869444
vt 0.560910 0.867310
vt 0.565967 0.884202
vt 0.580662 0.866733
vt 0.581299 0.880947
vt 0.599571 0.867118
vt 0.597618 0.882594
vt 0.615975 0.867944
vt 0.610963 0.888860
vt 0.549919 0.894249
vt 0.533994 0.877637
vt 0.527711 0.890024
vt 0.544391 0.900768
vt 0.536880 0.917778
vt 0.523832 0.914955
vt 0.536175 0.937316
vt 0.523736 0.938819
vt 0.541291 0.953162
vt 0.525455 0.959968
vt 0.547540 0.962169
vt 0.529680 0.975762
vt 0.553394 0.967826
vt 0.537498 0.987368
vt 0.549623 0.993491
vt 0.560016 0.972294
vt 0.567744 0.994774
vt 0.570595 0.976597
vt 0.588906 0.977836
vt 0.589585 0.994404
vt 0.606184 0.971772
vt 0.611056 0.992753
vt 0.616775 0.991955
vt 0.634654 0.963895
vt 0.621213 0.959263
vt 0.629705 0.943141
vt 0.634655 0.944069
vt 0.630907 0.918908
vt 0.634664 0.918335
vt 0.634704 0.901116
vt 0.623642 0.901496
vt 0.634702 0.867994
vt 0.634656 0.991839
vt 0.638420 0.918913
vt 0.639605 0.943143
vt 0.645710 0.901512
vt 0.653429 0.867974
vt 0.648094 0.959265
vt 0.658408 0.888895
vt 0.671760 0.882649
vt 0.669831 0.867175
vt 0.688075 0.881024
vt 0.688732 0.866820
vt 0.703392 0.884298
vt 0.708469 0.867426
vt 0.712861 0.889141
vt 0.724075 0.869581
vt 0.719412 0.894356
vt 0.735344 0.877783
vt 0.741602 0.890167
vt 0.724926 0.900875
vt 0.732404 0.917875
vt 0.745439 0.915074
vt 0.733083 0.937389
vt 0.745503 0.938904
vt 0.727959 0.953209
vt 0.743765 0.960019
vt 0.721711 0.962199
vt 0.739535 0.975785
vt 0.715860 0.967847
vt 0.731723 0.987368
vt 0.719615 0.993477
vt 0.709243 0.972306
vt 0.701520 0.994754
vt 0.698676 0.976599
vt 0.680384 0.977834
vt 0.679705 0.994386
vt 0.659033 0.969248
vt 0.658250 0.992741
vt 0.652535 0.991948
vt 0.230525 0.804216
vt 0.233576 0.770651
vt 0.249964 0.771139
vt 0.249191 0.802456
vt 0.271654 0.771102
vt 0.271607 0.800909
vt 0.249667 0.805020
vt 0.249856 0.806023
vt 0.271805 0.803625
vt 0.271893 0.804682
vt 0.297691 0.799262
vt 0.297375 0.770624
vt 0.255302 0.834565
vt 0.249150 0.841558
vt 0.262867 0.828939
vt 0.276589 0.822885
vt 0.322661 0.769538
vt 0.330049 0.769362
vt 0.350250 0.798599
vt 0.350078 0.802585
vt 0.350004 0.804303
vt 0.348599 0.833544
vt 0.347061 0.854524
vt 0.345399 0.883699
vt 0.345196 0.909799
vt 0.351465 0.769341
vt 0.372777 0.771173
vt 0.380044 0.771968
vt 0.405037 0.774920
vt 0.402794 0.803362
vt 0.271800 0.769253
vt 0.297340 0.768798
vt 0.250230 0.769350
vt 0.233982 0.768832
vt 0.322516 0.767553
vt 0.330385 0.767401
vt 0.351545 0.767462
vt 0.372608 0.769204
vt 0.380346 0.770017
vt 0.405200 0.773117
vt 0.430357 0.775281
vt 0.451538 0.776742
vt 0.467500 0.777242
vt 0.245446 0.983476
vt 0.270214 0.987209
vt 0.294959 0.991017
vt 0.317776 0.994102
vt 0.225586 0.980824
vt 0.208259 0.978002
vt 0.345030 0.997805
vt 0.371876 0.994295
vt 0.394482 0.991627
vt 0.419068 0.988497
vt 0.443688 0.985670
vt 0.463397 0.983845
vt 0.463371 0.981973
vt 0.480605 0.981787
vt 0.480613 0.979844
vt 0.175313 0.888454
vt 0.178384 0.859768
vt 0.182642 0.834380
vt 0.187057 0.814673
vt 0.191279 0.797943
vt 0.173782 0.918887
vt 0.173197 0.936016
vt 0.449682 0.812775
vt 0.428129 0.810274
vt 0.442913 0.840278
vt 0.448533 0.847250
vt 0.435788 0.834543
vt 0.422557 0.828068
vt 0.397718 0.929524
vt 0.415834 0.932959
vt 0.432891 0.929715
vt 0.440812 0.949906
vt 0.515558 0.868760
vt 0.516813 0.896565
vt 0.512963 0.844074
vt 0.509879 0.824841
vt 0.506803 0.808480
vt 0.516490 0.926003
vt 0.516054 0.942564
vt 0.958166 0.962149
vt 0.957643 0.988853
vt 0.943751 0.988876
vt 0.943143 0.962095
vt 0.965053 0.962412
vt 0.964383 0.989088
vt 0.971803 0.962697
vt 0.971105 0.989366
vt 0.980370 0.963056
vt 0.979884 0.989738
vt 0.992987 0.963175
vt 0.993350 0.989797
vt 0.929394 0.989840
vt 0.927361 0.963094
vt 0.916742 0.991338
vt 0.913971 0.964650
vt 0.907909 0.992498
vt 0.905171 0.965812
vt 0.901092 0.993361
vt 0.898640 0.966716
vt 0.894291 0.994158
vt 0.892211 0.967438
vt 0.883196 0.995072
vt 0.882222 0.968333
vt 0.866971 0.994918
vt 0.868113 0.968167
vt 0.850859 0.992921
vt 0.853393 0.966406
vt 0.838795 0.990898
vt 0.841738 0.964510
vt 0.822933 0.988319
vt 0.825356 0.961863
vt 0.805359 0.986741
vt 0.805923 0.960188
vt 0.789871 0.987130
vt 0.788606 0.960615
vt 0.776269 0.988408
vt 0.774266 0.961778
vt 0.764708 0.989713
vt 0.762502 0.963195
vt 0.751011 0.991007
vt 0.749370 0.964431
vt 0.945984 0.923638
vt 0.959876 0.923661
vt 0.960400 0.950367
vt 0.945376 0.950420
vt 0.967287 0.950104
vt 0.966617 0.923426
vt 0.974037 0.949819
vt 0.973339 0.923148
vt 0.982605 0.949460
vt 0.982118 0.922776
vt 0.995222 0.949340
vt 0.995585 0.922716
vt 0.931626 0.922674
vt 0.929593 0.949422
vt 0.918974 0.921176
vt 0.916203 0.947865
vt 0.910141 0.920016
vt 0.907402 0.946703
vt 0.903324 0.919153
vt 0.900871 0.945798
vt 0.896523 0.918357
vt 0.894442 0.945077
vt 0.885428 0.917442
vt 0.884453 0.944181
vt 0.869202 0.917596
vt 0.870344 0.944347
vt 0.853091 0.919593
vt 0.855624 0.946107
vt 0.841027 0.921615
vt 0.843969 0.948002
vt 0.825166 0.924193
vt 0.827587 0.950649
vt 0.807593 0.925770
vt 0.808154 0.952322
vt 0.792105 0.925380
vt 0.790838 0.951894
vt 0.778504 0.924101
vt 0.776499 0.950729
vt 0.766943 0.922795
vt 0.764735 0.949311
vt 0.753247 0.921499
vt 0.751604 0.948074
vt 0.929894 0.875665
vt 0.935317 0.860096
vt 0.945022 0.863211
vt 0.939510 0.878871
vt 0.954994 0.866506
vt 0.949324 0.882213
vt 0.920512 0.872553
vt 0.925891 0.857109
vt 0.911211 0.869592
vt 0.916405 0.854219
vt 0.906497 0.851467
vt 0.901613 0.866800
vt 0.896100 0.848902
vt 0.891641 0.864225
vt 0.881653 0.861673
vt 0.885290 0.846395
vt 0.871510 0.859149
vt 0.874433 0.843869
vt 0.861097 0.857104
vt 0.863487 0.841775
vt 0.850251 0.855529
vt 0.852315 0.840103
vt 0.842112 0.854525
vt 0.843907 0.839108
vt 0.831625 0.853710
vt 0.832871 0.838209
vt 0.821255 0.853466
vt 0.821702 0.837798
vt 0.810724 0.853362
vt 0.810223 0.837400
vt 0.800209 0.853290
vt 0.799145 0.837155
vt 0.790053 0.853529
vt 0.788661 0.837261
vt 0.780301 0.854073
vt 0.778742 0.837701
vt 0.770511 0.854781
vt 0.768959 0.838300
vt 0.760451 0.855574
vt 0.758861 0.838981
vt 0.750117 0.856471
vt 0.748375 0.839807
vt 0.739681 0.857480
vt 0.737767 0.840776
vt 0.729337 0.858542
vt 0.727354 0.841831
vt 0.719259 0.859541
vt 0.717225 0.842851
vt 0.710214 0.843532
vt 0.712310 0.860206
vt 0.968989 0.889154
vt 0.974889 0.873447
vt 0.984465 0.876849
vt 0.978522 0.892531
vt 0.991102 0.879180
vt 0.985101 0.894837
vt 0.959208 0.885666
vt 0.965049 0.869960
vt 0.919768 0.837967
vt 0.904853 0.834592
vt 0.904139 0.839578
vt 0.918947 0.842825
vt 0.934984 0.841534
vt 0.933934 0.846286
vt 0.889575 0.836494
vt 0.890267 0.831389
vt 0.875113 0.833528
vt 0.875785 0.828390
vt 0.860148 0.830821
vt 0.860789 0.825655
vt 0.844443 0.828398
vt 0.845054 0.823244
vt 0.828418 0.826244
vt 0.829072 0.821022
vt 0.811998 0.824422
vt 0.812700 0.819003
vt 0.795188 0.823282
vt 0.795698 0.817738
vt 0.777503 0.823056
vt 0.777543 0.817322
vt 0.763796 0.823079
vt 0.763525 0.817250
vt 0.746087 0.823749
vt 0.745536 0.817840
vt 0.728226 0.825201
vt 0.727617 0.819350
vt 0.709759 0.827113
vt 0.709145 0.821216
vt 0.691152 0.829357
vt 0.690492 0.823316
vt 0.673072 0.832028
vt 0.672433 0.825865
vt 0.655521 0.835084
vt 0.654954 0.828836
vt 0.637713 0.838310
vt 0.637178 0.832117
vt 0.619355 0.841793
vt 0.618670 0.835687
vt 0.600493 0.845533
vt 0.599428 0.839490
vt 0.581366 0.849465
vt 0.579827 0.843476
vt 0.562276 0.853545
vt 0.560406 0.847440
vt 0.543573 0.857352
vt 0.541372 0.851271
vt 0.530627 0.860131
vt 0.528123 0.854005
vt 0.631471 0.803049
vt 0.649290 0.800277
vt 0.593228 0.809452
vt 0.612793 0.806058
vt 0.553773 0.817158
vt 0.573294 0.813222
vt 0.521251 0.823345
vt 0.534640 0.820912
vt 0.629667 0.797002
vt 0.647725 0.794158
vt 0.667050 0.797772
vt 0.685712 0.795687
vt 0.705433 0.794118
vt 0.725729 0.792865
vt 0.745079 0.791839
vt 0.764005 0.791603
vt 0.778393 0.792026
vt 0.796921 0.793260
vt 0.814697 0.795010
vt 0.832167 0.797304
vt 0.849427 0.799673
vt 0.865780 0.802190
vt 0.881167 0.805013
vt 0.895840 0.808020
vt 0.910469 0.811171
vt 0.925548 0.814458
vt 0.941006 0.817972
vt 0.950328 0.845288
vt 0.948936 0.849962
vt 0.965423 0.849055
vt 0.963757 0.853777
vt 0.980145 0.852765
vt 0.978181 0.857406
vt 0.990345 0.855438
vt 0.988042 0.860059
vt 0.971793 0.825573
vt 0.986634 0.829288
vt 0.997012 0.831747
vt 0.956615 0.821710
vt 0.927038 0.809686
vt 0.942330 0.813229
vt 0.972663 0.820550
vt 0.987173 0.824432
vt 0.997273 0.826549
vt 0.957671 0.816863
vt 0.987271 0.823782
vt 0.912042 0.806288
vt 0.897363 0.803036
vt 0.882482 0.799950
vt 0.866860 0.797084
vt 0.850386 0.794527
vt 0.833116 0.792048
vt 0.815479 0.789495
vt 0.797445 0.787502
vt 0.778762 0.785966
vt 0.763961 0.785478
vt 0.744764 0.785787
vt 0.725225 0.786930
vt 0.704940 0.788168
vt 0.685048 0.789641
vt 0.665954 0.791637
vt 0.591754 0.803449
vt 0.611037 0.800112
vt 0.572258 0.807044
vt 0.553013 0.810733
vt 0.534254 0.814417
vt 0.521254 0.816698
s 1
usemtl ElasticWaistband_c.002
f 3/1/1 2/2/2 1/3/3
f 4/4/4 1/3/3 2/2/2
f 1/3/3 5/5/5 3/1/1
f 8/6/6 7/7/7 6/8/8
f 7/7/7 8/6/6 9/9/9
f 9/9/9 10/10/10 7/7/7
f 13/11/11 12/12/12 11/13/13
f 14/14/14 13/11/11 11/13/13
f 11/13/13 15/15/15 14/14/14
f 15/15/15 16/16/16 14/14/14
f 12/12/12 13/11/11 17/17/17
f 18/18/18 12/12/12 17/17/17
f 17/17/17 19/19/19 18/18/18
f 19/19/19 20/20/20 18/18/18
f 12/12/12 21/21/21 11/13/13
f 11/13/13 21/21/21 15/15/15
f 21/21/21 22/22/22 15/15/15
f 18/18/18 23/23/23 12/12/12
f 23/23/23 24/24/24 12/12/12
f 25/25/25 24/24/24 23/23/23
f 26/26/26 25/25/25 23/23/23
f 26/26/26 23/23/23 27/27/27
f 27/27/27 23/23/23 18/18/18
f 20/20/20 27/27/27 18/18/18
f 28/28/28 26/26/26 27/27/27
f 25/25/25 29/29/29 24/24/24
f 29/29/29 30/30/30 24/24/24
f 29/29/29 31/31/31 30/30/30
f 31/31/31 32/32/32 30/30/30
f 26/26/26 33/33/33 25/25/25
f 33/33/33 34/34/34 25/25/25
f 25/25/25 34/34/34 29/29/29
f 1/35/3 34/34/34 33/33/33
f 5/36/5 1/35/3 33/33/33
f 5/36/5 33/33/33 35/37/35
f 35/37/35 33/33/33 26/26/26
f 28/28/28 35/37/35 26/26/26
f 3/38/1 5/36/5 35/37/35
f 1/35/3 4/39/4 34/34/34
f 4/39/4 36/40/36 34/34/34
f 34/34/34 36/40/36 29/29/29
f 29/29/29 36/40/36 31/31/31
f 4/39/4 2/41/2 36/40/36
f 2/41/2 37/42/37 36/40/36
f 36/40/36 37/42/37 31/31/31
f 30/30/30 32/32/32 38/43/38
f 30/30/30 38/43/38 12/12/12
f 24/24/24 30/30/30 12/12/12
f 32/32/32 39/44/39 38/43/38
f 12/12/12 38/43/38 21/21/21
f 38/43/38 39/44/39 22/22/22
f 21/21/21 38/43/38 22/22/22
f 40/45/40 19/46/19 16/47/16
f 15/48/15 40/45/40 16/47/16
f 40/45/40 20/49/20 19/46/19
f 15/48/15 22/50/22 40/45/40
f 40/45/40 27/51/27 20/49/20
f 32/52/32 27/51/27 40/45/40
f 28/53/28 27/51/27 32/52/32
f 31/54/31 28/53/28 32/52/32
f 31/54/31 37/55/37 28/53/28
f 37/55/37 35/56/35 28/53/28
f 3/57/1 35/56/35 37/55/37
f 2/58/2 3/57/1 37/55/37
f 39/59/39 32/52/32 40/45/40
f 39/59/39 40/45/40 22/50/22
f 16/47/16 19/46/19 41/60/41
f 19/46/19 42/61/42 41/60/41
f 41/60/41 42/61/42 43/62/43
f 44/63/44 41/60/41 43/62/43
f 44/63/44 43/62/43 45/64/45
f 46/65/46 44/63/44 45/64/45
f 43/62/43 47/66/47 45/64/45
f 46/65/46 45/64/45 48/67/48
f 48/67/48 45/64/45 49/68/49
f 49/68/49 45/64/45 50/69/50
f 45/64/45 47/66/47 50/69/50
f 51/70/51 49/68/49 50/69/50
f 51/70/51 50/69/50 52/71/52
f 50/69/50 53/72/53 52/71/52
f 52/71/52 53/72/53 54/73/54
f 53/72/53 55/74/55 54/73/54
f 55/74/55 56/75/56 54/73/54
f 55/74/55 57/76/57 56/75/56
f 58/77/58 56/75/56 57/76/57
f 58/77/58 59/78/59 56/75/56
f 58/77/58 60/79/60 59/78/59
f 60/79/60 61/80/61 59/78/59
f 62/81/62 61/80/61 60/79/60
f 63/82/63 62/81/62 60/79/60
f 62/81/62 63/82/63 64/83/64
f 65/84/65 62/81/62 64/83/64
f 63/82/63 66/85/66 64/83/64
f 64/83/64 67/86/67 65/84/65
f 66/85/66 68/87/68 64/83/64
f 64/83/64 69/88/69 67/86/67
f 70/89/70 69/88/69 64/83/64
f 68/87/68 70/89/70 64/83/64
f 71/90/71 70/89/70 68/87/68
f 72/91/72 71/90/71 68/87/68
f 72/91/72 73/92/73 71/90/71
f 73/92/73 74/93/74 71/90/71
f 8/94/6 74/93/74 73/92/73
f 9/95/9 8/94/6 73/92/73
f 77/96/75 76/97/76 75/98/77
f 78/99/78 77/96/75 75/98/77
f 75/98/77 62/100/62 78/99/78
f 62/100/62 65/101/65 78/99/78
f 76/97/76 77/96/75 79/102/79
f 80/103/80 76/97/76 79/102/79
f 79/102/79 66/104/66 80/103/80
f 66/104/66 63/105/63 80/103/80
f 65/101/65 67/106/67 78/99/78
f 67/106/67 81/107/81 78/99/78
f 78/99/78 81/107/81 77/96/75
f 80/103/80 63/105/63 82/108/82
f 63/105/63 60/109/60 82/108/82
f 62/100/62 75/98/77 61/110/61
f 75/98/77 83/111/83 61/110/61
f 75/98/77 76/97/76 83/111/83
f 76/97/76 84/112/84 83/111/83
f 80/103/80 82/108/82 84/112/84
f 76/97/76 80/103/80 84/112/84
f 82/108/82 60/109/60 58/113/58
f 85/114/85 82/108/82 58/113/58
f 84/112/84 82/108/82 85/114/85
f 85/114/85 58/113/58 86/115/86
f 86/115/86 87/116/87 85/114/85
f 87/116/87 88/117/88 85/114/85
f 83/111/83 84/112/84 88/117/88
f 88/117/88 84/112/84 85/114/85
f 58/113/58 57/118/57 86/115/86
f 88/117/88 87/116/87 89/119/89
f 90/120/90 88/117/88 89/119/89
f 61/110/61 83/111/83 90/120/90
f 90/120/90 83/111/83 88/117/88
f 90/120/90 89/119/89 91/121/91
f 59/122/59 90/120/90 91/121/91
f 59/122/59 61/110/61 90/120/90
f 91/121/91 89/119/89 92/123/92
f 89/119/89 93/124/93 92/123/92
f 89/119/89 87/116/87 93/124/93
f 92/123/92 93/124/93 94/125/94
f 93/124/93 95/126/95 94/125/94
f 93/124/93 87/116/87 95/126/95
f 86/115/86 57/118/57 55/127/55
f 96/128/96 86/115/86 55/127/55
f 87/116/87 86/115/86 96/128/96
f 97/129/97 96/128/96 55/127/55
f 53/130/53 97/129/97 55/127/55
f 97/129/97 53/130/53 98/131/98
f 53/130/53 50/132/50 98/131/98
f 98/131/98 99/133/99 97/129/97
f 99/133/99 100/134/100 97/129/97
f 97/129/97 100/134/100 96/128/96
f 99/133/99 101/135/101 100/134/100
f 101/135/101 102/136/102 100/134/100
f 101/135/101 51/137/51 102/136/102
f 51/137/51 52/138/52 102/136/102
f 100/134/100 103/139/103 96/128/96
f 100/134/100 102/136/102 103/139/103
f 102/136/102 104/140/104 103/139/103
f 102/136/102 52/138/52 104/140/104
f 94/125/94 95/126/95 104/140/104
f 104/140/104 95/126/95 103/139/103
f 52/138/52 54/141/54 104/140/104
f 98/131/98 105/142/105 99/133/99
f 105/142/105 106/143/106 99/133/99
f 99/133/99 106/143/106 101/135/101
f 107/144/107 106/143/106 105/142/105
f 108/145/108 107/144/107 105/142/105
f 105/142/105 47/146/47 108/145/108
f 47/146/47 105/142/105 98/131/98
f 50/132/50 47/146/47 98/131/98
f 47/146/47 43/147/43 108/145/108
f 107/144/107 109/148/109 106/143/106
f 109/148/109 110/149/110 106/143/106
f 109/148/109 44/150/44 110/149/110
f 44/150/44 46/151/46 110/149/110
f 110/149/110 46/151/46 111/152/111
f 106/143/106 110/149/110 111/152/111
f 46/151/46 48/153/48 111/152/111
f 108/145/108 112/154/112 107/144/107
f 112/154/112 113/155/113 107/144/107
f 107/144/107 113/155/113 109/148/109
f 13/11/11 113/155/113 112/154/112
f 17/17/17 13/11/11 112/154/112
f 13/11/11 14/14/14 113/155/113
f 14/14/14 114/156/114 113/155/113
f 113/155/113 114/156/114 109/148/109
f 109/148/109 114/156/114 44/150/44
f 14/14/14 16/16/16 114/156/114
f 16/16/16 41/157/41 114/156/114
f 114/156/114 41/157/41 44/150/44
f 17/17/17 112/154/112 42/158/42
f 19/19/19 17/17/17 42/158/42
f 42/158/42 112/154/112 108/145/108
f 43/147/43 42/158/42 108/145/108
f 111/152/111 48/153/48 115/159/115
f 48/153/48 49/160/49 115/159/115
f 115/159/115 49/160/49 51/137/51
f 101/135/101 115/159/115 51/137/51
f 106/143/106 115/159/115 101/135/101
f 111/152/111 115/159/115 106/143/106
f 118/161/116 117/162/117 116/163/118
f 119/164/119 118/161/116 116/163/118
f 118/161/116 72/165/72 117/162/117
f 72/165/72 68/166/68 117/162/117
f 119/164/119 116/163/118 120/167/120
f 121/168/121 119/164/119 120/167/120
f 121/168/121 120/167/120 70/169/70
f 71/170/71 121/168/121 70/169/70
f 117/162/117 68/166/68 66/104/66
f 79/102/79 117/162/117 66/104/66
f 116/163/118 117/162/117 79/102/79
f 70/169/70 120/167/120 69/171/69
f 120/167/120 122/172/122 69/171/69
f 120/167/120 116/163/118 122/172/122
f 116/163/118 77/96/75 122/172/122
f 77/96/75 116/163/118 79/102/79
f 69/171/69 122/172/122 81/107/81
f 122/172/122 77/96/75 81/107/81
f 67/106/67 69/171/69 81/107/81
f 118/161/116 123/173/123 72/165/72
f 123/173/123 73/174/73 72/165/72
f 9/175/9 73/174/73 123/173/123
f 10/176/10 9/175/9 123/173/123
f 10/176/10 123/173/123 124/177/124
f 7/178/7 10/176/10 124/177/124
f 7/178/7 124/177/124 125/179/125
f 6/180/8 7/178/7 125/179/125
f 6/180/8 125/179/125 74/181/74
f 8/182/6 6/180/8 74/181/74
f 74/181/74 125/179/125 121/168/121
f 71/170/71 74/181/74 121/168/121
f 125/179/125 124/177/124 119/164/119
f 121/168/121 125/179/125 119/164/119
f 124/177/124 123/173/123 118/161/116
f 119/164/119 124/177/124 118/161/116
f 54/141/54 94/125/94 104/140/104
f 95/126/95 87/116/87 103/139/103
f 103/139/103 87/116/87 96/128/96
f 56/75/56 91/183/91 92/184/92
f 92/184/92 94/185/94 56/75/56
f 59/78/59 91/183/91 56/75/56
f 56/75/56 94/185/94 54/73/54
f 128/2/1 127/1/2 126/3/126
f 126/3/126 129/4/5 128/2/1
f 130/5/127 126/3/126 127/1/2
f 133/7/7 132/6/9 131/8/10
f 132/6/9 133/7/7 134/9/6
f 135/10/8 134/9/6 133/7/7
f 138/11/128 137/14/129 136/13/130
f 139/12/131 138/11/128 136/13/130
f 140/15/132 136/13/130 137/14/129
f 141/16/133 140/15/132 137/14/129
f 138/11/128 139/12/131 142/17/134
f 139/12/131 143/18/135 142/17/134
f 144/19/136 142/17/134 143/18/135
f 145/20/137 144/19/136 143/18/135
f 146/21/138 139/12/131 136/13/130
f 146/21/138 136/13/130 140/15/132
f 147/22/139 146/21/138 140/15/132
f 148/23/140 143/18/135 139/12/131
f 149/24/141 148/23/140 139/12/131
f 149/24/141 150/25/25 148/23/140
f 150/25/25 151/26/29 148/23/140
f 148/23/140 151/26/29 152/27/142
f 152/27/142 145/20/137 143/18/135
f 148/23/140 152/27/142 143/18/135
f 151/26/29 153/28/31 152/27/142
f 154/29/143 150/25/25 149/24/141
f 155/30/144 154/29/143 149/24/141
f 156/31/28 154/29/143 155/30/144
f 157/32/145 156/31/28 155/30/144
f 158/33/146 151/26/29 150/25/25
f 159/34/34 158/33/146 150/25/25
f 159/34/34 150/25/25 154/29/143
f 159/34/34 126/35/126 158/33/146
f 126/35/126 130/36/127 158/33/146
f 158/33/146 130/36/127 160/37/147
f 160/37/147 153/28/31 151/26/29
f 158/33/146 160/37/147 151/26/29
f 130/36/127 127/38/2 160/37/147
f 129/39/5 126/35/126 159/34/34
f 161/40/148 129/39/5 159/34/34
f 161/40/148 159/34/34 154/29/143
f 161/40/148 154/29/143 156/31/28
f 128/41/1 129/39/5 161/40/148
f 162/42/149 128/41/1 161/40/148
f 162/42/149 161/40/148 156/31/28
f 157/32/145 155/30/144 163/43/150
f 163/43/150 155/30/144 139/12/131
f 155/30/144 149/24/141 139/12/131
f 164/44/151 157/32/145 163/43/150
f 163/43/150 139/12/131 146/21/138
f 163/43/150 146/21/138 147/22/139
f 164/44/151 163/43/150 147/22/139
f 165/45/152 140/48/132 141/47/133
f 144/46/136 165/45/152 141/47/133
f 145/49/137 165/45/152 144/46/136
f 147/50/139 140/48/132 165/45/152
f 152/51/142 165/45/152 145/49/137
f 152/51/142 157/52/145 165/45/152
f 152/51/142 153/53/31 157/52/145
f 153/53/31 156/54/28 157/52/145
f 162/55/149 156/54/28 153/53/31
f 160/56/147 162/55/149 153/53/31
f 160/56/147 127/57/2 162/55/149
f 127/57/2 128/58/1 162/55/149
f 157/52/145 164/59/151 165/45/152
f 165/45/152 164/59/151 147/50/139
f 144/46/136 141/47/133 166/60/42
f 167/61/41 144/46/136 166/60/42
f 167/61/41 166/60/42 168/62/153
f 166/60/42 169/63/154 168/62/153
f 168/62/153 169/63/154 170/64/155
f 169/63/154 171/65/156 170/64/155
f 172/66/157 168/62/153 170/64/155
f 170/64/155 171/65/156 173/67/158
f 170/64/155 173/67/158 174/68/159
f 170/64/155 174/68/159 175/69/160
f 172/66/157 170/64/155 175/69/160
f 174/68/159 176/70/161 175/69/160
f 175/69/160 176/70/161 177/71/53
f 178/72/52 175/69/160 177/71/53
f 178/72/52 177/71/53 179/73/162
f 180/74/163 178/72/52 179/73/162
f 181/75/164 180/74/163 179/73/162
f 182/76/165 180/74/163 181/75/164
f 181/75/164 183/77/166 182/76/165
f 184/78/167 183/77/166 181/75/164
f 185/79/61 183/77/166 184/78/167
f 186/80/60 185/79/61 184/78/167
f 186/80/60 187/81/168 185/79/61
f 187/81/168 188/82/169 185/79/61
f 188/82/169 187/81/168 189/83/170
f 187/81/168 190/84/171 189/83/170
f 191/85/172 188/82/169 189/83/170
f 192/86/173 189/83/170 190/84/171
f 193/87/174 191/85/172 189/83/170
f 194/88/175 189/83/170 192/86/173
f 195/89/176 193/87/174 189/83/170
f 194/88/175 195/89/176 189/83/170
f 195/89/176 196/90/72 193/87/174
f 196/90/72 197/91/71 193/87/174
f 198/92/74 197/91/71 196/90/72
f 199/93/73 198/92/74 196/90/72
f 199/93/73 132/94/9 198/92/74
f 132/94/9 134/95/6 198/92/74
f 202/96/177 201/99/178 200/98/179
f 203/97/76 202/96/177 200/98/179
f 187/100/168 200/98/179 201/99/178
f 190/101/171 187/100/168 201/99/178
f 202/96/177 203/97/76 204/102/180
f 203/97/76 205/103/181 204/102/180
f 191/104/172 204/102/180 205/103/181
f 188/105/169 191/104/172 205/103/181
f 192/106/173 190/101/171 201/99/178
f 206/107/182 192/106/173 201/99/178
f 206/107/182 201/99/178 202/96/177
f 188/105/169 205/103/181 207/108/183
f 185/109/61 188/105/169 207/108/183
f 200/98/179 187/100/168 186/110/60
f 208/111/184 200/98/179 186/110/60
f 203/97/76 200/98/179 208/111/184
f 209/112/185 203/97/76 208/111/184
f 205/103/181 203/97/76 209/112/185
f 207/108/183 205/103/181 209/112/185
f 185/109/61 207/108/183 183/113/166
f 207/108/183 210/114/186 183/113/166
f 207/108/183 209/112/185 210/114/186
f 183/113/166 210/114/186 211/115/187
f 212/116/188 211/115/187 210/114/186
f 213/117/189 212/116/188 210/114/186
f 209/112/185 208/111/184 213/117/189
f 209/112/185 213/117/189 210/114/186
f 182/118/165 183/113/166 211/115/187
f 212/116/188 213/117/189 214/119/190
f 213/117/189 215/120/191 214/119/190
f 208/111/184 186/110/60 215/120/191
f 208/111/184 215/120/191 213/117/189
f 214/119/190 215/120/191 216/121/192
f 215/120/191 184/122/167 216/121/192
f 186/110/60 184/122/167 215/120/191
f 214/119/190 216/121/192 217/123/193
f 218/124/194 214/119/190 217/123/193
f 212/116/188 214/119/190 218/124/194
f 218/124/194 217/123/193 219/125/195
f 220/126/196 218/124/194 219/125/195
f 212/116/188 218/124/194 220/126/196
f 182/118/165 211/115/187 180/127/163
f 211/115/187 221/128/197 180/127/163
f 211/115/187 212/116/188 221/128/197
f 221/128/197 222/129/102 180/127/163
f 222/129/102 178/130/52 180/127/163
f 178/130/52 222/129/102 223/131/198
f 175/132/160 178/130/52 223/131/198
f 224/133/199 223/131/198 222/129/102
f 225/134/100 224/133/199 222/129/102
f 225/134/100 222/129/102 221/128/197
f 226/135/200 224/133/199 225/134/100
f 227/136/97 226/135/200 225/134/100
f 176/137/161 226/135/200 227/136/97
f 177/138/53 176/137/161 227/136/97
f 228/139/201 225/134/100 221/128/197
f 227/136/97 225/134/100 228/139/201
f 229/140/202 227/136/97 228/139/201
f 177/138/53 227/136/97 229/140/202
f 220/126/196 219/125/195 229/140/202
f 220/126/196 229/140/202 228/139/201
f 179/141/162 177/138/53 229/140/202
f 230/142/203 223/131/198 224/133/199
f 231/143/204 230/142/203 224/133/199
f 231/143/204 224/133/199 226/135/200
f 231/143/204 232/144/205 230/142/203
f 232/144/205 233/145/206 230/142/203
f 172/146/157 230/142/203 233/145/206
f 172/146/157 175/132/160 223/131/198
f 230/142/203 172/146/157 223/131/198
f 168/147/153 172/146/157 233/145/206
f 234/148/207 232/144/205 231/143/204
f 235/149/208 234/148/207 231/143/204
f 169/150/154 234/148/207 235/149/208
f 171/151/156 169/150/154 235/149/208
f 171/151/156 235/149/208 236/152/209
f 235/149/208 231/143/204 236/152/209
f 173/153/158 171/151/156 236/152/209
f 237/154/114 233/145/206 232/144/205
f 238/155/113 237/154/114 232/144/205
f 238/155/113 232/144/205 234/148/207
f 238/155/113 138/11/128 237/154/114
f 138/11/128 142/17/134 237/154/114
f 137/14/129 138/11/128 238/155/113
f 239/156/112 137/14/129 238/155/113
f 239/156/112 238/155/113 234/148/207
f 239/156/112 234/148/207 169/150/154
f 141/16/133 137/14/129 239/156/112
f 166/157/42 141/16/133 239/156/112
f 166/157/42 239/156/112 169/150/154
f 237/154/114 142/17/134 167/158/41
f 142/17/134 144/19/136 167/158/41
f 237/154/114 167/158/41 233/145/206
f 167/158/41 168/147/153 233/145/206
f 173/153/158 236/152/209 240/159/210
f 174/160/159 173/153/158 240/159/210
f 174/160/159 240/159/210 176/137/161
f 240/159/210 226/135/200 176/137/161
f 240/159/210 231/143/204 226/135/200
f 240/159/210 236/152/209 231/143/204
f 243/161/121 242/164/119 241/163/211
f 244/162/212 243/161/121 241/163/211
f 197/165/71 243/161/121 244/162/212
f 193/166/174 197/165/71 244/162/212
f 241/163/211 242/164/119 245/167/213
f 242/164/119 246/168/116 245/167/213
f 245/167/213 246/168/116 195/169/176
f 246/168/116 196/170/72 195/169/176
f 193/166/174 244/162/212 191/104/172
f 244/162/212 204/102/180 191/104/172
f 244/162/212 241/163/211 204/102/180
f 245/167/213 195/169/176 194/171/175
f 247/172/214 245/167/213 194/171/175
f 241/163/211 245/167/213 247/172/214
f 202/96/177 241/163/211 247/172/214
f 241/163/211 202/96/177 204/102/180
f 247/172/214 194/171/175 206/107/182
f 202/96/177 247/172/214 206/107/182
f 194/171/175 192/106/173 206/107/182
f 248/173/125 243/161/121 197/165/71
f 198/174/74 248/173/125 197/165/71
f 198/174/74 134/175/6 248/173/125
f 134/175/6 135/176/8 248/173/125
f 248/173/125 135/176/8 249/177/124
f 135/176/8 133/178/7 249/177/124
f 249/177/124 133/178/7 250/179/123
f 133/178/7 131/180/10 250/179/123
f 250/179/123 131/180/10 199/181/73
f 131/180/10 132/182/9 199/181/73
f 250/179/123 199/181/73 246/168/116
f 199/181/73 196/170/72 246/168/116
f 250/179/123 246/168/116 242/164/119
f 249/177/124 250/179/123 242/164/119
f 249/177/124 242/164/119 243/161/121
f 248/173/125 249/177/124 243/161/121
f 219/125/195 179/141/162 229/140/202
f 212/116/188 220/126/196 228/139/201
f 212/116/188 228/139/201 221/128/197
f 216/183/192 181/75/164 217/184/193
f 219/185/195 217/184/193 181/75/164
f 216/183/192 184/78/167 181/75/164
f 219/185/195 181/75/164 179/73/162
f 253/186/215 252/187/216 251/188/217
f 254/189/218 253/186/215 251/188/217
f 254/189/218 251/188/217 255/190/219
f 251/188/217 256/191/220 255/190/219
f 257/192/221 253/186/215 254/189/218
f 255/190/219 257/192/221 254/189/218
f 258/193/222 257/192/221 255/190/219
f 259/194/223 258/193/222 255/190/219
f 259/194/223 255/190/219 256/191/220
f 260/195/224 259/194/223 256/191/220
f 257/192/221 258/193/222 261/196/225
f 262/197/226 257/192/221 261/196/225
f 253/198/215 257/192/221 262/197/226
f 263/199/227 253/198/215 262/197/226
f 252/200/216 253/198/215 263/199/227
f 264/201/228 252/200/216 263/199/227
f 262/197/226 261/196/225 265/202/229
f 266/203/230 262/197/226 265/202/229
f 266/203/230 264/201/228 263/199/227
f 262/197/226 266/203/230 263/199/227
f 260/195/224 256/191/220 267/204/231
f 267/204/231 256/191/220 268/205/232
f 256/191/220 251/188/217 268/205/232
f 268/205/232 251/188/217 269/206/233
f 251/188/217 252/187/216 269/206/233
f 270/207/234 260/195/224 267/204/231
f 252/200/216 264/201/228 269/208/233
f 264/201/228 271/209/235 269/208/233
f 272/210/236 270/207/234 267/204/231
f 267/204/231 268/205/232 272/210/236
f 268/205/232 269/206/233 273/211/237
f 274/212/238 268/205/232 273/211/237
f 268/205/232 274/212/238 272/210/236
f 273/213/237 269/208/233 271/209/235
f 275/214/239 270/207/234 272/210/236
f 260/195/224 270/207/234 275/214/239
f 276/215/240 260/195/224 275/214/239
f 259/194/223 260/195/224 276/215/240
f 277/216/241 259/194/223 276/215/240
f 276/215/240 278/217/242 277/216/241
f 278/217/242 279/218/243 277/216/241
f 280/219/244 279/218/243 278/217/242
f 281/220/245 280/219/244 278/217/242
f 282/221/246 277/216/241 279/218/243
f 280/219/244 282/221/246 279/218/243
f 258/193/222 259/194/223 277/216/241
f 282/221/246 258/193/222 277/216/241
f 258/193/222 282/221/246 261/196/225
f 282/221/246 283/222/247 261/196/225
f 282/221/246 280/223/244 283/222/247
f 280/223/244 284/224/248 283/222/247
f 280/223/244 281/225/245 284/224/248
f 281/225/245 285/226/249 284/224/248
f 261/196/225 283/222/247 286/227/250
f 286/227/250 283/222/247 284/224/248
f 285/226/249 286/227/250 284/224/248
f 265/202/229 261/196/225 286/227/250
f 281/220/245 278/217/242 287/228/251
f 278/217/242 288/229/252 287/228/251
f 278/217/242 276/215/240 288/229/252
f 276/215/240 275/214/239 288/229/252
f 285/226/249 281/225/245 287/230/251
f 289/231/253 285/226/249 287/230/251
f 287/228/251 288/229/252 290/232/254
f 288/229/252 291/233/255 290/232/254
f 291/233/255 288/229/252 275/214/239
f 287/230/251 290/234/254 289/231/253
f 272/210/236 291/233/255 275/214/239
f 285/226/249 289/231/253 292/235/256
f 286/227/250 285/226/249 292/235/256
f 286/227/250 292/235/256 293/236/257
f 265/202/229 286/227/250 293/236/257
f 265/202/229 293/236/257 266/203/230
f 293/236/257 294/237/258 266/203/230
f 266/203/230 294/237/258 264/201/228
f 294/237/258 271/209/235 264/201/228
f 297/238/259 296/239/260 295/240/261
f 298/241/262 297/238/259 295/240/261
f 297/238/259 299/242/263 296/239/260
f 299/242/263 300/243/264 296/239/260
f 298/241/262 295/240/261 301/244/265
f 302/245/266 298/241/262 301/244/265
f 302/245/266 301/244/265 303/246/267
f 304/247/268 302/245/266 303/246/267
f 299/242/263 305/248/269 300/243/264
f 305/248/269 306/249/270 300/243/264
f 305/248/269 307/250/271 306/249/270
f 307/250/271 308/251/272 306/249/270
f 307/250/271 309/252/273 308/251/272
f 309/252/273 310/253/274 308/251/272
f 309/252/273 311/254/275 310/253/274
f 311/254/275 312/255/276 310/253/274
f 303/246/267 301/244/265 313/256/277
f 301/244/265 314/257/278 313/256/277
f 301/244/265 295/240/261 314/257/278
f 295/240/261 315/258/279 314/257/278
f 295/240/261 296/239/260 315/258/279
f 296/239/260 316/259/280 315/258/279
f 296/239/260 300/243/264 316/259/280
f 300/243/264 317/260/281 316/259/280
f 300/243/264 306/249/270 317/260/281
f 308/251/272 310/253/274 318/261/282
f 310/253/274 319/262/283 318/261/282
f 310/253/274 312/255/276 319/262/283
f 312/255/276 320/263/284 319/262/283
f 308/251/272 318/261/282 321/264/285
f 306/249/270 321/264/285 317/260/281
f 306/249/270 308/251/272 321/264/285
f 322/265/286 311/254/275 309/252/273
f 323/266/287 322/265/286 309/252/273
f 323/266/287 324/267/288 322/265/286
f 324/267/288 325/268/289 322/265/286
f 325/268/289 324/267/288 326/269/290
f 327/270/291 325/268/289 326/269/290
f 328/271/292 327/270/291 326/269/290
f 329/272/293 328/271/292 326/269/290
f 330/273/294 329/272/293 326/269/290
f 331/274/295 330/273/294 326/269/290
f 326/269/290 324/267/288 331/274/295
f 324/267/288 332/275/296 331/274/295
f 332/275/296 324/267/288 323/266/287
f 331/274/295 332/275/296 333/276/297
f 330/273/294 331/274/295 333/276/297
f 332/275/296 334/277/298 333/276/297
f 335/278/299 330/273/294 333/276/297
f 336/279/300 335/278/299 333/276/297
f 333/276/297 334/277/298 336/279/300
f 335/278/299 336/279/300 337/280/301
f 337/280/301 336/279/300 338/281/302
f 336/279/300 339/282/303 338/281/302
f 334/277/298 339/282/303 336/279/300
f 340/283/304 335/278/299 337/280/301
f 341/284/305 340/283/304 337/280/301
f 342/285/306 341/284/305 337/280/301
f 338/281/302 342/285/306 337/280/301
f 341/284/305 342/285/306 343/286/307
f 344/287/308 341/284/305 343/286/307
f 340/283/304 341/284/305 344/287/308
f 345/288/309 340/283/304 344/287/308
f 346/289/310 345/288/309 344/287/308
f 347/290/311 346/289/310 344/287/308
f 348/291/312 347/290/311 344/287/308
f 343/286/307 348/291/312 344/287/308
f 346/289/310 349/292/313 345/288/309
f 349/292/313 350/293/314 345/288/309
f 350/293/314 335/278/299 340/283/304
f 345/288/309 350/293/314 340/283/304
f 350/293/314 349/292/313 329/272/293
f 349/292/313 328/271/292 329/272/293
f 329/272/293 330/273/294 350/293/314
f 330/273/294 335/278/299 350/293/314
f 343/286/307 342/285/306 351/294/315
f 342/285/306 352/295/316 351/294/315
f 352/295/316 342/285/306 338/281/302
f 353/296/317 352/295/316 338/281/302
f 338/281/302 339/282/303 353/296/317
f 339/282/303 354/297/318 353/296/317
f 298/241/262 352/295/316 353/296/317
f 297/238/259 298/241/262 353/296/317
f 353/296/317 354/297/318 297/238/259
f 354/297/318 299/242/263 297/238/259
f 352/295/316 298/241/262 302/245/266
f 351/294/315 352/295/316 302/245/266
f 302/245/266 304/247/268 351/294/315
f 304/247/268 355/298/319 351/294/315
f 351/294/315 355/298/319 343/286/307
f 355/298/319 348/291/312 343/286/307
f 354/297/318 339/282/303 356/299/320
f 339/282/303 334/277/298 356/299/320
f 356/299/320 334/277/298 357/300/321
f 334/277/298 332/275/296 357/300/321
f 357/300/321 332/275/296 323/266/287
f 323/266/287 309/252/273 357/300/321
f 309/252/273 307/250/271 357/300/321
f 357/300/321 307/250/271 356/299/320
f 305/248/269 299/242/263 354/297/318
f 307/250/271 305/248/269 356/299/320
f 356/299/320 305/248/269 354/297/318
f 360/301/322 359/302/323 358/303/324
f 361/304/325 360/301/322 358/303/324
f 358/303/324 359/302/323 303/305/267
f 359/302/323 304/306/268 303/305/267
f 362/307/326 360/301/322 361/304/325
f 363/308/327 362/307/326 361/304/325
f 364/309/328 362/307/326 363/308/327
f 365/310/329 364/309/328 363/308/327
f 366/311/330 364/309/328 365/310/329
f 367/312/331 366/311/330 365/310/329
f 368/313/332 366/311/330 367/312/331
f 369/314/333 368/313/332 367/312/331
f 370/315/334 368/313/332 369/314/333
f 371/316/335 370/315/334 369/314/333
f 311/317/275 370/315/334 371/316/335
f 312/318/276 311/317/275 371/316/335
f 365/310/329 363/308/327 372/319/336
f 373/320/337 365/310/329 372/319/336
f 367/312/331 365/310/329 373/320/337
f 372/319/336 363/308/327 374/321/338
f 363/308/327 361/304/325 374/321/338
f 374/321/338 361/304/325 375/322/339
f 361/304/325 358/303/324 375/322/339
f 375/322/339 358/303/324 313/323/277
f 358/303/324 303/305/267 313/323/277
f 369/314/333 367/312/331 376/324/340
f 376/324/340 367/312/331 373/320/337
f 377/325/341 369/314/333 376/324/340
f 371/316/335 369/314/333 377/325/341
f 312/318/276 371/316/335 378/326/342
f 378/326/342 371/316/335 377/325/341
f 320/327/284 312/318/276 378/326/342
f 370/315/334 311/317/275 379/328/343
f 311/317/275 322/329/286 379/328/343
f 379/328/343 322/329/286 380/330/344
f 380/330/344 381/331/345 379/328/343
f 382/332/346 381/331/345 380/330/344
f 381/331/345 382/332/346 383/333/347
f 382/332/346 384/334/348 383/333/347
f 384/334/348 385/335/349 383/333/347
f 385/335/349 386/336/350 383/333/347
f 386/336/350 385/335/349 387/337/351
f 385/335/349 388/338/352 387/337/351
f 388/338/352 389/339/353 387/337/351
f 389/339/353 388/338/352 390/340/354
f 388/338/352 391/341/355 390/340/354
f 391/341/355 346/342/310 390/340/354
f 346/342/310 347/343/311 390/340/354
f 347/343/311 348/344/312 390/340/354
f 348/344/312 392/345/356 390/340/354
f 390/340/354 392/345/356 389/339/353
f 392/345/356 393/346/357 389/339/353
f 389/339/353 393/346/357 387/337/351
f 393/346/357 394/347/358 387/337/351
f 387/337/351 394/347/358 386/336/350
f 394/347/358 395/348/359 386/336/350
f 386/336/350 395/348/359 396/349/360
f 383/333/347 386/336/350 396/349/360
f 396/349/360 381/331/345 383/333/347
f 349/350/313 346/342/310 391/341/355
f 397/351/361 349/350/313 391/341/355
f 391/341/355 388/338/352 397/351/361
f 388/338/352 385/335/349 397/351/361
f 349/350/313 397/351/361 398/352/362
f 328/353/292 349/350/313 398/352/362
f 328/353/292 398/352/362 399/354/363
f 398/352/362 384/334/348 399/354/363
f 397/351/361 385/335/349 384/334/348
f 398/352/362 397/351/361 384/334/348
f 384/334/348 382/332/346 399/354/363
f 399/354/363 382/332/346 380/330/344
f 327/355/291 328/353/292 399/354/363
f 325/356/289 327/355/291 399/354/363
f 380/330/344 325/356/289 399/354/363
f 396/349/360 395/348/359 400/357/364
f 395/348/359 401/358/365 400/357/364
f 401/358/365 395/348/359 402/359/366
f 395/348/359 394/347/358 402/359/366
f 402/359/366 394/347/358 403/360/367
f 394/347/358 393/346/357 403/360/367
f 403/360/367 393/346/357 404/361/368
f 393/346/357 392/345/356 404/361/368
f 404/361/368 392/345/356 355/362/319
f 392/345/356 348/344/312 355/362/319
f 404/361/368 359/302/323 403/360/367
f 359/302/323 360/301/322 403/360/367
f 403/360/367 360/301/322 402/359/366
f 304/306/268 359/302/323 404/361/368
f 355/362/319 304/306/268 404/361/368
f 402/359/366 362/307/326 401/358/365
f 360/301/322 362/307/326 402/359/366
f 362/307/326 364/309/328 401/358/365
f 401/358/365 364/309/328 366/311/330
f 400/357/364 401/358/365 366/311/330
f 366/311/330 368/313/332 400/357/364
f 368/313/332 405/363/369 400/357/364
f 400/357/364 405/363/369 396/349/360
f 405/363/369 381/331/345 396/349/360
f 381/331/345 405/363/369 379/328/343
f 405/363/369 368/313/332 370/315/334
f 379/328/343 405/363/369 370/315/334
f 406/364/370 315/365/279 316/366/280
f 407/367/371 406/364/370 316/366/280
f 407/367/371 316/366/280 317/368/281
f 408/369/372 407/367/371 317/368/281
f 406/364/370 409/370/373 315/365/279
f 409/370/373 314/371/278 315/365/279
f 409/370/373 410/372/374 314/371/278
f 410/372/374 313/373/277 314/371/278
f 408/369/372 317/368/281 321/374/285
f 411/375/375 408/369/372 321/374/285
f 411/375/375 321/374/285 318/376/282
f 412/377/376 411/375/375 318/376/282
f 412/377/376 318/376/282 319/378/283
f 413/379/377 412/377/376 319/378/283
f 413/379/377 319/378/283 320/380/284
f 414/381/378 413/379/377 320/380/284
f 414/381/378 320/380/284 415/382/379
f 320/380/284 378/383/342 415/382/379
f 415/382/379 378/383/342 416/384/380
f 378/383/342 377/385/341 416/384/380
f 416/384/380 377/385/341 417/386/381
f 377/385/341 376/387/340 417/386/381
f 417/386/381 376/387/340 418/388/382
f 376/387/340 373/389/337 418/388/382
f 418/388/382 373/389/337 419/390/383
f 373/389/337 372/391/336 419/390/383
f 419/390/383 372/391/336 420/392/384
f 372/391/336 374/393/338 420/392/384
f 420/392/384 374/393/338 421/394/385
f 374/393/338 375/395/339 421/394/385
f 421/394/385 375/395/339 410/396/374
f 375/395/339 313/397/277 410/396/374
f 418/388/382 419/390/383 422/398/386
f 419/390/383 420/392/384 422/398/386
f 423/399/387 418/388/382 422/398/386
f 417/386/381 418/388/382 423/399/387
f 420/392/384 424/400/388 422/398/386
f 425/401/389 417/386/381 423/399/387
f 416/384/380 417/386/381 425/401/389
f 426/402/390 416/384/380 425/401/389
f 415/382/379 416/384/380 426/402/390
f 427/403/391 415/382/379 426/402/390
f 414/381/378 415/382/379 427/403/391
f 428/404/392 414/381/378 427/403/391
f 413/379/377 414/381/378 428/404/392
f 429/405/393 413/379/377 428/404/392
f 412/377/376 413/379/377 429/405/393
f 430/406/394 412/377/376 429/405/393
f 411/375/375 412/377/376 430/406/394
f 431/407/395 411/375/375 430/406/394
f 408/369/372 411/375/375 431/407/395
f 432/408/396 408/369/372 431/407/395
f 407/367/371 408/369/372 432/408/396
f 433/409/397 407/367/371 432/408/396
f 406/364/370 407/367/371 433/409/397
f 434/410/398 406/364/370 433/409/397
f 409/370/373 406/364/370 434/410/398
f 435/411/399 409/370/373 434/410/398
f 410/372/374 409/370/373 435/411/399
f 436/412/400 410/372/374 435/411/399
f 430/406/394 429/405/393 437/413/401
f 438/414/402 430/406/394 437/413/401
f 431/407/395 430/406/394 438/414/402
f 432/408/396 431/407/395 439/415/403
f 439/415/403 431/407/395 438/414/402
f 440/416/404 432/408/396 439/415/403
f 432/408/396 440/416/404 433/409/397
f 436/412/400 435/411/399 441/417/405
f 442/418/406 436/412/400 441/417/405
f 435/411/399 434/410/398 443/419/407
f 441/417/405 435/411/399 443/419/407
f 434/410/398 433/409/397 444/420/408
f 443/419/407 434/410/398 444/420/408
f 444/420/408 433/409/397 445/421/409
f 440/416/404 445/421/409 433/409/397
f 446/422/410 444/420/408 445/421/409
f 440/416/404 447/423/411 445/421/409
f 447/423/411 448/424/412 445/421/409
f 446/422/410 445/421/409 448/424/412
f 448/424/412 447/423/411 449/425/413
f 450/426/414 448/424/412 449/425/413
f 449/425/413 451/427/415 450/426/414
f 451/427/415 452/428/416 450/426/414
f 450/426/414 452/428/416 453/429/417
f 452/428/416 454/430/418 453/429/417
f 455/431/419 451/427/415 449/425/413
f 456/432/420 455/431/419 449/425/413
f 449/425/413 447/423/411 456/432/420
f 457/433/421 455/431/419 456/432/420
f 458/434/422 457/433/421 456/432/420
f 459/435/423 457/433/421 458/434/422
f 460/436/424 459/435/423 458/434/422
f 461/437/425 459/435/423 460/436/424
f 462/438/426 461/437/425 460/436/424
f 463/439/427 461/437/425 462/438/426
f 464/440/428 463/439/427 462/438/426
f 465/441/429 463/439/427 464/440/428
f 466/442/430 465/441/429 464/440/428
f 467/443/431 465/441/429 466/442/430
f 468/444/432 467/443/431 466/442/430
f 469/445/433 467/443/431 468/444/432
f 470/446/434 469/445/433 468/444/432
f 471/447/435 469/445/433 470/446/434
f 472/448/436 471/447/435 470/446/434
f 473/449/437 471/447/435 472/448/436
f 474/450/438 473/449/437 472/448/436
f 473/449/437 474/450/438 475/451/439
f 476/452/440 473/449/437 475/451/439
f 476/452/440 475/451/439 477/453/441
f 478/454/442 476/452/440 477/453/441
f 470/446/434 479/455/443 472/448/436
f 479/455/443 480/456/444 472/448/436
f 472/448/436 480/456/444 474/450/438
f 480/456/444 481/457/445 474/450/438
f 466/442/430 482/458/446 468/444/432
f 482/458/446 483/459/447 468/444/432
f 483/459/447 479/455/443 470/446/434
f 468/444/432 483/459/447 470/446/434
f 484/460/448 482/458/446 466/442/430
f 464/440/428 484/460/448 466/442/430
f 485/461/449 484/460/448 464/440/428
f 462/438/426 485/461/449 464/440/428
f 486/462/450 485/461/449 462/438/426
f 460/436/424 486/462/450 462/438/426
f 487/463/451 486/462/450 460/436/424
f 458/434/422 487/463/451 460/436/424
f 488/464/452 487/463/451 458/434/422
f 456/432/420 488/464/452 458/434/422
f 447/423/411 488/464/452 456/432/420
f 482/458/446 489/465/453 483/459/447
f 489/465/453 490/466/454 483/459/447
f 489/465/453 426/402/390 490/466/454
f 426/402/390 425/401/389 490/466/454
f 490/466/454 425/401/389 491/467/455
f 425/401/389 423/399/387 491/467/455
f 427/403/391 426/402/390 489/465/453
f 492/468/456 427/403/391 489/465/453
f 428/404/392 427/403/391 492/468/456
f 493/469/457 428/404/392 492/468/456
f 429/405/393 428/404/392 493/469/457
f 437/413/401 429/405/393 493/469/457
f 490/466/454 491/467/455 479/455/443
f 479/455/443 491/467/455 480/456/444
f 491/467/455 494/470/458 480/456/444
f 483/459/447 490/466/454 479/455/443
f 493/469/457 492/468/456 484/460/448
f 485/461/449 493/469/457 484/460/448
f 437/413/401 493/469/457 485/461/449
f 484/460/448 492/468/456 482/458/446
f 492/468/456 489/465/453 482/458/446
f 486/462/450 437/413/401 485/461/449
f 438/414/402 437/413/401 486/462/450
f 487/463/451 438/414/402 486/462/450
f 439/415/403 438/414/402 487/463/451
f 488/464/452 439/415/403 487/463/451
f 440/416/404 439/415/403 488/464/452
f 447/423/411 440/416/404 488/464/452
f 480/456/444 494/470/458 495/471/459
f 481/457/445 480/456/444 495/471/459
f 481/457/445 495/471/459 496/472/460
f 496/472/460 495/471/459 497/473/461
f 495/471/459 498/474/462 497/473/461
f 424/400/388 497/473/461 498/474/462
f 422/398/386 424/400/388 498/474/462
f 422/398/386 498/474/462 499/475/463
f 498/474/462 495/471/459 499/475/463
f 423/399/387 422/398/386 499/475/463
f 497/473/461 424/400/388 500/476/464
f 424/400/388 501/477/465 500/476/464
f 424/400/388 420/392/384 501/477/465
f 420/392/384 421/394/385 501/477/465
f 421/394/385 410/396/374 501/477/465
f 410/396/374 436/478/400 501/477/465
f 501/477/465 502/479/466 500/476/464
f 501/477/465 436/478/400 502/479/466
f 436/478/400 442/480/406 502/479/466
f 503/481/467 497/473/461 500/476/464
f 497/473/461 503/481/467 496/472/460
f 503/481/467 504/482/468 496/472/460
f 491/467/455 423/399/387 499/475/463
f 494/470/458 491/467/455 499/475/463
f 495/471/459 494/470/458 499/475/463
f 502/479/466 505/483/469 500/476/464
f 505/483/469 506/484/470 500/476/464
f 507/485/471 505/483/469 502/479/466
f 442/480/406 507/485/471 502/479/466
f 508/486/472 503/481/467 500/476/464
f 508/486/472 506/484/470 509/487/473
f 506/484/470 510/488/474 509/487/473
f 509/487/473 510/488/474 511/489/475
f 510/488/474 512/490/476 511/489/475
f 506/484/470 508/486/472 500/476/464
f 509/487/473 513/491/477 508/486/472
f 513/491/477 509/487/473 511/489/475
f 513/491/477 514/492/478 508/486/472
f 503/481/467 508/486/472 514/492/478
f 504/482/468 503/481/467 514/492/478
f 514/492/478 515/493/479 504/482/468
f 515/493/479 516/494/480 504/482/468
f 515/493/479 517/495/481 516/494/480
f 518/496/482 517/495/481 515/493/479
f 518/496/482 519/497/483 517/495/481
f 519/497/483 520/498/484 517/495/481
f 517/495/481 520/498/484 477/453/441
f 517/495/481 477/453/441 516/494/480
f 477/453/441 475/451/439 516/494/480
f 475/451/439 521/499/485 516/494/480
f 475/451/439 474/450/438 521/499/485
f 474/450/438 481/457/445 521/499/485
f 516/494/480 521/499/485 504/482/468
f 521/499/485 496/472/460 504/482/468
f 521/499/485 481/457/445 496/472/460
f 520/498/484 478/454/442 477/453/441
f 519/497/483 518/496/482 522/500/486
f 523/501/487 519/497/483 522/500/486
f 523/501/487 522/500/486 524/502/488
f 525/503/489 523/501/487 524/502/488
f 525/503/489 524/502/488 526/504/490
f 527/505/491 525/503/489 526/504/490
f 527/505/491 526/504/490 528/506/492
f 529/507/493 527/505/491 528/506/492
f 529/507/493 528/506/492 530/508/494
f 531/509/495 529/507/493 530/508/494
f 531/509/495 530/508/494 532/510/496
f 533/511/497 531/509/495 532/510/496
f 534/512/498 524/502/488 522/500/486
f 535/513/499 534/512/498 522/500/486
f 535/513/499 522/500/486 518/496/482
f 536/514/500 535/513/499 518/496/482
f 537/515/501 528/506/492 526/504/490
f 538/516/502 537/515/501 526/504/490
f 538/516/502 526/504/490 524/502/488
f 534/512/498 538/516/502 524/502/488
f 539/517/503 532/510/496 530/508/494
f 540/518/504 539/517/503 530/508/494
f 540/518/504 530/508/494 528/506/492
f 537/515/501 540/518/504 528/506/492
f 536/514/500 518/496/482 515/493/479
f 541/519/505 534/512/498 535/513/499
f 542/520/506 541/519/505 535/513/499
f 543/521/507 537/515/501 538/516/502
f 544/522/508 543/521/507 538/516/502
f 544/522/508 538/516/502 534/512/498
f 541/519/505 544/522/508 534/512/498
f 545/523/509 543/521/507 544/522/508
f 546/524/510 545/523/509 544/522/508
f 546/524/510 544/522/508 541/519/505
f 512/490/476 546/524/510 541/519/505
f 545/523/509 547/525/511 543/521/507
f 547/525/511 548/526/512 543/521/507
f 548/526/512 540/518/504 537/515/501
f 543/521/507 548/526/512 537/515/501
f 547/525/511 549/527/513 548/526/512
f 549/527/513 550/528/514 548/526/512
f 550/528/514 539/517/503 540/518/504
f 548/526/512 550/528/514 540/518/504
f 541/519/505 542/520/506 511/489/475
f 512/490/476 541/519/505 511/489/475
f 542/520/506 513/491/477 511/489/475
f 542/520/506 535/513/499 513/491/477
f 535/513/499 536/514/500 513/491/477
f 536/514/500 515/493/479 514/492/478
f 513/491/477 536/514/500 514/492/478
f 551/529/515 545/523/509 546/524/510
f 552/530/516 551/529/515 546/524/510
f 552/530/516 546/524/510 512/490/476
f 553/531/517 552/530/516 512/490/476
f 553/531/517 512/490/476 510/488/474
f 554/532/518 553/531/517 510/488/474
f 555/533/519 554/532/518 510/488/474
f 506/484/470 555/533/519 510/488/474
f 555/533/519 506/484/470 505/483/469
f 556/534/520 555/533/519 505/483/469
f 557/535/521 556/534/520 505/483/469
f 507/485/471 557/535/521 505/483/469
f 558/536/522 555/533/519 556/534/520
f 559/537/523 558/536/522 556/534/520
f 559/537/523 556/534/520 557/535/521
f 560/538/524 559/537/523 557/535/521
f 561/539/525 553/531/517 554/532/518
f 562/540/526 561/539/525 554/532/518
f 562/540/526 554/532/518 555/533/519
f 558/536/522 562/540/526 555/533/519
f 563/541/527 551/529/515 552/530/516
f 564/542/528 563/541/527 552/530/516
f 561/539/525 564/542/528 553/531/517
f 564/542/528 552/530/516 553/531/517
f 563/541/527 565/543/529 551/529/515
f 565/543/529 566/544/530 551/529/515
f 551/529/515 566/544/530 545/523/509
f 566/544/530 547/525/511 545/523/509
f 566/544/530 567/545/531 547/525/511
f 567/545/531 549/527/513 547/525/511
f 568/546/532 567/545/531 566/544/530
f 565/543/529 568/546/532 566/544/530
f 569/547/533 448/424/412 450/426/414
f 453/429/417 569/547/533 450/426/414
f 569/547/533 446/422/410 448/424/412
f 569/547/533 453/429/417 570/548/534
f 571/549/535 570/548/534 453/429/417
f 454/430/418 571/549/535 453/429/417
f 571/549/535 572/550/536 570/548/534
f 572/550/536 573/551/537 570/548/534
f 572/550/536 574/552/538 573/551/537
f 574/552/538 575/553/539 573/551/537
f 574/552/538 576/554/540 575/553/539
f 576/554/540 577/555/541 575/553/539
f 576/554/540 578/556/542 577/555/541
f 578/556/542 579/557/543 577/555/541
f 578/556/542 533/558/497 579/557/543
f 533/558/497 532/559/496 579/557/543
f 580/560/544 569/547/533 570/548/534
f 580/560/544 570/548/534 573/551/537
f 581/561/545 580/560/544 573/551/537
f 581/561/545 573/551/537 575/553/539
f 582/562/546 577/555/541 579/557/543
f 583/563/547 582/562/546 579/557/543
f 583/563/547 579/557/543 532/559/496
f 539/564/503 583/563/547 532/559/496
f 584/565/548 581/561/545 575/553/539
f 584/565/548 575/553/539 577/555/541
f 582/562/546 584/565/548 577/555/541
f 580/560/544 581/561/545 585/566/549
f 581/561/545 586/567/550 585/566/549
f 586/567/550 581/561/545 584/565/548
f 587/568/551 582/562/546 583/563/547
f 588/569/552 587/568/551 583/563/547
f 588/569/552 583/563/547 539/564/503
f 589/570/553 587/568/551 588/569/552
f 590/571/554 589/570/553 588/569/552
f 590/571/554 588/569/552 550/572/514
f 550/572/514 588/569/552 539/564/503
f 549/573/513 590/571/554 550/572/514
f 589/570/553 591/574/555 587/568/551
f 591/574/555 592/575/556 587/568/551
f 592/575/556 586/567/550 584/565/548
f 592/575/556 584/565/548 582/562/546
f 587/568/551 592/575/556 582/562/546
f 593/576/557 586/567/550 592/575/556
f 591/574/555 593/576/557 592/575/556
f 586/567/550 593/576/557 594/577/558
f 585/566/549 586/567/550 594/577/558
f 594/577/558 444/420/408 585/566/549
f 594/577/558 595/578/559 444/420/408
f 595/578/559 443/419/407 444/420/408
f 595/578/559 596/579/560 443/419/407
f 596/579/560 441/417/405 443/419/407
f 596/579/560 507/580/471 441/417/405
f 507/580/471 442/418/406 441/417/405
f 597/581/561 595/578/559 594/577/558
f 598/582/562 597/581/561 594/577/558
f 598/582/562 594/577/558 593/576/557
f 599/583/563 598/582/562 593/576/557
f 599/583/563 593/576/557 591/574/555
f 600/584/564 599/583/563 591/574/555
f 600/584/564 591/574/555 589/570/553
f 601/585/565 600/584/564 589/570/553
f 601/585/565 589/570/553 590/571/554
f 602/586/566 601/585/565 590/571/554
f 602/586/566 590/571/554 549/573/513
f 567/587/531 602/586/566 549/573/513
f 557/588/521 507/580/471 596/579/560
f 603/589/567 557/588/521 596/579/560
f 603/589/567 596/579/560 595/578/559
f 597/581/561 603/589/567 595/578/559
f 597/581/561 598/582/562 604/590/568
f 605/591/569 597/581/561 604/590/568
f 603/589/567 597/581/561 605/591/569
f 598/582/562 599/583/563 606/592/570
f 604/590/568 598/582/562 606/592/570
f 557/588/521 603/589/567 607/593/571
f 607/593/571 603/589/567 605/591/569
f 560/594/524 557/588/521 607/593/571
f 601/585/565 602/586/566 608/595/572
f 609/596/573 601/585/565 608/595/572
f 602/586/566 567/587/531 568/597/532
f 608/595/572 602/586/566 568/597/532
f 606/592/570 599/583/563 610/598/574
f 599/583/563 600/584/564 610/598/574
f 610/598/574 600/584/564 609/596/573
f 600/584/564 601/585/565 609/596/573
f 444/420/408 446/422/410 585/566/549
f 585/566/549 446/422/410 580/560/544
f 446/422/410 569/547/533 580/560/544
f 613/599/575 612/600/576 611/601/577
f 614/602/578 613/599/575 611/601/577
f 615/603/579 613/599/575 614/602/578
f 616/604/580 615/603/579 614/602/578
f 611/601/577 612/600/576 617/605/581
f 612/600/576 618/606/582 617/605/581
f 617/605/581 618/606/582 619/607/583
f 618/606/582 620/608/584 619/607/583
f 621/609/585 615/603/579 616/604/580
f 622/610/586 621/609/585 616/604/580
f 623/611/587 621/609/585 622/610/586
f 624/612/588 623/611/587 622/610/586
f 625/613/589 623/611/587 624/612/588
f 626/614/590 625/613/589 624/612/588
f 627/615/591 625/613/589 626/614/590
f 628/616/592 627/615/591 626/614/590
f 616/604/580 614/602/578 604/617/568
f 604/617/568 614/602/578 605/618/569
f 614/602/578 611/601/577 605/618/569
f 617/605/581 619/607/583 560/619/524
f 607/620/571 617/605/581 560/619/524
f 611/601/577 617/605/581 607/620/571
f 605/618/569 611/601/577 607/620/571
f 626/614/590 624/612/588 609/621/573
f 608/622/572 626/614/590 609/621/573
f 628/616/592 626/614/590 608/622/572
f 568/623/532 628/616/592 608/622/572
f 609/621/573 624/612/588 610/624/574
f 624/612/588 622/610/586 610/624/574
f 610/624/574 622/610/586 606/625/570
f 606/625/570 616/604/580 604/617/568
f 622/610/586 616/604/580 606/625/570
f 631/626/593 630/627/594 629/628/595
f 632/629/596 631/626/593 629/628/595
f 632/629/596 629/628/595 619/630/583
f 620/631/584 632/629/596 619/630/583
f 631/626/593 633/632/597 630/627/594
f 633/632/597 634/633/598 630/627/594
f 633/632/597 635/634/599 634/633/598
f 635/634/599 636/635/600 634/633/598
f 635/634/599 637/636/601 636/635/600
f 637/636/601 638/637/602 636/635/600
f 637/636/601 639/638/603 638/637/602
f 639/638/603 640/639/604 638/637/602
f 639/638/603 641/640/605 640/639/604
f 641/640/605 642/641/606 640/639/604
f 641/640/605 627/642/591 642/641/606
f 627/642/591 628/643/592 642/641/606
f 634/633/598 636/635/600 562/644/526
f 636/635/600 561/645/525 562/644/526
f 636/635/600 638/637/602 561/645/525
f 634/633/598 562/644/526 558/646/522
f 630/627/594 634/633/598 558/646/522
f 630/627/594 558/646/522 559/647/523
f 629/628/595 630/627/594 559/647/523
f 629/628/595 559/647/523 560/648/524
f 619/630/583 629/628/595 560/648/524
f 638/637/602 640/639/604 564/649/528
f 638/637/602 564/649/528 561/645/525
f 640/639/604 563/650/527 564/649/528
f 640/639/604 642/641/606 563/650/527
f 642/641/606 628/643/592 565/651/529
f 642/641/606 565/651/529 563/650/527
f 628/643/592 568/652/532 565/651/529
f 627/642/591 641/640/605 643/653/607
f 644/654/608 627/642/591 643/653/607
f 644/654/608 643/653/607 645/655/609
f 646/656/610 645/655/609 643/653/607
f 646/656/610 647/657/611 645/655/609
f 647/657/611 646/656/610 648/658/612
f 649/659/613 647/657/611 648/658/612
f 650/660/614 649/659/613 648/658/612
f 651/661/615 650/660/614 648/658/612
f 650/660/614 651/661/615 652/662/616
f 653/663/617 650/660/614 652/662/616
f 654/664/618 653/663/617 652/662/616
f 653/663/617 654/664/618 655/665/619
f 656/666/620 653/663/617 655/665/619
f 657/667/621 656/666/620 655/665/619
f 658/668/622 657/667/621 655/665/619
f 659/669/623 658/668/622 655/665/619
f 660/670/624 659/669/623 655/665/619
f 660/670/624 655/665/619 654/664/618
f 661/671/625 660/670/624 654/664/618
f 661/671/625 654/664/618 652/662/616
f 662/672/626 661/671/625 652/662/616
f 662/672/626 652/662/616 651/661/615
f 663/673/627 662/672/626 651/661/615
f 651/661/615 648/658/612 664/674/628
f 663/673/627 651/661/615 664/674/628
f 646/656/610 664/674/628 648/658/612
f 657/667/621 665/675/629 656/666/620
f 665/675/629 666/676/630 656/666/620
f 653/663/617 656/666/620 666/676/630
f 650/660/614 653/663/617 666/676/630
f 666/676/630 665/675/629 667/677/631
f 665/675/629 668/678/632 667/677/631
f 667/677/631 668/678/632 669/679/633
f 649/659/613 667/677/631 669/679/633
f 666/676/630 667/677/631 649/659/613
f 650/660/614 666/676/630 649/659/613
f 647/657/611 649/659/613 669/679/633
f 647/657/611 669/679/633 645/655/609
f 668/678/632 670/680/634 669/679/633
f 671/681/635 645/655/609 669/679/633
f 670/680/634 671/681/635 669/679/633
f 662/672/626 663/673/627 672/682/636
f 662/672/626 672/682/636 673/683/637
f 661/671/625 662/672/626 673/683/637
f 661/671/625 673/683/637 674/684/638
f 660/670/624 661/671/625 674/684/638
f 660/670/624 674/684/638 675/685/639
f 659/669/623 660/670/624 675/685/639
f 632/629/596 674/684/638 673/683/637
f 631/626/593 632/629/596 673/683/637
f 631/626/593 673/683/637 672/682/636
f 620/631/584 675/685/639 674/684/638
f 632/629/596 620/631/584 674/684/638
f 633/632/597 631/626/593 672/682/636
f 633/632/597 672/682/636 676/686/640
f 663/673/627 676/686/640 672/682/636
f 635/634/599 633/632/597 676/686/640
f 676/686/640 663/673/627 677/687/641
f 663/673/627 664/674/628 677/687/641
f 678/688/642 677/687/641 664/674/628
f 646/656/610 678/688/642 664/674/628
f 678/688/642 639/638/603 677/687/641
f 639/638/603 637/636/601 677/687/641
f 676/686/640 677/687/641 637/636/601
f 635/634/599 676/686/640 637/636/601
f 678/688/642 646/656/610 643/653/607
f 678/688/642 643/653/607 641/640/605
f 639/638/603 678/688/642 641/640/605
f 473/449/437 476/452/440 679/689/643
f 680/690/644 473/449/437 679/689/643
f 679/689/643 476/452/440 681/691/645
f 476/452/440 478/454/442 681/691/645
f 680/690/644 682/692/646 473/449/437
f 682/692/646 471/447/435 473/449/437
f 469/445/433 471/447/435 682/692/646
f 683/693/647 469/445/433 682/692/646
f 467/443/431 469/445/433 683/693/647
f 684/694/648 467/443/431 683/693/647
f 465/441/429 467/443/431 684/694/648
f 685/695/649 465/441/429 684/694/648
f 463/439/427 465/441/429 685/695/649
f 686/696/650 463/439/427 685/695/649
f 461/437/425 463/439/427 686/696/650
f 687/697/651 461/437/425 686/696/650
f 459/435/423 461/437/425 687/697/651
f 688/698/652 459/435/423 687/697/651
f 457/433/421 459/435/423 688/698/652
f 689/699/653 457/433/421 688/698/652
f 455/431/419 457/433/421 689/699/653
f 690/700/654 455/431/419 689/699/653
f 451/427/415 455/431/419 690/700/654
f 691/701/655 451/427/415 690/700/654
f 452/428/416 451/427/415 691/701/655
f 692/702/656 452/428/416 691/701/655
f 454/430/418 452/428/416 692/702/656
f 693/703/657 454/430/418 692/702/656
f 571/549/535 454/430/418 693/703/657
f 694/704/658 571/549/535 693/703/657
f 572/550/536 571/549/535 694/704/658
f 695/705/659 572/550/536 694/704/658
f 574/552/538 572/550/536 695/705/659
f 696/706/660 574/552/538 695/705/659
f 576/554/540 574/552/538 696/706/660
f 697/707/661 576/554/540 696/706/660
f 578/556/542 576/554/540 697/707/661
f 698/708/662 578/556/542 697/707/661
f 533/558/497 578/556/542 698/708/662
f 699/709/663 533/558/497 698/708/662
f 700/710/664 693/703/657 692/702/656
f 693/703/657 700/710/664 694/704/658
f 701/711/665 700/710/664 692/702/656
f 700/710/664 701/711/665 702/712/666
f 701/711/665 703/713/667 702/712/666
f 704/714/668 702/712/666 703/713/667
f 705/715/669 704/714/668 703/713/667
f 703/713/667 706/716/670 705/715/669
f 706/716/670 707/717/671 705/715/669
f 707/717/671 706/716/670 708/718/672
f 708/718/672 706/716/670 709/719/673
f 706/716/670 710/720/674 709/719/673
f 710/720/674 706/716/670 703/713/667
f 701/711/665 710/720/674 703/713/667
f 709/719/673 710/720/674 690/700/654
f 709/719/673 690/700/654 689/699/653
f 711/721/675 709/719/673 689/699/653
f 709/719/673 711/721/675 708/718/672
f 710/720/674 691/701/655 690/700/654
f 710/720/674 701/711/665 691/701/655
f 701/711/665 692/702/656 691/701/655
f 689/699/653 688/698/652 711/721/675
f 688/698/652 712/722/676 711/721/675
f 713/723/677 712/722/676 688/698/652
f 687/697/651 713/723/677 688/698/652
f 714/724/678 713/723/677 687/697/651
f 686/696/650 714/724/678 687/697/651
f 715/725/679 714/724/678 686/696/650
f 685/695/649 715/725/679 686/696/650
f 716/726/680 715/725/679 685/695/649
f 684/694/648 716/726/680 685/695/649
f 715/725/679 716/726/680 717/727/681
f 717/727/681 716/726/680 718/728/682
f 717/727/681 718/728/682 719/729/683
f 720/730/684 717/727/681 719/729/683
f 721/731/685 717/727/681 720/730/684
f 721/731/685 715/725/679 717/727/681
f 714/724/678 715/725/679 721/731/685
f 722/732/686 721/731/685 720/730/684
f 723/733/687 721/731/685 722/732/686
f 723/733/687 714/724/678 721/731/685
f 713/723/677 714/724/678 723/733/687
f 724/734/688 723/733/687 722/732/686
f 719/729/683 718/728/682 725/735/689
f 718/728/682 726/736/690 725/735/689
f 727/737/691 725/735/689 726/736/690
f 728/738/692 727/737/691 726/736/690
f 729/739/693 727/737/691 728/738/692
f 730/740/694 729/739/693 728/738/692
f 730/740/694 731/741/695 729/739/693
f 731/741/695 732/742/696 729/739/693
f 718/728/682 733/743/697 726/736/690
f 716/726/680 733/743/697 718/728/682
f 733/743/697 734/744/698 726/736/690
f 728/738/692 726/736/690 734/744/698
f 733/743/697 716/726/680 684/694/648
f 683/693/647 733/743/697 684/694/648
f 682/692/646 734/744/698 733/743/697
f 683/693/647 682/692/646 733/743/697
f 682/692/646 680/690/644 734/744/698
f 680/690/644 735/745/699 734/744/698
f 735/745/699 728/738/692 734/744/698
f 680/690/644 679/689/643 735/745/699
f 679/689/643 736/746/700 735/745/699
f 728/738/692 735/745/699 736/746/700
f 730/740/694 728/738/692 736/746/700
f 736/746/700 679/689/643 681/691/645
f 737/747/701 736/746/700 681/691/645
f 737/747/701 731/741/695 730/740/694
f 736/746/700 737/747/701 730/740/694
f 732/742/696 731/741/695 738/748/702
f 731/741/695 739/749/703 738/748/702
f 740/750/704 738/748/702 739/749/703
f 741/751/705 740/750/704 739/749/703
f 740/750/704 741/751/705 742/752/706
f 743/753/707 740/750/704 742/752/706
f 742/752/706 744/754/708 743/753/707
f 744/754/708 745/755/709 743/753/707
f 744/754/708 746/756/710 745/755/709
f 746/756/710 747/757/711 745/755/709
f 746/756/710 748/758/712 747/757/711
f 748/758/712 749/759/713 747/757/711
f 748/758/712 750/760/714 749/759/713
f 750/760/714 751/761/715 749/759/713
f 752/762/716 746/756/710 744/754/708
f 753/763/717 752/762/716 744/754/708
f 753/763/717 744/754/708 742/752/706
f 754/764/718 748/758/712 746/756/710
f 752/762/716 754/764/718 746/756/710
f 754/764/718 752/762/716 755/765/719
f 752/762/716 756/766/720 755/765/719
f 752/762/716 753/763/717 756/766/720
f 756/766/720 527/505/491 755/765/719
f 527/505/491 529/507/493 755/765/719
f 755/765/719 529/507/493 757/767/721
f 754/764/718 755/765/719 757/767/721
f 529/507/493 531/509/495 757/767/721
f 757/767/721 531/509/495 699/768/663
f 531/509/495 533/511/497 699/768/663
f 525/503/489 527/505/491 756/766/720
f 758/769/722 525/503/489 756/766/720
f 753/763/717 758/769/722 756/766/720
f 523/501/487 525/503/489 758/769/722
f 759/770/723 523/501/487 758/769/722
f 759/770/723 758/769/722 753/763/717
f 519/497/483 523/501/487 759/770/723
f 760/771/724 519/497/483 759/770/723
f 520/498/484 519/497/483 760/771/724
f 761/772/725 520/498/484 760/771/724
f 478/454/442 520/498/484 761/772/725
f 681/691/645 478/454/442 761/772/725
f 762/773/726 757/767/721 699/768/663
f 762/773/726 754/764/718 757/767/721
f 763/774/727 762/773/726 699/768/663
f 754/764/718 762/773/726 748/758/712
f 762/773/726 750/760/714 748/758/712
f 762/773/726 763/774/727 750/760/714
f 763/774/727 764/775/728 750/760/714
f 761/772/725 760/771/724 765/776/729
f 766/777/730 761/772/725 765/776/729
f 681/691/645 761/772/725 766/777/730
f 760/771/724 759/770/723 767/778/731
f 765/776/729 760/771/724 767/778/731
f 767/778/731 759/770/723 753/763/717
f 767/778/731 753/763/717 742/752/706
f 750/760/714 764/775/728 751/761/715
f 764/775/728 768/779/732 751/761/715
f 739/749/703 766/777/730 765/776/729
f 741/751/705 739/749/703 765/776/729
f 741/751/705 765/776/729 767/778/731
f 742/752/706 741/751/705 767/778/731
f 739/749/703 731/741/695 766/777/730
f 731/741/695 737/747/701 766/777/730
f 737/747/701 681/691/645 766/777/730
f 768/779/732 769/780/733 751/761/715
f 769/780/733 770/781/734 751/761/715
f 751/761/715 770/781/734 771/782/735
f 772/783/736 771/782/735 770/781/734
f 772/783/736 773/784/737 771/782/735
f 774/785/738 773/784/737 772/783/736
f 775/786/739 774/785/738 772/783/736
f 774/785/738 776/787/740 773/784/737
f 776/787/740 777/788/741 773/784/737
f 774/785/738 775/786/739 778/789/742
f 776/787/740 774/785/738 778/789/742
f 775/786/739 779/790/743 778/789/742
f 780/791/744 776/787/740 778/789/742
f 779/790/743 775/786/739 781/792/745
f 782/793/746 779/790/743 781/792/745
f 781/792/745 783/794/747 782/793/746
f 783/794/747 784/795/748 782/793/746
f 783/794/747 785/796/749 784/795/748
f 785/796/749 786/797/750 784/795/748
f 787/798/751 784/795/748 786/797/750
f 788/799/752 787/798/751 786/797/750
f 789/800/753 788/799/752 786/797/750
f 787/798/751 788/799/752 790/801/754
f 791/802/755 787/798/751 790/801/754
f 792/803/756 789/800/753 786/797/750
f 785/796/749 792/803/756 786/797/750
f 778/789/742 793/804/757 780/791/744
f 793/804/757 794/805/758 780/791/744
f 795/806/759 794/805/758 793/804/757
f 796/807/760 794/805/758 795/806/759
f 797/808/761 796/807/760 795/806/759
f 797/808/761 798/809/762 796/807/760
f 798/809/762 799/810/763 796/807/760
f 800/811/764 799/810/763 798/809/762
f 801/812/765 800/811/764 798/809/762
f 802/813/766 800/811/764 801/812/765
f 803/814/767 802/813/766 801/812/765
f 804/815/768 795/806/759 793/804/757
f 804/815/768 793/804/757 805/816/769
f 793/804/757 806/817/770 805/816/769
f 805/816/769 806/817/770 807/818/771
f 808/819/772 805/816/769 807/818/771
f 809/820/773 808/819/772 807/818/771
f 810/821/774 809/820/773 807/818/771
f 809/820/773 810/821/774 811/822/775
f 812/823/776 809/820/773 811/822/775
f 812/823/776 811/822/775 813/824/777
f 811/822/775 814/825/778 813/824/777
f 803/814/767 815/826/779 802/813/766
f 815/826/779 816/827/780 802/813/766
f 815/826/779 817/828/781 816/827/780
f 817/828/781 818/829/782 816/827/780
f 817/828/781 819/830/783 818/829/782
f 819/830/783 820/831/784 818/829/782
f 821/832/785 820/831/784 819/830/783
f 822/833/786 821/832/785 819/830/783
f 822/833/786 823/834/787 821/832/785
f 823/834/787 824/835/788 821/832/785
f 825/836/789 824/835/788 823/834/787
f 826/837/790 825/836/789 823/834/787
f 827/838/791 825/836/789 826/837/790
f 828/839/792 827/838/791 826/837/790
f 827/838/791 828/839/792 829/840/793
f 828/839/792 830/841/794 829/840/793
f 830/841/794 831/842/795 829/840/793
f 831/842/795 832/843/796 829/840/793
f 833/844/797 832/843/796 831/842/795
f 834/845/798 833/844/797 831/842/795
f 822/833/786 819/830/783 835/846/799
f 819/830/783 836/847/800 835/846/799
f 819/830/783 817/828/781 836/847/800
f 817/828/781 837/848/801 836/847/800
f 817/828/781 815/826/779 837/848/801
f 815/826/779 838/849/802 837/848/801
f 815/826/779 803/814/767 838/849/802
f 803/814/767 839/850/803 838/849/802
f 839/850/803 803/814/767 840/851/804
f 803/814/767 801/812/765 840/851/804
f 840/851/804 801/812/765 841/852/805
f 801/812/765 798/809/762 841/852/805
f 841/852/805 798/809/762 842/853/806
f 798/809/762 797/808/761 842/853/806
f 842/853/806 797/808/761 843/854/807
f 797/808/761 795/806/759 843/854/807
f 843/854/807 795/806/759 844/855/808
f 795/806/759 804/815/768 844/855/808
f 844/855/808 804/815/768 845/856/809
f 804/815/768 805/816/769 845/856/809
f 805/816/769 808/819/772 845/856/809
f 808/819/772 846/857/810 845/856/809
f 845/856/809 846/857/810 847/858/811
f 847/858/811 846/857/810 848/859/812
f 848/859/812 846/857/810 808/819/772
f 849/860/813 847/858/811 848/859/812
f 847/858/811 849/860/813 850/861/814
f 849/860/813 851/862/815 850/861/814
f 850/861/814 851/862/815 852/863/816
f 853/864/817 850/861/814 852/863/816
f 853/864/817 852/863/816 854/865/818
f 855/866/819 853/864/817 854/865/818
f 854/865/818 852/863/816 856/867/820
f 856/867/820 852/863/816 851/862/815
f 857/868/821 854/865/818 856/867/820
f 856/867/820 851/862/815 858/869/822
f 849/860/813 858/869/822 851/862/815
f 849/860/813 859/870/823 858/869/822
f 859/870/823 849/860/813 848/859/812
f 857/868/821 856/867/820 860/871/824
f 861/872/825 853/864/817 855/866/819
f 862/873/826 861/872/825 855/866/819
f 863/874/827 861/872/825 862/873/826
f 864/875/828 863/874/827 862/873/826
f 863/874/827 865/876/829 861/872/825
f 865/876/829 866/877/830 861/872/825
f 861/872/825 866/877/830 853/864/817
f 865/876/829 867/878/831 866/877/830
f 867/878/831 868/879/832 866/877/830
f 869/880/833 863/874/827 864/875/828
f 870/881/834 869/880/833 864/875/828
f 871/882/835 869/880/833 870/881/834
f 872/883/836 871/882/835 870/881/834
f 871/882/835 873/884/837 869/880/833
f 873/884/837 874/885/838 869/880/833
f 874/885/838 865/876/829 863/874/827
f 869/880/833 874/885/838 863/874/827
f 873/884/837 875/886/839 874/885/838
f 875/886/839 876/887/840 874/885/838
f 876/887/840 867/878/831 865/876/829
f 874/885/838 876/887/840 865/876/829
f 877/888/841 871/882/835 872/883/836
f 878/889/842 877/888/841 872/883/836
f 879/890/843 877/888/841 878/889/842
f 880/891/844 879/890/843 878/889/842
f 881/892/845 879/890/843 880/891/844
f 882/893/846 881/892/845 880/891/844
f 881/892/845 883/894/847 879/890/843
f 883/894/847 884/895/848 879/890/843
f 879/890/843 884/895/848 877/888/841
f 883/894/847 885/896/849 884/895/848
f 885/896/849 886/897/850 884/895/848
f 884/895/848 887/898/851 877/888/841
f 884/895/848 886/897/850 887/898/851
f 886/897/850 888/899/852 887/898/851
f 888/899/852 875/886/839 873/884/837
f 887/898/851 888/899/852 873/884/837
f 887/898/851 873/884/837 871/882/835
f 877/888/841 887/898/851 871/882/835
f 881/892/845 882/893/846 889/900/853
f 890/901/854 881/892/845 889/900/853
f 883/894/847 881/892/845 890/901/854
f 890/901/854 889/900/853 891/902/855
f 892/903/856 890/901/854 891/902/855
f 893/904/857 883/894/847 890/901/854
f 885/896/849 883/894/847 893/904/857
f 893/904/857 890/901/854 892/903/856
f 894/905/858 885/896/849 893/904/857
f 895/906/859 893/904/857 892/903/856
f 894/905/858 893/904/857 895/906/859
f 896/907/860 894/905/858 895/906/859
f 892/903/856 891/902/855 897/908/861
f 898/909/862 892/903/856 897/908/861
f 895/906/859 892/903/856 898/909/862
f 898/909/862 897/908/861 899/910/863
f 900/911/864 898/909/862 899/910/863
f 901/912/865 898/909/862 900/911/864
f 901/912/865 895/906/859 898/909/862
f 896/907/860 895/906/859 901/912/865
f 902/913/866 901/912/865 900/911/864
f 903/914/867 901/912/865 902/913/866
f 903/914/867 896/907/860 901/912/865
f 904/915/868 903/914/867 902/913/866
f 900/911/864 899/910/863 905/916/869
f 906/917/870 900/911/864 905/916/869
f 902/913/866 900/911/864 906/917/870
f 906/917/870 905/916/869 907/918/871
f 908/919/872 906/917/870 907/918/871
f 909/920/873 906/917/870 908/919/872
f 909/920/873 902/913/866 906/917/870
f 904/915/868 902/913/866 909/920/873
f 910/921/874 909/920/873 908/919/872
f 911/922/875 909/920/873 910/921/874
f 911/922/875 904/915/868 909/920/873
f 912/923/876 911/922/875 910/921/874
f 908/919/872 907/918/871 913/924/877
f 914/925/878 908/919/872 913/924/877
f 910/921/874 908/919/872 914/925/878
f 914/925/878 913/924/877 915/926/879
f 916/927/880 914/925/878 915/926/879
f 915/926/879 917/928/881 916/927/880
f 916/927/880 917/928/881 918/929/882
f 919/930/883 916/927/880 918/929/882
f 920/931/884 914/925/878 916/927/880
f 919/930/883 920/931/884 916/927/880
f 920/931/884 910/921/874 914/925/878
f 920/931/884 919/930/883 921/932/885
f 910/921/874 920/931/884 921/932/885
f 912/923/876 910/921/874 921/932/885
f 919/930/883 922/933/886 921/932/885
f 918/929/882 922/933/886 919/930/883
f 918/929/882 917/928/881 923/934/887
f 917/928/881 924/935/888 923/934/887
f 917/928/881 925/936/889 924/935/888
f 918/929/882 923/934/887 926/937/890
f 927/938/891 918/929/882 926/937/890
f 918/929/882 927/938/891 922/933/886
f 927/938/891 926/937/890 928/939/892
f 926/937/890 929/940/893 928/939/892
f 921/932/885 922/933/886 930/941/894
f 922/933/886 931/942/895 930/941/894
f 931/942/895 922/933/886 927/938/891
f 928/939/892 931/942/895 927/938/891
f 930/941/894 931/942/895 830/841/794
f 828/839/792 930/941/894 830/841/794
f 930/941/894 828/839/792 932/943/896
f 828/839/792 826/837/790 932/943/896
f 826/837/790 823/834/787 932/943/896
f 823/834/787 933/944/897 932/943/896
f 823/834/787 822/833/786 933/944/897
f 822/833/786 835/846/799 933/944/897
f 931/942/895 928/939/892 831/842/795
f 830/841/794 931/942/895 831/842/795
f 831/842/795 928/939/892 929/940/893
f 834/845/798 831/842/795 929/940/893
f 932/943/896 933/944/897 911/922/875
f 912/923/876 932/943/896 911/922/875
f 930/941/894 932/943/896 912/923/876
f 933/944/897 835/846/799 904/915/868
f 911/922/875 933/944/897 904/915/868
f 904/915/868 835/846/799 903/914/867
f 835/846/799 836/847/800 903/914/867
f 903/914/867 836/847/800 896/907/860
f 836/847/800 837/848/801 896/907/860
f 896/907/860 837/848/801 894/905/858
f 837/848/801 838/849/802 894/905/858
f 894/905/858 838/849/802 885/896/849
f 838/849/802 839/850/803 885/896/849
f 885/896/849 839/850/803 886/897/850
f 839/850/803 840/851/804 886/897/850
f 886/897/850 840/851/804 888/899/852
f 840/851/804 841/852/805 888/899/852
f 888/899/852 841/852/805 875/886/839
f 841/852/805 842/853/806 875/886/839
f 875/886/839 842/853/806 876/887/840
f 842/853/806 843/854/807 876/887/840
f 876/887/840 843/854/807 867/878/831
f 843/854/807 844/855/808 867/878/831
f 867/878/831 844/855/808 868/879/832
f 844/855/808 845/856/809 868/879/832
f 868/879/832 845/856/809 847/858/811
f 866/877/830 868/879/832 847/858/811
f 850/861/814 866/877/830 847/858/811
f 866/877/830 850/861/814 853/864/817
f 936/945/898 935/946/899 934/947/900
f 937/948/901 936/945/898 934/947/900
f 938/949/902 937/948/901 934/947/900
f 938/949/902 934/947/900 939/950/903
f 940/951/904 938/949/902 939/950/903
f 935/946/899 941/952/905 934/947/900
f 941/952/905 942/953/906 934/947/900
f 934/947/900 942/953/906 939/950/903
f 935/946/899 943/954/907 941/952/905
f 944/955/908 943/954/907 935/946/899
f 945/956/909 944/955/908 935/946/899
f 935/946/899 936/945/898 945/956/909
f 944/955/908 946/957/910 943/954/907
f 946/957/910 947/958/911 943/954/907
f 946/957/910 948/959/912 947/958/911
f 948/959/912 949/960/913 947/958/911
f 943/954/907 950/961/914 941/952/905
f 943/954/907 947/958/911 950/961/914
f 947/958/911 951/962/915 950/961/914
f 947/958/911 949/960/913 951/962/915
f 942/953/906 952/963/916 939/950/903
f 949/960/913 953/964/917 951/962/915
f 942/953/906 941/952/905 954/965/918
f 942/953/906 954/965/918 952/963/916
f 941/952/905 955/966/919 954/965/918
f 941/952/905 950/961/914 955/966/919
f 950/961/914 956/967/920 955/966/919
f 950/961/914 951/962/915 956/967/920
f 951/962/915 957/968/921 956/967/920
f 951/962/915 953/964/917 957/968/921
f 954/965/918 958/969/922 952/963/916
f 953/964/917 959/970/923 957/968/921
f 954/965/918 955/966/919 960/971/924
f 271/972/235 954/965/918 960/971/924
f 958/969/922 954/965/918 271/972/235
f 955/966/919 956/967/920 961/973/925
f 960/971/924 955/966/919 961/973/925
f 960/971/924 961/973/925 271/972/235
f 956/967/920 957/968/921 962/974/926
f 961/973/925 956/967/920 962/974/926
f 957/968/921 959/970/923 962/974/926
f 959/970/923 963/975/927 962/974/926
f 952/963/916 958/969/922 964/976/928
f 952/963/916 964/976/928 965/977/929
f 939/950/903 952/963/916 965/977/929
f 966/978/930 939/950/903 965/977/929
f 967/979/931 966/978/930 965/977/929
f 958/969/922 968/980/932 964/976/928
f 958/969/922 294/981/258 968/980/932
f 294/981/258 958/969/922 271/972/235
f 294/981/258 293/982/257 968/980/932
f 966/978/930 940/951/904 939/950/903
f 962/974/926 963/975/927 969/983/933
f 970/984/934 962/974/926 969/983/933
f 961/973/925 962/974/926 970/984/934
f 970/984/934 969/983/933 971/985/935
f 969/983/933 972/986/936 971/985/935
f 971/985/935 972/986/936 973/987/937
f 974/988/938 971/985/935 973/987/937
f 971/985/935 974/988/938 975/989/939
f 274/990/238 971/985/935 975/989/939
f 273/991/237 970/984/934 971/985/935
f 274/990/238 273/991/237 971/985/935
f 274/990/238 975/989/939 976/992/940
f 272/993/236 274/990/238 976/992/940
f 273/991/237 961/973/925 970/984/934
f 961/973/925 273/991/237 271/972/235
f 272/993/236 976/992/940 977/994/941
f 291/995/255 272/993/236 977/994/941
f 978/996/942 291/995/255 977/994/941
f 979/997/943 978/996/942 977/994/941
f 978/996/942 979/997/943 980/998/944
f 981/999/945 978/996/942 980/998/944
f 981/999/945 982/1000/946 978/996/942
f 982/1000/946 983/1001/947 978/996/942
f 290/1002/254 291/995/255 978/996/942
f 983/1001/947 290/1002/254 978/996/942
f 984/1003/948 983/1001/947 982/1000/946
f 985/1004/949 984/1003/948 982/1000/946
f 985/1004/949 986/1005/950 984/1003/948
f 986/1005/950 987/1006/951 984/1003/948
f 986/1005/950 988/1007/952 987/1006/951
f 988/1007/952 989/1008/953 987/1006/951
f 988/1007/952 990/1009/954 989/1008/953
f 990/1009/954 991/1010/955 989/1008/953
f 990/1009/954 992/1011/956 991/1010/955
f 992/1011/956 993/1012/957 991/1010/955
f 991/1010/955 993/1012/957 994/1013/958
f 993/1012/957 995/1014/959 994/1013/958
f 994/1013/958 995/1014/959 996/1015/960
f 995/1014/959 997/1016/961 996/1015/960
f 996/1015/960 997/1016/961 998/1017/962
f 997/1016/961 999/1018/963 998/1017/962
f 998/1017/962 999/1018/963 1000/1019/964
f 999/1018/963 1001/1020/965 1000/1019/964
f 1002/1021/966 996/1015/960 998/1017/962
f 994/1013/958 996/1015/960 1002/1021/966
f 1003/1022/967 1002/1021/966 998/1017/962
f 1003/1022/967 998/1017/962 1000/1019/964
f 1004/1023/968 994/1013/958 1002/1021/966
f 991/1010/955 994/1013/958 1004/1023/968
f 989/1008/953 991/1010/955 1004/1023/968
f 1005/1024/969 1003/1022/967 1000/1019/964
f 1002/1021/966 1003/1022/967 1006/1025/970
f 1006/1025/970 1003/1022/967 1005/1024/969
f 1007/1026/971 1002/1021/966 1006/1025/970
f 1004/1023/968 1002/1021/966 1007/1026/971
f 1008/1027/972 1004/1023/968 1007/1026/971
f 989/1008/953 1004/1023/968 1008/1027/972
f 987/1006/951 989/1008/953 1008/1027/972
f 1009/1028/973 1006/1025/970 1005/1024/969
f 1007/1026/971 1006/1025/970 1010/1029/974
f 1006/1025/970 289/1030/253 1010/1029/974
f 1006/1025/970 1009/1028/973 289/1030/253
f 1007/1026/971 1010/1029/974 1011/1031/975
f 1008/1027/972 1007/1026/971 1011/1031/975
f 1011/1031/975 1010/1029/974 289/1030/253
f 1008/1027/972 1011/1031/975 984/1003/948
f 987/1006/951 1008/1027/972 984/1003/948
f 1005/1024/969 1000/1019/964 965/977/929
f 1000/1019/964 1012/1032/976 965/977/929
f 1012/1032/976 967/979/931 965/977/929
f 964/976/928 1005/1024/969 965/977/929
f 1009/1028/973 1005/1024/969 964/976/928
f 968/980/932 1009/1028/973 964/976/928
f 292/1033/256 1009/1028/973 968/980/932
f 1009/1028/973 292/1033/256 289/1030/253
f 293/982/257 292/1033/256 968/980/932
f 1001/1020/965 1012/1032/976 1000/1019/964
f 984/1003/948 1011/1031/975 983/1001/947
f 1011/1031/975 290/1002/254 983/1001/947
f 290/1002/254 1011/1031/975 289/1030/253
f 1001/1020/965 1013/1034/977 1012/1032/976
f 1013/1034/977 1014/1035/978 1012/1032/976
f 1012/1032/976 1014/1035/978 967/979/931
f 1014/1035/978 1015/1036/979 967/979/931
f 1015/1036/979 1016/1037/980 967/979/931
f 1016/1037/980 966/978/930 967/979/931
f 1016/1037/980 1017/1038/981 966/978/930
f 1017/1038/981 940/951/904 966/978/930
f 1017/1038/981 1018/1039/982 940/951/904
f 1018/1039/982 938/949/902 940/951/904
f 1018/1039/982 1019/1040/983 938/949/902
f 1019/1040/983 937/948/901 938/949/902
f 1019/1040/983 1020/1041/984 937/948/901
f 1020/1041/984 936/945/898 937/948/901
f 1020/1041/984 1021/1042/985 936/945/898
f 1021/1042/985 945/956/909 936/945/898
f 1021/1042/985 1022/1043/986 945/956/909
f 1022/1043/986 944/955/908 945/956/909
f 1022/1043/986 1023/1044/987 944/955/908
f 1023/1044/987 946/957/910 944/955/908
f 1023/1044/987 1024/1045/988 946/957/910
f 1024/1045/988 948/959/912 946/957/910
f 1019/1040/983 870/1046/834 1020/1041/984
f 870/1046/834 1019/1040/983 1018/1039/982
f 870/1046/834 864/1047/828 1020/1041/984
f 1020/1041/984 864/1047/828 1021/1042/985
f 864/1047/828 862/1048/826 1021/1042/985
f 1022/1043/986 855/1049/819 1023/1044/987
f 1021/1042/985 862/1048/826 855/1049/819
f 1022/1043/986 1021/1042/985 855/1049/819
f 855/1049/819 854/1050/818 1023/1044/987
f 1023/1044/987 854/1050/818 1024/1045/988
f 854/1050/818 857/1051/821 1024/1045/988
f 872/1052/836 870/1046/834 1018/1039/982
f 878/1053/842 872/1052/836 1018/1039/982
f 1017/1038/981 878/1053/842 1018/1039/982
f 878/1053/842 1017/1038/981 1016/1037/980
f 880/1054/844 878/1053/842 1016/1037/980
f 882/1055/846 880/1054/844 1016/1037/980
f 1015/1036/979 882/1055/846 1016/1037/980
f 1015/1036/979 1014/1035/978 882/1055/846
f 1014/1035/978 889/1056/853 882/1055/846
f 889/1056/853 1014/1035/978 1013/1034/977
f 891/1057/855 889/1056/853 1013/1034/977
f 897/1058/861 891/1057/855 1013/1034/977
f 1025/1059/989 897/1058/861 1013/1034/977
f 1025/1059/989 1013/1034/977 1001/1020/965
f 999/1018/963 1025/1059/989 1001/1020/965
f 1026/1060/990 1025/1059/989 999/1018/963
f 897/1058/861 1025/1059/989 1026/1060/990
f 1027/1061/991 1026/1060/990 999/1018/963
f 997/1016/961 1027/1061/991 999/1018/963
f 1028/1062/992 1027/1061/991 997/1016/961
f 1029/1063/993 1028/1062/992 997/1016/961
f 995/1014/959 1029/1063/993 997/1016/961
f 1030/1064/994 1029/1063/993 995/1014/959
f 993/1012/957 1030/1064/994 995/1014/959
f 1031/1065/995 1030/1064/994 993/1012/957
f 992/1011/996 1031/1065/995 993/1012/957
f 1027/1061/991 905/1066/869 1026/1060/990
f 905/1066/869 899/1067/863 1026/1060/990
f 899/1067/863 897/1058/861 1026/1060/990
f 907/1068/871 905/1066/869 1027/1061/991
f 1028/1062/992 907/1068/871 1027/1061/991
f 1028/1062/992 1029/1063/993 907/1068/871
f 1030/1064/994 915/1069/879 1029/1063/993
f 915/1069/879 913/1070/877 1029/1063/993
f 1029/1063/993 913/1070/877 907/1068/871
f 917/1071/881 915/1069/879 1030/1064/994
f 1031/1065/995 917/1071/881 1030/1064/994
f 1034/1072/997 1033/1073/998 1032/1074/999
f 1035/1075/1000 1034/1072/997 1032/1074/999
f 1032/1074/999 1033/1073/998 1036/1076/1001
f 1033/1073/998 1037/1077/1002 1036/1076/1001
f 1036/1076/1001 1037/1077/1002 1038/1078/1003
f 1037/1077/1002 1039/1079/1004 1038/1078/1003
f 1038/1078/1003 1039/1079/1004 1040/1080/1005
f 1039/1079/1004 1041/1081/1006 1040/1080/1005
f 1040/1080/1005 1041/1081/1006 1042/1082/1007
f 1040/1080/1005 1042/1082/1007 1043/1083/1008
f 1042/1082/1007 1044/1084/1009 1043/1083/1008
f 1043/1083/1008 1044/1084/1009 973/1085/937
f 1044/1084/1009 1045/1086/1010 973/1085/937
f 973/1085/937 1045/1086/1010 974/1087/938
f 1045/1086/1010 1046/1088/1011 974/1087/938
f 974/1087/938 1046/1088/1011 975/1089/939
f 1046/1088/1011 1047/1090/1012 975/1089/939
f 975/1089/939 1047/1090/1012 976/1091/940
f 1047/1090/1012 1048/1092/1013 976/1091/940
f 1041/1081/1006 1049/1093/1014 1042/1082/1007
f 1050/1094/1015 1046/1088/1011 1045/1086/1010
f 1047/1090/1012 1046/1088/1011 1050/1094/1015
f 1048/1092/1013 1047/1090/1012 1050/1094/1015
f 1051/1095/1016 1050/1094/1015 1045/1086/1010
f 1042/1082/1007 1049/1093/1014 1051/1095/1016
f 1051/1095/1016 1045/1086/1010 1044/1084/1009
f 1042/1082/1007 1051/1095/1016 1044/1084/1009
f 976/1091/940 1048/1092/1013 977/1096/941
f 1048/1092/1013 1052/1097/1017 977/1096/941
f 1052/1097/1017 1048/1092/1013 1050/1094/1015
f 1052/1097/1017 1053/1098/1018 977/1096/941
f 1053/1098/1018 1052/1097/1017 1050/1094/1015
f 1053/1098/1018 979/1099/943 977/1096/941
f 1053/1098/1018 1054/1100/1019 979/1099/943
f 1050/1094/1015 1051/1095/1016 1054/1100/1019
f 1053/1098/1018 1050/1094/1015 1054/1100/1019
f 1054/1100/1019 980/1101/944 979/1099/943
f 1054/1100/1019 1055/1102/1020 980/1101/944
f 1054/1100/1019 1051/1095/1016 1055/1102/1020
f 1055/1102/1020 1056/1103/1021 980/1101/944
f 1055/1102/1020 1057/1104/1022 1056/1103/1021
f 1049/1093/1014 1057/1104/1022 1051/1095/1016
f 1051/1095/1016 1057/1104/1022 1055/1102/1020
f 1057/1104/1022 1058/1105/1023 1056/1103/1021
f 1041/1081/1006 1058/1105/1023 1057/1104/1022
f 1049/1093/1014 1041/1081/1006 1057/1104/1022
f 1041/1081/1006 1039/1079/1004 1058/1105/1023
f 1039/1079/1004 1059/1106/1024 1058/1105/1023
f 1039/1079/1004 1037/1077/1002 1059/1106/1024
f 1037/1077/1002 1060/1107/1025 1059/1106/1024
f 1037/1077/1002 1033/1073/998 1060/1107/1025
f 1033/1073/998 1061/1108/1026 1060/1107/1025
f 1033/1073/998 1034/1072/997 1061/1108/1026
f 1034/1072/997 1062/1109/1027 1061/1108/1026
f 322/329/286 325/356/289 380/330/344
f 1064/1110/1028 708/718/672 1063/1111/1029
f 1065/1112/1030 1064/1110/1028 1063/1111/1029
f 1064/1110/1028 707/717/671 708/718/672
f 711/721/675 1063/1111/1029 708/718/672
f 1063/1111/1029 711/721/675 1066/1113/1031
f 1065/1112/1030 1063/1111/1029 1066/1113/1031
f 711/721/675 712/722/676 1066/1113/1031
f 1066/1113/1031 712/722/676 1067/1114/1032
f 712/722/676 713/723/677 1067/1114/1032
f 1067/1114/1032 713/723/677 723/733/687
f 1066/1113/1031 1067/1114/1032 1068/1115/1033
f 1069/1116/1034 1066/1113/1031 1068/1115/1033
f 1069/1116/1034 1065/1112/1030 1066/1113/1031
f 1067/1114/1032 723/733/687 724/734/688
f 1068/1115/1033 1067/1114/1032 724/734/688
f 1070/1117/1035 1064/1110/1028 1065/1112/1030
f 1071/1118/1036 1070/1117/1035 1065/1112/1030
f 1070/1117/1035 1071/1118/1036 1072/1119/1037
f 1072/1119/1037 1073/1120/1038 1070/1117/1035
f 1073/1120/1038 1074/1121/1039 1070/1117/1035
f 1075/1122/1040 1073/1120/1038 1072/1119/1037
f 1076/1123/1041 1073/1120/1038 1075/1122/1040
f 1073/1120/1038 1076/1123/1041 1074/1121/1039
f 1077/1124/1042 1076/1123/1041 1075/1122/1040
f 1077/1124/1042 1075/1122/1040 1078/1125/1043
f 1075/1122/1040 1079/1126/1044 1078/1125/1043
f 1079/1126/1044 1080/1127/1045 1078/1125/1043
f 1080/1127/1045 1081/1128/1046 1078/1125/1043
f 1079/1126/1044 1082/1129/1047 1080/1127/1045
f 1082/1129/1047 1083/1130/1048 1080/1127/1045
f 1082/1129/1047 1084/1131/1049 1083/1130/1048
f 1084/1131/1049 1085/1132/1050 1083/1130/1048
f 1086/1133/1051 1082/1129/1047 1079/1126/1044
f 1087/1134/1052 1086/1133/1051 1079/1126/1044
f 1087/1134/1052 1079/1126/1044 1075/1122/1040
f 1087/1134/1052 1075/1122/1040 1072/1119/1037
f 1088/1135/1053 1084/1131/1049 1082/1129/1047
f 1086/1133/1051 1088/1135/1053 1082/1129/1047
f 1089/1136/1054 1078/1125/1043 1081/1128/1046
f 1090/1137/1055 1089/1136/1054 1081/1128/1046
f 1089/1136/1054 1090/1137/1055 1091/1138/1056
f 1092/1139/1057 1089/1136/1054 1091/1138/1056
f 1091/1138/1056 1093/1140/1058 1092/1139/1057
f 1093/1140/1058 1094/1141/1059 1092/1139/1057
f 1092/1139/1057 1094/1141/1059 1095/1142/1060
f 1096/1143/1061 1092/1139/1057 1095/1142/1060
f 1097/1144/1062 1094/1141/1059 1093/1140/1058
f 1098/1145/1063 1097/1144/1062 1093/1140/1058
f 788/1146/752 1097/1144/1062 1098/1145/1063
f 790/1147/754 788/1146/752 1098/1145/1063
f 1097/1144/1062 1099/1148/1064 1094/1141/1059
f 1099/1148/1064 1100/1149/1065 1094/1141/1059
f 1094/1141/1059 1100/1149/1065 1095/1142/1060
f 789/1150/753 1099/1148/1064 1097/1144/1062
f 788/1146/752 789/1150/753 1097/1144/1062
f 1101/1151/1066 1089/1136/1054 1092/1139/1057
f 1096/1143/1061 1101/1151/1066 1092/1139/1057
f 1089/1136/1054 1101/1151/1066 1078/1125/1043
f 1101/1151/1066 1077/1124/1042 1078/1125/1043
f 1102/1152/1067 1100/1149/1065 1099/1148/1064
f 1103/1153/1068 1102/1152/1067 1099/1148/1064
f 1103/1153/1068 1099/1148/1064 789/1150/753
f 792/1154/756 1103/1153/1068 789/1150/753
f 1096/1143/1061 1104/1155/1069 1101/1151/1066
f 1104/1155/1069 1105/1156/1070 1101/1151/1066
f 1100/1149/1065 1102/1152/1067 1106/1157/1071
f 1102/1152/1067 1107/1158/1072 1106/1157/1071
f 1095/1142/1060 1100/1149/1065 1106/1157/1071
f 1104/1155/1069 1096/1143/1061 1095/1142/1060
f 1108/1159/1073 1104/1155/1069 1095/1142/1060
f 1108/1159/1073 1095/1142/1060 1106/1157/1071
f 1108/1159/1073 1106/1157/1071 1109/1160/1074
f 1110/1161/1075 1108/1159/1073 1109/1160/1074
f 1104/1155/1069 1108/1159/1073 1110/1161/1075
f 1111/1162/1076 1104/1155/1069 1110/1161/1075
f 1105/1156/1070 1104/1155/1069 1111/1162/1076
f 1112/1163/1077 1105/1156/1070 1111/1162/1076
f 1113/1164/1078 1109/1160/1074 1106/1157/1071
f 1107/1158/1072 1113/1164/1078 1106/1157/1071
f 1105/1156/1070 1112/1163/1077 1114/1165/1079
f 1076/1123/1041 1105/1156/1070 1114/1165/1079
f 1105/1156/1070 1076/1123/1041 1101/1151/1066
f 1076/1123/1041 1077/1124/1042 1101/1151/1066
f 1076/1123/1041 1114/1165/1079 1074/1121/1039
f 707/717/671 1074/1121/1039 1114/1165/1079
f 705/715/669 707/717/671 1114/1165/1079
f 704/714/668 705/715/669 1114/1165/1079
f 1112/1163/1077 704/714/668 1114/1165/1079
f 704/714/668 1112/1163/1077 1111/1162/1076
f 707/717/671 1064/1110/1028 1074/1121/1039
f 1064/1110/1028 1070/1117/1035 1074/1121/1039
f 1110/1161/1075 1115/1166/1080 1111/1162/1076
f 1115/1166/1080 1116/1167/1081 1111/1162/1076
f 1116/1167/1081 704/714/668 1111/1162/1076
f 704/714/668 1116/1167/1081 1117/1168/1082
f 702/712/666 704/714/668 1117/1168/1082
f 1118/1169/1083 1117/1168/1082 1116/1167/1081
f 1115/1166/1080 1118/1169/1083 1116/1167/1081
f 1118/1169/1083 1115/1166/1080 1119/1170/1084
f 1118/1169/1083 1119/1170/1084 1120/1171/1085
f 1121/1172/1086 1118/1169/1083 1120/1171/1085
f 1118/1169/1083 1121/1172/1086 1117/1168/1082
f 1121/1172/1086 1120/1171/1085 696/706/660
f 696/706/660 1120/1171/1085 697/707/661
f 1120/1171/1085 1122/1173/1087 697/707/661
f 1122/1173/1087 1120/1171/1085 1119/1170/1084
f 695/705/659 1121/1172/1086 696/706/660
f 1123/1174/1088 1121/1172/1086 695/705/659
f 1117/1168/1082 1123/1174/1088 702/712/666
f 1121/1172/1086 1123/1174/1088 1117/1168/1082
f 694/704/658 1123/1174/1088 695/705/659
f 698/708/662 697/707/661 1122/1173/1087
f 1124/1175/1089 698/708/662 1122/1173/1087
f 1124/1175/1089 763/1176/727 698/708/662
f 763/1176/727 699/709/663 698/708/662
f 763/1176/727 1124/1175/1089 764/1177/728
f 1124/1175/1089 1125/1178/1090 764/1177/728
f 1124/1175/1089 1122/1173/1087 1125/1178/1090
f 1122/1173/1087 1126/1179/1091 1125/1178/1090
f 1126/1179/1091 1122/1173/1087 1119/1170/1084
f 1119/1170/1084 1127/1180/1092 1126/1179/1091
f 1127/1180/1092 1128/1181/1093 1126/1179/1091
f 1126/1179/1091 1128/1181/1093 1125/1178/1090
f 700/710/664 1123/1174/1088 694/704/658
f 1115/1166/1080 1127/1180/1092 1119/1170/1084
f 1123/1174/1088 700/710/664 702/712/666
f 764/1177/728 1125/1178/1090 768/1182/732
f 1125/1178/1090 1129/1183/1094 768/1182/732
f 1128/1181/1093 1129/1183/1094 1125/1178/1090
f 1127/1180/1092 1109/1160/1074 1128/1181/1093
f 1109/1160/1074 1113/1164/1078 1128/1181/1093
f 1130/1184/1095 1129/1183/1094 1128/1181/1093
f 1113/1164/1078 1130/1184/1095 1128/1181/1093
f 769/1185/733 768/1182/732 1129/1183/1094
f 1130/1184/1095 769/1185/733 1129/1183/1094
f 1127/1180/1092 1115/1166/1080 1110/1161/1075
f 1109/1160/1074 1127/1180/1092 1110/1161/1075
f 856/867/820 858/869/822 1131/1186/1096
f 860/871/824 856/867/820 1131/1186/1096
f 1131/1186/1096 858/869/822 1132/1187/1097
f 858/869/822 859/870/823 1132/1187/1097
f 1132/1187/1097 859/870/823 1133/1188/1098
f 1134/1189/1099 1132/1187/1097 1133/1188/1098
f 1133/1188/1098 859/870/823 848/859/812
f 1133/1188/1098 848/859/812 809/820/773
f 812/823/776 1133/1188/1098 809/820/773
f 1134/1189/1099 1133/1188/1098 812/823/776
f 809/820/773 848/859/812 808/819/772
f 813/824/777 1134/1189/1099 812/823/776
f 860/871/824 1131/1186/1096 1135/1190/1100
f 1136/1191/1101 860/871/824 1135/1190/1100
f 1137/1192/1102 860/871/824 1136/1191/1101
f 1137/1192/1102 1136/1191/1101 1138/1193/1103
f 1139/1194/1104 1137/1192/1102 1138/1193/1103
f 1138/1193/1103 1140/1195/1105 1139/1194/1104
f 1141/1196/1106 1140/1195/1105 1138/1193/1103
f 1142/1197/1107 1141/1196/1106 1138/1193/1103
f 1136/1191/1101 1135/1190/1100 1142/1197/1107
f 1138/1193/1103 1136/1191/1101 1142/1197/1107
f 1140/1195/1105 1141/1196/1106 1143/1198/1108
f 1143/1198/1108 1141/1196/1106 1144/1199/1109
f 1141/1196/1106 1145/1200/1110 1144/1199/1109
f 1145/1200/1110 1141/1196/1106 1142/1197/1107
f 1146/1201/1111 1140/1195/1105 1143/1198/1108
f 1147/1202/1112 1140/1195/1105 1146/1201/1111
f 1140/1195/1105 1147/1202/1112 1139/1194/1104
f 1148/1203/1113 1147/1202/1112 1146/1201/1111
f 1146/1201/1111 1143/1198/1108 1149/1204/1114
f 1150/1205/1115 1146/1201/1111 1149/1204/1114
f 1146/1201/1111 1150/1205/1115 1148/1203/1113
f 1150/1205/1115 1149/1204/1114 1151/1206/1116
f 1151/1206/1116 1149/1204/1114 1152/1207/1117
f 1151/1206/1116 1152/1207/1117 1153/1208/1118
f 1154/1209/1119 1151/1206/1116 1153/1208/1118
f 1155/1210/1120 1151/1206/1116 1154/1209/1119
f 1155/1210/1120 1150/1205/1115 1151/1206/1116
f 1156/1211/1121 1150/1205/1115 1155/1210/1120
f 1150/1205/1115 1156/1211/1121 1148/1203/1113
f 1157/1212/1122 1156/1211/1121 1155/1210/1120
f 1157/1212/1122 1155/1210/1120 1158/1213/1123
f 1158/1213/1123 1155/1210/1120 1154/1209/1119
f 1159/1214/1124 1157/1212/1122 1158/1213/1123
f 1149/1204/1114 1160/1215/1125 1152/1207/1117
f 1160/1215/1125 1149/1204/1114 1143/1198/1108
f 1144/1199/1109 1160/1215/1125 1143/1198/1108
f 1161/1216/1126 1159/1214/1124 1158/1213/1123
f 1162/1217/1127 1161/1216/1126 1158/1213/1123
f 1162/1217/1127 1158/1213/1123 1154/1209/1119
f 1163/1218/1128 1161/1216/1126 1162/1217/1127
f 1164/1219/1129 1163/1218/1128 1162/1217/1127
f 1165/1220/1130 1162/1217/1127 1154/1209/1119
f 1165/1220/1130 1154/1209/1119 1153/1208/1118
f 1164/1219/1129 1162/1217/1127 1165/1220/1130
f 1166/1221/1131 1165/1220/1130 1153/1208/1118
f 1167/1222/1132 1165/1220/1130 1166/1221/1131
f 1167/1222/1132 1164/1219/1129 1165/1220/1130
f 1168/1223/1133 1164/1219/1129 1167/1222/1132
f 1169/1224/1134 1168/1223/1133 1167/1222/1132
f 1170/1225/1135 1167/1222/1132 1166/1221/1131
f 1167/1222/1132 1170/1225/1135 1169/1224/1134
f 1164/1219/1129 1168/1223/1133 1171/1226/1136
f 1163/1218/1128 1164/1219/1129 1171/1226/1136
f 1172/1227/1137 1171/1226/1136 1168/1223/1133
f 1173/1228/1138 1172/1227/1137 1168/1223/1133
f 1173/1228/1138 1168/1223/1133 1169/1224/1134
f 1174/1229/1139 1173/1228/1138 1169/1224/1134
f 1174/1229/1139 1169/1224/1134 1175/1230/1140
f 1170/1225/1135 1175/1230/1140 1169/1224/1134
f 1176/1231/1141 1174/1229/1139 1175/1230/1140
f 1173/1228/1138 1174/1229/1139 1177/1232/1142
f 1174/1229/1139 1178/1233/1143 1177/1232/1142
f 1178/1233/1143 1174/1229/1139 1176/1231/1141
f 1173/1228/1138 1177/1232/1142 1179/1234/1144
f 1172/1227/1137 1173/1228/1138 1179/1234/1144
f 1180/1235/1145 1179/1234/1144 1177/1232/1142
f 1181/1236/1146 1180/1235/1145 1177/1232/1142
f 1181/1236/1146 1177/1232/1142 1178/1233/1143
f 925/936/889 1180/1235/1145 1181/1236/1146
f 924/935/888 925/936/889 1181/1236/1146
f 924/935/888 1181/1236/1146 1182/1237/1147
f 1182/1237/1147 1181/1236/1146 1178/1233/1143
f 923/934/887 924/935/888 1182/1237/1147
f 923/934/887 1182/1237/1147 1183/1238/1148
f 1178/1233/1143 1183/1238/1148 1182/1237/1147
f 1178/1233/1143 1184/1239/1149 1183/1238/1148
f 1184/1239/1149 1178/1233/1143 1176/1231/1141
f 1184/1239/1149 1185/1240/1150 1183/1238/1148
f 926/937/890 923/934/887 1183/1238/1148
f 1183/1238/1148 1185/1240/1150 926/937/890
f 1185/1240/1150 929/940/893 926/937/890
f 1175/1230/1140 1186/1241/1151 1176/1231/1141
f 1187/1242/1152 1186/1241/1151 1175/1230/1140
f 1187/1242/1152 1188/1243/1153 1186/1241/1151
f 1189/1244/1154 1188/1243/1153 1187/1242/1152
f 1190/1245/1155 1189/1244/1154 1187/1242/1152
f 1191/1246/1156 1189/1244/1154 1190/1245/1155
f 1192/1247/1157 1191/1246/1156 1190/1245/1155
f 1193/1248/1158 1191/1246/1156 1192/1247/1157
f 1194/1249/1159 1193/1248/1158 1192/1247/1157
f 1194/1249/1159 1195/1250/1160 1193/1248/1158
f 1195/1250/1160 1196/1251/1161 1193/1248/1158
f 1195/1250/1160 1197/1252/1162 1196/1251/1161
f 1197/1252/1162 1198/1253/1163 1196/1251/1161
f 1199/1254/1164 1198/1253/1163 1197/1252/1162
f 1200/1255/1165 1199/1254/1164 1197/1252/1162
f 1188/1243/1153 1201/1256/1166 1186/1241/1151
f 1170/1225/1135 1187/1242/1152 1175/1230/1140
f 1187/1242/1152 1170/1225/1135 1190/1245/1155
f 1170/1225/1135 1166/1221/1131 1190/1245/1155
f 1190/1245/1155 1166/1221/1131 1153/1208/1118
f 1192/1247/1157 1190/1245/1155 1153/1208/1118
f 1194/1249/1159 1192/1247/1157 1153/1208/1118
f 1152/1207/1117 1194/1249/1159 1153/1208/1118
f 1194/1249/1159 1152/1207/1117 1195/1250/1160
f 1152/1207/1117 1160/1215/1125 1195/1250/1160
f 1195/1250/1160 1160/1215/1125 1144/1199/1109
f 1197/1252/1162 1195/1250/1160 1144/1199/1109
f 1197/1252/1162 1144/1199/1109 1145/1200/1110
f 1200/1255/1165 1197/1252/1162 1145/1200/1110
f 1199/1254/1164 1202/1257/1167 1198/1253/1163
f 1203/1258/1168 1202/1257/1167 1199/1254/1164
f 1202/1257/1167 1203/1258/1168 1204/1259/1169
f 1203/1258/1168 1205/1260/1170 1204/1259/1169
f 1206/1261/1171 1202/1257/1167 1204/1259/1169
f 1206/1261/1171 1204/1259/1169 1207/1262/1172
f 1208/1263/1173 1206/1261/1171 1207/1262/1172
f 1207/1262/1172 1209/1264/1174 1208/1263/1173
f 1209/1264/1174 1210/1265/1175 1208/1263/1173
f 1208/1263/1173 1210/1265/1175 1211/1266/1176
f 1212/1267/1177 1208/1263/1173 1211/1266/1176
f 1211/1266/1176 1210/1265/1175 1213/1268/1178
f 1211/1266/1176 1213/1268/1178 1214/1269/1179
f 1215/1270/1180 1211/1266/1176 1214/1269/1179
f 1216/1271/1181 1215/1270/1180 1214/1269/1179
f 1217/1272/1182 1216/1271/1181 1214/1269/1179
f 1218/1273/1183 1216/1271/1181 1217/1272/1182
f 1219/1274/1184 1218/1273/1183 1217/1272/1182
f 1218/1273/1183 1219/1274/1184 1220/1275/1185
f 1219/1274/1184 1221/1276/1186 1220/1275/1185
f 1221/1276/1186 1222/1277/1187 1220/1275/1185
f 1222/1277/1187 1223/1278/1188 1220/1275/1185
f 1220/1275/1185 1223/1278/1188 1224/1279/1189
f 1224/1279/1189 1223/1278/1188 1225/1280/1190
f 1223/1278/1188 1222/1277/1187 1225/1280/1190
f 1226/1281/1191 1224/1279/1189 1225/1280/1190
f 1227/1282/1192 1220/1275/1185 1224/1279/1189
f 1222/1277/1187 1228/1283/1193 1225/1280/1190
f 1229/1284/1194 1224/1279/1189 1226/1281/1191
f 1230/1285/1195 1229/1284/1194 1226/1281/1191
f 1231/1286/1196 1227/1282/1192 1224/1279/1189
f 1229/1284/1194 1231/1286/1196 1224/1279/1189
f 1231/1286/1196 1232/1287/1197 1227/1282/1192
f 1232/1287/1197 1233/1288/1198 1227/1282/1192
f 1233/1288/1198 1218/1273/1183 1220/1275/1185
f 1227/1282/1192 1233/1288/1198 1220/1275/1185
f 1232/1287/1197 1234/1289/1199 1233/1288/1198
f 1235/1290/1200 1233/1288/1198 1234/1289/1199
f 1236/1291/1201 1235/1290/1200 1234/1289/1199
f 1235/1290/1200 1236/1291/1201 1237/1292/1202
f 1238/1293/1203 1235/1290/1200 1237/1292/1202
f 1237/1292/1202 1239/1294/1204 1238/1293/1203
f 1238/1293/1203 1239/1294/1204 1212/1267/1177
f 1239/1294/1204 1240/1295/1205 1212/1267/1177
f 1212/1267/1177 1240/1295/1205 1208/1263/1173
f 1240/1295/1205 1206/1261/1171 1208/1263/1173
f 1240/1295/1205 1241/1296/1206 1206/1261/1171
f 1241/1296/1206 1202/1257/1167 1206/1261/1171
f 1239/1294/1204 1237/1292/1202 1242/1297/1207
f 1242/1297/1207 1237/1292/1202 1236/1291/1201
f 1243/1298/1208 1239/1294/1204 1242/1297/1207
f 1243/1298/1208 1241/1296/1206 1240/1295/1205
f 1239/1294/1204 1243/1298/1208 1240/1295/1205
f 1244/1299/1209 1242/1297/1207 1236/1291/1201
f 1245/1300/1210 1244/1299/1209 1236/1291/1201
f 1234/1289/1199 1245/1300/1210 1236/1291/1201
f 1234/1289/1199 1232/1287/1197 1245/1300/1210
f 1232/1287/1197 1246/1301/1211 1245/1300/1210
f 1246/1301/1211 1232/1287/1197 1231/1286/1196
f 1247/1302/1212 1246/1301/1211 1231/1286/1196
f 1247/1302/1212 1231/1286/1196 1229/1284/1194
f 1248/1303/1213 1247/1302/1212 1229/1284/1194
f 1248/1303/1213 1229/1284/1194 1230/1285/1195
f 1249/1304/1214 1248/1303/1213 1230/1285/1195
f 1250/1305/1215 1249/1304/1214 1230/1285/1195
f 1250/1305/1215 1251/1306/1216 1249/1304/1214
f 1251/1306/1216 1250/1305/1215 1252/1307/1217
f 1250/1305/1215 1085/1308/1050 1252/1307/1217
f 1253/1309/1218 1252/1307/1217 1085/1308/1050
f 1084/1310/1049 1253/1309/1218 1085/1308/1050
f 1253/1309/1218 1084/1310/1049 1254/1311/1219
f 1084/1310/1049 1088/1312/1053 1254/1311/1219
f 1255/1313/1220 1253/1309/1218 1254/1311/1219
f 1088/1312/1053 1256/1314/1221 1254/1311/1219
f 1256/1314/1221 1257/1315/1222 1254/1311/1219
f 1254/1311/1219 1257/1315/1222 1255/1313/1220
f 1257/1315/1222 1258/1316/1223 1255/1313/1220
f 1255/1313/1220 1258/1316/1223 1259/1317/1224
f 1258/1316/1223 1260/1318/1225 1259/1317/1224
f 1261/1319/1226 1259/1317/1224 1260/1318/1225
f 1262/1320/1227 1261/1319/1226 1260/1318/1225
f 1261/1319/1226 1262/1320/1227 1263/1321/1228
f 1262/1320/1227 1264/1322/1229 1263/1321/1228
f 1264/1322/1229 1262/1320/1227 1265/1323/1230
f 1266/1324/1231 1264/1322/1229 1265/1323/1230
f 1267/1325/1232 1264/1322/1229 1266/1324/1231
f 1264/1322/1229 1267/1325/1232 1263/1321/1228
f 1268/1326/1233 1267/1325/1232 1266/1324/1231
f 1267/1325/1232 1269/1327/1234 1263/1321/1228
f 1266/1324/1231 1265/1323/1230 1270/1328/1235
f 1271/1329/1236 1266/1324/1231 1270/1328/1235
f 1268/1326/1233 1266/1324/1231 1271/1329/1236
f 1272/1330/1237 1268/1326/1233 1271/1329/1236
f 1262/1320/1227 1260/1318/1225 1273/1331/1238
f 1265/1323/1230 1262/1320/1227 1273/1331/1238
f 1268/1326/1233 1274/1332/1239 1267/1325/1232
f 1268/1326/1233 1272/1330/1237 1274/1332/1239
f 1274/1332/1239 1275/1333/1240 1267/1325/1232
f 1267/1325/1232 1275/1333/1240 1269/1327/1234
f 1274/1332/1239 1276/1334/1241 1275/1333/1240
f 1276/1334/1241 1277/1335/1242 1275/1333/1240
f 1276/1334/1241 1278/1336/1243 1277/1335/1242
f 1279/1337/1244 1278/1336/1243 1276/1334/1241
f 1279/1337/1244 1280/1338/1245 1278/1336/1243
f 1280/1338/1245 1281/1339/1246 1278/1336/1243
f 1281/1339/1246 1280/1338/1245 1282/1340/1247
f 1280/1338/1245 1283/1341/1248 1282/1340/1247
f 1282/1340/1247 1283/1341/1248 1284/1342/1249
f 1283/1341/1248 1285/1343/1250 1284/1342/1249
f 1282/1340/1247 1286/1344/1251 1281/1339/1246
f 1286/1344/1251 1287/1345/1252 1281/1339/1246
f 1286/1344/1251 1288/1346/1253 1287/1345/1252
f 1289/1347/1254 1288/1346/1253 1286/1344/1251
f 1290/1348/1255 1289/1347/1254 1286/1344/1251
f 1282/1340/1247 1284/1342/1249 1290/1348/1255
f 1286/1344/1251 1282/1340/1247 1290/1348/1255
f 1288/1346/1253 1291/1349/1256 1287/1345/1252
f 1290/1348/1255 1284/1342/1249 1292/1350/1257
f 1284/1342/1249 1293/1351/1258 1292/1350/1257
f 1284/1342/1249 1285/1343/1250 1293/1351/1258
f 1292/1350/1257 1293/1351/1258 776/787/740
f 1293/1351/1258 777/788/741 776/787/740
f 1292/1350/1257 776/787/740 780/791/744
f 1294/1352/1259 1292/1350/1257 780/791/744
f 1290/1348/1255 1292/1350/1257 1294/1352/1259
f 1289/1347/1254 1290/1348/1255 1294/1352/1259
f 1295/1353/1260 777/788/741 1293/1351/1258
f 777/788/741 1295/1353/1260 1296/1354/1261
f 773/784/737 777/788/741 1296/1354/1261
f 773/784/737 1296/1354/1261 771/782/735
f 1297/1355/1262 1295/1353/1260 1293/1351/1258
f 1285/1343/1250 1297/1355/1262 1293/1351/1258
f 745/755/709 1295/1353/1260 1297/1355/1262
f 743/753/707 745/755/709 1297/1355/1262
f 743/753/707 1297/1355/1262 1285/1343/1250
f 771/782/735 1296/1354/1261 749/759/713
f 749/759/713 751/761/715 771/782/735
f 1296/1354/1261 747/757/711 749/759/713
f 1295/1353/1260 745/755/709 747/757/711
f 1296/1354/1261 1295/1353/1260 747/757/711
f 740/750/704 743/753/707 1285/1343/1250
f 738/748/702 740/750/704 1285/1343/1250
f 1283/1341/1248 738/748/702 1285/1343/1250
f 732/742/696 738/748/702 1283/1341/1248
f 1280/1338/1245 732/742/696 1283/1341/1248
f 732/742/696 1280/1338/1245 1279/1337/1244
f 729/739/693 732/742/696 1279/1337/1244
f 729/739/693 1279/1337/1244 1298/1356/1263
f 1298/1356/1263 1279/1337/1244 1276/1334/1241
f 1298/1356/1263 1276/1334/1241 1274/1332/1239
f 1299/1357/1264 1298/1356/1263 1274/1332/1239
f 1272/1330/1237 1299/1357/1264 1274/1332/1239
f 727/737/691 729/739/693 1298/1356/1263
f 1272/1330/1237 719/729/683 1299/1357/1264
f 719/729/683 725/735/689 1299/1357/1264
f 725/735/689 727/737/691 1298/1356/1263
f 1299/1357/1264 725/735/689 1298/1356/1263
f 719/729/683 1272/1330/1237 720/730/684
f 1272/1330/1237 1271/1329/1236 720/730/684
f 720/730/684 1271/1329/1236 722/732/686
f 1271/1329/1236 1270/1328/1235 722/732/686
f 724/734/688 722/732/686 1270/1328/1235
f 1300/1358/1265 724/734/688 1270/1328/1235
f 1270/1328/1235 1265/1323/1230 1300/1358/1265
f 1265/1323/1230 1273/1331/1238 1300/1358/1265
f 1300/1358/1265 1301/1359/1266 724/734/688
f 1301/1359/1266 1068/1115/1033 724/734/688
f 1068/1115/1033 1301/1359/1266 1069/1116/1034
f 1301/1359/1266 1302/1360/1267 1069/1116/1034
f 1069/1116/1034 1302/1360/1267 1065/1112/1030
f 1302/1360/1267 1071/1118/1036 1065/1112/1030
f 1071/1118/1036 1303/1361/1268 1072/1119/1037
f 1303/1361/1268 1304/1362/1269 1072/1119/1037
f 1304/1362/1269 1087/1134/1052 1072/1119/1037
f 1087/1134/1052 1304/1362/1269 1086/1133/1051
f 1304/1362/1269 1305/1363/1270 1086/1133/1051
f 1086/1133/1051 1305/1363/1270 1088/1135/1053
f 1305/1363/1270 1256/1364/1221 1088/1135/1053
f 775/786/739 772/783/736 1306/1365/1271
f 781/792/745 775/786/739 1306/1365/1271
f 1306/1365/1271 772/783/736 770/781/734
f 1307/1366/1272 1278/1336/1243 1281/1339/1246
f 1287/1345/1252 1307/1366/1272 1281/1339/1246
f 1308/1367/1273 1307/1366/1272 1287/1345/1252
f 1308/1367/1273 1309/1368/1274 1307/1366/1272
f 1309/1368/1274 1277/1335/1242 1307/1366/1272
f 1278/1336/1243 1307/1366/1272 1277/1335/1242
f 1291/1349/1256 1308/1367/1273 1287/1345/1252
f 1277/1335/1242 1309/1368/1274 1310/1369/1275
f 1275/1333/1240 1277/1335/1242 1310/1369/1275
f 1275/1333/1240 1310/1369/1275 1269/1327/1234
f 821/832/785 1269/1327/1234 1310/1369/1275
f 821/832/785 824/835/788 1269/1327/1234
f 824/835/788 1263/1321/1228 1269/1327/1234
f 824/835/788 825/836/789 1263/1321/1228
f 825/836/789 1261/1319/1226 1263/1321/1228
f 1261/1319/1226 825/836/789 1259/1317/1224
f 825/836/789 827/838/791 1259/1317/1224
f 1259/1317/1224 827/838/791 1255/1313/1220
f 827/838/791 829/840/793 1255/1313/1220
f 1253/1309/1218 1255/1313/1220 829/840/793
f 832/843/796 1253/1309/1218 829/840/793
f 1252/1307/1217 1253/1309/1218 832/843/796
f 833/844/797 1252/1307/1217 832/843/796
f 820/831/784 821/832/785 1310/1369/1275
f 1252/1307/1217 833/844/797 1251/1306/1216
f 833/844/797 1311/1370/1276 1251/1306/1216
f 1311/1370/1276 833/844/797 834/845/798
f 1312/1371/1277 1311/1370/1276 834/845/798
f 1311/1370/1276 1312/1371/1277 1313/1372/1278
f 1312/1371/1277 1314/1373/1279 1313/1372/1278
f 1314/1373/1279 1315/1374/1280 1313/1372/1278
f 1315/1374/1280 1316/1375/1281 1313/1372/1278
f 1201/1256/1166 1316/1375/1281 1315/1374/1280
f 1186/1241/1151 1201/1256/1166 1315/1374/1280
f 1186/1241/1151 1315/1374/1280 1176/1231/1141
f 1312/1371/1277 834/845/798 929/940/893
f 1185/1240/1150 1312/1371/1277 929/940/893
f 1312/1371/1277 1185/1240/1150 1184/1239/1149
f 1314/1373/1279 1312/1371/1277 1184/1239/1149
f 1184/1239/1149 1176/1231/1141 1315/1374/1280
f 1314/1373/1279 1184/1239/1149 1315/1374/1280
f 1316/1375/1281 1248/1303/1213 1313/1372/1278
f 1248/1303/1213 1249/1304/1214 1313/1372/1278
f 1249/1304/1214 1251/1306/1216 1311/1370/1276
f 1313/1372/1278 1249/1304/1214 1311/1370/1276
f 1247/1302/1212 1248/1303/1213 1316/1375/1281
f 1201/1256/1166 1247/1302/1212 1316/1375/1281
f 1246/1301/1211 1247/1302/1212 1201/1256/1166
f 1188/1243/1153 1246/1301/1211 1201/1256/1166
f 1245/1300/1210 1246/1301/1211 1188/1243/1153
f 1189/1244/1154 1245/1300/1210 1188/1243/1153
f 1189/1244/1154 1191/1246/1156 1245/1300/1210
f 1191/1246/1156 1244/1299/1209 1245/1300/1210
f 1244/1299/1209 1191/1246/1156 1242/1297/1207
f 1191/1246/1156 1193/1248/1158 1242/1297/1207
f 1243/1298/1208 1242/1297/1207 1193/1248/1158
f 1196/1251/1161 1243/1298/1208 1193/1248/1158
f 1241/1296/1206 1243/1298/1208 1196/1251/1161
f 1198/1253/1163 1241/1296/1206 1196/1251/1161
f 1202/1257/1167 1241/1296/1206 1198/1253/1163
f 1306/1376/1271 1318/1377/1282 1317/1378/1283
f 781/1379/745 1306/1376/1271 1317/1378/1283
f 781/1379/745 1317/1378/1283 783/1380/747
f 1317/1378/1283 1319/1381/1284 783/1380/747
f 1319/1381/1284 1320/1382/1285 783/1380/747
f 1320/1382/1285 785/1383/749 783/1380/747
f 1306/1376/1271 770/1384/734 1318/1377/1282
f 770/1384/734 1321/1385/1286 1318/1377/1282
f 770/1384/734 769/1386/733 1321/1385/1286
f 769/1386/733 1322/1387/1287 1321/1385/1286
f 785/1383/749 1320/1382/1285 1323/1388/1288
f 792/1389/756 785/1383/749 1323/1388/1288
f 792/1389/756 1323/1388/1288 1324/1390/1289
f 1103/1391/1068 792/1389/756 1324/1390/1289
f 1103/1391/1068 1324/1390/1289 1325/1392/1290
f 1102/1393/1067 1103/1391/1068 1325/1392/1290
f 1325/1392/1290 1326/1394/1291 1102/1393/1067
f 1326/1394/1291 1107/1395/1072 1102/1393/1067
f 1326/1394/1291 1327/1396/1292 1107/1395/1072
f 1327/1396/1292 1113/1397/1078 1107/1395/1072
f 1113/1397/1078 1327/1396/1292 1130/1398/1095
f 1327/1396/1292 1328/1399/1293 1130/1398/1095
f 1130/1398/1095 1328/1399/1293 1322/1400/1287
f 769/1401/733 1130/1398/1095 1322/1400/1287
f 1322/1400/1287 1328/1399/1293 1329/1402/1294
f 1330/1403/1295 1322/1400/1287 1329/1402/1294
f 1330/1403/1295 1329/1402/1294 1331/1404/1296
f 1332/1405/1297 1330/1403/1295 1331/1404/1296
f 1332/1405/1297 1331/1404/1296 1333/1406/1298
f 1334/1407/1299 1332/1405/1297 1333/1406/1298
f 1333/1406/1298 1331/1404/1296 1335/1408/1300
f 1331/1404/1296 1336/1409/1301 1335/1408/1300
f 1331/1404/1296 1329/1402/1294 1336/1409/1301
f 1335/1408/1300 1336/1409/1301 1337/1410/1302
f 1336/1409/1301 1338/1411/1303 1337/1410/1302
f 1337/1410/1302 1338/1411/1303 1339/1412/1304
f 1338/1411/1303 1340/1413/1305 1339/1412/1304
f 1339/1412/1304 1340/1413/1305 1341/1414/1306
f 1340/1413/1305 1342/1415/1307 1341/1414/1306
f 1341/1414/1306 1342/1415/1307 1343/1416/1308
f 1342/1415/1307 1344/1417/1309 1343/1416/1308
f 1343/1416/1308 1344/1417/1309 1345/1418/1310
f 1344/1417/1309 1346/1419/1311 1345/1418/1310
f 1345/1418/1310 1346/1419/1311 1347/1420/1312
f 1346/1419/1311 1348/1421/1313 1347/1420/1312
f 1347/1420/1312 1348/1421/1313 1349/1422/1314
f 1348/1421/1313 1350/1423/1315 1349/1422/1314
f 1349/1422/1314 1350/1423/1315 1351/1424/1316
f 1350/1423/1315 1352/1425/1317 1351/1424/1316
f 1351/1424/1316 1352/1425/1317 1353/1426/1318
f 1352/1425/1317 1354/1427/1319 1353/1426/1318
f 1353/1426/1318 1354/1427/1319 1334/1428/1299
f 1354/1427/1319 1332/1429/1297 1334/1428/1299
f 1344/1417/1309 1355/1430/1320 1346/1419/1311
f 1355/1430/1320 1356/1431/1321 1346/1419/1311
f 1346/1419/1311 1356/1431/1321 1348/1421/1313
f 1356/1431/1321 1357/1432/1322 1348/1421/1313
f 1348/1421/1313 1357/1432/1322 1350/1423/1315
f 1357/1432/1322 1358/1433/1323 1350/1423/1315
f 1350/1423/1315 1358/1433/1323 1352/1425/1317
f 1358/1433/1323 1359/1434/1324 1352/1425/1317
f 1352/1425/1317 1359/1434/1324 1354/1427/1319
f 1359/1434/1324 1360/1435/1325 1354/1427/1319
f 1354/1427/1319 1360/1435/1325 1332/1429/1297
f 1360/1435/1325 1330/1436/1295 1332/1429/1297
f 1349/1422/1314 1351/1424/1316 1361/1437/1326
f 1362/1438/1327 1349/1422/1314 1361/1437/1326
f 1362/1438/1327 1361/1437/1326 1363/1439/1328
f 1364/1440/1329 1362/1438/1327 1363/1439/1328
f 1365/1441/1330 1362/1438/1327 1364/1440/1329
f 1366/1442/1331 1365/1441/1330 1364/1440/1329
f 1367/1443/1332 1365/1441/1330 1366/1442/1331
f 1368/1444/1333 1367/1443/1332 1366/1442/1331
f 1369/1445/1334 1367/1443/1332 1368/1444/1333
f 1370/1446/1335 1369/1445/1334 1368/1444/1333
f 1363/1439/1328 1361/1437/1326 1371/1447/1336
f 1361/1437/1326 1372/1448/1337 1371/1447/1336
f 1371/1447/1336 1372/1448/1337 1373/1449/1338
f 1372/1448/1337 1374/1450/1339 1373/1449/1338
f 1375/1451/1340 1369/1445/1334 1370/1446/1335
f 1376/1452/1341 1375/1451/1340 1370/1446/1335
f 1377/1453/1342 1375/1451/1340 1376/1452/1341
f 1378/1454/1343 1377/1453/1342 1376/1452/1341
f 1379/1455/1344 1377/1453/1342 1378/1454/1343
f 1380/1456/1345 1379/1455/1344 1378/1454/1343
f 1381/1457/1346 1379/1455/1344 1380/1456/1345
f 1382/1458/1347 1381/1457/1346 1380/1456/1345
f 1383/1459/1348 1381/1457/1346 1382/1458/1347
f 1384/1460/1349 1383/1459/1348 1382/1458/1347
f 1374/1461/1339 1383/1459/1348 1384/1460/1349
f 1373/1462/1338 1374/1461/1339 1384/1460/1349
f 1372/1448/1337 1353/1426/1318 1374/1450/1339
f 1351/1424/1316 1353/1426/1318 1372/1448/1337
f 1353/1426/1318 1334/1428/1299 1374/1450/1339
f 1374/1461/1339 1334/1407/1299 1383/1459/1348
f 1334/1407/1299 1333/1406/1298 1383/1459/1348
f 1383/1459/1348 1333/1406/1298 1381/1457/1346
f 1333/1406/1298 1335/1408/1300 1381/1457/1346
f 1381/1457/1346 1335/1408/1300 1379/1455/1344
f 1335/1408/1300 1337/1410/1302 1379/1455/1344
f 1379/1455/1344 1337/1410/1302 1377/1453/1342
f 1337/1410/1302 1339/1412/1304 1377/1453/1342
f 1377/1453/1342 1339/1412/1304 1375/1451/1340
f 1339/1412/1304 1341/1414/1306 1375/1451/1340
f 1375/1451/1340 1341/1414/1306 1369/1445/1334
f 1341/1414/1306 1343/1416/1308 1369/1445/1334
f 1369/1445/1334 1343/1416/1308 1367/1443/1332
f 1343/1416/1308 1345/1418/1310 1367/1443/1332
f 1367/1443/1332 1345/1418/1310 1365/1441/1330
f 1345/1418/1310 1347/1420/1312 1365/1441/1330
f 1365/1441/1330 1347/1420/1312 1362/1438/1327
f 1347/1420/1312 1349/1422/1314 1362/1438/1327
f 1387/1463/1350 1386/1464/1351 1385/1465/1352
f 1388/1466/1353 1387/1463/1350 1385/1465/1352
f 1385/1465/1352 1386/1464/1351 1389/1467/1354
f 1386/1464/1351 1390/1468/1355 1389/1467/1354
f 1389/1467/1354 1390/1468/1355 1391/1469/1356
f 1390/1468/1355 1392/1470/1357 1391/1469/1356
f 1391/1469/1356 1392/1470/1357 1393/1471/1358
f 1392/1470/1357 1394/1472/1359 1393/1471/1358
f 1393/1471/1358 1394/1472/1359 1395/1473/1360
f 1394/1472/1359 1396/1474/1361 1395/1473/1360
f 1395/1473/1360 1396/1474/1361 1397/1475/1362
f 1396/1474/1361 1398/1476/1363 1397/1475/1362
f 1387/1463/1350 1399/1477/1364 1386/1464/1351
f 1399/1477/1364 1400/1478/1365 1386/1464/1351
f 1386/1464/1351 1400/1478/1365 1390/1468/1355
f 1399/1477/1364 1401/1479/1366 1400/1478/1365
f 1401/1479/1366 1402/1480/1367 1400/1478/1365
f 1400/1478/1365 1402/1480/1367 1403/1481/1368
f 1400/1478/1365 1403/1481/1368 1390/1468/1355
f 1390/1468/1355 1403/1481/1368 1392/1470/1357
f 1402/1480/1367 1404/1482/1369 1403/1481/1368
f 1403/1481/1368 1404/1482/1369 1405/1483/1370
f 1403/1481/1368 1405/1483/1370 1392/1470/1357
f 1392/1470/1357 1405/1483/1370 1394/1472/1359
f 1404/1482/1369 1406/1484/1371 1405/1483/1370
f 1405/1483/1370 1406/1484/1371 1407/1485/1372
f 1405/1483/1370 1407/1485/1372 1394/1472/1359
f 1394/1472/1359 1407/1485/1372 1396/1474/1361
f 1406/1484/1371 1408/1486/1373 1407/1485/1372
f 1407/1485/1372 1408/1486/1373 1409/1487/1374
f 1407/1485/1372 1409/1487/1374 1396/1474/1361
f 1396/1474/1361 1409/1487/1374 1398/1476/1363
f 1408/1486/1373 1410/1488/1375 1409/1487/1374
f 1409/1487/1374 1410/1488/1375 1411/1489/1376
f 1409/1487/1374 1411/1489/1376 1398/1476/1363
f 1410/1488/1375 1412/1490/1377 1411/1489/1376
f 1413/1491/1378 1401/1479/1366 1399/1477/1364
f 1414/1492/1379 1413/1491/1378 1399/1477/1364
f 1415/1493/1380 1413/1491/1378 1414/1492/1379
f 1416/1494/1381 1415/1493/1380 1414/1492/1379
f 1417/1495/1382 1415/1493/1380 1416/1494/1381
f 1418/1496/1383 1417/1495/1382 1416/1494/1381
f 1419/1497/1384 1417/1495/1382 1418/1496/1383
f 1420/1498/1385 1419/1497/1384 1418/1496/1383
f 1421/1499/1386 1419/1497/1384 1420/1498/1385
f 1422/1500/1387 1421/1499/1386 1420/1498/1385
f 1412/1501/1377 1421/1499/1386 1422/1500/1387
f 1411/1502/1376 1412/1501/1377 1422/1500/1387
f 1411/1502/1376 1422/1500/1387 1423/1503/1388
f 1398/1504/1363 1411/1502/1376 1423/1503/1388
f 1398/1504/1363 1423/1503/1388 1424/1505/1389
f 1397/1506/1362 1398/1504/1363 1424/1505/1389
f 1424/1505/1389 1423/1503/1388 1425/1507/1390
f 1423/1503/1388 1426/1508/1391 1425/1507/1390
f 1422/1500/1387 1420/1498/1385 1426/1508/1391
f 1423/1503/1388 1422/1500/1387 1426/1508/1391
f 1425/1507/1390 1426/1508/1391 1427/1509/1392
f 1426/1508/1391 1428/1510/1393 1427/1509/1392
f 1420/1498/1385 1418/1496/1383 1428/1510/1393
f 1426/1508/1391 1420/1498/1385 1428/1510/1393
f 1427/1509/1392 1428/1510/1393 1429/1511/1394
f 1428/1510/1393 1430/1512/1395 1429/1511/1394
f 1429/1511/1394 1430/1512/1395 1431/1513/1396
f 1430/1512/1395 1432/1514/1397 1431/1513/1396
f 1431/1513/1396 1432/1514/1397 1388/1515/1353
f 1432/1514/1397 1387/1516/1350 1388/1515/1353
f 1428/1510/1393 1418/1496/1383 1430/1512/1395
f 1418/1496/1383 1416/1494/1381 1430/1512/1395
f 1430/1512/1395 1416/1494/1381 1432/1514/1397
f 1416/1494/1381 1414/1492/1379 1432/1514/1397
f 1432/1514/1397 1414/1492/1379 1387/1516/1350
f 1414/1492/1379 1399/1477/1364 1387/1516/1350
f 1397/1506/1362 1424/1505/1389 1433/1517/1398
f 1434/1518/1399 1397/1506/1362 1433/1517/1398
f 1424/1505/1389 1425/1507/1390 1433/1517/1398
f 1433/1517/1398 1425/1507/1390 1435/1519/1400
f 1425/1507/1390 1427/1509/1392 1435/1519/1400
f 1431/1513/1396 1388/1515/1353 1436/1520/1401
f 1437/1521/1402 1431/1513/1396 1436/1520/1401
f 1427/1509/1392 1429/1511/1394 1437/1521/1402
f 1435/1522/1400 1427/1509/1392 1437/1521/1402
f 1429/1511/1394 1431/1513/1396 1437/1521/1402
f 1433/1517/1398 1435/1519/1400 1438/1523/1403
f 1434/1518/1399 1433/1517/1398 1438/1523/1403
f 1437/1521/1402 1436/1520/1401 1438/1524/1403
f 1435/1522/1400 1437/1521/1402 1438/1524/1403
f 1329/1402/1294 1439/1525/1404 1336/1409/1301
f 1336/1409/1301 1439/1525/1404 1338/1411/1303
f 1439/1525/1404 1440/1526/1405 1338/1411/1303
f 1338/1411/1303 1440/1526/1405 1340/1413/1305
f 1440/1526/1405 1441/1527/1406 1340/1413/1305
f 1340/1413/1305 1441/1527/1406 1342/1415/1307
f 1441/1527/1406 1442/1528/1407 1342/1415/1307
f 1342/1415/1307 1442/1528/1407 1344/1417/1309
f 1442/1528/1407 1355/1430/1320 1344/1417/1309
f 1329/1402/1294 1328/1399/1293 1439/1525/1404
f 1328/1399/1293 1327/1396/1292 1439/1525/1404
f 1439/1525/1404 1327/1396/1292 1440/1526/1405
f 1327/1396/1292 1326/1394/1291 1440/1526/1405
f 1440/1526/1405 1326/1394/1291 1441/1527/1406
f 1326/1394/1291 1325/1392/1290 1441/1527/1406
f 1441/1527/1406 1325/1392/1290 1442/1528/1407
f 1325/1392/1290 1324/1390/1289 1442/1528/1407
f 1442/1528/1407 1324/1390/1289 1355/1430/1320
f 1324/1390/1289 1323/1388/1288 1355/1430/1320
f 1355/1430/1320 1323/1388/1288 1356/1431/1321
f 1323/1388/1288 1320/1382/1285 1356/1431/1321
f 1356/1431/1321 1320/1382/1285 1357/1432/1322
f 1320/1382/1285 1319/1381/1284 1357/1432/1322
f 1357/1432/1322 1319/1381/1284 1358/1433/1323
f 1319/1381/1284 1317/1378/1283 1358/1433/1323
f 1358/1433/1323 1317/1378/1283 1359/1434/1324
f 1317/1378/1283 1318/1377/1282 1359/1434/1324
f 1359/1434/1324 1318/1377/1282 1360/1435/1325
f 1318/1377/1282 1321/1385/1286 1360/1435/1325
f 1360/1435/1325 1321/1385/1286 1330/1436/1295
f 1321/1385/1286 1322/1387/1287 1330/1436/1295
f 1361/1437/1326 1351/1424/1316 1372/1448/1337
f 1370/1446/1335 1368/1444/1333 1402/1480/1367
f 1401/1479/1366 1370/1446/1335 1402/1480/1367
f 1402/1480/1367 1368/1444/1333 1404/1482/1369
f 1368/1444/1333 1366/1442/1331 1404/1482/1369
f 1404/1482/1369 1366/1442/1331 1406/1484/1371
f 1366/1442/1331 1364/1440/1329 1406/1484/1371
f 1406/1484/1371 1364/1440/1329 1408/1486/1373
f 1364/1440/1329 1363/1439/1328 1408/1486/1373
f 1408/1486/1373 1363/1439/1328 1410/1488/1375
f 1363/1439/1328 1371/1447/1336 1410/1488/1375
f 1410/1488/1375 1371/1447/1336 1412/1490/1377
f 1371/1447/1336 1373/1449/1338 1412/1490/1377
f 1376/1452/1341 1370/1446/1335 1401/1479/1366
f 1413/1491/1378 1376/1452/1341 1401/1479/1366
f 1378/1454/1343 1376/1452/1341 1413/1491/1378
f 1415/1493/1380 1378/1454/1343 1413/1491/1378
f 1380/1456/1345 1378/1454/1343 1415/1493/1380
f 1417/1495/1382 1380/1456/1345 1415/1493/1380
f 1382/1458/1347 1380/1456/1345 1417/1495/1382
f 1419/1497/1384 1382/1458/1347 1417/1495/1382
f 1384/1460/1349 1382/1458/1347 1419/1497/1384
f 1421/1499/1386 1384/1460/1349 1419/1497/1384
f 1373/1462/1338 1384/1460/1349 1421/1499/1386
f 1412/1501/1377 1373/1462/1338 1421/1499/1386
f 1388/1466/1353 1385/1465/1352 1443/1529/1408
f 1436/1530/1401 1388/1466/1353 1443/1529/1408
f 1385/1465/1352 1389/1467/1354 1443/1529/1408
f 1443/1529/1408 1389/1467/1354 1444/1531/1409
f 1389/1467/1354 1391/1469/1356 1444/1531/1409
f 1438/1532/1403 1436/1530/1401 1443/1529/1408
f 1444/1531/1409 1438/1532/1403 1443/1529/1408
f 1391/1469/1356 1393/1471/1358 1445/1533/1410
f 1444/1534/1409 1391/1469/1356 1445/1533/1410
f 1393/1471/1358 1395/1473/1360 1445/1533/1410
f 1445/1533/1410 1395/1473/1360 1434/1535/1399
f 1395/1473/1360 1397/1475/1362 1434/1535/1399
f 1445/1533/1410 1434/1535/1399 1438/1536/1403
f 1444/1534/1409 1445/1533/1410 1438/1536/1403
f 1273/1537/1238 1260/1538/1225 1446/1539/1411
f 1447/1540/1412 1273/1537/1238 1446/1539/1411
f 1446/1539/1411 1260/1538/1225 1258/1541/1223
f 1448/1542/1413 1446/1539/1411 1258/1541/1223
f 1449/1543/1414 1448/1542/1413 1258/1541/1223
f 1257/1544/1222 1449/1543/1414 1258/1541/1223
f 1300/1545/1265 1273/1537/1238 1447/1540/1412
f 1450/1546/1415 1300/1545/1265 1447/1540/1412
f 1301/1547/1266 1300/1545/1265 1450/1546/1415
f 1451/1548/1416 1301/1547/1266 1450/1546/1415
f 1449/1543/1414 1257/1544/1222 1452/1549/1417
f 1257/1544/1222 1256/1550/1221 1452/1549/1417
f 1452/1549/1417 1256/1550/1221 1453/1551/1418
f 1256/1550/1221 1305/1552/1270 1453/1551/1418
f 1453/1551/1418 1305/1552/1270 1454/1553/1419
f 1305/1552/1270 1304/1554/1269 1454/1553/1419
f 1455/1555/1420 1454/1553/1419 1304/1554/1269
f 1303/1556/1268 1455/1555/1420 1304/1554/1269
f 1456/1557/1421 1455/1555/1420 1303/1556/1268
f 1071/1558/1036 1456/1557/1421 1303/1556/1268
f 1456/1557/1421 1071/1558/1036 1302/1559/1267
f 1457/1560/1422 1456/1557/1421 1302/1559/1267
f 1457/1560/1422 1302/1559/1267 1451/1561/1416
f 1302/1559/1267 1301/1562/1266 1451/1561/1416
f 1457/1560/1422 1451/1561/1416 1458/1563/1423
f 1451/1561/1416 1459/1564/1424 1458/1563/1423
f 1458/1563/1423 1459/1564/1424 1460/1565/1425
f 1459/1564/1424 1461/1566/1426 1460/1565/1425
f 1460/1565/1425 1461/1566/1426 1462/1567/1427
f 1461/1566/1426 1463/1568/1428 1462/1567/1427
f 1460/1565/1425 1462/1567/1427 1464/1569/1429
f 1465/1570/1430 1460/1565/1425 1464/1569/1429
f 1458/1563/1423 1460/1565/1425 1465/1570/1430
f 1465/1570/1430 1464/1569/1429 1466/1571/1431
f 1467/1572/1432 1465/1570/1430 1466/1571/1431
f 1467/1572/1432 1466/1571/1431 1468/1573/1433
f 1469/1574/1434 1467/1572/1432 1468/1573/1433
f 1469/1574/1434 1468/1573/1433 1470/1575/1435
f 1471/1576/1436 1469/1574/1434 1470/1575/1435
f 1471/1576/1436 1470/1575/1435 1472/1577/1437
f 1473/1578/1438 1471/1576/1436 1472/1577/1437
f 1473/1578/1438 1472/1577/1437 1474/1579/1439
f 1475/1580/1440 1473/1578/1438 1474/1579/1439
f 1475/1580/1440 1474/1579/1439 1476/1581/1441
f 1477/1582/1442 1475/1580/1440 1476/1581/1441
f 1477/1582/1442 1476/1581/1441 1478/1583/1443
f 1479/1584/1444 1477/1582/1442 1478/1583/1443
f 1479/1584/1444 1478/1583/1443 1480/1585/1445
f 1481/1586/1446 1479/1584/1444 1480/1585/1445
f 1481/1586/1446 1480/1585/1445 1482/1587/1447
f 1483/1588/1448 1481/1586/1446 1482/1587/1447
f 1483/1588/1448 1482/1587/1447 1463/1589/1428
f 1461/1590/1426 1483/1588/1448 1463/1589/1428
f 1484/1591/1449 1473/1578/1438 1475/1580/1440
f 1485/1592/1450 1484/1591/1449 1475/1580/1440
f 1485/1592/1450 1475/1580/1440 1477/1582/1442
f 1486/1593/1451 1485/1592/1450 1477/1582/1442
f 1486/1593/1451 1477/1582/1442 1479/1584/1444
f 1487/1594/1452 1486/1593/1451 1479/1584/1444
f 1487/1594/1452 1479/1584/1444 1481/1586/1446
f 1488/1595/1453 1487/1594/1452 1481/1586/1446
f 1488/1595/1453 1481/1586/1446 1483/1588/1448
f 1489/1596/1454 1488/1595/1453 1483/1588/1448
f 1489/1596/1454 1483/1588/1448 1461/1590/1426
f 1459/1597/1424 1489/1596/1454 1461/1590/1426
f 1480/1585/1445 1478/1583/1443 1490/1598/1455
f 1478/1583/1443 1491/1599/1456 1490/1598/1455
f 1490/1598/1455 1491/1599/1456 1492/1600/1457
f 1491/1599/1456 1493/1601/1458 1492/1600/1457
f 1491/1599/1456 1494/1602/1459 1493/1601/1458
f 1494/1602/1459 1495/1603/1460 1493/1601/1458
f 1494/1602/1459 1496/1604/1461 1495/1603/1460
f 1496/1604/1461 1497/1605/1462 1495/1603/1460
f 1496/1604/1461 1498/1606/1463 1497/1605/1462
f 1498/1606/1463 1499/1607/1464 1497/1605/1462
f 1490/1598/1455 1492/1600/1457 1500/1608/1465
f 1501/1609/1466 1490/1598/1455 1500/1608/1465
f 1501/1609/1466 1500/1608/1465 1502/1610/1467
f 1503/1611/1468 1501/1609/1466 1502/1610/1467
f 1498/1606/1463 1504/1612/1469 1499/1607/1464
f 1504/1612/1469 1505/1613/1470 1499/1607/1464
f 1504/1612/1469 1506/1614/1471 1505/1613/1470
f 1506/1614/1471 1507/1615/1472 1505/1613/1470
f 1506/1614/1471 1508/1616/1473 1507/1615/1472
f 1508/1616/1473 1509/1617/1474 1507/1615/1472
f 1508/1616/1473 1510/1618/1475 1509/1617/1474
f 1510/1618/1475 1511/1619/1476 1509/1617/1474
f 1510/1618/1475 1512/1620/1477 1511/1619/1476
f 1512/1620/1477 1513/1621/1478 1511/1619/1476
f 1512/1620/1477 1503/1622/1468 1513/1621/1478
f 1503/1622/1468 1502/1623/1467 1513/1621/1478
f 1482/1587/1447 1501/1609/1466 1503/1611/1468
f 1482/1587/1447 1480/1585/1445 1501/1609/1466
f 1463/1589/1428 1482/1587/1447 1503/1611/1468
f 1463/1568/1428 1503/1622/1468 1512/1620/1477
f 1462/1567/1427 1463/1568/1428 1512/1620/1477
f 1462/1567/1427 1512/1620/1477 1510/1618/1475
f 1464/1569/1429 1462/1567/1427 1510/1618/1475
f 1464/1569/1429 1510/1618/1475 1508/1616/1473
f 1466/1571/1431 1464/1569/1429 1508/1616/1473
f 1466/1571/1431 1508/1616/1473 1506/1614/1471
f 1468/1573/1433 1466/1571/1431 1506/1614/1471
f 1468/1573/1433 1506/1614/1471 1504/1612/1469
f 1470/1575/1435 1468/1573/1433 1504/1612/1469
f 1470/1575/1435 1504/1612/1469 1498/1606/1463
f 1472/1577/1437 1470/1575/1435 1498/1606/1463
f 1472/1577/1437 1498/1606/1463 1496/1604/1461
f 1474/1579/1439 1472/1577/1437 1496/1604/1461
f 1474/1579/1439 1496/1604/1461 1494/1602/1459
f 1476/1581/1441 1474/1579/1439 1494/1602/1459
f 1476/1581/1441 1494/1602/1459 1491/1599/1456
f 1478/1583/1443 1476/1581/1441 1491/1599/1456
f 1516/1624/1479 1515/1625/1480 1514/1626/1481
f 1517/1627/1482 1516/1624/1479 1514/1626/1481
f 1517/1627/1482 1514/1626/1481 1518/1628/1483
f 1519/1629/1484 1517/1627/1482 1518/1628/1483
f 1519/1629/1484 1518/1628/1483 1520/1630/1485
f 1521/1631/1486 1519/1629/1484 1520/1630/1485
f 1521/1631/1486 1520/1630/1485 1522/1632/1487
f 1523/1633/1488 1521/1631/1486 1522/1632/1487
f 1523/1633/1488 1522/1632/1487 1524/1634/1489
f 1525/1635/1490 1523/1633/1488 1524/1634/1489
f 1525/1635/1490 1524/1634/1489 1526/1636/1491
f 1527/1637/1492 1525/1635/1490 1526/1636/1491
f 1528/1638/1493 1516/1624/1479 1517/1627/1482
f 1529/1639/1494 1528/1638/1493 1517/1627/1482
f 1529/1639/1494 1517/1627/1482 1519/1629/1484
f 1530/1640/1495 1528/1638/1493 1529/1639/1494
f 1531/1641/1496 1530/1640/1495 1529/1639/1494
f 1531/1641/1496 1529/1639/1494 1532/1642/1497
f 1532/1642/1497 1529/1639/1494 1519/1629/1484
f 1532/1642/1497 1519/1629/1484 1521/1631/1486
f 1533/1643/1498 1531/1641/1496 1532/1642/1497
f 1533/1643/1498 1532/1642/1497 1534/1644/1499
f 1534/1644/1499 1532/1642/1497 1521/1631/1486
f 1534/1644/1499 1521/1631/1486 1523/1633/1488
f 1535/1645/1500 1533/1643/1498 1534/1644/1499
f 1535/1645/1500 1534/1644/1499 1536/1646/1501
f 1536/1646/1501 1534/1644/1499 1523/1633/1488
f 1536/1646/1501 1523/1633/1488 1525/1635/1490
f 1537/1647/1502 1535/1645/1500 1536/1646/1501
f 1537/1647/1502 1536/1646/1501 1538/1648/1503
f 1538/1648/1503 1536/1646/1501 1525/1635/1490
f 1538/1648/1503 1525/1635/1490 1527/1637/1492
f 1539/1649/1504 1537/1647/1502 1538/1648/1503
f 1539/1649/1504 1538/1648/1503 1540/1650/1505
f 1540/1650/1505 1538/1648/1503 1527/1637/1492
f 1541/1651/1506 1539/1649/1504 1540/1650/1505
f 1530/1640/1495 1542/1652/1507 1528/1638/1493
f 1542/1652/1507 1543/1653/1508 1528/1638/1493
f 1542/1652/1507 1544/1654/1509 1543/1653/1508
f 1544/1654/1509 1545/1655/1510 1543/1653/1508
f 1544/1654/1509 1546/1656/1511 1545/1655/1510
f 1546/1656/1511 1547/1657/1512 1545/1655/1510
f 1546/1656/1511 1548/1658/1513 1547/1657/1512
f 1548/1658/1513 1549/1659/1514 1547/1657/1512
f 1548/1658/1513 1550/1660/1515 1549/1659/1514
f 1550/1660/1515 1551/1661/1516 1549/1659/1514
f 1550/1660/1515 1541/1662/1506 1551/1661/1516
f 1541/1662/1506 1540/1663/1505 1551/1661/1516
f 1551/1661/1516 1540/1663/1505 1552/1664/1517
f 1540/1663/1505 1527/1665/1492 1552/1664/1517
f 1552/1664/1517 1527/1665/1492 1553/1666/1518
f 1527/1665/1492 1526/1667/1491 1553/1666/1518
f 1552/1664/1517 1553/1666/1518 1554/1668/1519
f 1555/1669/1520 1552/1664/1517 1554/1668/1519
f 1551/1661/1516 1552/1664/1517 1555/1669/1520
f 1549/1659/1514 1551/1661/1516 1555/1669/1520
f 1555/1669/1520 1554/1668/1519 1556/1670/1521
f 1557/1671/1522 1555/1669/1520 1556/1670/1521
f 1549/1659/1514 1555/1669/1520 1557/1671/1522
f 1547/1657/1512 1549/1659/1514 1557/1671/1522
f 1557/1671/1522 1556/1670/1521 1558/1672/1523
f 1559/1673/1524 1557/1671/1522 1558/1672/1523
f 1559/1673/1524 1558/1672/1523 1560/1674/1525
f 1561/1675/1526 1559/1673/1524 1560/1674/1525
f 1561/1675/1526 1560/1674/1525 1515/1676/1480
f 1516/1677/1479 1561/1675/1526 1515/1676/1480
f 1547/1657/1512 1557/1671/1522 1559/1673/1524
f 1545/1655/1510 1547/1657/1512 1559/1673/1524
f 1545/1655/1510 1559/1673/1524 1561/1675/1526
f 1543/1653/1508 1545/1655/1510 1561/1675/1526
f 1543/1653/1508 1561/1675/1526 1516/1677/1479
f 1528/1638/1493 1543/1653/1508 1516/1677/1479
f 1553/1666/1518 1526/1667/1491 1562/1678/1527
f 1554/1668/1519 1553/1666/1518 1562/1678/1527
f 1554/1668/1519 1562/1678/1527 1563/1679/1528
f 1556/1670/1521 1554/1668/1519 1563/1679/1528
f 1558/1672/1523 1556/1670/1521 1564/1680/1529
f 1560/1674/1525 1558/1672/1523 1564/1680/1529
f 1556/1670/1521 1563/1681/1528 1564/1680/1529
f 1560/1674/1525 1564/1680/1529 1565/1682/1530
f 1515/1676/1480 1560/1674/1525 1565/1682/1530
f 1563/1679/1528 1562/1678/1527 1566/1683/1531
f 1562/1678/1527 1567/1684/1532 1566/1683/1531
f 1526/1667/1491 1567/1684/1532 1562/1678/1527
f 1564/1680/1529 1563/1681/1528 1566/1685/1531
f 1565/1682/1530 1564/1680/1529 1566/1685/1531
f 1568/1686/1533 1458/1563/1423 1465/1570/1430
f 1568/1686/1533 1465/1570/1430 1467/1572/1432
f 1569/1687/1534 1568/1686/1533 1467/1572/1432
f 1569/1687/1534 1467/1572/1432 1469/1574/1434
f 1570/1688/1535 1569/1687/1534 1469/1574/1434
f 1570/1688/1535 1469/1574/1434 1471/1576/1436
f 1571/1689/1536 1570/1688/1535 1471/1576/1436
f 1571/1689/1536 1471/1576/1436 1473/1578/1438
f 1484/1591/1449 1571/1689/1536 1473/1578/1438
f 1457/1560/1422 1458/1563/1423 1568/1686/1533
f 1456/1557/1421 1457/1560/1422 1568/1686/1533
f 1456/1557/1421 1568/1686/1533 1569/1687/1534
f 1455/1555/1420 1456/1557/1421 1569/1687/1534
f 1455/1555/1420 1569/1687/1534 1570/1688/1535
f 1454/1553/1419 1455/1555/1420 1570/1688/1535
f 1454/1553/1419 1570/1688/1535 1571/1689/1536
f 1453/1551/1418 1454/1553/1419 1571/1689/1536
f 1453/1551/1418 1571/1689/1536 1484/1591/1449
f 1452/1549/1417 1453/1551/1418 1484/1591/1449
f 1452/1549/1417 1484/1591/1449 1485/1592/1450
f 1449/1543/1414 1452/1549/1417 1485/1592/1450
f 1449/1543/1414 1485/1592/1450 1486/1593/1451
f 1448/1542/1413 1449/1543/1414 1486/1593/1451
f 1448/1542/1413 1486/1593/1451 1487/1594/1452
f 1446/1539/1411 1448/1542/1413 1487/1594/1452
f 1446/1539/1411 1487/1594/1452 1488/1595/1453
f 1447/1540/1412 1446/1539/1411 1488/1595/1453
f 1447/1540/1412 1488/1595/1453 1489/1596/1454
f 1450/1546/1415 1447/1540/1412 1489/1596/1454
f 1450/1546/1415 1489/1596/1454 1459/1597/1424
f 1451/1548/1416 1450/1546/1415 1459/1597/1424
f 1480/1585/1445 1490/1598/1455 1501/1609/1466
f 1499/1607/1464 1530/1640/1495 1531/1641/1496
f 1497/1605/1462 1499/1607/1464 1531/1641/1496
f 1497/1605/1462 1531/1641/1496 1533/1643/1498
f 1495/1603/1460 1497/1605/1462 1533/1643/1498
f 1495/1603/1460 1533/1643/1498 1535/1645/1500
f 1493/1601/1458 1495/1603/1460 1535/1645/1500
f 1493/1601/1458 1535/1645/1500 1537/1647/1502
f 1492/1600/1457 1493/1601/1458 1537/1647/1502
f 1492/1600/1457 1537/1647/1502 1539/1649/1504
f 1500/1608/1465 1492/1600/1457 1539/1649/1504
f 1500/1608/1465 1539/1649/1504 1541/1651/1506
f 1502/1610/1467 1500/1608/1465 1541/1651/1506
f 1499/1607/1464 1505/1613/1470 1530/1640/1495
f 1505/1613/1470 1542/1652/1507 1530/1640/1495
f 1505/1613/1470 1507/1615/1472 1542/1652/1507
f 1507/1615/1472 1544/1654/1509 1542/1652/1507
f 1507/1615/1472 1509/1617/1474 1544/1654/1509
f 1509/1617/1474 1546/1656/1511 1544/1654/1509
f 1509/1617/1474 1511/1619/1476 1546/1656/1511
f 1511/1619/1476 1548/1658/1513 1546/1656/1511
f 1511/1619/1476 1513/1621/1478 1548/1658/1513
f 1513/1621/1478 1550/1660/1515 1548/1658/1513
f 1513/1621/1478 1502/1623/1467 1550/1660/1515
f 1502/1623/1467 1541/1662/1506 1550/1660/1515
f 1515/1625/1480 1565/1690/1530 1572/1691/1537
f 1514/1626/1481 1515/1625/1480 1572/1691/1537
f 1518/1628/1483 1514/1626/1481 1572/1691/1537
f 1518/1628/1483 1572/1691/1537 1573/1692/1538
f 1520/1630/1485 1518/1628/1483 1573/1692/1538
f 1566/1693/1531 1573/1692/1538 1572/1691/1537
f 1565/1690/1530 1566/1693/1531 1572/1691/1537
f 1520/1630/1485 1573/1694/1538 1574/1695/1539
f 1522/1632/1487 1520/1630/1485 1574/1695/1539
f 1524/1634/1489 1522/1632/1487 1574/1695/1539
f 1524/1634/1489 1574/1695/1539 1567/1696/1532
f 1526/1636/1491 1524/1634/1489 1567/1696/1532
f 1574/1695/1539 1573/1694/1538 1566/1697/1531
f 1567/1696/1532 1574/1695/1539 1566/1697/1531
f 1577/1698/1540 1576/1699/1541 1575/1700/1542
f 1578/1701/1543 1577/1698/1540 1575/1700/1542
f 1577/1698/1540 1579/1702/1544 1576/1699/1541
f 1579/1702/1544 1580/1703/1545 1576/1699/1541
f 1580/1703/1545 1581/1704/1546 1576/1699/1541
f 1582/1705/1547 1575/1700/1542 1576/1699/1541
f 1581/1704/1546 1582/1705/1547 1576/1699/1541
f 1582/1705/1547 1581/1704/1546 1583/1706/1548
f 1581/1704/1546 1584/1707/1549 1583/1706/1548
f 1581/1704/1546 1580/1703/1545 1584/1707/1549
f 1580/1703/1545 1585/1708/1550 1584/1707/1549
f 1585/1708/1550 657/1709/621 1584/1707/1549
f 657/1709/621 658/1710/622 1584/1707/1549
f 659/1711/623 1583/1706/1548 1584/1707/1549
f 658/1710/622 659/1711/623 1584/1707/1549
f 1579/1702/1544 1577/1698/1540 1586/1712/1551
f 1587/1713/1552 1579/1702/1544 1586/1712/1551
f 1588/1714/1553 1587/1713/1552 1586/1712/1551
f 1587/1713/1552 1588/1714/1553 1589/1715/1554
f 1590/1716/1555 1587/1713/1552 1589/1715/1554
f 668/1717/632 1590/1716/1555 1589/1715/1554
f 670/1718/634 668/1717/632 1589/1715/1554
f 671/1719/635 670/1718/634 1589/1715/1554
f 1591/1720/1556 671/1719/635 1589/1715/1554
f 1591/1720/1556 1589/1715/1554 1588/1714/1553
f 1592/1721/1557 1591/1720/1556 1588/1714/1553
f 1592/1721/1557 1588/1714/1553 1586/1712/1551
f 1593/1722/1558 1592/1721/1557 1586/1712/1551
f 1593/1722/1558 1586/1712/1551 1577/1698/1540
f 1578/1701/1543 1593/1722/1558 1577/1698/1540
f 668/1717/632 665/1723/629 1590/1716/1555
f 665/1723/629 1594/1724/1559 1590/1716/1555
f 1587/1713/1552 1590/1716/1555 1594/1724/1559
f 1594/1724/1559 665/1723/629 1585/1708/1550
f 665/1723/629 657/1709/621 1585/1708/1550
f 1594/1724/1559 1585/1708/1550 1580/1703/1545
f 1579/1702/1544 1594/1724/1559 1580/1703/1545
f 1579/1702/1544 1587/1713/1552 1594/1724/1559
f 671/1719/635 1591/1720/1556 644/1725/608
f 1591/1720/1556 1595/1726/1560 644/1725/608
f 1591/1720/1556 1592/1721/1557 1595/1726/1560
f 1592/1721/1557 1596/1727/1561 1595/1726/1560
f 1592/1721/1557 1593/1722/1558 1596/1727/1561
f 625/613/589 1595/1726/1560 1596/1727/1561
f 644/1725/608 1595/1726/1560 625/613/589
f 623/611/587 625/613/589 1596/1727/1561
f 627/615/591 644/1725/608 625/613/589
f 1593/1722/1558 1597/1728/1562 1596/1727/1561
f 1593/1722/1558 1578/1701/1543 1597/1728/1562
f 623/611/587 1596/1727/1561 1597/1728/1562
f 1578/1701/1543 1598/1729/1563 1597/1728/1562
f 1598/1729/1563 1578/1701/1543 1599/1730/1564
f 1578/1701/1543 1575/1700/1542 1599/1730/1564
f 1600/1731/1565 1599/1730/1564 1575/1700/1542
f 1582/1705/1547 1600/1731/1565 1575/1700/1542
f 1600/1731/1565 612/600/576 1599/1730/1564
f 612/600/576 613/599/575 1599/1730/1564
f 1598/1729/1563 1599/1730/1564 613/599/575
f 615/603/579 1598/1729/1563 613/599/575
f 1600/1731/1565 1582/1705/1547 1601/1732/1566
f 1582/1705/1547 1583/1706/1548 1601/1732/1566
f 675/1733/639 1601/1732/1566 1583/1706/1548
f 659/1711/623 675/1733/639 1583/1706/1548
f 675/1733/639 620/608/584 1601/1732/1566
f 620/608/584 618/606/582 1601/1732/1566
f 1600/1731/1565 1601/1732/1566 618/606/582
f 612/600/576 1600/1731/1565 618/606/582
f 615/603/579 621/609/585 1598/1729/1563
f 621/609/585 1597/1728/1562 1598/1729/1563
f 621/609/585 623/611/587 1597/1728/1562
f 671/681/635 644/654/608 645/655/609
f 820/831/784 1310/1369/1275 1309/1368/1274
f 818/829/782 820/831/784 1309/1368/1274
f 818/829/782 1309/1368/1274 1308/1367/1273
f 816/827/780 818/829/782 1308/1367/1273
f 816/827/780 1308/1367/1273 1291/1349/1256
f 802/813/766 816/827/780 1291/1349/1256
f 800/811/764 802/813/766 1291/1349/1256
f 1288/1346/1253 800/811/764 1291/1349/1256
f 799/810/763 800/811/764 1288/1346/1253
f 1289/1347/1254 799/810/763 1288/1346/1253
f 796/807/760 799/810/763 1289/1347/1254
f 1294/1352/1259 796/807/760 1289/1347/1254
f 794/805/758 796/807/760 1294/1352/1259
f 780/791/744 794/805/758 1294/1352/1259
f 806/817/770 793/804/757 778/789/742
f 779/790/743 806/817/770 778/789/742
f 806/817/770 779/790/743 782/793/746
f 807/818/771 806/817/770 782/793/746
f 807/818/771 782/793/746 784/795/748
f 810/821/774 807/818/771 784/795/748
f 810/821/774 784/795/748 811/822/775
f 784/795/748 787/798/751 811/822/775
f 811/822/775 787/798/751 814/825/778
f 787/798/751 791/802/755 814/825/778
f 814/825/778 791/802/755 1602/1734/1567
f 1205/1260/1170 1602/1734/1567 791/802/755
f 790/801/754 1205/1260/1170 791/802/755
f 1602/1734/1567 1205/1260/1170 1203/1258/1168
f 1602/1734/1567 1203/1258/1168 1603/1735/1568
f 1604/1736/1569 1602/1734/1567 1603/1735/1568
f 1604/1736/1569 814/825/778 1602/1734/1567
f 813/824/777 814/825/778 1604/1736/1569
f 1605/1737/1570 813/824/777 1604/1736/1569
f 1604/1736/1569 1603/1735/1568 1605/1737/1570
f 1603/1735/1568 1203/1258/1168 1199/1254/1164
f 1603/1735/1568 1199/1254/1164 1606/1738/1571
f 1603/1735/1568 1606/1738/1571 1605/1737/1570
f 1199/1254/1164 1200/1255/1165 1606/1738/1571
f 1200/1255/1165 1145/1200/1110 1606/1738/1571
f 1145/1200/1110 1607/1739/1572 1606/1738/1571
f 1606/1738/1571 1607/1739/1572 1605/1737/1570
f 1607/1739/1572 1145/1200/1110 1142/1197/1107
f 1142/1197/1107 1608/1740/1573 1607/1739/1572
f 1608/1740/1573 1609/1741/1574 1607/1739/1572
f 1607/1739/1572 1609/1741/1574 1605/1737/1570
f 1609/1741/1574 1608/1740/1573 1132/1187/1097
f 1131/1186/1096 1132/1187/1097 1608/1740/1573
f 1135/1190/1100 1131/1186/1096 1608/1740/1573
f 1608/1740/1573 1142/1197/1107 1135/1190/1100
f 1134/1189/1099 1609/1741/1574 1132/1187/1097
f 1605/1737/1570 1609/1741/1574 1134/1189/1099
f 813/824/777 1605/1737/1570 1134/1189/1099
f 921/932/885 930/941/894 912/923/876
f 949/1742/913 948/1743/912 1610/1744/1575
f 953/1745/917 949/1742/913 1610/1744/1575
f 1611/1746/1576 953/1745/917 1610/1744/1575
f 959/1747/923 953/1745/917 1611/1746/1576
f 1612/1748/1577 959/1747/923 1611/1746/1576
f 959/1747/923 1612/1748/1577 963/1749/927
f 1612/1748/1577 1613/1750/1578 963/1749/927
f 1612/1748/1577 1611/1746/1576 1614/1751/1579
f 1614/1751/1579 1611/1746/1576 1610/1744/1575
f 1615/1752/1580 1612/1748/1577 1614/1751/1579
f 1613/1750/1578 1612/1748/1577 1615/1752/1580
f 1615/1752/1580 1614/1751/1579 1616/1753/1581
f 1617/1754/1582 1615/1752/1580 1616/1753/1581
f 1615/1752/1580 1617/1754/1582 1618/1755/1583
f 1618/1755/1583 1613/1750/1578 1615/1752/1580
f 1617/1754/1582 1619/1756/1584 1618/1755/1583
f 1613/1750/1578 1618/1755/1583 1619/1756/1584
f 1617/1754/1582 1620/1757/1585 1619/1756/1584
f 1620/1757/1585 1621/1758/1586 1619/1756/1584
f 1622/1759/1587 1620/1757/1585 1617/1754/1582
f 1616/1753/1581 1622/1759/1587 1617/1754/1582
f 1620/1757/1585 1622/1759/1587 1623/1760/1588
f 1624/1761/1589 1620/1757/1585 1623/1760/1588
f 1625/1762/1590 1621/1758/1586 1620/1757/1585
f 1624/1761/1589 1625/1762/1590 1620/1757/1585
f 963/1749/927 1613/1750/1578 1626/1763/1591
f 1626/1763/1591 1613/1750/1578 1619/1756/1584
f 1626/1763/1591 1619/1756/1584 1621/1758/1586
f 969/1764/933 963/1749/927 1626/1763/1591
f 969/1764/933 1626/1763/1591 972/1765/936
f 1626/1763/1591 1627/1766/1592 972/1765/936
f 972/1765/936 1627/1766/1592 1043/1767/1008
f 1043/1767/1008 1627/1766/1592 1040/1768/1005
f 1627/1766/1592 1628/1769/1593 1040/1768/1005
f 1627/1766/1592 1626/1763/1591 1628/1769/1593
f 1040/1768/1005 1628/1769/1593 1629/1770/1594
f 1629/1770/1594 1628/1769/1593 1630/1771/1595
f 1631/1772/1596 1629/1770/1594 1630/1771/1595
f 1038/1773/1003 1040/1768/1005 1629/1770/1594
f 973/1774/937 972/1765/936 1043/1767/1008
f 1632/1775/1597 1630/1771/1595 1628/1769/1593
f 1633/1776/1598 1632/1775/1597 1628/1769/1593
f 1626/1763/1591 1633/1776/1598 1628/1769/1593
f 1631/1772/1596 1634/1777/1599 1629/1770/1594
f 1634/1777/1599 1635/1778/1600 1629/1770/1594
f 1629/1770/1594 1635/1778/1600 1038/1773/1003
f 1635/1778/1600 1634/1777/1599 1636/1779/1601
f 1637/1780/1602 1635/1778/1600 1636/1779/1601
f 1036/1781/1001 1635/1778/1600 1637/1780/1602
f 1635/1778/1600 1036/1781/1001 1038/1773/1003
f 1032/1782/999 1036/1781/1001 1637/1780/1602
f 1032/1782/999 1637/1780/1602 1638/1783/1603
f 1638/1783/1603 1637/1780/1602 1636/1779/1601
f 1035/1784/1000 1032/1782/999 1638/1783/1603
f 1034/1785/997 1035/1784/1000 1638/1783/1603
f 1639/1786/1604 1034/1785/997 1638/1783/1603
f 1639/1786/1604 1638/1783/1603 1636/1779/1601
f 1632/1775/1597 1633/1776/1598 1621/1758/1586
f 1625/1762/1590 1632/1775/1597 1621/1758/1586
f 1633/1776/1598 1626/1763/1591 1621/1758/1586
f 1634/1777/1599 1640/1787/1605 1636/1779/1601
f 1640/1787/1605 1641/1788/1606 1636/1779/1601
f 1640/1787/1605 1060/1789/1025 1641/1788/1606
f 1060/1789/1025 1061/1790/1026 1641/1788/1606
f 1641/1788/1606 1061/1790/1026 1642/1791/1607
f 1034/1785/997 1639/1786/1604 1642/1791/1607
f 1642/1791/1607 1639/1786/1604 1636/1779/1601
f 1641/1788/1606 1642/1791/1607 1636/1779/1601
f 1061/1790/1026 1062/1792/1027 1642/1791/1607
f 1062/1792/1027 1034/1785/997 1642/1791/1607
f 1060/1789/1025 1640/1787/1605 1059/1793/1024
f 1640/1787/1605 1643/1794/1608 1059/1793/1024
f 1058/1795/1023 1059/1793/1024 1643/1794/1608
f 1644/1796/1609 1058/1795/1023 1643/1794/1608
f 1644/1796/1609 1643/1794/1608 1630/1771/1595
f 1643/1794/1608 1631/1772/1596 1630/1771/1595
f 1644/1796/1609 1645/1797/1610 1058/1795/1023
f 1645/1797/1610 1056/1798/1021 1058/1795/1023
f 1645/1797/1610 981/1799/945 1056/1798/1021
f 981/1799/945 980/1800/944 1056/1798/1021
f 1630/1771/1595 1632/1775/1597 1644/1796/1609
f 1632/1775/1597 1646/1801/1611 1644/1796/1609
f 1647/1802/1612 1645/1797/1610 1644/1796/1609
f 1646/1801/1611 1647/1802/1612 1644/1796/1609
f 1645/1797/1610 1647/1802/1612 981/1799/945
f 1647/1802/1612 982/1803/946 981/1799/945
f 1634/1777/1599 1631/1772/1596 1643/1794/1608
f 1640/1787/1605 1634/1777/1599 1643/1794/1608
f 985/1804/949 982/1803/946 1647/1802/1612
f 1648/1805/1613 985/1804/949 1647/1802/1612
f 1648/1805/1613 1649/1806/1614 985/1804/949
f 1649/1806/1614 986/1807/950 985/1804/949
f 986/1807/950 1649/1806/1614 1650/1808/1615
f 1650/1808/1615 1649/1806/1614 1651/1809/1616
f 1649/1806/1614 1652/1810/1617 1651/1809/1616
f 1649/1806/1614 1648/1805/1613 1652/1810/1617
f 1651/1809/1616 1652/1810/1617 1653/1811/1618
f 1652/1810/1617 1654/1812/1619 1653/1811/1618
f 1654/1812/1619 1652/1810/1617 1655/1813/1620
f 1648/1805/1613 1655/1813/1620 1652/1810/1617
f 1656/1814/1621 1654/1812/1619 1655/1813/1620
f 1648/1805/1613 1647/1802/1612 1656/1814/1621
f 1655/1813/1620 1648/1805/1613 1656/1814/1621
f 1657/1815/1622 1654/1812/1619 1656/1814/1621
f 1658/1816/1623 1657/1815/1622 1656/1814/1621
f 1659/1817/1624 1653/1811/1618 1654/1812/1619
f 1657/1815/1622 1659/1817/1624 1654/1812/1619
f 988/1818/952 986/1807/950 1650/1808/1615
f 988/1818/952 1650/1808/1615 1660/1819/1625
f 990/1820/954 988/1818/952 1660/1819/1625
f 990/1820/954 1660/1819/1625 992/1821/956
f 1660/1819/1625 993/1822/1626 992/1821/956
f 1659/1817/1624 1657/1815/1622 1623/1760/1588
f 1657/1815/1622 1624/1761/1589 1623/1760/1588
f 1625/1762/1590 1624/1761/1589 1657/1815/1622
f 1658/1816/1623 1625/1762/1590 1657/1815/1622
f 1632/1775/1597 1625/1762/1590 1658/1816/1623
f 1646/1801/1611 1632/1775/1597 1658/1816/1623
f 1647/1802/1612 1646/1801/1611 1658/1816/1623
f 1656/1814/1621 1647/1802/1612 1658/1816/1623
f 992/1821/996 993/1822/1626 1661/1823/1627
f 1662/1824/1628 1661/1823/1627 993/1822/1626
f 1662/1824/1628 993/1822/1626 1663/1825/1629
f 993/1822/1626 1660/1819/1625 1663/1825/1629
f 1664/1826/1630 1662/1824/1628 1663/1825/1629
f 1664/1826/1630 1663/1825/1629 1665/1827/1631
f 1666/1828/1632 1664/1826/1630 1665/1827/1631
f 1667/1829/1633 1666/1828/1632 1665/1827/1631
f 1668/1830/1634 1667/1829/1633 1665/1827/1631
f 1667/1829/1633 1668/1830/1634 1669/1831/1635
f 1670/1832/1636 1667/1829/1633 1669/1831/1635
f 1671/1833/1637 1670/1832/1636 1669/1831/1635
f 1672/1834/1638 1671/1833/1637 1669/1831/1635
f 1671/1833/1637 1672/1834/1638 1673/1835/1639
f 1674/1836/1640 1671/1833/1637 1673/1835/1639
f 1675/1837/1641 1674/1836/1640 1673/1835/1639
f 1676/1838/1642 1675/1837/1641 1673/1835/1639
f 1677/1839/1643 1676/1838/1642 1673/1835/1639
f 1678/1840/1644 1676/1838/1642 1677/1839/1643
f 1679/1841/1645 1678/1840/1644 1677/1839/1643
f 948/1743/912 1679/1841/1645 1677/1839/1643
f 1024/1842/988 1679/1841/1645 948/1743/912
f 1670/1832/1636 1671/1833/1637 1157/1843/1122
f 1159/1844/1124 1670/1832/1636 1157/1843/1122
f 1671/1833/1637 1674/1836/1640 1156/1845/1121
f 1157/1843/1122 1671/1833/1637 1156/1845/1121
f 1674/1836/1640 1675/1837/1641 1156/1845/1121
f 1675/1837/1641 1676/1838/1642 1147/1846/1112
f 1676/1838/1642 1678/1840/1644 1147/1846/1112
f 1148/1847/1113 1675/1837/1641 1147/1846/1112
f 1675/1837/1641 1148/1847/1113 1156/1845/1121
f 1678/1840/1644 1679/1841/1645 1137/1848/1102
f 1139/1849/1104 1678/1840/1644 1137/1848/1102
f 1678/1840/1644 1139/1849/1104 1147/1846/1112
f 1679/1841/1645 1024/1842/988 860/1850/824
f 1137/1848/1102 1679/1841/1645 860/1850/824
f 948/1743/912 1677/1839/1643 1610/1744/1575
f 1677/1839/1643 1680/1851/1646 1610/1744/1575
f 1680/1851/1646 1614/1751/1579 1610/1744/1575
f 1616/1753/1581 1614/1751/1579 1680/1851/1646
f 1681/1852/1647 1616/1753/1581 1680/1851/1646
f 1622/1759/1587 1616/1753/1581 1681/1852/1647
f 1682/1853/1648 1622/1759/1587 1681/1852/1647
f 1682/1853/1648 1683/1854/1649 1622/1759/1587
f 1683/1854/1649 1623/1760/1588 1622/1759/1587
f 1683/1854/1649 1684/1855/1650 1623/1760/1588
f 1684/1855/1650 1659/1817/1624 1623/1760/1588
f 1659/1817/1624 1684/1855/1650 1653/1811/1618
f 1684/1855/1650 1685/1856/1651 1653/1811/1618
f 1651/1809/1616 1653/1811/1618 1685/1856/1651
f 1686/1857/1652 1651/1809/1616 1685/1856/1651
f 1650/1808/1615 1651/1809/1616 1686/1857/1652
f 1660/1819/1625 1650/1808/1615 1686/1857/1652
f 1660/1819/1625 1686/1857/1652 1663/1825/1629
f 1686/1857/1652 1685/1856/1651 1665/1827/1631
f 1663/1825/1629 1686/1857/1652 1665/1827/1631
f 1685/1856/1651 1684/1855/1650 1668/1830/1634
f 1665/1827/1631 1685/1856/1651 1668/1830/1634
f 1668/1830/1634 1684/1855/1650 1683/1854/1649
f 1669/1831/1635 1668/1830/1634 1683/1854/1649
f 1683/1854/1649 1682/1853/1648 1672/1834/1638
f 1669/1831/1635 1683/1854/1649 1672/1834/1638
f 1672/1834/1638 1682/1853/1648 1673/1835/1639
f 1682/1853/1648 1681/1852/1647 1673/1835/1639
f 1673/1835/1639 1681/1852/1647 1677/1839/1643
f 1681/1852/1647 1680/1851/1646 1677/1839/1643
f 1031/1858/995 992/1821/996 1661/1823/1627
f 917/1859/881 1031/1858/995 1661/1823/1627
f 925/1860/889 917/1859/881 1661/1823/1627
f 925/1860/889 1661/1823/1627 1180/1861/1145
f 1661/1823/1627 1662/1824/1628 1180/1861/1145
f 1180/1861/1145 1662/1824/1628 1179/1862/1144
f 1662/1824/1628 1664/1826/1630 1179/1862/1144
f 1664/1826/1630 1172/1863/1137 1179/1862/1144
f 1172/1863/1137 1664/1826/1630 1171/1864/1136
f 1664/1826/1630 1666/1828/1632 1171/1864/1136
f 1666/1828/1632 1163/1865/1128 1171/1864/1136
f 1163/1865/1128 1666/1828/1632 1161/1866/1126
f 1666/1828/1632 1667/1829/1633 1161/1866/1126
f 1161/1866/1126 1667/1829/1633 1670/1832/1636
f 1159/1844/1124 1161/1866/1126 1670/1832/1636
f 1689/1867/1653 1688/1868/1654 1687/1869/1655
f 1690/1870/1656 1689/1867/1653 1687/1869/1655
f 1690/1870/1656 1687/1869/1655 1691/1871/1657
f 1692/1872/1658 1690/1870/1656 1691/1871/1657
f 1689/1867/1653 1693/1873/1659 1688/1868/1654
f 1693/1873/1659 1694/1874/1660 1688/1868/1654
f 1694/1874/1660 1693/1873/1659 1695/1875/1661
f 1693/1873/1659 1696/1876/1662 1695/1875/1661
f 1689/1867/1653 1690/1870/1656 1697/1877/1663
f 1689/1867/1653 1697/1877/1663 1693/1873/1659
f 1690/1870/1656 1698/1878/1664 1697/1877/1663
f 1690/1870/1656 1692/1872/1658 1698/1878/1664
f 1697/1877/1663 1698/1878/1664 1699/1879/1665
f 1700/1880/1666 1697/1877/1663 1699/1879/1665
f 1699/1879/1665 1698/1878/1664 1701/1881/1667
f 1692/1872/1658 1701/1881/1667 1698/1878/1664
f 1702/1882/1668 1699/1879/1665 1701/1881/1667
f 1703/1883/1669 1697/1877/1663 1700/1880/1666
f 1697/1877/1663 1703/1883/1669 1693/1873/1659
f 1696/1876/1662 1693/1873/1659 1703/1883/1669
f 1704/1884/1670 1703/1883/1669 1700/1880/1666
f 1705/1885/1671 1703/1883/1669 1704/1884/1670
f 1705/1885/1671 1696/1876/1662 1703/1883/1669
f 1706/1886/1672 1705/1885/1671 1704/1884/1670
f 1699/1879/1665 1702/1882/1668 1707/1887/1673
f 1708/1888/1674 1699/1879/1665 1707/1887/1673
f 1708/1888/1674 1707/1887/1673 1709/1889/1675
f 1710/1890/1676 1708/1888/1674 1709/1889/1675
f 1709/1889/1675 1711/1891/1677 1710/1890/1676
f 1711/1891/1677 1712/1892/1678 1710/1890/1676
f 1712/1892/1678 1711/1891/1677 1713/1893/1679
f 1714/1894/1680 1712/1892/1678 1713/1893/1679
f 1714/1894/1680 1715/1895/1681 1712/1892/1678
f 1715/1895/1681 1716/1896/1682 1712/1892/1678
f 1712/1892/1678 1716/1896/1682 1710/1890/1676
f 1710/1890/1676 1717/1897/1683 1708/1888/1674
f 1716/1896/1682 1717/1897/1683 1710/1890/1676
f 1717/1897/1683 1718/1898/1684 1708/1888/1674
f 1716/1896/1682 1715/1895/1681 1719/1899/1685
f 1720/1900/1686 1716/1896/1682 1719/1899/1685
f 1717/1897/1683 1716/1896/1682 1720/1900/1686
f 1719/1899/1685 1721/1901/1687 1720/1900/1686
f 1721/1901/1687 1722/1902/1688 1720/1900/1686
f 1722/1902/1688 1718/1898/1684 1717/1897/1683
f 1720/1900/1686 1722/1902/1688 1717/1897/1683
f 1721/1901/1687 1706/1886/1672 1722/1902/1688
f 1706/1886/1672 1704/1884/1670 1722/1902/1688
f 1722/1902/1688 1704/1884/1670 1718/1898/1684
f 1704/1884/1670 1700/1880/1666 1718/1898/1684
f 1718/1898/1684 1700/1880/1666 1699/1879/1665
f 1708/1888/1674 1718/1898/1684 1699/1879/1665
f 1723/1903/1689 1705/1904/1671 1706/1905/1672
f 1724/1906/1690 1723/1903/1689 1706/1905/1672
f 1725/1907/1691 1723/1903/1689 1724/1906/1690
f 1726/1908/1692 1725/1907/1691 1724/1906/1690
f 1725/1907/1691 1726/1908/1692 1727/1909/1693
f 1728/1910/1694 1725/1907/1691 1727/1909/1693
f 1723/1903/1689 1729/1911/1695 1705/1904/1671
f 1729/1911/1695 1696/1912/1662 1705/1904/1671
f 1729/1911/1695 1730/1913/1696 1696/1912/1662
f 1730/1913/1696 1729/1911/1695 1731/1914/1697
f 1729/1911/1695 1732/1915/1698 1731/1914/1697
f 1732/1915/1698 1729/1911/1695 1723/1903/1689
f 1725/1907/1691 1732/1915/1698 1723/1903/1689
f 1730/1913/1696 1731/1914/1697 1733/1916/1699
f 1733/1916/1699 1731/1914/1697 1734/1917/1700
f 1731/1914/1697 1735/1918/1701 1734/1917/1700
f 1731/1914/1697 1732/1915/1698 1735/1918/1701
f 1736/1919/1702 1730/1913/1696 1733/1916/1699
f 1695/1920/1661 1730/1913/1696 1736/1919/1702
f 1730/1913/1696 1695/1920/1661 1696/1912/1662
f 1228/1921/1193 1695/1920/1661 1736/1919/1702
f 1732/1915/1698 1737/1922/1703 1735/1918/1701
f 1737/1922/1703 1732/1915/1698 1725/1907/1691
f 1728/1910/1694 1737/1922/1703 1725/1907/1691
f 1727/1909/1693 1738/1923/1704 1728/1910/1694
f 1738/1923/1704 1739/1924/1705 1728/1910/1694
f 1728/1910/1694 1739/1924/1705 1737/1922/1703
f 1735/1918/1701 1737/1922/1703 1740/1925/1706
f 1737/1922/1703 1741/1926/1707 1740/1925/1706
f 1739/1924/1705 1741/1926/1707 1737/1922/1703
f 1735/1918/1701 1740/1925/1706 1742/1927/1708
f 1734/1917/1700 1735/1918/1701 1742/1927/1708
f 1739/1924/1705 1738/1923/1704 1743/1928/1709
f 1738/1923/1704 1744/1929/1710 1743/1928/1709
f 1745/1930/1711 1743/1928/1709 1744/1929/1710
f 1746/1931/1712 1745/1930/1711 1744/1929/1710
f 1745/1930/1711 1746/1931/1712 1747/1932/1713
f 1748/1933/1714 1745/1930/1711 1747/1932/1713
f 1748/1933/1714 1747/1932/1713 1749/1934/1715
f 1750/1935/1716 1748/1933/1714 1749/1934/1715
f 1751/1936/1717 1748/1933/1714 1750/1935/1716
f 1752/1937/1718 1751/1936/1717 1750/1935/1716
f 1753/1938/1719 1751/1936/1717 1752/1937/1718
f 1751/1936/1717 1753/1938/1719 1754/1939/1720
f 1755/1940/1721 1751/1936/1717 1754/1939/1720
f 1755/1940/1721 1745/1930/1711 1748/1933/1714
f 1751/1936/1717 1755/1940/1721 1748/1933/1714
f 1754/1939/1720 1753/1938/1719 1756/1941/1722
f 1756/1941/1722 1753/1938/1719 1757/1942/1723
f 1753/1938/1719 1758/1943/1724 1757/1942/1723
f 1758/1943/1724 1753/1938/1719 1752/1937/1718
f 1759/1944/1725 1754/1939/1720 1756/1941/1722
f 1760/1945/1726 1754/1939/1720 1759/1944/1725
f 1755/1940/1721 1754/1939/1720 1760/1945/1726
f 1761/1946/1727 1760/1945/1726 1759/1944/1725
f 1762/1947/1728 1755/1940/1721 1760/1945/1726
f 1755/1940/1721 1762/1947/1728 1745/1930/1711
f 1762/1947/1728 1743/1928/1709 1745/1930/1711
f 1762/1947/1728 1760/1945/1726 1740/1925/1706
f 1741/1926/1707 1762/1947/1728 1740/1925/1706
f 1742/1927/1708 1740/1925/1706 1760/1945/1726
f 1761/1946/1727 1742/1927/1708 1760/1945/1726
f 1739/1924/1705 1743/1928/1709 1762/1947/1728
f 1741/1926/1707 1739/1924/1705 1762/1947/1728
f 1757/1942/1723 1209/1948/1174 1756/1941/1722
f 1209/1948/1174 1763/1949/1729 1756/1941/1722
f 1763/1949/1729 1209/1948/1174 1764/1950/1730
f 1763/1949/1729 1764/1950/1730 1765/1951/1731
f 1766/1952/1732 1763/1949/1729 1765/1951/1731
f 1759/1944/1725 1766/1952/1732 1761/1946/1727
f 1209/1948/1174 1207/1953/1172 1764/1950/1730
f 1766/1952/1732 1765/1951/1731 1767/1954/1733
f 1768/1955/1734 1766/1952/1732 1767/1954/1733
f 1766/1952/1732 1768/1955/1734 1761/1946/1727
f 1768/1955/1734 1767/1954/1733 1769/1956/1735
f 1770/1957/1736 1768/1955/1734 1769/1956/1735
f 1771/1958/1737 1770/1957/1736 1769/1956/1735
f 1742/1927/1708 1770/1957/1736 1771/1958/1737
f 1772/1959/1738 1771/1958/1737 1769/1956/1735
f 1773/1960/1739 1771/1958/1737 1772/1959/1738
f 1774/1961/1740 1773/1960/1739 1772/1959/1738
f 1775/1962/1741 1773/1960/1739 1774/1961/1740
f 1776/1963/1742 1775/1962/1741 1774/1961/1740
f 1225/1964/1190 1775/1962/1741 1776/1963/1742
f 1226/1965/1191 1225/1964/1190 1776/1963/1742
f 1776/1963/1742 1774/1961/1740 1777/1966/1743
f 1778/1967/1744 1776/1963/1742 1777/1966/1743
f 1776/1963/1742 1778/1967/1744 1226/1965/1191
f 1778/1967/1744 1230/1968/1195 1226/1965/1191
f 1774/1961/1740 1772/1959/1738 1779/1969/1745
f 1777/1966/1743 1774/1961/1740 1779/1969/1745
f 1772/1959/1738 1769/1956/1735 1780/1970/1746
f 1779/1969/1745 1772/1959/1738 1780/1970/1746
f 1769/1956/1735 1767/1954/1733 1780/1970/1746
f 1767/1954/1733 1781/1971/1747 1780/1970/1746
f 1767/1954/1733 1765/1951/1731 1781/1971/1747
f 1765/1951/1731 1782/1972/1748 1781/1971/1747
f 1765/1951/1731 1764/1950/1730 1782/1972/1748
f 1764/1950/1730 1783/1973/1749 1782/1972/1748
f 1783/1973/1749 1764/1950/1730 1207/1953/1172
f 1204/1974/1169 1783/1973/1749 1207/1953/1172
f 1784/1975/1750 1783/1973/1749 1204/1974/1169
f 1205/1976/1170 1784/1975/1750 1204/1974/1169
f 1784/1975/1750 1205/1976/1170 790/1147/754
f 1098/1145/1063 1784/1975/1750 790/1147/754
f 1784/1975/1750 1098/1145/1063 1785/1977/1751
f 1783/1973/1749 1784/1975/1750 1785/1977/1751
f 1782/1972/1748 1783/1973/1749 1785/1977/1751
f 1098/1145/1063 1093/1140/1058 1785/1977/1751
f 1785/1977/1751 1093/1140/1058 1091/1138/1056
f 1786/1978/1752 1785/1977/1751 1091/1138/1056
f 1782/1972/1748 1785/1977/1751 1786/1978/1752
f 1781/1971/1747 1782/1972/1748 1786/1978/1752
f 1091/1138/1056 1090/1137/1055 1786/1978/1752
f 1090/1137/1055 1787/1979/1753 1786/1978/1752
f 1781/1971/1747 1786/1978/1752 1787/1979/1753
f 1780/1970/1746 1781/1971/1747 1787/1979/1753
f 1787/1979/1753 1090/1137/1055 1788/1980/1754
f 1090/1137/1055 1081/1128/1046 1788/1980/1754
f 1789/1981/1755 1788/1980/1754 1081/1128/1046
f 1080/1127/1045 1789/1981/1755 1081/1128/1046
f 1080/1127/1045 1083/1130/1048 1789/1981/1755
f 1083/1130/1048 1790/1982/1756 1789/1981/1755
f 1790/1982/1756 1083/1130/1048 1085/1132/1050
f 1250/1983/1215 1790/1982/1756 1085/1132/1050
f 1790/1982/1756 1250/1983/1215 1230/1968/1195
f 1778/1967/1744 1790/1982/1756 1230/1968/1195
f 1790/1982/1756 1778/1967/1744 1789/1981/1755
f 1778/1967/1744 1777/1966/1743 1789/1981/1755
f 1789/1981/1755 1777/1966/1743 1788/1980/1754
f 1777/1966/1743 1779/1969/1745 1788/1980/1754
f 1779/1969/1745 1780/1970/1746 1787/1979/1753
f 1788/1980/1754 1779/1969/1745 1787/1979/1753
f 1792/1984/1757 1791/1985/1758 1714/1986/1680
f 1713/1987/1679 1792/1984/1757 1714/1986/1680
f 1791/1985/1758 1792/1984/1757 1793/1988/1759
f 1794/1989/1760 1791/1985/1758 1793/1988/1759
f 1715/1990/1681 1714/1986/1680 1791/1985/1758
f 1795/1991/1761 1715/1990/1681 1791/1985/1758
f 1795/1991/1761 1791/1985/1758 1794/1989/1760
f 1796/1992/1762 1795/1991/1761 1794/1989/1760
f 1797/1993/1763 1794/1989/1760 1793/1988/1759
f 1794/1989/1760 1797/1993/1763 1796/1992/1762
f 1798/1994/1764 1797/1993/1763 1793/1988/1759
f 1797/1993/1763 1798/1994/1764 1799/1995/1765
f 1798/1994/1764 1800/1996/1766 1799/1995/1765
f 1797/1993/1763 1801/1997/1767 1796/1992/1762
f 1801/1997/1767 1797/1993/1763 1799/1995/1765
f 1715/1990/1681 1795/1991/1761 1719/1998/1685
f 1795/1991/1761 1802/1999/1768 1719/1998/1685
f 1796/1992/1762 1801/1997/1767 1802/1999/1768
f 1795/1991/1761 1796/1992/1762 1802/1999/1768
f 1719/1998/1685 1802/1999/1768 1721/2000/1687
f 1802/1999/1768 1803/2001/1769 1721/2000/1687
f 1802/1999/1768 1801/1997/1767 1803/2001/1769
f 1801/1997/1767 1804/2002/1770 1803/2001/1769
f 1804/2002/1770 1801/1997/1767 1799/1995/1765
f 1803/2001/1769 1724/1906/1690 1721/2000/1687
f 1724/1906/1690 1706/1905/1672 1721/2000/1687
f 1726/1908/1692 1724/1906/1690 1803/2001/1769
f 1804/2002/1770 1726/1908/1692 1803/2001/1769
f 1726/1908/1692 1804/2002/1770 1799/1995/1765
f 1727/1909/1693 1799/1995/1765 1800/1996/1766
f 1727/1909/1693 1726/1908/1692 1799/1995/1765
f 1738/1923/1704 1727/1909/1693 1800/1996/1766
f 1800/1996/1766 1798/1994/1764 1805/2003/1771
f 1798/1994/1764 1806/2004/1772 1805/2003/1771
f 1806/2004/1772 1798/1994/1764 1793/1988/1759
f 1807/2005/1773 1806/2004/1772 1793/1988/1759
f 1808/2006/1774 1807/2005/1773 1793/1988/1759
f 1792/2007/1757 1808/2006/1774 1793/1988/1759
f 1808/2006/1774 1792/2007/1757 1809/2008/1775
f 1792/2007/1757 1713/2009/1679 1809/2008/1775
f 1809/2008/1775 1810/2010/1776 1808/2006/1774
f 1810/2010/1776 1811/2011/1777 1808/2006/1774
f 1808/2006/1774 1811/2011/1777 1807/2005/1773
f 1811/2011/1777 1812/2012/1778 1807/2005/1773
f 1806/2004/1772 1807/2005/1773 1812/2012/1778
f 1813/2013/1779 1806/2004/1772 1812/2012/1778
f 1806/2004/1772 1813/2013/1779 1805/2003/1771
f 1811/2011/1777 1810/2010/1776 1814/2014/1780
f 1815/2015/1781 1811/2011/1777 1814/2014/1780
f 1812/2012/1778 1811/2011/1777 1815/2015/1781
f 1813/2013/1779 1812/2012/1778 1815/2015/1781
f 1815/2015/1781 1814/2014/1780 1816/2016/1782
f 1817/2017/1783 1815/2015/1781 1816/2016/1782
f 1813/2013/1779 1815/2015/1781 1817/2017/1783
f 1818/2018/1784 1813/2013/1779 1817/2017/1783
f 1813/2013/1779 1818/2018/1784 1805/2003/1771
f 1747/1932/1713 1817/2017/1783 1816/2016/1782
f 1749/1934/1715 1747/1932/1713 1816/2016/1782
f 1746/1931/1712 1818/2018/1784 1817/2017/1783
f 1747/1932/1713 1746/1931/1712 1817/2017/1783
f 1818/2018/1784 1746/1931/1712 1805/2003/1771
f 1746/1931/1712 1744/1929/1710 1805/2003/1771
f 1805/2003/1771 1744/1929/1710 1800/1996/1766
f 1744/1929/1710 1738/1923/1704 1800/1996/1766
f 1821/2019/1785 1820/2020/1786 1819/2021/1787
f 1822/2022/1788 1821/2019/1785 1819/2021/1787
f 1819/2021/1787 1820/2020/1786 1691/1871/1657
f 1820/2020/1786 1692/1872/1658 1691/1871/1657
f 1823/2023/1789 1821/2019/1785 1822/2022/1788
f 1824/2024/1790 1823/2023/1789 1822/2022/1788
f 1823/2023/1789 1824/2024/1790 1758/2025/1724
f 1752/2026/1718 1823/2023/1789 1758/2025/1724
f 1820/2020/1786 1821/2019/1785 1825/2027/1791
f 1825/2027/1791 1821/2019/1785 1823/2023/1789
f 1826/2028/1792 1820/2020/1786 1825/2027/1791
f 1692/1872/1658 1820/2020/1786 1826/2028/1792
f 1826/2028/1792 1825/2027/1791 1827/2029/1793
f 1825/2027/1791 1828/2030/1794 1827/2029/1793
f 1826/2028/1792 1827/2029/1793 1701/1881/1667
f 1701/1881/1667 1692/1872/1658 1826/2028/1792
f 1827/2029/1793 1702/1882/1668 1701/1881/1667
f 1825/2027/1791 1829/2031/1795 1828/2030/1794
f 1829/2031/1795 1825/2027/1791 1823/2023/1789
f 1823/2023/1789 1752/2026/1718 1829/2031/1795
f 1829/2031/1795 1830/2032/1796 1828/2030/1794
f 1829/2031/1795 1750/2033/1716 1830/2032/1796
f 1752/2026/1718 1750/2033/1716 1829/2031/1795
f 1750/2033/1716 1749/2034/1715 1830/2032/1796
f 1702/1882/1668 1827/2029/1793 1707/1887/1673
f 1827/2029/1793 1831/2035/1797 1707/1887/1673
f 1707/1887/1673 1831/2035/1797 1709/1889/1675
f 1831/2035/1797 1832/2036/1798 1709/1889/1675
f 1711/2037/1677 1709/1889/1675 1832/2036/1798
f 1833/2038/1799 1711/2037/1677 1832/2036/1798
f 1711/2037/1677 1833/2038/1799 1713/2039/1679
f 1833/2038/1799 1809/2040/1775 1713/2039/1679
f 1810/2041/1776 1809/2040/1775 1833/2038/1799
f 1834/2042/1800 1810/2041/1776 1833/2038/1799
f 1834/2042/1800 1833/2038/1799 1832/2036/1798
f 1835/2043/1801 1834/2042/1800 1832/2036/1798
f 1810/2041/1776 1834/2042/1800 1814/2044/1780
f 1834/2042/1800 1836/2045/1802 1814/2044/1780
f 1834/2042/1800 1835/2043/1801 1836/2045/1802
f 1816/2046/1782 1814/2044/1780 1836/2045/1802
f 1837/2047/1803 1816/2046/1782 1836/2045/1802
f 1837/2047/1803 1836/2045/1802 1835/2043/1801
f 1749/2034/1715 1816/2046/1782 1837/2047/1803
f 1832/2036/1798 1831/2035/1797 1838/2048/1804
f 1835/2043/1801 1832/2036/1798 1838/2048/1804
f 1838/2048/1804 1837/2047/1803 1835/2043/1801
f 1830/2032/1796 1837/2047/1803 1838/2048/1804
f 1830/2032/1796 1749/2034/1715 1837/2047/1803
f 1828/2030/1794 1830/2032/1796 1838/2048/1804
f 1828/2030/1794 1838/2048/1804 1827/2029/1793
f 1838/2048/1804 1831/2035/1797 1827/2029/1793
f 1210/1265/1175 1839/2049/1805 1213/1268/1178
f 1210/1265/1175 1209/1264/1174 1839/2049/1805
f 1209/1264/1174 1757/2050/1723 1839/2049/1805
f 1839/2049/1805 1824/2024/1790 1213/1268/1178
f 1824/2024/1790 1822/2022/1788 1213/1268/1178
f 1214/1269/1179 1213/1268/1178 1822/2022/1788
f 1819/2021/1787 1214/1269/1179 1822/2022/1788
f 1214/1269/1179 1819/2021/1787 1217/1272/1182
f 1819/2021/1787 1691/1871/1657 1217/1272/1182
f 1217/1272/1182 1691/1871/1657 1219/1274/1184
f 1691/1871/1657 1687/1869/1655 1219/1274/1184
f 1219/1274/1184 1687/1869/1655 1688/1868/1654
f 1221/1276/1186 1219/1274/1184 1688/1868/1654
f 1221/1276/1186 1688/1868/1654 1222/1277/1187
f 1688/1868/1654 1694/1874/1660 1222/1277/1187
f 1222/1277/1187 1694/1874/1660 1228/1283/1193
f 1694/1874/1660 1695/1875/1661 1228/1283/1193
f 1758/2025/1724 1824/2024/1790 1839/2049/1805
f 1757/2050/1723 1758/2025/1724 1839/2049/1805
f 857/2051/821 860/1850/824 1024/2052/988
f 1216/1271/1181 1218/1273/1183 1233/1288/1198
f 1235/1290/1200 1216/1271/1181 1233/1288/1198
f 1216/1271/1181 1235/1290/1200 1238/1293/1203
f 1215/1270/1180 1216/1271/1181 1238/1293/1203
f 1215/1270/1180 1238/1293/1203 1211/1266/1176
f 1238/1293/1203 1212/1267/1177 1211/1266/1176
f 1756/1941/1722 1763/1949/1729 1766/1952/1732
f 1759/1944/1725 1756/1941/1722 1766/1952/1732
f 1761/1946/1727 1768/1955/1734 1770/1957/1736
f 1742/1927/1708 1761/1946/1727 1770/1957/1736
f 1734/1917/1700 1742/1927/1708 1771/1958/1737
f 1734/1917/1700 1771/1958/1737 1733/1916/1699
f 1771/1958/1737 1773/1960/1739 1733/1916/1699
f 1733/1916/1699 1773/1960/1739 1775/1962/1741
f 1736/1919/1702 1733/1916/1699 1775/1962/1741
f 1736/1919/1702 1775/1962/1741 1228/1921/1193
f 1775/1962/1741 1225/1964/1190 1228/1921/1193
f 1842/2053/1806 1841/2054/1807 1840/2055/1808
f 1843/2056/1809 1842/2053/1806 1840/2055/1808
f 1842/2053/1806 1844/2057/1810 1841/2054/1807
f 1844/2057/1810 1845/2058/1811 1841/2054/1807
f 1843/2056/1809 1840/2055/1808 1846/2059/1812
f 1846/2059/1812 1840/2055/1808 1847/2060/1813
f 1840/2055/1808 1848/2061/1814 1847/2060/1813
f 1840/2055/1808 1841/2054/1807 1848/2061/1814
f 1849/2062/1815 1843/2056/1809 1846/2059/1812
f 1850/2063/1816 1845/2058/1811 1844/2057/1810
f 1850/2063/1816 1851/2064/1817 1845/2058/1811
f 1851/2064/1817 1852/2065/1818 1845/2058/1811
f 1853/2066/1819 1850/2063/1816 1844/2057/1810
f 1842/2053/1806 1843/2056/1809 1854/2067/1820
f 1854/2067/1820 1843/2056/1809 1849/2062/1815
f 1855/2068/1821 1842/2053/1806 1854/2067/1820
f 1842/2053/1806 1855/2068/1821 1844/2057/1810
f 1856/2069/1822 1854/2067/1820 1849/2062/1815
f 1854/2067/1820 1856/2069/1822 1857/2070/1823
f 1854/2067/1820 1857/2070/1823 1858/2071/1824
f 1855/2068/1821 1854/2067/1820 1858/2071/1824
f 1857/2070/1823 1859/2072/1825 1858/2071/1824
f 1857/2070/1823 1860/2073/1826 1859/2072/1825
f 1860/2073/1826 1861/2074/1827 1859/2072/1825
f 1858/2071/1824 1859/2072/1825 1861/2075/1827
f 1862/2076/1828 1858/2071/1824 1861/2075/1827
f 1858/2071/1824 1862/2076/1828 1863/2077/1829
f 1858/2071/1824 1863/2077/1829 1864/2078/1830
f 1864/2078/1830 1863/2077/1829 1865/2079/1831
f 1866/2080/1832 1864/2078/1830 1865/2079/1831
f 1867/2081/1833 1858/2071/1824 1864/2078/1830
f 1855/2068/1821 1858/2071/1824 1867/2081/1833
f 1862/2076/1828 1865/2082/1831 1863/2077/1829
f 1867/2081/1833 1864/2078/1830 1866/2083/1832
f 1868/2084/1834 1867/2081/1833 1866/2083/1832
f 1856/2069/1822 1860/2085/1826 1857/2070/1823
f 1844/2057/1810 1867/2081/1833 1868/2084/1834
f 1855/2068/1821 1867/2081/1833 1844/2057/1810
f 1853/2066/1819 1844/2057/1810 1868/2084/1834
f 1870/2086/1835 1869/2087/1836 1841/2054/1807
f 1871/2088/1837 1870/2086/1835 1841/2054/1807
f 1871/2088/1837 1841/2054/1807 1872/2089/1838
f 1841/2054/1807 1873/2090/1839 1872/2089/1838
f 1841/2054/1807 1869/2087/1836 1848/2061/1814
f 1847/2091/1813 1848/2061/1814 1869/2087/1836
f 1870/2092/1835 1847/2091/1813 1869/2087/1836
f 1841/2054/1807 1845/2058/1811 1873/2090/1839
f 1845/2058/1811 1852/2065/1818 1873/2090/1839
f 1872/2093/1838 1873/2090/1839 1852/2065/1818
f 1851/2094/1817 1872/2093/1838 1852/2065/1818
f 1876/2053/1840 1875/2056/1841 1874/2055/1842
f 1877/2054/1843 1876/2053/1840 1874/2055/1842
f 1878/2057/1844 1876/2053/1840 1877/2054/1843
f 1879/2058/1845 1878/2057/1844 1877/2054/1843
f 1874/2055/1842 1875/2056/1841 1880/2059/1846
f 1874/2055/1842 1880/2059/1846 1881/2060/1847
f 1882/2061/1848 1874/2055/1842 1881/2060/1847
f 1877/2054/1843 1874/2055/1842 1882/2061/1848
f 1875/2056/1841 1883/2062/1849 1880/2059/1846
f 1879/2058/1845 1884/2063/1850 1878/2057/1844
f 1885/2064/1851 1884/2063/1850 1879/2058/1845
f 1884/2063/1850 1886/2066/1852 1878/2057/1844
f 1875/2056/1841 1876/2053/1840 1887/2067/1853
f 1875/2056/1841 1887/2067/1853 1883/2062/1849
f 1876/2053/1840 1888/2068/1854 1887/2067/1853
f 1888/2068/1854 1876/2053/1840 1878/2057/1844
f 1887/2067/1853 1889/2069/1855 1883/2062/1849
f 1889/2069/1855 1887/2067/1853 1890/2070/1856
f 1890/2070/1856 1887/2067/1853 1891/2071/1857
f 1887/2067/1853 1888/2068/1854 1891/2071/1857
f 1892/2072/1858 1890/2070/1856 1891/2071/1857
f 1893/2073/1859 1890/2070/1856 1892/2072/1858
f 1894/2074/1860 1893/2073/1859 1892/2072/1858
f 1892/2072/1858 1891/2071/1857 1894/2075/1860
f 1891/2071/1857 1895/2076/1861 1894/2075/1860
f 1895/2076/1861 1891/2071/1857 1896/2077/1862
f 1896/2077/1862 1891/2071/1857 1897/2078/1863
f 1896/2077/1862 1897/2078/1863 1898/2079/1864
f 1897/2078/1863 1899/2080/1865 1898/2079/1864
f 1891/2071/1857 1900/2081/1866 1897/2078/1863
f 1891/2071/1857 1888/2068/1854 1900/2081/1866
f 1898/2082/1864 1895/2076/1861 1896/2077/1862
f 1897/2078/1863 1900/2081/1866 1899/2083/1865
f 1900/2081/1866 1901/2084/1867 1899/2083/1865
f 1893/2085/1859 1889/2069/1855 1890/2070/1856
f 1900/2081/1866 1878/2057/1844 1901/2084/1867
f 1900/2081/1866 1888/2068/1854 1878/2057/1844
f 1878/2057/1844 1886/2066/1852 1901/2084/1867
f 1903/2086/1868 1902/2088/1869 1877/2054/1843
f 1904/2087/1870 1903/2086/1868 1877/2054/1843
f 1877/2054/1843 1902/2088/1869 1905/2089/1871
f 1906/2090/1872 1877/2054/1843 1905/2089/1871
f 1904/2087/1870 1877/2054/1843 1882/2061/1848
f 1882/2061/1848 1881/2091/1847 1904/2087/1870
f 1881/2091/1847 1903/2092/1868 1904/2087/1870
f 1879/2058/1845 1877/2054/1843 1906/2090/1872
f 1885/2095/1851 1879/2058/1845 1906/2090/1872
f 1905/2093/1871 1885/2095/1851 1906/2090/1872
f 1909/2096/1873 1908/2097/1874 1907/2098/1875
f 1910/2099/1876 1909/2096/1873 1907/2098/1875
f 1911/2100/1877 1909/2096/1873 1910/2099/1876
f 1912/2101/1878 1911/2100/1877 1910/2099/1876
f 1913/2102/1879 1911/2100/1877 1912/2101/1878
f 1914/2103/1880 1913/2102/1879 1912/2101/1878
f 1915/2104/1881 1913/2102/1879 1914/2103/1880
f 1916/2105/1882 1915/2104/1881 1914/2103/1880
f 1917/2106/1883 1915/2104/1881 1916/2105/1882
f 1918/2107/1884 1917/2106/1883 1916/2105/1882
f 1919/2108/1885 1917/2106/1883 1918/2107/1884
f 1920/2109/1886 1919/2108/1885 1918/2107/1884
f 1921/2110/1887 1919/2108/1885 1920/2109/1886
f 1922/2111/1888 1921/2110/1887 1920/2109/1886
f 1923/2112/1889 1921/2110/1887 1922/2111/1888
f 1924/2113/1890 1923/2112/1889 1922/2111/1888
f 1925/2114/1891 1923/2112/1889 1924/2113/1890
f 1926/2115/1892 1925/2114/1891 1924/2113/1890
f 1927/2116/1893 1925/2114/1891 1926/2115/1892
f 1928/2117/1894 1927/2116/1893 1926/2115/1892
f 1929/2118/1895 1927/2116/1893 1928/2117/1894
f 1930/2119/1896 1929/2118/1895 1928/2117/1894
f 1931/2120/1897 1929/2118/1895 1930/2119/1896
f 1932/2121/1898 1931/2120/1897 1930/2119/1896
f 1933/2122/1899 1931/2120/1897 1932/2121/1898
f 1934/2123/1900 1933/2122/1899 1932/2121/1898
f 1935/2124/1901 1933/2122/1899 1934/2123/1900
f 1936/2125/1902 1935/2124/1901 1934/2123/1900
f 1937/2126/1903 1935/2124/1901 1936/2125/1902
f 1938/2127/1904 1937/2126/1903 1936/2125/1902
f 1939/2128/1905 1937/2126/1903 1938/2127/1904
f 1940/2129/1906 1939/2128/1905 1938/2127/1904
f 1941/2130/1907 1939/2128/1905 1940/2129/1906
f 1942/2131/1908 1941/2130/1907 1940/2129/1906
f 1943/2132/1909 1941/2130/1907 1942/2131/1908
f 1944/2133/1910 1943/2132/1909 1942/2131/1908
f 1945/2134/1911 1943/2132/1909 1944/2133/1910
f 1946/2135/1912 1945/2134/1911 1944/2133/1910
f 1908/2097/1874 1945/2134/1911 1946/2135/1912
f 1907/2098/1875 1908/2097/1874 1946/2135/1912
f 1947/2136/1913 1936/2125/1902 1934/2123/1900
f 1947/2136/1913 1938/2127/1904 1936/2125/1902
f 1947/2136/1913 1940/2129/1906 1938/2127/1904
f 1947/2136/1913 1942/2131/1908 1940/2129/1906
f 1947/2136/1913 1944/2133/1910 1942/2131/1908
f 1947/2136/1913 1946/2135/1912 1944/2133/1910
f 1947/2136/1913 1907/2098/1875 1946/2135/1912
f 1947/2136/1913 1910/2099/1876 1907/2098/1875
f 1947/2136/1913 1912/2101/1878 1910/2099/1876
f 1947/2136/1913 1914/2103/1880 1912/2101/1878
f 1947/2136/1913 1916/2105/1882 1914/2103/1880
f 1947/2136/1913 1918/2107/1884 1916/2105/1882
f 1947/2136/1913 1920/2109/1886 1918/2107/1884
f 1947/2136/1913 1922/2111/1888 1920/2109/1886
f 1947/2136/1913 1924/2113/1890 1922/2111/1888
f 1947/2136/1913 1926/2115/1892 1924/2113/1890
f 1947/2136/1913 1928/2117/1894 1926/2115/1892
f 1947/2136/1913 1930/2119/1896 1928/2117/1894
f 1947/2136/1913 1932/2121/1898 1930/2119/1896
f 1947/2136/1913 1934/2123/1900 1932/2121/1898
f 1948/2137/1914 1908/2138/1874 1909/2139/1873
f 1948/2137/1914 1909/2139/1873 1911/2140/1877
f 1948/2137/1914 1911/2140/1877 1913/2141/1879
f 1948/2137/1914 1913/2141/1879 1915/2142/1881
f 1948/2137/1914 1915/2142/1881 1917/2143/1883
f 1948/2137/1914 1917/2143/1883 1919/2144/1885
f 1948/2137/1914 1919/2144/1885 1921/2145/1887
f 1948/2137/1914 1921/2145/1887 1923/2146/1889
f 1948/2137/1914 1923/2146/1889 1925/2147/1891
f 1948/2137/1914 1925/2147/1891 1927/2148/1893
f 1948/2137/1914 1927/2148/1893 1929/2149/1895
f 1948/2137/1914 1929/2149/1895 1931/2150/1897
f 1948/2137/1914 1931/2150/1897 1933/2151/1899
f 1948/2137/1914 1933/2151/1899 1935/2152/1901
f 1948/2137/1914 1935/2152/1901 1937/2153/1903
f 1948/2137/1914 1937/2153/1903 1939/2154/1905
f 1948/2137/1914 1939/2154/1905 1941/2155/1907
f 1948/2137/1914 1941/2155/1907 1943/2156/1909
f 1948/2137/1914 1943/2156/1909 1945/2157/1911
f 1948/2137/1914 1945/2157/1911 1908/2138/1874
f 1951/2158/1915 1950/2159/1916 1949/2160/1917
f 1952/2161/1918 1951/2158/1915 1949/2160/1917
f 1951/2158/1915 1953/2162/1919 1950/2159/1916
f 1953/2162/1919 1954/2163/1920 1950/2159/1916
f 1953/2162/1919 1955/2164/1921 1954/2163/1920
f 1955/2164/1921 1956/2165/1922 1954/2163/1920
f 1955/2164/1921 1957/2166/1923 1956/2165/1922
f 1957/2166/1923 1958/2167/1924 1956/2165/1922
f 1957/2166/1923 1959/2168/1925 1958/2167/1924
f 1959/2168/1925 1960/2169/1926 1958/2167/1924
f 1959/2168/1925 1961/2170/1927 1960/2169/1926
f 1961/2170/1927 1962/2171/1928 1960/2169/1926
f 1961/2170/1927 1963/2172/1929 1962/2171/1928
f 1963/2172/1929 1964/2173/1930 1962/2171/1928
f 1963/2172/1929 1965/2174/1931 1964/2173/1930
f 1965/2174/1931 1966/2175/1932 1964/2173/1930
f 1965/2174/1931 1967/2176/1933 1966/2175/1932
f 1967/2176/1933 1968/2177/1934 1966/2175/1932
f 1967/2176/1933 1969/2178/1935 1968/2177/1934
f 1969/2178/1935 1970/2179/1936 1968/2177/1934
f 1969/2178/1935 1971/2180/1937 1970/2179/1936
f 1971/2180/1937 1972/2181/1938 1970/2179/1936
f 1971/2180/1937 1973/2182/1939 1972/2181/1938
f 1973/2182/1939 1974/2183/1940 1972/2181/1938
f 1973/2182/1939 1975/2184/1941 1974/2183/1940
f 1975/2184/1941 1976/2185/1942 1974/2183/1940
f 1975/2184/1941 1977/2186/1943 1976/2185/1942
f 1977/2186/1943 1978/2187/1944 1976/2185/1942
f 1977/2186/1943 1979/2188/1945 1978/2187/1944
f 1979/2188/1945 1980/2189/1946 1978/2187/1944
f 1979/2188/1945 1981/2190/1947 1980/2189/1946
f 1981/2190/1947 1982/2191/1948 1980/2189/1946
f 1981/2190/1947 1983/2192/1949 1982/2191/1948
f 1983/2192/1949 1984/2193/1950 1982/2191/1948
f 1983/2192/1949 1985/2194/1951 1984/2193/1950
f 1985/2194/1951 1986/2195/1952 1984/2193/1950
f 1985/2194/1951 1987/2196/1953 1986/2195/1952
f 1987/2196/1953 1988/2197/1954 1986/2195/1952
f 1987/2196/1953 1952/2161/1918 1988/2197/1954
f 1952/2161/1918 1949/2160/1917 1988/2197/1954
f 1978/2187/1944 1989/2198/1955 1976/2185/1942
f 1980/2189/1946 1989/2198/1955 1978/2187/1944
f 1982/2191/1948 1989/2198/1955 1980/2189/1946
f 1984/2193/1950 1989/2198/1955 1982/2191/1948
f 1986/2195/1952 1989/2198/1955 1984/2193/1950
f 1988/2197/1954 1989/2198/1955 1986/2195/1952
f 1949/2160/1917 1989/2198/1955 1988/2197/1954
f 1950/2159/1916 1989/2198/1955 1949/2160/1917
f 1954/2163/1920 1989/2198/1955 1950/2159/1916
f 1956/2165/1922 1989/2198/1955 1954/2163/1920
f 1958/2167/1924 1989/2198/1955 1956/2165/1922
f 1960/2169/1926 1989/2198/1955 1958/2167/1924
f 1962/2171/1928 1989/2198/1955 1960/2169/1926
f 1964/2173/1930 1989/2198/1955 1962/2171/1928
f 1966/2175/1932 1989/2198/1955 1964/2173/1930
f 1968/2177/1934 1989/2198/1955 1966/2175/1932
f 1970/2179/1936 1989/2198/1955 1968/2177/1934
f 1972/2181/1938 1989/2198/1955 1970/2179/1936
f 1974/2183/1940 1989/2198/1955 1972/2181/1938
f 1976/2185/1942 1989/2198/1955 1974/2183/1940
f 1952/2199/1918 1990/2200/1956 1951/2201/1915
f 1951/2201/1915 1990/2200/1956 1953/2202/1919
f 1953/2202/1919 1990/2200/1956 1955/2203/1921
f 1955/2203/1921 1990/2200/1956 1957/2204/1923
f 1957/2204/1923 1990/2200/1956 1959/2205/1925
f 1959/2205/1925 1990/2200/1956 1961/2206/1927
f 1961/2206/1927 1990/2200/1956 1963/2207/1929
f 1963/2207/1929 1990/2200/1956 1965/2208/1931
f 1965/2208/1931 1990/2200/1956 1967/2209/1933
f 1967/2209/1933 1990/2200/1956 1969/2210/1935
f 1969/2210/1935 1990/2200/1956 1971/2211/1937
f 1971/2211/1937 1990/2200/1956 1973/2212/1939
f 1973/2212/1939 1990/2200/1956 1975/2213/1941
f 1975/2213/1941 1990/2200/1956 1977/2214/1943
f 1977/2214/1943 1990/2200/1956 1979/2215/1945
f 1979/2215/1945 1990/2200/1956 1981/2216/1947
f 1981/2216/1947 1990/2200/1956 1983/2217/1949
f 1983/2217/1949 1990/2200/1956 1985/2218/1951
f 1985/2218/1951 1990/2200/1956 1987/2219/1953
f 1987/2219/1953 1990/2200/1956 1952/2199/1918
f 1993/2220/1957 1992/2221/1958 1991/2222/1959
f 1994/2223/1960 1993/2220/1957 1991/2222/1959
f 1995/2224/1961 1991/2222/1959 1992/2221/1958
f 1995/2224/1961 1996/2225/1962 1991/2222/1959
f 1996/2225/1962 1997/2226/1963 1991/2222/1959
f 1991/2222/1959 1997/2226/1963 1998/2227/1964
f 1994/2228/1960 1991/2222/1959 1998/2227/1964
f 1999/2229/1965 1995/2224/1961 1992/2221/1958
f 1992/2221/1958 1993/2220/1957 2000/2230/1966
f 1999/2229/1965 1992/2221/1958 2000/2230/1966
f 1993/2220/1957 2001/2231/1967 2000/2230/1966
f 1996/2225/1962 1995/2224/1961 2002/2232/1968
f 1995/2224/1961 2003/2233/1969 2002/2232/1968
f 1995/2224/1961 1999/2229/1965 2003/2233/1969
f 2004/2234/1970 1999/2229/1965 2000/2230/1966
f 2005/2235/1971 2000/2230/1966 2001/2231/1967
f 2006/2236/1972 2005/2235/1971 2001/2231/1967
f 2006/2236/1972 2007/2237/1973 2005/2235/1971
f 2007/2237/1973 2008/2238/1974 2005/2235/1971
f 2009/2239/1975 2008/2238/1974 2007/2237/1973
f 2010/2240/1976 2008/2238/1974 2009/2239/1975
f 2011/2241/1977 2010/2240/1976 2009/2239/1975
f 2012/2242/1978 2011/2241/1977 2009/2239/1975
f 2013/2243/1979 2012/2242/1978 2009/2239/1975
f 2013/2243/1979 2009/2239/1975 2014/2244/1980
f 2014/2244/1980 2009/2239/1975 2007/2237/1973
f 2015/2245/1981 2013/2243/1979 2014/2244/1980
f 2015/2245/1981 2014/2244/1980 2016/2246/1982
f 2017/2247/1983 2015/2245/1981 2016/2246/1982
f 2008/2238/1974 2010/2240/1976 2018/2248/1984
f 2005/2235/1971 2008/2238/1974 2018/2248/1984
f 2018/2248/1984 2010/2240/1976 2019/2249/1985
f 2010/2240/1976 2020/2250/1986 2019/2249/1985
f 2010/2240/1976 2011/2241/1977 2020/2250/1986
f 2021/2251/1987 2016/2246/1982 2014/2244/1980
f 2007/2237/1973 2021/2251/1987 2014/2244/1980
f 2022/2252/1988 2021/2251/1987 2007/2237/1973
f 2006/2236/1972 2022/2252/1988 2007/2237/1973
f 2022/2252/1988 2006/2236/1972 2001/2231/1967
f 2023/2253/1989 2022/2252/1988 2001/2231/1967
f 2019/2249/1985 2024/2254/1990 2018/2248/1984
f 2024/2254/1990 2004/2234/1970 2018/2248/1984
f 2004/2234/1970 2000/2230/1966 2018/2248/1984
f 2000/2230/1966 2005/2235/1971 2018/2248/1984
f 1999/2229/1965 2004/2234/1970 2024/2254/1990
f 2025/2255/1991 1999/2229/1965 2024/2254/1990
f 1999/2229/1965 2025/2255/1991 2003/2233/1969
f 2023/2253/1989 2001/2231/1967 1993/2220/1957
f 2026/2256/1992 2023/2253/1989 1993/2220/1957
f 2026/2256/1992 1993/2220/1957 1994/2223/1960
f 2027/2257/1993 2026/2256/1992 1994/2223/1960
f 2030/2258/1994 2029/2259/1995 2028/2260/1996
f 2031/2261/1997 2030/2258/1994 2028/2260/1996
f 2030/2258/1994 2031/2261/1997 2032/2262/1998
f 2033/2263/1999 2030/2258/1994 2032/2262/1998
f 2030/2258/1994 2033/2263/1999 2034/2264/2000
f 2029/2259/1995 2030/2258/1994 2034/2264/2000
f 2033/2263/1999 2035/2265/2001 2034/2264/2000
f 2036/2266/2002 2033/2263/1999 2032/2262/1998
f 2032/2262/1998 2037/2267/2003 2036/2266/2002
f 2037/2267/2003 2038/2268/2004 2036/2266/2002
f 2038/2268/2004 2039/2269/2005 2036/2266/2002
f 2038/2268/2004 2040/2270/2006 2039/2269/2005
f 2040/2270/2006 2041/2271/2007 2039/2269/2005
f 2042/2272/2008 2041/2271/2007 2040/2270/2006
f 2043/2273/2009 2042/2272/2008 2040/2270/2006
f 2036/2266/2002 2044/2274/2010 2033/2263/1999
f 2033/2263/1999 2044/2274/2010 2045/2275/2011
f 2035/2265/2001 2033/2263/1999 2045/2275/2011
f 2042/2272/2008 2043/2273/2009 2046/2276/2012
f 2047/2277/2013 2042/2272/2008 2046/2276/2012
f 2048/2278/2014 2047/2277/2013 2046/2276/2012
f 2046/2276/2012 2049/2279/2015 2048/2278/2014
f 2049/2279/2015 2050/2280/2016 2048/2278/2014
f 2051/2281/2017 2048/2278/2014 2050/2280/2016
f 2052/2282/2018 2051/2281/2017 2050/2280/2016
f 2053/2283/2019 2051/2281/2017 2052/2282/2018
f 2053/2283/2019 2054/2284/2020 2051/2281/2017
f 2054/2284/2020 2055/2285/2021 2051/2281/2017
f 2048/2278/2014 2051/2281/2017 2055/2285/2021
f 2056/2286/2022 2053/2283/2019 2052/2282/2018
f 2046/2276/2012 2057/2287/2023 2049/2279/2015
f 2046/2276/2012 2043/2273/2009 2057/2287/2023
f 2057/2287/2023 2058/2288/2024 2049/2279/2015
f 2049/2279/2015 2058/2288/2024 2050/2280/2016
f 2054/2284/2020 2059/2289/2025 2055/2285/2021
f 2059/2289/2025 2060/2290/2026 2055/2285/2021
f 2061/2291/2027 2048/2278/2014 2055/2285/2021
f 2055/2285/2021 2060/2290/2026 2061/2291/2027
f 2048/2278/2014 2062/2292/2028 2047/2277/2013
f 2060/2290/2026 2063/2293/2029 2061/2291/2027
f 2063/2293/2029 2060/2290/2026 1997/2226/1963
f 2060/2290/2026 1998/2227/1964 1997/2226/1963
f 2060/2290/2026 2059/2289/2025 1998/2227/1964
f 2063/2293/2029 2064/2294/2030 2061/2291/2027
f 2064/2294/2030 2065/2295/2031 2061/2291/2027
f 2065/2295/2031 2062/2292/2028 2048/2278/2014
f 2061/2291/2027 2065/2295/2031 2048/2278/2014
f 2063/2293/2029 1996/2225/1962 2064/2294/2030
f 1997/2226/1963 1996/2225/1962 2063/2293/2029
f 1996/2225/1962 2002/2232/1968 2064/2294/2030
f 2059/2289/2025 2066/2296/2032 1998/2227/1964
f 1994/2228/1960 1998/2227/1964 2066/2296/2032
f 2027/2297/1993 1994/2228/1960 2066/2296/2032
f 2058/2288/2024 2067/2298/2033 2050/2280/2016
f 2050/2280/2016 2067/2298/2033 2052/2282/2018
f 2067/2298/2033 2068/2299/2034 2052/2282/2018
f 2052/2282/2018 2068/2299/2034 2056/2286/2022
f 2068/2299/2034 2069/2300/2035 2056/2286/2022
f 2067/2298/2033 2058/2288/2024 2070/2301/2036
f 2058/2288/2024 2071/2302/2037 2070/2301/2036
f 2070/2301/2036 2071/2302/2037 2072/2303/2038
f 2072/2303/2038 2073/2304/2039 2070/2301/2036
f 2073/2304/2039 2074/2305/2040 2070/2301/2036
f 2067/2298/2033 2070/2301/2036 2074/2305/2040
f 2068/2299/2034 2067/2298/2033 2074/2305/2040
f 2073/2304/2039 2075/2306/2041 2074/2305/2040
f 2076/2307/2042 2075/2306/2041 2073/2304/2039
f 2077/2308/2043 2076/2307/2042 2073/2304/2039
f 2073/2304/2039 2072/2303/2038 2077/2308/2043
f 2075/2306/2041 2078/2309/2044 2074/2305/2040
f 2078/2309/2044 2069/2300/2035 2068/2299/2034
f 2074/2305/2040 2078/2309/2044 2068/2299/2034
f 2058/2288/2024 2057/2287/2023 2071/2302/2037
f 2057/2287/2023 2079/2310/2045 2071/2302/2037
f 2080/2311/2046 2076/2307/2042 2077/2308/2043
f 2081/2312/2047 2080/2311/2046 2077/2308/2043
f 2072/2303/2038 2082/2313/2048 2077/2308/2043
f 2081/2312/2047 2077/2308/2043 2082/2313/2048
f 2072/2303/2038 2071/2302/2037 2083/2314/2049
f 2071/2302/2037 2079/2310/2045 2083/2314/2049
f 2084/2315/2050 2083/2314/2049 2079/2310/2045
f 2085/2316/2051 2084/2315/2050 2079/2310/2045
f 2085/2316/2051 2079/2310/2045 2057/2287/2023
f 2085/2316/2051 2086/2317/2052 2084/2315/2050
f 2086/2317/2052 2087/2318/2053 2084/2315/2050
f 2087/2318/2053 2086/2317/2052 2088/2319/2054
f 2086/2317/2052 2089/2320/2055 2088/2319/2054
f 2088/2319/2054 2089/2320/2055 2090/2321/2056
f 2089/2320/2055 2091/2322/2057 2090/2321/2056
f 2090/2321/2056 2091/2322/2057 2092/2323/2058
f 2090/2321/2056 2092/2323/2058 2093/2324/2059
f 2093/2324/2059 2092/2323/2058 2094/2325/2060
f 2094/2325/2060 2095/2326/2061 2093/2324/2059
f 2095/2326/2061 2096/2327/2062 2093/2324/2059
f 2092/2323/2058 2097/2328/2063 2094/2325/2060
f 2097/2328/2063 2098/2329/2064 2094/2325/2060
f 2098/2329/2064 2099/2330/2065 2094/2325/2060
f 2094/2325/2060 2099/2330/2065 2095/2326/2061
f 2093/2324/2059 2100/2331/2066 2090/2321/2056
f 2101/2332/2067 2100/2331/2066 2093/2324/2059
f 2096/2327/2062 2101/2332/2067 2093/2324/2059
f 2096/2327/2062 2095/2326/2061 2102/2333/2068
f 2102/2333/2068 2095/2326/2061 2103/2334/2069
f 2104/2335/2070 2102/2333/2068 2103/2334/2069
f 2105/2336/2071 2104/2335/2070 2103/2334/2069
f 2103/2334/2069 2106/2337/2072 2105/2336/2071
f 2106/2337/2072 2107/2338/2073 2105/2336/2071
f 2105/2336/2071 2107/2338/2073 2108/2339/2074
f 2104/2335/2070 2105/2336/2071 2108/2339/2074
f 2107/2338/2073 2109/2340/2075 2108/2339/2074
f 2110/2341/2076 2104/2335/2070 2108/2339/2074
f 2110/2341/2076 2111/2342/2077 2104/2335/2070
f 2110/2341/2076 2112/2343/2078 2111/2342/2077
f 2112/2343/2078 2113/2344/2079 2111/2342/2077
f 2114/2345/2080 2112/2343/2078 2110/2341/2076
f 2108/2346/2074 2114/2345/2080 2110/2341/2076
f 2115/2347/2081 2114/2345/2080 2108/2346/2074
f 2109/2348/2075 2115/2347/2081 2108/2346/2074
f 2113/2344/2079 2112/2343/2078 2116/2349/2082
f 2112/2343/2078 2117/2350/2083 2116/2349/2082
f 2118/2351/2084 2117/2350/2083 2112/2343/2078
f 2114/2345/2080 2118/2351/2084 2112/2343/2078
f 2116/2349/2082 2117/2350/2083 2119/2352/2085
f 2116/2349/2082 2119/2352/2085 2120/2353/2086
f 2121/2354/2087 2116/2349/2082 2120/2353/2086
f 2113/2344/2079 2116/2349/2082 2121/2354/2087
f 2117/2350/2083 2122/2355/2088 2119/2352/2085
f 2117/2350/2083 2118/2351/2084 2122/2355/2088
f 2118/2351/2084 2123/2356/2089 2122/2355/2088
f 2123/2356/2089 2124/2357/2090 2122/2355/2088
f 2124/2357/2090 2125/2358/2091 2122/2355/2088
f 2119/2352/2085 2122/2355/2088 2125/2358/2091
f 2125/2358/2091 2124/2357/2090 2126/2359/2092
f 2127/2360/2093 2125/2358/2091 2126/2359/2092
f 2127/2360/2093 2126/2359/2092 2128/2361/2094
f 2126/2359/2092 2129/2362/2095 2128/2361/2094
f 2128/2361/2094 2130/2363/2096 2127/2360/2093
f 2130/2363/2096 2128/2361/2094 2131/2364/2097
f 2128/2361/2094 2132/2365/2098 2131/2364/2097
f 2133/2366/2099 2132/2365/2098 2128/2361/2094
f 2129/2367/2095 2133/2366/2099 2128/2361/2094
f 2130/2363/2096 2134/2368/2100 2127/2360/2093
f 2127/2360/2093 2134/2368/2100 2125/2358/2091
f 2130/2363/2096 2131/2364/2097 2135/2369/2101
f 2136/2370/2102 2130/2363/2096 2135/2369/2101
f 2134/2368/2100 2130/2363/2096 2136/2370/2102
f 2134/2368/2100 2137/2371/2103 2125/2358/2091
f 2123/2356/2089 2138/2372/2104 2124/2357/2090
f 2138/2372/2104 2123/2356/2089 2118/2351/2084
f 2139/2373/2105 2138/2372/2104 2118/2351/2084
f 2118/2351/2084 2114/2345/2080 2139/2373/2105
f 2114/2345/2080 2115/2347/2081 2139/2373/2105
f 2137/2371/2103 2134/2368/2100 2140/2374/2106
f 2137/2371/2103 2140/2374/2106 2119/2352/2085
f 2137/2371/2103 2119/2352/2085 2125/2358/2091
f 2140/2374/2106 2120/2353/2086 2119/2352/2085
f 2134/2368/2100 2141/2375/2107 2140/2374/2106
f 2141/2375/2107 2134/2368/2100 2136/2370/2102
f 2138/2372/2104 2142/2376/2108 2124/2357/2090
f 2124/2357/2090 2142/2376/2108 2126/2359/2092
f 2142/2376/2108 2143/2377/2109 2126/2359/2092
f 2126/2359/2092 2143/2377/2109 2129/2362/2095
f 2143/2377/2109 2144/2378/2110 2129/2362/2095
f 2147/2379/2111 2146/2380/2112 2145/2381/2113
f 2148/2382/2114 2147/2379/2111 2145/2381/2113
f 2148/2382/2114 2145/2381/2113 2149/2383/2115
f 2150/2384/2116 2148/2382/2114 2149/2383/2115
f 2149/2383/2115 2151/2385/2117 2150/2384/2116
f 2151/2385/2117 2152/2386/2118 2150/2384/2116
f 2152/2386/2118 2151/2385/2117 2153/2387/2119
f 2154/2388/2120 2152/2386/2118 2153/2387/2119
f 2147/2379/2111 2155/2389/2121 2146/2380/2112
f 2155/2389/2121 2156/2390/2122 2146/2380/2112
f 2157/2391/2123 2156/2390/2122 2155/2389/2121
f 2158/2392/2124 2157/2391/2123 2155/2389/2121
f 2157/2391/2123 2158/2392/2124 2159/2393/2125
f 2160/2394/2126 2157/2391/2123 2159/2393/2125
f 2160/2394/2126 2159/2393/2125 2161/2395/2127
f 2162/2396/2128 2160/2394/2126 2161/2395/2127
f 2161/2395/2127 2163/2397/2129 2162/2396/2128
f 2163/2397/2129 2164/2398/2130 2162/2396/2128
f 2163/2397/2129 2165/2399/2131 2164/2398/2130
f 2165/2399/2131 2166/2400/2132 2164/2398/2130
f 2165/2399/2131 2167/2401/2133 2166/2400/2132
f 2167/2401/2133 2168/2402/2134 2166/2400/2132
f 2168/2402/2134 2167/2401/2133 2169/2403/2135
f 2167/2401/2133 2170/2404/2136 2169/2403/2135
f 2169/2403/2135 2170/2404/2136 2171/2405/2137
f 2170/2404/2136 2172/2406/2138 2171/2405/2137
f 2171/2405/2137 2172/2406/2138 2173/2407/2139
f 2174/2408/2140 2171/2405/2137 2173/2407/2139
f 2173/2407/2139 2175/2409/2141 2174/2408/2140
f 2175/2409/2141 2176/2410/2142 2174/2408/2140
f 2175/2409/2141 2177/2411/2143 2176/2410/2142
f 2177/2411/2143 2175/2409/2141 2178/2412/2144
f 2175/2409/2141 2179/2413/2145 2178/2412/2144
f 2179/2413/2145 2180/2414/2146 2178/2412/2144
f 2180/2414/2146 2181/2415/2147 2178/2412/2144
f 2181/2415/2147 2180/2414/2146 2182/2416/2148
f 2183/2417/2149 2181/2415/2147 2182/2416/2148
f 2184/2418/2150 2183/2417/2149 2182/2416/2148
f 2185/2419/2151 2184/2418/2150 2182/2416/2148
f 2186/2420/2152 2184/2418/2150 2185/2419/2151
f 2153/2387/2119 2186/2420/2152 2185/2419/2151
f 2187/2421/2153 2177/2411/2143 2178/2412/2144
f 2154/2388/2120 2153/2387/2119 2185/2419/2151
f 2183/2417/2149 2188/2422/2154 2181/2415/2147
f 2188/2422/2154 2183/2417/2149 2184/2418/2150
f 2188/2422/2154 2189/2423/2155 2181/2415/2147
f 2181/2415/2147 2189/2423/2155 2178/2412/2144
f 2190/2424/2156 2188/2422/2154 2184/2418/2150
f 2190/2424/2156 2184/2418/2150 2186/2420/2152
f 2191/2425/2157 2190/2424/2156 2186/2420/2152
f 2189/2423/2155 2192/2426/2158 2178/2412/2144
f 2191/2425/2157 2193/2427/2159 2190/2424/2156
f 2194/2428/2160 2193/2427/2159 2191/2425/2157
f 2195/2429/2161 2194/2428/2160 2191/2425/2157
f 2194/2428/2160 2195/2429/2161 2196/2430/2162
f 2195/2429/2161 2197/2431/2163 2196/2430/2162
f 2198/2432/2164 2196/2430/2162 2197/2431/2163
f 2199/2433/2165 2198/2432/2164 2197/2431/2163
f 2200/2434/2166 2198/2432/2164 2199/2433/2165
f 2201/2435/2167 2200/2434/2166 2199/2433/2165
f 2202/2436/2168 2200/2434/2166 2201/2435/2167
f 2203/2437/2169 2202/2436/2168 2201/2435/2167
f 2202/2436/2168 2203/2437/2169 2204/2438/2170
f 2205/2439/2171 2202/2436/2168 2204/2438/2170
f 2205/2439/2171 2204/2438/2170 2206/2440/2172
f 2204/2438/2170 2207/2441/2173 2206/2440/2172
f 2208/2442/2174 2206/2440/2172 2207/2441/2173
f 2209/2443/2175 2208/2442/2174 2207/2441/2173
f 2210/2444/2176 2208/2442/2174 2209/2443/2175
f 2211/2445/2177 2210/2444/2176 2209/2443/2175
f 2210/2444/2176 2211/2445/2177 2212/2446/2178
f 2211/2445/2177 2213/2447/2179 2212/2446/2178
f 2214/2448/2180 2212/2446/2178 2213/2447/2179
f 2215/2449/2181 2214/2448/2180 2213/2447/2179
f 2214/2448/2180 2215/2449/2181 2216/2450/2182
f 2217/2451/2183 2214/2448/2180 2216/2450/2182
f 2217/2451/2183 2216/2450/2182 2218/2452/2184
f 2219/2453/2185 2217/2451/2183 2218/2452/2184
f 2219/2453/2185 2218/2452/2184 2220/2454/2186
f 2218/2452/2184 2221/2455/2187 2220/2454/2186
f 2222/2456/2188 2220/2454/2186 2221/2455/2187
f 2223/2457/2189 2222/2456/2188 2221/2455/2187
f 2224/2458/2190 2222/2456/2188 2223/2457/2189
f 2222/2456/2188 2224/2458/2190 2178/2412/2144
f 2192/2426/2158 2222/2456/2188 2178/2412/2144
f 2224/2458/2190 2187/2421/2153 2178/2412/2144
f 2015/2459/1981 2017/2460/1983 2225/2461/2191
f 2226/2462/2192 2015/2459/1981 2225/2461/2191
f 2225/2461/2191 2227/2463/2193 2226/2462/2192
f 2227/2463/2193 2228/2464/2194 2226/2462/2192
f 2015/2459/1981 2226/2462/2192 2229/2465/2195
f 2229/2465/2195 2226/2462/2192 2228/2464/2194
f 2013/2243/1979 2015/2459/1981 2229/2465/2195
f 2012/2242/1978 2013/2243/1979 2229/2465/2195
f 2230/2466/2196 2012/2242/1978 2229/2465/2195
f 2231/2467/2197 2229/2465/2195 2228/2464/2194
f 2229/2465/2195 2231/2467/2197 2232/2468/2198
f 2230/2466/2196 2229/2465/2195 2232/2468/2198
f 2233/2469/2199 2228/2464/2194 2227/2463/2193
f 2234/2470/2200 2233/2469/2199 2227/2463/2193
f 2228/2464/2194 2233/2469/2199 2034/2264/2000
f 2231/2467/2197 2228/2464/2194 2034/2264/2000
f 2231/2467/2197 2034/2264/2000 2035/2265/2001
f 2232/2468/2198 2231/2467/2197 2035/2265/2001
f 2012/2242/1978 2230/2466/2196 2235/2471/2201
f 2012/2242/1978 2235/2471/2201 2236/2472/2202
f 2011/2241/1977 2012/2242/1978 2236/2472/2202
f 2011/2241/1977 2236/2472/2202 2020/2250/1986
f 2230/2466/2196 2237/2473/2203 2235/2471/2201
f 2230/2466/2196 2232/2468/2198 2237/2473/2203
f 2232/2468/2198 2238/2474/2204 2237/2473/2203
f 2232/2468/2198 2035/2265/2001 2238/2474/2204
f 2035/2265/2001 2045/2275/2011 2238/2474/2204
f 2233/2469/2199 2029/2259/1995 2034/2264/2000
f 2233/2469/2199 2234/2470/2200 2029/2259/1995
f 2234/2470/2200 2239/2475/2205 2029/2259/1995
f 2028/2260/1996 2029/2259/1995 2239/2475/2205
f 2240/2476/2206 2028/2260/1996 2239/2475/2205
f 2028/2260/1996 2240/2476/2206 2241/2477/2207
f 2241/2477/2207 2242/2478/2208 2028/2260/1996
f 2242/2478/2208 2031/2261/1997 2028/2260/1996
f 2031/2261/1997 2242/2478/2208 2243/2479/2209
f 2032/2262/1998 2031/2261/1997 2243/2479/2209
f 2243/2479/2209 2244/2480/2210 2032/2262/1998
f 2244/2480/2210 2037/2267/2003 2032/2262/1998
f 2244/2480/2210 2245/2481/2211 2037/2267/2003
f 2245/2481/2211 2038/2268/2004 2037/2267/2003
f 2038/2268/2004 2245/2481/2211 2246/2482/2212
f 2040/2270/2006 2038/2268/2004 2246/2482/2212
f 2040/2270/2006 2246/2482/2212 2247/2483/2213
f 2043/2273/2009 2040/2270/2006 2247/2483/2213
f 2043/2273/2009 2247/2483/2213 2057/2287/2023
f 2240/2476/2206 2248/2484/2214 2241/2477/2207
f 2241/2477/2207 2098/2329/2064 2242/2478/2208
f 2098/2329/2064 2097/2328/2063 2242/2478/2208
f 2242/2478/2208 2097/2328/2063 2243/2479/2209
f 2243/2479/2209 2092/2323/2058 2244/2480/2210
f 2097/2328/2063 2092/2323/2058 2243/2479/2209
f 2092/2323/2058 2091/2322/2057 2244/2480/2210
f 2244/2480/2210 2091/2322/2057 2245/2481/2211
f 2091/2322/2057 2089/2320/2055 2245/2481/2211
f 2245/2481/2211 2089/2320/2055 2246/2482/2212
f 2247/2483/2213 2085/2316/2051 2057/2287/2023
f 2086/2317/2052 2085/2316/2051 2247/2483/2213
f 2246/2482/2212 2086/2317/2052 2247/2483/2213
f 2089/2320/2055 2086/2317/2052 2246/2482/2212
f 2098/2329/2064 2250/2485/2215 2249/2486/2216
f 2099/2330/2065 2098/2329/2064 2249/2486/2216
f 2099/2330/2065 2249/2486/2216 2251/2487/2217
f 2252/2488/2218 2099/2330/2065 2251/2487/2217
f 2251/2487/2217 2106/2337/2072 2252/2488/2218
f 2106/2337/2072 2103/2334/2069 2252/2488/2218
f 2095/2326/2061 2252/2488/2218 2103/2334/2069
f 2099/2330/2065 2252/2488/2218 2095/2326/2061
f 2250/2485/2215 2098/2329/2064 2241/2477/2207
f 2248/2484/2214 2250/2485/2215 2241/2477/2207
f 2227/2463/2193 2171/2489/2137 2174/2490/2140
f 2234/2470/2200 2227/2463/2193 2174/2490/2140
f 2171/2489/2137 2227/2463/2193 2225/2461/2191
f 2169/2491/2135 2171/2489/2137 2225/2461/2191
f 2169/2491/2135 2225/2461/2191 2017/2460/1983
f 2168/2492/2134 2169/2491/2135 2017/2460/1983
f 2174/2490/2140 2176/2493/2142 2234/2470/2200
f 2176/2493/2142 2239/2475/2205 2234/2470/2200
f 2176/2493/2142 2177/2494/2143 2239/2475/2205
f 2177/2494/2143 2240/2476/2206 2239/2475/2205
f 2240/2476/2206 2177/2494/2143 2187/2495/2153
f 2248/2484/2214 2240/2476/2206 2187/2495/2153
f 2250/2485/2215 2248/2484/2214 2187/2495/2153
f 2224/2496/2190 2250/2485/2215 2187/2495/2153
f 2250/2485/2215 2224/2496/2190 2249/2486/2216
f 2224/2496/2190 2223/2497/2189 2249/2486/2216
f 2249/2486/2216 2223/2497/2189 2251/2487/2217
f 2223/2497/2189 2221/2498/2187 2251/2487/2217
f 2106/2337/2072 2251/2487/2217 2221/2498/2187
f 2218/2499/2184 2106/2337/2072 2221/2498/2187
f 2106/2337/2072 2218/2499/2184 2107/2338/2073
f 2218/2499/2184 2216/2500/2182 2107/2338/2073
f 2107/2338/2073 2216/2500/2182 2109/2340/2075
f 2216/2500/2182 2215/2501/2181 2109/2340/2075
f 2145/2502/2113 2059/2289/2025 2054/2284/2020
f 2149/2503/2115 2145/2502/2113 2054/2284/2020
f 2149/2503/2115 2054/2284/2020 2053/2283/2019
f 2151/2504/2117 2149/2503/2115 2053/2283/2019
f 2053/2283/2019 2056/2286/2022 2151/2504/2117
f 2056/2286/2022 2153/2505/2119 2151/2504/2117
f 2059/2289/2025 2145/2502/2113 2146/2506/2112
f 2066/2296/2032 2059/2289/2025 2146/2506/2112
f 2066/2296/2032 2146/2506/2112 2156/2507/2122
f 2027/2297/1993 2066/2296/2032 2156/2507/2122
f 2056/2286/2022 2069/2300/2035 2153/2505/2119
f 2069/2300/2035 2186/2508/2152 2153/2505/2119
f 2186/2508/2152 2069/2300/2035 2191/2509/2157
f 2069/2300/2035 2078/2309/2044 2191/2509/2157
f 2191/2509/2157 2078/2309/2044 2195/2510/2161
f 2078/2309/2044 2075/2306/2041 2195/2510/2161
f 2197/2511/2163 2195/2510/2161 2075/2306/2041
f 2076/2307/2042 2197/2511/2163 2075/2306/2041
f 2199/2512/2165 2197/2511/2163 2076/2307/2042
f 2080/2311/2046 2199/2512/2165 2076/2307/2042
f 2199/2512/2165 2080/2311/2046 2201/2513/2167
f 2080/2311/2046 2253/2514/2219 2201/2513/2167
f 2201/2513/2167 2253/2514/2219 2203/2515/2169
f 2253/2514/2219 2144/2516/2110 2203/2515/2169
f 2023/2253/1989 2160/2517/2126 2162/2518/2128
f 2022/2252/1988 2023/2253/1989 2162/2518/2128
f 2022/2252/1988 2162/2518/2128 2164/2519/2130
f 2021/2251/1987 2022/2252/1988 2164/2519/2130
f 2021/2251/1987 2164/2519/2130 2166/2520/2132
f 2016/2246/1982 2021/2251/1987 2166/2520/2132
f 2166/2520/2132 2168/2521/2134 2016/2246/1982
f 2168/2521/2134 2017/2247/1983 2016/2246/1982
f 2023/2253/1989 2026/2256/1992 2160/2517/2126
f 2026/2256/1992 2157/2522/2123 2160/2517/2126
f 2157/2522/2123 2026/2256/1992 2027/2257/1993
f 2156/2523/2122 2157/2522/2123 2027/2257/1993
f 2111/2342/2077 2254/2524/2220 2104/2335/2070
f 2254/2524/2220 2255/2525/2221 2104/2335/2070
f 2255/2525/2221 2102/2333/2068 2104/2335/2070
f 2255/2525/2221 2096/2327/2062 2102/2333/2068
f 2111/2342/2077 2256/2526/2222 2254/2524/2220
f 2257/2527/2223 2256/2526/2222 2111/2342/2077
f 2113/2344/2079 2257/2527/2223 2111/2342/2077
f 2257/2527/2223 2113/2344/2079 2121/2354/2087
f 2256/2526/2222 2258/2528/2224 2254/2524/2220
f 2255/2525/2221 2254/2524/2220 2258/2528/2224
f 2259/2529/2225 2255/2525/2221 2258/2528/2224
f 2096/2327/2062 2255/2525/2221 2259/2529/2225
f 2101/2332/2067 2096/2327/2062 2259/2529/2225
f 2083/2314/2049 2260/2530/2226 2072/2303/2038
f 2072/2303/2038 2260/2530/2226 2261/2531/2227
f 2082/2313/2048 2072/2303/2038 2261/2531/2227
f 2261/2531/2227 2262/2532/2228 2082/2313/2048
f 2262/2532/2228 2263/2533/2229 2082/2313/2048
f 2263/2533/2229 2081/2312/2047 2082/2313/2048
f 2263/2533/2229 2132/2365/2098 2081/2312/2047
f 2132/2365/2098 2133/2366/2099 2081/2312/2047
f 2131/2364/2097 2263/2533/2229 2262/2532/2228
f 2131/2364/2097 2132/2365/2098 2263/2533/2229
f 2135/2369/2101 2131/2364/2097 2262/2532/2228
f 2081/2312/2047 2133/2366/2099 2080/2311/2046
f 2133/2366/2099 2253/2514/2219 2080/2311/2046
f 2133/2366/2099 2129/2367/2095 2253/2514/2219
f 2129/2367/2095 2144/2516/2110 2253/2514/2219
f 2142/2376/2108 2138/2372/2104 2209/2534/2175
f 2207/2535/2173 2142/2376/2108 2209/2534/2175
f 2209/2534/2175 2138/2372/2104 2211/2536/2177
f 2138/2372/2104 2139/2373/2105 2211/2536/2177
f 2211/2536/2177 2139/2373/2105 2213/2537/2179
f 2139/2373/2105 2115/2347/2081 2213/2537/2179
f 2215/2538/2181 2213/2537/2179 2115/2347/2081
f 2109/2348/2075 2215/2538/2181 2115/2347/2081
f 2143/2377/2109 2142/2376/2108 2207/2535/2173
f 2204/2539/2170 2143/2377/2109 2207/2535/2173
f 2143/2377/2109 2204/2539/2170 2144/2378/2110
f 2204/2539/2170 2203/2540/2169 2144/2378/2110
f 2158/2541/2124 2025/2542/1991 2024/2543/1990
f 2159/2544/2125 2158/2541/2124 2024/2543/1990
f 2158/2541/2124 2155/2545/2121 2025/2542/1991
f 2155/2545/2121 2003/2546/1969 2025/2542/1991
f 2003/2546/1969 2155/2545/2121 2147/2547/2111
f 2002/2548/1968 2003/2546/1969 2147/2547/2111
f 2002/2548/1968 2147/2547/2111 2148/2549/2114
f 2064/2550/2030 2002/2548/1968 2148/2549/2114
f 2064/2550/2030 2148/2549/2114 2150/2551/2116
f 2065/2552/2031 2064/2550/2030 2150/2551/2116
f 2024/2543/1990 2019/2553/1985 2159/2544/2125
f 2019/2553/1985 2161/2554/2127 2159/2544/2125
f 2019/2553/1985 2020/2555/1986 2161/2554/2127
f 2020/2555/1986 2163/2556/2129 2161/2554/2127
f 2020/2555/1986 2236/2557/2202 2163/2556/2129
f 2236/2557/2202 2165/2558/2131 2163/2556/2129
f 2165/2558/2131 2236/2557/2202 2235/2559/2201
f 2167/2560/2133 2165/2558/2131 2235/2559/2201
f 2167/2560/2133 2235/2559/2201 2237/2561/2203
f 2170/2562/2136 2167/2560/2133 2237/2561/2203
f 2170/2562/2136 2237/2561/2203 2238/2563/2204
f 2172/2564/2138 2170/2562/2136 2238/2563/2204
f 2238/2563/2204 2045/2565/2011 2172/2564/2138
f 2045/2565/2011 2173/2566/2139 2172/2564/2138
f 2173/2566/2139 2045/2565/2011 2044/2567/2010
f 2175/2568/2141 2173/2566/2139 2044/2567/2010
f 2175/2568/2141 2044/2567/2010 2036/2569/2002
f 2179/2570/2145 2175/2568/2141 2036/2569/2002
f 2036/2569/2002 2039/2571/2005 2179/2570/2145
f 2039/2571/2005 2180/2572/2146 2179/2570/2145
f 2039/2571/2005 2041/2573/2007 2180/2572/2146
f 2041/2573/2007 2182/2574/2148 2180/2572/2146
f 2041/2573/2007 2042/2575/2008 2182/2574/2148
f 2042/2575/2008 2185/2576/2151 2182/2574/2148
f 2042/2575/2008 2047/2577/2013 2185/2576/2151
f 2047/2577/2013 2154/2578/2120 2185/2576/2151
f 2047/2577/2013 2062/2579/2028 2154/2578/2120
f 2062/2579/2028 2152/2580/2118 2154/2578/2120
f 2152/2580/2118 2062/2579/2028 2065/2581/2031
f 2150/2582/2116 2152/2580/2118 2065/2581/2031
f 2140/2583/2106 2141/2584/2107 2205/2585/2171
f 2206/2586/2172 2140/2583/2106 2205/2585/2171
f 2202/2587/2168 2205/2585/2171 2141/2584/2107
f 2136/2588/2102 2202/2587/2168 2141/2584/2107
f 2200/2589/2166 2202/2587/2168 2136/2588/2102
f 2135/2590/2101 2200/2589/2166 2136/2588/2102
f 2198/2591/2164 2200/2589/2166 2135/2590/2101
f 2262/2592/2228 2198/2591/2164 2135/2590/2101
f 2196/2593/2162 2198/2591/2164 2262/2592/2228
f 2261/2594/2227 2196/2593/2162 2262/2592/2228
f 2120/2595/2086 2140/2583/2106 2206/2586/2172
f 2208/2596/2174 2120/2595/2086 2206/2586/2172
f 2121/2597/2087 2120/2595/2086 2208/2596/2174
f 2210/2598/2176 2121/2597/2087 2208/2596/2174
f 2257/2599/2223 2121/2597/2087 2210/2598/2176
f 2212/2600/2178 2257/2599/2223 2210/2598/2176
f 2256/2601/2222 2257/2599/2223 2212/2600/2178
f 2214/2602/2180 2256/2601/2222 2212/2600/2178
f 2258/2603/2224 2256/2601/2222 2214/2602/2180
f 2217/2604/2183 2258/2603/2224 2214/2602/2180
f 2259/2605/2225 2258/2603/2224 2217/2604/2183
f 2219/2606/2185 2259/2605/2225 2217/2604/2183
f 2259/2605/2225 2219/2606/2185 2101/2607/2067
f 2219/2606/2185 2220/2608/2186 2101/2607/2067
f 2101/2607/2067 2220/2608/2186 2100/2609/2066
f 2220/2608/2186 2222/2610/2188 2100/2609/2066
f 2100/2609/2066 2222/2610/2188 2090/2611/2056
f 2222/2610/2188 2192/2612/2158 2090/2611/2056
f 2088/2613/2054 2090/2611/2056 2192/2612/2158
f 2189/2614/2155 2088/2613/2054 2192/2612/2158
f 2087/2615/2053 2088/2613/2054 2189/2614/2155
f 2188/2616/2154 2087/2615/2053 2189/2614/2155
f 2084/2617/2050 2087/2615/2053 2188/2616/2154
f 2190/2618/2156 2084/2617/2050 2188/2616/2154
f 2083/2619/2049 2084/2617/2050 2190/2618/2156
f 2193/2620/2159 2083/2619/2049 2190/2618/2156
f 2260/2621/2226 2083/2619/2049 2193/2620/2159
f 2194/2622/2160 2260/2621/2226 2193/2620/2159
f 2261/2623/2227 2260/2621/2226 2194/2622/2160
f 2196/2624/2162 2261/2623/2227 2194/2622/2160
f 2266/2625/2230 2265/2626/2231 2264/2627/2232
f 2267/2628/2233 2266/2625/2230 2264/2627/2232
f 2267/2628/2233 2264/2627/2232 2268/2629/2234
f 2269/2630/2235 2267/2628/2233 2268/2629/2234
f 2266/2625/2230 2270/2631/2236 2265/2626/2231
f 2270/2631/2236 2271/2632/2237 2265/2626/2231
f 2270/2631/2236 2272/2633/2238 2271/2632/2237
f 2272/2633/2238 2273/2634/2239 2271/2632/2237
f 2274/2635/2240 2273/2634/2239 2272/2633/2238
f 2275/2636/2241 2274/2635/2240 2272/2633/2238
f 2276/2637/2242 2274/2635/2240 2275/2636/2241
f 2277/2638/2243 2276/2637/2242 2275/2636/2241
f 2277/2638/2243 2278/2639/2244 2276/2637/2242
f 2278/2639/2244 2279/2640/2245 2276/2637/2242
f 2278/2639/2244 2280/2641/2246 2279/2640/2245
f 2280/2641/2246 2281/2642/2247 2279/2640/2245
f 2280/2641/2246 2282/2643/2248 2281/2642/2247
f 2282/2643/2248 2283/2644/2249 2281/2642/2247
f 2282/2643/2248 2284/2645/2250 2283/2644/2249
f 2284/2645/2250 2285/2646/2251 2283/2644/2249
f 2284/2645/2250 2286/2647/2252 2285/2646/2251
f 2286/2647/2252 2287/2648/2253 2285/2646/2251
f 2286/2647/2252 2288/2649/2254 2287/2648/2253
f 2288/2649/2254 2289/2650/2255 2287/2648/2253
f 2288/2649/2254 2290/2651/2256 2289/2650/2255
f 2290/2651/2256 2291/2652/2257 2289/2650/2255
f 2290/2651/2256 2292/2653/2258 2291/2652/2257
f 2292/2653/2258 2293/2654/2259 2291/2652/2257
f 2292/2653/2258 2294/2655/2260 2293/2654/2259
f 2294/2655/2260 2295/2656/2261 2293/2654/2259
f 2294/2655/2260 2296/2657/2262 2295/2656/2261
f 2296/2657/2262 2297/2658/2263 2295/2656/2261
f 2296/2657/2262 2298/2659/2264 2297/2658/2263
f 2298/2659/2264 2299/2660/2265 2297/2658/2263
f 2298/2659/2264 2300/2661/2266 2299/2660/2265
f 2300/2661/2266 2301/2662/2267 2299/2660/2265
f 2300/2661/2266 2302/2663/2268 2301/2662/2267
f 2302/2663/2268 2303/2664/2269 2301/2662/2267
f 2302/2663/2268 2304/2665/2270 2303/2664/2269
f 2304/2665/2270 2305/2666/2271 2303/2664/2269
f 2304/2665/2270 2306/2667/2272 2305/2666/2271
f 2306/2667/2272 2307/2668/2273 2305/2666/2271
f 2306/2667/2272 2308/2669/2274 2307/2668/2273
f 2308/2669/2274 2309/2670/2275 2307/2668/2273
f 2308/2669/2274 2310/2671/2276 2309/2670/2275
f 2310/2671/2276 2311/2672/2277 2309/2670/2275
f 2312/2673/2278 2311/2672/2277 2310/2671/2276
f 2313/2674/2279 2312/2673/2278 2310/2671/2276
f 2316/2675/2280 2315/2676/2281 2314/2677/2282
f 2317/2678/2283 2316/2675/2280 2314/2677/2282
f 2317/2678/2283 2314/2677/2282 2318/2679/2284
f 2319/2680/2285 2317/2678/2283 2318/2679/2284
f 2316/2675/2280 2320/2681/2286 2315/2676/2281
f 2320/2681/2286 2321/2682/2287 2315/2676/2281
f 2320/2681/2286 2269/2630/2235 2321/2682/2287
f 2269/2630/2235 2268/2629/2234 2321/2682/2287
f 2323/2683/2288 2322/2684/2289 2266/2685/2230
f 2267/2686/2233 2323/2683/2288 2266/2685/2230
f 2323/2683/2288 2267/2686/2233 2324/2687/2290
f 2267/2686/2233 2269/2688/2235 2324/2687/2290
f 2266/2685/2230 2322/2684/2289 2270/2689/2236
f 2322/2684/2289 2325/2690/2291 2270/2689/2236
f 2270/2689/2236 2325/2690/2291 2272/2691/2238
f 2325/2690/2291 2326/2692/2292 2272/2691/2238
f 2275/2693/2241 2272/2691/2238 2326/2692/2292
f 2327/2694/2293 2275/2693/2241 2326/2692/2292
f 2277/2695/2243 2275/2693/2241 2327/2694/2293
f 2328/2696/2294 2277/2695/2243 2327/2694/2293
f 2278/2697/2244 2277/2695/2243 2328/2696/2294
f 2329/2698/2295 2278/2697/2244 2328/2696/2294
f 2280/2699/2246 2278/2697/2244 2329/2698/2295
f 2330/2700/2296 2280/2699/2246 2329/2698/2295
f 2282/2701/2248 2280/2699/2246 2330/2700/2296
f 2331/2702/2297 2282/2701/2248 2330/2700/2296
f 2284/2703/2250 2282/2701/2248 2331/2702/2297
f 2332/2704/2298 2284/2703/2250 2331/2702/2297
f 2286/2705/2252 2284/2703/2250 2332/2704/2298
f 2333/2706/2299 2286/2705/2252 2332/2704/2298
f 2288/2707/2254 2286/2705/2252 2333/2706/2299
f 2334/2708/2300 2288/2707/2254 2333/2706/2299
f 2290/2709/2256 2288/2707/2254 2334/2708/2300
f 2335/2710/2301 2290/2709/2256 2334/2708/2300
f 2292/2711/2258 2290/2709/2256 2335/2710/2301
f 2336/2712/2302 2292/2711/2258 2335/2710/2301
f 2294/2713/2260 2292/2711/2258 2336/2712/2302
f 2337/2714/2303 2294/2713/2260 2336/2712/2302
f 2296/2715/2262 2294/2713/2260 2337/2714/2303
f 2338/2716/2304 2296/2715/2262 2337/2714/2303
f 2298/2717/2264 2296/2715/2262 2338/2716/2304
f 2339/2718/2305 2298/2717/2264 2338/2716/2304
f 2300/2719/2266 2298/2717/2264 2339/2718/2305
f 2340/2720/2306 2300/2719/2266 2339/2718/2305
f 2302/2721/2268 2300/2719/2266 2340/2720/2306
f 2341/2722/2307 2302/2721/2268 2340/2720/2306
f 2304/2723/2270 2302/2721/2268 2341/2722/2307
f 2342/2724/2308 2304/2723/2270 2341/2722/2307
f 2306/2725/2272 2304/2723/2270 2342/2724/2308
f 2343/2726/2309 2306/2725/2272 2342/2724/2308
f 2306/2725/2272 2343/2726/2309 2308/2727/2274
f 2343/2726/2309 2344/2728/2310 2308/2727/2274
f 2308/2727/2274 2344/2728/2310 2310/2729/2276
f 2344/2728/2310 2345/2730/2311 2310/2729/2276
f 2313/2731/2279 2310/2729/2276 2345/2730/2311
f 2346/2732/2312 2313/2731/2279 2345/2730/2311
f 2347/2733/2313 2340/2720/2306 2339/2718/2305
f 2348/2734/2314 2347/2733/2313 2339/2718/2305
f 2349/2735/2315 2342/2724/2308 2341/2722/2307
f 2350/2736/2316 2349/2735/2315 2341/2722/2307
f 2350/2736/2316 2341/2722/2307 2340/2720/2306
f 2347/2733/2313 2350/2736/2316 2340/2720/2306
f 2351/2737/2317 2344/2728/2310 2343/2726/2309
f 2352/2738/2318 2351/2737/2317 2343/2726/2309
f 2352/2738/2318 2343/2726/2309 2342/2724/2308
f 2349/2735/2315 2352/2738/2318 2342/2724/2308
f 2353/2739/2319 2346/2732/2312 2345/2730/2311
f 2354/2740/2320 2353/2739/2319 2345/2730/2311
f 2354/2740/2320 2345/2730/2311 2344/2728/2310
f 2351/2737/2317 2354/2740/2320 2344/2728/2310
f 2301/2741/2267 2347/2733/2313 2348/2734/2314
f 2299/2742/2265 2301/2741/2267 2348/2734/2314
f 2299/2742/2265 2348/2734/2314 2355/2743/2321
f 2355/2743/2321 2348/2734/2314 2338/2716/2304
f 2355/2743/2321 2338/2716/2304 2337/2714/2303
f 2356/2744/2322 2355/2743/2321 2337/2714/2303
f 2356/2744/2322 2337/2714/2303 2336/2712/2302
f 2357/2745/2323 2356/2744/2322 2336/2712/2302
f 2357/2745/2323 2336/2712/2302 2335/2710/2301
f 2358/2746/2324 2357/2745/2323 2335/2710/2301
f 2358/2746/2324 2335/2710/2301 2334/2708/2300
f 2359/2747/2325 2358/2746/2324 2334/2708/2300
f 2359/2747/2325 2334/2708/2300 2333/2706/2299
f 2360/2748/2326 2359/2747/2325 2333/2706/2299
f 2360/2748/2326 2333/2706/2299 2332/2704/2298
f 2361/2749/2327 2360/2748/2326 2332/2704/2298
f 2361/2749/2327 2332/2704/2298 2331/2702/2297
f 2362/2750/2328 2361/2749/2327 2331/2702/2297
f 2362/2750/2328 2331/2702/2297 2330/2700/2296
f 2363/2751/2329 2362/2750/2328 2330/2700/2296
f 2363/2751/2329 2330/2700/2296 2329/2698/2295
f 2364/2752/2330 2363/2751/2329 2329/2698/2295
f 2364/2752/2330 2329/2698/2295 2328/2696/2294
f 2365/2753/2331 2364/2752/2330 2328/2696/2294
f 2365/2753/2331 2328/2696/2294 2327/2694/2293
f 2366/2754/2332 2365/2753/2331 2327/2694/2293
f 2366/2754/2332 2327/2694/2293 2326/2692/2292
f 2367/2755/2333 2366/2754/2332 2326/2692/2292
f 2367/2755/2333 2326/2692/2292 2325/2690/2291
f 2368/2756/2334 2367/2755/2333 2325/2690/2291
f 2368/2756/2334 2325/2690/2291 2322/2684/2289
f 2369/2757/2335 2368/2756/2334 2322/2684/2289
f 2369/2757/2335 2322/2684/2289 2323/2683/2288
f 2370/2758/2336 2369/2757/2335 2323/2683/2288
f 2370/2758/2336 2323/2683/2288 2324/2687/2290
f 2371/2759/2337 2370/2758/2336 2324/2687/2290
f 2371/2759/2337 2324/2687/2290 2372/2760/2338
f 2324/2687/2290 2269/2688/2235 2372/2760/2338
f 2269/2688/2235 2320/2761/2286 2372/2760/2338
f 2372/2760/2338 2320/2761/2286 2373/2762/2339
f 2320/2761/2286 2316/2763/2280 2373/2762/2339
f 2373/2762/2339 2316/2763/2280 2374/2764/2340
f 2316/2763/2280 2317/2765/2283 2374/2764/2340
f 2374/2764/2340 2317/2765/2283 2375/2766/2341
f 2317/2765/2283 2319/2767/2285 2375/2766/2341
f 2376/2768/2342 2373/2762/2339 2374/2764/2340
f 2377/2769/2343 2376/2768/2342 2374/2764/2340
f 2377/2769/2343 2374/2764/2340 2375/2766/2341
f 2378/2770/2344 2377/2769/2343 2375/2766/2341
f 2379/2771/2345 2371/2759/2337 2372/2760/2338
f 2379/2771/2345 2372/2760/2338 2373/2762/2339
f 2376/2768/2342 2379/2771/2345 2373/2762/2339
f 2264/2772/2232 2370/2758/2336 2371/2759/2337
f 2268/2773/2234 2264/2772/2232 2371/2759/2337
f 2268/2773/2234 2371/2759/2337 2379/2771/2345
f 2315/2774/2281 2376/2768/2342 2377/2769/2343
f 2380/2775/2346 2315/2774/2281 2377/2769/2343
f 2380/2775/2346 2377/2769/2343 2378/2770/2344
f 2318/2776/2284 2380/2775/2346 2378/2770/2344
f 2321/2777/2287 2268/2773/2234 2379/2771/2345
f 2321/2777/2287 2379/2771/2345 2376/2768/2342
f 2315/2774/2281 2321/2777/2287 2376/2768/2342
f 2314/2778/2282 2380/2775/2346 2318/2776/2284
f 2314/2778/2282 2315/2774/2281 2380/2775/2346
f 2264/2772/2232 2265/2779/2231 2370/2758/2336
f 2265/2779/2231 2369/2757/2335 2370/2758/2336
f 2265/2779/2231 2271/2780/2237 2369/2757/2335
f 2271/2780/2237 2368/2756/2334 2369/2757/2335
f 2271/2780/2237 2273/2781/2239 2368/2756/2334
f 2273/2781/2239 2367/2755/2333 2368/2756/2334
f 2273/2781/2239 2274/2782/2240 2367/2755/2333
f 2274/2782/2240 2366/2754/2332 2367/2755/2333
f 2274/2782/2240 2276/2783/2242 2366/2754/2332
f 2276/2783/2242 2365/2753/2331 2366/2754/2332
f 2276/2783/2242 2279/2784/2245 2365/2753/2331
f 2279/2784/2245 2364/2752/2330 2365/2753/2331
f 2279/2784/2245 2281/2785/2247 2364/2752/2330
f 2281/2785/2247 2363/2751/2329 2364/2752/2330
f 2281/2785/2247 2283/2786/2249 2363/2751/2329
f 2283/2786/2249 2362/2750/2328 2363/2751/2329
f 2283/2786/2249 2285/2787/2251 2362/2750/2328
f 2285/2787/2251 2361/2749/2327 2362/2750/2328
f 2285/2787/2251 2287/2788/2253 2361/2749/2327
f 2287/2788/2253 2360/2748/2326 2361/2749/2327
f 2287/2788/2253 2289/2789/2255 2360/2748/2326
f 2289/2789/2255 2359/2747/2325 2360/2748/2326
f 2289/2789/2255 2291/2790/2257 2359/2747/2325
f 2291/2790/2257 2358/2746/2324 2359/2747/2325
f 2291/2790/2257 2293/2791/2259 2358/2746/2324
f 2293/2791/2259 2357/2745/2323 2358/2746/2324
f 2293/2791/2259 2295/2792/2261 2357/2745/2323
f 2295/2792/2261 2356/2744/2322 2357/2745/2323
f 2295/2792/2261 2297/2793/2263 2356/2744/2322
f 2297/2793/2263 2355/2743/2321 2356/2744/2322
f 2297/2793/2263 2299/2742/2265 2355/2743/2321
f 2348/2734/2314 2339/2718/2305 2338/2716/2304
f 2305/2794/2271 2349/2735/2315 2350/2736/2316
f 2303/2795/2269 2305/2794/2271 2350/2736/2316
f 2303/2795/2269 2350/2736/2316 2347/2733/2313
f 2301/2741/2267 2303/2795/2269 2347/2733/2313
f 2305/2794/2271 2307/2796/2273 2349/2735/2315
f 2307/2796/2273 2352/2738/2318 2349/2735/2315
f 2307/2796/2273 2309/2797/2275 2352/2738/2318
f 2309/2797/2275 2351/2737/2317 2352/2738/2318
f 2309/2797/2275 2311/2798/2277 2351/2737/2317
f 2311/2798/2277 2354/2740/2320 2351/2737/2317
f 2311/2798/2277 2312/2799/2278 2354/2740/2320
f 2312/2799/2278 2353/2739/2319 2354/2740/2320
