# Blender 4.4.0
# www.blender.org
mtllib Reina2_d1.mtl
o atomeve
v -0.942491 6.871823 6.378254
v -0.948242 6.927071 6.411826
v -0.961999 6.946639 6.373199
v -0.936907 6.820668 6.344955
v -0.906393 6.858317 6.393998
v -0.910671 6.812275 6.361976
v -0.943573 6.836251 6.314283
v -0.939060 6.779624 6.319876
v -0.887096 6.654358 6.315613
v -0.882258 6.697146 6.296477
v -0.872540 6.650881 6.347474
v -0.913864 6.663361 6.286441
v -0.910128 6.684750 6.275864
v -0.966389 6.667552 6.338740
v -0.956134 6.693244 6.355508
v -0.952513 6.714983 6.306453
v -0.937351 6.692259 6.282400
v -0.916910 6.646021 6.294925
v -0.880451 6.598410 6.372344
v -0.874693 6.630473 6.371349
v -0.892346 6.624758 6.401474
v -0.926755 6.674979 6.391806
v -0.964389 6.659184 6.377797
v -0.929358 6.642533 6.402914
v -0.885998 6.657700 6.391051
v -0.948594 6.654973 6.302943
v -0.952912 6.629021 6.315134
v -0.925825 6.544667 6.411316
v -0.962244 6.625918 6.382752
v -0.967340 6.607729 6.360443
v -0.957871 6.591820 6.334380
v -0.921856 6.583905 6.319976
v -0.925992 6.520916 6.343689
v -0.889374 6.623049 6.327115
v -0.894935 6.585373 6.335993
v -0.901110 6.523646 6.361481
v -0.892535 6.305405 6.483169
v -0.892373 6.332892 6.475013
v -0.905240 6.308926 6.492656
v -0.923537 6.303435 6.486512
v -0.907972 6.336928 6.486290
v -0.929008 6.330979 6.481569
v -0.930762 6.347138 6.472616
v -0.935126 6.292243 6.465838
v -0.942505 6.314492 6.454706
v -0.944825 6.347777 6.438210
v -0.952492 6.287632 6.431770
v -0.958041 6.302859 6.408910
v -0.965723 6.262970 6.389113
v -0.945666 6.274542 6.443514
v -0.965250 6.247853 6.403318
v -0.962583 6.227873 6.375557
v -0.962217 6.223341 6.379169
v -0.963022 6.242352 6.407210
v -0.951822 6.207245 6.340417
v -0.949707 6.203463 6.342739
v -0.938986 6.201705 6.336029
v -0.963377 6.239842 6.365108
v -0.940760 6.205697 6.333067
v -0.925926 6.204688 6.335931
v -0.951541 6.218873 6.332102
v -0.942990 6.219828 6.326785
v -0.938805 6.249634 6.347358
v -0.927600 6.208077 6.332656
v -0.906213 6.227040 6.357488
v -0.905426 6.221558 6.360596
v -0.933187 6.220587 6.326393
v -0.910807 6.242798 6.347973
v -0.901889 6.259078 6.363441
v -0.895606 6.247674 6.383542
v -0.896782 6.294474 6.421631
v -0.898693 6.304566 6.411275
v -0.893550 6.334389 6.442060
v -0.899005 6.277825 6.435796
v -0.894481 6.240847 6.387032
v -0.894291 6.294558 6.461752
v -0.893855 6.318919 6.447982
v -0.832170 7.483674 6.417917
v -0.806254 7.477240 6.414990
v -0.806254 7.468771 6.411249
v -0.851144 7.500540 6.430256
v -0.850333 7.468235 6.408029
v -0.883228 7.467831 6.410740
v -0.912478 7.455641 6.505296
v -0.914694 7.474719 6.480716
v -0.916389 7.449139 6.458850
v -0.915285 7.447541 6.523678
v -0.907834 7.428006 6.489236
v -0.919823 7.475661 6.534907
v -0.909895 7.401320 6.539709
v -0.908909 7.412283 6.511455
v -0.895787 7.373831 6.490585
v -0.921102 7.434500 6.546631
v -0.900296 7.394545 6.563299
v -0.918080 7.431973 6.569221
v -0.896135 7.368927 6.531028
v -0.877613 7.400170 6.586703
v -0.860918 7.506981 6.623996
v -0.920614 7.521500 6.612838
v -0.865738 7.471251 6.619287
v -0.831115 7.343754 6.570575
v -0.853175 7.340889 6.562797
v -0.830143 7.312949 6.562012
v -0.806254 7.345078 6.571586
v -0.835263 7.371554 6.581101
v -0.862168 7.368712 6.574251
v -0.814234 7.470948 6.623446
v -0.814306 7.508938 6.626595
v -0.806730 7.620369 6.585221
v -0.823621 7.620190 6.586027
v -0.839268 7.591721 6.598454
v -0.806246 7.648644 6.574738
v -0.806254 7.498370 6.432682
v -0.830708 7.500025 6.432219
v -0.830470 7.518349 6.450104
v -0.815570 7.650824 6.450991
v -0.806254 7.649645 6.448226
v -0.806254 7.638726 6.454537
v -0.813839 7.660893 6.448157
v -0.806254 7.659472 6.447740
v -0.806254 7.664610 6.439467
v -0.820730 7.663626 6.451566
v -0.823546 7.654543 6.456771
v -0.830626 7.665186 6.458475
v -0.813573 7.665621 6.440621
v -0.819704 7.668341 6.445046
v -0.813370 7.670189 6.440778
v -0.806254 7.669569 6.439626
v -0.806254 7.673541 6.442170
v -0.818474 7.671000 6.443863
v -0.826415 7.669144 6.453180
v -0.811418 7.674056 6.443135
v -0.825057 7.671629 6.452205
v -0.828335 7.671910 6.453035
v -0.812317 7.681033 6.436747
v -0.806254 7.680758 6.435733
v -0.806254 7.685032 6.437951
v -0.818597 7.673176 6.445783
v -0.821338 7.677121 6.444556
v -0.811175 7.686007 6.439488
v -0.806254 7.689953 6.438797
v -0.826850 7.674138 6.451302
v -0.823153 7.684929 6.447190
v -0.817233 7.692229 6.444386
v -0.810771 7.690537 6.439850
v -0.806254 7.692404 6.436296
v -0.831629 7.679698 6.452638
v -0.810204 7.694272 6.437669
v -0.834346 7.673716 6.456796
v -0.827953 7.693139 6.448746
v -0.838016 7.685774 6.454708
v -0.812017 7.696318 6.431023
v -0.806254 7.695632 6.428816
v -0.806254 7.700139 6.425781
v -0.811893 7.701302 6.427773
v -0.806254 7.707098 6.429518
v -0.864083 7.731678 6.517533
v -0.865951 7.729144 6.518466
v -0.872404 7.735724 6.528249
v -0.864214 7.721611 6.515240
v -0.863658 7.738070 6.504463
v -0.861592 7.740124 6.486801
v -0.861386 7.726267 6.482360
v -0.860827 7.767569 6.486019
v -0.858850 7.756920 6.474639
v -0.859045 7.736344 6.476170
v -0.853079 7.777180 6.466168
v -0.853768 7.789864 6.476105
v -0.840011 7.795256 6.464367
v -0.839426 7.778996 6.453698
v -0.823330 7.797013 6.456883
v -0.852437 7.763548 6.459615
v -0.823060 7.779164 6.446781
v -0.806254 7.797448 6.454736
v -0.806254 7.778134 6.444384
v -0.838816 7.763213 6.447556
v -0.822100 7.756148 6.441329
v -0.806254 7.758252 6.440221
v -0.851274 7.751603 6.454941
v -0.857463 7.745408 6.465776
v -0.806254 7.746611 6.440300
v -0.812760 7.747090 6.440450
v -0.817668 7.699717 6.437444
v -0.815567 7.705159 6.440652
v -0.819082 7.698418 6.445648
v -0.816577 7.711869 6.443225
v -0.816140 7.695828 6.436275
v -0.819525 7.697140 6.442283
v -0.818170 7.693636 6.442126
v -0.823693 7.708668 6.447650
v -0.695357 6.875607 6.573690
v -0.683090 6.939337 6.572853
v -0.729907 6.941590 6.591913
v -0.681326 6.869320 6.535928
v -0.664947 6.933161 6.531660
v -0.706873 6.815419 6.572585
v -0.733694 6.876528 6.589901
v -0.696667 6.810969 6.539356
v -0.734773 6.820317 6.588270
v -0.738781 6.770680 6.592600
v -0.773545 6.815100 6.589067
v -0.697814 6.635066 6.613343
v -0.711278 6.628783 6.574156
v -0.717936 6.668849 6.558414
v -0.709140 6.659522 6.633927
v -0.705417 6.621546 6.650206
v -0.743756 6.637780 6.661551
v -0.744265 6.604008 6.668054
v -0.784852 6.623580 6.653203
v -0.781588 6.589161 6.659429
v -0.773870 6.630610 6.578817
v -0.774698 6.597933 6.585831
v -0.792699 6.623768 6.607760
v -0.742012 6.623200 6.561024
v -0.753726 6.506388 6.661610
v -0.702728 6.572897 6.626051
v -0.709914 6.601166 6.582881
v -0.709848 6.588137 6.649958
v -0.743532 6.558030 6.577184
v -0.790782 6.567954 6.625517
v -0.794762 6.600163 6.628489
v -0.709412 6.561415 6.596972
v -0.772242 6.559102 6.589753
v -0.745717 6.492239 6.591802
v -0.772584 6.494172 6.606551
v -0.777046 6.505721 6.644833
v -0.807871 6.260693 6.693248
v -0.806095 6.290005 6.689281
v -0.801601 6.279826 6.660869
v -0.803399 6.252760 6.670754
v -0.795673 6.258179 6.631772
v -0.800448 6.296233 6.657327
v -0.795026 6.239480 6.643244
v -0.792587 6.269787 6.623417
v -0.791604 6.218007 6.586719
v -0.777647 6.202130 6.558930
v -0.783177 6.232754 6.569521
v -0.778696 6.196211 6.560981
v -0.755186 6.183598 6.536455
v -0.753202 6.187478 6.534001
v -0.740140 6.185032 6.535557
v -0.742178 6.180609 6.537593
v -0.730035 6.185318 6.544308
v -0.732340 6.181208 6.545712
v -0.724484 6.194762 6.586126
v -0.723778 6.199828 6.583377
v -0.727267 6.208909 6.616765
v -0.724692 6.214938 6.614163
v -0.721980 6.213356 6.575203
v -0.722830 6.232195 6.602792
v -0.729546 6.198159 6.538042
v -0.737437 6.200001 6.531989
v -0.747139 6.200839 6.530580
v -0.744488 6.226008 6.556547
v -0.772247 6.219233 6.552741
v -0.747808 6.242665 6.570435
v -0.741408 6.249419 6.647046
v -0.733365 6.268075 6.627853
v -0.754430 6.272030 6.672783
v -0.763396 6.248564 6.679338
v -0.749513 6.234536 6.655634
v -0.770763 6.285079 6.699962
v -0.777522 6.256939 6.699992
v -0.748338 6.306874 6.661573
v -0.767037 6.302332 6.693734
v -0.791935 6.291584 6.702852
v -0.796403 6.262150 6.704656
v -0.780338 7.483674 6.417917
v -0.762176 7.468235 6.408029
v -0.761365 7.500538 6.430256
v -0.757927 7.518820 6.453133
v -0.728222 7.498692 6.434813
v -0.704238 7.454342 6.507889
v -0.699188 7.473906 6.481761
v -0.705182 7.484486 6.524094
v -0.701267 7.472830 6.540551
v -0.703668 7.445614 6.527803
v -0.706318 7.427477 6.490114
v -0.707117 7.411263 6.513601
v -0.708413 7.399842 6.543421
v -0.700826 7.431603 6.553022
v -0.719451 7.393342 6.567532
v -0.707441 7.429087 6.577374
v -0.743990 7.400132 6.590963
v -0.771377 7.518435 6.624331
v -0.766744 7.477761 6.623590
v -0.727801 7.530234 6.622723
v -0.739119 7.570574 6.608846
v -0.751821 7.368704 6.574988
v -0.781393 7.343754 6.570575
v -0.759333 7.340889 6.562797
v -0.782366 7.312949 6.562012
v -0.806254 7.311331 6.562633
v -0.777566 7.371615 6.581290
v -0.778476 7.561368 6.613535
v -0.807711 7.594447 6.597127
v -0.775792 7.602036 6.591496
v -0.789248 7.626687 6.581054
v -0.771955 7.624878 6.566939
v -0.789311 7.648371 6.572754
v -0.781800 7.500025 6.432219
v -0.782038 7.518349 6.450104
v -0.792991 6.210785 6.588839
v -0.796938 7.650824 6.450991
v -0.796660 7.640133 6.456532
v -0.788963 7.654543 6.456771
v -0.798669 7.660893 6.448157
v -0.791778 7.663626 6.451566
v -0.798935 7.665621 6.440621
v -0.792805 7.668341 6.445046
v -0.799139 7.670189 6.440778
v -0.794035 7.671000 6.443863
v -0.786093 7.669144 6.453180
v -0.781883 7.665186 6.458475
v -0.801091 7.674056 6.443135
v -0.787452 7.671629 6.452205
v -0.784173 7.671910 6.453035
v -0.800192 7.681033 6.436747
v -0.793912 7.673176 6.445783
v -0.791171 7.677121 6.444556
v -0.801333 7.686007 6.439488
v -0.785658 7.674138 6.451302
v -0.789355 7.684929 6.447190
v -0.795276 7.692229 6.444386
v -0.801738 7.690537 6.439850
v -0.780880 7.679698 6.452638
v -0.802305 7.694272 6.437669
v -0.778163 7.673716 6.456796
v -0.784555 7.693139 6.448746
v -0.774493 7.685774 6.454708
v -0.800491 7.696318 6.431023
v -0.800615 7.701302 6.427773
v -0.748426 7.731678 6.517533
v -0.746193 7.737216 6.527359
v -0.740104 7.735724 6.528249
v -0.748850 7.738070 6.504463
v -0.748294 7.721611 6.515240
v -0.749901 7.718403 6.497225
v -0.751122 7.726267 6.482360
v -0.750916 7.740124 6.486801
v -0.759429 7.777180 6.466168
v -0.751681 7.767569 6.486019
v -0.753659 7.756920 6.474639
v -0.772498 7.795256 6.464367
v -0.758740 7.789864 6.476105
v -0.773082 7.778996 6.453698
v -0.789179 7.797013 6.456883
v -0.760072 7.763548 6.459615
v -0.789449 7.779164 6.446781
v -0.773692 7.763213 6.447556
v -0.790408 7.756148 6.441329
v -0.755046 7.745408 6.465776
v -0.761234 7.751603 6.454941
v -0.799748 7.747090 6.440450
v -0.800002 7.737561 6.443108
v -0.802075 7.706940 6.431267
v -0.796941 7.705159 6.440652
v -0.794841 7.699717 6.437444
v -0.793427 7.698418 6.445648
v -0.795931 7.711869 6.443225
v -0.796368 7.695828 6.436275
v -0.792983 7.697140 6.442283
v -0.794339 7.693636 6.442126
v -0.775317 7.792307 6.469873
v -0.805769 7.785244 6.454337
v -0.805021 7.789296 6.448686
v -0.781292 7.799202 6.436786
v -0.768380 7.785281 6.435685
v -0.761930 7.763756 6.439338
v -0.764512 7.771077 6.469384
v -0.753340 7.430941 6.669325
v -0.774961 7.439486 6.660577
v -0.767412 7.475735 6.651940
v -0.768910 7.401085 6.673042
v -0.806154 7.442086 6.658760
v -0.806162 7.478459 6.650019
v -0.782654 7.400961 6.669971
v -0.782339 7.380448 6.671779
v -0.787297 7.388051 6.671107
v -0.789725 7.385558 6.674748
v -0.787573 7.398932 6.666788
v -0.804252 7.360629 6.669331
v -0.806838 7.404953 6.665937
v -0.807638 7.367423 6.672533
v -0.811088 7.359892 6.671083
v -0.828390 7.397664 6.668435
v -0.838508 7.436581 6.661514
v -0.847288 7.474495 6.651296
v -0.843421 7.436158 6.666655
v -0.836227 7.405083 6.675099
v -0.851245 7.434054 6.661854
v -0.873968 7.468970 6.656956
v -0.880848 7.502923 6.655758
v -0.869790 7.510251 6.639025
v -0.863132 7.431048 6.667056
v -0.894541 7.429213 6.651256
v -0.904660 7.452988 6.645173
v -0.895215 7.456460 6.656500
v -0.848894 7.402508 6.669353
v -0.843585 7.402768 6.666723
v -0.838221 7.385352 6.668897
v -0.864607 7.745890 6.476007
v -0.867533 7.726136 6.482926
v -0.857752 7.737280 6.455176
v -0.846946 7.755900 6.432640
v -0.855414 7.763787 6.466385
v -0.838811 7.776001 6.423540
v -0.854008 7.758748 6.480016
v -0.858038 7.726223 6.508492
v -0.848331 7.779400 6.459826
v -0.841404 7.779263 6.465239
v -0.829599 7.800875 6.436156
v -0.831209 7.808035 6.425353
v -0.817099 7.800110 6.436948
v -0.834531 7.792830 6.457600
v -0.826931 7.789361 6.463881
v -0.819406 7.795186 6.442413
v -0.857133 7.717165 6.533700
v -0.866747 7.724257 6.509685
v -0.869736 7.742707 6.478353
v -0.867377 7.736004 6.526957
v -0.872853 7.744706 6.481067
v -0.873783 7.772246 6.518986
v -0.868779 7.772912 6.462313
v -0.874394 7.743416 6.470541
v -0.869465 7.739548 6.457647
v -0.862008 7.763525 6.436894
v -0.854198 7.783934 6.429219
v -0.842692 7.801699 6.427554
v -0.860605 7.791430 6.458213
v -0.846773 7.809527 6.453185
v -0.830075 7.818081 6.452778
v -0.851292 7.820702 6.491841
v -0.816792 7.809399 6.446115
v -0.805835 7.794554 6.448372
v -0.807617 7.811444 6.464029
v -0.831751 7.832396 6.486298
v -0.805230 7.824730 6.486925
v -0.829581 7.837916 6.514245
v -0.805754 7.838185 6.515696
v -0.843955 7.829529 6.527959
v -0.822885 7.840737 6.538606
v -0.806470 7.842515 6.547218
v -0.834440 7.832127 6.559157
v -0.807073 7.835083 6.573310
v -0.794339 7.842295 6.539120
v -0.784475 7.838719 6.517637
v -0.781236 7.833815 6.559447
v -0.765732 7.826581 6.528666
v -0.769723 7.809586 6.586917
v -0.779754 7.832646 6.487815
v -0.758795 7.818375 6.495262
v -0.747891 7.800698 6.549592
v -0.777703 7.821677 6.459606
v -0.780011 7.809641 6.436161
v -0.757361 7.807967 6.463637
v -0.739125 7.788939 6.506577
v -0.763112 7.790854 6.437082
v -0.741381 7.776669 6.469023
v -0.753402 7.766287 6.440836
v -0.747444 7.722060 6.452713
v -0.734089 7.741217 6.478544
v -0.729723 7.755457 6.515393
v -0.739808 7.727072 6.457479
v -0.724154 7.704644 6.485846
v -0.726518 7.710001 6.496614
v -0.910427 7.451691 6.652323
v -0.920768 7.489636 6.643886
v -0.908582 7.452607 6.657907
v -0.918147 7.492795 6.657304
v -0.902950 7.454255 6.661483
v -0.907727 7.492703 6.665357
v -0.893027 7.492951 6.657303
v -0.882738 7.469073 6.682503
v -0.890695 7.506314 6.673668
v -0.867026 7.429965 6.681501
v -0.850520 7.436188 6.691069
v -0.854513 7.476635 6.696321
v -0.850403 7.401339 6.675589
v -0.842759 7.403016 6.681123
v -0.845086 7.438323 6.690309
v -0.850529 7.477631 6.695349
v -0.828854 7.395892 6.684313
v -0.832125 7.441857 6.706923
v -0.837436 7.481966 6.709407
v -0.819332 7.394866 6.693256
v -0.811712 7.397976 6.692363
v -0.806331 7.443249 6.708818
v -0.805433 7.398926 6.693504
v -0.793363 7.399411 6.691052
v -0.779822 7.440135 6.701035
v -0.771198 7.478718 6.708150
v -0.782919 7.408604 6.687252
v -0.769435 7.401389 6.682208
v -0.753618 7.431666 6.686055
v -0.736374 7.474570 6.683393
v -0.738498 7.472947 6.659538
v -0.806254 7.538802 6.619632
v -0.806254 7.558615 6.609604
v -0.845915 7.560286 6.606723
v -0.848797 7.540963 6.616446
v -0.856807 7.482831 6.625826
v -0.806254 7.482316 6.633231
v -0.885391 7.565161 6.599089
v -0.806254 7.413430 6.653232
v -0.890682 7.549067 6.611330
v -0.923642 7.572054 6.586251
v -0.930991 7.558283 6.598042
v -0.950159 7.496232 6.612071
v -0.904659 7.489958 6.627477
v -0.970520 7.418683 6.626084
v -0.919580 7.417330 6.646641
v -0.990025 7.347622 6.633315
v -0.865979 7.412114 6.640034
v -0.806254 7.340800 6.675825
v -0.873812 7.339121 6.656629
v -0.806254 7.273242 6.696997
v -0.933311 7.344981 6.665821
v -1.007326 7.274849 6.636214
v -0.878320 7.268950 6.672382
v -0.806254 7.207839 6.715961
v -0.878848 7.198529 6.683969
v -0.946286 7.275584 6.682829
v -1.019470 7.198092 6.636579
v -0.959761 7.207621 6.696270
v -0.806254 7.538586 6.618812
v -0.848797 7.540747 6.615624
v -0.856807 7.482615 6.625006
v -0.806254 7.482100 6.632411
v -0.806254 7.413214 6.652411
v -0.890682 7.548851 6.610509
v -0.904659 7.489745 6.626655
v -0.919580 7.417115 6.645820
v -0.865979 7.411900 6.639214
v -0.806254 7.340584 6.675004
v -0.873812 7.338908 6.655807
v -0.806254 7.273026 6.696176
v -0.933311 7.344765 6.665000
v -0.878320 7.268734 6.671560
v -0.946286 7.275368 6.682008
v -0.766594 7.560286 6.606723
v -0.763712 7.540963 6.616446
v -0.755702 7.482831 6.625826
v -0.727118 7.565161 6.599089
v -0.721826 7.549067 6.611330
v -0.688866 7.572054 6.586251
v -0.681518 7.558283 6.598042
v -0.662349 7.496232 6.612071
v -0.707850 7.489958 6.627477
v -0.641989 7.418683 6.626084
v -0.692928 7.417330 6.646641
v -0.622483 7.347622 6.633315
v -0.746530 7.412114 6.640034
v -0.738696 7.339121 6.656629
v -0.679197 7.344981 6.665821
v -0.605182 7.274849 6.636214
v -0.734189 7.268950 6.672382
v -0.733660 7.198529 6.683969
v -0.666223 7.275584 6.682829
v -0.593038 7.198092 6.636578
v -0.652747 7.207621 6.696270
v -0.763712 7.540747 6.615624
v -0.755702 7.482615 6.625006
v -0.721826 7.548851 6.610509
v -0.707850 7.489745 6.626655
v -0.692928 7.417115 6.645820
v -0.746530 7.411900 6.639214
v -0.738696 7.338908 6.655807
v -0.679197 7.344765 6.665000
v -0.734189 7.268734 6.671560
v -0.666223 7.275368 6.682008
v -0.767834 7.735518 6.450342
v -0.768694 7.737246 6.452261
v -0.760344 7.735108 6.454528
v -0.776414 7.736010 6.449289
v -0.776294 7.737309 6.450622
v -0.768643 7.733550 6.452137
v -0.764773 7.731408 6.455680
v -0.767975 7.734875 6.455154
v -0.776379 7.734900 6.450378
v -0.776027 7.736243 6.451704
v -0.783937 7.734860 6.452952
v -0.844674 7.735518 6.450342
v -0.843814 7.737246 6.452261
v -0.836215 7.737309 6.450622
v -0.836094 7.736010 6.449289
v -0.843865 7.733550 6.452137
v -0.847736 7.731408 6.455680
v -0.836129 7.734900 6.450378
v -0.844533 7.734875 6.455154
v -0.836482 7.736243 6.451704
v -0.828571 7.734860 6.452952
v -0.594041 7.474698 6.325277
v -0.578879 7.487019 6.328851
v -0.580779 7.489220 6.357536
v -0.594235 7.473948 6.313107
v -0.579377 7.485169 6.315002
v -0.590003 7.507908 6.325660
v -0.591605 7.504885 6.334821
v -0.601638 7.494092 6.361941
v -0.581677 7.501883 6.290397
v -0.578723 7.491890 6.289217
v -0.580859 7.494694 6.258240
v -0.577901 7.497885 6.269778
v -0.587940 7.486063 6.270432
v -0.614896 7.505034 6.342869
v -0.621353 7.480317 6.360563
v -0.578053 7.501025 6.257969
v -0.588936 7.516259 6.293171
v -0.599877 7.526364 6.295601
v -0.575527 7.502688 6.239545
v -0.578954 7.497569 6.241658
v -0.579054 7.498171 6.225471
v -0.582046 7.499665 6.207710
v -0.579386 7.501641 6.209603
v -0.576216 7.502406 6.225279
v -0.585462 7.504223 6.207513
v -0.582519 7.505957 6.209178
v -0.580188 7.508051 6.225285
v -0.585754 7.507477 6.225393
v -0.579895 7.508761 6.239531
v -0.587096 7.507624 6.240891
v -0.580200 7.508620 6.244564
v -0.589548 7.507411 6.254287
v -0.582135 7.507132 6.257780
v -0.590641 7.510117 6.257687
v -0.587681 7.522727 6.261087
v -0.589946 7.514119 6.255907
v -0.592583 7.529049 6.262985
v -0.587779 7.524186 6.271466
v -0.586462 7.530407 6.244873
v -0.588836 7.524048 6.240439
v -0.587269 7.531529 6.240009
v -0.593700 7.533568 6.202051
v -0.592352 7.536210 6.204494
v -0.588648 7.534243 6.223177
v -0.599497 7.537289 6.203425
v -0.596428 7.539475 6.205822
v -0.593988 7.539004 6.224502
v -0.600068 7.536408 6.224784
v -0.592455 7.535573 6.246588
v -0.599685 7.534136 6.242626
v -0.627403 7.540930 6.279830
v -0.623685 7.530236 6.300163
v -0.620615 7.542248 6.281413
v -0.614258 7.575837 6.216099
v -0.615105 7.577925 6.219310
v -0.614846 7.570992 6.239085
v -0.621475 7.577244 6.216742
v -0.620445 7.578364 6.219669
v -0.626486 7.488303 6.324841
v -0.612788 7.480990 6.326660
v -0.623169 7.492569 6.337736
v -0.628671 7.499192 6.333109
v -0.674579 7.515492 6.263204
v -0.668867 7.516238 6.276146
v -0.672148 7.521426 6.275205
v -0.676235 7.519497 6.263694
v -0.663597 7.530488 6.269978
v -0.678437 7.518702 6.251115
v -0.662495 7.525679 6.256253
v -0.666601 7.529257 6.258335
v -0.658935 7.528231 6.269945
v -0.671053 7.525670 6.247935
v -0.679188 7.522238 6.252936
v -0.673570 7.527937 6.249687
v -0.676038 7.517052 6.250285
v -0.670525 7.522271 6.247638
v -0.668948 7.512068 6.263862
v -0.659201 7.521948 6.259822
v -0.644534 7.499913 6.309595
v -0.635665 7.497523 6.296883
v -0.614419 7.485772 6.311943
v -0.588074 7.492836 6.258443
v -0.604098 7.500126 6.271924
v -0.585074 7.496180 6.241971
v -0.584010 7.498509 6.209994
v -0.587382 7.502356 6.209842
v -0.588365 7.502823 6.225125
v -0.589593 7.502566 6.241340
v -0.593769 7.501952 6.255938
v -0.596764 7.512261 6.255965
v -0.598171 7.503977 6.261539
v -0.603408 7.518483 6.256702
v -0.594544 7.522219 6.238933
v -0.596102 7.530850 6.204217
v -0.600432 7.533877 6.205128
v -0.594946 7.525383 6.223584
v -0.600630 7.529881 6.224396
v -0.616113 7.572232 6.216164
v -0.612220 7.565264 6.236515
v -0.621208 7.573348 6.216911
v -0.623883 7.563099 6.234820
v -1.091334 7.598935 6.188038
v -1.072789 7.596608 6.182457
v -1.093332 7.600613 6.217167
v -1.088316 7.618102 6.220197
v -1.098893 7.616316 6.193775
v -1.067083 7.613944 6.217306
v -1.103381 7.614213 6.180897
v -1.095553 7.597821 6.176716
v -1.082238 7.630593 6.182978
v -1.079255 7.627831 6.191873
v -1.110112 7.619898 6.155807
v -1.105614 7.604758 6.156148
v -1.103579 7.627261 6.154149
v -1.055694 7.593558 6.212417
v -1.056577 7.619256 6.192227
v -1.117776 7.627581 6.125107
v -1.112218 7.631470 6.122817
v -1.123648 7.629439 6.112848
v -1.117657 7.620667 6.125567
v -1.053433 7.626067 6.179293
v -1.076865 7.640778 6.147914
v -1.131796 7.623225 6.076855
v -1.132705 7.626173 6.079100
v -1.127194 7.625971 6.074910
v -1.128516 7.628808 6.077065
v -1.119684 7.629340 6.091116
v -1.124303 7.632147 6.092567
v -1.125539 7.629593 6.108246
v -1.119483 7.633332 6.105944
v -1.113251 7.629380 6.105279
v -1.117576 7.633225 6.110612
v -1.104729 7.635422 6.119104
v -1.097273 7.637915 6.116940
v -1.109594 7.638993 6.102074
v -1.107055 7.627432 6.116200
v -1.112204 7.633166 6.058548
v -1.118977 7.632151 6.060105
v -1.118259 7.635453 6.061932
v -1.114836 7.638152 6.080578
v -1.108109 7.640282 6.078799
v -1.113130 7.636801 6.060972
v -1.102018 7.641259 6.100337
v -1.097890 7.636258 6.095047
v -1.103453 7.641409 6.095483
v -1.092338 7.632231 6.110863
v -1.090079 7.640666 6.128242
v -1.090163 7.634018 6.113728
v -1.060048 7.647282 6.125636
v -1.070050 7.646687 6.126210
v -1.054994 7.635966 6.144565
v -1.065567 7.650811 6.117351
v -1.057487 7.648388 6.114484
v -1.055427 7.643219 6.122359
v -1.056055 7.638300 6.117167
v -1.077953 7.676333 6.060175
v -1.075232 7.678219 6.062483
v -1.071060 7.674624 6.058165
v -1.058702 7.597739 6.174774
v -1.044270 7.600405 6.152569
v -1.049908 7.607914 6.179612
v -1.026702 7.602515 6.096156
v -1.025395 7.606715 6.107713
v -1.029700 7.599469 6.097031
v -1.029633 7.600022 6.083953
v -1.039144 7.613091 6.092197
v -1.036374 7.617810 6.105491
v -1.033596 7.614886 6.092136
v -1.034759 7.609099 6.081840
v -1.031160 7.610302 6.082229
v -1.027097 7.603089 6.084690
v -1.040361 7.549288 6.409003
v -1.051824 7.562941 6.418789
v -1.037544 7.547747 6.414348
v -1.047494 7.525174 6.405995
v -1.035409 7.565552 6.437327
v -1.027492 7.535477 6.416148
v -1.032581 7.599404 6.084257
v -1.036502 7.606177 6.082422
v -1.035519 7.598614 6.100075
v -1.041992 7.611235 6.097291
v -1.074354 7.599457 6.167005
v -1.057381 7.600832 6.143970
v -1.112296 7.615660 6.123959
v -1.110905 7.609803 6.136411
v -1.129768 7.621432 6.078611
v -1.125459 7.623549 6.076839
v -1.119281 7.624020 6.090852
v -1.118947 7.619812 6.108767
v -1.112891 7.623757 6.105803
v -1.107683 7.627022 6.117004
v -1.105652 7.620060 6.118279
v -1.101290 7.615183 6.121518
v -1.094307 7.609515 6.130485
v -1.102240 7.621233 6.114544
v -1.106006 7.626744 6.119027
v -1.094214 7.623621 6.111340
v -1.107854 7.627318 6.096748
v -1.117030 7.629029 6.062180
v -1.112382 7.627619 6.081743
v -1.111930 7.629988 6.060838
v -1.077658 7.672162 6.060392
v -1.072629 7.671084 6.059225
v -1.067309 7.662116 6.077144
v -0.764233 7.731928 6.466485
v -0.766390 7.731928 6.472956
v -0.765995 7.725340 6.466379
v -0.765995 7.738518 6.466379
v -0.767125 7.726223 6.459712
v -0.765599 7.731928 6.459803
v -0.767125 7.737635 6.459712
v -0.771295 7.741810 6.459460
v -0.769856 7.727917 6.456256
v -0.768784 7.731928 6.456321
v -0.769856 7.735941 6.456256
v -0.772788 7.738879 6.456079
v -0.776990 7.743340 6.459118
v -0.776990 7.720519 6.459118
v -0.782685 7.722046 6.458776
v -0.780798 7.724980 6.455598
v -0.776793 7.739954 6.455839
v -0.782685 7.741810 6.458776
v -0.771936 7.729159 6.455021
v -0.772788 7.724980 6.456079
v -0.771195 7.731928 6.455066
v -0.771936 7.734700 6.455021
v -0.773961 7.727129 6.454900
v -0.776793 7.723906 6.455839
v -0.776605 7.731928 6.452711
v -0.773961 7.736727 6.454900
v -0.776727 7.726388 6.454733
v -0.776727 7.737469 6.454733
v -0.779492 7.736727 6.454567
v -0.780798 7.738879 6.455598
v -0.781517 7.734700 6.454446
v -0.781517 7.729159 6.454446
v -0.779492 7.727129 6.454567
v -0.783730 7.727917 6.455421
v -0.786855 7.726223 6.458525
v -0.788777 7.725340 6.465010
v -0.786855 7.737635 6.458525
v -0.788777 7.738518 6.465010
v -0.782258 7.731928 6.454401
v -0.784803 7.731928 6.455357
v -0.783730 7.735941 6.455421
v -0.788381 7.731928 6.458433
v -0.790538 7.731928 6.464903
v -0.789171 7.731928 6.471586
v -0.845950 7.731928 6.473145
v -0.848229 7.731928 6.466717
v -0.846468 7.725340 6.466578
v -0.846468 7.738518 6.466578
v -0.845464 7.726223 6.459890
v -0.841299 7.722046 6.459560
v -0.846987 7.731928 6.460011
v -0.845464 7.737635 6.459890
v -0.841299 7.741810 6.459560
v -0.839870 7.724980 6.456153
v -0.843869 7.731928 6.456469
v -0.842798 7.727917 6.456385
v -0.842798 7.735941 6.456385
v -0.835870 7.723906 6.455837
v -0.835611 7.720519 6.459112
v -0.839870 7.738879 6.456153
v -0.835611 7.743340 6.459112
v -0.831870 7.724980 6.455522
v -0.829924 7.722046 6.458663
v -0.835870 7.739954 6.455837
v -0.829924 7.741810 6.458663
v -0.840741 7.729159 6.455112
v -0.841481 7.731928 6.455170
v -0.840741 7.734700 6.455112
v -0.838719 7.727129 6.454951
v -0.836117 7.731928 6.452713
v -0.838719 7.736727 6.454951
v -0.835958 7.726388 6.454733
v -0.835958 7.737469 6.454733
v -0.833195 7.727129 6.454515
v -0.833195 7.736727 6.454515
v -0.828942 7.727917 6.455291
v -0.831870 7.738879 6.455522
v -0.831173 7.734700 6.454356
v -0.831173 7.729159 6.454356
v -0.825759 7.726223 6.458335
v -0.823718 7.725340 6.464783
v -0.825759 7.737635 6.458335
v -0.823718 7.738518 6.464783
v -0.830433 7.731928 6.454297
v -0.827870 7.731928 6.455205
v -0.828942 7.735941 6.455291
v -0.824236 7.731928 6.458214
v -0.821958 7.731928 6.464643
v -0.823199 7.731928 6.471350
v -0.859262 6.970034 6.453503
v -0.873283 7.013497 6.496221
v -0.904830 6.967026 6.466660
v -0.916392 7.016634 6.489950
v -0.903963 6.911911 6.431053
v -0.950172 7.037034 6.472842
v -0.952445 6.983811 6.445161
v -0.963459 7.063855 6.434079
v -0.950838 7.121575 6.471587
v -0.932565 7.147589 6.431406
v -0.965525 7.005906 6.404372
v -0.872958 6.801857 6.361494
v -0.852371 6.821948 6.330313
v -0.844604 6.876736 6.351636
v -0.861188 6.761677 6.299980
v -0.947398 7.030692 6.354524
v -0.945209 6.969895 6.327401
v -0.941920 7.089835 6.384551
v -0.893731 7.094744 6.361044
v -0.896667 7.039481 6.329467
v -0.853482 7.082436 6.373133
v -0.844814 7.023306 6.349253
v -0.896669 6.979407 6.304400
v -0.952592 6.888861 6.342616
v -0.937069 6.908673 6.304813
v -0.866058 6.800566 6.277220
v -0.912136 6.768527 6.337979
v -0.927446 6.851607 6.285167
v -0.937088 6.797219 6.294528
v -0.898169 6.800061 6.258816
v -0.894418 6.855223 6.270706
v -0.881585 6.783183 6.263448
v -0.871637 6.768878 6.340260
v -0.916004 6.751429 6.329675
v -0.942398 6.745593 6.297893
v -0.932275 6.764445 6.275287
v -0.921985 6.818886 6.272848
v -0.873058 6.765595 6.276912
v -0.870320 6.718497 6.292328
v -0.871723 6.734337 6.309575
v -0.876697 6.717604 6.311131
v -0.883300 6.734845 6.320456
v -0.886810 6.748045 6.249130
v -0.886329 6.716845 6.272727
v -0.907838 6.700284 6.267186
v -0.919581 6.751431 6.246390
v -0.918372 6.796153 6.265184
v -0.930457 6.717705 6.268730
v -0.943505 6.730755 6.323349
v -0.918415 6.735724 6.337881
v -0.883402 6.726241 6.333560
v -0.883076 6.687535 6.366927
v -0.923408 6.704068 6.365793
v -0.900691 6.540410 6.398053
v -0.922966 6.458800 6.426614
v -0.906952 6.458010 6.410510
v -0.905350 6.390471 6.432262
v -0.951152 6.540623 6.393280
v -0.916817 6.400689 6.444792
v -0.902784 6.373808 6.443978
v -0.939798 6.455832 6.413947
v -0.954601 6.529500 6.362025
v -0.946919 6.449786 6.386504
v -0.928269 6.445313 6.367344
v -0.905766 6.450345 6.384321
v -0.904948 6.384446 6.398492
v -0.914527 6.382983 6.385091
v -0.929156 6.382159 6.382595
v -0.896967 6.366612 6.419986
v -0.900976 6.363797 6.398274
v -0.895642 6.348954 6.466652
v -0.898732 6.352919 6.425345
v -0.945639 6.387198 6.404391
v -0.912813 6.365115 6.381621
v -0.935814 6.390074 6.435987
v -0.907001 6.304017 6.372275
v -0.947491 6.361979 6.433629
v -0.950583 6.354758 6.415315
v -0.915192 6.378800 6.458410
v -0.932433 6.365471 6.453724
v -0.910516 6.352952 6.477856
v -0.934269 6.309617 6.366603
v -0.937097 6.268401 6.358593
v -0.806254 7.411881 6.419772
v -0.806254 7.386338 6.420534
v -0.831996 7.384556 6.420214
v -0.841668 7.420176 6.418597
v -0.839073 7.407753 6.418565
v -0.865417 7.388033 6.428919
v -0.806254 7.425477 6.417893
v -0.848577 7.440930 6.408381
v -0.806254 7.446085 6.410211
v -0.867907 7.411122 6.428758
v -0.875655 7.435595 6.412915
v -0.896733 7.430573 6.427437
v -0.907265 7.462569 6.431041
v -0.884286 7.498692 6.434813
v -0.908603 7.429833 6.449417
v -0.885654 7.407254 6.447892
v -0.905833 7.488236 6.455511
v -0.898824 7.409054 6.470025
v -0.929495 7.465386 6.551603
v -0.934762 7.466984 6.571364
v -0.898464 7.438855 6.596110
v -0.936710 7.496346 6.599513
v -0.806255 7.372359 6.582294
v -0.848810 7.405318 6.597836
v -0.810602 7.407486 6.600574
v -0.857370 7.437918 6.610264
v -0.812626 7.438633 6.613433
v -0.818207 7.640721 6.465613
v -0.806254 7.638772 6.465951
v -0.806254 7.638920 6.480466
v -0.815848 7.640133 6.456532
v -0.822469 7.643420 6.463110
v -0.821956 7.642973 6.480290
v -0.831719 7.650362 6.474670
v -0.835416 7.661767 6.466496
v -0.839795 7.675848 6.461190
v -0.850195 7.684847 6.471670
v -0.850570 7.699189 6.460944
v -0.835469 7.703608 6.451051
v -0.858418 7.713692 6.473642
v -0.855323 7.691824 6.518250
v -0.859988 7.696272 6.511057
v -0.853043 7.673314 6.506884
v -0.858311 7.698628 6.485955
v -0.862607 7.718403 6.497225
v -0.860197 7.696791 6.502455
v -0.862799 7.709555 6.513514
v -0.856975 7.700860 6.528823
v -0.866620 7.699305 6.530666
v -0.865365 7.728734 6.540002
v -0.876599 7.727440 6.538898
v -0.873913 7.712796 6.541023
v -0.865742 7.718518 6.529240
v -0.866316 7.737216 6.527359
v -0.861056 7.691662 6.520285
v -0.859335 7.697518 6.513120
v -0.864183 7.703640 6.523488
v -0.837119 7.747775 6.445251
v -0.819493 7.741505 6.442650
v -0.812507 7.737561 6.443108
v -0.806254 7.737742 6.442309
v -0.806254 7.731511 6.443828
v -0.810772 7.731444 6.444686
v -0.806254 7.724553 6.442589
v -0.810329 7.724308 6.443454
v -0.810297 7.714734 6.437778
v -0.806254 7.715067 6.436576
v -0.810433 7.706940 6.431267
v -0.816939 7.722304 6.450557
v -0.815342 7.730298 6.450164
v -0.826568 7.716847 6.452043
v -0.837786 7.713665 6.453457
v -0.828136 7.723231 6.455652
v -0.821705 7.726717 6.455839
v -0.847634 7.715193 6.459281
v -0.838215 7.721213 6.455446
v -0.844630 7.723065 6.458451
v -0.854250 7.720433 6.467642
v -0.849842 7.735119 6.461988
v -0.853149 7.733191 6.467798
v -0.844408 7.737128 6.456369
v -0.836163 7.738598 6.452344
v -0.827361 7.737189 6.453390
v -0.844327 7.726452 6.456869
v -0.847759 7.729363 6.461243
v -0.838759 7.729567 6.460533
v -0.848671 7.726828 6.462732
v -0.838268 7.724724 6.454064
v -0.829540 7.725653 6.454247
v -0.828780 7.728449 6.458792
v -0.823981 7.727278 6.456814
v -0.828577 7.734864 6.452791
v -0.817533 7.735884 6.448330
v -0.820617 7.729714 6.455098
v -0.704939 7.059647 6.586538
v -0.707025 7.086165 6.596622
v -0.748277 7.064709 6.588457
v -0.722577 7.006798 6.592281
v -0.667828 7.063946 6.565226
v -0.665943 7.099558 6.565262
v -0.766598 7.006602 6.574372
v -0.771362 6.940939 6.574875
v -0.672128 7.004330 6.570838
v -0.649085 7.063775 6.519980
v -0.655907 7.128794 6.514645
v -0.654188 6.999140 6.526405
v -0.771665 6.875714 6.579217
v -0.790219 6.874794 6.537426
v -0.789595 6.816807 6.549833
v -0.788558 6.749854 6.559515
v -0.666303 6.994315 6.469329
v -0.676142 6.929141 6.478947
v -0.664414 7.060452 6.462136
v -0.669140 7.133986 6.463420
v -0.714063 6.992932 6.437771
v -0.710293 7.056439 6.434247
v -0.768537 6.995390 6.456963
v -0.752397 7.056769 6.446277
v -0.721719 6.929270 6.448976
v -0.692121 6.866679 6.491894
v -0.709090 6.809426 6.504905
v -0.778914 6.812743 6.508243
v -0.776835 6.769486 6.518857
v -0.709628 6.767369 6.573803
v -0.707900 6.768349 6.542981
v -0.718717 6.776019 6.511490
v -0.744294 6.756289 6.507257
v -0.740571 6.807787 6.487036
v -0.763243 6.747889 6.518476
v -0.778993 6.776103 6.590449
v -0.737646 6.750458 6.598049
v -0.710640 6.726683 6.575938
v -0.716495 6.732796 6.544302
v -0.774945 6.741164 6.538740
v -0.784723 6.698323 6.566442
v -0.783268 6.726531 6.584960
v -0.780791 6.695788 6.585334
v -0.772500 6.731123 6.596428
v -0.761602 6.713320 6.521736
v -0.766314 6.695931 6.547393
v -0.774097 6.675690 6.566295
v -0.745066 6.679011 6.542038
v -0.728613 6.711735 6.521718
v -0.725177 6.754786 6.517156
v -0.722023 6.693898 6.548545
v -0.744297 6.664444 6.547212
v -0.705240 6.687781 6.589163
v -0.715423 6.705433 6.607898
v -0.743038 6.641711 6.554842
v -0.741776 6.713084 6.620474
v -0.776608 6.705637 6.611597
v -0.783392 6.657998 6.636457
v -0.742481 6.672558 6.643105
v -0.762845 6.419627 6.663763
v -0.776588 6.422158 6.645844
v -0.784417 6.352530 6.657157
v -0.726452 6.503161 6.646484
v -0.774231 6.360119 6.672375
v -0.789438 6.334593 6.666041
v -0.719420 6.496245 6.614622
v -0.744642 6.417298 6.653003
v -0.750360 6.414116 6.604294
v -0.734232 6.414626 6.626080
v -0.774649 6.418276 6.618876
v -0.780609 6.351262 6.623087
v -0.769431 6.351046 6.610959
v -0.754702 6.349570 6.610188
v -0.740983 6.350401 6.634362
v -0.754779 6.349553 6.664561
v -0.792406 6.331257 6.640831
v -0.800961 6.307097 6.683825
v -0.792135 6.316771 6.644263
v -0.771955 6.334054 6.604835
v -0.753387 6.330409 6.607119
v -0.739356 6.316590 6.640886
v -0.779616 6.275403 6.586060
v -0.751850 6.281533 6.584627
v -0.744297 6.321324 6.659616
v -0.761708 6.323027 6.677964
v -0.787474 6.308627 6.697208
v -0.778740 6.336722 6.682350
v -0.773436 7.407753 6.418565
v -0.780513 7.384556 6.420214
v -0.770841 7.420176 6.418597
v -0.763932 7.440930 6.408381
v -0.744601 7.411122 6.428758
v -0.747091 7.388033 6.428919
v -0.736854 7.435595 6.412915
v -0.729281 7.467831 6.410740
v -0.715775 7.430573 6.427437
v -0.705243 7.462569 6.431041
v -0.703906 7.429833 6.449417
v -0.726855 7.407254 6.447892
v -0.695998 7.449028 6.458729
v -0.713684 7.409054 6.470025
v -0.716722 7.373831 6.490585
v -0.695561 7.460629 6.560754
v -0.696917 7.460829 6.584848
v -0.731664 7.438735 6.604398
v -0.711476 7.493302 6.618423
v -0.772479 7.406611 6.600959
v -0.769329 7.441006 6.614538
v -0.794301 7.640721 6.465613
v -0.790040 7.643420 6.463110
v -0.790552 7.642973 6.480290
v -0.780789 7.650362 6.474670
v -0.768410 7.661173 6.489383
v -0.783181 7.647547 6.502048
v -0.777093 7.661767 6.466496
v -0.764822 7.671742 6.481129
v -0.772714 7.675848 6.461190
v -0.761939 7.699189 6.460944
v -0.777040 7.703608 6.451051
v -0.754091 7.713692 6.473642
v -0.762313 7.684847 6.471670
v -0.757186 7.691824 6.518250
v -0.765790 7.669425 6.515269
v -0.759466 7.673314 6.506884
v -0.754197 7.698628 6.485955
v -0.752312 7.696791 6.502455
v -0.755534 7.700860 6.528823
v -0.764609 7.674012 6.529778
v -0.747143 7.728734 6.540002
v -0.750853 7.714427 6.540190
v -0.738595 7.712796 6.541023
v -0.752521 7.696272 6.511057
v -0.753174 7.697518 6.513120
v -0.735909 7.727440 6.538898
v -0.746766 7.718518 6.529240
v -0.751452 7.691662 6.520285
v -0.745889 7.699305 6.530666
v -0.748326 7.703640 6.523488
v -0.746558 7.729144 6.518466
v -0.749709 7.709555 6.513514
v -0.753464 7.736344 6.476170
v -0.775389 7.747775 6.445251
v -0.793016 7.741505 6.442650
v -0.801737 7.731444 6.444686
v -0.802179 7.724308 6.443454
v -0.802212 7.714734 6.437778
v -0.788816 7.708668 6.447650
v -0.795569 7.722304 6.450557
v -0.785941 7.716847 6.452043
v -0.774722 7.713665 6.453457
v -0.784372 7.723231 6.455652
v -0.764875 7.715193 6.459281
v -0.774294 7.721213 6.455446
v -0.767878 7.723065 6.458451
v -0.758258 7.720433 6.467642
v -0.763838 7.726828 6.462732
v -0.762667 7.735119 6.461988
v -0.768100 7.737128 6.456369
v -0.776345 7.738598 6.452344
v -0.785148 7.737189 6.453390
v -0.774240 7.724724 6.454064
v -0.768182 7.726452 6.456869
v -0.782969 7.725653 6.454247
v -0.783729 7.728449 6.458792
v -0.788528 7.727278 6.456814
v -0.783931 7.734864 6.452791
v -0.791892 7.729714 6.455098
v -0.794975 7.735884 6.448330
v -0.797167 7.730298 6.450164
v -0.862550 7.557667 6.613926
v -0.805061 7.551899 6.624131
v -0.885108 7.522648 6.649061
v -0.870903 7.563763 6.617552
v -0.807160 7.513648 6.640532
v -0.763210 7.507155 6.640871
v -0.861332 7.720175 6.534686
v -0.865519 7.687310 6.544961
v -0.848026 7.722435 6.534618
v -0.841428 7.685616 6.535838
v -0.874907 7.729704 6.536335
v -0.866498 7.802840 6.501894
v -0.861877 7.807673 6.543988
v -0.845336 7.810475 6.583176
v -0.870785 7.774739 6.558751
v -0.808058 7.813778 6.601333
v -0.850027 7.777058 6.601042
v -0.871784 7.741343 6.570189
v -0.808858 7.778592 6.619643
v -0.850991 7.742180 6.607757
v -0.764724 7.776120 6.603413
v -0.808857 7.744959 6.626120
v -0.741653 7.766736 6.561749
v -0.764356 7.741961 6.610376
v -0.740186 7.732419 6.571166
v -0.726333 7.723570 6.526322
v -0.725024 7.688817 6.545362
v -0.870974 7.698975 6.581549
v -0.849288 7.705372 6.613148
v -0.883973 7.577113 6.635076
v -0.877542 7.618233 6.611732
v -0.898955 7.580037 6.623788
v -0.890176 7.529507 6.664278
v -0.873961 7.575827 6.658051
v -0.865319 7.618689 6.633430
v -0.874256 7.514231 6.687387
v -0.853900 7.520665 6.691913
v -0.837525 7.525136 6.704443
v -0.807014 7.482205 6.712945
v -0.807210 7.523135 6.708799
v -0.768371 7.519547 6.702410
v -0.727501 7.509131 6.675081
v -0.725309 7.505463 6.658498
v -0.707846 7.465468 6.659765
v -0.712899 7.450247 6.655778
v -0.701036 7.464705 6.656766
v -0.760606 7.733527 6.456886
v -0.760023 7.734021 6.462448
v -0.758764 7.732497 6.461556
v -0.760204 7.730284 6.463005
v -0.851902 7.733527 6.456886
v -0.849495 7.735871 6.456617
v -0.852164 7.735108 6.454528
v -0.853745 7.732497 6.461556
v -0.852305 7.730284 6.463005
v -0.552357 7.416438 6.452137
v -0.572990 7.403105 6.450170
v -0.589839 7.439177 6.396305
v -0.566357 7.375924 6.489369
v -0.544398 7.391636 6.491833
v -0.569670 7.361350 6.528054
v -0.539515 7.422928 6.502687
v -0.579579 7.505843 6.267521
v -0.575857 7.502507 6.244509
v -0.586671 7.511101 6.267252
v -0.589953 7.528359 6.222990
v -0.592588 7.536654 6.241642
v -0.601218 7.526185 6.257873
v -0.600568 7.525042 6.260455
v -0.621447 7.572199 6.239269
v -0.625725 7.568030 6.237230
v -0.588021 7.378930 6.494683
v -0.598357 7.405365 6.456296
v -0.602670 7.394558 6.504452
v -0.580889 7.365584 6.517993
v -0.585974 7.366160 6.526002
v -0.574895 7.359677 6.538253
v -0.593114 7.372246 6.536381
v -0.578862 7.364247 6.546103
v -0.608842 7.389132 6.561769
v -0.593211 7.380435 6.517676
v -0.593505 7.393605 6.532459
v -0.604678 7.427338 6.518822
v -0.588478 7.421483 6.538130
v -0.578882 7.439728 6.521402
v -0.554076 7.438811 6.514021
v -0.565940 7.421704 6.544307
v -0.565097 7.416173 6.538291
v -0.592286 7.389006 6.532058
v -0.590685 7.386796 6.529525
v -0.579160 7.408089 6.526769
v -0.582750 7.410910 6.526591
v -0.597831 7.408486 6.521784
v -0.580043 7.436080 6.539362
v -0.550543 7.410908 6.555432
v -0.550048 7.413821 6.547967
v -0.536357 7.404084 6.552215
v -0.612372 7.388075 6.533630
v -0.638604 7.414738 6.533629
v -0.634765 7.415781 6.565990
v -0.621500 7.434060 6.519677
v -0.574415 7.436863 6.568581
v -0.600237 7.458088 6.542043
v -0.550067 7.404706 6.568049
v -0.692517 7.501181 6.519069
v -0.694487 7.507927 6.514118
v -0.664188 7.501866 6.523156
v -0.681240 7.490510 6.521595
v -0.651267 7.464394 6.520638
v -0.582991 7.421671 6.584488
v -0.594536 7.462822 6.572557
v -0.554554 7.392525 6.570736
v -0.535990 7.391663 6.544999
v -0.561158 7.371079 6.553602
v -0.550313 7.370568 6.524092
v -0.596444 7.398966 6.580707
v -0.623137 7.425782 6.589017
v -0.606833 7.447052 6.593000
v -0.642594 7.519141 6.570707
v -0.620155 7.491747 6.578780
v -0.640028 7.502284 6.542457
v -0.657053 7.543549 6.569011
v -0.658605 7.529883 6.590338
v -0.672732 7.551375 6.588718
v -0.655709 7.533236 6.537250
v -0.672609 7.566664 6.566439
v -0.667443 7.556128 6.534792
v -0.655900 7.523306 6.269438
v -0.664620 7.512770 6.272532
v -0.583901 7.497468 6.225915
v -0.608963 7.513283 6.262851
v -0.620522 7.522885 6.265317
v -0.605109 7.523949 6.256428
v -0.600623 7.526957 6.239664
v -1.108667 7.566037 6.329550
v -1.098742 7.586230 6.266391
v -1.086584 7.569722 6.262186
v -1.099623 7.524252 6.366607
v -1.111838 7.547923 6.372499
v -1.091273 7.510172 6.404805
v -1.100001 7.579264 6.378673
v -1.097596 7.592709 6.336579
v -1.111821 7.631367 6.132936
v -1.105698 7.631787 6.129654
v -1.128950 7.623616 6.094698
v -1.123806 7.623581 6.110058
v -1.129863 7.628634 6.094664
v -1.111502 7.631638 6.099244
v -1.110407 7.638901 6.097083
v -1.115838 7.632329 6.081779
v -1.103715 7.635392 6.078049
v -1.087119 7.647492 6.120014
v -1.090102 7.638833 6.111193
v -1.070460 7.673348 6.082260
v -1.064325 7.671694 6.080086
v -1.070404 7.676392 6.061005
v -1.096575 7.545353 6.323771
v -1.071782 7.537175 6.321651
v -1.031547 7.618027 6.103625
v -1.076779 7.588366 6.382291
v -1.071986 7.596329 6.334599
v -1.051664 7.579249 6.382077
v -1.054898 7.587155 6.332650
v -1.035161 7.556990 6.374528
v -1.041095 7.565049 6.328918
v -1.055927 7.526858 6.367385
v -1.052090 7.542361 6.323863
v -1.077916 7.517958 6.365457
v -1.081374 7.509865 6.390628
v -1.073555 7.508801 6.396828
v -1.084551 7.506161 6.415909
v -1.059660 7.510434 6.410075
v -1.077088 7.508797 6.423733
v -1.050726 7.509490 6.448175
v -1.063303 7.518919 6.384166
v -1.049526 7.531670 6.397168
v -1.040450 7.559720 6.398689
v -1.057797 7.569830 6.409955
v -1.050000 7.528075 6.399279
v -1.075143 7.565869 6.428148
v -1.076482 7.569394 6.417451
v -1.095937 7.565936 6.425084
v -1.035692 7.509377 6.422479
v -1.007139 7.510085 6.444576
v -1.054755 7.566796 6.460120
v -1.013650 7.566790 6.457385
v -1.086591 7.558962 6.439285
v -0.919976 7.536749 6.492354
v -0.940194 7.515957 6.500577
v -0.934064 7.536557 6.485359
v -0.912370 7.540751 6.492182
v -0.912426 7.524779 6.508903
v -0.939798 7.556286 6.485641
v -0.965897 7.538441 6.461600
v -1.032463 7.571036 6.482167
v -1.065992 7.547966 6.470437
v -1.093043 7.545538 6.440337
v -0.965956 7.571232 6.492628
v -1.105220 7.554238 6.420168
v -1.095739 7.523451 6.426104
v -1.106745 7.527586 6.402016
v -1.066457 7.522320 6.463514
v -1.026465 7.510579 6.470339
v -1.043231 7.523072 6.488822
v -0.971970 7.578755 6.524189
v -1.004962 7.573636 6.509892
v -0.967710 7.573512 6.550861
v -0.949238 7.586565 6.539353
v -0.937026 7.583268 6.508419
v -0.946743 7.579443 6.564622
v -0.925980 7.592780 6.553615
v -0.920863 7.566090 6.492748
v -0.916353 7.591935 6.521275
v -1.040891 7.614468 6.106962
v -1.124887 7.620995 6.093795
v -1.088544 7.619271 6.117001
v -1.073434 7.629115 6.113976
v -1.100737 7.629017 6.094221
v -1.105654 7.629288 6.079475
v -1.086526 7.632929 6.109340
v -0.815865 7.061154 6.482890
v -0.830295 7.046366 6.516451
v -0.816562 7.045857 6.441944
v -0.832399 7.026236 6.471583
v -0.824764 6.992341 6.406571
v -0.869250 7.035403 6.536166
v -0.834665 6.934342 6.377885
v -0.911262 7.044402 6.531375
v -0.948334 7.072318 6.503268
v -0.861077 6.914452 6.418265
v -0.867704 6.857825 6.386282
v -0.886983 7.145575 6.411012
v -0.854204 7.111382 6.412111
v -0.825110 7.066023 6.400063
v -0.828867 7.080819 6.435561
v -0.847778 6.962283 6.327186
v -0.895869 6.917397 6.286529
v -0.853555 6.901177 6.306310
v -0.858497 6.842398 6.292833
v -0.901627 6.350743 6.401836
v -0.913562 6.356419 6.380877
v -0.931788 6.362658 6.381952
v -0.806254 7.060984 6.512046
v -0.806095 7.063727 6.472247
v -0.805863 7.080273 6.456770
v -0.823196 7.084218 6.452821
v -0.830315 7.111752 6.438356
v -0.805303 7.116705 6.440547
v -0.849897 7.149039 6.431860
v -0.851049 7.198267 6.433897
v -0.805085 7.193312 6.428518
v -0.805036 7.152003 6.432700
v -0.850111 7.242907 6.435690
v -0.805924 7.279128 6.428841
v -0.805421 7.241126 6.427311
v -0.853390 7.288373 6.444526
v -0.847569 7.325936 6.436736
v -0.806254 7.320017 6.428496
v -0.843614 7.363320 6.425908
v -0.874929 7.342217 6.453602
v -0.806254 7.360402 6.421941
v -0.856398 7.519339 6.451828
v -0.885514 7.375716 6.456359
v -0.877864 7.518136 6.467371
v -0.863138 7.534836 6.490919
v -0.913554 7.502013 6.495868
v -0.898125 7.516570 6.488129
v -0.906426 7.525582 6.501711
v -0.913109 7.486105 6.520793
v -0.917099 7.511870 6.528979
v -0.938708 7.508332 6.544502
v -0.953660 7.511622 6.563059
v -0.888948 7.341187 6.492535
v -0.879440 7.308259 6.471519
v -0.873432 7.573853 6.606807
v -0.886657 7.577639 6.597731
v -0.894857 7.549859 6.615373
v -0.864579 7.584466 6.580808
v -0.872144 7.579089 6.579869
v -0.847931 7.602927 6.579578
v -0.840011 7.616282 6.574041
v -0.846621 7.546521 6.619264
v -0.878393 7.268572 6.457931
v -0.881618 7.244738 6.451238
v -0.887648 7.205685 6.445750
v -0.904622 7.248696 6.473945
v -0.892493 7.280238 6.477797
v -0.890103 7.172860 6.434520
v -0.886718 7.313885 6.494766
v -0.913585 7.215250 6.469487
v -0.923966 7.179951 6.456635
v -0.894597 7.284148 6.499410
v -0.887912 7.340628 6.523709
v -0.908608 7.250763 6.509549
v -0.935997 7.174969 6.501424
v -0.922596 7.216155 6.510543
v -0.884092 7.313649 6.521191
v -0.882936 7.363167 6.556408
v -0.890398 7.281004 6.526696
v -0.900657 7.248719 6.540273
v -0.911906 7.214451 6.551169
v -0.872607 7.337960 6.549716
v -0.866044 7.305964 6.544839
v -0.873559 7.275807 6.551456
v -0.880344 7.248000 6.563871
v -0.923752 7.169446 6.555392
v -0.841239 7.268101 6.565325
v -0.848084 7.315365 6.556253
v -0.887978 7.214022 6.578845
v -0.833810 7.291850 6.559378
v -0.847736 7.240918 6.580025
v -0.806254 7.263491 6.569931
v -0.806254 7.287934 6.562242
v -0.806130 7.238671 6.584287
v -0.848672 7.211504 6.597013
v -0.806058 7.207808 6.601098
v -0.811478 7.553730 6.616332
v -0.822910 7.645545 6.575134
v -0.837416 7.640217 6.562901
v -0.826777 7.664519 6.568840
v -0.806272 7.666455 6.571507
v -0.840041 7.658059 6.554112
v -0.829329 7.685093 6.569245
v -0.806254 7.686062 6.573848
v -0.844337 7.680089 6.549242
v -0.806459 7.072516 6.562403
v -0.824867 7.065400 6.557867
v -0.806582 7.103369 6.600338
v -0.853184 7.087756 6.599886
v -0.806354 7.143685 6.612899
v -0.903819 7.087784 6.577416
v -0.853364 7.138407 6.615490
v -0.806140 7.182206 6.609693
v -0.938117 7.104325 6.534770
v -0.899398 7.139060 6.597855
v -0.851378 7.181275 6.610279
v -0.894768 7.177477 6.591941
v -0.828921 7.535891 6.465556
v -0.806254 7.535157 6.464231
v -0.806254 7.516650 6.449436
v -0.846273 7.534377 6.470824
v -0.847899 7.674012 6.529778
v -0.846718 7.669425 6.515269
v -0.844995 7.653100 6.534789
v -0.839340 7.644604 6.516165
v -0.829328 7.647547 6.502048
v -0.845218 7.634644 6.538548
v -0.826213 7.635760 6.507745
v -0.806254 7.637808 6.496359
v -0.843919 7.610005 6.546823
v -0.835598 7.624039 6.515799
v -0.847233 7.592679 6.549262
v -0.831029 7.599633 6.514500
v -0.826073 7.620554 6.511350
v -0.806254 7.629557 6.502457
v -0.856877 7.574774 6.545856
v -0.862599 7.566584 6.559885
v -0.834142 7.577450 6.515569
v -0.860589 7.562672 6.520232
v -0.806254 7.618683 6.506770
v -0.786296 7.635760 6.507745
v -0.836069 7.569163 6.506230
v -0.836997 7.556090 6.493432
v -0.806254 7.595524 6.509647
v -0.786436 7.620554 6.511350
v -0.773169 7.644604 6.516165
v -0.806254 7.579619 6.504219
v -0.782349 7.599743 6.514789
v -0.776911 7.624039 6.515799
v -0.767514 7.653100 6.534789
v -0.780019 7.581433 6.513251
v -0.778833 7.573605 6.503883
v -0.806297 7.572896 6.497110
v -0.778310 7.560271 6.491504
v -0.758217 7.572649 6.513947
v -0.754173 7.541094 6.487848
v -0.737609 7.519482 6.467464
v -0.741497 7.542975 6.501119
v -0.757815 7.586188 6.537641
v -0.739507 7.587597 6.537267
v -0.766035 7.600550 6.543319
v -0.764165 7.615721 6.569188
v -0.745402 7.604254 6.563542
v -0.768467 7.614735 6.542927
v -0.767671 7.634884 6.538370
v -0.774405 7.644093 6.559425
v -0.772222 7.659026 6.553168
v -0.768132 7.680220 6.549094
v -0.844098 7.661173 6.489383
v -0.847687 7.671742 6.481129
v -0.856996 7.685650 6.496252
v -0.861656 7.714427 6.540190
v -0.857255 7.728674 6.473608
v -0.850629 7.731028 6.466436
v -0.848870 7.731762 6.464975
v -0.850432 7.733140 6.463359
v -0.822801 7.728911 6.455556
v -0.784946 7.070773 6.559804
v -0.796596 7.070437 6.511934
v -0.797332 7.061961 6.511544
v -0.785747 7.065873 6.556278
v -0.795479 7.002291 6.518061
v -0.749342 7.077343 6.596727
v -0.792795 6.938029 6.527378
v -0.714104 7.126908 6.438478
v -0.750761 7.098475 6.446885
v -0.784276 7.059407 6.470616
v -0.780310 7.078240 6.468154
v -0.773537 6.932286 6.471528
v -0.730767 6.868004 6.467142
v -0.775820 6.869484 6.487462
v -0.785838 6.331175 6.619532
v -0.786467 6.317687 6.621254
v -0.771710 6.325554 6.602967
v -0.788297 7.083373 6.459221
v -0.779837 7.109332 6.445591
v -0.758537 7.144989 6.436954
v -0.758209 7.196320 6.432960
v -0.758531 7.288388 6.443512
v -0.760378 7.242276 6.433412
v -0.764940 7.325936 6.436736
v -0.768895 7.363320 6.425908
v -0.737580 7.342217 6.453602
v -0.705006 7.488888 6.454380
v -0.719444 7.517212 6.489264
v -0.726995 7.375716 6.456359
v -0.698676 7.500908 6.496484
v -0.702502 7.515534 6.507900
v -0.710142 7.505028 6.540328
v -0.704499 7.493962 6.569130
v -0.693586 7.494278 6.592078
v -0.716581 7.368863 6.531103
v -0.691839 7.520096 6.605243
v -0.723561 7.341187 6.492535
v -0.732939 7.308331 6.471231
v -0.743532 7.598265 6.589273
v -0.732266 7.268664 6.455388
v -0.728034 7.244149 6.448429
v -0.719558 7.202719 6.444957
v -0.704837 7.249192 6.471143
v -0.718420 7.280909 6.475413
v -0.714288 7.164750 6.441859
v -0.725791 7.313885 6.494766
v -0.693649 7.214713 6.468696
v -0.679842 7.175261 6.465886
v -0.716608 7.285374 6.497359
v -0.724597 7.340628 6.523709
v -0.701502 7.253542 6.507331
v -0.670395 7.182835 6.512327
v -0.685962 7.221064 6.510686
v -0.728416 7.313649 6.521191
v -0.730161 7.363083 6.556729
v -0.721098 7.282809 6.525089
v -0.710208 7.252844 6.538772
v -0.698515 7.222247 6.551942
v -0.686739 7.183787 6.564209
v -0.739902 7.337960 6.549716
v -0.746465 7.305964 6.544839
v -0.738445 7.277287 6.550624
v -0.731176 7.252041 6.562855
v -0.723435 7.221659 6.579455
v -0.771270 7.268101 6.565325
v -0.764424 7.315365 6.556253
v -0.778698 7.291850 6.559378
v -0.764253 7.243958 6.579461
v -0.763304 7.217370 6.597286
v -0.785666 7.665041 6.568371
v -0.783180 7.685093 6.569245
v -0.788205 7.071171 6.566419
v -0.761100 7.106978 6.616740
v -0.711300 7.120266 6.609777
v -0.759612 7.152869 6.622776
v -0.674331 7.130528 6.571527
v -0.713445 7.159592 6.610510
v -0.760847 7.190693 6.612593
v -0.717016 7.190705 6.596781
v -0.755513 7.685650 6.496252
v -0.790803 7.726717 6.455839
v -0.755253 7.728674 6.473608
v -0.759359 7.733191 6.467798
v -0.761879 7.731028 6.466436
v -0.763639 7.731762 6.464975
v -0.762077 7.733140 6.463359
v -0.773750 7.729567 6.460533
v -0.764750 7.729363 6.461243
v -0.789708 7.728911 6.455556
v -0.739934 7.698452 6.489772
v -0.756190 7.735526 6.483912
v -0.733239 7.696162 6.475842
v -0.729092 7.678973 6.506288
v -0.723317 7.680130 6.488092
v -0.736924 7.672541 6.504855
v -0.760025 7.704094 6.534326
v -0.724530 7.627839 6.536755
v -0.752170 7.645503 6.567550
v -0.844009 7.691819 6.551283
v -0.806004 7.651892 6.564295
v -0.677474 7.517979 6.630457
v -0.687261 7.518017 6.628084
v -0.688780 7.544310 6.610869
v -0.686613 7.487368 6.644171
v -0.891051 7.560780 6.599067
v -0.873168 7.603594 6.574889
v -0.854753 7.608813 6.588460
v -0.907602 7.516404 6.623981
v -0.695070 7.487584 6.642167
v -0.702054 7.464694 6.650472
v -0.710811 7.466301 6.653164
v -0.710100 7.491868 6.648856
v -0.712229 7.516589 6.641378
v -0.756466 7.545025 6.623912
v -0.721447 7.543438 6.629932
v -0.730386 7.505532 6.649261
v -0.889559 7.523901 6.657087
v -0.908417 7.487778 6.635581
v -0.858213 7.688965 6.534840
v -0.833842 7.630978 6.559821
v -0.845844 7.647608 6.565787
v -0.839085 7.625927 6.568154
v -0.836131 7.634902 6.533338
v -0.833600 7.597250 6.552876
v -0.842638 7.593659 6.560472
v -0.844063 7.559050 6.547645
v -0.855422 7.560048 6.541276
v -0.848622 7.532435 6.516554
v -0.864366 7.540635 6.506635
v -0.859666 7.518486 6.478447
v -0.834598 7.562962 6.539948
v -0.847673 7.515280 6.484269
v -0.845330 7.505927 6.458449
v -0.838621 7.536662 6.512055
v -0.835041 7.603415 6.527022
v -0.860521 7.607377 6.525652
v -0.836438 7.575827 6.515185
v -0.843209 7.520634 6.482504
v -0.862074 7.580290 6.514148
v -0.841758 7.548718 6.494406
v -0.845221 7.527335 6.473509
v -0.859040 7.525889 6.472936
v -0.863873 7.550410 6.494864
v -0.859049 7.638278 6.531237
v -0.864327 7.636250 6.539964
v -0.865465 7.632807 6.552114
v -0.861575 7.629605 6.561582
v -0.868340 7.607632 6.530557
v -0.864878 7.579459 6.518007
v -0.870152 7.581748 6.516936
v -0.872210 7.604430 6.546330
v -0.874413 7.548562 6.500090
v -0.870274 7.525725 6.494028
v -0.879684 7.577298 6.531808
v -0.874937 7.529250 6.489432
v -0.875181 7.516625 6.485597
v -0.884306 7.546362 6.508597
v -0.872688 7.567271 6.545519
v -0.862199 7.595334 6.561560
v -0.881443 7.526885 6.491833
v -0.860624 7.560822 6.543886
v -0.880131 7.535903 6.517722
v -0.867645 7.531209 6.515307
v -0.871698 7.520958 6.499659
v -0.878598 7.520895 6.499905
v -0.809010 7.707901 6.629245
v -0.717111 7.688134 6.498199
v -0.711477 7.669402 6.504708
v -0.739833 7.695818 6.576988
v -0.763392 7.704260 6.616241
v -0.678570 7.558304 6.626825
v -0.696947 7.598694 6.597632
v -0.721625 7.595829 6.611973
v -0.762452 7.664904 6.626322
v -0.735863 7.653582 6.589125
v -0.807483 7.664582 6.639633
v -0.806926 7.618762 6.665680
v -0.761137 7.613503 6.648998
v -0.848148 7.660243 6.624812
v -0.874918 7.692284 6.548699
v -0.870976 7.656336 6.595618
v -0.877664 7.643395 6.562133
v -0.888119 7.608458 6.579699
v -0.846762 7.612717 6.649108
v -0.905685 7.569355 6.604744
v -0.920399 7.524054 6.630631
v -0.914914 7.529364 6.648604
v -0.899878 7.528973 6.659039
v -0.876161 7.547133 6.673368
v -0.853906 7.564311 6.678417
v -0.835295 7.569100 6.690807
v -0.805239 7.568907 6.694357
v -0.767661 7.567622 6.685612
v -0.722875 7.551415 6.658845
v -0.725076 7.599732 6.622752
v -0.718172 7.540034 6.639482
v -0.702418 7.556080 6.640843
v -0.696891 7.523726 6.655839
v -0.699448 7.494822 6.661129
v -0.685397 7.490674 6.652422
v -0.675207 7.521321 6.642185
v -0.678372 7.550650 6.614480
v -0.762742 7.733080 6.462633
v -0.755957 7.733166 6.465808
v -0.763014 7.735871 6.456617
v -0.849766 7.733080 6.462633
v -0.852486 7.734021 6.462448
v -0.856551 7.733166 6.465808
v -0.584693 7.472102 6.352556
v -0.601599 7.465027 6.349871
v -0.571330 7.448939 6.396646
v -0.567621 7.468884 6.404785
v -0.548866 7.443776 6.463268
v -0.570049 7.457074 6.470149
v -0.588751 7.480187 6.290578
v -0.590926 7.475228 6.412503
v -0.614977 7.462010 6.411237
v -0.620067 7.513518 6.331491
v -0.592928 7.527466 6.274126
v -0.599269 7.534581 6.275867
v -0.592391 7.544638 6.251849
v -0.595448 7.533093 6.266672
v -0.598680 7.527575 6.257733
v -0.611291 7.537692 6.278596
v -0.603179 7.538598 6.269101
v -0.593345 7.539797 6.245770
v -0.591894 7.546906 6.248062
v -0.589675 7.556910 6.229830
v -0.591571 7.564206 6.209123
v -0.590924 7.551600 6.227788
v -0.592773 7.561778 6.206898
v -0.595220 7.567257 6.210610
v -0.599182 7.565342 6.207911
v -0.601583 7.559521 6.231105
v -0.595442 7.561682 6.231853
v -0.598001 7.551720 6.250211
v -0.617163 7.545208 6.271940
v -0.613782 7.535082 6.266523
v -0.615360 7.539788 6.264513
v -0.626003 7.546505 6.272090
v -0.617259 7.557375 6.259143
v -0.614359 7.553769 6.252139
v -0.616703 7.560858 6.255602
v -0.630251 7.542721 6.267339
v -0.630501 7.537327 6.274490
v -0.628510 7.555897 6.252192
v -0.635942 7.521790 6.313250
v -0.633319 7.528967 6.285210
v -0.625106 7.558526 6.258904
v -0.624228 7.561707 6.255217
v -0.616576 7.466122 6.355196
v -0.609741 7.440787 6.402390
v -0.645095 7.510489 6.317465
v -0.654924 7.518372 6.304307
v -0.657353 7.528409 6.282008
v -0.664402 7.521306 6.286578
v -0.663803 7.515477 6.284325
v -0.657394 7.512322 6.296371
v -0.653677 7.526114 6.277706
v -0.661863 7.530251 6.274260
v -0.669630 7.521630 6.278712
v -0.612551 7.417168 6.465170
v -0.611217 7.441168 6.474301
v -0.589130 7.455487 6.473807
v -0.667439 7.446301 6.536673
v -0.661418 7.445256 6.569502
v -0.697086 7.479523 6.539532
v -0.695868 7.480183 6.570265
v -0.711521 7.504117 6.529284
v -0.624504 7.486222 6.543777
v -0.650938 7.453249 6.597194
v -0.634699 7.474921 6.601417
v -0.687442 7.489439 6.599062
v -0.670009 7.509182 6.604031
v -0.682644 7.532084 6.602115
v -0.697054 7.542191 6.608403
v -0.689288 7.571478 6.587357
v -0.710128 7.571194 6.599907
v -0.671951 7.522023 6.516942
v -0.705395 7.592484 6.570175
v -0.724051 7.596161 6.581409
v -0.699843 7.518025 6.510599
v -0.691672 7.586464 6.560408
v -0.682409 7.575119 6.532395
v -0.684546 7.547909 6.513300
v -0.712227 7.543484 6.506861
v -0.704430 7.590470 6.543168
v -0.719529 7.595877 6.551010
v -0.726285 7.588603 6.532879
v -0.720964 7.571259 6.513946
v -0.738954 7.572377 6.515925
v -0.728541 7.540682 6.505022
v -0.697840 7.571751 6.516757
v -0.706513 7.585068 6.531178
v -0.650729 7.521296 6.275548
v -0.644153 7.524693 6.287256
v -0.659775 7.511977 6.279480
v -0.626602 7.505742 6.287521
v -0.651581 7.508812 6.287614
v -0.605393 7.490073 6.291000
v -0.628071 7.536091 6.263077
v -0.625171 7.551928 6.247121
v -0.612676 7.529644 6.258556
v -0.596113 7.548590 6.227019
v -0.596340 7.558884 6.207602
v -0.600262 7.561768 6.208148
v -0.601918 7.553030 6.228023
v -0.599357 7.538987 6.242339
v -0.605669 7.543263 6.243226
v -0.611429 7.536292 6.261957
v -0.618104 7.550812 6.247293
v -0.616576 7.561297 6.234491
v -1.081837 7.587157 6.210599
v -1.091661 7.606169 6.271880
v -1.066566 7.602604 6.271199
v -1.051246 7.580645 6.265048
v -1.080590 7.647334 6.127420
v -1.090984 7.660458 6.100329
v -1.095299 7.669274 6.081925
v -1.093202 7.653203 6.099208
v -1.096950 7.663823 6.080695
v -1.097995 7.673693 6.060466
v -1.098655 7.670846 6.058532
v -1.093188 7.674986 6.060200
v -1.091445 7.671389 6.056932
v -1.083646 7.666672 6.079187
v -1.087833 7.671257 6.081186
v -1.083176 7.662392 6.099646
v -1.072445 7.642096 6.114863
v -1.077584 7.649243 6.118819
v -1.065996 7.660977 6.102655
v -1.072421 7.658480 6.097841
v -1.071445 7.646121 6.112084
v -1.066529 7.664116 6.098778
v -1.075763 7.669100 6.081985
v -1.057009 7.642886 6.109500
v -1.059572 7.654509 6.092973
v -1.059001 7.658728 6.099682
v -1.059965 7.661746 6.095862
v -1.063017 7.665982 6.077718
v -1.055601 7.603974 6.186980
v -1.066770 7.582381 6.211020
v -1.066762 7.563195 6.261752
v -1.037231 7.610623 6.157590
v -1.042809 7.624514 6.154328
v -1.030801 7.612809 6.140676
v -1.035794 7.622984 6.137929
v -1.044108 7.621838 6.126951
v -1.033307 7.619452 6.117150
v -1.038843 7.618504 6.114753
v -1.028014 7.610482 6.120687
v -1.033639 7.605729 6.133783
v -1.031369 7.605223 6.119972
v -1.031576 7.618804 6.108187
v -1.026231 7.608147 6.111705
v -1.029690 7.603333 6.110660
v -0.999785 7.537146 6.435967
v -0.974406 7.512692 6.472120
v -0.997757 7.512764 6.495991
v -0.958427 7.514170 6.525291
v -0.984809 7.570200 6.480621
v -1.044757 7.549178 6.495909
v -1.016246 7.522925 6.518250
v -1.017664 7.549250 6.525740
v -0.975611 7.523715 6.549777
v -0.979211 7.549397 6.556544
v -0.953295 7.535706 6.578609
v -0.958280 7.557398 6.570171
v -0.943170 7.550847 6.589525
v -0.925119 7.582680 6.578836
v -0.894143 7.588471 6.580510
v -0.917438 7.565880 6.597976
v -0.901727 7.544695 6.495949
v -0.900233 7.594548 6.564827
v -0.895706 7.595568 6.533560
v -0.897409 7.576439 6.506341
v -0.878571 7.554894 6.509191
v -0.879214 7.538189 6.511256
v -0.872392 7.583138 6.571733
v -0.880144 7.590407 6.557387
v -0.861411 7.575091 6.556178
v -0.861445 7.556695 6.535613
v -0.862779 7.568171 6.530923
v -0.878689 7.584124 6.524988
v -0.874688 7.586298 6.545959
v -1.035877 7.601586 6.109318
v -1.037823 7.603274 6.117426
v -1.065952 7.610997 6.136389
v -1.048616 7.615860 6.123244
v -1.043060 7.604201 6.128151
v -1.089178 7.603074 6.150247
v -1.062856 7.637511 6.107614
v -1.065749 7.651959 6.090202
v -1.076804 7.636649 6.108235
v -1.072145 7.653933 6.092788
v -1.096455 7.666758 6.058764
v -1.093867 7.658984 6.078694
v -1.091801 7.667719 6.057573
v -1.086873 7.660630 6.077317
v -1.071072 7.637299 6.109333
v -1.074283 7.663552 6.079607
v -0.771295 7.722046 6.459460
v -0.827636 7.548300 6.478766
v -0.806620 7.554141 6.479423
v -0.876760 7.535590 6.505848
v -0.786182 7.549721 6.478362
v -0.768069 7.535780 6.470622
v -0.731580 7.599257 6.558953
v -0.783588 7.535891 6.465556
v -0.715152 7.664498 6.496140
v -0.715025 7.665766 6.509942
v -0.703625 7.644721 6.503566
v -0.716373 7.633786 6.540728
v -0.696061 7.589692 6.583567
v -0.742867 7.590270 6.599727
v -0.702825 7.583338 6.579526
v -0.804786 7.597863 6.597459
v -0.724847 7.684254 6.510575
v -0.718797 7.645392 6.565583
v -0.728662 7.647574 6.572125
v -0.604761 7.549469 6.249100
v -0.598795 7.549902 6.254180
v -0.647522 7.526303 6.300561
v -0.643690 7.518506 6.281839
v -0.632717 7.523911 6.277722
v -0.621256 7.515149 6.273507
v -0.630362 7.529562 6.268775
v -0.620377 7.532286 6.261584
v -1.115111 7.625128 6.136778
v -1.092789 7.633965 6.149936
v -1.099141 7.638779 6.128179
v -1.090150 7.658465 6.104239
v -1.078579 7.657391 6.097120
v -1.081850 7.660658 6.103558
v -1.074190 7.643679 6.110481
v -1.052724 7.629996 6.127769
v -1.043846 7.615109 6.114641
v -1.057788 7.625142 6.121943
v -1.072610 7.621043 6.123035
v -1.061146 7.630978 6.113417
v -1.089490 7.649857 6.094356
v -1.082117 7.651036 6.092383
vn -0.7875 -0.3854 0.4809
vn -0.7679 -0.3775 0.5175
vn -0.9944 -0.0653 -0.0831
vn -0.8374 -0.3275 0.4376
vn -0.1981 -0.5277 0.8260
vn -0.3057 -0.4869 0.8182
vn -0.9811 -0.0606 -0.1840
vn -0.9073 -0.2055 0.3668
vn 0.8099 -0.2713 -0.5201
vn 0.8301 -0.3083 -0.4646
vn 0.8855 -0.0240 -0.4640
vn 0.2298 -0.4299 -0.8731
vn 0.2464 -0.4823 -0.8406
vn -0.9723 0.0666 -0.2242
vn -0.7186 0.5363 0.4427
vn -0.9544 0.1837 -0.2354
vn -0.7153 -0.1848 -0.6739
vn 0.1288 -0.3950 -0.9096
vn 0.9846 0.1575 0.0755
vn 0.8363 -0.1068 0.5378
vn 0.4203 0.0208 0.9072
vn -0.1093 0.5601 0.8212
vn -0.7833 0.3159 0.5354
vn -0.2134 0.1015 0.9717
vn 0.6342 0.3599 0.6843
vn -0.7817 -0.1549 -0.6041
vn -0.6873 -0.2441 -0.6841
vn -0.1392 0.0757 0.9874
vn -0.6805 0.0232 0.7324
vn -0.9950 -0.0896 -0.0444
vn -0.6360 -0.2911 -0.7147
vn 0.0155 -0.3851 -0.9227
vn -0.0548 -0.3598 -0.9314
vn 0.7355 -0.3074 -0.6038
vn 0.7061 -0.3072 -0.6380
vn 0.8703 -0.2422 -0.4288
vn 0.8720 -0.0777 0.4833
vn 0.7047 -0.1638 0.6903
vn 0.1874 -0.2881 0.9391
vn -0.4044 -0.4512 0.7955
vn 0.1253 0.3234 0.9379
vn -0.6453 0.1320 0.7524
vn -0.7362 0.3396 0.5853
vn -0.5230 -0.5474 0.6533
vn -0.9218 0.0504 0.3843
vn -0.9323 0.1147 0.3431
vn -0.9391 0.0534 0.3394
vn -0.9676 0.1816 -0.1755
vn -0.9363 0.2318 -0.2637
vn -0.4858 -0.5498 0.6795
vn -0.9718 -0.0047 0.2356
vn -0.9817 -0.1693 -0.0878
vn -0.6421 -0.6414 0.4199
vn -0.5650 -0.6417 0.5186
vn -0.9110 -0.2950 -0.2882
vn -0.4570 -0.8805 0.1255
vn -0.0303 -0.9732 -0.2279
vn -0.8780 0.2362 -0.4163
vn -0.2357 -0.5142 -0.8246
vn 0.4818 -0.8674 -0.1241
vn -0.7992 0.2215 -0.5587
vn -0.3043 0.4321 -0.8490
vn -0.2980 0.5871 -0.7526
vn 0.6608 -0.1974 -0.7242
vn 0.8608 -0.0788 -0.5028
vn 0.7560 -0.6540 0.0274
vn 0.3877 0.2704 -0.8812
vn 0.5814 0.2916 -0.7596
vn 0.7809 0.2166 -0.5859
vn 0.9858 0.0659 -0.1545
vn 0.9988 -0.0204 -0.0452
vn 0.9747 0.0873 -0.2056
vn 0.9890 0.1054 -0.1038
vn 0.7378 -0.5638 0.3712
vn 0.8492 -0.4279 0.3095
vn 0.7522 -0.5978 0.2772
vn 0.9971 -0.0319 -0.0697
vn 0.1243 0.5500 -0.8259
vn -0.0000 0.3672 -0.9301
vn 0.0792 0.2015 -0.9763
vn 0.0223 0.6155 -0.7878
vn -0.0515 0.2619 -0.9637
vn -0.3850 0.2899 -0.8762
vn -0.9962 -0.0766 -0.0409
vn -0.9897 0.1224 -0.0744
vn -0.9885 -0.0888 -0.1221
vn -0.9648 -0.0892 -0.2476
vn -0.9744 -0.2105 -0.0785
vn -0.8888 -0.0525 -0.4552
vn -0.9387 -0.3441 0.0204
vn -0.9612 -0.2156 -0.1723
vn -0.9473 -0.2520 -0.1977
vn -0.9586 -0.2611 -0.1136
vn -0.7306 -0.4641 0.5008
vn -0.7939 -0.4265 0.4333
vn -0.9217 -0.3711 0.1130
vn -0.4243 -0.4493 0.7862
vn -0.1238 0.0005 0.9923
vn -0.4367 0.0287 0.8992
vn -0.2153 -0.2324 0.9485
vn -0.1312 -0.3329 0.9338
vn -0.3735 -0.3573 0.8561
vn -0.1814 -0.1944 0.9640
vn -0.0287 -0.3168 0.9481
vn -0.1007 -0.4246 0.8998
vn -0.3579 -0.4555 0.8151
vn -0.0600 -0.1601 0.9853
vn -0.0526 0.0501 0.9974
vn 0.0107 0.3811 0.9245
vn -0.2460 0.4492 0.8589
vn -0.1861 0.5518 0.8129
vn -0.0152 0.2084 0.9779
vn 0.0544 0.6649 -0.7450
vn 0.0502 0.6851 -0.7267
vn -0.0090 0.7041 -0.7101
vn -0.4730 -0.3248 -0.8190
vn -0.0000 -0.5841 -0.8117
vn -0.1806 -0.7176 -0.6726
vn -0.4312 -0.4560 -0.7785
vn -0.0000 -0.5996 -0.8003
vn -0.0000 -0.7100 -0.7042
vn -0.6092 -0.3415 -0.7157
vn -0.7068 -0.3774 -0.5983
vn -0.6454 -0.3781 -0.6637
vn -0.3743 -0.5813 -0.7225
vn -0.6869 -0.3701 -0.6255
vn -0.3016 0.2866 -0.9093
vn -0.0000 0.1461 -0.9893
vn -0.0000 -0.3667 -0.9303
vn -0.5751 0.3080 -0.7579
vn -0.6118 -0.3375 -0.7154
vn -0.2730 -0.3387 -0.9004
vn -0.6479 -0.3950 -0.6513
vn -0.5473 -0.3462 -0.7620
vn -0.4562 -0.1035 -0.8838
vn -0.0000 -0.3842 -0.9232
vn -0.0000 0.1513 -0.9885
vn -0.5009 -0.3167 -0.8055
vn -0.5729 -0.1594 -0.8040
vn -0.5010 0.2416 -0.8311
vn -0.0000 -0.6269 -0.7791
vn -0.5894 -0.2510 -0.7679
vn -0.5270 0.0148 -0.8497
vn -0.5026 -0.0093 -0.8645
vn -0.5025 -0.0259 -0.8642
vn -0.0000 -0.9922 -0.1246
vn -0.5471 -0.1842 -0.8166
vn -0.3473 -0.8217 -0.4519
vn -0.6335 -0.3723 -0.6783
vn -0.4223 -0.0628 -0.9043
vn -0.6224 -0.2355 -0.7464
vn -0.5593 -0.6186 -0.5518
vn -0.0000 -0.9333 -0.3591
vn -0.0000 -0.4586 -0.8886
vn -0.6749 0.1926 -0.7123
vn -0.0000 0.2990 -0.9543
vn -0.8989 0.3027 -0.3170
vn -0.8851 0.0049 -0.4655
vn -0.7993 0.5992 0.0452
vn -0.9918 -0.0657 -0.1095
vn -0.9937 0.0052 -0.1119
vn -0.9887 0.0116 -0.1495
vn -0.9815 -0.0440 -0.1864
vn -0.9718 0.0793 -0.2220
vn -0.9664 0.0708 -0.2471
vn -0.9526 -0.0539 -0.2995
vn -0.8023 0.2816 -0.5263
vn -0.7719 0.3482 -0.5319
vn -0.5321 0.4506 -0.7168
vn -0.4943 0.3715 -0.7859
vn -0.2502 0.4816 -0.8399
vn -0.8036 0.1866 -0.5652
vn -0.2246 0.3638 -0.9040
vn -0.0000 0.5807 -0.8141
vn -0.1084 0.3486 -0.9310
vn -0.4494 0.2008 -0.8705
vn -0.2039 0.1280 -0.9706
vn -0.0961 0.1039 -0.9899
vn -0.7304 -0.0306 -0.6823
vn -0.9091 -0.0819 -0.4085
vn -0.0738 -0.1305 -0.9887
vn -0.1004 -0.0957 -0.9903
vn -0.8909 0.2444 -0.3828
vn -0.7920 0.2477 -0.5580
vn -0.5043 0.0412 -0.8625
vn -0.6720 0.2926 -0.6803
vn -0.6765 -0.5301 -0.5112
vn -0.9855 0.0856 -0.1467
vn -0.7494 -0.6022 -0.2751
vn -0.4145 0.1809 -0.8919
vn 0.7010 -0.1354 0.7002
vn 0.6812 -0.1069 0.7242
vn 0.0281 -0.0105 0.9996
vn 0.9663 -0.2500 0.0610
vn 0.9769 -0.1976 0.0809
vn 0.7622 -0.1138 0.6372
vn 0.0826 -0.0073 0.9966
vn 0.9689 -0.2475 -0.0075
vn 0.1959 0.0185 0.9805
vn 0.2469 0.0829 0.9655
vn -0.6120 0.0874 0.7860
vn 0.9951 0.0303 -0.0941
vn 0.8470 -0.1194 -0.5180
vn 0.7945 -0.1186 -0.5956
vn 0.6961 0.3796 0.6094
vn 0.7213 0.1744 0.6703
vn 0.0352 0.3898 0.9202
vn 0.0867 -0.0482 0.9951
vn -0.7059 0.2783 0.6513
vn -0.5360 -0.0760 0.8408
vn -0.7467 -0.1391 -0.6504
vn -0.6626 -0.1705 -0.7293
vn -0.8141 0.0933 -0.5732
vn -0.0258 -0.2561 -0.9663
vn 0.0099 -0.0709 0.9974
vn 0.9864 -0.1501 0.0677
vn 0.7595 -0.1936 -0.6210
vn 0.5771 -0.1244 0.8071
vn 0.0886 -0.2522 -0.9636
vn -0.9662 0.1977 -0.1654
vn -0.9650 0.2348 -0.1169
vn 0.7103 -0.2322 -0.6645
vn -0.6291 -0.1675 -0.7591
vn 0.1606 -0.2308 -0.9597
vn -0.8163 -0.1210 -0.5649
vn -0.9140 0.3151 0.2555
vn -0.9289 -0.1055 0.3549
vn -0.9793 0.0535 -0.1953
vn -0.9786 0.0298 -0.2038
vn -0.7836 -0.6168 0.0750
vn -0.9857 0.0034 -0.1686
vn -0.9603 0.1796 -0.2133
vn -0.7092 -0.6731 0.2097
vn -0.9417 0.1448 -0.3038
vn -0.9621 0.0939 -0.2562
vn -0.7950 0.0075 -0.6065
vn -0.7114 0.3134 -0.6290
vn -0.7345 -0.6618 -0.1503
vn -0.5714 -0.6231 -0.5341
vn -0.5686 -0.0732 -0.8194
vn 0.3386 -0.3718 -0.8644
vn 0.0230 -0.9163 -0.3998
vn 0.9431 -0.2456 -0.2240
vn 0.3975 -0.8951 -0.2018
vn 0.5922 -0.7818 0.1951
vn 0.9879 -0.1549 0.0015
vn 0.5362 -0.6515 0.5367
vn 0.9366 -0.0478 0.3471
vn 0.9162 0.2997 -0.2660
vn 0.9568 0.2695 -0.1093
vn 0.8548 0.3088 -0.4171
vn 0.3933 0.5656 -0.7248
vn -0.2873 0.4131 -0.8641
vn 0.3733 0.7027 -0.6057
vn -0.4941 0.4146 -0.7642
vn 0.4923 0.5285 -0.6916
vn 0.8913 -0.0109 0.4533
vn 0.9818 0.1884 -0.0249
vn 0.8652 -0.0473 0.4991
vn 0.4323 -0.6761 0.5967
vn 0.4039 -0.6590 0.6345
vn 0.5421 -0.0120 0.8402
vn 0.3012 -0.6126 0.7308
vn 0.8835 -0.0003 0.4684
vn 0.6663 0.2068 0.7165
vn -0.2361 0.1936 0.9522
vn -0.2757 -0.4220 0.8637
vn 0.0251 0.5200 -0.8538
vn 0.0515 0.2619 -0.9637
vn 0.0442 0.6084 -0.7924
vn 0.2637 0.7310 -0.6293
vn 0.4024 0.6658 -0.6283
vn 0.9951 -0.0680 0.0719
vn 0.9948 0.1022 0.0046
vn 0.9831 0.0268 0.1808
vn 0.9839 0.1612 -0.0771
vn 0.9915 -0.0636 -0.1132
vn 0.9814 -0.1919 0.0043
vn 0.9817 -0.1764 -0.0724
vn 0.9561 -0.2760 0.0983
vn 0.9774 -0.2099 0.0256
vn 0.7194 -0.4188 0.5542
vn 0.7501 -0.3872 0.5361
vn 0.3857 -0.4417 0.8100
vn 0.0259 0.1144 0.9931
vn 0.0955 -0.1626 0.9821
vn 0.1750 0.1713 0.9696
vn 0.1271 0.4596 0.8790
vn 0.3576 -0.4611 0.8121
vn 0.1301 -0.3359 0.9329
vn 0.3745 -0.3588 0.8550
vn 0.1814 -0.1944 0.9640
vn 0.0572 -0.1289 0.9900
vn 0.0924 -0.4421 0.8922
vn 0.0228 0.3690 0.9292
vn 0.0832 0.4326 0.8978
vn 0.1596 0.5406 0.8260
vn 0.3091 0.4377 0.8444
vn 0.4762 0.5051 0.7198
vn 0.4195 0.2627 0.8689
vn -0.0502 0.6851 -0.7267
vn 0.0200 0.7008 -0.7131
vn -0.7580 -0.6416 0.1169
vn 0.4731 -0.3247 -0.8190
vn 0.4346 -0.7316 -0.5252
vn 0.7068 -0.3774 -0.5983
vn 0.4312 -0.4561 -0.7785
vn 0.6091 -0.3415 -0.7158
vn 0.3743 -0.5813 -0.7225
vn 0.6869 -0.3701 -0.6255
vn 0.3015 0.2867 -0.9093
vn 0.5751 0.3080 -0.7579
vn 0.6119 -0.3374 -0.7154
vn 0.6455 -0.3781 -0.6636
vn 0.2730 -0.3386 -0.9004
vn 0.6481 -0.3949 -0.6511
vn 0.5474 -0.3461 -0.7620
vn 0.4561 -0.1034 -0.8839
vn 0.5011 -0.3166 -0.8054
vn 0.5729 -0.1595 -0.8040
vn 0.5010 0.2417 -0.8310
vn 0.5895 -0.2511 -0.7678
vn 0.5271 0.0148 -0.8497
vn 0.5026 -0.0092 -0.8645
vn 0.5027 -0.0257 -0.8641
vn 0.5471 -0.1842 -0.8165
vn 0.3473 -0.8216 -0.4520
vn 0.6335 -0.3723 -0.6783
vn 0.4224 -0.0628 -0.9043
vn 0.6224 -0.2356 -0.7464
vn 0.5592 -0.6187 -0.5519
vn 0.6749 0.1926 -0.7124
vn 0.8989 0.3024 -0.3170
vn 0.3150 0.9317 0.1811
vn 0.7993 0.5992 0.0453
vn 0.9937 0.0052 -0.1119
vn 0.9918 -0.0657 -0.1095
vn 0.9897 -0.0887 -0.1125
vn 0.9815 -0.0440 -0.1864
vn 0.9887 0.0116 -0.1495
vn 0.8023 0.2816 -0.5263
vn 0.9718 0.0793 -0.2220
vn 0.9664 0.0708 -0.2471
vn 0.5321 0.4506 -0.7168
vn 0.7719 0.3482 -0.5319
vn 0.4943 0.3715 -0.7859
vn 0.2502 0.4816 -0.8399
vn 0.8036 0.1866 -0.5652
vn 0.2247 0.3636 -0.9040
vn 0.4494 0.2008 -0.8705
vn 0.2039 0.1280 -0.9706
vn 0.9091 -0.0819 -0.4085
vn 0.7304 -0.0306 -0.6823
vn 0.1004 -0.0957 -0.9903
vn 0.2558 -0.3162 -0.9136
vn 0.6328 0.4934 -0.5967
vn 0.7920 0.2477 -0.5579
vn 0.8909 0.2444 -0.3828
vn 0.5043 0.0414 -0.8625
vn 0.6721 0.2926 -0.6802
vn 0.6765 -0.5300 -0.5113
vn 0.9854 0.0855 -0.1469
vn 0.7492 -0.6023 -0.2754
vn -0.6367 -0.7527 -0.1673
vn 0.1430 -0.9856 -0.0899
vn 0.6905 -0.6404 -0.3363
vn -0.3619 -0.9222 -0.1363
vn -0.9758 -0.2096 0.0619
vn -0.9572 0.2115 -0.1977
vn -0.9408 -0.3326 -0.0647
vn 0.1922 -0.2224 -0.9558
vn 0.1268 -0.2440 -0.9614
vn 0.1100 -0.2919 -0.9501
vn 0.6056 0.2356 -0.7601
vn -0.0024 -0.2191 -0.9757
vn -0.0000 -0.2621 -0.9650
vn 0.2913 -0.2323 -0.9280
vn -0.3561 0.0067 0.9344
vn 0.0574 -0.1375 -0.9888
vn -0.5565 -0.4198 0.7170
vn 0.0950 -0.1714 -0.9806
vn 0.7581 0.3570 -0.5457
vn -0.0200 -0.1626 -0.9865
vn -0.4554 -0.8750 -0.1644
vn 0.4668 0.4293 -0.7731
vn -0.4242 -0.0012 -0.9056
vn -0.1467 -0.2496 -0.9572
vn -0.0450 -0.2870 -0.9569
vn 0.0165 -0.2695 -0.9629
vn -0.3079 -0.9006 -0.3068
vn -0.0064 -0.2358 -0.9718
vn -0.1967 -0.2779 -0.9402
vn -0.7668 -0.2181 -0.6037
vn -0.1185 -0.4013 -0.9082
vn -0.7358 0.1188 -0.6667
vn -0.3779 0.7529 -0.5388
vn 0.8775 -0.1049 -0.4680
vn 0.4780 -0.8745 -0.0825
vn -0.8067 0.0268 -0.5903
vn 0.2581 -0.1067 -0.9602
vn -0.1223 0.4335 -0.8928
vn 0.7715 -0.6253 0.1169
vn 0.5184 -0.1575 -0.8405
vn 0.3058 -0.4783 0.8232
vn -0.0058 -0.8231 0.5678
vn 0.9257 -0.3107 0.2158
vn 0.1743 -0.9186 0.3547
vn 0.7551 -0.5362 -0.3771
vn 0.4710 -0.7453 -0.4718
vn 0.9091 -0.3787 0.1737
vn 0.5291 -0.6017 -0.5984
vn 0.7144 -0.6818 -0.1575
vn -0.6015 0.5112 -0.6139
vn -0.4072 -0.1340 -0.9035
vn 0.3973 -0.8559 -0.3310
vn -0.1285 -0.8781 -0.4608
vn -0.1730 -0.8564 -0.4865
vn -0.2134 -0.8115 -0.5440
vn -0.9353 -0.3538 -0.0064
vn -0.4659 -0.8431 -0.2685
vn -0.9663 -0.2555 -0.0302
vn -0.9954 -0.0897 -0.0338
vn -0.9910 0.1322 0.0212
vn -0.9618 0.1962 -0.1907
vn -0.9902 0.0037 -0.1397
vn -0.8227 -0.2826 -0.4932
vn -0.7963 -0.0756 -0.6001
vn -0.7486 0.2517 -0.6134
vn -0.6040 0.5273 -0.5976
vn -0.8926 0.3888 -0.2282
vn -0.6841 0.6660 -0.2974
vn -0.1444 0.9111 -0.3861
vn -0.7022 0.6921 -0.1674
vn 0.6167 0.6652 -0.4209
vn 0.7958 0.1987 -0.5721
vn -0.0395 0.9885 -0.1459
vn -0.1535 0.9332 -0.3249
vn 0.0102 0.9736 -0.2281
vn -0.2482 0.9557 -0.1579
vn -0.0240 0.9661 -0.2569
vn -0.6734 0.7370 0.0576
vn -0.2595 0.9644 0.0516
vn -0.0282 0.9883 0.1496
vn -0.5153 0.7901 0.3319
vn -0.0132 0.8506 0.5256
vn 0.2585 0.9650 0.0452
vn 0.3004 0.9452 -0.1283
vn 0.5250 0.7830 0.3336
vn 0.7160 0.6939 0.0767
vn 0.6113 0.5457 0.5732
vn 0.2148 0.9335 -0.2872
vn 0.7668 0.6338 -0.1017
vn 0.8651 0.4486 0.2244
vn 0.1367 0.8735 -0.4672
vn 0.0737 0.7282 -0.6814
vn 0.7800 0.5460 -0.3056
vn 0.9267 0.3751 -0.0217
vn 0.7222 0.3863 -0.5738
vn 0.9219 0.2740 -0.2739
vn 0.8123 0.1347 -0.5675
vn -0.4216 0.6857 -0.5933
vn 0.9594 0.1505 -0.2384
vn 0.9812 0.1881 0.0431
vn 0.8292 -0.0053 -0.5589
vn 0.9400 0.0868 -0.3300
vn 0.9910 0.1325 -0.0168
vn -0.9057 -0.3454 -0.2457
vn -0.9544 -0.1629 -0.2503
vn -0.7791 -0.2454 0.5769
vn -0.8300 0.0576 0.5547
vn 0.0112 -0.1436 0.9896
vn -0.1896 0.0545 0.9803
vn 0.4884 -0.8284 0.2743
vn -0.8849 -0.2623 0.3848
vn -0.9727 -0.0425 0.2283
vn -0.7910 -0.3762 0.4824
vn -0.2559 -0.2221 0.9408
vn -0.3231 -0.0911 0.9420
vn -0.7142 -0.5209 0.4676
vn -0.0582 -0.3751 0.9252
vn -0.5280 -0.2790 0.8021
vn -0.6136 -0.0648 0.7870
vn -0.7635 -0.4259 0.4854
vn -0.4151 -0.2215 0.8824
vn -0.3791 -0.0079 0.9253
vn -0.4075 -0.4387 0.8009
vn 0.0820 -0.3942 0.9154
vn 0.0746 -0.1965 0.9777
vn 0.1414 -0.3786 0.9147
vn 0.3133 -0.3833 0.8688
vn 0.3389 -0.2346 0.9111
vn 0.3835 -0.0378 0.9228
vn 0.3428 -0.3892 0.8550
vn 0.5202 -0.4868 0.7017
vn 0.6995 -0.3405 0.6283
vn 0.7299 -0.1408 0.6689
vn 0.4157 -0.8924 -0.1754
vn -0.0000 0.4139 0.9103
vn -0.0680 0.9105 -0.4079
vn 0.2006 0.8957 -0.3969
vn -0.0518 0.2754 0.9599
vn -0.0478 0.2215 0.9740
vn -0.0000 0.3961 0.9182
vn 0.2528 0.8171 -0.5181
vn -0.0000 0.4703 0.8825
vn -0.1247 0.3378 0.9329
vn -0.4632 0.6262 -0.6272
vn -0.8983 0.4378 -0.0370
vn -0.9252 0.2217 -0.3082
vn -0.1227 0.2536 0.9595
vn -0.8975 0.2352 -0.3731
vn -0.1281 0.2482 0.9602
vn -0.8516 0.2208 -0.4754
vn -0.0519 0.2388 0.9697
vn -0.0000 0.5426 0.8400
vn -0.0679 0.2420 0.9679
vn -0.0000 0.5912 0.8066
vn -0.1822 0.2399 0.9535
vn -0.7904 0.1911 -0.5820
vn -0.0922 0.2125 0.9728
vn -0.0007 -0.4881 0.8728
vn 0.0812 -0.9965 0.0209
vn -0.2546 0.2109 0.9438
vn -0.5871 -0.7085 -0.3917
vn -0.2833 -0.8039 0.5229
vn 0.0760 -0.3486 -0.9342
vn 0.0530 -0.2668 -0.9623
vn 0.0478 -0.2215 -0.9740
vn 0.1336 -0.2610 -0.9560
vn 0.1047 -0.4155 -0.9036
vn 0.1180 -0.3299 -0.9366
vn 0.1139 -0.2517 -0.9611
vn 0.1204 -0.2467 -0.9616
vn 0.0518 -0.2388 -0.9697
vn 0.1424 -0.4571 -0.8780
vn 0.0679 -0.2420 -0.9679
vn 0.1874 -0.4676 -0.8638
vn 0.1755 -0.2387 -0.9551
vn 0.0919 -0.2187 -0.9715
vn 0.2503 -0.2149 -0.9440
vn -0.2012 0.8963 -0.3952
vn 0.0518 0.2754 0.9599
vn 0.0478 0.2215 0.9740
vn -0.2521 0.8172 -0.5182
vn 0.1247 0.3378 0.9329
vn 0.4609 0.6285 -0.6265
vn 0.8397 0.4511 -0.3023
vn 0.9251 0.2217 -0.3082
vn 0.1227 0.2536 0.9595
vn 0.8979 0.2370 -0.3709
vn 0.1281 0.2482 0.9602
vn 0.8535 0.2218 -0.4715
vn 0.0518 0.2388 0.9697
vn 0.0679 0.2420 0.9679
vn 0.1822 0.2399 0.9535
vn 0.7947 0.1936 -0.5753
vn 0.0922 0.2125 0.9728
vn -0.0413 -0.9978 -0.0519
vn 0.2546 0.2109 0.9438
vn 0.6035 -0.6885 -0.4023
vn 0.3314 -0.8606 0.3866
vn -0.0530 -0.2668 -0.9623
vn -0.0478 -0.2215 -0.9740
vn -0.1180 -0.3299 -0.9366
vn -0.1139 -0.2517 -0.9611
vn -0.1204 -0.2467 -0.9616
vn -0.0518 -0.2388 -0.9697
vn -0.0679 -0.2420 -0.9679
vn -0.1755 -0.2387 -0.9551
vn -0.0919 -0.2187 -0.9715
vn -0.2503 -0.2149 -0.9440
vn 0.0575 0.8614 -0.5047
vn 0.0354 0.9993 0.0089
vn -0.3655 0.2477 -0.8972
vn -0.1353 0.8574 -0.4965
vn -0.0728 0.9903 -0.1183
vn -0.2000 -0.9761 -0.0856
vn -0.3131 -0.9465 -0.0788
vn -0.9827 0.1550 -0.1014
vn -0.1134 -0.9835 -0.1408
vn 0.6887 -0.0833 0.7203
vn 0.8495 -0.4068 -0.3360
vn -0.0574 0.8615 -0.5046
vn -0.0354 0.9993 0.0091
vn 0.0730 0.9903 -0.1184
vn -0.7360 -0.0122 -0.6769
vn 0.2005 -0.9759 -0.0858
vn 0.3131 -0.9465 -0.0786
vn 0.1135 -0.9834 -0.1414
vn 0.9827 0.1550 -0.1014
vn -0.6887 -0.0834 0.7202
vn -0.8423 -0.4088 -0.3513
vn -0.1748 -0.9744 0.1415
vn 0.9900 -0.0559 0.1294
vn 0.7152 0.6954 -0.0700
vn 0.4280 -0.8556 0.2913
vn 0.9429 -0.3288 0.0530
vn 0.5983 0.7291 0.3324
vn 0.4732 0.7182 0.5101
vn -0.1735 0.9499 0.2599
vn 0.9115 0.3967 0.1085
vn 0.8538 -0.5111 -0.0987
vn 0.7417 -0.6062 0.2870
vn 0.9077 -0.4147 -0.0636
vn 0.3156 -0.5494 -0.7737
vn -0.0896 0.6117 0.7860
vn -0.8854 0.4555 0.0931
vn 0.9974 0.0262 0.0676
vn 0.8158 0.5570 0.1558
vn 0.4217 0.8267 0.3725
vn 0.9962 0.0843 -0.0223
vn 0.5192 -0.7103 -0.4753
vn 0.6418 -0.6932 0.3281
vn 0.8730 -0.1439 -0.4660
vn 0.9534 0.0192 -0.3012
vn 0.9885 0.0867 -0.1239
vn 0.3875 0.1642 -0.9071
vn 0.3404 0.8934 -0.2931
vn 0.4348 0.8929 -0.1166
vn -0.4015 0.7209 -0.5649
vn 0.4341 0.9005 -0.0243
vn -0.1401 0.9689 0.2041
vn 0.3589 0.9232 0.1371
vn 0.1104 0.9817 -0.1553
vn 0.5350 0.8449 0.0046
vn -0.5485 0.5439 -0.6350
vn 0.9839 0.1625 0.0750
vn 0.9857 -0.0842 -0.1457
vn 0.1584 0.9234 0.3496
vn 0.8746 0.4566 0.1630
vn 0.9628 0.2515 0.0989
vn 0.9474 -0.0843 -0.3088
vn 0.9412 0.3367 -0.0274
vn 0.8177 0.4164 -0.3974
vn 0.9052 0.3375 -0.2584
vn 0.9308 0.3552 -0.0867
vn 0.2426 0.4942 -0.8348
vn 0.0799 0.9934 -0.0827
vn 0.1880 0.9804 0.0583
vn -0.6060 0.6152 -0.5042
vn 0.1132 0.9293 0.3516
vn -0.5179 0.4763 0.7106
vn -0.7098 0.5715 0.4118
vn -0.0357 0.9109 0.4111
vn 0.1912 0.8033 0.5641
vn 0.5539 0.8324 -0.0154
vn 0.6385 0.7518 0.1646
vn 0.6238 0.6896 0.3678
vn 0.1816 0.8320 -0.5242
vn -0.3439 0.9174 0.2002
vn -0.1795 -0.9599 0.2153
vn -0.7330 -0.6704 0.1149
vn -0.9440 -0.0815 0.3198
vn -0.6792 0.0978 0.7274
vn -0.5883 -0.6493 0.4820
vn -0.8734 -0.3589 0.3291
vn -0.8348 0.4790 0.2716
vn -0.8553 0.4411 0.2720
vn -0.4266 0.9024 0.0617
vn -0.8322 -0.5460 -0.0969
vn 0.4600 0.7729 -0.4370
vn -0.3220 0.9464 0.0265
vn 0.5340 0.6830 -0.4984
vn 0.3483 0.6222 -0.7011
vn -0.8337 0.5320 0.1481
vn -0.4544 0.8893 -0.0514
vn 0.1876 -0.8258 -0.5318
vn 0.4828 -0.5621 -0.6715
vn 0.3064 -0.9206 -0.2423
vn 0.7679 -0.4702 -0.4349
vn -0.4654 -0.8399 -0.2791
vn -0.2998 -0.8516 -0.4301
vn -0.4102 -0.8628 -0.2955
vn -0.4515 -0.8155 -0.3622
vn -0.5784 -0.6654 -0.4719
vn -0.3687 -0.9090 -0.1943
vn -0.3620 -0.9204 -0.1478
vn -0.9826 -0.1010 -0.1557
vn -0.9801 -0.1797 -0.0848
vn -0.9571 -0.2104 -0.1993
vn -0.9719 -0.1886 -0.1410
vn -0.4253 -0.5600 -0.7110
vn -0.6715 -0.5119 -0.5358
vn -0.7282 -0.4100 -0.5493
vn -0.1705 -0.9019 -0.3968
vn -0.0758 -0.9309 -0.3572
vn -0.9173 -0.3518 -0.1867
vn -0.1550 -0.9594 -0.2355
vn -0.9126 -0.3992 -0.0879
vn 0.3116 -0.7586 -0.5722
vn 0.7642 0.0742 -0.6407
vn -0.6444 -0.5563 -0.5246
vn -0.6483 -0.5720 -0.5025
vn -0.2026 -0.9761 0.0792
vn -0.2943 -0.9418 0.1627
vn -0.9679 -0.1293 -0.2157
vn -0.3766 0.9259 0.0299
vn -0.8271 0.3619 0.4300
vn 0.5929 0.8024 0.0679
vn -0.9218 0.1120 0.3712
vn -0.6010 -0.5667 0.5636
vn -0.1445 0.9325 0.3310
vn -0.0008 0.8722 0.4892
vn -0.9606 -0.0940 0.2616
vn -0.6156 -0.5084 0.6021
vn -0.5372 0.7903 0.2946
vn 0.9748 0.0516 -0.2171
vn 0.5725 0.5516 0.6065
vn -0.8307 0.4285 0.3555
vn 0.0392 0.9990 0.0204
vn -0.7857 0.4757 0.3955
vn -0.9837 0.0530 0.1716
vn 0.5444 0.7197 0.4309
vn -0.0140 0.9574 0.2884
vn -0.9644 0.2133 -0.1564
vn -0.9163 0.4004 -0.0040
vn -0.4840 -0.2669 -0.8334
vn -0.0550 0.9454 -0.3213
vn 0.4785 0.3932 -0.7851
vn -0.0765 0.9889 -0.1273
vn -0.8347 0.4853 0.2603
vn -0.0421 0.9982 -0.0420
vn 0.4879 0.4316 -0.7588
vn 0.0894 0.9926 0.0822
vn -0.7377 0.6301 0.2426
vn 0.1377 0.9895 -0.0435
vn -0.6971 0.6528 0.2964
vn -0.8624 0.2503 0.4400
vn -0.4426 -0.0934 -0.8919
vn -0.7073 0.6631 -0.2452
vn -0.7555 0.6514 -0.0700
vn -0.7044 0.7043 0.0882
vn 0.2031 0.9617 -0.1841
vn 0.2447 0.9048 -0.3486
vn 0.3542 0.9324 0.0724
vn 0.6913 0.7162 0.0958
vn 0.1873 0.9762 -0.1097
vn 0.3984 0.2993 -0.8670
vn -0.4320 0.8796 0.1990
vn 0.2366 0.0892 -0.9675
vn 0.3125 0.8487 0.4267
vn 0.0777 0.9435 0.3220
vn 0.4988 0.8492 0.1734
vn -0.2598 0.8430 0.4711
vn 0.8263 0.5250 0.2040
vn 0.9671 0.2528 0.0272
vn 0.9943 0.1014 -0.0321
vn -0.1855 0.9825 -0.0164
vn -0.2211 0.9564 0.1910
vn -0.3670 0.4179 -0.8310
vn 0.5202 -0.8188 -0.2427
vn 0.3324 -0.7590 0.5599
vn 0.8814 -0.1427 0.4503
vn 0.9914 0.0841 -0.1003
vn 0.9866 0.1266 -0.1025
vn 0.7170 -0.6966 0.0258
vn 0.6308 -0.7317 -0.2584
vn -0.5835 0.8121 -0.0028
vn -0.2992 0.8415 -0.4499
vn 0.6163 0.7403 -0.2685
vn 0.0143 0.4945 -0.8690
vn 0.6826 0.6306 -0.3694
vn 0.9593 0.1666 -0.2278
vn 0.4493 0.4158 -0.7907
vn 0.3789 0.9246 0.0399
vn 0.6704 0.4561 -0.5852
vn 0.6270 -0.4685 -0.6224
vn 0.2419 0.8960 -0.3723
vn 0.5785 0.0814 -0.8116
vn -0.6411 -0.7194 -0.2675
vn -0.8558 -0.3709 -0.3606
vn -0.6723 -0.7381 0.0574
vn -0.9850 -0.1570 -0.0715
vn -0.0467 -0.9785 -0.2010
vn -0.1842 -0.9313 -0.3142
vn -0.2347 -0.9085 -0.3456
vn -0.8247 -0.2984 -0.4804
vn -0.0850 -0.9918 -0.0957
vn 0.7566 -0.4998 -0.4216
vn 0.7492 -0.5683 -0.3401
vn -0.0942 -0.9845 -0.1478
vn 0.6944 -0.5794 -0.4267
vn 0.4326 0.3115 -0.8461
vn 0.1885 -0.7906 -0.5826
vn -0.0919 -0.8522 -0.5151
vn 0.0149 -0.9072 -0.4204
vn -0.2756 -0.8609 -0.4278
vn -0.5028 0.7103 0.4926
vn 0.4009 -0.7540 -0.5203
vn -0.3211 -0.9424 -0.0941
vn -0.3985 -0.9146 -0.0691
vn -0.2926 -0.9559 0.0265
vn 0.5880 -0.7371 -0.3332
vn -0.7561 -0.5981 -0.2657
vn 0.1531 -0.8082 -0.5687
vn 0.1499 -0.8187 -0.5544
vn 0.9998 -0.0001 -0.0209
vn 0.9488 -0.0000 0.3159
vn 0.9408 -0.3230 -0.1029
vn 0.9408 0.3230 -0.1026
vn 0.8269 -0.3931 -0.4022
vn 0.9324 -0.0000 -0.3615
vn 0.8266 0.3935 -0.4023
vn 0.4670 0.6378 -0.6125
vn 0.5958 -0.3177 -0.7376
vn 0.6810 0.0001 -0.7323
vn 0.5959 0.3178 -0.7375
vn 0.3636 0.5504 -0.7516
vn 0.0430 0.6964 -0.7164
vn 0.0430 -0.6962 -0.7166
vn -0.3902 -0.6381 -0.6637
vn -0.2709 -0.5506 -0.7896
vn 0.0463 0.6357 -0.7705
vn -0.3901 0.6378 -0.6642
vn 0.3860 -0.1914 -0.9024
vn 0.3635 -0.5504 -0.7516
vn 0.4365 0.0001 -0.8997
vn 0.3862 0.1911 -0.9024
vn 0.2463 -0.3314 -0.9108
vn 0.0460 -0.6355 -0.7707
vn 0.0600 -0.0000 -0.9982
vn 0.2465 0.3308 -0.9110
vn 0.0556 -0.3822 -0.9224
vn 0.0556 0.3823 -0.9223
vn -0.1354 0.3312 -0.9338
vn -0.2709 0.5504 -0.7897
vn -0.2751 0.1911 -0.9422
vn -0.2750 -0.1914 -0.9422
vn -0.1352 -0.3312 -0.9338
vn -0.5032 -0.3181 -0.8035
vn -0.7726 -0.3935 -0.4983
vn -0.9217 -0.3231 -0.2146
vn -0.7723 0.3936 -0.4986
vn -0.9218 0.3230 -0.2145
vn -0.3260 0.0003 -0.9454
vn -0.5881 0.0001 -0.8088
vn -0.5028 0.3179 -0.8038
vn -0.8822 -0.0001 -0.4708
vn -0.9901 -0.0001 -0.1404
vn -0.9797 -0.0000 0.2004
vn -0.9426 -0.0000 0.3341
vn -1.0000 -0.0001 -0.0020
vn -0.9425 -0.3231 -0.0851
vn -0.9425 0.3231 -0.0849
vn -0.8341 -0.3934 -0.3868
vn -0.4785 -0.6378 -0.6036
vn -0.9390 -0.0000 -0.3439
vn -0.8341 0.3936 -0.3866
vn -0.4781 0.6379 -0.6037
vn -0.3776 -0.5506 -0.7445
vn -0.6947 -0.0000 -0.7193
vn -0.6097 -0.3177 -0.7261
vn -0.6096 0.3178 -0.7262
vn -0.0605 -0.6357 -0.7695
vn -0.0565 -0.6962 -0.7156
vn -0.3776 0.5505 -0.7446
vn -0.0564 0.6963 -0.7155
vn 0.2561 -0.5506 -0.7945
vn 0.3778 -0.6377 -0.6713
vn -0.0609 0.6358 -0.7695
vn 0.3776 0.6378 -0.6713
vn -0.4032 -0.1911 -0.8949
vn -0.4537 -0.0000 -0.8911
vn -0.4029 0.1911 -0.8951
vn -0.2633 -0.3313 -0.9061
vn -0.0787 -0.0000 -0.9969
vn -0.2633 0.3308 -0.9062
vn -0.0725 -0.3826 -0.9211
vn -0.0727 0.3820 -0.9213
vn 0.1177 -0.3310 -0.9363
vn 0.1180 0.3309 -0.9362
vn 0.4880 -0.3180 -0.8128
vn 0.2561 0.5505 -0.7946
vn 0.2572 0.1915 -0.9472
vn 0.2574 -0.1913 -0.9472
vn 0.7634 -0.3933 -0.5125
vn 0.9176 -0.3230 -0.2315
vn 0.7632 0.3934 -0.5126
vn 0.9176 0.3231 -0.2314
vn 0.3081 -0.0000 -0.9514
vn 0.5728 -0.0000 -0.8197
vn 0.4879 0.3180 -0.8129
vn 0.8733 -0.0001 -0.4872
vn 0.9873 -0.0000 -0.1588
vn 0.9833 -0.0000 0.1820
vn 0.6097 -0.4874 0.6251
vn 0.2249 -0.6807 0.6972
vn -0.1659 -0.5417 0.8241
vn -0.4612 -0.5420 0.7025
vn -0.1449 -0.5400 0.8291
vn -0.9082 -0.1973 0.3690
vn -0.8197 -0.2996 0.4882
vn -0.9881 0.1444 -0.0525
vn -0.9624 0.2659 -0.0556
vn -0.7008 0.5150 -0.4936
vn -0.9984 0.0209 -0.0520
vn 0.5204 -0.4502 0.7256
vn 0.9618 0.1573 0.2241
vn 0.8216 -0.5530 0.1384
vn 0.9751 0.2015 0.0928
vn -0.7645 0.2921 -0.5747
vn -0.7570 0.1963 -0.6232
vn -0.7240 0.4414 -0.5300
vn -0.0694 0.5808 -0.8111
vn -0.0320 0.4247 -0.9048
vn 0.5278 0.5120 -0.6778
vn 0.7329 0.2243 -0.6423
vn 0.0112 0.3297 -0.9440
vn -0.9868 -0.0998 -0.1279
vn -0.7299 0.1403 -0.6690
vn 0.8922 0.0039 -0.4516
vn -0.3292 -0.4795 0.8135
vn -0.7183 0.1365 -0.6822
vn -0.9642 0.0415 -0.2621
vn 0.1381 0.2369 -0.9617
vn 0.1256 0.2316 -0.9647
vn 0.7086 0.0525 -0.7037
vn 0.5538 -0.4579 0.6955
vn -0.2694 -0.0431 0.9621
vn -0.9872 0.1572 -0.0254
vn -0.9295 0.0959 -0.3561
vn -0.7323 0.1473 -0.6648
vn 0.8352 -0.1090 -0.5390
vn 0.9513 -0.0373 -0.3060
vn 0.8855 -0.2426 0.3962
vn 0.9967 -0.0758 -0.0278
vn 0.4785 0.0156 0.8779
vn 0.4729 -0.1189 -0.8731
vn 0.7525 -0.3525 -0.5563
vn 0.1683 -0.4878 -0.8566
vn -0.3894 -0.0096 -0.9210
vn -0.7159 0.2260 -0.6606
vn -0.7129 -0.1626 -0.6822
vn -0.7249 0.5457 0.4205
vn -0.0248 0.5801 0.8142
vn 0.6251 0.5819 0.5202
vn 0.7153 0.4436 0.5400
vn -0.0817 0.6698 0.7381
vn 0.8942 0.3033 0.3292
vn 0.0087 0.2091 0.9779
vn 0.8508 0.4431 0.2826
vn 0.8379 0.5284 0.1369
vn -0.7992 0.0044 0.6010
vn 0.1038 0.3635 0.9258
vn 0.8156 0.5691 0.1040
vn -0.8561 0.0646 0.5128
vn -0.8810 -0.2347 -0.4108
vn -0.9640 -0.1259 -0.2343
vn -0.1943 -0.2809 -0.9399
vn 0.9421 -0.1120 -0.3159
vn 0.9880 0.0497 -0.1462
vn 0.5675 -0.0452 -0.8221
vn -0.6414 -0.1029 -0.7603
vn 0.9936 0.1110 -0.0226
vn 0.9212 0.0230 -0.3885
vn 0.8556 0.4964 -0.1465
vn 0.9899 0.0904 -0.1094
vn -0.9839 -0.0113 -0.1785
vn 0.5708 0.0745 -0.8177
vn -0.8206 0.2054 0.5333
vn 0.7333 0.1902 -0.6527
vn -0.9172 0.2008 0.3441
vn -0.9354 0.1625 -0.3141
vn 0.0628 0.6245 0.7785
vn -0.7262 0.3576 0.5871
vn 0.1157 0.6042 0.7884
vn -0.5338 0.2708 -0.8011
vn -0.4076 0.4000 -0.8209
vn -0.0000 -0.0491 -0.9988
vn 0.0494 -0.0380 -0.9981
vn -0.1144 -0.1094 -0.9874
vn -0.0658 -0.3273 -0.9426
vn -0.1524 -0.0746 -0.9855
vn -0.5497 -0.1712 -0.8176
vn -0.0000 -0.2216 -0.9751
vn -0.0218 -0.2164 -0.9761
vn -0.0000 -0.0809 -0.9967
vn -0.4394 -0.3955 -0.8066
vn -0.3262 -0.3277 -0.8867
vn -0.6488 -0.4137 -0.6387
vn -0.8130 0.1718 -0.5564
vn -0.4268 0.6560 -0.6225
vn -0.8610 -0.4315 -0.2692
vn -0.7466 -0.4052 -0.5277
vn -0.7891 0.4954 -0.3633
vn -0.9127 -0.3229 -0.2506
vn -0.9068 -0.2722 -0.3219
vn -0.8530 -0.4053 0.3289
vn -0.4886 -0.3903 0.7803
vn -0.6784 -0.2095 0.7042
vn -0.0270 -0.4198 0.9072
vn -0.1555 -0.4258 0.8913
vn -0.0216 -0.4185 0.9079
vn -0.1876 -0.3614 0.9133
vn -0.0463 -0.3331 0.9418
vn -0.3367 -0.9414 0.0226
vn -0.0000 -0.9837 0.1798
vn -0.1907 -0.9609 -0.2006
vn -0.4346 -0.7316 -0.5252
vn -0.7196 -0.5983 -0.3524
vn -0.4611 -0.8873 0.0076
vn -0.7230 -0.6648 -0.1880
vn -0.7858 -0.4634 -0.4095
vn -0.7647 -0.3955 -0.5088
vn -0.8718 -0.3310 -0.3610
vn -0.8058 -0.1829 -0.5633
vn -0.4460 0.0103 -0.8950
vn -0.9412 -0.1163 -0.3173
vn -0.8269 -0.4580 0.3262
vn -0.9599 -0.2594 0.1060
vn -0.8480 -0.5183 0.1110
vn -0.9522 -0.2203 -0.2116
vn -0.9897 -0.0887 -0.1125
vn -0.9780 -0.1963 -0.0701
vn -0.9864 -0.1243 -0.1077
vn -0.6705 -0.5847 0.4566
vn -0.6018 -0.6823 0.4150
vn -0.0721 0.3934 0.9165
vn -0.7069 0.2514 0.6611
vn -0.6478 -0.3492 0.6770
vn -0.9101 -0.1228 -0.3958
vn -0.3150 0.9317 0.1808
vn -0.2066 -0.8866 0.4139
vn -0.9398 -0.2907 -0.1794
vn -0.9361 -0.0655 -0.3456
vn -0.4167 -0.1449 -0.8974
vn -0.2734 -0.2805 -0.9201
vn -0.2558 -0.3163 -0.9135
vn -0.1336 -0.2467 -0.9598
vn -0.2069 -0.0437 -0.9774
vn -0.5393 -0.1171 -0.8339
vn -0.2442 0.3467 -0.9056
vn -0.6127 0.3153 -0.7247
vn -0.6246 0.4208 -0.6578
vn -0.0000 0.3363 -0.9417
vn -0.6329 0.4935 -0.5966
vn -0.6025 0.3375 -0.7233
vn -0.6716 -0.2004 -0.7133
vn -0.3253 0.3615 -0.8738
vn -0.4135 0.1543 -0.8973
vn -0.1749 0.3017 -0.9372
vn -0.4699 0.3411 -0.8142
vn -0.6674 0.0686 -0.7415
vn -0.2861 0.1122 -0.9516
vn -0.6111 0.0619 -0.7891
vn -0.8093 0.0861 -0.5810
vn -0.7345 -0.3058 -0.6059
vn -0.7970 -0.2857 -0.5322
vn -0.6020 -0.3324 -0.7261
vn -0.3834 -0.3988 -0.8331
vn -0.7915 -0.2422 -0.5611
vn -0.2790 -0.6132 -0.7390
vn 0.1521 -0.1228 -0.9807
vn -0.4140 0.4047 -0.8154
vn -0.3639 0.6438 -0.6731
vn -0.2143 -0.1502 -0.9651
vn -0.7449 0.1335 -0.6537
vn -0.1300 0.3761 -0.9174
vn 0.0368 0.4828 -0.8750
vn -0.1746 -0.1512 -0.9730
vn -0.1984 0.3214 -0.9259
vn -0.0580 -0.5412 -0.8389
vn -0.4964 -0.5643 -0.6597
vn -0.5253 -0.2829 -0.8025
vn 0.3530 -0.0912 0.9312
vn 0.3521 -0.3111 0.8828
vn -0.3402 -0.2103 0.9165
vn 0.0488 -0.0168 0.9987
vn 0.8465 -0.0131 0.5323
vn 0.8156 -0.0685 0.5746
vn -0.7025 -0.0039 0.7116
vn -0.7151 0.0388 0.6980
vn 0.7450 -0.0633 0.6640
vn 1.0000 0.0034 0.0007
vn 0.9909 0.1019 0.0878
vn 0.9921 -0.1093 0.0613
vn -0.6750 0.0579 0.7355
vn -0.8987 -0.3035 0.3165
vn -0.9054 -0.0195 0.4242
vn -0.9475 0.3126 0.0675
vn 0.8234 -0.1461 -0.5484
vn 0.8042 -0.2516 -0.5385
vn 0.8091 -0.0074 -0.5876
vn 0.8054 0.1275 -0.5788
vn 0.1332 -0.1441 -0.9806
vn 0.2000 -0.0213 -0.9796
vn -0.6573 -0.1010 -0.7469
vn -0.3806 -0.0120 -0.9247
vn 0.0783 -0.2402 -0.9676
vn 0.7712 -0.3206 -0.5500
vn 0.7597 -0.3299 -0.5603
vn -0.8245 -0.1480 -0.5461
vn -0.8618 -0.1738 -0.4766
vn 0.8628 -0.0478 0.5033
vn 0.9691 -0.2096 -0.1304
vn 0.7697 -0.3203 -0.5522
vn -0.0686 -0.3028 -0.9506
vn -0.0497 -0.3254 -0.9443
vn -0.6843 -0.2506 -0.6847
vn -0.6420 0.1016 0.7599
vn 0.2199 0.2937 0.9303
vn 0.9810 0.0875 0.1730
vn 0.9582 -0.1647 -0.2338
vn -0.8125 -0.2597 -0.5220
vn -0.9616 0.0536 -0.2691
vn -0.9318 -0.0141 0.3627
vn -0.9621 0.2623 0.0751
vn -0.3926 0.3385 0.8552
vn -0.4607 -0.3850 -0.7997
vn -0.7332 -0.3272 -0.5961
vn -0.7829 -0.1743 -0.5973
vn -0.0994 -0.4784 -0.8725
vn 0.4690 -0.3748 -0.7997
vn 0.7728 -0.2458 -0.5852
vn 0.8236 -0.2250 -0.5207
vn -0.1510 -0.3285 -0.9324
vn 0.9897 0.1207 -0.0772
vn 0.7221 0.3941 0.5686
vn -0.1307 -0.2864 -0.9492
vn -0.0015 0.5047 0.8633
vn -0.7033 0.4199 0.5737
vn -0.7648 0.3640 0.5316
vn 0.0380 0.4837 0.8744
vn -0.1288 0.0723 0.9890
vn -0.7798 0.0288 0.6253
vn -0.8053 0.5623 0.1878
vn 0.7112 -0.1329 0.6903
vn -0.2077 0.2394 0.9484
vn -0.7397 0.6105 0.2833
vn 0.9152 -0.2352 -0.3272
vn 0.7821 -0.0651 0.6197
vn 0.3038 -0.1617 -0.9389
vn 0.9791 -0.1578 -0.1280
vn -0.8960 -0.0031 -0.4441
vn -0.9554 0.1400 -0.2601
vn -0.4532 0.1091 -0.8847
vn 0.7284 -0.0537 -0.6831
vn 0.9969 -0.0555 -0.0553
vn 0.7513 0.0736 0.6559
vn -0.9742 0.1876 -0.1255
vn -0.6421 0.7664 0.0169
vn -0.9612 0.1719 -0.2158
vn -0.4571 0.2355 -0.8577
vn 0.7776 0.2381 -0.5820
vn 0.9746 0.1427 -0.1725
vn -0.6559 0.3080 -0.6892
vn 0.6175 0.3870 -0.6848
vn 0.8741 0.0823 0.4787
vn 0.6591 0.2193 0.7194
vn -0.1909 0.4950 0.8477
vn -0.1308 0.5139 0.8478
vn 0.1525 -0.0746 -0.9855
vn 0.1144 -0.1094 -0.9874
vn 0.0658 -0.3274 -0.9426
vn 0.0218 -0.2164 -0.9761
vn 0.4394 -0.3955 -0.8065
vn 0.5498 -0.1713 -0.8176
vn 0.3262 -0.3277 -0.8867
vn 0.3850 0.2900 -0.8762
vn 0.6488 -0.4137 -0.6387
vn 0.8136 0.1622 -0.5583
vn 0.8627 -0.4337 -0.2602
vn 0.7466 -0.4052 -0.5277
vn 0.9926 -0.0761 -0.0948
vn 0.9249 -0.3117 -0.2176
vn 0.9580 -0.2268 -0.1757
vn 0.9991 -0.0116 -0.0418
vn 0.7960 -0.2884 0.5322
vn 0.3991 -0.3610 0.8428
vn 0.4322 -0.1570 0.8880
vn 0.0988 -0.4239 0.9003
vn 0.1148 -0.3217 0.9399
vn 0.3367 -0.9413 0.0228
vn 0.7196 -0.5983 -0.3523
vn 0.4611 -0.8873 0.0077
vn 0.7230 -0.6648 -0.1880
vn 0.7800 -0.6222 -0.0672
vn 0.6561 -0.7546 -0.0076
vn 0.7858 -0.4634 -0.4095
vn 0.8647 -0.4198 -0.2758
vn 0.7647 -0.3954 -0.5089
vn 0.8058 -0.1829 -0.5633
vn 0.4460 0.0103 -0.8950
vn 0.9412 -0.1163 -0.3173
vn 0.8719 -0.3310 -0.3610
vn 0.8270 -0.4579 0.3262
vn 0.8427 -0.4590 0.2814
vn 0.8480 -0.5183 0.1110
vn 0.9522 -0.2203 -0.2116
vn 0.9780 -0.1963 -0.0701
vn 0.6703 -0.5845 0.4572
vn 0.9309 -0.3256 0.1654
vn 0.0731 0.3931 0.9166
vn 0.2647 -0.4339 0.8612
vn 0.6478 -0.3491 0.6771
vn 0.9600 -0.2594 0.1057
vn 0.9397 -0.2908 -0.1799
vn 0.7069 0.2513 0.6612
vn 0.9101 -0.1228 -0.3958
vn 0.2065 -0.8866 0.4139
vn 0.6018 -0.6824 0.4150
vn 0.9361 -0.0655 -0.3457
vn 0.8851 0.0048 -0.4654
vn 0.9864 -0.1243 -0.1077
vn 0.9525 -0.0539 -0.2997
vn 0.4167 -0.1449 -0.8974
vn 0.2735 -0.2805 -0.9201
vn 0.5393 -0.1170 -0.8339
vn 0.6127 0.3153 -0.7247
vn 0.6247 0.4209 -0.6577
vn 0.4145 0.1809 -0.8919
vn 0.6025 0.3375 -0.7233
vn 0.3253 0.3615 -0.8738
vn 0.4135 0.1544 -0.8973
vn 0.1749 0.3018 -0.9372
vn 0.6673 0.0686 -0.7416
vn 0.2862 0.1123 -0.9516
vn 0.6111 0.0619 -0.7891
vn 0.8093 0.0861 -0.5811
vn 0.7449 0.1335 -0.6537
vn 0.7342 -0.3059 -0.6061
vn 0.6022 -0.3322 -0.7259
vn 0.3836 -0.3987 -0.8330
vn 0.5068 -0.5301 -0.6798
vn 0.2789 -0.6132 -0.7390
vn 0.2042 0.1150 -0.9721
vn 0.1300 0.3761 -0.9174
vn 0.4142 0.4046 -0.8153
vn -0.0368 0.4829 -0.8749
vn 0.1747 -0.1511 -0.9730
vn 0.1984 0.3215 -0.9259
vn 0.0579 -0.5412 -0.8389
vn 0.5251 -0.2828 -0.8027
vn 0.4963 -0.5642 -0.6598
vn 0.6716 -0.2004 -0.7133
vn -0.0463 -0.4498 -0.8919
vn 0.0198 -0.4552 -0.8902
vn 0.3900 -0.5597 -0.7312
vn 0.3425 -0.6058 -0.7181
vn 0.0186 -0.3840 -0.9232
vn 0.0592 -0.3792 -0.9234
vn -0.4481 -0.5935 -0.6686
vn -0.8008 -0.3982 -0.4474
vn 0.7474 -0.5572 -0.3618
vn 0.7995 0.1560 -0.5801
vn -0.9973 -0.0434 -0.0589
vn -0.9030 0.4234 -0.0724
vn -0.8643 0.4703 0.1785
vn -0.6322 0.5496 0.5461
vn -0.9442 0.2133 0.2510
vn -0.0236 0.6156 0.7877
vn -0.6648 0.3006 0.6839
vn -0.9503 0.0821 0.3004
vn -0.0307 0.3381 0.9406
vn -0.6661 0.1305 0.7344
vn 0.6422 0.2896 0.7097
vn -0.0285 0.1540 0.9877
vn 0.9199 0.2200 0.3247
vn 0.6328 0.1415 0.7612
vn 0.9105 0.1272 0.3935
vn 0.9857 0.1161 0.1219
vn 0.9747 0.1393 0.1745
vn -0.9349 0.0863 0.3444
vn -0.6268 0.1469 0.7652
vn -0.6916 0.4416 0.5716
vn -0.8658 0.3950 0.3072
vn -0.8000 0.4925 0.3428
vn -0.8473 0.2603 0.4630
vn -0.6651 0.4455 0.5993
vn -0.6994 0.4228 0.5762
vn -0.4948 0.1966 0.8465
vn -0.5191 0.1986 0.8313
vn -0.3431 0.2011 0.9175
vn 0.0393 0.0076 0.9992
vn 0.0497 0.2173 0.9748
vn 0.4085 0.2002 0.8905
vn 0.6539 0.1427 0.7430
vn 0.9636 -0.2623 -0.0525
vn -0.2409 -0.0154 0.9704
vn 0.9514 -0.0077 0.3078
vn 0.6700 -0.3484 0.6555
vn -0.7797 0.0375 -0.6250
vn -0.0267 0.9561 0.2918
vn 0.2204 0.1154 -0.9685
vn -0.1485 -0.9635 0.2229
vn 0.5448 -0.6476 0.5327
vn 0.0471 0.9498 0.3093
vn -0.5032 -0.4871 0.7138
vn -0.2201 0.1155 -0.9686
vn 0.1481 -0.9635 0.2228
vn 0.8169 -0.3596 -0.4510
vn 0.0535 -0.5231 -0.8506
vn 0.2831 -0.9268 -0.2466
vn 0.1449 -0.5827 -0.7997
vn 0.8227 -0.4438 -0.3552
vn 0.2279 -0.8065 -0.5455
vn 0.9559 0.2886 -0.0547
vn 0.7873 0.6076 0.1045
vn 0.9897 0.0730 0.1231
vn 0.8907 0.4545 -0.0059
vn 0.8516 -0.4796 0.2116
vn 0.2291 0.9657 0.1222
vn -0.2842 0.7345 0.6162
vn -0.0109 0.7704 -0.6374
vn -0.3035 0.8714 0.3853
vn -0.7144 0.5069 -0.4825
vn -0.4808 -0.7893 -0.3818
vn -0.4366 -0.7954 -0.4204
vn -0.9367 -0.3469 0.0471
vn -0.3176 -0.8805 -0.3519
vn -0.5593 -0.8075 -0.1872
vn -0.3805 -0.9003 -0.2115
vn -0.6567 -0.7294 -0.1917
vn -0.7592 -0.6144 0.2147
vn -0.3775 -0.9084 0.1800
vn -0.8793 -0.4759 0.0193
vn -0.3930 -0.1231 0.9113
vn -0.8378 0.3707 0.4008
vn -0.4637 0.1821 0.8671
vn -0.1292 0.8725 0.4712
vn 0.4300 0.8460 0.3152
vn -0.1373 0.2885 0.9476
vn 0.9818 -0.1687 -0.0874
vn -0.3161 -0.2891 0.9036
vn -0.4559 -0.8020 -0.3859
vn 0.5794 -0.3927 -0.7142
vn 0.3352 0.2093 -0.9186
vn 0.0794 -0.0672 -0.9946
vn 0.6276 0.5481 -0.5529
vn 0.5614 0.8083 0.1775
vn 0.2916 0.8273 0.4802
vn 0.8881 0.2676 0.3737
vn -0.6257 -0.6441 -0.4401
vn -0.6489 -0.6113 -0.4530
vn -0.7012 -0.7049 0.1071
vn 0.0702 0.0744 -0.9948
vn 0.7576 0.6157 0.2168
vn 0.5790 0.5508 -0.6011
vn 0.6914 0.2163 0.6893
vn -0.2557 -0.6457 -0.7196
vn 0.0477 -0.4965 -0.8667
vn 0.5040 0.1510 -0.8504
vn -0.3364 -0.3379 -0.8790
vn 0.0116 0.0046 -0.9999
vn 0.3894 0.0382 0.9203
vn 0.7643 0.5993 0.2382
vn 0.4481 -0.4287 0.7845
vn 0.9258 -0.3442 0.1562
vn 0.2992 -0.8297 0.4713
vn 0.6340 -0.7602 -0.1419
vn -0.1622 -0.5756 0.8015
vn -0.2751 -0.4941 0.8247
vn 0.3908 0.1018 0.9148
vn 0.8274 0.5602 -0.0401
vn 0.7617 0.5905 0.2666
vn 0.7326 0.4294 -0.5281
vn 0.8505 0.5180 0.0912
vn 0.6421 0.4627 0.6112
vn 0.6370 0.5062 0.5814
vn 0.8316 0.3714 -0.4129
vn 0.7721 0.6214 0.1330
vn 0.7967 0.4866 -0.3585
vn 0.8299 -0.3299 -0.4499
vn 0.2861 -0.9439 -0.1650
vn -0.4217 -0.9034 -0.0777
vn -0.5508 -0.5123 -0.6590
vn -0.5345 -0.4908 -0.6881
vn -0.2730 -0.4995 -0.8222
vn -0.9252 -0.3354 -0.1777
vn -0.9921 -0.0029 -0.1253
vn -0.9861 -0.0535 -0.1570
vn -0.6779 -0.7352 0.0007
vn -0.9195 -0.3563 -0.1661
vn -0.9963 -0.0647 -0.0566
vn -0.7642 -0.5644 -0.3121
vn -0.7219 0.6724 0.1635
vn -0.6404 0.7598 0.1120
vn -0.3507 0.9056 0.2385
vn -0.4214 0.8903 0.1725
vn -0.6106 -0.4991 0.6149
vn -0.9840 -0.1045 0.1444
vn -0.8614 0.4815 0.1620
vn -0.6875 -0.3281 0.6478
vn -0.6967 0.7015 0.1504
vn -0.7710 -0.1995 0.6047
vn 0.5539 0.1005 -0.8265
vn -0.6538 0.6250 0.4265
vn -0.8453 -0.5097 0.1602
vn -0.1352 0.9067 0.3996
vn 0.7250 0.6839 0.0816
vn 0.7008 0.7008 -0.1329
vn -0.2887 -0.8531 -0.4345
vn -0.0643 -0.9152 -0.3979
vn 0.7040 0.6613 -0.2589
vn 0.0475 0.9622 0.2680
vn 0.1155 0.9790 0.1681
vn 0.5863 0.7868 0.1931
vn 0.7158 0.6963 0.0530
vn 0.9996 0.0097 -0.0281
vn 0.9878 0.1278 -0.0894
vn 0.6708 -0.7100 -0.2144
vn 0.6912 -0.6738 -0.2613
vn -0.0065 -0.9281 -0.3722
vn -0.1324 -0.9439 -0.3025
vn 0.1401 -0.9614 -0.2369
vn -0.5727 -0.7961 -0.1957
vn 0.2653 -0.9013 -0.3424
vn -0.5239 -0.8443 -0.1128
vn -0.4000 -0.9164 -0.0165
vn 0.5209 -0.8226 -0.2282
vn 0.9526 -0.2785 -0.1220
vn 0.9258 0.1026 0.3639
vn 0.3227 0.8700 0.3728
vn 0.8207 -0.2165 -0.5287
vn 0.0117 0.9844 0.1754
vn 0.1490 0.9088 0.3897
vn -0.5438 0.7080 0.4505
vn 0.3213 -0.8453 -0.4270
vn 0.3549 -0.8455 -0.3990
vn -0.2755 0.9444 0.1793
vn 0.2755 0.8571 -0.4353
vn -0.5558 0.6298 0.5427
vn 0.2429 -0.5678 -0.7865
vn 0.2292 -0.9212 -0.3145
vn 0.5457 -0.3856 -0.7440
vn 0.2400 -0.2082 -0.9482
vn -0.1135 -0.7598 -0.6402
vn 0.2542 0.5406 -0.8019
vn 0.5746 0.1121 -0.8107
vn -0.3111 0.9313 0.1894
vn -0.7332 0.2215 0.6429
vn -0.8035 -0.0027 0.5953
vn 0.0681 0.8656 -0.4962
vn -0.9270 0.2013 0.3165
vn -0.7548 -0.5386 0.3745
vn -0.9086 -0.4162 0.0347
vn -0.5811 -0.6207 0.5263
vn -0.3724 -0.9130 0.1665
vn -0.5574 -0.6305 0.5402
vn -0.2063 0.9755 -0.0761
vn -0.3271 0.9213 0.2102
vn -0.5179 0.7124 0.4735
vn -0.3189 0.9478 0.0024
vn -0.0909 0.8802 -0.4659
vn -0.4740 0.7369 0.4820
vn -0.2401 0.9642 0.1125
vn 0.2084 0.4935 -0.8444
vn -0.0407 0.9336 -0.3561
vn -0.9955 -0.0049 -0.0952
vn -0.0039 -0.9987 -0.0499
vn 0.2751 -0.7719 -0.5732
vn 0.1564 -0.6775 -0.7187
vn 0.5965 -0.7313 -0.3307
vn 0.6057 -0.7622 -0.2284
vn -0.1177 -0.5649 -0.8167
vn 0.1919 -0.8169 0.5439
vn 0.5790 -0.6792 0.4511
vn 0.9516 0.0333 0.3057
vn 0.7661 -0.5132 0.3869
vn 0.9465 0.1711 0.2735
vn 0.0588 -0.8154 0.5759
vn 0.9464 0.1958 0.2568
vn -0.4774 -0.6736 0.5642
vn -0.8868 -0.3006 0.3511
vn 0.6295 -0.4458 0.6364
vn 0.5874 -0.4442 0.6765
vn 0.0585 0.7117 -0.7000
vn 0.7160 0.6389 -0.2814
vn 0.9005 0.2850 -0.3284
vn 0.7895 0.5611 0.2487
vn 0.7957 0.1431 -0.5886
vn 0.0521 0.2603 -0.9641
vn 0.8053 0.0981 -0.5846
vn 0.8649 0.0525 -0.4992
vn 0.9615 0.0521 -0.2697
vn 0.6399 0.1992 -0.7422
vn -0.6879 0.1872 -0.7012
vn 0.0502 -0.9964 -0.0677
vn 0.2699 -0.9576 -0.1009
vn 0.3379 -0.5522 -0.7621
vn 0.5131 0.3341 -0.7906
vn 0.4119 -0.1105 -0.9045
vn 0.0909 -0.3278 -0.9404
vn 0.1873 0.1115 -0.9760
vn -0.1733 0.0475 -0.9837
vn -0.0147 -0.1915 -0.9814
vn -0.0251 -0.0765 -0.9968
vn -0.2857 0.0871 -0.9543
vn -0.0041 -0.3220 -0.9467
vn -0.1706 0.1913 -0.9666
vn -0.4406 0.0254 -0.8973
vn -0.4239 -0.1720 -0.8892
vn 0.0010 -0.3007 -0.9537
vn -0.3331 -0.2143 -0.9182
vn -0.7667 -0.2019 -0.6094
vn -0.0000 -0.2365 -0.9716
vn -0.1746 0.7520 -0.6356
vn -0.8724 -0.2080 -0.4423
vn -0.4396 0.8044 -0.3996
vn -0.4920 0.7413 -0.4565
vn -0.9607 0.2583 -0.1012
vn -0.5641 0.7313 -0.3833
vn -0.7499 0.0181 -0.6613
vn -0.9945 -0.0384 -0.0977
vn -0.8698 -0.4907 0.0524
vn 0.1987 -0.9133 -0.3556
vn -0.7482 -0.0341 0.6626
vn -0.9693 -0.1775 -0.1701
vn -0.8248 0.0236 -0.5649
vn -0.2297 0.5853 0.7776
vn -0.1000 0.7617 0.6402
vn -0.2416 0.2991 0.9231
vn -0.9397 0.3387 -0.0480
vn -0.0178 0.9000 0.4355
vn -0.9672 0.0135 0.2536
vn -0.8720 0.0058 0.4896
vn -0.0342 0.2751 0.9608
vn -0.5980 0.2406 -0.7645
vn -0.5204 0.1950 -0.8313
vn -0.4004 0.2264 -0.8879
vn -0.8406 0.3166 -0.4394
vn -0.8332 0.3147 -0.4547
vn -0.1693 0.4875 -0.8566
vn -0.9909 0.0632 -0.1191
vn -0.8123 0.3382 -0.4752
vn -0.7613 0.4555 -0.4615
vn -0.9425 0.3341 -0.0075
vn -0.9412 -0.2511 0.2260
vn -0.9274 0.3705 0.0509
vn -0.9610 0.2762 0.0159
vn -0.9459 0.3205 0.0500
vn -0.9352 0.0376 0.3521
vn -0.6867 -0.4603 0.5627
vn -0.8441 0.3614 0.3960
vn -0.8058 0.4148 0.4226
vn -0.8419 0.3280 0.4285
vn -0.6935 -0.3342 0.6383
vn -0.6280 0.0660 0.7754
vn -0.5118 0.3930 0.7640
vn -0.4972 0.4616 0.7347
vn -0.8952 0.1878 0.4041
vn -0.1844 0.4020 0.8969
vn -0.4000 -0.2201 0.8897
vn -0.5504 0.3920 0.7372
vn -0.2177 0.1634 0.9622
vn -0.1869 0.4801 0.8571
vn -0.0646 0.4160 0.9071
vn -0.0469 0.1887 0.9809
vn -0.0217 0.5196 0.8541
vn -0.2029 0.4283 0.8806
vn -0.0460 0.3745 0.9261
vn -0.0164 0.3232 0.9462
vn -0.3798 0.3250 0.8661
vn -0.8124 -0.0883 0.5763
vn -0.5063 0.0403 0.8614
vn -0.1652 0.0243 0.9860
vn -0.8172 -0.2294 0.5287
vn -0.5021 -0.0699 0.8620
vn 0.0001 0.0896 0.9960
vn -0.9022 0.0738 0.4249
vn 0.0807 -0.8287 0.5538
vn 0.2805 -0.8066 0.5203
vn 0.0351 -0.3592 0.9326
vn -0.0948 -0.5276 0.8442
vn 0.0363 0.0597 0.9976
vn -0.5092 -0.4603 0.7272
vn -0.1499 -0.1151 0.9820
vn 0.0179 0.2982 0.9543
vn -0.8951 -0.1210 0.4292
vn -0.5192 -0.0888 0.8500
vn -0.1897 0.2407 0.9519
vn -0.5406 0.2658 0.7982
vn -0.1111 0.7014 -0.7040
vn -0.0193 0.6439 -0.7649
vn 0.0323 0.6495 -0.7597
vn -0.3154 0.7365 -0.5984
vn -0.9855 -0.1588 0.0591
vn -0.9102 -0.3703 -0.1855
vn -0.9931 -0.1122 0.0338
vn -0.8818 -0.2135 -0.4205
vn -0.4912 -0.6063 -0.6254
vn -0.9959 -0.0482 -0.0770
vn -0.4994 -0.3297 -0.8012
vn -0.4203 -0.6320 -0.6511
vn -0.9832 0.0687 -0.1690
vn -0.8667 -0.1260 -0.4827
vn -0.8496 0.4189 -0.3204
vn -0.6758 -0.0159 -0.7369
vn -0.3153 -0.1493 -0.9372
vn -0.0000 -0.4103 -0.9120
vn -0.7681 0.5736 -0.2846
vn -0.0465 0.9523 -0.3016
vn -0.6033 0.4496 -0.6587
vn -0.7178 0.6248 -0.3072
vn 0.0027 -0.1758 -0.9844
vn 0.4995 -0.3297 -0.8011
vn -0.4332 0.6380 -0.6367
vn -0.4053 0.6888 -0.6011
vn -0.0110 0.0569 -0.9983
vn 0.3183 -0.1627 -0.9339
vn 0.8829 -0.2159 -0.4169
vn -0.0638 0.5183 -0.8528
vn 0.6483 0.0406 -0.7603
vn 0.8652 -0.1328 -0.4834
vn 0.9921 -0.1195 0.0373
vn 0.4568 0.5043 -0.7328
vn 0.2892 0.6613 -0.6921
vn -0.0657 0.7217 -0.6891
vn 0.2957 0.6637 -0.6871
vn 0.2513 0.7006 -0.6678
vn 0.4672 0.6786 -0.5668
vn 0.3823 0.7961 -0.4691
vn 0.4161 0.5959 -0.6869
vn 0.2324 0.8093 -0.5394
vn -0.1350 0.9013 -0.4117
vn 0.6948 0.4817 -0.5340
vn 0.9836 0.1778 0.0290
vn -0.0759 0.8268 -0.5573
vn 0.9696 0.0723 -0.2336
vn 0.9960 -0.0467 -0.0768
vn 0.9749 0.0531 0.2163
vn 0.9727 -0.0980 0.2103
vn 0.9008 0.0671 0.4290
vn -0.7800 -0.6221 -0.0672
vn -0.8647 -0.4198 -0.2758
vn -0.9376 -0.3164 -0.1445
vn -0.2655 -0.4341 0.8609
vn -0.8769 0.0507 -0.4780
vn -0.7666 0.1220 -0.6304
vn -0.6073 -0.2241 -0.7622
vn -0.6488 -0.5436 -0.5326
vn -0.0843 -0.3825 -0.9201
vn -0.3599 -0.7815 0.5097
vn 0.1899 -0.9757 -0.1090
vn -0.9586 0.0843 0.2720
vn -0.8701 -0.0662 0.4885
vn -0.9143 0.3168 0.2524
vn -0.1865 -0.5854 0.7890
vn -0.8996 0.3219 0.2950
vn 0.1383 0.0947 -0.9859
vn -0.3493 -0.3072 -0.8852
vn -0.8381 -0.0003 -0.5456
vn -0.5514 -0.7258 -0.4113
vn -0.7390 -0.1255 -0.6620
vn 0.0288 -0.3050 -0.9519
vn -0.7560 -0.1584 -0.6351
vn -0.8612 0.1481 -0.4862
vn -0.9158 0.1560 -0.3702
vn -0.5344 0.3453 -0.7715
vn 0.1021 -0.6417 -0.7601
vn 0.0349 -0.3347 -0.9417
vn 0.0741 -0.1224 -0.9897
vn 0.1760 -0.0104 -0.9843
vn 0.4177 0.0599 -0.9066
vn 0.2512 0.0946 -0.9633
vn 0.4178 -0.1595 -0.8944
vn 0.3331 -0.2143 -0.9182
vn 0.7681 -0.1959 -0.6096
vn 0.8106 0.4820 -0.3326
vn 0.7224 0.4378 -0.5352
vn 0.8724 -0.2080 -0.4423
vn 0.9492 0.3143 -0.0146
vn 0.9240 -0.1452 -0.3539
vn -0.2157 0.0782 0.9733
vn 0.7034 -0.7066 0.0779
vn 0.1433 0.2364 0.9610
vn 0.9449 -0.3007 0.1292
vn 0.6217 0.0391 0.7823
vn 0.9699 -0.1758 -0.1685
vn 0.8230 0.0649 -0.5643
vn 0.1841 0.7208 0.6683
vn 0.5701 0.2832 -0.7712
vn 0.5042 0.1937 -0.8416
vn 0.4255 0.1242 -0.8964
vn 0.8246 0.3410 -0.4515
vn 0.8073 0.3672 -0.4619
vn 0.3711 0.0989 -0.9233
vn 0.9893 0.0914 -0.1137
vn 0.8104 0.3010 -0.5027
vn 0.8106 0.2515 -0.5288
vn 0.9255 0.3786 -0.0123
vn 0.9419 -0.2475 0.2270
vn 0.9073 0.4186 0.0401
vn 0.9490 0.3154 -0.0025
vn 0.9212 0.3879 0.0295
vn 0.9321 0.0496 0.3588
vn 0.7014 -0.4344 0.5650
vn 0.8327 0.3911 0.3919
vn 0.7797 0.4732 0.4100
vn 0.8004 0.4273 0.4204
vn 0.8379 0.3348 0.4310
vn 0.6954 -0.3314 0.6377
vn 0.6259 0.0684 0.7769
vn 0.5031 0.4134 0.7589
vn 0.4682 0.5178 0.7160
vn 0.4961 0.4963 0.7124
vn 0.1761 0.4216 0.8895
vn 0.4000 -0.2201 0.8897
vn 0.2177 0.1634 0.9622
vn 0.1572 0.5266 0.8355
vn 0.1364 0.5053 0.8521
vn 0.5211 0.0094 0.8534
vn 0.5046 -0.0862 0.8591
vn -0.0790 -0.8887 0.4516
vn -0.0367 -0.3656 0.9300
vn 0.4036 -0.1620 0.9005
vn 0.0203 0.0458 0.9987
vn 0.8270 0.1120 0.5510
vn 0.4277 0.1623 0.8892
vn 0.0894 0.3609 0.9283
vn 0.4668 0.4227 0.7768
vn 0.9376 -0.3164 -0.1445
vn 0.4698 0.3412 -0.8142
vn 0.8769 0.0508 -0.4780
vn 0.7969 -0.2858 -0.5323
vn 0.7668 0.1221 -0.6301
vn 0.6072 -0.2241 -0.7623
vn 0.6485 -0.5440 -0.5325
vn 0.2145 -0.1503 -0.9651
vn 0.3640 0.6438 -0.6730
vn 0.0841 -0.3824 -0.9202
vn -0.8003 -0.3839 -0.4605
vn -0.8943 -0.3761 -0.2424
vn -0.7090 -0.6847 0.1688
vn 0.2323 -0.8179 -0.5263
vn -0.3503 -0.8758 0.3320
vn -0.7211 -0.4608 -0.5174
vn -0.6055 -0.4682 -0.6435
vn -0.5777 -0.5621 -0.5919
vn -0.4076 -0.5526 -0.7270
vn 0.8870 -0.4609 0.0290
vn -0.0377 -0.4841 -0.8742
vn 0.1897 -0.4686 -0.8628
vn -0.2053 -0.4690 -0.8590
vn -0.2096 -0.6023 -0.7703
vn 0.6312 0.1518 -0.7606
vn 0.2881 0.1653 -0.9432
vn 0.1532 -0.9159 -0.3711
vn 0.2108 -0.5331 -0.8194
vn 0.2722 0.3591 -0.8927
vn -0.2573 -0.3206 -0.9116
vn 0.4973 0.3418 -0.7974
vn -0.2360 0.6913 -0.6830
vn -0.2498 -0.4449 -0.8600
vn -0.1478 -0.4164 -0.8971
vn 0.0138 -0.4578 -0.8890
vn -0.3608 -0.6996 -0.6168
vn 0.3672 -0.8042 -0.4673
vn -0.6650 -0.0835 0.7421
vn 0.0970 0.6389 -0.7632
vn -0.2034 -0.0411 -0.9782
vn 0.9765 0.1097 0.1853
vn -0.1707 -0.7814 0.6002
vn 0.7440 0.2810 0.6062
vn 0.7890 0.1328 -0.5999
vn 0.9693 -0.0947 0.2270
vn 0.6544 -0.2434 0.7159
vn 0.3518 -0.5232 0.7762
vn -0.4631 -0.6952 0.5498
vn -0.0783 -0.8251 0.5595
vn -0.0790 0.8988 0.4311
vn -0.6750 -0.3643 0.6417
vn 0.9309 -0.2725 0.2433
vn -0.1158 -0.8737 0.4726
vn 0.1153 -0.7201 -0.6842
vn 0.9167 -0.3758 0.1361
vn 0.7811 0.1795 -0.5980
vn -0.0818 0.3307 -0.9402
vn 0.7468 0.2671 -0.6091
vn 0.9717 -0.2360 0.0126
vn -0.1859 0.4620 -0.8672
vn 0.6546 0.4154 -0.6316
vn 0.5331 0.5007 -0.6820
vn -0.5919 0.4104 -0.6937
vn -0.4821 0.5055 -0.7156
vn -0.3191 0.1178 -0.9404
vn -0.9461 0.1086 -0.3050
vn -0.9649 0.0914 0.2461
vn -0.6621 -0.4350 -0.6103
vn -0.8689 0.2969 -0.3960
vn -0.2327 0.3226 -0.9175
vn -0.5846 0.4346 -0.6851
vn -0.9612 0.1359 0.2399
vn -0.2435 0.4807 -0.8424
vn 0.8680 0.4257 -0.2557
vn -0.9859 0.1547 0.0635
vn 0.0206 0.4733 -0.8807
vn 0.0821 -0.8443 -0.5296
vn -0.9863 0.1302 -0.1013
vn -0.7145 -0.2804 0.6410
vn -0.5403 -0.1605 0.8260
vn -0.9314 0.0681 -0.3575
vn 0.0494 -0.6332 0.7724
vn -0.7061 -0.4406 0.5544
vn 0.3578 -0.7529 0.5523
vn 0.5215 -0.7727 0.3620
vn -0.7381 -0.5815 0.3421
vn -0.0416 0.1816 0.9825
vn 0.9641 0.2588 -0.0594
vn 0.9449 0.3178 0.0783
vn 0.8884 0.1485 0.4343
vn 0.6152 0.1746 0.7688
vn 0.6875 0.5190 0.5079
vn 0.7212 0.5819 0.3758
vn 0.6720 0.5123 0.5348
vn 0.5752 0.3405 0.7438
vn 0.8378 0.2848 0.4659
vn -0.0261 0.3679 0.9295
vn -0.0086 0.5044 0.8634
vn 0.5409 0.4575 0.7058
vn -0.5640 0.3137 0.7639
vn -0.9684 -0.0627 -0.2413
vn -0.9113 0.2157 0.3507
vn -0.9605 0.0383 -0.2756
vn -0.9448 0.1613 -0.2852
vn -0.4173 0.4827 0.7700
vn -0.9273 0.1752 -0.3308
vn -0.9555 0.0665 -0.2873
vn -0.7853 0.3793 0.4893
vn -0.3312 0.4073 0.8511
vn -0.6364 0.3418 0.6915
vn -0.5166 0.3877 0.7634
vn -0.3311 0.3965 0.8562
vn 0.0757 0.3765 0.9233
vn 0.4602 0.3918 0.7967
vn 0.6994 0.3322 0.6328
vn 0.7671 0.3870 0.5117
vn 0.6102 0.1683 0.7741
vn 0.1536 0.5223 0.8388
vn 0.1021 0.2819 0.9540
vn -0.0516 0.1051 0.9931
vn 0.7707 -0.1411 0.6214
vn 0.7881 0.1812 0.5882
vn 0.8698 -0.4901 -0.0574
vn 0.2191 0.1602 0.9624
vn 0.4907 -0.7602 0.4257
vn -0.0469 0.9499 0.3091
vn -0.1629 0.5764 0.8008
vn 0.0269 0.9559 0.2923
vn -0.9231 -0.3214 -0.2111
vn 0.7474 -0.4464 -0.4921
vn -0.1039 -0.5488 -0.8295
vn 0.7828 -0.3954 -0.4805
vn 0.8321 0.5524 -0.0506
vn 0.8972 0.4328 -0.0874
vn 0.3519 0.9064 0.2336
vn 0.4088 -0.8561 0.3162
vn -0.0927 0.9446 0.3149
vn -0.8250 0.5151 0.2325
vn -0.0848 0.7593 0.6452
vn 0.6949 0.6822 0.2275
vn 0.5395 0.7794 0.3186
vn 0.9180 0.1525 0.3661
vn 0.9706 0.1841 0.1548
vn 0.8989 -0.2071 -0.3862
vn 0.3603 0.8553 0.3723
vn 0.1087 0.8981 0.4261
vn 0.9953 -0.0542 -0.0805
vn 0.9266 0.2747 0.2568
vn 0.9238 0.3413 0.1734
vn 0.9226 0.3768 -0.0822
vn 0.7607 -0.2308 -0.6067
vn 0.8210 0.4071 -0.4004
vn 0.1371 0.9796 0.1471
vn 0.0552 0.9752 -0.2143
vn -0.5153 0.7500 -0.4147
vn 0.2082 0.9041 0.3731
vn 0.2409 0.8493 0.4697
vn 0.6820 0.6128 0.3992
vn -0.0889 0.9917 0.0927
vn 0.9378 0.2959 0.1815
vn -0.4272 0.7287 0.5353
vn 0.6074 0.5188 0.6016
vn 0.8885 0.0963 0.4486
vn 0.5849 0.6153 0.5284
vn -0.9084 -0.0818 0.4100
vn -0.8195 0.5724 0.0283
vn -0.9055 -0.2366 0.3522
vn -0.3061 0.7628 0.5697
vn -0.6628 0.6258 0.4112
vn -0.4703 0.6511 0.5958
vn -0.4028 0.7701 0.4947
vn -0.7269 -0.5448 -0.4181
vn -0.6108 -0.7069 -0.3567
vn -0.7063 0.1251 0.6967
vn -0.7411 0.3160 0.5924
vn -0.2342 0.9362 0.2622
vn -0.7422 0.4729 0.4749
vn -0.4349 -0.6188 0.6541
vn -0.9668 -0.2448 -0.0736
vn 0.2981 0.8714 -0.3896
vn -0.2779 0.9165 0.2878
vn -0.7294 0.4708 0.4963
vn -0.9508 -0.3086 -0.0254
vn -0.8221 0.4996 0.2732
vn -0.3158 0.8908 0.3268
vn -0.6854 -0.6225 -0.3778
vn -0.7262 -0.6810 0.0941
vn -0.7601 -0.6103 -0.2232
vn -0.7852 -0.6187 0.0249
vn -0.9529 -0.0354 -0.3011
vn 0.6262 0.5297 -0.5720
vn -0.3662 -0.4870 0.7929
vn 0.2745 0.0827 0.9580
vn -0.5606 -0.2884 0.7762
vn 0.0646 -0.0185 0.9977
vn 0.4200 0.2311 0.8776
vn 0.3809 0.2991 0.8749
vn 0.5332 0.6065 0.5898
vn 0.3672 0.4967 0.7864
vn 0.5160 0.0737 -0.8534
vn 0.4253 0.8511 0.3080
vn 0.3509 0.8144 0.4623
vn 0.4951 0.0825 -0.8649
vn 0.6193 0.7787 0.1010
vn 0.6938 0.6291 -0.3504
vn 0.4372 0.2112 -0.8742
vn 0.1418 0.1472 -0.9789
vn 0.3119 0.9192 -0.2404
vn 0.1511 0.9675 -0.2030
vn -0.0518 0.8240 -0.5641
vn 0.0199 0.4758 -0.8793
vn 0.0372 0.6409 -0.7667
vn 0.2912 0.3690 -0.8826
vn 0.3023 0.4702 -0.8292
vn 0.1528 0.8126 -0.5624
vn 0.6500 -0.2799 -0.7065
vn -0.1909 0.7202 -0.6670
vn 0.0737 -0.9272 -0.3671
vn -0.3408 -0.7092 -0.6172
vn -0.2575 -0.8213 -0.5092
vn -0.5124 -0.7506 -0.4172
vn -0.7083 -0.3963 -0.5842
vn -0.5903 -0.5267 -0.6117
vn -0.6727 -0.2367 -0.7010
vn -0.0577 -0.8532 -0.5184
vn -0.0645 -0.8338 -0.5483
vn -0.9106 -0.2619 -0.3197
vn -0.9068 -0.2922 -0.3037
vn -0.1016 -0.7387 -0.6663
vn -0.8747 -0.1812 -0.4496
vn -0.5425 0.6908 -0.4780
vn 0.3823 -0.6814 -0.6241
vn 0.3006 -0.7856 -0.5408
vn -0.7979 -0.5093 -0.3224
vn -0.5261 0.8435 0.1086
vn 0.5428 0.8320 0.1151
vn 0.9846 0.1365 -0.1092
vn -0.1800 0.9220 0.3429
vn -0.6081 0.6575 0.4450
vn -0.6033 0.7130 0.3573
vn -0.9044 0.3822 0.1899
vn -0.8265 -0.3295 0.4564
vn -0.6759 0.7288 0.1096
vn -0.9832 -0.1748 0.0535
vn 0.3065 0.9516 -0.0221
vn -0.3094 0.2924 -0.9049
vn 0.6033 0.3209 -0.7301
vn 0.2927 0.9291 0.2261
vn 0.2764 0.8985 0.3412
vn -0.4239 0.8985 0.1143
vn 0.4105 0.8735 0.2619
vn -0.1093 0.7638 0.6361
vn -0.7372 -0.1034 0.6677
vn -0.7181 0.6931 -0.0630
vn -0.0736 0.8320 0.5499
vn -0.6636 -0.0944 0.7421
vn 0.7627 0.0797 -0.6418
vn 0.8883 -0.4371 0.1407
vn 0.8616 0.4373 0.2578
vn 0.8129 0.5562 0.1726
vn 0.9442 -0.2777 0.1770
vn 0.8912 -0.4508 0.0510
vn 0.2938 -0.8202 -0.4909
vn 0.1385 -0.9045 -0.4034
vn 0.9068 -0.1206 0.4039
vn 0.7587 0.6012 0.2507
vn 0.9660 0.0301 0.2567
vn 0.7143 0.6973 0.0588
vn 0.2193 0.9709 0.0964
vn 0.6250 0.7801 -0.0284
vn -0.4109 0.9116 0.0133
vn 0.9778 0.1729 0.1181
vn 0.7248 -0.6125 -0.3155
vn 0.8195 -0.4989 0.2818
vn 0.6625 0.7490 -0.0058
vn 0.9742 0.1768 0.1406
vn 0.7340 -0.5855 0.3440
vn 0.5908 0.2021 -0.7811
vn 0.3255 -0.8812 -0.3428
vn -0.2337 -0.9719 0.0296
vn -0.2994 -0.9511 -0.0762
vn 0.2125 0.8691 -0.4466
vn -0.7264 0.2501 0.6401
vn -0.4819 -0.6820 0.5502
vn -0.6849 0.1514 0.7128
vn -0.5521 -0.6746 0.4900
vn -0.6377 -0.0192 0.7700
vn -0.5758 -0.3098 0.7566
vn -0.6164 0.3733 0.6934
vn -0.6377 0.2170 0.7391
vn -0.3698 0.7331 0.5708
vn -0.0073 0.8727 0.4881
vn -0.3334 0.5794 0.7437
vn 0.4684 -0.0049 -0.8835
vn -0.0440 0.9756 0.2150
vn 0.0931 0.9647 -0.2463
vn 0.3413 0.5404 -0.7691
vn 0.6518 0.0891 -0.7531
vn 0.2193 0.5060 -0.8342
vn 0.6231 0.7330 0.2730
vn 0.4198 0.9002 0.1160
vn 0.9267 0.3705 0.0620
vn -0.2652 0.4346 -0.8607
vn 0.8600 0.2525 -0.4434
vn 0.5343 0.6297 -0.5639
vn 0.6512 0.7467 -0.1356
vn -0.6343 -0.7624 0.1282
vn -0.5182 -0.8456 -0.1285
vn -0.1224 -0.8311 -0.5425
vn -0.4614 -0.3456 -0.8171
vn -0.2447 -0.8899 -0.3850
vn -0.0061 -0.9481 -0.3178
vn 0.2481 -0.6843 -0.6856
vn 0.0815 -0.7596 -0.6453
vn 0.3015 -0.5514 -0.7778
vn -0.8075 -0.4997 -0.3135
vn -0.4486 -0.8166 -0.3632
vn -0.4385 -0.8341 -0.3347
vn 0.5710 -0.6465 -0.5059
vn 0.5732 -0.6620 -0.4829
vn -0.3117 -0.4889 -0.8147
vn -0.7537 -0.6129 -0.2372
vn 0.4673 -0.6375 -0.6125
vn -0.2438 0.7172 -0.6529
vn -0.0974 0.6676 -0.7382
vn -0.4237 0.7852 -0.4517
vn 0.1007 0.7035 -0.7035
vn 0.2472 0.7550 -0.6073
vn 0.0672 0.8599 -0.5061
vn 0.0994 0.6801 -0.7264
vn 0.2155 -0.6158 -0.7579
vn -0.8017 0.5456 0.2442
vn 0.1955 0.0439 -0.9797
vn 0.6285 0.2643 -0.7315
vn 0.6090 0.2885 -0.7388
vn -0.2608 -0.5749 -0.7755
vn -0.3197 -0.6410 -0.6978
vn 0.0127 -0.4972 -0.8675
vn 0.9929 0.1128 0.0384
vn 0.8807 0.4112 0.2352
vn 0.7657 0.4002 0.5036
vn -0.2751 0.9089 0.3134
vn 0.0285 0.7915 0.6104
vn -0.3131 0.8759 0.3671
vn 0.0025 -0.3181 -0.9481
vn -0.6856 -0.2218 -0.6934
vn -0.5229 -0.6592 -0.5404
vn -0.7984 -0.3054 -0.5190
vn -0.1361 -0.4801 -0.8666
vn -0.9596 -0.0029 0.2815
vn -0.4022 0.8874 0.2255
vn -0.4368 0.8779 0.1964
vn -0.6084 0.5601 0.5623
vn 0.6720 0.4581 -0.5819
vn 0.4819 0.7584 0.4389
vn 0.6806 0.4631 -0.5678
vn 0.5451 0.5916 -0.5941
vn -0.9141 -0.0508 -0.4023
vn 0.2546 -0.4898 -0.8338
vn 0.0770 -0.8064 -0.5863
vn 0.3837 -0.6239 -0.6808
vn -0.4098 -0.7490 -0.5206
vn 0.5352 -0.5726 -0.6210
vt 0.632813 0.258789
vt 0.606934 0.211792
vt 0.638184 0.196777
vt 0.660645 0.302734
vt 0.605957 0.278320
vt 0.636230 0.315186
vt 0.686523 0.288574
vt 0.684082 0.336914
vt 0.819336 0.409912
vt 0.806641 0.373535
vt 0.848145 0.413086
vt 0.786621 0.405029
vt 0.777832 0.385010
vt 0.739746 0.442627
vt 0.714355 0.439453
vt 0.723145 0.398682
vt 0.754883 0.392822
vt 0.792480 0.421631
vt 0.673340 0.547852
vt 0.656250 0.519531
vt 0.687012 0.519043
vt 0.695801 0.472412
vt 0.726563 0.467529
vt 0.707031 0.495850
vt 0.670898 0.495361
vt 0.766602 0.427490
vt 0.773438 0.450928
vt 0.747559 0.562988
vt 0.738281 0.489502
vt 0.759766 0.489746
vt 0.781738 0.484863
vt 0.810547 0.475098
vt 0.826660 0.529297
vt 0.828125 0.436523
vt 0.833984 0.468506
vt 0.865234 0.457764
vt 0.850586 0.520996
vt 0.788086 0.755859
vt 0.784180 0.729004
vt 0.801758 0.753906
vt 0.819336 0.752930
vt 0.799316 0.727539
vt 0.815918 0.728027
vt 0.817383 0.713379
vt 0.841309 0.751465
vt 0.842773 0.729492
vt 0.844238 0.697266
vt 0.869629 0.736328
vt 0.880371 0.715332
vt 0.908203 0.738770
vt 0.864746 0.751465
vt 0.904297 0.755371
vt 0.930176 0.762207
vt 0.929688 0.767090
vt 0.903320 0.761230
vt 0.964844 0.766113
vt 0.966309 0.769043
vt 0.977539 0.763184
vt 0.932129 0.749512
vt 0.975098 0.760742
vt 0.984863 0.751465
vt 0.963379 0.755371
vt 0.967285 0.751953
vt 0.947266 0.729980
vt 0.981445 0.750977
vt 0.980957 0.719727
vt 0.986328 0.720703
vt 0.970703 0.748047
vt 0.965820 0.718750
vt 0.959473 0.700684
vt 0.977539 0.692871
vt 0.965332 0.646973
vt 0.952637 0.649902
vt 0.950195 0.617187
vt 0.983398 0.645020
vt 0.983887 0.693848
vt 0.986328 0.619629
vt 0.962891 0.618164
vt 0.988281 0.599121
vt 0.177002 0.387695
vt 0.163574 0.386230
vt 0.163330 0.368652
vt 0.194336 0.404541
vt 0.192505 0.375000
vt 0.212036 0.376465
vt 0.282959 0.377197
vt 0.263184 0.394043
vt 0.251465 0.370117
vt 0.297607 0.370361
vt 0.273438 0.351562
vt 0.303955 0.394043
vt 0.312988 0.332275
vt 0.290283 0.339600
vt 0.273438 0.303955
vt 0.317383 0.360596
vt 0.333496 0.327393
vt 0.336182 0.358398
vt 0.306641 0.303467
vt 0.361084 0.328857
vt 0.423096 0.405273
vt 0.386963 0.420166
vt 0.407471 0.377441
vt 0.369385 0.278320
vt 0.349609 0.278076
vt 0.364502 0.254883
vt 0.388916 0.273926
vt 0.375977 0.299561
vt 0.354248 0.302734
vt 0.437256 0.363770
vt 0.449951 0.393311
vt 0.483643 0.485352
vt 0.470947 0.493652
vt 0.451660 0.475830
vt 0.492920 0.506348
vt 0.010895 0.096619
vt 0.081482 0.099182
vt 0.080872 0.172852
vt 0.142334 0.095886
vt 0.085571 0.036682
vt 0.010895 0.015343
vt 0.373535 0.018921
vt 0.380615 0.043579
vt 0.384766 0.031006
vt 0.360840 0.048950
vt 0.351563 0.016464
vt 0.324707 0.015930
vt 0.255615 0.024094
vt 0.226807 0.045013
vt 0.258057 0.073120
vt 0.229248 0.065186
vt 0.224609 0.055237
vt 0.028580 0.667480
vt 0.008858 0.664551
vt 0.008858 0.637695
vt 0.025116 0.686523
vt 0.008858 0.683105
vt 0.008858 0.700195
vt 0.041534 0.691895
vt 0.049713 0.674316
vt 0.065002 0.695312
vt 0.020691 0.701660
vt 0.034210 0.704590
vt 0.021515 0.708496
vt 0.008858 0.708008
vt 0.008858 0.715332
vt 0.032135 0.709473
vt 0.053375 0.703613
vt 0.019623 0.715820
vt 0.051361 0.708496
vt 0.057251 0.709473
vt 0.018463 0.732422
vt 0.008858 0.731934
vt 0.008858 0.738770
vt 0.034637 0.713867
vt 0.038574 0.722168
vt 0.019089 0.741211
vt 0.008858 0.746582
vt 0.053680 0.714355
vt 0.045898 0.735840
vt 0.035675 0.749512
vt 0.019165 0.747559
vt 0.008858 0.750977
vt 0.063171 0.725098
vt 0.017517 0.752441
vt 0.070618 0.712891
vt 0.055450 0.751953
vt 0.075500 0.737305
vt 0.017471 0.763672
vt 0.008858 0.762207
vt 0.008858 0.770020
vt 0.016342 0.770996
vt 0.008858 0.779297
vt 0.217163 0.813965
vt 0.218994 0.808105
vt 0.244385 0.812012
vt 0.207642 0.794434
vt 0.192749 0.831055
vt 0.158813 0.839844
vt 0.148071 0.812988
vt 0.159790 0.897949
vt 0.138062 0.876953
vt 0.137085 0.834961
vt 0.116394 0.918457
vt 0.131348 0.945312
vt 0.090820 0.958496
vt 0.078918 0.923340
vt 0.048889 0.963379
vt 0.106934 0.892090
vt 0.043030 0.924316
vt 0.008858 0.964844
vt 0.008858 0.922363
vt 0.071899 0.893066
vt 0.038361 0.879395
vt 0.008858 0.883301
vt 0.098633 0.870605
vt 0.120117 0.855957
vt 0.008858 0.860840
vt 0.020874 0.861816
vt 0.030426 0.766602
vt 0.032562 0.777832
vt 0.040649 0.762695
vt 0.033081 0.790527
vt 0.026642 0.759766
vt 0.036621 0.760254
vt 0.034729 0.753418
vt 0.048218 0.783203
vt 0.606445 0.211792
vt 0.574219 0.234009
vt 0.662109 0.244873
vt 0.638672 0.196777
vt 0.660156 0.302734
vt 0.606445 0.278320
vt 0.635742 0.315186
vt 0.657227 0.352539
vt 0.612305 0.336182
vt 0.740234 0.442627
vt 0.714844 0.439453
vt 0.696289 0.472412
vt 0.686523 0.519043
vt 0.847656 0.413086
vt 0.792969 0.421631
vt 0.748047 0.562988
vt 0.866211 0.431152
vt 0.782227 0.484863
vt 0.827148 0.529297
vt 0.880859 0.508301
vt 0.962891 0.593262
vt 0.964844 0.646973
vt 0.952148 0.649902
vt 0.981445 0.719727
vt 0.959961 0.700684
vt 0.984375 0.751465
vt 0.974609 0.760742
vt 0.965820 0.769043
vt 0.930664 0.762207
vt 0.932617 0.749512
vt 0.963867 0.755371
vt 0.967773 0.751953
vt 0.933594 0.715820
vt 0.870117 0.736328
vt 0.879883 0.715332
vt 0.840820 0.751465
vt 0.865234 0.751465
vt 0.816406 0.728027
vt 0.844727 0.697266
vt 0.798828 0.727539
vt 0.176758 0.387695
vt 0.192383 0.375000
vt 0.163086 0.368652
vt 0.163086 0.386230
vt 0.201172 0.427490
vt 0.216797 0.404541
vt 0.283203 0.377197
vt 0.262695 0.394043
vt 0.291016 0.403564
vt 0.303711 0.394043
vt 0.297852 0.370361
vt 0.290039 0.339600
vt 0.313477 0.332275
vt 0.333984 0.327393
vt 0.335938 0.358398
vt 0.361328 0.328857
vt 0.422852 0.405273
vt 0.407227 0.377441
vt 0.386719 0.420166
vt 0.405273 0.449951
vt 0.354492 0.302734
vt 0.369141 0.278320
vt 0.388672 0.273926
vt 0.364258 0.254883
vt 0.383789 0.252930
vt 0.450195 0.393311
vt 0.437500 0.363770
vt 0.440430 0.437744
vt 0.483398 0.485352
vt 0.475586 0.464111
vt 0.451172 0.475830
vt 0.470703 0.493652
vt 0.455078 0.503418
vt 0.493164 0.506348
vt 0.479492 0.511719
vt 0.142578 0.095886
vt 0.081055 0.099182
vt 0.081055 0.172852
vt 0.085938 0.036682
vt 0.010742 0.096619
vt 0.010742 0.015343
vt 0.380859 0.043579
vt 0.373047 0.018921
vt 0.360352 0.048950
vt 0.324219 0.015930
vt 0.333984 0.053833
vt 0.286133 0.073120
vt 0.282227 0.014587
vt 0.257813 0.073120
vt 0.255859 0.024094
vt 0.226563 0.045013
vt 0.229492 0.065186
vt 0.028320 0.667480
vt 0.033203 0.645996
vt 0.008789 0.637695
vt 0.008789 0.664551
vt 0.049805 0.674316
vt 0.025391 0.686523
vt 0.008789 0.683105
vt 0.008789 0.700195
vt 0.041992 0.691895
vt 0.020508 0.701660
vt 0.008789 0.708008
vt 0.008789 0.715332
vt 0.032227 0.709473
vt 0.053711 0.703613
vt 0.065430 0.695312
vt 0.019531 0.715820
vt 0.051758 0.708496
vt 0.057617 0.709473
vt 0.018555 0.732422
vt 0.008789 0.731934
vt 0.008789 0.738770
vt 0.034180 0.713867
vt 0.039063 0.722168
vt 0.019531 0.741211
vt 0.008789 0.746582
vt 0.036133 0.749512
vt 0.019531 0.747559
vt 0.008789 0.750977
vt 0.063477 0.725098
vt 0.017578 0.752441
vt 0.070313 0.712891
vt 0.055664 0.751953
vt 0.075195 0.737305
vt 0.017578 0.763672
vt 0.008789 0.762207
vt 0.008789 0.770020
vt 0.016602 0.770996
vt 0.008789 0.779297
vt 0.216797 0.813965
vt 0.245117 0.821289
vt 0.244141 0.812012
vt 0.192383 0.831055
vt 0.208008 0.794434
vt 0.173828 0.791992
vt 0.148438 0.812988
vt 0.159180 0.839844
vt 0.116211 0.918457
vt 0.160156 0.897949
vt 0.137695 0.876953
vt 0.131836 0.945312
vt 0.079102 0.923340
vt 0.048828 0.963379
vt 0.106445 0.892090
vt 0.008789 0.964844
vt 0.008789 0.922363
vt 0.072266 0.893066
vt 0.038086 0.879395
vt 0.008789 0.883301
vt 0.020508 0.861816
vt 0.008789 0.860840
vt 0.021484 0.842773
vt 0.016602 0.779785
vt 0.032227 0.777832
vt 0.030273 0.766602
vt 0.041016 0.762695
vt 0.033203 0.790527
vt 0.026367 0.759766
vt 0.037109 0.760254
vt 0.035156 0.753418
vt 0.172119 0.607422
vt 0.149902 0.598145
vt 0.147339 0.602051
vt 0.152588 0.621094
vt 0.162231 0.629883
vt 0.175903 0.637695
vt 0.184692 0.618164
vt 0.361084 0.820312
vt 0.364746 0.837402
vt 0.340820 0.848145
vt 0.383545 0.816406
vt 0.375977 0.855957
vt 0.354736 0.871094
vt 0.389648 0.824219
vt 0.399902 0.814453
vt 0.398193 0.820801
vt 0.401367 0.820312
vt 0.393066 0.827148
vt 0.421143 0.820801
vt 0.397461 0.840820
vt 0.419434 0.825684
vt 0.425293 0.825684
vt 0.410400 0.850098
vt 0.392090 0.871582
vt 0.373779 0.892578
vt 0.395996 0.874512
vt 0.411865 0.858398
vt 0.399902 0.879395
vt 0.387939 0.905273
vt 0.375000 0.924805
vt 0.360840 0.920410
vt 0.406738 0.885742
vt 0.432129 0.949219
vt 0.414795 0.954590
vt 0.413574 0.944336
vt 0.419189 0.867676
vt 0.416748 0.864258
vt 0.425781 0.855469
vt 0.296143 0.513672
vt 0.277100 0.515625
vt 0.293701 0.492432
vt 0.315674 0.474365
vt 0.315430 0.507324
vt 0.336670 0.469238
vt 0.310791 0.519531
vt 0.280273 0.544922
vt 0.331299 0.502441
vt 0.334717 0.509766
vt 0.359863 0.484131
vt 0.365479 0.473145
vt 0.370850 0.489990
vt 0.348389 0.502441
vt 0.351563 0.511230
vt 0.366211 0.495117
vt 0.375732 0.507324
vt 0.372803 0.513184
vt 0.401123 0.560059
vt 0.415283 0.570801
vt 0.399414 0.565430
vt 0.372559 0.558105
vt 0.374268 0.557129
vt 0.376221 0.544434
vt 0.405273 0.579590
vt 0.373535 0.562012
vt 0.381836 0.594727
vt 0.349609 0.570312
vt 0.365479 0.555664
vt 0.356934 0.549316
vt 0.353271 0.541504
vt 0.329834 0.545898
vt 0.335693 0.556152
vt 0.313965 0.556152
vt 0.322510 0.565430
vt 0.311523 0.575684
vt 0.337402 0.580078
vt 0.302734 0.579590
vt 0.322998 0.590332
vt 0.312500 0.599121
vt 0.340088 0.612305
vt 0.300537 0.598145
vt 0.293945 0.591797
vt 0.287842 0.602539
vt 0.283936 0.602051
vt 0.300293 0.613281
vt 0.326416 0.622070
vt 0.310303 0.632324
vt 0.337891 0.640137
vt 0.326660 0.653320
vt 0.352051 0.635742
vt 0.347900 0.657227
vt 0.348145 0.675293
vt 0.364990 0.653320
vt 0.369629 0.673340
vt 0.349365 0.690918
vt 0.332031 0.701660
vt 0.344971 0.709473
vt 0.367432 0.692871
vt 0.320068 0.726562
vt 0.361572 0.715820
vt 0.394043 0.694824
vt 0.337891 0.731934
vt 0.311523 0.747559
vt 0.354980 0.738770
vt 0.387695 0.720703
vt 0.333008 0.753418
vt 0.328613 0.771973
vt 0.307373 0.765137
vt 0.305664 0.769531
vt 0.326660 0.777832
vt 0.341309 0.787598
vt 0.348633 0.760742
vt 0.379639 0.748535
vt 0.343018 0.782715
vt 0.370605 0.773437
vt 0.360596 0.792969
vt 0.357422 0.798340
vt 0.391113 0.808105
vt 0.395996 0.783691
vt 0.403564 0.758301
vt 0.392578 0.801270
vt 0.421387 0.794434
vt 0.423584 0.785645
vt 0.631836 0.542969
vt 0.604004 0.547852
vt 0.630859 0.536621
vt 0.651367 0.540039
vt 0.633301 0.546875
vt 0.606934 0.557129
vt 0.634766 0.551270
vt 0.611328 0.564453
vt 0.638184 0.556641
vt 0.616211 0.574707
vt 0.637695 0.601074
vt 0.610352 0.596680
vt 0.640625 0.583008
vt 0.666992 0.606934
vt 0.669922 0.596680
vt 0.691895 0.607910
vt 0.665039 0.621582
vt 0.635742 0.623047
vt 0.689941 0.612305
vt 0.704590 0.615723
vt 0.689941 0.619141
vt 0.694336 0.625977
vt 0.665527 0.626465
vt 0.635742 0.625000
vt 0.697754 0.637207
vt 0.706055 0.628418
vt 0.725098 0.654297
vt 0.661133 0.640625
vt 0.633789 0.637695
vt 0.695801 0.647949
vt 0.720215 0.658691
vt 0.694824 0.654297
vt 0.660645 0.659180
vt 0.693359 0.660156
vt 0.725586 0.663086
vt 0.693359 0.669922
vt 0.707031 0.676270
vt 0.663574 0.678711
vt 0.636230 0.683105
vt 0.687500 0.679199
vt 0.691895 0.689941
vt 0.709961 0.683594
vt 0.695313 0.695801
vt 0.673828 0.711426
vt 0.669434 0.700195
vt 0.638184 0.712402
vt 0.642090 0.728516
vt 0.989258 0.514160
vt 0.989258 0.528809
vt 0.962891 0.530762
vt 0.960938 0.516113
vt 0.954590 0.476807
vt 0.989258 0.475098
vt 0.936035 0.536133
vt 0.989258 0.426758
vt 0.932617 0.522461
vt 0.909180 0.544434
vt 0.904785 0.531738
vt 0.891113 0.489258
vt 0.922852 0.481689
vt 0.875000 0.436768
vt 0.911621 0.431396
vt 0.858398 0.389893
vt 0.947754 0.428223
vt 0.989258 0.375488
vt 0.941895 0.377930
vt 0.989258 0.328125
vt 0.901367 0.381104
vt 0.841309 0.342773
vt 0.938477 0.329590
vt 0.989258 0.282471
vt 0.937012 0.281494
vt 0.892090 0.333496
vt 0.825195 0.292969
vt 0.881836 0.287109
vt 0.989258 0.255615
vt 0.989258 0.240845
vt 0.961426 0.257568
vt 0.959473 0.243042
vt 0.953613 0.203491
vt 0.989258 0.201782
vt 0.934570 0.262695
vt 0.989258 0.153564
vt 0.931641 0.249390
vt 0.908203 0.270752
vt 0.903809 0.258545
vt 0.889648 0.215942
vt 0.921387 0.208374
vt 0.874023 0.163452
vt 0.910645 0.157959
vt 0.857910 0.116516
vt 0.946777 0.155029
vt 0.989258 0.102417
vt 0.940918 0.104736
vt 0.989258 0.054901
vt 0.900391 0.107849
vt 0.840820 0.069275
vt 0.937500 0.056274
vt 0.989258 0.009216
vt 0.936035 0.008263
vt 0.891113 0.060028
vt 0.824219 0.019745
vt 0.880859 0.013763
vt 0.955078 0.476807
vt 0.935547 0.536133
vt 0.905273 0.531738
vt 0.890625 0.489258
vt 0.912109 0.431396
vt 0.948242 0.428223
vt 0.942383 0.377930
vt 0.841797 0.342773
vt 0.936523 0.281494
vt 0.891602 0.333496
vt 0.961914 0.257568
vt 0.959961 0.243042
vt 0.953125 0.203491
vt 0.904297 0.258545
vt 0.921875 0.208374
vt 0.910156 0.157959
vt 0.857422 0.116516
vt 0.947266 0.155029
vt 0.941406 0.104736
vt 0.936523 0.008263
vt 0.890625 0.060028
vt 0.050781 0.567383
vt 0.049805 0.570801
vt 0.061523 0.572754
vt 0.038086 0.567383
vt 0.039063 0.569336
vt 0.037109 0.555664
vt 0.043945 0.552246
vt 0.038086 0.550781
vt 0.026367 0.559082
vt 0.038086 0.560059
vt 0.026367 0.561035
vt 0.026367 0.556152
vt 0.015625 0.557617
vt 0.050690 0.567383
vt 0.049438 0.570801
vt 0.038849 0.569336
vt 0.038208 0.567383
vt 0.037506 0.555664
vt 0.044373 0.552246
vt 0.038208 0.560059
vt 0.026566 0.559082
vt 0.037781 0.550781
vt 0.026550 0.561035
vt 0.026596 0.556152
vt 0.015396 0.557617
vt 0.560547 0.942383
vt 0.557617 0.926758
vt 0.581055 0.927734
vt 0.552734 0.946289
vt 0.547852 0.931641
vt 0.542969 0.909668
vt 0.550781 0.907715
vt 0.579102 0.908691
vt 0.522461 0.930664
vt 0.526367 0.938477
vt 0.505859 0.953125
vt 0.510742 0.944336
vt 0.518555 0.955078
vt 0.553711 0.887695
vt 0.578125 0.887207
vt 0.501953 0.948730
vt 0.515625 0.919922
vt 0.511719 0.905273
vt 0.489258 0.958496
vt 0.494141 0.960937
vt 0.482422 0.969238
vt 0.467773 0.975098
vt 0.469727 0.972656
vt 0.480469 0.965332
vt 0.463867 0.970703
vt 0.466797 0.969727
vt 0.476563 0.960937
vt 0.473633 0.958008
vt 0.486328 0.953613
vt 0.483398 0.947754
vt 0.489258 0.950684
vt 0.491211 0.940430
vt 0.498047 0.943848
vt 0.492188 0.938477
vt 0.491211 0.932129
vt 0.491211 0.939453
vt 0.488281 0.926270
vt 0.498047 0.925781
vt 0.477539 0.938477
vt 0.477539 0.945312
vt 0.473633 0.940430
vt 0.444336 0.954102
vt 0.446289 0.951660
vt 0.460938 0.946289
vt 0.441406 0.947754
vt 0.444336 0.948242
vt 0.458008 0.940918
vt 0.455078 0.936035
vt 0.474609 0.932617
vt 0.468750 0.928223
vt 0.491211 0.883301
vt 0.511719 0.885254
vt 0.491211 0.888672
vt 0.428711 0.877930
vt 0.431641 0.876953
vt 0.448242 0.881348
vt 0.430664 0.871094
vt 0.432617 0.872559
vt 0.553711 0.859863
vt 0.561523 0.855957
vt 0.556641 0.873047
vt 0.548828 0.871094
vt 0.493164 0.823242
vt 0.501953 0.831543
vt 0.498047 0.833496
vt 0.491211 0.826172
vt 0.489258 0.840820
vt 0.482422 0.819336
vt 0.477539 0.837402
vt 0.481445 0.834473
vt 0.487305 0.845215
vt 0.475586 0.826172
vt 0.482422 0.822266
vt 0.477539 0.826660
vt 0.786133 0.772949
vt 0.783203 0.772461
vt 0.782227 0.761719
vt 0.778320 0.779297
vt 0.778320 0.776855
vt 0.768555 0.773926
vt 0.777344 0.761719
vt 0.767578 0.769043
vt 0.755859 0.703125
vt 0.764648 0.722656
vt 0.750977 0.727539
vt 0.741211 0.707031
vt 0.744141 0.693359
vt 0.735352 0.687988
vt 0.691406 0.722656
vt 0.696289 0.714355
vt 0.708984 0.729004
vt 0.677734 0.727539
vt 0.691406 0.715820
vt 0.651367 0.734863
vt 0.648438 0.734375
vt 0.662109 0.726562
vt 0.652344 0.738770
vt 0.650391 0.740723
vt 0.665039 0.736816
vt 0.678711 0.733887
vt 0.677734 0.739258
vt 0.666016 0.741699
vt 0.687500 0.735840
vt 0.691406 0.731934
vt 0.694336 0.738770
vt 0.698242 0.732422
vt 0.688477 0.737305
vt 0.688477 0.736328
vt 0.698242 0.745117
vt 0.680664 0.750000
vt 0.658203 0.768066
vt 0.660156 0.771484
vt 0.654297 0.768555
vt 0.670898 0.757812
vt 0.659180 0.774414
vt 0.673828 0.762695
vt 0.694336 0.807617
vt 0.690430 0.809570
vt 0.698242 0.790527
vt 0.698242 0.809570
vt 0.698242 0.812988
vt 0.707031 0.795410
vt 0.560059 0.942383
vt 0.558105 0.959473
vt 0.581543 0.944824
vt 0.580566 0.927734
vt 0.547363 0.931641
vt 0.542480 0.909668
vt 0.551270 0.907715
vt 0.534180 0.949219
vt 0.578613 0.887207
vt 0.554199 0.887695
vt 0.501465 0.948730
vt 0.492676 0.956055
vt 0.505371 0.953125
vt 0.541504 0.884277
vt 0.511230 0.905273
vt 0.468018 0.975098
vt 0.469482 0.972656
vt 0.464111 0.970703
vt 0.476807 0.960937
vt 0.489746 0.958496
vt 0.485840 0.953613
vt 0.483154 0.947754
vt 0.489014 0.950684
vt 0.490967 0.932129
vt 0.477051 0.938477
vt 0.491455 0.939453
vt 0.441162 0.947754
vt 0.444092 0.954102
vt 0.445801 0.951660
vt 0.460693 0.946289
vt 0.458252 0.940918
vt 0.444580 0.948242
vt 0.469238 0.928223
vt 0.470947 0.934570
vt 0.481445 0.920898
vt 0.495361 0.917480
vt 0.482910 0.920898
vt 0.491455 0.897461
vt 0.511230 0.885254
vt 0.482666 0.889648
vt 0.483398 0.882324
vt 0.490234 0.877441
vt 0.428467 0.877930
vt 0.431396 0.876953
vt 0.430420 0.871094
vt 0.553223 0.859863
vt 0.535156 0.850098
vt 0.548340 0.871094
vt 0.490967 0.826172
vt 0.497803 0.833496
vt 0.482178 0.819336
vt 0.477783 0.837402
vt 0.487793 0.845215
vt 0.481934 0.834473
vt 0.475098 0.826172
vt 0.477783 0.826660
vt 0.482666 0.822266
vt 0.766602 0.875977
vt 0.767090 0.893066
vt 0.772949 0.874512
vt 0.758789 0.856445
vt 0.791992 0.892090
vt 0.779785 0.862305
vt 0.783691 0.772461
vt 0.777832 0.779297
vt 0.778809 0.776855
vt 0.776855 0.761719
vt 0.768066 0.769043
vt 0.756348 0.703125
vt 0.729980 0.692871
vt 0.690918 0.715820
vt 0.649902 0.740723
vt 0.678223 0.733887
vt 0.678223 0.739258
vt 0.698730 0.732422
vt 0.693848 0.738770
vt 0.681152 0.750000
vt 0.657715 0.768066
vt 0.670410 0.757812
vt 0.654785 0.768555
vt 0.658691 0.774414
vt 0.690918 0.809570
vt 0.697754 0.809570
vt 0.707520 0.795410
vt 0.144531 0.359863
vt 0.156250 0.359863
vt 0.139648 0.327637
vt 0.139648 0.391846
vt 0.129883 0.334961
vt 0.135742 0.360352
vt 0.129883 0.385498
vt 0.112305 0.406738
vt 0.120117 0.337646
vt 0.125000 0.360107
vt 0.120117 0.382568
vt 0.104492 0.400146
vt 0.080078 0.415771
vt 0.080078 0.304443
vt 0.048828 0.313232
vt 0.056641 0.319824
vt 0.080078 0.406738
vt 0.048828 0.406494
vt 0.110352 0.343018
vt 0.104492 0.320068
vt 0.114258 0.360107
vt 0.110352 0.377197
vt 0.097656 0.330322
vt 0.080078 0.313477
vt 0.080078 0.360107
vt 0.097656 0.389893
vt 0.080078 0.325684
vt 0.080078 0.394531
vt 0.063477 0.389893
vt 0.056641 0.400146
vt 0.050781 0.377197
vt 0.050781 0.342773
vt 0.063477 0.330078
vt 0.041016 0.337646
vt 0.031250 0.334717
vt 0.021484 0.328369
vt 0.031250 0.385254
vt 0.021484 0.392334
vt 0.046875 0.359863
vt 0.035156 0.359863
vt 0.041016 0.382324
vt 0.025391 0.359863
vt 0.016602 0.360352
vt 0.005859 0.360107
vt 0.144653 0.359863
vt 0.139771 0.327637
vt 0.139282 0.391846
vt 0.112244 0.313477
vt 0.135498 0.360352
vt 0.129761 0.385498
vt 0.112183 0.406738
vt 0.104431 0.320068
vt 0.125366 0.360107
vt 0.119995 0.382568
vt 0.080505 0.313477
vt 0.080505 0.304443
vt 0.104370 0.400146
vt 0.080383 0.415771
vt 0.056519 0.319824
vt 0.048676 0.313232
vt 0.080383 0.406738
vt 0.048645 0.406494
vt 0.109924 0.343018
vt 0.109863 0.377197
vt 0.080444 0.360107
vt 0.097595 0.389893
vt 0.080444 0.325684
vt 0.080383 0.394531
vt 0.063232 0.330078
vt 0.063232 0.389893
vt 0.040863 0.337646
vt 0.056488 0.400146
vt 0.050934 0.377197
vt 0.050964 0.342773
vt 0.031036 0.334717
vt 0.031021 0.385254
vt 0.021133 0.392334
vt 0.046509 0.359863
vt 0.035431 0.359863
vt 0.040833 0.382324
vt 0.016159 0.360352
vt 0.515137 0.210693
vt 0.501465 0.160278
vt 0.545898 0.187256
vt 0.533203 0.141846
vt 0.561523 0.118652
vt 0.582031 0.163452
vt 0.596191 0.098694
vt 0.578125 0.050629
vt 0.620605 0.026550
vt 0.615723 0.147461
vt 0.611816 0.336182
vt 0.580566 0.350586
vt 0.549316 0.317627
vt 0.607422 0.392822
vt 0.657227 0.130737
vt 0.675781 0.179932
vt 0.641113 0.080383
vt 0.683105 0.070007
vt 0.699219 0.117981
vt 0.717773 0.062164
vt 0.743164 0.108826
vt 0.714844 0.166748
vt 0.662598 0.244873
vt 0.694824 0.228760
vt 0.813965 0.259521
vt 0.813965 0.314209
vt 0.781738 0.295166
vt 0.657715 0.352539
vt 0.713867 0.274170
vt 0.705566 0.320557
vt 0.753418 0.308594
vt 0.742676 0.265137
vt 0.773438 0.313477
vt 0.625000 0.364258
vt 0.666992 0.369385
vt 0.705078 0.366699
vt 0.724121 0.345459
vt 0.727539 0.300049
vt 0.792969 0.319336
vt 0.811035 0.354492
vt 0.631836 0.404297
vt 0.618652 0.430176
vt 0.631348 0.429199
vt 0.644043 0.397217
vt 0.774902 0.340088
vt 0.790527 0.356445
vt 0.823730 0.357178
vt 0.771973 0.372314
vt 0.750977 0.347656
vt 0.735840 0.316895
vt 0.745605 0.371094
vt 0.699707 0.399658
vt 0.676758 0.407715
vt 0.651367 0.422607
vt 0.660156 0.466797
vt 0.634277 0.493896
vt 0.686523 0.443604
vt 0.726563 0.577148
vt 0.789551 0.620117
vt 0.771973 0.625977
vt 0.791504 0.673828
vt 0.772461 0.549805
vt 0.806152 0.666992
vt 0.791504 0.685059
vt 0.806152 0.612793
vt 0.799316 0.539062
vt 0.828125 0.602539
vt 0.885254 0.571289
vt 0.848145 0.593262
vt 0.867188 0.581543
vt 0.896484 0.627441
vt 0.914063 0.608398
vt 0.885742 0.635742
vt 0.875000 0.643555
vt 0.920898 0.624512
vt 0.923828 0.604492
vt 0.909180 0.637207
vt 0.948242 0.594238
vt 0.931152 0.624512
vt 0.852051 0.653320
vt 0.895996 0.647461
vt 0.826172 0.666992
vt 0.931641 0.675781
vt 0.843750 0.684570
vt 0.859863 0.682617
vt 0.806641 0.687012
vt 0.823730 0.691895
vt 0.800781 0.712891
vt 0.785645 0.711914
vt 0.911133 0.688965
vt 0.163208 0.327393
vt 0.163086 0.307617
vt 0.184814 0.306641
vt 0.191528 0.334229
vt 0.189941 0.324951
vt 0.213867 0.310791
vt 0.163208 0.336914
vt 0.193970 0.352783
vt 0.163208 0.352783
vt 0.214844 0.328857
vt 0.211670 0.351807
vt 0.228027 0.351562
vt 0.231445 0.376953
vt 0.217041 0.404541
vt 0.244995 0.353271
vt 0.236816 0.327881
vt 0.241089 0.401611
vt 0.257813 0.333008
vt 0.320313 0.385010
vt 0.337646 0.384766
vt 0.365723 0.360107
vt 0.364990 0.400635
vt 0.397705 0.291260
vt 0.386475 0.326660
vt 0.412109 0.315918
vt 0.397217 0.351562
vt 0.424805 0.338867
vt 0.281738 0.014587
vt 0.286377 0.073120
vt 0.333740 0.053833
vt 0.051239 0.640625
vt 0.038086 0.620605
vt 0.069580 0.607422
vt 0.032776 0.645996
vt 0.053680 0.650391
vt 0.083618 0.635742
vt 0.085938 0.660645
vt 0.081299 0.687012
vt 0.083618 0.716797
vt 0.112610 0.732910
vt 0.101379 0.763184
vt 0.069824 0.772461
vt 0.129395 0.789551
vt 0.204834 0.723633
vt 0.191772 0.740234
vt 0.169922 0.696777
vt 0.146484 0.756348
vt 0.173584 0.791992
vt 0.175537 0.746582
vt 0.199463 0.768066
vt 0.234375 0.731445
vt 0.229614 0.747559
vt 0.273193 0.794922
vt 0.256348 0.791504
vt 0.252441 0.769043
vt 0.229004 0.781738
vt 0.244995 0.821289
vt 0.209717 0.732422
vt 0.195679 0.741211
vt 0.216064 0.755371
vt 0.066833 0.865723
vt 0.033661 0.852051
vt 0.021240 0.842773
vt 0.008858 0.842773
vt 0.008858 0.830078
vt 0.018951 0.830078
vt 0.008858 0.816406
vt 0.018021 0.815918
vt 0.016876 0.795410
vt 0.008858 0.796387
vt 0.016968 0.779785
vt 0.037262 0.812012
vt 0.032990 0.826172
vt 0.055359 0.799316
vt 0.076111 0.791504
vt 0.060120 0.811035
vt 0.049255 0.819336
vt 0.097290 0.793945
vt 0.078979 0.805664
vt 0.092590 0.809082
vt 0.117126 0.803711
vt 0.104187 0.835937
vt 0.116516 0.830078
vt 0.089478 0.842285
vt 0.071716 0.845215
vt 0.089294 0.836426
vt 0.056061 0.838867
vt 0.073608 0.838867
vt 0.091248 0.815918
vt 0.101074 0.821289
vt 0.082214 0.824707
vt 0.103577 0.816895
vt 0.079712 0.813477
vt 0.063904 0.814453
vt 0.063049 0.821777
vt 0.053680 0.819824
vt 0.059631 0.834473
vt 0.034790 0.837402
vt 0.046295 0.823730
vt 0.517578 0.124451
vt 0.500977 0.160278
vt 0.548828 0.093567
vt 0.514648 0.210693
vt 0.545898 0.255615
vt 0.596680 0.098694
vt 0.615234 0.147461
vt 0.581055 0.297363
vt 0.548828 0.317627
vt 0.580078 0.350586
vt 0.640625 0.080383
vt 0.621094 0.026550
vt 0.682617 0.070007
vt 0.695313 0.228760
vt 0.814453 0.259521
vt 0.779297 0.259277
vt 0.781250 0.295166
vt 0.813477 0.314209
vt 0.684570 0.336914
vt 0.706055 0.320557
vt 0.752930 0.308594
vt 0.743164 0.265137
vt 0.723633 0.345459
vt 0.811523 0.354492
vt 0.619141 0.430176
vt 0.630859 0.429199
vt 0.644531 0.397217
vt 0.774414 0.340088
vt 0.790039 0.356445
vt 0.824219 0.357178
vt 0.772461 0.372314
vt 0.735352 0.316895
vt 0.745117 0.371094
vt 0.778320 0.385010
vt 0.722656 0.398682
vt 0.700195 0.399658
vt 0.786133 0.405029
vt 0.634766 0.493896
vt 0.673828 0.547852
vt 0.790039 0.620117
vt 0.772461 0.625977
vt 0.791992 0.673828
vt 0.805664 0.666992
vt 0.791016 0.685059
vt 0.799805 0.539062
vt 0.884766 0.571289
vt 0.806641 0.612793
vt 0.848633 0.593262
vt 0.852539 0.653320
vt 0.930664 0.624512
vt 0.896484 0.647461
vt 0.885742 0.659668
vt 0.860352 0.682617
vt 0.983398 0.693848
vt 0.823242 0.691895
vt 0.786133 0.711914
vt 0.163086 0.327393
vt 0.190430 0.324951
vt 0.184570 0.306641
vt 0.163086 0.336914
vt 0.191406 0.334229
vt 0.194336 0.352783
vt 0.163086 0.352783
vt 0.211914 0.351807
vt 0.211914 0.376465
vt 0.228516 0.351562
vt 0.245117 0.353271
vt 0.236328 0.327881
vt 0.251953 0.370117
vt 0.337891 0.384766
vt 0.365234 0.360107
vt 0.365234 0.400635
vt 0.397461 0.291260
vt 0.386719 0.326660
vt 0.397461 0.351562
vt 0.050781 0.640625
vt 0.083984 0.635742
vt 0.126953 0.679199
vt 0.132813 0.633789
vt 0.081055 0.687012
vt 0.121094 0.703613
vt 0.083984 0.716797
vt 0.101563 0.763184
vt 0.070313 0.772461
vt 0.129883 0.789551
vt 0.112305 0.732910
vt 0.205078 0.723633
vt 0.182617 0.679199
vt 0.175781 0.746582
vt 0.215820 0.680176
vt 0.273438 0.794922
vt 0.266602 0.755371
vt 0.251953 0.769043
vt 0.191406 0.740234
vt 0.195313 0.741211
vt 0.256836 0.791504
vt 0.229492 0.781738
vt 0.209961 0.732422
vt 0.229492 0.747559
vt 0.215820 0.755371
vt 0.218750 0.808105
vt 0.199219 0.768066
vt 0.136719 0.834961
vt 0.066406 0.865723
vt 0.033203 0.852051
vt 0.008789 0.842773
vt 0.018555 0.830078
vt 0.008789 0.830078
vt 0.017578 0.815918
vt 0.008789 0.796387
vt 0.008789 0.816406
vt 0.016602 0.795410
vt 0.047852 0.783203
vt 0.037109 0.812012
vt 0.055664 0.799316
vt 0.076172 0.791504
vt 0.060547 0.811035
vt 0.097656 0.793945
vt 0.079102 0.805664
vt 0.092773 0.809082
vt 0.117188 0.803711
vt 0.103516 0.816895
vt 0.104492 0.835937
vt 0.089844 0.842285
vt 0.071289 0.845215
vt 0.088867 0.836426
vt 0.055664 0.838867
vt 0.073242 0.838867
vt 0.080078 0.813477
vt 0.090820 0.815918
vt 0.063477 0.814453
vt 0.063477 0.821777
vt 0.045898 0.823730
vt 0.035156 0.837402
vt 0.033203 0.826172
vt 0.205444 0.649414
vt 0.327881 0.938477
vt 0.310059 0.901855
vt 0.365479 0.937500
vt 0.329834 0.946289
vt 0.334473 0.886230
vt 0.320557 0.859375
vt 0.331543 0.829590
vt 0.483154 0.334473
vt 0.482666 0.337891
vt 0.506836 0.351562
vt 0.474121 0.336914
vt 0.485596 0.363281
vt 0.418457 0.563965
vt 0.416504 0.575684
vt 0.414795 0.584961
vt 0.356689 0.603516
vt 0.373291 0.625488
vt 0.388184 0.646973
vt 0.397949 0.615723
vt 0.394043 0.670898
vt 0.413330 0.641602
vt 0.421875 0.609863
vt 0.420166 0.668457
vt 0.435791 0.636230
vt 0.418945 0.696777
vt 0.441895 0.666992
vt 0.412598 0.727051
vt 0.441650 0.698730
vt 0.437012 0.730957
vt 0.427490 0.762695
vt 0.456543 0.761230
vt 0.452637 0.604980
vt 0.460693 0.632812
vt 0.551270 0.593750
vt 0.516113 0.596680
vt 0.544922 0.581543
vt 0.592285 0.595215
vt 0.559082 0.609863
vt 0.522949 0.613770
vt 0.607422 0.611328
vt 0.604492 0.625488
vt 0.604004 0.639160
vt 0.634277 0.658691
vt 0.606445 0.659180
vt 0.608887 0.685547
vt 0.613281 0.720215
vt 0.615234 0.731445
vt 0.642090 0.762207
vt 0.653320 0.762695
vt 0.641113 0.767578
vt 0.062500 0.576660
vt 0.063477 0.584473
vt 0.066406 0.583008
vt 0.049805 0.557617
vt 0.050781 0.553711
vt 0.055664 0.547363
vt 0.052734 0.544434
vt 0.062805 0.576660
vt 0.058105 0.576172
vt 0.061615 0.572754
vt 0.050903 0.553711
vt 0.050201 0.557617
vt 0.055511 0.547363
vt 0.052917 0.544434
vt 0.680664 0.961914
vt 0.677734 0.981934
vt 0.622070 0.967773
vt 0.719727 0.988770
vt 0.718750 0.966797
vt 0.753906 0.988281
vt 0.715820 0.939941
vt 0.505859 0.940430
vt 0.493164 0.956055
vt 0.500977 0.934082
vt 0.462891 0.950684
vt 0.470703 0.934570
vt 0.482422 0.920898
vt 0.449219 0.875977
vt 0.450195 0.870605
vt 0.709961 0.815430
vt 0.714844 0.833496
vt 0.676758 0.844727
vt 0.718750 0.852051
vt 0.734375 0.828125
vt 0.740234 0.815918
vt 0.740234 0.833008
vt 0.747070 0.817871
vt 0.752930 0.838867
vt 0.750977 0.819336
vt 0.774414 0.814453
vt 0.733398 0.846191
vt 0.746094 0.862793
vt 0.719727 0.880859
vt 0.740234 0.886719
vt 0.720703 0.901855
vt 0.717773 0.920898
vt 0.747070 0.902832
vt 0.767578 0.893066
vt 0.749023 0.860352
vt 0.772461 0.874512
vt 0.779297 0.862305
vt 0.765625 0.916504
vt 0.751953 0.917969
vt 0.754883 0.934082
vt 0.774414 0.839355
vt 0.802734 0.833008
vt 0.796875 0.807129
vt 0.809570 0.856445
vt 0.798828 0.917969
vt 0.818359 0.888184
vt 0.769531 0.932129
vt 0.889648 0.826172
vt 0.896484 0.827637
vt 0.878906 0.849121
vt 0.875977 0.831543
vt 0.844727 0.846680
vt 0.800781 0.939941
vt 0.825195 0.914062
vt 0.769531 0.945801
vt 0.752930 0.946289
vt 0.763672 0.968750
vt 0.745117 0.972168
vt 0.763672 0.988281
vt 0.771484 0.985840
vt 0.798828 0.984863
vt 0.797852 0.963379
vt 0.825195 0.961426
vt 0.828125 0.938477
vt 0.886719 0.900391
vt 0.858398 0.911621
vt 0.870117 0.876465
vt 0.910156 0.896484
vt 0.906250 0.915527
vt 0.926758 0.911133
vt 0.898438 0.871582
vt 0.932617 0.892090
vt 0.918945 0.869141
vt 0.761719 0.762695
vt 0.771484 0.755859
vt 0.664063 0.730957
vt 0.674805 0.723145
vt 0.707031 0.742676
vt 0.719727 0.753906
vt 0.678711 0.745605
vt 0.666992 0.754395
vt 0.703125 0.751465
vt 0.683594 0.754883
vt 0.676758 0.768066
vt 0.687500 0.759277
vt 0.697266 0.750977
vt 0.699219 0.750977
vt 0.680176 0.961914
vt 0.624512 0.950195
vt 0.720215 0.988770
vt 0.680176 0.937500
vt 0.505371 0.940430
vt 0.482666 0.969238
vt 0.491455 0.940430
vt 0.492432 0.938477
vt 0.473389 0.940430
vt 0.455566 0.936035
vt 0.485352 0.913086
vt 0.481689 0.920898
vt 0.447998 0.881348
vt 0.432373 0.872559
vt 0.670898 0.823730
vt 0.676270 0.844727
vt 0.717285 0.920898
vt 0.678223 0.916504
vt 0.678711 0.901367
vt 0.680664 0.880371
vt 0.679688 0.860352
vt 0.753418 0.838867
vt 0.739746 0.886719
vt 0.746582 0.902832
vt 0.749512 0.860352
vt 0.751465 0.917969
vt 0.755371 0.934082
vt 0.802246 0.833008
vt 0.818848 0.888184
vt 0.770020 0.932129
vt 0.889160 0.826172
vt 0.870605 0.809570
vt 0.895996 0.808105
vt 0.878418 0.849121
vt 0.801270 0.939941
vt 0.769043 0.945801
vt 0.752441 0.946289
vt 0.745605 0.972168
vt 0.764160 0.988281
vt 0.771973 0.985840
vt 0.798340 0.963379
vt 0.824219 0.985352
vt 0.824707 0.961426
vt 0.858887 0.911621
vt 0.905762 0.915527
vt 0.898926 0.871582
vt 0.933105 0.892090
vt 0.896973 0.848633
vt 0.919434 0.869141
vt 0.762207 0.762695
vt 0.662598 0.726562
vt 0.687988 0.737305
vt 0.719238 0.753906
vt 0.678223 0.745605
vt 0.684082 0.754883
vt 0.676270 0.768066
vt 0.687012 0.759277
vt 0.703613 0.751465
vt 0.698730 0.751953
vt 0.431885 0.200562
vt 0.462891 0.175781
vt 0.440674 0.211060
vt 0.468262 0.184814
vt 0.476074 0.245117
vt 0.492920 0.148193
vt 0.513184 0.281982
vt 0.517090 0.124451
vt 0.580566 0.297363
vt 0.667480 0.015945
vt 0.708496 0.028381
vt 0.750000 0.055145
vt 0.743652 0.036316
vt 0.783203 0.034454
vt 0.784668 0.048431
vt 0.795898 0.098206
vt 0.758301 0.159668
vt 0.806152 0.154419
vt 0.729004 0.215698
vt 0.768555 0.211548
vt 0.810547 0.209839
vt 0.778809 0.259277
vt 0.919434 0.640625
vt 0.902344 0.653320
vt 0.885254 0.659668
vt 0.162476 0.009178
vt 0.172607 0.009674
vt 0.162598 0.033203
vt 0.185181 0.041016
vt 0.162598 0.050232
vt 0.177124 0.052338
vt 0.205566 0.067383
vt 0.182251 0.076355
vt 0.162720 0.082458
vt 0.227051 0.094910
vt 0.196777 0.107971
vt 0.199341 0.151123
vt 0.162598 0.149048
vt 0.162598 0.113525
vt 0.201294 0.189575
vt 0.162964 0.221191
vt 0.162842 0.189575
vt 0.210693 0.228271
vt 0.203613 0.259033
vt 0.163086 0.254150
vt 0.195923 0.289551
vt 0.235596 0.273437
vt 0.163086 0.287109
vt 0.200684 0.427490
vt 0.242920 0.302490
vt 0.222778 0.431396
vt 0.216064 0.455078
vt 0.268555 0.419434
vt 0.249512 0.433838
vt 0.276855 0.438477
vt 0.298340 0.419434
vt 0.318604 0.406494
vt 0.337402 0.406494
vt 0.273682 0.274170
vt 0.249390 0.244019
vt 0.416992 0.477051
vt 0.395752 0.480469
vt 0.405518 0.449951
vt 0.420898 0.499512
vt 0.402832 0.500977
vt 0.444580 0.498535
vt 0.454834 0.503418
vt 0.440674 0.437744
vt 0.234619 0.210083
vt 0.231323 0.189087
vt 0.230957 0.154663
vt 0.259033 0.191162
vt 0.257813 0.219482
vt 0.229492 0.124084
vt 0.275391 0.249756
vt 0.260010 0.162109
vt 0.261963 0.130493
vt 0.263184 0.098938
vt 0.279541 0.224365
vt 0.302246 0.276367
vt 0.289551 0.195312
vt 0.298828 0.135254
vt 0.302246 0.092346
vt 0.294678 0.166504
vt 0.302246 0.251465
vt 0.330566 0.300049
vt 0.306396 0.224121
vt 0.317139 0.196411
vt 0.328369 0.169067
vt 0.329102 0.276123
vt 0.331055 0.247925
vt 0.334229 0.222534
vt 0.343262 0.199585
vt 0.340088 0.136597
vt 0.365234 0.221924
vt 0.349121 0.256592
vt 0.356689 0.173340
vt 0.363037 0.240112
vt 0.374268 0.201416
vt 0.394287 0.228149
vt 0.385986 0.241333
vt 0.406006 0.212646
vt 0.390381 0.181030
vt 0.422607 0.192139
vt 0.463623 0.430176
vt 0.475830 0.464111
vt 0.479736 0.511719
vt 0.464111 0.518555
vt 0.484131 0.525879
vt 0.499512 0.518066
vt 0.467529 0.531250
vt 0.491943 0.541016
vt 0.508301 0.531250
vt 0.472656 0.548340
vt 0.518066 0.040192
vt 0.489502 0.075256
vt 0.510742 0.034058
vt 0.477051 0.065125
vt 0.476074 0.055084
vt 0.469482 0.112305
vt 0.431885 0.062469
vt 0.433838 0.097595
vt 0.453613 0.145874
vt 0.393066 0.093567
vt 0.392334 0.063232
vt 0.419678 0.132690
vt 0.435791 0.175293
vt 0.349365 0.093079
vt 0.345703 0.067749
vt 0.384521 0.123962
vt 0.404297 0.160522
vt 0.371094 0.147705
vt 0.076111 0.240479
vt 0.010895 0.236328
vt 0.010895 0.168091
vt 0.155273 0.177856
vt 0.128540 0.247437
vt 0.221802 0.572266
vt 0.223633 0.586914
vt 0.206909 0.586426
vt 0.195557 0.584961
vt 0.206421 0.568359
vt 0.221313 0.557617
vt 0.191406 0.562500
vt 0.182495 0.567383
vt 0.205322 0.552246
vt 0.223389 0.548828
vt 0.179932 0.555176
vt 0.164673 0.561523
vt 0.209106 0.535156
vt 0.228516 0.543945
vt 0.187012 0.543945
vt 0.214111 0.524414
vt 0.184937 0.520996
vt 0.179565 0.540527
vt 0.164673 0.550781
vt 0.221313 0.510254
vt 0.242920 0.529297
vt 0.248779 0.502930
vt 0.257568 0.520508
vt 0.191284 0.501953
vt 0.219360 0.487061
vt 0.164673 0.540039
vt 0.149536 0.555176
vt 0.146973 0.567383
vt 0.191895 0.489258
vt 0.191162 0.473389
vt 0.164673 0.514648
vt 0.149902 0.540527
vt 0.138062 0.562500
vt 0.133911 0.584961
vt 0.164673 0.496094
vt 0.144531 0.520996
vt 0.142456 0.543945
vt 0.123047 0.568359
vt 0.122498 0.586426
vt 0.138184 0.501953
vt 0.137573 0.489258
vt 0.164673 0.487549
vt 0.138306 0.473389
vt 0.110046 0.487061
vt 0.113342 0.455078
vt 0.106689 0.431396
vt 0.092285 0.458740
vt 0.108154 0.510254
vt 0.080627 0.502930
vt 0.115295 0.524414
vt 0.100952 0.543945
vt 0.086487 0.529297
vt 0.120361 0.535156
vt 0.106140 0.548828
vt 0.124084 0.552246
vt 0.108215 0.557617
vt 0.107605 0.572266
vt 0.105835 0.586914
vt 0.099426 0.593750
vt 0.132690 0.633789
vt 0.120667 0.703613
vt 0.158569 0.727051
vt 0.215576 0.680176
vt 0.258545 0.676270
vt 0.266846 0.755371
vt 0.130005 0.819824
vt 0.111206 0.825684
vt 0.107361 0.826172
vt 0.106689 0.832031
vt 0.050507 0.822754
vt 0.431641 0.200562
vt 0.440430 0.211060
vt 0.468750 0.184814
vt 0.476563 0.245117
vt 0.493164 0.148193
vt 0.513672 0.281982
vt 0.667969 0.015945
vt 0.708008 0.028381
vt 0.744141 0.036316
vt 0.784180 0.048431
vt 0.758789 0.159668
vt 0.805664 0.154419
vt 0.729492 0.215698
vt 0.918945 0.640625
vt 0.172852 0.009674
vt 0.162109 0.009178
vt 0.162109 0.033203
vt 0.185547 0.041016
vt 0.163086 0.050232
vt 0.176758 0.052338
vt 0.206055 0.067383
vt 0.182617 0.076355
vt 0.163086 0.082458
vt 0.226563 0.094910
vt 0.196289 0.107971
vt 0.162109 0.113525
vt 0.199219 0.151123
vt 0.163086 0.149048
vt 0.210938 0.228271
vt 0.201172 0.189575
vt 0.163086 0.189575
vt 0.163086 0.221191
vt 0.204102 0.259033
vt 0.196289 0.289551
vt 0.235352 0.273437
vt 0.222656 0.431396
vt 0.241211 0.401611
vt 0.250000 0.433838
vt 0.243164 0.302490
vt 0.276367 0.438477
vt 0.297852 0.419434
vt 0.318359 0.406494
vt 0.337891 0.406494
vt 0.349609 0.424316
vt 0.273438 0.274170
vt 0.249023 0.244019
vt 0.444336 0.498535
vt 0.234375 0.210083
vt 0.231445 0.189087
vt 0.230469 0.154663
vt 0.258789 0.191162
vt 0.259766 0.162109
vt 0.261719 0.130493
vt 0.262695 0.098938
vt 0.279297 0.224365
vt 0.302734 0.276367
vt 0.290039 0.195312
vt 0.301758 0.092346
vt 0.294922 0.166504
vt 0.301758 0.251465
vt 0.331055 0.300049
vt 0.306641 0.224121
vt 0.317383 0.196411
vt 0.328125 0.169067
vt 0.339844 0.136597
vt 0.333984 0.222534
vt 0.342773 0.199585
vt 0.356445 0.173340
vt 0.349609 0.256592
vt 0.363281 0.240112
vt 0.374023 0.201416
vt 0.394531 0.228149
vt 0.385742 0.241333
vt 0.406250 0.212646
vt 0.390625 0.181030
vt 0.463867 0.430176
vt 0.463867 0.518555
vt 0.484375 0.525879
vt 0.500000 0.518066
vt 0.467773 0.531250
vt 0.492188 0.541016
vt 0.508789 0.531250
vt 0.489258 0.075256
vt 0.518555 0.040192
vt 0.476563 0.065125
vt 0.475586 0.055084
vt 0.469727 0.112305
vt 0.431641 0.062469
vt 0.433594 0.097595
vt 0.453125 0.145874
vt 0.392578 0.093567
vt 0.392578 0.063232
vt 0.419922 0.132690
vt 0.435547 0.175293
vt 0.349609 0.093079
vt 0.384766 0.123962
vt 0.422852 0.192139
vt 0.010742 0.168091
vt 0.010742 0.236328
vt 0.099609 0.593750
vt 0.069336 0.607422
vt 0.158203 0.727051
vt 0.258789 0.676270
vt 0.048828 0.819336
vt 0.129883 0.819824
vt 0.116211 0.830078
vt 0.111328 0.825684
vt 0.106445 0.832031
vt 0.082031 0.824707
vt 0.101563 0.821289
vt 0.050781 0.822754
vt 0.234985 0.640137
vt 0.210693 0.625977
vt 0.231323 0.650391
vt 0.253418 0.645020
vt 0.246704 0.652832
vt 0.177979 0.916992
vt 0.192139 0.947266
vt 0.162476 0.930664
vt 0.174316 0.915527
vt 0.206909 0.892090
vt 0.226685 0.915527
vt 0.234985 0.991211
vt 0.244385 0.948730
vt 0.277588 0.814941
vt 0.280762 0.821289
vt 0.262939 0.833984
vt 0.299561 0.806152
vt 0.333008 0.964844
vt 0.298584 0.971680
vt 0.291992 0.956543
vt 0.368896 0.961914
vt 0.302734 0.811523
vt 0.318848 0.804687
vt 0.322510 0.810059
vt 0.331787 0.804199
vt 0.308594 0.821777
vt 0.295654 0.833984
vt 0.294189 0.872070
vt 0.282959 0.850586
vt 0.309814 0.838379
vt 0.368408 0.936035
vt 0.388916 0.939941
vt 0.389893 0.958496
vt 0.496826 0.355957
vt 0.469238 0.364990
vt 0.480225 0.410156
vt 0.466064 0.401855
vt 0.472656 0.416016
vt 0.502930 0.401367
vt 0.492432 0.435059
vt 0.482178 0.442383
vt 0.498779 0.467285
vt 0.493164 0.476807
vt 0.521973 0.492920
vt 0.510742 0.508789
vt 0.541504 0.521484
vt 0.509277 0.458984
vt 0.545898 0.510254
vt 0.567383 0.520508
vt 0.529785 0.484619
vt 0.515625 0.426025
vt 0.537109 0.414307
vt 0.528809 0.448975
vt 0.548828 0.504883
vt 0.549316 0.437744
vt 0.544922 0.475830
vt 0.557617 0.499512
vt 0.569336 0.495361
vt 0.577637 0.496826
vt 0.562500 0.466797
vt 0.574219 0.465088
vt 0.521484 0.391113
vt 0.529785 0.385986
vt 0.539063 0.379150
vt 0.553711 0.369141
vt 0.543945 0.408691
vt 0.553711 0.435303
vt 0.557129 0.431152
vt 0.555664 0.398193
vt 0.580566 0.456055
vt 0.592285 0.474121
vt 0.570801 0.420654
vt 0.595215 0.469727
vt 0.606934 0.474121
vt 0.587891 0.447998
vt 0.585449 0.411377
vt 0.571777 0.387207
vt 0.599609 0.466064
vt 0.561523 0.354736
vt 0.546387 0.348389
vt 0.583984 0.374512
vt 0.597168 0.408691
vt 0.602539 0.407471
vt 0.599121 0.443848
vt 0.609863 0.443604
vt 0.619629 0.441406
vt 0.610840 0.460449
vt 0.616699 0.462646
vt 0.605957 0.461182
vt 0.419189 0.805664
vt 0.466064 0.665039
vt 0.437500 0.794434
vt 0.435547 0.804687
vt 0.451416 0.799805
vt 0.462402 0.735352
vt 0.467041 0.700684
vt 0.570801 0.774414
vt 0.535156 0.765137
vt 0.539551 0.744629
vt 0.495117 0.701172
vt 0.493408 0.737305
vt 0.496826 0.664062
vt 0.533203 0.663086
vt 0.534668 0.700195
vt 0.493408 0.629883
vt 0.444336 0.581543
vt 0.443115 0.575195
vt 0.482910 0.563477
vt 0.485352 0.602051
vt 0.480469 0.575684
vt 0.504883 0.561035
vt 0.508789 0.571777
vt 0.531250 0.630371
vt 0.540039 0.552734
vt 0.542969 0.564941
vt 0.579102 0.554199
vt 0.578613 0.542969
vt 0.602539 0.537598
vt 0.583496 0.566895
vt 0.588867 0.578125
vt 0.594238 0.586426
vt 0.611816 0.582520
vt 0.582520 0.609375
vt 0.571777 0.626953
vt 0.572266 0.642090
vt 0.573730 0.662109
vt 0.574219 0.688477
vt 0.582031 0.726074
vt 0.539551 0.734863
vt 0.586914 0.742187
vt 0.576660 0.755859
vt 0.601074 0.761719
vt 0.615723 0.738281
vt 0.604492 0.747559
vt 0.621094 0.763184
vt 0.621094 0.775391
vt 0.624023 0.751953
vt 0.642578 0.757324
vt 0.643066 0.771484
vt 0.623535 0.781250
vt 0.597656 0.787598
vt 0.598145 0.778809
vt 0.569824 0.784180
vt 0.059570 0.585449
vt 0.069336 0.589355
vt 0.050781 0.576172
vt 0.058594 0.576172
vt 0.039063 0.571777
vt 0.028320 0.574219
vt 0.059570 0.541016
vt 0.048828 0.541992
vt 0.059357 0.585449
vt 0.063293 0.584473
vt 0.068909 0.589355
vt 0.065918 0.583008
vt 0.039185 0.571777
vt 0.028168 0.574219
vt 0.048584 0.541992
vt 0.558594 0.959473
vt 0.582031 0.944824
vt 0.578125 0.959961
vt 0.625000 0.950195
vt 0.625000 0.931152
vt 0.680664 0.937500
vt 0.677734 0.916504
vt 0.625000 0.908691
vt 0.625000 0.884766
vt 0.541016 0.884277
vt 0.495117 0.917480
vt 0.493164 0.907715
vt 0.468750 0.914551
vt 0.491211 0.897461
vt 0.484375 0.905273
vt 0.466797 0.920898
vt 0.464844 0.915527
vt 0.448242 0.917969
vt 0.429688 0.919922
vt 0.448242 0.922852
vt 0.427734 0.921875
vt 0.429688 0.916504
vt 0.425781 0.914551
vt 0.446289 0.906738
vt 0.447266 0.911621
vt 0.463867 0.908691
vt 0.482422 0.889648
vt 0.481445 0.896973
vt 0.478516 0.895996
vt 0.466797 0.885742
vt 0.462891 0.891602
vt 0.462891 0.884766
vt 0.446289 0.886719
vt 0.483398 0.876465
vt 0.466797 0.873047
vt 0.523438 0.870117
vt 0.500000 0.874512
vt 0.467773 0.879395
vt 0.464844 0.878906
vt 0.579102 0.873047
vt 0.624023 0.864258
vt 0.577148 0.860352
vt 0.619141 0.847656
vt 0.530273 0.859863
vt 0.517578 0.852539
vt 0.498047 0.848633
vt 0.504883 0.841797
vt 0.507813 0.837402
vt 0.517578 0.843750
vt 0.493164 0.851562
vt 0.492188 0.843262
vt 0.500000 0.836426
vt 0.835938 0.823242
vt 0.825195 0.797363
vt 0.870117 0.809570
vt 0.861328 0.784668
vt 0.876953 0.774902
vt 0.895508 0.808105
vt 0.912109 0.813477
vt 0.851563 0.881836
vt 0.857422 0.985840
vt 0.857422 0.960449
vt 0.899414 0.987305
vt 0.860352 0.937988
vt 0.900391 0.960937
vt 0.917969 0.983887
vt 0.913086 0.962402
vt 0.902344 0.938477
vt 0.925781 0.943848
vt 0.922852 0.931641
vt 0.941406 0.935059
vt 0.948242 0.907227
vt 0.965820 0.918945
vt 0.897461 0.848633
vt 0.967773 0.888184
vt 0.986328 0.894043
vt 0.907227 0.827148
vt 0.954102 0.883789
vt 0.937500 0.865234
vt 0.920898 0.847656
vt 0.930664 0.827148
vt 0.960938 0.867187
vt 0.975586 0.868652
vt 0.971680 0.850586
vt 0.986328 0.843750
vt 0.955078 0.836426
vt 0.969727 0.823242
vt 0.939453 0.809570
vt 0.942383 0.849609
vt 0.957031 0.857422
vt 0.775391 0.751953
vt 0.758789 0.766602
vt 0.757813 0.756836
vt 0.755859 0.760742
vt 0.747070 0.756348
vt 0.766602 0.750488
vt 0.738281 0.735352
vt 0.760742 0.742187
vt 0.768555 0.737305
vt 0.730469 0.692871
vt 0.721680 0.716797
vt 0.728516 0.771484
vt 0.719727 0.784668
vt 0.723633 0.766602
vt 0.714844 0.782227
vt 0.710938 0.797852
vt 0.709961 0.757324
vt 0.675781 0.772949
vt 0.688477 0.761719
vt 0.680664 0.775879
vt 0.668945 0.789551
vt 0.665039 0.790039
vt 0.670898 0.792480
vt 0.669922 0.795410
vt 0.684570 0.780762
vt 0.691406 0.765137
vt 0.688477 0.785645
vt 0.695313 0.769531
vt 0.709961 0.763672
vt 0.709961 0.779297
vt 0.702148 0.791992
vt 0.705078 0.776855
vt 0.678223 0.981934
vt 0.625488 0.931152
vt 0.625488 0.908691
vt 0.492920 0.907715
vt 0.464600 0.915527
vt 0.447754 0.917969
vt 0.467285 0.920898
vt 0.448486 0.922852
vt 0.427979 0.921875
vt 0.426270 0.914551
vt 0.445801 0.906738
vt 0.447021 0.911621
vt 0.463623 0.908691
vt 0.480957 0.896973
vt 0.484131 0.905273
vt 0.478271 0.895996
vt 0.463135 0.884766
vt 0.446533 0.886719
vt 0.483643 0.876465
vt 0.467285 0.873047
vt 0.468018 0.879395
vt 0.464355 0.878906
vt 0.577637 0.860352
vt 0.561035 0.855957
vt 0.618652 0.847656
vt 0.530762 0.859863
vt 0.522949 0.870117
vt 0.518066 0.852539
vt 0.511719 0.859863
vt 0.501465 0.861328
vt 0.497803 0.848633
vt 0.493652 0.851562
vt 0.499756 0.836426
vt 0.502441 0.831543
vt 0.796387 0.807129
vt 0.809082 0.856445
vt 0.824707 0.797363
vt 0.876465 0.774902
vt 0.895996 0.790527
vt 0.911621 0.813477
vt 0.851074 0.881836
vt 0.856934 0.985840
vt 0.827637 0.938477
vt 0.857910 0.960449
vt 0.898926 0.987305
vt 0.860840 0.937988
vt 0.901855 0.938477
vt 0.965332 0.918945
vt 0.906738 0.827148
vt 0.954590 0.883789
vt 0.937988 0.865234
vt 0.931152 0.827148
vt 0.939941 0.809570
vt 0.972168 0.850586
vt 0.986816 0.843750
vt 0.970215 0.823242
vt 0.954590 0.836426
vt 0.957520 0.857422
vt 0.775879 0.751953
vt 0.755371 0.760742
vt 0.759277 0.766602
vt 0.771484 0.746582
vt 0.767090 0.750488
vt 0.750488 0.750000
vt 0.760254 0.742187
vt 0.743652 0.693359
vt 0.708984 0.706543
vt 0.728027 0.771484
vt 0.714355 0.782227
vt 0.709473 0.757324
vt 0.709473 0.779297
vt 0.668457 0.789551
vt 0.680176 0.775879
vt 0.670410 0.795410
vt 0.684082 0.780762
vt 0.687988 0.785645
vt 0.711914 0.762695
vt 0.718262 0.762207
vt 0.697754 0.790527
vt 0.112305 0.313477
vt 0.196899 0.446045
vt 0.181519 0.460693
vt 0.164673 0.466797
vt 0.237183 0.458740
vt 0.248169 0.484131
vt 0.258545 0.458496
vt 0.349854 0.424316
vt 0.361572 0.437744
vt 0.378906 0.457520
vt 0.010902 0.309814
vt 0.073425 0.292725
vt 0.147949 0.460693
vt 0.132568 0.446045
vt 0.128784 0.427490
vt 0.079895 0.433838
vt 0.071045 0.458496
vt 0.052612 0.438477
vt 0.081238 0.484131
vt 0.071960 0.520508
vt 0.361328 0.437744
vt 0.395508 0.480469
vt 0.403320 0.500977
vt 0.010742 0.309814
vt 0.073242 0.292725
vt 0.076172 0.240479
vt 0.128906 0.247437
vt 0.259521 0.656250
vt 0.265381 0.648926
vt 0.274414 0.663574
vt 0.152100 0.957031
vt 0.201904 0.886230
vt 0.233765 0.855957
vt 0.259277 0.884277
vt 0.238647 0.860840
vt 0.256592 0.828125
vt 0.260010 0.976074
vt 0.279785 0.922852
vt 0.276855 0.979980
vt 0.445557 0.785645
vt 0.448975 0.807129
vt 0.465576 0.812012
vt 0.455811 0.797363
vt 0.450439 0.787109
vt 0.488770 0.782227
vt 0.491455 0.762207
vt 0.533203 0.777344
vt 0.492188 0.752441
vt 0.598145 0.742676
vt 0.463867 0.902344
vt 0.467773 0.908203
vt 0.478516 0.897461
vt 0.500977 0.861328
vt 0.896484 0.790527
vt 0.992188 0.868652
vt 0.750000 0.750000
vt 0.735352 0.755859
vt 0.739258 0.762207
vt 0.732422 0.768066
vt 0.725586 0.746094
vt 0.728516 0.761230
vt 0.717773 0.762207
vt 0.698242 0.751953
vt 0.700195 0.773926
vt 0.710938 0.764160
vt 0.516113 0.919922
vt 0.497559 0.925781
vt 0.468506 0.914551
vt 0.463623 0.902344
vt 0.467529 0.908203
vt 0.479004 0.897461
vt 0.500488 0.874512
vt 0.768066 0.737305
vt 0.738770 0.762207
vt 0.725098 0.746094
vt 0.691895 0.765137
vt 0.695801 0.769531
s 1
usemtl atomeve_df.png
f 1/1/1 2/2/2 3/3/3
f 1/1/1 4/4/4 5/5/5
f 4/4/4 6/6/6 5/5/5
f 4/4/4 7/7/7 8/8/8
f 9/9/9 10/10/10 11/11/11
f 9/9/9 12/12/12 13/13/13
f 14/14/14 15/15/15 16/16/16
f 14/14/14 16/16/16 17/17/17
f 18/18/18 12/12/12 9/9/9
f 19/19/19 20/20/20 21/21/21
f 22/22/22 23/23/23 24/24/24
f 22/22/22 24/24/24 25/25/25
f 14/14/14 26/26/26 27/27/27
f 27/27/27 26/26/26 18/18/18
f 24/24/24 28/28/28 21/21/21
f 29/29/29 23/23/23 30/30/30
f 23/23/23 29/29/29 24/24/24
f 27/27/27 31/31/31 30/30/30
f 18/18/18 32/32/32 27/27/27
f 32/32/32 31/31/31 27/27/27
f 31/31/31 32/32/32 33/33/33
f 34/34/34 9/9/9 11/11/11
f 34/34/34 18/18/18 9/9/9
f 18/18/18 34/34/34 32/32/32
f 34/34/34 35/35/35 32/32/32
f 32/32/32 35/35/35 33/33/33
f 34/34/34 19/36/19 35/35/35
f 19/36/19 34/34/34 11/11/11
f 35/35/35 36/37/36 33/33/33
f 37/38/37 38/39/38 39/40/39
f 40/41/40 39/40/39 41/42/41
f 42/43/42 41/42/41 43/44/43
f 42/43/42 40/41/40 41/42/41
f 40/41/40 42/43/42 44/45/44
f 42/43/42 45/46/45 44/45/44
f 45/46/45 43/44/43 46/47/46
f 47/48/47 48/49/48 49/50/49
f 47/48/47 50/51/50 45/46/45
f 47/48/47 51/52/51 50/51/50
f 52/53/52 51/52/51 49/50/49
f 52/53/52 53/54/53 54/55/54
f 53/54/53 52/53/52 55/56/55
f 56/57/56 53/54/53 55/56/55
f 56/57/56 55/56/55 57/58/57
f 55/56/55 52/53/52 58/59/58
f 58/59/58 52/53/52 49/50/49
f 55/56/55 59/60/59 57/58/57
f 60/61/60 57/58/57 59/60/59
f 61/62/61 55/56/55 58/59/58
f 55/56/55 61/62/61 59/60/59
f 61/62/61 58/59/58 62/63/62
f 61/62/61 62/63/62 59/60/59
f 58/59/58 63/64/63 62/63/62
f 63/64/63 58/59/58 49/50/49
f 64/65/64 59/60/59 62/63/62
f 64/65/64 60/61/60 59/60/59
f 64/65/64 65/66/65 60/61/60
f 65/66/65 66/67/66 60/61/60
f 67/68/67 62/63/62 63/64/63
f 64/65/64 67/68/67 65/66/65
f 67/68/67 64/65/64 62/63/62
f 65/66/65 68/69/68 69/70/69
f 67/68/67 68/69/68 65/66/65
f 68/69/68 67/68/67 63/64/63
f 65/66/65 70/71/70 66/67/66
f 71/72/71 72/73/72 73/74/73
f 74/75/74 75/76/75 71/72/71
f 74/75/74 71/72/71 76/77/76
f 71/72/71 77/78/77 76/77/76
f 37/79/37 76/77/76 77/78/77
f 78/80/78 79/81/79 80/82/80
f 81/83/81 78/80/78 82/84/82
f 81/83/81 82/84/82 83/85/83
f 84/86/84 85/87/85 86/88/86
f 87/89/87 84/86/84 88/90/88
f 84/86/84 87/89/87 89/91/89
f 90/92/90 91/93/91 92/94/92
f 90/92/90 93/95/93 91/93/91
f 90/92/90 94/96/94 93/95/93
f 94/96/94 95/97/95 93/95/93
f 90/92/90 96/98/96 94/96/94
f 94/96/94 97/99/97 95/97/95
f 98/100/98 99/101/99 100/102/100
f 101/103/101 102/104/102 103/105/103
f 104/106/104 101/103/101 103/105/103
f 101/103/101 105/107/105 106/108/106
f 98/100/98 100/102/100 107/109/107
f 108/110/108 98/100/98 107/109/107
f 109/111/109 110/112/110 111/113/111
f 110/112/110 109/111/109 112/114/112
f 113/115/113 114/116/114 115/117/115
f 81/118/81 114/116/114 78/119/78
f 114/116/114 113/115/113 78/119/78
f 113/115/113 79/120/79 78/119/78
f 40/121/40 37/122/37 39/123/39
f 76/124/76 37/122/37 40/121/40
f 44/125/44 76/124/76 40/121/40
f 44/125/44 50/126/50 76/124/76
f 53/127/53 56/128/56 66/129/66
f 56/128/56 60/130/60 66/129/66
f 57/131/57 60/130/60 56/128/56
f 116/132/116 117/133/117 118/134/118
f 116/132/116 119/135/119 117/133/117
f 119/135/119 120/136/120 117/133/117
f 120/136/120 119/135/119 121/137/121
f 122/138/122 119/135/119 116/132/116
f 122/138/122 123/139/123 124/140/124
f 119/135/119 125/141/125 121/137/121
f 125/141/125 119/135/119 126/142/126
f 119/135/119 122/138/122 126/142/126
f 125/141/125 127/143/127 121/137/121
f 127/143/127 128/144/128 121/137/121
f 128/144/128 127/143/127 129/145/129
f 130/146/130 127/143/127 125/141/125
f 126/142/126 130/146/130 125/141/125
f 131/147/131 122/138/122 124/140/124
f 126/142/126 122/138/122 131/147/131
f 132/148/132 127/143/127 130/146/130
f 127/143/127 132/148/132 129/145/129
f 130/146/130 126/142/126 133/149/133
f 133/149/133 126/142/126 131/147/131
f 131/147/131 124/140/124 134/150/134
f 133/149/133 131/147/131 134/150/134
f 129/145/129 132/148/132 135/151/135
f 136/152/136 129/145/129 135/151/135
f 136/152/136 135/151/135 137/153/137
f 138/154/138 132/148/132 130/146/130
f 138/154/138 130/146/130 133/149/133
f 132/148/132 138/154/138 139/155/139
f 135/151/135 132/148/132 139/155/139
f 138/154/138 133/149/133 139/155/139
f 135/151/135 139/155/139 140/156/140
f 135/151/135 140/156/140 137/153/137
f 137/153/137 140/156/140 141/157/141
f 133/149/133 134/150/134 142/158/142
f 133/149/133 142/158/142 139/155/139
f 143/159/143 139/155/139 142/158/142
f 139/155/139 143/159/143 140/156/140
f 140/156/140 143/159/143 144/160/144
f 145/161/145 140/156/140 144/160/144
f 140/156/140 145/161/145 141/157/141
f 146/162/146 141/157/141 145/161/145
f 147/163/147 143/159/143 142/158/142
f 142/158/142 134/150/134 147/163/147
f 148/164/148 146/162/146 145/161/145
f 145/161/145 144/160/144 148/164/148
f 134/150/134 149/165/149 147/163/147
f 144/160/144 143/159/143 150/166/150
f 147/163/147 149/165/149 151/167/151
f 148/164/148 152/168/152 146/162/146
f 152/168/152 153/169/153 146/162/146
f 153/169/153 152/168/152 154/170/154
f 152/168/152 155/171/155 154/170/154
f 156/172/156 154/170/154 155/171/155
f 157/173/157 158/174/158 159/175/159
f 157/173/157 160/176/160 158/174/158
f 157/173/157 161/177/161 160/176/160
f 161/177/161 162/178/162 163/179/163
f 161/177/161 164/180/164 162/178/162
f 162/178/162 165/181/165 166/182/166
f 167/183/167 164/180/164 168/184/168
f 168/184/168 169/185/169 167/183/167
f 169/185/169 170/186/170 167/183/167
f 169/185/169 171/187/171 170/186/170
f 167/183/167 170/186/170 172/188/172
f 167/183/167 172/188/172 165/181/165
f 171/187/171 173/189/173 170/186/170
f 173/189/173 171/187/171 174/190/174
f 175/191/175 173/189/173 174/190/174
f 170/186/170 176/192/176 172/188/172
f 173/189/173 175/191/175 177/193/177
f 175/191/175 178/194/178 177/193/177
f 172/188/172 179/195/179 180/196/180
f 181/197/181 182/198/182 178/194/178
f 155/171/155 183/199/183 184/200/184
f 183/199/183 155/171/155 152/168/152
f 185/201/185 144/160/144 150/166/150
f 185/201/185 184/200/184 183/199/183
f 184/200/184 185/201/185 186/202/186
f 187/203/187 183/199/183 152/168/152
f 187/203/187 152/168/152 148/164/148
f 188/204/188 185/201/185 183/199/183
f 183/199/183 187/203/187 188/204/188
f 144/160/144 185/201/185 188/204/188
f 189/205/189 144/160/144 188/204/188
f 187/203/187 189/205/189 188/204/188
f 187/203/187 148/164/148 189/205/189
f 189/205/189 148/164/148 144/160/144
f 185/201/185 150/166/150 190/206/190
f 185/201/185 190/206/190 186/202/186
f 191/1/191 192/207/192 193/208/193
f 191/1/191 194/209/194 195/210/195
f 196/211/196 191/1/191 197/212/197
f 196/211/196 198/7/198 191/1/191
f 199/213/199 196/211/196 197/212/197
f 199/213/199 200/214/200 196/211/196
f 199/213/199 201/215/201 200/214/200
f 202/216/202 203/26/203 204/17/204
f 202/216/202 205/217/205 206/23/206
f 207/218/207 206/23/206 205/217/205
f 208/24/208 207/218/207 209/25/209
f 206/23/206 207/218/207 208/24/208
f 208/24/208 209/25/209 210/219/210
f 211/9/211 212/34/212 213/220/213
f 214/221/214 212/34/212 211/9/211
f 208/24/208 210/219/210 215/222/215
f 206/23/206 216/30/216 202/216/202
f 202/216/202 216/30/216 217/27/217
f 218/29/218 206/23/206 208/24/208
f 208/24/208 215/222/215 218/29/218
f 206/23/206 218/29/218 216/30/216
f 214/221/214 219/32/219 212/34/212
f 214/221/214 217/27/217 219/32/219
f 212/34/212 220/36/220 213/220/213
f 220/36/220 221/223/221 213/220/213
f 222/224/222 217/27/217 216/30/216
f 217/27/217 222/224/222 219/32/219
f 220/36/220 212/34/212 223/35/223
f 219/32/219 223/35/223 212/34/212
f 219/32/219 224/225/224 223/35/223
f 223/35/223 225/37/225 220/36/220
f 220/36/220 225/37/225 226/226/226
f 227/79/227 228/227/228 229/78/229
f 230/77/230 227/79/227 229/78/229
f 231/228/231 229/78/229 232/74/232
f 231/228/231 233/75/233 230/77/230
f 231/228/231 234/229/234 235/71/235
f 236/230/236 235/71/235 237/231/237
f 238/67/238 236/230/236 239/232/239
f 236/230/236 240/65/240 239/232/239
f 239/232/239 240/65/240 241/233/241
f 242/58/242 239/232/239 241/233/241
f 241/233/241 243/56/243 242/58/242
f 243/56/243 244/234/244 242/58/242
f 245/54/245 244/234/244 243/56/243
f 246/235/246 245/54/245 243/56/243
f 245/54/245 246/235/246 247/55/247
f 246/235/246 248/52/248 247/55/247
f 246/235/246 243/56/243 249/236/249
f 246/235/246 249/236/249 250/50/250
f 251/237/251 243/56/243 241/233/241
f 243/56/243 251/237/251 249/236/249
f 249/236/249 251/237/251 252/238/252
f 252/238/252 251/237/251 241/233/241
f 241/233/241 240/65/240 252/238/252
f 253/68/253 240/65/240 236/230/236
f 240/65/240 253/68/253 252/238/252
f 254/64/254 249/236/249 252/238/252
f 249/236/249 254/64/254 250/50/250
f 252/238/252 253/68/253 254/64/254
f 255/69/255 236/230/236 237/231/237
f 253/68/253 255/69/255 254/64/254
f 255/69/255 253/68/253 236/230/236
f 255/69/255 237/231/237 254/64/254
f 254/64/254 256/239/256 250/50/250
f 257/240/257 248/52/248 250/50/250
f 257/240/257 258/241/258 259/46/259
f 260/242/260 261/243/261 259/46/259
f 259/46/259 262/244/262 260/242/260
f 262/244/262 263/41/263 260/242/260
f 259/46/259 264/245/264 265/44/265
f 259/46/259 265/44/265 262/244/262
f 263/41/263 262/244/262 266/246/266
f 267/40/267 263/41/263 266/246/266
f 268/247/268 269/248/269 80/249/80
f 79/250/79 268/247/268 80/249/80
f 268/247/268 270/83/270 269/248/269
f 270/83/270 271/251/271 272/252/272
f 273/253/273 274/254/274 275/255/275
f 273/253/273 275/255/275 276/256/276
f 273/253/273 277/257/277 278/90/278
f 277/257/277 273/253/273 276/256/276
f 277/257/277 279/258/279 278/90/278
f 280/259/280 279/258/279 281/95/281
f 282/260/282 280/259/280 281/95/281
f 282/260/282 283/261/283 284/262/284
f 285/263/285 286/264/286 287/265/287
f 285/263/285 287/265/287 288/266/288
f 282/260/282 284/262/284 289/267/289
f 290/268/290 291/104/291 289/267/289
f 290/268/290 104/269/104 292/270/292
f 104/269/104 293/271/293 292/270/292
f 104/269/104 290/268/290 294/107/294
f 108/272/108 107/273/107 285/263/285
f 285/263/285 295/274/295 108/272/108
f 109/275/109 296/276/296 297/277/297
f 298/278/298 297/277/297 299/279/299
f 298/278/298 109/275/109 297/277/297
f 109/275/109 298/278/298 112/280/112
f 298/278/298 300/281/300 112/280/112
f 298/278/298 299/279/299 300/281/300
f 270/282/270 301/283/301 302/284/302
f 301/283/301 270/282/270 268/285/268
f 301/283/301 268/285/268 113/286/113
f 268/285/268 79/287/79 113/286/113
f 227/288/227 263/289/263 267/123/267
f 227/288/227 230/290/230 263/289/263
f 230/290/230 260/125/260 263/289/263
f 260/125/260 230/290/230 261/291/261
f 230/290/230 233/292/233 261/291/261
f 233/292/233 303/293/303 247/294/247
f 238/295/238 245/296/245 247/294/247
f 244/297/244 245/296/245 238/295/238
f 239/298/239 244/297/244 238/295/238
f 239/298/239 242/131/242 244/297/244
f 304/299/304 305/300/305 118/301/118
f 117/302/117 304/299/304 118/301/118
f 304/299/304 306/303/306 305/300/305
f 307/304/307 304/299/304 117/302/117
f 120/305/120 307/304/307 117/302/117
f 307/304/307 120/305/120 121/306/121
f 307/304/307 308/307/308 304/299/304
f 308/307/308 306/303/306 304/299/304
f 309/308/309 307/304/307 121/306/121
f 307/304/307 309/308/309 310/142/310
f 308/307/308 307/304/307 310/142/310
f 309/308/309 121/306/121 311/143/311
f 121/306/121 128/309/128 311/143/311
f 311/143/311 128/309/128 129/310/129
f 312/311/312 310/142/310 309/308/309
f 311/143/311 312/311/312 309/308/309
f 308/307/308 310/142/310 313/312/313
f 313/312/313 314/313/314 308/307/308
f 311/143/311 315/314/315 312/311/312
f 315/314/315 311/143/311 129/310/129
f 310/142/310 312/311/312 316/315/316
f 310/142/310 316/315/316 313/312/313
f 313/312/313 316/315/316 317/316/317
f 313/312/313 317/316/317 314/313/314
f 318/317/318 315/314/315 129/310/129
f 136/318/136 318/317/318 129/310/129
f 318/317/318 136/318/136 137/319/137
f 315/314/315 319/320/319 312/311/312
f 312/311/312 319/320/319 316/315/316
f 316/315/316 319/320/319 320/321/320
f 318/317/318 320/321/320 315/314/315
f 320/321/320 319/320/319 315/314/315
f 321/322/321 318/317/318 137/319/137
f 320/321/320 318/317/318 321/322/321
f 137/319/137 141/323/141 321/322/321
f 317/316/317 316/315/316 322/158/322
f 322/158/322 316/315/316 320/321/320
f 322/158/322 320/321/320 323/159/323
f 323/159/323 320/321/320 321/322/321
f 323/159/323 321/322/321 324/324/324
f 321/322/321 325/325/325 324/324/324
f 141/323/141 325/325/325 321/322/321
f 141/323/141 146/326/146 325/325/325
f 326/327/326 322/158/322 323/159/323
f 317/316/317 322/158/322 326/327/326
f 324/324/324 325/325/325 327/328/327
f 146/326/146 327/328/327 325/325/325
f 317/316/317 328/329/328 314/313/314
f 323/159/323 329/330/329 326/327/326
f 323/159/323 324/324/324 329/330/329
f 326/327/326 330/331/330 328/329/328
f 331/332/331 327/328/327 146/326/146
f 153/333/153 331/332/331 146/326/146
f 331/332/331 153/333/153 154/334/154
f 332/335/332 331/332/331 154/334/154
f 154/334/154 156/336/156 332/335/332
f 333/337/333 334/338/334 335/339/335
f 336/340/336 337/341/337 338/342/338
f 336/340/336 333/337/333 337/341/337
f 336/340/336 338/342/338 339/343/339
f 340/344/340 336/340/336 339/343/339
f 341/345/341 342/346/342 343/347/343
f 344/185/344 345/348/345 341/345/341
f 346/349/346 344/185/344 341/345/341
f 344/185/344 346/349/346 347/350/347
f 348/351/348 341/345/341 343/347/343
f 346/349/346 341/345/341 348/351/348
f 346/349/346 349/189/349 347/350/347
f 347/350/347 349/189/349 174/352/174
f 349/189/349 175/353/175 174/352/174
f 346/349/346 350/354/350 349/189/349
f 349/189/349 351/355/351 175/353/175
f 348/351/348 343/347/343 352/196/352
f 348/351/348 353/195/353 350/354/350
f 178/356/178 351/355/351 354/357/354
f 181/358/181 178/356/178 354/357/354
f 181/358/181 354/357/354 355/359/355
f 156/336/156 356/360/356 332/335/332
f 332/335/332 356/360/356 357/361/357
f 358/362/358 332/335/332 357/361/357
f 332/335/332 358/362/358 331/332/331
f 359/363/359 357/361/357 360/364/360
f 357/361/357 359/363/359 358/362/358
f 324/324/324 359/363/359 329/330/329
f 331/332/331 361/365/361 327/328/327
f 358/362/358 361/365/361 331/332/331
f 359/363/359 324/324/324 362/366/362
f 359/363/359 362/366/362 358/362/358
f 361/365/361 358/362/358 362/366/362
f 327/328/327 363/367/363 324/324/324
f 324/324/324 363/367/363 362/366/362
f 327/328/327 361/365/361 363/367/363
f 363/367/363 361/365/361 362/366/362
f 364/368/364 365/369/365 366/370/366
f 367/371/367 364/368/364 366/370/366
f 367/371/367 368/372/368 364/368/364
f 368/372/368 369/373/369 364/368/364
f 369/373/369 370/374/370 364/368/364
f 371/375/371 372/376/372 373/377/373
f 372/376/372 371/375/371 374/378/374
f 372/376/372 375/379/375 373/377/373
f 375/379/375 376/380/376 373/377/373
f 377/381/377 372/376/372 374/378/374
f 377/381/377 374/378/374 378/382/378
f 379/383/379 377/381/377 378/382/378
f 378/382/378 380/384/380 379/383/379
f 380/384/380 381/385/381 379/383/379
f 377/381/377 381/385/381 372/376/372
f 379/383/379 381/385/381 377/381/377
f 380/384/380 382/386/382 381/385/381
f 372/376/372 381/385/381 383/387/383
f 375/379/375 372/376/372 383/387/383
f 382/386/382 383/387/383 381/385/381
f 384/388/384 383/387/383 382/386/382
f 385/389/385 383/387/383 384/388/384
f 383/387/383 386/390/386 375/379/375
f 386/390/386 383/387/383 385/389/385
f 375/379/375 387/391/387 376/380/376
f 386/390/386 387/391/387 375/379/375
f 387/391/387 388/392/388 376/380/376
f 389/393/389 388/392/388 387/391/387
f 389/393/389 387/391/387 386/390/386
f 390/394/390 389/393/389 386/390/386
f 389/393/389 391/395/391 388/392/388
f 391/395/391 389/393/389 390/394/390
f 392/396/392 388/392/388 391/395/391
f 392/396/392 393/397/393 394/398/394
f 395/399/395 392/396/392 391/395/391
f 396/400/396 397/401/397 398/402/398
f 399/403/399 395/399/395 391/395/391
f 400/404/400 391/395/391 390/394/390
f 400/404/400 399/403/399 391/395/391
f 401/405/401 400/404/400 390/394/390
f 401/405/401 399/403/399 400/404/400
f 402/406/402 403/407/403 404/408/404
f 402/406/402 404/408/404 405/409/405
f 406/410/406 402/406/402 405/409/405
f 406/410/406 405/409/405 407/411/407
f 406/410/406 408/412/408 402/406/402
f 409/413/409 402/406/402 408/412/408
f 406/410/406 410/414/410 411/415/411
f 410/414/410 406/410/406 407/411/407
f 407/411/407 412/416/412 410/414/410
f 413/417/413 412/416/412 407/411/407
f 413/417/413 414/418/414 412/416/412
f 410/414/410 412/416/412 415/419/415
f 411/415/411 410/414/410 415/419/415
f 416/420/416 411/415/411 415/419/415
f 414/418/414 417/421/417 412/416/412
f 416/420/416 415/419/415 417/421/417
f 415/419/415 412/416/412 417/421/417
f 414/418/414 366/422/366 417/421/417
f 366/422/366 365/423/365 417/421/417
f 416/420/416 417/421/417 365/423/365
f 409/424/409 418/425/418 419/426/419
f 409/424/409 419/426/419 420/427/420
f 402/428/402 409/424/409 420/427/420
f 403/429/403 402/428/402 420/427/420
f 419/426/419 421/430/421 422/431/422
f 420/427/420 419/426/419 422/431/422
f 422/431/422 423/432/423 424/433/424
f 420/427/420 422/431/422 424/433/424
f 420/427/420 424/433/424 425/434/425
f 425/434/425 403/429/403 420/427/420
f 426/435/426 403/429/403 425/434/425
f 404/436/404 403/429/403 426/435/426
f 404/436/404 426/435/426 405/437/405
f 427/438/427 426/435/426 425/434/425
f 426/435/426 427/438/427 405/437/405
f 407/439/407 405/437/405 427/438/427
f 428/440/428 427/438/427 424/433/424
f 428/440/428 407/439/407 427/438/427
f 428/440/428 429/441/429 407/439/407
f 428/440/428 430/442/430 429/441/429
f 429/441/429 413/443/413 407/439/407
f 413/443/413 429/441/429 431/444/431
f 432/445/432 413/443/413 431/444/431
f 432/445/432 431/444/431 433/446/433
f 432/445/432 434/447/434 413/443/413
f 414/448/414 413/443/413 434/447/434
f 435/449/435 414/448/414 434/447/434
f 366/450/366 414/448/414 435/449/435
f 436/451/436 435/449/435 434/447/434
f 432/445/432 436/451/436 434/447/434
f 432/445/432 437/452/437 436/451/436
f 437/452/437 432/445/432 433/446/433
f 437/452/437 438/453/438 436/451/436
f 438/453/438 437/452/437 439/454/439
f 440/455/440 438/453/438 439/454/439
f 437/452/437 433/446/433 441/456/441
f 439/454/439 437/452/437 441/456/441
f 439/454/439 442/457/442 440/455/440
f 442/457/442 443/458/443 440/455/440
f 442/457/442 439/454/439 444/459/444
f 439/454/439 441/456/441 444/459/444
f 443/458/443 442/457/442 445/460/445
f 442/457/442 444/459/444 445/460/445
f 443/458/443 445/460/445 446/461/446
f 440/462/440 443/458/443 446/461/446
f 447/463/447 440/462/440 446/461/446
f 446/461/446 448/464/448 447/463/447
f 438/465/438 440/462/440 447/463/447
f 449/466/449 448/464/448 450/467/450
f 447/463/447 449/466/449 451/468/451
f 451/468/451 438/465/438 447/463/447
f 436/469/436 438/465/438 451/468/451
f 452/470/452 449/466/449 453/471/453
f 449/466/449 452/470/452 451/468/451
f 454/472/454 436/469/436 451/468/451
f 451/468/451 452/470/452 454/472/454
f 436/469/436 454/472/454 455/473/455
f 435/474/435 436/469/436 455/473/455
f 435/474/435 455/473/455 366/475/366
f 455/473/455 367/476/367 366/475/366
f 367/476/367 455/473/455 368/477/368
f 452/470/452 456/478/456 454/472/454
f 454/472/454 456/478/456 455/473/455
f 456/478/456 452/470/452 457/479/457
f 455/473/455 458/480/458 368/477/368
f 456/478/456 458/480/458 455/473/455
f 458/480/458 456/478/456 459/481/459
f 460/482/460 458/480/458 459/481/459
f 368/477/368 458/480/458 460/482/460
f 369/483/369 368/477/368 460/482/460
f 461/484/461 369/483/369 460/482/460
f 462/485/462 459/481/459 463/486/463
f 464/487/464 461/484/461 460/482/460
f 462/485/462 464/487/464 460/482/460
f 464/487/464 465/488/465 461/484/461
f 462/485/462 465/488/465 464/487/464
f 462/485/462 466/489/466 465/488/465
f 467/490/467 468/491/468 397/492/397
f 467/490/467 397/492/397 396/493/396
f 469/494/469 467/490/467 396/493/396
f 469/494/469 470/495/470 467/490/467
f 471/496/471 472/497/472 469/494/469
f 471/496/471 469/494/469 396/493/396
f 396/493/396 398/498/398 471/496/471
f 471/496/471 398/498/398 473/499/473
f 474/500/474 475/501/475 392/502/392
f 474/500/474 392/502/392 476/503/476
f 392/502/392 395/504/395 476/503/476
f 476/503/476 395/504/395 399/505/399
f 477/506/477 478/507/478 474/500/474
f 476/503/476 477/506/477 474/500/474
f 479/508/479 476/503/476 399/505/399
f 399/505/399 401/509/401 479/508/479
f 477/506/477 476/503/476 480/510/480
f 476/503/476 479/508/479 480/510/480
f 480/510/480 479/508/479 401/509/401
f 390/511/390 480/510/480 401/509/401
f 481/512/481 477/506/477 480/510/480
f 477/506/477 481/512/481 482/513/482
f 390/511/390 481/512/481 480/510/480
f 390/511/390 483/514/483 481/512/481
f 390/511/390 386/515/386 483/514/483
f 386/515/386 385/516/385 483/514/483
f 484/517/484 485/518/485 481/512/481
f 481/512/481 483/514/483 484/517/484
f 483/514/483 486/519/486 484/517/484
f 483/514/483 385/516/385 486/519/486
f 486/519/486 385/516/385 384/520/384
f 487/521/487 486/519/486 384/520/384
f 487/521/487 484/517/484 486/519/486
f 488/522/488 484/517/484 487/521/487
f 489/523/489 487/521/487 384/520/384
f 487/521/487 489/523/489 488/522/488
f 382/524/382 489/523/489 384/520/384
f 382/524/382 490/525/490 489/523/489
f 382/524/382 380/526/380 490/525/490
f 489/523/489 490/525/490 491/527/491
f 488/522/488 491/527/491 492/528/492
f 488/522/488 489/523/489 491/527/491
f 380/526/380 493/529/493 490/525/490
f 490/525/490 493/529/493 491/527/491
f 494/530/494 493/529/493 380/526/380
f 378/531/378 494/530/494 380/526/380
f 378/531/378 374/532/374 494/530/494
f 494/530/494 374/532/374 371/533/371
f 493/529/493 494/530/494 495/534/495
f 495/534/495 494/530/494 371/533/371
f 495/534/495 496/535/496 491/527/491
f 491/527/491 493/529/493 495/534/495
f 495/534/495 371/533/371 497/536/497
f 498/537/498 499/538/499 500/539/500
f 501/540/501 498/537/498 500/539/500
f 501/540/501 502/541/502 498/537/498
f 502/541/502 503/542/503 498/537/498
f 501/540/501 500/539/500 504/543/504
f 503/542/503 502/541/502 505/544/505
f 502/541/502 501/540/501 506/545/506
f 506/545/506 501/540/501 504/543/504
f 504/543/504 507/546/507 506/545/506
f 507/546/507 508/547/508 506/545/506
f 506/545/506 508/547/508 509/548/509
f 510/549/510 502/541/502 506/545/506
f 510/549/510 506/545/506 509/548/509
f 509/548/509 511/550/511 510/549/510
f 502/541/502 510/549/510 512/551/512
f 511/550/511 512/551/512 510/549/510
f 511/550/511 513/552/513 512/551/512
f 502/541/502 514/553/514 505/544/505
f 514/553/514 502/541/502 512/551/512
f 515/554/515 505/544/505 514/553/514
f 514/553/514 512/551/512 516/555/516
f 516/555/516 515/554/515 514/553/514
f 515/554/515 516/555/516 517/556/517
f 512/551/512 518/557/518 516/555/516
f 513/552/513 518/557/518 512/551/512
f 518/557/518 513/552/513 519/558/519
f 516/555/516 520/559/520 517/556/517
f 516/555/516 518/557/518 520/559/520
f 517/556/517 520/559/520 521/560/521
f 520/559/520 522/561/522 521/560/521
f 523/562/523 518/557/518 519/558/519
f 520/559/520 523/562/523 522/561/522
f 518/557/518 523/562/523 520/559/520
f 519/558/519 524/563/524 523/562/523
f 524/563/524 525/564/525 523/562/523
f 523/562/523 525/564/525 522/561/522
f 499/565/499 526/566/526 500/567/500
f 526/566/526 527/568/527 500/567/500
f 528/569/528 527/568/527 526/566/526
f 529/570/529 528/569/528 526/566/526
f 500/567/500 527/568/527 504/571/504
f 529/570/529 530/572/530 528/569/528
f 527/568/527 528/569/528 531/573/531
f 527/568/527 531/573/531 504/571/504
f 507/574/507 504/571/504 531/573/531
f 508/575/508 507/574/507 531/573/531
f 508/575/508 531/573/531 509/576/509
f 531/573/531 532/577/532 509/576/509
f 528/569/528 532/577/532 531/573/531
f 511/578/511 509/576/509 532/577/532
f 532/577/532 528/569/528 533/579/533
f 533/579/533 511/578/511 532/577/532
f 513/580/513 511/578/511 533/579/533
f 530/572/530 534/581/534 528/569/528
f 528/569/528 534/581/534 533/579/533
f 530/572/530 535/582/535 534/581/534
f 533/579/533 534/581/534 536/583/536
f 535/582/535 536/583/536 534/581/534
f 535/582/535 537/584/537 536/583/536
f 538/585/538 533/579/533 536/583/536
f 538/585/538 513/580/513 533/579/533
f 513/580/513 538/585/538 519/586/519
f 538/585/538 536/583/536 539/587/539
f 537/584/537 539/587/539 536/583/536
f 539/587/539 537/584/537 521/588/521
f 522/589/522 539/587/539 521/588/521
f 540/590/540 538/585/538 539/587/539
f 538/585/538 540/590/540 519/586/519
f 540/590/540 539/587/539 522/589/522
f 524/591/524 519/586/519 540/590/540
f 525/592/525 524/591/524 540/590/540
f 525/592/525 540/590/540 522/589/522
f 499/538/499 498/537/498 541/539/541
f 498/537/498 542/540/542 541/539/541
f 543/593/543 542/540/542 498/537/498
f 503/542/503 543/593/543 498/537/498
f 541/539/541 542/540/542 544/594/544
f 503/542/503 505/544/505 543/593/543
f 542/540/542 545/545/545 544/594/544
f 542/540/542 543/593/543 545/545/545
f 546/546/546 544/594/544 545/545/545
f 547/595/547 546/546/546 545/545/545
f 547/595/547 545/545/545 548/596/548
f 545/545/545 549/549/549 548/596/548
f 543/593/543 549/549/549 545/545/545
f 550/550/550 548/596/548 549/549/549
f 549/549/549 543/593/543 551/597/551
f 551/597/551 550/550/550 549/549/549
f 552/552/552 550/550/550 551/597/551
f 543/593/543 553/598/553 551/597/551
f 505/544/505 553/598/553 543/593/543
f 505/544/505 515/554/515 553/598/553
f 515/554/515 554/599/554 553/598/553
f 551/597/551 553/598/553 554/599/554
f 515/554/515 517/556/517 554/599/554
f 555/557/555 551/597/551 554/599/554
f 555/557/555 552/552/552 551/597/551
f 552/552/552 555/557/555 556/600/556
f 555/557/555 554/599/554 557/559/557
f 517/556/517 557/559/557 554/599/554
f 557/559/557 517/556/517 521/560/521
f 558/601/558 557/559/557 521/560/521
f 559/602/559 555/557/555 557/559/557
f 559/602/559 557/559/557 558/601/558
f 555/557/555 559/602/559 556/600/556
f 560/563/560 556/600/556 559/602/559
f 561/564/561 560/563/560 559/602/559
f 561/564/561 559/602/559 558/601/558
f 526/566/526 499/565/499 541/603/541
f 562/604/562 526/566/526 541/603/541
f 562/604/562 563/605/563 526/566/526
f 563/605/563 529/570/529 526/566/526
f 562/604/562 541/603/541 544/571/544
f 529/570/529 563/605/563 530/572/530
f 564/573/564 562/604/562 544/571/544
f 563/605/563 562/604/562 564/573/564
f 544/571/544 546/574/546 564/573/564
f 546/574/546 547/606/547 564/573/564
f 564/573/564 547/606/547 548/576/548
f 565/607/565 563/605/563 564/573/564
f 565/607/565 564/573/564 548/576/548
f 548/576/548 550/578/550 565/607/565
f 563/605/563 565/607/565 566/608/566
f 550/578/550 566/608/566 565/607/565
f 550/578/550 552/609/552 566/608/566
f 567/610/567 563/605/563 566/608/566
f 563/605/563 567/610/567 530/572/530
f 535/582/535 530/572/530 567/610/567
f 568/611/568 535/582/535 567/610/567
f 567/610/567 566/608/566 568/611/568
f 535/582/535 568/611/568 537/584/537
f 566/608/566 569/585/569 568/611/568
f 552/609/552 569/585/569 566/608/566
f 569/585/569 552/609/552 556/586/556
f 568/611/568 569/585/569 570/587/570
f 568/611/568 570/587/570 537/584/537
f 537/584/537 570/587/570 521/588/521
f 570/587/570 558/612/558 521/588/521
f 569/585/569 571/613/571 570/587/570
f 570/587/570 571/613/571 558/612/558
f 571/613/571 569/585/569 556/586/556
f 556/586/556 560/591/560 571/613/571
f 560/591/560 561/592/561 571/613/571
f 571/613/571 561/592/561 558/612/558
f 572/614/572 573/615/573 574/616/574
f 575/617/575 576/618/576 572/614/572
f 577/619/577 578/620/578 579/621/579
f 577/619/577 579/621/579 580/622/580
f 577/619/577 580/622/580 572/623/572
f 580/622/580 575/624/575 572/623/572
f 580/622/580 581/625/581 582/626/582
f 583/627/583 584/628/584 585/629/585
f 586/630/586 583/627/583 585/629/585
f 587/631/587 588/632/588 583/633/583
f 587/631/587 589/634/589 590/635/590
f 587/631/587 583/633/583 589/634/589
f 583/633/583 586/636/586 589/634/589
f 589/634/589 591/637/591 590/635/590
f 586/636/586 592/638/592 589/634/589
f 593/639/593 594/640/594 595/641/595
f 593/639/593 596/642/596 594/640/594
f 597/643/597 598/644/598 594/640/594
f 594/640/594 599/645/599 600/646/600
f 598/644/598 599/645/599 594/640/594
f 598/644/598 597/643/597 601/647/601
f 597/643/597 602/648/602 601/647/601
f 603/649/603 604/650/604 605/651/605
f 599/645/599 606/652/606 607/653/607
f 608/654/608 604/650/604 603/649/603
f 598/644/598 601/647/601 609/655/609
f 598/644/598 609/655/609 610/656/610
f 611/657/611 612/658/612 613/659/613
f 614/660/614 615/661/615 616/662/616
f 614/660/614 617/663/617 615/661/615
f 615/661/615 618/664/618 619/665/619
f 617/663/617 618/664/618 615/661/615
f 618/664/618 617/663/617 620/666/620
f 621/667/621 622/668/622 623/669/623
f 622/668/622 624/670/624 625/671/625
f 624/670/624 626/672/626 625/671/625
f 627/673/627 626/672/626 628/674/628
f 629/675/629 630/676/630 627/673/627
f 629/675/629 627/673/627 631/677/631
f 631/677/631 627/673/627 628/674/628
f 631/677/631 632/678/632 633/679/633
f 634/680/634 635/681/635 636/682/636
f 634/680/634 637/683/637 635/681/635
f 638/684/638 639/685/639 635/681/635
f 637/683/637 638/684/638 635/681/635
f 638/684/638 637/683/637 640/686/640
f 641/687/641 642/688/642 629/675/629
f 641/687/641 629/675/629 631/677/631
f 643/689/643 644/690/644 645/691/645
f 646/692/646 647/693/647 648/694/648
f 646/692/646 649/695/649 647/693/647
f 649/695/649 650/696/650 647/693/647
f 651/697/651 652/698/652 653/699/653
f 651/697/651 653/699/653 654/700/654
f 655/701/655 656/702/656 657/703/657
f 658/704/658 657/703/657 659/705/659
f 658/704/658 655/701/655 657/703/657
f 660/706/660 655/701/655 658/704/658
f 661/707/661 662/708/662 663/709/663
f 661/707/661 664/710/664 662/708/662
f 660/706/660 665/711/665 666/712/666
f 660/713/660 667/714/667 655/715/655
f 660/713/660 664/716/664 667/714/667
f 668/717/668 664/716/664 661/718/661
f 667/714/667 668/717/668 669/719/669
f 667/714/667 669/719/669 655/715/655
f 668/717/668 670/720/670 669/719/669
f 651/721/651 671/722/671 672/723/672
f 651/721/651 673/724/673 652/725/652
f 593/726/593 652/725/652 673/724/673
f 674/727/674 605/728/605 675/729/675
f 674/727/674 676/730/676 603/731/603
f 677/732/677 614/733/614 613/734/613
f 677/732/677 678/735/678 614/733/614
f 678/735/678 617/736/617 614/733/614
f 617/736/617 678/735/678 679/737/679
f 680/738/680 679/737/679 676/730/676
f 622/739/622 620/740/620 680/738/680
f 624/741/624 622/739/622 680/738/680
f 674/727/674 681/742/681 680/738/680
f 682/743/682 681/742/681 683/744/683
f 628/745/628 626/746/626 682/743/682
f 682/743/682 684/747/684 685/748/685
f 682/743/682 685/748/685 628/745/628
f 686/749/686 687/750/687 634/751/634
f 687/750/687 686/749/686 688/752/688
f 687/750/687 637/753/637 634/751/634
f 637/753/637 687/750/687 689/754/689
f 690/755/690 646/756/646 691/757/691
f 690/755/690 692/758/692 646/756/646
f 649/759/649 692/758/692 693/760/693
f 692/758/692 649/759/649 646/756/646
f 694/761/694 695/762/695 696/763/696
f 694/761/694 696/763/696 697/764/697
f 698/640/698 694/761/694 697/764/697
f 698/640/698 697/764/697 699/646/699
f 700/765/700 701/642/701 698/640/698
f 702/766/702 700/765/700 698/640/698
f 703/767/703 698/640/698 699/646/699
f 703/767/703 702/766/702 698/640/698
f 700/765/700 704/648/704 705/768/705
f 700/765/700 702/766/702 706/647/706
f 703/767/703 699/646/699 707/769/707
f 703/767/703 708/770/708 702/766/702
f 709/771/709 710/671/710 711/772/711
f 712/773/712 709/771/709 711/772/711
f 702/766/702 713/774/713 714/775/714
f 715/776/715 716/777/716 717/778/717
f 716/777/716 718/664/718 717/778/717
f 717/778/717 718/664/718 719/666/719
f 718/664/718 720/779/720 719/666/719
f 721/780/721 711/772/711 722/781/722
f 721/780/721 722/781/722 720/779/720
f 722/781/722 723/782/723 719/666/719
f 723/782/723 722/781/722 724/783/724
f 725/784/725 726/675/726 727/785/727
f 728/786/728 725/784/725 727/785/727
f 729/787/729 730/788/730 731/789/731
f 731/789/731 732/790/732 733/791/733
f 734/792/734 731/789/731 733/791/733
f 734/792/734 729/787/729 731/789/731
f 726/675/726 735/687/735 727/785/727
f 735/687/735 726/675/726 736/793/736
f 735/687/735 737/794/737 727/785/727
f 726/675/726 738/795/738 736/793/736
f 726/675/726 739/796/739 740/797/740
f 741/691/741 742/798/742 743/799/743
f 741/691/741 744/800/744 742/798/742
f 741/691/741 745/801/745 744/800/744
f 746/689/746 745/801/745 741/691/741
f 746/689/746 743/799/743 747/802/747
f 746/689/746 747/802/747 745/801/745
f 748/803/748 749/804/749 750/805/750
f 751/806/751 752/807/752 753/808/753
f 754/809/754 755/810/755 756/701/756
f 756/701/756 757/811/757 754/809/754
f 758/812/758 759/813/759 760/814/760
f 757/811/757 761/815/761 762/816/762
f 754/809/754 763/817/763 762/816/762
f 757/811/757 763/817/763 754/809/754
f 764/818/764 765/819/765 766/820/766
f 766/820/766 767/821/767 764/818/764
f 766/820/766 768/822/768 769/823/769
f 766/820/766 765/819/765 768/822/768
f 770/824/770 757/713/757 756/715/756
f 757/713/757 770/824/770 761/825/761
f 770/824/770 771/826/771 761/825/761
f 770/824/770 772/827/772 771/826/771
f 771/826/771 773/828/773 758/718/758
f 751/829/751 774/724/774 775/723/775
f 694/726/694 701/830/701 774/724/774
f 776/727/776 777/728/777 712/831/712
f 778/732/778 715/733/715 779/735/779
f 779/735/779 780/737/780 778/732/778
f 715/733/715 717/832/717 779/735/779
f 776/727/776 781/730/781 782/833/782
f 723/834/723 783/741/783 782/833/782
f 783/741/783 784/742/784 782/833/782
f 776/727/776 785/835/785 786/729/786
f 787/836/787 784/742/784 788/746/788
f 787/836/787 789/747/789 785/835/785
f 787/836/787 790/837/790 789/747/789
f 791/838/791 792/839/792 730/840/730
f 793/750/793 791/838/791 730/840/730
f 729/841/729 793/750/793 730/840/730
f 794/755/794 748/842/748 795/843/795
f 794/755/794 795/843/795 796/844/796
f 748/842/748 750/759/750 795/843/795
f 797/845/797 798/846/798 799/847/799
f 800/848/800 798/846/798 797/845/797
f 797/845/797 799/847/799 801/849/801
f 802/850/802 797/845/797 801/849/801
f 800/848/800 797/845/797 802/850/802
f 803/851/803 800/848/800 802/850/802
f 804/852/804 800/848/800 803/851/803
f 802/850/802 801/849/801 805/853/805
f 806/854/806 802/850/802 805/853/805
f 803/851/803 802/850/802 806/854/806
f 804/852/804 803/851/803 807/855/807
f 808/856/808 804/852/804 807/855/807
f 809/857/809 804/852/804 808/856/808
f 810/858/810 811/859/811 812/860/812
f 813/861/813 809/857/809 808/856/808
f 814/862/814 809/857/809 813/861/813
f 815/863/815 805/853/805 816/864/816
f 815/863/815 817/865/817 805/853/805
f 817/865/817 806/854/806 805/853/805
f 817/865/817 818/866/818 806/854/806
f 819/867/819 815/863/815 816/864/816
f 819/867/819 816/864/816 820/868/820
f 815/863/815 819/867/819 821/869/821
f 817/865/817 815/863/815 821/869/821
f 822/870/822 808/856/808 807/855/807
f 822/870/822 818/866/818 821/869/821
f 819/867/819 823/871/823 821/869/821
f 822/870/822 824/872/824 808/856/808
f 824/872/824 822/870/822 821/869/821
f 824/872/824 813/861/813 808/856/808
f 825/873/825 824/872/824 821/869/821
f 824/872/824 825/873/825 813/861/813
f 826/874/826 814/862/814 813/861/813
f 825/873/825 826/874/826 813/861/813
f 825/873/825 827/875/827 826/874/826
f 827/875/827 825/873/825 821/869/821
f 828/876/828 829/877/829 830/878/830
f 811/859/811 831/879/831 830/878/830
f 811/859/811 832/880/832 831/879/831
f 833/881/833 814/862/814 826/874/826
f 833/881/833 834/882/834 814/862/814
f 828/876/828 835/883/835 821/869/821
f 835/883/835 827/875/827 821/869/821
f 828/876/828 830/878/830 836/884/836
f 830/878/830 831/879/831 836/884/836
f 835/883/835 828/876/828 836/884/836
f 827/875/827 835/883/835 837/885/837
f 835/883/835 836/884/836 837/885/837
f 837/885/837 833/881/833 826/874/826
f 827/875/827 837/885/837 826/874/826
f 831/879/831 838/886/838 836/884/836
f 836/884/836 838/886/838 837/885/837
f 831/879/831 832/880/832 838/886/838
f 838/886/838 833/881/833 837/885/837
f 838/886/838 839/887/839 833/881/833
f 832/880/832 839/887/839 838/886/838
f 839/887/839 834/882/834 833/881/833
f 832/880/832 840/888/840 839/887/839
f 839/887/839 840/888/840 834/882/834
f 841/846/841 842/889/842 843/890/843
f 841/846/841 844/891/844 842/889/842
f 843/890/843 842/889/842 845/849/845
f 843/890/843 845/849/845 846/892/846
f 842/889/842 847/893/847 845/849/845
f 842/889/842 844/891/844 847/893/847
f 844/891/844 848/894/848 847/893/847
f 844/891/844 849/895/849 848/894/848
f 846/892/846 845/849/845 850/896/850
f 847/893/847 848/894/848 851/897/851
f 847/893/847 851/897/851 852/853/852
f 848/894/848 853/898/853 851/897/851
f 848/894/848 849/895/849 853/898/853
f 846/892/846 850/896/850 854/899/854
f 855/900/855 846/892/846 854/899/854
f 849/895/849 856/901/856 853/898/853
f 849/895/849 857/902/857 856/901/856
f 855/900/855 854/899/854 858/903/858
f 859/904/859 855/900/855 858/903/858
f 857/902/857 860/905/860 856/901/856
f 857/902/857 861/906/861 860/905/860
f 852/853/852 862/907/862 850/896/850
f 863/865/863 862/907/862 852/853/852
f 851/897/851 863/865/863 852/853/852
f 853/898/853 864/908/864 851/897/851
f 862/907/862 865/867/865 850/896/850
f 862/907/862 863/865/863 866/909/866
f 863/865/863 864/908/864 866/909/866
f 865/867/865 862/907/862 866/909/866
f 856/901/856 867/910/867 853/898/853
f 867/910/867 864/908/864 853/898/853
f 868/911/868 865/867/865 866/909/866
f 865/867/865 868/911/868 854/899/854
f 854/899/854 868/911/868 858/903/858
f 867/910/867 869/912/869 866/909/866
f 860/905/860 869/912/869 856/901/856
f 869/912/869 867/910/867 856/901/856
f 870/913/870 868/911/868 866/909/866
f 868/911/868 870/913/870 858/903/858
f 869/912/869 871/914/871 866/909/866
f 871/914/871 869/912/869 860/905/860
f 859/904/859 858/903/858 872/915/872
f 861/906/861 873/916/873 860/905/860
f 873/916/873 871/914/871 860/905/860
f 874/917/874 871/914/871 873/916/873
f 871/914/871 874/917/874 866/909/866
f 870/913/870 875/918/875 872/915/872
f 875/918/875 870/913/870 866/909/866
f 876/919/876 859/904/859 872/915/872
f 877/880/877 859/904/859 876/919/876
f 861/906/861 878/920/878 873/916/873
f 879/921/879 878/920/878 861/906/861
f 874/917/874 880/922/880 866/909/866
f 880/922/880 875/918/875 866/909/866
f 876/919/876 872/915/872 881/923/881
f 875/918/875 880/922/880 881/923/881
f 872/915/872 875/918/875 881/923/881
f 882/924/882 874/917/874 873/916/873
f 880/922/880 874/917/874 882/924/882
f 881/923/881 880/922/880 882/924/882
f 878/920/878 882/924/882 873/916/873
f 883/886/883 876/919/876 881/923/881
f 883/886/883 881/923/881 882/924/882
f 877/880/877 876/919/876 883/886/883
f 878/920/878 883/886/883 882/924/882
f 884/925/884 883/886/883 878/920/878
f 884/925/884 877/880/877 883/886/883
f 879/921/879 884/925/884 878/920/878
f 885/888/885 884/925/884 879/921/879
f 885/888/885 877/880/877 884/925/884
f 886/926/886 887/927/887 888/928/888
f 889/929/889 888/928/888 887/927/887
f 888/928/888 890/208/890 886/926/886
f 891/930/891 892/931/892 889/929/889
f 892/931/892 888/928/888 889/929/889
f 893/932/893 894/933/894 895/934/895
f 888/928/888 892/931/892 2/2/2
f 891/930/891 893/932/893 896/935/896
f 892/931/892 891/930/891 896/935/896
f 2/2/2 892/931/892 896/935/896
f 897/936/897 898/937/898 899/938/899
f 898/937/898 897/936/897 900/939/900
f 901/940/901 896/935/896 893/932/893
f 901/940/901 902/941/902 896/935/896
f 902/941/902 3/3/3 896/935/896
f 901/940/901 903/942/903 904/943/904
f 905/944/905 901/940/901 904/943/904
f 902/941/902 901/940/901 905/944/905
f 905/944/905 904/943/904 906/945/906
f 905/944/905 907/946/907 908/947/908
f 7/7/7 909/948/909 910/949/910
f 898/950/898 900/951/900 911/952/911
f 7/7/7 4/4/4 1/1/1
f 897/936/897 6/6/6 912/953/912
f 912/953/912 6/6/6 4/4/4
f 8/8/8 912/953/912 4/4/4
f 7/7/7 913/954/913 914/955/914
f 7/7/7 914/955/914 8/8/8
f 915/956/915 916/957/916 911/952/911
f 915/956/915 911/952/911 917/958/917
f 911/952/911 900/951/900 917/958/917
f 918/959/918 897/936/897 912/953/912
f 897/936/897 918/959/918 900/939/900
f 912/953/912 919/960/919 918/959/918
f 919/960/919 912/953/912 8/8/8
f 920/961/920 919/960/919 8/8/8
f 8/8/8 914/955/914 920/961/920
f 914/955/914 921/962/921 920/961/920
f 921/962/921 914/955/914 922/963/922
f 900/951/900 923/964/923 917/958/917
f 900/951/900 924/965/924 923/964/923
f 925/966/925 900/939/900 918/959/918
f 925/966/925 924/967/924 900/939/900
f 924/967/924 925/966/925 926/968/926
f 919/960/919 927/969/927 918/959/918
f 927/969/927 925/966/925 918/959/918
f 927/969/927 926/968/926 925/966/925
f 917/958/917 923/964/923 928/970/928
f 928/970/928 915/956/915 917/958/917
f 928/970/928 923/964/923 929/971/929
f 924/965/924 929/971/929 923/964/923
f 10/10/10 929/971/929 924/965/924
f 10/10/10 924/965/924 926/972/926
f 10/10/10 926/972/926 11/11/11
f 929/971/929 10/10/10 930/973/930
f 930/973/930 928/970/928 929/971/929
f 930/973/930 931/974/931 928/970/928
f 931/974/931 915/956/915 928/970/928
f 932/975/932 931/974/931 921/962/921
f 932/975/932 921/962/921 922/963/922
f 932/975/932 922/963/922 915/956/915
f 932/975/932 915/956/915 931/974/931
f 933/976/933 931/974/931 930/973/930
f 921/962/921 931/974/931 933/976/933
f 920/961/920 921/962/921 933/976/933
f 10/10/10 13/13/13 930/973/930
f 930/973/930 13/13/13 17/17/17
f 933/976/933 930/973/930 17/17/17
f 16/16/16 920/961/920 933/976/933
f 17/17/17 16/16/16 933/976/933
f 10/10/10 9/9/9 13/13/13
f 920/961/920 934/977/934 919/960/919
f 16/16/16 934/977/934 920/961/920
f 13/13/13 12/12/12 17/17/17
f 927/969/927 919/960/919 935/978/935
f 919/960/919 934/977/934 935/978/935
f 936/979/936 927/969/927 935/978/935
f 927/969/927 936/979/936 926/968/926
f 936/979/936 935/978/935 937/980/937
f 936/979/936 937/980/937 926/968/926
f 937/980/937 11/981/11 926/968/926
f 935/978/935 934/977/934 938/982/938
f 935/978/935 938/982/938 937/980/937
f 934/977/934 15/15/15 938/982/938
f 15/15/15 934/977/934 16/16/16
f 26/26/26 14/14/14 17/17/17
f 12/12/12 26/26/26 17/17/17
f 26/26/26 12/12/12 18/18/18
f 937/980/937 25/25/25 11/981/11
f 25/25/25 20/20/20 11/981/11
f 25/25/25 937/980/937 22/22/22
f 937/980/937 938/982/938 22/22/22
f 938/982/938 15/15/15 22/22/22
f 21/21/21 20/20/20 25/25/25
f 21/21/21 939/983/939 19/19/19
f 15/15/15 14/14/14 23/23/23
f 15/15/15 23/23/23 22/22/22
f 25/25/25 24/24/24 21/21/21
f 28/28/28 939/983/939 21/21/21
f 28/28/28 24/24/24 29/29/29
f 939/983/939 28/28/28 940/984/940
f 941/985/941 939/983/939 940/984/940
f 942/986/942 941/985/941 940/984/940
f 28/28/28 943/987/943 940/984/940
f 943/987/943 28/28/28 29/29/29
f 944/988/944 942/986/942 940/984/940
f 945/989/945 942/986/942 944/988/944
f 943/987/943 946/990/946 940/984/940
f 944/988/944 940/984/940 946/990/946
f 947/991/947 30/30/30 31/31/31
f 947/991/947 943/987/943 30/30/30
f 946/990/946 943/987/943 948/992/948
f 943/987/943 947/991/947 948/992/948
f 947/991/947 31/31/31 33/33/33
f 20/223/20 19/36/19 11/11/11
f 36/37/36 35/35/35 19/36/19
f 36/37/36 19/36/19 939/226/939
f 939/226/939 941/993/941 36/37/36
f 948/992/948 947/991/947 949/994/949
f 33/33/33 36/37/36 949/994/949
f 947/991/947 33/33/33 949/994/949
f 941/993/941 950/995/950 36/37/36
f 36/37/36 950/995/950 949/994/949
f 951/996/951 950/995/950 941/993/941
f 942/997/942 951/996/951 941/993/941
f 951/996/951 952/998/952 950/995/950
f 950/995/950 952/998/952 949/994/949
f 949/994/949 953/999/953 948/992/948
f 953/999/953 949/994/949 952/998/952
f 951/996/951 942/997/942 954/1000/954
f 945/1001/945 954/1000/954 942/997/942
f 951/996/951 955/1002/955 952/998/952
f 951/996/951 954/1000/954 955/1002/955
f 945/1001/945 956/1003/956 957/1004/957
f 953/999/953 958/1005/958 948/992/948
f 946/990/946 948/992/948 958/1005/958
f 953/999/953 952/998/952 959/1006/959
f 956/1003/956 73/74/73 957/1004/957
f 960/1007/960 944/988/944 946/990/946
f 960/1007/960 946/990/946 958/1005/958
f 69/70/69 961/1008/961 72/73/72
f 958/1005/958 962/1009/962 960/1007/960
f 962/1009/962 958/1005/958 963/1010/963
f 964/1011/964 944/988/944 960/1007/960
f 964/1011/964 945/989/945 944/988/944
f 965/1012/965 964/1011/964 960/1007/960
f 960/1007/960 962/1009/962 965/1012/965
f 966/1013/966 964/1011/964 965/1012/965
f 945/989/945 964/1011/964 966/1013/966
f 956/1014/956 945/989/945 966/1013/966
f 962/1009/962 963/1010/963 46/47/46
f 956/1014/956 966/1013/966 41/42/41
f 41/42/41 966/1013/966 43/44/43
f 49/50/49 48/49/48 967/1015/967
f 51/52/51 47/48/47 49/50/49
f 51/52/51 54/55/54 50/51/50
f 51/52/51 52/53/52 54/55/54
f 968/239/968 49/50/49 967/1015/967
f 968/239/968 63/64/63 49/50/49
f 968/239/968 69/70/69 63/64/63
f 968/239/968 967/1015/967 69/70/69
f 69/70/69 68/69/68 63/64/63
f 70/71/70 65/66/65 69/70/69
f 70/71/70 69/70/69 72/73/72
f 70/71/70 75/76/75 66/67/66
f 75/76/75 70/71/70 71/72/71
f 969/1016/969 970/1017/970 971/1018/971
f 972/1019/972 973/1020/973 974/1021/974
f 969/1016/969 973/1020/973 972/1019/972
f 975/1022/975 969/1016/969 972/1019/972
f 972/1019/972 976/1023/976 975/1022/975
f 976/1023/976 977/1024/977 975/1022/975
f 972/1019/972 978/1025/978 976/1023/976
f 977/1024/977 976/1023/976 82/84/82
f 80/82/80 977/1024/977 82/84/82
f 82/84/82 78/80/78 80/82/80
f 82/84/82 976/1023/976 979/1026/979
f 83/85/83 82/84/82 979/1026/979
f 979/1026/979 980/1027/980 83/85/83
f 979/1026/979 978/1025/978 980/1027/980
f 980/1027/980 981/1028/981 83/85/83
f 83/85/83 981/1028/981 982/1029/982
f 980/1027/980 983/1030/983 981/1028/981
f 980/1027/980 984/1031/984 983/1030/983
f 981/1028/981 985/1032/985 982/1029/982
f 86/88/86 85/87/85 981/1028/981
f 86/88/86 983/1030/983 88/90/88
f 88/90/88 84/86/84 86/88/86
f 88/90/88 986/1033/986 91/93/91
f 91/93/91 87/89/87 88/90/88
f 93/95/93 87/89/87 91/93/91
f 93/95/93 95/97/95 987/1034/987
f 95/97/95 988/1035/988 987/1034/987
f 989/1036/989 990/1037/990 988/1035/988
f 95/97/95 989/1036/989 988/1035/988
f 97/99/97 989/1036/989 95/97/95
f 100/102/100 990/1037/990 989/1036/989
f 105/107/105 101/103/101 104/106/104
f 991/1038/991 105/107/105 104/106/104
f 97/99/97 992/1039/992 989/1036/989
f 105/107/105 992/1039/992 97/99/97
f 992/1039/992 105/107/105 991/1038/991
f 993/1040/993 992/1039/992 991/1038/991
f 994/1041/994 992/1039/992 993/1040/993
f 994/1041/994 100/102/100 989/1036/989
f 992/1039/992 994/1041/994 989/1036/989
f 995/1042/995 994/1041/994 993/1040/993
f 100/102/100 994/1041/994 995/1042/995
f 107/109/107 100/102/100 995/1042/995
f 54/1043/54 75/1044/75 74/1045/74
f 75/1044/75 54/1043/54 66/129/66
f 54/1043/54 53/127/53 66/129/66
f 996/1046/996 997/1047/997 998/1048/998
f 997/1047/997 996/1046/996 999/1049/999
f 118/134/118 997/1047/997 999/1049/999
f 999/1049/999 996/1046/996 1000/1050/1000
f 1000/1050/1000 996/1046/996 1001/1051/1001
f 1002/1052/1002 1000/1050/1000 1001/1051/1001
f 999/1049/999 116/132/116 118/134/118
f 1000/1050/1000 123/139/123 999/1049/999
f 1000/1050/1000 1002/1052/1002 1003/1053/1003
f 124/140/124 149/165/149 134/150/134
f 150/166/150 143/159/143 147/163/147
f 151/167/151 150/166/150 147/163/147
f 124/140/124 1003/1053/1003 1004/1054/1004
f 149/165/149 1004/1054/1004 151/167/151
f 149/165/149 124/140/124 1004/1054/1004
f 1004/1054/1004 1003/1053/1003 1005/1055/1005
f 1004/1054/1004 1005/1055/1005 1006/1056/1006
f 151/167/151 1004/1054/1004 1006/1056/1006
f 1006/1056/1006 1007/1057/1007 151/167/151
f 1007/1057/1007 150/166/150 151/167/151
f 1006/1056/1006 1005/1055/1005 1008/1058/1008
f 1009/1059/1009 1010/1060/1010 1011/1061/1011
f 1012/1062/1012 1013/1063/1013 1008/1058/1008
f 1013/1063/1013 1014/1064/1014 1015/1065/1015
f 1009/1059/1009 1016/1066/1016 1017/1067/1017
f 1018/1068/1018 1019/1069/1019 1020/1070/1020
f 1019/1069/1019 1021/1071/1021 1020/1070/1020
f 1019/1069/1019 159/175/159 1021/1071/1021
f 1019/1069/1019 1018/1068/1018 159/175/159
f 1018/1068/1018 1022/1072/1022 159/175/159
f 1022/1072/1022 157/173/157 159/175/159
f 1009/1059/1009 1023/1073/1023 1024/1074/1024
f 1025/1075/1025 1021/1071/1021 1015/1065/1015
f 1015/1065/1015 1024/1074/1024 1025/1075/1025
f 1025/1075/1025 1024/1074/1024 1023/1073/1023
f 159/175/159 158/174/158 1021/1071/1021
f 1015/1065/1015 160/176/160 1013/1063/1013
f 160/176/160 161/177/161 1013/1063/1013
f 1013/1063/1013 161/177/161 163/179/163
f 1013/1063/1013 163/179/163 1008/1058/1008
f 164/180/164 165/181/165 162/178/162
f 164/180/164 167/183/167 165/181/165
f 176/192/176 170/186/170 173/189/173
f 177/193/177 176/192/176 173/189/173
f 165/181/165 180/196/180 166/182/166
f 165/181/165 172/188/172 180/196/180
f 179/195/179 172/188/172 176/192/176
f 176/192/176 177/193/177 1026/1076/1026
f 1026/1076/1026 179/195/179 176/192/176
f 182/198/182 177/193/177 178/194/178
f 177/193/177 1027/1077/1027 1026/1076/1026
f 177/193/177 182/198/182 1027/1077/1027
f 1028/1078/1028 182/198/182 181/197/181
f 182/198/182 1028/1078/1028 1027/1077/1027
f 1029/1079/1029 1028/1078/1028 181/197/181
f 1030/1080/1030 1031/1081/1031 1029/1079/1029
f 1030/1080/1030 1032/1082/1032 1033/1083/1033
f 1034/1084/1034 1035/1085/1035 156/172/156
f 1036/1086/1036 1034/1084/1034 156/172/156
f 1036/1086/1036 156/172/156 155/171/155
f 1036/1086/1036 155/171/155 184/200/184
f 1034/1084/1034 1036/1086/1036 184/200/184
f 186/202/186 1034/1084/1034 184/200/184
f 1034/1084/1034 186/202/186 1033/1083/1033
f 186/202/186 1037/1087/1037 1033/1083/1033
f 1028/1078/1028 1031/1081/1031 1038/1088/1038
f 186/202/186 190/206/190 1037/1087/1037
f 150/166/150 1007/1057/1007 190/206/190
f 190/206/190 1007/1057/1007 1039/1089/1039
f 190/206/190 1039/1089/1039 1037/1087/1037
f 1040/1090/1040 1007/1057/1007 1006/1056/1006
f 1007/1057/1007 1040/1090/1040 1039/1089/1039
f 1039/1089/1039 1041/1091/1041 1042/1092/1042
f 1039/1089/1039 1040/1090/1040 1041/1091/1041
f 1043/1093/1043 1040/1090/1040 1006/1056/1006
f 1006/1056/1006 1008/1058/1008 1043/1093/1043
f 1040/1090/1040 1044/1094/1044 1041/1091/1041
f 1044/1094/1044 1040/1090/1040 1043/1093/1043
f 1045/1095/1045 1044/1094/1044 1043/1093/1043
f 1043/1093/1043 1046/1096/1046 1045/1095/1045
f 180/196/180 1047/1097/1047 1048/1098/1048
f 1049/1099/1049 1047/1097/1047 179/195/179
f 179/195/179 1026/1076/1026 1049/1099/1049
f 1049/1099/1049 1050/1100/1050 590/1101/1051
f 1026/1076/1026 1050/1100/1050 1049/1099/1049
f 1051/1102/1052 1050/1100/1050 1026/1076/1026
f 1050/1100/1050 1051/1102/1052 591/1103/1053
f 1050/1100/1050 591/1103/1053 590/1101/1051
f 1052/1104/1054 1053/1105/1055 1054/1106/1056
f 1045/1095/1045 1055/1107/1057 1052/1104/1054
f 1052/1104/1054 1054/1106/1056 1056/1108/1058
f 1044/1094/1044 1045/1095/1045 1056/1108/1058
f 1045/1095/1045 1052/1104/1054 1056/1108/1058
f 1044/1094/1044 1056/1108/1058 1057/1109/1059
f 1057/1109/1059 1058/1110/1060 1059/1111/1061
f 1051/1102/1052 1060/1112/1062 591/1103/1053
f 1051/1102/1052 1061/1113/1063 1062/1114/1064
f 1063/929/1065 1064/1115/1066 1065/1116/1067
f 1066/928/1068 1063/929/1065 1065/1116/1067
f 1067/930/1069 1068/1117/1070 1063/929/1065
f 1066/928/1068 1069/1118/1071 193/208/193
f 1069/1118/1071 1070/1119/1072 193/208/193
f 1071/931/1073 1067/930/1069 1063/929/1065
f 1066/928/1068 1071/931/1073 1063/929/1065
f 1072/1120/1074 1073/933/1075 1067/930/1069
f 192/207/192 1071/931/1073 1066/928/1068
f 1067/930/1069 1071/931/1073 1074/1121/1076
f 1072/1120/1074 1067/930/1069 1074/1121/1076
f 1074/1121/1076 1071/931/1073 192/207/192
f 201/215/201 1075/1122/1077 1076/1123/1078
f 1077/1124/1079 201/215/201 1076/1123/1078
f 201/215/201 1077/1124/1079 1078/939/1080
f 192/207/192 191/1/191 195/210/195
f 1074/1121/1076 1079/940/1081 1072/1120/1074
f 1079/940/1081 1074/1121/1076 1080/941/1082
f 1074/1121/1076 195/210/195 1080/941/1082
f 1072/1120/1074 1081/1125/1083 1082/1126/1084
f 1079/940/1081 1081/1125/1083 1072/1120/1074
f 1079/940/1081 1080/941/1082 1083/944/1085
f 1079/940/1081 1083/944/1085 1084/1127/1086
f 1083/944/1085 1085/946/1087 1086/945/1088
f 1080/941/1082 1087/947/1089 1083/944/1085
f 1080/941/1082 1088/1128/1090 1087/947/1089
f 1080/941/1082 195/210/195 1088/1128/1090
f 198/7/198 194/209/194 191/1/191
f 198/7/198 1089/954/1091 1088/1128/1090
f 1077/1129/1079 1090/1130/1092 1091/1131/1093
f 1078/1132/1080 1077/1129/1079 1091/1131/1093
f 201/215/201 199/213/199 197/212/197
f 200/214/200 1092/1133/1094 196/211/196
f 198/7/198 196/211/196 1092/1133/1094
f 1093/1134/1095 198/7/198 1092/1133/1094
f 1094/963/1096 1089/954/1091 1093/1134/1095
f 1095/1135/1097 1096/1136/1098 1094/963/1096
f 1091/1131/1093 1095/1135/1097 1097/958/1099
f 1078/1132/1080 1091/1131/1093 1097/958/1099
f 1098/959/1100 201/215/201 1078/939/1080
f 201/215/201 1098/959/1100 200/214/200
f 200/214/200 1099/960/1101 1092/1133/1094
f 1099/960/1101 200/214/200 1098/959/1100
f 1093/1134/1095 1092/1133/1094 1100/961/1102
f 1099/960/1101 1100/961/1102 1092/1133/1094
f 1101/1137/1103 1093/1134/1095 1100/961/1102
f 1093/1134/1095 1101/1137/1103 1094/963/1096
f 1102/964/1104 1078/1132/1080 1097/958/1099
f 1103/1138/1105 1078/1132/1080 1102/964/1104
f 1078/939/1080 1104/966/1106 1098/959/1100
f 1103/1139/1105 1104/966/1106 1078/939/1080
f 1104/966/1106 1103/1139/1105 1105/1140/1107
f 1105/1140/1107 1106/1141/1108 1104/966/1106
f 1106/1141/1108 1099/960/1101 1098/959/1100
f 1104/966/1106 1106/1141/1108 1098/959/1100
f 1095/1135/1097 1107/1142/1109 1097/958/1099
f 1102/964/1104 1097/958/1099 1107/1142/1109
f 1102/964/1104 1107/1142/1109 1108/1143/1110
f 1108/1143/1110 1103/1138/1105 1102/964/1104
f 1108/1143/1110 1109/10/1111 1103/1138/1105
f 1103/1138/1105 1109/10/1111 1105/1144/1107
f 1105/1144/1107 1109/10/1111 213/220/213
f 1108/1143/1110 1110/1145/1112 1109/10/1111
f 1107/1142/1109 1110/1145/1112 1108/1143/1110
f 1095/1135/1097 1111/974/1113 1107/1142/1109
f 1111/974/1113 1110/1145/1112 1107/1142/1109
f 1111/974/1113 1112/1146/1114 1101/1137/1103
f 1095/1135/1097 1112/1146/1114 1111/974/1113
f 1101/1137/1103 1112/1146/1114 1094/963/1096
f 1094/963/1096 1112/1146/1114 1095/1135/1097
f 1111/974/1113 1101/1137/1103 1113/1147/1115
f 1111/974/1113 1113/1147/1115 1110/1145/1112
f 1101/1137/1103 1100/961/1102 1113/1147/1115
f 1110/1145/1112 1114/1148/1116 1109/10/1111
f 1110/1145/1112 1113/1147/1115 204/17/204
f 1114/1148/1116 1110/1145/1112 204/17/204
f 1100/961/1102 1115/1149/1117 1113/1147/1115
f 1115/1149/1117 204/17/204 1113/1147/1115
f 1109/10/1111 211/9/211 213/220/213
f 1109/10/1111 1114/1148/1116 211/9/211
f 1116/1150/1118 1100/961/1102 1099/960/1101
f 1116/1150/1118 1115/1149/1117 1100/961/1102
f 1114/1148/1116 204/17/204 1117/1151/1119
f 1114/1148/1116 1117/1151/1119 211/9/211
f 1116/1150/1118 1099/960/1101 1118/978/1120
f 1099/960/1101 1106/1141/1108 1118/978/1120
f 1106/1141/1108 1119/979/1121 1118/978/1120
f 1119/979/1121 1106/1141/1108 1105/1140/1107
f 1119/979/1121 1105/1140/1107 1120/980/1122
f 1118/978/1120 1119/979/1121 1120/980/1122
f 1105/1140/1107 213/1152/213 1120/980/1122
f 1121/982/1123 1118/978/1120 1120/980/1122
f 1116/1150/1118 1118/978/1120 1121/982/1123
f 205/217/205 1116/1150/1118 1121/982/1123
f 1116/1150/1118 205/217/205 1115/1149/1117
f 205/217/205 202/216/202 1115/1149/1117
f 1115/1149/1117 202/216/202 204/17/204
f 204/17/204 203/26/203 1117/1151/1119
f 209/25/209 1120/980/1122 213/1152/213
f 221/20/221 209/25/209 213/1152/213
f 1121/982/1123 1120/980/1122 207/218/207
f 1121/982/1123 207/218/207 205/217/205
f 1120/980/1122 209/25/209 207/218/207
f 1117/1151/1119 214/221/214 211/9/211
f 1117/1151/1119 203/26/203 214/221/214
f 221/20/221 210/219/210 209/25/209
f 221/20/221 220/1153/220 210/219/210
f 226/983/226 210/219/210 220/1153/220
f 203/26/203 202/216/202 217/27/217
f 203/26/203 217/27/217 214/221/214
f 210/219/210 226/983/226 215/222/215
f 215/222/215 226/983/226 1122/1154/1124
f 226/983/226 1123/1155/1125 1122/1154/1124
f 1123/1155/1125 1124/1156/1126 1122/1154/1124
f 215/222/215 1125/987/1127 218/29/218
f 1125/987/1127 216/30/216 218/29/218
f 215/222/215 1122/1154/1124 1125/987/1127
f 1124/1156/1126 1126/1157/1128 1122/1154/1124
f 1124/1156/1126 1127/1158/1129 1126/1157/1128
f 1125/987/1127 1128/1159/1130 216/30/216
f 1128/1159/1130 224/225/224 222/224/222
f 224/225/224 219/32/219 222/224/222
f 224/225/224 225/37/225 223/35/223
f 1123/1160/1125 226/226/226 225/37/225
f 1122/1154/1124 1126/1157/1128 1129/1161/1131
f 1122/1154/1124 1129/1161/1131 1125/987/1127
f 224/225/224 1128/1159/1130 1130/1162/1132
f 225/37/225 224/225/224 1130/1162/1132
f 1128/1159/1130 1125/987/1127 1131/992/1133
f 1125/987/1127 1129/1161/1131 1131/992/1133
f 1128/1159/1130 1131/992/1133 1130/1162/1132
f 1132/995/1134 225/37/225 1130/1162/1132
f 1132/995/1134 1123/1160/1125 225/37/225
f 1132/995/1134 1133/996/1135 1123/1160/1125
f 1133/996/1135 1124/997/1126 1123/1160/1125
f 1134/998/1136 1132/995/1134 1130/1162/1132
f 1134/998/1136 1133/996/1135 1132/995/1134
f 1130/1162/1132 1135/999/1137 1134/998/1136
f 1135/999/1137 1130/1162/1132 1131/992/1133
f 1136/1163/1138 1131/992/1133 1129/1161/1131
f 1136/1163/1138 1135/999/1137 1131/992/1133
f 1137/1007/1139 1136/1163/1138 1129/1161/1131
f 1126/1157/1128 1137/1007/1139 1129/1161/1131
f 1124/997/1126 1133/996/1135 1138/1000/1140
f 1139/1003/1141 1127/1001/1129 1140/1164/1142
f 1134/998/1136 1135/999/1137 1141/1165/1143
f 1139/1003/1141 232/74/232 228/227/228
f 1135/999/1137 1142/1166/1144 1141/1165/1143
f 1136/1163/1138 1143/1167/1145 1135/999/1137
f 237/231/237 1144/1008/1146 1145/1015/1147
f 303/1168/303 233/75/233 231/228/231
f 235/71/235 234/229/234 237/231/237
f 235/71/235 303/1168/303 231/228/231
f 303/1168/303 235/71/235 238/67/238
f 235/71/235 236/230/236 238/67/238
f 248/52/248 246/235/246 250/50/250
f 247/55/247 248/52/248 261/243/261
f 256/239/256 237/231/237 1145/1015/1147
f 237/231/237 256/239/256 254/64/254
f 250/50/250 256/239/256 1145/1015/1147
f 248/52/248 257/240/257 261/243/261
f 266/246/266 262/244/262 265/44/265
f 1146/1009/1148 1136/1163/1138 1137/1007/1139
f 1136/1163/1138 1146/1009/1148 1143/1167/1145
f 1146/1009/1148 1137/1007/1139 1147/1169/1149
f 1147/1169/1149 264/245/264 1146/1009/1148
f 266/246/266 228/39/228 267/40/267
f 1139/1170/1141 228/39/228 266/246/266
f 1148/1013/1150 1139/1170/1141 266/246/266
f 1148/1013/1150 265/44/265 1147/1169/1149
f 1127/1158/1129 1139/1170/1141 1148/1013/1150
f 1148/1013/1150 266/246/266 265/44/265
f 1149/1011/1151 1147/1169/1149 1137/1007/1139
f 1149/1011/1151 1127/1158/1129 1148/1013/1150
f 1126/1157/1128 1149/1011/1151 1137/1007/1139
f 1127/1158/1129 1149/1011/1151 1126/1157/1128
f 1149/1011/1151 1148/1013/1150 1147/1169/1149
f 969/1171/969 1150/1172/1152 1151/1173/1153
f 969/1171/969 975/1174/975 1152/1175/1154
f 1153/1176/1155 1152/1175/1154 975/1174/975
f 977/1177/977 1153/1176/1155 975/1174/975
f 1152/1175/1154 1154/1025/1156 1155/1021/1157
f 1153/1176/1155 977/1177/977 269/248/269
f 977/1177/977 80/249/80 269/248/269
f 1156/1178/1158 1154/1025/1156 1153/1176/1155
f 1153/1176/1155 269/248/269 1156/1178/1158
f 1157/1179/1159 269/248/269 270/83/270
f 269/248/269 1157/1179/1159 1156/1178/1158
f 1156/1178/1158 1157/1179/1159 1158/1180/1160
f 1159/1028/1161 1157/1179/1159 272/252/272
f 1157/1179/1159 1159/1028/1161 1158/1180/1160
f 1158/1180/1160 1159/1028/1161 1160/1181/1162
f 1158/1180/1160 1160/1181/1162 1161/1182/1163
f 1159/1028/1161 1162/1183/1164 1160/1181/1162
f 278/90/278 1163/1033/1165 1160/1181/1162
f 1162/1183/1164 278/90/278 1160/1181/1162
f 1162/1183/1164 274/254/274 273/253/273
f 278/90/278 1162/1183/1164 273/253/273
f 279/258/279 1164/94/1166 1163/1033/1165
f 278/90/278 279/258/279 1163/1033/1165
f 279/258/279 277/257/277 281/95/281
f 281/95/281 277/257/277 276/256/276
f 283/261/283 281/95/281 1165/1034/1167
f 283/261/283 282/260/282 281/95/281
f 283/261/283 1166/1184/1168 1167/1185/1169
f 283/261/283 1167/1185/1169 284/262/284
f 286/264/286 1168/1186/1170 287/265/287
f 1167/1185/1169 1168/1186/1170 286/264/286
f 294/107/294 290/268/290 289/267/289
f 991/1187/991 104/269/104 294/107/294
f 294/107/294 1169/1188/1171 991/1187/991
f 1169/1188/1171 284/262/284 1167/1185/1169
f 284/262/284 1169/1188/1171 294/107/294
f 1169/1188/1171 993/1040/993 991/1187/991
f 993/1040/993 1169/1188/1171 1170/1189/1172
f 1170/1189/1172 1167/1185/1169 286/264/286
f 1170/1189/1172 1169/1188/1171 1167/1185/1169
f 1170/1189/1172 286/264/286 995/1042/995
f 995/1042/995 993/1040/993 1170/1189/1172
f 286/264/286 107/273/107 995/1042/995
f 107/273/107 286/264/286 285/263/285
f 303/293/303 238/295/238 247/294/247
f 305/300/305 1171/1190/1173 997/1047/997
f 118/301/118 305/300/305 997/1047/997
f 1171/1190/1173 1172/1050/1174 1173/1191/1175
f 1171/1190/1173 305/300/305 1172/1050/1174
f 1172/1050/1174 1174/1052/1176 1173/1191/1175
f 1174/1052/1176 1175/1192/1177 1176/1193/1178
f 1172/1050/1174 306/303/306 1177/1194/1179
f 1174/1052/1176 1172/1050/1174 1177/1194/1179
f 1174/1052/1176 1177/1194/1179 1178/1195/1180
f 314/313/314 306/303/306 308/307/308
f 314/313/314 1177/1194/1179 306/303/306
f 328/329/328 317/316/317 326/327/326
f 314/313/314 328/329/328 1179/1196/1181
f 329/330/329 330/331/330 326/327/326
f 330/331/330 1179/1196/1181 328/329/328
f 1179/1196/1181 330/331/330 1180/1197/1182
f 1180/1197/1182 330/331/330 1181/1198/1183
f 330/331/330 329/330/329 1181/1198/1183
f 1180/1197/1182 1182/1199/1184 1183/1200/1185
f 1184/1201/1186 1185/1202/1187 1186/1061/1188
f 1187/1062/1189 1182/1199/1184 338/342/338
f 1187/1062/1189 338/342/338 1188/1203/1190
f 1184/1201/1186 1189/1066/1191 1190/1204/1192
f 1191/1205/1193 1192/1206/1194 1193/1207/1195
f 1184/1201/1186 1194/1208/1196 1195/1209/1197
f 1196/1210/1198 1191/1205/1193 1193/1207/1195
f 335/339/335 1196/1210/1198 1197/1211/1199
f 1191/1205/1193 1196/1210/1198 335/339/335
f 334/338/334 1191/1205/1193 335/339/335
f 1184/1201/1186 1198/1212/1200 1199/1213/1201
f 1200/1214/1202 1197/1211/1199 1199/1213/1201
f 337/341/337 333/337/333 1201/1215/1203
f 337/341/337 1201/1215/1203 1197/1211/1199
f 337/341/337 1202/1216/1204 338/342/338
f 337/341/337 1197/1211/1199 1202/1216/1204
f 342/346/342 336/340/336 340/344/340
f 343/347/343 342/346/342 340/344/340
f 343/347/343 340/344/340 1203/1217/1205
f 342/346/342 341/345/341 345/348/345
f 350/354/350 346/349/346 348/351/348
f 350/354/350 351/355/351 349/189/349
f 351/355/351 178/356/178 175/353/175
f 352/196/352 343/347/343 1203/1217/1205
f 353/195/353 348/351/348 352/196/352
f 353/195/353 1204/1218/1206 350/354/350
f 350/354/350 1204/1218/1206 351/355/351
f 354/357/354 351/355/351 1205/1219/1207
f 1204/1218/1206 1205/1219/1207 351/355/351
f 355/359/355 354/357/354 1205/1219/1207
f 1029/1220/1029 181/358/181 355/359/355
f 355/359/355 1206/1221/1208 1029/1220/1029
f 1030/1222/1030 1206/1221/1208 1207/1223/1209
f 1035/1224/1035 1032/1225/1032 1208/1226/1210
f 1035/1224/1035 1208/1226/1210 156/336/156
f 1208/1226/1210 356/360/356 156/336/156
f 356/360/356 1208/1226/1210 357/361/357
f 1208/1226/1210 360/364/360 357/361/357
f 360/364/360 1208/1226/1210 1207/1223/1209
f 1209/1227/1211 359/363/359 360/364/360
f 1209/1227/1211 360/364/360 1210/1228/1212
f 329/330/329 359/363/359 1209/1227/1211
f 1181/1198/1183 329/330/329 1209/1227/1211
f 1181/1198/1183 1209/1227/1211 1211/1229/1213
f 1211/1229/1213 1209/1227/1211 1210/1228/1212
f 1212/1230/1214 1181/1198/1183 1211/1229/1213
f 1181/1198/1183 1212/1230/1214 1180/1197/1182
f 1211/1229/1213 1213/1231/1215 1212/1230/1214
f 1212/1230/1214 1214/1232/1216 1180/1197/1182
f 1212/1230/1214 1215/1233/1217 1214/1232/1216
f 1214/1232/1216 1216/1234/1218 1217/1235/1219
f 1215/1233/1217 1216/1234/1218 1214/1232/1216
f 1216/1234/1218 1218/1236/1220 1217/1235/1219
f 352/196/352 1219/1237/1221 353/195/353
f 1204/1218/1206 353/195/353 1220/1238/1222
f 1221/1239/1223 1220/1238/1222 579/1240/1224
f 1221/1239/1223 1204/1218/1206 1220/1238/1222
f 1221/1239/1223 1222/1241/1225 1204/1218/1206
f 1222/1241/1225 1205/1219/1207 1204/1218/1206
f 1222/1241/1225 1221/1239/1223 581/1242/1226
f 1216/1234/1218 1215/1233/1217 1223/1243/1227
f 1224/1244/1228 1216/1234/1218 1223/1243/1227
f 1223/1243/1227 1215/1233/1217 1225/1245/1229
f 1215/1233/1217 1213/1231/1215 1225/1245/1229
f 1223/1243/1227 1225/1245/1229 1226/1246/1230
f 1225/1245/1229 1213/1231/1215 1227/1111/1231
f 1222/1241/1225 1228/1112/1232 1229/1247/1233
f 355/359/355 1230/1248/1234 1231/1249/1235
f 355/359/355 1205/1219/1207 1230/1248/1234
f 370/374/370 369/373/369 461/1250/461
f 394/398/394 1232/1251/1236 1233/1252/1237
f 394/398/394 1234/1253/1238 1235/1254/1239
f 1236/1255/1240 394/398/394 1233/1252/1237
f 1236/1255/1240 1233/1252/1237 1237/1256/1241
f 497/1257/497 373/377/373 1237/1256/1241
f 497/1257/497 371/375/371 373/377/373
f 376/380/376 1236/1255/1240 1237/1256/1241
f 373/377/373 376/380/376 1237/1256/1241
f 388/392/388 394/398/394 1236/1255/1240
f 376/380/376 388/392/388 1236/1255/1240
f 388/392/388 392/396/392 394/398/394
f 394/398/394 393/397/393 1234/1253/1238
f 408/412/408 406/410/406 411/415/411
f 1238/1258/1242 418/1259/418 1239/1260/1243
f 1240/1261/1244 1241/1262/1245 418/1259/418
f 1240/1263/1244 418/425/418 409/424/409
f 421/430/421 418/425/418 1238/1264/1242
f 421/430/421 423/432/423 422/431/422
f 1242/1265/1246 423/432/423 421/430/421
f 1238/1264/1242 1242/1265/1246 421/430/421
f 424/433/424 427/438/427 425/434/425
f 430/442/430 424/433/424 423/432/423
f 430/442/430 428/440/428 424/433/424
f 430/442/430 431/444/431 429/441/429
f 1243/1266/1247 430/442/430 423/432/423
f 430/442/430 1243/1266/1247 431/444/431
f 1243/1266/1247 433/446/433 431/444/431
f 1244/1267/1248 441/456/441 433/446/433
f 1243/1266/1247 1244/1267/1248 433/446/433
f 1244/1267/1248 1245/1268/1249 441/456/441
f 1245/1268/1249 444/459/444 441/456/441
f 423/432/423 1246/1269/1250 1243/1266/1247
f 1246/1269/1250 1244/1267/1248 1243/1266/1247
f 1245/1268/1249 1247/1270/1251 444/459/444
f 1247/1270/1251 445/460/445 444/459/444
f 1245/1268/1249 1244/1267/1248 1248/1271/1252
f 1244/1267/1248 1246/1269/1250 1248/1271/1252
f 1242/1265/1246 1249/1272/1253 423/432/423
f 1249/1272/1253 1246/1269/1250 423/432/423
f 448/464/448 445/460/445 1247/1270/1251
f 445/460/445 448/464/448 446/461/446
f 1245/1268/1249 1248/1271/1252 1250/1273/1254
f 1247/1270/1251 1245/1268/1249 1250/1273/1254
f 1246/1269/1250 1249/1272/1253 1251/1274/1255
f 1248/1271/1252 1246/1269/1250 1251/1274/1255
f 450/467/450 448/464/448 1247/1270/1251
f 450/467/450 1247/1270/1251 1250/1273/1254
f 448/464/448 449/466/449 447/463/447
f 1252/1275/1256 1250/1273/1254 1253/1276/1257
f 1252/1275/1256 450/467/450 1250/1273/1254
f 453/471/453 449/466/449 450/467/450
f 450/467/450 1252/1275/1256 453/471/453
f 1252/1275/1256 1254/1277/1258 453/471/453
f 453/471/453 1254/1277/1258 457/479/457
f 459/481/459 456/478/456 457/479/457
f 459/481/459 457/479/457 463/486/463
f 1254/1277/1258 463/486/463 457/479/457
f 1252/1275/1256 1255/1278/1259 1254/1277/1258
f 459/481/459 462/485/462 460/482/460
f 1254/1277/1258 1256/1279/1260 463/486/463
f 463/486/463 1257/1280/1261 462/485/462
f 466/489/466 1257/1280/1261 1258/1281/1262
f 1249/1272/1253 1259/1282/1263 1260/1283/1264
f 1261/1284/1265 1262/1285/1266 1263/1286/1267
f 1261/1284/1265 1264/1287/1268 1265/1288/1269
f 1261/1284/1265 1265/1288/1269 1266/1289/1270
f 478/507/478 1267/1290/1271 474/500/474
f 478/507/478 482/513/482 1268/1291/1272
f 478/507/478 477/506/477 482/513/482
f 485/518/485 482/513/482 481/512/481
f 485/518/485 1269/1292/1273 482/513/482
f 1270/1293/1274 1271/1294/1275 1269/1292/1273
f 485/518/485 1270/1293/1274 1269/1292/1273
f 485/518/485 484/517/484 488/522/488
f 1270/1293/1274 485/518/485 488/522/488
f 1270/1293/1274 488/522/488 492/528/492
f 492/528/492 1272/1295/1276 1270/1293/1274
f 496/535/496 1273/1296/1277 492/528/492
f 496/535/496 492/528/492 491/527/491
f 496/535/496 495/534/495 497/536/497
f 496/535/496 497/536/497 1274/1297/1278
f 1275/1298/1279 1276/1299/1280 1277/1300/1281
f 1278/1301/1282 1279/1302/1283 1280/1303/1284
f 574/1304/574 1278/1305/1282 578/620/578
f 1278/1305/1282 1280/1306/1284 578/620/578
f 574/1304/574 578/620/578 572/623/572
f 578/620/578 1281/1307/1285 579/621/579
f 578/620/578 577/619/577 572/623/572
f 1282/1308/1286 1283/1309/1287 1284/1310/1288
f 1284/1310/1288 1283/1309/1287 584/628/584
f 1282/1311/1286 1284/1312/1288 588/632/588
f 1282/1311/1286 588/632/588 1285/1313/1289
f 588/632/588 1284/1312/1288 583/633/583
f 588/632/588 1286/1314/1290 1285/1313/1289
f 588/632/588 587/631/587 590/635/590
f 1287/1315/1291 1288/1316/1292 1289/1317/1293
f 1290/1318/1294 1288/1316/1292 1287/1315/1291
f 1291/1319/1295 1290/1318/1294 1287/1315/1291
f 1290/1318/1294 1291/1319/1295 1292/1320/1296
f 1293/1321/1297 1291/1319/1295 1287/1315/1291
f 625/671/625 1294/1322/1298 608/654/608
f 625/671/625 608/654/608 1295/1323/1299
f 616/662/616 611/657/611 613/659/613
f 613/659/613 614/660/614 616/662/616
f 616/662/616 619/665/619 611/657/611
f 616/662/616 615/661/615 619/665/619
f 619/665/619 618/664/618 620/666/620
f 619/665/619 621/667/621 611/657/611
f 619/665/619 620/666/620 621/667/621
f 620/666/620 622/668/622 621/667/621
f 625/671/625 626/672/626 1296/1324/1300
f 632/678/632 631/677/631 628/674/628
f 633/679/633 632/678/632 1297/1325/1301
f 636/682/636 633/679/633 1297/1325/1301
f 1297/1325/1301 634/680/634 636/682/636
f 639/685/639 636/682/636 635/681/635
f 636/682/636 639/685/639 633/679/633
f 639/685/639 638/684/638 640/686/640
f 639/685/639 1298/1326/1302 633/679/633
f 639/685/639 640/686/640 1298/1326/1302
f 633/679/633 1298/1326/1302 631/677/631
f 640/686/640 642/688/642 1298/1326/1302
f 1298/1326/1302 641/687/641 631/677/631
f 1298/1326/1302 642/688/642 641/687/641
f 642/688/642 1299/795/1303 629/675/629
f 1299/795/1303 1300/1327/1304 629/675/629
f 647/693/647 650/696/650 1301/1328/1305
f 650/696/650 649/695/649 1302/1329/1306
f 662/708/662 658/704/658 659/705/659
f 662/708/662 659/705/659 663/709/663
f 664/710/664 660/706/660 666/712/666
f 662/708/662 666/712/666 658/704/658
f 664/710/664 666/712/666 662/708/662
f 666/712/666 665/711/665 658/704/658
f 665/711/665 660/706/660 658/704/658
f 1290/1330/1294 1303/1331/1307 1304/1332/1308
f 1305/1333/1309 1303/1331/1307 1306/1334/1310
f 1306/1334/1310 1303/1331/1307 1290/1330/1294
f 1292/1335/1296 1306/1334/1310 1290/1330/1294
f 1306/1334/1310 1292/1335/1296 1307/1336/1311
f 1292/1335/1296 1308/1337/1312 1307/1336/1311
f 1308/1337/1312 1309/1338/1313 1307/1336/1311
f 1309/1338/1313 1308/1337/1312 1310/1339/1314
f 1309/1338/1313 1310/1339/1314 1311/1340/1315
f 1306/1334/1310 1307/1336/1311 1312/1341/1316
f 1312/1341/1316 1305/1333/1309 1306/1334/1310
f 1312/1341/1316 1307/1336/1311 1309/1338/1313
f 1312/1341/1316 1313/1342/1317 1305/1333/1309
f 1313/1342/1317 1314/1343/1318 1305/1333/1309
f 1313/1342/1317 1315/1344/1319 1314/1343/1318
f 1316/1345/1320 1314/1343/1318 1315/1344/1319
f 1317/1346/1321 1316/1345/1320 1318/1347/1322
f 1316/1345/1320 1315/1344/1319 1318/1347/1322
f 1318/1347/1322 1315/1344/1319 1319/1348/1323
f 1315/1344/1319 1313/1342/1317 1319/1348/1323
f 1320/1349/1324 1313/1342/1317 1312/1341/1316
f 1309/1338/1313 1321/821/1325 1312/1341/1316
f 1321/821/1325 1320/1349/1324 1312/1341/1316
f 1320/1349/1324 1321/821/1325 1322/818/1326
f 1313/1342/1317 1320/1349/1324 1322/818/1326
f 1319/1348/1323 1313/1342/1317 1322/818/1326
f 1321/821/1325 1323/1350/1327 1322/818/1326
f 1319/1348/1323 1322/818/1326 1323/1350/1327
f 1321/821/1325 1309/1338/1313 1324/1351/1328
f 1321/821/1325 1324/1351/1328 1323/1350/1327
f 1319/1348/1323 1323/1350/1327 1325/822/1329
f 1325/822/1329 1323/1350/1327 1324/1351/1328
f 1326/1352/1330 1319/1348/1323 1325/822/1329
f 1318/1347/1322 1319/1348/1323 1326/1352/1330
f 1327/1353/1331 1317/1346/1321 1318/1347/1322
f 1327/1353/1331 1318/1347/1322 1326/1352/1330
f 1328/1354/1332 1293/1321/1297 1317/1346/1321
f 1328/1354/1332 1317/1346/1321 1327/1353/1331
f 1328/1354/1332 1327/1353/1331 1326/1352/1330
f 1329/1355/1333 1309/1338/1313 1311/1340/1315
f 1309/1338/1313 1329/1355/1333 1324/1351/1328
f 1329/1355/1333 1311/1340/1315 1330/1356/1334
f 1324/1351/1328 1329/1355/1333 1330/1356/1334
f 1311/1340/1315 1331/1357/1335 1330/1356/1334
f 1325/822/1329 1324/1351/1328 1332/1358/1336
f 1333/1359/1337 1326/1352/1330 1325/822/1329
f 1333/1359/1337 1325/822/1329 1334/1360/1338
f 1326/1352/1330 1333/1359/1337 1335/1361/1339
f 1335/1361/1339 1328/1354/1332 1326/1352/1330
f 1336/1362/1340 1337/1363/1341 1338/1364/1342
f 1339/1365/1343 1338/1364/1342 1340/1366/1344
f 1336/1362/1340 1338/1364/1342 1339/1365/1343
f 1341/1367/1345 1333/1359/1337 1342/1368/1346
f 1333/1359/1337 1341/1367/1345 1335/1361/1339
f 1328/1354/1332 1335/1361/1339 1343/1369/1347
f 1343/1369/1347 1335/1361/1339 1341/1367/1345
f 1344/1370/1348 1293/1321/1297 1328/1354/1332
f 1344/1370/1348 1291/1319/1295 1293/1321/1297
f 1344/1370/1348 1328/1354/1332 1343/1369/1347
f 1344/1370/1348 1343/1369/1347 1345/1371/1349
f 1344/1370/1348 1346/1372/1350 1291/1319/1295
f 1344/1370/1348 1345/1371/1349 1346/1372/1350
f 1346/1372/1350 1345/1371/1349 1292/1320/1296
f 1291/1319/1295 1346/1372/1350 1292/1320/1296
f 1345/1371/1349 1308/1373/1312 1292/1320/1296
f 1310/1374/1314 1308/1373/1312 1345/1371/1349
f 1311/1375/1315 1310/1374/1314 1345/1371/1349
f 1347/1376/1351 1311/1375/1315 1345/1371/1349
f 1341/1367/1345 1347/1376/1351 1343/1369/1347
f 1343/1369/1347 1347/1376/1351 1345/1371/1349
f 1347/1376/1351 1341/1367/1345 1348/1377/1352
f 1341/1367/1345 1349/1378/1353 1348/1377/1352
f 1350/1379/1354 1351/1380/1355 1352/1381/1356
f 1350/1379/1354 1353/1382/1357 1354/1383/1358
f 1353/1382/1357 1355/1384/1359 1354/1383/1358
f 1353/1382/1357 1350/1379/1354 1356/1385/1360
f 1356/1385/1360 1352/1381/1356 1338/1364/1342
f 1350/1379/1354 1352/1381/1356 1356/1385/1360
f 1353/1382/1357 1357/1386/1361 1355/1384/1359
f 1356/1385/1360 1358/1387/1362 1353/1382/1357
f 664/716/664 668/717/668 667/714/667
f 670/720/670 668/717/668 661/718/661
f 670/720/670 1359/1388/1363 1360/1389/1364
f 1361/1390/1365 613/734/613 612/1391/612
f 1361/1390/1365 677/732/677 613/734/613
f 679/737/679 1361/1390/1365 676/730/676
f 1361/1390/1365 679/737/679 677/732/677
f 679/737/679 678/735/678 677/732/677
f 620/740/620 617/736/617 679/737/679
f 620/740/620 679/737/679 680/738/680
f 681/742/681 624/741/624 680/738/680
f 681/742/681 626/746/626 624/741/624
f 683/744/683 674/727/674 675/729/675
f 683/744/683 681/742/681 674/727/674
f 681/742/681 682/743/682 626/746/626
f 684/747/684 682/743/682 683/744/683
f 1362/1392/1366 684/747/684 683/744/683
f 1362/1392/1366 683/744/683 675/729/675
f 1362/1392/1366 675/729/675 1363/1393/1367
f 685/748/685 632/1394/632 628/745/628
f 685/748/685 688/752/688 632/1394/632
f 688/752/688 1297/1395/1301 632/1394/632
f 1297/1395/1301 688/752/688 634/751/634
f 1362/1392/1366 1364/1396/1368 684/747/684
f 688/752/688 685/748/685 1365/1397/1369
f 684/747/684 1365/1397/1369 685/748/685
f 688/752/688 686/749/686 634/751/634
f 689/754/689 687/750/687 688/752/688
f 689/754/689 688/752/688 1365/1397/1369
f 640/1398/640 637/753/637 689/754/689
f 640/1398/640 689/754/689 1365/1397/1369
f 642/1399/642 640/1398/640 1365/1397/1369
f 1365/1397/1369 684/747/684 1299/1400/1303
f 642/1399/642 1365/1397/1369 1299/1400/1303
f 684/747/684 1300/1401/1304 1299/1400/1303
f 1366/1402/1370 1367/1403/1371 1368/1317/1372
f 1369/1404/1373 1370/1319/1374 1366/1402/1370
f 1370/1319/1374 1369/1404/1373 1371/1320/1375
f 1372/1321/1376 1373/1405/1377 1366/1402/1370
f 1370/1319/1374 1372/1321/1376 1366/1402/1370
f 710/671/710 1374/1406/1378 1375/1324/1379
f 1376/1407/1380 1377/658/1381 721/780/721
f 1378/662/1382 1376/1407/1380 721/780/721
f 1376/1407/1380 1378/662/1382 715/776/715
f 1378/662/1382 716/777/716 715/776/715
f 1378/662/1382 720/779/720 716/777/716
f 1378/662/1382 721/780/721 720/779/720
f 720/779/720 718/664/718 716/777/716
f 720/779/720 722/781/722 719/666/719
f 710/671/710 724/783/724 711/772/711
f 710/671/710 783/1408/783 723/782/723
f 788/1409/788 783/1408/783 710/671/710
f 788/1409/788 710/671/710 1375/1324/1379
f 788/1409/788 1375/1324/1379 725/784/725
f 788/1409/788 725/784/725 728/786/728
f 1379/678/1383 728/786/728 727/785/727
f 1379/678/1383 727/785/727 1380/1410/1384
f 1381/1325/1385 1379/678/1383 1380/1410/1384
f 732/790/732 1381/1325/1385 1380/1410/1384
f 1381/1325/1385 732/790/732 730/788/730
f 732/790/732 731/789/731 730/788/730
f 732/790/732 1380/1410/1384 733/791/733
f 1382/1411/1386 729/787/729 734/792/734
f 733/791/733 1382/1411/1386 734/792/734
f 1380/1410/1384 737/794/737 733/791/733
f 733/791/733 737/794/737 1382/1411/1386
f 737/794/737 1380/1410/1384 727/785/727
f 737/794/737 736/793/736 1382/1411/1386
f 736/793/736 737/794/737 735/687/735
f 740/797/740 738/795/738 726/675/726
f 740/797/740 1383/1412/1387 1384/1413/1388
f 749/804/749 1385/1414/1389 1386/1328/1390
f 749/804/749 1387/1415/1391 750/805/750
f 1387/1415/1391 749/804/749 1386/1328/1390
f 1369/1330/1373 1388/1416/1392 1389/1417/1393
f 760/814/760 1390/705/1394 754/809/754
f 761/815/761 758/812/758 760/814/760
f 760/814/760 754/809/754 762/816/762
f 762/816/762 761/815/761 760/814/760
f 763/817/763 757/811/757 762/816/762
f 1391/1418/1395 1392/1419/1396 1372/1321/1376
f 1393/1345/1397 1394/1420/1398 1391/1418/1395
f 1395/1343/1399 1396/1421/1400 1393/1345/1397
f 1397/1333/1401 1398/1422/1402 1395/1343/1399
f 1399/1331/1403 1389/1417/1393 1397/1333/1401
f 1399/1331/1403 1369/1330/1373 1389/1417/1393
f 1399/1331/1403 1400/1334/1404 1369/1330/1373
f 1399/1331/1403 1397/1333/1401 1400/1334/1404
f 1400/1334/1404 1371/1335/1375 1369/1330/1373
f 1371/1335/1375 1400/1334/1404 1401/1336/1405
f 1402/1337/1406 1371/1335/1375 1401/1336/1405
f 1403/1423/1407 1402/1337/1406 1401/1336/1405
f 1402/1337/1406 1403/1423/1407 1404/1339/1408
f 1404/1339/1408 1403/1423/1407 1405/1340/1409
f 1401/1336/1405 1400/1334/1404 1406/1341/1410
f 1401/1336/1405 1406/1341/1410 1403/1423/1407
f 1397/1333/1401 1406/1341/1410 1400/1334/1404
f 1407/1342/1411 1406/1341/1410 1397/1333/1401
f 1395/1343/1399 1407/1342/1411 1397/1333/1401
f 1408/1424/1412 1407/1342/1411 1395/1343/1399
f 1395/1343/1399 1393/1345/1397 1408/1424/1412
f 1393/1345/1397 1391/1418/1395 1409/1425/1413
f 1408/1424/1412 1393/1345/1397 1409/1425/1413
f 1408/1424/1412 1409/1425/1413 765/819/765
f 1407/1342/1411 1408/1424/1412 765/819/765
f 1407/1342/1411 1410/1426/1414 1406/1341/1410
f 767/821/767 1403/1423/1407 1406/1341/1410
f 1410/1426/1414 767/821/767 1406/1341/1410
f 1410/1426/1414 1407/1342/1411 764/818/764
f 1407/1342/1411 765/819/765 764/818/764
f 767/821/767 1410/1426/1414 764/818/764
f 1403/1423/1407 767/821/767 769/823/769
f 769/823/769 767/821/767 766/820/766
f 765/819/765 1411/1352/1415 768/822/768
f 1411/1352/1415 765/819/765 1409/1425/1413
f 1412/1427/1416 1411/1352/1415 1409/1425/1413
f 1391/1418/1395 1412/1427/1416 1409/1425/1413
f 1412/1427/1416 1413/1428/1417 1411/1352/1415
f 1372/1321/1376 1413/1428/1417 1391/1418/1395
f 1391/1418/1395 1413/1428/1417 1412/1427/1416
f 1403/1423/1407 1414/1355/1418 1405/1340/1409
f 1414/1355/1418 1403/1423/1407 769/823/769
f 1414/1355/1418 1415/1429/1419 1405/1340/1409
f 768/822/768 1416/1359/1420 1417/1430/1421
f 1411/1352/1415 1416/1359/1420 768/822/768
f 1413/1428/1417 1418/1431/1422 1411/1352/1415
f 1416/1359/1420 1411/1352/1415 1418/1431/1422
f 1419/1432/1423 1420/1433/1424 1421/1365/1425
f 1419/1432/1423 1422/1363/1426 1423/1434/1427
f 1424/1435/1428 1419/1432/1423 1421/1365/1425
f 1424/1435/1428 1421/1365/1425 1425/1366/1429
f 1416/1359/1420 1426/1368/1430 1417/1430/1421
f 1427/1436/1431 1416/1359/1420 1418/1431/1422
f 1418/1431/1422 1413/1428/1417 1428/1437/1432
f 1418/1431/1422 1428/1437/1432 1427/1436/1431
f 1429/1381/1433 1424/1435/1428 1425/1366/1429
f 1372/1321/1376 1430/1438/1434 1413/1428/1417
f 1413/1428/1417 1430/1438/1434 1428/1437/1432
f 1370/1319/1374 1430/1438/1434 1372/1321/1376
f 1428/1437/1432 1430/1438/1434 1431/1371/1435
f 1432/1439/1436 1430/1438/1434 1370/1319/1374
f 1432/1439/1436 1370/1319/1374 1371/1320/1375
f 1431/1371/1435 1430/1438/1434 1432/1439/1436
f 1431/1371/1435 1432/1439/1436 1371/1320/1375
f 1402/1440/1406 1431/1371/1435 1371/1320/1375
f 1402/1440/1406 1404/1441/1408 1431/1371/1435
f 1404/1441/1408 1405/1375/1409 1431/1371/1435
f 1433/1442/1437 1428/1437/1432 1431/1371/1435
f 1405/1375/1409 1433/1442/1437 1431/1371/1435
f 1433/1442/1437 1427/1436/1431 1428/1437/1432
f 1405/1375/1409 1434/1443/1438 1433/1442/1437
f 1433/1442/1437 1435/1444/1439 1427/1436/1431
f 1436/1379/1440 1437/1445/1441 1438/1446/1442
f 1436/1379/1440 1438/1446/1442 1439/1382/1443
f 1429/1381/1433 1440/1447/1444 1424/1435/1428
f 1436/1379/1440 1439/1382/1443 1440/1447/1444
f 1429/1381/1433 1436/1379/1440 1440/1447/1444
f 1439/1382/1443 1441/1384/1445 1442/1448/1446
f 1424/1435/1428 1443/1449/1447 1422/1363/1426
f 1440/1447/1444 1443/1449/1447 1424/1435/1428
f 1440/1447/1444 1439/1382/1443 1444/1450/1448
f 1439/1382/1443 1442/1448/1446 1444/1450/1448
f 761/825/761 771/826/771 758/718/758
f 773/828/773 1445/1451/1449 758/718/758
f 1446/1390/1450 781/730/781 1377/1391/1381
f 1376/1452/1380 1446/1390/1450 1377/1391/1381
f 1446/1390/1450 1376/1452/1380 778/732/778
f 1376/1452/1380 715/733/715 778/732/778
f 1446/1390/1450 780/737/780 781/730/781
f 780/737/780 1446/1390/1450 778/732/778
f 780/737/780 779/735/779 717/832/717
f 719/740/719 780/737/780 717/832/717
f 780/737/780 719/740/719 782/833/782
f 780/737/780 782/833/782 781/730/781
f 719/740/719 723/834/723 782/833/782
f 784/742/784 776/727/776 782/833/782
f 788/746/788 784/742/784 783/741/783
f 784/742/784 785/835/785 776/727/776
f 784/742/784 787/836/787 785/835/785
f 788/746/788 728/1453/728 787/836/787
f 785/835/785 1447/1392/1451 786/729/786
f 1447/1392/1451 1448/1454/1452 786/729/786
f 789/747/789 1447/1392/1451 785/835/785
f 790/837/790 787/836/787 728/1453/728
f 1379/1455/1383 790/837/790 728/1453/728
f 792/839/792 790/837/790 1379/1455/1383
f 1381/1395/1385 792/839/792 1379/1455/1383
f 792/839/792 1381/1395/1385 730/840/730
f 790/837/790 1449/1456/1453 789/747/789
f 1449/1456/1453 790/837/790 792/839/792
f 792/839/792 791/838/791 793/750/793
f 1450/754/1454 792/839/792 793/750/793
f 1450/754/1454 1449/1456/1453 792/839/792
f 1450/754/1454 793/750/793 729/841/729
f 1382/1457/1386 1450/754/1454 729/841/729
f 1450/754/1454 1382/1457/1386 1449/1456/1453
f 1382/1457/1386 736/1458/736 1449/1456/1453
f 1449/1456/1453 736/1458/736 738/1400/738
f 789/747/789 1449/1456/1453 738/1400/738
f 740/1401/740 789/747/789 738/1400/738
f 740/1401/740 1451/1459/1455 789/747/789
f 740/1401/740 1384/1460/1388 1451/1459/1455
f 823/871/823 820/868/820 812/860/812
f 823/871/823 819/867/819 820/868/820
f 823/871/823 829/877/829 821/869/821
f 864/908/864 863/865/863 851/897/851
f 850/896/850 865/867/865 854/899/854
f 864/908/864 867/910/867 866/909/866
f 858/903/858 870/913/870 872/915/872
f 1452/1461/1456 1453/1462/1457 1454/1463/1458
f 1453/1462/1457 1455/1464/1459 1454/1463/1458
f 1454/1463/1458 1455/1464/1459 1456/1465/1460
f 1455/1464/1459 1453/1462/1457 1457/1466/1461
f 1456/1465/1460 1455/1464/1459 886/926/886
f 1458/1467/1462 1456/1465/1460 886/926/886
f 1455/1464/1459 887/927/887 886/926/886
f 887/927/887 1455/1464/1459 1457/1466/1461
f 1457/1466/1461 1459/1468/1463 887/927/887
f 1459/1468/1463 889/929/889 887/927/887
f 1459/1468/1463 1460/1117/1464 889/929/889
f 1461/1119/1465 1458/1467/1462 886/926/886
f 899/938/899 1458/1467/1462 1461/1119/1465
f 1460/1117/1464 891/930/891 889/929/889
f 1460/1117/1464 894/933/894 891/930/891
f 890/208/890 1461/1119/1465 886/926/886
f 894/933/894 893/932/893 891/930/891
f 890/208/890 888/928/888 2/2/2
f 1462/1469/1466 899/938/899 1461/1119/1465
f 1462/1469/1466 897/936/897 899/938/899
f 1461/1119/1465 890/208/890 5/5/5
f 1462/1469/1466 1461/1119/1465 5/5/5
f 1462/1469/1466 5/5/5 897/936/897
f 890/208/890 2/2/2 1/1/1
f 5/5/5 890/208/890 1/1/1
f 3/3/3 2/2/2 896/935/896
f 903/942/903 893/932/893 895/934/895
f 903/942/903 901/940/901 893/932/893
f 903/942/903 895/934/895 904/943/904
f 895/934/895 1463/1470/1467 904/943/904
f 906/945/906 904/943/904 1463/1470/1467
f 1464/1471/1468 906/945/906 1463/1470/1467
f 906/945/906 1464/1471/1468 1465/1472/1469
f 1464/1471/1468 1466/1473/1470 1465/1472/1469
f 1465/1472/1469 1466/1473/1470 1452/1474/1456
f 1454/1475/1458 1465/1472/1469 1452/1474/1456
f 1454/1475/1458 1456/1476/1460 1465/1472/1469
f 907/946/907 1465/1472/1469 1456/1476/1460
f 1465/1472/1469 907/946/907 906/945/906
f 907/946/907 905/944/905 906/945/906
f 908/947/908 902/941/902 905/944/905
f 907/946/907 1456/1476/1460 1467/1477/1471
f 907/946/907 1467/1477/1471 908/947/908
f 1456/1476/1460 1458/1478/1462 1467/1477/1471
f 3/3/3 902/941/902 910/949/910
f 910/949/910 902/941/902 908/947/908
f 908/947/908 1467/1477/1471 1468/1479/1472
f 1468/1479/1472 910/949/910 908/947/908
f 1467/1477/1471 1469/1480/1473 1468/1479/1472
f 1467/1477/1471 1458/1478/1462 1469/1480/1473
f 1458/1478/1462 899/1481/899 1469/1480/1473
f 1469/1480/1473 899/1481/899 898/950/898
f 909/948/909 1/1/1 3/3/3
f 909/948/909 3/3/3 910/949/910
f 909/948/909 7/7/7 1/1/1
f 913/954/913 7/7/7 910/949/910
f 910/949/910 1468/1479/1472 913/954/913
f 1468/1479/1472 916/957/916 913/954/913
f 916/957/916 1468/1479/1472 1469/1480/1473
f 1470/1482/1474 916/957/916 1469/1480/1473
f 1470/1482/1474 1469/1480/1473 898/950/898
f 1470/1482/1474 898/950/898 911/952/911
f 916/957/916 1470/1482/1474 911/952/911
f 5/5/5 6/6/6 897/936/897
f 913/954/913 922/963/922 914/955/914
f 913/954/913 916/957/916 922/963/922
f 916/957/916 915/956/915 922/963/922
f 30/30/30 23/23/23 14/14/14
f 30/30/30 14/14/14 27/27/27
f 30/30/30 943/987/943 29/29/29
f 957/1004/957 954/1000/954 945/1001/945
f 955/1002/955 959/1006/959 952/998/952
f 957/1004/957 1471/1483/1475 954/1000/954
f 1471/1483/1475 955/1002/955 954/1000/954
f 73/74/73 956/1003/956 38/227/38
f 1471/1483/1475 1472/1484/1476 955/1002/955
f 1472/1484/1476 959/1006/959 955/1002/955
f 1473/1485/1477 953/999/953 959/1006/959
f 1473/1485/1477 959/1006/959 1472/1484/1476
f 967/1015/967 1473/1485/1477 1472/1484/1476
f 1473/1485/1477 963/1010/963 953/999/953
f 1473/1485/1477 967/1015/967 963/1010/963
f 963/1010/963 958/1005/958 953/999/953
f 957/1004/957 73/74/73 72/73/72
f 1471/1483/1475 957/1004/957 72/73/72
f 961/1008/961 967/1015/967 1472/1484/1476
f 72/73/72 961/1008/961 1471/1483/1475
f 961/1008/961 1472/1484/1476 1471/1483/1475
f 967/1015/967 961/1008/961 69/70/69
f 46/47/46 965/1012/965 962/1009/962
f 38/39/38 956/1014/956 41/42/41
f 43/44/43 965/1012/965 46/47/46
f 43/44/43 966/1013/966 965/1012/965
f 46/47/46 963/1010/963 48/49/48
f 967/1015/967 48/49/48 963/1010/963
f 38/39/38 41/42/41 39/40/39
f 43/44/43 45/46/45 42/43/42
f 46/47/46 48/49/48 45/46/45
f 50/51/50 44/45/44 45/46/45
f 48/49/48 47/48/47 45/46/45
f 72/73/72 71/72/71 70/71/70
f 77/78/77 73/74/73 38/227/38
f 77/78/77 71/72/71 73/74/73
f 38/227/38 37/79/37 77/78/77
f 1474/1486/1478 1452/1487/1456 1475/1488/1479
f 1452/1487/1456 1466/1489/1470 1475/1488/1479
f 1475/1488/1479 1466/1489/1470 1476/1490/1480
f 1466/1489/1470 1477/1491/1481 1476/1490/1480
f 1477/1491/1481 1466/1489/1470 1464/1492/1468
f 1476/1490/1480 1477/1491/1481 1478/1493/1482
f 1478/1493/1482 1477/1491/1481 1464/1492/1468
f 1479/1494/1483 1476/1490/1480 1478/1493/1482
f 1464/1492/1468 1463/1495/1467 1478/1493/1482
f 1479/1494/1483 1478/1493/1482 1480/1496/1484
f 1463/1495/1467 1480/1496/1484 1478/1493/1482
f 1481/1497/1485 1482/1498/1486 1483/1499/1487
f 1481/1497/1485 1484/1500/1488 1482/1498/1486
f 1485/1501/1489 1486/1502/1490 1487/1503/1491
f 1487/1503/1491 1488/1504/1492 1485/1501/1489
f 1488/1504/1492 1489/1505/1493 1485/1501/1489
f 1489/1505/1493 1488/1504/1492 1490/1506/1494
f 1490/1506/1494 1488/1504/1492 974/1021/974
f 1488/1504/1492 1491/1507/1495 974/1021/974
f 1491/1507/1495 1488/1504/1492 1487/1503/1491
f 1492/1508/1496 1489/1505/1493 1490/1506/1494
f 1490/1506/1494 971/1018/971 1492/1508/1496
f 1490/1506/1494 974/1021/974 971/1018/971
f 971/1018/971 970/1017/970 1492/1508/1496
f 973/1020/973 969/1016/969 971/1018/971
f 974/1021/974 973/1020/973 971/1018/971
f 978/1025/978 972/1019/972 974/1021/974
f 978/1025/978 979/1026/979 976/1023/976
f 978/1025/978 974/1021/974 984/1031/984
f 978/1025/978 984/1031/984 980/1027/980
f 982/1029/982 81/83/81 83/85/83
f 1493/1509/1497 81/83/81 982/1029/982
f 974/1021/974 1494/1510/1498 984/1031/984
f 1491/1507/1495 1494/1510/1498 974/1021/974
f 984/1031/984 1494/1510/1498 986/1033/986
f 984/1031/984 986/1033/986 983/1030/983
f 1495/1511/1499 1493/1509/1497 982/1029/982
f 982/1029/982 985/1032/985 1495/1511/1499
f 1493/1509/1497 1495/1511/1499 1496/1512/1500
f 85/87/85 985/1032/985 981/1028/981
f 983/1030/983 86/88/86 981/1028/981
f 983/1030/983 986/1033/986 88/90/88
f 986/1033/986 92/94/92 91/93/91
f 1497/1513/1501 1498/1514/1502 85/87/85
f 1499/1515/1503 1498/1514/1502 1497/1513/1501
f 1497/1513/1501 85/87/85 1500/255/1504
f 85/87/85 84/86/84 1500/255/1504
f 1500/255/1504 1501/1516/1505 1497/1513/1501
f 1500/255/1504 84/86/84 89/91/89
f 1500/255/1504 89/91/89 1501/1516/1505
f 89/91/89 87/89/87 93/95/93
f 987/1034/987 89/91/89 93/95/93
f 89/91/89 987/1034/987 1502/1517/1506
f 1503/1518/1507 1502/1517/1506 987/1034/987
f 96/98/96 90/92/90 92/94/92
f 96/98/96 92/94/92 1504/1519/1508
f 1504/1519/1508 92/94/92 1491/1507/1495
f 1504/1519/1508 1491/1507/1495 1505/1520/1509
f 1505/1520/1509 1491/1507/1495 1487/1503/1491
f 1506/1521/1510 1507/1522/1511 1508/1523/1512
f 1506/1521/1510 1509/1524/1513 1510/1525/1514
f 1511/1526/1515 1509/1524/1513 111/113/111
f 1511/1526/1515 111/113/111 1512/1527/1516
f 1506/1521/1510 1508/1523/1512 1513/1528/1517
f 111/113/111 1506/1521/1510 1513/1528/1517
f 1487/1503/1491 1484/1500/1488 1514/1529/1518
f 1505/1520/1509 1487/1503/1491 1514/1529/1518
f 1515/1530/1519 1484/1500/1488 1481/1497/1485
f 1481/1497/1485 1480/1496/1484 1516/1531/1520
f 1516/1531/1520 1515/1530/1519 1481/1497/1485
f 1514/1529/1518 1515/1530/1519 1517/1532/1521
f 1515/1530/1519 1516/1531/1520 1517/1532/1521
f 1518/1533/1522 1514/1529/1518 1517/1532/1521
f 1518/1533/1522 1505/1520/1509 1514/1529/1518
f 1519/1534/1523 1480/1496/1484 1463/1495/1467
f 1520/1535/1524 1504/1519/1508 1505/1520/1509
f 1505/1520/1509 1518/1533/1522 1520/1535/1524
f 1516/1531/1520 1519/1534/1523 1521/1536/1525
f 1516/1531/1520 1521/1536/1525 1517/1532/1521
f 1519/1534/1523 1522/1537/1526 1521/1536/1525
f 1519/1534/1523 1463/1495/1467 1522/1537/1526
f 1463/1495/1467 895/1538/895 1522/1537/1526
f 1523/1539/1527 1518/1533/1522 1517/1532/1521
f 1518/1533/1522 1523/1539/1527 1520/1535/1524
f 1524/1540/1528 96/98/96 1504/1519/1508
f 1504/1519/1508 1520/1535/1524 1524/1540/1528
f 1517/1532/1521 1521/1536/1525 1525/1541/1529
f 1522/1537/1526 895/1538/895 1526/1542/1530
f 895/1538/895 894/1543/894 1526/1542/1530
f 1527/1544/1531 1521/1536/1525 1522/1537/1526
f 1521/1536/1525 1527/1544/1531 1525/1541/1529
f 1526/1542/1530 1527/1544/1531 1522/1537/1526
f 1520/1535/1524 1528/1545/1532 1524/1540/1528
f 1520/1535/1524 1523/1539/1527 1528/1545/1532
f 96/98/96 1529/1546/1533 94/96/94
f 1523/1539/1527 1530/1547/1534 1528/1545/1532
f 1530/1547/1534 1523/1539/1527 1525/1541/1529
f 1531/1548/1535 1530/1547/1534 1525/1541/1529
f 1531/1548/1535 1525/1541/1529 1527/1544/1531
f 1532/1549/1536 1531/1548/1535 1527/1544/1531
f 1532/1549/1536 1527/1544/1531 1526/1542/1530
f 1533/1550/1537 1529/1546/1533 1524/1540/1528
f 1524/1540/1528 1528/1545/1532 1533/1550/1537
f 106/108/106 97/99/97 94/96/94
f 1528/1545/1532 1534/1551/1538 1533/1550/1537
f 1528/1545/1532 1530/1547/1534 1534/1551/1538
f 1535/1552/1539 1530/1547/1534 1531/1548/1535
f 1530/1547/1534 1535/1552/1539 1534/1551/1538
f 1533/1550/1537 102/104/102 1529/1546/1533
f 102/104/102 106/108/106 1529/1546/1533
f 1536/1553/1540 1535/1552/1539 1531/1548/1535
f 1536/1553/1540 1531/1548/1535 1532/1549/1536
f 1537/1554/1541 1526/1542/1530 894/1543/894
f 1537/1554/1541 1532/1549/1536 1526/1542/1530
f 1535/1552/1539 1536/1553/1540 1538/1555/1542
f 1535/1552/1539 1538/1555/1542 1534/1551/1538
f 1539/1556/1543 102/104/102 1533/1550/1537
f 1534/1551/1538 1539/1556/1543 1533/1550/1537
f 1532/1549/1536 1537/1554/1541 1540/1557/1544
f 1540/1557/1544 1536/1553/1540 1532/1549/1536
f 1538/1555/1542 1541/1558/1545 1534/1551/1538
f 1534/1551/1538 1541/1558/1545 1539/1556/1543
f 102/104/102 1539/1556/1543 103/105/103
f 1541/1558/1545 103/105/103 1539/1556/1543
f 102/104/102 101/103/101 106/108/106
f 1536/1553/1540 1542/1559/1546 1538/1555/1542
f 1542/1559/1546 1536/1553/1540 1540/1557/1544
f 1538/1555/1542 1542/1559/1546 1543/1560/1547
f 1538/1555/1542 1543/1560/1547 1541/1558/1545
f 103/105/103 1541/1558/1545 1544/1561/1548
f 293/271/293 103/105/103 1544/1561/1548
f 293/271/293 104/106/104 103/105/103
f 1542/1559/1546 1545/1562/1549 1543/1560/1547
f 106/108/106 105/107/105 97/99/97
f 1546/1563/1550 1542/1559/1546 1540/1557/1544
f 1542/1559/1546 1546/1563/1550 1545/1562/1549
f 1546/1563/1550 1547/1564/1551 1545/1562/1549
f 1548/1565/1552 1513/1528/1517 108/110/108
f 1548/1565/1552 296/1566/296 111/113/111
f 296/1566/296 109/111/109 111/113/111
f 111/113/111 110/112/110 1512/1527/1516
f 1549/1567/1553 110/112/110 112/114/112
f 1512/1527/1516 110/112/110 1549/1567/1553
f 1550/1568/1554 1512/1527/1516 1549/1567/1553
f 1549/1567/1553 1551/1569/1555 1550/1568/1554
f 1551/1569/1555 1549/1567/1553 112/114/112
f 1552/1570/1556 1551/1569/1555 112/114/112
f 1551/1569/1555 1553/1571/1557 1550/1568/1554
f 1554/1572/1558 1551/1569/1555 1552/1570/1556
f 1551/1569/1555 1554/1572/1558 1553/1571/1557
f 1555/1573/1559 1554/1572/1558 1552/1570/1556
f 1554/1572/1558 1556/1574/1560 1553/1571/1557
f 1474/1575/1478 1557/1576/1561 1452/1577/1456
f 1557/1576/1561 1558/1578/1562 1452/1577/1456
f 1452/1577/1456 1558/1578/1562 1453/1579/1457
f 1557/1576/1561 1559/1580/1563 1558/1578/1562
f 1453/1579/1457 1558/1578/1562 1457/1581/1461
f 1558/1578/1562 1560/1582/1564 1457/1581/1461
f 1559/1580/1563 1560/1582/1564 1558/1578/1562
f 1559/1580/1563 1561/1583/1565 1560/1582/1564
f 1560/1582/1564 1562/1584/1566 1457/1581/1461
f 1562/1584/1566 1459/1585/1463 1457/1581/1461
f 1560/1582/1564 1563/1586/1567 1562/1584/1566
f 1561/1583/1565 1563/1586/1567 1560/1582/1564
f 1563/1586/1567 1561/1583/1565 1564/1587/1568
f 1565/1588/1569 1537/1554/1541 894/1543/894
f 1562/1584/1566 1565/1588/1569 1459/1585/1463
f 1565/1588/1569 1460/1589/1464 1459/1585/1463
f 1565/1588/1569 894/1543/894 1460/1589/1464
f 1565/1588/1569 1566/1590/1570 1537/1554/1541
f 1563/1586/1567 1566/1590/1570 1562/1584/1566
f 1562/1584/1566 1566/1590/1570 1565/1588/1569
f 1567/1591/1571 1563/1586/1567 1564/1587/1568
f 1567/1591/1571 1564/1587/1568 1547/1564/1551
f 1546/1563/1550 1567/1591/1571 1547/1564/1551
f 1563/1586/1567 1567/1591/1571 1566/1590/1570
f 1568/1592/1572 1567/1591/1571 1546/1563/1550
f 1537/1554/1541 1568/1592/1572 1540/1557/1544
f 1540/1557/1544 1568/1592/1572 1546/1563/1550
f 1567/1591/1571 1568/1592/1572 1566/1590/1570
f 1568/1592/1572 1537/1554/1541 1566/1590/1570
f 115/117/115 1569/1593/1573 1570/1594/1574
f 1571/1595/1575 115/117/115 1570/1594/1574
f 1493/1596/1497 1572/1597/1576 115/117/115
f 1493/1596/1497 115/117/115 81/118/81
f 1571/1595/1575 113/115/113 115/117/115
f 115/117/115 114/116/114 81/118/81
f 50/126/50 74/1045/74 76/124/76
f 50/126/50 54/1043/54 74/1045/74
f 1553/1598/1557 1556/1599/1560 1573/1600/1577
f 1573/1600/1577 1574/1601/1578 1575/1602/1579
f 1553/1598/1557 1575/1602/1579 1550/1603/1554
f 1574/1601/1578 1576/1604/1580 1575/1602/1579
f 1576/1604/1580 1574/1601/1578 1577/1605/1581
f 1578/1606/1582 1575/1602/1579 1576/1604/1580
f 1550/1603/1554 1578/1606/1582 1512/1607/1516
f 1579/1608/1583 1576/1604/1580 1577/1605/1581
f 1577/1605/1581 1580/1609/1584 1579/1608/1583
f 1578/1606/1582 1581/1610/1585 1512/1607/1516
f 1512/1607/1516 1581/1610/1585 1511/1611/1515
f 1582/1612/1586 1576/1604/1580 1579/1608/1583
f 1581/1610/1585 1578/1606/1582 1582/1612/1586
f 1582/1612/1586 1578/1606/1582 1576/1604/1580
f 1581/1610/1585 1583/1613/1587 1511/1611/1515
f 1584/1614/1588 1581/1610/1585 1582/1612/1586
f 1583/1613/1587 1581/1610/1585 1584/1614/1588
f 1585/1615/1589 1584/1614/1588 1582/1612/1586
f 1585/1615/1589 1582/1612/1586 1579/1608/1583
f 1580/1609/1584 1586/1616/1590 1579/1608/1583
f 1579/1608/1583 1586/1616/1590 1585/1615/1589
f 1587/1617/1591 1509/1618/1513 1583/1613/1587
f 1587/1617/1591 1588/1619/1592 1510/1620/1514
f 1589/1621/1593 1583/1613/1587 1584/1614/1588
f 1583/1613/1587 1589/1621/1593 1587/1617/1591
f 1590/1622/1594 1587/1617/1591 1589/1621/1593
f 1584/1614/1588 1585/1615/1589 1591/1623/1595
f 1586/1616/1590 1591/1623/1595 1585/1615/1589
f 1586/1616/1590 1580/1609/1584 1592/1624/1596
f 1580/1609/1584 1176/1625/1178 1592/1624/1596
f 1593/1626/1597 1590/1622/1594 1589/1621/1593
f 1593/1626/1597 1594/1627/1598 1590/1622/1594
f 1584/1614/1588 1595/1628/1599 1589/1621/1593
f 1595/1628/1599 1584/1614/1588 1591/1623/1595
f 1586/1616/1590 1592/1624/1596 1596/1629/1600
f 1591/1623/1595 1586/1616/1590 1596/1629/1600
f 1597/1630/1601 1592/1624/1596 1176/1625/1178
f 1185/1631/1187 1597/1630/1601 1176/1625/1178
f 1589/1621/1593 1598/1632/1602 1593/1626/1597
f 1595/1628/1599 1598/1632/1602 1589/1621/1593
f 1596/1629/1600 1599/1633/1603 1591/1623/1595
f 1599/1633/1603 1595/1628/1599 1591/1623/1595
f 1597/1630/1601 1600/1634/1604 1592/1624/1596
f 1600/1634/1604 1596/1629/1600 1592/1624/1596
f 1599/1633/1603 1596/1629/1600 1600/1634/1604
f 1597/1630/1601 1185/1631/1187 1601/1635/1605
f 1185/1631/1187 1190/1636/1192 1601/1635/1605
f 1595/1628/1599 1599/1633/1603 1602/1637/1606
f 1603/1638/1607 1604/1639/1608 1598/1632/1602
f 1603/1638/1607 1605/1640/1609 1604/1639/1608
f 1602/1637/1606 1603/1638/1607 1598/1632/1602
f 1603/1638/1607 1606/1641/1610 1605/1640/1609
f 1606/1641/1610 1603/1638/1607 1602/1637/1606
f 1606/1641/1610 1607/1642/1611 1605/1640/1609
f 1608/1643/1612 1607/1642/1611 1609/1644/1613
f 1610/1645/1614 1606/1641/1610 1602/1637/1606
f 1606/1641/1610 1610/1645/1614 1611/1646/1615
f 1612/1647/1616 1602/1637/1606 1599/1633/1603
f 1602/1637/1606 1612/1647/1616 1610/1645/1614
f 1613/1648/1617 1614/1649/1618 1612/1647/1616
f 1615/1650/1619 1612/1647/1616 1599/1633/1603
f 1615/1650/1619 1599/1633/1603 1600/1634/1604
f 1612/1647/1616 1615/1650/1619 1613/1648/1617
f 1615/1650/1619 299/1651/299 1613/1648/1617
f 1616/1652/1620 1600/1634/1604 1597/1630/1601
f 1616/1652/1620 1615/1650/1619 1600/1634/1604
f 1615/1650/1619 1616/1652/1620 299/1651/299
f 1616/1652/1620 1601/1635/1605 1617/1653/1621
f 1616/1652/1620 1617/1653/1621 299/1651/299
f 1618/1654/1622 1601/1635/1605 1190/1636/1192
f 1619/1655/1623 1618/1654/1622 1190/1636/1192
f 1580/1656/1584 1577/1657/1581 998/1048/998
f 1577/1657/1581 1001/1051/1001 998/1048/998
f 1001/1051/1001 996/1046/996 998/1048/998
f 1001/1051/1001 1577/1657/1581 1002/1052/1002
f 123/139/123 116/132/116 999/1049/999
f 1577/1657/1581 1620/1192/1624 1002/1052/1002
f 1577/1657/1581 1574/1202/1578 1620/1192/1624
f 123/139/123 1000/1050/1000 1003/1053/1003
f 123/139/123 122/138/122 116/132/116
f 1621/1658/1625 1003/1053/1003 1002/1052/1002
f 1620/1192/1624 1621/1658/1625 1002/1052/1002
f 1003/1053/1003 124/140/124 123/139/123
f 1003/1053/1003 1621/1658/1625 1005/1055/1005
f 1005/1055/1005 1621/1658/1625 1012/1062/1012
f 1005/1055/1005 1012/1062/1012 1008/1058/1008
f 1621/1658/1625 1622/1659/1626 1012/1062/1012
f 1622/1659/1626 1621/1658/1625 1620/1192/1624
f 1011/1061/1011 1622/1659/1626 1620/1192/1624
f 1574/1202/1578 1011/1061/1011 1620/1192/1624
f 1574/1202/1578 1009/1059/1009 1011/1061/1011
f 1574/1202/1578 1573/1660/1577 1009/1059/1009
f 1011/1061/1011 1010/1060/1010 1622/1659/1626
f 1622/1659/1626 1014/1064/1014 1012/1062/1012
f 1010/1060/1010 1014/1064/1014 1622/1659/1626
f 1014/1064/1014 1013/1063/1013 1012/1062/1012
f 1014/1064/1014 1010/1060/1010 1015/1065/1015
f 1016/1066/1016 1009/1059/1009 1573/1660/1577
f 1016/1066/1016 1573/1660/1577 1556/1661/1560
f 1016/1066/1016 1556/1661/1560 1623/1662/1627
f 1623/1662/1627 1020/1070/1020 1016/1066/1016
f 1623/1662/1627 1018/1068/1018 1020/1070/1020
f 1010/1060/1010 1024/1074/1024 1015/1065/1015
f 1010/1060/1010 1009/1059/1009 1024/1074/1024
f 1020/1070/1020 1017/1067/1017 1016/1066/1016
f 1020/1070/1020 1021/1071/1021 1017/1067/1017
f 1023/1073/1023 1009/1059/1009 1017/1067/1017
f 1021/1071/1021 1025/1075/1025 1017/1067/1017
f 1023/1073/1023 1017/1067/1017 1025/1075/1025
f 158/174/158 160/176/160 1021/1071/1021
f 1021/1071/1021 160/176/160 1015/1065/1015
f 163/179/163 162/178/162 166/182/166
f 1031/1081/1031 1028/1078/1028 1029/1079/1029
f 1031/1081/1031 1030/1080/1030 1033/1083/1033
f 1033/1083/1033 1032/1082/1032 1034/1084/1034
f 1032/1082/1032 1035/1085/1035 1034/1084/1034
f 1033/1083/1033 1037/1087/1037 1031/1081/1031
f 1037/1087/1037 1038/1088/1038 1031/1081/1031
f 1037/1087/1037 1042/1092/1042 1038/1088/1038
f 1037/1087/1037 1039/1089/1039 1042/1092/1042
f 1008/1058/1008 1046/1096/1046 1043/1093/1043
f 1046/1096/1046 1008/1058/1008 163/179/163
f 1624/1663/1628 163/179/163 166/182/166
f 1624/1663/1628 1046/1096/1046 163/179/163
f 1055/1107/1057 1046/1096/1046 1624/1663/1628
f 1046/1096/1046 1055/1107/1057 1045/1095/1045
f 166/182/166 180/196/180 1048/1098/1048
f 1624/1663/1628 166/182/166 1048/1098/1048
f 1625/1664/1629 1055/1107/1057 1624/1663/1628
f 1625/1664/1629 1624/1663/1628 1048/1098/1048
f 1047/1097/1047 180/196/180 179/195/179
f 1048/1098/1048 1626/1665/1630 1625/1664/1629
f 1625/1664/1629 1626/1665/1630 1055/1107/1057
f 1047/1097/1047 1627/1666/1631 1048/1098/1048
f 1627/1666/1631 1047/1097/1047 1049/1099/1049
f 1627/1666/1631 1626/1665/1630 1048/1098/1048
f 1627/1666/1631 590/1101/1051 1626/1665/1630
f 590/1101/1051 1627/1666/1631 1049/1099/1049
f 1027/1077/1027 1051/1102/1052 1026/1076/1026
f 1626/1665/1630 590/1101/1051 1054/1106/1056
f 591/1103/1053 1054/1106/1056 590/1101/1051
f 1053/1105/1055 1626/1665/1630 1054/1106/1056
f 1626/1665/1630 1053/1105/1055 1055/1107/1057
f 1055/1107/1057 1053/1105/1055 1052/1104/1054
f 1058/1110/1060 1054/1106/1056 591/1103/1053
f 1054/1106/1056 1058/1110/1060 1056/1108/1058
f 1058/1110/1060 1057/1109/1059 1056/1108/1058
f 1041/1091/1041 1044/1094/1044 1057/1109/1059
f 1041/1091/1041 1057/1109/1059 1059/1111/1061
f 1042/1092/1042 1041/1091/1041 1059/1111/1061
f 1060/1112/1062 1058/1110/1060 591/1103/1053
f 1059/1111/1061 1628/1667/1632 1042/1092/1042
f 1628/1667/1632 1059/1111/1061 1058/1110/1060
f 1060/1112/1062 1628/1667/1632 1058/1110/1060
f 1060/1112/1062 1051/1102/1052 1062/1114/1064
f 1628/1667/1632 1060/1112/1062 1062/1114/1064
f 1042/1092/1042 1628/1667/1632 1062/1114/1064
f 1042/1092/1042 1062/1114/1064 1038/1088/1038
f 1061/1113/1063 1028/1078/1028 1038/1088/1038
f 1027/1077/1027 1028/1078/1028 1061/1113/1063
f 1061/1113/1063 1038/1088/1038 1062/1114/1064
f 1027/1077/1027 1061/1113/1063 1051/1102/1052
f 1629/1462/1633 1630/1668/1634 1631/1669/1635
f 1632/1670/1636 1629/1462/1633 1631/1669/1635
f 1632/1670/1636 1631/1669/1635 1633/1671/1637
f 1629/1462/1633 1632/1670/1636 1634/1672/1638
f 1632/1670/1636 1633/1671/1637 1069/1118/1071
f 1633/1671/1637 1635/1673/1639 1069/1118/1071
f 1632/1670/1636 1065/1116/1067 1634/1672/1638
f 1065/1116/1067 1632/1670/1636 1069/1118/1071
f 1064/1115/1066 1634/1672/1638 1065/1116/1067
f 1068/1117/1070 1064/1115/1066 1063/929/1065
f 1635/1673/1639 1070/1119/1072 1069/1118/1071
f 1635/1673/1639 1076/1123/1078 1070/1119/1072
f 1065/1116/1067 1069/1118/1071 1066/928/1068
f 1073/933/1075 1068/1117/1070 1067/930/1069
f 1073/933/1075 1072/1120/1074 1082/1126/1084
f 193/208/193 192/207/192 1066/928/1068
f 1076/1123/1078 1075/1122/1077 1070/1119/1072
f 1070/1119/1072 1075/1122/1077 197/212/197
f 1075/1122/1077 201/215/201 197/212/197
f 193/208/193 1070/1119/1072 197/212/197
f 197/212/197 191/1/191 193/208/193
f 195/210/195 1074/1121/1076 192/207/192
f 1081/1125/1083 1079/940/1081 1084/1127/1086
f 1082/1126/1084 1081/1125/1083 1084/1127/1086
f 1636/1674/1640 1082/1126/1084 1084/1127/1086
f 1084/1127/1086 1086/945/1088 1636/1674/1640
f 1084/1127/1086 1083/944/1085 1086/945/1088
f 1086/945/1088 1637/1675/1641 1636/1674/1640
f 1086/945/1088 1638/1472/1642 1637/1675/1641
f 1638/1472/1642 1639/1676/1643 1637/1675/1641
f 1639/1676/1643 1638/1472/1642 1630/1474/1634
f 1638/1472/1642 1631/1677/1635 1630/1474/1634
f 1633/1476/1637 1631/1677/1635 1638/1472/1642
f 1085/946/1087 1638/1472/1642 1086/945/1088
f 1638/1472/1642 1085/946/1087 1633/1476/1637
f 1085/946/1087 1083/944/1085 1087/947/1089
f 1640/1678/1644 1085/946/1087 1087/947/1089
f 1633/1476/1637 1085/946/1087 1640/1678/1644
f 1635/1679/1639 1633/1476/1637 1640/1678/1644
f 1088/1128/1090 1641/1680/1645 1087/947/1089
f 1087/947/1089 1641/1680/1645 1640/1678/1644
f 1640/1678/1644 1642/1480/1646 1635/1679/1639
f 1641/1680/1645 1642/1480/1646 1640/1678/1644
f 1642/1480/1646 1076/1481/1078 1635/1679/1639
f 1076/1481/1078 1642/1480/1646 1077/1129/1079
f 195/210/195 194/209/194 1088/1128/1090
f 194/209/194 198/7/198 1088/1128/1090
f 1641/1680/1645 1088/1128/1090 1089/954/1091
f 1096/1136/1098 1641/1680/1645 1089/954/1091
f 1642/1480/1646 1641/1680/1645 1096/1136/1098
f 1642/1480/1646 1090/1130/1092 1077/1129/1079
f 1090/1130/1092 1642/1480/1646 1096/1136/1098
f 1090/1130/1092 1096/1136/1098 1091/1131/1093
f 1089/954/1091 198/7/198 1093/1134/1095
f 1096/1136/1098 1089/954/1091 1094/963/1096
f 1096/1136/1098 1095/1135/1097 1091/1131/1093
f 216/30/216 1128/1159/1130 222/224/222
f 1138/1000/1140 1127/1001/1129 1124/997/1126
f 1643/1002/1647 1133/996/1135 1134/998/1136
f 1138/1000/1140 1133/996/1135 1643/1002/1647
f 1138/1000/1140 1140/1164/1142 1127/1001/1129
f 1141/1165/1143 1643/1002/1647 1134/998/1136
f 1644/1681/1648 1140/1164/1142 1138/1000/1140
f 1643/1002/1647 1644/1681/1648 1138/1000/1140
f 232/74/232 1139/1003/1141 1140/1164/1142
f 1141/1165/1143 1645/1484/1649 1643/1002/1647
f 1645/1484/1649 1644/1681/1648 1643/1002/1647
f 1141/1165/1143 1142/1166/1144 1645/1484/1649
f 1645/1484/1649 1142/1166/1144 1145/1015/1147
f 1143/1167/1145 1142/1166/1144 1135/999/1137
f 1145/1015/1147 1142/1166/1144 1143/1167/1145
f 234/229/234 232/74/232 1140/1164/1142
f 1644/1681/1648 234/229/234 1140/1164/1142
f 1144/1008/1146 1645/1484/1649 1145/1015/1147
f 1144/1008/1146 234/229/234 1644/1681/1648
f 1645/1484/1649 1144/1008/1146 1644/1681/1648
f 234/229/234 1144/1008/1146 237/231/237
f 232/74/232 229/78/229 228/227/228
f 234/229/234 231/228/231 232/74/232
f 229/78/229 231/228/231 230/77/230
f 258/241/258 250/50/250 1145/1015/1147
f 258/241/258 1145/1015/1147 1143/1167/1145
f 258/241/258 257/240/257 250/50/250
f 261/243/261 257/240/257 259/46/259
f 258/241/258 264/245/264 259/46/259
f 1143/1167/1145 264/245/264 258/241/258
f 1143/1167/1145 1146/1009/1148 264/245/264
f 264/245/264 1147/1169/1149 265/44/265
f 228/39/228 227/38/227 267/40/267
f 1630/1682/1634 1474/1683/1478 1475/1684/1479
f 1639/1685/1643 1630/1682/1634 1475/1684/1479
f 1639/1685/1643 1475/1684/1479 1476/1686/1480
f 1646/1687/1650 1639/1685/1643 1476/1686/1480
f 1639/1685/1643 1646/1687/1650 1637/1688/1641
f 1646/1687/1650 1476/1686/1480 1647/1689/1651
f 1646/1687/1650 1647/1689/1651 1637/1688/1641
f 1476/1686/1480 1479/1690/1483 1647/1689/1651
f 1636/1691/1640 1637/1688/1641 1647/1689/1651
f 1647/1689/1651 1479/1690/1483 1648/1692/1652
f 1479/1690/1483 1483/1693/1487 1648/1692/1652
f 1649/1694/1653 1648/1692/1652 1483/1693/1487
f 1482/1695/1486 1649/1694/1653 1483/1693/1487
f 1650/1696/1654 1651/1697/1655 1486/1698/1490
f 1485/1699/1489 1650/1696/1654 1486/1698/1490
f 1652/1700/1656 1650/1696/1654 1485/1699/1489
f 1489/1505/1493 1652/1700/1656 1485/1699/1489
f 1653/1701/1657 1652/1700/1656 1489/1505/1493
f 1492/1508/1496 1653/1701/1657 1489/1505/1493
f 1652/1700/1656 1653/1701/1657 1155/1021/1157
f 1151/1173/1153 1653/1701/1657 1492/1508/1496
f 1653/1701/1657 1151/1173/1153 1155/1021/1157
f 970/1017/970 1151/1173/1153 1492/1508/1496
f 970/1017/970 969/1171/969 1151/1173/1153
f 1151/1173/1153 1150/1172/1152 1155/1021/1157
f 1150/1172/1152 1152/1175/1154 1155/1021/1157
f 1150/1172/1152 969/1171/969 1152/1175/1154
f 1654/1702/1658 1652/1700/1656 1155/1021/1157
f 1652/1700/1656 1654/1702/1658 1650/1696/1654
f 1154/1025/1156 1152/1175/1154 1153/1176/1155
f 1154/1025/1156 1156/1178/1158 1158/1180/1160
f 1155/1021/1157 1154/1025/1156 1161/1182/1163
f 1161/1182/1163 1154/1025/1156 1158/1180/1160
f 272/252/272 1157/1179/1159 270/83/270
f 271/251/271 1608/1703/1612 272/252/272
f 274/254/274 1655/1704/1659 1656/1705/1660
f 1160/1181/1162 1163/1033/1165 1161/1182/1163
f 274/254/274 1162/1183/1164 1159/1028/1161
f 1654/1702/1658 1657/1706/1661 1164/94/1166
f 1658/1513/1662 274/254/274 1656/1705/1660
f 1658/1513/1662 1659/1707/1663 1660/1708/1664
f 274/254/274 1658/1513/1662 275/255/275
f 275/255/275 1658/1513/1662 1660/1708/1664
f 276/256/276 275/255/275 1660/1708/1664
f 276/256/276 1660/1708/1664 1661/1709/1665
f 1165/1034/1167 276/256/276 1661/1709/1665
f 1661/1709/1665 1662/1710/1666 1165/1034/1167
f 1165/1034/1167 281/95/281 276/256/276
f 1662/1710/1666 1166/1184/1168 1165/1034/1167
f 1663/98/1667 1164/94/1166 280/259/280
f 1663/98/1667 280/259/280 282/260/282
f 1662/1710/1666 1664/1711/1668 1168/1186/1170
f 1665/1712/1669 1654/1702/1658 1164/94/1166
f 1665/1712/1669 1164/94/1166 1663/98/1667
f 1654/1702/1658 1666/1713/1670 1650/1696/1654
f 1654/1702/1658 1665/1712/1669 1666/1713/1670
f 297/277/297 1667/1521/1671 1614/1524/1618
f 1613/1714/1617 297/277/297 1614/1524/1618
f 297/277/297 1613/1714/1617 299/279/299
f 1667/1521/1671 297/277/297 295/274/295
f 1650/1696/1654 1668/1715/1672 1651/1697/1655
f 1650/1696/1654 1666/1713/1670 1668/1715/1672
f 1668/1715/1672 1669/1716/1673 1651/1697/1655
f 1669/1716/1673 1670/1717/1674 1649/1694/1653
f 1669/1716/1673 1668/1715/1672 1671/1718/1675
f 1670/1717/1674 1669/1716/1673 1671/1718/1675
f 1666/1713/1670 1672/1533/1676 1668/1715/1672
f 1668/1715/1672 1672/1533/1676 1671/1718/1675
f 1673/1534/1677 1648/1692/1652 1670/1717/1674
f 1665/1712/1669 1674/1535/1678 1666/1713/1670
f 1672/1533/1676 1666/1713/1670 1674/1535/1678
f 1675/1719/1679 1670/1717/1674 1671/1718/1675
f 1673/1534/1677 1670/1717/1674 1675/1719/1679
f 1676/1720/1680 1673/1534/1677 1675/1719/1679
f 1673/1534/1677 1676/1720/1680 1636/1691/1640
f 1676/1720/1680 1082/1721/1084 1636/1691/1640
f 1677/1722/1681 1672/1533/1676 1674/1535/1678
f 1671/1718/1675 1672/1533/1676 1677/1722/1681
f 1678/1723/1682 1665/1712/1669 1663/98/1667
f 1674/1535/1678 1665/1712/1669 1678/1723/1682
f 1675/1719/1679 1671/1718/1675 1679/1724/1683
f 1676/1720/1680 1680/1542/1684 1082/1721/1084
f 1680/1542/1684 1073/1725/1075 1082/1721/1084
f 1676/1720/1680 1675/1719/1679 1681/1726/1685
f 1680/1542/1684 1676/1720/1680 1681/1726/1685
f 1681/1726/1685 1675/1719/1679 1679/1724/1683
f 1677/1722/1681 1674/1535/1678 1682/1727/1686
f 1682/1727/1686 1674/1535/1678 1678/1723/1682
f 1678/1723/1682 1663/98/1667 1683/1728/1687
f 1684/1729/1688 1677/1722/1681 1682/1727/1686
f 1685/1730/1689 1679/1724/1683 1684/1729/1688
f 1681/1726/1685 1686/1731/1690 1680/1542/1684
f 1685/1730/1689 1686/1731/1690 1681/1726/1685
f 1680/1542/1684 1687/1732/1691 1073/1725/1075
f 1686/1731/1690 1687/1732/1691 1680/1542/1684
f 1678/1723/1682 1688/1550/1692 1682/1727/1686
f 1688/1550/1692 1678/1723/1682 1683/1728/1687
f 1688/1550/1692 1689/1551/1693 1682/1727/1686
f 1684/1729/1688 1682/1727/1686 1689/1551/1693
f 1685/1730/1689 1684/1729/1688 1690/1733/1694
f 1690/1733/1694 1684/1729/1688 1689/1551/1693
f 1691/1734/1695 1685/1730/1689 1690/1733/1694
f 1685/1730/1689 1691/1734/1695 1686/1731/1690
f 289/267/289 291/104/291 1683/1728/1687
f 291/104/291 1688/1550/1692 1683/1728/1687
f 1691/1734/1695 1692/1735/1696 1686/1731/1690
f 1686/1731/1690 1692/1735/1696 1687/1732/1691
f 1690/1733/1694 1689/1551/1693 1693/1555/1697
f 1690/1733/1694 1693/1555/1697 1691/1734/1695
f 1689/1551/1693 1688/1550/1692 1694/1736/1698
f 1688/1550/1692 291/104/291 1694/1736/1698
f 1689/1551/1693 1695/1737/1699 1693/1555/1697
f 1695/1737/1699 1689/1551/1693 1694/1736/1698
f 1693/1555/1697 1696/1738/1700 1691/1734/1695
f 1691/1734/1695 1696/1738/1700 1692/1735/1696
f 292/270/292 1695/1737/1699 1694/1736/1698
f 1694/1736/1698 291/104/291 292/270/292
f 291/104/291 290/268/290 292/270/292
f 1696/1738/1700 1693/1555/1697 1543/1739/1547
f 1544/1740/1548 1695/1737/1699 292/270/292
f 1544/1740/1548 1543/1739/1547 1695/1737/1699
f 293/271/293 1544/1740/1548 292/270/292
f 1545/1741/1549 1696/1738/1700 1543/1739/1547
f 289/267/289 284/262/284 294/107/294
f 1697/1742/1701 1696/1738/1700 1545/1741/1549
f 1696/1738/1700 1697/1742/1701 1692/1735/1696
f 297/277/297 296/276/296 1548/1743/1552
f 299/279/299 1617/1744/1621 300/281/300
f 300/281/300 1698/1745/1702 112/280/112
f 1698/1745/1702 300/281/300 1617/1744/1621
f 1698/1745/1702 1552/1746/1556 112/280/112
f 1618/1747/1622 1698/1745/1702 1617/1744/1621
f 1699/1748/1703 1698/1745/1702 1618/1747/1622
f 1698/1745/1702 1699/1748/1703 1552/1746/1556
f 1699/1748/1703 1555/1749/1559 1552/1746/1556
f 1619/1574/1623 1699/1748/1703 1618/1747/1622
f 1557/1750/1561 1474/1751/1478 1630/1577/1634
f 1700/1752/1704 1557/1750/1561 1630/1577/1634
f 1700/1752/1704 1630/1577/1634 1629/1753/1633
f 1559/1754/1563 1557/1750/1561 1700/1752/1704
f 1700/1752/1704 1629/1753/1633 1634/1755/1638
f 1701/1756/1705 1700/1752/1704 1634/1755/1638
f 1701/1756/1705 1559/1754/1563 1700/1752/1704
f 1561/1757/1565 1559/1754/1563 1701/1756/1705
f 1702/1758/1706 1701/1756/1705 1634/1755/1638
f 1064/1759/1066 1702/1758/1706 1634/1755/1638
f 1701/1756/1705 1702/1758/1706 1703/1760/1707
f 1703/1760/1707 1561/1757/1565 1701/1756/1705
f 1561/1757/1565 1703/1760/1707 1564/1761/1568
f 1687/1732/1691 1704/1762/1708 1073/1725/1075
f 1704/1762/1708 1702/1758/1706 1064/1759/1066
f 1073/1725/1075 1704/1762/1708 1068/1589/1070
f 1068/1589/1070 1704/1762/1708 1064/1759/1066
f 1705/1763/1709 1704/1762/1708 1687/1732/1691
f 1705/1763/1709 1702/1758/1706 1704/1762/1708
f 1702/1758/1706 1705/1763/1709 1703/1760/1707
f 1564/1761/1568 1706/1591/1710 1547/1764/1551
f 1706/1591/1710 1703/1760/1707 1705/1763/1709
f 1706/1591/1710 1697/1742/1701 1547/1764/1551
f 1703/1760/1707 1706/1591/1710 1564/1761/1568
f 1697/1742/1701 1706/1591/1710 1707/1592/1711
f 1692/1735/1696 1707/1592/1711 1687/1732/1691
f 1692/1735/1696 1697/1742/1701 1707/1592/1711
f 1687/1732/1691 1707/1592/1711 1705/1763/1709
f 1707/1592/1711 1706/1591/1710 1705/1763/1709
f 302/284/302 1571/1765/1575 1570/1766/1574
f 271/1596/271 270/282/270 302/284/302
f 1571/1765/1575 302/284/302 113/286/113
f 302/284/302 301/283/301 113/286/113
f 261/291/261 233/292/233 247/294/247
f 1176/1193/1178 1580/1767/1584 998/1768/998
f 1173/1191/1175 1176/1193/1178 998/1768/998
f 1173/1191/1175 998/1768/998 1171/1190/1173
f 998/1768/998 997/1047/997 1171/1190/1173
f 1173/1191/1175 1174/1052/1176 1176/1193/1178
f 306/303/306 1172/1050/1174 305/300/305
f 1176/1193/1178 1175/1192/1177 1185/1202/1187
f 1175/1192/1177 1174/1052/1176 1178/1195/1180
f 1177/1194/1179 314/313/314 1179/1196/1181
f 1178/1195/1180 1177/1194/1179 1183/1200/1185
f 1177/1194/1179 1179/1196/1181 1183/1200/1185
f 1183/1200/1185 1179/1196/1181 1180/1197/1182
f 1178/1195/1180 1183/1200/1185 1187/1062/1189
f 1182/1199/1184 1187/1062/1189 1183/1200/1185
f 1708/1769/1712 1178/1195/1180 1187/1062/1189
f 1175/1192/1177 1178/1195/1180 1708/1769/1712
f 1186/1061/1188 1175/1192/1177 1708/1769/1712
f 1175/1192/1177 1186/1061/1188 1185/1202/1187
f 1190/1204/1192 1185/1202/1187 1184/1201/1186
f 1194/1208/1196 1184/1201/1186 1186/1061/1188
f 1194/1208/1196 1186/1061/1188 1708/1769/1712
f 1188/1203/1190 1194/1208/1196 1708/1769/1712
f 1708/1769/1712 1187/1062/1189 1188/1203/1190
f 1188/1203/1190 338/342/338 1202/1216/1204
f 1194/1208/1196 1188/1203/1190 1202/1216/1204
f 1190/1204/1192 1189/1066/1191 1619/1770/1623
f 1619/1770/1623 1189/1066/1191 1192/1206/1194
f 1193/1207/1195 1192/1206/1194 1189/1066/1191
f 1195/1209/1197 1194/1208/1196 1202/1216/1204
f 1189/1066/1191 1184/1201/1186 1199/1213/1201
f 1199/1213/1201 1193/1207/1195 1189/1066/1191
f 1197/1211/1199 1193/1207/1195 1199/1213/1201
f 1197/1211/1199 1196/1210/1198 1193/1207/1195
f 1198/1212/1200 1184/1201/1186 1195/1209/1197
f 1199/1213/1201 1198/1212/1200 1200/1214/1202
f 1197/1211/1199 1200/1214/1202 1202/1216/1204
f 1195/1209/1197 1200/1214/1202 1198/1212/1200
f 1195/1209/1197 1202/1216/1204 1200/1214/1202
f 1201/1215/1203 335/339/335 1197/1211/1199
f 1201/1215/1203 333/337/333 335/339/335
f 1182/1199/1184 339/343/339 338/342/338
f 1203/1217/1205 340/344/340 339/343/339
f 1206/1221/1208 1030/1222/1030 1029/1220/1029
f 1032/1225/1032 1030/1222/1030 1207/1223/1209
f 1032/1225/1032 1207/1223/1209 1208/1226/1210
f 1207/1223/1209 1206/1221/1208 1210/1228/1212
f 1210/1228/1212 360/364/360 1207/1223/1209
f 1206/1221/1208 355/359/355 1231/1249/1235
f 1206/1221/1208 1231/1249/1235 1210/1228/1212
f 1210/1228/1212 1231/1249/1235 1709/1771/1713
f 1210/1228/1212 1709/1771/1713 1211/1229/1213
f 1709/1771/1713 1213/1231/1215 1211/1229/1213
f 1182/1199/1184 1180/1197/1182 1214/1232/1216
f 1213/1231/1215 1215/1233/1217 1212/1230/1214
f 1182/1199/1184 1217/1235/1219 339/343/339
f 1217/1235/1219 1182/1199/1184 1214/1232/1216
f 1217/1235/1219 1710/1772/1714 339/343/339
f 1710/1772/1714 1203/1217/1205 339/343/339
f 1217/1235/1219 1218/1236/1220 1710/1772/1714
f 1203/1217/1205 1711/1773/1715 352/196/352
f 1711/1773/1715 1203/1217/1205 1710/1772/1714
f 1712/1774/1716 1711/1773/1715 1710/1772/1714
f 1218/1236/1220 1712/1774/1716 1710/1772/1714
f 1711/1773/1715 1219/1237/1221 352/196/352
f 1713/1665/1717 1711/1773/1715 1712/1774/1716
f 1713/1665/1717 1712/1774/1716 1218/1236/1220
f 1219/1237/1221 1220/1238/1222 353/195/353
f 1219/1237/1221 1714/1775/1718 1220/1238/1222
f 1713/1665/1717 1714/1775/1718 1711/1773/1715
f 1714/1775/1718 1219/1237/1221 1711/1773/1715
f 579/1240/1224 1714/1775/1718 1713/1665/1717
f 1714/1775/1718 579/1240/1224 1220/1238/1222
f 581/1242/1226 1221/1239/1223 579/1240/1224
f 1715/1776/1719 581/1242/1226 579/1240/1224
f 579/1240/1224 1713/1665/1717 1715/1776/1719
f 1713/1665/1717 1716/1777/1720 1715/1776/1719
f 1716/1777/1720 1713/1665/1717 1218/1236/1220
f 1716/1777/1720 1218/1236/1220 1224/1244/1228
f 1218/1236/1220 1216/1234/1218 1224/1244/1228
f 1716/1777/1720 1224/1244/1228 1715/1776/1719
f 1715/1776/1719 1224/1244/1228 1223/1243/1227
f 1715/1776/1719 1226/1246/1230 581/1242/1226
f 1715/1776/1719 1223/1243/1227 1226/1246/1230
f 1213/1231/1215 1709/1771/1713 1227/1111/1231
f 1226/1246/1230 1225/1245/1229 1227/1111/1231
f 1226/1246/1230 1228/1112/1232 581/1242/1226
f 1228/1112/1232 1222/1241/1225 581/1242/1226
f 1717/1778/1721 1228/1112/1232 1226/1246/1230
f 1227/1111/1231 1717/1778/1721 1226/1246/1230
f 1717/1778/1721 1227/1111/1231 1709/1771/1713
f 1717/1778/1721 1709/1771/1713 1229/1247/1233
f 1228/1112/1232 1717/1778/1721 1229/1247/1233
f 1231/1249/1235 1229/1247/1233 1709/1771/1713
f 1230/1248/1234 1222/1241/1225 1229/1247/1233
f 1230/1248/1234 1205/1219/1207 1222/1241/1225
f 1231/1249/1235 1230/1248/1234 1229/1247/1233
f 1718/1779/1722 1719/1780/1723 1720/1781/1724
f 1718/1779/1722 1720/1781/1724 1721/1782/1725
f 1720/1781/1724 1722/1783/1726 1721/1782/1725
f 1723/1784/1727 1724/1785/1728 1718/1786/1722
f 1723/1784/1727 1718/1786/1722 1721/1787/1725
f 1723/1784/1727 1725/1788/1729 1726/1789/1730
f 1727/1790/1731 1724/1785/1728 1728/1791/1732
f 1729/1792/1733 1730/1793/1734 1731/1794/1735
f 1729/1792/1733 1732/1795/1736 1730/1793/1734
f 1235/1254/1239 1733/1796/1737 1734/1797/1738
f 1232/1251/1236 1735/1798/1739 1233/1252/1237
f 1235/1254/1239 1735/1798/1739 1232/1251/1236
f 1232/1251/1236 394/398/394 1235/1254/1239
f 1235/1254/1239 1234/1253/1238 1733/1796/1737
f 1234/1253/1238 1736/1799/1740 1733/1796/1737
f 1732/1795/1736 1737/1800/1741 1730/1793/1734
f 1738/1801/1742 1737/1800/1741 1732/1795/1736
f 1738/1801/1742 1739/1802/1743 1737/1800/1741
f 1739/1802/1743 1738/1801/1742 1276/1803/1280
f 1739/1802/1743 1740/1804/1744 1737/1800/1741
f 1737/1800/1741 1740/1804/1744 1730/1793/1734
f 1740/1804/1744 1741/1805/1745 1730/1793/1734
f 1742/1806/1746 1743/1807/1747 1237/1256/1241
f 1233/1252/1237 1742/1806/1746 1237/1256/1241
f 1744/1808/1748 497/1257/497 1237/1256/1241
f 1234/1253/1238 393/397/393 1745/1809/1749
f 1745/1809/1749 473/1810/473 1234/1253/1238
f 1234/1253/1238 473/1810/473 1736/1799/1740
f 473/1810/473 1746/1811/1750 1736/1799/1740
f 1746/1811/1750 473/1810/473 397/401/397
f 473/1810/473 398/402/398 397/401/397
f 418/1259/418 1747/1812/1751 1239/1260/1243
f 1241/1262/1245 1747/1812/1751 418/1259/418
f 1241/1262/1245 1240/1261/1244 1727/1813/1731
f 1727/1813/1731 1748/1814/1752 1241/1262/1245
f 1748/1814/1752 1727/1813/1731 1749/1815/1753
f 1750/1816/1754 1748/1814/1752 1749/1815/1753
f 1748/1814/1752 1751/1817/1755 1241/1262/1245
f 1241/1262/1245 1751/1817/1755 1747/1812/1751
f 1752/1818/1756 1748/1814/1752 1750/1816/1754
f 1748/1814/1752 1752/1818/1756 1751/1817/1755
f 1753/1819/1757 1752/1818/1756 1750/1816/1754
f 1752/1818/1756 1753/1819/1757 1754/1820/1758
f 1753/1819/1757 1755/1821/1759 1754/1820/1758
f 1755/1821/1759 1756/1822/1760 1754/1820/1758
f 1757/1823/1761 1756/1822/1760 1755/1821/1759
f 1756/1822/1760 1757/1823/1761 1758/1824/1762
f 1759/1825/1763 1752/1818/1756 1754/1820/1758
f 1754/1820/1758 1756/1822/1760 1759/1825/1763
f 1760/1826/1764 1756/1822/1760 1758/1824/1762
f 1758/1824/1762 1761/1827/1765 1760/1826/1764
f 1762/1828/1766 1756/1822/1760 1760/1826/1764
f 1756/1822/1760 1762/1828/1766 1759/1825/1763
f 1752/1818/1756 1759/1825/1763 1763/1829/1767
f 1752/1818/1756 1763/1829/1767 1751/1817/1755
f 1763/1829/1767 1764/1830/1768 1751/1817/1755
f 1765/1831/1769 1759/1825/1763 1762/1828/1766
f 1759/1825/1763 1765/1831/1769 1763/1829/1767
f 1761/1827/1765 1766/1832/1770 1760/1826/1764
f 1766/1832/1770 1762/1828/1766 1760/1826/1764
f 1765/1831/1769 1767/1833/1771 1763/1829/1767
f 1767/1833/1771 1764/1830/1768 1763/1829/1767
f 1762/1828/1766 1766/1832/1770 1768/1834/1772
f 1765/1831/1769 1768/1834/1772 1767/1833/1771
f 1768/1834/1772 1765/1831/1769 1762/1828/1766
f 1761/1827/1765 1769/1835/1773 1766/1832/1770
f 1766/1832/1770 1769/1835/1773 1768/1834/1772
f 1761/1827/1765 1770/1836/1774 1769/1835/1773
f 1770/1836/1774 1761/1827/1765 1758/1837/1762
f 1769/1835/1773 1770/1836/1774 1771/1838/1775
f 1770/1836/1774 1758/1837/1762 1771/1838/1775
f 1768/1834/1772 1771/1838/1775 1767/1833/1771
f 1768/1834/1772 1769/1835/1773 1771/1838/1775
f 1771/1838/1775 1757/1839/1761 1767/1833/1771
f 1758/1837/1762 1757/1839/1761 1771/1838/1775
f 1764/1830/1768 1772/1840/1776 1751/1817/1755
f 1751/1817/1755 1772/1840/1776 1747/1812/1751
f 1773/1841/1777 1772/1840/1776 1764/1830/1768
f 1773/1841/1777 1239/1260/1243 1747/1812/1751
f 1772/1840/1776 1773/1841/1777 1747/1812/1751
f 1774/1842/1778 1239/1260/1243 1773/1841/1777
f 1774/1842/1778 1775/1843/1779 1239/1260/1243
f 1776/1844/1780 1773/1841/1777 1764/1830/1768
f 1773/1841/1777 1776/1844/1780 1774/1842/1778
f 1767/1833/1771 1777/1845/1781 1764/1830/1768
f 1757/1839/1761 1777/1845/1781 1767/1833/1771
f 1778/1846/1782 1764/1830/1768 1777/1845/1781
f 1764/1830/1768 1778/1846/1782 1776/1844/1780
f 1777/1845/1781 1757/1839/1761 1778/1846/1782
f 1776/1844/1780 1778/1846/1782 1779/1847/1783
f 1776/1844/1780 1779/1847/1783 1774/1842/1778
f 1775/1843/1779 1774/1842/1778 1779/1847/1783
f 1757/1839/1761 1780/1848/1784 1778/1846/1782
f 1780/1848/1784 1757/1839/1761 1781/1849/1785
f 1778/1846/1782 1782/1850/1786 1779/1847/1783
f 1782/1850/1786 1778/1846/1782 1780/1848/1784
f 1783/1851/1787 1780/1848/1784 1781/1849/1785
f 1781/1849/1785 1784/1852/1788 1783/1851/1787
f 1780/1848/1784 1783/1851/1787 1785/1853/1789
f 1785/1853/1789 1782/1850/1786 1780/1848/1784
f 1782/1850/1786 1785/1853/1789 1786/1854/1790
f 1782/1850/1786 1786/1854/1790 1779/1847/1783
f 1787/1855/1791 1775/1843/1779 1779/1847/1783
f 1786/1854/1790 1787/1855/1791 1779/1847/1783
f 1783/1851/1787 1784/1852/1788 1788/1856/1792
f 1783/1851/1787 1788/1856/1792 1785/1853/1789
f 1750/1857/1754 1775/1843/1779 1787/1855/1791
f 1750/1857/1754 1749/1858/1753 1775/1843/1779
f 1753/1859/1757 1750/1857/1754 1787/1855/1791
f 1789/1860/1793 1787/1855/1791 1786/1854/1790
f 1753/1859/1757 1787/1855/1791 1789/1860/1793
f 1753/1859/1757 1789/1860/1793 1755/1861/1759
f 1786/1854/1790 1790/1862/1794 1789/1860/1793
f 1790/1862/1794 1785/1853/1789 1788/1856/1792
f 1785/1853/1789 1790/1862/1794 1786/1854/1790
f 1755/1861/1759 1789/1860/1793 1791/1863/1795
f 1790/1862/1794 1791/1863/1795 1789/1860/1793
f 1757/1864/1761 1755/1861/1759 1791/1863/1795
f 1791/1863/1795 1792/1865/1796 1757/1864/1761
f 1792/1865/1796 1791/1863/1795 1790/1862/1794
f 1781/1866/1785 1792/1865/1796 1784/1852/1788
f 1792/1865/1796 1781/1866/1785 1757/1864/1761
f 1793/1867/1797 1784/1852/1788 1792/1865/1796
f 1793/1867/1797 1788/1856/1792 1784/1852/1788
f 1793/1867/1797 1792/1865/1796 1790/1862/1794
f 1793/1867/1797 1790/1862/1794 1788/1856/1792
f 418/425/418 421/430/421 419/426/419
f 1251/1274/1255 1253/1276/1257 1248/1271/1252
f 1253/1276/1257 1250/1273/1254 1248/1271/1252
f 457/479/457 452/470/452 453/471/453
f 1255/1278/1259 1252/1275/1256 1253/1276/1257
f 465/488/465 1720/1868/1724 461/484/461
f 1255/1278/1259 1256/1279/1260 1254/1277/1258
f 1253/1276/1257 1251/1274/1255 1794/1869/1798
f 1253/1276/1257 1794/1869/1798 1255/1278/1259
f 1256/1279/1260 1257/1280/1261 463/486/463
f 1720/1868/1724 465/488/465 1795/1870/1799
f 1722/1871/1726 1720/1868/1724 1795/1870/1799
f 1795/1870/1799 465/488/465 466/489/466
f 1257/1280/1261 466/489/466 462/485/462
f 1795/1870/1799 1796/1872/1800 1722/1871/1726
f 1257/1280/1261 1256/1279/1260 1797/1873/1801
f 1794/1869/1798 1798/1874/1802 1255/1278/1259
f 1256/1279/1260 1255/1278/1259 1798/1874/1802
f 1799/1875/1803 1800/1876/1804 1801/1877/1805
f 1798/1874/1802 1802/1878/1806 1797/1873/1801
f 1802/1878/1806 1803/1879/1807 1797/1873/1801
f 1794/1869/1798 1804/1880/1808 1798/1874/1802
f 1804/1880/1808 1802/1878/1806 1798/1874/1802
f 1804/1880/1808 1805/1881/1809 1802/1878/1806
f 1805/1881/1809 1806/1882/1810 1802/1878/1806
f 1251/1274/1255 1249/1272/1253 1260/1283/1264
f 1804/1880/1808 1794/1869/1798 1260/1283/1264
f 1251/1274/1255 1260/1283/1264 1794/1869/1798
f 1807/1883/1811 1804/1880/1808 1260/1283/1264
f 1804/1880/1808 1807/1883/1811 1805/1881/1809
f 1259/1282/1263 1249/1272/1253 1242/1265/1246
f 1807/1883/1811 1260/1283/1264 1259/1282/1263
f 1808/1884/1812 1259/1282/1263 1242/1265/1246
f 1808/1884/1812 1242/1265/1246 1238/1264/1242
f 1239/1885/1243 1808/1884/1812 1238/1264/1242
f 1808/1884/1812 1239/1885/1243 1775/1886/1779
f 1809/1887/1813 1807/1883/1811 1259/1282/1263
f 1259/1282/1263 1808/1884/1812 1809/1887/1813
f 1808/1884/1812 1810/1888/1814 1809/1887/1813
f 1810/1888/1814 1808/1884/1812 1775/1886/1779
f 1810/1888/1814 1775/1886/1779 1734/1889/1738
f 1810/1888/1814 1811/1890/1815 1262/1285/1266
f 1809/1887/1813 1810/1888/1814 1262/1285/1266
f 1807/1883/1811 1812/1891/1816 1805/1881/1809
f 1812/1891/1816 1807/1883/1811 1266/1289/1270
f 1733/1892/1737 1813/1893/1817 1811/1890/1815
f 1814/1894/1818 1813/1893/1817 1733/1892/1737
f 1263/1286/1267 1813/1893/1817 1814/1894/1818
f 1736/1895/1740 1814/1894/1818 1733/1892/1737
f 1736/1895/1740 1746/1896/1750 1814/1894/1818
f 1746/1896/1750 468/491/468 1814/1894/1818
f 468/491/468 1746/1896/1750 397/492/397
f 1815/1897/1819 1814/1894/1818 468/491/468
f 1815/1897/1819 1263/1286/1267 1814/1894/1818
f 470/495/470 1815/1897/1819 468/491/468
f 470/495/470 468/491/468 467/490/467
f 1816/1898/1820 1261/1284/1265 1263/1286/1267
f 1815/1897/1819 1816/1898/1820 1263/1286/1267
f 472/497/472 470/495/470 469/494/469
f 470/495/470 472/497/472 1815/1897/1819
f 472/497/472 1816/1898/1820 1815/1897/1819
f 472/497/472 471/496/471 473/499/473
f 472/497/472 473/499/473 1745/1899/1749
f 1816/1898/1820 472/497/472 1745/1899/1749
f 1816/1898/1820 1745/1899/1749 1261/1284/1265
f 1745/1899/1749 1264/1287/1268 1261/1284/1265
f 1812/1891/1816 1266/1289/1270 1265/1288/1269
f 475/501/475 1264/1287/1268 1745/1899/1749
f 393/1900/393 475/501/475 1745/1899/1749
f 475/501/475 393/1900/393 392/502/392
f 1264/1287/1268 1817/1901/1821 1265/1288/1269
f 1264/1287/1268 475/501/475 1817/1901/1821
f 1818/1902/1822 1812/1891/1816 1265/1288/1269
f 1817/1901/1821 1818/1902/1822 1265/1288/1269
f 475/501/475 1267/1290/1271 1817/1901/1821
f 1818/1902/1822 1817/1901/1821 1267/1290/1271
f 475/501/475 474/500/474 1267/1290/1271
f 1818/1902/1822 1819/1903/1823 1812/1891/1816
f 1812/1891/1816 1819/1903/1823 1805/1881/1809
f 1820/1904/1824 1805/1881/1809 1819/1903/1823
f 1820/1904/1824 1821/1905/1825 1805/1881/1809
f 1820/1904/1824 1819/1903/1823 1271/1294/1275
f 1820/1904/1824 1271/1294/1275 1821/1905/1825
f 1819/1903/1823 1269/1292/1273 1271/1294/1275
f 1269/1292/1273 1819/1903/1823 1818/1902/1822
f 1268/1291/1272 1818/1902/1822 1267/1290/1271
f 1268/1291/1272 1269/1292/1273 1818/1902/1822
f 1268/1291/1272 1267/1290/1271 478/507/478
f 1269/1292/1273 1268/1291/1272 482/513/482
f 1272/1295/1276 1271/1294/1275 1270/1293/1274
f 1271/1294/1275 1272/1295/1276 1821/1905/1825
f 1822/1906/1826 1823/1907/1827 1821/1905/1825
f 1822/1906/1826 1821/1905/1825 1272/1295/1276
f 1822/1906/1826 1824/1908/1828 1801/1877/1805
f 1825/1909/1829 1799/1875/1803 1801/1877/1805
f 1273/1296/1277 1272/1295/1276 492/528/492
f 1822/1906/1826 1273/1296/1277 1824/1908/1828
f 1273/1296/1277 1822/1906/1826 1272/1295/1276
f 1826/1910/1830 1825/1909/1829 1824/1908/1828
f 1799/1875/1803 1825/1909/1829 1826/1910/1830
f 1824/1908/1828 1273/1296/1277 1274/1297/1278
f 1273/1296/1277 496/535/496 1274/1297/1278
f 1274/1297/1278 1744/1911/1748 1824/1908/1828
f 1274/1297/1278 497/536/497 1744/1911/1748
f 1741/1912/1745 1826/1910/1830 1824/1908/1828
f 1827/1913/1831 1826/1910/1830 1741/1912/1745
f 1827/1913/1831 1828/1914/1832 1826/1910/1830
f 1740/1915/1744 1827/1913/1831 1741/1912/1745
f 1828/1914/1832 1827/1913/1831 1275/1298/1279
f 1827/1913/1831 1740/1915/1744 1275/1298/1279
f 1740/1915/1744 1739/1916/1743 1275/1298/1279
f 1739/1916/1743 1276/1299/1280 1275/1298/1279
f 1277/1300/1281 1828/1914/1832 1275/1298/1279
f 1738/1917/1742 1277/1300/1281 1276/1299/1280
f 1828/1914/1832 1277/1300/1281 1738/1917/1742
f 1732/1918/1736 1828/1914/1832 1738/1917/1742
f 1732/1918/1736 1729/1919/1733 1828/1914/1832
f 1828/1914/1832 1829/1920/1833 1826/1910/1830
f 1829/1920/1833 1729/1919/1733 1830/1921/1834
f 1729/1919/1733 1829/1920/1833 1828/1914/1832
f 1829/1920/1833 1799/1875/1803 1826/1910/1830
f 1799/1875/1803 1829/1920/1833 1830/1921/1834
f 1279/1302/1283 1831/1922/1835 1832/1923/1836
f 1279/1302/1283 1832/1923/1836 1280/1303/1284
f 579/1924/579 1831/1922/1835 1279/1302/1283
f 1833/1925/1837 1279/1302/1283 1278/1301/1282
f 1833/1925/1837 579/1924/579 1279/1302/1283
f 1833/1925/1837 1278/1301/1282 574/616/574
f 579/1924/579 1833/1925/1837 573/615/573
f 1833/1925/1837 574/616/574 573/615/573
f 579/1924/579 573/615/573 581/1926/581
f 576/618/576 573/615/573 572/614/572
f 573/615/573 576/618/576 581/1926/581
f 581/1926/581 576/618/576 582/1927/582
f 582/1927/582 576/618/576 575/617/575
f 1280/1306/1284 1281/1307/1285 578/620/578
f 1281/1307/1285 1280/1306/1284 1832/1928/1836
f 1281/1307/1285 1832/1928/1836 1831/1929/1835
f 1281/1307/1285 1831/1929/1835 579/621/579
f 579/621/579 581/625/581 580/622/580
f 582/626/582 575/624/575 580/622/580
f 1834/1930/1838 1835/1931/1839 1836/1932/1840
f 1836/1932/1840 1835/1931/1839 1285/1933/1289
f 1835/1931/1839 1282/1308/1286 1285/1933/1289
f 1834/1930/1838 590/1924/590 1835/1931/1839
f 1835/1931/1839 1283/1309/1287 1282/1308/1286
f 590/1924/590 1283/1309/1287 1835/1931/1839
f 1283/1309/1287 590/1924/590 584/628/584
f 590/1924/590 591/1934/591 584/628/584
f 584/628/584 583/627/583 1284/1310/1288
f 591/1934/591 585/629/585 584/628/584
f 585/629/585 591/1934/591 592/1935/592
f 585/629/585 592/1935/592 586/630/586
f 1285/1313/1289 1286/1314/1290 1836/1928/1840
f 1836/1928/1840 1286/1314/1290 1834/1936/1838
f 1834/1936/1838 1286/1314/1290 590/635/590
f 1286/1314/1290 588/632/588 590/635/590
f 591/637/591 589/634/589 592/638/592
f 652/1937/652 593/639/593 1837/1938/1841
f 1838/1939/1842 652/1937/652 1837/1938/1841
f 1837/1938/1841 1839/1940/1843 1838/1939/1842
f 1839/1940/1843 1289/1317/1293 1838/1939/1842
f 1839/1940/1843 1287/1315/1291 1289/1317/1293
f 1837/1938/1841 593/639/593 595/641/595
f 1840/1941/1844 1839/1940/1843 1837/1938/1841
f 595/641/595 1840/1941/1844 1837/1938/1841
f 1841/1942/1845 1287/1315/1291 1839/1940/1843
f 1840/1941/1844 1841/1942/1845 1839/1940/1843
f 1841/1942/1845 1293/1321/1297 1287/1315/1291
f 1841/1942/1845 1842/1943/1846 1293/1321/1297
f 1841/1942/1845 1840/1941/1844 1842/1943/1846
f 595/641/595 594/640/594 600/646/600
f 1840/1941/1844 595/641/595 600/646/600
f 596/642/596 597/643/597 594/640/594
f 596/642/596 1843/768/1847 597/643/597
f 1844/1944/1848 1840/1941/1844 600/646/600
f 1840/1941/1844 1844/1944/1848 1842/1943/1846
f 600/646/600 599/645/599 607/653/607
f 607/653/607 1845/1945/1849 600/646/600
f 1845/1945/1849 1844/1944/1848 600/646/600
f 606/652/606 599/645/599 598/644/598
f 1846/1946/1850 606/652/606 598/644/598
f 1295/1323/1299 608/654/608 603/649/603
f 612/658/612 1295/1323/1299 603/649/603
f 1846/1946/1850 598/644/598 610/656/610
f 1846/1946/1850 610/656/610 644/690/644
f 1295/1323/1299 612/658/612 611/657/611
f 1295/1323/1299 611/657/611 621/667/621
f 623/669/623 622/668/622 625/671/625
f 623/669/623 625/671/625 1295/1323/1299
f 623/669/623 1295/1323/1299 621/667/621
f 610/656/610 609/655/609 1847/1947/1851
f 610/656/610 1847/1947/1851 1848/1948/1852
f 1849/1949/1853 1850/1412/1854 1851/795/1855
f 1852/1950/1856 644/690/644 610/656/610
f 1852/1950/1856 1848/1948/1852 1853/1951/1857
f 1849/1949/1853 1854/1952/1858 1855/1953/1859
f 1855/1953/1859 1854/1952/1858 1856/1954/1860
f 1857/1955/1861 1856/1954/1860 1858/1956/1862
f 1859/1957/1863 1857/1955/1861 1858/1956/1862
f 1857/1955/1861 1860/1958/1864 1856/1954/1860
f 1857/1955/1861 1859/1957/1863 1860/1958/1864
f 1859/1957/1863 1861/1959/1865 1860/1958/1864
f 1861/1959/1865 1862/1960/1866 1860/1958/1864
f 1855/1953/1859 1856/1954/1860 1863/1961/1867
f 1860/1958/1864 1863/1961/1867 1856/1954/1860
f 1862/1960/1866 1863/1961/1867 1860/1958/1864
f 1855/1953/1859 1864/1962/1868 1849/1949/1853
f 1865/1963/1869 1852/1950/1856 1866/1964/1870
f 1865/1963/1869 1866/1964/1870 1867/1965/1871
f 1852/1950/1856 645/691/645 644/690/644
f 1865/1963/1869 645/691/645 1852/1950/1856
f 1868/801/1872 645/691/645 1865/1963/1869
f 1868/801/1872 1865/1963/1869 1869/1966/1873
f 1870/1967/1874 1869/1966/1873 1867/1965/1871
f 1868/801/1872 643/689/643 645/691/645
f 1871/1968/1875 1870/1967/1874 691/1969/691
f 1872/1970/1876 1873/802/1877 1868/801/1872
f 1874/1971/1878 1872/1970/1876 1868/801/1872
f 1875/1972/1879 644/690/644 1876/1973/1880
f 1846/1946/1850 644/690/644 1875/1972/1879
f 1877/1974/1881 1868/801/1872 1869/1966/1873
f 1877/1974/1881 1874/1971/1878 1868/801/1872
f 1871/1968/1875 1878/1975/1882 1869/1966/1873
f 1878/1975/1882 1877/1974/1881 1869/1966/1873
f 1878/1975/1882 1874/1971/1878 1877/1974/1881
f 1302/1329/1306 1874/1971/1878 1878/1975/1882
f 1301/1328/1305 1878/1975/1882 1871/1968/1875
f 1301/1328/1305 1302/1329/1306 1878/1975/1882
f 648/694/648 1871/1968/1875 691/1969/691
f 648/694/648 1301/1328/1305 1871/1968/1875
f 691/1969/691 646/692/646 648/694/648
f 648/694/648 647/693/647 1301/1328/1305
f 1301/1328/1305 650/696/650 1302/1329/1306
f 606/652/606 1846/1946/1850 653/699/653
f 606/652/606 653/699/653 1879/1976/1883
f 607/653/607 606/652/606 1879/1976/1883
f 1880/1977/1884 1845/1945/1849 607/653/607
f 1879/1976/1883 1880/1977/1884 607/653/607
f 1879/1976/1883 653/699/653 1838/1978/1842
f 653/699/653 652/698/652 1838/1978/1842
f 1289/1979/1293 1880/1977/1884 1879/1976/1883
f 1838/1978/1842 1289/1979/1293 1879/1976/1883
f 1846/1946/1850 654/700/654 653/699/653
f 671/807/671 651/697/651 654/700/654
f 1881/1980/1885 671/807/671 654/700/654
f 1875/1972/1879 1881/1980/1885 1846/1946/1850
f 1881/1980/1885 654/700/654 1846/1946/1850
f 1881/1980/1885 1882/1981/1886 671/807/671
f 1880/1977/1884 1289/1979/1293 1304/1332/1308
f 1289/1979/1293 1288/1416/1292 1304/1332/1308
f 1288/1416/1292 1290/1330/1294 1304/1332/1308
f 1883/1982/1887 1884/1983/1888 1882/1981/1886
f 1885/1984/1889 1886/1985/1890 1884/1983/1888
f 1883/1982/1887 1887/1986/1891 1888/1987/1892
f 1884/1983/1888 1883/1982/1887 1888/1987/1892
f 1887/1986/1891 663/709/663 1888/1987/1892
f 1885/1984/1889 1884/1983/1888 1889/1988/1893
f 1889/1988/1893 1884/1983/1888 1888/1987/1892
f 656/702/656 1885/1984/1889 1889/1988/1893
f 1889/1988/1893 1888/1987/1892 657/703/657
f 1889/1988/1893 657/703/657 656/702/656
f 659/705/659 1888/1987/1892 663/709/663
f 1888/1987/1892 659/705/659 657/703/657
f 1880/1977/1884 1304/1332/1308 1890/1422/1894
f 1845/1945/1849 1880/1977/1884 1890/1422/1894
f 1845/1945/1849 1890/1422/1894 1891/1421/1895
f 1845/1945/1849 1891/1421/1895 1844/1944/1848
f 1892/1420/1896 1842/1943/1846 1844/1944/1848
f 1891/1421/1895 1892/1420/1896 1844/1944/1848
f 1842/1943/1846 1892/1420/1896 1317/1346/1321
f 1842/1943/1846 1317/1346/1321 1293/1321/1297
f 1892/1420/1896 1891/1421/1895 1316/1345/1320
f 1892/1420/1896 1316/1345/1320 1317/1346/1321
f 1891/1421/1895 1890/1422/1894 1314/1343/1318
f 1891/1421/1895 1314/1343/1318 1316/1345/1320
f 1890/1422/1894 1305/1333/1309 1314/1343/1318
f 1890/1422/1894 1304/1332/1308 1305/1333/1309
f 1304/1332/1308 1303/1331/1307 1305/1333/1309
f 1332/1358/1336 1324/1351/1328 1330/1356/1334
f 1330/1356/1334 1331/1357/1335 1893/1989/1897
f 1330/1356/1334 1893/1989/1897 1332/1358/1336
f 1893/1989/1897 1340/1366/1344 1332/1358/1336
f 1331/1357/1335 1894/1990/1898 1893/1989/1897
f 1893/1989/1897 1895/1991/1899 1340/1366/1344
f 1893/1989/1897 1894/1990/1898 1895/1991/1899
f 1894/1990/1898 1896/1992/1900 1895/1991/1899
f 1895/1991/1899 1896/1992/1900 1661/1993/1665
f 1332/1358/1336 1340/1366/1344 1334/1360/1338
f 1334/1360/1338 1325/822/1329 1332/1358/1336
f 1895/1991/1899 1897/1994/1901 1336/1362/1340
f 1895/1991/1899 1339/1365/1343 1340/1366/1344
f 1895/1991/1899 1336/1362/1340 1339/1365/1343
f 1337/1363/1341 1336/1362/1340 1897/1994/1901
f 1659/1995/1663 1337/1363/1341 1897/1994/1901
f 1340/1366/1344 1898/1996/1902 1334/1360/1338
f 1342/1368/1346 1333/1359/1337 1334/1360/1338
f 1334/1360/1338 1898/1996/1902 1342/1368/1346
f 1340/1366/1344 1338/1364/1342 1352/1381/1356
f 1898/1996/1902 1340/1366/1344 1352/1381/1356
f 1898/1996/1902 1351/1380/1355 1342/1368/1346
f 1351/1380/1355 1898/1996/1902 1352/1381/1356
f 1331/1443/1335 1311/1375/1315 1347/1376/1351
f 1348/1377/1352 1331/1443/1335 1347/1376/1351
f 1894/1997/1898 1331/1443/1335 1348/1377/1352
f 1349/1378/1353 1341/1367/1345 1342/1368/1346
f 1342/1368/1346 1351/1380/1355 1349/1378/1353
f 1348/1377/1352 1349/1378/1353 1899/1998/1903
f 1899/1998/1903 1894/1997/1898 1348/1377/1352
f 1896/1999/1900 1894/1997/1898 1899/1998/1903
f 1349/1378/1353 1900/2000/1904 1899/1998/1903
f 1351/1380/1355 1900/2000/1904 1349/1378/1353
f 1901/2001/1905 1899/1998/1903 1900/2000/1904
f 1901/2001/1905 1896/1999/1900 1899/1998/1903
f 1661/2002/1665 1896/1999/1900 1901/2001/1905
f 1662/2003/1666 1661/2002/1665 1901/2001/1905
f 1901/2001/1905 1902/2004/1906 1662/2003/1666
f 1902/2004/1906 1901/2001/1905 1900/2000/1904
f 1902/2004/1906 1664/2005/1668 1662/2003/1666
f 1900/2000/1904 1351/1380/1355 1354/1383/1358
f 1900/2000/1904 1354/1383/1358 1902/2004/1906
f 1903/2006/1907 1902/2004/1906 1354/1383/1358
f 1903/2006/1907 1904/2007/1908 1664/2005/1668
f 1903/2006/1907 1355/1384/1359 1904/2007/1908
f 1903/2006/1907 1354/1383/1358 1355/1384/1359
f 1351/1380/1355 1350/1379/1354 1354/1383/1358
f 1355/1384/1359 1905/2008/1909 1904/2007/1908
f 1905/2008/1909 1906/2009/1910 1904/2007/1908
f 1357/1386/1361 1905/2008/1909 1355/1384/1359
f 1907/2010/1911 1338/1364/1342 1337/1363/1341
f 1907/2010/1911 1356/1385/1360 1338/1364/1342
f 1358/1387/1362 1357/1386/1361 1353/1382/1357
f 1358/1387/1362 1356/1385/1360 1907/2010/1911
f 1905/2008/1909 1908/2011/1912 1906/2009/1910
f 1908/2011/1912 1909/2012/1913 1906/2009/1910
f 1910/2013/1914 1907/2010/1911 1337/1363/1341
f 1910/2013/1914 1337/1363/1341 1659/1995/1663
f 1911/2014/1915 1908/2011/1912 1905/2008/1909
f 1357/1386/1361 1911/2014/1915 1905/2008/1909
f 1358/1387/1362 1912/2015/1916 1357/1386/1361
f 1912/2015/1916 1911/2014/1915 1357/1386/1361
f 1912/2015/1916 1358/1387/1362 1913/2016/1917
f 1913/2016/1917 1907/2010/1911 1910/2013/1914
f 1913/2016/1917 1358/1387/1362 1907/2010/1911
f 1914/2017/1918 1913/2016/1917 1910/2013/1914
f 1914/2017/1918 1910/2013/1914 1659/1995/1663
f 1911/2014/1915 1915/2018/1919 1908/2011/1912
f 1915/2018/1919 1916/2019/1920 1908/2011/1912
f 1911/2014/1915 1912/2015/1916 1915/2018/1919
f 1917/2020/1921 1611/2021/1615 1916/2019/1920
f 1918/2022/1922 1919/2023/1923 1917/2020/1921
f 1918/2022/1922 1914/2017/1918 1920/2024/1924
f 1921/2025/1925 1912/2015/1916 1913/2016/1917
f 1921/2025/1925 1913/2016/1917 1914/2017/1918
f 1918/2022/1922 1921/2025/1925 1914/2017/1918
f 1922/2026/1926 1915/2018/1919 1912/2015/1916
f 1915/2018/1919 1922/2026/1926 1917/2020/1921
f 1922/2026/1926 1912/2015/1916 1921/2025/1925
f 1922/2026/1926 1921/2025/1925 1918/2022/1922
f 1917/2020/1921 1922/2026/1926 1918/2022/1922
f 669/719/669 670/720/670 1360/1389/1364
f 669/719/669 1360/1389/1364 655/715/655
f 1360/1389/1364 656/2027/656 655/715/655
f 663/2028/663 1359/1388/1363 661/718/661
f 1360/1389/1364 1359/1388/1363 1923/2029/1927
f 1887/2030/1891 1924/2031/1928 1923/2029/1927
f 1360/1389/1364 1925/2032/1929 656/2027/656
f 1926/2033/1930 672/723/672 1927/2034/1931
f 671/722/671 1886/2035/1890 672/723/672
f 673/724/673 672/723/672 1926/2033/1930
f 673/724/673 651/721/651 672/723/672
f 596/2036/596 593/726/593 673/724/673
f 673/724/673 1926/2033/1930 1928/2037/1932
f 673/724/673 1928/2037/1932 596/2036/596
f 1872/2038/1876 1874/2039/1878 1929/2040/1933
f 676/730/676 612/1391/612 603/731/603
f 1874/2039/1878 1930/2041/1934 1929/2040/1933
f 1874/2039/1878 1302/2042/1306 1930/2041/1934
f 676/730/676 1361/1390/1365 612/1391/612
f 676/730/676 674/727/674 680/738/680
f 1931/2043/1935 1364/1396/1368 1362/1392/1366
f 1858/2044/1862 1854/2045/1858 1932/2046/1936
f 1858/2044/1862 1932/2046/1936 1933/2047/1937
f 1859/2048/1863 1858/2044/1862 1933/2047/1937
f 1933/2047/1937 1932/2046/1936 1934/2049/1938
f 1933/2047/1937 1934/2049/1938 1859/2048/1863
f 1934/2049/1938 1861/2050/1865 1859/2048/1863
f 1932/2046/1936 1935/2051/1939 1934/2049/1938
f 1932/2046/1936 1936/2052/1940 1935/2051/1939
f 1934/2049/1938 1935/2051/1939 1861/2050/1865
f 1935/2051/1939 1862/2053/1866 1861/2050/1865
f 1935/2051/1939 1937/2054/1941 1862/2053/1866
f 1931/2043/1935 1937/2054/1941 1936/2052/1940
f 1931/2043/1935 1938/2055/1942 1937/2054/1941
f 1939/2056/1943 1940/2057/1944 1870/2058/1874
f 1940/2057/1944 1939/2056/1943 1930/2041/1934
f 1940/2057/1944 691/757/691 1870/2058/1874
f 1940/2057/1944 690/755/690 691/757/691
f 1940/2057/1944 693/760/693 690/755/690
f 693/760/693 1940/2057/1944 1930/2041/1934
f 1302/2042/1306 693/760/693 1930/2041/1934
f 1302/2042/1306 649/759/649 693/760/693
f 693/760/693 692/758/692 690/755/690
f 695/762/695 1941/1939/1945 696/763/696
f 1367/1403/1371 696/763/696 1941/1939/1945
f 1368/1317/1372 1367/1403/1371 1941/1939/1945
f 1388/2059/1392 1366/1402/1370 1368/1317/1372
f 1388/2059/1392 1369/1404/1373 1366/1402/1370
f 1367/1403/1371 1942/2060/1946 696/763/696
f 1942/2060/1946 697/764/697 696/763/696
f 1367/1403/1371 1366/1402/1370 1373/1405/1377
f 1942/2060/1946 1367/1403/1371 1373/1405/1377
f 701/642/701 694/761/694 698/640/698
f 1373/1405/1377 1392/1419/1396 1942/2060/1946
f 1392/1419/1396 1373/1405/1377 1372/1321/1376
f 699/646/699 697/764/697 1942/2060/1946
f 701/642/701 700/765/700 705/768/705
f 1943/2061/1947 699/646/699 1942/2060/1946
f 1392/1419/1396 1943/2061/1947 1942/2060/1946
f 1943/2061/1947 1944/1945/1948 699/646/699
f 1944/1945/1948 707/769/707 699/646/699
f 708/770/708 703/767/703 707/769/707
f 708/770/708 713/774/713 702/766/702
f 1377/658/1381 712/773/712 711/772/711
f 714/775/714 713/774/713 743/799/743
f 1377/658/1381 711/772/711 721/780/721
f 711/772/711 724/783/724 722/781/722
f 724/783/724 710/671/710 723/782/723
f 742/798/742 1945/2062/1949 714/775/714
f 1946/2063/1950 1947/2064/1951 1948/2065/1952
f 1947/2064/1951 1949/2066/1953 1948/2065/1952
f 1947/2064/1951 1950/1955/1954 1949/2066/1953
f 1950/1955/1954 1951/2067/1955 1949/2066/1953
f 1951/2067/1955 1950/1955/1954 1952/1958/1956
f 1950/1955/1954 1947/2064/1951 1952/1958/1956
f 1953/2068/1957 1951/2067/1955 1952/1958/1956
f 1953/2068/1957 1952/1958/1956 1954/2069/1958
f 1952/1958/1956 1955/2070/1959 1954/2069/1958
f 1955/2070/1959 1947/2064/1951 1946/2063/1950
f 1947/2064/1951 1955/2070/1959 1952/1958/1956
f 1954/2069/1958 1955/2070/1959 1956/2071/1960
f 742/798/742 1957/2072/1961 1958/2073/1962
f 742/798/742 744/800/744 1957/2072/1961
f 744/800/744 745/801/745 1959/1966/1963
f 1960/1967/1964 1961/2074/1965 1959/1966/1963
f 1960/1967/1964 1959/1966/1963 1962/2075/1966
f 1963/2076/1967 1960/1967/1964 1962/2075/1966
f 745/801/745 1964/2077/1968 1965/2078/1969
f 1966/2079/1970 745/801/745 1965/2078/1969
f 745/801/745 1966/2079/1970 1959/1966/1963
f 1966/2079/1970 1967/2080/1971 1959/1966/1963
f 1965/2078/1969 1967/2080/1971 1966/2079/1970
f 1967/2080/1971 1962/2075/1966 1959/1966/1963
f 1967/2080/1971 1965/2078/1969 1968/1329/1972
f 1385/1414/1389 1963/2076/1967 1962/2075/1966
f 1963/2076/1967 1385/1414/1389 748/803/748
f 1385/1414/1389 1962/2075/1966 1386/1328/1390
f 1962/2075/1966 1967/2080/1971 1386/1328/1390
f 1386/1328/1390 1967/2080/1971 1968/1329/1972
f 1385/1414/1389 749/804/749 748/803/748
f 1968/1329/1972 750/805/750 1387/1415/1391
f 1386/1328/1390 1968/1329/1972 1387/1415/1391
f 713/774/713 708/770/708 1969/699/1973
f 1969/699/1973 708/770/708 1970/1976/1974
f 708/770/708 707/769/707 1970/1976/1974
f 1944/1945/1948 1971/1977/1975 707/769/707
f 1971/1977/1975 1970/1976/1974 707/769/707
f 1969/699/1973 1970/1976/1974 1941/2081/1945
f 695/2082/695 1969/699/1973 1941/2081/1945
f 1971/1977/1975 1368/2083/1372 1970/1976/1974
f 1368/2083/1372 1941/2081/1945 1970/1976/1974
f 695/2082/695 751/806/751 1969/699/1973
f 1969/699/1973 751/806/751 753/808/753
f 753/808/753 713/774/713 1969/699/1973
f 752/807/752 1972/2084/1976 753/808/753
f 713/774/713 753/808/753 1972/2084/1976
f 1973/2085/1977 713/774/713 1972/2084/1976
f 1973/2085/1977 1972/2084/1976 1974/2086/1978
f 1368/2083/1372 1971/1977/1975 1389/1417/1393
f 1388/1416/1392 1368/2083/1372 1389/1417/1393
f 1973/2085/1977 1975/2087/1979 1976/2088/1980
f 1977/2089/1981 1975/2087/1979 1974/2086/1978
f 1977/2089/1981 1978/2090/1982 1976/2088/1980
f 1979/1983/1983 1977/2089/1981 1974/2086/1978
f 1979/1983/1983 1974/2086/1978 1980/1985/1984
f 1981/1984/1985 1979/1983/1983 1980/1985/1984
f 1977/2089/1981 1979/1983/1983 1982/1987/1986
f 1977/2089/1981 1982/1987/1986 1978/2090/1982
f 1982/1987/1986 759/813/759 1978/2090/1982
f 1979/1983/1983 1981/1984/1985 1983/2091/1987
f 1979/1983/1983 1983/2091/1987 1982/1987/1986
f 1981/1984/1985 1984/2092/1988 1983/2091/1987
f 1983/2091/1987 755/810/755 1982/1987/1986
f 755/810/755 1983/2091/1987 1984/2092/1988
f 755/810/755 1984/2092/1988 756/701/756
f 755/810/755 1390/705/1394 1982/1987/1986
f 1982/1987/1986 1390/705/1394 759/813/759
f 1390/705/1394 755/810/755 754/809/754
f 759/813/759 1390/705/1394 760/814/760
f 1971/1977/1975 1944/1945/1948 1398/1422/1402
f 1389/1417/1393 1971/1977/1975 1398/1422/1402
f 1396/1421/1400 1944/1945/1948 1943/2061/1947
f 1398/1422/1402 1944/1945/1948 1396/1421/1400
f 1394/1420/1398 1396/1421/1400 1943/2061/1947
f 1392/1419/1396 1394/1420/1398 1943/2061/1947
f 1394/1420/1398 1392/1419/1396 1391/1418/1395
f 1396/1421/1400 1394/1420/1398 1393/1345/1397
f 1398/1422/1402 1396/1421/1400 1395/1343/1399
f 1389/1417/1393 1398/1422/1402 1397/1333/1401
f 1415/1429/1419 1414/1355/1418 769/823/769
f 1415/1429/1419 1434/2093/1438 1405/1340/1409
f 1985/2094/1989 769/823/769 768/822/768
f 1985/2094/1989 1415/1429/1419 769/823/769
f 1434/2093/1438 1415/1429/1419 1986/1989/1990
f 1986/1989/1990 1415/1429/1419 1985/2094/1989
f 1425/1366/1429 1986/1989/1990 1985/2094/1989
f 1987/2095/1991 1434/2093/1438 1986/1989/1990
f 1987/2095/1991 1986/1989/1990 1420/1433/1424
f 1986/1989/1990 1425/1366/1429 1420/1433/1424
f 1988/1992/1992 1987/2095/1991 1420/1433/1424
f 1988/1992/1992 1420/1433/1424 1502/2096/1506
f 1420/1433/1424 1501/2097/1505 1502/2096/1506
f 1417/1430/1421 1985/2094/1989 768/822/768
f 1425/1366/1429 1985/2094/1989 1417/1430/1421
f 1423/1434/1427 1501/2097/1505 1420/1433/1424
f 1499/2098/1503 1501/2097/1505 1423/1434/1427
f 1423/1434/1427 1420/1433/1424 1419/1432/1423
f 1425/1366/1429 1421/1365/1425 1420/1433/1424
f 1422/1363/1426 1499/2098/1503 1423/1434/1427
f 1422/1363/1426 1419/1432/1423 1424/1435/1428
f 1989/2099/1993 1425/1366/1429 1417/1430/1421
f 1417/1430/1421 1426/1368/1430 1989/2099/1993
f 1426/1368/1430 1416/1359/1420 1427/1436/1431
f 1989/2099/1993 1429/1381/1433 1425/1366/1429
f 1989/2099/1993 1437/1445/1441 1429/1381/1433
f 1426/1368/1430 1437/1445/1441 1989/2099/1993
f 1434/1443/1438 1435/1444/1439 1433/1442/1437
f 1435/1444/1439 1434/1443/1438 1987/2100/1991
f 1437/1445/1441 1426/1368/1430 1990/2101/1994
f 1990/2101/1994 1426/1368/1430 1427/1436/1431
f 1435/1444/1439 1990/2101/1994 1427/1436/1431
f 1435/1444/1439 1991/2102/1995 1990/2101/1994
f 1991/2102/1995 1435/1444/1439 1987/2100/1991
f 1991/2102/1995 1987/2100/1991 1988/2103/1992
f 1991/2102/1995 1992/2104/1996 1990/2101/1994
f 1992/2104/1996 1437/1445/1441 1990/2101/1994
f 1993/2001/1997 1991/2102/1995 1988/2103/1992
f 1991/2102/1995 1993/2001/1997 1992/2104/1996
f 1988/2103/1992 1502/2002/1506 1993/2001/1997
f 1502/2002/1506 1503/2003/1507 1993/2001/1997
f 1993/2001/1997 1994/2105/1998 1992/2104/1996
f 1994/2105/1998 1993/2001/1997 1503/2003/1507
f 1437/1445/1441 1992/2104/1996 1438/1446/1442
f 1438/1446/1442 1992/2104/1996 1994/2105/1998
f 1994/2105/1998 1995/2005/1999 1996/2006/2000
f 1994/2105/1998 1996/2006/2000 1438/1446/1442
f 1438/1446/1442 1996/2006/2000 1441/1384/1445
f 1441/1384/1445 1996/2006/2000 1997/2007/2001
f 1437/1445/1441 1436/1379/1440 1429/1381/1433
f 1438/1446/1442 1441/1384/1445 1439/1382/1443
f 1998/2008/2002 1441/1384/1445 1997/2007/2001
f 1441/1384/1445 1998/2008/2002 1442/1448/1446
f 1443/1449/1447 1440/1447/1444 1444/1450/1448
f 1999/2011/2003 1998/2008/2002 2000/2106/2004
f 1443/1449/1447 2001/2107/2005 1422/1363/1426
f 1422/1363/1426 2001/2107/2005 1499/2098/1503
f 1998/2008/2002 1999/2011/2003 2002/2108/2006
f 1442/1448/1446 1998/2008/2002 2002/2108/2006
f 1442/1448/1446 2002/2108/2006 2003/2109/2007
f 1444/1450/1448 1442/1448/1446 2003/2109/2007
f 2004/2016/2008 1444/1450/1448 2003/2109/2007
f 2001/2107/2005 1443/1449/1447 2004/2016/2008
f 2004/2016/2008 1443/1449/1447 1444/1450/1448
f 2005/2110/2009 2001/2107/2005 2004/2016/2008
f 2001/2107/2005 2005/2110/2009 1499/2098/1503
f 2005/2110/2009 2006/2111/2010 1499/2098/1503
f 1999/2011/2003 2007/2019/2011 2008/2018/2012
f 2003/2109/2007 2002/2108/2006 2008/2018/2012
f 2002/2108/2006 1999/2011/2003 2008/2018/2012
f 2008/2018/2012 2007/2019/2011 2009/2112/2013
f 2009/2112/2013 1588/2113/1592 2010/2114/2014
f 2011/2115/2015 2009/2112/2013 2010/2114/2014
f 2011/2115/2015 2010/2114/2014 2006/2111/2010
f 2005/2110/2009 2011/2115/2015 2006/2111/2010
f 2012/2025/2016 2011/2115/2015 2005/2110/2009
f 2012/2025/2016 2004/2016/2008 2003/2109/2007
f 2004/2016/2008 2012/2025/2016 2005/2110/2009
f 2013/2116/2017 2008/2018/2012 2009/2112/2013
f 2003/2109/2007 2013/2116/2017 2012/2025/2016
f 2008/2018/2012 2013/2116/2017 2003/2109/2007
f 2012/2025/2016 2013/2116/2017 2011/2115/2015
f 2013/2116/2017 2009/2112/2013 2011/2115/2015
f 772/827/772 770/824/770 756/715/756
f 772/827/772 773/828/773 771/826/771
f 2014/1389/2018 772/827/772 756/715/756
f 772/827/772 2014/1389/2018 773/828/773
f 1984/2117/1988 2014/1389/2018 756/715/756
f 2014/1389/2018 1445/1451/1449 773/828/773
f 1978/2118/1982 759/2119/759 1445/1451/1449
f 1981/2120/1985 2015/2121/2019 1984/2117/1988
f 2016/2033/2020 2017/2122/2021 2018/2123/2022
f 775/723/775 2016/2033/2020 2018/2123/2022
f 752/722/752 751/829/751 775/723/775
f 775/723/775 774/724/774 2016/2033/2020
f 774/724/774 751/829/751 695/2124/695
f 695/2124/695 694/726/694 774/724/774
f 2016/2033/2020 774/724/774 2019/2037/2023
f 774/724/774 701/830/701 2019/2037/2023
f 701/830/701 705/2125/705 2019/2037/2023
f 2016/2033/2020 2019/2037/2023 786/729/786
f 1965/2039/1969 1964/2126/1968 2020/2040/2024
f 781/730/781 776/727/776 712/831/712
f 1377/1391/1381 781/730/781 712/831/712
f 2021/2127/2025 1965/2039/1969 2020/2040/2024
f 1968/2042/1972 1965/2039/1969 2021/2127/2025
f 2022/2128/2026 1448/1454/1452 1447/1392/1451
f 2023/2129/2027 2021/2127/2025 2020/2040/2024
f 2024/2130/2028 2025/2131/2029 1949/2044/1953
f 1951/2048/1955 2024/2130/2028 1949/2044/1953
f 2024/2130/2028 2026/2049/2030 2025/2131/2029
f 2024/2130/2028 1951/2048/1955 2026/2049/2030
f 1951/2048/1955 1953/2132/1957 2026/2049/2030
f 2026/2049/2030 1953/2132/1957 2027/2133/2031
f 2026/2049/2030 2027/2133/2031 2025/2131/2029
f 1953/2132/1957 1954/2134/1958 2027/2133/2031
f 2022/2128/2026 1957/2135/1961 2028/2136/2032
f 2023/2129/2027 2028/2136/2032 1960/2058/1964
f 2029/2057/2033 2023/2129/2027 1960/2058/1964
f 2021/2127/2025 2023/2129/2027 2029/2057/2033
f 1963/2137/1967 2029/2057/2033 1960/2058/1964
f 2029/2057/2033 1963/2137/1967 794/755/794
f 1963/2137/1967 748/842/748 794/755/794
f 796/844/796 2021/2127/2025 2029/2057/2033
f 796/844/796 1968/2042/1972 2021/2127/2025
f 2029/2057/2033 794/755/794 796/844/796
f 1968/2042/1972 796/844/796 750/759/750
f 796/844/796 795/843/795 750/759/750
f 805/853/805 801/849/801 816/864/816
f 807/855/807 803/851/803 806/854/806
f 816/864/816 2030/2138/2034 820/868/820
f 2030/2138/2034 810/858/810 820/868/820
f 820/868/820 810/858/810 812/860/812
f 818/866/818 807/855/807 806/854/806
f 818/866/818 817/865/817 821/869/821
f 818/866/818 822/870/822 807/855/807
f 829/877/829 823/871/823 812/860/812
f 829/877/829 812/860/812 830/878/830
f 812/860/812 811/859/811 830/878/830
f 829/877/829 828/876/828 821/869/821
f 845/849/845 852/853/852 850/896/850
f 845/849/845 847/893/847 852/853/852
f 1483/1499/1487 1479/1494/1483 1480/1496/1484
f 1480/1496/1484 1481/1497/1485 1483/1499/1487
f 1484/1500/1488 1486/1502/1490 1482/1498/1486
f 1486/1502/1490 1484/1500/1488 1487/1503/1491
f 92/94/92 1494/1510/1498 1491/1507/1495
f 1494/1510/1498 92/94/92 986/1033/986
f 1572/2139/1576 1493/1509/1497 1496/1512/1500
f 1572/2139/1576 1496/1512/1500 1594/1627/1598
f 1594/1627/1598 1496/1512/1500 1590/1622/1594
f 2031/2140/2035 1572/2139/1576 1594/1627/1598
f 2031/2140/2035 1594/1627/1598 2032/2141/2036
f 2033/2142/2037 1496/1512/1500 1495/1511/1499
f 1496/1512/1500 2033/2142/2037 1590/1622/1594
f 985/1032/985 1498/1514/1502 1495/1511/1499
f 1498/1514/1502 2033/2142/2037 1495/1511/1499
f 1498/1514/1502 985/1032/985 85/87/85
f 2010/2143/2014 1590/1622/1594 2033/2142/2037
f 2006/2144/2010 2010/2143/2014 2033/2142/2037
f 2033/2142/2037 1498/1514/1502 2006/2144/2010
f 2006/2144/2010 1498/1514/1502 1499/1515/1503
f 2010/2143/2014 1588/1619/1592 1590/1622/1594
f 1501/1516/1505 1499/1515/1503 1497/1513/1501
f 1501/1516/1505 89/91/89 1502/1517/1506
f 988/1035/988 1503/1518/1507 987/1034/987
f 988/1035/988 990/1037/990 1503/1518/1507
f 990/1037/990 1995/2145/1999 1503/1518/1507
f 1997/2146/2001 1995/2145/1999 990/1037/990
f 99/101/99 1997/2146/2001 990/1037/990
f 1997/2146/2001 99/101/99 2000/2147/2004
f 99/101/99 990/1037/990 100/102/100
f 99/101/99 1508/1523/1512 2000/2147/2004
f 1507/1522/1511 2000/2147/2004 1508/1523/1512
f 1508/1523/1512 99/101/99 98/100/98
f 1507/1522/1511 1506/1521/1510 1510/1525/1514
f 1509/1524/1513 1506/1521/1510 111/113/111
f 1513/1528/1517 1508/1523/1512 98/100/98
f 1484/1500/1488 1515/1530/1519 1514/1529/1518
f 1480/1496/1484 1519/1534/1523 1516/1531/1520
f 1525/1541/1529 1523/1539/1527 1517/1532/1521
f 1529/1546/1533 96/98/96 1524/1540/1528
f 1529/1546/1533 106/108/106 94/96/94
f 1543/1560/1547 1544/1561/1548 1541/1558/1545
f 1513/1528/1517 98/100/98 108/110/108
f 1513/1528/1517 1548/1565/1552 111/113/111
f 2032/2148/2036 1570/1594/1574 2031/2149/2035
f 1570/1594/1574 1569/1593/1573 2031/2149/2035
f 1572/1597/1576 1569/1593/1573 115/117/115
f 1572/1597/1576 2031/2149/2035 1569/1593/1573
f 1575/1602/1579 1553/1598/1557 1573/1600/1577
f 1575/1602/1579 1578/1606/1582 1550/1603/1554
f 1509/1618/1513 1511/1611/1515 1583/1613/1587
f 1588/1619/1592 1587/1617/1591 1590/1622/1594
f 1509/1618/1513 1587/1617/1591 1510/1620/1514
f 1594/1627/1598 1593/1626/1597 1604/1639/1608
f 1594/1627/1598 1604/1639/1608 2032/2141/2036
f 1598/1632/1602 1604/1639/1608 1593/1626/1597
f 2032/2141/2036 1604/1639/1608 1605/1640/1609
f 2034/2150/2038 2032/2141/2036 1605/1640/1609
f 2034/2150/2038 1605/1640/1609 2035/2151/2039
f 1598/1632/1602 1595/1628/1599 1602/1637/1606
f 1605/1640/1609 1607/1642/1611 2035/2151/2039
f 2035/2151/2039 1607/1642/1611 271/2152/271
f 1607/1642/1611 1608/1643/1612 271/2152/271
f 1609/1644/1613 1607/1642/1611 1606/1641/1610
f 1656/2153/1660 1608/1643/1612 1609/1644/1613
f 1656/2153/1660 1609/1644/1613 1920/2154/1924
f 1656/2153/1660 1920/2154/1924 1659/2155/1663
f 1609/1644/1613 1606/1641/1610 1919/2156/1923
f 1920/2154/1924 1609/1644/1613 1919/2156/1923
f 1919/2156/1923 1606/1641/1610 1611/1646/1615
f 2036/2157/2040 1611/1646/1615 1610/1645/1614
f 1614/1649/1618 2036/2157/2040 1610/1645/1614
f 1614/1649/1618 1610/1645/1614 1612/1647/1616
f 1601/1635/1605 1616/1652/1620 1597/1630/1601
f 1601/1635/1605 1618/1654/1622 1617/1653/1621
f 1648/1692/1652 1636/1691/1640 1647/1689/1651
f 1651/1697/1655 1649/1694/1653 1482/1695/1486
f 1486/1698/1490 1651/1697/1655 1482/1695/1486
f 1655/1704/1659 272/252/272 1608/1703/1612
f 1655/1704/1659 1159/1028/1161 272/252/272
f 1656/1705/1660 1655/1704/1659 1608/1703/1612
f 1655/1704/1659 274/254/274 1159/1028/1161
f 1657/1706/1661 1155/1021/1157 1161/1182/1163
f 1657/1706/1661 1654/1702/1658 1155/1021/1157
f 1657/1706/1661 1161/1182/1163 1163/1033/1165
f 1164/94/1166 1657/1706/1661 1163/1033/1165
f 1656/1705/1660 1659/1707/1663 1658/1513/1662
f 1164/94/1166 279/258/279 280/259/280
f 1166/1184/1168 283/261/283 1165/1034/1167
f 1166/1184/1168 1662/1710/1666 1168/1186/1170
f 1664/1711/1668 1904/2158/1908 1168/1186/1170
f 1166/1184/1168 1168/1186/1170 1167/1185/1169
f 1904/2158/1908 287/265/287 1168/1186/1170
f 287/265/287 1904/2158/1908 1906/2147/1910
f 288/266/288 287/265/287 1906/2147/1910
f 1906/2147/1910 1909/2159/1913 288/266/288
f 1909/2159/1913 1667/1521/1671 288/266/288
f 1909/2159/1913 2036/2160/2040 1667/1521/1671
f 2036/2160/2040 1614/1524/1618 1667/1521/1671
f 288/266/288 1667/1521/1671 295/274/295
f 295/274/295 285/263/285 288/266/288
f 1651/1697/1655 1669/1716/1673 1649/1694/1653
f 1648/1692/1652 1649/1694/1653 1670/1717/1674
f 1648/1692/1652 1673/1534/1677 1636/1691/1640
f 1679/1724/1683 1671/1718/1675 1677/1722/1681
f 1683/1728/1687 1663/98/1667 282/260/282
f 1679/1724/1683 1677/1722/1681 1684/1729/1688
f 1679/1724/1683 1685/1730/1689 1681/1726/1685
f 1683/1728/1687 282/260/282 289/267/289
f 1543/1739/1547 1693/1555/1697 1695/1737/1699
f 1547/1764/1551 1697/1742/1701 1545/1741/1549
f 295/274/295 297/277/297 1548/1743/1552
f 295/274/295 1548/1743/1552 108/272/108
f 2032/2161/2036 2034/2162/2038 1570/1766/1574
f 2034/2162/2038 2037/2163/2041 1570/1766/1574
f 2037/2163/2041 302/284/302 1570/1766/1574
f 2034/2162/2038 2035/2164/2039 2037/2163/2041
f 2037/2163/2041 2035/2164/2039 302/284/302
f 2035/2164/2039 271/1596/271 302/284/302
f 1719/1780/1723 370/374/370 461/1250/461
f 1719/1780/1723 461/1250/461 1720/1781/1724
f 1721/1782/1725 1722/1783/1726 2038/2165/2042
f 2039/2166/2043 1721/1782/1725 2038/2165/2042
f 2039/2166/2043 2038/2165/2042 2040/2167/2044
f 1724/1785/1728 1719/2168/1723 1718/1786/1722
f 1721/1787/1725 2041/2169/2045 1723/1784/1727
f 2041/2169/2045 1725/1788/1729 1723/1784/1727
f 1725/1788/1729 2041/2169/2045 2042/2170/2046
f 1724/1785/1728 1723/1784/1727 1726/1789/1730
f 2043/2171/2047 1726/1789/1730 1725/1788/1729
f 2044/2172/2048 2043/2171/2047 1725/1788/1729
f 2044/2172/2048 1725/1788/1729 2042/2170/2046
f 2042/2170/2046 1830/2173/1834 2044/2172/2048
f 1830/2173/1834 1731/1794/1735 2044/2172/2048
f 2044/2172/2048 1731/1794/1735 2043/2171/2047
f 1830/2173/1834 1729/1792/1733 1731/1794/1735
f 1724/1785/1728 1726/1789/1730 1728/1791/1732
f 1749/2174/1753 1727/1790/1731 1728/1791/1732
f 2045/2175/2049 1728/1791/1732 1726/1789/1730
f 2043/2171/2047 2045/2175/2049 1726/1789/1730
f 1728/1791/1732 2045/2175/2049 1749/2174/1753
f 2045/2175/2049 2043/2171/2047 1233/1252/1237
f 2045/2175/2049 1735/1798/1739 1749/2174/1753
f 1735/1798/1739 2045/2175/2049 1233/1252/1237
f 1735/1798/1739 1734/1797/1738 1749/2174/1753
f 1734/1797/1738 1775/2176/1779 1749/2174/1753
f 1735/1798/1739 1235/1254/1239 1734/1797/1738
f 1731/1794/1735 1730/1793/1734 1741/1805/1745
f 1731/1794/1735 1743/1807/1747 2043/2171/2047
f 1743/1807/1747 1731/1794/1735 1741/1805/1745
f 2043/2171/2047 1742/1806/1746 1233/1252/1237
f 1743/1807/1747 1742/1806/1746 2043/2171/2047
f 1743/1807/1747 1744/1808/1748 1237/1256/1241
f 2046/2177/2050 1795/1870/1799 466/489/466
f 1796/1872/1800 1795/1870/1799 2046/2177/2050
f 1796/1872/1800 2038/2178/2042 1722/1871/1726
f 2038/2178/2042 1796/1872/1800 2040/2179/2044
f 2039/2180/2043 1796/1872/1800 2046/2177/2050
f 2039/2180/2043 2040/2179/2044 1796/1872/1800
f 1721/2181/1725 2039/2180/2043 2046/2177/2050
f 2046/2177/2050 2041/2182/2045 1721/2181/1725
f 2046/2177/2050 466/489/466 1258/1281/1262
f 1258/1281/1262 1257/1280/1261 1797/1873/1801
f 1258/1281/1262 2047/2183/2051 2046/2177/2050
f 2047/2183/2051 2041/2182/2045 2046/2177/2050
f 2041/2182/2045 2047/2183/2051 1800/1876/1804
f 2042/2184/2046 2041/2182/2045 1800/1876/1804
f 2047/2183/2051 2048/2185/2052 1800/1876/1804
f 2048/2185/2052 2047/2183/2051 1258/1281/1262
f 2042/2184/2046 1800/1876/1804 1799/1875/1803
f 1830/1921/1834 2042/2184/2046 1799/1875/1803
f 1797/1873/1801 1256/1279/1260 1798/1874/1802
f 1258/1281/1262 1797/1873/1801 1803/1879/1807
f 2048/2185/2052 1258/1281/1262 1803/1879/1807
f 2048/2185/2052 1801/1877/1805 1800/1876/1804
f 1803/1879/1807 1823/1907/1827 2048/2185/2052
f 1823/1907/1827 1801/1877/1805 2048/2185/2052
f 1803/1879/1807 1802/1878/1806 1806/1882/1810
f 1823/1907/1827 1803/1879/1807 1806/1882/1810
f 1806/1882/1810 1805/1881/1809 1821/1905/1825
f 1823/1907/1827 1806/1882/1810 1821/1905/1825
f 1811/1890/1815 1810/1888/1814 1734/1889/1738
f 1734/1889/1738 1733/1892/1737 1811/1890/1815
f 1262/1285/1266 1266/1289/1270 1809/1887/1813
f 1266/1289/1270 1807/1883/1811 1809/1887/1813
f 1811/1890/1815 1813/1893/1817 1263/1286/1267
f 1262/1285/1266 1811/1890/1815 1263/1286/1267
f 1262/1285/1266 1261/1284/1265 1266/1289/1270
f 1823/1907/1827 1822/1906/1826 1801/1877/1805
f 1801/1877/1805 1824/1908/1828 1825/1909/1829
f 1743/2186/1747 1824/1908/1828 1744/1911/1748
f 1743/2186/1747 1741/1912/1745 1824/1908/1828
f 1843/768/1847 602/648/602 597/643/597
f 604/650/604 602/648/602 1843/768/1847
f 601/647/601 602/648/602 604/650/604
f 605/651/605 604/650/604 1843/768/1847
f 1294/1322/1298 604/650/604 608/654/608
f 601/647/601 604/650/604 1294/1322/1298
f 601/647/601 1294/1322/1298 1296/1324/1300
f 1294/1322/1298 625/671/625 1296/1324/1300
f 609/655/609 601/647/601 1296/1324/1300
f 1296/1324/1300 626/672/626 627/673/627
f 630/676/630 1296/1324/1300 627/673/627
f 630/676/630 609/655/609 1296/1324/1300
f 609/655/609 630/676/630 1847/1947/1851
f 1847/1947/1851 630/676/630 629/675/629
f 1847/1947/1851 629/675/629 1300/1327/1304
f 1850/1412/1854 1847/1947/1851 1300/1327/1304
f 1850/1412/1854 1300/1327/1304 1851/795/1855
f 1850/1412/1854 1848/1948/1852 1847/1947/1851
f 1853/1951/1857 1848/1948/1852 1850/1412/1854
f 1853/1951/1857 1850/1412/1854 1849/1949/1853
f 1854/1952/1858 1849/1949/1853 1851/795/1855
f 1848/1948/1852 1852/1950/1856 610/656/610
f 1854/1952/1858 1858/1956/1862 1856/1954/1860
f 1864/1962/1868 1863/1961/1867 1862/1960/1866
f 1864/1962/1868 1855/1953/1859 1863/1961/1867
f 2049/2187/2053 1864/1962/1868 1862/1960/1866
f 1864/1962/1868 2049/2187/2053 2050/2188/2054
f 1864/1962/1868 2050/2188/2054 1849/1949/1853
f 2050/2188/2054 2049/2187/2053 1853/1951/1857
f 2050/2188/2054 1853/1951/1857 1849/1949/1853
f 2049/2187/2053 1938/2189/1942 1853/1951/1857
f 1866/1964/1870 1852/1950/1856 1853/1951/1857
f 1938/2189/1942 1866/1964/1870 1853/1951/1857
f 1869/1966/1873 1865/1963/1869 1867/1965/1871
f 1869/1966/1873 1870/1967/1874 1871/1968/1875
f 1873/802/1877 643/689/643 1868/801/1872
f 644/690/644 643/689/643 1873/802/1877
f 1876/1973/1880 644/690/644 1873/802/1877
f 1876/1973/1880 1924/2190/1928 1875/1972/1879
f 1882/1981/1886 1881/1980/1885 1875/1972/1879
f 1882/1981/1886 1886/1985/1890 671/807/671
f 2051/2087/2055 1882/1981/1886 1875/1972/1879
f 1924/2190/1928 2051/2087/2055 1875/1972/1879
f 2051/2087/2055 1883/1982/1887 1882/1981/1886
f 2051/2087/2055 1924/2190/1928 1883/1982/1887
f 1924/2190/1928 1887/1986/1891 1883/1982/1887
f 1886/1985/1890 1882/1981/1886 1884/1983/1888
f 1660/2191/1664 1895/1991/1899 1661/1993/1665
f 1660/2191/1664 1897/1994/1901 1895/1991/1899
f 1660/2191/1664 1659/1995/1663 1897/1994/1901
f 1664/2005/1668 1902/2004/1906 1903/2006/1907
f 1920/2024/1924 1914/2017/1918 1659/1995/1663
f 1909/2012/1913 1908/2011/1912 1916/2019/1920
f 2036/2192/2040 1909/2012/1913 1916/2019/1920
f 1611/2021/1615 2036/2192/2040 1916/2019/1920
f 1916/2019/1920 1915/2018/1919 1917/2020/1921
f 1919/2023/1923 1611/2021/1615 1917/2020/1921
f 1919/2023/1923 1918/2022/1922 1920/2024/1924
f 1359/1388/1363 670/720/670 661/718/661
f 1359/1388/1363 663/2028/663 1887/2030/1891
f 1923/2029/1927 1359/1388/1363 1887/2030/1891
f 1925/2032/1929 1360/1389/1364 1923/2029/1927
f 1925/2032/1929 1885/2120/1889 656/2027/656
f 1925/2032/1929 1927/2034/1931 1885/2120/1889
f 1927/2034/1931 1925/2032/1929 1923/2029/1927
f 1927/2034/1931 1886/2035/1890 1885/2120/1889
f 2052/2193/2056 1927/2034/1931 1923/2029/1927
f 1924/2031/1928 2052/2193/2056 1923/2029/1927
f 2053/2194/2057 2052/2193/2056 1924/2031/1928
f 2052/2193/2056 1926/2033/1930 1927/2034/1931
f 2052/2193/2056 2053/2194/2057 1926/2033/1930
f 1876/2195/1880 2053/2194/2057 1924/2031/1928
f 1876/2195/1880 1873/2196/1877 2053/2194/2057
f 1886/2035/1890 1927/2034/1931 672/723/672
f 1928/2037/1932 1843/2125/1847 596/2036/596
f 675/729/675 1928/2037/1932 1926/2033/1930
f 1843/2125/1847 1928/2037/1932 675/729/675
f 605/728/605 1843/2125/1847 675/729/675
f 2054/2197/2058 675/729/675 1926/2033/1930
f 2053/2194/2057 2054/2197/2058 1926/2033/1930
f 2054/2197/2058 2053/2194/2057 1363/1393/1367
f 675/729/675 2054/2197/2058 1363/1393/1367
f 605/728/605 674/727/674 603/731/603
f 2053/2194/2057 2055/2198/2059 1363/1393/1367
f 1873/2196/1877 2055/2198/2059 2053/2194/2057
f 2055/2198/2059 1873/2196/1877 1872/2038/1876
f 1929/2040/1933 2055/2198/2059 1872/2038/1876
f 1363/1393/1367 2055/2198/2059 1929/2040/1933
f 1363/1393/1367 1931/2043/1935 1362/1392/1366
f 1363/1393/1367 2056/2199/2060 1931/2043/1935
f 2056/2199/2060 1363/1393/1367 1929/2040/1933
f 1929/2040/1933 1930/2041/1934 1939/2056/1943
f 2056/2199/2060 1929/2040/1933 1939/2056/1943
f 1364/1396/1368 1300/1401/1304 684/747/684
f 1851/2200/1855 1300/1401/1304 1364/1396/1368
f 1851/2200/1855 1364/1396/1368 1854/2045/1858
f 1364/1396/1368 1936/2052/1940 1854/2045/1858
f 1364/1396/1368 1931/2043/1935 1936/2052/1940
f 1854/2045/1858 1936/2052/1940 1932/2046/1936
f 1936/2052/1940 1937/2054/1941 1935/2051/1939
f 1937/2054/1941 2049/2201/2053 1862/2053/1866
f 1938/2055/1942 2049/2201/2053 1937/2054/1941
f 1866/2135/1870 1931/2043/1935 2056/2199/2060
f 1866/2135/1870 1938/2055/1942 1931/2043/1935
f 2056/2199/2060 1867/2202/1871 1866/2135/1870
f 1867/2202/1871 2056/2199/2060 1870/2058/1874
f 2056/2199/2060 1939/2056/1943 1870/2058/1874
f 705/768/705 704/648/704 2057/650/2061
f 777/651/777 705/768/705 2057/650/2061
f 2057/650/2061 712/773/712 777/651/777
f 704/648/704 706/647/706 2057/650/2061
f 704/648/704 700/765/700 706/647/706
f 2057/650/2061 709/771/709 712/773/712
f 2057/650/2061 706/647/706 1374/1406/1378
f 2057/650/2061 1374/1406/1378 709/771/709
f 1374/1406/1378 710/671/710 709/771/709
f 1374/1406/1378 706/647/706 1375/1324/1379
f 706/647/706 2058/2203/2062 1375/1324/1379
f 706/647/706 702/766/702 2058/2203/2062
f 2058/2203/2062 702/766/702 714/775/714
f 1375/1324/1379 2059/2204/2063 725/784/725
f 2058/2203/2062 2059/2204/2063 1375/1324/1379
f 2059/2204/2063 726/675/726 725/784/725
f 2059/2204/2063 2058/2203/2062 739/796/739
f 2059/2204/2063 739/796/739 726/675/726
f 2058/2203/2062 714/775/714 739/796/739
f 739/796/739 1383/1412/1387 740/797/740
f 739/796/739 714/775/714 1945/2062/1949
f 1945/2062/1949 1383/1412/1387 739/796/739
f 1945/2062/1949 1958/2073/1962 1383/1412/1387
f 1383/1412/1387 1958/2073/1962 2060/2205/2064
f 1384/1413/1388 1383/1412/1387 2060/2205/2064
f 1948/2065/1952 1384/1413/1388 2060/2205/2064
f 1945/2062/1949 742/798/742 1958/2073/1962
f 743/799/743 742/798/742 714/775/714
f 1948/2065/1952 2060/2205/2064 1946/2063/1950
f 1956/2071/1960 1946/2063/1950 2060/2205/2064
f 1956/2071/1960 1955/2070/1959 1946/2063/1950
f 2061/2206/2065 1954/2069/1958 1956/2071/1960
f 2062/2207/2066 1958/2073/1962 2061/2206/2065
f 2062/2207/2066 1956/2071/1960 2060/2205/2064
f 2061/2206/2065 1956/2071/1960 2062/2207/2066
f 1958/2073/1962 2062/2207/2066 2060/2205/2064
f 1958/2073/1962 2063/2208/2067 2061/2206/2065
f 1957/2072/1961 2063/2208/2067 1958/2073/1962
f 1957/2072/1961 744/800/744 1961/2074/1965
f 1961/2074/1965 744/800/744 1959/1966/1963
f 743/799/743 746/689/746 741/691/741
f 747/802/747 1964/2077/1968 745/801/745
f 743/799/743 2064/2209/2068 747/802/747
f 743/799/743 1973/2085/1977 2064/2209/2068
f 743/799/743 713/774/713 1973/2085/1977
f 2064/2209/2068 1973/2085/1977 1976/2088/1980
f 1974/2086/1978 1972/2084/1976 752/807/752
f 1980/1985/1984 1974/2086/1978 752/807/752
f 1975/2087/1979 1973/2085/1977 1974/2086/1978
f 1975/2087/1979 1977/2089/1981 1976/2088/1980
f 1995/2005/1999 1994/2105/1998 1503/2003/1507
f 1997/2007/2001 1996/2006/2000 1995/2005/1999
f 2000/2106/2004 1998/2008/2002 1997/2007/2001
f 1507/2012/1511 1999/2011/2003 2000/2106/2004
f 2007/2019/2011 1999/2011/2003 1507/2012/1511
f 1510/2192/1514 2007/2019/2011 1507/2012/1511
f 1510/2192/1514 1588/2113/1592 2007/2019/2011
f 1588/2113/1592 2009/2112/2013 2007/2019/2011
f 1445/1451/1449 759/2119/759 758/718/758
f 2065/2029/2069 1978/2118/1982 1445/1451/1449
f 2065/2029/2069 1445/1451/1449 2014/1389/2018
f 1976/2031/1980 1978/2118/1982 2065/2029/2069
f 2015/2121/2019 2014/1389/2018 1984/2117/1988
f 2015/2121/2019 2065/2029/2069 2014/1389/2018
f 2018/2123/2022 2015/2121/2019 1981/2120/1985
f 2065/2029/2069 2015/2121/2019 2018/2123/2022
f 1980/2210/1984 2018/2123/2022 1981/2120/1985
f 2017/2122/2021 2065/2029/2069 2018/2123/2022
f 2017/2122/2021 1976/2031/1980 2065/2029/2069
f 1976/2031/1980 2017/2122/2021 2066/2194/2070
f 2066/2194/2070 2017/2122/2021 2016/2033/2020
f 2064/2211/2068 1976/2031/1980 2066/2194/2070
f 747/2196/747 2064/2211/2068 2066/2194/2070
f 2018/2123/2022 1980/2210/1984 775/723/775
f 1980/2210/1984 752/722/752 775/723/775
f 2019/2037/2023 705/2125/705 786/729/786
f 705/2125/705 777/728/777 786/729/786
f 2067/2212/2071 2066/2194/2070 2016/2033/2020
f 2067/2212/2071 2016/2033/2020 786/729/786
f 2067/2212/2071 1448/1454/1452 2066/2194/2070
f 1448/1454/1452 2067/2212/2071 786/729/786
f 777/728/777 776/727/776 786/729/786
f 1448/1454/1452 2068/2198/2072 2066/2194/2070
f 2068/2198/2072 747/2196/747 2066/2194/2070
f 747/2196/747 2068/2198/2072 1964/2126/1968
f 2068/2198/2072 1448/1454/1452 2020/2040/2024
f 2068/2198/2072 2020/2040/2024 1964/2126/1968
f 1451/1459/1455 1447/1392/1451 789/747/789
f 1451/1459/1455 2022/2128/2026 1447/1392/1451
f 1448/1454/1452 2028/2136/2032 2020/2040/2024
f 2028/2136/2032 1448/1454/1452 2022/2128/2026
f 2028/2136/2032 2023/2129/2027 2020/2040/2024
f 1451/1459/1455 1384/1460/1388 1948/2045/1952
f 1451/1459/1455 2069/2213/2073 2022/2128/2026
f 2069/2213/2073 1451/1459/1455 1948/2045/1952
f 2069/2213/2073 1948/2045/1952 2025/2131/2029
f 1948/2045/1952 1949/2044/1953 2025/2131/2029
f 2069/2213/2073 2025/2131/2029 2027/2133/2031
f 2070/2214/2074 2027/2133/2031 1954/2134/1958
f 2069/2213/2073 2070/2214/2074 2022/2128/2026
f 2070/2214/2074 2069/2213/2073 2027/2133/2031
f 2061/2201/2065 2070/2214/2074 1954/2134/1958
f 2063/2055/2067 2022/2128/2026 2070/2214/2074
f 2061/2201/2065 2063/2055/2067 2070/2214/2074
f 2063/2055/2067 1957/2135/1961 2022/2128/2026
f 1961/2202/1965 2028/2136/2032 1957/2135/1961
f 2028/2136/2032 1961/2202/1965 1960/2058/1964
f 801/849/801 799/847/799 2030/2138/2034
f 801/849/801 2030/2138/2034 816/864/816
