# Blender 4.4.0
# www.blender.org
mtllib Ring.mtl
o BoxingRing
v 9.754090 7.018031 -9.753825
v 9.896982 7.022890 -9.698133
v 9.869637 7.023587 -9.697765
v 10.732944 5.575392 10.808684
v 10.680127 5.575392 10.755870
v 10.866438 5.202991 10.942179
v 10.833715 5.547043 10.909451
v 10.919143 5.466319 10.994886
v 10.976229 5.345503 11.051968
v 10.996268 5.202991 11.072007
v 10.996268 4.239573 11.072007
v 10.866438 4.239573 10.942179
v 10.996268 2.219380 11.072007
v 10.866438 2.219380 10.942179
v 10.931352 2.075614 11.007095
v 10.732944 1.931853 10.808687
v 10.996268 1.931853 11.072007
v 10.680127 6.400206 10.755869
v 10.469940 6.400206 10.545684
v 10.469940 5.575392 10.545685
v 10.469940 5.202991 10.545685
v 10.469940 4.239573 10.545685
v 10.251521 2.219380 10.327264
v 10.416799 1.931853 10.492541
v 10.198810 2.071417 10.274552
v 10.104971 1.931853 10.180716
v 10.104971 2.219380 10.180716
v 10.104971 4.239573 10.180716
v 10.104971 5.202991 10.180716
v 10.104971 5.575392 10.180716
v 10.104971 6.400206 10.180715
v 10.104971 6.772607 10.180715
v 10.368296 7.640625 10.444037
v 10.348255 7.783142 10.423994
v 10.104971 7.640625 10.180715
v 10.236633 7.206620 10.312376
v 10.368296 6.772607 10.444037
v 10.416802 6.772607 10.492537
v 10.517574 6.744258 10.593308
v 10.602997 6.663534 10.678740
v 10.660083 6.542718 10.735821
v 10.205744 7.984685 10.281479
v 10.104975 8.013031 10.180715
v 10.291170 7.903957 10.366912
v 10.404833 7.640625 10.407501
v 10.404833 6.772607 10.407501
v 10.273174 7.206620 10.275843
v 10.141508 7.640625 10.144177
v 10.141512 8.013031 10.144173
v 10.242280 7.984685 10.244942
v 10.327707 7.903957 10.330376
v 10.384789 7.783142 10.387458
v 10.141508 6.772607 10.144177
v 10.141508 6.400206 10.144177
v 10.506477 6.400206 10.509147
v 10.141508 5.575392 10.144178
v 10.902971 5.202991 10.905642
v 10.769485 5.575392 10.772147
v 10.870253 5.547043 10.872918
v 10.716663 5.575392 10.719333
v 10.506477 5.202991 10.509148
v 10.506477 5.575392 10.509148
v 10.716663 6.400206 10.719332
v 10.696619 6.542718 10.699285
v 10.639533 6.663534 10.642203
v 10.554111 6.744258 10.556772
v 10.453339 6.772607 10.456000
v 10.141508 5.202991 10.144178
v 10.141508 4.239573 10.144178
v 10.506477 4.239573 10.509148
v 10.141508 2.219380 10.144178
v 10.288057 2.219380 10.290727
v 10.235345 2.071417 10.238015
v 10.453334 1.931853 10.456005
v 10.141508 1.931853 10.144178
v 10.902971 4.239573 10.905642
v 10.902971 2.219380 10.905642
v 10.769480 1.931853 10.772151
v 11.032804 1.931853 11.035476
v 10.967888 2.075614 10.970555
v 11.032804 2.219380 11.035476
v 11.032804 4.239573 11.035476
v 11.032804 5.202991 11.035476
v 11.012764 5.345503 11.015431
v 10.955679 5.466319 10.958350
v 10.408986 6.852763 10.508990
v 10.400352 6.846659 10.508986
v 10.404143 6.840127 10.512777
v 10.400352 7.640625 10.508986
v 10.351854 6.778069 10.460491
v 10.355716 6.772607 10.464352
v 10.400352 6.772607 10.508986
v 10.519681 6.807620 10.628314
v 10.501122 6.744258 10.609757
v 10.620848 6.712033 10.729482
v 10.586555 6.663534 10.695189
v 10.688443 6.568964 10.797076
v 10.715327 5.643124 10.823962
v 10.723957 5.649201 10.823957
v 10.720810 5.654612 10.820814
v 10.712180 5.648512 10.820814
v 10.712180 6.400206 10.820813
v 10.720810 6.400206 10.820813
v 10.696749 6.571302 10.796752
v 10.628217 6.716348 10.728216
v 10.525648 6.813267 10.625651
v 10.772774 5.654612 10.768854
v 10.772774 6.400206 10.768853
v 10.748712 6.571302 10.744788
v 10.680182 6.716348 10.676260
v 10.577612 6.813267 10.573692
v 10.412769 6.846193 10.512773
v 10.464729 6.846193 10.460809
v 10.460947 6.852763 10.457026
v 10.460951 6.846659 10.448392
v 10.749041 6.568964 10.736479
v 10.681437 6.712033 10.668887
v 10.580278 6.807620 10.567720
v 10.464736 6.840127 10.452179
v 10.412448 6.778069 10.399894
v 10.412448 7.640625 10.399894
v 10.460951 7.640625 10.448392
v 10.437211 7.809392 10.424652
v 10.416308 6.772607 10.403755
v 10.460951 6.772607 10.448392
v 10.561718 6.744258 10.549161
v 10.647149 6.663534 10.634595
v 10.704231 6.542718 10.691676
v 10.724278 6.400206 10.711720
v 10.772777 6.400206 10.760215
v 10.392404 7.783142 10.379850
v 10.369615 7.952456 10.357061
v 10.335319 7.903957 10.322763
v 10.268452 8.048052 10.255897
v 10.249892 7.984685 10.237337
v 10.436886 7.811726 10.432965
v 10.368351 7.956771 10.364430
v 10.265790 8.053690 10.261868
v 10.144805 8.087725 10.140881
v 10.149123 8.081620 10.136566
v 10.149123 8.013031 10.136566
v 10.092841 8.087725 10.192844
v 10.213825 8.053690 10.313829
v 10.316391 7.956771 10.416390
v 10.384925 7.811726 10.484925
v 10.460947 7.640625 10.457026
v 10.408986 7.640625 10.508994
v 10.088527 8.081620 10.197163
v 10.207857 8.048052 10.316491
v 10.088527 8.013031 10.197163
v 10.189298 7.984685 10.297932
v 10.309022 7.952456 10.417655
v 10.376616 7.809392 10.485250
v 10.331811 7.783142 10.440447
v 10.351854 7.640625 10.460491
v 10.274724 7.903957 10.383362
v 11.064855 5.374087 11.060935
v 11.088920 5.202991 11.085000
v 11.088916 5.202991 11.076365
v 11.065180 5.371749 11.052630
v 10.996320 5.519133 10.992400
v 10.997588 5.514818 10.985027
v 10.893758 5.616052 10.889839
v 10.896424 5.610405 10.883866
v 10.775917 5.649201 10.771998
v 10.775926 5.643124 10.763368
v 10.772777 5.648512 10.760216
v 10.724278 5.585028 10.711721
v 10.731092 5.575392 10.718538
v 10.772777 5.575392 10.760216
v 10.877861 5.547043 10.865307
v 10.963295 5.466319 10.950733
v 11.020372 5.345503 11.007816
v 10.841794 5.616052 10.941794
v 11.028321 5.202991 11.136956
v 11.028321 2.027696 11.136956
v 11.036960 2.027696 11.136960
v 11.036960 5.202991 11.136960
v 11.004585 5.371749 11.113220
v 11.012895 5.374087 11.112895
v 10.936990 5.514818 11.045624
v 10.944360 5.519133 11.044360
v 10.835826 5.610405 10.944465
v 11.028321 1.931853 11.136956
v 11.036960 1.931853 11.136960
v 11.088920 2.027696 11.085000
v 11.040421 5.202991 11.027864
v 11.088916 2.027696 11.076365
v 11.088916 1.931853 11.076365
v 11.088920 1.931853 11.085000
v 11.040421 1.931853 11.027864
v 11.040421 2.027695 11.027864
v 10.643637 6.542718 10.752271
v 10.817266 5.547043 10.925901
v 10.712180 5.575392 10.820814
v 10.670494 5.575392 10.779137
v 10.663681 5.585028 10.772320
v 10.663681 6.400206 10.772319
v 10.979827 1.931853 11.088462
v 10.979827 2.027696 11.088462
v 10.979827 5.202991 11.088462
v 10.959774 5.345503 11.068418
v 10.902693 5.466319 11.011335
v 8.161525 3.345174 9.973466
v 8.471480 2.871457 10.040187
v 8.681807 3.127745 10.040187
v 8.634772 3.175308 9.973466
v 8.470222 3.652827 9.973466
v 8.938090 3.338071 10.040187
v 8.901241 3.393900 9.973466
v 8.833015 3.894345 9.973466
v 9.230488 3.494359 10.040187
v 9.205236 3.556304 9.973466
v 9.235947 4.060441 9.973466
v 9.547750 3.590600 10.040187
v 9.545205 3.657314 9.973466
v 9.877698 4.121626 9.973466
v 9.877698 3.623589 10.040187
v 9.877698 1.931853 10.040187
v 8.315193 2.579063 10.040187
v 8.217447 2.262099 10.038656
v 8.185963 1.931853 10.040187
v 7.667994 1.931853 9.973466
v 8.152073 2.265267 9.973466
v 7.751307 2.580841 9.973466
v 8.253538 2.605008 9.973466
v 7.918777 2.983208 9.973466
v 8.416070 2.908933 9.973466
v 9.906223 6.653524 -9.551870
v 9.940622 6.683000 -9.603063
v 9.968513 6.709783 -9.604124
v 9.969938 6.873459 -9.575234
v 9.995816 6.862989 -9.679785
v 9.888748 6.694074 -9.515936
v 9.915457 6.878918 -9.549615
v 9.919865 6.667757 -9.533318
v 10.010613 6.356056 -9.462211
v 10.023570 6.351792 -9.431872
v 10.021283 6.238297 -9.523273
v 10.043970 6.183886 -9.510168
v 9.984317 6.347559 -9.377939
v 9.961778 6.262355 -9.347513
v 9.672011 6.430855 -9.359646
v 9.788724 6.220638 -9.318014
v 9.495477 6.262551 -9.367237
v 9.825123 6.097094 -9.372782
v 9.446308 6.151238 -9.436362
v 9.871402 6.024388 -9.501390
v 9.359284 6.348475 -9.448643
v 9.315402 6.288022 -9.632460
v 9.425681 6.088095 -9.576205
v 9.863144 6.050975 -9.633263
v 10.018594 6.194408 -9.701574
v 10.053230 6.346955 -9.699852
v 9.749176 6.428177 -9.821659
v 9.765347 6.658673 -9.721698
v 9.371810 6.435108 -9.480751
v 10.065541 6.312247 -9.642550
v 9.934669 6.670044 -9.696199
v 9.984297 6.901165 -9.697867
v 9.970455 6.639224 -9.661064
v 9.950998 6.631561 -9.642955
v 10.044178 6.326630 -9.620045
v 9.606648 6.716929 -9.751257
v 9.706206 6.881361 -9.789880
v 9.598528 6.919777 -9.746471
v 9.625176 6.952496 -9.758148
v 9.808380 6.948373 -9.731400
v 9.806355 6.882069 -9.775800
v 9.901540 6.853443 -9.757091
v 9.557308 6.768557 -9.673140
v 9.554540 6.698670 -9.730876
v 9.412172 6.438584 -9.807453
v 9.373200 6.411211 -9.758767
v 9.355008 6.333529 -9.635112
v 9.389297 6.420236 -9.729967
v 9.564305 6.686833 -9.707860
v 9.574979 6.735266 -9.664436
v 9.835621 6.173858 -9.761792
v 9.582254 6.210074 -9.804319
v 9.402567 6.282462 -9.804977
v 9.482637 6.105363 -9.697126
v 9.795200 6.965249 -9.638511
v 9.581753 6.699900 -9.606336
v 9.377245 6.446588 -9.568523
v 9.354617 6.447406 -9.544161
v 9.567324 6.718147 -9.592499
v 9.597160 6.735752 -9.564881
v 9.591381 6.927568 -9.638773
v 9.634101 6.919135 -9.596841
v 9.618129 6.967324 -9.664017
v 9.964598 6.917804 -9.605862
v 9.777925 6.917592 -9.576155
v 9.728785 6.664104 -9.499260
v 9.660406 2.845726 -9.881426
v 9.642707 2.239062 -9.832822
v 8.387471 2.238475 -9.795667
v 9.971246 4.096921 -9.942764
v 9.971246 2.859168 -9.851405
v 9.971246 2.251984 -9.814700
v 9.971246 1.472227 -9.855888
v 9.642547 1.486092 -9.845520
v 8.387686 1.499115 -9.822484
v 7.769714 1.485172 -9.826095
v 6.573909 2.257414 -10.078897
v 6.551100 1.542312 -10.165777
v 6.392616 1.552962 -9.994383
v 6.983183 2.274812 -10.032369
v 6.982451 1.558828 -10.064140
v 7.382504 1.512189 -10.015390
v 7.407203 2.253515 -10.002645
v 7.675513 2.243103 -9.835316
v 8.331133 3.247890 -9.874962
v 7.502326 3.254961 -9.956414
v 8.348440 4.150753 -9.934866
v 6.583979 3.053578 -9.947240
v 9.700228 4.471182 -9.992770
v 9.691033 4.112067 -9.866915
v 9.992516 4.488368 -9.955392
v 9.706074 4.796737 -9.975119
v 8.403133 4.796737 -9.975119
v 7.071339 4.829397 -9.942462
v 7.579839 4.796737 -9.975119
v 6.704420 4.796737 -9.975119
v 9.706074 4.829397 -9.942462
v 4.657828 4.829397 -9.942462
v 5.597960 4.796737 -9.975119
v 2.803109 4.829398 -8.360633
v 8.409328 4.829398 -8.360633
v 9.991157 4.829397 -9.933668
v 9.997531 4.796737 -9.954393
v 4.650631 4.162562 -9.955028
v 4.720149 3.263877 -9.980926
v 4.137754 3.263082 -10.078091
v 5.587518 4.127013 -9.974010
v 5.590552 4.450919 -10.109490
v 6.703668 4.476621 -10.057983
v 7.569721 4.489727 -10.073083
v 6.674983 4.138446 -9.937834
v 5.592345 3.061033 -10.040462
v 4.748635 2.281405 -9.908503
v 4.359710 2.285638 -10.144668
v 3.475990 2.442004 -10.096506
v 4.502101 1.567219 -10.129769
v 4.173331 1.560363 -10.272344
v 3.791928 1.577047 -10.231864
v 3.536803 1.565058 -10.088272
v 3.202720 1.581836 -10.113076
v 2.654340 2.321274 -10.087626
v 2.880000 1.592929 -10.194819
v 2.744136 1.574032 -10.096311
v 2.364863 1.588876 -10.185715
v 1.942840 2.296226 -10.081529
v 2.027323 1.582611 -10.134921
v 1.925137 1.586496 -10.057444
v 1.481805 2.311884 -10.199773
v 1.772899 1.572478 -10.216061
v 1.552626 1.572302 -10.186780
v 1.433498 1.573973 -10.282947
v 1.184893 2.280646 -10.113481
v 1.195700 1.632962 -10.358574
v -0.657042 2.293505 -10.193969
v -1.055474 2.294581 -10.076153
v -0.858946 3.282715 -10.100421
v 0.137849 3.274895 -10.125266
v -0.230394 2.277905 -10.213528
v 0.004620 2.268472 -10.107191
v 0.551607 2.279185 -10.126159
v 1.291648 3.263419 -10.087978
v 2.407254 3.323594 -10.037537
v 0.559011 1.568805 -10.081278
v 0.402900 1.560547 -10.145999
v 0.684138 1.583120 -10.191229
v 0.858480 1.578966 -10.149555
v 0.935038 1.580156 -10.194286
v 1.119807 1.637665 -10.200681
v 3.938015 4.128356 -9.973591
v 4.656587 4.506250 -10.101071
v 4.657828 4.796737 -9.975119
v -0.880791 4.133399 -9.989418
v 0.185811 4.137040 -10.016796
v 1.315235 4.102904 -10.016729
v 2.479821 4.123524 -9.966335
v 3.953134 4.478963 -10.109184
v 3.960765 4.796737 -9.975119
v -0.877177 4.478348 -10.080812
v 0.192193 4.484644 -10.091365
v 1.331591 4.454968 -10.076489
v 2.494959 4.457208 -10.099306
v 2.503773 4.796737 -9.975119
v 1.997443 4.829397 -9.942462
v 1.339003 4.796737 -9.975119
v -2.803109 4.829398 -8.360633
v -1.905794 4.829397 -9.942462
v -3.656961 4.829397 -9.942462
v -8.409331 4.829398 -8.360633
v -6.181573 4.829397 -9.942462
v -4.333694 4.796737 -9.975119
v -4.949450 4.796737 -9.975119
v -3.656961 4.796737 -9.975119
v -2.918110 4.796737 -9.975119
v -2.279429 4.796737 -9.975119
v -1.568160 4.796737 -9.975119
v -1.567161 4.467529 -10.094790
v -1.563743 4.122103 -9.981603
v -2.902452 4.465246 -10.107313
v -2.888175 4.140008 -9.958618
v -3.627551 4.132976 -9.949909
v -2.278105 4.478285 -10.074383
v -2.262588 4.121844 -9.966551
v -2.251757 3.266340 -10.074610
v -1.484843 3.281885 -10.140313
v -2.115169 2.288939 -10.104157
v -2.896708 3.265126 -10.040399
v -2.414243 2.286104 -10.184111
v -2.195971 1.558178 -10.233556
v -2.057113 1.572200 -10.127126
v -4.311239 3.258568 -9.995026
v -4.307726 4.176427 -9.946961
v -3.643084 4.468143 -10.089282
v -4.321318 4.530774 -10.060980
v -4.947465 4.179227 -9.918538
v -4.894041 3.255658 -9.808051
v -4.523668 2.274925 -9.958117
v -4.113830 2.282792 -10.086761
v -5.524468 3.259159 -10.011123
v -4.383352 1.574702 -10.025629
v -4.498056 1.573836 -9.927183
v -4.248256 1.570728 -10.073561
v -4.124151 1.576722 -10.091060
v -3.913167 1.553828 -10.204057
v -3.771410 2.287670 -10.186936
v -3.630687 3.253990 -10.058208
v -2.687305 2.299268 -10.102759
v -2.947705 2.299323 -10.186651
v -3.223234 2.285607 -10.121256
v -3.493477 2.282690 -10.149323
v -3.274693 1.586233 -10.031041
v -3.405685 1.542363 -10.133093
v -3.645676 1.481295 -10.222432
v -3.734435 1.520161 -10.017689
v -3.800613 1.513936 -10.228892
v -2.356656 1.558076 -10.238173
v -2.491118 1.570383 -10.180722
v -2.618195 1.577595 -10.118927
v -2.733881 1.585525 -10.156410
v -2.952673 1.588904 -10.207525
v -3.168360 1.576339 -10.184239
v -8.949779 4.963234 9.186296
v -8.996919 5.000730 9.213076
v -9.001457 4.995706 9.251163
v -8.990517 4.909375 9.190917
v -8.944222 4.943108 9.204442
v -8.650263 4.996254 9.079565
v -8.625998 4.972905 9.085536
v -8.593244 5.099712 9.018435
v -8.536115 5.114059 9.005130
v -8.661320 4.914900 9.090658
v -8.560536 4.925221 8.971452
v -8.654734 4.882126 8.807748
v -8.539627 5.014940 8.769168
v -8.909949 4.814790 8.885614
v -8.836591 4.859235 8.624122
v -9.002702 4.869561 8.524986
v -9.121447 4.856980 8.626052
v -9.083673 4.899100 9.047152
v -9.225962 4.879738 8.953185
v -9.157023 4.840703 9.268387
v -9.237336 4.828494 9.208138
v -9.297230 4.823055 9.126819
v -9.402720 4.857274 9.108541
v -9.288827 4.868527 9.254142
v -9.144959 4.889722 9.368811
v -9.107488 4.908999 9.356912
v -9.392649 4.873105 9.068977
v -8.812740 4.980560 8.493400
v -9.059052 5.048230 8.477103
v -9.122931 4.910354 8.583768
v -9.242752 4.905530 8.903010
v -9.296607 4.958551 8.953142
v -9.259366 4.967694 8.948075
v -9.227332 4.928295 8.906041
v -9.120311 4.937086 8.604939
v -9.071472 5.039514 8.535555
v -8.832859 5.106706 8.450415
v -8.512935 5.146978 8.773452
v -9.141772 5.185558 8.625869
v -9.080094 5.223720 8.567279
v -8.870241 5.240274 8.519196
v -8.598342 5.274501 8.793742
v -8.682041 5.183663 9.097851
v -8.702136 5.240901 9.069777
v -9.036694 5.091137 9.187632
v -8.647647 5.278154 9.003935
v -8.718629 5.324707 8.844707
v -8.929109 5.298214 8.632176
v -8.956858 5.280711 8.873984
v -9.245990 5.064793 8.976299
v -9.109202 5.123124 9.044505
v -9.282057 5.027360 9.227633
v -9.168159 5.044357 9.316252
v -9.370103 5.018938 9.112343
v -9.402759 4.980361 9.079174
v -9.418437 4.950614 9.121623
v -9.309885 4.961030 9.263461
v -9.169758 4.981915 9.372723
v -9.131040 5.014563 9.353532
v -8.997005 5.072765 9.194704
v -8.693377 5.154339 9.086986
v -8.993951 5.056327 9.173422
v -9.250051 5.040912 8.939202
v -9.162192 5.123222 8.613032
v -9.147983 5.097116 8.627959
v -9.226843 5.027011 8.938263
v -9.788222 5.545821 9.751870
v -9.817343 5.503008 9.767091
v -9.937986 5.615053 9.850743
v -9.909492 5.655337 9.837402
v -9.928687 5.640485 9.906920
v -9.909309 5.668595 9.897155
v -9.855051 5.656774 9.957185
v -9.872275 5.628193 9.969331
v -9.823542 5.590118 9.977365
v -9.799410 5.631353 9.959197
v -9.749122 5.488148 9.842567
v -9.804027 5.527629 9.853018
v -9.826513 5.532528 9.828138
v -9.915656 5.598365 9.886856
v -9.859248 5.586078 9.949264
v -9.722605 5.531525 9.824470
v -9.820636 5.647799 9.924310
v -9.776636 5.570815 9.835887
v -9.798266 5.575529 9.811952
v -9.874894 5.659621 9.864279
v -9.799022 5.557634 9.730793
v -9.755974 5.526944 9.723287
v -9.358403 5.098815 9.279637
v -9.351832 5.076074 9.231776
v -9.296955 5.085428 9.347624
v -9.253907 5.054738 9.340117
v -9.694523 5.513557 9.791273
v -9.701097 5.536299 9.839137
v -9.301936 5.006584 9.343548
v -9.290495 4.994629 9.365334
v -9.275415 5.049961 9.325449
v -9.341033 5.064256 9.252851
v -9.392301 5.016811 9.252698
v -9.370153 5.021447 9.268070
v -9.839490 5.498372 9.751718
v -9.737684 5.476194 9.864354
v -9.731834 5.453609 9.815691
v -9.334264 5.025476 9.372041
v -9.398150 5.039396 9.301360
v -9.795721 5.467525 9.745010
v -10.116993 4.975838 9.066236
v -10.130168 5.192230 8.930158
v -10.033918 4.979785 8.960175
v -9.770892 4.836474 9.304567
v -9.892452 4.853495 9.360235
v -9.700232 4.957972 9.493093
v -9.882988 4.957854 9.556258
v -9.967010 5.337151 8.944613
v -9.945000 5.257491 8.901456
v -9.898432 5.048696 8.930784
v -9.674890 4.926893 9.223475
v -9.636548 5.132357 9.476568
v -9.605563 5.140212 9.417870
v -9.766499 5.486504 9.467132
v -9.589458 5.063775 9.366975
v -9.640033 5.059155 9.193827
v -9.813079 5.153442 8.967251
v -9.725851 5.284086 9.153985
v -9.938570 5.580263 9.241832
v -9.822621 5.489789 9.313491
v -9.866199 5.721800 9.443321
v -9.782220 5.659268 9.544081
v -9.948249 5.749733 9.326691
v -10.004611 5.762957 9.309282
v -10.014862 5.794571 9.352036
v -9.913815 5.760005 9.495586
v -9.810409 5.683169 9.619738
v -9.781218 5.641236 9.601777
v -9.768743 5.453315 9.496385
v -9.669423 5.136621 9.479305
v -9.721211 5.014533 9.490378
v -9.791610 5.440578 9.489506
v -9.821917 5.458566 9.548071
v -9.810158 5.479213 9.578601
v -9.863739 5.617567 9.667654
v -9.884492 5.655682 9.673464
v -9.991568 5.733480 9.543932
v -10.096412 5.771148 9.395989
v -10.098186 5.745305 9.360686
v -10.052812 5.611427 9.260881
v -9.976782 5.566668 9.223989
v -10.031302 5.347445 8.959701
v -10.114386 5.228759 8.975578
v -10.043176 5.340267 8.989933
v -9.983083 5.544905 9.238801
v -10.037686 5.576135 9.265556
v -10.106848 5.539027 9.268826
v -10.082062 5.527394 9.264887
v -10.216144 5.291217 9.061604
v -10.183072 5.299204 9.065085
v -10.018112 4.968673 9.417866
v -10.167628 5.050137 9.222101
v -10.246512 5.155925 9.080278
v -10.242209 5.306456 9.122653
v -10.101847 5.545057 9.327165
v -9.863915 5.100339 9.617969
v -9.807590 5.068607 9.596542
v -9.861413 5.405294 9.590183
v -9.908278 5.439587 9.580609
v -10.106279 5.229331 9.421746
v -10.006099 5.459497 9.441014
v -9.974864 5.620441 9.616680
v -10.033257 5.665509 9.547487
v -10.090132 5.683247 9.465757
v -9.853868 5.403062 9.563667
v -9.796618 5.088639 9.571087
v -9.875451 6.965004 9.888994
v -9.826991 6.919316 9.839629
v -9.867780 6.891430 9.863746
v -9.847619 6.964793 9.916990
v -9.798306 6.919250 9.868386
v -9.798341 6.773938 9.868260
v -9.827058 6.774056 9.839626
v -9.852357 6.915236 9.938162
v -9.822453 6.891434 9.909108
v -9.822421 6.801825 9.909116
v -9.847802 6.728192 9.916708
v -9.875580 6.728474 9.888954
v -9.896833 6.778003 9.893559
v -9.867784 6.801860 9.863726
v -9.852286 6.777956 9.938212
v -9.914618 6.778848 10.000099
v -9.923005 6.725991 9.991371
v -9.950207 6.726297 9.964075
v -9.958700 6.778875 9.955892
v -9.896798 6.915233 9.893610
v -9.950117 6.967208 9.964162
v -9.922715 6.966930 9.991657
v -9.914704 6.914309 10.000012
v -9.958645 6.914320 9.955958
v -9.818659 6.600031 9.892697
v -9.877596 6.585824 9.936423
v -9.918754 5.819921 9.632132
v -9.859812 5.834123 9.588409
v -9.989098 5.903257 9.556024
v -9.927387 5.915905 9.515845
v -9.890803 6.596828 9.786374
v -9.952514 6.584184 9.826551
v -9.896501 6.552683 9.898262
v -9.836929 6.566529 9.855348
v -9.873516 5.885610 9.584819
v -9.933088 5.871756 9.627734
v -9.852357 5.717090 9.938163
v -9.914704 5.716162 10.000013
v -9.958645 5.716173 9.955959
v -9.822453 5.693286 9.909109
v -9.896798 5.717086 9.893611
v -9.950117 5.769062 9.964163
v -9.867784 5.603714 9.863727
v -9.822421 5.603678 9.909117
v -9.867780 5.693283 9.863747
v -9.875451 5.766857 9.888995
v -9.922715 5.768783 9.991658
v -9.847619 5.766645 9.916991
v -9.798306 5.721103 9.868387
v -9.826991 5.721170 9.839630
v -9.798341 5.575791 9.868261
v -9.827058 5.575909 9.839627
v -9.847802 5.530046 9.916709
v -9.875580 5.530327 9.888955
v -9.896833 5.579855 9.893560
v -9.852286 5.579809 9.938213
v -9.914618 5.580702 10.000100
v -9.923005 5.527845 9.991372
v -9.950207 5.528150 9.964076
v -9.958700 5.580729 9.955893
v -9.736717 5.467783 9.797632
v -9.761683 5.463805 9.779099
v -9.364116 5.035676 9.335450
v -9.339150 5.039655 9.353982
v -9.720049 5.485078 9.795881
v -9.322477 5.056950 9.352232
v -9.713779 5.504641 9.782619
v -9.316213 5.076512 9.338974
v -9.727339 5.517010 9.758531
v -9.329772 5.088882 9.314881
v -9.751561 5.512872 9.740825
v -9.353991 5.084739 9.297174
v -9.768977 5.495737 9.741744
v -9.371410 5.067608 9.298096
v -9.775994 5.476343 9.754180
v -9.378424 5.048211 9.310532
v -9.912852 5.646609 9.564188
v -9.873352 5.656735 9.533368
v -9.882401 5.840247 9.576048
v -9.934173 5.621670 9.511155
v -9.906313 5.628488 9.490214
v -9.953880 5.655238 9.429315
v -9.983624 5.649479 9.447840
v -10.013190 5.703036 9.435724
v -9.969864 5.711008 9.409803
v -9.984852 5.863678 9.530936
v -9.939929 5.872602 9.502399
v -9.887295 5.672796 9.494823
v -9.904630 5.796220 9.529566
v -9.934862 5.699548 9.433920
v -9.923597 5.806886 9.505285
v -9.925046 5.830043 9.607506
v -9.948825 5.658618 9.538826
v -9.998275 5.686430 9.475515
v -9.967757 5.797532 9.534801
v -9.948038 5.786443 9.560045
v -9.898776 6.638505 9.806687
v -9.943700 6.629582 9.835228
v -9.953732 6.809574 9.875352
v -9.910405 6.817542 9.849427
v -9.919803 6.837273 9.919743
v -9.890059 6.843033 9.901218
v -9.842493 6.816282 9.962122
v -9.870353 6.809461 9.983058
v -9.853398 6.753147 10.003811
v -9.813897 6.763268 9.972987
v -9.883892 6.595946 9.911798
v -9.900992 6.662093 9.907933
v -9.920707 6.673178 9.882689
v -9.938821 6.792964 9.915138
v -9.889366 6.765152 9.978450
v -9.841248 6.606154 9.880344
v -9.827841 6.779330 9.934442
v -9.857579 6.671866 9.877454
v -9.876547 6.682532 9.853173
v -9.875407 6.806081 9.873543
v -9.904509 6.648314 9.782783
v -9.945661 5.882407 9.478495
v -10.008001 5.870115 9.517862
v -9.966853 6.636023 9.822150
v -9.734477 6.034684 9.753958
v -9.657978 6.186880 9.562907
v -9.611026 6.007322 9.707307
v -9.560938 6.017052 10.160874
v -9.691719 6.042989 10.141155
v -9.576107 6.202785 10.304296
v -9.765700 6.210542 10.267085
v -9.506981 6.340000 9.602747
v -9.475735 6.252227 9.606347
v -9.471416 6.071863 9.724982
v -9.428844 6.080132 10.110464
v -9.494004 6.364421 10.261046
v -9.438152 6.353371 10.226029
v -9.565010 6.680594 10.067678
v -9.408030 6.265384 10.219440
v -9.370146 6.195580 10.057416
v -9.403099 6.189178 9.759012
v -9.401984 6.384109 9.905795
v -9.597775 6.674231 9.770954
v -9.540424 6.624636 9.915925
v -9.615490 6.883368 9.918662
v -9.596910 6.867584 10.061914
v -9.628525 6.861441 9.775610
v -9.667998 6.863089 9.729852
v -9.693935 6.906900 9.748306
v -9.677857 6.933714 9.924469
v -9.655002 6.914462 10.100870
v -9.625459 6.871351 10.115068
v -9.584458 6.659884 10.101670
v -9.523536 6.366751 10.245920
v -9.587067 6.252834 10.272341
v -9.602498 6.643756 10.089547
v -9.654928 6.678895 10.115793
v -9.657007 6.709898 10.138833
v -9.731392 6.866116 10.136526
v -9.748190 6.902029 10.117943
v -9.771585 6.919982 9.935116
v -9.788548 6.894190 9.752507
v -9.776037 6.857446 9.732244
v -9.703216 6.700924 9.720396
v -9.624077 6.652190 9.742923
v -9.569177 6.349820 9.580323
v -9.661941 6.238292 9.594342
v -9.594709 6.352925 9.601413
v -9.638964 6.636672 9.759368
v -9.696018 6.670911 9.743717
v -9.761898 6.632001 9.725928
v -9.739635 6.621742 9.738749
v -9.785047 6.318902 9.592778
v -9.756992 6.330214 9.608734
v -9.816513 6.160724 10.086905
v -9.844983 6.155191 9.829082
v -9.834924 6.197095 9.640217
v -9.835254 6.352694 9.624018
v -9.784687 6.658725 9.773159
v -9.763213 6.366688 10.276357
v -9.707248 6.334016 10.297297
v -9.715161 6.641082 10.149162
v -9.747826 6.665887 10.106956
v -9.867404 6.397872 9.956898
v -9.764541 6.627083 9.940621
v -9.803767 6.841846 10.040986
v -9.816932 6.854611 9.941525
v -9.825715 6.837582 9.842217
v -9.696178 6.630185 10.132242
v -9.683398 6.344510 10.275139
v -9.895612 6.561301 9.876444
v -9.921216 6.569152 9.860151
v -9.957804 5.888229 9.589623
v -9.932199 5.880378 9.605920
v -9.872737 6.562993 9.869095
v -9.909325 5.882070 9.598567
v -9.858986 6.569814 9.850065
v -9.895573 5.888890 9.579537
v -9.867157 6.580962 9.823113
v -9.903745 5.900039 9.552589
v -9.892108 6.588440 9.807658
v -9.928695 5.907517 9.537130
v -9.915636 6.587117 9.814171
v -9.952224 5.906194 9.543643
v -9.930046 6.580668 9.832362
v -9.966629 5.899745 9.561834
v -9.710835 7.030829 9.851772
v -9.784597 7.020006 9.857207
v -9.904693 7.836374 9.852954
v -9.830930 7.847197 9.847520
v -9.887852 7.839644 10.005432
v -9.884327 7.793745 9.977271
v -9.777556 7.067957 9.981050
v -9.767756 7.023276 10.009685
v -9.788121 7.065905 9.885365
v -9.894892 7.791694 9.881585
v -9.994031 3.345174 8.221638
v -10.060756 2.871457 8.531592
v -10.060756 3.127745 8.741920
v -9.994031 3.175308 8.694885
v -9.994031 3.652827 8.530335
v -10.060756 3.338071 8.998203
v -9.994031 3.393900 8.961353
v -9.994031 3.894345 8.893127
v -10.060756 3.494359 9.290601
v -9.994031 3.556304 9.265349
v -9.994031 4.060441 9.296062
v -10.060756 3.590600 9.607862
v -9.994031 3.657314 9.605317
v -9.994031 4.121626 9.937810
v -10.060756 3.623589 9.937810
v -10.060756 1.931853 9.937810
v -10.060756 2.579063 8.375305
v -10.059221 2.262099 8.277560
v -10.060756 1.931853 8.246075
v -9.994031 1.931853 7.728107
v -9.994031 2.265267 8.212185
v -9.994031 2.580840 7.811419
v -9.994031 2.605008 8.313650
v -9.994031 2.983208 7.978889
v -9.994031 2.908933 8.476183
v -10.222529 9.655151 9.913971
v -10.183749 9.655880 9.955477
v -10.089599 9.616168 9.849360
v -10.397737 9.797481 10.122027
v -10.428928 9.682283 10.139330
v -9.876469 9.605330 9.905008
v -9.871331 9.478237 9.899891
v -10.073991 9.463522 9.824191
v -10.248717 9.524535 9.925793
v -10.430973 9.553049 10.144909
v -10.555637 9.833535 10.333818
v -10.401238 9.533295 10.183772
v -10.264528 9.394937 9.964690
v -10.276141 9.380636 10.080400
v -10.180660 9.315528 9.945763
v -10.225431 9.315528 10.070847
v -9.795635 9.463527 10.102566
v -9.875373 9.315525 10.081951
v -9.915526 9.315548 9.956843
v -10.040630 9.317392 9.916689
v -9.897264 9.524535 10.277245
v -9.936146 9.394944 10.293060
v -10.110802 9.682283 10.457457
v -10.116349 9.553049 10.459533
v -10.305274 9.833535 10.584181
v -10.155232 9.533295 10.429773
v -10.051852 9.380636 10.304690
v -10.042318 9.315528 10.253959
v -9.917233 9.315528 10.209188
v -10.303735 9.961849 10.581715
v -9.926945 9.655880 10.212281
v -10.106299 9.589068 10.329899
v -10.123176 9.787785 10.400411
v -10.093487 9.797481 10.426281
v -9.885420 9.655144 10.251088
v -9.820789 9.616160 10.118174
v -9.935551 9.708831 10.141216
v -10.039683 9.687475 9.903572
v -9.932767 9.695858 9.961303
v -9.875028 9.687475 10.068227
v -10.027187 9.746886 10.055720
v -10.112681 9.708831 9.964083
v -10.049187 9.682546 10.193945
v -10.116334 9.698408 10.144866
v -10.165409 9.682546 10.077722
v -10.301362 9.589072 10.134828
v -10.221934 9.551384 10.250466
v -10.219887 9.390351 10.248419
v -10.165804 9.315525 10.194332
v -10.553174 9.961849 10.332275
v -10.371871 9.787785 10.151711
v -10.040630 9.265561 9.862273
v -9.885299 9.265561 9.926615
v -9.889981 9.257848 9.931298
v -10.040630 9.257848 9.868899
v -9.915997 9.250905 9.957314
v -10.040630 9.250905 9.905686
v -10.195971 9.265561 9.926615
v -10.191283 9.257848 9.931301
v -10.165268 9.250905 9.957314
v -10.216895 9.250905 10.081951
v -10.260311 9.265561 10.081951
v -10.260311 9.315525 10.081951
v -10.195967 9.315525 9.926615
v -10.040630 9.315525 9.862273
v -9.885299 9.315525 9.926615
v -9.827579 9.257848 10.081951
v -9.889981 9.257848 10.232599
v -9.915997 9.250905 10.206584
v -10.040630 9.250905 10.258211
v -10.040630 9.257848 10.295003
v -10.165268 9.250905 10.206589
v -10.191283 9.257848 10.232604
v -10.253686 9.257848 10.081951
v -9.820953 9.265561 10.081951
v -9.885299 9.265561 10.237282
v -10.040634 9.265561 10.301627
v -10.195971 9.265561 10.237287
v -10.195967 9.315525 10.237287
v -10.040634 9.315525 10.301627
v -9.885299 9.315525 10.237282
v -9.820953 9.315525 10.081951
v -9.864369 9.250905 10.081951
v -9.852357 8.151083 9.938162
v -9.914704 8.150155 10.000012
v -9.958645 8.150167 9.955958
v -9.822453 8.127280 9.909108
v -9.896798 8.151079 9.893610
v -9.950117 8.203054 9.964162
v -9.867784 8.037703 9.863726
v -9.822421 8.037672 9.909116
v -9.867780 8.127275 9.863746
v -9.875451 8.200850 9.888994
v -9.922715 8.202777 9.991657
v -9.847619 8.200639 9.916990
v -9.798306 8.155097 9.868386
v -9.826991 8.155163 9.839629
v -9.798341 8.009785 9.868260
v -9.827058 8.009902 9.839626
v -9.847802 7.964038 9.916708
v -9.875580 7.964320 9.888954
v -9.896833 8.013844 9.893559
v -9.852286 8.013802 9.938212
v -9.914618 8.014694 10.000099
v -9.923005 7.961838 9.991371
v -9.950207 7.962143 9.964075
v -9.958700 8.014722 9.955892
v -10.040395 9.315525 10.252036
v -10.205896 9.315525 10.081951
v -10.168522 9.318351 9.954067
v -10.040630 1.931853 10.258212
v -9.915997 1.931853 10.206585
v -9.864369 1.931853 10.081952
v -9.915997 1.931849 9.957314
v -10.040630 1.931849 9.905687
v -10.165268 1.931849 9.957314
v -10.216891 1.931849 10.081952
v -10.165272 1.931845 10.206590
v -11.609526 1.920114 11.312347
v -11.302336 1.920114 11.619538
v -11.302336 1.931853 11.602941
v -11.302336 1.853541 11.619538
v -11.609526 1.853541 11.312347
v -10.014866 1.853619 10.332072
v -10.321899 1.853619 10.024725
v -8.235671 1.931853 10.313208
v -10.001040 1.932405 10.314867
v -9.997942 1.920114 10.325064
v -8.223931 1.920114 10.324945
v -9.997942 1.853619 10.325064
v -10.014866 1.920114 10.332072
v -10.017971 1.932405 10.321876
v -11.592919 1.931853 11.312347
v -10.305102 1.931853 10.010307
v -8.223931 1.853541 10.324945
v -10.312111 1.931853 10.027243
v -10.321899 1.920114 10.024725
v -10.314891 1.920114 10.007802
v -10.314891 1.853619 10.007802
v -10.314930 1.920114 8.243349
v -10.303191 1.931853 8.255088
v -10.314930 1.853541 8.243349
v -9.913040 1.920114 8.243349
v -9.924779 1.931853 8.255088
v -9.920311 1.931853 9.943085
v -9.910374 1.931853 9.953023
v -8.235671 1.931853 9.957455
v -8.223931 1.920114 9.945716
v -8.223931 1.853541 9.945716
v -9.903087 1.920114 9.945716
v -9.913001 1.920114 9.935805
v -9.913001 1.853619 9.935805
v -9.903087 1.853619 9.945716
v -9.913040 1.853541 8.243349
v -10.304471 7.206620 10.300418
v -10.436130 6.772607 10.432076
v -10.436130 7.640625 10.432076
v -10.416090 7.783142 10.412036
v -10.172810 7.640625 10.168752
v -10.172810 6.772607 10.168752
v -10.537779 6.400206 10.533721
v -10.484639 6.772607 10.480578
v -10.585408 6.744258 10.581350
v -10.670832 6.663534 10.666777
v -10.727917 6.542718 10.723864
v -10.747964 6.400206 10.743906
v -10.273577 7.984685 10.269520
v -10.172810 8.013031 10.168752
v -10.359008 7.903957 10.354951
v -10.747964 5.575392 10.743907
v -10.537779 5.575392 10.533722
v -10.934268 5.202991 10.930220
v -10.537779 5.202991 10.533722
v -10.934268 4.239573 10.930220
v -10.537779 4.239573 10.533722
v -10.934268 2.219380 10.930220
v -10.319358 2.219380 10.315302
v -10.800782 1.931853 10.796725
v -10.484636 1.931853 10.480579
v -10.800782 5.575392 10.796721
v -10.901554 5.547043 10.897493
v -10.986976 5.466319 10.982924
v -11.044063 5.345503 11.040009
v -11.064103 5.202991 11.060049
v -11.064103 4.239573 11.060049
v -11.064103 2.219380 11.060049
v -10.999185 2.075614 10.995132
v -11.064103 1.931853 11.060049
v -10.266646 2.071417 10.262589
v -10.172810 1.931853 10.168753
v -10.172810 2.219380 10.168753
v -10.172810 4.239573 10.168753
v -10.172810 5.202991 10.168753
v -10.172810 5.575392 10.168753
v -10.172810 6.400206 10.168752
v -10.897739 2.219380 10.966753
v -10.897739 4.239573 10.966753
v -11.027566 4.239573 11.096586
v -11.027566 5.202991 11.096586
v -10.897739 5.202991 10.966753
v -11.007525 5.345503 11.076546
v -10.950444 5.466319 11.019461
v -10.865017 5.547043 10.934031
v -10.764245 5.575392 10.833258
v -10.711428 5.575392 10.780444
v -10.501242 4.239573 10.570259
v -10.282823 2.219380 10.351839
v -10.448099 1.931853 10.517120
v -10.764245 1.931853 10.833261
v -10.962653 2.075614 11.031670
v -11.027566 1.931853 11.096586
v -11.027566 2.219380 11.096586
v -10.501242 6.400206 10.570258
v -10.501242 5.575392 10.570259
v -10.136273 5.575392 10.205290
v -10.136273 5.202991 10.205290
v -10.501242 5.202991 10.570259
v -10.136273 4.239573 10.205290
v -10.136273 2.219380 10.205290
v -10.230110 2.071417 10.299127
v -10.136273 1.931853 10.205290
v -10.399597 6.772607 10.468613
v -10.448104 6.772607 10.517115
v -10.548875 6.744258 10.617887
v -10.634295 6.663534 10.703314
v -10.691380 6.542718 10.760399
v -10.711428 6.400206 10.780443
v -10.752110 5.654612 10.845393
v -10.804075 5.654612 10.793428
v -10.807219 5.649201 10.796572
v -10.752110 6.400206 10.845392
v -10.496031 6.846193 10.485387
v -10.608910 6.813267 10.598266
v -10.556950 6.813267 10.650229
v -10.659515 6.716348 10.752795
v -10.711478 6.716348 10.700835
v -10.728045 6.571302 10.821325
v -10.780014 6.571302 10.769365
v -10.804075 6.400206 10.793427
v -10.804075 6.400206 10.784794
v -10.804075 5.648512 10.784795
v -10.496041 6.840127 10.476757
v -10.611576 6.807620 10.592295
v -10.712743 6.712033 10.693461
v -10.780338 6.568964 10.761057
v -10.447611 6.772607 10.428332
v -10.492252 6.772607 10.472966
v -10.593017 6.744258 10.573738
v -10.678447 6.663534 10.659174
v -10.735532 6.542718 10.716250
v -10.755581 6.400206 10.736295
v -10.755581 5.585028 10.736296
v -10.762393 5.575392 10.743113
v -10.807222 5.643124 10.787942
v -10.804075 5.575392 10.784795
v -10.927726 5.610405 10.908442
v -10.909163 5.547043 10.889882
v -11.028885 5.514818 11.009604
v -10.994593 5.466319 10.975312
v -11.096479 5.371749 11.077204
v -11.051670 5.345503 11.032390
v -10.925056 5.616052 10.914412
v -11.027621 5.519133 11.016974
v -11.096151 5.374087 11.085509
v -11.120221 5.202991 11.109574
v -11.120221 5.202991 11.100941
v -11.120221 2.027696 11.109574
v -11.120221 2.027696 11.100941
v -11.071722 5.202991 11.052442
v -11.071722 2.027695 11.052442
v -11.120221 1.931853 11.100941
v -11.120221 1.931853 11.109574
v -11.068256 2.027696 11.161537
v -11.068256 5.202991 11.161537
v -11.071722 1.931853 11.052442
v -10.968287 5.514818 11.070199
v -11.035883 5.371749 11.137797
v -10.991073 5.345503 11.092992
v -11.011124 5.202991 11.113036
v -11.059619 5.202991 11.161534
v -11.011124 2.027696 11.113036
v -11.059619 2.027696 11.161534
v -11.059619 1.931853 11.161534
v -11.068256 1.931853 11.161537
v -11.011124 1.931853 11.113036
v -11.044191 5.374087 11.137472
v -10.975660 5.519133 11.068937
v -10.873096 5.616052 10.966370
v -10.867127 5.610405 10.969039
v -10.755260 5.649201 10.848536
v -10.746626 5.643124 10.848540
v -10.743481 5.648512 10.845393
v -10.743481 6.400206 10.845392
v -10.719744 6.568964 10.821655
v -10.652149 6.712033 10.754056
v -10.550978 6.807620 10.652893
v -10.444071 6.846193 10.537347
v -10.435440 6.840127 10.537352
v -10.387016 6.772607 10.488927
v -10.383155 6.778069 10.485066
v -10.431651 6.772607 10.533565
v -10.532427 6.744258 10.634333
v -10.617852 6.663534 10.719764
v -10.674938 6.542718 10.776849
v -10.694979 6.400206 10.796896
v -10.431651 6.846659 10.533565
v -10.383155 7.640625 10.485066
v -10.431651 7.640625 10.533565
v -10.407914 7.809392 10.509825
v -10.416223 7.811726 10.509500
v -10.347688 7.956771 10.440968
v -10.399652 7.956771 10.389005
v -10.297087 8.053690 10.286444
v -10.299754 8.048052 10.280472
v -10.363111 7.783142 10.465022
v -10.340322 7.952456 10.442228
v -10.245127 8.053690 10.338404
v -10.239156 8.048052 10.341069
v -10.306026 7.903957 10.407936
v -10.220595 7.984685 10.322510
v -10.119827 8.013031 10.221738
v -10.119827 8.081620 10.221738
v -10.124142 8.087725 10.217423
v -10.176102 8.087725 10.165459
v -10.180422 8.081620 10.161140
v -10.180422 8.013031 10.161140
v -10.281193 7.984685 10.261912
v -10.400913 7.952456 10.381636
v -10.366619 7.903957 10.347342
v -10.468516 7.809392 10.449230
v -10.423705 7.783142 10.404428
v -10.492252 7.640625 10.472966
v -10.443749 7.640625 10.424472
v -10.443749 6.778069 10.424472
v -10.492252 6.846659 10.472966
v -10.468183 7.811726 10.457540
v -10.492252 7.640625 10.481605
v -10.492252 6.852763 10.481605
v -10.440284 7.640625 10.533568
v -10.440288 6.852763 10.533565
v -10.694979 5.585028 10.796897
v -10.701796 5.575392 10.803711
v -10.743481 5.575392 10.845393
v -10.848564 5.547043 10.950479
v -10.933994 5.466319 11.035911
v -9.564670 3.657314 9.998040
v -9.567219 3.590600 10.064762
v -9.255415 4.060441 9.998040
v -9.897162 4.121626 9.998040
v -9.897162 3.623589 10.064762
v -9.897162 1.931853 10.064762
v -9.249952 3.494359 10.064762
v -8.957555 3.338071 10.064762
v -8.701271 3.127745 10.064762
v -8.490945 2.871457 10.064762
v -8.334658 2.579063 10.064762
v -8.236912 2.262099 10.063231
v -8.180989 3.345174 9.998040
v -8.654237 3.175308 9.998040
v -8.489692 3.652827 9.998040
v -8.920706 3.393900 9.998040
v -8.852484 3.894345 9.998040
v -9.224701 3.556304 9.998040
v -8.205430 1.931853 10.064762
v -7.687459 1.931853 9.998040
v -8.171541 2.265267 9.998040
v -7.770772 2.580841 9.998040
v -8.273003 2.605008 9.998040
v -7.938241 2.983208 9.998040
v -8.435539 2.908933 9.998040
v -10.136273 6.772607 10.205289
v -10.136273 7.640625 10.205289
v -10.267935 7.206620 10.336954
v -10.136276 8.013031 10.205289
v -10.237045 7.984685 10.306056
v -10.322472 7.903957 10.391486
v -10.379554 7.783142 10.448569
v -10.399597 7.640625 10.468613
v -10.136273 6.400206 10.205289
v 8.409328 4.829398 2.851803
v 8.409328 4.829399 8.458026
v 9.991157 4.829399 7.120033
v 9.991157 4.829399 9.754772
v 10.023816 4.796739 9.754772
v 10.023816 4.796739 8.451832
v 9.982362 4.829399 10.039855
v 10.003088 4.796739 10.046226
v 10.004141 4.488378 10.074496
v 10.041465 4.471184 9.748938
v 10.127514 4.468420 8.440915
v 10.023816 4.796739 7.628536
v 10.023816 4.796739 6.753113
v 10.121778 4.489728 7.618419
v 10.158185 4.450921 5.639250
v 10.022705 4.127014 5.636211
v 10.003721 4.162564 4.699329
v 10.106679 4.476623 6.752366
v 9.986528 4.138448 6.723680
v 9.995989 4.168559 7.576400
v 9.983561 4.150754 8.397135
v 9.915609 4.112069 9.739289
v 9.930120 2.845727 9.709104
v 9.892088 2.844443 8.395741
v 9.993212 2.852810 7.569384
v 9.884010 2.243104 7.724211
v 9.844360 2.238476 8.436165
v 9.852513 2.428998 9.302155
v 9.881516 2.239064 9.691401
v 9.991458 4.096923 10.000613
v 9.900100 2.859169 10.019940
v 9.863395 2.251985 10.019940
v 9.904583 1.472228 10.019940
v 9.894217 1.486093 9.691241
v 9.930061 1.522853 9.223037
v 9.871179 1.499116 8.436384
v 9.874788 1.485173 7.818408
v 10.051340 2.253516 7.455902
v 10.026460 2.857192 6.760765
v 10.107556 2.864859 5.738761
v 10.081063 2.274813 7.031878
v 10.127592 2.257416 6.622607
v 10.028085 2.267467 6.476637
v 10.221473 2.275529 6.096844
v 10.043081 1.552964 6.441310
v 10.204933 1.524403 6.079368
v 10.214475 1.542313 6.599794
v 10.112834 1.558829 7.031145
v 10.064089 1.512190 7.431202
v 10.235001 2.287284 4.244329
v 10.151724 2.283995 4.572484
v 10.178468 1.567220 4.550799
v 10.014297 1.572213 4.786957
v 9.957196 2.281407 4.797333
v 10.072749 2.282021 5.367657
v 10.139957 2.281368 5.599899
v 10.174736 1.549792 5.587834
v 10.047091 1.536831 5.360346
v 10.139616 2.874554 3.967339
v 9.995691 2.866030 4.793026
v 10.172590 2.879056 1.341254
v 10.126171 2.984398 2.449883
v 10.130223 2.296227 1.991534
v 10.215450 2.360533 2.443892
v 10.119370 2.311623 2.706362
v 10.105229 2.306470 2.830941
v 10.158005 2.297159 3.372888
v 10.169082 2.285463 3.586594
v 10.138697 2.295706 3.811056
v 10.321038 1.560364 4.222025
v 10.280560 1.577048 3.840622
v 10.136966 1.565059 3.585501
v 10.161771 1.581837 3.251418
v 10.243513 1.592930 2.928698
v 10.145000 1.574033 2.792831
v 10.234409 1.588877 2.413561
v 10.183617 1.582612 2.076021
v 10.106139 1.586496 1.973835
v 10.211988 2.330547 1.728061
v 10.264755 1.572479 1.821593
v 10.289690 2.303933 1.560775
v 10.235476 1.572302 1.601325
v 10.246094 2.306536 1.416582
v 10.331642 1.573974 1.482196
v 10.146179 2.286962 1.305000
v 10.407265 1.632963 1.244398
v 10.178170 2.274335 1.162178
v 10.249374 1.637666 1.168502
v 10.242984 1.580157 0.983732
v 10.022289 4.128357 3.986713
v 10.015030 4.123525 2.528520
v 10.065423 4.102905 1.363929
v 10.204952 2.878386 0.106026
v 10.140059 4.484645 0.240891
v 10.065491 4.137041 0.234505
v 10.038113 4.133400 -0.832097
v 10.125184 4.454969 1.380289
v 10.148004 4.457209 2.543657
v 10.157879 4.478964 4.001827
v 10.149761 4.506252 4.705281
v 10.023816 4.796739 5.646655
v 10.023816 4.796739 4.706522
v 10.023816 4.796739 4.009463
v 10.023816 4.796738 2.552467
v 9.991157 4.829399 4.706522
v 9.991157 4.829398 2.046137
v 10.023816 4.796738 1.387697
v 10.023816 4.796738 0.234928
v 9.991157 4.829398 -1.857100
v 10.023816 4.796738 -0.808788
v 10.129507 4.478349 -0.828479
v 10.023816 4.796738 -1.519462
v 10.143486 4.467530 -1.518463
v 10.023816 4.796738 -2.230735
v 10.123077 4.478286 -2.229407
v 10.023816 4.796738 -2.869413
v 9.991157 4.829398 -3.608267
v 10.023816 4.796738 -3.608267
v 9.991157 4.829398 -6.132875
v 10.023816 4.796738 -4.284997
v 10.023816 4.796738 -4.900756
v 10.023816 4.796738 -5.578853
v 10.023816 4.796738 -6.286649
v 10.156012 4.465247 -2.853754
v 10.137976 4.468144 -3.594386
v 10.109674 4.530774 -4.272620
v 10.120508 4.500397 -4.907362
v 10.119738 4.476069 -5.566162
v 9.989136 4.133306 -7.281208
v 10.032529 2.839853 -7.317395
v 9.892280 2.843459 -8.367176
v 9.978678 4.126312 -6.259487
v 10.092395 4.469585 -6.271973
v 9.971861 4.140777 -5.544419
v 9.967232 4.179227 -4.898771
v 9.995656 4.176428 -4.259032
v 9.951092 4.133537 -8.407390
v 10.017802 2.838126 -6.372396
v 10.064641 2.858146 -5.563405
v 9.843711 2.843917 -4.856851
v 10.006811 2.274925 -4.474969
v 9.920429 2.248010 -4.711918
v 9.936753 2.238475 -4.893540
v 10.100199 2.248017 -5.198279
v 10.151681 2.244615 -5.500031
v 10.060090 2.237308 -5.760974
v 10.106750 2.223764 -6.088668
v 10.108813 2.203751 -6.393322
v 10.006878 2.184436 -6.641755
v 10.160354 1.513756 -5.716521
v 9.984214 1.532210 -5.979752
v 10.091471 1.520467 -5.565132
v 9.982672 1.550797 -5.413015
v 10.018613 1.530840 -5.226585
v 10.057726 1.487486 -5.040570
v 10.063404 1.499436 -4.893630
v 9.967585 1.528342 -4.806057
v 10.013777 1.549086 -4.692125
v 9.998479 1.563966 -4.575969
v 9.975878 1.573837 -4.449362
v 10.074325 1.574702 -4.334654
v 10.122252 1.570728 -4.199558
v 10.135458 2.282792 -4.065135
v 10.061411 2.864713 -4.273943
v 10.235632 2.287671 -3.722716
v 10.139754 1.576723 -4.075457
v 10.252750 1.553828 -3.864472
v 10.132349 2.876942 -2.853421
v 10.149825 2.866597 -3.585502
v 9.998605 4.132977 -3.578857
v 10.198018 2.282690 -3.444779
v 10.169951 2.285607 -3.174536
v 10.235345 2.299324 -2.899007
v 10.151454 2.299269 -2.638607
v 10.232804 2.286104 -2.365545
v 10.168545 2.881676 -2.200432
v 10.152852 2.288939 -2.066475
v 10.243326 2.899837 -1.423384
v 10.282250 1.558179 -2.147277
v 10.286867 1.558077 -2.307962
v 10.229417 1.570383 -2.442420
v 10.167622 1.577596 -2.569497
v 10.205101 1.585525 -2.685183
v 10.256219 1.588904 -2.903975
v 10.232937 1.576339 -3.119662
v 10.079735 1.586234 -3.225995
v 10.181787 1.542363 -3.356987
v 10.271127 1.481296 -3.596982
v 10.066383 1.520162 -3.685737
v 10.277582 1.513936 -3.751915
v 9.991157 4.829397 -9.663229
v 9.991157 4.829398 -9.084064
v 8.409328 4.829398 -2.754415
v 10.023816 4.796738 -7.301459
v 10.023816 4.796738 -8.444549
v 10.023816 4.796738 -9.084064
v 10.023816 4.796737 -9.663229
v 10.095590 4.480917 -7.298507
v 10.114823 4.474370 -8.441486
v 10.089000 4.436048 -9.089855
v 10.023085 4.468238 -9.674721
v 9.920449 4.074540 -9.665198
v 9.879366 2.244387 -8.660345
v 9.958916 2.235397 -9.161945
v 9.917852 2.829049 -9.122637
v 9.956069 2.844622 -9.639618
v 9.930394 4.080179 -9.161797
v 9.914935 2.238674 -9.626375
v 9.943731 2.256706 -8.387827
v 9.969085 1.502522 -9.184950
v 9.996259 1.481146 -9.626109
v 9.873759 1.537570 -8.728536
v 9.856703 1.533713 -8.649785
v 9.960223 1.452316 -8.400024
v 9.805769 2.274831 -8.097525
v 10.173671 2.221478 -7.133538
v 9.925303 2.265880 -7.588825
v 10.059813 2.210302 -6.876451
v 10.151133 1.530389 -6.909766
v 10.226129 1.523130 -7.035605
v 10.295587 1.458644 -7.239361
v 10.025731 1.513231 -7.485872
v 9.900276 1.557650 -7.737532
v 9.895847 1.559940 -8.130987
v 10.250186 1.505564 -6.645267
v 10.096357 1.520326 -6.781424
v 10.274995 1.488911 -6.479707
v 10.201953 1.482427 -6.331995
v 10.104352 1.498179 -6.220996
v 10.148012 1.503352 -6.091452
v 10.251172 2.295157 -1.655560
v 10.264782 2.301568 -1.316868
v 10.209893 2.901994 -0.813075
v 10.124846 2.294582 -1.006776
v 10.242664 2.293505 -0.608344
v 10.262221 2.277905 -0.181700
v 10.155886 2.268473 0.053315
v 10.191232 2.274699 0.446253
v 10.158470 2.283669 0.754352
v 10.198253 1.578967 0.907178
v 10.239923 1.583121 0.732836
v 10.129972 1.568806 0.607709
v 10.194689 1.560548 0.451594
v 10.110973 1.536404 0.314728
v 10.085339 1.512370 0.196414
v 10.132517 1.526521 0.080332
v 10.229980 1.521995 -0.041666
v 10.285681 1.531729 -0.177193
v 10.212404 1.581046 -0.490324
v 10.279941 1.581230 -0.636426
v 10.238905 1.581347 -0.784006
v 10.074966 1.590882 -1.048931
v 10.258193 1.586304 -1.274396
v 10.263807 1.577443 -1.457955
v 10.221504 1.578250 -1.601995
v 10.184466 1.578215 -1.756128
v 10.175821 1.572200 -2.008414
v 0.880791 4.133401 10.086810
v 0.877173 4.478350 10.178202
v -0.192197 4.484646 10.188758
v 0.857478 4.796739 10.072511
v 1.568156 4.796739 10.072511
v 1.905794 4.829399 10.039855
v -0.186234 4.796739 10.072511
v -1.331595 4.454970 10.173878
v -0.185815 4.137042 10.114184
v -1.315235 4.102906 10.114122
v -0.057332 2.878387 10.253651
v 0.861765 2.901995 10.258593
v 1.563739 4.122105 10.078992
v 1.567157 4.467531 10.192180
v 2.279429 4.796739 10.072511
v 2.918107 4.796739 10.072511
v 1.055470 2.294583 10.173546
v 1.365562 2.301568 10.313481
v 0.657038 2.293506 10.291362
v 0.230394 2.277906 10.310917
v -0.004620 2.268474 10.204581
v -0.397555 2.274699 10.239931
v -0.705658 2.283670 10.207170
v -1.113484 2.274335 10.226868
v -1.292560 2.879057 10.221289
v -1.256305 2.286963 10.194878
v -1.433502 1.573975 10.380340
v -1.195704 1.632964 10.455962
v -1.119807 1.637666 10.298069
v -0.935038 1.580158 10.291679
v -0.858484 1.578967 10.246948
v -0.684142 1.583122 10.288617
v -0.559015 1.568806 10.178671
v -0.402900 1.560548 10.243388
v -0.266030 1.536405 10.159669
v -0.147720 1.512371 10.134033
v -0.031638 1.526522 10.181216
v 0.090360 1.521995 10.278680
v 0.225887 1.531730 10.334378
v 0.539018 1.581047 10.261102
v 0.685121 1.581231 10.328638
v 0.832700 1.581348 10.287603
v 1.097626 1.590883 10.123665
v 1.323090 1.586305 10.306888
v 1.506649 1.577444 10.312503
v 1.704254 2.295158 10.299868
v 1.650689 1.578251 10.270198
v 1.804823 1.578216 10.233164
v 2.057109 1.572201 10.224519
v 2.115169 2.288940 10.201550
v 1.472079 2.899837 10.292020
v 2.249126 2.881677 10.217244
v 2.278101 4.478287 10.171776
v 2.262584 4.121846 10.063940
v 2.888175 4.140010 10.056011
v 2.902115 2.876943 10.181047
v 2.414239 2.286105 10.281502
v 2.195971 1.558180 10.330949
v 2.902448 4.465248 10.204705
v 3.627551 4.132978 10.047302
v 3.656961 4.829399 10.039855
v 3.656961 4.796739 10.072511
v 3.643080 4.468145 10.186675
v 4.307726 4.176429 10.044351
v 4.322633 2.864714 10.110108
v 4.905545 2.843918 9.892406
v 4.523664 2.274926 10.055511
v 4.760612 2.248011 9.969128
v 5.593113 4.140778 10.020555
v 5.612100 2.858148 10.113335
v 6.421091 2.838127 10.064485
v 4.947465 4.179229 10.015930
v 4.321313 4.530776 10.158369
v 4.333691 4.796739 10.072511
v 6.181569 4.829399 10.039855
v 4.949450 4.796739 10.072511
v 4.942234 2.238476 9.985448
v 5.246970 2.248019 10.148896
v 5.548726 2.244616 10.200379
v 5.809669 2.237309 10.108786
v 6.137358 2.223765 10.155447
v 4.624663 1.563967 10.047177
v 4.740819 1.549087 10.062475
v 4.854752 1.528343 10.016283
v 4.942324 1.499438 10.112102
v 5.089265 1.487487 10.106421
v 5.275280 1.530841 10.067307
v 5.461709 1.550798 10.031366
v 5.613826 1.520468 10.140168
v 5.765215 1.513757 10.209052
v 6.028446 1.532211 10.032908
v 6.140146 1.503353 10.196706
v 6.693961 1.505566 10.272058
v 6.830118 1.520327 10.090210
v 6.925146 2.210304 10.047194
v 6.690449 2.184437 10.028155
v 6.528398 1.488913 10.312059
v 6.380685 1.482428 10.246689
v 6.442016 2.203753 10.150840
v 6.269690 1.498181 10.152366
v 7.368028 2.839463 10.023253
v 7.329906 4.133307 10.037831
v 6.308180 4.126314 10.027371
v 8.417809 2.843069 9.921768
v 8.146219 2.274832 9.836225
v 8.436518 2.256707 9.920688
v 7.706180 2.271262 9.928272
v 7.182229 2.221479 10.088236
v 6.958460 1.530390 10.115543
v 7.084300 1.523131 10.138641
v 7.288056 1.458645 10.099650
v 7.603227 1.518612 9.939576
v 7.854886 1.563031 9.963583
v 8.179682 1.559941 9.893365
v 8.448714 1.452317 9.929455
v 8.709040 2.244389 9.879730
v 9.171331 2.829051 9.966532
v 8.456080 4.133538 9.999790
v 9.210491 4.080180 9.941683
v 8.490161 4.474375 10.163522
v 9.138594 4.436143 10.126053
v 9.132759 4.796739 10.072511
v 9.711924 4.796739 10.072511
v 9.711924 4.829399 10.039855
v 9.723502 4.468302 10.097504
v 9.713893 4.074542 9.931741
v 9.688313 2.844623 10.004763
v 9.210640 2.235399 9.924665
v 8.777230 1.537572 10.012152
v 8.698483 1.533715 9.866809
v 9.233644 1.502523 9.935673
v 9.675066 2.238676 9.963630
v 9.132759 4.829399 10.039855
v 8.493243 4.796739 10.072511
v 7.350157 4.796739 10.072511
v 7.347201 4.480918 10.144287
v 6.320667 4.469587 10.141088
v 5.614856 4.476071 10.168431
v 6.335342 4.796739 10.072511
v 5.627547 4.796739 10.072511
v 4.956056 4.500399 10.169207
v 2.803109 4.829399 8.458026
v -1.997447 4.829399 10.039855
v -1.339003 4.796739 10.072511
v -2.494963 4.457210 10.196698
v -2.479825 4.123526 10.063729
v -3.953134 4.478965 10.206574
v -3.938019 4.128357 10.070984
v -2.503773 4.796739 10.072511
v -3.960765 4.796739 10.072511
v -4.657828 4.796739 10.072511
v -4.656587 4.506256 10.198461
v -5.590556 4.450921 10.206882
v -5.597960 4.796739 10.072511
v -4.657828 4.829399 10.039855
v -6.703672 4.476623 10.155376
v -6.704423 4.796739 10.072511
v -7.071339 4.829399 10.039855
v -2.803113 4.829399 8.458026
v -7.579839 4.796739 10.072511
v -7.569725 4.489728 10.170471
v -6.674983 4.138448 10.035222
v -5.587522 4.127015 10.071403
v -4.650635 4.162564 10.052417
v -2.401188 2.984398 10.174865
v -3.918648 2.874554 10.188312
v -4.744332 2.866030 10.044389
v -5.690067 2.864859 10.156254
v -6.712070 2.857192 10.075154
v -7.527706 4.168559 10.044683
v -2.657668 2.311624 10.168067
v -2.395197 2.360533 10.264144
v -2.782251 2.306471 10.153925
v -3.324194 2.297159 10.206703
v -3.537899 2.285463 10.217775
v -3.762357 2.295707 10.187390
v -4.195634 2.287284 10.283700
v -4.523789 2.283995 10.200422
v -4.748639 2.281407 10.005895
v -4.738263 1.572213 10.062993
v -4.502101 1.567221 10.227161
v -4.173335 1.560364 10.369737
v -3.791932 1.577049 10.329257
v -3.536803 1.565059 10.185660
v -3.202724 1.581838 10.210466
v -5.318962 2.282022 10.121449
v -5.311647 1.536832 10.095786
v -5.539140 1.549792 10.223433
v -5.551204 2.281368 10.188652
v -6.392616 1.552964 10.091776
v -6.427943 2.267467 10.076782
v -6.573913 2.257416 10.176286
v -6.030674 1.524403 10.253628
v -6.048149 2.275529 10.270166
v -6.983183 2.274813 10.129762
v -7.407203 2.253516 10.100038
v -7.520689 2.852811 10.041910
v -7.675516 2.243104 9.932709
v -8.347046 2.844443 9.940783
v -8.387471 2.238476 9.893055
v -7.769714 1.485173 9.923484
v -7.382508 1.512191 10.112782
v -6.982455 1.558829 10.161531
v -6.551100 1.542313 10.263169
v -8.387691 1.499117 9.919873
v -8.348440 4.150755 10.032259
v -9.660410 2.845727 9.978815
v -9.642707 2.239064 9.930214
v -9.642547 1.486093 9.942913
v -9.971250 1.472228 9.953277
v -9.971250 2.251985 9.912089
v -8.392213 4.468420 10.176211
v -8.403137 4.796739 10.072511
v -9.700239 4.471223 10.082430
v -9.691033 4.112069 9.948829
v -9.971250 2.859169 9.948793
v -9.971250 4.096923 10.024678
v -10.028766 4.488374 10.045071
v -9.706078 4.796739 10.072511
v -8.409328 4.829399 8.458026
v -9.706078 4.829399 10.039855
v -9.997531 4.796739 10.051785
v -9.991160 4.829399 10.031060
v -10.023816 4.796738 -3.912071
v -10.023816 4.796738 -4.609130
v -10.149766 4.506255 -4.607889
v -10.157883 4.478963 -3.904439
v -10.015030 4.123525 -2.431127
v -10.148004 4.457209 -2.446265
v -10.022289 4.128356 -3.889321
v -10.003721 4.162563 -4.601937
v -10.158188 4.450920 -5.541858
v -10.023816 4.796738 -5.549263
v -9.991160 4.829398 -4.609130
v -9.991160 4.829398 -1.948749
v -9.995695 2.866029 -4.695633
v -10.022709 4.127013 -5.538824
v -10.106683 4.476622 -6.654974
v -10.023816 4.796738 -6.655725
v -9.991160 4.829398 -7.022645
v -8.409331 4.829398 -2.754415
v -8.409331 4.829398 2.851807
v -10.004117 4.488340 -9.980067
v -10.041465 4.471182 -9.651548
v -10.023816 4.796737 -9.657379
v -10.023816 4.796738 -8.354439
v -10.023816 4.796738 -7.531145
v -10.121780 4.489727 -7.521027
v -9.986528 4.138447 -6.626288
v -10.003648 2.855879 -6.435872
v -10.049273 2.858503 -6.890873
v -9.993217 2.852809 -7.471991
v -9.967678 2.248311 -7.492662
v -9.995992 4.168558 -7.479012
v -9.983564 4.150753 -8.299742
v -10.127518 4.468419 -8.343522
v -10.221473 2.275528 -5.999451
v -10.106358 2.281692 -5.386385
v -10.107559 2.864858 -5.641369
v -10.077840 2.262442 -6.452231
v -10.081066 2.274812 -6.934485
v -10.064089 1.512189 -7.333810
v -9.874793 1.485172 -7.721015
v -9.844365 2.238475 -8.338773
v -9.871182 1.499115 -8.338992
v -10.047091 1.536831 -5.262953
v -10.014297 1.572212 -4.689564
v -10.174740 1.549791 -5.490442
v -10.204933 1.524402 -5.981975
v -10.043081 1.552963 -6.343918
v -10.214475 1.542312 -6.502402
v -10.112838 1.558828 -6.933752
v -10.105229 2.306470 -2.733553
v -10.151120 2.293509 -3.548006
v -10.161771 1.581837 -3.154026
v -10.136966 1.565058 -3.488109
v -10.280560 1.577048 -3.743230
v -10.321042 1.560363 -4.124637
v -10.193366 2.285639 -4.311016
v -10.178468 1.567219 -4.453406
v -9.957196 2.281406 -4.699941
v -10.139616 2.874553 -3.869947
v -10.126175 2.984397 -2.352490
v -10.167410 2.336080 -2.477735
v -10.130226 2.296227 -1.894141
v -10.289694 2.303933 -1.463382
v -10.211993 2.330547 -1.630668
v -10.264760 1.572478 -1.724200
v -10.106139 1.586496 -1.876443
v -10.183617 1.582612 -1.978628
v -10.234414 1.588877 -2.316169
v -10.145004 1.574033 -2.695438
v -10.243513 1.592929 -2.831306
v -10.172593 2.879056 -1.243862
v -10.246099 2.306536 -1.319190
v -10.146183 2.286962 -1.207607
v -10.065428 4.102905 -1.266537
v -10.204956 2.878386 -0.008634
v -10.065494 4.137041 -0.137117
v -10.178174 2.274335 -1.064785
v -10.407268 1.632963 -1.147005
v -10.331646 1.573974 -1.384804
v -10.235478 1.572302 -1.503932
v -10.140063 4.484645 -0.143499
v -10.038116 4.133400 0.929489
v -10.209898 2.901994 0.910463
v -10.132522 1.526521 0.017060
v -10.229984 1.521995 0.139059
v -10.173561 2.271586 -0.152392
v -10.262221 2.277905 0.279092
v -10.242667 2.293505 0.705736
v -10.124850 2.294582 1.104168
v -10.264787 2.301568 1.414261
v -10.258193 1.586305 1.371784
v -10.263807 1.577443 1.555348
v -10.251172 2.295158 1.752952
v -10.285681 1.531729 0.274581
v -10.212408 1.581046 0.587716
v -10.279941 1.581230 0.733819
v -10.238908 1.581347 0.881398
v -10.074966 1.590882 1.146324
v -10.221504 1.578250 1.699387
v -10.184466 1.578215 1.853521
v -10.175824 1.572201 2.105807
v -10.152855 2.288940 2.163863
v -10.282253 1.558179 2.244670
v -10.232804 2.286105 2.462937
v -10.286871 1.558077 2.405354
v -10.229422 1.570384 2.539812
v -10.151457 2.299269 2.735999
v -10.167622 1.577596 2.666889
v -10.149829 2.866597 3.682894
v -10.198022 2.282691 3.542171
v -10.235635 2.287671 3.820104
v -10.169951 2.285608 3.271928
v -10.132354 2.876942 2.950809
v -10.235345 2.299324 2.996399
v -10.168550 2.881676 2.297824
v -10.243326 2.899837 1.520777
v -10.030296 4.122104 1.612437
v -10.129507 4.478349 0.925871
v -10.023816 4.796738 0.906176
v -10.023816 4.796738 1.616854
v -10.143486 4.467530 1.615855
v -10.015245 4.121845 2.311282
v -10.123081 4.478286 2.326800
v -10.023816 4.796738 2.328127
v -9.991160 4.829398 1.954488
v -10.023816 4.796738 -0.137536
v -10.125184 4.454969 -1.282897
v -10.023816 4.796738 -1.290305
v -10.023816 4.796738 -2.455075
v -9.995656 4.176429 4.356424
v -10.109678 4.530775 4.370011
v -10.137980 4.468145 3.691778
v -10.023816 4.796739 4.382389
v -10.023816 4.796739 3.705659
v -9.991160 4.829399 6.230268
v -9.991160 4.829399 3.705659
v -10.023816 4.796739 6.384041
v -10.023816 4.796739 7.398851
v -10.023816 4.796739 9.760622
v -10.059351 4.468212 9.772173
v -9.991160 4.829399 9.760622
v -9.991160 4.829399 9.181458
v -10.023816 4.796739 8.541938
v -10.095593 4.480918 7.395899
v -10.092395 4.469586 6.369361
v -9.951097 4.133538 8.504782
v -10.114827 4.474375 8.538876
v -10.023816 4.796739 9.181458
v -10.088996 4.436053 9.187303
v -9.920452 4.074542 9.762591
v -9.930394 4.080180 9.259186
v -9.917852 2.829051 9.220030
v -9.912672 2.843069 8.466507
v -9.947573 2.244389 8.757738
v -9.943735 2.256707 8.485216
v -9.958916 2.235399 9.259338
v -9.956069 2.844623 9.737011
v -10.061590 1.537572 8.825928
v -9.969085 1.502523 9.282342
v -9.914940 2.238676 9.723764
v -9.996263 1.481148 9.723502
v -10.173675 2.221478 7.230927
v -10.295587 1.458645 7.336754
v -9.933613 1.518612 7.651925
v -10.226131 1.523131 7.132994
v -10.151133 1.530390 7.007154
v -10.059816 2.210303 6.973845
v -10.250186 1.505565 6.742656
v -10.096360 1.520327 6.878817
v -10.275000 1.488912 6.577096
v -10.006882 2.184437 6.739147
v -10.052922 2.839462 7.416727
v -9.906255 2.271261 7.754874
v -9.991720 1.563031 7.903584
v -9.968920 1.559941 8.228380
v -9.878838 2.274832 8.194918
v -9.960223 1.452317 8.497416
v -10.201953 1.482428 6.429384
v -9.989136 4.133307 7.378600
v -9.978682 4.126313 6.356878
v -10.017802 2.838127 6.469789
v -10.108817 2.203752 6.490714
v -10.104357 1.498180 6.318385
v -10.148012 1.503353 6.188844
v -10.106753 2.223765 6.186057
v -10.119740 4.476070 5.663554
v -9.971865 4.140778 5.641811
v -10.064644 2.858147 5.660798
v -9.843715 2.843918 4.954243
v -9.967237 4.179228 4.996163
v -10.060090 2.237309 5.858364
v -10.151684 2.244616 5.597424
v -10.100203 2.248018 5.295668
v -9.936753 2.238476 4.990932
v -9.920433 2.248010 4.809311
v -10.006815 2.274926 4.572362
v -10.061415 2.864714 4.371332
v -10.135458 2.282793 4.162528
v -10.063404 1.499437 4.991018
v -10.057731 1.487487 5.137963
v -9.967588 1.528342 4.903450
v -10.013781 1.549087 4.789518
v -9.998483 1.563966 4.673362
v -9.975882 1.573838 4.546754
v -10.074325 1.574703 4.432047
v -10.122255 1.570729 4.296950
v -10.139757 1.576723 4.172846
v -10.252750 1.553829 3.961861
v -9.998608 4.132977 3.676249
v -10.007316 4.140009 2.936874
v -10.156012 4.465247 2.951146
v -10.023816 4.796738 2.966804
v -10.205106 1.585526 2.782575
v -10.256223 1.588905 3.001368
v -10.232937 1.576339 3.217055
v -10.079735 1.586234 3.323387
v -10.181787 1.542364 3.454380
v -10.271130 1.481296 3.694375
v -10.066388 1.520162 3.783130
v -10.277588 1.513937 3.849307
v -9.881520 2.239062 -9.594009
v -9.894217 1.486092 -9.593848
v -9.904587 1.472227 -9.922551
v -9.863395 2.251984 -9.922551
v -9.930120 2.845726 -9.611712
v -9.917238 3.084965 -9.922551
v -9.991458 4.096921 -9.922551
v -9.915613 4.112067 -9.642340
v -9.892088 2.844442 -8.298347
v -9.991160 4.829397 -9.657379
v -10.003092 4.796737 -9.948836
v -9.982367 4.829397 -9.942462
v 0.186230 4.796737 -9.975119
v -0.857482 4.796737 -9.975119
v -1.365566 2.301567 -10.216092
v -1.323090 1.586304 -10.209498
v -1.097626 1.590881 -10.026272
v -0.832704 1.581347 -10.190214
v -0.685125 1.581229 -10.231246
v -1.704254 2.295157 -10.202475
v -1.804823 1.578214 -10.135771
v -1.650693 1.578249 -10.172810
v -1.506649 1.577443 -10.215110
v -0.539018 1.581045 -10.163709
v -0.225887 1.531728 -10.236985
v -0.090360 1.521994 -10.181287
v 0.031634 1.526520 -10.083827
v 0.147720 1.512369 -10.036644
v 0.266030 1.536403 -10.062276
v -8.490181 4.474370 -10.066133
v -9.138609 4.436051 -10.040300
v -9.132763 4.796737 -9.975119
v -9.210491 4.080178 -9.881700
v -8.456083 4.133536 -9.902398
v -9.713897 4.074540 -9.871754
v -9.723478 4.468210 -10.010653
v -9.711924 4.796737 -9.975119
v -9.711924 4.829397 -9.942462
v -9.132763 4.829397 -9.942462
v -8.493243 4.796737 -9.975119
v -7.347205 4.480917 -10.046896
v -7.329906 4.133305 -9.940441
v -7.350157 4.796737 -9.975119
v -9.695153 3.173474 -9.897852
v -9.176688 3.222795 -9.865360
v -8.402667 3.246374 -9.841588
v -7.344903 3.247686 -9.962432
v -8.122847 2.291018 -9.664670
v -7.682804 2.287447 -9.878070
v -7.182232 2.221477 -10.124981
v -8.181557 1.565629 -9.856389
v -7.856761 1.568719 -9.847137
v -7.603227 1.518611 -9.852861
v -7.288056 1.458643 -10.246893
v -7.084304 1.523129 -10.177434
v -6.958460 1.530389 -10.102438
v -6.925146 2.210302 -10.011119
v -6.690453 2.184435 -9.958183
v -6.693961 1.505564 -10.201490
v -6.528402 1.488911 -10.226300
v -6.380690 1.482427 -10.153259
v -6.830118 1.520326 -10.047667
v -6.269690 1.498179 -10.055658
v -6.442019 2.203751 -10.060118
v -6.393893 3.246014 -9.951429
v -6.308180 4.126312 -9.929983
v -6.320667 4.469585 -10.043700
v -5.593117 4.140776 -9.923166
v -5.614860 4.476069 -10.071043
v -4.956060 4.500397 -10.071814
v -5.627551 4.796737 -9.975119
v -6.335347 4.796737 -9.975119
v -6.140146 1.503352 -10.099317
v -6.137362 2.223764 -10.058054
v -5.548730 2.244614 -10.102986
v -5.809669 2.237308 -10.011393
v -5.613831 1.520467 -10.042775
v -5.765215 1.513755 -10.111663
v -6.028446 1.532210 -9.935520
v -4.624663 1.563965 -9.949784
v -4.760617 2.248009 -9.871735
v -4.942238 2.238475 -9.888059
v -5.246974 2.248017 -10.051503
v -5.275283 1.530839 -9.969918
v -5.461713 1.550797 -9.933977
v -4.740823 1.549086 -9.965087
v -4.854752 1.528341 -9.918894
v -4.942324 1.499436 -10.014709
v -5.089269 1.487486 -10.009031
v 7.527706 4.168557 -9.947294
v 8.392217 4.468418 -10.078818
v 4.738258 1.572212 -9.965599
v 5.435083 2.281691 -10.057660
v 6.048145 2.275528 -10.172777
v 6.427939 2.267466 -9.979390
v 6.603930 2.858933 -9.991822
v 6.030670 1.524402 -10.156235
v 5.539136 1.549791 -10.126045
v 5.311647 1.536830 -9.998397
v 10.030296 4.122104 -1.515045
v 10.015245 4.121845 -2.213890
v 10.007313 4.140009 -2.839481
v -9.822421 6.801882 -9.819705
v -9.852286 6.778016 -9.848802
v -9.896833 6.778059 -9.804149
v -9.867784 6.801917 -9.774316
v -9.875580 6.728531 -9.799543
v -9.827058 6.774112 -9.750215
v -9.847802 6.728253 -9.827298
v -9.798341 6.773995 -9.778850
v -9.914618 6.778905 -9.910688
v -9.958700 6.778936 -9.866477
v -9.950207 6.726354 -9.874665
v -9.923005 6.726048 -9.901957
v -9.822453 6.891494 -9.819697
v -9.798306 6.919311 -9.778971
v -9.826991 6.919374 -9.750218
v -9.867780 6.891487 -9.774335
v -9.852357 6.915294 -9.848751
v -9.896798 6.915289 -9.804199
v -9.875451 6.965065 -9.799582
v -9.847619 6.964853 -9.827579
v -9.914704 6.914366 -9.910602
v -9.958645 6.914381 -9.866544
v -9.950117 6.967266 -9.874751
v -9.922715 6.966987 -9.902246
v 3.913163 1.553829 10.301448
v 4.124147 1.576724 10.188452
v 4.113830 2.282793 10.184154
v 4.248252 1.570729 10.170949
v 4.498056 1.573838 10.024573
v 4.383348 1.574703 10.123018
v 3.771406 2.287672 10.284329
v 3.634196 2.866598 10.198523
v 3.493473 2.282691 10.246713
v 3.223230 2.285608 10.218645
v 3.274689 1.586235 10.128429
v 3.405681 1.542364 10.230483
v 3.645676 1.481297 10.319824
v 3.734431 1.520163 10.115082
v 3.800609 1.513937 10.326282
v 2.687301 2.299270 10.200148
v 2.947701 2.299325 10.284040
v 2.356656 1.558078 10.335565
v 2.491114 1.570385 10.278115
v 2.618191 1.577597 10.216315
v 2.733877 1.585526 10.253799
v 2.952670 1.588905 10.304918
v 3.168357 1.576340 10.281631
v -9.122629 5.002738 -8.925365
v -9.460193 4.996622 -8.763474
v -9.449469 4.950163 -8.717959
v -9.092479 4.956631 -8.889169
v -8.843928 4.934708 -8.689333
v -9.448513 4.923752 -8.399378
v -8.797337 5.023847 -8.602296
v -9.412438 5.012703 -8.307299
v -8.860816 5.097824 -8.692896
v -9.445537 5.087233 -8.412468
v -9.125695 5.054682 -8.881044
v -9.425242 5.049255 -8.737385
v -9.272260 4.906700 -8.808006
v -9.438931 4.904902 -8.767179
v -9.455228 4.870813 -8.959567
v -9.174914 4.786130 -8.609587
v -8.861321 4.856991 -8.712165
v -8.805496 4.843889 -8.566613
v -8.953592 4.806848 -8.447352
v -8.841379 4.916915 -8.359764
v -9.192659 4.910549 -8.191299
v -9.187499 4.802611 -8.335170
v -9.374210 4.833583 -8.293864
v -9.453145 4.846266 -8.428334
v -9.209058 5.035511 -8.143540
v -9.419130 5.015824 -8.247367
v -9.461536 4.896578 -8.383199
v -9.467887 4.930029 -8.722517
v -9.494493 4.993900 -8.781154
v -9.556952 4.932022 -8.930193
v -9.555291 4.920393 -8.972376
v -9.399028 4.921825 -9.071770
v -9.371540 4.871377 -9.016359
v -9.223754 4.926399 -9.131376
v -9.274899 4.874083 -9.046052
v -9.136103 4.910388 -8.912408
v -9.190173 4.938666 -9.106093
v -9.083916 4.936987 -8.906664
v -8.822372 4.908160 -8.689735
v -8.746520 5.028013 -8.569942
v -9.114868 5.000776 -8.963213
v -8.797571 5.042966 -8.340887
v -8.853709 5.183533 -8.373414
v -9.203432 5.177197 -8.205692
v -9.385585 5.197453 -8.319864
v -9.460315 5.114347 -8.400122
v -9.428736 5.173246 -8.398889
v -9.425477 5.091810 -8.775194
v -9.267353 5.131353 -8.789289
v -9.502192 5.074651 -8.947923
v -9.403358 5.016896 -9.077204
v -9.553271 5.015655 -8.979553
v -9.548815 5.039924 -8.931344
v -9.444765 5.066734 -8.744174
v -9.233414 5.021450 -9.132955
v -9.380519 5.075650 -9.027359
v -9.242447 5.079358 -9.072494
v -9.199328 5.046255 -9.098951
v -9.156280 5.096689 -8.904299
v -9.160975 5.252013 -8.562921
v -9.119297 5.072631 -8.900266
v -8.863272 5.183490 -8.670079
v -8.842742 5.125539 -8.696306
v -8.829366 5.207531 -8.586622
v -9.213165 5.250443 -8.324551
v -8.942441 5.255349 -8.454385
v -9.950117 5.769060 -9.874750
v -9.875451 5.766855 -9.799582
v -9.847619 5.766644 -9.827579
v -9.958645 5.716171 -9.866543
v -9.896798 5.717084 -9.804198
v -9.914704 5.716160 -9.910601
v -9.852357 5.717088 -9.848750
v -9.867780 5.693281 -9.774334
v -9.822453 5.693285 -9.819696
v -9.822421 5.603676 -9.819704
v -9.867784 5.603712 -9.774315
v -9.896833 5.579854 -9.804148
v -9.852286 5.579807 -9.848801
v -9.875580 5.530325 -9.799542
v -9.950207 5.528148 -9.874664
v -9.958700 5.580727 -9.866476
v -9.914618 5.580700 -9.910687
v -9.827058 5.575907 -9.750214
v -9.826991 5.721168 -9.750217
v -9.798306 5.721101 -9.778970
v -9.798341 5.575789 -9.778849
v -9.847802 5.530044 -9.827297
v -9.923005 5.527843 -9.901956
v -9.922715 5.768781 -9.902245
v -1.942840 2.296227 10.178922
v -1.679367 2.330548 10.260684
v -1.512080 2.303933 10.338388
v -1.367888 2.306537 10.294792
v -1.552630 1.572303 10.284173
v -1.772899 1.572479 10.313454
v -1.925141 1.586497 10.154833
v -2.027327 1.582613 10.232311
v -2.364867 1.588878 10.283108
v -2.880004 1.592930 10.292212
v -2.744136 1.574034 10.193699
v -9.740742 5.500152 -9.750245
v -9.708595 5.559680 -9.718458
v -9.357894 5.069401 -9.154956
v -9.390041 5.009872 -9.186748
v -9.406698 4.991570 -9.105737
v -9.433105 4.996453 -9.085054
v -9.485077 5.036537 -9.104398
v -9.404976 5.021732 -9.167130
v -9.404556 4.915858 -8.987689
v -9.432654 4.932421 -8.955789
v -9.376395 4.906261 -8.949466
v -9.310159 4.894017 -9.001344
v -9.338320 4.903614 -9.039559
v -9.298271 4.907580 -9.061041
v -9.277323 4.948420 -9.038542
v -9.381646 5.064691 -9.144270
v -9.304121 4.964741 -9.007663
v -9.382343 5.034340 -9.083676
v -9.407748 5.039035 -9.063786
v -9.458694 5.078935 -9.083927
v -9.406585 4.972313 -8.937307
v -9.367832 4.976519 -8.957770
v -9.358783 4.934101 -8.936208
v -9.295073 4.922323 -8.986104
v -9.835778 5.526821 -9.667896
v -9.809395 5.569215 -9.647429
v -9.913252 5.680642 -9.751420
v -9.939322 5.640749 -9.769906
v -9.902660 5.694444 -9.810103
v -9.920273 5.666604 -9.823361
v -9.854040 5.654360 -9.875235
v -9.838953 5.682666 -9.859996
v -9.783994 5.656748 -9.852654
v -9.804942 5.615909 -9.875149
v -9.732347 5.554974 -9.707773
v -9.783297 5.594870 -9.727919
v -9.810792 5.673069 -9.821775
v -9.874499 5.684846 -9.771879
v -9.808698 5.599565 -9.708023
v -9.834055 5.556979 -9.729293
v -9.807649 5.552100 -9.749975
v -9.755676 5.512012 -9.730632
v -9.911223 5.624186 -9.801802
v -9.844991 5.611942 -9.853676
v 9.674804 1.481148 10.044952
v -9.782705 5.549778 -9.613915
v -9.823581 5.580935 -9.628404
v -9.472876 5.090655 -9.064905
v -9.470918 5.113898 -9.112934
v -9.398766 5.100561 -9.169448
v -9.710553 5.536438 -9.670425
v -9.509581 5.031967 -9.093125
v -9.860281 5.522248 -9.656623
v -9.743546 5.477069 -9.701547
v -9.431758 5.041184 -9.200573
v -9.506773 5.055054 -9.141820
v -9.818564 5.490934 -9.642797
v -9.681057 6.768427 -10.169592
v -9.743687 6.571167 -9.857570
v -9.783215 6.524469 -9.882096
v -9.716982 6.733088 -10.212084
v -9.671546 6.560144 -10.477077
v -9.783712 6.206843 -9.918224
v -9.568162 6.483880 -10.511538
v -9.682282 6.124432 -9.942964
v -9.516178 6.571245 -10.425649
v -9.624664 6.229547 -9.885165
v -9.627530 6.727090 -10.159693
v -9.683105 6.552039 -9.882801
v -10.023816 4.796739 5.676245
v -10.023816 4.796739 4.998144
v -10.120513 4.500398 5.004754
v -9.796269 6.630367 -10.055353
v -9.829074 6.571852 -9.897399
v -9.880819 6.759100 -9.870921
v -9.878246 6.436940 -10.194095
v -9.752728 6.576480 -10.474546
v -9.742575 6.437245 -10.545153
v -9.799770 6.300853 -10.420041
v -9.662442 6.232284 -10.513941
v -9.727613 6.027004 -10.189232
v -9.843166 6.164159 -10.203828
v -9.848088 6.104901 -10.019463
v -9.862529 6.230631 -9.927497
v -9.605329 5.985024 -10.151159
v -9.675896 6.064402 -9.941358
v -9.811623 6.187825 -9.912837
v -9.807002 6.525859 -9.868039
v -9.754784 6.584872 -9.823139
v -9.839713 6.722548 -9.761696
v -9.854033 6.763924 -9.761864
v -9.828330 6.879430 -9.904329
v -9.867530 6.824483 -9.946935
v -9.792522 6.957668 -10.068322
v -9.847360 6.864484 -10.037612
v -9.772889 6.748818 -10.177317
v -9.771667 6.936884 -10.100728
v -9.735762 6.750239 -10.222958
v -9.693039 6.561335 -10.503647
v -9.551105 6.457461 -10.563087
v -9.684349 6.806714 -10.174044
v -9.528987 6.225486 -10.531517
v -9.405974 6.259826 -10.444012
v -9.470856 6.055459 -10.120751
v -9.497533 6.150396 -9.928659
v -9.600278 6.217263 -9.866171
v -9.536234 6.222811 -9.884488
v -9.644618 6.591990 -9.870021
v -9.574642 6.625226 -10.014119
v -9.690721 6.754217 -9.783004
v -9.736909 6.889826 -9.879411
v -9.761260 6.776740 -9.742916
v -9.732876 6.730762 -9.746573
v -9.670598 6.557690 -9.859468
v -9.701915 6.963655 -10.038575
v -9.670981 6.846176 -9.893769
v -9.642531 6.906006 -10.023101
v -9.668037 6.934993 -10.069615
v -9.594670 6.749303 -10.118853
v -9.417258 6.418885 -10.112980
v -9.610215 6.747886 -10.160312
v -9.431327 6.553253 -10.407174
v -9.485700 6.578160 -10.437028
v -9.394337 6.475439 -10.442800
v -9.410763 6.176595 -10.084677
v -9.360533 6.334802 -10.334925
v -9.805373 6.985559 -9.931734
v -9.814857 6.981655 -9.899423
v -9.830316 7.036270 -9.861207
v -9.801547 7.048107 -9.959206
v -9.820550 6.852553 -9.889876
v -9.820401 6.848403 -9.844444
v -9.796438 6.810594 -9.887868
v -9.772655 6.820383 -9.968902
v -9.796766 6.862342 -9.970906
v -9.772141 6.868267 -10.008852
v -9.724347 6.871377 -9.990997
v -9.750594 7.051569 -9.941778
v -9.723732 6.867417 -9.947158
v -9.754051 6.989170 -9.915551
v -9.763170 6.985418 -9.884477
v -9.778261 7.040182 -9.847514
v -9.770767 6.852272 -9.832858
v -9.746612 6.858004 -9.869214
v -9.762106 6.813206 -9.879175
v -9.739226 6.822623 -9.957119
v -9.911513 7.854004 -9.786254
v -9.859459 7.857916 -9.772557
v -9.888075 8.033684 -9.724567
v -9.937709 8.029819 -9.736155
v -9.888032 8.081375 -9.762929
v -9.922363 8.078764 -9.771622
v -9.898581 8.088552 -9.852655
v -9.865152 8.090793 -9.840873
v -9.841659 8.052788 -9.882703
v -9.889453 8.049679 -9.900558
v -9.831792 7.869303 -9.866817
v -9.846883 7.924070 -9.829854
v -9.841041 8.048833 -9.838864
v -9.863919 8.039416 -9.760921
v -9.856002 7.920315 -9.798780
v -9.907688 7.916552 -9.813729
v -9.898204 7.920456 -9.846034
v -9.882745 7.865841 -9.884250
v -9.937858 8.033965 -9.781587
v -9.914074 8.043755 -9.862617
v -10.249374 1.637665 -1.071109
v -9.844161 7.813619 -9.776712
v -9.856358 7.855821 -9.746354
v -9.775160 7.038091 -9.821315
v -9.771973 7.086617 -9.843351
v -9.733867 7.055080 -9.961987
v -9.746063 7.097283 -9.931628
v -9.815068 7.872815 -9.887030
v -9.818252 7.824285 -9.864989
v -9.804382 7.050311 -9.986330
v -9.847309 7.032644 -9.840082
v -9.928507 7.850379 -9.765126
v -9.889069 7.819390 -9.888295
v -9.885580 7.868046 -9.911373
v -9.816881 7.092388 -9.954934
v -9.843821 7.081299 -9.863160
v -9.916008 7.808301 -9.796517
v -10.005919 3.657313 -9.520372
v -10.072640 3.590599 -9.522921
v -10.005919 4.060440 -9.211118
v -10.005919 4.121624 -9.852865
v -10.072640 3.623588 -9.852865
v -10.072640 1.931852 -9.852865
v -10.072640 3.494357 -9.205655
v -10.072640 3.338070 -8.913262
v -10.072640 3.127743 -8.656974
v -10.072640 2.871455 -8.446648
v -10.072640 2.579062 -8.290360
v -10.071109 2.262098 -8.192615
v -10.005919 3.345173 -8.136692
v -10.005919 3.175306 -8.609944
v -10.005919 3.652826 -8.445395
v -10.005919 3.393898 -8.876412
v -10.005919 3.894344 -8.808187
v -10.005919 3.556302 -9.180404
v -10.072640 1.931852 -8.161133
v -10.005919 1.931852 -7.643162
v -10.005919 2.265265 -8.127244
v -10.005919 2.580839 -7.726474
v -10.005919 2.605006 -8.228705
v -10.005919 2.983207 -7.893944
v -10.005919 2.908932 -8.391242
v -10.242984 1.580157 -0.886344
v -10.198253 1.578966 -0.809786
v -10.158474 2.283669 -0.656960
v -10.239926 1.583121 -0.635444
v -10.129977 1.568806 -0.510317
v -10.194689 1.560548 -0.354202
v -10.110973 1.536404 -0.217336
v -10.085343 1.512370 -0.099026
v -10.428928 9.682281 -10.049919
v -10.248717 9.524533 -9.836382
v -10.222529 9.655149 -9.824561
v -10.397737 9.797479 -10.032616
v -10.089599 9.616166 -9.759945
v -10.073991 9.463520 -9.734779
v -10.264528 9.394935 -9.875276
v -10.430973 9.553047 -10.055494
v -10.276141 9.380634 -9.990990
v -10.401238 9.533293 -10.094361
v -10.555637 9.833533 -10.244411
v -10.553174 9.961847 -10.242865
v -10.371871 9.787783 -10.062301
v -10.183749 9.655878 -9.866066
v -10.301362 9.589070 -10.045413
v -10.106299 9.589067 -10.240484
v -10.049187 9.682544 -10.104534
v -9.935551 9.708829 -10.051802
v -9.926945 9.655878 -10.122870
v -9.820789 9.616158 -10.028759
v -9.875028 9.687473 -9.978816
v -9.876469 9.605328 -9.815598
v -9.932767 9.695856 -9.871893
v -10.039683 9.687473 -9.814160
v -10.112681 9.708829 -9.874673
v -10.027187 9.746884 -9.966310
v -9.871331 9.478235 -9.810480
v -9.885420 9.655142 -10.161674
v -9.795635 9.463525 -10.013156
v -9.915441 9.315127 -9.868266
v -10.055342 9.315523 -9.816408
v -10.180660 9.315526 -9.856347
v -10.225431 9.315526 -9.981435
v -9.897264 9.524533 -10.187835
v -9.936146 9.394942 -10.203650
v -10.116349 9.553047 -10.370118
v -10.110802 9.682281 -10.368042
v -9.913029 9.315526 -10.119186
v -9.872447 9.314810 -9.996467
v -10.042318 9.315526 -10.164549
v -10.051852 9.380634 -10.215276
v -10.155232 9.533293 -10.340363
v -10.305274 9.833533 -10.494771
v -10.303735 9.961847 -10.492304
v -10.093487 9.797479 -10.336869
v -10.123176 9.787783 -10.310995
v -10.165409 9.682544 -9.988311
v -10.116334 9.698406 -10.055456
v -10.221934 9.551382 -10.161051
v -10.219887 9.390349 -10.159008
v -10.165804 9.315523 -10.104922
v -9.856703 1.533715 8.747177
v -9.885299 9.265559 -10.147872
v -9.820953 9.265559 -9.992537
v -9.827579 9.257846 -9.992539
v -9.889981 9.257846 -10.143189
v -10.040634 9.265559 -10.212216
v -10.040630 9.257846 -10.205588
v -10.195971 9.265559 -10.147876
v -10.191283 9.257846 -10.143192
v -10.260311 9.265559 -9.992539
v -10.253686 9.257846 -9.992539
v -10.195971 9.265559 -9.837204
v -10.191283 9.257846 -9.841887
v -10.040630 9.265559 -9.772863
v -10.165268 9.250903 -10.117174
v -10.216895 9.250903 -9.992539
v -10.165268 9.250903 -9.867902
v -10.040630 9.257846 -9.779488
v -9.885299 9.265559 -9.837204
v -9.885299 9.315523 -9.837204
v -10.040630 9.315523 -9.772859
v -10.040630 9.250903 -9.816275
v -9.889981 9.257846 -9.841887
v -9.915997 9.250903 -9.867902
v -9.864369 9.250903 -9.992537
v -9.915997 9.250903 -10.117174
v -10.040630 9.250903 -10.168800
v -10.195967 9.315523 -9.837204
v -10.260311 9.315523 -9.992539
v -10.195967 9.315523 -10.147872
v -10.040634 9.315523 -10.212216
v -9.885299 9.315523 -10.147872
v -9.820953 9.315523 -9.992537
v -9.984214 1.532211 6.077144
v -10.160357 1.513757 5.813914
v -10.091471 1.520468 5.662525
v -9.982672 1.550798 5.510408
v -10.018613 1.530840 5.323978
v -9.915997 1.931848 -9.867901
v -9.864369 1.931852 -9.992536
v -9.915997 1.931852 -10.117173
v -10.040630 1.931852 -10.168799
v -10.165272 1.931844 -10.117177
v -10.216891 1.931848 -9.992536
v -10.165268 1.931848 -9.867901
v -10.040630 1.931848 -9.816274
v -9.997942 1.920113 -10.235647
v -8.223931 1.920113 -10.235534
v -8.223931 1.853540 -10.235534
v -9.997942 1.853618 -10.235647
v -10.014866 1.853618 -10.242660
v -10.014866 1.920113 -10.242660
v -11.302336 1.853540 -11.530125
v -11.302336 1.920113 -11.530125
v -11.302336 1.931852 -11.513523
v -11.592919 1.931852 -11.222935
v -11.609526 1.853540 -11.222935
v -11.609526 1.920113 -11.222935
v -10.312111 1.931852 -9.937830
v -10.017971 1.932404 -10.232464
v -10.001040 1.932404 -10.225459
v -10.305102 1.931852 -9.920896
v -9.920311 1.931852 -9.853672
v -9.910374 1.931852 -9.863610
v -8.223931 1.920113 -9.856303
v -8.223931 1.853540 -9.856303
v -8.235671 1.931852 -10.223795
v -8.235671 1.931852 -9.868042
v -9.903087 1.920113 -9.856303
v -9.913001 1.920113 -9.846389
v -9.913040 1.920113 -8.153936
v -9.913040 1.853540 -8.153936
v -9.913001 1.853618 -9.846389
v -9.903087 1.853618 -9.856303
v -10.314930 1.920113 -8.153936
v -10.314930 1.853540 -8.153936
v -9.924779 1.931852 -8.165676
v -10.303191 1.931852 -8.165676
v -10.314891 1.920113 -9.918389
v -10.321899 1.920113 -9.935312
v -10.321899 1.853618 -9.935312
v -10.314891 1.853618 -9.918389
v -10.934268 2.219378 -10.840807
v -10.934268 4.239571 -10.840807
v -11.064103 4.239571 -10.970636
v -11.064103 5.202989 -10.970636
v -10.934268 5.202989 -10.840807
v -11.044063 5.345501 -10.950592
v -10.986976 5.466317 -10.893515
v -10.901554 5.547041 -10.808081
v -10.800782 5.575390 -10.707308
v -10.747964 5.575390 -10.654495
v -10.537779 4.239571 -10.444309
v -10.319358 2.219378 -10.225893
v -10.484636 1.931852 -10.391167
v -10.800782 1.931852 -10.707314
v -10.999185 2.075613 -10.905720
v -11.064103 1.931852 -10.970636
v -11.064103 2.219378 -10.970636
v -10.537779 6.400204 -10.444310
v -10.537779 5.575390 -10.444309
v -10.172810 5.575390 -10.079340
v -10.172810 5.202989 -10.079340
v -10.537779 5.202989 -10.444309
v -10.172810 4.239571 -10.079340
v -10.172810 2.219378 -10.079340
v -10.266646 2.071416 -10.173178
v -10.172810 1.931852 -10.079340
v -10.436130 6.772605 -10.342669
v -10.484639 6.772605 -10.391168
v -10.585408 6.744256 -10.491936
v -10.670832 6.663532 -10.577366
v -10.727917 6.542717 -10.634449
v -10.747964 6.400204 -10.654496
v -10.764245 5.575390 -10.743845
v -10.711428 5.575390 -10.691031
v -10.897739 5.202989 -10.877339
v -10.865017 5.547041 -10.844617
v -10.950444 5.466317 -10.930044
v -11.007525 5.345501 -10.987129
v -11.027566 5.202989 -11.007174
v -11.027566 4.239571 -11.007174
v -10.897739 4.239571 -10.877339
v -11.027566 2.219378 -11.007174
v -10.897739 2.219378 -10.877339
v -10.962653 2.075613 -10.942253
v -10.764245 1.931852 -10.743849
v -11.027566 1.931852 -11.007174
v -10.711428 6.400204 -10.691032
v -10.501242 6.400204 -10.480846
v -10.501242 5.575390 -10.480845
v -10.501242 5.202989 -10.480845
v -10.501242 4.239571 -10.480845
v -10.282823 2.219378 -10.262423
v -10.448099 1.931852 -10.427704
v -10.230110 2.071416 -10.209713
v -10.136273 1.931852 -10.115876
v -10.136273 2.219378 -10.115876
v -10.136273 4.239571 -10.115876
v -10.136273 5.202989 -10.115876
v -10.136273 5.575390 -10.115876
v -10.136273 6.400204 -10.115877
v -10.136273 6.772605 -10.115877
v -10.399597 7.640624 -10.379198
v -10.379554 7.783140 -10.359158
v -10.136273 7.640624 -10.115877
v -10.267935 7.206618 -10.247539
v -10.399597 6.772605 -10.379198
v -10.448104 6.772605 -10.427705
v -10.548875 6.744256 -10.528472
v -10.634295 6.663532 -10.613903
v -10.691380 6.542717 -10.670984
v -10.237045 7.984684 -10.216645
v -10.136276 8.013029 -10.115873
v -10.322472 7.903955 -10.302076
v -10.804075 5.654610 -10.704015
v -10.752110 5.654610 -10.755976
v -10.755260 5.649199 -10.759124
v -10.804075 6.400204 -10.704016
v -10.752110 6.400204 -10.755977
v -10.743481 6.400204 -10.755977
v -10.743481 5.648510 -10.755976
v -10.746626 5.643122 -10.759128
v -10.873096 5.616050 -10.876960
v -10.867127 5.610403 -10.879627
v -10.975660 5.519131 -10.979521
v -10.968287 5.514816 -10.980786
v -11.044191 5.374085 -11.048059
v -10.674938 6.542717 -10.687437
v -10.694979 6.400204 -10.707486
v -10.694979 5.585026 -10.707485
v -10.701796 5.575390 -10.714302
v -10.743481 5.575390 -10.755976
v -10.848564 5.547041 -10.861067
v -10.933994 5.466317 -10.946497
v -11.035883 5.371747 -11.048385
v -10.991073 5.345501 -11.003579
v -11.059619 5.202989 -11.072121
v -11.011124 5.202989 -11.023623
v -11.059619 2.027694 -11.072121
v -11.011124 2.027694 -11.023623
v -11.011124 1.931852 -11.023623
v -11.059619 1.931852 -11.072121
v -11.068256 1.931852 -11.072125
v -11.068256 2.027694 -11.072125
v -11.068256 5.202989 -11.072125
v -11.120221 2.027694 -11.020165
v -11.120221 5.202989 -11.020165
v -11.096151 5.374085 -10.996096
v -11.027621 5.519131 -10.927561
v -10.925056 5.616050 -10.825000
v -11.120221 5.202989 -11.011527
v -11.096479 5.371747 -10.987791
v -11.028885 5.514816 -10.920192
v -10.927726 5.610403 -10.819029
v -10.807219 5.649199 -10.707160
v -10.807222 5.643122 -10.698530
v -10.804075 5.648510 -10.695381
v -10.755581 6.400204 -10.646884
v -10.804075 6.400204 -10.695382
v -10.755581 5.585026 -10.646883
v -10.762393 5.575390 -10.653701
v -10.804075 5.575390 -10.695381
v -10.909163 5.547041 -10.800468
v -10.994593 5.466317 -10.885900
v -11.051670 5.345501 -10.942981
v -10.780014 6.571300 -10.679955
v -10.780338 6.568962 -10.671646
v -10.711478 6.716346 -10.611424
v -10.712743 6.712031 -10.604052
v -10.608910 6.813265 -10.508855
v -10.440288 6.852761 -10.444153
v -10.431651 6.846657 -10.444153
v -10.435440 6.840126 -10.447944
v -10.444071 6.846191 -10.447936
v -10.556950 6.813265 -10.560820
v -10.659515 6.716346 -10.663384
v -10.728045 6.571300 -10.731915
v -10.550978 6.807618 -10.563482
v -10.652149 6.712031 -10.664645
v -10.719744 6.568962 -10.732241
v -10.383155 6.778067 -10.395655
v -10.387016 6.772605 -10.399516
v -10.431651 6.772605 -10.444153
v -10.532427 6.744256 -10.544922
v -10.617852 6.663532 -10.630352
v -10.239156 8.048050 -10.251659
v -10.119827 8.081618 -10.132327
v -10.119827 8.013029 -10.132327
v -10.220595 7.984684 -10.233099
v -10.340322 7.952455 -10.352818
v -10.306026 7.903955 -10.318525
v -10.407914 7.809390 -10.420417
v -10.363111 7.783140 -10.375611
v -10.431651 7.640624 -10.444153
v -10.383155 7.640624 -10.395655
v -10.468183 7.811724 -10.368129
v -10.399652 7.956769 -10.299593
v -10.347688 7.956769 -10.351558
v -10.245127 8.053688 -10.248992
v -10.416223 7.811724 -10.420092
v -10.440284 7.640624 -10.444158
v -10.492252 7.640624 -10.392194
v -10.492252 6.852761 -10.392194
v -10.496031 6.846191 -10.395977
v -10.492252 6.846657 -10.383556
v -10.492252 7.640624 -10.383556
v -10.611576 6.807618 -10.502884
v -10.496041 6.840126 -10.387346
v -10.443749 6.778067 -10.335060
v -10.443749 7.640624 -10.335060
v -10.468516 7.809390 -10.359819
v -10.297087 8.053688 -10.197032
v -10.400913 7.952455 -10.292229
v -10.423705 7.783140 -10.315017
v -10.299754 8.048050 -10.191061
v -10.366619 7.903955 -10.257932
v -10.281193 7.984684 -10.172502
v -10.180422 8.081618 -10.071729
v -10.176102 8.087723 -10.076047
v -10.124142 8.087723 -10.128009
v -10.180422 8.013029 -10.071729
v -8.448719 1.452316 -9.911530
v -8.777234 1.537570 -9.924094
v -9.233648 1.502522 -9.831588
v -9.210640 2.235397 -9.821420
v -8.709044 2.244387 -9.810076
v -8.698483 1.533713 -9.808008
v -8.436522 2.256706 -9.895037
v -9.675070 2.238674 -9.866241
v -9.674804 1.481146 -9.947564
v -11.071722 5.202989 -10.963028
v -11.120221 2.027694 -11.011527
v -11.120221 1.931852 -11.011527
v -11.120221 1.931852 -11.020165
v -11.071722 1.931852 -10.963028
v -11.071722 2.027694 -10.963028
v -10.447611 6.772605 -10.338922
v -10.492252 6.772605 -10.383556
v -10.593017 6.744256 -10.484327
v -10.678447 6.663532 -10.569758
v -10.735532 6.542717 -10.626843
v -8.184247 3.345173 -9.908628
v -8.494203 2.871455 -9.975349
v -8.704529 3.127743 -9.975349
v -8.657498 3.175306 -9.908628
v -8.492949 3.652826 -9.908628
v -8.960816 3.338070 -9.975349
v -8.923967 3.393898 -9.908628
v -8.855742 3.894344 -9.908628
v -9.253211 3.494357 -9.975349
v -9.227959 3.556302 -9.908628
v -9.258673 4.060440 -9.908628
v -9.570477 3.590599 -9.975349
v -9.567927 3.657313 -9.908628
v -9.900420 4.121624 -9.908628
v -9.900420 3.623588 -9.975349
v -9.900420 1.931852 -9.975349
v -8.337914 2.579062 -9.975349
v -8.240170 2.262098 -9.973815
v -8.208689 1.931852 -9.975349
v -7.690717 1.931852 -9.908628
v -8.174799 2.265265 -9.908628
v -7.774029 2.580839 -9.908628
v -8.276259 2.605006 -9.908628
v -7.941500 2.983207 -9.908628
v -8.438796 2.908932 -9.908628
v 9.843010 4.990188 -8.699106
v 9.477312 4.991758 -8.779453
v 9.455670 4.951478 -8.731973
v 9.842419 4.949822 -8.647004
v 9.914680 4.960606 -8.335789
v 9.259699 4.963409 -8.479692
v 9.902136 5.061080 -8.249536
v 9.235759 5.063935 -8.395948
v 9.911126 5.121439 -8.367799
v 9.277663 5.124153 -8.506979
v 9.815797 5.046925 -8.672401
v 9.491279 5.048316 -8.743700
v -9.775442 5.535823 -9.630577
v -9.792569 5.518864 -9.634672
v -9.480782 5.082984 -9.133695
v -9.463651 5.099943 -9.129599
v -9.748499 5.539899 -9.643800
v -9.436711 5.104019 -9.142821
v -9.731083 5.527624 -9.665319
v -9.419294 5.091743 -9.164342
v -9.735116 5.508245 -9.679670
v -9.423327 5.072365 -9.178693
v -9.751365 5.491122 -9.684451
v -9.439578 5.055242 -9.183477
v -9.779186 5.487206 -9.670543
v -9.467398 5.051326 -9.169569
v -9.797483 5.499647 -9.648334
v -9.485696 5.063766 -9.147360
v 9.460992 4.985752 -8.814009
v 9.500356 4.904358 -8.961553
v 9.492074 4.901049 -8.758682
v 9.443015 4.930319 -8.744519
v 9.270224 4.882905 -8.496180
v 9.597967 4.811225 -8.459741
v 9.238249 4.937931 -8.471927
v 9.193854 5.073966 -8.353641
v 9.673824 4.858871 -8.199530
v 9.865458 4.886507 -8.205900
v 9.713634 4.982455 -8.074951
v 9.420419 4.859959 -8.255206
v 9.249338 4.889146 -8.341267
v 9.333074 4.984087 -8.158565
v 9.296635 5.113216 -8.145811
v 9.345776 5.246558 -8.207239
v 9.414435 5.304681 -8.314452
v 9.273195 5.246675 -8.410608
v 9.742422 5.111305 -8.047871
v 9.922532 5.070846 -8.193542
v 9.911381 4.880156 -8.355312
v 9.648592 4.903739 -8.688346
v 9.286564 5.211705 -8.495996
v 9.930692 4.934967 -8.319790
v 9.820147 4.899644 -8.686599
v 9.886180 4.886295 -8.913196
v 9.897707 4.902655 -8.874250
v 9.858994 4.928537 -8.653125
v 9.872259 4.983990 -8.723653
v 9.595713 4.843651 -8.914907
v 9.527009 4.887834 -8.992114
v 9.711230 4.882795 -8.973845
v 9.696554 4.840322 -8.907874
v 9.791078 4.842813 -8.871984
v 9.480876 5.064169 -8.763016
v 9.512470 5.011563 -8.969928
v 9.537416 4.981562 -9.007486
v 9.259694 5.152024 -8.509555
v 9.516273 5.086010 -8.778275
v 9.561004 5.045660 -8.958237
v 9.715561 4.976327 -8.991735
v 9.883940 4.980078 -8.931352
v 9.705701 5.041377 -8.945589
v 9.651392 5.129051 -8.696694
v 9.891086 5.009942 -8.886742
v 9.842402 5.044455 -8.896413
v 9.807911 5.084761 -8.714201
v 9.601923 5.279543 -8.468606
v 9.899159 5.209082 -8.361401
v 9.833475 5.062662 -8.685550
v 9.928746 5.149158 -8.362560
v 9.875779 5.244095 -8.278214
v 9.707726 5.303425 -8.250014
v 9.724645 5.244937 -8.124002
v -9.852357 8.151081 -9.848751
v -9.914704 8.150153 -9.910602
v -9.922715 8.202775 -9.902246
v -9.822453 8.127278 -9.819697
v -9.847619 8.200637 -9.827579
v -9.950117 8.203053 -9.874751
v -9.875580 7.964318 -9.799543
v -9.950207 7.962141 -9.874665
v -9.923005 7.961836 -9.901957
v -9.847802 7.964036 -9.827298
v -9.914618 8.014692 -9.910688
v -9.852286 8.013800 -9.848802
v -9.798341 8.009783 -9.778850
v -9.822421 8.037670 -9.819705
v -9.798306 8.155095 -9.778971
v -9.875451 8.200849 -9.799582
v -9.827058 8.009900 -9.750215
v -9.867784 8.037701 -9.774316
v -9.826991 8.155161 -9.750218
v -9.867780 8.127274 -9.774335
v -9.896798 8.151077 -9.804199
v -9.958645 8.150165 -9.866544
v -9.896833 8.013843 -9.804149
v -9.958700 8.014720 -9.866477
v 9.844153 5.761467 -9.799582
v 9.795690 5.715780 -9.750217
v 9.836482 5.687893 -9.774334
v 9.816321 5.761256 -9.827579
v 9.767008 5.715713 -9.778970
v 9.767039 5.570402 -9.778849
v 9.795756 5.570519 -9.750214
v 9.821054 5.711700 -9.848750
v 9.791156 5.687897 -9.819696
v 9.791124 5.598289 -9.819704
v 9.816505 5.524655 -9.827297
v 9.844282 5.524938 -9.799542
v 9.865537 5.574462 -9.804148
v 9.836487 5.598320 -9.774315
v 9.820985 5.574419 -9.848805
v 9.883321 5.575312 -9.910687
v 9.891705 5.522455 -9.901956
v 9.918910 5.522760 -9.874664
v 9.927402 5.575339 -9.866476
v 9.865501 5.711696 -9.804203
v 9.918816 5.763672 -9.874750
v 9.891418 5.763394 -9.902245
v 9.883408 5.710772 -9.910601
v 9.927344 5.710783 -9.866547
v 9.648170 4.978833 -9.082040
v 9.639888 5.036705 -9.035460
v 9.712675 5.558372 -9.670649
v 9.720957 5.500500 -9.717229
v 9.772803 4.994617 -9.054795
v 9.762810 5.036153 -9.021826
v 9.779655 4.919707 -8.874392
v 9.790518 4.880504 -8.905341
v 9.735522 4.883484 -8.852331
v 9.742422 4.856181 -8.873969
v 9.658694 4.851027 -8.887791
v 9.654990 4.878527 -8.865633
v 9.616257 4.909652 -8.901374
v 9.620643 4.870049 -8.933393
v 9.665414 5.030162 -9.037911
v 9.692842 4.994797 -8.987013
v 9.724955 4.996774 -8.981714
v 9.736286 4.927174 -8.873229
v 9.655750 4.922217 -8.886526
v 9.671546 4.988383 -9.071519
v 9.665656 4.862684 -8.934285
v 9.749384 4.867837 -8.920459
v 9.733651 4.955155 -9.014895
v 9.700267 4.953099 -9.020409
v 9.767873 5.687548 -9.850700
v 9.771578 5.660049 -9.872863
v 9.725804 5.623724 -9.851076
v 9.855305 5.665198 -9.859036
v 9.848406 5.692502 -9.837402
v 9.884812 5.673378 -9.792071
v 9.895679 5.634179 -9.823025
v 9.835602 5.557821 -9.657015
v 9.845591 5.516284 -9.689984
v 9.770814 5.616355 -9.851965
v 9.783484 5.549511 -9.746608
v 9.854542 5.621508 -9.838142
v 9.816866 5.551568 -9.741095
v 9.744332 5.510050 -9.706704
v 9.721418 5.663327 -9.819054
v 9.738201 5.551830 -9.673100
v 9.808173 5.593186 -9.707910
v 9.776061 5.591209 -9.713212
v 9.760911 5.675891 -9.804206
v 9.841447 5.680849 -9.790909
v 9.762204 5.072925 -9.051169
v 9.785235 5.045649 -9.011461
v 9.858026 5.567316 -9.646646
v 9.826917 5.536708 -9.615878
v 9.735706 5.531097 -9.630940
v 9.670994 5.067310 -9.066233
v 9.799276 4.988128 -9.057090
v 9.872067 5.509796 -9.692279
v 9.680348 5.009503 -9.112633
v 9.745061 5.473291 -9.677344
v 9.839890 5.479125 -9.661686
v 9.775176 5.015338 -9.096973
v 10.161454 5.385636 -9.742516
v 9.977977 5.469790 -9.427161
v 9.935026 5.419800 -9.426010
v 10.129068 5.330801 -9.759518
v 10.191674 5.020389 -9.803294
v 9.863066 5.171113 -9.238480
v 10.277607 4.941642 -9.739211
v 9.943276 5.094985 -9.164573
v 10.327745 5.063793 -9.722632
v 10.009929 5.209563 -9.176374
v 10.198810 5.363325 -9.689793
v 10.035991 5.438004 -9.409952
v -9.852912 7.814692 -9.797868
v -9.877190 7.812154 -9.796485
v -9.805001 7.085152 -9.863122
v -9.780725 7.087690 -9.864508
v -9.835080 7.818674 -9.822023
v -9.762889 7.091676 -9.888659
v -9.836980 7.821246 -9.852139
v -9.764795 7.094248 -9.918777
v -9.856558 7.820643 -9.866775
v -9.784370 7.093646 -9.933414
v -9.880517 7.818239 -9.866465
v -9.808330 7.091237 -9.933105
v -9.898666 7.814124 -9.841237
v -9.826478 7.087121 -9.907877
v -9.897080 7.811422 -9.810041
v -9.824892 7.084420 -9.876685
v 9.962765 5.504005 -9.417442
v 9.903150 5.644954 -9.498201
v 9.907681 5.442463 -9.483628
v 9.909708 5.430944 -9.425951
v 9.797424 5.181716 -9.287903
v 9.898830 5.136775 -9.606617
v 9.830809 5.161782 -9.231988
v 9.933726 5.053950 -9.121314
v 9.992328 4.879818 -9.637679
v 10.110434 4.886091 -9.791104
v 10.126304 4.763925 -9.606096
v 9.865191 4.938134 -9.419158
v 9.801320 5.027876 -9.259800
v 9.935371 4.851501 -9.277922
v 10.030242 4.848353 -9.182240
v 10.166756 4.918583 -9.162228
v 10.244993 5.028917 -9.198169
v 10.119556 5.122207 -9.108044
v 10.253901 4.745772 -9.566662
v 10.299311 4.886268 -9.749678
v 10.119096 5.034175 -9.840794
v 9.991160 5.370831 -9.615356
v 10.090950 5.204743 -9.140633
v 10.178217 5.002436 -9.829102
v 10.072280 5.366966 -9.766538
v 10.080409 5.591323 -9.840587
v 10.102505 5.553518 -9.840849
v 10.118410 5.335219 -9.784663
v 10.169097 5.409365 -9.772095
v 9.900095 5.593096 -9.608908
v 9.900208 5.673973 -9.530858
v 9.987692 5.653432 -9.692787
v 9.947318 5.584772 -9.697956
v 9.998111 5.548137 -9.777376
v -9.915526 9.315546 -9.867433
v -10.040630 9.317390 -9.827278
v -10.168522 9.318349 -9.864653
v -10.205896 9.315523 -9.992539
v -10.157488 9.315523 -10.109397
v -10.040395 9.315523 -10.162626
v -9.915311 9.315523 -10.117855
v -9.873618 9.315523 -9.996675
v -10.172810 6.772605 -10.079341
v -10.172810 7.640624 -10.079341
v -10.304471 7.206618 -10.211003
v -10.172810 8.013029 -10.079341
v -10.273577 7.984684 -10.180109
v -10.359008 7.903955 -10.265540
v -10.416090 7.783140 -10.322621
v -10.436130 7.640624 -10.342669
v -10.172810 6.400204 -10.079341
v 10.043535 5.458506 -9.393972
v 10.001725 5.660805 -9.456462
v 9.985847 5.695865 -9.494564
v 10.025125 5.214309 -9.147168
v 10.079082 5.474900 -9.414713
v 10.055909 5.651051 -9.481423
v 10.070017 5.677881 -9.651416
v 10.159700 5.616124 -9.793384
v 10.124245 5.636587 -9.608850
v 10.187684 5.395151 -9.507509
v 10.191679 5.573679 -9.782956
v 10.197093 5.586295 -9.724081
v 10.225399 5.407790 -9.666201
v 10.306868 5.178885 -9.380456
v 10.398297 5.063773 -9.668895
v 10.220439 5.377367 -9.698027
v 10.360794 5.060351 -9.724116
v 10.421881 4.983539 -9.627675
v 10.392138 4.961428 -9.451081
v 10.356838 4.831398 -9.488941
v 9.746788 5.060731 -9.062947
v 9.758495 5.043503 -9.075755
v 9.823209 5.507290 -9.640464
v 9.811497 5.524515 -9.627660
v 9.717206 5.066985 -9.061201
v 9.781919 5.530772 -9.625913
v 9.690713 5.057281 -9.072208
v 9.755425 5.521065 -9.636920
v 9.685869 5.039035 -9.087749
v 9.750578 5.502822 -9.652457
v 9.696465 5.021744 -9.100737
v 9.761178 5.485527 -9.665449
v 9.727159 5.015557 -9.102304
v 9.791868 5.479340 -9.667011
v 9.754760 5.025331 -9.091112
v 9.819473 5.489114 -9.655821
v 9.844153 6.965002 -9.799582
v 9.795690 6.919314 -9.750218
v 9.836482 6.891428 -9.774335
v 9.816321 6.964791 -9.827579
v 9.767008 6.919248 -9.778971
v 9.767039 6.773936 -9.778850
v 9.795756 6.774054 -9.750215
v 9.821054 6.915235 -9.848751
v 9.791156 6.891432 -9.819697
v 9.791124 6.801823 -9.819705
v 9.816505 6.728190 -9.827298
v 9.844282 6.728472 -9.799543
v 9.865537 6.778001 -9.804149
v 9.836487 6.801858 -9.774316
v 9.820985 6.777954 -9.848806
v 9.883321 6.778846 -9.910688
v 9.891705 6.725989 -9.901957
v 9.918910 6.726295 -9.874665
v 9.927402 6.778873 -9.866477
v 9.865501 6.915231 -9.804204
v 9.918816 6.967206 -9.874751
v 9.891418 6.966928 -9.902246
v 9.883408 6.914307 -9.910602
v 9.927344 6.914319 -9.866548
v 9.944866 5.809868 -9.782166
v 9.912445 5.814324 -9.714962
v 9.778426 6.619924 -9.833069
v 9.810847 6.615464 -9.900272
v 10.051304 5.837344 -9.715529
v 10.024362 5.839705 -9.668832
v 10.084297 5.665452 -9.628517
v 10.111033 5.663522 -9.672043
v 10.058497 5.613473 -9.647978
v 10.076512 5.611993 -9.678547
v 10.002665 5.594114 -9.716689
v 9.987465 5.596280 -9.684667
v 9.940179 5.630565 -9.702949
v 9.961198 5.627248 -9.749423
v 9.938453 5.818909 -9.713196
v 9.976850 5.768163 -9.689866
v 10.005166 5.775023 -9.675238
v 10.041683 5.657277 -9.635953
v 9.970651 5.640079 -9.672638
v 9.961993 5.815722 -9.761655
v 10.005260 5.635780 -9.741243
v 10.079109 5.653655 -9.703105
v 10.030974 5.772380 -9.722527
v 10.001529 5.765257 -9.737735
v 9.779624 6.845627 -9.867832
v 9.794821 6.843462 -9.899850
v 9.767572 6.791130 -9.920062
v 9.868669 6.861341 -9.861712
v 9.850653 6.862824 -9.831142
v 9.890671 6.829334 -9.799156
v 9.917402 6.827400 -9.842678
v 9.890338 6.645305 -9.786940
v 9.917285 6.642940 -9.833637
v 9.811634 6.799658 -9.911879
v 9.848308 6.686281 -9.872762
v 9.885482 6.817537 -9.873740
v 9.877749 6.693408 -9.857557
v 9.827973 6.621322 -9.879763
v 9.746553 6.794446 -9.873584
v 9.804433 6.624509 -9.831307
v 9.851946 6.696047 -9.810272
v 9.823624 6.689191 -9.824897
v 9.777028 6.803961 -9.843273
v 9.848057 6.821155 -9.806583
v 10.009336 5.884273 -9.667634
v 10.040647 5.845359 -9.648753
v 9.906627 6.650959 -9.766860
v 9.890185 6.600487 -9.772635
v 9.809735 6.581011 -9.814188
v 9.928887 5.864800 -9.709182
v 9.944130 6.647729 -9.831440
v 10.078146 5.842128 -9.713333
v 9.962252 5.860567 -9.775900
v 9.843104 6.576782 -9.880902
v 9.926745 6.597030 -9.837705
v 10.045893 5.880815 -9.732703
v 9.754090 7.018031 -9.753821
v 9.729657 7.028897 -9.684017
v 9.748819 7.845018 -9.804363
v 9.773253 7.834152 -9.874167
v 9.848206 7.031305 -9.648844
v 9.875630 6.848564 -9.610952
v 9.897237 6.841308 -9.656707
v 9.838256 6.802818 -9.626987
v 9.762101 6.800233 -9.656667
v 9.773493 6.795064 -9.689907
v 9.861221 6.838054 -9.684515
v 9.852666 6.797755 -9.659048
v 9.836173 6.964027 -9.701650
v 9.773888 7.020334 -9.735085
v 9.804605 6.962954 -9.713957
v 9.782047 6.835364 -9.715370
v 9.736600 6.835850 -9.719309
v 9.756103 7.028172 -9.684738
v 9.721117 6.843313 -9.671170
v 9.831737 6.849104 -9.614289
v 9.755578 6.846516 -9.643969
v 9.785599 6.970754 -9.664087
v 9.815961 6.971787 -9.652250
v 10.000573 5.879781 -9.688328
v 10.018620 5.880369 -9.704812
v 9.899473 6.596579 -9.809814
v 9.881426 6.595995 -9.793334
v 9.971007 5.874327 -9.691985
v 9.851859 6.590538 -9.796990
v 9.951116 5.867811 -9.713869
v 9.831964 6.584022 -9.818875
v 9.954561 5.864859 -9.737896
v 9.835413 6.581073 -9.842901
v 9.971629 5.865207 -9.754889
v 9.852478 6.581422 -9.859891
v 10.002175 5.870900 -9.750723
v 9.883023 6.587111 -9.855728
v 10.023049 5.877659 -9.728333
v 9.903897 6.593865 -9.833335
v 9.791825 8.065893 -9.843301
v 9.803216 8.060729 -9.876540
v 9.764291 8.014928 -9.893177
v 9.882385 8.063418 -9.845681
v 9.867980 8.068481 -9.813624
v 9.903314 8.027641 -9.784821
v 9.924925 8.020391 -9.830570
v 9.867369 7.847422 -9.769190
v 9.888803 7.839705 -9.818111
v 9.809735 8.014442 -9.889238
v 9.826517 7.896007 -9.851539
v 9.888908 8.017132 -9.858383
v 9.858081 7.897080 -9.839240
v 9.793051 7.836451 -9.855428
v 9.748804 8.022391 -9.845039
v 9.775266 7.844294 -9.805084
v 9.837873 7.904840 -9.789841
v 9.807510 7.903807 -9.801674
v 9.783270 8.025594 -9.817834
v 9.859424 8.028182 -9.788153
v 9.842567 7.077979 -9.647105
v 9.867103 7.033572 -9.630452
v 9.886266 7.849689 -9.750798
v 9.859604 7.803544 -9.754100
v 9.748819 7.845018 -9.804368
v 9.773355 7.800611 -9.787711
v 9.729657 7.028897 -9.684022
v 9.756319 7.075046 -9.680720
v 9.800917 7.075927 -9.667643
v 9.831184 7.075336 -9.666821
v 9.848226 7.800905 -9.773814
v 9.817954 7.801492 -9.774636
v 9.847360 7.072293 -9.684898
v 9.864397 7.797859 -9.791893
v 9.795200 7.799100 -9.794477
v 9.778160 7.073539 -9.687487
v 9.825123 7.066326 -9.728922
v 9.793806 7.066878 -9.730159
v 9.810843 7.792439 -9.837150
v 9.842164 7.791887 -9.835916
v 9.865972 7.794315 -9.815664
v 9.848930 7.068750 -9.708671
v 9.916149 7.839007 -9.818480
v 9.821054 8.151081 -9.848751
v 9.883408 8.150153 -9.910602
v 9.927344 8.150165 -9.866548
v 9.791156 8.127278 -9.819697
v 9.865501 8.151077 -9.804204
v 9.918816 8.203053 -9.874751
v 9.836487 8.037701 -9.774316
v 9.791124 8.037670 -9.819705
v 9.836482 8.127274 -9.774335
v 9.844153 8.200849 -9.799582
v 9.891418 8.202775 -9.902246
v 9.816321 8.200637 -9.827579
v 9.767008 8.155095 -9.778971
v 9.795690 8.155161 -9.750218
v 9.767039 8.009783 -9.778850
v 9.795756 8.009900 -9.750215
v 9.816505 7.964036 -9.827298
v 9.844282 7.964318 -9.799543
v 9.865537 8.013843 -9.804149
v 9.820985 8.013800 -9.848806
v 9.883321 8.014692 -9.910688
v 9.891705 7.961836 -9.901957
v 9.918910 7.962141 -9.874665
v 9.927402 8.014720 -9.866477
v 9.871433 7.067262 -9.715181
v 9.781762 7.064216 -9.750129
v 9.798802 7.789780 -9.857119
v 9.859604 7.803544 -9.754095
v 9.888474 7.792827 -9.822172
v 9.916149 7.839007 -9.818476
v 9.896982 7.022890 -9.698130
v 9.773253 7.834152 -9.874171
v 9.974617 3.345173 -8.134131
v 10.041339 2.871455 -8.444086
v 10.041339 3.127743 -8.654413
v 9.974617 3.175306 -8.607379
v 9.974617 3.652826 -8.442829
v 10.041339 3.338070 -8.910697
v 9.974617 3.393898 -8.873847
v 9.974617 3.894344 -8.805626
v 10.041339 3.494357 -9.203094
v 9.974617 3.556302 -9.177843
v 9.974617 4.060440 -9.208557
v 10.041339 3.590599 -9.520357
v 9.974617 3.657313 -9.517812
v 9.974617 4.121624 -9.850305
v 10.041339 3.623588 -9.850305
v 10.041339 1.931852 -9.850305
v 10.041339 2.579062 -8.287799
v 10.039808 2.262098 -8.190054
v 10.041339 1.931852 -8.158568
v 9.974617 1.931852 -7.640601
v 9.974617 2.265265 -8.124683
v 9.974617 2.580839 -7.723913
v 9.974617 2.605006 -8.226144
v 9.974617 2.983207 -7.891383
v 9.974617 2.908932 -8.388677
v 10.191229 9.655149 -9.824561
v 10.152448 9.655878 -9.866066
v 10.058298 9.616166 -9.759945
v 10.366440 9.797479 -10.032616
v 10.397627 9.682281 -10.049924
v 9.764338 9.463525 -10.013156
v 9.840030 9.478235 -9.810480
v 9.845167 9.605328 -9.815598
v 10.042694 9.463520 -9.734779
v 10.217416 9.524533 -9.836382
v 10.399675 9.553047 -10.055494
v 10.149359 9.315526 -9.856351
v 10.233228 9.394935 -9.875276
v 10.369937 9.533293 -10.094361
v 10.524337 9.833533 -10.244411
v 10.521874 9.961847 -10.242865
v 10.340573 9.787783 -10.062301
v 10.270065 9.589070 -10.045413
v 10.244841 9.380634 -9.990990
v 10.194134 9.315526 -9.981435
v 9.904849 9.394942 -10.203650
v 10.020552 9.380634 -10.215276
v 10.011017 9.315526 -10.164549
v 9.884014 9.315523 -10.117859
v 9.844070 9.315523 -9.992539
v 9.884230 9.315546 -9.867433
v 10.024040 9.315523 -9.816408
v 9.789492 9.616158 -10.028759
v 9.901469 9.695856 -9.871893
v 9.865963 9.524533 -10.187835
v 10.079501 9.682281 -10.368046
v 10.085052 9.553047 -10.370118
v 10.273976 9.833533 -10.494771
v 10.123935 9.533293 -10.340363
v 10.272433 9.961847 -10.492304
v 10.008386 9.687473 -9.814160
v 10.081380 9.708829 -9.874676
v 9.995891 9.746884 -9.966310
v 9.904250 9.708829 -10.051802
v 9.843730 9.687473 -9.978816
v 10.085033 9.698406 -10.055456
v 10.134111 9.682544 -9.988311
v 9.895643 9.655878 -10.122870
v 10.017888 9.682544 -10.104534
v 10.190634 9.551382 -10.161056
v 10.188585 9.390349 -10.159008
v 10.074997 9.589067 -10.240484
v 10.134503 9.315523 -10.104922
v 10.009334 9.257846 -9.779488
v 9.858680 9.257846 -9.841887
v 9.884695 9.250903 -9.867902
v 10.009334 9.250903 -9.816279
v 10.159982 9.257846 -9.841887
v 10.133966 9.250903 -9.867902
v 10.185594 9.250903 -9.992539
v 10.164668 9.265559 -9.837208
v 10.009334 9.265559 -9.772863
v 9.853997 9.265559 -9.837204
v 10.009329 9.315523 -9.772863
v 9.853997 9.315523 -9.837204
v 10.164668 9.315523 -9.837204
v 10.229011 9.315523 -9.992539
v 10.229011 9.265559 -9.992539
v 10.222384 9.257846 -9.992539
v 10.159986 9.257846 -10.143192
v 9.789652 9.315523 -9.992539
v 9.789652 9.265559 -9.992539
v 9.796281 9.257846 -9.992539
v 9.858680 9.257846 -10.143189
v 9.853997 9.265559 -10.147872
v 10.009334 9.257846 -10.205588
v 10.009334 9.265559 -10.212216
v 10.164668 9.265559 -10.147876
v 10.164668 9.315523 -10.147872
v 9.853997 9.315523 -10.147872
v 10.009334 9.315523 -10.212216
v 10.133966 9.250903 -10.117174
v 10.009334 9.250903 -10.168800
v 9.884695 9.250903 -10.117174
v 9.833072 9.250903 -9.992539
v 9.833072 1.931852 -9.992538
v 9.884695 1.931848 -9.867901
v 9.884695 1.931852 -10.117173
v 10.009334 1.931852 -10.168799
v 10.133970 1.931844 -10.117177
v 10.185594 1.931848 -9.992538
v 10.133966 1.931848 -9.867901
v 10.009334 1.931848 -9.816278
v 9.778680 7.069960 -9.711666
v 9.795721 7.795525 -9.818660
v 9.793051 7.836451 -9.855431
v 10.283593 1.920113 -9.918389
v 10.283593 1.853618 -9.918389
v 10.290598 1.853618 -9.935312
v 10.290598 1.920113 -9.935312
v 11.578225 1.853540 -11.222935
v 11.578225 1.920113 -11.222935
v 11.561623 1.931852 -11.222935
v 11.271034 1.931852 -11.513523
v 11.271034 1.853540 -11.530125
v 11.271034 1.920113 -11.530125
v 9.986673 1.932404 -10.232464
v 10.280809 1.931852 -9.937830
v 10.273805 1.931852 -9.920896
v 10.283629 1.920113 -8.153936
v 10.283629 1.853540 -8.153936
v 9.969742 1.932404 -10.225459
v 9.879072 1.931852 -9.863610
v 9.889010 1.931852 -9.853672
v 8.192630 1.920113 -10.235534
v 8.192630 1.853540 -10.235534
v 8.192630 1.853540 -9.856303
v 8.192630 1.920113 -9.856303
v 8.204370 1.931852 -9.868042
v 8.204370 1.931852 -10.223795
v 9.966645 1.920113 -10.235651
v 9.983564 1.920113 -10.242660
v 9.983564 1.853618 -10.242660
v 9.966645 1.853618 -10.235651
v 10.769485 5.575390 -10.707308
v 10.716663 5.575390 -10.654495
v 10.902971 5.202989 -10.840807
v 10.870253 5.547041 -10.808081
v 10.955679 5.466317 -10.893515
v 11.012764 5.345501 -10.950592
v 11.032804 5.202989 -10.970636
v 11.032804 4.239571 -10.970636
v 10.902971 4.239571 -10.840807
v 11.032804 2.219378 -10.970636
v 10.902971 2.219378 -10.840807
v 10.967888 2.075613 -10.905720
v 10.769480 1.931852 -10.707314
v 11.032804 1.931852 -10.970636
v 10.716663 6.400204 -10.654496
v 10.506477 6.400204 -10.444310
v 10.506477 5.575390 -10.444309
v 10.506477 5.202989 -10.444309
v 10.506477 4.239571 -10.444309
v 10.288057 2.219378 -10.225893
v 10.453334 1.931852 -10.391167
v 10.235345 2.071416 -10.173178
v 10.141508 1.931852 -10.079344
v 10.141508 2.219378 -10.079344
v 10.141508 4.239571 -10.079344
v 10.141508 5.202989 -10.079344
v 10.141508 5.575390 -10.079344
v 10.141508 6.400204 -10.079345
v 10.141508 6.772605 -10.079345
v 10.404833 7.640624 -10.342669
v 10.384789 7.783140 -10.322625
v 10.141508 7.640624 -10.079345
v 10.273174 7.206618 -10.211003
v 10.404833 6.772605 -10.342669
v 10.453339 6.772605 -10.391168
v 10.554111 6.744256 -10.491936
v 10.639533 6.663532 -10.577366
v 10.696619 6.542717 -10.634449
v 10.242280 7.984684 -10.180109
v 10.141512 8.013029 -10.079341
v 10.327707 7.903955 -10.265540
v 10.062186 9.797479 -10.336869
v 10.091873 9.787783 -10.310999
v 9.854118 9.655142 -10.161674
v 10.009334 9.317390 -9.827278
v 10.137224 9.318349 -9.864656
v 10.174595 9.315523 -9.992539
v 10.009094 9.315523 -10.162630
v 9.881704 1.853618 -9.846389
v 9.881739 1.853540 -8.153936
v 9.881739 1.920113 -8.153936
v 10.271890 1.931852 -8.165676
v 9.893482 1.931852 -8.165676
v 9.881704 1.920113 -9.846389
v 9.871789 1.920113 -9.856303
v 9.871789 1.853618 -9.856303
v 10.104971 6.772605 -10.115877
v 10.104971 7.640624 -10.115877
v 10.236633 7.206618 -10.247539
v 10.104975 8.013029 -10.115873
v 10.205744 7.984684 -10.216645
v 10.291170 7.903955 -10.302076
v 10.348255 7.783140 -10.359158
v 10.368296 7.640624 -10.379202
v 10.368296 6.772605 -10.379202
v 10.104971 6.400204 -10.115877
v 10.469940 6.400204 -10.480846
v 10.104971 5.575390 -10.115876
v 10.416802 6.772605 -10.427705
v 10.517574 6.744256 -10.528472
v 10.602997 6.663532 -10.613903
v 10.660083 6.542717 -10.670984
v 10.680127 6.400204 -10.691032
v 10.469940 5.575390 -10.480845
v 10.680127 5.575390 -10.691031
v 10.469940 5.202989 -10.480845
v 10.866438 5.202989 -10.877339
v 10.469940 4.239571 -10.480845
v 10.866438 2.219378 -10.877339
v 10.866438 4.239571 -10.877339
v 10.996268 4.239571 -11.007174
v 10.996268 5.202989 -11.007174
v 10.976229 5.345501 -10.987129
v 10.919143 5.466317 -10.930044
v 10.833715 5.547041 -10.844617
v 10.732944 5.575390 -10.743845
v 10.251521 2.219378 -10.262426
v 10.416799 1.931852 -10.427704
v 10.732944 1.931852 -10.743849
v 10.931352 2.075613 -10.942253
v 10.996268 1.931852 -11.007174
v 10.996268 2.219378 -11.007174
v 10.104971 5.202989 -10.115876
v 10.104971 4.239571 -10.115876
v 10.104971 2.219378 -10.115876
v 10.198810 2.071416 -10.209713
v 10.104971 1.931852 -10.115876
v 11.040421 2.027694 -10.963028
v 11.040421 1.931852 -10.963028
v 11.088916 1.931852 -11.011527
v 11.088916 5.202989 -11.011527
v 11.065180 5.371747 -10.987791
v 11.020372 5.345501 -10.942981
v 11.040421 5.202989 -10.963028
v 11.088916 2.027694 -11.011527
v 11.088920 1.931852 -11.020165
v 11.088920 2.027694 -11.020165
v 11.036960 2.027694 -11.072125
v 11.088920 5.202989 -11.020165
v 11.036960 5.202989 -11.072125
v 10.772774 5.654610 -10.704015
v 10.772777 5.648510 -10.695381
v 10.775926 5.643122 -10.698530
v 10.775917 5.649199 -10.707160
v 10.893758 5.616050 -10.825004
v 10.896424 5.610403 -10.819033
v 10.996320 5.519131 -10.927561
v 10.997588 5.514816 -10.920192
v 11.064855 5.374085 -10.996096
v 11.012895 5.374085 -11.048059
v 10.944360 5.519131 -10.979521
v 10.841794 5.616050 -10.876960
v 10.723957 5.649199 -10.759124
v 10.720810 5.654610 -10.755976
v 10.712180 5.648510 -10.755976
v 10.720810 6.400204 -10.755977
v 10.715327 5.643122 -10.759128
v 10.835826 5.610403 -10.879627
v 10.936990 5.514816 -10.980790
v 11.004585 5.371747 -11.048385
v 11.028321 5.202989 -11.072121
v 11.028321 2.027694 -11.072121
v 11.036960 1.931852 -11.072125
v 11.028321 1.931852 -11.072121
v 10.979827 2.027694 -11.023626
v 10.979827 5.202989 -11.023626
v 10.959774 5.345501 -11.003579
v 10.902693 5.466317 -10.946501
v 10.979827 1.931852 -11.023626
v 10.817266 5.547041 -10.861067
v 10.712180 5.575390 -10.755976
v 10.670494 5.575390 -10.714302
v 10.663681 5.585026 -10.707485
v 10.663681 6.400204 -10.707486
v 10.712180 6.400204 -10.755977
v 10.688443 6.568962 -10.732241
v 10.696749 6.571300 -10.731915
v 10.628217 6.716346 -10.663384
v 10.620848 6.712031 -10.664645
v 10.525648 6.813265 -10.560820
v 10.519681 6.807618 -10.563482
v 10.412769 6.846191 -10.447936
v 10.404143 6.840126 -10.447944
v 10.643637 6.542717 -10.687437
v 10.586555 6.663532 -10.630356
v 10.501122 6.744256 -10.544922
v 10.400352 6.772605 -10.444153
v 10.355716 6.772605 -10.399516
v 10.351854 6.778067 -10.395655
v 10.400352 6.846657 -10.444153
v 10.408986 6.852761 -10.444153
v 10.464729 6.846191 -10.395977
v 10.460947 6.852761 -10.392194
v 10.408986 7.640624 -10.444158
v 10.400352 7.640624 -10.444153
v 10.384925 7.811724 -10.420092
v 10.436886 7.811724 -10.368129
v 10.368351 7.956769 -10.299597
v 10.460947 7.640624 -10.392194
v 10.268452 8.048050 -10.191065
v 10.369615 7.952455 -10.292229
v 10.437211 7.809390 -10.359819
v 10.460951 7.640624 -10.383560
v 10.460951 6.846657 -10.383560
v 10.464736 6.840126 -10.387346
v 10.577612 6.813265 -10.508859
v 10.249892 7.984684 -10.172502
v 10.335319 7.903955 -10.257932
v 10.392404 7.783140 -10.315017
v 10.412448 7.640624 -10.335060
v 10.412448 6.778067 -10.335060
v 10.416308 6.772605 -10.338922
v 10.680182 6.716346 -10.611424
v 10.748712 6.571300 -10.679955
v 10.772774 6.400204 -10.704016
v 10.772777 6.400204 -10.695382
v 10.580278 6.807618 -10.502884
v 10.681437 6.712031 -10.604052
v 10.749041 6.568962 -10.671646
v 10.460951 6.772605 -10.383560
v 10.561718 6.744256 -10.484327
v 10.647149 6.663532 -10.569762
v 10.704231 6.542717 -10.626843
v 10.724278 6.400204 -10.646884
v 10.724278 5.585026 -10.646883
v 10.731092 5.575390 -10.653701
v 10.772777 5.575390 -10.695381
v 10.877861 5.547041 -10.800472
v 10.963295 5.466317 -10.885900
v 9.547206 3.657313 -9.908628
v 9.549755 3.590599 -9.975349
v 9.237951 4.060440 -9.908628
v 9.879699 4.121624 -9.908628
v 9.879699 3.623588 -9.975349
v 9.879699 1.931852 -9.975349
v 9.232490 3.494357 -9.975349
v 8.940095 3.338070 -9.975349
v 8.683811 3.127743 -9.975349
v 8.473481 2.871455 -9.975349
v 8.317194 2.579062 -9.975349
v 8.219453 2.262098 -9.973818
v 8.163526 3.345173 -9.908628
v 8.636777 3.175306 -9.908628
v 8.472228 3.652826 -9.908628
v 8.903245 3.393898 -9.908628
v 8.835020 3.894344 -9.908628
v 9.207237 3.556302 -9.908628
v 8.187967 1.931852 -9.975349
v 7.669996 1.931852 -9.908628
v 8.154078 2.265265 -9.908628
v 7.753308 2.580839 -9.908628
v 8.255543 2.605006 -9.908628
v 7.920778 2.983207 -9.908628
v 8.418076 2.908932 -9.908628
v 10.376616 7.809390 -10.420417
v 10.309022 7.952455 -10.352818
v 10.316391 7.956769 -10.351558
v 10.351854 7.640624 -10.395655
v 10.331811 7.783140 -10.375611
v 10.274724 7.903955 -10.318525
v 10.207857 8.048050 -10.251659
v 10.213825 8.053688 -10.248992
v 10.265790 8.053688 -10.197032
v 10.189298 7.984684 -10.233099
v 10.088527 8.081618 -10.132327
v 10.092841 8.087723 -10.128009
v 10.144805 8.087723 -10.076047
v 10.149123 8.081618 -10.071729
v 10.149123 8.013029 -10.071729
v 10.088527 8.013029 -10.132327
v 9.918816 5.769062 9.939589
v 9.844153 5.766857 9.864420
v 9.816321 5.766645 9.892417
v 9.927344 5.716173 9.931381
v 9.865501 5.717086 9.869037
v 9.883408 5.716162 9.975440
v 9.821054 5.717090 9.913585
v 9.836482 5.693283 9.839172
v 9.791156 5.693286 9.884531
v 9.791124 5.603678 9.884539
v 9.836487 5.603714 9.839153
v 9.865537 5.579855 9.868986
v 9.820985 5.579809 9.913639
v 9.844282 5.530327 9.864382
v 9.918910 5.528150 9.939503
v 9.927402 5.580729 9.931314
v 9.883321 5.580702 9.975526
v 9.795756 5.575909 9.815053
v 9.795690 5.721170 9.815056
v 9.767008 5.721103 9.843808
v 9.767039 5.575791 9.843687
v 9.816505 5.530046 9.892136
v 9.891705 5.527845 9.966794
v 9.891418 5.768783 9.967080
v 9.821054 6.915236 9.913584
v 9.883408 6.914309 9.975439
v 9.891418 6.966930 9.967079
v 9.791156 6.891434 9.884530
v 9.816321 6.964793 9.892416
v 9.918816 6.967208 9.939588
v 9.844282 6.728474 9.864381
v 9.918910 6.726297 9.939502
v 9.891705 6.725991 9.966793
v 9.816505 6.728192 9.892135
v 9.883321 6.778848 9.975525
v 9.820985 6.777956 9.913638
v 9.767039 6.773938 9.843686
v 9.791124 6.801825 9.884538
v 9.767008 6.919250 9.843807
v 9.844153 6.965004 9.864419
v 9.795756 6.774056 9.815052
v 9.836487 6.801860 9.839152
v 9.795690 6.919316 9.815055
v 9.836482 6.891430 9.839171
v 9.865501 6.915233 9.869036
v 9.927344 6.914320 9.931380
v 9.865537 6.778003 9.868985
v 9.927402 6.778875 9.931314
v 9.582998 6.675629 9.985181
v 9.711434 6.679016 9.633489
v 9.754525 6.629280 9.637280
v 9.618696 6.625698 10.009214
v 9.569618 6.335798 10.134686
v 9.799652 6.341867 9.504799
v 9.475886 6.245958 10.105799
v 9.709923 6.252136 9.464951
v 9.421522 6.361763 10.069123
v 9.644003 6.367631 9.459926
v 9.538008 6.642280 9.945985
v 9.651979 6.645291 9.633901
v 9.389222 6.359464 10.076700
v 9.457167 6.195095 10.132427
v 9.517749 6.658322 9.954043
v 9.579815 6.705826 10.009148
v 9.675124 6.896915 10.017398
v 9.588798 6.911517 9.979119
v 9.556325 6.868493 9.984343
v 9.654051 6.860716 10.030160
v 9.507145 6.680457 9.917162
v 9.343215 6.350528 10.029043
v 9.314717 6.263340 10.012343
v 9.359175 6.081393 9.904896
v 9.518888 6.629895 9.762019
v 9.593531 6.887048 9.791754
v 9.640053 6.869561 9.655209
v 9.653182 6.936087 9.814010
v 9.541223 6.866949 9.925824
v 9.384630 6.392280 9.710697
v 9.558361 6.356205 9.439913
v 9.315865 6.199507 9.843574
v 9.418872 6.202229 9.561522
v 9.526347 6.268927 9.432843
v 9.492238 6.084906 9.540538
v 9.474873 6.014413 9.982977
v 9.631442 6.018544 9.554258
v 9.713082 6.201849 9.431664
v 9.624194 6.365662 9.433276
v 9.609573 6.683163 9.636700
v 9.710498 6.914732 9.645874
v 9.689299 6.872001 9.620231
v 9.641583 6.661588 9.614952
v 9.724254 6.709641 9.613633
v 9.793603 6.864397 9.648031
v 9.801266 6.900244 9.671988
v 9.741545 6.920382 9.846126
v 9.830597 6.330594 9.495569
v 9.779295 6.639558 9.630489
v 9.740479 6.042218 9.629860
v 9.866617 6.206458 9.549125
v 9.872228 6.362475 9.539033
v 9.790427 6.664336 9.682708
v 9.815479 6.840112 9.765879
v 9.730691 6.627624 9.839344
v 9.824603 6.396247 9.871409
v 9.647050 6.356531 10.155626
v 9.650229 6.200749 10.141645
v 9.742023 6.155927 9.977049
v 9.606821 6.038690 9.995844
v 9.831024 6.158273 9.733350
v 9.783458 6.854055 9.860797
v 9.675207 6.661294 9.998212
v 9.587403 6.324172 10.161484
v 9.633201 6.635702 10.030535
v 9.746866 6.838299 9.953762
v 9.918816 8.203054 9.939588
v 9.844153 8.200850 9.864419
v 9.816321 8.200639 9.892416
v 9.927344 8.150167 9.931380
v 9.865501 8.151079 9.869036
v 9.883408 8.150155 9.975439
v 9.821054 8.151083 9.913584
v 9.836482 8.127275 9.839171
v 9.791156 8.127280 9.884530
v 9.791124 8.037672 9.884538
v 9.836487 8.037703 9.839152
v 9.865537 8.013844 9.868985
v 9.820985 8.013802 9.913638
v 9.844282 7.964320 9.864381
v 9.918910 7.962143 9.939502
v 9.927402 8.014722 9.931314
v 9.883321 8.014694 9.975525
v 9.795756 8.009902 9.815052
v 9.795690 8.155163 9.815055
v 9.767008 8.155097 9.843807
v 9.767039 8.009785 9.843686
v 9.816505 7.964038 9.892135
v 9.891705 7.961838 9.966793
v 9.891418 8.202777 9.967079
v 9.737770 7.066660 9.897420
v 9.770799 7.067534 9.806982
v 9.700933 7.079821 9.783535
v 9.669161 7.078987 9.870528
v 9.780455 7.802539 9.918145
v 9.849063 7.790213 9.945042
v 9.882092 7.791087 9.854595
v 9.812222 7.803373 9.831153
v 9.846205 7.835105 9.974847
v 9.777967 7.847440 9.946937
v 9.652786 7.033582 9.893375
v 9.721027 7.021251 9.921289
v 9.722938 6.965199 9.857814
v 9.734564 6.965506 9.825973
v 9.755351 7.024122 9.797443
v 9.720083 7.023190 9.894017
v 9.734806 6.839066 9.797635
v 9.737790 6.841596 9.752178
v 9.708947 6.799312 9.787803
v 9.679780 6.798540 9.867661
v 9.705647 6.838295 9.877486
v 9.678621 6.840038 9.914198
v 9.632464 6.848472 9.893924
v 9.670762 7.032094 9.874001
v 9.634872 6.850985 9.850038
v 9.673166 6.974088 9.839034
v 9.684349 6.974386 9.808411
v 9.704687 7.032990 9.781111
v 9.689377 6.849971 9.738079
v 9.662924 6.851730 9.773225
v 9.675505 6.805138 9.777375
v 9.647453 6.804398 9.854184
v 9.880533 7.837980 9.851001
v 9.829865 7.846845 9.834673
v 9.870227 8.025780 9.815463
v 9.918640 8.017408 9.829559
v 9.869637 8.067293 9.860434
v 9.903079 8.061462 9.870865
v 9.873916 8.060696 9.950720
v 9.841585 8.066553 9.937245
v 9.813314 8.024280 9.971304
v 9.859471 8.015846 9.991574
v 9.795944 7.845952 9.927563
v 9.816281 7.904552 9.900267
v 9.815726 8.026797 9.927418
v 9.843778 8.027537 9.850609
v 9.827465 7.904850 9.869643
v 9.877679 7.895970 9.887208
v 9.866053 7.895660 9.919046
v 9.845265 7.837048 9.947579
v 9.915660 8.014871 9.875011
v 9.886497 8.014104 9.954866
v 9.819438 7.800844 9.852755
v 9.843605 7.797136 9.852598
v 9.732316 7.073584 9.804980
v 9.708149 7.077288 9.805140
v 9.800095 7.802289 9.876014
v 9.688806 7.078737 9.828396
v 9.799907 7.800327 9.906234
v 9.688618 7.076775 9.858620
v 9.818310 7.796466 9.921865
v 9.707017 7.072914 9.874248
v 9.842090 7.792755 9.922770
v 9.730797 7.069202 9.875153
v 9.861816 7.791317 9.898450
v 9.750527 7.067765 9.850836
v 9.862392 7.793287 9.867168
v 9.751102 7.069735 9.819554
v 9.898838 7.836496 9.830726
v 9.828596 7.848779 9.808305
v 9.703415 7.034921 9.754747
v 9.773657 7.022642 9.777167
v 9.974617 3.657314 9.579865
v 10.041339 3.590600 9.582415
v 9.974617 4.060441 9.270612
v 9.974617 4.121626 9.912359
v 10.041339 3.623589 9.912359
v 10.041339 1.931853 9.912359
v 10.041339 3.494359 9.265149
v 10.041339 3.338071 8.972752
v 10.041339 3.127745 8.716468
v 10.041339 2.871457 8.506142
v 10.041339 2.579063 8.349854
v 10.039808 2.262099 8.252109
v 9.974617 3.345174 8.196186
v 9.974617 3.175308 8.669434
v 9.974617 3.652827 8.504884
v 9.974617 3.393900 8.935903
v 9.974617 3.894345 8.867681
v 9.974617 3.556304 9.239897
v 10.041339 1.931853 8.220623
v 9.974617 1.931853 7.702655
v 9.974617 2.265267 8.186737
v 9.974617 2.580840 7.785967
v 9.974617 2.605008 8.288198
v 9.974617 2.983208 7.953438
v 9.974617 2.908933 8.450735
v 10.397627 9.682283 10.114756
v 10.217416 9.524535 9.901218
v 10.191229 9.655151 9.889398
v 10.366440 9.797481 10.097448
v 10.058298 9.616168 9.824781
v 10.042694 9.463522 9.799616
v 10.233228 9.394937 9.940112
v 10.399675 9.553049 10.120332
v 10.244841 9.380636 10.055822
v 10.369937 9.533295 10.159199
v 10.524337 9.833535 10.309243
v 10.521874 9.961849 10.307700
v 10.340573 9.787785 10.127136
v 10.152448 9.655880 9.930899
v 10.270065 9.589072 10.110253
v 10.074997 9.589068 10.305320
v 10.017888 9.682546 10.169371
v 9.904250 9.708831 10.116643
v 9.895643 9.655880 10.187704
v 9.789492 9.616160 10.093599
v 9.843730 9.687475 10.043652
v 9.845167 9.605330 9.880434
v 9.901469 9.695858 9.936729
v 10.008386 9.687475 9.878993
v 10.081380 9.708831 9.939509
v 9.995891 9.746886 10.031145
v 9.840030 9.478237 9.875317
v 9.854118 9.655144 10.226511
v 9.764338 9.463527 10.077989
v 9.884230 9.315548 9.932269
v 10.024040 9.315525 9.881245
v 10.149359 9.315528 9.921187
v 10.194134 9.315528 10.046272
v 9.865963 9.524535 10.252670
v 9.904849 9.394944 10.268486
v 10.085052 9.553049 10.434954
v 10.079501 9.682283 10.432883
v 9.884014 9.315525 10.182695
v 9.844070 9.315525 10.057377
v 10.011017 9.315528 10.229384
v 10.020552 9.380636 10.280111
v 10.123935 9.533295 10.405200
v 10.273976 9.833535 10.559608
v 10.272433 9.961849 10.557136
v 10.062186 9.797481 10.401707
v 10.091873 9.787785 10.375836
v 10.134111 9.682546 10.053148
v 10.085033 9.698408 10.120292
v 10.190634 9.551384 10.225892
v 10.188585 9.390351 10.223844
v 10.134503 9.315525 10.169758
v 10.009334 9.250905 9.881111
v 9.884695 9.250905 9.932739
v 9.858680 9.257848 9.906723
v 10.133966 9.250905 9.932734
v 10.009334 9.257848 9.844324
v 9.853997 9.265561 9.902037
v 10.222384 9.257848 10.057377
v 10.159986 9.257848 10.208025
v 10.133966 9.250905 10.182010
v 10.185594 9.250905 10.057377
v 10.159982 9.257848 9.906723
v 10.009334 9.265561 9.837700
v 9.853997 9.315525 9.902037
v 10.009329 9.315525 9.837700
v 10.164668 9.265561 9.902040
v 9.853997 9.265561 10.212708
v 9.789652 9.265561 10.057377
v 9.796281 9.257848 10.057377
v 9.858680 9.257848 10.208025
v 10.009334 9.265561 10.277054
v 10.009334 9.257848 10.270429
v 10.164668 9.265561 10.212713
v 10.229011 9.265561 10.057377
v 10.164668 9.315525 9.902037
v 10.229011 9.315525 10.057377
v 10.164668 9.315525 10.212713
v 10.009334 9.315525 10.277054
v 9.853997 9.315525 10.212708
v 9.789652 9.315525 10.057377
v 9.833072 9.250905 10.057377
v 9.884695 9.250905 10.182010
v 10.009334 9.250905 10.233638
v 9.884695 1.931849 9.932740
v 9.833072 1.931853 10.057378
v 9.884695 1.931853 10.182011
v 10.009334 1.931853 10.233639
v 10.133970 1.931845 10.182014
v 10.185594 1.931849 10.057378
v 10.133966 1.931849 9.932735
v 10.009334 1.931849 9.881112
v 10.009334 9.317392 9.892115
v 10.137224 9.318351 9.929493
v 10.174595 9.315525 10.057377
v 10.009094 9.315525 10.227462
v 10.273805 1.931853 9.985734
v 9.889010 1.931853 9.918507
v 9.879072 1.931853 9.928444
v 9.969742 1.932405 10.290294
v 10.280809 1.931853 10.002665
v 9.986673 1.932405 10.297301
v 11.271034 1.920114 11.594964
v 11.271034 1.853541 11.594964
v 11.578225 1.853541 11.287773
v 11.578225 1.920114 11.287773
v 11.561623 1.931853 11.287773
v 11.271034 1.931853 11.578366
v 9.983564 1.920114 10.307498
v 9.966645 1.920114 10.300489
v 8.192630 1.920114 10.300371
v 8.192630 1.853541 10.300371
v 9.966645 1.853619 10.300489
v 9.983564 1.853619 10.307498
v 8.192630 1.920114 9.921138
v 8.192630 1.853541 9.921138
v 8.204370 1.931853 10.288632
v 8.204370 1.931853 9.932877
v 9.871789 1.920114 9.921138
v 9.881704 1.920114 9.911227
v 9.881739 1.920114 8.218775
v 9.881739 1.853541 8.218775
v 9.881704 1.853619 9.911227
v 9.871789 1.853619 9.921138
v 10.283629 1.920114 8.218775
v 10.283629 1.853541 8.218775
v 9.893482 1.931853 8.230515
v 10.271890 1.931853 8.230515
v 10.283593 1.920114 9.983228
v 10.290598 1.920114 10.000151
v 10.290598 1.853619 10.000151
v 10.283593 1.853619 9.983228
v -9.153338 4.935621 9.238241
v -9.174562 4.952067 9.203357
v -9.265372 5.020253 9.265368
v -9.161538 4.909950 9.183290
v -9.228825 4.963888 9.143327
v -9.215793 4.921772 9.123260
v -9.263422 4.959604 9.116446
v -9.287006 5.024967 9.241436
v -9.315249 4.981966 9.257620
v -9.291920 4.919321 9.129790
v -9.269586 4.902636 9.165904
v -9.235171 4.893661 9.133029
v -9.213178 4.890345 9.228311
v -9.178763 4.881371 9.195436
v -9.177467 4.894386 9.256413
v -9.292763 4.977067 9.282503
v -9.814732 7.850345 9.994186
v -9.694636 7.033973 9.998435
v -9.707519 7.031960 9.975399
v -9.760327 7.024231 9.983372
v -9.728051 6.841541 10.018785
v -9.745605 6.838737 9.976766
v -9.718846 6.798422 9.974679
v -9.728173 6.796610 9.890196
v -9.754936 6.836928 9.892283
v -9.746980 6.837861 9.847371
v -9.759224 6.964291 9.915745
v -9.771613 7.022042 9.881198
v -9.755504 6.965012 9.949431
v -9.678261 6.848816 10.009817
v -9.684142 6.803497 9.969107
v -9.693117 6.801754 9.887847
v -9.696468 6.845281 9.844943
v -9.718369 7.029850 9.877122
v -9.670124 6.849787 9.966562
v -9.702550 6.972769 9.942766
v -9.679099 6.848049 9.885302
v -9.706128 6.972072 9.910369
v -9.714480 7.076704 9.878848
v -9.821251 7.802492 9.875074
v -9.811086 7.804466 9.967106
v -9.704315 7.078682 9.970884
v -9.851765 8.028258 10.003677
v -9.901560 8.020979 10.012640
v -9.880424 7.840603 9.979119
v -9.827610 7.848329 9.971150
v -9.843633 8.029229 9.960423
v -9.839854 7.906107 9.937907
v -9.843432 7.905410 9.905506
v -9.838464 7.846222 9.872873
v -9.869972 8.024722 9.838807
v -9.852603 8.027487 9.879162
v -9.879362 8.067805 9.881248
v -9.870392 8.069549 9.962513
v -9.891705 7.838410 9.876945
v -9.920487 8.017303 9.841235
v -9.914423 8.062661 9.883598
v -9.905092 8.064474 9.968085
v -9.892809 7.898355 9.944568
v -9.896528 7.897630 9.910890
v -9.928441 8.016367 9.886144
v -9.919109 8.018180 9.970631
v -9.872216 7.795421 9.957235
v -9.885623 7.793303 9.928976
v -9.778853 7.067514 9.932755
v -9.765446 7.069637 9.961014
v -9.848844 7.798886 9.961903
v -9.742074 7.073098 9.965681
v -9.827191 7.802015 9.950985
v -9.720420 7.076227 9.954764
v -9.820154 7.802896 9.921544
v -9.713384 7.077107 9.925323
v -9.833436 7.800801 9.894405
v -9.726669 7.075013 9.898179
v -9.856934 7.797312 9.888614
v -9.750163 7.071524 9.892397
v -9.878713 7.794160 9.898411
v -9.771941 7.068376 9.902193
v -9.827911 7.847197 9.847520
v -9.818232 7.802492 9.875074
v -9.711462 7.076704 9.878848
v -9.707816 7.030829 9.851772
v -9.701301 7.078682 9.970884
v -9.691621 7.033973 9.998435
v -9.808067 7.804466 9.967106
v -9.811716 7.850345 9.994186
v -4.788610 2.610508 -11.189864
v -4.788504 2.759469 -11.189864
v -4.817283 2.759469 -11.214469
v -4.817385 2.610508 -11.214469
v -4.817287 2.759469 -12.279486
v -4.788507 2.759469 -12.304095
v -4.788507 2.610508 -12.304095
v -4.817287 2.610508 -12.279486
v -4.784709 2.589696 -11.217516
v 5.243242 2.610508 -11.189864
v 5.239342 2.589696 -11.217516
v 5.272022 2.610508 -11.214469
v 5.239233 2.589696 -12.276443
v 5.271924 2.610508 -12.279486
v -4.784600 2.589696 -12.276443
v 5.243136 2.759469 -11.189864
v 5.271916 2.759469 -11.214469
v 5.271920 2.759469 -12.279486
v 5.243140 2.610508 -12.304095
v 5.243140 2.759469 -12.304095
v -4.784596 2.780280 -12.276443
v -4.784576 2.780280 -11.217516
v 5.239209 2.780280 -11.217516
v 5.239225 2.780280 -12.276443
v 5.016321 2.579296 -12.253489
v 5.016321 2.579296 -11.196328
v 5.034388 2.589692 -11.211110
v 5.034388 2.589692 -12.271556
v 5.147220 2.589696 -12.271556
v 5.147220 2.589696 -11.211110
v 5.165286 2.579300 -12.253489
v 5.165286 2.579300 -11.196328
v 5.016309 1.840536 -12.253489
v 5.034376 1.840536 -12.271556
v 5.147204 1.840536 -12.271556
v 5.165271 1.840540 -12.253489
v 5.165271 1.840638 -10.149136
v 5.165298 3.529441 -11.193044
v 5.165298 3.529539 -10.149136
v 5.016309 1.840532 -10.149136
v 5.016337 3.529437 -10.149136
v 5.016337 3.529437 -11.193044
v 5.034404 3.529437 -11.211110
v 5.147232 3.529441 -11.211110
v 5.239225 3.720072 -11.208063
v 5.271920 3.699260 -11.211110
v 5.243140 3.699260 -11.235715
v -4.788504 3.699261 -10.121483
v -4.788610 3.550299 -10.121483
v 5.243242 3.550299 -10.121483
v 5.243136 3.699261 -10.121483
v 5.239209 3.720072 -10.149136
v 5.271916 3.699261 -10.146090
v -4.784596 3.720072 -11.208063
v -4.788507 3.699260 -11.235715
v -4.788507 3.550299 -11.235715
v -4.784576 3.720072 -10.149136
v -4.817283 3.699261 -10.146090
v -4.817287 3.699260 -11.211110
v 5.239233 3.529488 -11.208063
v -4.784600 3.529488 -11.208063
v 5.243140 3.550299 -11.235715
v 5.271924 3.550299 -11.211110
v 5.272022 3.550299 -10.146090
v -4.817287 3.550299 -11.211110
v -4.784709 3.529488 -10.149136
v 5.239342 3.529488 -10.149136
v -4.817385 3.550299 -10.146090
v -12.867072 -0.000090 4.873120
v -12.847552 0.018521 4.846486
v -12.631866 0.018474 4.846486
v -12.613796 -0.000125 4.864552
v -12.867072 -0.000121 4.968813
v -12.613796 -0.000129 4.977381
v -12.847552 0.018470 4.995447
v -12.631866 0.018474 4.995447
v -12.631866 0.749079 4.995435
v -12.964846 0.374473 4.995443
v -12.975499 0.352585 4.968805
v -12.975503 0.352600 4.873112
v -12.964846 0.374500 4.846478
v -13.616495 0.749079 4.995435
v -13.634566 0.749079 4.864541
v -13.616495 0.749079 4.846470
v -13.616495 0.018474 4.846486
v -13.634566 -0.000125 4.864552
v -13.634566 0.749079 4.977369
v -13.634566 -0.000129 4.977381
v -13.616495 0.018474 4.995447
v -13.246874 0.374473 4.995443
v -13.364161 0.018470 4.995447
v -12.631866 0.749079 4.846470
v -13.246874 0.374500 4.846478
v -13.364161 0.018521 4.846486
v -13.344647 -0.000090 4.873120
v -13.344647 -0.000121 4.968813
v -13.236220 0.352585 4.968805
v -13.236217 0.352600 4.873112
v -12.631866 0.018474 -0.091014
v -12.847552 0.018521 -0.091014
v -12.964846 0.374500 -0.091022
v -12.631866 0.749078 -0.091030
v -12.613796 -0.000125 -0.072948
v -12.613796 0.749078 -0.072963
v -12.613796 -0.000129 0.039880
v -12.613796 0.749078 0.039869
v -12.631866 0.018474 0.057947
v -12.631866 0.749078 0.057935
v -13.246874 0.374500 -0.091022
v -13.616495 0.749078 -0.091030
v -13.236217 0.352600 -0.064388
v -12.975503 0.352600 -0.064388
v -13.236220 0.352584 0.031305
v -12.975499 0.352584 0.031305
v -13.246874 0.374473 0.057939
v -12.964846 0.374473 0.057939
v -13.634566 0.749078 -0.072963
v -13.616495 0.018474 -0.091014
v -13.364161 0.018521 -0.091014
v -13.634566 -0.000125 -0.072948
v -13.344647 -0.000090 -0.064380
v -13.634566 -0.000129 0.039880
v -13.344647 -0.000121 0.031313
v -13.616495 0.018474 0.057947
v -13.364161 0.018470 0.057947
v -13.644480 0.939662 -5.028452
v -13.647527 0.918851 -5.061147
v -13.672135 0.918851 -5.032368
v -12.557900 0.918851 4.999280
v -12.557900 0.769890 4.999386
v -12.557900 0.769889 -5.032469
v -12.557900 0.918851 -5.032363
v -12.585552 0.939662 -5.028436
v -12.582514 0.918851 -5.061143
v -13.644480 0.939663 4.995368
v -13.672135 0.918851 4.999285
v -13.672135 0.769890 4.999285
v -12.585552 0.939663 4.995353
v -12.582514 0.918851 5.028060
v -13.647527 0.918851 5.028060
v -13.644480 0.749078 -5.028460
v -13.644480 0.749079 4.995373
v -13.672135 0.769889 -5.032368
v -13.647527 0.769889 -5.061147
v -12.582514 0.769889 -5.061245
v -13.647527 0.769890 5.028064
v -12.585552 0.749079 4.995482
v -12.585552 0.749078 -5.028569
v -12.582514 0.769890 5.028162
v -12.847552 0.018470 0.057947
v -12.867072 -0.000121 0.031313
v -12.867072 -0.000090 -0.064380
v -13.616495 0.749078 0.057935
v -13.634566 0.749078 0.039869
v -12.867072 -0.000090 -4.927864
v -12.847552 0.018520 -4.954498
v -12.631866 0.018473 -4.954498
v -12.613796 -0.000126 -4.936431
v -12.867072 -0.000122 -4.832170
v -12.613796 -0.000130 -4.823603
v -12.847552 0.018470 -4.805536
v -12.631866 0.018473 -4.805536
v -12.631866 0.749078 -4.805548
v -12.964846 0.374472 -4.805540
v -12.975499 0.352584 -4.832174
v -12.975503 0.352600 -4.927872
v -12.964846 0.374500 -4.954506
v -13.616495 0.749078 -4.805548
v -13.616495 0.018473 -4.954498
v -13.634566 -0.000126 -4.936431
v -13.634566 0.749078 -4.936443
v -13.634566 0.749078 -4.823615
v -13.634566 -0.000130 -4.823603
v -13.616495 0.018473 -4.805536
v -13.246874 0.374472 -4.805540
v -13.364161 0.018470 -4.805536
v -13.246874 0.374500 -4.954506
v -13.364161 0.018520 -4.954498
v -13.344647 -0.000090 -4.927864
v -13.344647 -0.000122 -4.832170
v -13.236220 0.352584 -4.832174
v -13.236217 0.352600 -4.927872
v 13.265583 0.352600 -4.775762
v 13.276245 0.374500 -4.749128
v 12.994212 0.374500 -4.749128
v 13.004869 0.352600 -4.775762
v 13.265591 0.352584 -4.871456
v 13.004867 0.352584 -4.871456
v 13.276245 0.374472 -4.898089
v 12.994208 0.374472 -4.898089
v 12.661229 0.018473 -4.749132
v 12.876920 0.018520 -4.749132
v 12.661229 0.749078 -4.749121
v 13.645865 0.749078 -4.749121
v 13.645865 0.018473 -4.749132
v 13.663929 0.749078 -4.767187
v 13.663929 -0.000126 -4.767199
v 13.663929 0.749078 -4.880015
v 13.663929 -0.000130 -4.880031
v 13.645865 0.749078 -4.898082
v 13.645865 0.018473 -4.898098
v 13.393529 0.018470 -4.898098
v 13.374009 -0.000090 -4.775766
v 13.374009 -0.000122 -4.871463
v 13.393529 0.018520 -4.749132
v 12.643163 -0.000126 -4.767199
v 12.643163 0.749078 -4.767187
v 12.643163 -0.000130 -4.880031
v 12.643163 0.749078 -4.880015
v 12.661229 0.018473 -4.898098
v 12.661229 0.749078 -4.898082
v 13.645865 0.018474 0.039407
v 13.393529 0.018470 0.039407
v 13.276245 0.374473 0.039411
v 13.663929 0.749078 0.170313
v 13.645865 0.749078 0.188380
v 13.645865 0.018474 0.188368
v 13.663929 -0.000125 0.170301
v 13.663929 0.749078 0.057485
v 13.663929 -0.000129 0.057473
v 13.645865 0.749078 0.039418
v 12.994208 0.374473 0.039411
v 12.661229 0.749078 0.039418
v 12.661229 0.018474 0.188368
v 12.876920 0.018521 0.188368
v 12.994212 0.374500 0.188376
v 12.661229 0.749078 0.188380
v 13.276245 0.374500 0.188376
v 13.393529 0.018521 0.188368
v 13.374009 -0.000090 0.161734
v 13.374009 -0.000121 0.066041
v 13.265591 0.352584 0.066044
v 13.265583 0.352600 0.161738
v 13.004869 0.352600 0.161738
v 13.004867 0.352584 0.066044
v 12.876920 0.018470 0.039407
v 12.661229 0.018474 0.039407
v 12.896444 -0.000121 0.066041
v 12.896444 -0.000090 0.161734
v 12.643163 -0.000125 0.170301
v 12.643163 -0.000129 0.057473
v 12.876920 0.018470 -4.898098
v 12.896444 -0.000122 -4.871463
v 12.896444 -0.000090 -4.775766
v 12.643163 0.749078 0.170313
v 12.643163 0.749078 0.057485
v 13.673851 0.939663 5.125802
v 13.676894 0.918851 5.158496
v 13.701503 0.918851 5.129717
v 12.587272 0.918851 -4.901927
v 12.587272 0.769889 -4.902032
v 12.587272 0.769890 5.129819
v 12.587272 0.918851 5.129714
v 12.614923 0.939663 5.125785
v 12.611880 0.918851 5.158493
v 13.673851 0.939662 -4.898019
v 13.701503 0.918851 -4.901931
v 13.701503 0.769889 -4.901931
v 12.614923 0.939662 -4.898000
v 12.611880 0.918851 -4.930707
v 13.676894 0.918851 -4.930710
v 13.673851 0.749079 5.125809
v 13.673851 0.749078 -4.898023
v 13.701503 0.769890 5.129717
v 13.676894 0.769890 5.158501
v 12.611880 0.769890 5.158599
v 13.676894 0.769889 -4.930710
v 12.614923 0.749078 -4.898133
v 12.614923 0.749079 5.125919
v 12.611880 0.769889 -4.930809
v 12.876920 0.018470 4.902886
v 12.994208 0.374473 4.902894
v 13.004867 0.352585 4.929528
v 12.896444 -0.000121 4.929520
v 13.004869 0.352600 5.025221
v 12.896444 -0.000090 5.025218
v 12.876920 0.018521 5.051847
v 12.994212 0.374500 5.051856
v 12.661229 0.018474 5.051847
v 12.643163 -0.000125 5.033785
v 12.643163 -0.000129 4.920953
v 12.661229 0.018474 4.902886
v 12.661229 0.749079 4.902898
v 13.645865 0.749079 4.902898
v 13.276245 0.374473 4.902894
v 13.645865 0.018474 4.902886
v 13.393529 0.018470 4.902886
v 13.663929 -0.000129 4.920953
v 13.663929 0.749079 4.920964
v 13.663929 -0.000125 5.033785
v 13.663929 0.749079 5.033797
v 13.645865 0.018474 5.051847
v 13.645865 0.749079 5.051863
v 12.661229 0.749079 5.051863
v 13.276245 0.374500 5.051856
v 13.393529 0.018521 5.051847
v 13.374009 -0.000090 5.025218
v 13.374009 -0.000121 4.929520
v 13.265591 0.352585 4.929528
v 13.265583 0.352600 5.025221
v 12.643163 0.749079 5.033797
v 12.643163 0.749079 4.920964
v 5.108871 0.018475 13.306372
v 5.108871 0.018471 13.054035
v 5.108863 0.374474 12.936750
v 4.977960 0.749079 13.324434
v 4.959893 0.749079 13.306372
v 4.959909 0.018475 13.306372
v 4.977976 -0.000124 13.324434
v 5.090792 0.749079 13.324434
v 5.090804 -0.000128 13.324434
v 5.108859 0.749079 13.306372
v 5.108863 0.374473 12.654718
v 5.108859 0.749079 12.321735
v 4.959909 0.018475 12.321735
v 4.959909 0.018522 12.537426
v 4.959901 0.374501 12.654718
v 4.959893 0.749079 12.321735
v 4.959901 0.374501 12.936750
v 4.959909 0.018522 13.054035
v 4.986543 -0.000089 13.034519
v 5.082236 -0.000120 13.034519
v 5.082229 0.352585 12.926097
v 4.986536 0.352601 12.926093
v 4.986536 0.352601 12.665376
v 5.082229 0.352585 12.665372
v 5.108871 0.018471 12.537426
v 5.108871 0.018475 12.321735
v 5.082236 -0.000120 12.556949
v 4.986543 -0.000089 12.556949
v 4.977976 -0.000124 12.303668
v 5.090804 -0.000128 12.303668
v 0.049039 -0.000089 12.556949
v 0.022409 0.018522 12.537426
v 0.022409 0.018475 12.321735
v 0.040472 -0.000124 12.303668
v 0.144736 -0.000120 12.556949
v 0.153304 -0.000128 12.303668
v 0.171370 0.018471 12.537426
v 0.171370 0.018475 12.321735
v 0.171358 0.749079 12.321735
v 0.171362 0.374473 12.654718
v 0.144728 0.352585 12.665372
v 0.049035 0.352601 12.665376
v 0.022401 0.374501 12.654718
v 0.171358 0.749079 13.306372
v 0.040460 0.749079 13.324434
v 0.022393 0.749079 13.306372
v 0.022409 0.018475 13.306372
v 0.040472 -0.000124 13.324434
v 0.153292 0.749079 13.324434
v 0.153304 -0.000128 13.324434
v 0.171370 0.018475 13.306372
v 0.171362 0.374474 12.936750
v 0.171370 0.018471 13.054035
v 0.022393 0.749079 12.321735
v 0.022401 0.374501 12.936750
v 0.022409 0.018522 13.054035
v 0.049039 -0.000089 13.034519
v 0.144736 -0.000120 13.034519
v 0.144728 0.352585 12.926097
v 0.049035 0.352601 12.926093
v 4.977960 0.749079 12.303668
v 5.090792 0.749079 12.303668
v -4.692113 0.018475 13.306372
v -4.692113 0.018471 13.054035
v -4.692121 0.374474 12.936750
v -4.841074 0.018475 13.306372
v -4.823008 -0.000124 13.324434
v -4.823020 0.749079 13.324434
v -4.710192 0.749079 13.324434
v -4.710180 -0.000128 13.324434
v -4.692125 0.749079 13.306372
v -4.692121 0.374473 12.654718
v -4.692125 0.749079 12.321735
v -4.692113 0.018471 12.537426
v -4.692113 0.018475 12.321735
v -4.718755 0.352585 12.665372
v -4.718747 -0.000120 12.556949
v -4.814448 0.352601 12.665376
v -4.814441 -0.000089 12.556949
v -4.841074 0.018522 12.537426
v -4.841082 0.374501 12.654718
v -4.841074 0.018475 12.321735
v -4.823008 -0.000124 12.303668
v -4.710180 -0.000128 12.303668
v -4.918944 0.769891 13.362008
v -4.918944 0.918852 13.362008
v -4.947724 0.918852 13.337399
v -4.947724 0.769891 13.337399
v -4.915036 0.749079 13.334356
v 5.112704 0.769891 13.362008
v 5.112704 0.918852 13.362008
v 5.108792 0.939663 13.334356
v 5.141483 0.918852 13.337399
v 5.141483 0.918852 12.272387
v 5.108777 0.939663 12.275429
v 5.112704 0.918852 12.247777
v -4.915013 0.939663 12.275429
v -4.918940 0.918852 12.247777
v -4.947720 0.918852 12.272387
v -4.915029 0.939663 13.334356
v -4.919046 0.769891 12.247777
v 5.112810 0.769891 12.247777
v 5.141585 0.769891 12.272387
v 5.141487 0.769891 13.337399
v 5.108906 0.749079 12.275429
v -4.915146 0.749079 12.275429
v -4.947822 0.769891 12.272387
v 5.108796 0.749079 13.334356
v -4.841082 0.374501 12.936750
v -4.841074 0.018522 13.054035
v -4.814441 -0.000089 13.034519
v -4.718747 -0.000120 13.034519
v -4.718755 0.352585 12.926097
v -4.814448 0.352601 12.926093
v -4.841090 0.749079 12.321735
v -4.841090 0.749079 13.306372
v -4.823020 0.749079 12.303668
v -4.710192 0.749079 12.303668
v -4.662347 -0.000091 -12.459596
v -4.635709 0.018520 -12.440076
v -4.635709 0.018473 -12.224385
v -4.653776 -0.000126 -12.206319
v -4.758040 -0.000122 -12.459596
v -4.766608 -0.000130 -12.206319
v -4.784674 0.018469 -12.440076
v -4.784674 0.018469 -12.224385
v -4.784663 0.749077 -12.224385
v -4.784667 0.374472 -12.557364
v -4.758032 0.352583 -12.568023
v -4.662339 0.352599 -12.568023
v -4.635705 0.374499 -12.557368
v -4.784663 0.749077 -13.209019
v -4.653764 0.749077 -13.227085
v -4.635697 0.749077 -13.209019
v -4.635709 0.018473 -13.209019
v -4.653776 -0.000126 -13.227085
v -4.766596 0.749077 -13.227085
v -4.766608 -0.000130 -13.227085
v -4.784674 0.018469 -13.209019
v -4.784667 0.374472 -12.839397
v -4.784674 0.018469 -12.956685
v -4.635697 0.749077 -12.224385
v -4.635705 0.374499 -12.839397
v -4.635709 0.018520 -12.956685
v -4.662347 -0.000091 -12.937165
v -4.758040 -0.000122 -12.937165
v -4.758032 0.352583 -12.828743
v -4.662339 0.352599 -12.828738
v 0.170893 -0.000130 -13.227085
v 0.152826 0.018469 -13.209019
v 0.152842 0.749077 -13.209019
v 0.170908 0.749077 -13.227085
v 0.283725 -0.000126 -13.227085
v 0.283736 0.749077 -13.227085
v 0.301791 0.018520 -12.956685
v 0.275157 -0.000091 -12.937165
v 0.301791 0.018473 -13.209019
v 0.301803 0.749077 -13.209019
v 0.301799 0.374499 -12.839397
v 0.301803 0.749077 -12.224385
v 0.301799 0.374499 -12.557368
v 0.301791 0.018473 -12.224385
v 0.301791 0.018520 -12.440076
v 0.179464 -0.000122 -12.937165
v 0.152826 0.018469 -12.956685
v 0.152834 0.374472 -12.839397
v 0.179468 0.352583 -12.828743
v 0.275161 0.352599 -12.828738
v 0.275161 0.352599 -12.568023
v 0.179468 0.352583 -12.568023
v 0.152834 0.374472 -12.557364
v 0.283725 -0.000126 -12.206319
v 0.283736 0.749077 -12.206319
v 0.170893 -0.000130 -12.206319
v 0.170908 0.749077 -12.206319
v 0.152826 0.018469 -12.224385
v 0.152842 0.749077 -12.224385
v 5.239225 0.939661 -13.237007
v 5.271920 0.918850 -13.240050
v 5.243140 0.918850 -13.264659
v -4.788504 0.918850 -12.150428
v -4.788610 0.769889 -12.150428
v 5.243242 0.769889 -12.150428
v 5.243136 0.918850 -12.150428
v 5.239209 0.939661 -12.178076
v 5.271916 0.918850 -12.175033
v -4.784596 0.939661 -13.237007
v -4.788507 0.918850 -13.264659
v -4.788507 0.769889 -13.264659
v -4.784576 0.939661 -12.178076
v -4.817287 0.918850 -12.175033
v -4.817287 0.918850 -13.240050
v 5.239233 0.749077 -13.237007
v -4.784600 0.749077 -13.237007
v 5.243140 0.769889 -13.264659
v 5.271924 0.769889 -13.240050
v 5.272022 0.769889 -12.175033
v -4.817291 0.769889 -13.240050
v -4.784709 0.749077 -12.178076
v 5.239342 0.749077 -12.178076
v -4.817385 0.769889 -12.175033
v 0.152826 0.018469 -12.440076
v 0.179464 -0.000122 -12.459596
v 0.275157 -0.000091 -12.459596
v 5.138641 -0.000091 -12.459596
v 5.165271 0.018520 -12.440076
v 5.165271 0.018473 -12.224385
v 5.147204 -0.000126 -12.206319
v 5.042943 -0.000122 -12.459596
v 5.034376 -0.000130 -12.206319
v 5.016309 0.018469 -12.440076
v 5.016309 0.018469 -12.224385
v 5.016321 0.749077 -12.224385
v 5.016317 0.374472 -12.557364
v 5.042951 0.352583 -12.568023
v 5.138645 0.352599 -12.568023
v 5.165278 0.374499 -12.557368
v 5.016321 0.749077 -13.209019
v 5.165271 0.018473 -13.209019
v 5.147204 -0.000126 -13.227085
v 5.147220 0.749077 -13.227085
v 5.034388 0.749077 -13.227085
v 5.034376 -0.000130 -13.227085
v 5.016309 0.018469 -13.209019
v 5.016317 0.374472 -12.839397
v 5.016309 0.018469 -12.956685
v 5.165278 0.374499 -12.839397
v 5.165271 0.018520 -12.956685
v 5.138641 -0.000091 -12.937165
v 5.042943 -0.000122 -12.937165
v 5.042951 0.352583 -12.828743
v 5.138645 0.352599 -12.828738
v -12.312937 2.589698 4.977369
v -12.294869 2.579302 4.995435
v -11.237712 2.579302 4.995435
v -11.252490 2.589698 4.977369
v -12.312937 2.589694 4.864537
v -11.252490 2.589694 4.864537
v -11.237712 2.579298 4.846470
v -12.294869 2.579298 4.846470
v -10.190516 3.529540 4.995447
v -11.234424 3.529442 4.995447
v -10.190516 1.840639 4.995420
v -12.294869 1.840541 4.995420
v -12.312937 1.840537 4.977357
v -12.312937 1.840537 4.864525
v -12.294869 1.840537 4.846458
v -10.190516 3.529438 4.846485
v -10.190516 1.840533 4.846458
v -11.234424 3.529438 4.846485
v -11.252490 3.529438 4.864552
v -11.252490 3.529442 4.977380
v -12.294869 2.579297 0.057939
v -12.294869 1.840537 0.057951
v -10.190516 1.840533 0.057951
v -11.237712 2.579297 0.057939
v -11.234424 3.529442 -0.091038
v -11.237712 2.579301 -0.091022
v -11.252490 2.589697 -0.072956
v -11.252490 3.529442 -0.072971
v -11.252490 3.529438 0.039861
v -11.252490 2.589693 0.039872
v -11.234424 3.529438 0.057927
v -10.190516 3.529438 0.057927
v -10.190516 3.529540 -0.091038
v -10.190516 1.840639 -0.091010
v -12.294869 1.840541 -0.091010
v -12.294869 2.579301 -0.091022
v -12.312937 1.840537 -0.072944
v -12.312937 2.589697 -0.072956
v -12.312937 1.840537 0.039884
v -12.312937 2.589693 0.039872
v -12.317823 2.780281 -5.028452
v -12.320869 2.759470 -5.061147
v -12.345475 2.759470 -5.032368
v -11.231243 2.759470 4.999280
v -11.231243 2.610509 4.999386
v -11.231243 2.610508 -5.032469
v -11.231243 2.759470 -5.032363
v -11.258896 2.780281 -5.028436
v -11.255854 2.759470 -5.061143
v -12.317823 2.780282 4.995368
v -12.345475 2.759470 4.999280
v -12.345475 2.610509 4.999280
v -11.258896 2.780282 4.995353
v -11.255854 2.759470 5.028060
v -12.320869 2.759470 5.028060
v -12.317823 2.589697 -5.028460
v -12.317823 2.589698 4.995373
v -12.345475 2.610508 -5.032368
v -12.320869 2.610508 -5.061147
v -11.255854 2.610508 -5.061245
v -12.320869 2.610509 5.028064
v -11.258896 2.589698 4.995482
v -11.258896 2.589697 -5.028569
v -11.255854 2.610509 5.028162
v -12.294869 2.579297 -4.805548
v -11.237712 2.579297 -4.805548
v -11.252490 2.589693 -4.823615
v -12.312937 2.589693 -4.823615
v -12.312937 2.589697 -4.936443
v -11.252490 2.589697 -4.936443
v -12.294869 2.579301 -4.954510
v -11.237712 2.579301 -4.954510
v -12.294869 1.840536 -4.805536
v -12.312937 1.840536 -4.823603
v -12.312937 1.840536 -4.936431
v -12.294869 1.840540 -4.954498
v -10.190516 1.840638 -4.954498
v -11.234424 3.529441 -4.954525
v -10.190516 3.529539 -4.954525
v -10.190516 1.840532 -4.805536
v -10.190516 3.529437 -4.805561
v -11.234424 3.529437 -4.805561
v -11.252490 3.529437 -4.823627
v -11.252490 3.529441 -4.936459
v -11.252490 3.550300 -5.061148
v -11.252490 3.699261 -5.061148
v -10.187473 3.699261 -5.061143
v -11.249444 3.529488 -5.028460
v -10.187473 3.550300 -5.061246
v -10.162864 3.699261 -5.032364
v -10.162864 3.550300 -5.032470
v -11.249444 3.529489 4.995372
v -11.277095 3.550301 4.999280
v -11.252490 3.550301 5.028063
v -10.190516 3.529489 4.995482
v -10.187473 3.550301 5.028162
v -10.162864 3.550301 4.999386
v -10.190516 3.529488 -5.028570
v -11.277095 3.699262 4.999280
v -11.252490 3.699262 5.028060
v -10.187473 3.699262 5.028060
v -10.162864 3.699262 4.999280
v -10.190516 3.720072 -5.028437
v -10.190516 3.720073 4.995353
v -11.249444 3.720073 4.995368
v -11.277095 3.699261 -5.032368
v -11.277095 3.550300 -5.032368
v -11.249444 3.720072 -5.028452
v 12.282086 2.579297 0.039410
v 11.224928 2.579297 0.039410
v 11.239705 2.589693 0.057477
v 12.300156 2.589693 0.057477
v 12.300156 2.589697 0.170309
v 11.239705 2.589697 0.170309
v 12.282086 2.579301 0.188376
v 11.224928 2.579301 0.188376
v 12.282086 1.840537 0.039399
v 12.300156 1.840537 0.057465
v 12.300156 1.840537 0.170297
v 12.282086 1.840541 0.188360
v 10.177732 1.840639 0.188360
v 11.221639 3.529442 0.188387
v 10.177732 3.529540 0.188387
v 10.177732 1.840533 0.039399
v 10.177732 3.529438 0.039426
v 11.221639 3.529438 0.039426
v 11.239705 3.529438 0.057493
v 11.239705 3.529442 0.170321
v 12.300156 2.589697 -4.880015
v 12.282086 2.579301 -4.898082
v 11.224928 2.579301 -4.898082
v 11.239705 2.589697 -4.880015
v 12.300156 2.589693 -4.767187
v 11.239705 2.589693 -4.767187
v 11.224928 2.579297 -4.749121
v 12.282086 2.579297 -4.749121
v 10.177732 3.529539 -4.898098
v 11.221639 3.529441 -4.898098
v 10.177732 1.840638 -4.898070
v 12.282086 1.840540 -4.898070
v 12.300156 1.840536 -4.880003
v 12.300156 1.840536 -4.767175
v 12.282086 1.840536 -4.749109
v 10.177732 3.529437 -4.749133
v 10.177732 1.840532 -4.749109
v 11.221639 3.529437 -4.749133
v 11.239705 3.529437 -4.767200
v 11.239705 3.529441 -4.880032
v 12.332691 2.610509 5.129717
v 12.332691 2.759470 5.129717
v 12.308085 2.759470 5.158496
v 12.308085 2.610509 5.158501
v 12.305038 2.780282 5.125805
v 11.218459 2.759470 -4.901927
v 11.218459 2.610508 -4.902032
v 11.218459 2.610509 5.129819
v 11.218459 2.759470 5.129714
v 11.246111 2.780282 5.125785
v 11.243069 2.759470 5.158493
v 12.305038 2.780281 -4.898019
v 12.332691 2.759470 -4.901931
v 12.332691 2.610508 -4.901931
v 11.246111 2.780281 -4.898000
v 11.243069 2.759470 -4.930707
v 12.308085 2.759470 -4.930710
v 12.305038 2.589698 5.125809
v 12.305038 2.589697 -4.898023
v 11.243069 2.610509 5.158599
v 12.308085 2.610508 -4.930710
v 11.246111 2.589697 -4.898133
v 11.246111 2.589698 5.125919
v 11.243069 2.610508 -4.930809
v 0.171374 1.840533 10.157644
v 0.022413 1.840639 10.157644
v 0.022385 3.529541 10.157644
v 0.171351 3.529438 10.157644
v 0.171362 2.579298 11.204842
v 0.171351 3.529439 11.201551
v 0.153280 3.529439 11.219618
v 0.153296 2.589694 11.219618
v 0.040468 2.589698 11.219618
v 0.040452 3.529443 11.219618
v 0.022385 3.529443 11.201551
v 0.022401 2.579302 11.204842
v 0.171362 2.579298 12.262002
v 0.171374 1.840538 12.262002
v 11.264312 3.699261 -4.901931
v 11.264312 3.550300 -4.901931
v 11.239705 3.550300 -4.930711
v 11.239705 3.699261 -4.930711
v 10.174689 3.550300 -4.930809
v 10.174689 3.699261 -4.930707
v 10.150080 3.550300 -4.902033
v 10.150080 3.699261 -4.901927
v 11.236663 3.529489 5.125809
v 11.239705 3.550301 5.158500
v 10.174689 3.550301 5.158598
v 11.264312 3.550301 5.129716
v 11.236663 3.529488 -4.898024
v 10.177732 3.529488 -4.898133
v 10.150080 3.550301 5.129818
v 10.177732 3.529489 5.125918
v 11.239705 3.699262 5.158496
v 11.264312 3.699262 5.129716
v 11.236663 3.720072 -4.898015
v 10.177732 3.720072 -4.898000
v 10.177732 3.720073 5.125785
v 10.150080 3.699262 5.129713
v 10.174689 3.699262 5.158493
v 11.236663 3.720073 5.125805
v 0.153296 2.589694 12.280068
v 0.040468 2.589698 12.280068
v 0.022401 2.579302 12.262002
v 0.153308 1.840538 12.280068
v 0.040479 1.840538 12.280068
v 0.022413 1.840541 12.262002
v 4.959893 2.579298 11.204842
v 4.959882 1.840533 10.157644
v 4.959882 1.840538 12.262002
v 4.959893 2.579298 12.262002
v 4.959909 3.529438 10.157644
v 5.108871 3.529541 10.157644
v 5.108843 1.840639 10.157644
v 4.959909 3.529439 11.201551
v 4.977960 2.589694 11.219618
v 4.977976 3.529439 11.219618
v 5.090804 3.529443 11.219618
v 5.090792 2.589698 11.219618
v 5.108859 2.579302 11.204842
v 5.108871 3.529443 11.201551
v 5.108859 2.579302 12.262002
v 5.108843 1.840541 12.262002
v 5.090792 2.589698 12.280068
v 5.090776 1.840538 12.280068
v 4.977960 2.589694 12.280068
v 4.977949 1.840538 12.280068
v -4.915029 2.780282 12.284956
v -4.947724 2.759471 12.287998
v -4.918944 2.759471 12.312604
v 5.112704 2.759471 11.198372
v 5.112805 2.610510 11.198372
v -4.919046 2.610510 11.198372
v -4.918940 2.759471 11.198372
v -4.915013 2.780282 11.226024
v -4.947720 2.759471 11.222981
v 5.108792 2.780282 12.284956
v 5.112704 2.759471 12.312604
v 5.112704 2.610510 12.312604
v 5.108777 2.780282 11.226024
v 5.141483 2.759471 11.222981
v 5.141483 2.759471 12.287998
v -4.915036 2.589698 12.284956
v 5.108796 2.589698 12.284956
v -4.918944 2.610510 12.312604
v -4.947724 2.610510 12.287998
v -4.947822 2.610510 11.222981
v 5.141487 2.610510 12.287998
v 5.108906 2.589698 11.226024
v -4.915146 2.589698 11.226024
v 5.141585 2.610510 11.222981
v -4.918944 3.550301 11.244227
v -4.918944 3.699262 11.244227
v -4.947724 3.699262 11.219618
v -4.947724 3.550301 11.219618
v -4.915029 3.720074 11.216572
v 5.112704 3.699262 10.129992
v 5.112810 3.550301 10.129992
v -4.919046 3.550301 10.129992
v -4.918940 3.699262 10.129992
v -4.915013 3.720073 10.157644
v -4.947720 3.699262 10.154602
v 5.108792 3.720074 11.216572
v 5.112704 3.699262 11.244227
v 5.112704 3.550301 11.244227
v 5.108772 3.720073 10.157644
v 5.141483 3.699262 10.154602
v 5.141483 3.699262 11.219618
v -4.915036 3.529490 11.216572
v 5.108796 3.529490 11.216572
v -4.947822 3.550301 10.154602
v 5.141487 3.550301 11.219618
v 5.108906 3.529489 10.157644
v -4.915146 3.529489 10.157644
v 5.141585 3.550301 10.154602
v -4.766592 2.589696 -12.271556
v -4.784663 2.579300 -12.253489
v -4.784663 2.579300 -11.196328
v -4.766592 2.589696 -11.211110
v -4.653764 2.589692 -12.271556
v -4.653764 2.589692 -11.211110
v -4.635697 2.579296 -11.196328
v -4.635697 2.579296 -12.253489
v -4.784674 3.529539 -10.149136
v -4.784674 3.529441 -11.193044
v -4.784647 1.840638 -10.149136
v -4.784647 1.840540 -12.253489
v -4.766580 1.840536 -12.271556
v -4.653752 1.840536 -12.271556
v -4.635685 1.840536 -12.253489
v -4.635709 3.529437 -10.149136
v -4.635685 1.840532 -10.149136
v -4.635709 3.529437 -11.193044
v -4.653780 3.529437 -11.211110
v -4.766608 3.529441 -11.211110
v 0.152834 2.579296 -12.253489
v 0.152834 2.579296 -11.196328
v 0.170900 2.589692 -11.211110
v 0.170900 2.589692 -12.271556
v 0.283732 2.589696 -12.271556
v 0.283732 2.589696 -11.211110
v 0.301799 2.579300 -12.253489
v 0.301799 2.579300 -11.196328
v 0.301811 3.529441 -11.193044
v 0.301811 3.529539 -10.149136
v 0.301783 1.840638 -10.149136
v 0.301783 1.840540 -12.253489
v 0.283721 1.840536 -12.271556
v 0.170889 1.840536 -12.271556
v 0.152822 1.840536 -12.253489
v 0.283744 3.529441 -11.211110
v 0.170916 3.529437 -11.211110
v 0.152849 3.529437 -11.193044
v 0.152849 3.529437 -10.149136
v 0.152822 1.840532 -10.149136
v -12.631866 0.749078 -4.954510
v -13.616495 0.749078 -4.954510
v -12.613796 0.749078 -4.936443
v -12.613796 0.749078 -4.823615
v 12.282086 2.579298 4.902898
v 11.224928 2.579298 4.902898
v 11.239705 2.589694 4.920964
v 12.300156 2.589694 4.920964
v 12.300156 2.589698 5.033797
v 11.239705 2.589698 5.033797
v 12.282086 2.579302 5.051863
v 11.224928 2.579302 5.051863
v 12.282086 1.840537 4.902886
v 12.300156 1.840537 4.920953
v 12.300156 1.840537 5.033785
v 12.282086 1.840541 5.051847
v 10.177732 1.840639 5.051847
v 11.221639 3.529442 5.051875
v 10.177732 3.529540 5.051875
v 10.177732 1.840533 4.902886
v 10.177732 3.529438 4.902913
v 11.221639 3.529438 4.902913
v 11.239705 3.529438 4.920980
v 11.239705 3.529442 5.033808
v -12.613796 0.749079 4.864541
v -12.613796 0.749079 4.977369
v 0.040460 0.749079 12.303668
v 0.153292 0.749079 12.303668
v -4.653764 0.749077 -12.206319
v -4.766596 0.749077 -12.206319
v 5.165286 0.749077 -12.224385
v 5.165286 0.749077 -13.209019
v 5.147220 0.749077 -12.206319
v 5.034388 0.749077 -12.206319
v -4.692125 2.579298 12.262002
v -4.692125 2.579298 11.204842
v -4.710192 2.589694 11.219618
v -4.710192 2.589694 12.280068
v -4.823020 2.589698 12.280068
v -4.823020 2.589698 11.219618
v -4.841090 2.579302 12.262002
v -4.841090 2.579302 11.204842
v -4.692113 1.840538 12.262002
v -4.710180 1.840538 12.280068
v -4.823008 1.840538 12.280068
v -4.841074 1.840541 12.262002
v -4.841074 1.840639 10.157644
v -4.841102 3.529443 11.201551
v -4.841102 3.529541 10.157644
v -4.692113 1.840533 10.157644
v -4.692137 3.529438 10.157644
v -4.692137 3.529439 11.201551
v -4.710207 3.529439 11.219618
v -4.823035 3.529443 11.219618
v 2.803109 4.829399 8.457948
v 8.409328 4.829399 8.457901
v 8.409328 4.829398 2.851737
v 8.409328 4.829398 -8.360602
v 2.803109 4.829398 -8.360539
v 2.803109 4.829398 -2.754384
v 8.409328 4.829398 -2.754431
v 2.803109 4.829398 2.851784
v -2.803113 4.829399 8.457901
v -2.803113 4.829398 2.851737
v -8.409331 4.829399 8.457948
v -8.409331 4.829398 2.851784
v -2.803113 4.829398 -2.754431
v -8.409331 4.829398 -2.754384
v -2.803113 4.829398 -8.360602
v -8.409331 4.829398 -8.360539
v -6.127404 -0.000079 -11.909703
v -12.254806 -0.000079 -11.909751
v -12.256191 1.627570 -11.909751
v 6.102583 1.681183 -11.909703
v 12.205164 1.678598 -11.909751
v 12.256191 1.627570 -11.909751
v 6.128098 1.623932 -11.909703
v 0.000000 1.683767 -11.909657
v 0.000000 1.620299 -11.909657
v 6.127404 -0.000079 -11.909703
v 0.000000 -0.000079 -11.909657
v -6.128094 1.623932 -11.909703
v -12.205164 1.678598 -11.909751
v -6.102583 1.681183 -11.909703
v 12.254808 -0.000079 -11.909751
v 12.444360 -0.000079 -5.399161
v 12.444360 1.795558 -5.399161
v 12.444360 1.795558 -4.627854
v 12.444360 -0.000079 -4.627854
v 12.444360 -0.000079 -6.170473
v 12.444360 1.795558 -6.170473
v 12.390238 1.842428 -5.399161
v 12.390238 1.842428 -4.627854
v 12.390238 1.842428 -3.085237
v 12.444360 1.795558 -3.085237
v 12.444360 -0.000079 -3.085236
v 12.444360 -0.000078 0.000000
v 12.390238 1.842427 -6.170473
v 12.390238 1.842428 -0.000000
v 11.379625 1.843121 -3.085232
v 11.379625 1.843121 -4.627851
v 11.379625 1.843121 -5.399158
v 11.379625 1.843121 -6.170468
v 11.379625 1.843120 -9.573151
v 10.369017 1.843814 -6.170465
v 10.369017 1.843813 -9.573147
v 11.379625 1.843121 4.627851
v 11.379625 1.843121 3.085232
v 10.369017 1.843814 3.085232
v 10.369017 1.843814 -0.000000
v 11.379625 1.843121 -0.000000
v 10.369017 1.843814 -3.085232
v 10.369017 1.843814 -4.627847
v 10.369017 1.843814 -5.399158
v 9.718533 1.845204 -3.085228
v 9.718533 1.845204 -0.000000
v 9.718533 1.845204 -6.170456
v 6.195117 1.847984 -6.170445
v 6.195117 1.847984 -5.399138
v 9.718533 1.845204 -5.399150
v 9.718533 1.845204 -4.627842
v 6.195117 1.847984 -3.085225
v 6.195117 1.847984 -0.000000
v 6.195117 1.847984 -4.627835
v 9.718533 1.845204 3.085228
v 9.718533 1.845204 4.627842
v 10.369017 1.843814 4.627847
v 9.718533 1.845204 5.399150
v 10.369017 1.843814 5.399158
v 9.718533 1.845205 6.170456
v 10.369017 1.843815 6.170465
v 9.718533 1.845205 9.573134
v 6.195117 1.847985 9.573115
v 6.195117 1.847985 10.284075
v 9.718533 1.845205 10.284095
v 10.369017 1.843815 9.573143
v 11.379625 1.843122 9.573151
v 11.379625 1.843122 6.170468
v 11.379625 1.843121 5.399158
v 12.390238 1.842428 3.085236
v 12.390238 1.842428 4.627854
v 12.390238 1.842428 5.399161
v 12.390238 1.842428 6.170468
v 12.444360 1.795559 6.170468
v 12.390238 1.842429 9.573154
v 12.444360 1.795558 5.399161
v 12.444360 1.795558 4.627854
v 12.444360 1.795558 3.085236
v 12.444360 1.795558 -0.000000
v 12.444360 -0.000078 5.399161
v 12.444360 -0.000078 4.627854
v 12.444360 -0.000078 3.085236
v 12.372402 1.826539 12.373288
v 12.390238 1.842429 12.340940
v 11.379625 1.843122 12.340934
v 11.379625 1.843122 11.312524
v 12.390238 1.842429 11.312528
v 11.379625 1.843122 10.284111
v 12.390238 1.842429 10.284118
v 12.444360 1.795559 9.573154
v 12.444360 -0.000078 6.170468
v 10.369017 1.843815 12.340929
v 10.362461 1.825874 12.373276
v 11.367432 1.826206 12.373280
v 10.369017 1.843815 11.312520
v 10.369017 1.843815 10.284106
v 9.718533 1.845205 11.312504
v 9.718533 1.845205 12.340918
v 6.195117 1.847985 12.340891
v 6.195117 1.847985 11.312485
v 5.420728 1.848678 11.312477
v 5.420728 1.848678 12.340886
v 3.097559 1.850761 12.340866
v 3.093099 1.822534 12.373214
v 4.639652 1.823199 12.373224
v 4.646340 1.849375 12.340878
v 5.412925 1.823536 12.373229
v 6.186201 1.823869 12.373237
v 9.712914 1.825204 12.373264
v 6.107435 1.693597 12.373237
v 9.663296 1.690421 12.373260
v 10.304569 1.688836 12.373272
v 11.259722 1.688044 12.373280
v 12.214873 1.687250 12.373284
v 12.256191 1.627572 11.909751
v 12.254808 -0.000077 11.909751
v 12.268933 -0.000077 12.373284
v 12.267547 1.636222 12.373284
v 12.419269 1.779674 12.373288
v 12.444360 1.795559 12.340940
v 12.444360 1.795559 11.312528
v 12.444360 1.795559 10.284118
v 12.419269 -0.000077 12.373288
v 12.444360 -0.000077 12.340940
v 12.444360 -0.000077 11.312528
v 12.444360 -0.000078 10.284118
v 12.444360 -0.000078 9.573154
v -12.444360 1.795557 -10.284118
v -12.444360 -0.000079 -10.284118
v -12.444360 -0.000079 -9.573158
v -12.444360 1.795557 -11.312528
v -12.444360 -0.000079 -11.312528
v -12.390238 1.842427 -11.312528
v -12.390238 1.842427 -12.340940
v -12.444360 1.795557 -12.340940
v -12.372402 1.826537 -12.373288
v -12.419269 1.779672 -12.373288
v -12.267550 1.636220 -12.373284
v -12.268929 -0.000079 -12.373284
v -12.444360 -0.000079 -12.340940
v -12.419269 -0.000079 -12.373288
v -12.214873 1.687248 -12.373284
v -11.322451 1.688043 -12.373280
v -11.432173 1.826205 -12.373280
v -10.491943 1.825872 -12.373272
v -11.444593 1.843120 -12.340934
v -11.444593 1.843120 -11.312524
v -12.390238 1.842427 -10.284118
v -12.444360 1.795557 -9.573154
v -10.498955 1.843813 -12.340929
v -10.498955 1.843813 -11.312520
v -11.444593 1.843120 -10.284111
v -10.498955 1.843813 -10.284106
v -10.498955 1.843813 -9.573147
v -9.803259 1.845203 -10.284095
v -9.803259 1.845203 -9.573134
v -6.195117 1.847983 -10.284075
v -6.195117 1.847983 -9.573115
v -4.646340 1.849373 -10.284067
v -4.646340 1.849373 -11.312472
v -6.195117 1.847983 -11.312485
v -9.803259 1.845203 -11.312504
v -9.803259 1.845203 -12.340913
v 0.000000 1.853539 -12.340839
v -3.097559 1.850759 -12.340866
v -3.097559 1.850760 -11.312461
v 0.000000 1.853540 -11.312438
v -3.097559 1.850760 -10.284056
v -4.646340 1.849373 -12.340878
v -6.195117 1.847983 -12.340891
v -3.093099 1.822532 -12.373214
v -4.639652 1.823197 -12.373224
v -6.186201 1.823867 -12.373237
v -9.797248 1.825202 -12.373260
v -3.053720 1.696767 -12.373214
v 0.000000 1.821193 -12.373186
v -4.580577 1.695181 -12.373224
v -6.107439 1.693595 -12.373237
v -9.744180 1.690419 -12.373260
v -10.430033 1.688834 -12.373272
v 6.195117 1.847983 -12.340891
v 5.420728 1.848676 -12.340886
v 5.420728 1.848676 -11.312477
v 6.186201 1.823867 -12.373237
v 5.412925 1.823534 -12.373229
v 4.646340 1.849373 -12.340878
v 4.639652 1.823197 -12.373224
v 3.097559 1.850759 -12.340866
v 3.093099 1.822532 -12.373214
v 9.663296 1.690419 -12.373260
v 6.107435 1.693595 -12.373237
v 5.344006 1.694386 -12.373229
v 4.580577 1.695181 -12.373224
v 3.053720 1.696767 -12.373214
v 0.000000 1.699938 -12.373186
v 10.369017 1.843813 -12.340929
v 10.369017 1.843813 -11.312520
v 11.379625 1.843120 -11.312524
v 11.379625 1.843120 -12.340934
v 11.367432 1.826205 -12.373280
v 10.362461 1.825872 -12.373272
v 9.718533 1.845203 -12.340913
v 9.712914 1.825202 -12.373260
v 12.390238 1.842427 -12.340940
v 12.372402 1.826537 -12.373288
v 12.214873 1.687248 -12.373284
v 11.259722 1.688043 -12.373280
v 10.304569 1.688834 -12.373272
v 6.195117 1.847983 -11.312485
v 9.718533 1.845203 -11.312504
v 9.718533 1.845203 -10.284095
v 10.369017 1.843813 -10.284106
v 6.195117 1.847983 -10.284075
v 6.195117 1.847983 -9.573115
v 9.718533 1.845203 -9.573134
v 11.379625 1.843120 -10.284111
v 5.420728 1.848677 -9.573112
v 5.420728 1.848676 -10.284071
v 4.646340 1.849373 -10.284067
v 3.097559 1.850760 -11.312461
v 3.097559 1.850760 -10.284056
v 4.646340 1.849373 -11.312472
v 0.000000 1.853540 -10.284032
v 0.000000 1.853540 -9.573076
v -3.097559 1.850760 -9.573095
v -4.646340 1.849373 -9.573103
v -3.097559 1.850760 -6.170433
v 0.000000 1.853540 -6.170421
v 3.097559 1.850760 -9.573095
v -4.646340 1.849374 -6.170437
v -6.195117 1.847984 -6.170445
v -9.803259 1.845204 -6.170456
v 3.097559 1.850760 -6.170433
v 4.646340 1.849374 -6.170437
v 4.646340 1.849373 -9.573108
v 5.420728 1.848677 -6.170441
v -4.646340 1.849375 9.573103
v -4.646340 1.849375 6.170437
v -6.195117 1.847985 6.170445
v -12.390238 1.842428 6.170468
v -11.444596 1.843122 6.170468
v -11.444596 1.843121 5.399158
v -11.444593 1.843122 9.573151
v -10.498955 1.843815 6.170465
v -10.498955 1.843815 9.573143
v -9.803259 1.845205 6.170456
v -9.803259 1.845205 9.573134
v -6.195117 1.847985 9.573115
v -6.195117 1.847985 10.284075
v -9.803259 1.845205 10.284095
v -9.803259 1.845205 11.312504
v -10.498955 1.843815 10.284106
v -11.444596 1.843122 10.284111
v -12.390238 1.842429 10.284118
v -12.390238 1.842429 11.312528
v -12.444360 1.795559 11.312528
v -12.390238 1.842429 9.573154
v -10.498955 1.843815 11.312520
v -11.444596 1.843122 11.312524
v -12.390238 1.842429 12.340940
v -12.444360 1.795559 12.340940
v -12.419269 1.779674 12.373288
v -12.205164 1.678600 11.909751
v -12.214873 1.687250 12.373284
v -12.267550 1.636222 12.373284
v -12.372402 1.826539 12.373288
v -11.444593 1.843122 12.340934
v -10.498955 1.843815 12.340929
v -12.444360 -0.000077 12.340940
v -12.419269 -0.000077 12.373288
v -12.268929 -0.000077 12.373284
v -12.254806 -0.000077 11.909751
v -12.256191 1.627572 11.909751
v -12.390238 1.842428 3.085236
v -12.444360 1.795558 3.085236
v -12.444360 1.795558 4.627854
v -12.390238 1.842428 4.627854
v -12.444360 1.795558 5.399161
v -12.390238 1.842428 5.399161
v -12.444360 1.795559 6.170468
v -12.444360 1.795559 9.573154
v -12.444360 1.795559 10.284118
v -12.444360 -0.000077 11.312528
v -12.444360 -0.000078 10.284118
v -12.444360 -0.000078 9.573154
v -12.444360 -0.000078 6.170468
v -12.444360 -0.000078 5.399161
v -12.444360 -0.000078 4.627854
v -12.444360 -0.000078 3.085236
v -12.444360 -0.000078 0.000000
v -12.444360 1.795558 -0.000000
v -12.444360 1.795558 -3.085237
v -12.390238 1.842428 -0.000000
v -11.444596 1.843121 3.085232
v -11.444596 1.843121 4.627851
v -12.390238 1.842428 -5.399161
v -12.444360 1.795558 -5.399161
v -12.444360 1.795558 -4.627854
v -12.390238 1.842428 -4.627854
v -12.390238 1.842428 -3.085237
v -10.498955 1.843814 3.085232
v -11.444593 1.843121 -0.000000
v -11.444596 1.843121 -3.085232
v -11.444596 1.843121 -4.627851
v -11.444596 1.843121 -5.399158
v -11.444596 1.843121 -6.170468
v -12.390238 1.842427 -6.170473
v -12.444360 1.795558 -6.170473
v -10.498955 1.843814 -0.000000
v -10.498955 1.843814 -3.085232
v -10.498955 1.843814 -5.399158
v -10.498955 1.843814 -4.627847
v -9.803259 1.845204 -4.627842
v -9.803259 1.845204 -3.085228
v -9.803259 1.845204 -0.000000
v -9.803259 1.845204 3.085228
v -10.498955 1.843814 4.627847
v -10.498955 1.843814 5.399158
v -9.803259 1.845204 5.399150
v -9.803259 1.845204 4.627842
v 12.205164 1.678600 11.909751
v 4.646340 1.849375 9.573103
v 4.646340 1.849375 10.284062
v 5.420728 1.848678 10.284071
v 3.097559 1.850761 9.573095
v 5.420728 1.848678 9.573112
v 4.646340 1.849375 6.170437
v 3.097559 1.850761 6.170433
v 0.000000 1.853541 6.170421
v -3.097559 1.850761 9.573095
v 0.000000 1.853541 9.573076
v 3.097559 1.850761 10.284056
v 4.646340 1.849375 11.312472
v 3.097559 1.850761 11.312461
v 0.000000 1.853541 12.340839
v 0.000000 1.821195 12.373186
v -3.097559 1.850761 12.340866
v -3.093099 1.822534 12.373214
v -4.639652 1.823199 12.373224
v -4.580577 1.695183 12.373224
v -3.053720 1.696769 12.373214
v 0.000000 1.699940 12.373186
v 3.053720 1.696769 12.373214
v 4.580577 1.695183 12.373224
v 5.344006 1.694388 12.373229
v -4.646340 1.849375 10.284062
v -6.195117 1.847985 11.312485
v -4.646340 1.849375 11.312472
v -6.195117 1.847985 12.340891
v -4.646340 1.849375 12.340878
v -6.186201 1.823869 12.373237
v -6.107439 1.693597 12.373237
v -9.803259 1.845205 12.340918
v -10.491943 1.825874 12.373276
v -9.797248 1.825204 12.373260
v -11.432173 1.826206 12.373280
v -11.322451 1.688044 12.373280
v -10.430026 1.688836 12.373272
v -9.744180 1.690421 12.373260
v -6.102583 1.681184 11.909703
v -6.128094 1.623934 11.909703
v 0.000000 1.683769 11.909657
v 0.000000 1.620301 11.909657
v 6.102583 1.681184 11.909703
v 6.128098 1.623934 11.909703
v 6.127404 -0.000077 11.909703
v -6.127404 -0.000077 11.909703
v 0.000000 -0.000077 11.909657
v -12.390238 1.842427 -9.573158
v -11.444596 1.843120 -9.573151
v -10.498955 1.843814 -6.170465
v -9.803259 1.845204 -5.399150
v -12.444360 -0.000079 -6.170473
v -12.444360 -0.000079 -5.399161
v -12.444360 -0.000079 -4.627854
v -12.444360 -0.000079 -3.085236
v -3.097559 1.850761 11.312461
v 0.000000 1.853541 11.312438
v -3.097559 1.850761 10.284056
v 0.000000 1.853541 10.284036
v -3.097559 1.850761 6.170433
v 5.420728 1.848678 6.170441
v 6.195117 1.847985 6.170445
v 6.195117 1.847985 5.399138
v 6.195117 1.847985 4.627835
v 6.195117 1.847984 3.085224
v 12.444360 -0.000079 -9.573154
v 12.444360 1.795557 -9.573154
v 12.390238 1.842427 -9.573158
v 12.390238 1.842427 -10.284118
v 12.390238 1.842427 -11.312528
v 12.444360 1.795557 -10.284118
v 12.444360 1.795557 -11.312528
v 12.444360 1.795557 -12.340940
v 12.419269 1.779672 -12.373288
v 12.267547 1.636220 -12.373284
v 12.268933 -0.000079 -12.373284
v 12.419269 -0.000079 -12.373288
v 12.444360 -0.000079 -12.340940
v 12.444360 -0.000079 -11.312528
v 12.444360 -0.000079 -10.284118
v -15.399167 -0.000000 -6.240679
v -15.412262 0.093974 -6.333737
v -15.425363 -0.000000 -6.426795
v -15.412262 -0.093975 -6.333737
v 1.327182 5.155379 -9.990366
v 1.328215 5.031360 -9.942396
v -1.266173 4.992376 -9.942396
v 7.000889 5.562977 -9.862432
v 6.968676 5.599381 -9.738322
v 6.480534 5.481698 -9.818291
v 6.490577 5.434134 -9.942396
v 3.911538 5.223863 -9.942396
v 3.901495 5.271426 -9.818291
v 3.900457 5.395441 -9.866253
v 1.317134 5.202938 -9.866253
v -1.262433 5.116344 -9.990366
v -3.847655 5.152513 -9.990366
v -6.054943 5.204058 -9.942396
v -4.884365 5.094037 -9.942396
v -4.892572 5.141949 -9.818291
v -3.859601 5.076460 -9.818291
v -3.855862 5.200424 -9.866253
v -1.270644 5.164252 -9.866253
v 1.318172 5.078923 -9.818291
v -3.851394 5.028549 -9.942396
v -1.274380 5.040291 -9.818291
v -4.880626 5.218001 -9.990366
v -4.888837 5.265913 -9.866253
v -6.063150 5.251973 -9.818291
v -7.117918 5.401749 -9.935493
v -7.109712 5.353834 -10.059602
v -6.051199 5.328026 -9.990366
v -6.059410 5.375937 -9.866253
v -7.105972 5.477802 -10.107568
v -7.702276 5.563796 -10.219495
v -7.114183 5.525709 -9.983459
v -7.698536 5.687764 -10.267462
v -7.706743 5.735675 -10.143349
v -8.386778 5.976927 -10.430992
v -8.362974 5.855211 -10.383026
v -8.704173 6.061195 -10.487600
v -8.717278 6.184521 -10.535570
v -9.015803 6.243603 -10.589970
v -8.405393 6.021831 -10.306879
v -7.710483 5.611711 -10.095386
v -8.381590 5.900118 -10.258918
v -8.731911 6.230877 -10.411457
v -9.022402 6.350969 -10.668146
v -9.258567 6.477893 -10.698010
v -9.297433 6.373131 -10.624691
v -8.718801 6.107552 -10.363496
v -9.034572 6.428337 -10.560295
v -9.215026 6.539395 -10.588338
v -9.341523 6.596160 -10.558925
v -9.394528 6.545207 -10.669662
v -9.412442 6.620401 -10.495535
v -9.027973 6.320975 -10.482122
v -9.253896 6.434634 -10.515018
v -9.360142 6.476957 -10.494489
v -9.470929 6.505373 -10.449329
v -9.513716 6.542724 -10.414896
v -9.413151 6.426003 -10.605223
v -9.557417 6.508228 -10.550220
v -9.606981 6.550434 -10.510035
v -9.661615 6.567698 -10.449556
v -9.541861 6.567839 -10.385063
v -9.780399 6.281655 -9.950517
v -9.654113 6.302357 -9.914105
v -9.785247 6.158514 -9.835386
v -9.658013 6.199822 -9.818999
v -9.507701 5.583495 -9.635698
v -9.385025 5.634539 -9.624930
v -9.436116 5.148034 -9.076789
v -9.311690 5.187981 -9.051294
v -9.589757 5.059815 -8.408976
v -9.507775 6.681528 -10.414626
v -9.573115 6.689845 -10.337222
v -9.694386 6.402349 -9.834393
v -9.699096 6.261180 -9.702984
v -9.427364 5.703458 -9.511045
v -9.498930 6.623256 -10.596419
v -9.601041 6.689238 -10.509763
v -9.692870 6.689704 -10.401716
v -9.820671 6.381648 -9.870811
v -9.826329 6.219871 -9.719371
v -9.550044 5.652414 -9.521812
v -9.487238 5.268630 -9.029430
v -9.633396 5.184574 -8.391507
v -9.706727 4.941552 -7.591195
v -9.663754 4.817111 -7.611172
v -9.362812 5.308577 -9.003935
v -9.511025 5.222618 -8.356236
v -9.577794 4.987298 -7.585156
v -9.529965 4.976672 -6.938518
v -9.654352 4.931454 -6.922503
v -9.373736 4.982079 -3.360034
v -9.467382 5.097859 -8.373703
v -9.534829 4.862857 -7.605142
v -9.484987 4.851697 -6.945316
v -9.328414 4.857104 -3.357923
v -9.790494 4.862446 0.221067
v -9.609374 4.806479 -6.929301
v -9.453744 4.811903 -3.363170
v -9.914297 4.817350 0.203631
v -10.099509 4.756634 1.557211
v -9.976473 4.801456 1.580282
v -10.286115 4.435352 2.919097
v -10.162092 4.481215 2.936024
v -10.283480 4.308686 3.779684
v -10.159328 4.356390 3.780854
v -10.280262 4.377338 4.642835
v -10.156297 4.424173 4.628598
v -10.133281 4.709010 6.012309
v -10.010370 4.753804 5.988878
v -10.021334 4.844411 6.880637
v -9.835539 4.987467 0.217785
v -10.023433 4.925851 1.591171
v -10.209929 4.603562 2.956260
v -10.206741 4.481266 3.785189
v -10.204138 4.547209 4.611557
v -9.499067 4.936877 -3.365280
v -9.959343 4.942367 0.200349
v -10.146473 4.881025 1.568101
v -10.333956 4.557698 2.939329
v -10.330894 4.433558 3.784019
v -10.328103 4.500375 4.625794
v -10.181482 4.831576 5.993639
v -10.067754 4.969068 6.875171
v -9.860783 5.027168 7.816043
v -9.813702 4.902656 7.827046
v -10.058572 4.876370 5.970212
v -9.945164 5.013353 6.848991
v -9.741666 5.069891 7.773187
v -9.591409 5.211393 8.182923
v -9.709285 5.171579 8.230369
v -9.517859 5.586034 8.809443
v -9.898748 4.888697 6.854461
v -9.694589 4.945379 7.784190
v -9.535071 5.096407 8.223118
v -9.456717 5.492674 8.885269
v -9.501279 5.976569 9.317665
v -9.652950 5.056594 8.270563
v -9.575249 5.447602 8.925044
v -9.619601 5.927921 9.353873
v -9.694871 6.239063 9.570124
v -9.578092 6.294727 9.539289
v -9.719629 6.344659 9.694560
v -9.604283 6.407304 9.672747
v -9.643428 6.329169 10.202536
v -9.525960 6.392794 10.200938
v -9.628227 6.285987 10.267269
v -9.505544 6.334545 10.288655
v -9.610838 6.191422 10.313724
v -9.483217 6.211180 10.350199
v -9.594561 3.797497 10.333427
v -9.466815 3.798668 10.370057
v -9.559806 6.044606 9.219039
v -9.637339 6.367616 9.443798
v -9.673594 6.526163 9.631104
v -9.583727 6.508155 10.248309
v -9.550785 6.413280 10.390863
v -9.520027 6.238123 10.477733
v -9.503453 3.799470 10.497805
v -9.701195 6.444530 10.249910
v -9.673469 6.364722 10.369476
v -9.647653 6.218369 10.441251
v -9.631199 3.798300 10.461174
v -9.788939 6.463517 9.652919
v -9.636392 5.540961 8.849218
v -9.678131 5.995955 9.255246
v -9.754122 6.311952 9.474634
v 8.438687 6.313101 -9.500027
v 8.458480 6.268703 -9.624140
v 7.587451 5.879840 -9.771429
v 7.547230 5.907135 -9.647316
v 6.938772 5.670320 -9.910398
v 6.906559 5.706723 -9.786284
v 6.489543 5.558154 -9.990366
v 6.479496 5.605712 -9.866253
v 3.910504 5.347882 -9.990366
v 8.465701 6.192059 -9.452065
v 7.633984 5.818510 -9.599354
v 8.812490 6.454631 -9.680032
v 8.823696 6.341654 -9.617476
v 8.790586 6.515361 -9.566134
v 8.801792 6.402385 -9.503587
v 8.485494 6.147659 -9.576170
v 7.674205 5.791210 -9.723459
v 10.242797 6.285223 -9.439754
v 10.225525 6.195312 -9.536622
v 10.885437 5.306044 -9.536622
v 9.597604 6.480384 -9.524081
v 9.612738 6.579922 -9.610945
v 9.385648 6.643511 -9.676311
v 9.411072 6.555555 -9.773184
v 9.166499 6.545128 -9.735923
v 9.142486 6.622195 -9.632241
v 9.137888 6.517280 -9.555108
v 9.623019 6.392427 -9.620949
v 9.370514 6.543973 -9.589452
v 9.161899 6.440213 -9.658781
v 9.395930 6.456017 -9.686320
v 11.228507 2.480146 -9.536622
v 11.326126 2.455497 -9.623486
v 11.416119 2.472334 -9.526613
v 11.318503 2.496979 -9.439754
v 11.097858 1.859237 -8.176118
v 11.151094 1.981004 -8.176694
v 11.147622 1.983150 -8.043853
v 11.094385 1.861383 -8.043278
v 7.248469 1.368357 -12.673278
v 7.325970 1.405661 -12.774590
v 7.433540 1.368357 -12.706040
v 7.356042 1.331049 -12.604728
v -10.160463 2.819845 8.384906
v -10.274767 2.819880 8.317107
v -10.206968 2.821423 8.202811
v -10.092669 2.821388 8.270610
v -9.611320 0.000001 15.403768
v -9.682709 0.093976 15.342653
v -9.754094 0.000001 15.281534
v -9.682709 -0.093973 15.342653
v 9.400543 5.501791 10.507899
v 9.311051 5.445625 10.427288
v 9.408906 5.384945 10.360923
v 9.498402 5.441114 10.441533
v 8.346294 4.921184 8.682567
v 8.396265 5.015159 8.602982
v 8.446240 4.921184 8.523396
v 8.396265 4.827210 8.602982
v -7.362848 0.906477 -12.958188
v -7.236687 0.942273 -12.979749
v -7.210813 0.929199 -12.850048
v -7.336973 0.893402 -12.828484
v 9.151080 4.988051 9.211893
v 9.401780 5.216467 9.380166
v 9.386807 5.273236 9.257161
v 9.171958 5.076908 9.112511
v 9.500129 5.211092 9.219810
v 9.257663 4.989285 9.057074
v 9.236784 4.900428 9.156448
v 9.515094 5.154323 9.342819
v 8.920381 4.827210 8.932092
v 8.860703 4.921184 9.005588
v 8.905481 5.015159 8.922734
v 8.965155 4.921184 8.849246
v 9.803071 6.452498 9.376614
v 9.745030 6.511013 9.560902
v 9.796746 6.390820 9.592317
v 9.834023 6.353547 9.474527
v 9.811689 6.252430 9.286661
v 9.841166 6.213521 9.411053
v 9.785795 6.079752 9.258857
v 9.819324 6.071459 9.388365
v 9.717519 5.760356 9.299806
v 9.751530 5.749456 9.429346
v 9.681420 6.331076 9.561673
v 9.705807 6.306651 9.485065
v 9.711124 6.211218 9.442988
v 9.692885 6.093853 9.423703
v 9.628458 5.786435 9.463807
v 9.629704 6.451265 9.530254
v 9.674858 6.405601 9.387162
v 9.681652 6.250132 9.318597
v 9.659352 6.102146 9.294195
v 9.594447 5.797332 9.334275
v 10.979376 5.342278 -9.623486
v 11.043139 5.407982 -9.526613
v 10.284188 6.277136 -9.623486
v 11.326126 3.855807 -9.623486
v 11.228507 3.880455 -9.536622
v 11.416119 3.872643 -9.526613
v 11.318503 3.897289 -9.439754
v 10.949206 5.371747 -9.439754
v 10.301456 6.367046 -9.526614
v 9.638158 6.491966 -9.707817
v -10.217705 4.703124 8.221845
v -10.072001 4.877772 8.241305
v -10.285618 4.721426 8.336341
v -9.926518 4.961449 8.272540
v -10.123507 4.914367 8.358327
v -10.171056 4.676580 8.403689
v -10.052640 4.816751 8.419046
v -10.103143 4.658279 8.289189
v -10.001134 4.780156 8.302029
v -9.952134 4.873504 8.440187
v -9.976199 4.998232 8.390227
v -9.274214 5.060783 8.688216
v -9.286587 4.932046 8.720281
v -8.835180 5.130814 9.098204
v -8.860605 5.001729 9.118592
v -8.027138 5.049769 10.088279
v -7.968196 4.899132 10.248424
v -7.867608 4.867463 10.163752
v -7.920672 5.015860 10.015194
v -8.741241 5.098757 9.009531
v -9.201536 5.028358 8.579542
v -7.823143 2.500454 11.081304
v -8.277951 2.107907 12.288229
v -8.201253 1.999198 12.288848
v -7.732050 2.403875 11.049677
v -7.812421 2.746549 10.762565
v -7.717175 2.687059 10.686595
v -7.787789 3.292071 10.570024
v -7.691422 3.270860 10.479902
v -7.840046 4.475625 10.420080
v -7.745117 4.467652 10.327410
v -8.080875 4.923636 10.074862
v -8.045862 4.809363 10.179673
v -7.931859 4.436641 10.329253
v -7.879488 3.269709 10.476254
v -7.904967 2.691104 10.679856
v -9.902452 4.836717 8.322499
v -9.213909 4.899625 8.611611
v -8.766662 4.969667 9.029920
v -7.974410 4.889727 10.001776
v -7.945274 4.777694 10.095002
v -8.291041 1.936630 12.210426
v -7.827759 2.332987 10.990716
v -7.809716 2.631610 10.603889
v -7.783125 3.248498 10.386131
v -7.836926 4.428668 10.236587
v -7.918855 2.429565 11.022342
v -8.367740 2.045339 12.209800
v -8.594453 1.909993 12.476417
v -8.519285 1.960637 12.573739
v -8.667362 1.636225 12.834662
v -8.740384 1.591259 12.733108
v -8.563947 0.823041 13.100376
v -8.637197 0.776136 12.999791
v -8.537896 0.278079 13.362333
v -8.644600 0.093960 13.797365
v -8.546789 0.001626 13.808641
v -8.424962 0.211604 13.313447
v -8.453472 0.803898 13.028440
v -8.552894 1.588279 12.772644
v -8.428639 1.860221 12.554349
v -8.609348 0.199215 13.276931
v -8.726292 -0.001624 13.752167
v -8.861392 0.093976 14.383323
v -8.943620 0.000001 14.334867
v -8.628480 -0.093958 13.763436
v -8.861392 -0.093973 14.383323
v -8.779164 0.000001 14.431770
v -12.251485 1.980174 -8.107502
v -12.495267 1.855552 -8.070715
v -12.495462 1.815723 -8.197514
v -12.720672 1.538624 -8.105998
v -12.718198 1.581096 -7.980072
v -12.991502 0.734997 -7.815456
v -12.979125 0.800274 -7.697882
v -13.300906 0.122636 -7.264785
v -13.272388 0.214242 -7.171566
v -13.825565 -0.093967 -6.769321
v -13.785324 0.001092 -6.685613
v -14.449289 -0.093975 -6.469276
v -14.421644 -0.000000 -6.378266
v -13.892483 -0.001093 -6.842566
v -13.411435 0.196574 -7.298131
v -14.476930 -0.000000 -6.560287
v -14.449289 0.093974 -6.469276
v -13.852242 0.093966 -6.758862
v -13.382917 0.288180 -7.204908
v -13.116340 0.779756 -7.825946
v -13.103962 0.845037 -7.708373
v -12.840286 1.598434 -8.124225
v -12.837815 1.640911 -7.998303
v -12.583266 1.914659 -8.228779
v -12.583071 1.954484 -8.101980
v -11.702689 2.278394 -8.112760
v -12.300947 2.099028 -8.143740
v -10.288230 4.451088 -8.205482
v -10.126903 4.845119 -8.321293
v -10.020000 4.771439 -8.273014
v -9.933182 4.822635 -8.298062
v -9.996309 4.920534 -8.363491
v -9.489506 5.018886 -8.641452
v -9.428966 4.921336 -8.573725
v -8.823309 4.998767 -8.909879
v -9.912828 4.909589 -8.194404
v -10.037702 4.831704 -8.154801
v -10.162730 4.424027 -8.168925
v -10.434936 3.289802 -8.157938
v -8.070048 4.924562 -10.035012
v -8.041532 4.859426 -10.152773
v -7.987202 4.780433 -10.054750
v -8.004356 4.826347 -9.973517
v -8.364889 4.983977 -9.539421
v -8.297267 4.886428 -9.479242
v -8.765357 4.901570 -8.839849
v -9.388608 5.010201 -8.483117
v -7.867612 4.835094 -10.084986
v -7.897531 4.910388 -9.958129
v -8.215415 4.976425 -9.423567
v -8.704995 4.992342 -8.762296
v -8.762950 5.089539 -8.832322
v -9.449147 5.107750 -8.550845
v -9.975957 5.007487 -8.259830
v -8.283038 5.073974 -9.483749
v -7.963223 5.008603 -10.019619
v -10.144606 4.905388 -8.203081
v -10.471816 3.305978 -8.031139
v -10.320858 4.480259 -8.078487
v -10.195367 4.453202 -8.041930
v -10.350676 3.250764 -7.990840
v -10.880980 2.653407 -8.030195
v -10.966921 2.748184 -8.068110
v -11.239806 2.376026 -8.053709
v -11.307394 2.484985 -8.090429
v -11.655828 2.158600 -8.077214
v -10.313794 3.234588 -8.117639
v -10.850232 2.629972 -8.157390
v -11.214398 2.348452 -8.181252
v -11.636457 2.127882 -8.205106
v -12.243333 1.945506 -8.235820
v -10.936172 2.724749 -8.195309
v -11.281989 2.457412 -8.217977
v -11.683319 2.247676 -8.240647
v -12.292802 2.064360 -8.272058
v -7.921941 4.914088 -10.183013
v -7.597342 2.050130 -12.438659
v -7.536920 2.040717 -12.654615
v -7.651212 1.968286 -12.657604
v -7.714724 1.980088 -12.435871
v -7.686852 2.886585 -11.321697
v -7.807167 2.839731 -11.289762
v -7.738099 3.338700 -10.948271
v -7.859326 3.299908 -10.909675
v -7.479768 1.932098 -12.587100
v -7.433583 1.793494 -12.718479
v -7.469176 1.844271 -12.842436
v -7.537887 1.939463 -12.386726
v -7.631298 2.801530 -11.234709
v -7.685156 3.276670 -10.842268
v -7.594060 1.859667 -12.590087
v -7.557120 1.747524 -12.698471
v -7.655272 1.869421 -12.383935
v -7.751612 2.754680 -11.202778
v -7.806384 3.237878 -10.803679
v -7.592713 1.798302 -12.822427
v -8.503807 1.809577 12.457023
v -8.625912 1.543308 12.671089
v -8.526726 0.756993 12.927858
v -8.496419 0.132740 13.228041
v 9.324240 5.602417 10.303391
v 9.412892 5.648555 10.391926
v 9.337212 5.743837 10.239097
v 9.423621 5.766274 10.338454
v 9.406017 6.317614 10.128041
v 9.491459 6.340641 10.228132
v 9.455111 6.414557 10.043672
v 9.555758 6.471960 10.116517
v 9.422756 5.549530 10.230873
v 9.437314 5.707732 10.159031
v 9.503824 6.255372 10.054033
v 9.527201 6.298783 10.017097
v 9.511410 5.595671 10.319401
v 9.523724 5.730168 10.258385
v 9.589267 6.278399 10.154124
v 9.627851 6.356191 10.089934
v 7.934494 2.400173 -10.476491
v 7.926158 3.319999 -10.261255
v 7.857172 3.341425 -10.372869
v 7.865776 2.466500 -10.578058
v 7.917164 2.096041 -10.870715
v 7.851813 2.207792 -10.914318
v 7.730879 1.865310 -12.129854
v 7.679866 1.990875 -12.113667
v 7.499933 1.867949 -12.298113
v 7.442875 1.995727 -12.295184
v 7.387575 1.749247 -12.426615
v 7.283036 1.826862 -12.477991
v 7.792652 2.034460 -12.185871
v 7.520024 2.032408 -12.396994
v 7.360518 1.863892 -12.579428
v 7.465053 1.786277 -12.528045
v 7.577082 1.904626 -12.399925
v 7.970804 3.351007 -10.441525
v 8.035689 4.535148 -10.296519
v 8.104271 4.495565 -10.187493
v 8.039793 3.329581 -10.329904
v 7.979559 2.504215 -10.639404
v 8.048278 2.437892 -10.537846
v 7.967155 2.263633 -10.950714
v 8.032506 2.151877 -10.907110
v 7.843664 1.908894 -12.202058
v 7.991760 4.499582 -10.116573
v 9.030045 4.936662 -8.702238
v 9.348520 4.967415 -8.536816
v 9.351622 5.098768 -8.557342
v 9.035440 5.068078 -8.722498
v 8.234739 4.867383 -9.811246
v 8.218732 4.997741 -9.853977
v 8.044730 4.654452 -10.057774
v 7.992570 4.744323 -10.147378
v 7.923179 4.539165 -10.225595
v 10.099571 5.090893 -8.311610
v 10.257970 5.001308 -8.290982
v 10.263996 4.993614 -8.423643
v 10.124515 5.071664 -8.441792
v 9.403467 5.078183 -8.678536
v 9.124963 5.050375 -8.823939
v 8.327362 4.985873 -9.929631
v 8.102469 4.733903 -10.221382
v 10.086772 4.940491 -8.433749
v 9.400371 4.946835 -8.658008
v 9.119567 4.918960 -8.803680
v 8.343366 4.855511 -9.886900
v 8.154630 4.644032 -10.131782
v 10.061829 4.959721 -8.303572
v 10.759237 2.256193 -8.054895
v 10.924496 1.935634 -8.048920
v 11.021062 2.038470 -8.048051
v 10.886138 2.299961 -8.052021
v 10.285850 4.761587 -8.284917
v 10.409821 4.820784 -8.283081
v 10.171830 4.897345 -8.289882
v 11.023798 2.036641 -8.180915
v 10.891870 2.294460 -8.184795
v 10.416074 4.814550 -8.415769
v 10.927233 1.933806 -8.181780
v 10.764969 2.250691 -8.187674
v 10.292103 4.755358 -8.417609
v 10.177855 4.889651 -8.422543
vn 0.1417 -0.9491 -0.2812
vn 0.1418 -0.9491 -0.2812
vn 0.5365 -0.8363 -0.1132
vn -0.7071 -0.0000 0.7071
vn 0.7071 -0.0000 -0.7071
vn 0.2685 0.2597 0.9276
vn -0.5186 0.1002 0.8491
vn -0.5905 0.2059 0.7803
vn -0.3631 0.0414 0.9308
vn -0.9619 -0.2707 0.0382
vn -0.6912 -0.6534 0.3087
vn -0.5490 -0.7037 0.4510
vn -0.5271 0.3895 0.7553
vn -0.6913 -0.6533 0.3087
vn -0.4300 0.2985 0.8521
vn -0.8535 -0.5000 0.1465
vn -0.3657 0.1614 0.9167
vn -0.5913 0.2063 0.7796
vn -0.0455 0.7570 0.6518
vn 0.2673 0.2615 0.9275
vn -0.5189 0.1005 0.8489
vn -0.3627 0.0415 0.9310
vn 0.3888 0.0894 0.9170
vn 0.3481 0.3560 0.8672
vn 0.2058 0.6578 0.7245
vn -0.0074 0.8582 0.5132
vn 0.9274 0.2613 0.2676
vn 0.9169 0.0894 0.3889
vn 0.8672 0.3560 0.3483
vn 0.7247 0.6577 0.2055
vn 0.5134 0.8581 -0.0059
vn -0.0422 0.7542 0.6553
vn 0.6535 0.7557 -0.0426
vn 0.9276 0.2596 0.2685
vn 0.8495 0.1002 -0.5180
vn 0.9167 0.1615 -0.3655
vn 0.8520 0.2982 -0.4304
vn 0.7563 0.3885 -0.5264
vn 0.7799 0.2061 -0.5910
vn 0.0381 -0.2705 -0.9620
vn 0.0024 -0.0693 -0.9976
vn 0.9310 0.0415 -0.3625
vn 0.9167 0.1615 -0.3656
vn 0.3085 -0.6533 -0.6914
vn 0.4510 -0.7037 -0.5490
vn 0.3087 -0.6533 -0.6913
vn 0.1464 -0.5000 -0.8535
vn 0.0380 -0.2706 -0.9619
vn 0.9311 0.0415 -0.3625
vn 0.8521 0.2984 -0.4300
vn 0.1464 -0.5000 -0.8536
vn 0.7552 0.3899 -0.5269
vn 0.7246 0.6578 0.2058
vn 0.5112 0.8595 -0.0076
vn 0.3836 0.9148 -0.1264
vn 0.6979 0.4206 -0.5797
vn 0.4025 -0.6935 -0.5975
vn -0.1263 0.9148 0.3837
vn -0.0077 0.8594 0.5112
vn 0.3482 0.3560 0.8672
vn 0.3884 0.0894 0.9171
vn -0.5796 0.4205 0.6980
vn -0.5269 0.3898 0.7553
vn -0.5976 -0.6935 0.4025
vn -0.4300 0.2985 0.8520
vn -0.3655 0.1614 0.9167
vn -0.9619 -0.2706 0.0381
vn -0.9976 -0.0693 0.0024
vn -0.8536 -0.5000 0.1465
vn 0.8672 0.3560 0.3482
vn 0.9171 0.0894 0.3885
vn 0.9309 0.0414 -0.3629
vn 0.9167 0.1614 -0.3655
vn 0.7244 0.6579 0.2059
vn 0.8521 0.2986 -0.4299
vn 0.5112 0.8594 -0.0077
vn 0.7552 0.3898 -0.5270
vn 0.6501 0.7584 -0.0457
vn 0.7792 0.2065 -0.5918
vn 0.8491 0.1004 -0.5185
vn 0.0381 -0.2707 -0.9619
vn 0.4530 -0.7039 -0.5471
vn 0.3105 -0.6544 -0.6895
vn 0.0381 -0.2706 -0.9619
vn -0.0090 0.8596 0.5108
vn -0.3629 0.0414 0.9309
vn -0.3829 -0.0000 0.9238
vn 0.3825 -0.0000 0.9240
vn 0.3886 0.0894 0.9171
vn -0.3656 0.1614 0.9167
vn -0.5275 0.3910 0.7542
vn 0.9239 -0.0000 0.3825
vn 0.9238 -0.0000 -0.3828
vn 0.9238 -0.0000 -0.3829
vn 0.9240 -0.0000 0.3824
vn -0.0000 -0.0000 -1.0000
vn -0.6895 -0.6543 0.3105
vn -0.5470 -0.7040 0.4530
vn -0.9619 -0.2707 0.0381
vn -1.0000 -0.0000 -0.0000
vn -0.1667 0.1385 0.9762
vn -0.1225 0.0824 0.9890
vn -0.1040 0.1047 0.9890
vn -0.4957 0.5030 0.7080
vn -0.1364 0.1684 0.9762
vn -0.0816 0.1230 0.9890
vn -0.3881 0.5900 0.7080
vn -0.1010 0.1917 0.9762
vn -0.0560 0.1366 0.9890
vn -0.2655 0.6543 0.7080
vn -0.0618 0.2051 0.9768
vn -0.0142 0.1851 0.9826
vn 0.0005 0.7072 0.7071
vn -0.1479 0.2132 0.9658
vn -0.0071 0.0707 0.9975
vn -0.0002 -0.0000 1.0000
vn -0.1365 0.0550 0.9891
vn -0.1846 0.0161 0.9827
vn -0.0678 0.0111 0.9976
vn -0.2051 0.1503 0.9671
vn -0.7057 0.0132 0.7084
vn -0.2025 0.0636 0.9772
vn -0.6505 0.2749 0.7080
vn -0.1905 0.1033 0.9762
vn -0.5843 0.3965 0.7080
vn 0.5207 -0.5368 -0.6639
vn 0.3317 -0.8900 0.3129
vn 0.8743 -0.2451 0.4190
vn 0.7593 0.2286 0.6093
vn 0.9669 0.0327 -0.2531
vn 0.3610 0.3070 0.8806
vn 0.1749 0.4287 0.8864
vn 0.9350 0.1194 0.3341
vn 0.6196 0.2385 -0.7478
vn 0.9565 0.1795 0.2299
vn 0.7202 0.6931 0.0311
vn 0.9046 -0.3728 0.2065
vn 0.5711 0.2301 0.7880
vn 0.5295 -0.1134 0.8407
vn -0.1169 0.3673 0.9227
vn 0.0003 -0.1385 0.9904
vn -0.3575 -0.0804 0.9304
vn 0.1318 -0.6790 0.7222
vn -0.5359 -0.5836 0.6101
vn 0.3005 -0.9356 0.1856
vn -0.7705 0.0838 0.6319
vn -0.9884 -0.1012 -0.1129
vn -0.5871 -0.8087 0.0366
vn 0.2595 -0.8776 -0.4030
vn 0.6879 -0.4368 -0.5796
vn 0.8218 0.1044 -0.5601
vn 0.2083 0.1125 -0.9716
vn 0.2329 0.0465 -0.9714
vn -0.6982 0.4158 0.5827
vn 0.9884 -0.1426 -0.0520
vn 0.4408 -0.0690 -0.8950
vn 0.7335 0.4898 -0.4712
vn 0.9996 0.0010 -0.0294
vn 0.2859 -0.1884 0.9396
vn 0.3952 0.4606 0.7948
vn -0.2754 0.1880 -0.9428
vn -0.0171 0.1245 -0.9921
vn -0.7842 0.2476 -0.5690
vn -0.3722 0.6376 -0.6745
vn 0.2055 0.8237 -0.5285
vn 0.1883 0.1818 -0.9651
vn 0.3564 0.0479 -0.9331
vn -0.9934 0.0119 -0.1140
vn -0.8274 0.4673 -0.3115
vn -0.5408 0.2471 -0.8040
vn -0.9253 0.1130 -0.3619
vn -0.4758 0.8597 -0.1857
vn -0.4943 0.5734 0.6533
vn -0.6050 -0.0927 0.7908
vn -0.6297 -0.7554 0.1815
vn 0.1991 -0.4569 -0.8670
vn -0.0309 -0.4175 -0.9081
vn -0.5499 -0.2538 -0.7957
vn -0.3457 -0.7911 -0.5046
vn 0.1001 0.9660 0.2383
vn -0.4132 -0.4083 -0.8140
vn -0.2552 0.3758 -0.8909
vn -0.8895 0.4498 -0.0803
vn -0.9671 0.2496 0.0498
vn -0.5060 0.3512 0.7878
vn -0.8183 0.4573 0.3481
vn -0.3401 0.5217 0.7824
vn -0.4314 0.8880 0.1592
vn 0.5976 0.7349 0.3205
vn -0.0396 0.5815 0.8126
vn -0.1223 0.4176 0.9004
vn 0.0312 -0.0686 -0.9972
vn 0.0091 -0.0226 -0.9997
vn 0.0067 -0.0264 -0.9996
vn 0.7017 -0.0349 -0.7116
vn 0.7679 -0.0347 -0.6396
vn 0.8122 -0.0349 -0.5824
vn 0.6839 0.0786 -0.7253
vn -0.0246 0.0169 -0.9996
vn -0.0103 0.0329 -0.9994
vn 0.2328 0.0162 -0.9724
vn 0.9202 -0.0909 -0.3807
vn -0.3046 0.0988 -0.9473
vn -0.1596 0.0564 -0.9856
vn 0.1026 0.1063 -0.9890
vn 0.1760 0.0435 -0.9834
vn 0.2830 0.0170 -0.9590
vn 0.2846 0.0356 -0.9580
vn 0.3013 -0.0130 -0.9534
vn 0.0325 -0.0759 -0.9966
vn 0.0544 -0.0182 -0.9984
vn 0.0250 -0.2216 -0.9748
vn 0.9592 -0.1504 -0.2393
vn 0.0800 -0.1385 -0.9871
vn -0.0005 0.5459 -0.8378
vn 0.6800 -0.0783 -0.7290
vn 0.0397 0.3980 -0.9165
vn 0.0139 0.5103 -0.8599
vn -0.0000 0.9239 -0.3827
vn 0.0002 0.5201 -0.8541
vn -0.0041 0.4990 -0.8666
vn 0.0133 0.9207 -0.3899
vn 0.0074 0.5417 -0.8406
vn -0.0000 1.0000 -0.0000
vn 0.4879 0.7705 -0.4102
vn 0.6826 0.2458 -0.6882
vn 0.0180 -0.1743 -0.9845
vn 0.0523 -0.0097 -0.9986
vn 0.0749 0.0603 -0.9954
vn 0.0027 -0.1654 -0.9862
vn 0.0149 -0.0210 -0.9997
vn 0.0028 -0.0404 -0.9992
vn -0.0057 -0.0286 -0.9996
vn 0.0191 -0.1603 -0.9869
vn -0.0362 0.0598 -0.9976
vn 0.1430 0.0589 -0.9880
vn 0.2874 0.1268 -0.9494
vn -0.0459 0.0545 -0.9975
vn 0.4927 0.0797 -0.8665
vn 0.1339 0.1152 -0.9843
vn -0.2552 0.0578 -0.9652
vn -0.2296 -0.0251 -0.9730
vn 0.0992 0.0689 -0.9927
vn 0.0003 0.0652 -0.9979
vn -0.1142 0.1099 -0.9874
vn -0.2137 -0.0143 -0.9768
vn 0.0361 0.0741 -0.9966
vn 0.0773 0.0545 -0.9955
vn -0.3680 0.0260 -0.9295
vn -0.0102 0.1077 -0.9941
vn 0.0195 0.0969 -0.9951
vn 0.3929 0.1746 -0.9029
vn 0.2454 0.0065 -0.9694
vn 0.4263 0.1751 -0.8875
vn -0.5648 0.1368 -0.8138
vn -0.3561 0.3255 -0.8759
vn -0.1518 0.0267 -0.9880
vn 0.0983 -0.0396 -0.9944
vn 0.0162 0.0962 -0.9952
vn 0.0103 0.0763 -0.9970
vn 0.1495 0.0191 -0.9886
vn 0.2202 -0.0319 -0.9749
vn -0.0296 0.0070 -0.9995
vn 0.0350 0.0635 -0.9974
vn 0.0111 0.0648 -0.9978
vn -0.1321 -0.0639 -0.9892
vn -0.1742 0.0632 -0.9827
vn -0.1915 0.0551 -0.9799
vn -0.2400 -0.0728 -0.9680
vn -0.2183 0.0053 -0.9759
vn -0.5556 0.1667 -0.8146
vn 0.0065 -0.1259 -0.9920
vn 0.0054 0.0177 -0.9998
vn 0.0030 0.5604 -0.8282
vn -0.0068 -0.0545 -0.9985
vn -0.0101 -0.0422 -0.9991
vn 0.0133 -0.0459 -0.9989
vn 0.0204 -0.1461 -0.9891
vn 0.0046 0.0098 -0.9999
vn -0.0008 0.5588 -0.8293
vn -0.0031 0.0296 -0.9996
vn 0.0016 0.0712 -0.9975
vn -0.0096 0.0595 -0.9982
vn 0.0046 -0.0091 -0.9999
vn -0.0025 0.5395 -0.8420
vn -0.0041 0.5141 -0.8577
vn -0.0020 0.5230 -0.8523
vn 0.0003 0.5229 -0.8524
vn -0.0039 0.5336 -0.8457
vn 0.0070 0.5454 -0.8382
vn -0.0042 0.5202 -0.8540
vn 0.0025 0.5354 -0.8446
vn 0.0019 0.0113 -0.9999
vn -0.0191 -0.0695 -0.9974
vn 0.0215 -0.0272 -0.9994
vn 0.0047 -0.1541 -0.9880
vn -0.0253 -0.1431 -0.9894
vn -0.0093 0.0025 -1.0000
vn -0.0250 -0.0892 -0.9957
vn -0.0467 0.1038 -0.9935
vn -0.0272 0.1156 -0.9929
vn 0.0383 0.0748 -0.9965
vn -0.0163 0.0999 -0.9949
vn -0.0241 0.0680 -0.9974
vn 0.3217 0.0880 -0.9428
vn 0.2673 0.0099 -0.9636
vn -0.2063 0.0709 -0.9759
vn -0.0624 -0.1677 -0.9839
vn -0.0247 -0.0350 -0.9991
vn -0.0244 0.0029 -0.9997
vn 0.0321 -0.2367 -0.9711
vn 0.0254 -0.0038 -0.9997
vn -0.3203 0.0251 -0.9470
vn -0.2954 0.0407 -0.9545
vn 0.0952 0.0556 -0.9939
vn -0.4777 -0.0110 -0.8785
vn -0.2553 -0.0519 -0.9655
vn -0.2438 0.0200 -0.9696
vn -0.3115 0.0103 -0.9502
vn -0.3085 0.0461 -0.9501
vn -0.1266 0.0674 -0.9897
vn -0.0270 0.1135 -0.9932
vn -0.0050 0.0481 -0.9988
vn 0.0288 0.0944 -0.9951
vn -0.0855 0.0370 -0.9957
vn 0.1493 0.0445 -0.9878
vn -0.1147 0.0044 -0.9934
vn 0.4673 0.0361 -0.8833
vn -0.3718 -0.0587 -0.9265
vn -0.1171 -0.2192 -0.9686
vn 0.5109 0.0273 -0.8592
vn -0.1663 0.0599 -0.9842
vn -0.3965 0.0130 -0.9179
vn -0.1067 0.0121 -0.9942
vn 0.2777 0.0416 -0.9598
vn 0.0410 0.0487 -0.9980
vn -0.4871 0.0398 -0.8724
vn 0.3405 0.9226 0.1811
vn 0.8960 0.3637 -0.2549
vn 0.7794 0.1453 0.6094
vn 0.3108 -0.8461 0.4331
vn 0.4228 -0.1041 0.9002
vn -0.1142 0.7380 0.6650
vn 0.7224 -0.1152 0.6818
vn -0.1112 -0.0869 0.9900
vn 0.8435 0.1490 0.5161
vn 0.4472 -0.6458 0.6189
vn 0.7538 -0.6179 0.2236
vn 0.4802 -0.8544 -0.1985
vn 0.8550 -0.3706 -0.3628
vn -0.0078 -0.9958 0.0916
vn 0.3184 -0.8725 -0.3706
vn -0.1330 -0.7216 -0.6795
vn -0.5657 -0.7561 -0.3291
vn 0.0132 -0.9996 0.0244
vn -0.0939 -0.9753 -0.2000
vn 0.1623 -0.9580 0.2366
vn -0.0356 -0.9868 0.1578
vn -0.0910 -0.9945 -0.0522
vn -0.7502 -0.6610 0.0190
vn -0.5338 -0.5920 0.6038
vn 0.0536 -0.5778 0.8144
vn 0.5801 -0.3562 0.7325
vn -0.7030 -0.4945 -0.5112
vn 0.4206 -0.4253 -0.8014
vn -0.5151 -0.0204 -0.8569
vn -0.6594 -0.2997 -0.6895
vn -0.7595 -0.2858 -0.5844
vn -0.6167 0.1881 -0.7644
vn 0.2110 0.2479 -0.9455
vn -0.3178 0.8403 -0.4392
vn -0.7595 0.6496 0.0327
vn -0.9758 -0.1796 0.1246
vn 0.2911 0.1345 -0.9472
vn 0.9282 0.2147 -0.3039
vn -0.7539 0.6059 -0.2540
vn -0.5272 0.6795 -0.5102
vn 0.1446 0.6872 -0.7119
vn 0.6239 0.7475 -0.2280
vn 0.4286 0.1357 0.8932
vn 0.1528 0.7279 0.6684
vn -0.0019 0.8788 0.4773
vn 0.3969 0.8056 0.4398
vn 0.1119 0.9933 0.0272
vn -0.1406 0.9611 -0.2376
vn -0.3401 0.9083 0.2437
vn -0.6603 0.7467 -0.0807
vn -0.3612 0.8864 0.2897
vn -0.5033 0.7746 0.3830
vn -0.2303 0.8249 0.5163
vn -0.5923 0.7959 0.1253
vn -0.8568 0.3850 -0.3431
vn -0.9725 0.1300 0.1931
vn -0.7121 0.1705 0.6811
vn -0.2401 0.2338 0.9422
vn 0.2728 0.5308 0.8024
vn 0.5792 0.2882 0.7626
vn 0.1705 -0.8078 0.5643
vn 0.7462 -0.6654 0.0221
vn -0.8634 0.0777 -0.4985
vn -0.8926 -0.0305 -0.4498
vn -0.4492 -0.8899 -0.0789
vn 0.0744 -0.7564 -0.6498
vn -0.3391 0.8791 -0.3349
vn -0.9939 -0.1064 0.0296
vn -0.9496 -0.1886 -0.2503
vn -0.2945 0.7419 -0.6024
vn -0.9007 0.0903 0.4250
vn -0.3401 0.9349 0.1014
vn 0.0390 0.8534 0.5198
vn -0.5066 0.0031 0.8622
vn 0.1453 -0.3971 0.9062
vn 0.6745 0.4742 0.5659
vn -0.3093 -0.1282 0.9423
vn -0.9560 -0.1970 0.2175
vn -0.3040 -0.3411 0.8895
vn 0.2393 -0.8785 0.4134
vn -0.5327 -0.7864 -0.3127
vn 0.2640 0.7710 0.5796
vn 0.2775 0.5056 -0.8169
vn -0.2517 0.9281 -0.2745
vn 0.3706 0.8204 0.4355
vn 0.9739 0.2223 -0.0464
vn -0.3813 0.8882 -0.2563
vn 0.9690 0.1912 -0.1566
vn 0.3635 0.7093 0.6039
vn -0.3813 0.8882 -0.2562
vn -0.2458 0.9291 -0.2764
vn 0.3745 0.7235 0.5799
vn 0.3051 0.3358 -0.8911
vn 0.3745 0.7236 0.5798
vn -0.3656 -0.0086 0.9307
vn -0.2191 -0.1923 0.9566
vn 0.1412 0.7790 0.6109
vn -0.4142 0.8939 -0.1715
vn -0.9949 -0.0234 0.0983
vn -0.9871 0.0344 0.1561
vn -0.9949 -0.0233 0.0983
vn -0.2192 -0.1923 0.9565
vn -0.4329 -0.7847 -0.4437
vn -0.9658 -0.2108 0.1511
vn -0.2332 -0.2174 0.9478
vn 0.2300 -0.9291 0.2895
vn -0.6169 -0.7463 -0.2501
vn -0.5378 0.0842 -0.8388
vn -0.2383 -0.6729 -0.7003
vn 0.2855 -0.9583 -0.0145
vn -0.2598 -0.9409 0.2175
vn 0.5784 -0.5239 0.6253
vn -0.2319 -0.6014 0.7645
vn 0.2078 0.5877 -0.7819
vn 0.2134 0.2744 -0.9377
vn 0.3022 -0.4168 -0.8573
vn 0.6962 -0.6315 -0.3414
vn 0.6304 0.0137 0.7761
vn 0.9631 0.1849 0.1954
vn 0.9656 0.2453 -0.0867
vn 0.9891 -0.1317 0.0652
vn 0.8893 -0.0505 -0.4545
vn 0.6768 0.0583 -0.7338
vn 0.7979 0.4470 -0.4045
vn 0.4306 0.5854 -0.6870
vn 0.7945 0.4854 -0.3649
vn 0.7046 0.6497 -0.2855
vn 0.8782 0.4653 -0.1104
vn 0.5833 0.6169 -0.5284
vn -0.0477 0.6323 -0.7732
vn -0.0528 0.9624 -0.2663
vn 0.2697 0.9451 0.1846
vn 0.5636 0.6390 0.5235
vn 0.8864 0.1287 0.4447
vn 0.7404 -0.1730 0.6496
vn -0.3905 0.0645 0.9183
vn 0.3448 0.5321 0.7733
vn -0.3655 -0.6851 0.6301
vn 0.4266 -0.9021 -0.0654
vn 0.6008 -0.4255 0.6768
vn 0.1768 -0.2117 0.9612
vn -0.1112 0.2883 0.9511
vn -0.3703 0.7220 0.5844
vn -0.7494 0.6561 0.0890
vn -0.8347 0.3868 -0.3919
vn -0.3442 0.2240 -0.9118
vn -0.3820 0.5582 -0.7366
vn -0.4598 0.6017 -0.6531
vn -0.3488 0.9234 -0.1599
vn -0.9114 0.3343 0.2398
vn -0.9204 -0.3816 -0.0847
vn -0.1614 -0.5960 -0.7866
vn -0.7043 0.4132 -0.5773
vn 0.4368 0.1239 -0.8910
vn -0.7378 0.2767 -0.6157
vn 0.3733 0.7206 -0.5842
vn -0.6953 -0.5507 0.4618
vn -0.8303 -0.4821 0.2796
vn -0.9576 -0.2073 -0.2001
vn -0.9404 0.3338 -0.0655
vn -0.9473 -0.0411 0.3176
vn -0.1561 -0.1535 0.9757
vn 0.3964 -0.3525 0.8477
vn 0.4273 0.0130 0.9040
vn -0.4463 -0.1205 0.8867
vn -0.8108 0.0093 0.5853
vn -0.8390 -0.0392 0.5427
vn -0.6690 -0.0780 0.7391
vn -0.7804 0.0637 0.6221
vn -0.8961 0.0207 0.4433
vn 0.9575 -0.1905 -0.2165
vn 0.9013 0.4233 0.0917
vn -0.2339 0.7846 -0.5742
vn 0.1325 0.3996 -0.9071
vn -0.8956 -0.2113 -0.3914
vn 0.5794 0.7787 0.2406
vn 0.9077 0.3996 -0.1284
vn 0.9068 -0.4000 -0.1331
vn 0.1285 -0.3991 -0.9079
vn 0.4383 -0.6028 0.6668
vn 0.1651 -0.3102 0.9362
vn 0.1669 0.3172 0.9336
vn 0.5732 -0.7857 0.2327
vn -0.2397 -0.7791 -0.5793
vn -0.6980 0.5110 -0.5017
vn -0.8981 0.2026 -0.3904
vn 0.4361 0.6018 0.6691
vn 0.5555 0.6230 0.5507
vn 0.4428 -0.7885 0.4268
vn -0.4310 -0.7816 -0.4510
vn -0.5444 0.6291 -0.5549
vn -0.6992 -0.5133 -0.4976
vn -0.4279 0.7874 -0.4437
vn 0.4526 0.7798 0.4324
vn 0.5576 -0.6248 0.5465
vn -0.5461 -0.6309 -0.5511
vn 0.8406 0.4477 0.3049
vn -0.0872 0.2521 0.9638
vn -0.1455 -0.8340 0.5323
vn 0.7837 -0.6103 -0.1154
vn -0.1148 0.2401 0.9639
vn 0.8286 0.4506 0.3322
vn 0.8348 -0.5110 -0.2048
vn -0.3132 -0.7463 0.5873
vn -0.8941 -0.4196 -0.1565
vn 0.2528 -0.1838 -0.9499
vn 0.3035 0.7597 -0.5751
vn -0.8451 0.4932 0.2062
vn -0.5461 -0.6310 -0.5511
vn -0.8981 0.2025 -0.3904
vn 0.1670 0.3172 0.9336
vn 0.4527 0.7798 0.4324
vn -0.2397 -0.7790 -0.5793
vn 0.4361 0.6017 0.6691
vn -0.5444 0.6291 -0.5548
vn 0.1166 -0.6605 0.7418
vn -0.5158 -0.7991 0.3089
vn 0.1165 -0.6604 0.7418
vn 0.6747 -0.1270 0.7271
vn 0.6747 -0.1269 0.7271
vn 0.8338 0.4637 0.2996
vn 0.8338 0.4637 0.2997
vn 0.5158 0.7991 -0.3089
vn -0.1033 0.6679 -0.7371
vn -0.6520 0.1621 -0.7407
vn -0.6520 0.1620 -0.7407
vn -0.8353 -0.4531 -0.3113
vn -0.8353 -0.4532 -0.3113
vn 0.0540 -0.6013 0.7972
vn 0.9067 -0.3806 0.1817
vn 0.7110 -0.6735 -0.2022
vn -0.2913 -0.9311 0.2196
vn 0.5657 -0.7323 -0.3791
vn 0.2350 -0.5455 -0.8045
vn -0.6385 -0.7367 -0.2227
vn -0.9382 -0.0627 -0.3405
vn 0.0408 0.1250 -0.9913
vn -0.8691 -0.3814 -0.3148
vn 0.1369 -0.1423 -0.9803
vn 0.3971 0.6429 -0.6550
vn 0.2900 -0.2284 -0.9294
vn 0.9504 0.3073 0.0473
vn 0.7308 -0.6743 -0.1062
vn -0.1886 -0.8734 0.4489
vn -0.9227 0.3250 0.2073
vn -0.3645 0.0367 0.9305
vn -0.1773 -0.8719 0.4565
vn -0.8883 -0.4279 -0.1669
vn 0.1892 0.7663 -0.6140
vn -0.8300 0.5550 0.0562
vn -0.9022 0.3925 -0.1791
vn 0.0873 0.5667 -0.8193
vn -0.5592 0.7453 0.3630
vn 0.3116 0.9239 -0.2220
vn 0.6443 0.7375 0.2021
vn -0.2142 0.5504 0.8070
vn 0.0643 -0.1401 0.9881
vn 0.9229 0.0733 0.3779
vn -0.1223 0.3517 0.9281
vn -0.8155 0.5150 0.2640
vn -0.2553 0.1789 0.9502
vn -0.2502 -0.6822 0.6870
vn -0.9458 -0.3231 -0.0333
vn 0.7827 0.5518 0.2879
vn 0.3474 -0.0225 -0.9375
vn 0.2986 0.7632 -0.5730
vn 0.8652 0.4825 0.1363
vn 0.8798 -0.4620 -0.1114
vn 0.1780 0.8204 -0.5433
vn 0.1211 -0.2377 -0.9638
vn -0.8256 -0.4515 -0.3384
vn -0.7673 0.6345 0.0931
vn -0.4990 -0.8330 -0.2388
vn -0.0605 -0.2622 -0.9631
vn 0.0538 -0.8944 -0.4441
vn 0.1535 -0.8750 0.4592
vn -0.4310 -0.8198 0.3770
vn 0.1507 -0.2199 0.9638
vn -0.6311 -0.3072 0.7123
vn 0.6169 0.2864 -0.7331
vn 0.6624 -0.0603 -0.7468
vn 0.6276 -0.6685 -0.3990
vn 0.7026 -0.6540 0.2805
vn 0.1818 0.3385 0.9232
vn 0.7672 0.3183 0.5569
vn 0.9101 0.2746 0.3102
vn 0.8180 -0.0208 0.5749
vn 0.9872 -0.1376 0.0805
vn 0.9465 -0.1523 -0.2844
vn 0.9368 0.3363 -0.0964
vn 0.7657 0.3357 -0.5487
vn 0.9192 0.3858 -0.0795
vn 0.8204 0.5599 -0.1160
vn 0.8688 0.4642 0.1726
vn 0.8268 0.4335 -0.3584
vn 0.3945 0.3107 -0.8648
vn 0.1838 0.7977 -0.5743
vn 0.2485 0.9673 -0.0502
vn 0.3108 0.8259 0.4704
vn 0.5754 0.3483 0.7400
vn 0.3180 0.1285 0.9393
vn -0.7715 0.3550 0.5280
vn -0.0108 0.7977 0.6030
vn -0.6925 -0.4435 0.5689
vn 0.3069 -0.8295 0.4667
vn 0.1562 -0.1082 0.9818
vn -0.3264 0.1582 0.9319
vn -0.5194 0.5973 0.6111
vn -0.5244 0.8505 0.0405
vn -0.6261 0.5831 -0.5177
vn -0.5003 0.1547 -0.8519
vn 0.1581 -0.1424 -0.9771
vn 0.0774 0.2280 -0.9706
vn -0.0257 0.2919 -0.9561
vn -0.1294 0.7756 -0.6178
vn -0.8739 0.3239 -0.3625
vn -0.8037 -0.4588 -0.3789
vn 0.1702 -0.8473 -0.5032
vn -0.2953 0.1239 -0.9473
vn 0.8190 -0.1661 -0.5493
vn -0.3208 -0.0195 -0.9469
vn 0.6813 0.4935 -0.5406
vn -0.8857 -0.4044 0.2279
vn -0.9094 -0.4159 -0.0075
vn -0.7624 -0.3404 -0.5503
vn -0.7536 0.2128 -0.6219
vn -0.9824 -0.0009 -0.1867
vn -0.6176 0.1910 0.7629
vn -0.0957 0.0043 0.9954
vn -0.0566 0.3671 0.9285
vn -0.8249 0.1670 0.5401
vn -0.9854 0.1518 0.0769
vn -0.9949 0.0893 0.0459
vn -0.9444 0.1365 0.2993
vn -0.9706 0.2180 0.1021
vn -0.9910 0.1053 -0.0825
vn 0.9183 -0.1781 0.3535
vn 0.7882 0.4986 0.3608
vn -0.1485 -0.3582 0.9217
vn -0.8119 -0.1774 0.5563
vn -0.8119 -0.1773 0.5562
vn 0.5993 -0.3232 0.7324
vn 0.5994 -0.3232 0.7323
vn 0.9856 -0.1054 0.1321
vn 0.9856 -0.1054 0.1320
vn 0.8119 0.1774 -0.5562
vn 0.1641 0.3566 -0.9197
vn -0.5637 0.3309 -0.7568
vn -0.5638 0.3310 -0.7567
vn -0.9829 0.1110 -0.1466
vn -0.9829 0.1111 -0.1466
vn 0.0526 -0.7106 -0.7016
vn -0.5317 -0.6722 -0.5151
vn -0.7020 0.4853 -0.5212
vn -0.1532 0.6885 -0.7089
vn -0.5737 0.5103 0.6407
vn -0.6846 -0.5999 -0.4141
vn -0.8277 0.3731 -0.4192
vn -0.4034 -0.6473 0.6467
vn -0.5975 0.4942 0.6315
vn -0.5750 -0.5786 0.5785
vn -0.9762 0.1385 -0.1667
vn -0.9890 0.0824 -0.1225
vn -0.9890 0.1047 -0.1040
vn -0.7080 0.5030 -0.4958
vn -0.9762 0.1684 -0.1364
vn -0.9890 0.1230 -0.0816
vn -0.7080 0.5900 -0.3881
vn -0.9762 0.1918 -0.1010
vn -0.9890 0.1366 -0.0560
vn -0.7080 0.6544 -0.2656
vn -0.9768 0.2051 -0.0618
vn -0.9826 0.1851 -0.0142
vn -0.7070 0.7072 0.0005
vn -0.9658 0.2132 -0.1479
vn -0.9975 0.0707 -0.0071
vn -1.0000 -0.0000 -0.0002
vn -0.9891 0.0550 -0.1365
vn -0.9827 0.0161 -0.1846
vn -0.9976 0.0111 -0.0678
vn -0.9671 0.1503 -0.2051
vn -0.7084 0.0132 -0.7057
vn -0.9772 0.0636 -0.2025
vn -0.7080 0.2749 -0.6505
vn -0.9762 0.1033 -0.1905
vn -0.7080 0.3966 -0.5844
vn -0.2946 0.6110 -0.7348
vn -0.0694 0.9707 -0.2301
vn -0.0997 0.3984 -0.9118
vn -0.2032 0.7215 -0.6619
vn -0.7866 0.0378 -0.6163
vn 0.6592 0.3400 -0.6707
vn 0.6875 -0.1511 -0.7103
vn -0.0607 -0.1688 -0.9838
vn -0.6386 -0.0606 -0.7672
vn -0.8803 -0.4249 -0.2111
vn -0.6642 -0.1230 0.7373
vn -0.1674 -0.6273 0.7606
vn -0.7005 -0.4348 -0.5660
vn -0.5900 -0.6049 0.5348
vn -0.5343 -0.4942 -0.6858
vn -0.7763 -0.6304 0.0076
vn 0.9847 -0.1598 0.0696
vn 0.8505 0.5242 -0.0438
vn 0.6222 0.5369 -0.5697
vn 0.0788 -0.5203 -0.8504
vn 0.7654 -0.0399 0.6424
vn 0.5460 -0.4150 0.7278
vn 0.6186 0.0336 0.7850
vn 0.2236 -0.3918 0.8925
vn -0.7373 -0.1230 0.6642
vn -0.7938 -0.5849 0.1665
vn -0.5342 -0.6298 0.5639
vn -0.0763 -0.6451 0.7603
vn 0.6768 -0.5064 0.5344
vn -0.4200 0.8265 0.3749
vn 0.2282 0.9705 0.0782
vn -0.9162 0.3962 0.0601
vn -0.2332 0.6058 -0.7607
vn 0.6700 0.7179 0.1887
vn 0.7400 0.6069 0.2900
vn 0.9071 0.4032 0.1210
vn 0.3294 0.8729 0.3600
vn 0.0426 0.7744 -0.6313
vn 0.4379 0.8003 -0.4097
vn 0.7016 0.7044 -0.1080
vn -0.0142 0.9999 0.0050
vn -0.3381 0.8786 -0.3372
vn -0.1004 0.8495 0.5179
vn -0.3291 0.8608 0.3882
vn -0.5136 0.8573 0.0351
vn -0.0932 0.3422 0.9350
vn -0.7005 0.2922 0.6511
vn -0.6751 -0.3741 0.6359
vn -0.4852 -0.7035 0.5194
vn -0.3748 0.8266 0.4200
vn 0.7559 0.6067 0.2460
vn -0.0000 -0.3226 -0.9465
vn 0.6693 -0.3225 -0.6693
vn 0.3939 -0.8305 -0.3938
vn -0.0000 -0.8306 -0.5569
vn 0.5299 -0.6622 -0.5299
vn -0.0000 -0.6382 -0.7699
vn -0.6693 -0.3226 -0.6693
vn -0.3937 -0.8307 -0.3937
vn -0.5444 -0.6382 -0.5444
vn -0.7699 -0.6382 -0.0000
vn -0.9466 -0.3226 -0.0000
vn -0.7071 0.7071 -0.0000
vn -0.5159 0.6866 -0.5123
vn 0.0021 0.6962 -0.7179
vn 0.6219 0.4759 -0.6219
vn 0.5569 -0.8306 -0.0000
vn 0.3939 -0.8305 0.3939
vn 0.5444 -0.6382 0.5444
vn -0.0000 -0.6382 0.7699
vn 0.0001 -0.8306 0.5569
vn -0.5444 -0.6382 0.5444
vn -0.3937 -0.8306 0.3938
vn -0.5569 -0.8306 -0.0000
vn 0.9465 -0.3226 -0.0000
vn 0.6693 -0.3224 0.6694
vn -0.0000 -0.3226 0.9465
vn -0.6693 -0.3225 0.6693
vn -0.5000 0.7071 0.5000
vn -0.0000 0.7071 0.7071
vn 0.5000 0.7071 0.5000
vn 0.7071 0.7071 -0.0000
vn 0.7699 -0.6382 -0.0000
vn -0.0057 1.0000 -0.0004
vn -0.0569 0.9973 -0.0457
vn 0.0057 0.9993 -0.0373
vn -0.0000 1.0000 0.0001
vn -0.0000 -0.0000 1.0000
vn 0.7071 -0.0000 0.7071
vn 1.0000 -0.0000 -0.0000
vn -0.7071 -0.0000 -0.7071
vn -0.9202 0.3914 -0.0000
vn -0.0002 0.3912 0.9203
vn -0.0006 0.9054 0.4246
vn 0.5555 -0.0000 0.8315
vn -0.8315 -0.0000 -0.5556
vn 0.3002 0.9054 0.3002
vn 0.0752 0.9287 0.3631
vn 0.1782 0.3634 0.9144
vn 0.6507 0.3914 0.6507
vn 0.1951 -0.0000 0.9808
vn 0.5295 0.3518 0.7719
vn 0.2030 0.9260 0.3184
vn -0.4245 0.9054 -0.0000
vn -0.3652 0.9280 -0.0744
vn -0.3239 0.9237 -0.2048
vn -0.7731 0.3460 -0.5317
vn -0.9145 0.3624 -0.1797
vn -0.9808 -0.0000 -0.1951
vn -0.6507 0.3912 -0.6508
vn -0.2998 0.9054 -0.3005
vn 0.6507 0.3914 -0.6507
vn 0.3002 0.9054 -0.3002
vn 0.2994 0.9434 -0.1430
vn 0.1426 0.9433 -0.2999
vn 0.3008 0.9055 -0.2994
vn 0.6510 0.3911 -0.6506
vn 0.3242 0.3541 -0.8772
vn 0.8766 0.3548 -0.3252
vn 0.3826 -0.0000 -0.9239
vn -0.2672 0.2613 0.9275
vn -0.9274 0.2614 0.2675
vn -0.6519 0.7569 -0.0456
vn -0.3888 0.0894 0.9170
vn -0.6553 0.7542 -0.0419
vn -0.5131 0.8583 -0.0072
vn 0.0060 0.8580 0.5135
vn -0.2056 0.6578 0.7246
vn -0.7245 0.6579 0.2057
vn -0.3483 0.3560 0.8671
vn -0.8672 0.3560 0.3482
vn -0.9170 0.0894 0.3888
vn -0.9310 0.0415 -0.3627
vn -0.8489 0.1005 -0.5189
vn -0.7804 0.2060 -0.5904
vn -0.7553 0.3897 -0.5270
vn -0.8520 0.2984 -0.4301
vn -0.9167 0.1614 -0.3656
vn -0.3085 -0.6533 -0.6914
vn -0.4510 -0.7037 -0.5490
vn -0.3087 -0.6533 -0.6913
vn -0.1464 -0.5000 -0.8535
vn -0.0380 -0.2706 -0.9619
vn -0.0024 -0.0693 -0.9976
vn -0.0381 -0.2708 -0.9619
vn -0.3087 -0.6534 -0.6912
vn -0.7796 0.2063 -0.5913
vn -0.4529 -0.7040 -0.5470
vn -0.7542 0.3910 -0.5275
vn -0.3105 -0.6544 -0.6895
vn -0.8521 0.2984 -0.4300
vn -0.1464 -0.5000 -0.8536
vn -0.9167 0.1615 -0.3655
vn -0.0381 -0.2706 -0.9619
vn -0.5108 0.8597 -0.0089
vn -0.7245 0.6578 0.2058
vn -0.8672 0.3560 0.3483
vn -0.9239 -0.0000 0.3827
vn -0.9239 -0.0000 -0.3827
vn -0.3825 -0.0000 0.9239
vn -0.3886 0.0894 0.9171
vn 0.4301 0.2983 0.8520
vn 0.3656 0.1614 0.9167
vn 0.9619 -0.2706 0.0381
vn 0.9976 -0.0693 0.0024
vn 0.3629 0.0414 0.9309
vn 0.3829 -0.0000 0.9238
vn 0.3828 -0.0000 0.9238
vn 1.0000 -0.0000 -0.0001
vn -0.3482 0.3560 0.8672
vn -0.2057 0.6578 0.7246
vn 0.0077 0.8595 0.5111
vn 0.5269 0.3898 0.7552
vn 0.0459 0.7585 0.6501
vn 0.5919 0.2064 0.7791
vn 0.5187 0.1005 0.8490
vn 0.3627 0.0415 0.9310
vn 0.3654 0.1615 0.9168
vn 0.4302 0.2983 0.8520
vn 0.5264 0.3883 0.7564
vn 0.0427 0.7557 0.6535
vn 0.5910 0.2061 0.7799
vn 0.6914 -0.6533 0.3085
vn 0.9619 -0.2706 0.0380
vn 0.5490 -0.7037 0.4510
vn 0.6913 -0.6533 0.3086
vn 0.8535 -0.5000 0.1465
vn 0.5181 0.1002 0.8494
vn 0.3656 0.1615 0.9167
vn -0.7246 0.6577 0.2056
vn -0.5110 0.8596 -0.0075
vn -0.7552 0.3901 -0.5268
vn 0.0075 0.8595 0.5111
vn 0.5268 0.3900 0.7553
vn 0.8536 -0.5000 0.1465
vn 0.6913 -0.6533 0.3087
vn 0.5975 -0.6935 0.4025
vn 0.5797 0.4204 0.6980
vn 0.1264 0.9147 0.3838
vn -0.3836 0.9148 -0.1263
vn -0.6979 0.4207 -0.5796
vn -0.4025 -0.6935 -0.5976
vn -0.8520 0.2983 -0.4302
vn -0.9168 0.1616 -0.3650
vn -0.0379 -0.2707 -0.9619
vn -0.8493 0.1002 -0.5184
vn -0.8670 0.3561 0.3487
vn -0.9276 0.2598 0.2685
vn -0.3885 0.0894 0.9171
vn -0.2683 0.2596 0.9277
vn 0.5470 -0.7040 0.4530
vn 0.6895 -0.6543 0.3105
vn -0.0006 0.7072 0.7071
vn 0.0141 0.1851 0.9826
vn 0.0618 0.2051 0.9768
vn 0.1479 0.2132 0.9658
vn 0.0071 0.0707 0.9975
vn 0.0002 -0.0000 1.0000
vn 0.0560 0.1366 0.9890
vn 0.0816 0.1230 0.9890
vn 0.1040 0.1047 0.9890
vn 0.1225 0.0824 0.9890
vn 0.1365 0.0550 0.9891
vn 0.1846 0.0161 0.9827
vn 0.1667 0.1385 0.9762
vn 0.4957 0.5030 0.7080
vn 0.1364 0.1684 0.9762
vn 0.3881 0.5900 0.7080
vn 0.1010 0.1917 0.9762
vn 0.2656 0.6544 0.7080
vn 0.0678 0.0111 0.9976
vn 0.2051 0.1503 0.9671
vn 0.7057 0.0132 0.7083
vn 0.2025 0.0636 0.9772
vn 0.6505 0.2749 0.7080
vn 0.1905 0.1033 0.9762
vn 0.5844 0.3965 0.7080
vn 0.3827 0.9239 -0.0000
vn 0.3899 0.9207 0.0133
vn 0.9160 0.3993 0.0383
vn 0.8599 0.5103 0.0139
vn 0.4102 0.7705 0.4880
vn 0.6812 0.2773 0.6776
vn 0.7225 -0.0783 0.6869
vn 0.9877 -0.1383 0.0732
vn 0.9975 -0.0615 0.0335
vn 0.8541 0.5201 0.0002
vn 0.8666 0.4991 -0.0041
vn 0.9996 -0.0286 -0.0057
vn 0.9997 -0.0210 0.0149
vn 0.9853 -0.1708 -0.0045
vn 0.9815 -0.1906 0.0185
vn 0.9992 -0.0404 0.0028
vn 0.9886 -0.1494 0.0180
vn 0.9821 -0.1881 0.0038
vn 0.9742 -0.2237 0.0311
vn 0.9909 -0.1126 -0.0734
vn 0.9975 -0.0665 0.0236
vn 0.9959 -0.0823 0.0379
vn 0.9939 -0.0241 0.1080
vn 0.9534 -0.0247 0.3006
vn 0.9995 -0.0277 0.0126
vn 0.9963 -0.0842 -0.0175
vn 0.9997 -0.0169 -0.0196
vn 0.7378 -0.1336 0.6617
vn 0.6378 -0.0232 0.7699
vn 0.5824 -0.0349 0.8122
vn 0.7253 0.0786 0.6839
vn 0.9992 0.0386 0.0049
vn 0.9964 0.0853 -0.0005
vn 0.9985 0.0503 -0.0212
vn 0.9724 0.0162 0.2328
vn 0.9579 0.0388 0.2846
vn 0.9956 0.0679 0.0638
vn 0.9948 0.0831 -0.0594
vn 0.9900 0.0965 0.1027
vn 0.9525 0.1524 -0.2638
vn 1.0000 -0.0086 -0.0003
vn 0.9903 0.0418 0.1324
vn 0.9856 0.0564 -0.1596
vn 0.9832 -0.0164 0.1819
vn 0.9473 0.0988 -0.3046
vn 0.9834 0.0435 0.1760
vn 0.9590 0.0170 0.2830
vn 0.9882 0.1407 0.0606
vn 0.8362 0.2677 0.4787
vn 0.8856 0.0473 0.4621
vn 0.9662 0.0202 0.2572
vn 0.9793 0.0953 0.1783
vn 0.9718 0.0588 -0.2285
vn 0.9716 0.0788 -0.2230
vn 0.9603 -0.0024 -0.2789
vn 0.9598 -0.0303 -0.2789
vn 0.9952 0.0759 0.0619
vn 0.9991 -0.0232 0.0346
vn 0.9975 0.0663 0.0241
vn 0.9977 0.0656 0.0152
vn 0.9986 0.0429 0.0312
vn 0.9924 0.0967 0.0765
vn 0.9740 0.0943 0.2059
vn 0.9985 0.0513 0.0189
vn 0.9990 0.0082 -0.0449
vn 0.9987 0.0480 -0.0145
vn 0.9963 0.0846 -0.0169
vn 0.9824 0.1368 0.1274
vn 0.9665 0.1055 -0.2340
vn 0.9735 -0.0272 -0.2272
vn 0.9928 0.0736 0.0947
vn 0.9854 0.1196 -0.1208
vn 0.9793 -0.0084 -0.2021
vn 0.9990 0.0320 0.0299
vn 0.9295 0.0260 -0.3680
vn 0.9976 0.0583 0.0376
vn 0.9119 0.1905 0.3636
vn 0.9241 0.0505 0.3788
vn 0.9925 0.1086 0.0566
vn 0.9797 0.0175 0.1996
vn 0.8851 0.0193 -0.4651
vn 0.8623 0.2199 0.4561
vn 0.9743 0.0981 -0.2029
vn 0.8918 0.2445 -0.3806
vn 0.8634 0.0833 -0.4976
vn 0.8240 0.0866 -0.5600
vn 0.9640 0.0348 -0.2637
vn 0.9905 -0.1368 0.0114
vn 0.9897 -0.1417 0.0207
vn 0.9990 -0.0445 0.0106
vn 0.9984 0.0494 0.0265
vn 0.9975 0.0712 0.0016
vn 0.9989 -0.0464 -0.0070
vn 0.9982 -0.0586 -0.0147
vn 0.9982 0.0595 -0.0096
vn 0.9999 -0.0091 0.0046
vn 0.9999 0.0098 0.0046
vn 0.9998 0.0177 0.0054
vn 0.8406 0.5417 0.0074
vn 0.8282 0.5604 0.0030
vn 0.8293 0.5588 -0.0008
vn 0.8420 0.5395 -0.0025
vn 0.8577 0.5141 -0.0041
vn 0.8431 0.5378 0.0044
vn 0.8500 0.5268 -0.0024
vn 0.9996 0.0296 -0.0031
vn 0.8446 0.5354 0.0025
vn 0.9999 0.0113 0.0019
vn 0.8540 0.5202 -0.0042
vn 1.0000 0.0025 -0.0093
vn 0.8382 0.5454 0.0070
vn 0.8457 0.5336 -0.0039
vn 0.8523 0.5230 -0.0020
vn 0.8524 0.5228 0.0003
vn 0.8579 0.5139 -0.0021
vn 0.8768 0.4808 -0.0072
vn 0.9994 -0.0272 0.0215
vn 0.9991 -0.0350 -0.0247
vn 0.9997 0.0029 -0.0244
vn 0.9978 -0.0650 0.0161
vn 0.9980 -0.0636 -0.0019
vn 0.9892 -0.1444 -0.0241
vn 0.9956 0.0204 -0.0914
vn 0.9989 -0.0447 -0.0120
vn 0.9887 -0.1500 0.0026
vn 0.9982 -0.0571 -0.0174
vn 0.9780 -0.2059 0.0333
vn 0.9664 -0.2572 0.0027
vn 0.9842 -0.1671 -0.0592
vn 0.9719 -0.2355 -0.0061
vn 0.9976 0.0578 -0.0369
vn 0.9892 0.0985 0.1087
vn 0.9984 0.0540 -0.0144
vn 0.9449 0.0270 -0.3262
vn 0.9862 0.0716 -0.1492
vn 0.9568 0.1249 0.2625
vn 0.9399 0.1127 0.3223
vn 0.9978 0.0156 -0.0642
vn 0.9957 -0.0262 -0.0891
vn 0.9966 0.0218 0.0793
vn 0.9754 0.1090 -0.1914
vn 0.9828 0.1797 -0.0435
vn 0.9894 0.1336 -0.0566
vn 0.9729 0.0335 0.2287
vn 0.9070 0.0079 0.4210
vn 0.9612 -0.2120 0.1763
vn 0.9718 -0.1592 -0.1741
vn 0.9981 0.0445 -0.0421
vn 0.9395 0.1610 0.3023
vn 0.9535 0.1312 0.2714
vn 0.9789 0.1262 -0.1609
vn 0.9945 0.0528 0.0907
vn 0.9655 -0.0519 -0.2553
vn 0.8785 -0.0110 -0.4777
vn 0.9696 0.0200 -0.2438
vn 0.9549 0.0342 -0.2950
vn 0.9662 0.0692 -0.2483
vn 0.9893 0.0719 -0.1270
vn 0.9502 0.0103 -0.3115
vn 0.9501 0.0461 -0.3084
vn 0.9945 0.1022 -0.0219
vn 0.9923 0.1196 -0.0336
vn 0.9885 -0.1498 -0.0228
vn 0.9879 0.0446 0.1488
vn 0.9961 0.0344 -0.0810
vn 0.9939 0.1072 0.0263
vn 0.9995 0.0240 -0.0195
vn 0.9982 0.0567 -0.0215
vn 0.9954 0.0856 -0.0436
vn 0.9980 0.0505 0.0382
vn 0.9945 0.1001 -0.0294
vn 0.9428 0.0880 0.3217
vn 0.9842 0.0599 -0.1664
vn 0.9179 0.0130 -0.3965
vn 0.9942 0.0121 -0.1067
vn 0.9598 0.0416 0.2777
vn 0.9980 0.0487 0.0410
vn 0.8724 0.0398 -0.4871
vn 0.9934 0.0044 -0.1147
vn 0.8833 0.0361 0.4673
vn 0.9265 -0.0587 -0.3718
vn 0.9686 -0.2192 -0.1171
vn 0.8592 0.0273 0.5109
vn 0.8758 0.4826 0.0011
vn 0.8638 0.5038 0.0031
vn 0.8825 0.4703 -0.0092
vn 0.9217 0.3852 -0.0458
vn 0.9991 -0.0412 -0.0039
vn 0.9964 -0.0849 0.0040
vn 0.9911 -0.1267 -0.0399
vn 0.9916 -0.0981 -0.0847
vn 0.9891 -0.1332 0.0621
vn 0.9991 0.0150 -0.0391
vn 0.9985 0.0123 0.0540
vn 0.9982 0.0133 0.0577
vn 0.9976 0.0147 0.0674
vn 0.9774 -0.2106 -0.0172
vn 0.9959 -0.0182 0.0891
vn 0.9936 0.0509 0.1006
vn 0.9942 0.0438 0.0985
vn 0.9938 0.1067 -0.0301
vn 0.9802 -0.0154 0.1975
vn 0.9910 -0.0335 -0.1296
vn 0.9978 0.0311 -0.0591
vn 0.9981 0.0001 0.0622
vn 0.9844 0.1756 -0.0051
vn 0.9447 0.0202 -0.3274
vn 0.9282 0.1610 0.3355
vn 0.8909 0.1153 0.4393
vn 0.9112 0.1236 0.3931
vn 0.9315 0.1918 -0.3091
vn 0.8205 0.1187 -0.5592
vn 0.9768 0.0103 -0.2137
vn 0.9947 0.0805 0.0646
vn 0.9207 0.2122 -0.3275
vn 0.9754 0.0214 -0.2194
vn 0.8968 0.3930 0.2031
vn 0.8463 0.2686 0.4600
vn 0.9894 0.0286 0.1427
vn 0.9513 -0.0148 0.3080
vn 0.9884 0.0323 -0.1485
vn 0.9884 -0.0197 0.1503
vn 0.9976 0.0675 0.0128
vn 0.9890 -0.1032 0.1063
vn 0.9901 0.0069 -0.1405
vn 0.9896 0.0180 0.1427
vn 0.9794 -0.0596 0.1927
vn 0.9992 -0.0340 0.0199
vn 0.9993 -0.0326 -0.0172
vn 0.9800 0.0123 -0.1984
vn 0.9601 0.1194 -0.2528
vn 0.9930 0.0458 -0.1092
vn 0.9943 0.0040 -0.1069
vn 0.9498 -0.0737 -0.3042
vn 0.9944 -0.0798 0.0686
vn 0.8671 -0.0092 0.4980
vn 0.8657 0.0171 0.5003
vn 0.9938 0.0319 0.1067
vn 0.9961 0.0167 0.0862
vn 0.9962 0.0493 0.0716
vn 0.9050 0.0973 -0.4140
vn 0.9921 -0.0179 0.1244
vn 0.9469 -0.0368 0.3194
vn 0.9932 -0.0281 -0.1126
vn 0.9642 -0.0592 -0.2585
vn 0.9896 -0.0748 -0.1230
vn 0.9636 0.0099 0.2673
vn 0.0147 -0.0586 0.9982
vn 0.0031 0.0296 0.9996
vn -0.0016 0.0712 0.9975
vn 0.0024 0.5268 0.8500
vn -0.0025 0.5354 0.8446
vn -0.0000 0.9239 0.3827
vn -0.0044 0.5377 0.8431
vn 0.0096 0.0595 0.9982
vn 0.0070 -0.0464 0.9989
vn -0.0106 -0.0445 0.9990
vn -0.0265 0.0494 0.9984
vn -0.0128 0.0675 0.9976
vn 0.0130 -0.0811 0.9966
vn -0.0019 0.0113 0.9999
vn 0.0042 0.5202 0.8540
vn -0.0070 0.5453 0.8382
vn -0.1063 -0.1032 0.9890
vn -0.1503 -0.0197 0.9884
vn 0.1405 0.0069 0.9901
vn -0.1427 0.0180 0.9896
vn -0.1927 -0.0596 0.9794
vn -0.0199 -0.0340 0.9992
vn 0.0172 -0.0326 0.9993
vn 0.4976 0.0833 0.8634
vn -0.0241 0.0663 0.9975
vn 0.2029 0.0981 0.9743
vn -0.4561 0.2199 0.8623
vn 0.3806 0.2445 0.8918
vn 0.5600 0.0866 0.8240
vn 0.2637 0.0348 0.9640
vn 0.1984 0.0123 0.9800
vn 0.2528 0.1194 0.9601
vn 0.1092 0.0458 0.9930
vn 0.1069 0.0040 0.9943
vn 0.3042 -0.0737 0.9498
vn -0.0686 -0.0798 0.9944
vn -0.4980 -0.0092 0.8671
vn -0.5003 0.0171 0.8657
vn -0.1067 0.0319 0.9938
vn -0.0862 0.0167 0.9961
vn -0.0716 0.0493 0.9962
vn 0.4140 0.0973 0.9050
vn -0.1244 -0.0179 0.9921
vn -0.3194 -0.0369 0.9469
vn 0.1126 -0.0281 0.9932
vn 0.1485 0.0323 0.9884
vn 0.2585 -0.0592 0.9642
vn 0.1230 -0.0748 0.9896
vn -0.2673 0.0099 0.9636
vn -0.0382 0.0505 0.9980
vn 0.0294 0.1001 0.9945
vn 0.0436 0.0856 0.9954
vn 0.0093 0.0025 1.0000
vn 0.0241 -0.0899 0.9957
vn -0.0008 -0.1554 0.9879
vn 0.0219 0.1022 0.9945
vn 0.0215 0.0567 0.9982
vn -0.3217 0.0880 0.9428
vn -0.0215 -0.0272 0.9994
vn 0.0228 -0.1498 0.9885
vn 0.0039 0.5336 0.8457
vn 0.0247 -0.0350 0.9991
vn 0.0592 -0.1671 0.9842
vn 0.2483 0.0692 0.9662
vn 0.0144 0.0540 0.9984
vn 0.3262 0.0270 0.9449
vn 0.1492 0.0716 0.9862
vn -0.0330 -0.2062 0.9780
vn -0.1077 0.0988 0.9893
vn 0.0707 0.0555 0.9960
vn -0.0027 -0.2572 0.9664
vn 0.0244 0.0029 0.9997
vn 0.0020 0.5230 0.8523
vn -0.0003 0.5228 0.8524
vn -0.2625 0.1249 0.9568
vn -0.3223 0.1127 0.9399
vn 0.0642 0.0156 0.9978
vn 0.0891 -0.0262 0.9957
vn -0.0695 0.0209 0.9974
vn -0.0907 0.0528 0.9945
vn 0.1609 0.1262 0.9789
vn -0.2714 0.1312 0.9535
vn -0.3023 0.1610 0.9395
vn 0.0422 0.0445 0.9981
vn 0.1741 -0.1592 0.9718
vn -0.1763 -0.2120 0.9612
vn -0.4210 0.0079 0.9070
vn 0.0566 0.1336 0.9894
vn -0.2287 0.0335 0.9729
vn -0.3032 -0.0114 0.9528
vn 0.4069 0.2111 0.8887
vn 0.3578 0.0089 0.9337
vn -0.1421 0.1180 0.9828
vn 0.1334 0.1654 0.9772
vn -0.1498 0.4034 0.9027
vn -0.4299 0.2770 0.8593
vn 0.2360 0.1045 0.9661
vn -0.1324 0.0345 0.9906
vn 0.0864 -0.0126 0.9962
vn 0.0201 -0.1624 0.9865
vn 0.0032 -0.1564 0.9877
vn -0.0031 -0.0760 0.9971
vn -0.0159 -0.0220 0.9996
vn -0.0657 0.0031 0.9978
vn 0.2237 0.0040 0.9746
vn 0.0628 0.0732 0.9953
vn -0.1854 0.0913 0.9784
vn 0.0182 0.0694 0.9974
vn 0.3405 0.0613 0.9383
vn 0.1968 0.0348 0.9798
vn 0.0677 0.0639 0.9957
vn 0.0322 0.0826 0.9961
vn 0.0423 0.0201 0.9989
vn -0.0074 0.0141 0.9999
vn -0.0529 -0.0380 0.9979
vn 0.0235 -0.2375 0.9711
vn 0.0358 -0.2193 0.9750
vn 0.0068 -0.0923 0.9957
vn 0.0365 -0.1713 0.9845
vn 0.0122 0.4585 0.8886
vn 0.0332 0.4115 0.9108
vn 0.0433 -0.1254 0.9912
vn -0.0965 -0.1788 0.9791
vn -0.0857 0.0108 0.9963
vn -0.0608 -0.0019 0.9982
vn -0.4193 0.0544 0.9062
vn -0.3223 -0.0124 0.9466
vn -0.0189 0.0486 0.9986
vn -0.1785 -0.0177 0.9838
vn -0.0031 0.5038 0.8638
vn -0.0011 0.4826 0.8759
vn 0.0039 -0.0412 0.9991
vn 0.0174 -0.0571 0.9982
vn 0.0019 -0.0636 0.9980
vn 0.0072 0.4807 0.8768
vn 0.0021 0.5138 0.8579
vn -0.0161 -0.0650 0.9978
vn 0.0041 0.5141 0.8577
vn -0.0046 -0.0091 0.9999
vn -0.0207 -0.1417 0.9897
vn -0.0046 0.0098 0.9999
vn -0.0114 -0.1368 0.9905
vn 0.0025 0.5395 0.8420
vn 0.0008 0.5588 0.8293
vn -0.0030 0.5604 0.8282
vn -0.0054 0.0177 0.9998
vn -0.0149 -0.0210 0.9997
vn -0.0074 0.5417 0.8406
vn -0.0028 -0.0404 0.9992
vn 0.0041 0.4990 0.8666
vn -0.0002 0.5201 0.8541
vn 0.0057 -0.0286 0.9996
vn -0.0180 -0.1494 0.9886
vn 0.0045 -0.1708 0.9853
vn -0.0185 -0.1906 0.9815
vn -0.0152 0.0656 0.9977
vn -0.0619 0.0759 0.9952
vn -0.0346 -0.0232 0.9991
vn 0.0594 0.0831 0.9948
vn -0.0638 0.0679 0.9956
vn -0.0038 -0.1881 0.9821
vn -0.2059 0.0943 0.9740
vn -0.0765 0.0967 0.9924
vn -0.0189 0.0513 0.9985
vn 0.0449 0.0082 0.9990
vn 0.0145 0.0480 0.9987
vn 0.0169 0.0846 0.9963
vn -0.0606 0.1407 0.9882
vn -0.4787 0.2677 0.8362
vn -0.1783 0.0953 0.9793
vn -0.2571 0.0202 0.9662
vn -0.4621 0.0473 0.8856
vn -0.1274 0.1368 0.9824
vn 0.2340 0.1055 0.9665
vn 0.2272 -0.0272 0.9735
vn -0.0947 0.0736 0.9928
vn 0.2285 0.0588 0.9718
vn 0.2789 -0.0303 0.9599
vn 0.2789 -0.0024 0.9603
vn 0.2229 0.0788 0.9716
vn 0.1596 0.0564 0.9856
vn 0.0003 -0.0086 1.0000
vn 0.2638 0.1524 0.9525
vn -0.1819 -0.0164 0.9832
vn -0.1324 0.0418 0.9903
vn -0.1027 0.0965 0.9900
vn -0.2846 0.0388 0.9579
vn -0.1080 -0.0241 0.9939
vn -0.3006 -0.0247 0.9534
vn -0.0379 -0.0823 0.9959
vn -0.0066 -0.0264 0.9996
vn -0.2328 0.0162 0.9724
vn -0.2830 0.0170 0.9590
vn -0.1760 0.0435 0.9834
vn 0.3046 0.0988 0.9473
vn 0.0103 0.0329 0.9994
vn -0.0341 -0.2234 0.9741
vn -0.0306 -0.0543 0.9981
vn -0.0091 -0.0226 0.9997
vn 0.0246 0.0169 0.9996
vn -0.6839 0.0786 0.7253
vn -0.8122 -0.0349 0.5824
vn -0.0364 -0.0617 0.9974
vn -0.0152 0.5094 0.8604
vn -0.0756 -0.1576 0.9846
vn 0.0609 -0.1182 0.9911
vn -0.7680 -0.0304 0.6397
vn -0.6534 -0.1227 0.7470
vn -0.6770 -0.0777 0.7319
vn -0.0386 0.3883 0.9207
vn -0.0133 0.9207 0.3900
vn -0.6734 0.2757 0.6860
vn -0.4879 0.7705 0.4102
vn -0.8293 0.5588 0.0008
vn -0.8282 0.5604 -0.0030
vn -0.9998 0.0177 -0.0054
vn -0.9999 0.0098 -0.0046
vn -0.9897 -0.1417 -0.0207
vn -0.9999 -0.0091 -0.0046
vn -0.9905 -0.1368 -0.0114
vn -0.9815 -0.1906 -0.0185
vn -0.9997 -0.0210 -0.0149
vn -0.8406 0.5417 -0.0074
vn -0.3827 0.9239 -0.0000
vn -0.9991 -0.0232 -0.0346
vn -0.9838 -0.1794 -0.0042
vn -0.9992 -0.0404 -0.0028
vn -0.8666 0.4990 0.0041
vn -0.7324 -0.0625 -0.6780
vn -0.9877 -0.1382 -0.0727
vn -0.9160 0.3994 -0.0382
vn -0.8599 0.5102 -0.0139
vn -0.8541 0.5201 -0.0002
vn -0.9996 -0.0286 0.0057
vn -0.9876 -0.1569 -0.0065
vn -0.9943 0.1024 -0.0287
vn -0.9992 0.0375 -0.0138
vn -0.9946 -0.0312 -0.0987
vn -0.9834 -0.0043 -0.1814
vn -0.9828 -0.1847 -0.0062
vn -0.9716 -0.2330 -0.0406
vn -0.9975 -0.0615 -0.0335
vn -0.9930 0.0841 -0.0826
vn -0.9775 0.0620 0.2019
vn -0.9951 0.0935 0.0315
vn -0.9906 0.0899 -0.1034
vn -0.9901 0.0829 -0.1137
vn -0.9563 0.0440 -0.2889
vn -0.9743 -0.0061 -0.2252
vn -0.9986 -0.0352 -0.0401
vn -0.9994 0.0329 0.0103
vn -0.9655 -0.0340 0.2582
vn -0.9733 0.0463 -0.2249
vn -0.9571 0.0148 0.2895
vn -0.9868 -0.0496 -0.1544
vn -0.9906 -0.0281 0.1341
vn -0.9502 0.0997 0.2954
vn -0.9834 0.0435 -0.1760
vn -0.9918 0.0801 -0.0992
vn -0.9965 0.0531 0.0651
vn -0.9929 0.0781 -0.0897
vn -0.9790 -0.0023 0.2039
vn -0.9593 0.1015 0.2636
vn -0.9839 0.1272 -0.1253
vn -0.9265 0.2216 -0.3042
vn -0.8665 0.0797 -0.4927
vn -0.9901 0.0732 -0.1195
vn -0.9957 0.0653 -0.0652
vn -0.9984 0.0540 -0.0150
vn -0.9912 0.0998 -0.0867
vn -0.9965 0.0431 -0.0721
vn -0.9925 0.1086 -0.0565
vn -0.9119 0.1905 -0.3636
vn -0.9241 0.0505 -0.3788
vn -0.9976 0.0583 -0.0376
vn -0.9295 0.0260 0.3680
vn -0.9976 0.0602 -0.0354
vn -0.9653 -0.0976 0.2423
vn -0.9950 0.0689 0.0727
vn -0.9975 0.0663 -0.0241
vn -0.8851 0.0193 0.4651
vn -0.9743 0.0981 0.2029
vn -0.9990 -0.0445 -0.0106
vn -0.9980 0.0568 -0.0291
vn -0.9989 -0.0464 0.0070
vn -0.8634 0.0833 0.4976
vn -0.8918 0.2445 0.3806
vn -0.8623 0.2199 -0.4561
vn -0.9797 0.0175 -0.1996
vn -0.9975 0.0712 -0.0016
vn -0.9982 -0.0586 0.0147
vn -0.9976 0.0675 -0.0128
vn -0.8484 -0.1614 -0.5042
vn -0.8906 -0.0602 -0.4507
vn -0.9929 -0.0337 -0.1141
vn -0.9981 0.0283 -0.0550
vn -0.9901 0.0069 0.1405
vn -0.9890 -0.1032 -0.1063
vn -0.9884 -0.0197 -0.1503
vn -0.9469 -0.0369 -0.3194
vn -0.9932 -0.0281 0.1126
vn -0.9884 0.0323 0.1485
vn -0.9938 0.0319 -0.1067
vn -0.9961 0.0167 -0.0862
vn -0.9962 0.0493 -0.0716
vn -0.9050 0.0973 0.4140
vn -0.9921 -0.0179 -0.1244
vn -0.9642 -0.0592 0.2585
vn -0.9896 -0.0748 0.1230
vn -0.9636 0.0099 -0.2673
vn -0.9980 0.0505 -0.0382
vn -0.9428 0.0880 -0.3217
vn -0.9982 0.0567 0.0215
vn -0.9842 0.0599 0.1663
vn -0.9179 0.0130 0.3965
vn -0.9995 0.0240 0.0195
vn -0.9942 0.0121 0.1067
vn -0.9923 0.1196 0.0336
vn -0.9879 0.0446 -0.1488
vn -0.9893 0.0719 0.1270
vn -0.9961 0.0344 0.0810
vn -0.9945 0.1022 0.0219
vn -0.9939 0.1072 -0.0263
vn -0.9954 0.0856 0.0436
vn -0.9945 0.1001 0.0294
vn -0.9966 -0.0811 0.0130
vn -0.9996 0.0296 0.0031
vn -0.8500 0.5268 0.0024
vn -0.8446 0.5354 -0.0025
vn -0.9999 0.0113 -0.0019
vn -0.9957 -0.0899 0.0241
vn -1.0000 0.0025 0.0093
vn -0.8540 0.5202 0.0042
vn -0.8431 0.5377 -0.0044
vn -0.9982 0.0595 0.0096
vn -0.8577 0.5141 0.0041
vn -0.8420 0.5395 0.0025
vn -0.9842 -0.1671 0.0592
vn -0.9997 0.0029 0.0244
vn -0.9991 -0.0350 0.0247
vn -0.8523 0.5230 0.0020
vn -0.8457 0.5336 0.0039
vn -0.8768 0.4807 0.0072
vn -0.8759 0.4826 -0.0011
vn -0.9042 0.4259 0.0330
vn -0.9947 -0.0862 0.0569
vn -0.8638 0.5038 -0.0031
vn -0.9991 -0.0412 0.0039
vn -0.9982 -0.0571 0.0174
vn -0.9730 -0.2305 0.0085
vn -0.9964 -0.0849 -0.0040
vn -0.8825 0.4703 0.0092
vn -0.9915 -0.1268 0.0287
vn -0.9836 -0.1650 -0.0735
vn -0.9774 -0.2106 0.0172
vn -0.9990 0.0306 -0.0330
vn -0.9996 -0.0089 0.0258
vn -0.9974 0.0615 -0.0371
vn -0.9929 0.0337 -0.1143
vn -0.9982 0.0456 0.0387
vn -0.9976 0.0147 -0.0674
vn -0.8926 0.0317 -0.4497
vn -0.9945 0.0498 0.0924
vn -0.9959 -0.0182 -0.0891
vn -0.9938 0.1067 0.0301
vn -0.9884 0.1516 0.0046
vn -0.9245 0.1933 0.3284
vn -0.9466 0.1060 0.3044
vn -0.9112 0.1236 -0.3931
vn -0.8909 0.1153 -0.4393
vn -0.9297 0.1529 -0.3350
vn -0.9207 0.2122 0.3275
vn -0.9754 0.0214 0.2194
vn -0.8968 0.3930 -0.2031
vn -0.9839 0.1743 0.0397
vn -0.9969 0.0208 0.0757
vn -0.9779 -0.0408 0.2049
vn -0.9919 0.1048 -0.0712
vn -0.9886 0.1299 0.0763
vn -0.9997 0.0017 -0.0259
vn -0.9865 0.0008 0.1640
vn -0.8463 0.2686 -0.4600
vn -0.9903 -0.1366 0.0240
vn -0.9890 -0.1480 -0.0047
vn -0.9981 0.0556 0.0272
vn -0.9754 0.1090 0.1914
vn -0.9894 0.0286 -0.1427
vn -0.9513 -0.0149 -0.3080
vn -0.9966 0.0218 -0.0793
vn -0.9980 -0.0636 0.0019
vn -0.9780 -0.2059 -0.0333
vn -0.9892 0.0985 -0.1087
vn -0.9984 0.0540 0.0144
vn -0.9664 -0.2572 -0.0027
vn -0.9957 -0.0263 0.0891
vn -0.9978 0.0156 0.0642
vn -0.9399 0.1127 -0.3223
vn -0.9568 0.1249 -0.2625
vn -0.9862 0.0716 0.1492
vn -0.9449 0.0270 0.3262
vn -0.9662 0.0692 0.2483
vn -0.9549 0.0342 0.2950
vn -0.9395 0.1610 -0.3023
vn -0.9981 0.0445 0.0421
vn -0.9535 0.1312 -0.2714
vn -0.9789 0.1262 0.1609
vn -0.9945 0.0528 -0.0907
vn -0.9655 -0.0519 0.2553
vn -0.8785 -0.0110 0.4777
vn -0.9696 0.0200 0.2438
vn -0.9502 0.0103 0.3115
vn -0.9501 0.0461 0.3085
vn -0.9885 -0.1498 0.0228
vn -0.9879 -0.1554 -0.0008
vn -0.9994 -0.0272 -0.0215
vn -0.8382 0.5453 -0.0070
vn -0.9598 0.0416 -0.2777
vn -0.9980 0.0487 -0.0410
vn -0.8724 0.0398 0.4871
vn -0.9934 0.0044 0.1147
vn -0.8833 0.0361 -0.4674
vn -0.9265 -0.0587 0.3718
vn -0.9686 -0.2192 0.1171
vn -0.8592 0.0273 -0.5109
vn -0.9997 -0.0226 -0.0091
vn -0.9996 0.0169 0.0246
vn -0.7253 0.0786 -0.6839
vn -0.5787 -0.0254 -0.8152
vn -0.9987 -0.0481 -0.0164
vn -0.6300 -0.0448 -0.7753
vn -0.7518 -0.1100 -0.6501
vn -0.9892 -0.1245 0.0769
vn -0.9964 -0.0591 -0.0613
vn -0.3899 0.9207 -0.0133
vn -0.6828 0.2842 -0.6730
vn -0.4102 0.7705 -0.4879
vn 0.0044 0.5377 -0.8431
vn -0.0024 0.5268 -0.8500
vn 0.1632 0.0117 -0.9865
vn 0.3194 -0.0369 -0.9469
vn 0.1244 -0.0179 -0.9921
vn -0.4140 0.0974 -0.9050
vn 0.0716 0.0493 -0.9962
vn -0.1440 0.0428 -0.9887
vn -0.1230 -0.0748 -0.9896
vn -0.2585 -0.0592 -0.9642
vn -0.1126 -0.0281 -0.9932
vn 0.0862 0.0167 -0.9961
vn 0.1067 0.0319 -0.9938
vn 0.5003 0.0171 -0.8657
vn 0.4980 -0.0092 -0.8671
vn 0.0686 -0.0798 -0.9944
vn -0.2756 -0.0291 -0.9608
vn 0.0040 -0.0849 -0.9964
vn -0.0287 -0.1268 -0.9915
vn -0.0092 0.4703 -0.8825
vn -0.0099 -0.2069 -0.9783
vn -0.0043 -0.2456 -0.9694
vn 0.0665 -0.1533 -0.9859
vn -0.0556 -0.0862 -0.9947
vn -0.0330 0.4259 -0.9042
vn 0.0031 0.5038 -0.8638
vn -0.0039 -0.0412 -0.9991
vn -0.0245 -0.1482 -0.9887
vn 0.0011 0.4826 -0.8759
vn 0.0915 -0.0076 -0.9958
vn 0.0412 -0.0375 -0.9984
vn -0.0026 -0.0724 -0.9974
vn -0.0811 0.0064 -0.9967
vn 0.0573 0.0715 -0.9958
vn -0.3930 0.0602 -0.9176
vn -0.0213 0.1200 -0.9925
vn -0.0068 0.1762 -0.9843
vn 0.0022 -0.0435 -0.9991
vn -0.4135 0.0449 -0.9094
vn -0.3510 0.1951 -0.9159
vn 0.3931 0.1236 -0.9112
vn 0.4393 0.1153 -0.8909
vn 0.3379 0.1402 -0.9307
vn -0.0435 0.1795 -0.9828
vn -0.3275 0.2122 -0.9207
vn 0.2031 0.3930 -0.8968
vn 0.4600 0.2686 -0.8463
vn -0.2194 0.0214 -0.9754
vn 0.1427 0.0286 -0.9894
vn -0.1918 0.0919 -0.9771
vn -0.0327 0.0492 -0.9983
vn 0.0022 -0.1534 -0.9882
vn -0.0174 -0.0571 -0.9982
vn 0.0016 -0.1665 -0.9860
vn -0.0019 -0.0636 -0.9980
vn 0.0161 -0.0650 -0.9978
vn -0.0021 0.5138 -0.8579
vn -0.0072 0.4808 -0.8768
vn 0.3080 -0.0148 -0.9513
vn 0.0853 0.0081 -0.9963
vn -0.0740 -0.0047 -0.9972
vn -0.0920 -0.0225 -0.9955
vn 0.4210 0.0079 -0.9070
vn -0.0566 0.1336 -0.9894
vn 0.2287 0.0335 -0.9729
vn 0.0907 0.0528 -0.9945
vn -0.1399 0.0497 -0.9889
vn 0.2726 0.0834 -0.9585
vn 0.3124 0.0439 -0.9489
vn -0.1741 -0.1592 -0.9718
vn 0.1763 -0.2120 -0.9612
vn -0.1609 0.1262 -0.9789
vn 0.2714 0.1312 -0.9535
vn 0.3023 0.1610 -0.9395
vn -0.0421 0.0445 -0.9981
vn -0.0007 -0.1874 -0.9823
vn 0.0335 -0.0615 -0.9975
vn 0.2249 0.0463 -0.9733
vn -0.2011 0.0499 -0.9783
vn 0.1416 0.0431 -0.9890
vn -0.0400 0.0296 -0.9988
vn -0.8606 -0.1731 0.4789
vn 0.1819 -0.0165 -0.9832
vn -0.2895 0.0148 -0.9571
vn -0.2582 -0.0340 -0.9655
vn 0.9966 -0.0811 -0.0130
vn 0.9957 -0.0899 -0.0241
vn 0.9879 -0.1554 0.0008
vn 0.1666 0.3106 -0.9358
vn 0.4390 0.5999 -0.6689
vn -0.6992 0.5134 0.4976
vn -0.8957 0.2117 0.3911
vn -0.2386 -0.7809 0.5773
vn 0.1308 -0.3977 0.9081
vn 0.5749 -0.7839 -0.2344
vn 0.9070 -0.4001 0.1311
vn 0.5592 0.6214 -0.5487
vn -0.5462 0.6308 0.5512
vn -0.4321 -0.7828 0.4477
vn 0.4458 -0.7872 -0.4260
vn 0.1662 -0.3190 -0.9331
vn 0.9080 0.3979 0.1309
vn 0.1303 0.3998 0.9073
vn -0.8981 -0.2020 0.3907
vn 0.4340 -0.6046 -0.6679
vn -0.6980 -0.5108 0.5018
vn -0.2358 0.7826 0.5761
vn 0.5772 0.7806 -0.2396
vn 0.5535 -0.6266 -0.5487
vn -0.5442 -0.6291 0.5550
vn -0.4273 0.7859 0.4469
vn 0.4490 0.7811 -0.4339
vn 0.3085 0.0461 0.9501
vn 0.3115 0.0103 0.9502
vn 0.2950 0.0342 0.9549
vn 0.2438 0.0200 0.9696
vn 0.2553 -0.0519 0.9655
vn 0.4777 -0.0110 0.8785
vn 0.1270 0.0719 0.9893
vn 0.0336 0.1196 0.9923
vn -0.1488 0.0446 0.9879
vn 0.0810 0.0344 0.9961
vn 0.1147 0.0044 0.9934
vn -0.4673 0.0361 0.8833
vn 0.3718 -0.0587 0.9265
vn 0.1171 -0.2192 0.9686
vn -0.5109 0.0273 0.8592
vn 0.0195 0.0240 0.9995
vn -0.0263 0.1072 0.9939
vn 0.1664 0.0599 0.9842
vn 0.3965 0.0130 0.9179
vn 0.1067 0.0121 0.9942
vn -0.2778 0.0416 0.9598
vn -0.0410 0.0487 0.9980
vn 0.4871 0.0398 0.8724
vn 0.8159 0.1704 0.5526
vn -0.0651 0.1836 0.9808
vn -0.3080 0.8504 0.4265
vn 0.4968 0.8679 0.0058
vn 0.2025 0.7787 -0.5938
vn -0.6095 0.7702 -0.1880
vn 0.2094 0.0073 -0.9778
vn -0.8951 -0.0291 -0.4450
vn 0.2467 -0.7946 -0.5547
vn -0.5671 -0.8043 -0.1775
vn 0.6090 -0.7802 0.1427
vn -0.2492 -0.7898 0.5604
vn -0.0005 -0.9835 -0.1809
vn -0.4885 -0.8725 -0.0114
vn -0.2511 -0.9623 -0.1050
vn -0.0571 -0.9734 -0.2217
vn 0.4918 -0.6575 -0.5708
vn 0.6962 -0.7177 -0.0121
vn 0.2681 -0.9290 0.2553
vn 0.6287 -0.5241 0.5745
vn 0.0700 -0.5342 0.8425
vn 0.0517 -0.9347 0.3517
vn -0.4213 -0.7454 0.5167
vn -0.7110 -0.7005 0.0613
vn -0.0254 0.0295 0.9992
vn -0.7651 0.0142 0.6437
vn -0.9687 -0.0616 0.2405
vn -0.9862 -0.1473 0.0758
vn -0.8363 0.0217 0.5479
vn -0.8731 -0.4299 0.2301
vn -0.7706 -0.5479 -0.3255
vn -0.3775 -0.4617 -0.8027
vn -0.1106 -0.9572 -0.2676
vn 0.2475 -0.5109 -0.8232
vn 0.1060 -0.9621 -0.2512
vn 0.2459 -0.9481 -0.2017
vn 0.7277 -0.3752 -0.5742
vn 0.8098 -0.1625 -0.5638
vn 0.7853 -0.0365 -0.6180
vn 0.9802 0.0474 -0.1921
vn 0.9198 0.2703 -0.2846
vn 0.7940 0.0444 0.6062
vn 0.6056 0.6227 0.4955
vn -0.0109 0.6116 0.7911
vn -0.5525 0.7434 0.3768
vn -0.9926 0.0708 0.0989
vn -0.6863 0.7271 0.0170
vn -0.4733 0.8809 0.0038
vn -0.1780 0.9475 -0.2657
vn -0.4333 0.8713 -0.2305
vn -0.4122 0.3229 -0.8519
vn -0.8160 0.3079 -0.4892
vn -0.8614 0.5005 0.0868
vn -0.9184 0.2045 0.3387
vn 0.1353 0.3132 -0.9400
vn -0.2161 0.8672 -0.4487
vn 0.0558 0.8951 -0.4423
vn 0.5963 0.5230 -0.6091
vn 0.2740 0.8517 -0.4466
vn -0.1421 0.9635 -0.2269
vn 0.7533 0.2167 -0.6209
vn 0.4324 0.7397 -0.5156
vn 0.7007 0.1011 -0.7063
vn 0.6313 0.7544 -0.1797
vn -0.0893 0.9562 0.2786
vn 0.2448 0.9613 0.1260
vn -0.4272 0.7859 0.4469
vn -0.2358 0.7826 0.5762
vn 0.5773 0.7806 -0.2395
vn -0.5442 -0.6292 0.5550
vn 0.1661 -0.3190 -0.9331
vn -0.2387 -0.7809 0.5773
vn 0.5592 0.6214 -0.5488
vn 0.5749 -0.7840 -0.2344
vn 0.4490 0.7811 -0.4338
vn -0.0312 0.0429 0.9986
vn -0.3636 0.1905 0.9119
vn -0.0566 0.1086 0.9925
vn 0.4651 0.0193 0.8851
vn -0.1996 0.0175 0.9797
vn -0.3788 0.0505 0.9241
vn -0.0376 0.0583 0.9976
vn 0.3680 0.0260 0.9295
vn -0.0299 0.0320 0.9990
vn 0.1208 0.1196 0.9854
vn 0.2021 -0.0084 0.9793
vn -0.0523 -0.1814 -0.9820
vn 0.4744 0.7253 -0.4988
vn 0.9589 0.0480 0.2796
vn 0.4450 -0.8766 -0.1831
vn -0.4528 -0.8202 0.3496
vn 0.4509 -0.8822 -0.1358
vn -0.5525 -0.6847 0.4753
vn 0.4213 -0.9037 -0.0769
vn -0.1322 -0.5115 -0.8491
vn -0.7637 -0.4838 0.4274
vn -0.1350 -0.8455 0.5167
vn 0.3278 -0.9323 0.1530
vn -0.8898 -0.3578 -0.2832
vn 0.4990 -0.6733 -0.5456
vn 0.9813 0.1712 -0.0883
vn 0.9246 -0.0091 0.3809
vn -0.1600 0.9112 0.3796
vn 0.1464 0.3199 0.9361
vn 0.9388 -0.0330 0.3429
vn 0.0357 0.2897 0.9564
vn -0.1937 0.4662 0.8632
vn 0.5736 0.7892 -0.2195
vn 0.3622 -0.0014 0.9321
vn 0.8072 -0.0825 0.5845
vn -0.9734 -0.0812 -0.2143
vn -0.3858 0.8752 0.2918
vn -0.4138 0.7352 0.5370
vn -0.9731 -0.2143 0.0846
vn -0.3080 0.9396 -0.1495
vn -0.8119 0.1012 -0.5749
vn -0.3478 0.0166 -0.9374
vn 0.1358 0.8565 -0.4980
vn 0.7737 0.4780 -0.4158
vn 0.2971 -0.3645 -0.8825
vn 0.3577 0.7769 -0.5181
vn -0.2501 0.9496 0.1891
vn 0.1641 0.4779 0.8630
vn 0.9569 0.2208 0.1885
vn 0.4951 0.7830 -0.3766
vn -0.2104 -0.3144 -0.9257
vn -0.9285 -0.1858 -0.3215
vn -0.1379 -0.1279 -0.9822
vn 0.2977 -0.8893 -0.3473
vn -0.6125 -0.7644 0.2013
vn -0.0567 0.1066 0.9927
vn 0.9288 0.1808 0.3234
vn -0.4130 0.8893 0.1962
vn 0.0715 0.2121 0.9746
vn 0.4677 0.7114 -0.5245
vn -0.2826 0.9288 0.2397
vn 0.1493 0.3248 0.9339
vn -0.4659 -0.7083 0.5304
vn -0.9632 -0.0131 -0.2686
vn -0.5088 -0.7848 0.3540
vn -0.9268 -0.2005 -0.3176
vn -0.0678 -0.2065 -0.9761
vn 0.2692 -0.9286 -0.2554
vn 0.3774 -0.4512 -0.8087
vn 0.2429 -0.9700 0.0112
vn 0.7998 -0.4075 0.4408
vn 0.9491 0.0974 -0.2994
vn 0.7545 0.6559 0.0237
vn 0.6112 0.1655 0.7740
vn -0.0268 0.9934 -0.1113
vn -0.2474 0.3439 0.9058
vn -0.7681 0.5314 -0.3573
vn -0.9152 0.0691 0.3971
vn -0.6246 -0.1211 -0.7715
vn -0.7776 -0.6284 0.0225
vn -0.8579 0.5138 0.0021
vn -0.8524 0.5228 -0.0003
vn -0.9978 -0.0650 -0.0161
vn -0.9737 0.1230 -0.1917
vn -0.9524 -0.0912 0.2908
vn -0.9985 0.0220 0.0495
vn -0.9787 0.1580 -0.1308
vn -0.5852 0.5815 -0.5651
vn -0.5579 0.0455 -0.8286
vn -0.8310 -0.2780 -0.4819
vn -0.3367 -0.5329 -0.7763
vn -0.4404 -0.8594 -0.2599
vn -0.8734 -0.3973 -0.2816
vn -0.7730 -0.6009 0.2034
vn -0.8247 -0.1774 0.5371
vn 0.1022 -0.9928 -0.0618
vn -0.0928 -0.7202 0.6875
vn -0.2403 -0.3462 0.9068
vn -0.3405 -0.1895 0.9209
vn -0.1077 -0.6324 0.7672
vn -0.5807 -0.3467 0.7366
vn -0.7185 0.2089 0.6634
vn -0.5911 0.7297 0.3437
vn -0.9775 0.1988 -0.0710
vn -0.5123 0.8143 -0.2728
vn -0.9365 0.2054 -0.2842
vn -0.8901 0.1721 -0.4220
vn -0.2616 0.6264 -0.7343
vn -0.0364 0.6372 -0.7698
vn 0.0772 0.6956 -0.7142
vn 0.2325 0.2986 -0.9256
vn 0.4303 0.3966 -0.8109
vn 0.2543 -0.5140 -0.8193
vn 0.7709 -0.3910 -0.5027
vn 0.6566 -0.7513 0.0671
vn 0.6412 -0.3906 0.6605
vn -0.1272 -0.2006 0.9714
vn 0.5695 -0.0487 0.8205
vn 0.7623 -0.0039 0.6472
vn 0.8668 0.2990 0.3991
vn 0.7427 0.2323 0.6280
vn 0.1632 0.8199 0.5487
vn 0.0941 0.4156 0.9047
vn 0.3179 -0.1498 0.9362
vn 0.0374 -0.4229 0.9054
vn 0.2594 0.9655 0.0223
vn 0.7662 0.4720 0.4361
vn 0.8499 0.4964 0.1770
vn 0.5848 0.6986 -0.4123
vn 0.8521 0.5216 -0.0441
vn 0.8928 0.2653 0.3640
vn 0.3175 0.7096 -0.6290
vn 0.7699 0.6007 -0.2155
vn 0.1871 0.7821 -0.5945
vn 0.8516 0.2894 -0.4371
vn 0.9363 -0.2312 0.2642
vn 0.9980 -0.0436 -0.0455
vn -0.7579 -0.6294 0.1714
vn -0.3020 -0.5901 -0.7487
vn -0.7170 0.5547 0.4222
vn -0.4155 0.7596 -0.5004
vn -0.6664 0.3302 -0.6685
vn -0.7327 -0.3815 0.5636
vn -0.5052 -0.8608 0.0611
vn -0.3401 -0.7924 -0.5064
vn -0.9372 0.2466 0.2466
vn -0.2458 -0.1788 -0.9527
vn 0.7746 -0.1235 -0.6203
vn 0.5235 0.8293 -0.1954
vn 0.5930 0.3455 0.7273
vn 0.5749 -0.5170 0.6342
vn 0.7314 -0.5491 -0.4044
vn 0.3238 0.6072 0.7256
vn 0.4125 -0.2710 0.8697
vn 0.8585 0.4801 -0.1801
vn 0.5137 -0.7802 0.3569
vn 0.6745 -0.7144 -0.1863
vn -0.7947 0.3953 0.4606
vn 0.3867 0.4539 0.8028
vn 0.3438 0.1982 0.9179
vn -0.7982 0.0968 0.5946
vn 0.3598 0.7884 0.4989
vn -0.6629 0.7206 0.2033
vn -0.4951 0.7892 -0.3634
vn 0.5182 0.8541 -0.0451
vn 0.7391 0.3664 -0.5652
vn -0.2787 0.3176 -0.9063
vn 0.6157 0.7521 -0.2352
vn 0.5018 0.5337 0.6807
vn 0.6705 -0.3710 0.6426
vn 0.8676 -0.2845 -0.4079
vn 0.7555 0.6129 -0.2316
vn -0.6131 0.5322 -0.5838
vn -0.8621 0.3933 0.3196
vn -0.4556 0.6680 -0.5884
vn -0.4731 -0.3963 -0.7868
vn -0.8745 -0.4399 0.2041
vn -0.8240 0.0866 0.5600
vn 0.8594 -0.3982 -0.3207
vn 0.3502 0.5397 0.7656
vn 0.3501 0.5397 0.7656
vn 0.6478 0.6827 -0.3380
vn 0.6690 0.6709 -0.3200
vn 0.4795 0.4940 0.7253
vn 0.6689 0.6709 -0.3202
vn 0.5795 -0.5134 0.6330
vn 0.5235 0.8293 -0.1953
vn 0.6689 0.6709 -0.3201
vn -0.4309 0.6086 -0.6663
vn -0.4155 0.7595 -0.5005
vn -0.7580 0.4740 0.4482
vn -0.7171 0.5546 0.4221
vn 0.3502 0.5397 0.7655
vn 0.3237 0.6072 0.7256
vn -0.7580 0.4740 0.4481
vn -0.7725 -0.5936 0.2255
vn -0.4308 0.6086 -0.6664
vn -0.8694 0.3810 0.3148
vn -0.4565 0.5933 -0.6630
vn -0.4931 -0.4785 -0.7265
vn -0.7071 0.7072 -0.0005
vn -0.9826 0.1851 0.0141
vn -0.9768 0.2051 0.0618
vn -0.9658 0.2132 0.1479
vn -0.9975 0.0707 0.0071
vn -1.0000 -0.0000 0.0002
vn -0.9890 0.1366 0.0560
vn -0.9890 0.1230 0.0816
vn -0.9890 0.1047 0.1040
vn -0.9890 0.0824 0.1225
vn -0.9891 0.0550 0.1365
vn -0.9827 0.0161 0.1846
vn -0.9762 0.1385 0.1667
vn -0.7080 0.5029 0.4958
vn -0.9762 0.1684 0.1364
vn -0.7080 0.5900 0.3881
vn -0.9762 0.1917 0.1010
vn -0.7080 0.6544 0.2656
vn -0.9976 0.0111 0.0678
vn -0.9671 0.1503 0.2051
vn -0.7083 0.0132 0.7057
vn -0.9772 0.0636 0.2025
vn -0.7080 0.2750 0.6505
vn -0.9762 0.1033 0.1905
vn -0.7080 0.3965 0.5844
vn -0.9640 0.0348 0.2637
vn -0.9800 0.0123 0.1984
vn -0.9983 -0.0391 0.0427
vn -0.9601 0.1194 0.2528
vn -0.9841 0.0957 0.1496
vn -0.9994 0.0219 0.0275
vn -0.9341 -0.1095 0.3398
vn -0.9866 -0.1222 -0.1079
vn -0.7850 0.0336 0.6185
vn -0.6423 -0.0398 0.7654
vn -0.2898 0.6070 0.7399
vn -0.1886 0.7180 0.6700
vn -0.1209 0.4032 0.9071
vn -0.0676 -0.1634 0.9842
vn -0.7278 -0.4150 0.5460
vn -0.8925 -0.3919 0.2235
vn -0.5640 -0.6297 -0.5343
vn -0.1665 -0.5850 -0.7938
vn -0.6642 -0.1230 -0.7374
vn -0.3748 0.8266 -0.4199
vn 0.7607 0.6058 -0.2333
vn -0.0781 0.9705 0.2282
vn -0.0600 0.3962 -0.9162
vn -0.9350 0.3422 -0.0932
vn -0.0351 0.8573 -0.5136
vn 0.3371 0.8787 -0.3381
vn 0.2302 0.9707 -0.0694
vn 0.9118 0.3984 -0.0998
vn 0.6312 0.7744 0.0427
vn 0.6707 0.3401 0.6592
vn 0.4096 0.8003 0.4379
vn 0.1080 0.7043 0.7016
vn -0.3599 0.8728 0.3295
vn -0.0050 0.9999 -0.0142
vn 0.7059 -0.1491 0.6925
vn 0.7348 0.6109 -0.2948
vn 0.9878 -0.1427 -0.0628
vn 0.6509 -0.4183 0.6335
vn 0.0572 -0.4684 0.8817
vn -0.5321 -0.5080 0.6773
vn -0.7604 -0.6450 -0.0764
vn 0.7664 -0.0573 -0.6398
vn 0.5551 -0.4320 -0.7108
vn 0.2111 -0.4249 -0.8803
vn 0.6164 0.0379 -0.7865
vn 0.6861 -0.4554 -0.5673
vn 0.8893 -0.4568 0.0222
vn -0.0103 -0.6307 -0.7759
vn -0.5350 -0.6045 -0.5902
vn -0.7606 -0.6273 -0.1673
vn -0.7373 -0.1230 -0.6643
vn -0.4200 0.8265 -0.3748
vn 0.6619 0.7215 -0.2033
vn -0.2460 0.6068 0.7558
vn -0.5179 0.8495 -0.1005
vn -0.3882 0.8608 -0.3291
vn -0.6511 0.2922 -0.7004
vn -0.6359 -0.3741 -0.6750
vn -0.5194 -0.7034 -0.4852
vn -0.9592 -0.1188 -0.2565
vn 0.5569 -0.8306 -0.0001
vn 0.0001 -0.8306 -0.5568
vn -0.6693 -0.3225 -0.6693
vn -0.3938 -0.8306 -0.3938
vn -0.9465 -0.3226 -0.0000
vn -0.6693 -0.3226 0.6693
vn -0.0000 -0.8305 0.5569
vn 0.6235 0.4749 0.6210
vn 0.0022 0.6935 0.7205
vn 0.3938 -0.8305 0.3939
vn 0.5299 -0.6622 0.5299
vn 0.5444 -0.6382 -0.5444
vn -0.5178 0.6810 0.5178
vn -0.7096 0.7046 -0.0042
vn -0.5000 0.7071 -0.5000
vn -0.0000 0.7071 -0.7071
vn 0.5001 0.7071 -0.5000
vn -0.9729 0.0335 -0.2287
vn -0.9894 0.1336 0.0566
vn -0.9070 0.0079 -0.4210
vn -0.9612 -0.2120 -0.1763
vn -0.9718 -0.1592 0.1741
vn 0.1781 0.3630 -0.9146
vn 0.6508 0.3912 -0.6506
vn 0.1952 -0.0000 -0.9808
vn 0.5556 -0.0000 -0.8314
vn 0.5292 0.3520 -0.7721
vn -0.0000 0.3914 -0.9202
vn -0.0000 0.9054 -0.4246
vn -0.4243 0.9055 -0.0006
vn -0.9203 0.3912 -0.0002
vn -0.3236 0.9237 0.2049
vn 0.2028 0.9259 -0.3186
vn 0.0750 0.9287 -0.3632
vn -0.3653 0.9279 0.0746
vn 0.2992 0.9436 0.1421
vn 0.1424 0.9432 0.3000
vn 0.3005 0.9054 -0.2999
vn 0.3003 0.9054 0.3002
vn 0.3251 0.3547 0.8767
vn 0.8771 0.3542 0.3244
vn 0.6506 0.3911 0.6510
vn 0.9239 -0.0000 0.3827
vn 0.3827 -0.0000 0.9239
vn -0.6507 0.3914 0.6507
vn 0.2994 0.9055 0.3008
vn -0.3002 0.9054 0.3002
vn -0.9144 0.3626 0.1799
vn -0.7728 0.3457 0.5322
vn -0.8315 -0.0000 0.5555
vn -0.9808 -0.0000 0.1950
vn -0.7070 -0.0000 0.7072
vn -0.9275 0.2613 -0.2674
vn -0.2672 0.2617 -0.9274
vn 0.0456 0.7572 -0.6516
vn -0.9170 0.0894 -0.3888
vn -0.3888 0.0894 -0.9170
vn 0.3626 0.0415 -0.9310
vn 0.5191 0.1007 -0.8488
vn 0.5915 0.2065 -0.7794
vn 0.0090 0.8596 -0.5109
vn 0.5276 0.3909 -0.7542
vn -0.2059 0.6579 -0.7245
vn 0.4299 0.2985 -0.8521
vn -0.3482 0.3560 -0.8672
vn 0.9619 -0.2706 -0.0381
vn 0.9976 -0.0693 -0.0026
vn 0.6913 -0.6533 -0.3086
vn 0.5470 -0.7040 -0.4530
vn 0.6895 -0.6543 -0.3105
vn 0.8535 -0.5000 -0.1465
vn 0.3656 0.1614 -0.9167
vn 0.3630 0.0414 -0.9309
vn 0.9976 -0.0693 -0.0024
vn 0.3829 -0.0000 -0.9238
vn -0.3824 -0.0000 -0.9240
vn -0.3885 0.0894 -0.9171
vn -0.8671 0.3560 -0.3483
vn -0.7246 0.6578 -0.2058
vn -0.5111 0.8595 0.0076
vn -0.9310 0.0415 0.3627
vn -0.9167 0.1615 0.3654
vn -0.8521 0.2984 0.4300
vn -0.7553 0.3899 0.5269
vn -0.6502 0.7584 0.0460
vn -0.7791 0.2063 0.5919
vn -0.8491 0.1004 0.5187
vn -0.0024 -0.0693 0.9976
vn -0.0381 -0.2707 0.9619
vn -0.3087 -0.6534 0.6912
vn -0.4529 -0.7040 0.5470
vn -0.3105 -0.6544 0.6895
vn -0.1464 -0.5000 0.8536
vn -0.0381 -0.2706 0.9619
vn -0.8672 0.3560 -0.3482
vn -0.9166 0.1614 0.3657
vn -0.7245 0.6578 -0.2058
vn -0.8520 0.2984 0.4301
vn -0.5134 0.8581 0.0059
vn -0.2684 0.2600 -0.9276
vn 0.5185 0.1003 -0.8492
vn 0.5905 0.2060 -0.7803
vn 0.0421 0.7543 -0.6552
vn 0.0073 0.8582 -0.5132
vn -0.2056 0.6578 -0.7246
vn -0.3481 0.3559 -0.8673
vn 0.5271 0.3896 -0.7553
vn 0.4302 0.2983 -0.8520
vn 0.3656 0.1613 -0.9167
vn 0.9620 -0.2705 -0.0379
vn 0.6914 -0.6532 -0.3086
vn 0.5490 -0.7037 -0.4510
vn 0.6913 -0.6533 -0.3087
vn 0.8536 -0.5000 -0.1465
vn 0.5267 0.3901 -0.7552
vn 0.5796 0.4206 -0.6979
vn 0.5976 -0.6935 -0.4025
vn 0.8536 -0.5000 -0.1464
vn 0.3655 0.1614 -0.9167
vn 0.9619 -0.2706 -0.0380
vn -0.8672 0.3560 -0.3483
vn -0.7246 0.6577 -0.2057
vn 0.0075 0.8595 -0.5110
vn -0.3483 0.3560 -0.8672
vn -0.9277 0.2595 -0.2684
vn -0.6535 0.7557 0.0424
vn -0.8495 0.1002 0.5181
vn -0.7563 0.3885 0.5264
vn -0.7799 0.2062 0.5910
vn -0.0380 -0.2706 0.9619
vn -0.9168 0.1616 0.3652
vn -0.5110 0.8595 0.0075
vn -0.8521 0.2983 0.4301
vn -0.7552 0.3901 0.5268
vn -0.1465 -0.5000 0.8535
vn -0.3087 -0.6533 0.6913
vn -0.6979 0.4207 0.5796
vn -0.3836 0.9148 0.1263
vn 0.1263 0.9148 -0.3837
vn -0.4025 -0.6935 0.5975
vn -0.0598 0.0852 -0.9946
vn 0.3617 0.0517 -0.9309
vn 0.0101 0.0483 -0.9988
vn 0.0357 0.0105 -0.9993
vn -0.1032 0.0411 -0.9938
vn 0.2062 0.0002 -0.9785
vn 0.1600 0.0328 -0.9866
vn 0.1857 -0.0016 -0.9826
vn 0.0635 0.1065 -0.9923
vn -0.3086 -0.6533 0.6914
vn -0.4510 -0.7037 0.5490
vn -0.1464 -0.5000 0.8535
vn 0.1667 0.1385 -0.9762
vn 0.1225 0.0824 -0.9890
vn 0.1040 0.1047 -0.9890
vn 0.4958 0.5029 -0.7080
vn 0.1364 0.1684 -0.9762
vn 0.0816 0.1230 -0.9890
vn 0.3881 0.5900 -0.7080
vn 0.1010 0.1917 -0.9762
vn 0.0560 0.1366 -0.9890
vn 0.2655 0.6544 -0.7080
vn 0.0618 0.2051 -0.9768
vn 0.0142 0.1851 -0.9826
vn -0.0006 0.7071 -0.7071
vn 0.1479 0.2132 -0.9658
vn 0.0071 0.0707 -0.9975
vn 0.0002 -0.0000 -1.0000
vn 0.1365 0.0550 -0.9891
vn 0.1846 0.0161 -0.9827
vn 0.0678 0.0111 -0.9976
vn 0.2051 0.1503 -0.9671
vn 0.7057 0.0132 -0.7084
vn 0.2025 0.0636 -0.9772
vn 0.6505 0.2749 -0.7080
vn 0.1905 0.1033 -0.9762
vn 0.5844 0.3965 -0.7080
vn 0.3119 0.2636 0.9128
vn -0.6447 0.2972 0.7043
vn -0.4651 0.8841 0.0453
vn 0.4282 0.8791 0.2095
vn 0.5601 0.7087 -0.4290
vn -0.3294 0.7204 -0.6103
vn 0.7654 -0.1025 -0.6354
vn -0.4338 -0.1132 -0.8939
vn 0.4980 -0.8462 -0.1896
vn -0.3754 -0.8390 -0.3939
vn 0.3562 -0.7360 0.5757
vn -0.5770 -0.7253 0.3755
vn -0.2238 0.6620 0.7153
vn -0.7687 0.1614 0.6189
vn -0.7687 0.1614 0.6188
vn 0.4609 0.7913 0.4017
vn 0.4609 0.7914 0.4017
vn 0.8765 0.4587 -0.1464
vn 0.7891 -0.1265 -0.6012
vn 0.7891 -0.1265 -0.6011
vn 0.2377 -0.6547 -0.7176
vn -0.4609 -0.7914 -0.4017
vn -0.8800 -0.4481 0.1578
vn -0.8800 -0.4481 0.1577
vn -0.9944 0.0580 -0.0887
vn -0.8493 -0.4294 -0.3072
vn -0.4185 -0.8840 -0.2082
vn -0.8307 -0.1713 -0.5297
vn -0.6508 -0.7026 -0.2877
vn 0.0459 -0.9944 -0.0956
vn -0.9625 -0.1992 -0.1842
vn -0.9979 0.0599 0.0246
vn 0.0116 -0.8819 0.4713
vn 0.5426 -0.6830 0.4890
vn 0.1187 -0.4294 0.8953
vn -0.2184 -0.8835 0.4143
vn -0.6964 -0.6860 0.2109
vn -0.4865 -0.4268 0.7623
vn -0.6318 0.1479 0.7608
vn -0.4657 0.7010 0.5401
vn -0.1971 0.9790 0.0520
vn -0.6416 0.7535 -0.1434
vn 0.2559 0.1441 0.9559
vn 0.8957 0.0533 0.4415
vn 0.7187 -0.6942 -0.0403
vn 0.0650 -0.9975 -0.0278
vn -0.5538 0.6881 -0.4688
vn 0.9510 -0.2188 0.2186
vn 0.2736 -0.9563 0.1033
vn 0.6765 -0.5968 -0.4314
vn 0.9085 -0.4157 0.0423
vn 0.9767 -0.2005 0.0763
vn 0.9121 0.2661 0.3118
vn -0.1781 -0.9760 -0.1250
vn -0.4331 -0.6093 -0.6642
vn 0.1736 -0.5672 -0.8051
vn 0.0326 -0.9856 -0.1662
vn 0.1931 -0.9810 -0.0197
vn -0.9222 0.2115 -0.3237
vn -0.7090 0.4770 -0.5194
vn -0.3288 0.2186 -0.9188
vn -0.8532 0.0674 -0.5172
vn -0.3346 0.8581 -0.3896
vn -0.1597 0.8219 -0.5468
vn 0.2129 0.2042 -0.9555
vn 0.6980 0.2030 -0.6867
vn 0.1452 0.7993 -0.5832
vn 0.0667 0.9022 -0.4262
vn 0.8680 0.4668 -0.1695
vn 0.3569 0.8372 -0.4143
vn 0.5295 0.8012 -0.2786
vn 0.0719 0.9239 -0.3757
vn 0.7140 0.6751 -0.1856
vn 0.9848 0.1670 -0.0469
vn 0.9927 0.0599 -0.1052
vn 0.6561 0.7389 0.1536
vn 0.1602 0.9774 0.1376
vn 0.2021 0.6982 0.6868
vn 0.5772 0.7807 -0.2396
vn -0.4272 0.7859 0.4470
vn 0.4396 0.6001 -0.6683
vn -0.5441 -0.6292 0.5550
vn -0.6992 0.5133 0.4976
vn 0.2339 0.7846 0.5742
vn -0.1326 0.3996 0.9070
vn 0.8956 -0.2113 0.3914
vn -0.5794 0.7787 -0.2406
vn -0.9076 0.3996 0.1284
vn -0.9068 -0.4000 0.1331
vn -0.1285 -0.3991 0.9079
vn -0.4383 -0.6027 -0.6668
vn -0.1651 -0.3102 -0.9362
vn -0.1669 0.3172 -0.9336
vn -0.5732 -0.7857 -0.2327
vn 0.2397 -0.7791 0.5793
vn 0.6980 0.5110 0.5017
vn 0.8981 0.2026 0.3904
vn -0.4361 0.6017 -0.6691
vn -0.5555 0.6230 -0.5507
vn -0.4427 -0.7885 -0.4268
vn 0.4310 -0.7816 0.4510
vn 0.5444 0.6291 0.5549
vn 0.6992 -0.5134 0.4975
vn 0.4279 0.7874 0.4437
vn -0.4526 0.7798 -0.4325
vn -0.5576 -0.6248 -0.5465
vn 0.5461 -0.6310 0.5511
vn -0.4401 -0.0998 -0.8924
vn -0.5991 0.7833 -0.1658
vn 0.6735 0.0343 -0.7384
vn 0.4958 0.8659 -0.0666
vn 0.6314 0.3580 0.6879
vn 0.8338 -0.5492 -0.0560
vn 0.1290 -0.0648 0.9895
vn 0.2999 -0.8920 0.3381
vn -0.2863 -0.9270 0.2423
vn -0.4325 -0.1003 0.8960
vn -0.8814 0.2383 0.4078
vn -0.7567 -0.6061 -0.2449
vn -0.4328 0.8379 -0.3325
vn 0.2878 0.2355 0.9283
vn -0.6931 -0.0202 0.7206
vn -0.5689 0.8096 0.1449
vn 0.3734 0.8839 0.2816
vn -0.2964 0.0782 -0.9519
vn 0.6312 -0.3836 -0.6741
vn -0.3095 -0.4248 -0.8507
vn -0.4888 -0.8692 0.0743
vn 0.5543 -0.8316 0.0339
vn -0.2909 0.9013 -0.3210
vn -0.1430 0.0808 -0.9864
vn -0.7076 -0.3028 -0.6384
vn 0.4428 0.1179 -0.8888
vn 0.2710 0.9349 -0.2290
vn 0.6599 0.6738 0.3325
vn 0.8811 -0.2273 -0.4147
vn 0.5381 0.8362 0.1062
vn 0.7473 -0.1184 -0.6539
vn 0.5510 -0.8218 -0.1450
vn 0.5938 -0.1893 -0.7820
vn -0.5094 -0.8293 -0.2298
vn -0.3433 -0.2558 -0.9037
vn -0.3562 -0.0388 -0.9336
vn -0.8424 0.5385 0.0165
vn -0.5094 0.8287 -0.2317
vn -0.4989 0.8652 -0.0498
vn 0.4360 0.8922 0.1176
vn 0.3310 0.4264 0.8418
vn -0.7126 0.2318 0.6622
vn -0.6066 0.7714 -0.1923
vn 0.5226 0.8523 0.0194
vn 0.5226 0.8523 0.0195
vn -0.6423 0.1899 0.7426
vn 0.3430 0.2505 0.9053
vn 0.4328 0.8931 0.1228
vn -0.5991 0.7833 -0.1657
vn -0.4329 0.8380 -0.3324
vn -0.2964 0.0781 -0.9519
vn -0.4402 -0.0998 -0.8923
vn 0.6736 0.0344 -0.7383
vn 0.7112 -0.0289 -0.7024
vn 0.4957 0.8659 -0.0666
vn 0.5227 0.8523 0.0194
vn 0.7113 -0.0289 -0.7023
vn 0.6418 -0.2099 -0.7376
vn 0.5551 -0.8316 0.0195
vn -0.4286 -0.8921 -0.1430
vn -0.4256 -0.1259 -0.8961
vn 0.4343 -0.8950 -0.1015
vn -0.0199 -0.6745 0.7380
vn 0.5408 0.0227 0.8408
vn 0.9862 -0.1510 0.0685
vn 0.8671 0.4724 -0.1582
vn 0.4286 0.6634 0.6133
vn 0.2524 0.6183 -0.7443
vn -0.3628 0.8881 0.2822
vn -0.4999 0.1236 -0.8572
vn -0.9358 0.3373 -0.1029
vn -0.4307 -0.6304 -0.6458
vn -0.8929 -0.4200 0.1624
vn 0.4786 -0.0329 0.8774
vn -0.2586 -0.1136 0.9593
vn -0.2587 -0.1136 0.9593
vn 0.9550 0.0684 0.2886
vn 0.8738 0.1297 -0.4687
vn 0.8738 0.1297 -0.4688
vn 0.3007 0.1166 -0.9466
vn -0.4647 0.0350 -0.8848
vn -0.4648 0.0349 -0.8847
vn -0.9550 -0.0684 -0.2887
vn -0.9550 -0.0684 -0.2886
vn -0.8661 -0.1302 0.4826
vn -0.8662 -0.1302 0.4825
vn -0.4448 0.1032 0.8897
vn -0.8088 0.2849 0.5144
vn -0.9856 0.1493 -0.0793
vn -0.5882 0.5251 0.6150
vn -0.9471 0.2440 0.2084
vn -0.8461 0.0241 -0.5325
vn -0.6579 0.1798 0.7313
vn -0.4385 -0.0096 0.8987
vn -0.7333 -0.5329 -0.4223
vn -0.2978 -0.5421 -0.7858
vn -0.2636 -0.9248 -0.2745
vn -0.8513 -0.4738 -0.2255
vn -0.9269 -0.2517 0.2783
vn -0.5673 -0.7855 0.2475
vn -0.1400 -0.7416 0.6561
vn 0.4096 -0.4838 0.7734
vn 0.7558 0.0198 0.6545
vn 0.3297 0.2035 0.9219
vn 0.3054 -0.9459 -0.1095
vn 0.5130 -0.4461 -0.7334
vn -0.2507 -0.0168 -0.9679
vn -0.8355 -0.0439 -0.5477
vn 0.2978 0.5225 0.7989
vn 0.2912 -0.2437 -0.9251
vn -0.6895 -0.1739 -0.7031
vn -0.2091 0.3806 -0.9008
vn 0.0894 -0.0815 -0.9927
vn 0.3117 -0.1008 -0.9448
vn 0.6984 -0.3018 -0.6490
vn -0.9423 0.0572 -0.3300
vn -0.7802 0.6237 0.0481
vn -0.4525 0.7608 -0.4652
vn -0.8490 0.0953 -0.5198
vn -0.7576 -0.0522 -0.6506
vn 0.0059 1.0000 -0.0052
vn 0.0057 0.9995 0.0313
vn -0.0432 0.9981 0.0440
vn -0.0000 0.9999 -0.0107
vn -0.0000 1.0000 -0.0001
vn -0.2894 0.3477 0.8918
vn 0.0352 0.5596 0.8280
vn -0.0243 0.9354 0.3527
vn -0.3914 0.5297 0.7525
vn 0.5579 0.4532 0.6952
vn 0.6039 0.6055 0.5183
vn 0.2281 0.9653 -0.1273
vn 0.4815 0.6919 -0.5380
vn 0.7325 0.6370 0.2403
vn 0.7920 0.4886 0.3662
vn 0.8236 0.1930 -0.5334
vn 0.8794 0.4690 0.0823
vn 0.9409 0.3293 -0.0795
vn 0.8163 0.4397 0.3745
vn 0.9276 0.2255 -0.2979
vn 0.6278 0.0481 -0.7769
vn 0.5354 0.0986 -0.8388
vn 0.9736 -0.1076 -0.2011
vn 0.9354 -0.0695 0.3467
vn 0.7447 -0.6375 0.1975
vn 0.5896 0.5897 0.5519
vn 0.9813 0.0775 0.1761
vn 0.9813 0.0776 0.1762
vn 0.5895 0.5898 0.5519
vn -0.1495 0.7724 0.6173
vn -0.1494 0.7724 0.6173
vn -0.8013 0.5042 0.3222
vn -0.8012 0.5042 0.3223
vn -0.9879 -0.0436 -0.1491
vn -0.9879 -0.0436 -0.1490
vn -0.6023 -0.5817 -0.5467
vn -0.6022 -0.5817 -0.5468
vn 0.1495 -0.7724 -0.6173
vn 0.1494 -0.7724 -0.6173
vn 0.8105 -0.4948 -0.3134
vn 0.8105 -0.4948 -0.3135
vn -0.1326 0.3996 0.9071
vn -0.5731 -0.7857 -0.2327
vn -0.4361 0.6018 -0.6691
vn 0.6992 -0.5133 0.4975
vn -0.1496 -0.7230 -0.6745
vn -0.6794 -0.6457 0.3486
vn -0.8645 0.4672 0.1854
vn -0.3397 0.4193 -0.8419
vn 0.8978 -0.4027 -0.1781
vn 0.3082 -0.3156 0.8974
vn 0.4124 -0.0515 0.9095
vn 0.9870 -0.0913 -0.1323
vn 0.1218 -0.6849 0.7184
vn 0.6328 -0.7435 -0.2162
vn 0.1153 -0.8686 -0.4819
vn -0.3731 -0.8049 0.4614
vn -0.9104 -0.3716 0.1820
vn -0.4344 -0.4541 -0.7778
vn -0.5789 -0.7208 0.3813
vn 0.1442 -0.3964 0.9067
vn -0.6394 -0.7054 0.3058
vn -0.8547 0.2804 0.4368
vn -0.0299 0.5055 0.8623
vn -0.0760 -0.7750 -0.6273
vn 0.7482 0.3855 -0.5400
vn -0.0879 0.2104 -0.9737
vn -0.0893 -0.7726 -0.6286
vn 0.8465 -0.4220 -0.3246
vn -0.6287 0.7406 0.2370
vn -0.1411 0.6895 -0.7104
vn -0.5056 0.0328 -0.8621
vn 0.3750 0.8148 -0.4422
vn -0.1327 0.8605 0.4918
vn 0.3165 0.4117 0.8546
vn 0.9057 0.3836 -0.1802
vn 0.1437 0.6407 0.7542
vn 0.7444 0.5824 -0.3267
vn 0.8436 -0.2936 -0.4496
vn 0.6366 0.5789 -0.5095
vn -0.1175 -0.5433 -0.8313
vn -0.1871 0.3502 -0.9178
vn -0.2874 0.5123 -0.8093
vn -0.9896 0.1088 0.0944
vn -0.8000 0.5684 0.1923
vn -0.8096 0.4711 0.3503
vn 0.0275 0.6414 0.7667
vn 0.1070 -0.1971 0.9745
vn -0.7596 -0.5022 0.4133
vn -0.8658 0.4752 0.1567
vn 0.3101 -0.4061 0.8596
vn 0.1249 0.7067 0.6964
vn -0.6802 -0.5653 0.4667
vn 0.1890 -0.3548 0.9156
vn 0.0239 0.6374 0.7701
vn 0.6759 0.6651 -0.3174
vn 0.8659 -0.4772 -0.1499
vn 0.6878 0.5484 -0.4756
vn 0.8475 -0.4118 -0.3349
vn -0.0200 -0.6218 -0.7829
vn -0.3157 0.4085 -0.8564
vn -0.9448 -0.0260 -0.3266
vn -0.9448 -0.0260 -0.3267
vn 0.2195 -0.6950 0.6847
vn 0.4772 -0.1334 0.8686
vn 0.9008 -0.4338 0.0189
vn 0.0885 -0.6836 0.7245
vn -0.4557 -0.5814 0.6741
vn -0.1005 -0.9590 -0.2650
vn -0.1349 0.2238 -0.9652
vn 0.4484 -0.8554 -0.2594
vn -0.2209 -0.9026 -0.3694
vn -0.2878 -0.7441 -0.6029
vn 0.7063 -0.6770 -0.2069
vn 0.7562 0.2275 -0.6135
vn -0.5873 -0.3576 -0.7260
vn -0.5333 -0.6353 0.5586
vn -0.7621 -0.0356 0.6465
vn -0.6030 0.1472 0.7841
vn 0.1526 0.5012 0.8518
vn -0.0325 -0.4852 0.8738
vn -0.7360 -0.5628 0.3763
vn 0.2819 0.1849 0.9415
vn 0.8581 0.2114 0.4680
vn 0.8581 0.2114 0.4679
vn -0.4681 0.0515 0.8822
vn -0.4680 0.0515 0.8822
vn -0.9448 -0.1120 0.3079
vn -0.8787 -0.2091 -0.4291
vn -0.2969 -0.1867 -0.9365
vn 0.4681 -0.0515 -0.8822
vn 0.9492 0.1150 -0.2929
vn 0.9492 0.1150 -0.2930
vn -0.4430 0.8517 0.2799
vn -0.0665 0.7039 -0.7072
vn -0.5674 0.1337 -0.8125
vn 0.4871 0.7230 -0.4899
vn 0.0886 0.8696 0.4857
vn 0.4709 0.3398 0.8141
vn 0.9432 0.1941 -0.2698
vn 0.3705 -0.0012 0.9288
vn 0.9063 -0.2287 -0.3555
vn 0.7220 -0.4569 -0.5196
vn 0.6889 0.4395 -0.5765
vn -0.3011 -0.5086 -0.8066
vn -0.1984 0.3807 -0.9032
vn -0.3595 -0.2475 -0.8997
vn -0.9346 0.3052 0.1828
vn -0.8760 -0.0458 0.4800
vn -0.6626 0.6240 0.4142
vn 0.2267 0.6228 0.7488
vn -0.8761 -0.0458 0.4800
vn 0.1563 -0.2147 0.9641
vn -0.8024 -0.3397 0.4907
vn -0.3636 0.1443 0.9203
vn -0.1834 -0.8201 0.5420
vn -0.1418 0.9491 0.2811
vn -0.1419 0.9491 0.2811
vn -0.3636 0.1442 0.9203
vn -0.1834 -0.8201 0.5421
vn 0.5867 0.1047 0.8030
vn 0.4002 0.1245 0.9079
vn -0.5173 0.1367 0.8448
vn 0.9230 0.0348 0.3831
vn 0.8487 0.0576 0.5257
vn -0.9151 0.0798 0.3953
vn -0.8424 0.0979 0.5298
vn 0.3636 -0.1443 -0.9203
vn -0.4146 -0.1232 -0.9016
vn -0.4147 -0.1232 -0.9016
vn 0.5121 -0.1371 -0.8479
vn 0.9213 -0.0778 -0.3809
vn 0.8094 -0.1042 -0.5779
vn 0.0232 0.9890 -0.1458
vn 0.1834 0.8201 -0.5420
vn 0.0232 0.9891 -0.1456
vn 0.0232 0.9891 -0.1457
vn -0.1652 -0.3102 -0.9362
vn -0.1325 0.3996 0.9071
vn 0.6760 0.7245 0.1347
vn -0.6356 0.6745 -0.3757
vn 0.6862 0.7138 0.1401
vn 0.6536 -0.6738 0.3448
vn 0.6429 -0.6851 0.3426
vn -0.6634 -0.7295 -0.1665
vn 0.6430 -0.6850 0.3426
vn 0.6536 -0.6737 0.3448
vn -0.6734 -0.7189 -0.1724
vn 0.9163 0.0373 0.3987
vn 0.3636 -0.1442 -0.9203
vn 0.2735 0.5974 -0.7539
vn 0.3637 -0.1443 -0.9203
vn 0.1833 0.8201 -0.5420
vn 0.3635 -0.1443 -0.9203
vn 0.9762 0.1385 0.1667
vn 0.9890 0.0824 0.1225
vn 0.9890 0.1047 0.1040
vn 0.7080 0.5030 0.4957
vn 0.9762 0.1684 0.1364
vn 0.9890 0.1230 0.0816
vn 0.7080 0.5900 0.3881
vn 0.9762 0.1917 0.1010
vn 0.9890 0.1366 0.0560
vn 0.7080 0.6544 0.2655
vn 0.9768 0.2051 0.0618
vn 0.9826 0.1851 0.0141
vn 0.7071 0.7072 -0.0005
vn 0.9658 0.2132 0.1479
vn 0.9975 0.0707 0.0071
vn 1.0000 -0.0000 0.0002
vn 0.9891 0.0550 0.1365
vn 0.9827 0.0161 0.1846
vn 0.9976 0.0111 0.0678
vn 0.9671 0.1503 0.2051
vn 0.7083 0.0132 0.7058
vn 0.9772 0.0636 0.2025
vn 0.7080 0.2749 0.6505
vn 0.9762 0.1033 0.1905
vn 0.7080 0.3965 0.5844
vn 0.2946 0.6110 0.7347
vn 0.0694 0.9707 0.2301
vn 0.0997 0.3984 0.9118
vn 0.2033 0.7215 0.6619
vn 0.7866 0.0378 0.6163
vn -0.9848 -0.1590 -0.0693
vn -0.6875 -0.1511 0.7103
vn -0.6592 0.3400 0.6707
vn 0.0608 -0.1562 0.9858
vn 0.6386 -0.0606 0.7672
vn 0.8803 -0.4249 0.2111
vn 0.5608 -0.4716 0.6805
vn 0.7004 -0.4348 0.5660
vn 0.1674 -0.6273 -0.7606
vn 0.6641 -0.1231 -0.7374
vn 0.3748 0.8265 -0.4200
vn -0.7559 0.6067 -0.2460
vn 0.0932 0.3422 -0.9350
vn 0.5900 -0.6049 -0.5348
vn 0.7763 -0.6304 -0.0076
vn -0.5453 -0.4157 -0.7279
vn 0.5342 -0.6298 -0.5639
vn 0.0750 -0.6464 -0.7593
vn -0.6829 -0.5033 -0.5295
vn -0.6829 -0.5033 -0.5294
vn -0.8917 -0.4498 0.0501
vn -0.6237 0.5421 0.5631
vn -0.0435 -0.4783 0.8771
vn -0.9071 0.4032 -0.1210
vn -0.4379 0.8003 0.4096
vn -0.7654 -0.0399 -0.6424
vn -0.6186 0.0336 -0.7850
vn -0.2236 -0.3918 -0.8925
vn 0.7373 -0.1230 -0.6642
vn 0.7938 -0.5849 -0.1665
vn 0.4200 0.8265 -0.3748
vn -0.0426 0.7744 0.6313
vn 0.3381 0.8786 0.3372
vn 0.0142 0.9999 -0.0050
vn -0.3294 0.8729 -0.3599
vn -0.7016 0.7044 0.1080
vn 0.3291 0.8608 -0.3882
vn 0.5136 0.8573 -0.0351
vn -0.2282 0.9705 -0.0782
vn 0.1004 0.8495 -0.5179
vn 0.7005 0.2922 -0.6511
vn 0.6750 -0.3741 -0.6359
vn 0.9162 0.3962 -0.0601
vn 0.4852 -0.7034 -0.5194
vn -0.0000 -0.8306 0.5569
vn -0.3939 -0.8305 0.3939
vn -0.5299 -0.6622 0.5299
vn 0.6694 -0.3225 0.6693
vn -0.0000 -0.3225 0.9466
vn -0.0021 0.6962 0.7179
vn -0.6219 0.4759 0.6219
vn 0.5159 0.6866 0.5123
vn 0.3938 -0.8305 -0.3938
vn -0.9465 -0.3227 -0.0000
vn -0.5567 -0.8307 -0.0000
vn -0.3938 -0.8305 -0.3939
vn -0.0000 -0.8306 -0.5568
vn 0.5000 0.7071 -0.5000
vn -0.9391 -0.0285 -0.3426
vn 0.0232 0.9890 -0.1459
vn 0.9145 0.3624 0.1796
vn 0.9808 -0.0000 0.1950
vn 0.8315 -0.0000 0.5555
vn 0.7731 0.3460 0.5316
vn 0.9202 0.3914 -0.0000
vn 0.4246 0.9054 -0.0000
vn 0.0006 0.9054 -0.4245
vn 0.0002 0.3912 -0.9203
vn -0.2030 0.9260 -0.3184
vn 0.3239 0.9237 0.2048
vn 0.3652 0.9279 0.0744
vn 0.6507 0.3913 0.6508
vn -0.0752 0.9287 -0.3632
vn -0.1426 0.9432 0.2999
vn -0.2994 0.9433 0.1430
vn -0.6507 0.3914 -0.6507
vn -0.6510 0.3911 0.6506
vn -0.3008 0.9055 0.2994
vn -0.3002 0.9054 -0.3002
vn -0.1782 0.3633 -0.9145
vn -0.5295 0.3518 -0.7719
vn -0.5556 -0.0000 -0.8314
vn -0.1951 -0.0000 -0.9808
vn -0.6700 0.7179 -0.1887
vn 0.2332 0.6058 0.7606
vn -0.7400 0.6069 -0.2900
vn -0.0057 0.9993 0.0373
vn 0.0570 0.9973 0.0457
vn 0.0057 1.0000 0.0004
vn 0.2998 0.9055 0.3004
vn -0.3001 0.9054 0.3002
vn -0.8766 0.3547 0.3251
vn -0.3243 0.3541 0.8772
vn -0.3826 -0.0000 0.9239
vn 0.9238 -0.0000 0.3828
vn 0.9309 0.0414 0.3629
vn 0.9166 0.1614 0.3657
vn 0.0381 -0.2706 0.9619
vn 0.0024 -0.0693 0.9976
vn 0.9238 -0.0000 0.3829
vn 0.9239 -0.0000 -0.3825
vn 0.9240 -0.0000 -0.3824
vn 0.3824 -0.0000 -0.9240
vn 0.9171 0.0894 -0.3886
vn 0.3888 0.0894 -0.9170
vn 0.9274 0.2615 -0.2676
vn 0.8489 0.1006 0.5188
vn 0.7796 0.2064 0.5912
vn 0.6519 0.7570 0.0453
vn 0.5109 0.8596 0.0090
vn 0.7542 0.3909 0.5276
vn 0.7244 0.6579 -0.2059
vn 0.8521 0.2986 0.4299
vn 0.8672 0.3560 -0.3481
vn 0.3482 0.3560 -0.8672
vn 0.2060 0.6579 -0.7244
vn -0.0078 0.8594 -0.5112
vn -0.0461 0.7585 -0.6500
vn 0.2671 0.2614 -0.9275
vn -0.5188 0.1007 -0.8489
vn -0.5920 0.2067 -0.7790
vn -0.5270 0.3897 -0.7552
vn -0.4298 0.2986 -0.8521
vn -0.3656 0.1614 -0.9167
vn -0.3630 0.0414 -0.9309
vn -0.3829 -0.0000 -0.9238
vn -0.9976 -0.0693 -0.0024
vn -0.9619 -0.2706 -0.0381
vn -0.8536 -0.5000 -0.1465
vn -0.6895 -0.6543 -0.3105
vn -0.5470 -0.7040 -0.4530
vn -0.6913 -0.6533 -0.3087
vn -0.3627 0.0415 -0.9310
vn 0.2056 0.6577 -0.7246
vn -0.4302 0.2983 -0.8521
vn -0.0061 0.8581 -0.5135
vn -0.5265 0.3883 -0.7563
vn -0.0427 0.7558 -0.6535
vn -0.5911 0.2062 -0.7798
vn -0.8535 -0.5000 -0.1465
vn -0.5490 -0.7037 -0.4510
vn -0.6913 -0.6533 -0.3086
vn -0.9619 -0.2707 -0.0380
vn -0.5181 0.1002 -0.8494
vn 0.2683 0.2596 -0.9277
vn 0.6552 0.7542 0.0422
vn 0.9275 0.2599 -0.2686
vn 0.3885 0.0894 -0.9171
vn -0.3629 0.0414 -0.9309
vn 0.8672 0.3560 -0.3483
vn 0.7246 0.6578 -0.2057
vn 0.9169 0.0894 -0.3889
vn 0.7553 0.3898 0.5269
vn 0.8520 0.2984 0.4301
vn 0.9167 0.1615 0.3655
vn 0.9311 0.0415 0.3625
vn 0.8494 0.1003 0.5182
vn 0.7804 0.2059 0.5904
vn 0.5131 0.8583 0.0072
vn 0.3087 -0.6533 0.6913
vn 0.1464 -0.5000 0.8536
vn 0.0380 -0.2706 0.9619
vn 0.3086 -0.6533 0.6913
vn 0.7247 0.6577 -0.2054
vn 0.8671 0.3560 -0.3484
vn 0.9169 0.0894 -0.3890
vn 0.8520 0.2984 0.4302
vn 0.9167 0.1615 0.3654
vn 0.4510 -0.7037 0.5490
vn 0.0382 -0.2707 0.9619
vn 0.3088 -0.6534 0.6912
vn 0.4529 -0.7040 0.5470
vn 0.3105 -0.6544 0.6895
vn 0.0006 0.7071 -0.7071
vn -0.0142 0.1851 -0.9826
vn -0.0618 0.2051 -0.9768
vn -0.1479 0.2132 -0.9658
vn -0.0071 0.0707 -0.9975
vn -0.0002 -0.0000 -1.0000
vn -0.0560 0.1366 -0.9890
vn -0.0816 0.1230 -0.9890
vn -0.1040 0.1047 -0.9890
vn -0.1225 0.0824 -0.9890
vn -0.1365 0.0550 -0.9891
vn -0.1846 0.0161 -0.9827
vn -0.1667 0.1385 -0.9762
vn -0.4957 0.5029 -0.7080
vn -0.1364 0.1684 -0.9762
vn -0.3881 0.5900 -0.7080
vn -0.1010 0.1917 -0.9762
vn -0.2655 0.6544 -0.7080
vn -0.0678 0.0111 -0.9976
vn -0.2051 0.1503 -0.9671
vn -0.7057 0.0132 -0.7084
vn -0.2025 0.0636 -0.9772
vn -0.6505 0.2749 -0.7080
vn -0.1905 0.1033 -0.9762
vn -0.5844 0.3965 -0.7080
vn -0.3656 0.1615 -0.9167
vn -0.4302 0.2983 -0.8520
vn 0.2056 0.6578 -0.7246
vn -0.8536 -0.5000 -0.1464
vn -0.5268 0.3900 -0.7553
vn -0.0076 0.8595 -0.5111
vn 0.5112 0.8594 0.0077
vn -0.5796 0.4206 -0.6980
vn -0.1263 0.9148 -0.3837
vn 0.3836 0.9148 0.1263
vn 0.6979 0.4206 0.5796
vn 0.4025 -0.6935 0.5976
vn -0.5975 -0.6935 -0.4025
vn 0.4272 0.7860 -0.4469
vn 0.2358 0.7826 -0.5762
vn -0.5773 0.7806 0.2396
vn 0.5441 -0.6292 -0.5550
vn 0.6980 -0.5108 -0.5018
vn -0.5535 -0.6266 0.5487
vn -0.4340 -0.6046 0.6679
vn 0.8981 -0.2020 -0.3908
vn -0.1661 -0.3190 0.9331
vn -0.1667 0.3105 0.9358
vn 0.8957 0.2117 -0.3911
vn 0.6992 0.5134 -0.4976
vn -0.4390 0.5998 0.6690
vn 0.2387 -0.7809 -0.5773
vn 0.4321 -0.7828 -0.4477
vn 0.5462 0.6307 -0.5512
vn -0.5592 0.6214 0.5488
vn -0.1308 -0.3977 -0.9081
vn -0.1304 0.3998 -0.9073
vn -0.9081 0.3979 -0.1309
vn -0.9070 -0.4001 -0.1311
vn -0.5748 -0.7840 0.2344
vn -0.4458 -0.7872 0.4260
vn -0.4490 0.7811 0.4339
vn -0.4490 0.7811 0.4338
vn -0.5772 0.7806 0.2396
vn -0.4458 -0.7872 0.4261
vn -0.4396 0.6001 0.6683
vn -0.1667 0.3105 0.9359
vn -0.9080 0.3979 -0.1309
vn 0.8981 -0.2020 -0.3907
vn 0.5442 -0.6292 -0.5550
vn -0.3960 -0.8364 0.3791
vn -0.0877 -0.8300 -0.5508
vn -0.6702 -0.1653 -0.7235
vn -0.9813 -0.1421 0.1295
vn -0.8384 0.5144 0.1800
vn -0.5342 0.5086 -0.6753
vn -0.1397 0.7818 0.6077
vn 0.2962 0.7885 -0.5390
vn 0.6298 0.3121 0.7113
vn 0.9338 0.3323 -0.1323
vn 0.5409 -0.4688 0.6983
vn 0.8622 -0.4652 -0.2004
vn -0.3737 0.3320 0.8661
vn -0.3828 -0.2553 0.8879
vn -0.4945 0.2434 0.8344
vn -0.5784 -0.1252 0.8061
vn 0.3452 0.5782 0.7392
vn -0.4004 0.8094 0.4296
vn -0.7296 0.3308 0.5985
vn 0.0740 0.1572 0.9848
vn -0.9214 0.3584 0.1504
vn -0.8731 0.3398 0.3497
vn -0.9313 -0.0464 0.3612
vn -0.7552 -0.6504 0.0819
vn -0.8495 0.4047 -0.3384
vn -0.7731 0.5774 -0.2626
vn -0.6907 0.4784 -0.5422
vn -0.2219 0.9726 -0.0695
vn -0.8894 0.4546 -0.0477
vn -0.8740 0.3558 -0.3309
vn -0.4549 0.3553 -0.8166
vn -0.9778 -0.1298 -0.1646
vn -0.8520 -0.1195 -0.5097
vn -0.4915 -0.0234 -0.8706
vn -0.5207 -0.6442 -0.5603
vn -0.2665 -0.8866 0.3780
vn 0.0453 -0.8784 -0.4758
vn 0.2826 -0.2368 -0.9295
vn 0.2697 0.3551 -0.8951
vn -0.6713 0.2878 -0.6831
vn -0.0501 0.8249 -0.5631
vn -0.1790 0.3486 -0.9200
vn 0.1348 0.1210 -0.9835
vn 0.2930 -0.1193 -0.9486
vn 0.7096 0.1383 -0.6909
vn 0.7507 0.5782 -0.3197
vn 0.5080 0.8395 0.1927
vn 0.3955 0.2057 -0.8951
vn 0.4712 0.3524 -0.8086
vn 0.5338 -0.8334 -0.1430
vn 0.8748 -0.3461 -0.3390
vn 0.8994 0.1922 -0.3925
vn 0.9826 0.1431 -0.1185
vn 0.9821 0.1137 0.1504
vn 0.9139 0.0693 0.4001
vn 0.9206 0.1315 0.3678
vn 0.4183 0.2314 0.8783
vn 0.4431 -0.3631 0.8197
vn 0.8015 -0.4333 0.4121
vn 0.3212 -0.8390 0.4391
vn 0.8850 -0.4248 0.1906
vn 0.9201 0.1976 0.3383
vn 0.7973 -0.0173 0.6034
vn -0.2666 0.2030 0.9422
vn -0.1528 0.1319 0.9794
vn 0.8538 0.0871 0.5133
vn 0.2358 0.7826 -0.5761
vn 0.6992 0.5133 -0.4976
vn 0.5462 0.6308 -0.5512
vn -0.9071 -0.4001 -0.1311
vn 0.9072 0.3720 -0.1968
vn 0.4344 0.4630 0.7726
vn -0.6377 0.6624 0.3931
vn -0.4011 0.6213 -0.6731
vn -0.5553 -0.3813 -0.7391
vn 0.7579 -0.5980 -0.2607
vn 0.4154 -0.6070 0.6775
vn -0.8985 -0.3903 0.2007
vn 0.4093 0.4791 0.7765
vn -0.6579 0.6546 0.3724
vn -0.8308 -0.4698 0.2984
vn 0.2318 -0.6749 0.7005
vn 0.7377 -0.6404 -0.2137
vn 0.2181 -0.7093 0.6703
vn 0.6993 -0.5839 -0.4123
vn 0.2374 -0.7500 0.6174
vn 0.6306 0.1902 0.7525
vn 0.7530 -0.3370 -0.5652
vn 0.4669 -0.8705 -0.1559
vn 0.2642 -0.8760 0.4035
vn 0.9634 0.2254 -0.1452
vn 0.1667 -0.3297 0.9292
vn -0.8229 -0.1677 0.5429
vn -0.7977 -0.5598 0.2242
vn -0.5211 0.4815 -0.7047
vn -0.5509 -0.3850 -0.7405
vn -0.7843 -0.5590 0.2691
vn -0.4543 -0.3800 -0.8057
vn -0.3601 -0.1171 -0.9255
vn -0.8456 0.4975 0.1933
vn -0.5226 -0.6889 -0.5023
vn -0.7194 -0.6938 0.0330
vn 0.8442 0.4116 -0.3434
vn -0.3049 0.5877 -0.7494
vn -0.2659 0.3494 -0.8985
vn 0.8433 0.1361 -0.5199
vn -0.2845 0.8722 -0.3979
vn 0.7095 0.7030 -0.0496
vn 0.5041 0.6979 0.5088
vn -0.4790 0.8669 0.1383
vn -0.7603 0.3222 0.5640
vn 0.2264 0.1655 0.9599
vn -0.5949 0.7441 0.3041
vn -0.4247 0.6553 -0.6247
vn -0.6385 -0.2340 -0.7332
vn -0.9077 -0.2902 0.3032
vn -0.7404 0.6152 0.2707
vn 0.5933 0.4051 0.6956
vn 0.9008 0.3853 -0.2002
vn 0.4425 0.5476 0.7101
vn 0.3950 -0.5335 0.7480
vn 0.8653 -0.4552 -0.2100
vn -0.4141 0.1231 -0.9019
vn 0.3226 0.0127 -0.9465
vn 0.3225 0.0127 -0.9465
vn -0.4142 0.1231 -0.9018
vn -0.9270 0.1648 -0.3370
vn -0.8986 0.1103 0.4247
vn -0.3633 -0.0054 0.9316
vn -0.3634 -0.0054 0.9316
vn 0.3999 -0.1213 0.9085
vn 0.3998 -0.1213 0.9085
vn 0.9270 -0.1648 0.3369
vn 0.9270 -0.1648 0.3370
vn 0.8920 -0.1083 -0.4389
vn 0.8104 0.4897 -0.3217
vn -0.2672 0.6649 -0.6975
vn -0.4401 -0.4594 -0.7715
vn 0.6329 -0.6643 -0.3977
vn 0.7071 0.7072 0.0006
vn 0.9826 0.1851 -0.0142
vn 0.9768 0.2051 -0.0618
vn 0.9658 0.2132 -0.1479
vn 0.9975 0.0707 -0.0071
vn 1.0000 -0.0000 -0.0002
vn 0.9890 0.1366 -0.0560
vn 0.9890 0.1230 -0.0816
vn 0.9890 0.1047 -0.1040
vn 0.9890 0.0824 -0.1225
vn 0.9891 0.0550 -0.1365
vn 0.9827 0.0161 -0.1846
vn 0.9762 0.1385 -0.1667
vn 0.7080 0.5030 -0.4957
vn 0.9762 0.1684 -0.1364
vn 0.7080 0.5900 -0.3881
vn 0.9762 0.1917 -0.1010
vn 0.7080 0.6544 -0.2655
vn 0.9976 0.0111 -0.0678
vn 0.9671 0.1503 -0.2051
vn 0.7083 0.0132 -0.7058
vn 0.9772 0.0636 -0.2025
vn 0.7080 0.2749 -0.6505
vn 0.9762 0.1033 -0.1905
vn 0.7080 0.3965 -0.5844
vn 0.7850 0.0335 -0.6186
vn 0.6423 -0.0398 -0.7654
vn 0.2898 0.6070 -0.7399
vn 0.1886 0.7180 -0.6700
vn 0.1209 0.4032 -0.9071
vn 0.0676 -0.1634 -0.9842
vn 0.7278 -0.4150 -0.5460
vn 0.8925 -0.3919 -0.2235
vn 0.5639 -0.6297 0.5343
vn 0.1665 -0.5850 0.7938
vn 0.6641 -0.1231 0.7374
vn 0.3748 0.8265 0.4200
vn -0.7607 0.6058 0.2333
vn 0.0781 0.9705 -0.2282
vn 0.0600 0.3963 0.9162
vn 0.9350 0.3422 0.0932
vn 0.0351 0.8573 0.5136
vn -0.3371 0.8787 0.3381
vn -0.2302 0.9707 0.0694
vn -0.9118 0.3984 0.0998
vn -0.6312 0.7744 -0.0427
vn -0.6707 0.3401 -0.6592
vn -0.4096 0.8003 -0.4379
vn -0.1080 0.7043 -0.7016
vn 0.3599 0.8728 -0.3295
vn 0.0050 0.9999 0.0142
vn -0.7059 -0.1487 -0.6925
vn -0.7348 0.6109 0.2948
vn -0.9867 -0.1488 0.0653
vn -0.6086 0.5381 -0.5831
vn -0.0562 -0.4676 -0.8821
vn 0.5321 -0.5080 -0.6773
vn 0.7604 -0.6450 0.0764
vn -0.7670 -0.0600 0.6388
vn -0.5623 -0.4371 0.7019
vn -0.2111 -0.4249 0.8803
vn -0.6164 0.0379 0.7865
vn -0.6641 0.5159 0.5412
vn -0.8574 0.5141 -0.0244
vn 0.0039 -0.6302 0.7764
vn 0.5341 -0.6058 0.5897
vn 0.7606 -0.6273 0.1673
vn 0.7373 -0.1230 0.6643
vn 0.4200 0.8265 0.3748
vn -0.6619 0.7215 0.2033
vn 0.2460 0.6068 -0.7558
vn 0.5179 0.8495 0.1004
vn 0.3882 0.8608 0.3291
vn 0.6511 0.2922 0.7005
vn 0.6359 -0.3741 0.6750
vn 0.5194 -0.7034 0.4852
vn -0.5299 -0.6622 -0.5299
vn -0.6693 -0.3226 -0.6694
vn 0.3938 -0.8306 0.3937
vn 0.3938 -0.8306 -0.3938
vn -0.0000 -0.3225 -0.9466
vn -0.6235 0.4749 -0.6210
vn -0.0022 0.6935 -0.7205
vn -0.5568 -0.8307 -0.0000
vn -0.3939 -0.8305 0.3938
vn 0.6693 -0.3226 0.6693
vn 0.5178 0.6810 -0.5178
vn 0.7096 0.7046 0.0042
vn -0.0057 0.9995 -0.0313
vn 0.0432 0.9981 -0.0440
vn -0.0000 0.9999 0.0109
vn 0.3653 0.9279 -0.0746
vn -0.2992 0.9436 -0.1421
vn -0.1424 0.9432 -0.3000
vn -0.0749 0.9288 0.3630
vn 0.3236 0.9237 -0.2049
vn -0.2028 0.9260 0.3186
vn -0.0000 0.3913 0.9203
vn 0.9203 0.3912 0.0002
vn 0.4244 0.9055 0.0006
vn -0.0000 0.9054 0.4246
vn -0.5291 0.3520 0.7721
vn -0.1781 0.3632 0.9145
vn -0.6508 0.3912 0.6506
vn -0.1951 -0.0000 0.9808
vn -0.5556 -0.0000 0.8315
vn -0.3005 0.9054 0.2999
vn -0.3003 0.9054 -0.3002
vn -0.3250 0.3546 -0.8767
vn -0.8771 0.3541 -0.3245
vn -0.6506 0.3911 -0.6510
vn -0.9238 -0.0000 -0.3828
vn -0.3826 -0.0000 -0.9239
vn -0.2993 0.9055 -0.3008
vn 0.9144 0.3626 -0.1799
vn 0.7729 0.3457 -0.5321
vn 0.8316 -0.0000 -0.5554
vn 0.9808 -0.0000 -0.1949
vn 0.9457 0.1991 0.2568
vn -0.1001 0.9262 -0.3635
vn 0.3622 0.3185 -0.8760
vn 0.8975 -0.0715 -0.4352
vn 0.5464 0.7729 0.3225
vn 0.5197 0.0120 -0.8543
vn -0.0541 0.4496 -0.8916
vn 0.9914 -0.0231 -0.1288
vn 0.1413 0.7790 0.6109
vn 0.4136 -0.8961 0.1609
vn -0.9871 0.0344 0.1562
vn -0.6927 -0.4882 -0.5309
vn -0.2997 -0.5031 0.8106
vn -0.0351 -0.8424 -0.5378
vn -0.9204 -0.3802 0.0912
vn 0.3604 -0.9273 -0.1014
vn 0.4259 -0.6759 0.6015
vn -0.3656 -0.0084 0.9307
vn -0.4231 -0.7839 -0.4544
vn 0.0018 0.7186 0.6954
vn 0.2076 -0.6805 0.7027
vn 0.7103 -0.5647 0.4201
vn -0.3971 -0.7170 0.5729
vn -0.3695 -0.3141 0.8746
vn -0.8952 0.2019 -0.3973
vn -0.3661 -0.8584 0.3594
vn -0.4328 -0.8712 -0.2317
vn -0.7943 0.2489 0.5542
vn -0.6256 -0.3287 -0.7075
vn -0.3913 -0.7114 0.5838
vn -0.5808 -0.6073 -0.5420
vn -0.6742 -0.6098 -0.4166
vn 0.6795 -0.1399 0.7202
vn 0.6778 -0.6989 0.2283
vn 0.6164 -0.7109 -0.3387
vn 0.5496 -0.1736 -0.8172
vn 0.6251 -0.4035 -0.6682
vn 0.6815 0.4764 -0.5555
vn 0.7294 -0.4415 -0.5226
vn 0.7890 0.4720 0.3933
vn 0.6775 -0.5331 0.5068
vn -0.0424 0.7121 0.7008
vn 0.1637 -0.6925 0.7026
vn 0.0098 -0.7224 -0.6914
vn -0.1976 0.6875 -0.6987
vn 0.5931 0.3472 0.7264
vn -0.4582 0.1772 0.8710
vn -0.5849 0.5866 0.5601
vn 0.5215 0.7435 0.4187
vn 0.7833 -0.2408 -0.5731
vn 0.5552 0.5961 -0.5800
vn 0.6705 0.6476 0.3619
vn 0.4829 0.5672 -0.6671
vn 0.5016 0.3002 -0.8113
vn 0.8084 -0.3091 0.5010
vn 0.3847 0.8545 -0.3490
vn 0.4485 0.8669 0.2177
vn -0.7368 0.3884 -0.5534
vn -0.6769 0.1526 -0.7201
vn -0.6638 0.7075 -0.2425
vn -0.6000 0.7199 0.3490
vn -0.8324 0.4161 -0.3660
vn -0.7107 0.4075 0.5734
vn -0.5726 -0.4774 0.6665
vn -0.7923 -0.4817 -0.3744
vn -0.6064 -0.0851 0.7906
vn -0.9832 -0.1441 0.1117
vn -0.9833 -0.1441 0.1116
vn 0.1314 0.0245 0.9910
vn 0.1313 0.0245 0.9910
vn 0.7737 0.1171 0.6226
vn 0.9833 0.1441 -0.1116
vn 0.9832 0.1441 -0.1117
vn 0.6188 0.0870 -0.7807
vn 0.6187 0.0869 -0.7808
vn -0.0880 -0.0181 -0.9960
vn -0.0882 -0.0182 -0.9959
vn -0.7639 -0.1157 -0.6349
vn -0.7638 -0.1157 -0.6350
vn 0.9832 0.1441 -0.1116
vn -0.3233 -0.3058 0.8955
vn -0.4226 0.2972 0.8562
vn -0.8068 0.4745 0.3520
vn -0.8277 -0.4277 0.3634
vn -0.8070 0.4741 -0.3520
vn -0.4227 0.2970 -0.8562
vn -0.4227 -0.2970 -0.8562
vn -0.8275 -0.4280 -0.3634
vn -0.2447 -0.9277 0.2818
vn 0.3233 -0.3059 0.8955
vn 0.2447 -0.9277 0.2818
vn 0.8277 -0.4277 0.3633
vn 0.2446 -0.9278 -0.2818
vn 0.8077 -0.3167 -0.4974
vn -0.2446 -0.9278 -0.2818
vn 0.4226 0.2972 0.8562
vn 0.8069 0.4744 0.3520
vn 0.8617 0.3326 -0.3831
vn 0.3072 -0.4099 -0.8588
vn 0.3072 0.4100 -0.8588
vn -0.2446 0.9278 -0.2818
vn -0.2445 0.9278 0.2818
vn 0.2445 0.9278 0.2818
vn 0.2446 0.9278 -0.2818
vn -0.8919 0.3505 -0.2859
vn -0.8600 0.5017 -0.0936
vn -0.4529 0.6394 -0.6213
vn -0.3504 0.6755 -0.6488
vn 0.3542 0.6479 -0.6744
vn 0.4533 0.6400 -0.6204
vn 0.8612 0.4166 -0.2911
vn 0.8991 0.0888 -0.4287
vn -0.3827 -0.0000 -0.9239
vn 0.3827 -0.0000 -0.9239
vn 0.9239 -0.0000 -0.3827
vn 0.7070 -0.0000 0.7073
vn 0.9236 -0.0000 -0.3833
vn 0.7072 -0.0000 0.7070
vn -0.7072 -0.0000 0.7070
vn -0.9242 0.0013 -0.3820
vn -0.3820 0.0013 -0.9242
vn -0.4227 0.2972 0.8562
vn 0.4227 0.2972 0.8562
vn 0.8069 0.4745 0.3519
vn -0.4226 -0.2970 -0.8562
vn -0.8069 0.4745 0.3520
vn 0.3071 -0.4100 -0.8588
vn -0.8277 -0.4277 0.3633
vn -0.5528 -0.7615 -0.3385
vn -0.2777 -0.4047 -0.8713
vn 0.2354 -0.3985 -0.8865
vn 0.6467 -0.6511 -0.3972
vn -0.5559 -0.7604 0.3358
vn 0.6505 -0.6494 0.3939
vn -0.2728 -0.4187 0.8662
vn 0.3909 -0.2410 0.8883
vn -0.0926 -0.4535 0.8864
vn -0.5416 -0.7314 0.4144
vn -0.5415 -0.7313 -0.4146
vn -0.4509 -0.2530 -0.8560
vn -0.3008 -0.2938 -0.9073
vn -0.6489 -0.6510 -0.3939
vn -0.9238 -0.0000 0.3828
vn -0.6472 -0.6509 0.3967
vn -0.2367 -0.3967 0.8869
vn 0.3165 -0.4025 0.8590
vn 0.2017 -0.3314 0.9217
vn 0.4514 -0.2439 -0.8584
vn 0.2665 -0.4220 -0.8665
vn 0.5691 -0.7508 -0.3353
vn 0.5668 -0.7518 0.3370
vn 0.5474 -0.7294 0.4102
vn 0.5473 -0.7294 -0.4105
vn 0.6467 -0.6512 -0.3972
vn 0.5474 -0.7295 0.4102
vn -0.0926 -0.4535 0.8865
vn -0.6473 -0.6509 0.3967
vn -0.2818 0.9278 -0.2446
vn -0.3831 0.3327 -0.8617
vn -0.8588 0.4100 -0.3072
vn 0.8562 0.2972 0.4227
vn 0.8955 -0.3058 0.3233
vn 0.8955 -0.3058 -0.3233
vn 0.8562 0.2972 -0.4227
vn 0.2818 0.9278 -0.2445
vn 0.3519 0.4744 -0.8069
vn -0.2818 0.9278 0.2446
vn -0.8562 0.2970 0.4227
vn -0.8562 -0.2970 0.4227
vn 0.2818 0.9278 0.2445
vn 0.3519 0.4744 0.8069
vn -0.3520 0.4741 0.8070
vn -0.2818 -0.9278 -0.2446
vn -0.2818 -0.9278 0.2446
vn -0.8588 -0.4100 -0.3072
vn -0.4973 -0.3167 -0.8077
vn 0.3632 -0.4277 -0.8277
vn -0.3634 -0.4281 0.8275
vn 0.2818 -0.9277 0.2447
vn 0.2818 -0.9277 -0.2447
vn 0.3633 -0.4277 0.8277
vn 0.6504 -0.6494 0.3939
vn -0.2727 -0.4187 0.8662
vn -0.6472 -0.6510 0.3967
vn -0.5473 -0.7294 0.4105
vn -0.4514 -0.2439 0.8584
vn 0.4510 -0.2530 0.8559
vn 0.5415 -0.7313 0.4146
vn -0.5474 -0.7294 -0.4102
vn 0.5416 -0.7314 -0.4144
vn -0.3165 -0.4025 -0.8590
vn 0.0926 -0.4535 -0.8864
vn -0.2354 -0.3984 0.8865
vn 0.2777 -0.4047 0.8713
vn -0.3827 -0.0000 0.9239
vn 0.3010 -0.2938 0.9072
vn 0.6490 -0.6510 0.3938
vn 0.9239 -0.0000 -0.3826
vn 0.6472 -0.6510 -0.3967
vn 0.2367 -0.3967 -0.8869
vn -0.2017 -0.3314 -0.9217
vn -0.5691 -0.7508 0.3353
vn -0.5668 -0.7518 -0.3370
vn -0.2665 -0.4220 0.8666
vn -0.6467 -0.6512 0.3972
vn -0.6504 -0.6494 -0.3939
vn -0.3909 -0.2410 -0.8883
vn 0.6473 -0.6509 -0.3967
vn -0.2354 -0.3985 0.8865
vn -0.4514 -0.2439 0.8583
vn -0.5691 -0.7508 0.3354
vn -0.5668 -0.7518 -0.3371
vn 0.2727 -0.4186 -0.8662
vn 0.5558 -0.7605 -0.3358
vn 0.5528 -0.7615 0.3385
vn -0.6467 -0.6511 0.3972
vn -0.6505 -0.6494 -0.3939
vn 0.2727 -0.4187 -0.8662
vn 0.2818 0.9278 0.2446
vn 0.3831 0.3326 0.8617
vn 0.8588 0.4100 0.3072
vn -0.8562 0.2972 -0.4227
vn -0.8955 -0.3058 -0.3233
vn -0.8955 -0.3058 0.3233
vn -0.8562 0.2972 0.4227
vn -0.2818 0.9278 0.2445
vn -0.3519 0.4744 0.8069
vn 0.2818 0.9278 -0.2446
vn 0.8562 0.2971 -0.4227
vn 0.8562 -0.2970 -0.4227
vn -0.2818 0.9278 -0.2445
vn -0.3520 0.4744 -0.8069
vn 0.3520 0.4741 -0.8070
vn 0.2818 -0.9278 0.2446
vn 0.2818 -0.9278 -0.2446
vn 0.8588 -0.4100 0.3072
vn 0.4973 -0.3167 0.8077
vn -0.3633 -0.4277 0.8277
vn 0.3634 -0.4280 -0.8275
vn -0.2818 -0.9277 -0.2447
vn -0.2818 -0.9277 0.2447
vn -0.3633 -0.4277 -0.8277
vn 0.6472 -0.6509 -0.3967
vn 0.6489 -0.6510 0.3939
vn 0.3009 -0.2938 0.9073
vn -0.2665 -0.4219 0.8666
vn 0.8869 -0.3967 0.2367
vn 0.9217 -0.3314 -0.2017
vn 0.8590 -0.4025 -0.3165
vn -0.9072 -0.2938 0.3010
vn -0.3938 -0.6510 0.6489
vn 0.3826 -0.0000 0.9239
vn 0.3967 -0.6509 0.6473
vn 0.8864 -0.4535 0.0926
vn -0.8865 -0.3985 -0.2354
vn -0.8713 -0.4047 0.2777
vn -0.8559 -0.2530 0.4510
vn -0.8584 -0.2439 -0.4514
vn -0.8666 -0.4220 -0.2665
vn -0.3353 -0.7508 -0.5691
vn 0.3370 -0.7518 -0.5668
vn 0.4102 -0.7294 -0.5474
vn -0.4105 -0.7294 -0.5473
vn -0.4146 -0.7313 0.5415
vn 0.4144 -0.7314 0.5416
vn 0.8662 -0.4187 0.2727
vn 0.8883 -0.2410 -0.3909
vn 0.3358 -0.7605 0.5558
vn -0.3385 -0.7615 0.5528
vn -0.3972 -0.6511 -0.6467
vn 0.3939 -0.6494 -0.6505
vn -0.8865 -0.3984 -0.2354
vn 0.8662 -0.4186 0.2727
vn 0.8865 -0.4535 0.0926
vn -0.9073 -0.2938 0.3009
vn -0.3939 -0.6510 0.6489
vn -0.8666 -0.4219 -0.2665
vn -0.3354 -0.7508 -0.5691
vn -0.3972 -0.6512 -0.6467
vn -0.3072 -0.4100 0.8588
vn -0.3072 0.4100 0.8588
vn -0.8617 0.3326 0.3831
vn -0.8077 -0.3167 0.4973
vn -0.2446 -0.9278 0.2818
vn 0.4227 -0.2970 0.8562
vn 0.4227 0.2970 0.8562
vn 0.2446 0.9278 0.2818
vn 0.8070 0.4741 0.3520
vn 0.8068 0.4745 -0.3520
vn 0.2445 0.9278 -0.2818
vn 0.4227 0.2972 -0.8562
vn -0.2445 0.9278 -0.2818
vn -0.4226 0.2972 -0.8562
vn -0.8069 0.4744 -0.3519
vn -0.2446 0.9278 0.2818
vn -0.3233 -0.3058 -0.8955
vn 0.3233 -0.3058 -0.8955
vn 0.8277 -0.4277 -0.3633
vn 0.8275 -0.4281 0.3634
vn 0.2447 -0.9277 -0.2818
vn -0.2447 -0.9277 -0.2818
vn -0.8277 -0.4277 -0.3633
vn 0.2446 -0.9278 0.2818
vn -0.8583 -0.2439 -0.4514
vn 0.3385 -0.7615 -0.5528
vn 0.8713 -0.4047 -0.2777
vn 0.8865 -0.3984 0.2354
vn 0.3972 -0.6511 0.6467
vn -0.3358 -0.7604 -0.5559
vn -0.3939 -0.6494 0.6504
vn -0.8662 -0.4186 -0.2727
vn -0.8883 -0.2410 0.3909
vn -0.8864 -0.4535 -0.0926
vn -0.4144 -0.7314 -0.5416
vn 0.4146 -0.7313 -0.5415
vn 0.8559 -0.2530 -0.4510
vn 0.9073 -0.2938 -0.3009
vn 0.3939 -0.6510 -0.6489
vn -0.3967 -0.6509 -0.6473
vn -0.8869 -0.3967 -0.2367
vn -0.8590 -0.4025 0.3165
vn -0.9217 -0.3314 0.2017
vn 0.8584 -0.2439 0.4514
vn 0.8665 -0.4220 0.2665
vn 0.3353 -0.7508 0.5691
vn -0.3370 -0.7518 0.5668
vn -0.4102 -0.7294 0.5474
vn 0.4105 -0.7294 0.5473
vn -0.3967 -0.6508 -0.6473
vn 0.8666 -0.4220 0.2665
vn 0.8583 -0.2439 0.4514
vn -0.3939 -0.6494 0.6505
vn 0.3233 -0.3058 0.8955
vn 0.8069 0.4744 0.3519
vn -0.4227 0.2971 -0.8562
vn -0.4227 -0.2971 -0.8562
vn 0.3072 -0.4100 -0.8588
vn 0.8077 -0.3167 -0.4973
vn -0.8662 -0.4187 -0.2728
vn 0.8865 -0.3985 0.2354
vn -0.3358 -0.7604 -0.5558
vn -0.8662 -0.4187 -0.2727
vn 0.3938 -0.6510 -0.6489
vn 0.8666 -0.4219 0.2664
vn 0.3354 -0.7508 0.5691
vn 0.4105 -0.7293 0.5473
vn -0.6744 0.6479 0.3542
vn -0.2911 0.4166 0.8612
vn -0.4283 0.0873 0.8994
vn -0.6213 0.6394 0.4528
vn -0.6488 0.6755 -0.3504
vn -0.6204 0.6399 -0.4534
vn -0.0937 0.5019 -0.8598
vn -0.2859 0.3505 -0.8919
vn -0.3827 0.0013 0.9239
vn 0.7073 -0.0000 0.7069
vn 0.7073 -0.0000 -0.7069
vn 0.7069 -0.0000 -0.7073
vn -0.9242 0.0013 0.3820
vn -0.2859 0.3505 0.8919
vn 0.7070 -0.0000 0.7072
vn -0.0936 0.5017 0.8600
vn -0.3832 -0.0000 -0.9237
vn -0.4287 0.0888 -0.8991
vn -0.6205 0.6400 -0.4533
vn -0.9242 0.0013 0.3819
vn -0.6213 0.6394 0.4529
vn -0.3820 0.0013 0.9242
vn 0.7070 -0.0000 -0.7072
vn 0.7073 -0.0000 -0.7070
vn -0.2911 0.4166 -0.8612
vn -0.6744 0.6478 -0.3542
vn -0.6488 0.6755 0.3504
vn -0.3831 0.3326 -0.8617
vn 0.3520 0.4745 0.8069
vn 0.3633 -0.4277 -0.8277
vn -0.3634 -0.4280 0.8275
vn -0.6744 0.6479 -0.3542
vn -0.6204 0.6400 -0.4533
vn -0.3833 -0.0000 -0.9236
vn 0.3520 0.4745 -0.8068
vn 0.3520 0.4745 0.8068
vn 0.2859 0.3505 -0.8919
vn 0.0936 0.5017 -0.8600
vn 0.6213 0.6394 -0.4529
vn 0.6488 0.6755 -0.3504
vn 0.6744 0.6478 0.3542
vn 0.6205 0.6400 0.4533
vn 0.2911 0.4166 0.8612
vn 0.4287 0.0888 0.8991
vn -0.7073 -0.0000 0.7070
vn 0.3833 -0.0000 0.9236
vn -0.7070 -0.0000 -0.7072
vn -0.7072 -0.0000 -0.7070
vn 0.3820 0.0013 -0.9242
vn 0.9242 0.0013 -0.3820
vn 0.6744 0.6478 -0.3542
vn 0.2911 0.4166 -0.8612
vn 0.4283 0.0873 -0.8994
vn 0.6213 0.6394 -0.4528
vn 0.6488 0.6755 0.3504
vn 0.6204 0.6399 0.4534
vn 0.0937 0.5020 0.8598
vn 0.2859 0.3505 0.8919
vn -0.7070 -0.0000 -0.7073
vn 0.3825 0.0013 -0.9239
vn -0.7073 -0.0000 -0.7069
vn -0.7073 -0.0000 0.7069
vn -0.7069 -0.0000 0.7073
vn 0.8588 -0.4100 0.3071
vn 0.8562 0.2970 -0.4227
vn 0.8562 -0.2970 -0.4226
vn -0.3520 0.4745 -0.8068
vn 0.3634 -0.4281 -0.8275
vn 0.7072 -0.0000 -0.7070
vn 0.8600 0.5017 0.0936
vn 0.9242 0.0013 0.3820
vn 0.3819 0.0013 0.9242
vn 0.4529 0.6394 0.6213
vn -0.4533 0.6400 0.6204
vn -0.9236 -0.0000 0.3833
vn -0.8991 0.0888 0.4286
vn 0.8919 0.3505 0.2859
vn 0.4974 -0.3167 0.8077
vn 0.8588 -0.4099 0.3071
vn 0.2819 -0.9277 -0.2446
vn 0.8588 0.4099 0.3072
vn 0.3504 0.6755 0.6488
vn -0.3542 0.6479 0.6744
vn -0.8612 0.4166 0.2911
vn -0.8598 0.5020 0.0937
vn -0.8919 0.3505 0.2859
vn -0.7069 -0.0000 -0.7073
vn -0.4534 0.6399 0.6204
vn 0.3820 0.0013 0.9242
vn 0.4528 0.6394 0.6213
vn 0.8994 0.0873 0.4283
vn 0.9239 0.0013 0.3826
vn 0.8612 0.4166 0.2911
vn 0.3542 0.6479 0.6744
vn -0.3504 0.6755 0.6488
vn 0.4226 0.2972 -0.8562
vn -0.4227 0.2972 -0.8562
vn 0.2446 0.9278 0.2819
vn 0.4226 -0.2970 0.8562
vn 0.8069 0.4744 -0.3520
vn -0.2446 -0.9277 0.2819
vn 0.2446 -0.9278 0.2819
vn -0.3072 -0.4099 0.8588
vn -0.3541 0.6479 -0.6744
vn -0.8612 0.4166 -0.2912
vn -0.8994 0.0873 -0.4283
vn -0.4528 0.6395 -0.6213
vn 0.3504 0.6755 -0.6488
vn 0.4534 0.6399 -0.6204
vn 0.8598 0.5020 -0.0937
vn 0.8919 0.3505 -0.2859
vn -0.9239 0.0013 -0.3826
vn 0.7069 -0.0000 0.7073
vn 0.9236 -0.0000 -0.3834
vn 0.9239 -0.0000 -0.3828
vn -0.3541 0.6479 0.6744
vn -0.8612 0.4166 0.2912
vn 0.6961 0.0006 -0.7180
vn 0.6439 -0.2661 -0.7173
vn -0.0005 -0.6975 -0.7166
vn -0.3325 -0.8035 -0.4937
vn -0.6442 -0.2650 -0.7175
vn 0.0002 -0.6948 -0.7192
vn 0.3331 -0.8038 -0.4929
vn 0.0005 -0.6976 -0.7164
vn -0.6964 -0.0004 -0.7176
vn 0.9096 0.4156 -0.0000
vn 0.9096 0.4155 -0.0000
vn 0.3496 0.9369 -0.0000
vn 0.3497 0.9369 -0.0000
vn 0.0007 1.0000 -0.0000
vn 0.0014 1.0000 -0.0000
vn 0.0015 1.0000 -0.0000
vn 0.0008 1.0000 -0.0000
vn 0.1604 0.5357 0.8290
vn 0.3565 0.8931 0.2746
vn 0.0004 0.9711 0.2385
vn 0.0011 0.9681 0.2505
vn 0.0005 0.5070 0.8619
vn 0.0001 0.5178 0.8555
vn 0.0007 0.9620 0.2729
vn 0.0005 0.9492 0.3148
vn 0.0009 1.0000 -0.0000
vn 0.0005 0.9460 0.3243
vn 0.0006 0.9364 0.3510
vn 0.0001 0.4137 0.9104
vn 0.0001 0.4305 0.9026
vn 0.0006 0.9427 0.3335
vn 0.0001 0.4393 0.8983
vn 0.0001 0.4483 0.8939
vn -0.0000 0.4867 0.8736
vn -0.2126 -0.6453 0.7338
vn -0.6439 -0.2661 0.7173
vn -0.6961 0.0006 0.7180
vn -0.6964 0.0004 0.7176
vn -0.5340 -0.2276 0.8143
vn 0.4546 0.1688 0.8746
vn 0.8600 0.3931 0.3254
vn 0.4399 -0.0000 0.8980
vn 0.9461 -0.0000 0.3239
vn -0.9096 0.4156 -0.0000
vn -0.9096 0.4155 -0.0000
vn -0.3497 0.9369 -0.0000
vn -0.3565 0.8930 -0.2746
vn -0.8600 0.3931 -0.3254
vn -0.1605 0.5357 -0.8290
vn -0.4546 0.1688 -0.8746
vn 0.5340 -0.2276 -0.8143
vn 0.6964 0.0004 -0.7176
vn -0.9461 -0.0000 -0.3239
vn -0.4399 -0.0000 -0.8980
vn 0.2126 -0.6453 -0.7337
vn -0.0001 0.5178 -0.8555
vn -0.0005 0.5071 -0.8619
vn -0.0004 0.9712 -0.2385
vn -0.0007 1.0000 -0.0000
vn -0.0010 0.9681 -0.2505
vn -0.0014 1.0000 -0.0000
vn -0.0008 1.0000 -0.0000
vn -0.0009 1.0000 -0.0000
vn -0.0007 0.9620 -0.2729
vn 0.0003 0.9240 -0.3825
vn -0.0006 0.9364 -0.3510
vn -0.0005 0.9427 -0.3335
vn -0.0005 0.9492 -0.3148
vn -0.0001 0.4137 -0.9104
vn -0.0001 0.4305 -0.9026
vn -0.0001 0.4483 -0.8939
vn -0.0000 0.4867 -0.8736
vn 0.0003 0.3827 -0.9239
vn 0.0005 0.9492 -0.3148
vn 0.0005 0.9460 -0.3243
vn 0.0001 0.4483 -0.8939
vn 0.0001 0.4393 -0.8983
vn 0.0006 0.9427 -0.3335
vn 0.0001 0.4305 -0.9026
vn 0.0003 0.9363 -0.3511
vn -0.0002 0.4138 -0.9103
vn 0.0011 0.9681 -0.2505
vn 0.0004 0.9711 -0.2385
vn 0.0001 0.5178 -0.8555
vn 0.0005 0.5070 -0.8619
vn 0.0007 0.9620 -0.2729
vn 0.3633 0.8869 -0.2852
vn 0.1738 0.5352 -0.8266
vn -0.2128 -0.6459 -0.7332
vn -0.0016 1.0000 -0.0000
vn -0.3633 0.8869 0.2852
vn -0.8548 0.3983 0.3326
vn -0.4546 0.1836 0.8716
vn 0.3325 -0.8035 0.4937
vn 0.2128 -0.6459 0.7332
vn 0.5345 -0.2269 0.8142
vn -0.1739 0.5352 0.8266
vn -0.0004 0.9712 0.2385
vn -0.0010 0.9681 0.2504
vn -0.9461 -0.0000 0.3239
vn -0.4399 -0.0000 0.8980
vn 0.6961 -0.0006 0.7180
vn 0.6964 -0.0004 0.7176
vn 0.6445 -0.2641 0.7175
vn -0.0020 1.0000 -0.0000
vn -0.3331 -0.8038 0.4929
vn -0.0003 0.9240 0.3825
vn -0.0003 0.3827 0.9239
vn -0.0003 0.9363 0.3511
vn 0.0002 0.4138 0.9103
vn -0.0001 0.4305 0.9026
vn -0.0005 0.9492 0.3148
vn -0.0005 0.9427 0.3335
vn -0.0001 0.4483 0.8939
vn -0.0007 0.9620 0.2730
vn -0.0005 0.5071 0.8619
vn -0.0001 0.5178 0.8555
vn 0.0005 -0.6975 0.7166
vn -0.0002 -0.6948 0.7192
vn -0.0005 -0.6976 0.7164
vn 0.0007 -0.9996 0.0266
vn -0.0003 -0.9994 0.0347
vn -0.0007 -0.9996 0.0270
vn 0.0007 -0.9996 -0.0270
vn 0.0003 -0.9994 -0.0347
vn -0.0007 -0.9996 -0.0266
vn 0.8548 0.3983 -0.3326
vn 0.4546 0.1836 -0.8716
vn -0.5345 -0.2269 -0.8142
vn -0.6961 -0.0006 -0.7180
vn 0.4399 -0.0000 -0.8980
vn 0.9461 -0.0000 -0.3239
vn -0.6016 -0.0000 0.7988
vn -0.7002 0.7071 0.0986
vn -0.6855 -0.0000 -0.7280
vn -0.7002 -0.7071 0.0986
vn -0.0181 0.3927 -0.9195
vn 0.0414 -0.9136 -0.4044
vn 0.0007 -0.9145 -0.4046
vn 0.3276 -0.8431 -0.4264
vn -0.0317 -0.4805 0.8764
vn 0.0098 -0.4458 0.8951
vn 0.1777 -0.9001 -0.3977
vn 0.0712 -0.9123 -0.4033
vn 0.0315 -0.4035 0.9144
vn -0.0711 0.9120 0.4040
vn -0.0402 0.9114 0.4095
vn -0.0005 0.3991 -0.9169
vn 0.0145 0.3962 -0.9181
vn -0.0852 -0.9079 -0.4103
vn -0.0710 -0.9107 -0.4069
vn -0.0331 -0.4115 0.9108
vn -0.0169 -0.4148 0.9098
vn 0.0361 0.9113 0.4101
vn -0.0001 0.9134 0.4071
vn 0.0180 -0.4151 0.9096
vn -0.0345 -0.9133 -0.4058
vn -0.0001 -0.4101 0.9121
vn 0.0308 0.4001 -0.9160
vn 0.0722 0.9094 0.4097
vn -0.0967 -0.4021 0.9105
vn -0.2582 -0.4030 0.8780
vn -0.1437 -0.8939 -0.4246
vn 0.0988 0.4028 -0.9099
vn 0.0805 0.8969 0.4348
vn 0.2610 0.3549 -0.8977
vn -0.2220 -0.8676 -0.4450
vn 0.1202 0.8759 0.4674
vn 0.3488 0.3381 -0.8741
vn 0.2277 0.8678 0.4416
vn 0.4000 0.3283 -0.8557
vn -0.2947 -0.8229 -0.4859
vn -0.3523 -0.8008 -0.4843
vn 0.4726 0.3211 -0.8207
vn -0.3678 -0.8962 -0.2481
vn 0.2807 0.8128 0.5105
vn -0.3658 -0.3624 0.8572
vn -0.4241 -0.3660 0.8284
vn 0.2660 0.8156 0.5139
vn 0.3177 0.0796 -0.9448
vn 0.0500 0.1870 -0.9811
vn -0.4220 -0.8828 -0.2064
vn -0.4861 -0.3010 0.8204
vn 0.4907 0.8471 0.2041
vn 0.4525 0.8824 0.1290
vn 0.3907 0.9049 0.1689
vn -0.2325 0.3382 -0.9119
vn 0.6967 0.6238 0.3542
vn -0.2653 -0.0940 0.9596
vn -0.0609 -0.1803 0.9817
vn 0.1186 -0.3329 0.9355
vn 0.1458 -0.6750 0.7233
vn 0.2120 -0.6178 0.7573
vn -0.5123 -0.8267 -0.2326
vn -0.6413 -0.6768 -0.3615
vn -0.6940 -0.6231 -0.3608
vn -0.5677 -0.6845 -0.4574
vn 0.6723 -0.5855 0.4530
vn -0.4653 -0.6593 -0.5906
vn 0.8981 -0.4015 -0.1794
vn -0.4663 -0.5441 -0.6975
vn 0.8775 -0.0763 -0.4734
vn -0.4415 -0.6264 -0.6424
vn 0.8247 -0.1160 -0.5535
vn -0.4052 -0.8320 -0.3789
vn 0.8832 -0.4509 -0.1287
vn -0.4241 -0.8690 -0.2549
vn 0.6260 0.7008 0.3419
vn 0.4278 0.7931 0.4335
vn 0.4078 0.6821 0.6070
vn 0.3565 0.5513 0.7543
vn 0.5523 0.6122 0.5659
vn -0.1538 0.5750 -0.8036
vn -0.3369 0.7356 -0.5878
vn -0.7207 0.6724 -0.1689
vn -0.8613 0.4514 0.2331
vn -0.8485 0.1101 0.5176
vn -0.8919 0.0206 0.4517
vn -0.9459 0.3172 0.0688
vn -0.8839 0.4656 -0.0431
vn -0.9295 0.3652 0.0520
vn -0.4337 -0.8897 -0.1423
vn 0.5171 0.7749 0.3635
vn 0.3845 0.8865 0.2575
vn 0.4291 0.8921 0.1414
vn 0.4313 0.9020 -0.0180
vn -0.9036 0.4245 0.0578
vn 0.4547 0.8904 0.0179
vn 0.9015 -0.4302 0.0472
vn 0.8673 -0.4921 -0.0750
vn 0.9032 -0.4253 -0.0572
vn 0.9111 -0.4102 0.0393
vn 0.9026 -0.4160 0.1110
vn -0.4240 -0.9054 0.0204
vn -0.4241 -0.9055 -0.0166
vn -0.4190 -0.9049 -0.0753
vn -0.4049 -0.8965 -0.1801
vn 0.9194 -0.3866 0.0721
vn -0.4032 -0.8936 -0.1972
vn 0.9001 -0.4351 -0.0238
vn -0.4081 -0.9125 -0.0294
vn 0.8936 -0.4485 -0.0184
vn -0.4027 -0.9002 0.1658
vn 0.8961 -0.4433 0.0220
vn -0.3977 -0.8898 0.2239
vn 0.9162 -0.3997 -0.0288
vn -0.4058 -0.8983 0.1686
vn 0.4165 0.9061 0.0750
vn 0.3896 0.9034 0.1792
vn 0.3837 0.9020 0.1977
vn 0.4285 0.9031 0.0283
vn 0.3965 0.9030 -0.1657
vn -0.8971 0.4401 -0.0387
vn -0.8941 0.4342 -0.1095
vn -0.8890 0.4541 -0.0583
vn -0.9242 0.3818 0.0122
vn -0.9313 0.3640 0.0150
vn -0.9295 0.3687 -0.0081
vn -0.9043 0.4263 0.0222
vn -0.8937 0.4354 0.1085
vn -0.9064 0.3784 0.1879
vn -0.3794 -0.8805 0.2842
vn 0.3868 0.8947 -0.2235
vn 0.3820 0.9093 -0.1653
vn 0.3786 0.8813 -0.2828
vn 0.3902 0.7926 -0.4684
vn -0.9277 0.3697 0.0516
vn 0.3687 0.7130 -0.5964
vn 0.9023 -0.4163 -0.1118
vn 0.8583 -0.4905 -0.1505
vn 0.9109 -0.4116 -0.0304
vn 0.9343 -0.2842 0.2153
vn 0.9333 -0.1114 0.3413
vn -0.3303 -0.8215 0.4648
vn -0.3106 -0.7293 0.6097
vn -0.3194 -0.6201 0.7165
vn -0.3077 -0.6789 0.6667
vn 0.9509 -0.0522 0.3052
vn -0.2687 -0.9100 0.3159
vn 0.9936 -0.1068 0.0364
vn -0.3204 -0.9186 -0.2314
vn 0.9627 -0.1490 -0.2257
vn -0.4096 -0.6555 -0.6345
vn 0.9345 -0.0764 -0.3476
vn -0.4746 -0.2431 -0.8460
vn 0.9217 -0.0121 -0.3878
vn -0.3919 -0.5859 -0.7093
vn 0.6233 -0.7056 -0.3370
vn 0.3533 0.6163 -0.7038
vn 0.2829 0.6815 -0.6750
vn 0.1821 0.9278 -0.3257
vn 0.2804 0.9285 0.2434
vn 0.3773 0.6615 0.6482
vn 0.4604 0.2414 0.8542
vn 0.3476 -0.6996 0.6242
vn -0.8929 0.3536 0.2790
vn -0.8488 0.2173 0.4820
vn -0.8245 0.0599 0.5626
vn -0.6137 -0.7084 0.3486
vn -0.9251 0.3578 -0.1274
vn -0.9667 0.2073 -0.1500
vn -0.9439 0.0913 -0.3175
vn -0.9196 0.1224 -0.3732
vn -0.4030 0.7925 0.4577
vn -0.1745 0.3570 -0.9176
vn -0.0115 0.4624 -0.8866
vn -0.3975 0.7915 0.4643
vn 0.0398 0.4462 -0.8940
vn -0.3190 0.8448 0.4297
vn 0.0325 0.3632 -0.9311
vn -0.1781 0.9102 0.3740
vn -0.0313 0.4009 -0.9156
vn 0.1693 -0.3599 0.9175
vn 0.0184 -0.4929 0.8699
vn -0.2449 0.2373 -0.9401
vn 0.3519 -0.8944 -0.2761
vn -0.3378 0.9022 0.2681
vn 0.2256 -0.1682 0.9596
vn 0.4465 -0.8062 -0.3881
vn 0.3931 -0.8058 -0.4430
vn -0.0038 0.0758 0.9971
vn -0.5993 -0.7955 -0.0902
vn -0.9089 -0.4109 -0.0711
vn -0.2204 -0.0504 0.9741
vn 0.2445 0.9580 0.1497
vn 0.0768 0.9968 -0.0200
vn 0.0992 0.1220 -0.9876
vn -0.1751 0.1435 -0.9740
vn -0.1599 0.9779 0.1348
vn 0.1653 -0.0788 0.9831
vn -0.2728 -0.9546 -0.1194
vn -0.0389 0.0077 0.9992
vn 0.1562 -0.9781 -0.1379
vn -0.1272 -0.9881 -0.0859
vn -0.8268 -0.5559 0.0863
vn 0.0128 -0.7808 -0.6247
vn 0.6917 -0.7124 0.1184
vn -0.0530 -0.6240 0.7796
vn 0.4604 -0.7492 -0.4761
vn 0.8610 0.1670 -0.4804
vn 0.8349 0.1831 0.5191
vn 0.2824 -0.7508 0.5971
vn -0.7452 -0.6490 -0.1532
vn -0.1621 -0.3683 -0.9155
vn 0.6473 -0.6490 -0.3997
vn 0.0907 -0.8541 0.5122
vn 0.1790 -0.7130 0.6779
vn -0.6811 -0.7127 0.1678
vn -0.1987 -0.5705 -0.7969
vn 0.6891 -0.7014 -0.1821
vn 0.2447 -0.0000 0.9696
vn -0.4599 0.7071 0.5372
vn -0.9970 -0.0000 0.0773
vn -0.4599 -0.7071 0.5372
vn -0.0744 0.0556 0.9957
vn -0.7515 -0.5366 0.3838
vn -0.0151 -0.9932 -0.1156
vn 0.6583 -0.5706 0.4910
vn -0.9749 -0.0000 0.2228
vn -0.5988 0.7072 -0.3760
vn -0.0548 -0.0000 -0.9985
vn -0.5988 -0.7071 -0.3760
vn -0.5179 -0.6518 -0.5540
vn 0.5519 -0.4935 -0.6722
vn 0.7466 -0.5919 0.3037
vn -0.2027 -0.8612 0.4660
vn -0.5308 -0.0972 0.8419
vn -0.4494 -0.0362 0.8926
vn -0.6759 0.6114 -0.4115
vn -0.3406 0.9140 -0.2206
vn 0.5271 -0.0328 -0.8492
vn 0.5676 0.0051 -0.8233
vn 0.3337 -0.9141 0.2306
vn 0.6520 -0.6100 0.4503
vn 0.0846 -0.9956 0.0405
vn -0.5519 -0.0438 0.8328
vn -0.0710 0.9955 -0.0622
vn 0.5551 0.0015 -0.8318
vn 0.4872 0.7025 -0.5188
vn 0.3368 0.9416 -0.0035
vn 0.9135 -0.2411 0.3278
vn 0.9299 -0.1252 0.3459
vn 0.5287 0.2184 -0.8202
vn 0.8835 -0.1768 0.4338
vn 0.4912 -0.0761 -0.8677
vn 0.8810 -0.1695 0.4418
vn 0.4777 -0.1386 -0.8675
vn 0.8161 -0.2476 0.5222
vn -0.3583 -0.9336 -0.0063
vn -0.5375 -0.6879 0.4878
vn -0.5204 -0.2151 0.8264
vn -0.5123 0.0767 0.8554
vn -0.4267 0.1257 0.8956
vn -0.8611 0.3871 -0.3298
vn -0.7602 0.3725 -0.5322
vn -0.8079 0.2124 -0.5497
vn -0.8211 0.1570 -0.5488
vn -0.8462 0.2591 -0.4656
vn 0.1509 0.0530 -0.9871
vn 0.8959 0.4402 0.0602
vn 0.2065 0.1284 -0.9700
vn 0.0869 0.0151 -0.9961
vn -0.9911 -0.1288 -0.0333
vn 0.9934 0.1091 0.0353
vn 0.0211 0.0109 0.9997
vn 0.0301 0.0074 0.9995
vn 0.5527 0.8283 0.0919
vn 0.2220 0.0738 -0.9722
vn -0.2265 0.1324 -0.9650
vn -0.0977 0.3175 -0.9432
vn -0.9235 0.3203 0.2111
vn 0.1391 0.4491 -0.8826
vn -0.6463 0.7159 0.2641
vn 0.0815 -0.0837 0.9931
vn 0.0508 -0.2654 0.9628
vn 0.8941 -0.3060 -0.3271
vn 0.6370 -0.6867 -0.3502
vn -0.1672 -0.3853 0.9075
vn -0.3788 0.8744 0.3032
vn -0.3207 0.8882 0.3290
vn -0.4010 -0.5515 0.7315
vn -0.3632 0.8795 0.3073
vn -0.6253 -0.4969 0.6018
vn -0.1464 0.8496 0.5066
vn -0.0914 0.5480 0.8315
vn 0.9595 0.2748 -0.0614
vn 0.8511 0.4468 -0.2758
vn 0.6171 0.5149 -0.5950
vn 0.4294 0.5079 -0.7467
vn 0.1175 0.8656 0.4867
vn 0.1178 0.8922 0.4359
vn 0.8753 -0.2494 0.4143
vn 0.9813 -0.1217 0.1490
vn -0.0204 0.5842 0.8114
vn 0.9991 -0.0253 0.0354
vn -0.0028 0.2307 0.9730
vn 0.9997 0.0067 0.0216
vn 0.0252 0.2535 0.9670
vn 0.9868 0.1610 -0.0173
vn -0.8801 -0.3277 0.3435
vn -0.9674 -0.2241 0.1177
vn -0.9861 -0.1478 0.0758
vn -0.9974 -0.0179 -0.0697
vn -0.9897 -0.0526 -0.1332
vn 0.4008 -0.8010 -0.4447
vn 0.3732 -0.8241 -0.4261
vn 0.4193 -0.8317 -0.3640
vn 0.3595 -0.7013 -0.6156
vn 0.0642 -0.4902 -0.8692
vn -0.0043 -0.9253 -0.3792
vn 0.0278 -0.8834 -0.4678
vn 0.0115 -0.5882 -0.8086
vn 0.0396 -0.2303 -0.9723
vn 0.0816 -0.2378 -0.9679
vn -0.9805 0.0531 -0.1891
vn -0.8734 0.2841 -0.3957
vn -0.8745 0.3129 -0.3707
vn -0.1168 0.7991 0.5898
vn -0.2673 0.4815 0.8347
vn -0.9875 0.0467 -0.1507
vn -0.1854 0.3527 0.9172
vn -0.9701 -0.1590 -0.1835
vn -0.1559 0.7217 0.6744
vn -0.0542 0.9808 0.1874
vn 0.9532 0.0218 0.3017
vn 0.9763 0.0748 0.2028
vn 0.9770 0.1483 0.1532
vn 0.9744 -0.0050 0.2248
vn 0.8733 -0.2498 0.4182
vn -0.9306 -0.1942 -0.3104
vn -0.9426 -0.1106 -0.3149
vn 0.0677 0.9970 0.0386
vn -0.8609 -0.0000 -0.5088
vn 0.0987 -0.9802 -0.1716
vn 0.0677 -0.9970 0.0386
vn 0.8620 0.0005 0.5068
vn 0.2128 -0.4287 0.8780
vn 0.4232 -0.2507 0.8707
vn 0.4190 -0.7024 -0.5754
vn 0.5710 -0.5338 -0.6237
vn 0.6034 -0.0579 0.7953
vn 0.5676 -0.5812 -0.5831
vn 0.7738 0.0606 0.6306
vn 0.4404 -0.8491 -0.2915
vn 0.7706 0.0146 0.6371
vn 0.1676 -0.9857 -0.0144
vn 0.5695 -0.0378 0.8211
vn 0.0207 -0.9976 0.0659
vn 0.2913 -0.0000 0.9566
vn -0.5624 -0.0225 -0.8265
vn -0.7310 -0.1043 -0.6744
vn -0.2899 -0.0003 -0.9571
vn 0.0208 0.9976 0.0659
vn -0.0925 0.9879 0.1246
vn -0.3750 0.8582 0.3506
vn -0.7314 -0.1044 -0.6739
vn -0.6305 0.5716 0.5251
vn -0.6394 0.0870 -0.7639
vn -0.6497 0.5436 0.5314
vn -0.4580 0.3024 -0.8359
vn -0.4852 0.7449 0.4580
vn -0.3473 0.7867 0.5103
vn -0.3169 0.8383 0.4436
vn -0.4970 -0.0108 -0.8677
vn -0.4533 0.0610 -0.8893
vn 0.6020 -0.6703 -0.4340
vn 0.2907 -0.9412 -0.1722
vn -0.4329 0.0770 -0.8982
vn -0.4305 0.0601 -0.9006
vn 0.0251 -0.9934 -0.1121
vn -0.6129 0.0376 -0.7892
vn 0.3952 -0.0056 0.9186
vn 0.3763 0.0371 0.9258
vn 0.8401 -0.2953 -0.4549
vn -0.4232 0.1955 -0.8847
vn -0.9089 0.0914 -0.4069
vn -0.9271 0.1185 -0.3557
vn -0.3685 -0.6795 0.6345
vn -0.1433 -0.9506 0.2753
vn -0.8327 0.0471 -0.5517
vn -0.0560 -0.9978 0.0367
vn 0.0340 -0.9960 0.0826
vn 0.4305 -0.0148 0.9025
vn 0.9641 -0.0363 0.2630
vn 0.9215 -0.0021 0.3884
vn 0.8308 -0.0267 0.5559
vn 0.6144 -0.0334 0.7882
vn 0.1108 0.9874 0.1133
vn -0.0482 0.9971 0.0583
vn -0.2617 0.9357 0.2367
vn 0.0908 0.9958 -0.0142
vn 0.2442 0.9438 -0.2228
vn -0.6460 0.6882 0.3303
vn -0.7625 0.3431 0.5485
vn -0.8235 0.2945 0.4849
vn 0.4341 0.0313 0.9003
vn 0.4979 -0.2306 0.8360
vn 0.3139 -0.4001 0.8610
vn -0.6118 0.6178 0.4940
vn 0.2399 -0.4558 0.8571
vn -0.4884 0.7148 0.5005
vn 0.1582 -0.5003 0.8513
vn 0.8336 -0.3774 -0.4034
vn 0.6237 -0.6335 -0.4579
vn 0.4969 -0.7312 -0.4674
vn 0.3540 -0.8062 -0.4741
vn 0.2935 -0.7888 -0.5401
vn -0.2923 0.3780 -0.8785
vn -0.2234 0.4315 -0.8740
vn -0.1451 0.4719 -0.8696
vn -0.2171 0.4427 -0.8700
vn 0.3211 0.6797 -0.6594
vn 0.2817 0.9168 -0.2832
vn 0.2667 0.9071 -0.3255
vn -0.9136 0.1795 -0.3649
vn -0.9398 0.2167 -0.2641
vn 0.3684 0.6918 -0.6210
vn -0.9354 0.2008 -0.2909
vn 0.3868 0.5299 -0.7547
vn -0.9265 0.1222 -0.3560
vn 0.9483 -0.0255 0.3163
vn 0.8989 0.0447 0.4359
vn 0.4198 0.4960 -0.7601
vn 0.8919 -0.3427 0.2951
vn 0.9184 -0.2334 0.3194
vn 0.9086 -0.1466 0.3912
vn -0.3519 -0.8864 0.3008
vn -0.5345 -0.4966 0.6839
vn -0.2969 -0.9147 0.2741
vn -0.3248 -0.7016 0.6342
vn -0.3436 -0.5354 0.7715
vn -0.8465 0.0133 -0.5323
vn 0.0070 -0.7643 -0.6449
vn 0.0957 -0.4794 -0.8724
vn 0.2069 -0.3487 -0.9141
vn 0.2165 -0.7180 -0.6615
vn -0.9915 0.0085 -0.1296
vn -0.0530 0.5234 0.8504
vn -0.9870 0.0578 -0.1497
vn -0.0740 0.3102 0.9478
vn -0.9673 0.2471 -0.0575
vn -0.0509 0.4376 0.8977
vn -0.8869 0.4299 -0.1689
vn 0.1491 0.8548 0.4970
vn 0.0467 -0.5230 -0.8511
vn 0.0632 -0.3082 -0.9492
vn -0.0106 -0.4177 -0.9085
vn -0.1695 -0.8523 -0.4948
vn 0.9972 -0.0646 0.0380
vn 0.9948 -0.0888 0.0507
vn 0.9555 -0.1455 0.2565
vn 0.9297 -0.1620 0.3307
vn -0.2433 -0.5217 0.8177
vn -0.2366 -0.1646 0.9576
vn -0.9773 0.0588 -0.2035
vn -0.9954 0.0621 -0.0725
vn -0.2721 -0.8676 0.4163
vn -0.9808 0.1949 0.0105
vn -0.3136 -0.9027 0.2947
vn -0.7817 0.4597 0.4214
vn -0.1248 -0.8446 0.5207
vn -0.6887 0.5201 0.5052
vn 0.1159 -0.5893 0.7996
vn -0.9465 0.2453 0.2099
vn 0.4385 0.8275 -0.3505
vn 0.0569 0.8757 -0.4794
vn -0.1979 0.6042 -0.7719
vn 0.9201 -0.1252 -0.3712
vn 0.7030 -0.3511 -0.6185
vn 0.2281 0.1654 -0.9595
vn 0.1775 0.2008 -0.9634
vn 0.9629 -0.2209 0.1546
vn 0.9645 -0.0675 0.2552
vn 0.3011 0.5130 -0.8038
vn 0.9295 -0.2091 0.3040
vn 0.3301 0.8494 -0.4119
vn 0.9308 -0.3588 0.0698
vn 0.8111 -0.3902 -0.4358
vn -0.2387 -0.1878 0.9528
vn -0.4905 -0.6039 0.6283
vn -0.2916 -0.5901 0.7528
vn -0.2624 0.7968 0.5443
vn -0.4772 0.7432 0.4689
vn -0.4963 -0.6045 0.6231
vn -0.6200 0.7724 0.1378
vn -0.3163 -0.4070 0.8569
vn -0.8287 0.5453 -0.1260
vn -0.9454 0.2339 -0.2269
vn 0.0726 0.7868 0.6130
vn 0.4359 0.6026 0.6685
vn 0.5111 0.5425 -0.6667
vn 0.3361 0.6633 -0.6686
vn 0.2814 0.6221 -0.7306
vn 0.4589 0.6531 -0.6024
vn 0.4430 0.6618 -0.6048
vn 0.2530 0.4455 -0.8588
vn -0.0489 -0.7425 -0.6681
vn 0.2529 -0.8167 -0.5187
vn 0.3878 -0.8486 -0.3599
vn 0.7043 -0.6676 -0.2415
vn 0.8774 -0.4798 -0.0066
vn -0.3326 -0.5855 0.7393
vn -0.6962 -0.2012 0.6890
vn -0.4998 -0.5061 0.7029
vn 0.4025 0.4578 0.7927
vn 0.5964 0.2469 0.7638
vn -0.6671 -0.2715 0.6938
vn 0.6611 0.3595 0.6586
vn -0.4853 -0.5052 0.7136
vn 0.4339 0.4357 -0.7886
vn 0.6740 0.1906 -0.7137
vn 0.7051 0.2900 -0.6471
vn -0.5128 -0.5677 -0.6439
vn -0.6771 -0.2718 -0.6838
vn -0.5358 -0.3113 -0.7848
vn -0.3938 -0.5582 -0.7303
vt 0.712300 0.908200
vt 0.704400 0.911100
vt 0.697200 0.905600
vt 0.624900 0.674100
vt 0.624900 0.659200
vt 0.587800 0.711700
vt 0.622000 0.702500
vt 0.614000 0.726600
vt 0.602000 0.742700
vt 0.587800 0.748300
vt 0.491800 0.748300
vt 0.491800 0.711700
vt 0.290500 0.748300
vt 0.290500 0.711700
vt 0.276200 0.730000
vt 0.261900 0.674100
vt 0.261900 0.748300
vt 0.707000 0.659200
vt 0.707000 0.600000
vt 0.624900 0.600000
vt 0.587800 0.600000
vt 0.491800 0.600000
vt 0.290500 0.538500
vt 0.261900 0.585000
vt 0.275800 0.523600
vt 0.261900 0.497200
vt 0.290500 0.497200
vt 0.491800 0.497200
vt 0.587800 0.497200
vt 0.624900 0.497200
vt 0.707000 0.497200
vt 0.744100 0.497200
vt 0.830600 0.571400
vt 0.844800 0.565700
vt 0.830600 0.497200
vt 0.787400 0.534300
vt 0.744100 0.571400
vt 0.744100 0.585000
vt 0.741300 0.613400
vt 0.733300 0.637500
vt 0.721200 0.653600
vt 0.864900 0.525600
vt 0.867700 0.497200
vt 0.856800 0.549600
vt 0.422000 0.944100
vt 0.422100 0.942800
vt 0.419200 0.942800
vt 0.484400 0.942800
vt 0.419800 0.932100
vt 0.418800 0.932100
vt 0.415100 0.932100
vt 0.405000 0.942800
vt 0.403200 0.932100
vt 0.391200 0.942800
vt 0.389800 0.932100
vt 0.377400 0.942800
vt 0.302600 0.942800
vt 0.303500 0.944100
vt 0.305200 0.944100
vt 0.304800 0.942800
vt 0.363400 0.942800
vt 0.363400 0.944200
vt 0.377600 0.944100
vt 0.391600 0.944100
vt 0.405800 0.944100
vt 0.305200 0.955300
vt 0.363400 0.955300
vt 0.377600 0.955300
vt 0.391600 0.955300
vt 0.405800 0.955300
vt 0.419700 0.944100
vt 0.419700 0.955300
vt 0.422000 0.955300
vt 0.422100 0.956700
vt 0.377400 0.956700
vt 0.391200 0.956700
vt 0.405000 0.956700
vt 0.419200 0.956700
vt 0.419800 0.967400
vt 0.485700 0.967400
vt 0.484400 0.956700
vt 0.497900 0.956700
vt 0.418800 0.967400
vt 0.415100 0.967400
vt 0.403200 0.967400
vt 0.389800 0.967400
vt 0.376300 0.967400
vt 0.363400 0.967400
vt 0.363400 0.956600
vt 0.498400 0.967400
vt 0.511100 0.956700
vt 0.511100 0.967400
vt 0.524000 0.956700
vt 0.524000 0.967400
vt 0.497600 0.955300
vt 0.511100 0.955300
vt 0.524000 0.955300
vt 0.536700 0.955300
vt 0.536700 0.956700
vt 0.536700 0.967400
vt 0.536700 0.944100
vt 0.524000 0.944100
vt 0.511100 0.944100
vt 0.497600 0.944100
vt 0.483800 0.955300
vt 0.483800 0.944100
vt 0.536700 0.942800
vt 0.524000 0.942800
vt 0.536700 0.932100
vt 0.524000 0.932100
vt 0.511100 0.942800
vt 0.497900 0.942800
vt 0.498400 0.932100
vt 0.485700 0.932100
vt 0.511100 0.932100
vt 0.264100 0.955400
vt 0.251600 0.955300
vt 0.251400 0.956700
vt 0.263500 0.956700
vt 0.276800 0.955400
vt 0.275900 0.956700
vt 0.289900 0.955400
vt 0.288700 0.956700
vt 0.303500 0.955400
vt 0.302600 0.956700
vt 0.304800 0.956700
vt 0.300400 0.967400
vt 0.299400 0.967400
vt 0.296600 0.967400
vt 0.285500 0.967400
vt 0.273200 0.967400
vt 0.261200 0.967400
vt 0.289900 0.944100
vt 0.251400 0.942800
vt 0.008500 0.942800
vt 0.008500 0.944200
vt 0.251600 0.944100
vt 0.263500 0.942800
vt 0.264100 0.944100
vt 0.275900 0.942800
vt 0.276800 0.944100
vt 0.288700 0.942800
vt 0.001500 0.942800
vt 0.001500 0.944200
vt 0.008500 0.955400
vt 0.249900 0.967400
vt 0.008500 0.956700
vt 0.001500 0.956700
vt 0.001500 0.955400
vt 0.001500 0.967400
vt 0.008500 0.967400
vt 0.194800 0.996500
vt 0.194800 0.973600
vt 0.079300 0.973600
vt 0.079300 0.996500
vt 0.059900 0.973600
vt 0.059900 0.996500
vt 0.040400 0.973600
vt 0.040400 0.996500
vt 0.021000 0.973600
vt 0.021000 0.996500
vt 0.001500 0.973600
vt 0.001500 0.996500
vt 0.262700 0.996500
vt 0.262700 0.973600
vt 0.243300 0.973600
vt 0.243300 0.996500
vt 0.223800 0.973600
vt 0.223800 0.996500
vt 0.204300 0.973600
vt 0.204300 0.996500
vt 0.195900 0.973600
vt 0.195900 0.996500
vt 0.421300 0.996500
vt 0.421300 0.973600
vt 0.401100 0.973600
vt 0.401100 0.996500
vt 0.393200 0.973600
vt 0.393200 0.996500
vt 0.391400 0.973600
vt 0.391400 0.996500
vt 0.282200 0.973600
vt 0.282200 0.996500
vt 0.917800 0.996500
vt 0.917800 0.973600
vt 0.905000 0.973600
vt 0.905000 0.996500
vt 0.479700 0.996500
vt 0.479700 0.973600
vt 0.460300 0.973600
vt 0.460300 0.996500
vt 0.440800 0.973600
vt 0.440800 0.996500
vt 0.376300 0.932100
vt 0.363400 0.932100
vt 0.300400 0.932100
vt 0.299400 0.932100
vt 0.296600 0.932100
vt 0.285500 0.932100
vt 0.273200 0.932100
vt 0.261200 0.932100
vt 0.249900 0.932100
vt 0.008500 0.932100
vt 0.001500 0.932100
vt 0.164900 0.751500
vt 0.136700 0.663900
vt 0.116900 0.712100
vt 0.122600 0.723700
vt 0.136000 0.809000
vt 0.092700 0.751800
vt 0.097200 0.765300
vt 0.102100 0.854200
vt 0.065200 0.781300
vt 0.068300 0.796300
vt 0.064400 0.885900
vt 0.035300 0.799400
vt 0.035800 0.816400
vt 0.003600 0.898700
vt 0.004200 0.805600
vt 0.003900 0.486700
vt 0.151500 0.608800
vt 0.160800 0.549000
vt 0.163700 0.486700
vt 0.212300 0.485500
vt 0.169100 0.550300
vt 0.203700 0.608400
vt 0.159000 0.615100
vt 0.187600 0.683800
vt 0.143400 0.673000
vt 0.765100 0.746600
vt 0.759400 0.753500
vt 0.755400 0.752100
vt 0.742100 0.734500
vt 0.735900 0.750700
vt 0.762500 0.729500
vt 0.743800 0.725200
vt 0.764300 0.740700
vt 0.796900 0.770000
vt 0.798000 0.764800
vt 0.810600 0.779900
vt 0.817900 0.775600
vt 0.798700 0.752500
vt 0.806800 0.746400
vt 0.793100 0.690200
vt 0.812300 0.716000
vt 0.810200 0.660000
vt 0.824600 0.723700
vt 0.821700 0.649400
vt 0.838800 0.734500
vt 0.802400 0.631600
vt 0.811400 0.599700
vt 0.834600 0.635300
vt 0.850200 0.721700
vt 0.861800 0.768500
vt 0.870300 0.738200
vt 0.884600 0.743600
vt 0.887500 0.678900
vt 0.910500 0.674900
vt 0.794000 0.627600
vt 0.881000 0.754700
vt 0.914600 0.710300
vt 0.938900 0.707900
vt 0.934800 0.713700
vt 0.911800 0.722500
vt 0.911500 0.728500
vt 0.882300 0.759500
vt 0.869100 0.772000
vt 0.919900 0.730000
vt 0.917100 0.734500
vt 0.911900 0.638800
vt 0.930600 0.652100
vt 0.931600 0.628900
vt 0.936000 0.633200
vt 0.940800 0.669700
vt 0.933000 0.671100
vt 0.932100 0.690900
vt 0.915700 0.617600
vt 0.908200 0.627700
vt 0.879800 0.614800
vt 0.875400 0.604800
vt 0.855600 0.596100
vt 0.862600 0.590600
vt 0.876500 0.599600
vt 0.907500 0.621900
vt 0.912500 0.614200
vt 0.865100 0.705400
vt 0.863400 0.657800
vt 0.866100 0.623900
vt 0.847300 0.645400
vt 0.733200 0.700400
vt 0.724100 0.702000
vt 0.726600 0.659700
vt 0.761100 0.643700
vt 0.790900 0.611100
vt 0.792400 0.615800
vt 0.760800 0.649800
vt 0.759800 0.661600
vt 0.739300 0.663500
vt 0.741800 0.672200
vt 0.734700 0.666600
vt 0.731900 0.649600
vt 0.754800 0.638900
vt 0.751000 0.641700
vt 0.737300 0.733100
vt 0.730000 0.742500
vt 0.741100 0.699100
vt 0.767200 0.694600
vt 0.803900 0.597500
vt 0.018900 0.117800
vt 0.019000 0.057900
vt 0.080800 0.054700
vt 0.004700 0.242100
vt 0.003500 0.119700
vt 0.002900 0.059900
vt 0.002800 -0.016600
vt 0.017700 -0.016200
vt 0.079100 -0.017800
vt 0.111600 -0.019400
vt 0.171400 0.052600
vt 0.175600 -0.015600
vt 0.180800 -0.012900
vt 0.151300 0.055500
vt 0.148600 -0.013100
vt 0.133700 -0.017300
vt 0.130700 0.054000
vt 0.115600 0.053300
vt 0.084900 0.154200
vt 0.126200 0.153400
vt 0.085200 0.243300
vt 0.171900 0.132100
vt 0.018900 0.280900
vt 0.018900 0.242700
vt 0.005200 0.280500
vt 0.018500 0.315800
vt 0.083000 0.315900
vt 0.149100 0.320300
vt 0.123800 0.315700
vt 0.167300 0.315400
vt 0.018500 0.320400
vt 0.268800 0.320300
vt 0.222200 0.315700
vt 0.360800 0.477200
vt 0.082800 0.477200
vt 0.005300 0.320400
vt 0.005000 0.316000
vt 0.269400 0.241200
vt 0.265700 0.151500
vt 0.295300 0.151700
vt 0.222800 0.238200
vt 0.222700 0.278300
vt 0.167300 0.280400
vt 0.124000 0.282600
vt 0.168400 0.240500
vt 0.222300 0.131700
vt 0.263600 0.055500
vt 0.285400 0.054700
vt 0.328800 0.071900
vt 0.275900 -0.012500
vt 0.295400 -0.013000
vt 0.314300 -0.011200
vt 0.329600 -0.013700
vt 0.341900 -0.008400
vt 0.369200 0.061100
vt 0.360100 -0.009000
vt 0.368600 -0.010600
vt 0.384200 -0.003800
vt 0.404600 0.060400
vt 0.403800 -0.005200
vt 0.405100 -0.005000
vt 0.427400 0.061800
vt 0.418200 -0.002200
vt 0.424700 -0.003400
vt 0.430600 -0.002500
vt 0.442800 0.059400
vt 0.448500 0.002800
vt 0.531500 0.060900
vt 0.551300 0.060000
vt 0.542200 0.157700
vt 0.493000 0.157300
vt 0.511100 0.060000
vt 0.498900 0.059400
vt 0.472900 0.060400
vt 0.436000 0.156000
vt 0.380800 0.160400
vt 0.471300 -0.004000
vt 0.476400 -0.001000
vt 0.465000 -0.003000
vt 0.458600 0.000200
vt 0.457000 -0.000300
vt 0.446400 0.006500
vt 0.304700 0.238400
vt 0.269000 0.283600
vt 0.268800 0.315700
vt 0.543800 0.242500
vt 0.490800 0.243500
vt 0.434400 0.239900
vt 0.376600 0.239300
vt 0.303900 0.281400
vt 0.303400 0.315800
vt 0.543500 0.281500
vt 0.490400 0.281700
vt 0.433600 0.278400
vt 0.375900 0.279900
vt 0.375600 0.315900
vt 0.400800 0.320300
vt 0.433400 0.315500
vt 0.638900 0.477200
vt 0.594400 0.320300
vt 0.681200 0.320400
vt 0.916700 0.477200
vt 0.806300 0.320400
vt 0.714700 0.315800
vt 0.745200 0.315700
vt 0.681200 0.315900
vt 0.644600 0.315800
vt 0.612900 0.315700
vt 0.577700 0.315800
vt 0.577700 0.280700
vt 0.577600 0.240600
vt 0.643900 0.280700
vt 0.643100 0.239800
vt 0.679200 0.237900
vt 0.613000 0.281300
vt 0.612200 0.239700
vt 0.610800 0.154900
vt 0.573200 0.156700
vt 0.603500 0.060800
vt 0.642600 0.153900
vt 0.618200 0.059900
vt 0.608600 -0.007500
vt 0.596800 -0.005000
vt 0.712000 0.151300
vt 0.713000 0.241600
vt 0.680200 0.280800
vt 0.713700 0.285000
vt 0.744900 0.241300
vt 0.741400 0.150600
vt 0.722800 0.056700
vt 0.702200 0.056500
vt 0.774500 0.151200
vt 0.714800 -0.007600
vt 0.721300 -0.009700
vt 0.710200 -0.007600
vt 0.701000 -0.005100
vt 0.698900 -0.006500
vt 0.684700 0.054800
vt 0.678500 0.151200
vt 0.631600 0.061700
vt 0.644400 0.060200
vt 0.657800 0.058000
vt 0.670900 0.056600
vt 0.654400 -0.000800
vt 0.659300 -0.002600
vt 0.669900 -0.012400
vt 0.688700 -0.015600
vt 0.699800 -0.006500
vt 0.619200 -0.006600
vt 0.625100 -0.005100
vt 0.630600 -0.003600
vt 0.633400 -0.002800
vt 0.641000 -0.002100
vt 0.651300 -0.003600
vt 0.973800 0.439500
vt 0.995700 0.497600
vt 0.991300 0.506800
vt 0.968100 0.445500
vt 0.937700 0.458000
vt 0.976900 0.561900
vt 0.927100 0.472600
vt 0.967000 0.578300
vt 0.917800 0.490700
vt 0.955800 0.591100
vt 0.904800 0.548700
vt 0.924300 0.600200
vt 0.898600 0.553100
vt 0.920500 0.611100
vt 0.960700 0.746800
vt 0.968700 0.745700
vt 0.970600 0.800900
vt 0.963000 0.801800
vt 0.969600 0.819400
vt 0.964300 0.820000
vt 0.964400 0.844500
vt 0.969700 0.844900
vt 0.970800 0.863400
vt 0.963100 0.862600
vt 0.984200 0.926000
vt 0.969200 0.918600
vt 0.976300 0.904000
vt 0.981200 0.906400
vt 0.989300 0.872600
vt 0.995900 0.875900
vt 0.991100 0.858900
vt 0.978900 0.852800
vt 0.977400 0.866700
vt 0.961100 0.917700
vt 0.956600 0.864100
vt 0.955100 0.901400
vt 0.950300 0.902400
vt 0.946300 0.921100
vt 0.938400 0.868200
vt 0.944900 0.866700
vt 0.943900 0.852600
vt 0.956000 0.849900
vt 0.654300 0.922600
vt 0.654800 0.907400
vt 0.662800 0.908000
vt 0.662700 0.923200
vt 0.675100 0.910700
vt 0.675000 0.921300
vt 0.678300 0.910700
vt 0.678400 0.921300
vt 0.690600 0.908300
vt 0.690700 0.923500
vt 0.633100 0.930100
vt 0.637600 0.924600
vt 0.710100 0.924600
vt 0.714600 0.930100
vt 0.710100 0.906300
vt 0.714600 0.900900
vt 0.637600 0.906300
vt 0.633100 0.900900
vt 0.705900 0.921100
vt 0.708400 0.923100
vt 0.708100 0.908400
vt 0.705700 0.910400
vt 0.693500 0.908400
vt 0.695900 0.910400
vt 0.693300 0.923100
vt 0.695800 0.921100
vt 0.714800 0.953900
vt 0.714800 0.968600
vt 0.633300 0.968600
vt 0.633300 0.953900
vt 0.548800 0.930100
vt 0.553300 0.924500
vt 0.625800 0.924500
vt 0.630300 0.930100
vt 0.625800 0.905400
vt 0.630300 0.899800
vt 0.553300 0.905400
vt 0.548800 0.899800
vt 0.938600 0.955900
vt 0.949300 0.955900
vt 0.949300 0.970500
vt 0.938600 0.945900
vt 0.949300 0.945900
vt 0.968100 0.945900
vt 0.968100 0.955900
vt 0.938600 0.930400
vt 0.949300 0.930400
vt 0.968100 0.930400
vt 0.979100 0.945900
vt 0.979100 0.955900
vt 0.979100 0.970500
vt 0.968100 0.970500
vt 0.979100 0.930400
vt 0.996800 0.930400
vt 0.996800 0.945900
vt 0.996800 0.955900
vt 0.996800 0.970500
vt 0.996800 0.993800
vt 0.979100 0.993800
vt 0.968100 0.993800
vt 0.949300 0.993800
vt 0.938600 0.970500
vt 0.920700 0.955900
vt 0.920700 0.945900
vt 0.920700 0.930400
vt 0.938600 0.993800
vt 0.920700 0.970500
vt 0.920700 0.993800
vt 0.549500 0.969000
vt 0.549500 0.954200
vt 0.631000 0.954200
vt 0.631000 0.969000
vt 0.713300 0.933800
vt 0.713300 0.948500
vt 0.640800 0.948500
vt 0.640800 0.933800
vt 0.631500 0.933800
vt 0.631500 0.948500
vt 0.559000 0.948500
vt 0.559000 0.933800
vt 0.549700 0.933800
vt 0.549700 0.948500
vt 0.626800 0.708500
vt 0.626800 0.700500
vt 0.720300 0.700500
vt 0.720300 0.708500
vt 0.626800 0.714600
vt 0.720300 0.714600
vt 0.626800 0.720800
vt 0.720300 0.720800
vt 0.626800 0.672400
vt 0.626800 0.664700
vt 0.720300 0.664700
vt 0.720300 0.672400
vt 0.626800 0.680100
vt 0.720300 0.680100
vt 0.626800 0.686300
vt 0.720300 0.686300
vt 0.626800 0.692500
vt 0.720300 0.692500
vt 0.653500 0.908900
vt 0.653200 0.923700
vt 0.650800 0.921600
vt 0.641100 0.921600
vt 0.638700 0.923700
vt 0.640900 0.911000
vt 0.638400 0.908900
vt 0.651000 0.911000
vt 0.973900 0.650900
vt 0.966300 0.653600
vt 0.960800 0.598300
vt 0.974000 0.669700
vt 0.968700 0.671500
vt 0.970200 0.695700
vt 0.975500 0.694900
vt 0.977600 0.713100
vt 0.970000 0.714000
vt 0.979300 0.769500
vt 0.971200 0.770400
vt 0.959800 0.654000
vt 0.956000 0.616200
vt 0.960100 0.668200
vt 0.948000 0.654600
vt 0.948000 0.668800
vt 0.941400 0.654900
vt 0.945900 0.599100
vt 0.951100 0.616500
vt 0.968700 0.595400
vt 0.980200 0.646000
vt 0.982600 0.659400
vt 0.994400 0.650300
vt 0.991600 0.637200
vt 0.998000 0.632200
vt 0.981500 0.604300
vt 0.983100 0.584100
vt 0.976800 0.607900
vt 0.623500 0.907400
vt 0.623800 0.918000
vt 0.611200 0.921900
vt 0.610700 0.906700
vt 0.602800 0.922500
vt 0.602700 0.907300
vt 0.590000 0.920500
vt 0.590000 0.909900
vt 0.586700 0.920500
vt 0.586700 0.909900
vt 0.800800 0.880700
vt 0.802700 0.869200
vt 0.818000 0.886500
vt 0.769600 0.853400
vt 0.767300 0.879800
vt 0.839300 0.894800
vt 0.839300 0.916400
vt 0.819100 0.919300
vt 0.798500 0.909300
vt 0.768200 0.907900
vt 0.739900 0.854000
vt 0.765100 0.917500
vt 0.795700 0.937500
vt 0.784200 0.949100
vt 0.805100 0.955600
vt 0.790000 0.965100
vt 0.859200 0.917800
vt 0.857000 0.953400
vt 0.839300 0.957900
vt 0.821400 0.956000
vt 0.879100 0.906800
vt 0.882200 0.935300
vt 0.910200 0.876900
vt 0.909600 0.904900
vt 0.937400 0.850400
vt 0.912800 0.914200
vt 0.893700 0.946200
vt 0.887900 0.963300
vt 0.872900 0.953600
vt 0.938900 0.822700
vt 0.874800 0.867000
vt 0.884600 0.822100
vt 0.905900 0.841700
vt 0.907800 0.850600
vt 0.876900 0.878400
vt 0.859800 0.885800
vt 0.850000 0.852600
vt 0.858000 0.843500
vt 0.827700 0.872600
vt 0.839300 0.873700
vt 0.849800 0.872000
vt 0.839300 0.849200
vt 0.827800 0.853600
vt 0.846600 0.832700
vt 0.850700 0.803000
vt 0.839300 0.832000
vt 0.832400 0.832500
vt 0.828100 0.803800
vt 0.821200 0.843500
vt 0.839300 0.797800
vt 0.826900 0.772200
vt 0.839300 0.777400
vt 0.828600 0.759600
vt 0.839300 0.761300
vt 0.851600 0.771700
vt 0.849900 0.759200
vt 0.738200 0.826200
vt 0.771400 0.844500
vt 0.792700 0.824300
vt 0.748600 0.806800
vt 0.789300 0.797500
vt 0.814000 0.801800
vt 0.333900 0.910900
vt 0.311300 0.910900
vt 0.311700 0.908100
vt 0.334100 0.908100
vt 0.313900 0.897500
vt 0.334400 0.897500
vt 0.357100 0.910900
vt 0.357200 0.908100
vt 0.357200 0.897500
vt 0.380700 0.897500
vt 0.380700 0.910900
vt 0.380700 0.924700
vt 0.357100 0.924700
vt 0.333900 0.924700
vt 0.311200 0.924700
vt 0.474700 0.908100
vt 0.451800 0.908100
vt 0.452000 0.897500
vt 0.428400 0.897500
vt 0.428200 0.908100
vt 0.404600 0.897500
vt 0.404400 0.908100
vt 0.380700 0.908100
vt 0.474800 0.910900
vt 0.451800 0.910900
vt 0.428200 0.910900
vt 0.404400 0.910900
vt 0.404400 0.924700
vt 0.428200 0.924700
vt 0.451800 0.924700
vt 0.474800 0.924700
vt 0.497300 0.924700
vt 0.497300 0.910900
vt 0.474700 0.897500
vt 0.496900 0.908100
vt 0.494700 0.897500
vt 0.928400 0.803600
vt 0.887800 0.795400
vt 0.863300 0.800300
vt 0.006800 0.416000
vt 0.001600 0.411900
vt 0.014900 0.384800
vt 0.007300 0.445000
vt 0.001700 0.449800
vt 0.017500 0.465100
vt 0.015200 0.476400
vt 0.034200 0.476200
vt 0.032400 0.468100
vt 0.041800 0.444600
vt 0.047500 0.449200
vt 0.042900 0.415000
vt 0.047400 0.411300
vt 0.031600 0.396000
vt 0.033900 0.384600
vt 0.016800 0.393700
vt 0.733200 0.796800
vt 0.733200 0.812500
vt 0.307700 0.812500
vt 0.307700 0.796800
vt 0.733200 0.781100
vt 0.307700 0.781100
vt 0.733200 0.765500
vt 0.307700 0.765500
vt 0.733200 0.875200
vt 0.733200 0.890900
vt 0.307700 0.890900
vt 0.307700 0.875200
vt 0.733200 0.859500
vt 0.307700 0.859500
vt 0.733200 0.843900
vt 0.307700 0.843900
vt 0.733200 0.828200
vt 0.307700 0.828200
vt 0.221100 0.497200
vt 0.247200 0.504200
vt 0.246400 0.506000
vt 0.247700 0.496200
vt 0.221600 0.489200
vt 0.251500 0.505900
vt 0.236300 0.721400
vt 0.202900 0.711300
vt 0.216800 0.496600
vt 0.297300 0.895200
vt 0.232200 0.726200
vt 0.233100 0.725300
vt 0.298500 0.895900
vt 0.236600 0.723600
vt 0.232900 0.723500
vt 0.231900 0.723900
vt 0.221700 0.499400
vt 0.206300 0.719300
vt 0.301700 0.890100
vt 0.206900 0.717200
vt 0.206100 0.716400
vt 0.205700 0.718000
vt 0.202500 0.712800
vt 0.120600 0.848500
vt 0.121800 0.848400
vt 0.118200 0.841300
vt 0.117400 0.853400
vt 0.135400 0.887300
vt 0.135700 0.884900
vt 0.217200 0.761300
vt 0.218300 0.761600
vt 0.280300 0.921400
vt 0.280400 0.923900
vt 0.282800 0.930300
vt 0.301000 0.902200
vt 0.217900 0.763300
vt 0.217400 0.763200
vt 0.217200 0.768800
vt 0.217700 0.768600
vt 0.276800 0.928700
vt 0.138200 0.893800
vt 0.132200 0.892200
vt 0.083600 0.281800
vt 0.125700 0.244300
vt 0.083600 0.114300
vt 0.124800 0.113400
vt 0.038500 0.075500
vt 0.018900 -0.016100
vt 0.040100 -0.013900
vt 0.165200 0.112700
vt 0.217400 0.112200
vt 0.180000 0.054900
vt 0.200300 0.054500
vt 0.201800 -0.015900
vt 0.293500 0.054700
vt 0.277400 0.054700
vt 0.275800 -0.013500
vt 0.262400 -0.011800
vt 0.235700 0.055600
vt 0.224100 0.055500
vt 0.222700 -0.014300
vt 0.237900 -0.015900
vt 0.306400 0.113600
vt 0.264200 0.111900
vt 0.436200 0.117700
vt 0.381300 0.126700
vt 0.382300 0.065100
vt 0.368900 0.060100
vt 0.362900 0.059500
vt 0.336300 0.057800
vt 0.325900 0.055900
vt 0.315000 0.057100
vt 0.296300 -0.015500
vt 0.313700 -0.013100
vt 0.329700 -0.013700
vt 0.342400 -0.009600
vt 0.359400 -0.010700
vt 0.369000 -0.010500
vt 0.385600 -0.007800
vt 0.403900 -0.005400
vt 0.404900 -0.004900
vt 0.417700 0.063600
vt 0.417700 -0.005400
vt 0.426100 0.060600
vt 0.425000 -0.003400
vt 0.432900 0.061600
vt 0.430900 -0.003100
vt 0.439600 0.060000
vt 0.446500 0.002700
vt 0.446100 0.058800
vt 0.444700 0.006000
vt 0.457300 -0.001400
vt 0.496900 0.118000
vt 0.490600 0.315700
vt 0.542400 0.315700
vt 0.778800 0.315700
vt 0.814000 0.315700
vt 0.745300 0.282900
vt 0.778100 0.281000
vt 0.863700 0.240300
vt 0.865800 0.111700
vt 0.918300 0.113800
vt 0.812600 0.239000
vt 0.813200 0.279700
vt 0.777000 0.238800
vt 0.919400 0.240700
vt 0.819100 0.111100
vt 0.779300 0.111900
vt 0.741300 0.111100
vt 0.735300 0.055000
vt 0.744500 0.054000
vt 0.761100 0.053600
vt 0.775600 0.052500
vt 0.789000 0.051300
vt 0.805300 0.049900
vt 0.819900 0.048500
vt 0.832500 0.048200
vt 0.786100 -0.016900
vt 0.795800 -0.014100
vt 0.775500 -0.012200
vt 0.770800 -0.012400
vt 0.760900 -0.014000
vt 0.755500 -0.014900
vt 0.746100 -0.017100
vt 0.735600 -0.009600
vt 0.732800 -0.011800
vt 0.725800 -0.008700
vt 0.712200 0.112900
vt 0.642500 0.115800
vt 0.678200 0.113100
vt 0.610300 0.117000
vt 0.572300 0.119000
vt 0.981300 0.320400
vt 0.994700 0.320400
vt 0.952600 0.320400
vt 0.864300 0.315800
vt 0.920900 0.315900
vt 0.952600 0.315800
vt 0.981300 0.315700
vt 0.995000 0.316000
vt 0.864300 0.281000
vt 0.920800 0.282300
vt 0.952600 0.278100
vt 0.981500 0.280300
vt 0.981000 0.237300
vt 0.933500 0.054300
vt 0.958500 0.055800
vt 0.955500 0.113900
vt 0.980900 0.116600
vt 0.956300 0.236800
vt 0.981100 0.057800
vt 0.919900 0.056400
vt 0.961000 -0.014100
vt 0.983300 -0.015000
vt 0.939300 -0.015400
vt 0.929300 -0.015300
vt 0.921000 -0.017000
vt 0.906000 0.058500
vt 0.857300 0.050000
vt 0.882700 0.056200
vt 0.843800 0.049800
vt 0.844000 -0.011100
vt 0.846300 -0.009200
vt 0.865800 -0.019700
vt 0.880900 -0.013000
vt 0.891800 -0.011500
vt 0.901400 -0.004300
vt 0.837100 -0.014000
vt 0.846500 -0.012700
vt 0.830000 -0.015200
vt 0.814300 -0.015200
vt 0.808800 -0.012400
vt 0.807700 -0.016500
vt 0.583500 0.061400
vt 0.567500 0.061700
vt 0.542200 0.119600
vt 0.480200 0.060100
vt 0.465600 0.060600
vt 0.457700 -0.002000
vt 0.465200 -0.003500
vt 0.472200 -0.002700
vt 0.475700 -0.003600
vt 0.482600 -0.005100
vt 0.495100 -0.008600
vt 0.496500 -0.009000
vt 0.505000 -0.008700
vt 0.513000 -0.008500
vt 0.523900 -0.004500
vt 0.530200 -0.005700
vt 0.538500 -0.005200
vt 0.554000 -0.006300
vt 0.565700 -0.004900
vt 0.574400 -0.004400
vt 0.581000 -0.005500
vt 0.588300 -0.005300
vt 0.807700 -0.016400
vt 0.838200 -0.014100
vt 0.846200 -0.012900
vt 0.830500 -0.015000
vt 0.814500 -0.015200
vt 0.844300 -0.011400
vt 0.846900 -0.009400
vt 0.866600 -0.021000
vt 0.879900 -0.013800
vt 0.891400 -0.011100
vt 0.901500 -0.004400
vt 0.920800 -0.017100
vt 0.938600 -0.013000
vt 0.930000 -0.015300
vt 0.961000 -0.014000
vt 0.995900 0.060000
vt 0.995200 0.118500
vt 0.994100 0.239900
vt 0.994500 0.284000
vt 0.176600 0.112300
vt 0.153900 0.113000
vt 0.123200 0.053700
vt 0.229900 0.055600
vt 0.175700 0.053700
vt 0.133200 -0.015400
vt 0.112000 -0.017500
vt 0.079100 -0.017900
vt 0.237800 -0.014900
vt 0.262500 -0.011700
vt 0.222800 -0.013600
vt 0.201800 -0.015800
vt 0.180900 -0.011300
vt 0.175400 -0.015200
vt 0.148700 -0.013000
vt 0.323000 0.057000
vt 0.340200 -0.005800
vt 0.329900 -0.013600
vt 0.314100 -0.011500
vt 0.295400 -0.012800
vt 0.375600 0.062600
vt 0.403800 -0.005300
vt 0.385300 -0.006100
vt 0.369500 -0.009100
vt 0.359400 -0.010800
vt 0.497000 -0.006000
vt 0.505400 -0.006100
vt 0.489500 0.059800
vt 0.513100 -0.008500
vt 0.939700 -0.013400
vt 0.961100 -0.014000
vt 0.995300 -0.014200
vt 0.866400 -0.019700
vt 0.879500 -0.013700
vt 0.891100 -0.010200
vt 0.901500 -0.003800
vt 0.921100 -0.017000
vt 0.004500 0.142700
vt 0.495200 -0.008600
vt 0.482900 -0.002900
vt 0.981800 0.146200
vt 0.955400 0.152600
vt 0.917600 0.153200
vt 0.864900 0.151900
vt 0.901700 -0.002700
vt 0.891800 -0.010600
vt 0.878500 -0.013400
vt 0.866600 -0.019800
vt 0.817500 0.151500
vt 0.170500 0.112500
vt 0.983000 -0.015100
vt 0.472200 -0.002900
vt 0.475900 -0.001400
vt 0.482100 -0.005800
vt 0.495000 -0.008900
vt 0.929800 -0.015000
vt 0.920900 -0.017000
vt 0.938600 -0.013600
vt 0.929900 -0.015300
vt 0.995200 0.140500
vt 0.631800 0.969600
vt 0.629300 0.983400
vt 0.547600 0.973100
vt 0.548100 0.958200
vt 0.970200 0.770100
vt 0.960300 0.770700
vt 0.955200 0.705500
vt 0.961600 0.703200
vt 0.953700 0.676800
vt 0.953600 0.658100
vt 0.959200 0.656600
vt 0.987500 0.647200
vt 0.995000 0.644500
vt 0.991700 0.660800
vt 0.973200 0.612200
vt 0.976200 0.589100
vt 0.960900 0.598100
vt 0.967500 0.610200
vt 0.971100 0.653700
vt 0.966500 0.651500
vt 0.959600 0.595100
vt 0.961500 0.650600
vt 0.972100 0.664100
vt 0.954400 0.645200
vt 0.961000 0.647900
vt 0.955300 0.650200
vt 0.964000 0.613600
vt 0.955400 0.601300
vt 0.957600 0.618400
vt 0.951700 0.649300
vt 0.959100 0.662900
vt 0.591400 0.901600
vt 0.590700 0.894100
vt 0.597400 0.890700
vt 0.600600 0.906900
vt 0.606700 0.889000
vt 0.606200 0.904700
vt 0.621000 0.892600
vt 0.620600 0.902900
vt 0.593400 0.891800
vt 0.589200 0.898000
vt 0.962800 0.838400
vt 0.969400 0.841000
vt 0.968800 0.862300
vt 0.969500 0.815400
vt 0.964100 0.816500
vt 0.962100 0.799000
vt 0.969800 0.797100
vt 0.958700 0.743200
vt 0.965000 0.742700
vt 0.977600 0.856900
vt 0.976700 0.870600
vt 0.974200 0.902400
vt 0.988400 0.877200
vt 0.991000 0.863000
vt 0.993500 0.879500
vt 0.979600 0.927300
vt 0.979700 0.906200
vt 0.964500 0.917900
vt 0.964400 0.861700
vt 0.963700 0.916700
vt 0.951700 0.902900
vt 0.957700 0.900400
vt 0.960800 0.863700
vt 0.957700 0.851100
vt 0.946400 0.855200
vt 0.946500 0.867700
vt 0.938300 0.867200
vt 0.948800 0.923300
vt 0.690200 0.906900
vt 0.689100 0.921900
vt 0.672700 0.917700
vt 0.672200 0.906600
vt 0.666000 0.919100
vt 0.668200 0.908100
vt 0.661100 0.921100
vt 0.660300 0.905800
vt 0.653400 0.920700
vt 0.654200 0.905600
vt 0.711100 0.918500
vt 0.715500 0.923700
vt 0.633000 0.927600
vt 0.637100 0.921600
vt 0.633700 0.898600
vt 0.638000 0.903600
vt 0.713000 0.894400
vt 0.709100 0.900100
vt 0.720100 0.673900
vt 0.715800 0.637400
vt 0.623800 0.662500
vt 0.627200 0.674100
vt 0.712500 0.635200
vt 0.626900 0.684500
vt 0.627100 0.674800
vt 0.720100 0.668600
vt 0.718400 0.728200
vt 0.723500 0.716600
vt 0.629100 0.693800
vt 0.628200 0.697800
vt 0.632900 0.705800
vt 0.729700 0.699300
vt 0.633100 0.922000
vt 0.626700 0.928500
vt 0.640800 0.926600
vt 0.637100 0.908500
vt 0.639100 0.922900
vt 0.646400 0.916600
vt 0.562400 0.962400
vt 0.555200 0.962800
vt 0.555000 0.947700
vt 0.563200 0.947700
vt 0.632000 0.938900
vt 0.633200 0.953100
vt 0.641800 0.952900
vt 0.640000 0.938300
vt 0.714500 0.948800
vt 0.711700 0.962500
vt 0.703900 0.900300
vt 0.706300 0.898300
vt 0.715600 0.921600
vt 0.718400 0.900000
vt 0.712600 0.888200
vt 0.634100 0.964000
vt 0.631800 0.950100
vt 0.713300 0.939200
vt 0.714000 0.954100
vt 0.625500 0.930900
vt 0.629800 0.937000
vt 0.550000 0.932400
vt 0.555000 0.927200
vt 0.549400 0.902600
vt 0.553800 0.908500
vt 0.632600 0.906300
vt 0.627300 0.911800
vt 0.949900 0.676100
vt 0.721900 0.718800
vt 0.718300 0.730300
vt 0.624800 0.715700
vt 0.628000 0.700100
vt 0.646100 0.910500
vt 0.653100 0.901200
vt 0.022000 0.995500
vt 0.007800 0.995300
vt 0.007800 0.991700
vt 0.022000 0.991900
vt 0.007800 0.890500
vt 0.007800 0.886900
vt 0.022000 0.886800
vt 0.022000 0.890400
vt 0.025800 0.991400
vt 0.025100 0.994600
vt 0.978800 0.994000
vt 0.978200 0.990900
vt 0.981900 0.991500
vt 0.978200 0.890600
vt 0.981900 0.890100
vt 0.025800 0.890900
vt 0.025300 0.887600
vt 0.996100 0.995000
vt 0.981900 0.995100
vt 0.996100 0.991400
vt 0.996100 0.890200
vt 0.978800 0.887600
vt 0.978800 0.873400
vt 0.025400 0.873300
vt 0.026000 0.870100
vt 0.022400 0.870600
vt 0.022400 0.769000
vt 0.026000 0.769600
vt 0.025500 0.766500
vt 0.978300 0.769700
vt 0.978900 0.766500
vt 0.981900 0.769200
vt 0.981900 0.870700
vt 0.978300 0.870200
vt 0.978800 0.752300
vt 0.025600 0.752300
vt 0.982500 0.873400
vt 0.982400 0.887600
vt 0.034200 0.412600
vt 0.134500 0.411900
vt 0.133100 0.413900
vt 0.032500 0.414500
vt 0.032500 0.425200
vt 0.133200 0.424600
vt 0.034500 0.426700
vt 0.134800 0.426600
vt 0.018900 0.496300
vt 0.019300 0.426200
vt 0.021800 0.425300
vt 0.021300 0.496400
vt 0.032000 0.496500
vt 0.034500 0.496600
vt 0.234200 0.496600
vt 0.135000 0.336400
vt 0.234100 0.336300
vt 0.248400 0.496600
vt 0.248300 0.336300
vt 0.347800 0.426400
vt 0.347300 0.336200
vt 0.349600 0.336200
vt 0.350100 0.425400
vt 0.361000 0.425400
vt 0.360200 0.336200
vt 0.362600 0.336100
vt 0.363200 0.426300
vt 0.448200 0.426500
vt 0.448200 0.496600
vt 1.978300 0.870200
vt 1.981900 0.870700
vt 1.978800 0.873400
vt 1.025500 0.766500
vt 1.025600 0.752300
vt 1.978800 0.752300
vt 1.978900 0.766500
vt 1.978300 0.769700
vt 1.981900 0.769200
vt 1.026000 0.870100
vt 1.025400 0.873300
vt 1.025300 0.887600
vt 1.026000 0.769600
vt 1.022400 0.769000
vt 1.022400 0.870600
vt 1.978200 0.890600
vt 1.025800 0.890900
vt 1.978800 0.887600
vt 1.981900 0.890100
vt 1.981900 0.991500
vt 1.996100 0.991400
vt 1.996100 0.995000
vt 1.981900 0.995100
vt 1.996100 0.890200
vt 1.982500 0.873400
vt 1.982400 0.887600
vt 1.022000 0.890400
vt 1.025800 0.991400
vt 1.978200 0.990900
vt 1.978800 0.994000
vt 1.025100 0.994600
vt 1.022000 0.991900
vt 1.007800 0.890500
vt 1.007800 0.886900
vt 1.022000 0.886800
vt 1.022000 0.995500
vt 1.007800 0.995300
vt 1.007800 0.991700
vt 0.556800 0.373900
vt 0.559900 0.375700
vt 0.560300 0.396200
vt 0.557900 0.397900
vt 0.547700 0.374000
vt 0.547100 0.398000
vt 0.544700 0.375900
vt 0.544700 0.396300
vt 0.475400 0.396400
vt 0.510900 0.364800
vt 0.513400 0.362400
vt 0.546800 0.373000
vt 0.516100 0.353800
vt 0.549500 0.364300
vt 0.549400 0.360700
vt 0.515400 0.350400
vt 0.475400 0.302900
vt 0.475400 0.289800
vt 0.475400 0.287300
vt 0.544700 0.287500
vt 0.546500 0.289900
vt 0.475400 0.300500
vt 0.546400 0.300600
vt 0.544700 0.303000
vt 0.510900 0.338000
vt 0.544700 0.326900
vt 0.544700 0.193900
vt 0.544700 0.214400
vt 0.510900 0.225500
vt 0.475400 0.193900
vt 0.510900 0.252200
vt 0.544700 0.263100
vt 0.547900 0.262600
vt 0.558100 0.289500
vt 0.556800 0.262500
vt 0.560600 0.287500
vt 0.560000 0.262800
vt 0.559400 0.226400
vt 0.556400 0.227900
vt 0.547200 0.228000
vt 0.544100 0.226700
vt 0.514200 0.251200
vt 0.514100 0.226500
vt 0.523400 0.251100
vt 0.523100 0.226400
vt 0.526700 0.252100
vt 0.526300 0.225400
vt 0.445000 0.207200
vt 0.445000 0.227600
vt 0.411200 0.238700
vt 0.375700 0.207100
vt 0.446800 0.204700
vt 0.375700 0.204700
vt 0.446800 0.194000
vt 0.375700 0.194000
vt 0.445000 0.191600
vt 0.375700 0.191600
vt 0.411300 0.265500
vt 0.375700 0.300600
vt 0.414600 0.264500
vt 0.414400 0.239700
vt 0.423700 0.264400
vt 0.423500 0.239600
vt 0.427000 0.265300
vt 0.426700 0.238600
vt 0.375700 0.303000
vt 0.445100 0.300700
vt 0.445100 0.276300
vt 0.446800 0.303100
vt 0.448200 0.275800
vt 0.458500 0.302800
vt 0.457100 0.275700
vt 0.460900 0.300800
vt 0.460300 0.276000
vt 0.459800 0.239600
vt 0.456700 0.241100
vt 0.447500 0.241300
vt 0.444400 0.239900
vt 0.978300 0.623200
vt 0.981900 0.623800
vt 0.978800 0.626400
vt 0.025500 0.519500
vt 0.025600 0.505400
vt 0.978800 0.505400
vt 0.978900 0.519600
vt 0.978300 0.522800
vt 0.981900 0.522200
vt 0.026000 0.623100
vt 0.025400 0.626300
vt 0.025300 0.640600
vt 0.026000 0.522700
vt 0.022400 0.522100
vt 0.022400 0.623700
vt 0.978200 0.643600
vt 0.025800 0.643900
vt 0.978800 0.640600
vt 0.981900 0.643100
vt 0.981900 0.744500
vt 0.996100 0.744400
vt 0.996100 0.748000
vt 0.981900 0.748100
vt 0.996100 0.643200
vt 0.982500 0.626400
vt 0.982400 0.640600
vt 0.022000 0.643500
vt 0.025800 0.744500
vt 0.978200 0.744000
vt 0.978800 0.747100
vt 0.025100 0.747700
vt 0.022000 0.744900
vt 0.007800 0.643600
vt 0.007800 0.640000
vt 0.022000 0.639900
vt 0.022000 0.748500
vt 0.007800 0.748400
vt 0.007800 0.744800
vt 0.445000 0.389100
vt 0.411200 0.378000
vt 0.413700 0.375700
vt 0.447100 0.386200
vt 0.416500 0.367000
vt 0.449900 0.377500
vt 0.449800 0.373900
vt 0.415800 0.363700
vt 0.457200 0.387200
vt 0.460300 0.389000
vt 0.460600 0.409400
vt 0.458200 0.411200
vt 0.448100 0.387200
vt 0.447500 0.411300
vt 0.445000 0.409600
vt 0.375700 0.409600
vt 0.375700 0.316200
vt 0.411200 0.351300
vt 0.375700 0.313700
vt 0.446800 0.313800
vt 0.445000 0.316200
vt 0.445000 0.340200
vt 0.114600 0.380100
vt 0.117700 0.381900
vt 0.118100 0.402300
vt 0.115600 0.404100
vt 0.105500 0.380100
vt 0.104900 0.404200
vt 0.102500 0.382000
vt 0.102500 0.402500
vt 0.033200 0.402500
vt 0.068700 0.370900
vt 0.071200 0.368600
vt 0.104600 0.379100
vt 0.073900 0.359900
vt 0.107300 0.370400
vt 0.107200 0.366800
vt 0.073200 0.356600
vt 0.033200 0.309100
vt 0.102500 0.293600
vt 0.104300 0.296000
vt 0.033200 0.295900
vt 0.033200 0.306600
vt 0.104200 0.306700
vt 0.102500 0.309100
vt 0.068700 0.344200
vt 0.102500 0.333100
vt 0.068700 0.258400
vt 0.102500 0.269200
vt 0.105700 0.268700
vt 0.115900 0.295700
vt 0.114600 0.268600
vt 0.118400 0.293700
vt 0.117800 0.268900
vt 0.117200 0.232500
vt 0.114200 0.234000
vt 0.105000 0.234200
vt 0.101900 0.232800
vt 0.546400 0.191500
vt 0.475400 0.191500
vt 0.546500 0.180800
vt 0.475400 0.180800
vt 0.544700 0.178400
vt 0.475400 0.178300
vt 0.033200 0.293500
vt 0.102500 0.200100
vt 0.102500 0.220500
vt 0.068700 0.231600
vt 0.033200 0.200000
vt 0.072000 0.257400
vt 0.071900 0.232600
vt 0.081200 0.257300
vt 0.080900 0.232500
vt 0.084500 0.258200
vt 0.084100 0.231500
vt 0.104200 0.197600
vt 0.033200 0.197600
vt 0.104300 0.186900
vt 0.033200 0.186900
vt 0.102500 0.184500
vt 0.033200 0.184500
vt 0.885800 0.426500
vt 0.885800 0.496600
vt 0.686100 0.496600
vt 0.785500 0.426400
vt 0.800300 0.336100
vt 0.800900 0.426300
vt 0.798600 0.425400
vt 0.797900 0.336200
vt 0.787300 0.336200
vt 0.787800 0.425400
vt 0.784900 0.336200
vt 0.685900 0.336300
vt 0.671800 0.336300
vt 0.671900 0.496600
vt 0.572700 0.336400
vt 0.572400 0.426600
vt 0.472100 0.496600
vt 0.472200 0.426700
vt 0.469700 0.496500
vt 0.470100 0.425200
vt 0.459000 0.496400
vt 0.459400 0.425300
vt 0.456500 0.496300
vt 0.457000 0.426200
vt 0.471800 0.412600
vt 0.572100 0.411900
vt 0.570700 0.413900
vt 0.470100 0.414500
vt 0.570900 0.424600
vt 0.333300 1.000000
vt 0.000000 1.000000
vt 0.000000 0.666700
vt 0.000000 0.000000
vt 0.333300 0.000000
vt 0.333300 0.333300
vt 0.000000 0.333300
vt 0.333300 0.666700
vt 0.666700 1.000000
vt 0.666700 0.666700
vt 1.000000 1.000000
vt 1.000000 0.666700
vt 0.666700 0.333300
vt 1.000000 0.333300
vt 0.666700 0.000000
vt 1.000000 0.000000
vt 3.337200 -0.522000
vt 3.336900 -1.478400
vt 3.590900 -1.478700
vt 3.599600 1.386900
vt 3.598900 2.339500
vt 3.590900 2.347400
vt 3.590700 1.390900
vt 3.600100 0.434300
vt 3.590200 0.434300
vt 3.337200 1.390700
vt 3.337300 0.434300
vt 3.590700 -0.522200
vt 3.598900 -1.470800
vt 3.599600 -0.518200
vt 3.336900 2.347100
vt -1.672900 -0.407600
vt -1.392700 -0.407600
vt -1.392700 -0.287200
vt -1.672900 -0.287200
vt -1.672900 -0.528000
vt -1.392700 -0.528000
vt -1.381500 -0.407600
vt -1.381500 -0.287200
vt -1.381500 -0.046400
vt -1.392700 -0.046400
vt -1.672900 -0.046400
vt -1.672900 0.435200
vt -1.381500 -0.528000
vt -1.381500 0.435200
vt -1.223700 -0.046400
vt -1.223700 -0.287200
vt -1.223700 -0.407600
vt -1.223700 -0.528000
vt -1.223700 -1.059100
vt -1.066000 -0.528000
vt -1.066000 -1.059100
vt -1.223700 1.157500
vt -1.223700 0.916700
vt -1.066000 0.916700
vt -1.066000 0.435200
vt -1.223700 0.435200
vt -1.066000 -0.046400
vt -1.066000 -0.287200
vt -1.066000 -0.407600
vt -0.964500 -0.046400
vt -0.964500 0.435200
vt -0.964500 -0.528000
vt -0.414500 -0.528000
vt -0.414500 -0.407600
vt -0.964500 -0.407600
vt -0.964500 -0.287200
vt -0.414500 -0.046400
vt -0.414500 0.435200
vt -0.414500 -0.287200
vt -0.964500 0.916700
vt -0.964500 1.157500
vt -1.066000 1.157500
vt -0.964500 1.277900
vt -1.066000 1.277900
vt -0.964500 1.398300
vt -1.066000 1.398300
vt -0.964500 1.929400
vt -0.414500 1.929400
vt -0.414500 2.040400
vt -0.964500 2.040400
vt -1.066000 1.929400
vt -1.223700 1.929400
vt -1.223700 1.398300
vt -1.223700 1.277900
vt -1.381500 0.916700
vt -1.381500 1.157500
vt -1.381500 1.277900
vt -1.381500 1.398300
vt -1.392700 1.398300
vt -1.381500 1.929400
vt -1.392700 1.277900
vt -1.392700 1.157500
vt -1.392700 0.916700
vt -1.392700 0.435200
vt -1.672900 1.277900
vt -1.672900 1.157500
vt -1.672900 0.916700
vt -1.378700 2.367000
vt -1.381500 2.361400
vt -1.223800 2.361300
vt -1.223800 2.200900
vt -1.381500 2.200900
vt -1.223700 2.040400
vt -1.381500 2.040400
vt -1.392700 1.929400
vt -1.672900 1.398300
vt -1.066100 2.361200
vt -1.065000 2.367200
vt -1.221900 2.367100
vt -1.066100 2.200800
vt -1.066000 2.040400
vt -0.964500 2.200800
vt -0.964600 2.361100
vt -0.414500 2.361400
vt -0.414500 2.200900
vt -0.293600 2.200900
vt -0.293600 2.361400
vt 0.069000 2.361400
vt 0.069700 2.368100
vt -0.171700 2.367900
vt -0.172800 2.361400
vt -0.292400 2.367800
vt -0.413100 2.367700
vt -0.963600 2.367400
vt -0.400800 2.388000
vt -0.955600 2.389000
vt -1.055800 2.388900
vt -1.205000 2.388800
vt -1.354100 2.388800
vt -1.418700 2.464600
vt -1.672900 2.464400
vt -1.672900 2.391300
vt -1.417300 2.391500
vt -1.395000 2.367700
vt -1.392700 2.361400
vt -1.392700 2.200900
vt -1.392700 2.040400
vt -1.672900 2.367800
vt -1.672900 2.361400
vt -1.672900 2.200900
vt -1.672900 2.040400
vt -1.672900 1.929400
vt 2.497600 -1.170100
vt 2.777900 -1.170100
vt 2.777900 -1.059100
vt 2.497600 -1.330600
vt 2.777900 -1.330600
vt 2.486400 -1.330600
vt 2.486400 -1.491100
vt 2.497600 -1.491100
vt 2.483700 -1.496700
vt 2.499900 -1.497400
vt 2.522200 -1.521100
vt 2.777900 -1.521000
vt 2.523800 -1.593500
vt 2.778000 -1.593400
vt 2.777900 -1.491100
vt 2.777900 -1.497500
vt 2.510800 -1.523200
vt 2.512800 -1.593800
vt 2.319800 -1.518400
vt 2.336900 -1.496900
vt 2.190100 -1.497000
vt 2.459100 -1.518500
vt 2.338800 -1.491100
vt 2.338800 -1.330600
vt 2.486400 -1.170100
vt 2.497600 -1.059100
vt 2.191200 -1.491200
vt 2.191200 -1.330600
vt 2.338800 -1.170100
vt 2.191200 -1.170100
vt 2.191200 -1.059100
vt 2.082600 -1.170100
vt 2.082600 -1.059100
vt 1.519500 -1.170100
vt 1.519500 -1.059100
vt 1.277700 -1.170100
vt 1.277700 -1.330600
vt 1.519500 -1.330600
vt 2.082700 -1.330500
vt 2.082700 -1.491000
vt 0.552500 -1.491100
vt 1.036000 -1.491100
vt 1.036000 -1.330600
vt 0.552500 -1.330600
vt 1.036000 -1.170100
vt 1.277700 -1.491100
vt 1.519500 -1.491100
vt 1.035300 -1.497800
vt 1.276700 -1.497600
vt 1.518100 -1.497400
vt 2.081700 -1.497000
vt 1.029100 -1.517500
vt 0.552500 -1.498300
vt 1.267500 -1.517600
vt 1.505800 -1.517700
vt 2.073400 -1.518100
vt 2.180500 -1.518400
vt -0.414500 -1.491100
vt -0.293600 -1.491100
vt -0.293600 -1.330600
vt -0.413100 -1.497400
vt -0.292400 -1.497500
vt -0.172800 -1.491100
vt -0.171700 -1.497600
vt 0.069000 -1.491100
vt 0.069700 -1.497800
vt -0.955700 -1.518600
vt -0.400800 -1.517700
vt -0.281700 -1.517700
vt -0.162500 -1.517600
vt 0.075800 -1.517500
vt 0.552500 -1.517200
vt -1.066100 -1.490900
vt -1.066100 -1.330500
vt -1.223800 -1.330500
vt -1.223800 -1.491000
vt -1.221900 -1.496800
vt -1.065000 -1.496900
vt -0.964600 -1.490800
vt -0.963600 -1.497000
vt -1.381500 -1.491100
vt -1.378700 -1.496700
vt -1.354100 -1.518500
vt -1.205000 -1.518500
vt -1.055800 -1.518600
vt -0.414500 -1.330600
vt -0.964500 -1.330500
vt -0.964500 -1.170100
vt -1.066000 -1.170100
vt -0.414500 -1.170100
vt -0.414500 -1.059100
vt -0.964500 -1.059100
vt -1.223700 -1.170100
vt -0.293600 -1.059100
vt -0.293600 -1.170100
vt -0.172800 -1.170100
vt 0.069000 -1.330600
vt 0.069000 -1.170100
vt -0.172800 -1.330600
vt 0.552500 -1.170100
vt 0.552500 -1.059100
vt 1.036000 -1.059100
vt 1.277700 -1.059100
vt 1.036000 -0.528000
vt 0.552500 -0.528000
vt 0.069000 -1.059100
vt 1.277700 -0.528000
vt 1.519500 -0.528000
vt 2.082600 -0.528000
vt 0.069000 -0.528000
vt -0.172800 -0.528000
vt -0.172800 -1.059100
vt -0.293600 -0.528000
vt 1.277700 1.929400
vt 1.277700 1.398300
vt 1.519500 1.398300
vt 2.486400 1.398300
vt 2.338800 1.398300
vt 2.338800 1.277900
vt 2.338800 1.929400
vt 2.191200 1.398300
vt 2.191200 1.929400
vt 2.082600 1.398300
vt 2.082600 1.929400
vt 1.519500 1.929400
vt 1.519500 2.040400
vt 2.082600 2.040400
vt 2.082700 2.200800
vt 2.191200 2.040400
vt 2.338800 2.040400
vt 2.486400 2.040400
vt 2.486400 2.200900
vt 2.497600 2.200900
vt 2.486500 1.929400
vt 2.191200 2.200900
vt 2.338800 2.200900
vt 2.486400 2.361400
vt 2.497600 2.361400
vt 2.499900 2.367700
vt 2.512400 2.463800
vt 2.510800 2.393500
vt 2.522200 2.391400
vt 2.483700 2.367000
vt 2.338800 2.361400
vt 2.191200 2.361500
vt 2.777900 2.361400
vt 2.777900 2.367800
vt 2.777900 2.391300
vt 2.777600 2.463400
vt 2.523400 2.463500
vt 2.486400 0.916700
vt 2.497600 0.916700
vt 2.497600 1.157500
vt 2.486400 1.157500
vt 2.497600 1.277900
vt 2.486400 1.277900
vt 2.497600 1.398300
vt 2.497600 1.929400
vt 2.497600 2.040400
vt 2.777900 2.200900
vt 2.777900 2.040400
vt 2.777900 1.929400
vt 2.777900 1.398300
vt 2.777900 1.277900
vt 2.777900 1.157500
vt 2.777900 0.916700
vt 2.777900 0.435100
vt 2.497600 0.435200
vt 2.497600 -0.046400
vt 2.486400 0.435200
vt 2.338800 0.916700
vt 2.338800 1.157500
vt 2.486400 -0.407600
vt 2.497600 -0.407600
vt 2.497600 -0.287200
vt 2.486400 -0.287200
vt 2.486400 -0.046400
vt 2.191200 0.916700
vt 2.338800 0.435200
vt 2.338800 -0.046400
vt 2.338800 -0.287200
vt 2.338800 -0.407600
vt 2.338800 -0.528000
vt 2.486400 -0.528000
vt 2.497600 -0.528000
vt 2.191200 0.435200
vt 2.191200 -0.046400
vt 2.191200 -0.407600
vt 2.191200 -0.287200
vt 2.082600 -0.287200
vt 2.082600 -0.046400
vt 2.082600 0.435200
vt 2.082600 0.916700
vt 2.191200 1.157500
vt 2.191200 1.277900
vt 2.082600 1.277900
vt 2.082600 1.157500
vt -1.405800 2.393500
vt -1.407700 2.464900
vt -0.172800 1.929400
vt -0.172800 2.040400
vt -0.293600 2.040400
vt 0.069000 1.929400
vt -0.293600 1.929400
vt -0.172800 1.398300
vt 0.069000 1.398300
vt 0.552500 1.398300
vt 1.036000 1.929400
vt 0.552500 1.929400
vt 0.069000 2.040400
vt -0.172800 2.200900
vt 0.069000 2.200900
vt 0.552500 2.361400
vt 0.552500 2.368600
vt 1.036000 2.361400
vt 1.035300 2.368100
vt 1.276700 2.367900
vt 1.267500 2.387900
vt 1.029100 2.387800
vt 0.552500 2.387500
vt 0.075800 2.387800
vt -0.162500 2.387900
vt -0.281700 2.388000
vt 1.277700 2.040400
vt 1.519500 2.200900
vt 1.277700 2.200900
vt 1.519500 2.361400
vt 1.277700 2.361400
vt 1.518100 2.367700
vt 1.505800 2.388000
vt 2.082700 2.361300
vt 2.190100 2.367300
vt 2.081700 2.367300
vt 2.336900 2.367200
vt 2.459100 2.388800
vt 2.319800 2.388700
vt 2.180500 2.388600
vt 2.073400 2.388400
vt 7.505300 -0.518200
vt 7.506000 -1.470800
vt 7.514000 -1.478700
vt 7.514300 -0.522200
vt 7.504800 0.434300
vt 7.514700 0.434300
vt 7.505300 1.386900
vt 7.514300 1.390900
vt 7.506000 2.339500
vt 7.514000 2.347400
vt 7.767800 1.390700
vt 7.768100 2.347100
vt 7.768100 -1.478400
vt 7.767800 -0.522000
vt 7.767600 0.434300
vt 2.486400 -1.059100
vt 2.338800 -1.059100
vt 2.191200 -0.528000
vt 2.082600 -0.407600
vt 2.777900 -0.528000
vt 2.777900 -0.407600
vt 2.777900 -0.287200
vt 2.777900 -0.046400
vt 1.505800 2.649500
vt 2.459100 2.650200
vt 2.457500 2.722500
vt 1.505000 2.721800
vt 0.552500 2.648900
vt 0.552500 2.721300
vt -0.400800 2.649500
vt -0.400000 2.721800
vt -1.354100 2.650200
vt -1.352600 2.722500
vt 1.505000 -1.852900
vt 2.457500 -1.853700
vt 2.459100 -1.781300
vt 1.505800 -1.780600
vt 0.552500 -1.852400
vt 0.552500 -1.780000
vt -0.400000 -1.852900
vt -0.400800 -1.780600
vt -1.352600 -1.853600
vt -1.354100 -1.781300
vt 1.036000 2.200900
vt 0.552500 2.200900
vt 1.036000 2.040400
vt 0.552500 2.040400
vt 1.036000 1.398300
vt -0.293600 1.398300
vt -0.414500 1.398300
vt -0.414500 1.277900
vt -0.414500 1.157500
vt -0.414500 0.916700
vt -1.672900 -1.059100
vt -1.392700 -1.059100
vt -1.381500 -1.059100
vt -1.381500 -1.170100
vt -1.381500 -1.330600
vt -1.392700 -1.170100
vt -1.392700 -1.330600
vt -1.392700 -1.491100
vt -1.395000 -1.497400
vt -1.405900 -1.523200
vt -1.417300 -1.521100
vt -1.408200 -1.593800
vt -1.419200 -1.593500
vt -1.673400 -1.593300
vt -1.672900 -1.521000
vt -1.672900 -1.497500
vt -1.672900 -1.491100
vt -1.672900 -1.330600
vt -1.672900 -1.170100
vt -0.324600 0.150500
vt -0.091200 0.383800
vt -0.324600 0.617200
vt -0.557900 0.383800
vt 14.861200 0.423100
vt 14.856400 0.563400
vt 12.104200 0.563400
vt 20.853001 -0.002800
vt 20.858500 0.140000
vt 20.349701 0.140000
vt 20.338900 -0.002800
vt 17.603399 -0.002800
vt 17.598700 0.140000
vt 17.609800 0.280300
vt 14.853200 0.280300
vt 12.108300 0.423100
vt 9.360000 0.423100
vt 7.066900 -0.002800
vt 8.292900 -0.002800
vt 8.280100 0.140000
vt 9.352100 0.140000
vt 9.350500 0.280300
vt 12.100200 0.280300
vt 14.848100 0.140000
vt 14.856400 -0.002800
vt 9.363000 -0.002800
vt 12.096100 0.140000
vt 12.104700 -0.002800
vt 9.360900 0.563400
vt 8.288000 0.563400
vt 8.282100 0.423100
vt 8.272100 0.280300
vt 7.058600 0.140000
vt 5.952800 0.140000
vt 5.949500 -0.002800
vt 7.062300 0.563400
vt 7.047100 0.423100
vt 5.953700 0.563400
vt 7.041500 0.280300
vt 5.916200 0.423100
vt 5.298500 0.563400
vt 5.917800 0.280300
vt 5.242200 0.423100
vt 5.244900 0.280300
vt 4.444500 0.423100
vt 4.537700 0.563400
vt 4.126200 0.563400
vt 4.032400 0.423100
vt 3.745500 0.563400
vt 4.436200 0.280300
vt 5.296700 0.140000
vt 5.290300 -0.002800
vt 4.524700 0.140000
vt 4.027500 0.280300
vt 3.663800 0.423100
vt 3.413300 0.423100
vt 3.428600 0.563400
vt 4.528800 -0.002800
vt 4.112300 0.140000
vt 3.628100 0.280300
vt 3.412800 0.280300
vt 3.267500 0.280300
vt 3.284500 0.423100
vt 3.162900 0.280300
vt 4.110400 -0.002800
vt 3.700100 0.140000
vt 3.418100 0.140000
vt 3.276400 0.140000
vt 3.126200 0.140000
vt 3.025900 0.140000
vt 3.724900 -0.002800
vt 3.405100 -0.002800
vt 3.279100 -0.002800
vt 3.100100 -0.002800
vt 3.021500 -0.002800
vt 2.932700 -0.002800
vt 2.929400 0.140000
vt 2.288300 -0.002800
vt 2.281400 0.140000
vt 2.092200 -0.002800
vt 2.079300 0.140000
vt 1.355100 -0.002800
vt 1.346900 0.140000
vt 0.563600 -0.002800
vt 0.566000 0.140000
vt -0.201200 -0.002800
vt 3.012700 0.280300
vt 2.905500 0.280300
vt 2.268500 0.280300
vt 2.055200 0.280300
vt 1.324100 0.280300
vt 3.155200 0.423100
vt 3.025000 0.423100
vt 2.910300 0.423100
vt 2.264400 0.423100
vt 2.044200 0.423100
vt 3.308800 0.563400
vt 3.134300 0.563400
vt 3.048500 0.563400
vt 2.933700 0.563400
vt 2.266100 0.563400
vt 2.044300 0.563400
vt 1.312200 0.423100
vt 1.313800 0.563400
vt 0.575600 0.423100
vt 0.571300 0.563400
vt -0.181700 0.423100
vt -0.184700 0.563400
vt -1.119600 0.423100
vt -1.118700 0.563400
vt 0.573400 0.280300
vt -0.196400 0.280300
vt -1.117700 0.280300
vt -1.870000 0.280300
vt -1.884400 0.423100
vt -5.775200 0.280300
vt -0.207200 0.140000
vt -1.116200 0.140000
vt -1.868200 0.140000
vt -5.777100 0.140000
vt -9.710300 0.140000
vt -1.118400 -0.002800
vt -1.881300 -0.002800
vt -5.778500 -0.002800
vt -9.711600 -0.002800
vt -11.241200 -0.002800
vt -11.242900 0.140000
vt -12.810900 -0.002800
vt -12.814700 0.140000
vt -13.787300 -0.002800
vt -13.788100 0.140000
vt -14.758700 -0.002800
vt -14.756100 0.140000
vt -16.330099 -0.002800
vt -16.328300 0.140000
vt -17.332399 -0.002800
vt -9.706400 0.280300
vt -11.243600 0.280300
vt -12.820100 0.280300
vt -13.789600 0.280300
vt -14.752300 0.280300
vt -5.774700 0.423100
vt -9.703400 0.423100
vt -11.239800 0.423100
vt -12.817700 0.423100
vt -13.789400 0.423100
vt -1.885200 0.563400
vt -5.775800 0.563400
vt -9.703600 0.563400
vt -11.237600 0.563400
vt -12.814200 0.563400
vt -13.789000 0.563400
vt -14.753200 0.423100
vt -14.755800 0.563400
vt -16.327600 0.423100
vt -16.329700 0.563400
vt -17.342300 0.423100
vt -17.340300 0.563400
vt -18.429399 0.423100
vt -18.429001 0.563400
vt -16.326200 0.280300
vt -17.342501 0.280300
vt -18.424000 0.280300
vt -18.982201 0.280300
vt -18.987400 0.423100
vt -19.832701 0.280300
vt -17.336500 0.140000
vt -18.415001 0.140000
vt -18.977800 0.140000
vt -19.832701 0.140000
vt -20.561399 0.140000
vt -18.412001 -0.002800
vt -18.977501 -0.002800
vt -19.838200 -0.002800
vt -20.570000 -0.002800
vt -21.034500 -0.002800
vt -21.023300 0.140000
vt -21.270901 -0.002800
vt -21.265499 0.140000
vt -21.889700 -0.002800
vt -21.891399 0.140000
vt -22.038300 -0.002800
vt -22.042101 0.140000
vt -22.206900 -0.002800
vt -22.215700 0.140000
vt -24.812700 -0.002800
vt -24.825600 0.140000
vt -20.545500 0.280300
vt -20.999500 0.280300
vt -21.254999 0.280300
vt -21.898001 0.280300
vt -22.052601 0.280300
vt -22.230801 0.280300
vt -24.843300 0.280300
vt -21.901501 0.423100
vt -22.056900 0.423100
vt -22.231600 0.423100
vt -24.840000 0.423100
vt -21.255501 0.423100
vt -21.261600 0.563400
vt -21.900299 0.563400
vt -22.054600 0.563400
vt -22.225800 0.563400
vt -24.831800 0.563400
vt -19.832701 0.423100
vt -20.542400 0.423100
vt -20.996300 0.423100
vt -18.988701 0.563400
vt -19.832701 0.563400
vt -20.546900 0.563400
vt -21.006100 0.563400
vt 22.479500 0.280300
vt 22.481800 0.423100
vt 21.566401 0.423100
vt 21.566401 0.280300
vt 20.835199 0.423100
vt 20.827900 0.280300
vt 20.365000 0.423100
vt 20.370701 0.280300
vt 17.615101 0.423100
vt 22.445999 0.140000
vt 21.566401 0.140000
vt 22.883499 0.423100
vt 22.860100 0.563400
vt 22.871000 0.280300
vt 22.841999 0.140000
vt 22.440001 -0.002800
vt 21.566401 -0.002800
vt 24.512600 0.140000
vt 24.545900 -0.002800
vt 25.773600 -0.002800
vt 23.800301 0.140000
vt 23.782600 0.280300
vt 23.503000 0.280300
vt 23.530600 0.423100
vt 23.285299 0.423100
vt 23.262600 0.280300
vt 23.238100 0.140000
vt 22.849100 -0.002800
vt 23.831400 -0.002800
vt 23.486200 0.140000
vt 23.258200 -0.002800
vt 23.508400 -0.002800
vt 0.036700 0.019400
vt 0.017400 0.036800
vt 0.000000 0.017400
vt 0.019300 0.000000
vt 4.277600 0.000000
vt 4.302500 0.007200
vt 4.295400 0.032100
vt 4.270400 0.025000
vt -0.201600 0.643800
vt -0.392700 0.644700
vt -0.393500 0.453500
vt -0.202400 0.452700
vt -0.118300 0.484000
vt -0.288200 0.735200
vt -0.539400 0.565200
vt -0.369500 0.314000
vt -0.270300 0.322000
vt -0.095900 0.425400
vt -0.199300 0.599800
vt -0.373700 0.496400
vt -0.192300 0.340300
vt -0.071100 0.461500
vt -0.192300 0.582700
vt -0.313600 0.461500
vt -0.483100 0.455000
vt -0.319000 0.654400
vt -0.518400 0.818500
vt -0.682500 0.619200
vt -0.351200 0.313700
vt -0.135100 0.529800
vt -0.351200 0.745900
vt -0.567300 0.529800
vt -0.237100 0.739500
vt -0.533000 0.714800
vt -0.508400 0.418900
vt -0.212500 0.443600
vt -2.166200 0.503400
vt -2.876200 0.503400
vt -2.869800 0.249600
vt -2.182100 0.249600
vt -2.868700 -0.003600
vt -2.186800 -0.003600
vt -2.155700 0.757200
vt -2.883000 0.757200
vt -1.455400 0.757200
vt -1.477500 0.503400
vt -1.500700 0.249600
vt -1.506400 -0.003600
vt -2.156200 1.010600
vt -2.884500 1.010600
vt -1.450600 1.010600
vt -0.286400 1.010600
vt -0.294900 0.757200
vt -0.319900 0.503400
vt -0.341600 0.249600
vt -0.346800 -0.003600
vt -5.243800 1.010600
vt -5.523200 1.010600
vt -5.512900 0.757200
vt -5.247000 0.757200
vt -4.921700 1.010600
vt -4.941900 0.757200
vt -4.649700 1.010600
vt -4.663000 0.757200
vt -4.044800 1.010600
vt -4.053000 0.757200
vt -5.503600 0.503400
vt -5.241700 0.503400
vt -4.951200 0.503400
vt -4.662700 0.503400
vt -4.041900 0.503400
vt -5.508900 0.249600
vt -5.226600 0.249600
vt -4.913300 0.249600
vt -4.626200 0.249600
vt -4.008900 0.249600
vt -5.512300 -0.003600
vt -5.221100 -0.003600
vt -4.888100 -0.003600
vt -4.603500 -0.003600
vt -3.995100 -0.003600
vt 25.786301 0.423100
vt 25.775700 0.563400
vt 24.552401 0.563400
vt 25.756201 0.280300
vt 24.543301 0.423100
vt 23.848400 0.563400
vt 27.422800 0.423100
vt 27.379601 0.563400
vt 27.420601 0.280300
vt 27.376101 0.140000
vt 25.743799 0.140000
vt 24.507900 0.280300
vt 23.821699 0.423100
vt 23.519300 0.563400
vt 28.929800 0.423100
vt 28.897800 0.563400
vt 28.916700 0.280300
vt 28.883699 0.140000
vt 28.895901 -0.002800
vt 27.377199 -0.002800
vt 23.263599 0.563400
vt 17.604799 0.563400
vt 20.349501 0.563400
vt 20.879000 0.563400
vt 21.617800 0.563400
vt 22.456600 0.563400
vt -22.777700 1.021500
vt -26.319401 1.021500
vt -26.301201 0.771300
vt -22.362301 1.021500
vt -22.763399 0.771300
vt -26.254499 0.521500
vt -22.080700 1.021500
vt -22.353100 0.771300
vt -22.742599 0.521500
vt -26.227400 0.271600
vt -22.355600 0.521500
vt -22.734100 0.271600
vt -26.228901 0.021700
vt -22.730101 0.021700
vt -22.369900 0.271600
vt -22.086700 0.521500
vt -22.077700 0.771300
vt -20.661400 0.771300
vt -20.670200 0.521500
vt -19.538000 0.771300
vt -19.527000 0.521500
vt -17.160400 0.771300
vt -16.853901 0.771300
vt -16.837601 1.021500
vt -17.150499 1.021500
vt -19.540899 1.021500
vt -20.658300 1.021500
vt -11.830900 0.771300
vt -9.286200 0.771300
vt -9.277800 1.021500
vt -11.838100 1.021500
vt -12.641800 0.771300
vt -12.644300 1.021500
vt -13.776700 0.771300
vt -13.766900 1.021500
vt -16.016701 0.771300
vt -16.008600 1.021500
vt -17.151199 0.521500
vt -16.866301 0.521500
vt -16.045799 0.521500
vt -13.807000 0.521500
vt -12.641700 0.521500
vt -22.104700 0.271600
vt -20.674500 0.271600
vt -19.518400 0.271600
vt -17.127300 0.271600
vt -16.857599 0.271600
vt -17.124800 0.021700
vt -16.854700 0.021700
vt -19.517900 0.021700
vt -20.672701 0.021700
vt -22.110100 0.021700
vt -22.370001 0.021700
vt -11.790200 0.021700
vt -9.223100 0.021700
vt -9.240000 0.271600
vt -11.789700 0.271600
vt -12.655900 0.021700
vt -12.650200 0.271600
vt -13.831900 0.021700
vt -13.829900 0.271600
vt -16.073400 0.021700
vt -16.070299 0.271600
vt -11.806400 0.521500
vt -9.275400 0.521500
vt -8.572900 0.521500
vt -8.566200 0.771300
vt -7.785400 0.771300
vt -7.800900 0.521500
vt -6.179300 0.771300
vt -6.204000 0.521500
vt -4.983600 0.771300
vt -3.997200 0.771300
vt -4.002400 1.021500
vt -4.983600 1.021500
vt -6.182400 1.021500
vt -7.784500 1.021500
vt -8.552400 1.021500
vt -4.990900 0.521500
vt -3.975600 0.521500
vt -2.788100 0.771300
vt -2.772400 0.521500
vt -3.961200 0.271600
vt -2.751100 0.271600
vt -3.962700 0.021700
vt -2.743500 0.021700
vt -0.364600 0.021700
vt -0.381500 0.271600
vt -0.406200 0.521500
vt -0.407700 0.771300
vt -0.401300 1.021500
vt -2.790100 1.021500
vt -4.501500 0.501400
vt -5.061700 0.501400
vt -5.061500 0.251400
vt -5.777800 0.251400
vt -5.793000 0.501400
vt -7.450400 0.251400
vt -7.462200 0.501400
vt -9.047600 0.251400
vt -9.040000 0.501400
vt -10.406200 0.251400
vt -10.389400 0.501400
vt -11.680100 0.251400
vt -11.671500 0.501400
vt -10.411700 0.001600
vt -9.056800 0.001600
vt -11.678200 0.001600
vt -13.496500 0.001600
vt -13.503900 0.251400
vt -13.504900 0.501400
vt -11.650500 0.751500
vt -13.482700 0.751500
vt -11.640100 1.001700
vt -13.466700 1.001700
vt -10.376800 1.001700
vt -10.377200 0.751500
vt -9.061600 1.001700
vt -9.051300 0.751500
vt -7.505800 1.001700
vt -7.492300 0.751500
vt -5.821800 1.001700
vt -5.814600 0.751500
vt -5.058300 1.001700
vt -5.058500 0.751500
vt -3.301200 0.751500
vt -4.479800 0.751500
vt 2.114800 0.001600
vt 2.917200 0.001600
vt 2.907400 0.251400
vt 3.167900 0.251400
vt 3.183700 0.001600
vt 4.281600 0.001600
vt 4.311200 0.251400
vt 5.673400 0.001600
vt 3.185100 0.501400
vt 2.896300 0.501400
vt 2.119100 0.251400
vt -0.127500 0.001600
vt 8.304500 0.001600
vt 8.546700 0.001600
vt 8.563200 0.251400
vt 8.318800 0.251400
vt 7.196500 0.001600
vt 7.188800 0.251400
vt 5.679800 0.251400
vt 4.320600 0.501400
vt 8.586500 0.501400
vt 8.319100 0.501400
vt 7.171800 0.501400
vt 5.673900 0.501400
vt 5.672300 0.751500
vt 4.305500 0.751500
vt 3.208900 0.751500
vt 7.170800 0.751500
vt 8.304300 0.751500
vt 8.297500 1.001700
vt 7.177100 1.001700
vt 5.680400 1.001700
vt 4.308100 1.001700
vt 3.200300 1.001700
vt 2.893400 0.751500
vt 2.042200 1.001700
vt -0.176900 1.001700
vt -0.170500 0.751500
vt 2.058100 0.751500
vt 2.892000 1.001700
vt 2.097400 0.501400
vt -0.150300 0.501400
vt -1.615700 0.501400
vt -1.609800 0.751500
vt -2.448600 0.501400
vt -2.442400 0.751500
vt -3.318800 0.501400
vt -0.131200 0.251400
vt -1.611700 0.251400
vt -2.450100 0.251400
vt -3.321800 0.251400
vt -4.506300 0.251400
vt -1.606200 0.001600
vt -2.450400 0.001600
vt -3.318100 0.001600
vt -4.499800 0.001600
vt -5.059200 0.001600
vt -5.778000 0.001600
vt -7.456200 0.001600
vt 8.598300 0.751500
vt 15.672100 0.751500
vt 16.082800 0.751500
vt 16.082899 1.001700
vt 15.670800 1.001700
vt 13.006400 0.751500
vt 13.004200 1.001700
vt 11.879600 0.751500
vt 11.886500 1.001700
vt 8.596900 1.001700
vt 16.122499 0.501400
vt 16.527399 0.501400
vt 16.544901 0.751500
vt 15.711000 0.501400
vt 13.001500 0.501400
vt 11.852900 0.501400
vt 16.149401 0.251400
vt 16.515900 0.251400
vt 15.737100 0.251400
vt 12.992800 0.251400
vt 11.831500 0.251400
vt 16.136600 0.001600
vt 16.518801 0.001600
vt 15.721600 0.001600
vt 12.988000 0.001600
vt 11.826900 0.001600
vt 18.229401 0.001600
vt 18.224400 0.251400
vt 18.243401 0.501400
vt 18.283199 0.751500
vt 18.299500 1.001700
vt 16.549299 1.001700
vt -8.552600 0.271600
vt -7.824700 0.271600
vt -6.247600 0.271600
vt -5.004600 0.271600
vt -5.010500 0.021700
vt -6.263400 0.021700
vt -7.834000 0.021700
vt -8.538800 0.021700
vt -8.154500 0.249600
vt -8.532800 0.249600
vt -8.519600 -0.003600
vt -8.151200 -0.003600
vt -7.865500 0.249600
vt -7.883900 -0.003600
vt -6.764800 0.249600
vt -6.793300 -0.003600
vt -6.525900 0.249600
vt -6.535100 -0.003600
vt -8.151400 0.503400
vt -8.538600 0.503400
vt -7.841000 0.503400
vt -6.737700 0.503400
vt -6.521600 0.503400
vt -8.140100 0.757200
vt -8.518500 0.757200
vt -7.850100 0.757200
vt -6.763200 0.757200
vt -6.534600 0.757200
vt -8.133700 1.010600
vt -8.502100 1.010600
vt -7.865900 1.010600
vt -6.785600 1.010600
vt -6.539900 1.010600
vt -4.470100 1.001700
vt -3.291500 1.001700
vt -2.438800 1.001700
vt -1.606700 1.001700
vt -5.493600 1.012500
vt -7.170700 1.012500
vt -7.162500 0.767200
vt -5.494600 0.767200
vt -4.663400 1.012500
vt -4.679600 0.767200
vt -2.329500 1.012500
vt -2.348300 0.767200
vt -1.769800 1.012500
vt -1.777000 0.767200
vt -1.285000 1.012500
vt -1.273800 0.767200
vt -0.393600 1.012500
vt -0.375600 0.767200
vt -2.342200 0.522600
vt -1.750100 0.522600
vt -1.268900 0.522600
vt -0.378200 0.522600
vt -1.283100 0.277200
vt -0.417700 0.277200
vt -1.291700 0.031700
vt -0.438000 0.031700
vt -1.709000 0.277200
vt -1.700600 0.031700
vt -7.169400 0.522600
vt -9.373200 0.522600
vt -9.403100 0.277200
vt -7.206100 0.277200
vt -5.506800 0.522600
vt -5.526500 0.277200
vt -4.704200 0.522600
vt -4.697500 0.277200
vt -2.299300 0.277200
vt -9.420900 0.031700
vt -7.227900 0.031700
vt -5.535900 0.031700
vt -4.683100 0.031700
vt -2.280900 0.031700
vt -13.020900 1.012500
vt -13.652500 1.012500
vt -13.646100 0.767200
vt -13.030300 0.767200
vt -10.491800 1.012500
vt -10.506300 0.767200
vt -9.739500 1.012500
vt -9.738700 0.767200
vt -9.372100 1.012500
vt -9.366300 0.767200
vt -15.044600 0.767200
vt -15.320500 0.767200
vt -15.301400 0.522600
vt -15.034800 0.522600
vt -13.640500 0.522600
vt -13.034300 0.522600
vt -10.518900 0.522600
vt -9.744300 0.522600
vt -15.038700 0.277200
vt -13.652600 0.277200
vt -13.024400 0.277200
vt -10.507700 0.277200
vt -9.758600 0.277200
vt -15.050100 0.031700
vt -13.663200 0.031700
vt -13.019400 0.031700
vt -10.497800 0.031700
vt -9.767100 0.031700
vt -20.434799 1.012500
vt -21.037800 1.012500
vt -21.020100 0.767200
vt -20.450001 0.767200
vt -15.702200 1.012500
vt -15.706900 0.767200
vt -15.323800 1.012500
vt -15.047300 1.012500
vt -21.341700 1.012500
vt -21.293699 0.767200
vt -21.297300 0.522600
vt -21.017599 0.522600
vt -20.442699 0.522600
vt -15.694100 0.522600
vt -21.362400 0.277200
vt -21.039400 0.277200
vt -20.408400 0.277200
vt -15.666000 0.277200
vt -15.291900 0.277200
vt -21.385799 0.031700
vt -21.048000 0.031700
vt -20.393600 0.031700
vt -15.655300 0.031700
vt -15.299700 0.031700
s 1
usemtl RingSides
f 1/1/1 2/2/2 3/3/3
f 4/4/4 5/5/4 6/6/4
f 7/7/4 4/4/4 6/6/4
f 8/8/4 7/7/4 6/6/4
f 9/9/4 8/8/4 6/6/4
f 10/10/4 9/9/4 6/6/4
f 11/11/4 10/10/4 6/6/4
f 6/6/4 12/12/4 11/11/4
f 13/13/4 11/11/4 12/12/4
f 12/12/4 14/14/4 13/13/4
f 14/14/4 15/15/4 13/13/4
f 15/15/4 14/14/4 16/16/4
f 15/15/4 16/16/4 17/17/4
f 15/15/4 17/17/4 13/13/4
f 5/5/4 18/18/4 19/19/4
f 19/19/4 20/20/4 5/5/4
f 6/6/4 5/5/4 20/20/4
f 20/20/4 21/21/4 6/6/4
f 12/12/4 6/6/4 21/21/4
f 21/21/4 22/22/4 12/12/4
f 14/14/4 12/12/4 22/22/4
f 22/22/4 23/23/4 14/14/4
f 16/16/4 14/14/4 23/23/4
f 23/23/4 24/24/4 16/16/4
f 25/25/4 24/24/4 23/23/4
f 24/24/4 25/25/4 26/26/4
f 25/25/4 27/27/4 26/26/4
f 25/25/4 23/23/4 27/27/4
f 28/28/4 27/27/4 23/23/4
f 23/23/4 22/22/4 28/28/4
f 29/29/4 28/28/4 22/22/4
f 22/22/4 21/21/4 29/29/4
f 30/30/4 29/29/4 21/21/4
f 21/21/4 20/20/4 30/30/4
f 31/31/4 30/30/4 20/20/4
f 20/20/4 19/19/4 31/31/4
f 32/32/4 31/31/4 19/19/4
f 33/33/4 34/34/4 35/35/4
f 35/35/4 36/36/4 33/33/4
f 36/36/4 35/35/4 32/32/4
f 36/36/4 32/32/4 37/37/4
f 19/19/4 37/37/4 32/32/4
f 38/38/4 37/37/4 19/19/4
f 39/39/4 38/38/4 19/19/4
f 40/40/4 39/39/4 19/19/4
f 41/41/4 40/40/4 19/19/4
f 18/18/4 41/41/4 19/19/4
f 36/36/4 37/37/4 33/33/4
f 42/42/4 43/43/4 35/35/4
f 44/44/4 42/42/4 35/35/4
f 34/34/4 44/44/4 35/35/4
f 45/33/5 46/37/5 47/36/5
f 48/35/5 49/43/5 50/42/5
f 48/35/5 50/42/5 51/44/5
f 48/35/5 51/44/5 52/34/5
f 48/35/5 52/34/5 45/33/5
f 45/33/5 47/36/5 48/35/5
f 53/32/5 48/35/5 47/36/5
f 46/37/5 53/32/5 47/36/5
f 54/31/5 53/32/5 46/37/5
f 46/37/5 55/19/5 54/31/5
f 56/30/5 54/31/5 55/19/5
f 57/6/5 58/4/5 59/7/5
f 57/6/5 60/5/5 58/4/5
f 60/5/5 57/6/5 61/21/5
f 61/21/5 62/20/5 60/5/5
f 63/18/5 60/5/5 62/20/5
f 62/20/5 55/19/5 63/18/5
f 55/19/5 64/41/5 63/18/5
f 55/19/5 65/40/5 64/41/5
f 55/19/5 66/39/5 65/40/5
f 55/19/5 67/38/5 66/39/5
f 55/19/5 46/37/5 67/38/5
f 55/19/5 62/20/5 56/30/5
f 68/29/5 56/30/5 62/20/5
f 62/20/5 61/21/5 68/29/5
f 69/28/5 68/29/5 61/21/5
f 61/21/5 70/22/5 69/28/5
f 71/27/5 69/28/5 70/22/5
f 70/22/5 72/23/5 71/27/5
f 71/27/5 72/23/5 73/25/5
f 72/23/5 74/24/5 73/25/5
f 75/26/5 73/25/5 74/24/5
f 75/26/5 71/27/5 73/25/5
f 70/22/5 61/21/5 57/6/5
f 57/6/5 76/12/5 70/22/5
f 72/23/5 70/22/5 76/12/5
f 76/12/5 77/14/5 72/23/5
f 74/24/5 72/23/5 77/14/5
f 77/14/5 78/16/5 74/24/5
f 79/17/5 78/16/5 80/15/5
f 78/16/5 77/14/5 80/15/5
f 81/13/5 80/15/5 77/14/5
f 82/11/5 81/13/5 77/14/5
f 77/14/5 76/12/5 82/11/5
f 83/10/5 82/11/5 76/12/5
f 76/12/5 57/6/5 83/10/5
f 57/6/5 84/9/5 83/10/5
f 57/6/5 85/8/5 84/9/5
f 57/6/5 59/7/5 85/8/5
f 81/13/5 79/17/5 80/15/5
f 86/45/6 87/46/7 88/47/8
f 89/48/9 87/46/7 86/45/6
f 90/49/10 87/46/7 89/48/9
f 87/46/7 90/49/10 91/50/11
f 91/50/11 88/47/8 87/46/7
f 88/47/8 91/50/11 92/51/12
f 93/52/13 88/47/8 92/51/12
f 92/51/12 94/53/14 93/52/13
f 95/54/15 93/52/13 94/53/14
f 94/53/14 96/55/16 95/54/15
f 97/56/17 95/54/15 96/55/16
f 98/57/18 99/58/19 100/59/20
f 100/59/20 101/60/21 98/57/18
f 102/61/22 101/60/21 100/59/20
f 100/59/20 103/62/23 102/61/22
f 97/56/17 102/61/22 103/62/23
f 103/62/23 104/63/24 97/56/17
f 95/54/15 97/56/17 104/63/24
f 104/63/24 105/64/25 95/54/15
f 93/52/13 95/54/15 105/64/25
f 105/64/25 106/65/26 93/52/13
f 107/66/27 100/59/20 99/58/19
f 100/59/20 107/66/27 108/67/28
f 108/67/28 103/62/23 100/59/20
f 104/63/24 103/62/23 108/67/28
f 108/67/28 109/68/29 104/63/24
f 105/64/25 104/63/24 109/68/29
f 109/68/29 110/69/30 105/64/25
f 106/65/26 105/64/25 110/69/30
f 110/69/30 111/70/31 106/65/26
f 112/71/32 106/65/26 111/70/31
f 111/70/31 113/72/33 112/71/32
f 112/71/32 113/72/33 114/73/34
f 115/74/35 114/73/34 113/72/33
f 116/75/36 117/76/37 110/69/30
f 111/70/31 110/69/30 117/76/37
f 117/76/37 118/77/38 111/70/31
f 113/72/33 111/70/31 118/77/38
f 118/77/38 119/78/39 113/72/33
f 113/72/33 119/78/39 115/74/35
f 120/79/40 115/74/35 119/78/39
f 115/74/35 120/79/40 121/80/41
f 121/80/41 122/81/42 115/74/35
f 123/82/43 122/81/42 121/80/41
f 119/78/39 124/83/44 120/79/40
f 125/84/45 124/83/44 119/78/39
f 126/85/46 125/84/45 119/78/39
f 119/78/39 118/77/38 126/85/46
f 127/86/47 126/85/46 118/77/38
f 118/77/38 117/76/37 127/86/47
f 128/87/48 127/86/47 117/76/37
f 117/76/37 116/75/36 128/87/48
f 129/88/41 128/87/48 116/75/36
f 116/75/36 130/89/49 129/88/41
f 121/80/41 131/90/48 123/82/43
f 132/91/50 123/82/43 131/90/48
f 131/90/48 133/92/51 132/91/50
f 134/93/52 132/91/50 133/92/51
f 133/92/51 135/94/46 134/93/52
f 122/81/42 123/82/43 136/95/29
f 137/96/53 136/95/29 123/82/43
f 123/82/43 132/91/50 137/96/53
f 138/97/54 137/96/53 132/91/50
f 132/91/50 134/93/52 138/97/54
f 139/98/55 138/97/54 134/93/52
f 134/93/52 140/99/56 139/98/55
f 140/99/56 134/93/52 135/94/46
f 135/94/46 141/100/57 140/99/56
f 138/97/54 139/98/55 142/101/58
f 142/101/58 143/102/59 138/97/54
f 137/96/53 138/97/54 143/102/59
f 143/102/59 144/103/25 137/96/53
f 136/95/29 137/96/53 144/103/25
f 144/103/25 145/104/60 136/95/29
f 146/105/28 136/95/29 145/104/60
f 145/104/60 147/106/61 146/105/28
f 146/105/28 147/106/61 86/45/6
f 86/45/6 147/106/61 89/48/9
f 143/102/59 142/101/58 148/107/62
f 144/103/25 143/102/59 149/108/63
f 148/107/62 149/108/63 143/102/59
f 149/108/63 148/107/62 150/109/64
f 150/109/64 151/110/14 149/108/63
f 152/111/65 149/108/63 151/110/14
f 149/108/63 152/111/65 144/103/25
f 145/104/60 144/103/25 152/111/65
f 152/111/65 153/112/66 145/104/60
f 147/106/61 145/104/60 153/112/66
f 153/112/66 89/48/9 147/106/61
f 89/48/9 153/112/66 154/113/67
f 154/113/67 155/114/68 89/48/9
f 89/48/9 155/114/68 90/49/10
f 151/110/14 156/115/69 152/111/65
f 153/112/66 152/111/65 156/115/69
f 156/115/69 154/113/67 153/112/66
f 157/116/70 158/117/71 159/118/72
f 159/118/72 160/119/73 157/116/70
f 161/120/74 157/116/70 160/119/73
f 160/119/73 162/121/75 161/120/74
f 163/122/76 161/120/74 162/121/75
f 162/121/75 164/123/77 163/122/76
f 165/124/78 163/122/76 164/123/77
f 164/123/77 166/125/79 165/124/78
f 165/124/78 166/125/79 167/126/80
f 129/88/41 130/89/49 167/126/80
f 167/126/80 168/127/81 129/88/41
f 168/127/81 167/126/80 166/125/79
f 166/125/79 169/128/46 168/127/81
f 169/128/46 166/125/79 170/129/82
f 171/130/83 170/129/82 166/125/79
f 166/125/79 164/123/77 171/130/83
f 172/131/51 171/130/83 164/123/77
f 164/123/77 162/121/75 172/131/51
f 173/132/84 172/131/51 162/121/75
f 161/120/74 163/122/76 174/133/85
f 99/58/19 174/133/85 163/122/76
f 163/122/76 165/124/78 99/58/19
f 99/58/19 165/124/78 107/66/27
f 167/126/80 107/66/27 165/124/78
f 108/67/28 107/66/27 167/126/80
f 167/126/80 130/89/49 108/67/28
f 109/68/29 108/67/28 130/89/49
f 130/89/49 116/75/36 109/68/29
f 110/69/30 109/68/29 116/75/36
f 175/134/86 176/135/87 177/136/88
f 177/136/88 178/137/89 175/134/86
f 179/138/90 175/134/86 178/137/89
f 178/137/89 180/139/60 179/138/90
f 181/140/15 179/138/90 180/139/60
f 180/139/60 182/141/25 181/140/15
f 183/142/91 181/140/15 182/141/25
f 182/141/25 174/133/85 183/142/91
f 98/57/18 183/142/91 174/133/85
f 174/133/85 99/58/19 98/57/18
f 176/135/87 184/143/87 185/144/88
f 185/144/88 177/136/88 176/135/87
f 186/145/92 177/136/88 185/144/88
f 178/137/89 177/136/88 186/145/92
f 186/145/92 158/117/71 178/137/89
f 180/139/60 178/137/89 158/117/71
f 158/117/71 157/116/70 180/139/60
f 182/141/25 180/139/60 157/116/70
f 157/116/70 161/120/74 182/141/25
f 174/133/85 182/141/25 161/120/74
f 162/121/75 160/119/73 173/132/84
f 187/146/41 173/132/84 160/119/73
f 160/119/73 159/118/72 187/146/41
f 187/146/41 159/118/72 188/147/93
f 188/147/93 159/118/72 158/117/71
f 158/117/71 186/145/92 188/147/93
f 189/148/94 188/147/93 186/145/92
f 186/145/92 190/149/95 189/148/94
f 185/144/88 190/149/95 186/145/92
f 188/147/93 189/148/94 191/150/96
f 191/150/96 192/151/96 188/147/93
f 188/147/93 192/151/96 187/146/41
f 120/152/40 90/153/10 155/154/68
f 155/154/68 121/155/41 120/152/40
f 121/155/41 155/154/68 154/156/67
f 154/156/67 131/157/48 121/155/41
f 131/157/48 154/156/67 156/158/69
f 156/158/69 133/159/51 131/157/48
f 133/159/51 156/158/69 151/160/14
f 151/160/14 135/161/46 133/159/51
f 135/161/46 151/160/14 150/162/64
f 150/162/64 141/163/57 135/161/46
f 128/164/48 193/165/67 96/166/16
f 96/166/16 127/167/47 128/164/48
f 127/167/47 96/166/16 94/168/14
f 94/168/14 126/169/46 127/167/47
f 126/169/46 94/168/14 92/170/12
f 92/170/12 125/171/45 126/169/46
f 125/171/45 92/170/12 91/172/11
f 91/172/11 124/173/44 125/171/45
f 124/173/44 91/172/11 90/153/10
f 90/153/10 120/152/40 124/173/44
f 171/174/83 194/175/97 195/176/98
f 195/176/98 170/177/82 171/174/83
f 170/177/82 195/176/98 196/178/14
f 196/178/14 169/179/46 170/177/82
f 169/179/46 196/178/14 197/180/99
f 197/180/99 168/181/81 169/179/46
f 168/181/81 197/180/99 198/182/68
f 198/182/68 129/183/41 168/181/81
f 129/183/41 198/182/68 193/165/67
f 193/165/67 128/164/48 129/183/41
f 191/184/96 199/185/100 200/186/100
f 200/186/100 192/187/96 191/184/96
f 187/188/41 192/187/96 200/186/100
f 200/186/100 201/189/68 187/188/41
f 187/188/41 201/189/68 202/190/67
f 202/190/67 173/191/84 187/188/41
f 173/191/84 202/190/67 203/192/69
f 203/192/69 172/193/51 173/191/84
f 172/193/51 203/192/69 194/175/97
f 194/175/97 171/174/83 172/193/51
f 96/55/16 193/194/67 97/56/17
f 102/61/22 97/56/17 193/194/67
f 193/194/67 198/195/68 102/61/22
f 102/61/22 198/195/68 197/196/99
f 197/196/99 101/60/21 102/61/22
f 101/60/21 197/196/99 196/197/14
f 196/197/14 98/57/18 101/60/21
f 195/198/98 98/57/18 196/197/14
f 183/142/91 98/57/18 195/198/98
f 195/198/98 194/199/97 183/142/91
f 181/140/15 183/142/91 194/199/97
f 194/199/97 203/200/69 181/140/15
f 179/138/90 181/140/15 203/200/69
f 203/200/69 202/201/67 179/138/90
f 175/134/86 179/138/90 202/201/67
f 202/201/67 201/202/68 175/134/86
f 176/135/87 175/134/86 201/202/68
f 201/202/68 200/203/100 176/135/87
f 176/135/87 200/203/100 199/204/100
f 199/204/100 184/143/87 176/135/87
f 88/47/8 93/52/13 106/65/26
f 106/65/26 112/71/32 88/47/8
f 88/47/8 112/71/32 86/45/6
f 114/73/34 86/45/6 112/71/32
f 86/45/6 114/73/34 146/105/28
f 146/105/28 114/73/34 115/74/35
f 115/74/35 122/81/42 146/105/28
f 136/95/29 146/105/28 122/81/42
f 204/205/101 205/206/102 206/207/103
f 204/205/101 206/207/103 207/208/104
f 208/209/105 207/208/104 206/207/103
f 208/209/105 206/207/103 209/210/106
f 208/209/105 209/210/106 210/211/107
f 211/212/108 210/211/107 209/210/106
f 211/212/108 209/210/106 212/213/109
f 211/212/108 212/213/109 213/214/110
f 214/215/111 213/214/110 212/213/109
f 214/215/111 212/213/109 215/216/112
f 214/215/111 215/216/112 216/217/113
f 217/218/114 216/217/113 215/216/112
f 217/218/114 215/216/112 218/219/115
f 219/220/116 218/219/115 215/216/112
f 219/220/116 215/216/112 212/213/109
f 219/220/116 212/213/109 209/210/106
f 219/220/116 209/210/106 206/207/103
f 219/220/116 206/207/103 205/206/102
f 219/220/116 205/206/102 220/221/117
f 219/220/116 220/221/117 221/222/118
f 219/220/116 221/222/118 222/223/119
f 223/224/120 222/223/119 221/222/118
f 223/224/120 221/222/118 224/225/121
f 225/226/122 224/225/121 221/222/118
f 225/226/122 221/222/118 220/221/117
f 225/226/122 220/221/117 226/227/123
f 227/228/124 226/227/123 220/221/117
f 227/228/124 220/221/117 205/206/102
f 227/228/124 205/206/102 228/229/125
f 204/205/101 228/229/125 205/206/102
f 229/230/126 230/231/127 231/232/128
f 232/233/129 231/232/128 233/234/130
f 234/235/131 232/233/129 235/236/132
f 231/232/128 232/233/129 234/235/131
f 234/235/131 236/237/133 231/232/128
f 231/232/128 236/237/133 229/230/126
f 237/238/134 229/230/126 236/237/133
f 236/237/133 238/239/135 237/238/134
f 239/240/136 237/238/134 238/239/135
f 238/239/135 240/241/137 239/240/136
f 240/241/137 238/239/135 241/242/138
f 241/242/138 242/243/139 240/241/137
f 243/244/140 241/242/138 234/235/131
f 236/237/133 234/235/131 241/242/138
f 241/242/138 238/239/135 236/237/133
f 242/243/139 241/242/138 243/244/140
f 243/244/140 244/245/141 242/243/139
f 244/245/141 243/244/140 245/246/142
f 246/247/143 244/245/141 245/246/142
f 245/246/142 247/248/144 246/247/143
f 248/249/145 246/247/143 247/248/144
f 246/247/143 248/249/145 240/241/137
f 240/241/137 242/243/139 246/247/143
f 242/243/139 244/245/141 246/247/143
f 247/248/144 245/246/142 249/250/146
f 247/248/144 249/250/146 250/251/147
f 251/252/148 247/248/144 250/251/147
f 247/248/144 251/252/148 248/249/145
f 252/253/149 248/249/145 251/252/148
f 252/253/149 240/254/137 248/249/145
f 253/255/150 240/254/137 252/253/149
f 240/254/137 253/255/150 254/256/151
f 255/257/152 254/256/151 253/255/150
f 254/256/151 255/257/152 256/258/153
f 250/251/147 249/250/146 257/259/154
f 254/256/151 258/260/155 240/254/137
f 258/260/155 254/256/151 259/261/156
f 256/258/153 259/261/156 254/256/151
f 260/262/157 233/263/130 259/261/156
f 261/264/158 259/261/156 233/263/130
f 259/261/156 261/264/158 258/260/155
f 258/260/155 261/264/158 262/265/159
f 262/265/159 263/266/160 258/260/155
f 240/254/137 258/260/155 263/266/160
f 263/266/160 239/267/136 240/254/137
f 233/263/130 231/268/128 261/264/158
f 261/264/158 231/268/128 230/269/127
f 230/269/127 262/265/159 261/264/158
f 264/270/161 256/258/153 255/257/152
f 256/258/153 264/270/161 265/271/162
f 265/271/162 264/270/161 266/272/163
f 266/272/163 267/273/164 265/271/162
f 265/271/162 267/273/164 268/274/165
f 268/274/165 269/275/166 265/271/162
f 269/275/166 268/274/165 260/262/157
f 260/262/157 270/276/167 269/275/166
f 259/261/156 270/276/167 260/262/157
f 269/275/166 270/276/167 259/261/156
f 259/261/156 256/258/153 269/275/166
f 265/271/162 269/275/166 256/258/153
f 271/277/168 266/272/163 264/270/161
f 264/270/161 272/278/169 271/277/168
f 272/278/169 264/270/161 273/279/170
f 255/257/152 273/279/170 264/270/161
f 273/279/170 274/280/171 272/278/169
f 250/281/147 274/280/171 273/279/170
f 274/280/171 250/281/147 275/282/172
f 275/282/172 276/283/173 274/280/171
f 272/278/169 274/280/171 276/283/173
f 276/283/173 277/284/174 272/278/169
f 271/277/168 272/278/169 277/284/174
f 277/284/174 278/285/175 271/277/168
f 279/286/176 253/255/150 252/253/149
f 253/255/150 279/286/176 255/257/152
f 255/257/152 279/286/176 280/287/177
f 273/279/170 255/257/152 280/287/177
f 280/287/177 281/288/178 273/279/170
f 273/279/170 281/288/178 250/281/147
f 282/289/179 250/281/147 281/288/178
f 251/252/148 250/281/147 282/289/179
f 251/252/148 282/289/179 252/253/149
f 279/286/176 252/253/149 282/289/179
f 282/289/179 280/287/177 279/286/176
f 282/289/179 281/288/178 280/287/177
f 283/290/180 268/291/165 267/292/164
f 284/293/181 285/294/182 286/295/183
f 286/295/183 287/296/184 284/293/181
f 288/297/185 287/296/184 286/295/183
f 287/296/184 288/297/185 289/298/186
f 290/299/187 289/298/186 288/297/185
f 290/299/187 291/300/188 289/298/186
f 283/290/180 291/300/188 290/299/187
f 267/292/164 291/300/188 283/290/180
f 291/300/188 267/292/164 266/301/163
f 278/302/175 284/293/181 287/296/184
f 287/296/184 271/303/168 278/302/175
f 289/298/186 271/303/168 287/296/184
f 266/301/163 271/303/168 289/298/186
f 266/301/163 289/298/186 291/300/188
f 292/304/189 260/305/157 268/291/165
f 268/291/165 283/290/180 292/304/189
f 292/304/189 283/290/180 293/306/190
f 290/299/187 293/306/190 283/290/180
f 294/307/191 293/306/190 290/299/187
f 290/299/187 288/297/185 294/307/191
f 294/307/191 288/297/185 257/259/154
f 286/295/183 257/259/154 288/297/185
f 257/259/154 286/295/183 250/251/147
f 250/251/147 286/295/183 285/294/182
f 285/294/182 275/308/172 250/251/147
f 232/233/129 233/234/130 260/305/157
f 260/305/157 292/304/189 232/233/129
f 232/233/129 292/304/189 235/236/132
f 293/306/190 235/236/132 292/304/189
f 234/235/131 235/236/132 293/306/190
f 293/306/190 294/307/191 234/235/131
f 234/235/131 294/307/191 243/244/140
f 257/259/154 243/244/140 294/307/191
f 245/246/142 243/244/140 257/259/154
f 257/259/154 249/250/146 245/246/142
f 295/309/192 296/310/193 297/311/194
f 298/312/195 299/313/196 295/309/192
f 295/309/192 299/313/196 300/314/197
f 300/314/197 296/310/193 295/309/192
f 296/310/193 300/314/197 301/315/198
f 301/315/198 302/316/199 296/310/193
f 296/310/193 302/316/199 303/317/200
f 303/317/200 297/311/194 296/310/193
f 297/311/194 303/317/200 304/318/201
f 305/319/202 306/320/203 307/321/204
f 306/320/203 305/319/202 308/322/205
f 308/322/205 309/323/206 306/320/203
f 310/324/207 309/323/206 308/322/205
f 308/322/205 311/325/208 310/324/207
f 304/318/201 310/324/207 311/325/208
f 311/325/208 312/326/209 304/318/201
f 304/318/201 312/326/209 297/311/194
f 313/327/210 297/311/194 312/326/209
f 297/311/194 313/327/210 295/309/192
f 312/326/209 311/325/208 314/328/211
f 312/326/209 314/328/211 313/327/210
f 315/329/212 313/327/210 314/328/211
f 316/330/213 308/322/205 305/319/202
f 317/331/214 318/332/215 315/329/212
f 313/327/210 315/329/212 295/309/192
f 315/329/212 298/312/195 295/309/192
f 315/329/212 318/332/215 298/312/195
f 319/333/216 298/312/195 318/332/215
f 318/332/215 317/331/214 319/333/216
f 319/333/216 317/331/214 320/334/217
f 321/335/218 320/334/217 317/331/214
f 320/334/217 321/335/218 322/336/219
f 322/336/219 321/335/218 323/337/220
f 322/336/219 323/337/220 324/338/221
f 322/336/219 325/339/222 320/334/217
f 326/340/219 322/336/219 327/341/223
f 322/336/219 326/340/219 328/342/224
f 328/342/224 329/343/224 322/336/219
f 329/343/224 325/339/222 322/336/219
f 329/343/224 330/344/225 325/339/222
f 325/339/222 330/344/225 331/345/226
f 331/345/226 320/334/217 325/339/222
f 320/334/217 331/345/226 319/333/216
f 332/346/227 333/347/228 334/348/229
f 333/347/228 332/346/227 335/349/230
f 336/350/231 335/349/230 332/346/227
f 335/349/230 336/350/231 337/351/232
f 337/351/232 336/350/231 327/341/223
f 327/341/223 324/338/221 337/351/232
f 322/336/219 324/338/221 327/341/223
f 324/338/221 323/337/220 338/352/233
f 338/352/233 337/351/232 324/338/221
f 339/353/234 337/351/232 338/352/233
f 337/351/232 339/353/234 335/349/230
f 340/354/235 335/349/230 339/353/234
f 335/349/230 340/354/235 333/347/228
f 341/355/236 333/347/228 340/354/235
f 334/348/229 333/347/228 341/355/236
f 341/355/236 342/356/237 334/348/229
f 334/348/229 342/356/237 343/357/238
f 342/356/237 344/358/239 345/359/240
f 343/357/238 342/356/237 345/359/240
f 345/359/240 346/360/241 343/357/238
f 343/357/238 346/360/241 347/361/242
f 343/357/238 347/361/242 348/362/243
f 349/363/244 343/357/238 348/362/243
f 348/362/243 350/364/245 349/363/244
f 349/363/244 350/364/245 351/365/246
f 349/363/244 351/365/246 352/366/247
f 353/367/248 349/363/244 352/366/247
f 352/366/247 354/368/249 353/367/248
f 354/368/249 355/369/250 353/367/248
f 356/370/251 353/367/248 355/369/250
f 355/369/250 357/371/252 356/370/251
f 356/370/251 357/371/252 358/372/253
f 356/370/251 358/372/253 359/373/254
f 360/374/255 356/370/251 359/373/254
f 359/373/254 361/375/256 360/374/255
f 362/376/257 363/377/258 364/378/259
f 362/376/257 364/378/259 365/379/260
f 365/379/260 366/380/261 362/376/257
f 365/379/260 367/381/262 366/380/261
f 365/379/260 368/382/263 367/381/262
f 360/374/255 368/382/263 365/379/260
f 365/379/260 369/383/264 360/374/255
f 369/383/264 356/370/251 360/374/255
f 353/367/248 356/370/251 369/383/264
f 369/383/264 370/384/265 353/367/248
f 368/382/263 371/385/266 372/386/267
f 373/387/268 371/385/266 368/382/263
f 374/388/269 373/387/268 368/382/263
f 375/389/270 374/388/269 368/382/263
f 368/382/263 360/374/255 375/389/270
f 376/390/271 375/389/270 360/374/255
f 370/384/265 349/363/244 353/367/248
f 370/384/265 343/357/238 349/363/244
f 334/348/229 343/357/238 370/384/265
f 377/391/272 334/348/229 370/384/265
f 334/348/229 377/391/272 332/346/227
f 378/392/273 332/346/227 377/391/272
f 332/346/227 378/392/273 336/350/231
f 336/350/231 378/392/273 379/393/274
f 379/393/274 327/341/223 336/350/231
f 327/341/223 379/393/274 326/340/219
f 364/378/259 380/394/275 381/395/276
f 381/395/276 365/379/260 364/378/259
f 365/379/260 381/395/276 382/396/277
f 382/396/277 369/383/264 365/379/260
f 369/383/264 382/396/277 383/397/278
f 383/397/278 370/384/265 369/383/264
f 370/384/265 383/397/278 377/391/272
f 384/398/279 377/391/272 383/397/278
f 377/391/272 384/398/279 378/392/273
f 378/392/273 384/398/279 385/399/280
f 380/394/275 386/400/281 387/401/282
f 387/401/282 381/395/276 380/394/275
f 381/395/276 387/401/282 388/402/283
f 388/402/283 382/396/277 381/395/276
f 382/396/277 388/402/283 389/403/284
f 389/403/284 383/397/278 382/396/277
f 383/397/278 389/403/284 384/398/279
f 384/398/279 389/403/284 390/404/285
f 390/404/285 385/399/280 384/398/279
f 391/405/219 385/399/280 390/404/285
f 392/406/286 390/404/285 389/403/284
f 389/403/284 388/402/283 392/406/286
f 385/399/280 379/393/274 378/392/273
f 379/393/274 385/399/280 391/405/219
f 391/405/219 326/340/219 379/393/274
f 328/342/224 326/340/219 391/405/219
f 393/407/224 328/342/224 391/405/219
f 391/405/219 394/408/219 393/407/224
f 393/407/224 394/408/219 395/409/219
f 396/410/224 393/407/224 395/409/219
f 395/409/219 397/411/219 396/410/224
f 397/411/219 398/412/287 399/413/288
f 400/414/289 398/412/287 397/411/219
f 397/411/219 395/409/219 400/414/289
f 401/415/290 400/414/289 395/409/219
f 395/409/219 394/408/219 401/415/290
f 394/408/219 402/416/291 401/415/290
f 394/408/219 403/417/292 402/416/291
f 402/416/291 403/417/292 404/418/293
f 386/400/281 404/418/293 403/417/292
f 405/419/294 404/418/293 386/400/281
f 406/420/295 407/421/296 408/422/297
f 407/421/296 406/420/295 409/423/298
f 409/423/298 406/420/295 401/415/290
f 401/415/290 402/416/291 409/423/298
f 404/418/293 409/423/298 402/416/291
f 410/424/299 409/423/298 404/418/293
f 404/418/293 405/419/294 410/424/299
f 411/425/300 410/424/299 405/419/294
f 405/419/294 412/426/301 411/425/300
f 413/427/302 411/425/300 412/426/301
f 409/423/298 410/424/299 407/421/296
f 414/428/303 407/421/296 410/424/299
f 410/424/299 411/425/300 414/428/303
f 414/428/303 411/425/300 415/429/304
f 411/425/300 413/427/302 415/429/304
f 415/429/304 413/427/302 416/430/305
f 417/431/306 416/430/305 413/427/302
f 418/432/307 419/433/308 408/422/297
f 420/434/309 408/422/297 419/433/308
f 408/422/297 420/434/309 406/420/295
f 400/414/289 401/415/290 406/420/295
f 406/420/295 420/434/309 400/414/289
f 398/412/287 400/414/289 420/434/309
f 420/434/309 421/435/310 398/412/287
f 419/433/308 421/435/310 420/434/309
f 421/435/310 419/433/308 422/436/311
f 423/437/312 422/436/311 419/433/308
f 419/433/308 418/432/307 423/437/312
f 423/437/312 418/432/307 424/438/313
f 425/439/314 424/438/313 418/432/307
f 422/436/311 423/437/312 426/440/315
f 427/441/316 428/442/317 424/438/313
f 429/443/318 427/441/316 424/438/313
f 424/438/313 425/439/314 429/443/318
f 430/444/319 429/443/318 425/439/314
f 431/445/320 430/444/319 425/439/314
f 431/445/320 425/439/314 432/446/321
f 432/446/321 425/439/314 418/432/307
f 418/432/307 433/447/322 432/446/321
f 408/422/297 433/447/322 418/432/307
f 433/447/322 408/422/297 407/421/296
f 407/421/296 414/428/303 433/447/322
f 415/429/304 434/448/323 414/428/303
f 414/428/303 434/448/323 435/449/324
f 435/449/324 436/450/325 414/428/303
f 433/447/322 414/428/303 436/450/325
f 436/450/325 437/451/326 433/447/322
f 433/447/322 437/451/326 432/446/321
f 437/451/326 436/450/325 438/452/327
f 438/452/327 439/453/328 437/451/326
f 439/453/328 440/454/329 437/451/326
f 432/446/321 437/451/326 440/454/329
f 440/454/329 441/455/330 432/446/321
f 441/455/330 442/456/331 432/446/321
f 416/430/305 443/457/332 415/429/304
f 443/457/332 444/458/333 415/429/304
f 434/448/323 415/429/304 444/458/333
f 444/458/333 445/459/334 434/448/323
f 445/459/334 446/460/335 434/448/323
f 435/449/324 434/448/323 446/460/335
f 446/460/335 447/461/336 435/449/324
f 436/450/325 435/449/324 447/461/336
f 447/461/336 448/462/337 436/450/325
f 448/462/337 438/452/327 436/450/325
f 230/463/127 278/464/175 277/465/174
f 277/465/174 262/466/159 230/463/127
f 263/467/160 262/466/159 277/465/174
f 277/465/174 276/468/173 263/467/160
f 239/469/136 263/467/160 276/468/173
f 276/468/173 275/470/172 239/469/136
f 237/471/134 239/469/136 275/470/172
f 275/470/172 285/472/182 237/471/134
f 229/473/126 237/471/134 285/472/182
f 285/472/182 284/474/181 229/473/126
f 230/475/127 229/473/126 284/474/181
f 284/474/181 278/476/175 230/475/127
f 449/284/338 450/285/339 451/277/340
f 452/270/341 453/278/342 451/277/340
f 451/277/340 453/278/342 449/284/338
f 454/283/343 449/284/338 453/278/342
f 453/278/342 455/280/344 454/283/343
f 456/282/345 454/283/343 455/280/344
f 455/280/344 457/281/346 456/282/345
f 457/281/346 455/280/344 458/279/347
f 458/279/347 459/288/348 457/281/346
f 460/287/349 459/288/348 458/279/347
f 461/289/350 459/288/348 460/287/349
f 458/279/347 455/280/344 453/278/342
f 453/278/342 452/270/341 458/279/347
f 462/257/351 458/279/347 452/270/341
f 458/279/347 462/257/351 460/287/349
f 462/257/351 463/286/352 460/287/349
f 464/255/353 463/286/352 462/257/351
f 462/257/351 465/256/354 464/255/353
f 465/256/354 462/257/351 466/258/355
f 466/258/355 467/261/356 465/256/354
f 452/270/341 466/258/355 462/257/351
f 466/258/355 452/270/341 468/271/357
f 468/271/357 469/275/358 466/258/355
f 467/261/356 466/258/355 469/275/358
f 469/275/358 470/276/359 467/261/356
f 467/261/356 470/276/359 471/262/360
f 471/262/360 470/276/359 469/275/358
f 469/275/358 472/274/361 471/262/360
f 472/274/361 469/275/358 468/271/357
f 468/271/357 473/273/362 472/274/361
f 474/272/363 473/273/362 468/271/357
f 468/271/357 452/270/341 474/272/363
f 451/277/340 474/272/363 452/270/341
f 471/262/360 475/263/364 467/261/356
f 461/289/350 460/287/349 463/286/352
f 463/286/352 476/253/365 461/289/350
f 463/286/352 464/255/353 476/253/365
f 464/255/353 477/254/366 476/253/365
f 477/254/366 464/255/353 465/256/354
f 465/256/354 478/260/367 477/254/366
f 478/260/367 465/256/354 467/261/356
f 467/261/356 479/264/368 478/260/367
f 479/264/368 467/261/356 475/263/364
f 475/263/364 480/268/369 479/264/368
f 479/264/368 480/268/369 481/269/370
f 481/269/370 482/265/371 479/264/368
f 478/260/367 479/264/368 482/265/371
f 482/265/371 483/266/372 478/260/367
f 477/254/366 478/260/367 483/266/372
f 483/266/372 484/267/373 477/254/366
f 476/253/365 477/254/366 485/249/374
f 476/253/365 485/249/374 486/252/375
f 486/252/375 461/289/350 476/253/365
f 486/252/375 457/281/346 461/289/350
f 461/289/350 457/281/346 459/288/348
f 487/242/376 488/243/377 477/241/366
f 477/241/366 488/243/377 489/247/378
f 489/247/378 485/249/374 477/241/366
f 485/249/374 489/247/378 490/248/379
f 490/248/379 486/252/375 485/249/374
f 486/252/375 490/248/379 457/251/346
f 491/295/380 492/259/381 493/297/382
f 492/259/381 491/295/380 457/251/346
f 457/251/346 494/250/383 492/259/381
f 490/248/379 494/250/383 457/251/346
f 490/248/379 495/246/384 494/250/383
f 495/246/384 490/248/379 489/247/378
f 489/247/378 496/245/385 495/246/384
f 488/243/377 496/245/385 489/247/378
f 497/244/386 496/245/385 488/243/377
f 488/243/377 487/242/376 497/244/386
f 492/259/381 494/250/383 495/246/384
f 497/244/386 487/242/376 498/235/387
f 498/235/387 499/307/388 497/244/386
f 500/306/389 499/307/388 498/235/387
f 499/307/388 500/306/389 501/299/390
f 501/299/390 493/297/382 499/307/388
f 499/307/388 493/297/382 492/259/381
f 492/259/381 497/244/386 499/307/388
f 495/246/384 497/244/386 492/259/381
f 496/245/385 497/244/386 495/246/384
f 498/235/387 502/236/391 500/306/389
f 498/235/387 503/233/392 502/236/391
f 503/233/392 504/304/393 502/236/391
f 500/306/389 502/236/391 504/304/393
f 504/304/393 505/290/394 500/306/389
f 501/299/390 500/306/389 505/290/394
f 505/290/394 506/300/395 501/299/390
f 501/299/390 506/300/395 507/298/396
f 501/299/390 507/298/396 493/297/382
f 508/296/397 493/297/382 507/298/396
f 493/297/382 508/296/397 491/295/380
f 509/294/398 456/308/345 457/251/346
f 457/251/346 491/295/380 509/294/398
f 510/293/399 509/294/398 491/295/380
f 491/295/380 508/296/397 510/293/399
f 450/302/339 510/293/399 508/296/397
f 508/296/397 451/303/340 450/302/339
f 507/298/396 451/303/340 508/296/397
f 474/301/363 451/303/340 507/298/396
f 474/301/363 507/298/396 506/300/395
f 506/300/395 473/292/362 474/301/363
f 473/292/362 506/300/395 505/290/394
f 505/290/394 472/291/361 473/292/362
f 472/291/361 505/290/394 504/304/393
f 504/304/393 471/305/360 472/291/361
f 471/305/360 504/304/393 503/233/392
f 503/233/392 475/234/364 471/305/360
f 503/233/392 480/232/369 475/234/364
f 480/232/369 503/233/392 498/235/387
f 498/235/387 511/237/400 480/232/369
f 511/237/400 498/235/387 487/242/376
f 487/242/376 512/239/401 511/237/400
f 477/241/366 512/239/401 487/242/376
f 512/239/401 477/241/366 484/240/373
f 484/240/373 513/238/402 512/239/401
f 511/237/400 512/239/401 513/238/402
f 513/238/402 514/230/403 511/237/400
f 480/232/369 511/237/400 514/230/403
f 514/230/403 481/231/370 480/232/369
f 515/477/404 516/478/405 517/479/406
f 517/479/406 518/480/407 515/477/404
f 518/480/407 517/479/406 519/481/408
f 519/481/408 520/482/409 518/480/407
f 521/483/410 520/482/409 519/481/408
f 519/481/408 522/484/411 521/483/410
f 521/483/410 522/484/411 523/485/412
f 523/485/412 524/486/413 521/483/410
f 516/487/405 525/488/414 526/489/415
f 526/489/415 527/490/416 516/487/405
f 516/487/405 527/490/416 528/491/417
f 528/491/417 517/492/406 516/487/405
f 519/493/408 517/492/406 528/491/417
f 522/494/411 519/493/408 528/491/417
f 528/491/417 529/495/418 522/494/411
f 522/494/411 529/495/418 523/485/412
f 523/485/412 529/495/418 526/489/415
f 526/489/415 525/488/414 523/485/412
f 524/486/413 523/485/412 525/488/414
f 525/488/414 530/496/419 524/486/413
f 531/497/420 524/486/413 530/496/419
f 530/496/419 532/498/421 531/497/420
f 533/499/422 532/498/421 530/496/419
f 530/496/419 515/500/404 533/499/422
f 533/499/422 515/500/404 518/501/407
f 518/501/407 534/502/423 533/499/422
f 520/503/409 534/502/423 518/501/407
f 531/497/420 534/502/423 520/503/409
f 520/503/409 521/504/410 531/497/420
f 521/504/410 524/486/413 531/497/420
f 528/505/417 534/506/423 531/507/420
f 531/507/420 529/508/418 528/505/417
f 529/508/418 531/507/420 532/509/421
f 532/509/421 526/510/415 529/508/418
f 526/510/415 532/509/421 533/511/422
f 533/511/422 527/512/416 526/510/415
f 527/512/416 533/511/422 534/513/423
f 534/513/423 528/514/417 527/512/416
f 535/515/424 536/516/425 537/517/426
f 537/517/426 538/518/427 535/515/424
f 538/518/427 537/517/426 539/519/428
f 539/519/428 540/520/429 538/518/427
f 540/520/429 539/519/428 541/521/430
f 541/521/430 542/522/431 540/520/429
f 542/522/431 541/521/430 536/516/425
f 536/516/425 535/515/424 542/522/431
f 543/523/432 544/524/433 540/525/431
f 540/525/431 545/526/434 543/523/432
f 545/526/434 540/525/431 538/527/424
f 538/527/424 546/528/435 545/526/434
f 546/528/435 538/527/424 547/529/436
f 547/529/436 548/530/437 546/528/435
f 548/530/437 547/529/436 544/524/433
f 544/524/433 543/523/432 548/530/437
f 538/531/427 547/532/438 549/533/438
f 549/533/438 535/534/424 538/531/427
f 550/535/439 551/536/440 552/537/441
f 552/537/441 544/538/439 550/535/439
f 544/538/439 552/537/441 553/539/442
f 553/539/442 547/540/438 544/538/439
f 547/540/438 553/539/442 554/541/443
f 554/541/443 549/542/438 547/540/438
f 549/542/438 554/541/443 551/536/440
f 551/536/440 550/535/439 549/542/438
f 555/253/444 556/254/445 557/249/446
f 555/253/444 557/249/446 558/252/447
f 558/252/447 559/289/448 555/253/444
f 558/252/447 560/281/449 559/289/448
f 559/289/448 560/281/449 561/288/450
f 562/242/451 563/243/452 556/241/445
f 556/241/445 563/243/452 564/247/453
f 564/247/453 557/249/446 556/241/445
f 557/249/446 564/247/453 565/248/454
f 565/248/454 558/252/447 557/249/446
f 558/252/447 565/248/454 560/251/449
f 566/295/455 567/259/456 568/297/457
f 567/259/456 566/295/455 560/251/449
f 560/251/449 569/250/458 567/259/456
f 565/248/454 569/250/458 560/251/449
f 565/248/454 570/246/459 569/250/458
f 570/246/459 565/248/454 564/247/453
f 564/247/453 571/245/460 570/246/459
f 563/243/452 571/245/460 564/247/453
f 572/244/461 571/245/460 563/243/452
f 563/243/452 562/242/451 572/244/461
f 567/259/456 569/250/458 570/246/459
f 572/244/461 562/242/451 573/235/462
f 573/235/462 574/307/463 572/244/461
f 575/306/464 574/307/463 573/235/462
f 574/307/463 575/306/464 576/299/465
f 576/299/465 568/297/457 574/307/463
f 574/307/463 568/297/457 567/259/456
f 567/259/456 572/244/461 574/307/463
f 570/246/459 572/244/461 567/259/456
f 571/245/460 572/244/461 570/246/459
f 573/235/462 577/236/466 575/306/464
f 573/235/462 578/233/467 577/236/466
f 578/233/467 579/304/468 577/236/466
f 575/306/464 577/236/466 579/304/468
f 579/304/468 580/290/469 575/306/464
f 576/299/465 575/306/464 580/290/469
f 580/290/469 581/300/470 576/299/465
f 576/299/465 581/300/470 582/298/471
f 576/299/465 582/298/471 568/297/457
f 583/296/472 568/297/457 582/298/471
f 568/297/457 583/296/472 566/295/455
f 584/294/473 585/308/474 560/251/449
f 560/251/449 566/295/455 584/294/473
f 586/293/475 584/294/473 566/295/455
f 566/295/455 583/296/472 586/293/475
f 587/302/476 586/293/475 583/296/472
f 583/296/472 588/303/477 587/302/476
f 582/298/471 588/303/477 583/296/472
f 589/301/478 588/303/477 582/298/471
f 589/301/478 582/298/471 581/300/470
f 581/300/470 590/292/479 589/301/478
f 590/292/479 581/300/470 580/290/469
f 580/290/469 591/291/480 590/292/479
f 591/291/480 580/290/469 579/304/468
f 579/304/468 592/305/481 591/291/480
f 592/305/481 579/304/468 578/233/467
f 578/233/467 593/234/482 592/305/481
f 578/233/467 594/232/483 593/234/482
f 594/232/483 578/233/467 573/235/462
f 573/235/462 595/237/484 594/232/483
f 595/237/484 573/235/462 562/242/451
f 562/242/451 596/239/485 595/237/484
f 556/241/445 596/239/485 562/242/451
f 596/239/485 556/241/445 597/240/486
f 597/240/486 598/238/487 596/239/485
f 595/237/484 596/239/485 598/238/487
f 598/238/487 599/230/488 595/237/484
f 594/232/483 595/237/484 599/230/488
f 599/230/488 600/231/489 594/232/483
f 601/264/490 594/268/483 600/269/489
f 600/269/489 602/265/491 601/264/490
f 603/260/492 601/264/490 602/265/491
f 602/265/491 604/266/493 603/260/492
f 556/254/445 603/260/492 604/266/493
f 604/266/493 597/267/486 556/254/445
f 559/289/448 605/287/494 606/286/495
f 606/286/495 555/253/444 559/289/448
f 606/286/495 607/255/496 555/253/444
f 607/255/496 556/254/445 555/253/444
f 556/254/445 607/255/496 608/256/497
f 608/256/497 603/260/492 556/254/445
f 603/260/492 608/256/497 609/261/498
f 609/261/498 601/264/490 603/260/492
f 601/264/490 609/261/498 593/263/482
f 593/263/482 594/268/483 601/264/490
f 592/262/481 593/263/482 609/261/498
f 610/279/499 611/280/500 612/278/501
f 612/278/501 613/270/502 610/279/499
f 614/257/503 610/279/499 613/270/502
f 610/279/499 614/257/503 605/287/494
f 614/257/503 606/286/495 605/287/494
f 607/255/496 606/286/495 614/257/503
f 614/257/503 608/256/497 607/255/496
f 608/256/497 614/257/503 615/258/504
f 615/258/504 609/261/498 608/256/497
f 613/270/502 615/258/504 614/257/503
f 615/258/504 613/270/502 616/271/505
f 616/271/505 617/275/506 615/258/504
f 609/261/498 615/258/504 617/275/506
f 617/275/506 618/276/507 609/261/498
f 609/261/498 618/276/507 592/262/481
f 592/262/481 618/276/507 617/275/506
f 617/275/506 591/274/480 592/262/481
f 591/274/480 617/275/506 616/271/505
f 616/271/505 590/273/479 591/274/480
f 589/272/478 590/273/479 616/271/505
f 616/271/505 613/270/502 589/272/478
f 588/277/477 589/272/478 613/270/502
f 619/284/508 587/285/476 588/277/477
f 613/270/502 612/278/501 588/277/477
f 588/277/477 612/278/501 619/284/508
f 620/283/509 619/284/508 612/278/501
f 612/278/501 611/280/500 620/283/509
f 585/282/474 620/283/509 611/280/500
f 611/280/500 560/281/449 585/282/474
f 560/281/449 611/280/500 610/279/499
f 610/279/499 561/288/450 560/281/449
f 605/287/494 561/288/450 610/279/499
f 559/289/448 561/288/450 605/287/494
f 510/474/399 450/476/339 481/475/370
f 481/475/370 514/473/403 510/474/399
f 509/472/398 510/474/399 514/473/403
f 514/473/403 513/471/402 509/472/398
f 456/470/345 509/472/398 513/471/402
f 513/471/402 484/469/373 456/470/345
f 454/468/343 456/470/345 484/469/373
f 484/469/373 483/467/372 454/468/343
f 449/465/338 454/468/343 483/467/372
f 483/467/372 482/466/371 449/465/338
f 449/465/338 482/466/371 481/463/370
f 481/463/370 450/464/339 449/465/338
f 621/543/510 622/544/511 623/545/512
f 622/544/511 621/543/510 624/546/513
f 624/546/513 625/547/514 622/544/511
f 622/544/511 625/547/514 626/548/515
f 626/548/515 627/549/516 622/544/511
f 628/550/517 629/551/518 625/547/514
f 625/547/514 629/551/518 630/552/519
f 630/552/519 626/548/515 625/547/514
f 631/553/520 626/548/515 630/552/519
f 626/548/515 631/553/520 632/554/521
f 632/554/521 627/549/516 626/548/515
f 627/549/516 632/554/521 633/555/522
f 633/555/522 634/556/523 627/549/516
f 627/549/516 634/556/523 623/545/512
f 623/545/512 622/544/511 627/549/516
f 630/552/519 635/557/524 631/553/520
f 635/557/524 636/558/525 637/559/526
f 637/559/526 631/553/520 635/557/524
f 631/553/520 637/559/526 638/560/527
f 638/560/527 632/554/521 631/553/520
f 632/554/521 638/560/527 639/561/528
f 639/561/528 633/555/522 632/554/521
f 633/555/522 639/561/528 636/562/525
f 636/562/525 635/563/524 633/555/522
f 634/556/523 633/555/522 635/563/524
f 635/563/524 630/564/519 634/556/523
f 634/556/523 630/564/519 629/565/518
f 629/565/518 623/545/512 634/556/523
f 640/566/529 623/545/512 629/565/518
f 623/545/512 640/566/529 621/543/510
f 641/567/530 621/543/510 640/566/529
f 621/543/510 641/567/530 642/568/531
f 642/568/531 624/546/513 621/543/510
f 624/546/513 642/568/531 643/569/532
f 643/569/532 628/550/517 624/546/513
f 625/547/514 624/546/513 628/550/517
f 629/565/518 628/570/517 640/566/529
f 644/571/533 640/566/529 628/570/517
f 640/566/529 644/571/533 641/567/530
f 628/570/517 643/572/532 644/571/533
f 645/573/534 646/574/535 647/575/536
f 647/575/536 648/576/537 645/573/534
f 649/577/538 650/578/539 651/579/540
f 651/579/540 652/580/541 649/577/538
f 653/581/542 652/580/541 651/579/540
f 651/579/540 654/582/543 653/581/542
f 653/581/542 654/582/543 655/583/544
f 655/583/544 656/584/545 653/581/542
f 649/585/538 656/584/545 655/583/544
f 655/583/544 650/586/539 649/585/538
f 657/570/517 658/572/532 659/571/546
f 660/565/518 657/570/517 661/566/529
f 659/571/546 661/566/529 657/570/517
f 661/566/529 659/571/546 662/567/530
f 663/556/547 664/564/548 660/565/518
f 660/565/518 665/545/512 663/556/547
f 661/566/529 665/545/512 660/565/518
f 665/545/512 661/566/529 666/543/510
f 662/567/530 666/543/510 661/566/529
f 666/543/510 662/567/530 667/568/549
f 667/568/549 668/546/513 666/543/510
f 668/546/513 667/568/549 658/569/532
f 658/569/532 657/550/517 668/546/513
f 669/547/514 668/546/513 657/550/517
f 666/543/510 670/544/511 665/545/512
f 670/544/511 666/543/510 668/546/513
f 668/546/513 669/547/514 670/544/511
f 670/544/511 669/547/514 671/548/515
f 671/548/515 672/549/516 670/544/511
f 657/550/517 660/551/518 669/547/514
f 669/547/514 660/551/518 664/552/548
f 664/552/548 671/548/515 669/547/514
f 673/553/520 671/548/515 664/552/548
f 671/548/515 673/553/520 674/554/550
f 674/554/550 672/549/516 671/548/515
f 672/549/516 674/554/550 675/555/522
f 675/555/522 663/556/547 672/549/516
f 672/549/516 663/556/547 665/545/512
f 665/545/512 670/544/511 672/549/516
f 664/552/548 676/557/551 673/553/520
f 676/557/551 677/558/525 678/559/526
f 678/559/526 673/553/520 676/557/551
f 673/553/520 678/559/526 679/560/527
f 679/560/527 674/554/550 673/553/520
f 674/554/550 679/560/527 680/561/552
f 680/561/552 675/555/522 674/554/550
f 675/555/522 680/561/552 677/562/525
f 677/562/525 676/563/551 675/555/522
f 663/556/547 675/555/522 676/563/551
f 676/563/551 664/564/548 663/556/547
f 681/587/553 682/588/554 683/589/554
f 683/589/554 684/590/555 681/587/553
f 685/591/556 681/587/553 684/590/555
f 684/590/555 686/592/557 685/591/556
f 687/593/558 685/591/556 686/592/557
f 686/592/557 688/594/559 687/593/558
f 689/595/560 687/596/558 688/597/559
f 688/597/559 690/598/560 689/595/560
f 691/599/561 689/595/560 690/598/560
f 690/598/560 692/600/561 691/599/561
f 693/601/562 691/599/561 692/600/561
f 692/600/561 694/602/563 693/601/562
f 695/603/564 693/601/562 694/602/563
f 694/602/563 696/604/565 695/603/564
f 682/588/554 695/603/564 696/604/565
f 696/604/565 683/589/554 682/588/554
f 550/605/439 542/606/431 530/607/419
f 515/608/404 530/607/419 542/606/431
f 542/606/431 535/609/424 515/608/404
f 516/610/405 515/608/404 535/609/424
f 535/609/424 549/611/438 516/610/405
f 525/612/414 516/610/405 549/611/438
f 549/611/438 550/605/439 525/612/414
f 530/607/419 525/612/414 550/605/439
f 697/613/566 698/614/567 699/615/568
f 698/614/567 697/613/566 700/616/569
f 700/616/569 701/617/570 698/614/567
f 702/618/571 701/617/570 700/616/569
f 700/616/569 703/619/572 702/618/571
f 702/618/571 703/619/572 704/620/573
f 704/620/573 705/621/574 702/618/571
f 705/621/574 704/620/573 706/622/575
f 706/622/575 707/623/576 705/621/574
f 698/614/567 708/624/577 709/625/578
f 708/624/577 698/614/567 701/626/570
f 710/627/579 708/624/577 701/626/570
f 701/626/570 702/628/571 710/627/579
f 705/629/574 710/627/579 702/628/571
f 710/627/579 705/629/574 707/630/576
f 707/630/576 711/631/580 710/627/579
f 709/625/578 711/631/580 707/630/576
f 707/630/576 699/615/568 709/625/578
f 709/625/578 699/615/568 698/614/567
f 699/615/568 712/632/581 697/613/566
f 713/633/582 697/613/566 712/632/581
f 697/613/566 713/633/582 700/634/569
f 703/635/572 700/634/569 713/633/582
f 713/633/582 714/636/583 703/635/572
f 714/636/583 704/637/573 703/635/572
f 704/637/573 714/636/583 715/638/584
f 715/638/584 706/639/575 704/637/573
f 712/632/581 706/639/575 715/638/584
f 715/638/584 716/640/585 712/632/581
f 712/632/581 716/640/585 713/633/582
f 586/474/475 587/476/476 600/475/489
f 600/475/489 599/473/488 586/474/475
f 584/472/473 586/474/475 599/473/488
f 599/473/488 598/471/487 584/472/473
f 585/470/474 584/472/473 598/471/487
f 598/471/487 597/469/486 585/470/474
f 620/468/509 585/470/474 597/469/486
f 597/469/486 604/467/493 620/468/509
f 619/465/508 620/468/509 604/467/493
f 604/467/493 602/466/491 619/465/508
f 619/465/508 602/466/491 600/463/489
f 600/463/489 587/464/476 619/465/508
f 711/641/580 715/642/584 714/643/583
f 714/643/583 710/644/579 711/641/580
f 710/644/579 714/643/583 713/645/582
f 713/645/582 708/646/577 710/644/579
f 708/646/577 713/645/582 716/647/585
f 716/647/585 709/648/578 708/646/577
f 709/648/578 716/647/585 715/649/584
f 715/649/584 711/650/580 709/648/578
f 717/477/586 718/478/587 719/479/588
f 719/479/588 720/480/589 717/477/586
f 720/480/589 719/479/588 721/481/590
f 721/481/590 722/482/591 720/480/589
f 723/483/592 722/482/591 721/481/590
f 721/481/590 724/484/593 723/483/592
f 723/483/592 724/484/593 725/485/594
f 725/485/594 726/486/595 723/483/592
f 718/487/587 727/488/596 728/489/597
f 728/489/597 729/490/598 718/487/587
f 718/487/587 729/490/598 730/491/599
f 730/491/599 719/492/588 718/487/587
f 721/493/590 719/492/588 730/491/599
f 724/494/593 721/493/590 730/491/599
f 730/491/599 731/495/600 724/494/593
f 724/494/593 731/495/600 725/485/594
f 725/485/594 731/495/600 728/489/597
f 728/489/597 727/488/596 725/485/594
f 726/486/595 725/485/594 727/488/596
f 727/488/596 732/496/601 726/486/595
f 733/497/602 726/486/595 732/496/601
f 732/496/601 734/498/603 733/497/602
f 735/499/604 734/498/603 732/496/601
f 732/496/601 717/500/586 735/499/604
f 735/499/604 717/500/586 720/501/589
f 720/501/589 736/502/605 735/499/604
f 722/503/591 736/502/605 720/501/589
f 733/497/602 736/502/605 722/503/591
f 722/503/591 723/504/592 733/497/602
f 723/504/592 726/486/595 733/497/602
f 730/505/599 736/506/605 733/507/602
f 733/507/602 731/508/600 730/505/599
f 731/508/600 733/507/602 734/509/603
f 734/509/603 728/510/597 731/508/600
f 728/510/597 734/509/603 735/511/604
f 735/511/604 729/512/598 728/510/597
f 729/512/598 735/511/604 736/513/605
f 736/513/605 730/514/599 729/512/598
f 737/515/606 651/516/540 650/517/539
f 650/517/539 738/518/607 737/515/606
f 738/518/607 650/517/539 655/519/544
f 655/519/544 648/520/537 738/518/607
f 648/520/537 655/519/544 654/521/543
f 654/521/543 645/522/534 648/520/537
f 645/522/534 654/521/543 651/516/540
f 651/516/540 737/515/606 645/522/534
f 738/531/607 739/532/608 740/533/609
f 740/533/609 737/534/606 738/531/607
f 646/535/535 653/536/542 656/537/545
f 656/537/545 647/538/536 646/535/535
f 647/538/536 656/537/545 649/539/538
f 649/539/538 739/540/608 647/538/536
f 739/540/608 649/539/538 652/541/541
f 652/541/541 740/542/609 739/540/608
f 740/542/609 652/541/541 653/536/542
f 653/536/542 646/535/535 740/542/609
f 741/253/610 742/254/611 743/249/612
f 741/253/610 743/249/612 744/252/613
f 744/252/613 745/289/614 741/253/610
f 744/252/613 746/281/615 745/289/614
f 745/289/614 746/281/615 747/288/616
f 748/242/617 749/243/618 742/241/611
f 742/241/611 749/243/618 750/247/619
f 750/247/619 743/249/612 742/241/611
f 743/249/612 750/247/619 751/248/620
f 751/248/620 744/252/613 743/249/612
f 744/252/613 751/248/620 746/251/615
f 752/295/621 753/259/622 754/297/623
f 753/259/622 752/295/621 746/251/615
f 746/251/615 755/250/624 753/259/622
f 751/248/620 755/250/624 746/251/615
f 751/248/620 756/246/625 755/250/624
f 756/246/625 751/248/620 750/247/619
f 750/247/619 757/245/626 756/246/625
f 749/243/618 757/245/626 750/247/619
f 758/244/627 757/245/626 749/243/618
f 749/243/618 748/242/617 758/244/627
f 753/259/622 755/250/624 756/246/625
f 758/244/627 748/242/617 759/235/628
f 759/235/628 760/307/629 758/244/627
f 761/306/630 760/307/629 759/235/628
f 760/307/629 761/306/630 762/299/631
f 762/299/631 754/297/623 760/307/629
f 760/307/629 754/297/623 753/259/622
f 753/259/622 758/244/627 760/307/629
f 756/246/625 758/244/627 753/259/622
f 757/245/626 758/244/627 756/246/625
f 759/235/628 763/236/632 761/306/630
f 759/235/628 764/233/633 763/236/632
f 764/233/633 765/304/634 763/236/632
f 761/306/630 763/236/632 765/304/634
f 765/304/634 766/290/635 761/306/630
f 762/299/631 761/306/630 766/290/635
f 766/290/635 767/300/636 762/299/631
f 762/299/631 767/300/636 768/298/637
f 762/299/631 768/298/637 754/297/623
f 769/296/638 754/297/623 768/298/637
f 754/297/623 769/296/638 752/295/621
f 770/294/639 771/308/640 746/251/615
f 746/251/615 752/295/621 770/294/639
f 772/293/641 770/294/639 752/295/621
f 752/295/621 769/296/638 772/293/641
f 773/302/642 772/293/641 769/296/638
f 769/296/638 774/303/643 773/302/642
f 768/298/637 774/303/643 769/296/638
f 775/301/644 774/303/643 768/298/637
f 775/301/644 768/298/637 767/300/636
f 767/300/636 776/292/645 775/301/644
f 776/292/645 767/300/636 766/290/635
f 766/290/635 777/291/646 776/292/645
f 777/291/646 766/290/635 765/304/634
f 765/304/634 778/305/647 777/291/646
f 778/305/647 765/304/634 764/233/633
f 764/233/633 779/234/648 778/305/647
f 764/233/633 780/232/649 779/234/648
f 780/232/649 764/233/633 759/235/628
f 759/235/628 781/237/650 780/232/649
f 781/237/650 759/235/628 748/242/617
f 748/242/617 782/239/651 781/237/650
f 742/241/611 782/239/651 748/242/617
f 782/239/651 742/241/611 783/240/652
f 783/240/652 784/238/653 782/239/651
f 781/237/650 782/239/651 784/238/653
f 784/238/653 785/230/654 781/237/650
f 780/232/649 781/237/650 785/230/654
f 785/230/654 786/231/655 780/232/649
f 787/264/656 780/268/649 786/269/655
f 786/269/655 788/265/657 787/264/656
f 789/260/658 787/264/656 788/265/657
f 788/265/657 790/266/659 789/260/658
f 742/254/611 789/260/658 790/266/659
f 790/266/659 783/267/652 742/254/611
f 745/289/614 791/287/660 792/286/661
f 792/286/661 741/253/610 745/289/614
f 792/286/661 793/255/662 741/253/610
f 793/255/662 742/254/611 741/253/610
f 742/254/611 793/255/662 794/256/663
f 794/256/663 789/260/658 742/254/611
f 789/260/658 794/256/663 795/261/664
f 795/261/664 787/264/656 789/260/658
f 787/264/656 795/261/664 779/263/648
f 779/263/648 780/268/649 787/264/656
f 778/262/647 779/263/648 795/261/664
f 796/279/665 797/280/666 798/278/667
f 798/278/667 799/270/668 796/279/665
f 800/257/669 796/279/665 799/270/668
f 796/279/665 800/257/669 791/287/660
f 800/257/669 792/286/661 791/287/660
f 793/255/662 792/286/661 800/257/669
f 800/257/669 794/256/663 793/255/662
f 794/256/663 800/257/669 801/258/670
f 801/258/670 795/261/664 794/256/663
f 799/270/668 801/258/670 800/257/669
f 801/258/670 799/270/668 802/271/671
f 802/271/671 803/275/672 801/258/670
f 795/261/664 801/258/670 803/275/672
f 803/275/672 804/276/673 795/261/664
f 795/261/664 804/276/673 778/262/647
f 778/262/647 804/276/673 803/275/672
f 803/275/672 777/274/646 778/262/647
f 777/274/646 803/275/672 802/271/671
f 802/271/671 776/273/645 777/274/646
f 775/272/644 776/273/645 802/271/671
f 802/271/671 799/270/668 775/272/644
f 774/277/643 775/272/644 799/270/668
f 805/284/674 773/285/642 774/277/643
f 799/270/668 798/278/667 774/277/643
f 774/277/643 798/278/667 805/284/674
f 806/283/675 805/284/674 798/278/667
f 798/278/667 797/280/666 806/283/675
f 771/282/640 806/283/675 797/280/666
f 797/280/666 746/281/615 771/282/640
f 746/281/615 797/280/666 796/279/665
f 796/279/665 747/288/616 746/281/615
f 791/287/660 747/288/616 796/279/665
f 745/289/614 747/288/616 791/287/660
f 807/587/676 808/588/677 809/589/678
f 809/589/678 810/590/676 807/587/676
f 811/591/679 807/587/676 810/590/676
f 810/590/676 812/592/680 811/591/679
f 813/593/681 811/591/679 812/592/680
f 812/592/680 814/594/682 813/593/681
f 815/595/683 813/596/681 814/597/682
f 814/597/682 816/598/683 815/595/683
f 817/599/684 815/595/683 816/598/683
f 816/598/683 818/600/684 817/599/684
f 819/601/685 817/599/684 818/600/684
f 818/600/684 820/602/686 819/601/685
f 821/603/687 819/601/685 820/602/686
f 820/602/686 822/604/688 821/603/687
f 808/588/677 821/603/687 822/604/688
f 822/604/688 809/589/678 808/588/677
f 646/605/535 645/606/534 732/607/601
f 717/608/586 732/607/601 645/606/534
f 645/606/534 737/609/606 717/608/586
f 718/610/587 717/608/586 737/609/606
f 737/609/606 740/611/609 718/610/587
f 727/612/596 718/610/587 740/611/609
f 740/611/609 646/605/535 727/612/596
f 732/607/601 727/612/596 646/605/535
f 823/531/689 824/532/690 825/533/691
f 825/533/691 826/534/692 823/531/689
f 827/535/693 828/536/694 829/537/695
f 829/537/695 830/538/696 827/535/693
f 830/538/696 829/537/695 831/539/697
f 831/539/697 824/540/690 830/538/696
f 824/540/690 831/539/697 832/541/698
f 832/541/698 825/542/691 824/540/690
f 825/542/691 832/541/698 828/536/694
f 828/536/694 827/535/693 825/542/691
f 833/205/699 834/206/700 835/207/701
f 833/205/699 835/207/701 836/208/702
f 837/209/703 836/208/702 835/207/701
f 837/209/703 835/207/701 838/210/704
f 837/209/703 838/210/704 839/211/705
f 840/212/706 839/211/705 838/210/704
f 840/212/706 838/210/704 841/213/707
f 840/212/706 841/213/707 842/214/708
f 843/215/709 842/214/708 841/213/707
f 843/215/709 841/213/707 844/216/710
f 843/215/709 844/216/710 845/217/711
f 846/218/712 845/217/711 844/216/710
f 846/218/712 844/216/710 847/219/713
f 848/220/714 847/219/713 844/216/710
f 848/220/714 844/216/710 841/213/707
f 848/220/714 841/213/707 838/210/704
f 848/220/714 838/210/704 835/207/701
f 848/220/714 835/207/701 834/206/700
f 848/220/714 834/206/700 849/221/715
f 848/220/714 849/221/715 850/222/716
f 848/220/714 850/222/716 851/223/717
f 852/224/718 851/223/717 850/222/716
f 852/224/718 850/222/716 853/225/719
f 854/226/720 853/225/719 850/222/716
f 854/226/720 850/222/716 849/221/715
f 854/226/720 849/221/715 855/227/721
f 856/228/722 855/227/721 849/221/715
f 856/228/722 849/221/715 834/206/700
f 856/228/722 834/206/700 857/229/723
f 833/205/699 857/229/723 834/206/700
f 648/525/537 647/524/536 712/523/581
f 706/530/575 712/523/581 647/524/536
f 647/524/536 739/529/608 706/530/575
f 707/528/576 706/530/575 739/529/608
f 739/529/608 738/527/607 707/528/576
f 699/526/568 707/528/576 738/527/607
f 738/527/607 648/525/537 699/526/568
f 712/523/581 699/526/568 648/525/537
f 858/651/724 859/652/725 860/653/726
f 859/652/725 858/651/724 861/654/727
f 861/654/727 858/651/724 862/655/728
f 860/653/726 863/656/729 864/657/730
f 864/657/730 865/658/731 860/653/726
f 858/651/724 860/653/726 865/658/731
f 865/658/731 866/659/732 858/651/724
f 858/651/724 866/659/732 862/655/728
f 867/660/733 862/655/728 866/659/732
f 862/655/728 867/660/733 868/661/734
f 867/660/733 869/662/735 868/661/734
f 869/662/735 867/660/733 870/663/736
f 870/663/736 871/664/737 869/662/735
f 871/664/737 870/663/736 872/665/738
f 872/665/738 873/666/739 871/664/737
f 864/657/730 874/667/740 875/668/741
f 875/668/741 876/669/742 864/657/730
f 865/658/731 864/657/730 876/669/742
f 876/669/742 877/670/743 865/658/731
f 865/658/731 877/670/743 872/665/738
f 866/659/732 865/658/731 872/665/738
f 872/665/738 870/663/736 866/659/732
f 866/659/732 870/663/736 867/660/733
f 874/667/740 878/671/744 879/672/745
f 879/672/745 878/671/744 880/673/746
f 880/673/746 881/674/747 879/672/745
f 882/675/748 881/674/747 880/673/746
f 882/675/748 883/676/749 881/674/747
f 881/674/747 883/676/749 884/677/750
f 884/677/750 879/672/745 881/674/747
f 879/672/745 884/677/750 885/678/751
f 885/678/751 886/679/752 879/672/745
f 879/672/745 886/679/752 874/667/740
f 886/679/752 875/668/741 874/667/740
f 887/680/753 882/675/748 880/673/746
f 888/681/754 889/682/755 890/683/756
f 889/682/755 887/680/753 890/683/756
f 890/683/756 887/680/753 891/684/757
f 887/680/753 880/673/746 891/684/757
f 880/673/746 892/685/758 891/684/757
f 880/673/746 878/671/744 892/685/758
f 893/686/759 892/685/758 878/671/744
f 878/671/744 874/667/740 893/686/759
f 863/656/729 893/686/759 874/667/740
f 874/667/740 864/657/730 863/656/729
f 890/683/756 891/684/757 892/685/758
f 892/685/758 888/681/754 890/683/756
f 893/686/759 888/681/754 892/685/758
f 894/687/760 888/688/754 893/686/759
f 863/656/729 860/653/726 895/689/761
f 895/689/761 896/690/762 863/656/729
f 893/686/759 863/656/729 896/690/762
f 896/690/762 897/691/763 893/686/759
f 893/686/759 897/691/763 894/687/760
f 898/692/764 894/687/760 897/691/763
f 897/691/763 896/690/762 898/692/764
f 899/693/765 898/692/764 896/690/762
f 896/690/762 895/689/761 899/693/765
f 900/694/766 889/695/755 888/688/754
f 888/688/754 894/687/760 900/694/766
f 901/696/767 900/694/766 894/687/760
f 894/687/760 898/692/764 901/696/767
f 902/697/768 901/696/767 898/692/764
f 898/692/764 899/693/765 902/697/768
f 903/698/769 902/697/768 899/693/765
f 899/693/765 859/699/725 903/698/769
f 860/653/726 859/699/725 899/693/765
f 899/693/765 895/689/761 860/653/726
f 904/700/770 903/698/769 871/701/737
f 901/696/767 902/697/768 903/698/769
f 903/698/769 904/700/770 901/696/767
f 900/694/766 901/696/767 904/700/770
f 904/700/770 889/695/755 900/694/766
f 889/695/755 904/700/770 905/702/771
f 871/701/737 905/702/771 904/700/770
f 905/702/771 871/701/737 873/703/739
f 873/703/739 906/704/772 905/702/771
f 884/705/750 905/702/771 906/704/772
f 906/704/772 885/706/751 884/705/750
f 905/702/771 884/705/750 889/695/755
f 772/474/641 773/476/642 786/475/655
f 786/475/655 785/473/654 772/474/641
f 770/472/639 772/474/641 785/473/654
f 785/473/654 784/471/653 770/472/639
f 771/470/640 770/472/639 784/471/653
f 784/471/653 783/469/652 771/470/640
f 806/468/675 771/470/640 783/469/652
f 783/469/652 790/467/659 806/468/675
f 805/465/674 806/468/675 790/467/659
f 790/467/659 788/466/657 805/465/674
f 805/465/674 788/466/657 786/463/655
f 786/463/655 773/464/642 805/465/674
f 862/655/728 868/661/734 907/707/773
f 861/654/727 862/655/728 907/707/773
f 861/654/727 907/707/773 908/708/774
f 861/654/727 908/708/774 859/652/725
f 908/708/774 903/709/769 859/652/725
f 908/708/774 907/707/773 903/709/769
f 868/710/734 903/709/769 907/707/773
f 868/710/734 869/711/735 903/709/769
f 903/709/769 869/711/735 871/712/737
f 909/713/775 910/714/776 911/715/777
f 911/715/777 912/716/778 909/713/775
f 912/716/778 911/715/777 913/717/779
f 913/717/779 914/718/780 912/716/778
f 915/719/781 909/713/775 912/716/778
f 912/716/778 916/720/782 915/719/781
f 916/720/782 912/716/778 914/718/780
f 914/718/780 917/721/783 916/720/782
f 916/720/782 917/721/783 918/722/784
f 915/719/781 919/723/785 920/724/786
f 920/724/786 921/725/787 915/719/781
f 909/713/775 915/719/781 921/725/787
f 921/725/787 922/726/788 909/713/775
f 910/714/776 909/713/775 922/726/788
f 922/726/788 923/727/789 910/714/776
f 924/728/790 925/729/791 926/730/792
f 927/731/793 926/730/792 925/729/791
f 925/729/791 928/732/794 927/731/793
f 929/733/795 927/731/793 928/732/794
f 928/732/794 930/734/796 929/733/795
f 918/722/784 929/733/795 930/734/796
f 930/734/796 931/735/797 918/722/784
f 918/722/784 931/735/797 916/720/782
f 916/720/782 931/735/797 919/723/785
f 919/723/785 915/719/781 916/720/782
f 932/736/798 933/737/799 925/729/791
f 928/732/794 925/729/791 933/737/799
f 933/737/799 934/738/800 928/732/794
f 930/734/796 928/732/794 934/738/800
f 934/738/800 935/739/801 930/734/796
f 931/735/797 930/734/796 935/739/801
f 935/739/801 919/723/785 931/735/797
f 919/723/785 935/739/801 936/740/802
f 936/740/802 920/724/786 919/723/785
f 937/741/803 936/740/802 935/739/801
f 935/739/801 934/738/800 937/741/803
f 938/742/804 937/741/803 934/738/800
f 934/738/800 933/737/799 938/742/804
f 939/743/805 938/742/804 933/737/799
f 933/737/799 932/736/798 939/743/805
f 923/744/789 939/743/805 932/736/798
f 932/736/798 910/745/776 923/744/789
f 910/745/776 932/736/798 924/728/790
f 925/729/791 924/728/790 932/736/798
f 926/730/792 940/746/806 924/728/790
f 911/747/777 924/728/790 940/746/806
f 924/728/790 911/747/777 910/745/776
f 940/746/806 913/748/779 911/747/777
f 941/570/517 942/572/532 943/571/533
f 944/565/518 941/570/517 945/566/529
f 943/571/533 945/566/529 941/570/517
f 945/566/529 943/571/533 946/567/530
f 947/556/523 948/564/519 944/565/518
f 944/565/518 949/545/512 947/556/523
f 945/566/529 949/545/512 944/565/518
f 949/545/512 945/566/529 950/543/510
f 946/567/530 950/543/510 945/566/529
f 950/543/510 946/567/530 951/568/531
f 951/568/531 952/546/513 950/543/510
f 952/546/513 951/568/531 942/569/532
f 942/569/532 941/550/517 952/546/513
f 953/547/514 952/546/513 941/550/517
f 950/543/510 954/544/511 949/545/512
f 954/544/511 950/543/510 952/546/513
f 952/546/513 953/547/514 954/544/511
f 954/544/511 953/547/514 955/548/515
f 955/548/515 956/549/516 954/544/511
f 941/550/517 944/551/518 953/547/514
f 953/547/514 944/551/518 948/552/519
f 948/552/519 955/548/515 953/547/514
f 957/553/520 955/548/515 948/552/519
f 955/548/515 957/553/520 958/554/521
f 958/554/521 956/549/516 955/548/515
f 956/549/516 958/554/521 959/555/522
f 959/555/522 947/556/523 956/549/516
f 956/549/516 947/556/523 949/545/512
f 949/545/512 954/544/511 956/549/516
f 948/552/519 960/557/524 957/553/520
f 960/557/524 961/558/525 962/559/526
f 962/559/526 957/553/520 960/557/524
f 957/553/520 962/559/526 963/560/527
f 963/560/527 958/554/521 957/553/520
f 958/554/521 963/560/527 964/561/528
f 964/561/528 959/555/522 958/554/521
f 959/555/522 964/561/528 961/562/525
f 961/562/525 960/563/524 959/555/522
f 947/556/523 959/555/522 960/563/524
f 960/563/524 948/564/519 947/556/523
f 887/680/753 889/682/755 882/749/748
f 889/682/755 883/750/749 882/749/748
f 884/751/750 883/750/749 889/682/755
f 965/752/224 937/753/803 938/754/804
f 937/753/803 965/752/224 906/755/224
f 906/755/224 936/756/802 937/753/803
f 936/756/802 906/755/224 966/757/807
f 966/757/807 920/758/786 936/756/802
f 921/759/787 920/758/786 966/757/807
f 966/757/807 967/760/808 921/759/787
f 921/759/787 967/760/808 877/761/809
f 877/761/809 922/762/788 921/759/787
f 922/762/788 877/761/809 876/763/742
f 876/763/742 923/764/789 922/762/788
f 923/764/789 876/763/742 875/765/741
f 875/765/741 939/766/805 923/764/789
f 939/766/805 875/765/741 886/767/810
f 886/767/810 938/754/804 939/766/805
f 938/754/804 886/767/810 965/752/224
f 926/768/792 927/769/793 968/770/811
f 968/770/811 969/771/812 926/768/792
f 940/772/806 926/768/792 969/771/812
f 969/771/812 970/773/813 940/772/806
f 913/774/779 940/772/806 970/773/813
f 970/773/813 971/775/5 913/774/779
f 914/776/780 913/777/779 971/778/5
f 971/778/5 972/779/96 914/776/780
f 917/780/783 914/776/780 972/779/96
f 972/779/96 973/781/814 917/780/783
f 918/782/784 917/780/783 973/781/814
f 973/781/814 974/783/100 918/782/784
f 929/784/795 918/782/784 974/783/100
f 974/783/100 975/785/4 929/784/795
f 927/769/793 929/784/795 975/785/4
f 975/785/4 968/770/811 927/769/793
f 976/786/815 977/787/816 978/788/817
f 979/789/811 977/787/816 976/786/815
f 976/786/815 980/790/100 979/789/811
f 977/787/816 979/791/811 981/792/818
f 982/793/819 980/794/100 976/786/815
f 983/795/820 984/796/821 985/797/822
f 985/797/822 986/798/823 983/795/820
f 986/798/823 985/797/822 987/799/824
f 987/799/824 985/797/822 988/800/825
f 988/800/825 981/792/818 987/799/824
f 981/792/818 988/800/825 977/787/816
f 977/787/816 988/800/825 989/801/826
f 989/801/826 978/788/817 977/787/816
f 990/802/827 978/788/817 989/801/826
f 978/788/817 990/802/827 976/786/815
f 989/801/826 988/800/825 985/797/822
f 985/797/822 984/796/821 989/801/826
f 989/801/826 984/796/821 991/803/828
f 987/799/824 992/804/812 986/798/823
f 989/801/826 993/805/829 990/802/827
f 991/803/828 993/805/829 989/801/826
f 994/806/830 993/805/829 991/803/828
f 991/803/828 995/807/831 994/806/830
f 990/802/827 993/805/829 994/806/830
f 994/806/830 976/786/815 990/802/827
f 976/786/815 994/806/830 982/793/819
f 982/793/819 994/806/830 995/807/831
f 995/807/831 996/808/832 982/793/819
f 996/808/832 995/807/831 997/809/833
f 997/809/833 995/807/831 991/803/828
f 991/803/828 998/810/834 997/809/833
f 997/809/833 999/811/814 996/808/832
f 999/812/814 997/809/833 1000/813/835
f 1000/813/835 997/809/833 998/810/834
f 998/810/834 1001/814/836 1000/813/835
f 1001/814/836 998/810/834 991/803/828
f 991/803/828 1002/815/837 1001/814/836
f 1002/815/837 991/803/828 984/796/821
f 984/796/821 1003/816/838 1002/815/837
f 1003/816/838 984/796/821 983/795/820
f 983/795/820 1004/817/839 1003/816/838
f 1004/817/839 983/795/820 986/798/823
f 986/798/823 1005/818/840 1004/817/839
f 1006/819/5 1005/818/840 986/798/823
f 986/798/823 992/820/812 1006/819/5
f 1003/816/838 1004/817/839 1005/818/840
f 1005/818/840 1007/821/841 1003/816/838
f 1003/816/838 1007/821/841 1008/822/842
f 1008/822/842 1002/815/837 1003/816/838
f 1001/814/836 1002/815/837 1008/822/842
f 1008/822/842 1000/813/835 1001/814/836
f 1000/813/835 1008/822/842 1009/823/93
f 1009/823/93 1008/822/842 1007/821/841
f 1007/821/841 1010/824/843 1009/823/93
f 1010/824/843 1007/821/841 1005/818/840
f 1005/818/840 1006/825/5 1010/824/843
f 1009/823/93 1011/826/5 1000/813/835
f 1000/813/835 1011/827/5 999/812/814
f 1012/36/814 1013/37/814 1014/33/814
f 1014/33/814 1015/34/814 1016/35/814
f 1016/35/814 1012/36/814 1014/33/814
f 1012/36/814 1016/35/814 1017/32/814
f 1012/36/814 1017/32/814 1013/37/814
f 1018/19/814 1013/37/814 1017/32/814
f 1019/38/814 1013/37/814 1018/19/814
f 1020/39/814 1019/38/814 1018/19/814
f 1021/40/814 1020/39/814 1018/19/814
f 1022/41/814 1021/40/814 1018/19/814
f 1023/18/814 1022/41/814 1018/19/814
f 1024/42/814 1025/43/814 1016/35/814
f 1026/44/814 1024/42/814 1016/35/814
f 1015/34/814 1026/44/814 1016/35/814
f 1027/5/814 1023/18/814 1018/19/814
f 1018/19/814 1028/20/814 1027/5/814
f 1029/6/814 1027/5/814 1028/20/814
f 1028/20/814 1030/21/814 1029/6/814
f 1031/12/814 1029/6/814 1030/21/814
f 1030/21/814 1032/22/814 1031/12/814
f 1033/14/814 1031/12/814 1032/22/814
f 1032/22/814 1034/23/814 1033/14/814
f 1035/16/814 1033/14/814 1034/23/814
f 1034/23/814 1036/24/814 1035/16/814
f 1037/4/814 1027/5/814 1029/6/814
f 1038/7/814 1037/4/814 1029/6/814
f 1039/8/814 1038/7/814 1029/6/814
f 1040/9/814 1039/8/814 1029/6/814
f 1041/10/814 1040/9/814 1029/6/814
f 1042/11/814 1041/10/814 1029/6/814
f 1029/6/814 1031/12/814 1042/11/814
f 1043/13/814 1042/11/814 1031/12/814
f 1031/12/814 1033/14/814 1043/13/814
f 1033/14/814 1044/15/814 1043/13/814
f 1044/15/814 1033/14/814 1035/16/814
f 1044/15/814 1035/16/814 1045/17/814
f 1044/15/814 1045/17/814 1043/13/814
f 1046/25/814 1036/24/814 1034/23/814
f 1036/24/814 1046/25/814 1047/26/814
f 1046/25/814 1048/27/814 1047/26/814
f 1046/25/814 1034/23/814 1048/27/814
f 1049/28/814 1048/27/814 1034/23/814
f 1034/23/814 1032/22/814 1049/28/814
f 1050/29/814 1049/28/814 1032/22/814
f 1032/22/814 1030/21/814 1050/29/814
f 1051/30/814 1050/29/814 1030/21/814
f 1030/21/814 1028/20/814 1051/30/814
f 1052/31/814 1051/30/814 1028/20/814
f 1028/20/814 1018/19/814 1052/31/814
f 1017/32/814 1052/31/814 1018/19/814
f 1053/14/812 1054/12/812 1055/11/812
f 1056/10/812 1055/11/812 1054/12/812
f 1054/12/812 1057/6/812 1056/10/812
f 1057/6/812 1058/9/812 1056/10/812
f 1057/6/812 1059/8/812 1058/9/812
f 1057/6/812 1060/7/812 1059/8/812
f 1057/6/812 1061/4/812 1060/7/812
f 1057/6/812 1062/5/812 1061/4/812
f 1057/6/812 1054/12/812 1063/22/812
f 1064/23/812 1063/22/812 1054/12/812
f 1054/12/812 1053/14/812 1064/23/812
f 1065/24/812 1064/23/812 1053/14/812
f 1053/14/812 1066/16/812 1065/24/812
f 1066/16/812 1053/14/812 1067/15/812
f 1068/17/812 1066/16/812 1067/15/812
f 1069/13/812 1068/17/812 1067/15/812
f 1069/13/812 1067/15/812 1053/14/812
f 1055/11/812 1069/13/812 1053/14/812
f 1070/19/812 1071/20/812 1072/30/812
f 1073/29/812 1072/30/812 1071/20/812
f 1071/20/812 1074/21/812 1073/29/812
f 1075/28/812 1073/29/812 1074/21/812
f 1074/21/812 1063/22/812 1075/28/812
f 1076/27/812 1075/28/812 1063/22/812
f 1063/22/812 1064/23/812 1076/27/812
f 1076/27/812 1064/23/812 1077/25/812
f 1064/23/812 1065/24/812 1077/25/812
f 1078/26/812 1077/25/812 1065/24/812
f 1078/26/812 1076/27/812 1077/25/812
f 1070/19/812 1079/37/812 1080/38/812
f 1070/19/812 1080/38/812 1081/39/812
f 1070/19/812 1081/39/812 1082/40/812
f 1070/19/812 1082/40/812 1083/41/812
f 1070/19/812 1083/41/812 1084/18/812
f 1071/20/812 1070/19/812 1084/18/812
f 1084/18/812 1062/5/812 1071/20/812
f 1074/21/812 1071/20/812 1062/5/812
f 1062/5/812 1057/6/812 1074/21/812
f 1063/22/812 1074/21/812 1057/6/812
f 1085/59/844 1086/66/845 1087/124/846
f 1086/66/845 1085/59/844 1088/62/847
f 1089/72/848 1090/70/849 1091/65/850
f 1092/64/851 1091/65/850 1090/70/849
f 1090/70/849 1093/69/852 1092/64/851
f 1094/63/853 1092/64/851 1093/69/852
f 1093/69/852 1095/68/854 1094/63/853
f 1088/62/847 1094/63/853 1095/68/854
f 1095/68/854 1096/67/855 1088/62/847
f 1088/62/847 1096/67/855 1086/66/845
f 1086/66/845 1096/67/855 1097/89/856
f 1097/89/856 1098/126/857 1086/66/845
f 1099/78/858 1100/77/859 1090/70/849
f 1093/69/852 1090/70/849 1100/77/859
f 1100/77/859 1101/76/860 1093/69/852
f 1095/68/854 1093/69/852 1101/76/860
f 1101/76/860 1102/75/861 1095/68/854
f 1096/67/855 1095/68/854 1102/75/861
f 1102/75/861 1097/89/856 1096/67/855
f 1099/78/858 1103/83/862 1104/84/863
f 1100/77/859 1099/78/858 1104/84/863
f 1104/84/863 1105/85/864 1100/77/859
f 1101/76/860 1100/77/859 1105/85/864
f 1105/85/864 1106/86/865 1101/76/860
f 1102/75/861 1101/76/860 1106/86/865
f 1106/86/865 1107/87/866 1102/75/861
f 1097/89/856 1102/75/861 1107/87/866
f 1107/87/866 1108/88/867 1097/89/856
f 1097/89/856 1108/88/867 1109/127/868
f 1109/127/868 1098/126/857 1097/89/856
f 1098/126/857 1109/127/868 1110/128/869
f 1110/128/869 1111/125/870 1098/126/857
f 1112/129/871 1111/125/870 1110/128/869
f 1113/123/872 1111/125/870 1112/129/871
f 1112/129/871 1114/130/873 1113/123/872
f 1115/121/874 1113/123/872 1114/130/873
f 1114/130/873 1116/131/875 1115/121/874
f 1117/119/876 1115/121/874 1116/131/875
f 1116/131/875 1118/132/877 1117/119/876
f 1086/66/845 1098/126/857 1111/125/870
f 1111/125/870 1087/124/846 1086/66/845
f 1119/122/878 1087/124/846 1111/125/870
f 1111/125/870 1113/123/872 1119/122/878
f 1120/120/879 1119/122/878 1113/123/872
f 1113/123/872 1115/121/874 1120/120/879
f 1121/116/880 1120/120/879 1115/121/874
f 1115/121/874 1117/119/876 1121/116/880
f 1122/117/855 1121/116/880 1117/119/876
f 1117/119/876 1123/118/856 1122/117/855
f 1124/145/881 1122/117/855 1123/118/856
f 1123/118/856 1125/147/882 1124/145/881
f 1123/118/856 1117/119/876 1118/132/877
f 1118/132/877 1126/146/867 1123/118/856
f 1123/118/856 1126/146/867 1127/151/96
f 1127/151/96 1125/147/882 1123/118/856
f 1128/148/882 1125/147/882 1127/151/96
f 1125/147/882 1128/148/882 1129/149/881
f 1129/149/881 1124/145/881 1125/147/882
f 1130/136/883 1124/145/881 1129/149/881
f 1122/117/855 1124/145/881 1130/136/883
f 1130/136/883 1131/137/884 1122/117/855
f 1127/151/96 1132/150/96 1128/148/882
f 1133/140/885 1134/138/886 1135/201/887
f 1136/202/888 1135/201/887 1134/138/886
f 1134/138/886 1137/134/889 1136/202/888
f 1138/203/813 1136/202/888 1137/134/889
f 1137/134/889 1139/135/890 1138/203/813
f 1138/203/813 1139/135/890 1140/143/891
f 1140/143/891 1139/135/890 1130/136/883
f 1130/136/883 1141/144/883 1140/143/891
f 1129/149/881 1141/144/883 1130/136/883
f 1140/143/891 1142/204/892 1138/203/813
f 1131/137/884 1130/136/883 1139/135/890
f 1139/135/890 1137/134/889 1131/137/884
f 1143/139/893 1131/137/884 1137/134/889
f 1137/134/889 1134/138/886 1143/139/893
f 1144/141/894 1143/139/893 1134/138/886
f 1134/138/886 1133/140/885 1144/141/894
f 1145/133/895 1144/141/894 1133/140/885
f 1133/140/885 1146/142/896 1145/133/895
f 1147/58/897 1145/133/895 1146/142/896
f 1146/142/896 1148/57/898 1147/58/897
f 1147/58/897 1148/57/898 1149/60/899
f 1121/116/880 1122/117/855 1131/137/884
f 1131/137/884 1143/139/893 1121/116/880
f 1120/120/879 1121/116/880 1143/139/893
f 1143/139/893 1144/141/894 1120/120/879
f 1119/122/878 1120/120/879 1144/141/894
f 1144/141/894 1145/133/895 1119/122/878
f 1087/124/846 1119/122/878 1145/133/895
f 1145/133/895 1147/58/897 1087/124/846
f 1087/124/846 1147/58/897 1085/59/844
f 1149/60/899 1085/59/844 1147/58/897
f 1088/62/847 1085/59/844 1149/60/899
f 1149/60/899 1150/61/900 1088/62/847
f 1094/63/853 1088/62/847 1150/61/900
f 1150/61/900 1151/56/901 1094/63/853
f 1092/64/851 1094/63/853 1151/56/901
f 1151/56/901 1152/54/902 1092/64/851
f 1091/65/850 1092/64/851 1152/54/902
f 1152/54/902 1153/52/903 1091/65/850
f 1154/71/904 1091/65/850 1153/52/903
f 1153/52/903 1155/47/905 1154/71/904
f 1155/47/905 1156/50/906 1157/49/907
f 1158/51/908 1156/50/906 1155/47/905
f 1159/53/909 1158/51/908 1155/47/905
f 1155/47/905 1153/52/903 1159/53/909
f 1160/55/910 1159/53/909 1153/52/903
f 1153/52/903 1152/54/902 1160/55/910
f 1161/194/887 1160/55/910 1152/54/902
f 1152/54/902 1151/56/901 1161/194/887
f 1162/195/888 1161/194/887 1151/56/901
f 1151/56/901 1150/61/900 1162/195/888
f 1154/71/904 1155/47/905 1163/46/911
f 1157/49/907 1163/46/911 1155/47/905
f 1163/46/911 1157/49/907 1164/114/888
f 1164/114/888 1165/48/889 1163/46/911
f 1166/112/912 1165/48/889 1164/114/888
f 1165/48/889 1166/112/912 1167/104/893
f 1168/103/851 1167/104/893 1166/112/912
f 1167/104/893 1168/103/851 1169/96/913
f 1170/97/914 1169/96/913 1168/103/851
f 1169/96/913 1170/97/914 1171/93/915
f 1164/114/888 1172/113/887 1166/112/912
f 1173/111/902 1166/112/912 1172/113/887
f 1166/112/912 1173/111/902 1168/103/851
f 1174/102/916 1168/103/851 1173/111/902
f 1168/103/851 1174/102/916 1170/97/914
f 1173/111/902 1175/108/917 1174/102/916
f 1175/108/917 1173/111/902 1176/115/918
f 1172/113/887 1176/115/918 1173/111/902
f 1176/115/918 1177/110/919 1175/108/917
f 1177/110/919 1178/109/920 1179/107/921
f 1179/107/921 1175/108/917 1177/110/919
f 1175/108/917 1179/107/921 1180/101/922
f 1180/101/922 1174/102/916 1175/108/917
f 1174/102/916 1180/101/922 1181/98/923
f 1181/98/923 1170/97/914 1174/102/916
f 1170/97/914 1181/98/923 1182/99/924
f 1182/99/924 1171/93/915 1170/97/914
f 1171/93/915 1182/99/924 1183/100/925
f 1183/100/925 1184/94/864 1171/93/915
f 1185/91/926 1171/93/915 1184/94/864
f 1184/94/864 1186/92/875 1185/91/926
f 1187/82/927 1185/91/926 1186/92/875
f 1186/92/875 1188/90/866 1187/82/927
f 1189/81/856 1187/82/927 1188/90/866
f 1188/90/866 1190/80/867 1189/81/856
f 1189/81/856 1190/80/867 1191/79/928
f 1191/79/928 1192/74/929 1189/81/856
f 1192/74/929 1191/79/928 1103/83/862
f 1103/83/862 1099/78/858 1192/74/929
f 1171/93/915 1185/91/926 1169/96/913
f 1193/95/930 1169/96/913 1185/91/926
f 1185/91/926 1187/82/927 1193/95/930
f 1194/105/855 1193/95/930 1187/82/927
f 1187/82/927 1189/81/856 1194/105/855
f 1195/73/931 1194/105/855 1189/81/856
f 1189/81/856 1192/74/929 1195/73/931
f 1195/73/931 1192/74/929 1099/78/858
f 1099/78/858 1089/72/848 1195/73/931
f 1090/70/849 1089/72/848 1099/78/858
f 1193/95/930 1194/105/855 1196/106/932
f 1196/106/932 1194/105/855 1195/73/931
f 1195/73/931 1197/45/933 1196/106/932
f 1197/45/933 1195/73/931 1089/72/848
f 1169/96/913 1193/95/930 1167/104/893
f 1196/106/932 1167/104/893 1193/95/930
f 1167/104/893 1196/106/932 1165/48/889
f 1163/46/911 1165/48/889 1196/106/932
f 1196/106/932 1197/45/933 1163/46/911
f 1163/46/911 1197/45/933 1154/71/904
f 1089/72/848 1154/71/904 1197/45/933
f 1091/65/850 1154/71/904 1089/72/848
f 1162/195/888 1150/61/900 1149/60/899
f 1149/60/899 1198/196/887 1162/195/888
f 1198/196/887 1149/60/899 1148/57/898
f 1148/57/898 1199/197/919 1198/196/887
f 1199/197/919 1148/57/898 1200/198/934
f 1201/199/935 1200/198/934 1148/57/898
f 1148/57/898 1146/142/896 1201/199/935
f 1202/200/918 1201/199/935 1146/142/896
f 1146/142/896 1133/140/885 1202/200/918
f 1135/201/887 1202/200/918 1133/140/885
f 1157/153/907 1191/152/928 1190/155/867
f 1190/155/867 1164/154/888 1157/153/907
f 1164/154/888 1190/155/867 1188/157/866
f 1188/157/866 1172/156/887 1164/154/888
f 1172/156/887 1188/157/866 1186/159/875
f 1186/159/875 1176/158/918 1172/156/887
f 1176/158/918 1186/159/875 1184/161/864
f 1184/161/864 1177/160/919 1176/158/918
f 1177/160/919 1184/161/864 1183/163/925
f 1183/163/925 1178/162/920 1177/160/919
f 1161/165/887 1107/164/866 1106/167/865
f 1106/167/865 1160/166/910 1161/165/887
f 1160/166/910 1106/167/865 1105/169/864
f 1105/169/864 1159/168/909 1160/166/910
f 1159/168/909 1105/169/864 1104/171/863
f 1104/171/863 1158/170/908 1159/168/909
f 1158/170/908 1104/171/863 1103/173/862
f 1103/173/862 1156/172/906 1158/170/908
f 1156/172/906 1103/173/862 1191/152/928
f 1191/152/928 1157/153/907 1156/172/906
f 1201/175/935 1114/174/873 1112/177/871
f 1112/177/871 1200/176/934 1201/175/935
f 1200/176/934 1112/177/871 1110/179/869
f 1110/179/869 1199/178/919 1200/176/934
f 1199/178/919 1110/179/869 1109/181/868
f 1109/181/868 1198/180/887 1199/178/919
f 1198/180/887 1109/181/868 1108/183/867
f 1108/183/867 1162/182/888 1198/180/887
f 1162/182/888 1108/183/867 1107/164/866
f 1107/164/866 1161/165/887 1162/182/888
f 1142/185/892 1132/184/96 1127/187/96
f 1127/187/96 1138/186/813 1142/185/892
f 1136/189/888 1138/186/813 1127/187/96
f 1127/187/96 1126/188/867 1136/189/888
f 1136/189/888 1126/188/867 1118/191/877
f 1118/191/877 1135/190/887 1136/189/888
f 1135/190/887 1118/191/877 1116/193/875
f 1116/193/875 1202/192/918 1135/190/887
f 1202/192/918 1116/193/875 1114/174/873
f 1114/174/873 1201/175/935 1202/192/918
f 1203/217/936 1204/216/937 1205/215/938
f 1204/216/937 1203/217/936 1206/218/939
f 1207/219/940 1204/216/937 1206/218/939
f 1204/216/937 1207/219/940 1208/220/941
f 1209/213/942 1204/216/937 1208/220/941
f 1210/210/943 1209/213/942 1208/220/941
f 1211/207/944 1210/210/943 1208/220/941
f 1212/206/945 1211/207/944 1208/220/941
f 1213/221/946 1212/206/945 1208/220/941
f 1214/222/947 1213/221/946 1208/220/941
f 1211/207/944 1212/206/945 1215/205/948
f 1216/208/949 1211/207/944 1215/205/948
f 1211/207/944 1216/208/949 1217/209/950
f 1210/210/943 1211/207/944 1217/209/950
f 1218/211/951 1210/210/943 1217/209/950
f 1210/210/943 1218/211/951 1219/212/952
f 1209/213/942 1210/210/943 1219/212/952
f 1220/214/953 1209/213/942 1219/212/952
f 1209/213/942 1220/214/953 1205/215/938
f 1204/216/937 1209/213/942 1205/215/938
f 1221/223/954 1214/222/947 1208/220/941
f 1214/222/947 1221/223/954 1222/224/955
f 1223/225/956 1214/222/947 1222/224/955
f 1214/222/947 1223/225/956 1224/226/957
f 1213/221/946 1214/222/947 1224/226/957
f 1225/227/958 1213/221/946 1224/226/957
f 1213/221/946 1225/227/958 1226/228/959
f 1212/206/945 1213/221/946 1226/228/959
f 1227/229/960 1212/206/945 1226/228/959
f 1212/206/945 1227/229/960 1215/205/948
f 1228/32/812 1229/35/812 1230/36/812
f 1229/35/812 1231/43/812 1232/42/812
f 1229/35/812 1232/42/812 1233/44/812
f 1229/35/812 1233/44/812 1234/34/812
f 1229/35/812 1234/34/812 1235/33/812
f 1235/33/812 1230/36/812 1229/35/812
f 1235/33/812 1079/37/812 1230/36/812
f 1079/37/812 1228/32/812 1230/36/812
f 1236/31/812 1228/32/812 1079/37/812
f 1079/37/812 1070/19/812 1236/31/812
f 1072/30/812 1236/31/812 1070/19/812
f 1237/342/224 1238/343/224 1239/336/961
f 1238/343/224 1240/339/962 1239/336/961
f 1239/336/961 1240/339/962 1241/334/963
f 1241/334/963 1242/335/964 1239/336/961
f 1238/343/224 1243/344/965 1240/339/962
f 1240/339/962 1243/344/965 1244/345/966
f 1244/345/966 1241/334/963 1240/339/962
f 1241/334/963 1244/345/966 1245/333/967
f 1245/333/967 1246/331/968 1241/334/963
f 1242/335/964 1241/334/963 1246/331/968
f 1246/331/968 1247/828/969 1242/335/964
f 1248/337/970 1242/335/964 1247/828/969
f 1239/336/961 1242/335/964 1248/337/970
f 1239/336/961 1248/337/970 1249/338/971
f 1247/828/969 1250/352/972 1248/337/970
f 1251/350/973 1252/349/974 1253/346/975
f 1252/349/974 1251/350/973 1254/351/976
f 1254/351/976 1255/353/977 1252/349/974
f 1255/353/977 1254/351/976 1250/352/972
f 1250/352/972 1256/829/978 1255/353/977
f 1256/829/978 1250/352/972 1247/828/969
f 1247/828/969 1257/329/979 1256/829/978
f 1257/329/979 1247/828/969 1246/331/968
f 1246/331/968 1258/332/980 1257/329/979
f 1258/332/980 1246/331/968 1245/333/967
f 1259/309/981 1260/830/982 1257/329/979
f 1257/329/979 1258/332/980 1259/309/981
f 1261/831/983 1256/829/978 1257/329/979
f 1257/329/979 1260/830/982 1261/831/983
f 1262/326/984 1261/831/983 1260/830/982
f 1260/830/982 1263/311/985 1262/326/984
f 1259/309/981 1263/311/985 1260/830/982
f 1259/309/981 1264/832/986 1263/311/985
f 1259/309/981 1265/310/987 1264/832/986
f 1245/333/967 1266/312/988 1258/332/980
f 1259/309/981 1258/332/980 1266/312/988
f 1266/312/988 1267/313/989 1259/309/981
f 1259/309/981 1267/313/989 1268/314/990
f 1268/314/990 1265/310/987 1259/309/981
f 1265/310/987 1268/314/990 1269/315/991
f 1269/315/991 1270/833/992 1265/310/987
f 1264/832/986 1265/310/987 1270/833/992
f 1270/833/992 1271/834/993 1264/832/986
f 1264/832/986 1271/834/993 1272/317/994
f 1272/317/994 1263/311/985 1264/832/986
f 1263/311/985 1272/317/994 1273/318/995
f 1273/318/995 1262/326/984 1263/311/985
f 1274/325/996 1262/326/984 1273/318/995
f 1262/326/984 1274/325/996 1261/831/983
f 1275/835/997 1261/831/983 1274/325/996
f 1256/829/978 1261/831/983 1275/835/997
f 1275/835/997 1255/353/977 1256/829/978
f 1255/353/977 1275/835/997 1276/836/998
f 1276/836/998 1252/349/974 1255/353/977
f 1274/325/996 1277/322/999 1275/835/997
f 1277/322/999 1278/319/1000 1275/835/997
f 1278/319/1000 1279/837/1001 1275/835/997
f 1275/835/997 1279/837/1001 1280/838/1002
f 1280/838/1002 1276/836/998 1275/835/997
f 1279/837/1001 1281/321/1003 1282/839/1004
f 1281/321/1003 1279/837/1001 1278/319/1000
f 1278/319/1000 1283/320/1005 1281/321/1003
f 1283/320/1005 1278/319/1000 1277/322/999
f 1277/322/999 1284/323/1006 1283/320/1005
f 1285/324/1007 1284/323/1006 1277/322/999
f 1277/322/999 1274/325/996 1285/324/1007
f 1273/318/995 1285/324/1007 1274/325/996
f 1286/840/1008 1287/841/1009 1288/842/1010
f 1289/843/1011 1288/842/1010 1287/841/1009
f 1287/841/1009 1290/355/1012 1289/843/1011
f 1289/843/1011 1290/355/1012 1291/844/1013
f 1276/836/998 1291/844/1013 1290/355/1012
f 1292/845/1014 1291/844/1013 1276/836/998
f 1280/838/1002 1292/845/1014 1276/836/998
f 1293/846/1015 1292/845/1014 1280/838/1002
f 1280/838/1002 1282/839/1004 1293/846/1015
f 1282/839/1004 1280/838/1002 1279/837/1001
f 1291/844/1013 1294/847/1016 1289/843/1011
f 1293/846/1015 1294/847/1016 1291/844/1013
f 1291/844/1013 1292/845/1014 1293/846/1015
f 1290/355/1012 1287/841/1009 1295/848/1017
f 1295/848/1017 1296/849/1018 1290/355/1012
f 1290/355/1012 1296/849/1018 1276/836/998
f 1297/850/1019 1298/851/1020 1299/367/1021
f 1298/851/1020 1300/852/1022 1299/367/1021
f 1301/853/1023 1300/852/1022 1298/851/1020
f 1302/854/1024 1301/853/1023 1298/851/1020
f 1303/855/1025 1302/854/1024 1298/851/1020
f 1298/851/1020 1295/848/1017 1303/855/1025
f 1304/856/1026 1303/855/1025 1295/848/1017
f 1305/857/1027 1304/856/1026 1295/848/1017
f 1295/848/1017 1286/840/1008 1305/857/1027
f 1287/841/1009 1286/840/1008 1295/848/1017
f 1288/842/1010 1306/858/1028 1286/840/1008
f 1305/857/1027 1286/840/1008 1306/858/1028
f 1306/858/1028 1307/859/1029 1305/857/1027
f 1304/856/1026 1305/857/1027 1307/859/1029
f 1307/859/1029 1308/860/1030 1304/856/1026
f 1303/855/1025 1304/856/1026 1308/860/1030
f 1308/860/1030 1309/861/1031 1303/855/1025
f 1302/854/1024 1303/855/1025 1309/861/1031
f 1309/861/1031 1310/862/1032 1302/854/1024
f 1301/853/1023 1302/854/1024 1310/862/1032
f 1310/862/1032 1311/863/1033 1301/853/1023
f 1300/852/1022 1301/853/1023 1311/863/1033
f 1311/863/1033 1312/864/1034 1300/852/1022
f 1299/367/1021 1300/852/1022 1312/864/1034
f 1312/864/1034 1313/865/1035 1299/367/1021
f 1313/865/1035 1314/866/1036 1299/367/1021
f 1315/867/1037 1299/367/1021 1314/866/1036
f 1314/866/1036 1316/868/1038 1315/867/1037
f 1317/869/1039 1315/867/1037 1316/868/1038
f 1316/868/1038 1318/870/1040 1317/869/1039
f 1319/871/1041 1317/869/1039 1318/870/1040
f 1318/870/1040 1320/872/1042 1319/871/1041
f 1321/873/1043 1319/871/1041 1320/872/1042
f 1320/872/1042 1322/874/1044 1321/873/1043
f 1323/875/1045 1321/873/1043 1322/874/1044
f 1321/873/1043 1323/875/1045 1297/850/1019
f 1297/850/1019 1319/871/1041 1321/873/1043
f 1317/869/1039 1319/871/1041 1297/850/1019
f 1315/867/1037 1317/869/1039 1297/850/1019
f 1299/367/1021 1315/867/1037 1297/850/1019
f 1324/876/1046 1325/877/1047 1323/875/1045
f 1252/349/974 1276/836/998 1296/849/1018
f 1296/849/1018 1253/346/975 1252/349/974
f 1253/346/975 1296/849/1018 1295/848/1017
f 1295/848/1017 1326/391/1048 1253/346/975
f 1326/391/1048 1295/848/1017 1298/851/1020
f 1298/851/1020 1327/397/1049 1326/391/1048
f 1328/396/1050 1327/397/1049 1298/851/1020
f 1298/851/1020 1297/850/1019 1328/396/1050
f 1328/396/1050 1297/850/1019 1329/878/1051
f 1329/878/1051 1297/850/1019 1323/875/1045
f 1330/401/1052 1331/395/1053 1332/394/1054
f 1331/395/1053 1330/401/1052 1333/402/1055
f 1333/402/1055 1328/396/1050 1331/395/1053
f 1328/396/1050 1333/402/1055 1334/403/1056
f 1334/403/1056 1327/397/1049 1328/396/1050
f 1327/397/1049 1334/403/1056 1335/398/1057
f 1335/398/1057 1326/391/1048 1327/397/1049
f 1326/391/1048 1335/398/1057 1336/392/1058
f 1336/392/1058 1253/346/975 1326/391/1048
f 1253/346/975 1336/392/1058 1251/350/973
f 1249/338/971 1248/337/970 1250/352/972
f 1250/352/972 1254/351/976 1249/338/971
f 1337/341/1059 1249/338/971 1254/351/976
f 1254/351/976 1251/350/973 1337/341/1059
f 1338/393/1060 1337/341/1059 1251/350/973
f 1251/350/973 1336/392/1058 1338/393/1060
f 1339/399/1061 1338/393/1060 1336/392/1058
f 1336/392/1058 1335/398/1057 1339/399/1061
f 1340/404/1062 1339/399/1061 1335/398/1057
f 1335/398/1057 1334/403/1056 1340/404/1062
f 1239/336/961 1249/338/971 1337/341/1059
f 1341/340/961 1239/336/961 1337/341/1059
f 1337/341/1059 1338/393/1060 1341/340/961
f 1342/405/961 1341/340/961 1338/393/1060
f 1338/393/1060 1339/399/1061 1342/405/961
f 1342/405/961 1339/399/1061 1340/404/1062
f 1342/405/961 1340/404/1062 1343/406/1063
f 1342/405/961 1343/406/1063 1344/879/1064
f 1345/408/961 1342/405/961 1344/879/1064
f 1344/879/1064 1346/880/1065 1345/408/961
f 1343/406/1063 1340/404/1062 1334/403/1056
f 1334/403/1056 1333/402/1055 1343/406/1063
f 1344/879/1064 1343/406/1063 1333/402/1055
f 1333/402/1055 1330/401/1052 1344/879/1064
f 1346/880/1065 1344/879/1064 1330/401/1052
f 1330/401/1052 1347/400/1066 1346/880/1065
f 1348/417/1067 1346/880/1065 1347/400/1066
f 1347/400/1066 1349/418/1068 1348/417/1067
f 1350/416/1069 1348/417/1067 1349/418/1068
f 1349/418/1068 1351/423/1070 1350/416/1069
f 1345/408/961 1346/880/1065 1348/417/1067
f 1345/408/961 1348/417/1067 1350/416/1069
f 1345/408/961 1350/416/1069 1352/415/1071
f 1353/409/961 1345/408/961 1352/415/1071
f 1352/415/1071 1354/414/1072 1353/409/961
f 1355/411/961 1353/409/961 1354/414/1072
f 1354/414/1072 1356/412/1073 1355/411/961
f 1355/411/961 1356/412/1073 1357/413/1074
f 1355/411/961 1357/413/1074 1358/881/1075
f 1355/411/961 1358/881/1075 1359/882/1076
f 1352/415/1071 1350/416/1069 1351/423/1070
f 1351/423/1070 1360/420/1077 1352/415/1071
f 1354/414/1072 1352/415/1071 1360/420/1077
f 1360/420/1077 1361/434/1078 1354/414/1072
f 1356/412/1073 1354/414/1072 1361/434/1078
f 1361/434/1078 1362/435/1079 1356/412/1073
f 1357/413/1074 1356/412/1073 1362/435/1079
f 1362/435/1079 1363/883/1080 1357/413/1074
f 1358/881/1075 1357/413/1074 1363/883/1080
f 1363/883/1080 1364/884/1081 1358/881/1075
f 1365/885/1082 1366/886/1083 1367/887/1084
f 1366/886/1083 1365/885/1082 1368/888/1085
f 1369/889/1086 1368/888/1085 1365/885/1082
f 1368/888/1085 1369/889/1086 1364/884/1081
f 1364/884/1081 1370/890/1087 1368/888/1085
f 1370/890/1087 1364/884/1081 1363/883/1080
f 1363/883/1080 1371/436/1088 1370/890/1087
f 1371/436/1088 1363/883/1080 1362/435/1079
f 1362/435/1079 1372/433/1089 1371/436/1088
f 1372/433/1089 1362/435/1079 1361/434/1078
f 1367/887/1084 1373/891/1090 1365/885/1082
f 1368/888/1085 1374/892/1091 1366/886/1083
f 1374/892/1091 1368/888/1085 1370/890/1087
f 1370/890/1087 1375/893/1092 1374/892/1091
f 1376/894/1093 1375/893/1092 1370/890/1087
f 1370/890/1087 1371/436/1088 1376/894/1093
f 1376/894/1093 1371/436/1088 1372/433/1089
f 1377/438/1094 1378/895/1095 1376/894/1093
f 1376/894/1093 1378/895/1095 1379/896/1096
f 1375/893/1092 1376/894/1093 1379/896/1096
f 1379/896/1096 1380/897/1097 1375/893/1092
f 1375/893/1092 1380/897/1097 1381/898/1098
f 1375/893/1092 1381/898/1098 1382/899/1099
f 1375/893/1092 1382/899/1099 1383/900/1100
f 1383/900/1100 1374/892/1091 1375/893/1092
f 1383/900/1100 1384/901/1101 1374/892/1091
f 1384/901/1101 1385/902/1102 1374/892/1091
f 1382/899/1099 1386/903/1103 1387/904/1104
f 1388/905/1105 1386/903/1103 1382/899/1099
f 1382/899/1099 1381/898/1098 1388/905/1105
f 1389/906/1106 1388/905/1105 1381/898/1098
f 1390/907/1107 1389/906/1106 1381/898/1098
f 1381/898/1098 1380/897/1097 1390/907/1107
f 1391/908/1108 1390/907/1107 1380/897/1097
f 1380/897/1097 1379/896/1096 1391/908/1108
f 1392/909/1109 1391/908/1108 1379/896/1096
f 1393/910/1110 1392/909/1109 1379/896/1096
f 1379/896/1096 1378/895/1095 1393/910/1110
f 1394/911/1111 1393/910/1110 1378/895/1095
f 1395/912/1112 1394/911/1111 1378/895/1095
f 1378/895/1095 1377/438/1094 1395/912/1112
f 1396/442/1113 1395/912/1112 1377/438/1094
f 1397/441/1114 1396/442/1113 1377/438/1094
f 1398/443/1115 1397/441/1114 1377/438/1094
f 1377/438/1094 1399/439/1116 1398/443/1115
f 1399/439/1116 1377/438/1094 1400/913/1117
f 1401/446/1118 1399/439/1116 1400/913/1117
f 1402/444/1119 1398/443/1115 1399/439/1116
f 1403/445/1120 1402/444/1119 1399/439/1116
f 1403/445/1120 1399/439/1116 1401/446/1118
f 1404/914/1121 1405/915/1122 1406/422/1123
f 1406/422/1123 1405/915/1122 1400/913/1117
f 1400/913/1117 1372/433/1089 1406/422/1123
f 1372/433/1089 1400/913/1117 1376/894/1093
f 1376/894/1093 1400/913/1117 1377/438/1094
f 1400/913/1117 1405/915/1122 1401/446/1118
f 1405/915/1122 1407/451/1124 1401/446/1118
f 1408/450/1125 1407/451/1124 1405/915/1122
f 1405/915/1122 1404/914/1121 1408/450/1125
f 1409/449/1126 1408/450/1125 1404/914/1121
f 1404/914/1121 1410/448/1127 1409/449/1126
f 1411/429/1128 1410/448/1127 1404/914/1121
f 1404/914/1121 1412/916/1129 1411/429/1128
f 1412/916/1129 1413/427/1130 1411/429/1128
f 1413/427/1130 1412/916/1129 1414/917/1131
f 1415/430/1132 1416/457/1133 1411/429/1128
f 1416/457/1133 1417/458/1134 1411/429/1128
f 1410/448/1127 1411/429/1128 1417/458/1134
f 1417/458/1134 1418/459/1135 1410/448/1127
f 1418/459/1135 1419/460/1136 1410/448/1127
f 1409/449/1126 1410/448/1127 1419/460/1136
f 1419/460/1136 1420/461/1137 1409/449/1126
f 1408/450/1125 1409/449/1126 1420/461/1137
f 1420/461/1137 1421/462/1138 1408/450/1125
f 1421/462/1138 1422/452/1139 1408/450/1125
f 1407/451/1124 1408/450/1125 1422/452/1139
f 1422/452/1139 1423/453/1140 1407/451/1124
f 1423/453/1140 1424/454/1141 1407/451/1124
f 1401/446/1118 1407/451/1124 1424/454/1141
f 1424/454/1141 1425/455/1142 1401/446/1118
f 1425/455/1142 1426/456/1143 1401/446/1118
f 329/410/224 1427/918/961 330/919/225
f 329/410/224 1428/920/961 1427/918/961
f 329/410/224 1355/411/961 1428/920/961
f 1353/409/961 1355/411/961 329/410/224
f 329/410/224 1429/407/224 1353/409/961
f 1429/407/224 1345/408/961 1353/409/961
f 1342/405/961 1345/408/961 1429/407/224
f 1429/407/224 1237/342/224 1342/405/961
f 1237/342/224 1341/340/961 1342/405/961
f 1239/336/961 1341/340/961 1237/342/224
f 1355/411/961 1359/882/1076 1430/921/1144
f 1355/411/961 1430/921/1144 1431/922/1145
f 1428/920/961 1355/411/961 1431/922/1145
f 1431/922/1145 1432/923/1146 1428/920/961
f 1427/918/961 1428/920/961 1432/923/1146
f 1432/923/1146 1433/924/1147 1427/918/961
f 330/919/225 1427/918/961 1433/924/1147
f 1433/924/1147 331/925/226 330/919/225
f 1359/882/1076 1358/881/1075 1364/884/1081
f 1364/884/1081 1369/889/1086 1359/882/1076
f 1430/921/1144 1359/882/1076 1369/889/1086
f 1369/889/1086 1434/926/1148 1430/921/1144
f 1431/922/1145 1430/921/1144 1434/926/1148
f 1434/926/1148 1435/927/1149 1431/922/1145
f 1432/923/1146 1431/922/1145 1435/927/1149
f 1435/927/1149 1436/928/1150 1432/923/1146
f 1433/924/1147 1432/923/1146 1436/928/1150
f 1436/928/1150 1437/929/1151 1433/924/1147
f 1438/930/1152 1437/929/1151 1436/928/1150
f 1439/931/1153 1440/932/1154 1441/933/1155
f 1442/934/1156 1441/933/1155 1440/932/1154
f 1441/933/1155 1442/934/1156 1438/930/1152
f 1438/930/1152 1443/935/1157 1441/933/1155
f 1436/928/1150 1443/935/1157 1438/930/1152
f 1443/935/1157 1436/928/1150 1435/927/1149
f 1435/927/1149 1373/891/1090 1443/935/1157
f 1373/891/1090 1435/927/1149 1434/926/1148
f 1434/926/1148 1365/885/1082 1373/891/1090
f 1365/885/1082 1434/926/1148 1369/889/1086
f 1440/932/1154 1444/936/1158 1442/934/1156
f 1441/933/1155 1443/935/1157 1373/891/1090
f 1373/891/1090 1367/887/1084 1441/933/1155
f 1441/933/1155 1367/887/1084 1439/931/1153
f 1367/887/1084 1445/937/1159 1439/931/1153
f 1446/938/1160 1447/939/1161 1444/936/1158
f 1444/936/1158 1440/932/1154 1446/938/1160
f 1448/940/1162 1446/938/1160 1440/932/1154
f 1440/932/1154 1439/931/1153 1448/940/1162
f 1449/941/1163 1448/940/1162 1439/931/1153
f 1450/942/1164 1449/941/1163 1439/931/1153
f 1439/931/1153 1445/937/1159 1450/942/1164
f 1450/942/1164 1445/937/1159 1451/943/1165
f 1367/887/1084 1451/943/1165 1445/937/1159
f 1451/943/1165 1367/887/1084 1366/886/1083
f 1366/886/1083 1452/944/1166 1453/945/1167
f 1366/886/1083 1453/945/1167 1451/943/1165
f 1366/886/1083 1374/892/1091 1385/902/1102
f 1385/902/1102 1454/946/1168 1366/886/1083
f 1454/946/1168 1452/944/1166 1366/886/1083
f 1452/944/1166 1454/946/1168 1455/947/1169
f 1455/947/1169 1456/948/1170 1452/944/1166
f 1456/948/1170 1457/949/1171 1452/944/1166
f 1452/944/1166 1457/949/1171 1458/950/1172
f 1458/950/1172 1453/945/1167 1452/944/1166
f 1458/950/1172 1459/951/1173 1453/945/1167
f 1453/945/1167 1459/951/1173 1460/952/1174
f 1460/952/1174 1451/943/1165 1453/945/1167
f 1451/943/1165 1460/952/1174 1450/942/1164
f 1461/953/1175 1462/954/1176 1454/946/1168
f 1454/946/1168 1385/902/1102 1461/953/1175
f 1463/955/1177 1461/953/1175 1385/902/1102
f 1464/956/1178 1463/955/1177 1385/902/1102
f 1385/902/1102 1384/901/1101 1464/956/1178
f 1465/957/1179 1464/956/1178 1384/901/1101
f 1466/958/1180 1465/957/1179 1384/901/1101
f 1384/901/1101 1383/900/1100 1466/958/1180
f 1387/904/1104 1466/958/1180 1383/900/1100
f 1387/904/1104 1383/900/1100 1382/899/1099
f 1414/917/1131 1467/959/1181 1413/427/1130
f 1414/917/1131 1468/960/1182 1467/959/1181
f 1468/960/1182 1414/917/1131 1469/961/1183
f 1469/961/1183 1470/377/1184 1468/960/1182
f 1471/376/1185 1470/377/1184 1469/961/1183
f 1471/376/1185 1469/961/1183 1329/878/1051
f 1329/878/1051 1472/380/1186 1471/376/1185
f 1329/878/1051 1473/381/1187 1472/380/1186
f 1329/878/1051 1474/962/1188 1473/381/1187
f 1475/963/1189 1474/962/1188 1329/878/1051
f 1323/875/1045 1475/963/1189 1329/878/1051
f 1475/963/1189 1323/875/1045 1325/877/1047
f 1325/877/1047 1476/964/1190 1475/963/1189
f 1476/964/1190 1477/965/1191 1475/963/1189
f 1477/965/1191 1478/966/1192 1475/963/1189
f 1474/962/1188 1475/963/1189 1478/966/1192
f 1478/966/1192 1479/967/1193 1474/962/1188
f 1479/967/1193 1480/968/1194 1474/962/1188
f 1473/381/1187 1474/962/1188 1480/968/1194
f 1480/968/1194 1481/969/1195 1473/381/1187
f 1481/969/1195 1482/970/1196 1473/381/1187
f 1482/970/1196 1483/971/1197 1473/381/1187
f 1472/380/1186 1473/381/1187 1483/971/1197
f 1483/971/1197 1484/972/1198 1472/380/1186
f 1472/380/1186 1484/972/1198 1485/973/1199
f 1485/973/1199 1471/376/1185 1472/380/1186
f 1485/973/1199 1486/974/1200 1471/376/1185
f 1486/974/1200 1487/975/1201 1471/376/1185
f 1471/376/1185 1487/975/1201 1488/976/1202
f 1488/976/1202 1470/377/1184 1471/376/1185
f 1470/377/1184 1488/976/1202 1489/977/1203
f 1489/977/1203 1468/960/1182 1470/377/1184
f 1489/977/1203 1490/978/1204 1468/960/1182
f 1467/959/1181 1468/960/1182 1490/978/1204
f 1490/978/1204 1491/979/1205 1467/959/1181
f 1491/979/1205 1492/980/1206 1467/959/1181
f 1467/959/1181 1492/980/1206 1493/431/1207
f 1493/431/1207 1413/427/1130 1467/959/1181
f 1493/431/1207 1415/430/1132 1413/427/1130
f 1411/429/1128 1413/427/1130 1415/430/1132
f 1494/394/1208 1495/400/1209 1496/401/1210
f 1496/401/1210 1495/400/1209 1497/880/1211
f 1498/417/1212 1497/880/1211 1495/400/1209
f 1499/408/1213 1497/880/1211 1498/417/1212
f 1500/879/1214 1497/880/1211 1499/408/1213
f 1497/880/1211 1500/879/1214 1496/401/1210
f 1501/402/1215 1496/401/1210 1500/879/1214
f 1502/395/1216 1496/401/1210 1501/402/1215
f 1501/402/1215 1503/396/1217 1502/395/1216
f 1496/401/1210 1502/395/1216 1494/394/1208
f 1504/878/1218 1502/395/1216 1503/396/1217
f 1502/395/1216 1504/878/1218 1505/961/1219
f 1505/961/1219 1494/394/1208 1502/395/1216
f 1506/419/1220 1494/394/1208 1505/961/1219
f 1495/400/1209 1494/394/1208 1506/419/1220
f 1506/419/1220 1507/418/1221 1495/400/1209
f 1495/400/1209 1507/418/1221 1498/417/1212
f 1508/416/1222 1498/417/1212 1507/418/1221
f 1499/408/1213 1498/417/1212 1508/416/1222
f 1499/408/1213 1508/416/1222 1509/415/1223
f 1505/961/1219 1510/377/1224 1511/960/1225
f 1512/376/1226 1510/377/1224 1505/961/1219
f 1512/376/1226 1505/961/1219 1504/878/1218
f 1504/878/1218 1513/380/1227 1512/376/1226
f 1504/878/1218 1514/381/1228 1513/380/1227
f 1504/878/1218 1515/962/1229 1514/381/1228
f 1516/963/1230 1515/962/1229 1504/878/1218
f 1517/875/1231 1516/963/1230 1504/878/1218
f 1504/878/1218 1518/850/1232 1517/875/1231
f 1519/873/1233 1517/875/1231 1518/850/1232
f 1520/872/1234 1521/874/1235 1519/873/1233
f 1517/875/1231 1519/873/1233 1521/874/1235
f 1522/876/1236 1523/877/1237 1517/875/1231
f 1516/963/1230 1517/875/1231 1523/877/1237
f 1523/877/1237 1524/964/1238 1516/963/1230
f 1524/964/1238 1525/965/1239 1516/963/1230
f 1525/965/1239 1526/966/1240 1516/963/1230
f 1515/962/1229 1516/963/1230 1526/966/1240
f 1526/966/1240 1527/967/1241 1515/962/1229
f 1527/967/1241 1528/968/1242 1515/962/1229
f 1514/381/1228 1515/962/1229 1528/968/1242
f 1528/968/1242 1529/969/1243 1514/381/1228
f 1529/969/1243 1530/970/1244 1514/381/1228
f 1530/970/1244 1531/971/1245 1514/381/1228
f 1513/380/1227 1514/381/1228 1531/971/1245
f 1531/971/1245 1532/972/1246 1513/380/1227
f 1513/380/1227 1532/972/1246 1533/973/1247
f 1533/973/1247 1512/376/1226 1513/380/1227
f 1533/973/1247 1534/974/1248 1512/376/1226
f 1534/974/1248 1535/975/1249 1512/376/1226
f 1512/376/1226 1535/975/1249 1536/976/1250
f 1536/976/1250 1510/377/1224 1512/376/1226
f 1510/377/1224 1536/976/1250 1537/977/1251
f 1537/977/1251 1511/960/1225 1510/377/1224
f 1537/977/1251 1538/978/1252 1511/960/1225
f 1539/959/1253 1511/960/1225 1538/978/1252
f 1538/978/1252 1540/979/1254 1539/959/1253
f 1540/979/1254 1541/980/1255 1539/959/1253
f 1539/959/1253 1541/980/1255 1542/431/1256
f 1542/431/1256 1543/427/1257 1539/959/1253
f 1544/917/1258 1539/959/1253 1543/427/1257
f 1543/427/1257 1545/916/1259 1544/917/1258
f 1505/961/1219 1544/917/1258 1506/419/1220
f 1511/960/1225 1544/917/1258 1505/961/1219
f 1544/917/1258 1511/960/1225 1539/959/1253
f 1546/423/1260 1547/424/1261 1548/421/1262
f 1549/914/1263 1548/421/1262 1547/424/1261
f 1547/424/1261 1545/916/1259 1549/914/1263
f 1549/914/1263 1545/916/1259 1550/429/1264
f 1545/916/1259 1543/427/1257 1550/429/1264
f 1550/429/1264 1543/427/1257 1551/430/1265
f 1542/431/1256 1551/430/1265 1543/427/1257
f 1506/419/1220 1544/917/1258 1545/916/1259
f 1545/916/1259 1547/424/1261 1506/419/1220
f 1507/418/1221 1506/419/1220 1547/424/1261
f 1547/424/1261 1546/423/1260 1507/418/1221
f 1507/418/1221 1546/423/1260 1508/416/1222
f 1509/415/1223 1508/416/1222 1546/423/1260
f 1546/423/1260 1552/420/1266 1509/415/1223
f 1548/421/1262 1552/420/1266 1546/423/1260
f 1552/420/1266 1548/421/1262 1553/422/1267
f 1553/422/1267 1548/421/1262 1549/914/1263
f 1554/409/1213 1499/408/1213 1509/415/1223
f 1509/415/1223 1555/414/1268 1554/409/1213
f 1555/414/1268 1509/415/1223 1552/420/1266
f 1552/420/1266 1556/434/1269 1555/414/1268
f 1553/422/1267 1556/434/1269 1552/420/1266
f 1556/434/1269 1553/422/1267 1557/433/1270
f 1558/913/1271 1557/433/1270 1553/422/1267
f 1557/433/1270 1558/913/1271 1559/894/1272
f 1559/894/1272 1558/913/1271 1560/438/1273
f 1560/438/1273 1561/895/1274 1559/894/1272
f 1562/890/1275 1563/893/1276 1564/892/1277
f 1559/894/1272 1563/893/1276 1562/890/1275
f 1562/890/1275 1565/436/1278 1559/894/1272
f 1559/894/1272 1565/436/1278 1557/433/1270
f 1566/435/1279 1557/433/1270 1565/436/1278
f 1557/433/1270 1566/435/1279 1556/434/1269
f 1556/434/1269 1566/435/1279 1567/412/1280
f 1567/412/1280 1555/414/1268 1556/434/1269
f 1555/414/1268 1567/412/1280 1568/411/1213
f 1568/411/1213 1554/409/1213 1555/414/1268
f 1568/411/1213 1567/412/1280 1569/413/1281
f 1569/413/1281 1567/412/1280 1566/435/1279
f 1559/894/1272 1561/895/1274 1570/896/1282
f 1563/893/1276 1559/894/1272 1570/896/1282
f 1570/896/1282 1571/897/1283 1563/893/1276
f 1563/893/1276 1571/897/1283 1572/898/1284
f 1563/893/1276 1572/898/1284 1573/899/1285
f 1563/893/1276 1573/899/1285 1574/900/1286
f 1561/895/1274 1560/438/1273 1575/912/1287
f 1575/912/1287 1576/911/1288 1561/895/1274
f 1576/911/1288 1577/910/1289 1561/895/1274
f 1570/896/1282 1561/895/1274 1577/910/1289
f 1577/910/1289 1578/909/1290 1570/896/1282
f 1578/909/1290 1579/908/1291 1570/896/1282
f 1571/897/1283 1570/896/1282 1579/908/1291
f 1579/908/1291 1580/907/1292 1571/897/1283
f 1572/898/1284 1571/897/1283 1580/907/1292
f 1580/907/1292 1581/906/1293 1572/898/1284
f 1581/906/1293 1582/905/1294 1572/898/1284
f 1573/899/1285 1572/898/1284 1582/905/1294
f 1582/905/1294 1583/903/1295 1573/899/1285
f 1573/899/1285 1583/903/1295 1584/904/1296
f 1584/904/1296 1574/900/1286 1573/899/1285
f 1584/904/1296 1585/981/1297 1574/900/1286
f 1586/982/1298 1587/983/1299 1588/946/1300
f 1588/946/1300 1589/902/1301 1586/982/1298
f 1590/984/1302 1586/982/1298 1589/902/1301
f 1591/985/1303 1590/984/1302 1589/902/1301
f 1589/902/1301 1592/901/1304 1591/985/1303
f 1593/957/1305 1591/985/1303 1592/901/1304
f 1585/981/1297 1593/957/1305 1592/901/1304
f 1592/901/1304 1574/900/1286 1585/981/1297
f 1574/900/1286 1592/901/1304 1564/892/1277
f 1574/900/1286 1564/892/1277 1563/893/1276
f 1594/886/1306 1595/885/1307 1596/888/1308
f 1596/888/1308 1564/892/1277 1594/886/1306
f 1594/886/1306 1564/892/1277 1589/902/1301
f 1592/901/1304 1589/902/1301 1564/892/1277
f 1597/887/1309 1598/943/1310 1599/937/1311
f 1598/943/1310 1597/887/1309 1594/886/1306
f 1594/886/1306 1600/945/1312 1598/943/1310
f 1594/886/1306 1601/944/1313 1600/945/1312
f 1588/946/1300 1601/944/1313 1594/886/1306
f 1589/902/1301 1588/946/1300 1594/886/1306
f 1601/944/1313 1588/946/1300 1602/986/1314
f 1602/986/1314 1603/987/1315 1601/944/1313
f 1603/987/1315 1604/988/1316 1601/944/1313
f 1601/944/1313 1604/988/1316 1605/989/1317
f 1605/989/1317 1600/945/1312 1601/944/1313
f 1605/989/1317 1606/990/1318 1600/945/1312
f 1600/945/1312 1606/990/1318 1607/991/1319
f 1607/991/1319 1598/943/1310 1600/945/1312
f 1598/943/1310 1607/991/1319 1608/992/1320
f 1608/992/1320 1599/937/1311 1598/943/1310
f 1609/931/1321 1599/937/1311 1608/992/1320
f 1597/887/1309 1599/937/1311 1609/931/1321
f 1610/933/1322 1597/887/1309 1609/931/1321
f 1611/891/1323 1597/887/1309 1610/933/1322
f 1610/933/1322 1612/935/1324 1611/891/1323
f 1613/927/1325 1611/891/1323 1612/935/1324
f 1612/935/1324 1614/928/1326 1613/927/1325
f 1613/927/1325 1614/928/1326 1615/923/1327
f 1616/924/1328 1615/923/1327 1614/928/1326
f 1615/923/1327 1616/924/1328 1617/918/1213
f 1614/928/1326 1618/929/1329 1616/924/1328
f 1619/930/1330 1618/929/1329 1614/928/1326
f 1614/928/1326 1612/935/1324 1619/930/1330
f 1619/930/1330 1612/935/1324 1610/933/1322
f 1610/933/1322 1620/934/1331 1619/930/1330
f 1620/934/1331 1610/933/1322 1621/932/1332
f 1609/931/1321 1621/932/1332 1610/933/1322
f 1621/932/1332 1609/931/1321 1622/993/1333
f 1623/994/1334 1622/993/1333 1609/931/1321
f 1608/992/1320 1623/994/1334 1609/931/1321
f 1622/993/1333 1624/995/1335 1621/932/1332
f 1625/936/1336 1621/932/1332 1624/995/1335
f 1621/932/1332 1625/936/1336 1620/934/1331
f 1620/934/1331 1625/936/1336 1268/996/990
f 1268/996/990 1267/997/989 1620/934/1331
f 1619/930/1330 1620/934/1331 1267/997/989
f 1267/997/989 1266/998/988 1619/930/1330
f 1618/929/1329 1619/930/1330 1266/998/988
f 1266/998/988 1245/999/967 1618/929/1329
f 1618/929/1329 1245/999/967 1244/925/966
f 1244/925/966 1616/924/1328 1618/929/1329
f 1616/924/1328 1244/925/966 1243/919/965
f 1243/919/965 1617/918/1213 1616/924/1328
f 1238/410/224 1617/918/1213 1243/919/965
f 1238/410/224 1626/920/1213 1617/918/1213
f 1238/410/224 1568/411/1213 1626/920/1213
f 1626/920/1213 1568/411/1213 1627/922/1337
f 1568/411/1213 1628/921/1338 1627/922/1337
f 1627/922/1337 1628/921/1338 1629/926/1339
f 1630/889/1340 1629/926/1339 1628/921/1338
f 1595/885/1307 1629/926/1339 1630/889/1340
f 1630/889/1340 1596/888/1308 1595/885/1307
f 1595/885/1307 1594/886/1306 1597/887/1309
f 1597/887/1309 1611/891/1323 1595/885/1307
f 1629/926/1339 1595/885/1307 1611/891/1323
f 1611/891/1323 1613/927/1325 1629/926/1339
f 1629/926/1339 1613/927/1325 1627/922/1337
f 1615/923/1327 1627/922/1337 1613/927/1325
f 1627/922/1337 1615/923/1327 1626/920/1213
f 1617/918/1213 1626/920/1213 1615/923/1327
f 1564/892/1277 1596/888/1308 1562/890/1275
f 1631/884/1341 1562/890/1275 1596/888/1308
f 1596/888/1308 1630/889/1340 1631/884/1341
f 1631/884/1341 1630/889/1340 1632/882/1342
f 1628/921/1338 1632/882/1342 1630/889/1340
f 1568/411/1213 1632/882/1342 1628/921/1338
f 1568/411/1213 1633/881/1343 1632/882/1342
f 1568/411/1213 1569/413/1281 1633/881/1343
f 1633/881/1343 1569/413/1281 1634/883/1344
f 1566/435/1279 1634/883/1344 1569/413/1281
f 1565/436/1278 1634/883/1344 1566/435/1279
f 1634/883/1344 1565/436/1278 1562/890/1275
f 1562/890/1275 1631/884/1341 1634/883/1344
f 1634/883/1344 1631/884/1341 1633/881/1343
f 1632/882/1342 1633/881/1343 1631/884/1341
f 1554/409/1213 1568/411/1213 1238/410/224
f 1238/410/224 1635/407/224 1554/409/1213
f 1635/407/224 1499/408/1213 1554/409/1213
f 1636/405/1213 1499/408/1213 1635/407/224
f 1499/408/1213 1636/405/1213 1500/879/1214
f 1636/405/1213 1637/406/1345 1500/879/1214
f 1500/879/1214 1637/406/1345 1501/402/1215
f 1638/403/1346 1501/402/1215 1637/406/1345
f 1503/396/1217 1501/402/1215 1638/403/1346
f 1638/403/1346 1639/397/1347 1503/396/1217
f 1640/398/1348 1641/391/1349 1639/397/1347
f 1639/397/1347 1638/403/1346 1640/398/1348
f 1640/398/1348 1638/403/1346 1642/404/1350
f 1637/406/1345 1642/404/1350 1638/403/1346
f 1636/405/1213 1642/404/1350 1637/406/1345
f 1636/405/1213 1643/399/1351 1642/404/1350
f 1644/393/1352 1643/399/1351 1636/405/1213
f 1643/399/1351 1644/393/1352 1645/392/1353
f 1646/350/1354 1645/392/1353 1644/393/1352
f 1644/393/1352 1647/341/1355 1646/350/1354
f 1642/404/1350 1643/399/1351 1640/398/1348
f 1645/392/1353 1640/398/1348 1643/399/1351
f 1647/341/1355 1644/393/1352 1648/340/1213
f 1636/405/1213 1648/340/1213 1644/393/1352
f 1649/351/1356 1646/350/1354 1647/341/1355
f 1647/341/1355 1650/338/1357 1649/351/1356
f 1651/336/1213 1650/338/1357 1647/341/1355
f 1648/340/1213 1651/336/1213 1647/341/1355
f 1651/336/1213 1648/340/1213 1652/342/224
f 1652/342/224 1648/340/1213 1636/405/1213
f 1635/407/224 1652/342/224 1636/405/1213
f 1651/336/1213 1653/337/1358 1650/338/1357
f 1650/338/1357 1653/337/1358 1654/352/1359
f 1654/352/1359 1649/351/1356 1650/338/1357
f 1655/353/1360 1649/351/1356 1654/352/1359
f 1649/351/1356 1655/353/1360 1656/349/1361
f 1656/349/1361 1646/350/1354 1649/351/1356
f 1646/350/1354 1656/349/1361 1657/346/1362
f 1657/346/1362 1645/392/1353 1646/350/1354
f 1645/392/1353 1657/346/1362 1641/391/1349
f 1641/391/1349 1640/398/1348 1645/392/1353
f 1503/396/1217 1639/397/1347 1658/851/1363
f 1658/851/1363 1639/397/1347 1641/391/1349
f 1641/391/1349 1659/848/1364 1658/851/1363
f 1659/848/1364 1641/391/1349 1657/346/1362
f 1657/346/1362 1660/849/1365 1659/848/1364
f 1660/849/1365 1657/346/1362 1656/349/1361
f 1656/349/1361 1661/836/1366 1660/849/1365
f 1661/836/1366 1656/349/1361 1655/353/1360
f 1655/353/1360 1662/835/1367 1661/836/1366
f 1662/835/1367 1655/353/1360 1663/829/1368
f 1664/853/1369 1665/852/1370 1658/851/1363
f 1666/854/1371 1664/853/1369 1658/851/1363
f 1667/855/1372 1666/854/1371 1658/851/1363
f 1658/851/1363 1659/848/1364 1667/855/1372
f 1668/856/1373 1667/855/1372 1659/848/1364
f 1669/857/1374 1668/856/1373 1659/848/1364
f 1659/848/1364 1670/840/1375 1669/857/1374
f 1671/841/1376 1670/840/1375 1659/848/1364
f 1672/355/1377 1671/841/1376 1659/848/1364
f 1659/848/1364 1660/849/1365 1672/355/1377
f 1672/355/1377 1660/849/1365 1661/836/1366
f 1673/843/1378 1674/842/1379 1671/841/1376
f 1670/840/1375 1671/841/1376 1674/842/1379
f 1674/842/1379 1675/858/1380 1670/840/1375
f 1669/857/1374 1670/840/1375 1675/858/1380
f 1675/858/1380 1676/859/1381 1669/857/1374
f 1668/856/1373 1669/857/1374 1676/859/1381
f 1676/859/1381 1677/860/1382 1668/856/1373
f 1667/855/1372 1668/856/1373 1677/860/1382
f 1677/860/1382 1678/861/1383 1667/855/1372
f 1666/854/1371 1667/855/1372 1678/861/1383
f 1679/844/1384 1680/847/1385 1673/843/1378
f 1681/846/1386 1680/847/1385 1679/844/1384
f 1679/844/1384 1682/845/1387 1681/846/1386
f 1683/321/1388 1684/837/1389 1685/319/1390
f 1684/837/1389 1683/321/1388 1686/839/1391
f 1686/839/1391 1687/838/1392 1684/837/1389
f 1687/838/1392 1686/839/1391 1681/846/1386
f 1681/846/1386 1682/845/1387 1687/838/1392
f 1687/838/1392 1682/845/1387 1661/836/1366
f 1682/845/1387 1679/844/1384 1661/836/1366
f 1661/836/1366 1679/844/1384 1672/355/1377
f 1673/843/1378 1672/355/1377 1679/844/1384
f 1671/841/1376 1672/355/1377 1673/843/1378
f 1687/838/1392 1661/836/1366 1662/835/1367
f 1662/835/1367 1684/837/1389 1687/838/1392
f 1685/319/1390 1684/837/1389 1662/835/1367
f 1688/322/1393 1685/319/1390 1662/835/1367
f 1689/325/1394 1688/322/1393 1662/835/1367
f 1662/835/1367 1690/831/1395 1689/325/1394
f 1691/326/1396 1689/325/1394 1690/831/1395
f 1691/326/1396 1690/831/1395 1692/830/1397
f 1692/830/1397 1693/311/1398 1691/326/1396
f 1694/318/1399 1691/326/1396 1693/311/1398
f 1689/325/1394 1691/326/1396 1694/318/1399
f 1694/318/1399 1695/324/1400 1689/325/1394
f 1688/322/1393 1689/325/1394 1695/324/1400
f 1695/324/1400 1696/323/1401 1688/322/1393
f 1688/322/1393 1696/323/1401 1697/320/1402
f 1697/320/1402 1685/319/1390 1688/322/1393
f 1685/319/1390 1697/320/1402 1683/321/1388
f 1693/311/1398 1698/317/1403 1694/318/1399
f 1663/829/1368 1690/831/1395 1662/835/1367
f 1690/831/1395 1663/829/1368 1699/329/1404
f 1699/329/1404 1692/830/1397 1690/831/1395
f 1700/309/1405 1692/830/1397 1699/329/1404
f 1693/311/1398 1692/830/1397 1700/309/1405
f 1700/309/1405 1701/310/1406 1693/311/1398
f 1698/317/1403 1693/311/1398 1701/310/1406
f 1701/310/1406 1702/316/1407 1698/317/1403
f 1703/315/1408 1702/316/1407 1701/310/1406
f 1701/310/1406 1704/314/1409 1703/315/1408
f 1705/828/1410 1699/329/1404 1663/829/1368
f 1654/352/1359 1663/829/1368 1655/353/1360
f 1663/829/1368 1654/352/1359 1705/828/1410
f 1705/828/1410 1654/352/1359 1653/337/1358
f 1653/337/1358 1706/335/1411 1705/828/1410
f 1707/331/1412 1705/828/1410 1706/335/1411
f 1699/329/1404 1705/828/1410 1707/331/1412
f 1707/331/1412 1708/332/1413 1699/329/1404
f 1699/329/1404 1708/332/1413 1700/309/1405
f 1704/314/1409 1701/310/1406 1700/309/1405
f 1700/309/1405 1709/313/1414 1704/314/1409
f 1710/312/1415 1709/313/1414 1700/309/1405
f 1700/309/1405 1708/332/1413 1710/312/1415
f 1711/333/1416 1710/312/1415 1708/332/1413
f 1708/332/1413 1707/331/1412 1711/333/1416
f 1711/333/1416 1707/331/1412 1712/334/1417
f 1706/335/1411 1712/334/1417 1707/331/1412
f 1712/334/1417 1706/335/1411 1651/336/1213
f 1651/336/1213 1706/335/1411 1653/337/1358
f 1652/342/224 1713/343/224 1651/336/1213
f 1713/343/224 1714/339/1418 1651/336/1213
f 1651/336/1213 1714/339/1418 1712/334/1417
f 1715/345/1419 1712/334/1417 1714/339/1418
f 1712/334/1417 1715/345/1419 1711/333/1416
f 1713/343/224 1716/344/1420 1714/339/1418
f 1714/339/1418 1716/344/1420 1715/345/1419
f 1717/399/1421 1718/393/1422 1719/392/1423
f 1719/392/1423 1720/398/1424 1717/399/1421
f 1721/397/1425 1722/403/1426 1720/398/1424
f 1720/398/1424 1723/391/1427 1721/397/1425
f 1723/391/1427 1720/398/1424 1719/392/1423
f 1719/392/1423 1724/346/1428 1723/391/1427
f 1724/346/1428 1719/392/1423 1725/350/1429
f 1725/350/1429 1719/392/1423 1718/393/1422
f 1718/393/1422 1726/341/1430 1725/350/1429
f 1726/341/1430 1718/393/1422 1727/340/1431
f 1728/405/1431 1727/340/1431 1718/393/1422
f 1718/393/1422 1717/399/1421 1728/405/1431
f 1729/849/1432 1724/346/1428 1730/349/1433
f 1725/350/1429 1730/349/1433 1724/346/1428
f 1730/349/1433 1725/350/1429 1731/351/1434
f 1731/351/1434 1725/350/1429 1726/341/1430
f 1726/341/1430 1732/338/1435 1731/351/1434
f 1733/336/1431 1732/338/1435 1726/341/1430
f 1727/340/1431 1733/336/1431 1726/341/1430
f 1733/336/1431 1727/340/1431 1734/342/224
f 1734/342/224 1727/340/1431 1728/405/1431
f 1735/407/224 1734/342/224 1728/405/1431
f 1736/333/1436 1737/331/1437 1738/334/1438
f 1739/335/1439 1738/334/1438 1737/331/1437
f 1738/334/1438 1739/335/1439 1733/336/1431
f 1733/336/1431 1739/335/1439 1740/337/1440
f 1733/336/1431 1740/337/1440 1732/338/1435
f 1732/338/1435 1740/337/1440 1741/352/1441
f 1741/352/1441 1731/351/1434 1732/338/1435
f 1742/353/1442 1731/351/1434 1741/352/1441
f 1731/351/1434 1742/353/1442 1730/349/1433
f 1730/349/1433 1742/353/1442 1743/1000/1443
f 1744/1001/1444 1745/831/1445 1746/1002/1446
f 1747/829/1447 1745/831/1445 1744/1001/1444
f 1745/831/1445 1747/829/1447 1748/329/1448
f 1749/828/1449 1748/329/1448 1747/829/1447
f 1748/329/1448 1749/828/1449 1737/331/1437
f 1737/331/1437 1749/828/1449 1739/335/1439
f 1740/337/1440 1739/335/1439 1749/828/1449
f 1749/828/1449 1741/352/1441 1740/337/1440
f 1747/829/1447 1741/352/1441 1749/828/1449
f 1741/352/1441 1747/829/1447 1742/353/1442
f 1744/1001/1444 1742/353/1442 1747/829/1447
f 1744/1001/1444 1743/1000/1443 1742/353/1442
f 1750/838/1450 1751/1003/1451 1752/836/1452
f 1750/838/1450 1752/836/1452 1743/1000/1443
f 1743/1000/1443 1753/1004/1453 1750/838/1450
f 1753/1004/1453 1743/1000/1443 1744/1001/1444
f 1744/1001/1444 1754/322/1454 1753/1004/1453
f 1746/1002/1446 1754/322/1454 1744/1001/1444
f 1754/322/1454 1746/1002/1446 1755/1005/1455
f 1746/1002/1446 1756/1006/1456 1755/1005/1455
f 1756/1006/1456 1746/1002/1446 1757/311/1457
f 1757/311/1457 1758/1007/1458 1756/1006/1456
f 1751/1003/1451 1759/1008/1459 1760/1009/1460
f 1751/1003/1451 1761/1010/1461 1759/1008/1459
f 1761/1010/1461 1751/1003/1451 1750/838/1450
f 1750/838/1450 1762/1011/1462 1761/1010/1461
f 1762/1011/1462 1750/838/1450 1753/1004/1453
f 1753/1004/1453 1763/1012/1463 1762/1011/1462
f 1763/1012/1463 1753/1004/1453 1764/1013/1464
f 1764/1013/1464 1753/1004/1453 1754/322/1454
f 1754/322/1454 1765/1014/1465 1764/1013/1464
f 1755/1005/1455 1765/1014/1465 1754/322/1454
f 1766/854/1466 1767/1015/1467 1768/1016/1468
f 1767/1015/1467 1769/1017/1469 1768/1016/1468
f 1767/1015/1467 1770/1018/1470 1769/1017/1469
f 1771/1019/1471 1770/1018/1470 1767/1015/1467
f 1767/1015/1467 1772/356/1472 1771/1019/1471
f 1772/356/1472 1773/358/1473 1771/1019/1471
f 1760/1009/1460 1773/358/1473 1772/356/1472
f 1772/356/1472 1774/355/1474 1760/1009/1460
f 1760/1009/1460 1774/355/1474 1751/1003/1451
f 1752/836/1452 1751/1003/1451 1774/355/1474
f 1743/1000/1443 1752/836/1452 1730/349/1433
f 1730/349/1433 1752/836/1452 1729/849/1432
f 1774/355/1474 1729/849/1432 1752/836/1452
f 1775/848/1475 1729/849/1432 1774/355/1474
f 1774/355/1474 1772/356/1472 1775/848/1475
f 1775/848/1475 1772/356/1472 1767/1015/1467
f 1776/851/1476 1775/848/1475 1767/1015/1467
f 1767/1015/1467 1766/854/1466 1776/851/1476
f 1766/854/1466 1777/1020/1477 1776/851/1476
f 1776/851/1476 1777/1020/1477 1778/367/1478
f 1779/869/1479 1780/867/1480 1781/868/1481
f 1782/866/1482 1781/868/1481 1780/867/1480
f 1780/867/1480 1778/367/1478 1782/866/1482
f 1783/1021/1483 1782/866/1482 1778/367/1478
f 1784/1022/1484 1783/1021/1483 1778/367/1478
f 1778/367/1478 1777/1020/1477 1784/1022/1484
f 1777/1020/1477 1785/1023/1485 1784/1022/1484
f 1786/1024/1486 1785/1023/1485 1777/1020/1477
f 1777/1020/1477 1766/854/1466 1786/1024/1486
f 1768/1016/1468 1786/1024/1486 1766/854/1466
f 1787/850/1487 1776/851/1476 1778/367/1478
f 1778/367/1478 1780/867/1480 1787/850/1487
f 1780/867/1480 1779/869/1479 1787/850/1487
f 1779/869/1479 1788/871/1488 1787/850/1487
f 1787/850/1487 1788/871/1488 1789/873/1489
f 1776/851/1476 1787/850/1487 1790/396/1490
f 1791/878/1491 1792/395/1492 1790/396/1490
f 1790/396/1490 1787/850/1487 1791/878/1491
f 1791/878/1491 1787/850/1487 1793/875/1493
f 1789/873/1489 1793/875/1493 1787/850/1487
f 1793/875/1493 1789/873/1489 1794/874/1494
f 1795/872/1495 1794/874/1494 1789/873/1489
f 1789/873/1489 1788/871/1488 1795/872/1495
f 1796/870/1496 1795/872/1495 1788/871/1488
f 1788/871/1488 1779/869/1479 1796/870/1496
f 1781/868/1481 1796/870/1496 1779/869/1479
f 1797/401/1497 1792/395/1492 1798/394/1498
f 1799/961/1499 1798/394/1498 1792/395/1492
f 1792/395/1492 1791/878/1491 1799/961/1499
f 1800/1025/1500 1801/1026/1501 1802/1027/1502
f 1803/380/1503 1802/1027/1502 1801/1026/1501
f 1791/878/1491 1802/1027/1502 1803/380/1503
f 1791/878/1491 1803/380/1503 1804/376/1504
f 1804/376/1504 1799/961/1499 1791/878/1491
f 1804/376/1504 1805/377/1505 1799/961/1499
f 1799/961/1499 1805/377/1505 1806/960/1506
f 1807/977/1507 1806/960/1506 1805/377/1505
f 1807/977/1507 1808/978/1508 1806/960/1506
f 1809/959/1509 1806/960/1506 1808/978/1508
f 1801/1026/1501 1810/1028/1510 1803/380/1503
f 1803/380/1503 1810/1028/1510 1811/973/1511
f 1811/973/1511 1804/376/1504 1803/380/1503
f 1811/973/1511 1812/974/1512 1804/376/1504
f 1812/974/1512 1813/975/1513 1804/376/1504
f 1804/376/1504 1813/975/1513 1814/976/1514
f 1814/976/1514 1805/377/1505 1804/376/1504
f 1805/377/1505 1814/976/1514 1807/977/1507
f 1808/978/1508 1815/979/1515 1809/959/1509
f 1815/979/1515 1816/980/1516 1809/959/1509
f 1809/959/1509 1816/980/1516 1817/431/1517
f 1817/431/1517 1818/427/1518 1809/959/1509
f 1817/431/1517 1819/430/1519 1818/427/1518
f 1820/429/1520 1818/427/1518 1819/430/1519
f 1819/430/1519 1821/457/1521 1820/429/1520
f 1821/457/1521 1822/458/1522 1820/429/1520
f 1823/448/1523 1820/429/1520 1822/458/1522
f 1822/458/1522 1824/459/1524 1823/448/1523
f 1825/915/1525 1826/451/1526 1827/446/1527
f 1828/450/1528 1826/451/1526 1825/915/1525
f 1825/915/1525 1829/914/1529 1828/450/1528
f 1830/449/1530 1828/450/1528 1829/914/1529
f 1829/914/1529 1823/448/1523 1830/449/1530
f 1820/429/1520 1823/448/1523 1829/914/1529
f 1829/914/1529 1831/916/1531 1820/429/1520
f 1831/916/1531 1818/427/1518 1820/429/1520
f 1818/427/1518 1831/916/1531 1832/917/1532
f 1832/917/1532 1809/959/1509 1818/427/1518
f 1833/419/1533 1832/917/1532 1831/916/1531
f 1832/917/1532 1806/960/1506 1809/959/1509
f 1806/960/1506 1832/917/1532 1799/961/1499
f 1799/961/1499 1832/917/1532 1833/419/1533
f 1833/419/1533 1798/394/1498 1799/961/1499
f 1834/400/1534 1798/394/1498 1833/419/1533
f 1798/394/1498 1834/400/1534 1797/401/1497
f 1797/401/1497 1834/400/1534 1835/880/1535
f 1836/417/1536 1835/880/1535 1834/400/1534
f 1834/400/1534 1837/418/1537 1836/417/1536
f 1833/419/1533 1837/418/1537 1834/400/1534
f 1837/418/1537 1833/419/1533 1838/424/1538
f 1831/916/1531 1838/424/1538 1833/419/1533
f 1838/424/1538 1831/916/1531 1829/914/1529
f 1838/424/1538 1839/423/1539 1837/418/1537
f 1837/418/1537 1839/423/1539 1840/416/1540
f 1840/416/1540 1836/417/1536 1837/418/1537
f 1841/408/1431 1836/417/1536 1840/416/1540
f 1841/408/1431 1835/880/1535 1836/417/1536
f 1842/879/1541 1835/880/1535 1841/408/1431
f 1835/880/1535 1842/879/1541 1797/401/1497
f 1843/402/1542 1797/401/1497 1842/879/1541
f 1792/395/1492 1797/401/1497 1843/402/1542
f 1843/402/1542 1790/396/1490 1792/395/1492
f 1728/405/1431 1844/406/1543 1842/879/1541
f 1842/879/1541 1844/406/1543 1843/402/1542
f 1722/403/1426 1843/402/1542 1844/406/1543
f 1790/396/1490 1843/402/1542 1722/403/1426
f 1722/403/1426 1721/397/1425 1790/396/1490
f 1790/396/1490 1721/397/1425 1776/851/1476
f 1776/851/1476 1721/397/1425 1723/391/1427
f 1723/391/1427 1775/848/1475 1776/851/1476
f 1775/848/1475 1723/391/1427 1724/346/1428
f 1724/346/1428 1729/849/1432 1775/848/1475
f 1728/405/1431 1717/399/1421 1845/404/1544
f 1845/404/1544 1717/399/1421 1720/398/1424
f 1720/398/1424 1722/403/1426 1845/404/1544
f 1844/406/1543 1845/404/1544 1722/403/1426
f 1728/405/1431 1845/404/1544 1844/406/1543
f 1846/433/1545 1847/435/1546 1848/434/1547
f 1848/434/1547 1847/435/1546 1849/412/1548
f 1849/412/1548 1850/414/1549 1848/434/1547
f 1850/414/1549 1849/412/1548 1851/411/1431
f 1851/411/1431 1852/409/1431 1850/414/1549
f 1852/409/1431 1851/411/1431 1713/410/224
f 1713/410/224 1735/407/224 1852/409/1431
f 1735/407/224 1841/408/1431 1852/409/1431
f 1728/405/1431 1841/408/1431 1735/407/224
f 1841/408/1431 1728/405/1431 1842/879/1541
f 1851/411/1431 1853/882/1550 1854/921/1551
f 1715/925/1419 1855/924/1552 1856/929/1553
f 1855/924/1552 1715/925/1419 1716/919/1420
f 1716/919/1420 1857/918/1431 1855/924/1552
f 1713/410/224 1857/918/1431 1716/919/1420
f 1713/410/224 1858/920/1431 1857/918/1431
f 1713/410/224 1851/411/1431 1858/920/1431
f 1858/920/1431 1851/411/1431 1859/922/1554
f 1851/411/1431 1854/921/1551 1859/922/1554
f 1859/922/1554 1854/921/1551 1860/926/1555
f 1861/889/1556 1860/926/1555 1854/921/1551
f 1862/891/1557 1863/927/1558 1860/926/1555
f 1860/926/1555 1863/927/1558 1859/922/1554
f 1864/923/1559 1859/922/1554 1863/927/1558
f 1859/922/1554 1864/923/1559 1858/920/1431
f 1857/918/1431 1858/920/1431 1864/923/1559
f 1864/923/1559 1855/924/1552 1857/918/1431
f 1855/924/1552 1864/923/1559 1865/928/1560
f 1865/928/1560 1856/929/1553 1855/924/1552
f 1866/930/1561 1856/929/1553 1865/928/1560
f 1865/928/1560 1867/935/1562 1866/930/1561
f 1863/927/1558 1865/928/1560 1864/923/1559
f 1867/935/1562 1865/928/1560 1863/927/1558
f 1863/927/1558 1862/891/1557 1867/935/1562
f 1866/930/1561 1867/935/1562 1868/933/1563
f 1868/933/1563 1867/935/1562 1862/891/1557
f 1862/891/1557 1869/887/1564 1868/933/1563
f 1868/933/1563 1869/887/1564 1870/931/1565
f 1869/887/1564 1871/937/1566 1870/931/1565
f 1870/931/1565 1872/932/1567 1868/933/1563
f 1873/934/1568 1868/933/1563 1872/932/1567
f 1868/933/1563 1873/934/1568 1866/930/1561
f 1874/1029/1569 1875/1030/1570 1872/932/1567
f 1876/936/1571 1872/932/1567 1875/1030/1570
f 1872/932/1567 1876/936/1571 1873/934/1568
f 1873/934/1568 1876/936/1571 1704/996/1409
f 1704/996/1409 1709/997/1414 1873/934/1568
f 1866/930/1561 1873/934/1568 1709/997/1414
f 1709/997/1414 1710/998/1415 1866/930/1561
f 1856/929/1553 1866/930/1561 1710/998/1415
f 1710/998/1415 1711/999/1416 1856/929/1553
f 1856/929/1553 1711/999/1416 1715/925/1419
f 1875/1030/1570 1877/939/1572 1876/936/1571
f 1876/936/1571 1877/939/1572 1703/1031/1408
f 1703/1031/1408 1704/996/1409 1876/936/1571
f 1878/944/1573 1879/1032/1574 1880/1033/1575
f 1881/948/1576 1879/1032/1574 1878/944/1573
f 1882/947/1577 1881/948/1576 1878/944/1573
f 1878/944/1573 1883/946/1578 1882/947/1577
f 1884/953/1579 1885/954/1580 1883/946/1578
f 1886/955/1581 1884/953/1579 1887/902/1582
f 1883/946/1578 1887/902/1582 1884/953/1579
f 1887/902/1582 1883/946/1578 1888/886/1583
f 1883/946/1578 1878/944/1573 1888/886/1583
f 1888/886/1583 1878/944/1573 1889/945/1584
f 1880/1033/1575 1889/945/1584 1878/944/1573
f 1880/1033/1575 1890/1034/1585 1889/945/1584
f 1889/945/1584 1890/1034/1585 1891/1035/1586
f 1891/1035/1586 1892/943/1587 1889/945/1584
f 1892/943/1587 1891/1035/1586 1893/1036/1588
f 1888/886/1583 1889/945/1584 1892/943/1587
f 1894/956/1589 1886/955/1581 1887/902/1582
f 1895/885/1590 1860/926/1555 1861/889/1556
f 1861/889/1556 1896/888/1591 1895/885/1590
f 1888/886/1583 1895/885/1590 1896/888/1591
f 1896/888/1591 1897/892/1592 1888/886/1583
f 1888/886/1583 1897/892/1592 1887/902/1582
f 1898/901/1593 1887/902/1582 1897/892/1592
f 1887/902/1582 1898/901/1593 1894/956/1589
f 1899/957/1594 1894/956/1589 1898/901/1593
f 1900/958/1595 1899/957/1594 1898/901/1593
f 1898/901/1593 1901/900/1596 1900/958/1595
f 1854/921/1551 1853/882/1550 1861/889/1556
f 1902/884/1597 1861/889/1556 1853/882/1550
f 1896/888/1591 1861/889/1556 1902/884/1597
f 1902/884/1597 1903/890/1598 1896/888/1591
f 1897/892/1592 1896/888/1591 1903/890/1598
f 1903/890/1598 1904/893/1599 1897/892/1592
f 1905/894/1600 1904/893/1599 1903/890/1598
f 1903/890/1598 1906/436/1601 1905/894/1600
f 1905/894/1600 1906/436/1601 1846/433/1545
f 1847/435/1546 1846/433/1545 1906/436/1601
f 1901/900/1596 1898/901/1593 1897/892/1592
f 1901/900/1596 1897/892/1592 1904/893/1599
f 1904/893/1599 1907/899/1602 1901/900/1596
f 1904/893/1599 1908/898/1603 1907/899/1602
f 1904/893/1599 1909/897/1604 1908/898/1603
f 1910/896/1605 1909/897/1604 1904/893/1599
f 1904/893/1599 1905/894/1600 1910/896/1605
f 1905/894/1600 1911/895/1606 1910/896/1605
f 1912/438/1607 1911/895/1606 1905/894/1600
f 1905/894/1600 1913/913/1608 1912/438/1607
f 1914/439/1609 1912/438/1607 1913/913/1608
f 1915/909/1610 1916/908/1611 1910/896/1605
f 1917/910/1612 1915/909/1610 1910/896/1605
f 1910/896/1605 1911/895/1606 1917/910/1612
f 1918/911/1613 1917/910/1612 1911/895/1606
f 1919/912/1614 1918/911/1613 1911/895/1606
f 1911/895/1606 1912/438/1607 1919/912/1614
f 1920/442/1615 1919/912/1614 1912/438/1607
f 1921/441/1616 1920/442/1615 1912/438/1607
f 1922/443/1617 1921/441/1616 1912/438/1607
f 1912/438/1607 1914/439/1609 1922/443/1617
f 1923/444/1618 1922/443/1617 1914/439/1609
f 1924/445/1619 1923/444/1618 1914/439/1609
f 1924/445/1619 1914/439/1609 1827/446/1527
f 1827/446/1527 1914/439/1609 1913/913/1608
f 1913/913/1608 1825/915/1525 1827/446/1527
f 1925/422/1620 1825/915/1525 1913/913/1608
f 1829/914/1529 1825/915/1525 1925/422/1620
f 1925/422/1620 1926/421/1621 1829/914/1529
f 1829/914/1529 1926/421/1621 1838/424/1538
f 1839/423/1539 1838/424/1538 1926/421/1621
f 1846/433/1545 1913/913/1608 1905/894/1600
f 1913/913/1608 1846/433/1545 1925/422/1620
f 1848/434/1547 1925/422/1620 1846/433/1545
f 1925/422/1620 1848/434/1547 1927/420/1622
f 1927/420/1622 1848/434/1547 1850/414/1549
f 1850/414/1549 1928/415/1623 1927/420/1622
f 1928/415/1623 1850/414/1549 1852/409/1431
f 1852/409/1431 1841/408/1431 1928/415/1623
f 1841/408/1431 1840/416/1540 1928/415/1623
f 1928/415/1623 1840/416/1540 1839/423/1539
f 1839/423/1539 1927/420/1622 1928/415/1623
f 1926/421/1621 1927/420/1622 1839/423/1539
f 1927/420/1622 1926/421/1621 1925/422/1620
f 1426/456/1143 1403/445/1120 1401/446/1118
f 1824/459/1524 1929/460/1624 1823/448/1523
f 1830/449/1530 1823/448/1523 1929/460/1624
f 1929/460/1624 1930/461/1625 1830/449/1530
f 1828/450/1528 1830/449/1530 1930/461/1625
f 1930/461/1625 1931/462/1626 1828/450/1528
f 1931/462/1626 1932/452/1627 1828/450/1528
f 1826/451/1526 1828/450/1528 1932/452/1627
f 1932/452/1627 1933/453/1628 1826/451/1526
f 1933/453/1628 1934/454/1629 1826/451/1526
f 1827/446/1527 1826/451/1526 1934/454/1629
f 1934/454/1629 1935/455/1630 1827/446/1527
f 1935/455/1630 1936/456/1631 1827/446/1527
f 1758/1007/1458 1757/311/1457 1937/310/1632
f 1937/310/1632 1938/316/1633 1758/1007/1458
f 1939/315/1634 1938/316/1633 1937/310/1632
f 1937/310/1632 1940/314/1635 1939/315/1634
f 1940/314/1635 1937/310/1632 1941/309/1636
f 1941/309/1636 1942/1037/1637 1940/314/1635
f 1943/312/1638 1942/1037/1637 1941/309/1636
f 1941/309/1636 1944/332/1639 1943/312/1638
f 1736/333/1436 1943/312/1638 1944/332/1639
f 1944/332/1639 1737/331/1437 1736/333/1436
f 1944/332/1639 1941/309/1636 1945/830/1640
f 1737/331/1437 1944/332/1639 1748/329/1448
f 1945/830/1640 1748/329/1448 1944/332/1639
f 1748/329/1448 1945/830/1640 1745/831/1445
f 1746/1002/1446 1745/831/1445 1945/830/1640
f 1945/830/1640 1757/311/1457 1746/1002/1446
f 1757/311/1457 1945/830/1640 1941/309/1636
f 1941/309/1636 1937/310/1632 1757/311/1457
f 1734/342/224 396/343/224 1733/336/1431
f 396/343/224 1946/339/1641 1733/336/1431
f 1733/336/1431 1946/339/1641 1738/334/1438
f 1947/345/1642 1738/334/1438 1946/339/1641
f 1738/334/1438 1947/345/1642 1736/333/1436
f 396/343/224 1948/344/1643 1946/339/1641
f 1946/339/1641 1948/344/1643 1947/345/1642
f 391/405/219 390/404/285 392/406/286
f 391/405/219 392/406/286 1949/879/1644
f 1949/879/1644 392/406/286 388/402/283
f 388/402/283 387/401/282 1949/879/1644
f 1950/880/1645 1949/879/1644 387/401/282
f 387/401/282 386/400/281 1950/880/1645
f 403/417/292 1950/880/1645 386/400/281
f 394/408/219 1950/880/1645 403/417/292
f 1949/879/1644 1950/880/1645 394/408/219
f 394/408/219 391/405/219 1949/879/1644
f 386/400/281 380/394/275 405/419/294
f 412/426/301 405/419/294 380/394/275
f 380/394/275 364/378/259 412/426/301
f 1951/960/1646 412/426/301 364/378/259
f 364/378/259 363/377/258 1951/960/1646
f 1952/977/1647 1951/960/1646 363/377/258
f 363/377/258 1953/976/1648 1952/977/1647
f 1953/976/1648 363/377/258 362/376/257
f 362/376/257 1954/975/1649 1953/976/1648
f 1955/974/1650 1954/975/1649 362/376/257
f 412/426/301 1951/960/1646 1956/959/1651
f 412/426/301 1956/959/1651 413/427/302
f 417/431/306 413/427/302 1956/959/1651
f 1956/959/1651 1957/980/1652 417/431/306
f 1958/979/1653 1957/980/1652 1956/959/1651
f 1959/978/1654 1958/979/1653 1956/959/1651
f 1956/959/1651 1951/960/1646 1959/978/1654
f 1952/977/1647 1959/978/1654 1951/960/1646
f 1960/973/1655 1955/974/1650 362/376/257
f 1960/973/1655 362/376/257 366/380/261
f 366/380/261 1961/972/1656 1960/973/1655
f 1962/971/1657 1961/972/1656 366/380/261
f 366/380/261 367/381/262 1962/971/1657
f 1963/970/1658 1962/971/1657 367/381/262
f 1964/1038/1659 1963/970/1658 367/381/262
f 1965/1039/1660 1964/1038/1659 367/381/262
f 367/381/262 368/382/263 1965/1039/1660
f 372/386/267 1965/1039/1660 368/382/263
f 1322/874/1044 1324/876/1046 1323/875/1045
f 1966/927/1661 1967/928/1662 1968/923/1663
f 1969/935/1664 1967/928/1662 1966/927/1661
f 1966/927/1661 1970/891/1665 1969/935/1664
f 1967/928/1662 1969/935/1664 1971/930/1666
f 1971/930/1666 1972/929/1667 1967/928/1662
f 1967/928/1662 1972/929/1667 1973/924/1668
f 1973/924/1668 1968/923/1663 1967/928/1662
f 1968/923/1663 1973/924/1668 1974/918/219
f 1974/918/219 1975/920/219 1968/923/1663
f 1976/922/1669 1968/923/1663 1975/920/219
f 1968/923/1663 1976/922/1669 1966/927/1661
f 1977/926/1670 1966/927/1661 1976/922/1669
f 1970/891/1665 1966/927/1661 1977/926/1670
f 1977/926/1670 1978/885/1671 1970/891/1665
f 397/411/219 1979/921/1672 1976/922/1669
f 1975/920/219 397/411/219 1976/922/1669
f 396/410/224 397/411/219 1975/920/219
f 396/410/224 1975/920/219 1974/918/219
f 396/410/224 1974/918/219 1948/919/1643
f 1948/919/1643 1974/918/219 1973/924/1668
f 1973/924/1668 1947/925/1642 1948/919/1643
f 1947/925/1642 1973/924/1668 1972/929/1667
f 1972/929/1667 1736/999/1436 1947/925/1642
f 1943/998/1638 1736/999/1436 1972/929/1667
f 1972/929/1667 1971/930/1666 1943/998/1638
f 1943/998/1638 1971/930/1666 1980/1040/1673
f 1980/1040/1673 1971/930/1666 1969/935/1664
f 1969/935/1664 1981/1041/1674 1980/1040/1673
f 1981/1041/1674 1969/935/1664 1970/891/1665
f 1970/891/1665 1982/1042/1675 1981/1041/1674
f 1982/1042/1675 1970/891/1665 1978/885/1671
f 1978/885/1671 1983/1043/1676 1982/1042/1675
f 1984/943/1677 1982/1042/1675 1983/1043/1676
f 1983/1043/1676 1985/945/1678 1984/943/1677
f 1983/1043/1676 1986/944/1679 1985/945/1678
f 1987/1044/1680 1984/943/1677 1985/945/1678
f 1985/945/1678 1988/1045/1681 1987/1044/1680
f 1989/1046/1682 1988/1045/1681 1985/945/1678
f 1989/1046/1682 1985/945/1678 1986/944/1679
f 1986/944/1679 1990/1047/1683 1989/1046/1682
f 1991/948/1684 1990/1047/1683 1986/944/1679
f 1992/947/1685 1991/948/1684 1986/944/1679
f 1986/944/1679 1993/946/1686 1992/947/1685
f 1993/946/1686 1986/944/1679 1983/1043/1676
f 1994/902/1687 1993/946/1686 1983/1043/1676
f 1993/946/1686 1994/902/1687 1995/953/1688
f 1996/955/1689 1995/953/1688 1994/902/1687
f 1997/956/1690 1996/955/1689 1994/902/1687
f 1995/953/1688 1998/954/1691 1993/946/1686
f 1999/957/1692 1997/956/1690 2000/901/1693
f 1994/902/1687 2000/901/1693 1997/956/1690
f 2000/901/1693 1994/902/1687 2001/1048/1694
f 1983/1043/1676 2001/1048/1694 1994/902/1687
f 2002/888/1695 2001/1048/1694 1983/1043/1676
f 1983/1043/1676 1978/885/1671 2002/888/1695
f 2003/889/1696 2002/888/1695 1978/885/1671
f 1978/885/1671 1977/926/1670 2003/889/1696
f 2003/889/1696 1977/926/1670 1979/921/1672
f 1976/922/1669 1979/921/1672 1977/926/1670
f 2001/1048/1694 2002/888/1695 2004/890/1697
f 2005/884/1698 2004/890/1697 2002/888/1695
f 2004/890/1697 2005/884/1698 2006/883/1699
f 2006/883/1699 2005/884/1698 2007/881/1700
f 2007/881/1700 399/413/288 2006/883/1699
f 397/411/219 399/413/288 2007/881/1700
f 397/411/219 2007/881/1700 2008/882/1701
f 397/411/219 2008/882/1701 1979/921/1672
f 1979/921/1672 2008/882/1701 2003/889/1696
f 2005/884/1698 2003/889/1696 2008/882/1701
f 2002/888/1695 2003/889/1696 2005/884/1698
f 2008/882/1701 2007/881/1700 2005/884/1698
f 2009/958/1702 1999/957/1692 2000/901/1693
f 2000/901/1693 2010/900/1703 2009/958/1702
f 2010/900/1703 2000/901/1693 2001/1048/1694
f 2010/900/1703 2001/1048/1694 426/440/315
f 2004/890/1697 426/440/315 2001/1048/1694
f 426/440/315 2004/890/1697 422/436/311
f 2006/883/1699 422/436/311 2004/890/1697
f 422/436/311 2006/883/1699 421/435/310
f 421/435/310 2006/883/1699 399/413/288
f 399/413/288 398/412/287 421/435/310
f 426/440/315 2011/898/1704 2012/899/1705
f 426/440/315 2012/899/1705 2010/900/1703
f 2012/899/1705 2011/898/1704 2013/905/1706
f 2013/905/1706 2014/903/1707 2012/899/1705
f 2012/899/1705 2014/903/1707 2015/904/1708
f 2015/904/1708 2010/900/1703 2012/899/1705
f 2015/904/1708 2009/958/1702 2010/900/1703
f 428/442/317 2016/912/1709 424/438/313
f 2017/895/1710 424/438/313 2016/912/1709
f 424/438/313 2017/895/1710 423/437/312
f 423/437/312 2017/895/1710 2018/896/1711
f 426/440/315 423/437/312 2018/896/1711
f 2018/896/1711 2019/897/1712 426/440/315
f 426/440/315 2019/897/1712 2011/898/1704
f 2011/898/1704 2019/897/1712 2020/907/1713
f 2020/907/1713 2021/906/1714 2011/898/1704
f 2021/906/1714 2013/905/1706 2011/898/1704
f 2016/912/1709 2022/911/1715 2017/895/1710
f 2022/911/1715 2023/910/1716 2017/895/1710
f 2018/896/1711 2017/895/1710 2023/910/1716
f 2023/910/1716 2024/909/1717 2018/896/1711
f 2024/909/1717 2025/908/1718 2018/896/1711
f 2019/897/1712 2018/896/1711 2025/908/1718
f 2025/908/1718 2020/907/1713 2019/897/1712
f 1462/954/1176 1455/947/1169 1454/946/1168
f 311/325/208 308/322/205 316/330/213
f 316/330/213 314/328/211 311/325/208
f 2026/829/1719 314/328/211 316/330/213
f 314/328/211 2026/829/1719 315/329/212
f 2027/828/1720 315/329/212 2026/829/1719
f 315/329/212 2027/828/1720 317/331/214
f 317/331/214 2027/828/1720 321/335/218
f 323/337/220 321/335/218 2027/828/1720
f 2027/828/1720 338/352/233 323/337/220
f 2026/829/1719 338/352/233 2027/828/1720
f 338/352/233 2026/829/1719 339/353/234
f 316/330/213 339/353/234 2026/829/1719
f 339/353/234 316/330/213 340/354/235
f 2028/1009/1721 344/358/239 342/356/237
f 342/356/237 341/355/236 2028/1009/1721
f 2028/1009/1721 341/355/236 2029/1003/1722
f 340/354/235 2029/1003/1722 341/355/236
f 2030/838/1723 2029/1003/1722 340/354/235
f 2030/838/1723 340/354/235 316/330/213
f 316/330/213 2031/837/1724 2030/838/1723
f 2031/837/1724 316/330/213 2032/1049/1725
f 2032/1049/1725 305/319/202 2031/837/1724
f 307/321/204 2031/837/1724 305/319/202
f 2031/837/1724 307/321/204 2033/839/1726
f 2033/839/1726 2030/838/1723 2031/837/1724
f 2030/838/1723 2033/839/1726 2034/1010/1727
f 2034/1010/1727 2029/1003/1722 2030/838/1723
f 2029/1003/1722 2034/1010/1727 2035/1008/1728
f 2029/1003/1722 2035/1008/1728 2028/1009/1721
f 1329/878/1051 1331/395/1053 1328/396/1050
f 1331/395/1053 1329/878/1051 1469/961/1183
f 1469/961/1183 1332/394/1054 1331/395/1053
f 2036/419/1729 1332/394/1054 1469/961/1183
f 1469/961/1183 1414/917/1131 2036/419/1729
f 2036/419/1729 1414/917/1131 1412/916/1129
f 1412/916/1129 2037/424/1730 2036/419/1729
f 2037/424/1730 1412/916/1129 1404/914/1121
f 1404/914/1121 2038/421/1731 2037/424/1730
f 1406/422/1123 2038/421/1731 1404/914/1121
f 1361/434/1078 1406/422/1123 1372/433/1089
f 1406/422/1123 1361/434/1078 1360/420/1077
f 1360/420/1077 2038/421/1731 1406/422/1123
f 2038/421/1731 1360/420/1077 1351/423/1070
f 1351/423/1070 2037/424/1730 2038/421/1731
f 2037/424/1730 1351/423/1070 1349/418/1068
f 1349/418/1068 2036/419/1729 2037/424/1730
f 2036/419/1729 1349/418/1068 1347/400/1066
f 1347/400/1066 1332/394/1054 2036/419/1729
f 1332/394/1054 1347/400/1066 1330/401/1052
f 2039/564/1732 2040/563/1733 2041/555/1734
f 2041/555/1734 2042/556/1735 2039/564/1732
f 2042/556/1735 2041/555/1734 2043/554/1736
f 2043/554/1736 2044/549/1737 2042/556/1735
f 2044/549/1737 2043/554/1736 2045/553/1738
f 2045/553/1738 2046/548/1739 2044/549/1737
f 2040/563/1733 2047/562/1740 2048/561/1741
f 2048/561/1741 2041/555/1734 2040/563/1733
f 2041/555/1734 2048/561/1741 2049/560/1742
f 2049/560/1742 2043/554/1736 2041/555/1734
f 2043/554/1736 2049/560/1742 2050/559/1743
f 2050/559/1743 2045/553/1738 2043/554/1736
f 2045/553/1738 2050/559/1743 2047/558/1740
f 2047/558/1740 2040/557/1733 2045/553/1738
f 2046/548/1739 2045/553/1738 2040/557/1733
f 2040/557/1733 2039/552/1732 2046/548/1739
f 2046/548/1739 2039/552/1732 2051/551/1744
f 2051/551/1744 2052/547/1745 2046/548/1739
f 2044/549/1737 2046/548/1739 2052/547/1745
f 2052/547/1745 2053/544/1746 2044/549/1737
f 2042/556/1735 2044/549/1737 2053/544/1746
f 2053/544/1746 2054/545/1747 2042/556/1735
f 2039/564/1732 2042/556/1735 2054/545/1747
f 2054/545/1747 2051/565/1744 2039/564/1732
f 2055/570/1748 2051/565/1744 2054/545/1747
f 2054/545/1747 2056/566/1749 2055/570/1748
f 2056/566/1749 2054/545/1747 2053/544/1746
f 2053/544/1746 2057/543/1750 2056/566/1749
f 2057/543/1750 2053/544/1746 2052/547/1745
f 2052/547/1745 2058/546/1751 2057/543/1750
f 2058/546/1751 2052/547/1745 2051/551/1744
f 2051/551/1744 2055/550/1748 2058/546/1751
f 2059/572/1752 2055/570/1748 2056/566/1749
f 2056/566/1749 2060/571/1753 2059/572/1752
f 2060/571/1753 2056/566/1749 2057/543/1750
f 2057/543/1750 2061/567/1754 2060/571/1753
f 2061/567/1754 2057/543/1750 2058/546/1751
f 2058/546/1751 2062/568/1755 2061/567/1754
f 2062/568/1755 2058/546/1751 2055/550/1748
f 2055/550/1748 2059/569/1752 2062/568/1755
f 2063/445/1756 2064/444/1757 2065/439/1758
f 2064/444/1757 2066/443/1759 2065/439/1758
f 2067/442/1760 1575/912/1287 1560/438/1273
f 2068/441/1761 2067/442/1760 1560/438/1273
f 2066/443/1759 2068/441/1761 1560/438/1273
f 1560/438/1273 2065/439/1758 2066/443/1759
f 2065/439/1758 1560/438/1273 1558/913/1271
f 2069/446/1762 2065/439/1758 1558/913/1271
f 2063/445/1756 2065/439/1758 2069/446/1762
f 2070/915/1763 2071/451/1764 2069/446/1762
f 1558/913/1271 2070/915/1763 2069/446/1762
f 1553/422/1267 2070/915/1763 1558/913/1271
f 1549/914/1263 2070/915/1763 1553/422/1267
f 2070/915/1763 1549/914/1263 2072/450/1765
f 2072/450/1765 2071/451/1764 2070/915/1763
f 2071/451/1764 2072/450/1765 2073/452/1766
f 2073/452/1766 2074/453/1767 2071/451/1764
f 2074/453/1767 2075/454/1768 2071/451/1764
f 2069/446/1762 2071/451/1764 2075/454/1768
f 2075/454/1768 2076/455/1769 2069/446/1762
f 2076/455/1769 2077/456/1770 2069/446/1762
f 1550/429/1264 2078/448/1771 1549/914/1263
f 1549/914/1263 2078/448/1771 2079/449/1772
f 2079/449/1772 2072/450/1765 1549/914/1263
f 1551/430/1265 2080/457/1773 1550/429/1264
f 2080/457/1773 2081/458/1774 1550/429/1264
f 2078/448/1771 1550/429/1264 2081/458/1774
f 2081/458/1774 2082/459/1775 2078/448/1771
f 2082/459/1775 2083/460/1776 2078/448/1771
f 2079/449/1772 2078/448/1771 2083/460/1776
f 2083/460/1776 2084/461/1777 2079/449/1772
f 2072/450/1765 2079/449/1772 2084/461/1777
f 2084/461/1777 2085/462/1778 2072/450/1765
f 2085/462/1778 2073/452/1766 2072/450/1765
f 2077/456/1770 2063/445/1756 2069/446/1762
f 2086/464/1779 2087/463/1780 2088/466/1781
f 2088/466/1781 2089/465/1782 2086/464/1779
f 2090/468/1783 2089/465/1782 2088/466/1781
f 2088/466/1781 2091/467/1784 2090/468/1783
f 2092/470/1785 2090/468/1783 2091/467/1784
f 2091/467/1784 2093/469/1786 2092/470/1785
f 2094/472/1787 2092/470/1785 2093/469/1786
f 2093/469/1786 2095/471/1788 2094/472/1787
f 2096/474/1789 2094/472/1787 2095/471/1788
f 2095/471/1788 2097/473/1790 2096/474/1789
f 2086/476/1779 2096/474/1789 2097/473/1790
f 2097/473/1790 2087/475/1780 2086/476/1779
f 1521/874/1235 1522/876/1236 1517/875/1231
f 2098/258/1791 2099/261/1792 2100/276/1793
f 2099/261/1792 2098/258/1791 2101/257/1794
f 2102/279/1795 2101/257/1794 2098/258/1791
f 2101/257/1794 2102/279/1795 2103/288/1796
f 2103/288/1796 2104/287/1797 2101/257/1794
f 2104/287/1797 2103/288/1796 2105/289/1798
f 2104/287/1797 2105/289/1798 2106/253/1799
f 2106/253/1799 2107/286/1800 2104/287/1797
f 2106/253/1799 2108/255/1801 2107/286/1800
f 2107/286/1800 2108/255/1801 2109/256/1802
f 2109/256/1802 2101/257/1794 2107/286/1800
f 2101/257/1794 2109/256/1802 2099/261/1792
f 2104/287/1797 2107/286/1800 2101/257/1794
f 2110/249/1803 2111/254/1804 2106/253/1799
f 2106/253/1799 2111/254/1804 2108/255/1801
f 2108/255/1801 2111/254/1804 2112/260/1805
f 2112/260/1805 2109/256/1802 2108/255/1801
f 2109/256/1802 2112/260/1805 2113/264/1806
f 2113/264/1806 2099/261/1792 2109/256/1802
f 2099/261/1792 2113/264/1806 2114/268/1807
f 2114/268/1807 2115/263/1808 2099/261/1792
f 2100/276/1793 2099/261/1792 2115/263/1808
f 2115/263/1808 2116/262/1809 2100/276/1793
f 2112/260/1805 2111/254/1804 2093/267/1786
f 2093/267/1786 2091/266/1784 2112/260/1805
f 2113/264/1806 2112/260/1805 2091/266/1784
f 2091/266/1784 2088/265/1781 2113/264/1806
f 2114/268/1807 2113/264/1806 2088/265/1781
f 2088/265/1781 2087/269/1780 2114/268/1807
f 2100/276/1793 2116/262/1809 2117/274/1810
f 2117/274/1810 2118/275/1811 2100/276/1793
f 2118/275/1811 2117/274/1810 2119/273/1812
f 2119/273/1812 2120/271/1813 2118/275/1811
f 2121/270/1814 2120/271/1813 2119/273/1812
f 2118/275/1811 2120/271/1813 2121/270/1814
f 2119/273/1812 2122/272/1815 2121/270/1814
f 2123/278/1816 2121/270/1814 2122/272/1815
f 2121/270/1814 2123/278/1816 2124/280/1817
f 2124/280/1817 2123/278/1816 2089/284/1782
f 2089/284/1782 2090/283/1783 2124/280/1817
f 2125/281/1818 2124/280/1817 2090/283/1783
f 2090/283/1783 2092/282/1785 2125/281/1818
f 2122/272/1815 2126/277/1819 2123/278/1816
f 2123/278/1816 2126/277/1819 2086/285/1779
f 2086/285/1779 2089/284/1782 2123/278/1816
f 2100/276/1793 2118/275/1811 2098/258/1791
f 2121/270/1814 2098/258/1791 2118/275/1811
f 2098/258/1791 2121/270/1814 2102/279/1795
f 2124/280/1817 2102/279/1795 2121/270/1814
f 2103/288/1796 2102/279/1795 2124/280/1817
f 2124/280/1817 2125/281/1818 2103/288/1796
f 2103/288/1796 2125/281/1818 2105/289/1798
f 2105/289/1798 2125/281/1818 2127/252/1820
f 2105/289/1798 2127/252/1820 2110/249/1803
f 2110/249/1803 2106/253/1799 2105/289/1798
f 2125/251/1818 2128/248/1821 2127/252/1820
f 2127/252/1820 2128/248/1821 2129/247/1822
f 2129/247/1822 2110/249/1803 2127/252/1820
f 2111/241/1804 2110/249/1803 2129/247/1822
f 2129/247/1822 2130/243/1823 2111/241/1804
f 2131/239/1824 2111/241/1804 2130/243/1823
f 2130/243/1823 2132/242/1825 2131/239/1824
f 2131/239/1824 2132/242/1825 2133/235/1826
f 2134/307/1827 2133/235/1826 2132/242/1825
f 2135/236/1828 2133/235/1826 2134/307/1827
f 2136/290/1829 2137/304/1830 2135/236/1828
f 2135/236/1828 2137/304/1830 2138/233/1831
f 2135/236/1828 2138/233/1831 2133/235/1826
f 2139/237/1832 2133/235/1826 2138/233/1831
f 2133/235/1826 2139/237/1832 2131/239/1824
f 2131/239/1824 2139/237/1832 2097/230/1790
f 2097/230/1790 2095/238/1788 2131/239/1824
f 2111/241/1804 2131/239/1824 2095/238/1788
f 2095/238/1788 2093/240/1786 2111/241/1804
f 2087/231/1780 2097/230/1790 2139/237/1832
f 2139/237/1832 2114/232/1807 2087/231/1780
f 2138/233/1831 2114/232/1807 2139/237/1832
f 2115/234/1808 2114/232/1807 2138/233/1831
f 2115/234/1808 2138/233/1831 2137/304/1830
f 2137/304/1830 2116/305/1809 2115/234/1808
f 2116/305/1809 2137/304/1830 2136/290/1829
f 2136/290/1829 2117/291/1810 2116/305/1809
f 2117/291/1810 2136/290/1829 2140/300/1833
f 2140/300/1833 2119/292/1812 2117/291/1810
f 2134/307/1827 2141/306/1834 2135/236/1828
f 2135/236/1828 2141/306/1834 2136/290/1829
f 2140/300/1833 2136/290/1829 2141/306/1834
f 2141/306/1834 2142/299/1835 2140/300/1833
f 2143/298/1836 2140/300/1833 2142/299/1835
f 2144/297/1837 2143/298/1836 2142/299/1835
f 2144/297/1837 2142/299/1835 2141/306/1834
f 2141/306/1834 2134/307/1827 2144/297/1837
f 2144/297/1837 2134/307/1827 2145/244/1838
f 2132/242/1825 2145/244/1838 2134/307/1827
f 2119/292/1812 2140/300/1833 2143/298/1836
f 2143/298/1836 2122/301/1815 2119/292/1812
f 2143/298/1836 2126/303/1819 2122/301/1815
f 2126/303/1819 2143/298/1836 2144/297/1837
f 2144/297/1837 2146/296/1839 2126/303/1819
f 2146/296/1839 2144/297/1837 2147/259/1840
f 2147/259/1840 2148/295/1841 2146/296/1839
f 2148/295/1841 2147/259/1840 2149/250/1842
f 2149/250/1842 2125/251/1818 2148/295/1841
f 2125/251/1818 2149/250/1842 2128/248/1821
f 2148/295/1841 2125/251/1818 2092/308/1785
f 2092/308/1785 2094/294/1787 2148/295/1841
f 2146/296/1839 2148/295/1841 2094/294/1787
f 2094/294/1787 2096/293/1789 2146/296/1839
f 2126/303/1819 2146/296/1839 2096/293/1789
f 2096/293/1789 2086/302/1779 2126/303/1819
f 2150/245/1843 2145/244/1838 2132/242/1825
f 2132/242/1825 2130/243/1823 2150/245/1843
f 2129/247/1822 2150/245/1843 2130/243/1823
f 2150/245/1843 2129/247/1822 2128/248/1821
f 2128/248/1821 2151/246/1844 2150/245/1843
f 2149/250/1842 2151/246/1844 2128/248/1821
f 2145/244/1838 2151/246/1844 2149/250/1842
f 2149/250/1842 2147/259/1840 2145/244/1838
f 2145/244/1838 2147/259/1840 2144/297/1837
f 2151/246/1844 2145/244/1838 2150/245/1843
f 1587/983/1299 1602/986/1314 1588/946/1300
f 2152/567/1845 2153/543/1846 2154/546/1847
f 2153/543/1846 2152/567/1845 2155/571/1848
f 2155/571/1848 2156/566/1749 2153/543/1846
f 2156/566/1749 2155/571/1848 2157/572/1752
f 2157/572/1752 2158/570/1748 2156/566/1749
f 2159/545/1747 2156/566/1749 2158/570/1748
f 2158/570/1748 2160/565/1849 2159/545/1747
f 2159/545/1747 2160/565/1849 2161/564/1732
f 2161/564/1732 2162/556/1735 2159/545/1747
f 2163/555/1734 2162/556/1735 2161/564/1732
f 2161/564/1732 2164/563/1733 2163/555/1734
f 2162/556/1735 2163/555/1734 2165/554/1850
f 2166/560/1742 2165/554/1850 2163/555/1734
f 2163/555/1734 2167/561/1741 2166/560/1742
f 2167/561/1741 2163/555/1734 2164/563/1733
f 2164/563/1733 2168/562/1851 2167/561/1741
f 2165/554/1850 2169/549/1737 2162/556/1735
f 2162/556/1735 2169/549/1737 2170/544/1746
f 2170/544/1746 2159/545/1747 2162/556/1735
f 2156/566/1749 2159/545/1747 2170/544/1746
f 2170/544/1746 2153/543/1846 2156/566/1749
f 2153/543/1846 2170/544/1746 2171/547/1745
f 2171/547/1745 2170/544/1746 2169/549/1737
f 2169/549/1737 2172/548/1739 2171/547/1745
f 2173/553/1852 2172/548/1739 2169/549/1737
f 2169/549/1737 2165/554/1850 2173/553/1852
f 2165/554/1850 2166/560/1742 2174/559/1743
f 2174/559/1743 2173/553/1852 2165/554/1850
f 2173/553/1852 2174/559/1743 2168/558/1851
f 2168/558/1851 2164/557/1733 2173/553/1852
f 2172/548/1739 2173/553/1852 2164/557/1733
f 2164/557/1733 2161/552/1732 2172/548/1739
f 2172/548/1739 2161/552/1732 2160/551/1849
f 2160/551/1849 2171/547/1745 2172/548/1739
f 2154/546/1847 2171/547/1745 2160/551/1849
f 2171/547/1745 2154/546/1847 2153/543/1846
f 2160/551/1849 2158/550/1748 2154/546/1847
f 2175/568/1853 2154/546/1847 2158/550/1748
f 2154/546/1847 2175/568/1853 2152/567/1845
f 2158/550/1748 2157/569/1752 2175/568/1853
f 2176/367/1854 2177/867/1855 1518/850/1232
f 2177/867/1855 2178/869/1856 1518/850/1232
f 2178/869/1856 2179/871/1857 1518/850/1232
f 1518/850/1232 2179/871/1857 1519/873/1233
f 1519/873/1233 2179/871/1857 1520/872/1234
f 2180/870/1858 1520/872/1234 2179/871/1857
f 2179/871/1857 2178/869/1856 2180/870/1858
f 2181/868/1859 2180/870/1858 2178/869/1856
f 2178/869/1856 2177/867/1855 2181/868/1859
f 2182/866/1860 2181/868/1859 2177/867/1855
f 2177/867/1855 2176/367/1854 2182/866/1860
f 2183/865/1861 2182/866/1860 2176/367/1854
f 2184/864/1862 2183/865/1861 2176/367/1854
f 1678/861/1383 2185/862/1863 1666/854/1371
f 1664/853/1369 1666/854/1371 2185/862/1863
f 2185/862/1863 2186/863/1864 1664/853/1369
f 1665/852/1370 1664/853/1369 2186/863/1864
f 2186/863/1864 2184/864/1862 1665/852/1370
f 2176/367/1854 1665/852/1370 2184/864/1862
f 1658/851/1363 1665/852/1370 2176/367/1854
f 1518/850/1232 1658/851/1363 2176/367/1854
f 1658/851/1363 1518/850/1232 1503/396/1217
f 1503/396/1217 1518/850/1232 1504/878/1218
f 2187/574/1865 2188/573/1866 2189/576/1867
f 2189/576/1867 2190/575/1868 2187/574/1865
f 2191/640/1869 2192/638/1870 2193/639/1871
f 2193/639/1871 2194/632/1872 2191/640/1869
f 2193/639/1871 2192/638/1870 2195/636/1873
f 2195/636/1873 2196/637/1874 2193/639/1871
f 2197/635/1875 2196/637/1874 2195/636/1873
f 2198/634/1876 2197/635/1875 2195/636/1873
f 2195/636/1873 2199/633/1877 2198/634/1876
f 2198/634/1876 2199/633/1877 2200/613/1878
f 2200/613/1878 2199/633/1877 2191/640/1869
f 2191/640/1869 2194/632/1872 2200/613/1878
f 2201/614/1879 2200/613/1878 2194/632/1872
f 2194/632/1872 2202/615/1880 2201/614/1879
f 2203/624/1881 2201/614/1879 2202/615/1880
f 2202/615/1880 2204/625/1882 2203/624/1881
f 2205/631/1883 2204/625/1882 2202/615/1880
f 2202/615/1880 2206/630/1884 2205/631/1883
f 2205/631/1883 2206/630/1884 2207/629/1885
f 2207/629/1885 2208/627/1886 2205/631/1883
f 2209/628/1887 2208/627/1886 2207/629/1885
f 2203/624/1881 2208/627/1886 2209/628/1887
f 2209/628/1887 2210/626/1888 2203/624/1881
f 2210/626/1888 2201/614/1879 2203/624/1881
f 2200/613/1878 2201/614/1879 2210/617/1888
f 2210/617/1888 2198/616/1876 2200/613/1878
f 2197/619/1875 2198/616/1876 2210/617/1888
f 2210/617/1888 2209/618/1887 2197/619/1875
f 2197/619/1875 2209/618/1887 2207/621/1885
f 2207/621/1885 2196/620/1874 2197/619/1875
f 2196/620/1874 2207/621/1885 2206/623/1884
f 2206/623/1884 2193/622/1871 2196/620/1874
f 2192/642/1870 2205/641/1883 2208/644/1886
f 2208/644/1886 2195/643/1873 2192/642/1870
f 2195/643/1873 2208/644/1886 2203/646/1881
f 2203/646/1881 2199/645/1877 2195/643/1873
f 2199/645/1877 2203/646/1881 2204/648/1882
f 2204/648/1882 2191/647/1869 2199/645/1877
f 2191/647/1869 2204/648/1882 2205/650/1883
f 2205/650/1883 2192/649/1870 2191/647/1869
f 2211/478/1889 2212/477/1890 2213/480/1891
f 2213/480/1891 2214/479/1892 2211/478/1889
f 2214/479/1892 2213/480/1891 2215/482/1893
f 2215/482/1893 2216/481/1894 2214/479/1892
f 2217/484/1895 2216/481/1894 2215/482/1893
f 2215/482/1893 2218/483/1896 2217/484/1895
f 2217/484/1895 2218/483/1896 2219/486/1897
f 2219/486/1897 2220/485/1898 2217/484/1895
f 2220/485/1898 2219/486/1897 2221/496/1899
f 2222/498/1900 2221/496/1899 2219/486/1897
f 2219/486/1897 2223/497/1901 2222/498/1900
f 2223/497/1901 2219/486/1897 2218/504/1896
f 2224/502/1902 2223/497/1901 2218/504/1896
f 2218/504/1896 2215/503/1893 2224/502/1902
f 2213/501/1891 2224/502/1902 2215/503/1893
f 2224/502/1902 2213/501/1891 2212/500/1890
f 2212/500/1890 2225/499/1903 2224/502/1902
f 2222/498/1900 2225/499/1903 2212/500/1890
f 2212/500/1890 2221/496/1899 2222/498/1900
f 2226/490/1904 2227/489/1905 2228/488/1906
f 2228/488/1906 2211/487/1889 2226/490/1904
f 2226/490/1904 2211/487/1889 2214/492/1892
f 2214/492/1892 2229/491/1907 2226/490/1904
f 2229/491/1907 2214/492/1892 2216/493/1894
f 2230/495/1908 2229/491/1907 2216/493/1894
f 2216/493/1894 2217/494/1895 2230/495/1908
f 2220/485/1898 2230/495/1908 2217/494/1895
f 2230/495/1908 2220/485/1898 2228/488/1906
f 2221/496/1899 2228/488/1906 2220/485/1898
f 2228/488/1906 2227/489/1905 2230/495/1908
f 1624/995/1335 2231/1050/1909 1625/936/1336
f 1625/936/1336 2231/1050/1909 1269/1031/991
f 1269/1031/991 1268/996/990 1625/936/1336
f 2224/506/1902 2229/505/1907 2230/508/1908
f 2230/508/1908 2223/507/1901 2224/506/1902
f 2223/507/1901 2230/508/1908 2227/510/1905
f 2227/510/1905 2222/509/1900 2223/507/1901
f 2222/509/1900 2227/510/1905 2226/512/1904
f 2226/512/1904 2225/511/1903 2222/509/1900
f 2225/511/1903 2226/512/1904 2229/514/1907
f 2229/514/1907 2224/513/1902 2225/511/1903
f 2232/516/1910 2233/515/1911 2234/518/1912
f 2234/518/1912 2235/517/1913 2232/516/1910
f 2235/517/1913 2234/518/1912 2189/520/1867
f 2189/520/1867 2236/519/1914 2235/517/1913
f 2236/519/1914 2189/520/1867 2188/522/1866
f 2188/522/1866 2237/521/1915 2236/519/1914
f 2237/521/1915 2188/522/1866 2233/515/1911
f 2233/515/1911 2232/516/1910 2237/521/1915
f 2238/532/1916 2234/531/1912 2233/534/1911
f 2233/534/1911 2239/533/1917 2238/532/1916
f 2240/536/1918 2187/535/1865 2190/538/1868
f 2190/538/1868 2241/537/1919 2240/536/1918
f 2241/537/1919 2190/538/1868 2238/540/1916
f 2238/540/1916 2242/539/1920 2241/537/1919
f 2242/539/1920 2238/540/1916 2239/542/1917
f 2239/542/1917 2243/541/1921 2242/539/1920
f 2243/541/1921 2239/542/1917 2187/535/1865
f 2187/535/1865 2240/536/1918 2243/541/1921
f 2244/464/1922 2245/463/1923 2246/466/1924
f 2246/466/1924 2247/465/1925 2244/464/1922
f 2248/468/1926 2247/465/1925 2246/466/1924
f 2246/466/1924 2249/467/1927 2248/468/1926
f 2250/470/1928 2248/468/1926 2249/467/1927
f 2249/467/1927 2251/469/1929 2250/470/1928
f 2252/472/1930 2250/470/1928 2251/469/1929
f 2251/469/1929 2253/471/1931 2252/472/1930
f 2254/474/1932 2252/472/1930 2253/471/1931
f 2253/471/1931 2255/473/1933 2254/474/1932
f 2244/476/1922 2254/474/1932 2255/473/1933
f 2255/473/1933 2245/475/1923 2244/476/1922
f 2256/881/1934 2257/413/1935 2258/883/1936
f 1906/436/1601 2258/883/1936 1847/435/1546
f 1847/435/1546 2258/883/1936 2257/413/1935
f 2257/413/1935 1849/412/1548 1847/435/1546
f 1851/411/1431 1849/412/1548 2257/413/1935
f 1851/411/1431 2257/413/1935 2256/881/1934
f 1851/411/1431 2256/881/1934 1853/882/1550
f 1853/882/1550 2256/881/1934 1902/884/1597
f 2258/883/1936 1902/884/1597 2256/881/1934
f 1903/890/1598 1902/884/1597 2258/883/1936
f 2258/883/1936 1906/436/1601 1903/890/1598
f 2259/258/1937 2260/261/1938 2261/276/1939
f 2260/261/1938 2259/258/1937 2262/257/1940
f 2263/279/1941 2262/257/1940 2259/258/1937
f 2262/257/1940 2263/279/1941 2264/288/1942
f 2264/288/1942 2265/287/1943 2262/257/1940
f 2265/287/1943 2264/288/1942 2266/289/1944
f 2265/287/1943 2266/289/1944 2267/253/1945
f 2267/253/1945 2268/286/1946 2265/287/1943
f 2267/253/1945 2269/255/1947 2268/286/1946
f 2268/286/1946 2269/255/1947 2270/256/1948
f 2270/256/1948 2262/257/1940 2268/286/1946
f 2262/257/1940 2270/256/1948 2260/261/1938
f 2265/287/1943 2268/286/1946 2262/257/1940
f 2271/249/1949 2272/254/1950 2267/253/1945
f 2267/253/1945 2272/254/1950 2269/255/1947
f 2269/255/1947 2272/254/1950 2273/260/1951
f 2273/260/1951 2270/256/1948 2269/255/1947
f 2270/256/1948 2273/260/1951 2274/264/1952
f 2274/264/1952 2260/261/1938 2270/256/1948
f 2260/261/1938 2274/264/1952 2275/268/1953
f 2275/268/1953 2276/263/1954 2260/261/1938
f 2261/276/1939 2260/261/1938 2276/263/1954
f 2276/263/1954 2277/262/1955 2261/276/1939
f 2273/260/1951 2272/254/1950 2251/267/1929
f 2251/267/1929 2249/266/1927 2273/260/1951
f 2274/264/1952 2273/260/1951 2249/266/1927
f 2249/266/1927 2246/265/1924 2274/264/1952
f 2275/268/1953 2274/264/1952 2246/265/1924
f 2246/265/1924 2245/269/1923 2275/268/1953
f 2261/276/1939 2277/262/1955 2278/274/1956
f 2278/274/1956 2279/275/1957 2261/276/1939
f 2279/275/1957 2278/274/1956 2280/273/1958
f 2280/273/1958 2281/271/1959 2279/275/1957
f 2282/270/1960 2281/271/1959 2280/273/1958
f 2279/275/1957 2281/271/1959 2282/270/1960
f 2280/273/1958 2283/272/1961 2282/270/1960
f 2284/278/1962 2282/270/1960 2283/272/1961
f 2282/270/1960 2284/278/1962 2285/280/1963
f 2285/280/1963 2284/278/1962 2247/284/1925
f 2247/284/1925 2248/283/1926 2285/280/1963
f 2286/281/1964 2285/280/1963 2248/283/1926
f 2248/283/1926 2250/282/1928 2286/281/1964
f 2283/272/1961 2287/277/1965 2284/278/1962
f 2284/278/1962 2287/277/1965 2244/285/1922
f 2244/285/1922 2247/284/1925 2284/278/1962
f 2261/276/1939 2279/275/1957 2259/258/1937
f 2282/270/1960 2259/258/1937 2279/275/1957
f 2259/258/1937 2282/270/1960 2263/279/1941
f 2285/280/1963 2263/279/1941 2282/270/1960
f 2264/288/1942 2263/279/1941 2285/280/1963
f 2285/280/1963 2286/281/1964 2264/288/1942
f 2264/288/1942 2286/281/1964 2266/289/1944
f 2266/289/1944 2286/281/1964 2288/252/1966
f 2266/289/1944 2288/252/1966 2271/249/1949
f 2271/249/1949 2267/253/1945 2266/289/1944
f 2286/251/1964 2289/248/1967 2288/252/1966
f 2288/252/1966 2289/248/1967 2290/247/1968
f 2290/247/1968 2271/249/1949 2288/252/1966
f 2272/241/1950 2271/249/1949 2290/247/1968
f 2290/247/1968 2291/243/1969 2272/241/1950
f 2292/239/1970 2272/241/1950 2291/243/1969
f 2291/243/1969 2293/242/1971 2292/239/1970
f 2292/239/1970 2293/242/1971 2294/235/1972
f 2295/307/1973 2294/235/1972 2293/242/1971
f 2296/236/1974 2294/235/1972 2295/307/1973
f 2297/290/1975 2298/304/1976 2296/236/1974
f 2296/236/1974 2298/304/1976 2299/233/1977
f 2296/236/1974 2299/233/1977 2294/235/1972
f 2300/237/1978 2294/235/1972 2299/233/1977
f 2294/235/1972 2300/237/1978 2292/239/1970
f 2292/239/1970 2300/237/1978 2255/230/1933
f 2255/230/1933 2253/238/1931 2292/239/1970
f 2272/241/1950 2292/239/1970 2253/238/1931
f 2253/238/1931 2251/240/1929 2272/241/1950
f 2245/231/1923 2255/230/1933 2300/237/1978
f 2300/237/1978 2275/232/1953 2245/231/1923
f 2299/233/1977 2275/232/1953 2300/237/1978
f 2276/234/1954 2275/232/1953 2299/233/1977
f 2276/234/1954 2299/233/1977 2298/304/1976
f 2298/304/1976 2277/305/1955 2276/234/1954
f 2277/305/1955 2298/304/1976 2297/290/1975
f 2297/290/1975 2278/291/1956 2277/305/1955
f 2278/291/1956 2297/290/1975 2301/300/1979
f 2301/300/1979 2280/292/1958 2278/291/1956
f 2295/307/1973 2302/306/1980 2296/236/1974
f 2296/236/1974 2302/306/1980 2297/290/1975
f 2301/300/1979 2297/290/1975 2302/306/1980
f 2302/306/1980 2303/299/1981 2301/300/1979
f 2304/298/1982 2301/300/1979 2303/299/1981
f 2305/297/1983 2304/298/1982 2303/299/1981
f 2305/297/1983 2303/299/1981 2302/306/1980
f 2302/306/1980 2295/307/1973 2305/297/1983
f 2305/297/1983 2295/307/1973 2306/244/1984
f 2293/242/1971 2306/244/1984 2295/307/1973
f 2280/292/1958 2301/300/1979 2304/298/1982
f 2304/298/1982 2283/301/1961 2280/292/1958
f 2304/298/1982 2287/303/1965 2283/301/1961
f 2287/303/1965 2304/298/1982 2305/297/1983
f 2305/297/1983 2307/296/1985 2287/303/1965
f 2307/296/1985 2305/297/1983 2308/259/1986
f 2308/259/1986 2309/295/1987 2307/296/1985
f 2309/295/1987 2308/259/1986 2310/250/1988
f 2310/250/1988 2286/251/1964 2309/295/1987
f 2286/251/1964 2310/250/1988 2289/248/1967
f 2309/295/1987 2286/251/1964 2250/308/1928
f 2250/308/1928 2252/294/1930 2309/295/1987
f 2307/296/1985 2309/295/1987 2252/294/1930
f 2252/294/1930 2254/293/1932 2307/296/1985
f 2287/303/1965 2307/296/1985 2254/293/1932
f 2254/293/1932 2244/302/1922 2287/303/1965
f 2311/245/1989 2306/244/1984 2293/242/1971
f 2293/242/1971 2291/243/1969 2311/245/1989
f 2290/247/1968 2311/245/1989 2291/243/1969
f 2311/245/1989 2290/247/1968 2289/248/1967
f 2289/248/1967 2312/246/1990 2311/245/1989
f 2310/250/1988 2312/246/1990 2289/248/1967
f 2306/244/1984 2312/246/1990 2310/250/1988
f 2310/250/1988 2308/259/1986 2306/244/1984
f 2306/244/1984 2308/259/1986 2305/297/1983
f 2312/246/1990 2306/244/1984 2311/245/1989
f 1936/456/1631 1924/445/1619 1827/446/1527
f 2313/640/1991 2314/638/1992 2315/639/1993
f 2315/639/1993 2316/632/1994 2313/640/1991
f 2315/639/1993 2314/638/1992 2317/636/1995
f 2317/636/1995 2318/637/1996 2315/639/1993
f 2319/635/1997 2318/637/1996 2317/636/1995
f 2320/634/1998 2319/635/1997 2317/636/1995
f 2317/636/1995 2321/633/1999 2320/634/1998
f 2320/634/1998 2321/633/1999 2322/613/2000
f 2322/613/2000 2321/633/1999 2313/640/1991
f 2313/640/1991 2316/632/1994 2322/613/2000
f 2323/614/2001 2322/613/2000 2316/632/1994
f 2316/632/1994 2324/615/2002 2323/614/2001
f 2325/624/2003 2323/614/2001 2324/615/2002
f 2324/615/2002 2326/625/2004 2325/624/2003
f 2327/631/2005 2326/625/2004 2324/615/2002
f 2324/615/2002 2328/630/2006 2327/631/2005
f 2327/631/2005 2328/630/2006 2329/629/2007
f 2329/629/2007 2330/627/2008 2327/631/2005
f 2331/628/2009 2330/627/2008 2329/629/2007
f 2325/624/2003 2330/627/2008 2331/628/2009
f 2331/628/2009 2332/626/2010 2325/624/2003
f 2332/626/2010 2323/614/2001 2325/624/2003
f 2322/613/2000 2323/614/2001 2332/617/2010
f 2332/617/2010 2320/616/1998 2322/613/2000
f 2319/619/1997 2320/616/1998 2332/617/2010
f 2332/617/2010 2331/618/2009 2319/619/1997
f 2319/619/1997 2331/618/2009 2329/621/2007
f 2329/621/2007 2318/620/1996 2319/619/1997
f 2318/620/1996 2329/621/2007 2328/623/2006
f 2328/623/2006 2315/622/1993 2318/620/1996
f 2314/642/1992 2327/641/2005 2330/644/2008
f 2330/644/2008 2317/643/1995 2314/642/1992
f 2317/643/1995 2330/644/2008 2325/646/2003
f 2325/646/2003 2321/645/1999 2317/643/1995
f 2321/645/1999 2325/646/2003 2326/648/2004
f 2326/648/2004 2313/647/1991 2321/645/1999
f 2313/647/1991 2326/648/2004 2327/650/2005
f 2327/650/2005 2314/649/1992 2313/647/1991
f 2333/478/2011 2334/477/2012 2335/480/2013
f 2335/480/2013 2336/479/2014 2333/478/2011
f 2336/479/2014 2335/480/2013 2337/482/2015
f 2337/482/2015 2338/481/2016 2336/479/2014
f 2339/484/2017 2338/481/2016 2337/482/2015
f 2337/482/2015 2340/483/2018 2339/484/2017
f 2339/484/2017 2340/483/2018 2341/486/2019
f 2341/486/2019 2342/485/2020 2339/484/2017
f 2342/485/2020 2341/486/2019 2343/496/2021
f 2344/498/2022 2343/496/2021 2341/486/2019
f 2341/486/2019 2345/497/2023 2344/498/2022
f 2345/497/2023 2341/486/2019 2340/504/2018
f 2346/502/2024 2345/497/2023 2340/504/2018
f 2340/504/2018 2337/503/2015 2346/502/2024
f 2335/501/2013 2346/502/2024 2337/503/2015
f 2346/502/2024 2335/501/2013 2334/500/2012
f 2334/500/2012 2347/499/2025 2346/502/2024
f 2344/498/2022 2347/499/2025 2334/500/2012
f 2334/500/2012 2343/496/2021 2344/498/2022
f 2348/490/2026 2349/489/2027 2350/488/2028
f 2350/488/2028 2333/487/2011 2348/490/2026
f 2348/490/2026 2333/487/2011 2336/492/2014
f 2336/492/2014 2351/491/2029 2348/490/2026
f 2351/491/2029 2336/492/2014 2338/493/2016
f 2352/495/2030 2351/491/2029 2338/493/2016
f 2338/493/2016 2339/494/2017 2352/495/2030
f 2342/485/2020 2352/495/2030 2339/494/2017
f 2352/495/2030 2342/485/2020 2350/488/2028
f 2343/496/2021 2350/488/2028 2342/485/2020
f 2350/488/2028 2349/489/2027 2352/495/2030
f 1794/874/1494 2353/876/2031 1793/875/1493
f 2346/506/2024 2351/505/2029 2352/508/2030
f 2352/508/2030 2345/507/2023 2346/506/2024
f 2345/507/2023 2352/508/2030 2349/510/2027
f 2349/510/2027 2344/509/2022 2345/507/2023
f 2344/509/2022 2349/510/2027 2348/512/2026
f 2348/512/2026 2347/511/2025 2344/509/2022
f 2347/511/2025 2348/512/2026 2351/514/2029
f 2351/514/2029 2346/513/2024 2347/511/2025
f 2354/516/2032 2355/515/2033 2356/518/2034
f 2356/518/2034 2357/517/2035 2354/516/2032
f 2357/517/2035 2356/518/2034 2358/520/2036
f 2358/520/2036 2359/519/2037 2357/517/2035
f 2359/519/2037 2358/520/2036 2360/522/2038
f 2360/522/2038 2361/521/2039 2359/519/2037
f 2361/521/2039 2360/522/2038 2355/515/2033
f 2355/515/2033 2354/516/2032 2361/521/2039
f 2324/526/2040 2358/525/2041 2362/524/2042
f 2362/524/2042 2316/523/2043 2324/526/2040
f 2316/523/2043 2362/524/2042 2363/529/2044
f 2363/529/2044 2315/530/2045 2316/523/2043
f 2315/530/2045 2363/529/2044 2356/527/2046
f 2356/527/2046 2328/528/2047 2315/530/2045
f 2328/528/2047 2356/527/2046 2358/525/2041
f 2358/525/2041 2324/526/2040 2328/528/2047
f 2363/532/2048 2356/531/2034 2355/534/2033
f 2355/534/2033 2364/533/2048 2363/532/2048
f 2365/536/2049 2366/535/2042 2362/538/2050
f 2362/538/2050 2367/537/2051 2365/536/2049
f 2367/537/2051 2362/538/2050 2363/540/2048
f 2363/540/2048 2368/539/2052 2367/537/2051
f 2368/539/2052 2363/540/2048 2364/542/2048
f 2364/542/2048 2369/541/2053 2368/539/2052
f 2369/541/2053 2364/542/2048 2366/535/2042
f 2366/535/2042 2365/536/2049 2369/541/2053
f 2370/217/2054 2371/216/2055 2372/215/2056
f 2371/216/2055 2370/217/2054 2373/218/2057
f 2374/219/2058 2371/216/2055 2373/218/2057
f 2371/216/2055 2374/219/2058 2375/220/2059
f 2376/213/2060 2371/216/2055 2375/220/2059
f 2377/210/2061 2376/213/2060 2375/220/2059
f 2378/207/2062 2377/210/2061 2375/220/2059
f 2379/206/2063 2378/207/2062 2375/220/2059
f 2380/221/2064 2379/206/2063 2375/220/2059
f 2381/222/2065 2380/221/2064 2375/220/2059
f 2378/207/2062 2379/206/2063 2382/205/2066
f 2383/208/2067 2378/207/2062 2382/205/2066
f 2378/207/2062 2383/208/2067 2384/209/2068
f 2377/210/2061 2378/207/2062 2384/209/2068
f 2385/211/2069 2377/210/2061 2384/209/2068
f 2377/210/2061 2385/211/2069 2386/212/2070
f 2376/213/2060 2377/210/2061 2386/212/2070
f 2387/214/2071 2376/213/2060 2386/212/2070
f 2376/213/2060 2387/214/2071 2372/215/2056
f 2371/216/2055 2376/213/2060 2372/215/2056
f 2388/223/2072 2381/222/2065 2375/220/2059
f 2381/222/2065 2388/223/2072 2389/224/2073
f 2390/225/2074 2381/222/2065 2389/224/2073
f 2381/222/2065 2390/225/2074 2391/226/2075
f 2380/221/2064 2381/222/2065 2391/226/2075
f 2392/227/2076 2380/221/2064 2391/226/2075
f 2380/221/2064 2392/227/2076 2393/228/2077
f 2379/206/2063 2380/221/2064 2393/228/2077
f 2394/229/2078 2379/206/2063 2393/228/2077
f 2379/206/2063 2394/229/2078 2382/205/2066
f 2395/877/2079 2396/964/2080 2397/963/2081
f 2396/964/2080 2398/965/2082 2397/963/2081
f 2398/965/2082 2399/1051/2083 2397/963/2081
f 2353/876/2031 2395/877/2079 1793/875/1493
f 2397/963/2081 1793/875/1493 2395/877/2079
f 1793/875/1493 2397/963/2081 1791/878/1491
f 2397/963/2081 1802/1027/1502 1791/878/1491
f 1802/1027/1502 2397/963/2081 2399/1051/2083
f 2399/1051/2083 2400/1052/2084 1802/1027/1502
f 2400/1052/2084 2401/1053/2085 1802/1027/1502
f 1802/1027/1502 2401/1053/2085 2402/1054/2086
f 2402/1054/2086 1800/1025/1500 1802/1027/1502
f 1885/954/1580 1882/947/1577 1883/946/1578
f 2403/655/2087 2404/659/2088 2405/651/2089
f 2403/655/2087 2405/651/2089 2406/654/2090
f 2407/653/2091 2405/651/2089 2404/659/2088
f 2404/659/2088 2408/658/2092 2407/653/2091
f 2408/658/2092 2404/659/2088 2409/663/2093
f 2409/663/2093 2404/659/2088 2403/655/2087
f 2403/655/2087 2410/660/2094 2409/663/2093
f 2411/664/2095 2409/663/2093 2410/660/2094
f 2410/660/2094 2412/662/2096 2411/664/2095
f 2413/661/2097 2412/662/2096 2410/660/2094
f 2413/661/2097 2410/660/2094 2403/655/2087
f 2414/707/2098 2413/661/2097 2403/655/2087
f 2414/707/2098 2403/655/2087 2406/654/2090
f 2415/708/2099 2414/707/2098 2406/654/2090
f 2415/708/2099 2406/654/2090 2405/651/2089
f 2405/651/2089 2416/652/2100 2415/708/2099
f 2407/653/2091 2416/652/2100 2405/651/2089
f 2416/652/2100 2417/709/2101 2415/708/2099
f 2417/709/2101 2414/707/2098 2415/708/2099
f 2414/707/2098 2417/709/2101 2413/710/2097
f 2417/709/2101 2412/711/2096 2413/710/2097
f 2411/712/2095 2412/711/2096 2417/709/2101
f 2418/695/2102 2419/694/2103 2420/687/2104
f 2420/687/2104 2421/688/2105 2418/695/2102
f 2422/686/2106 2421/688/2105 2420/687/2104
f 2420/687/2104 2423/691/2107 2422/686/2106
f 2424/656/2108 2422/686/2106 2423/691/2107
f 2423/691/2107 2425/690/2109 2424/656/2108
f 2407/653/2091 2424/656/2108 2425/690/2109
f 2425/690/2109 2426/689/2110 2407/653/2091
f 2407/653/2091 2426/689/2110 2427/693/2111
f 2428/692/2112 2427/693/2111 2426/689/2110
f 2425/690/2109 2423/691/2107 2420/687/2104
f 2428/692/2112 2420/687/2104 2419/694/2103
f 2420/687/2104 2428/692/2112 2425/690/2109
f 2426/689/2110 2425/690/2109 2428/692/2112
f 2422/686/2106 2424/656/2108 2429/657/2113
f 2408/658/2092 2429/657/2113 2424/656/2108
f 2424/656/2108 2407/653/2091 2408/658/2092
f 2430/685/2114 2421/681/2105 2422/686/2106
f 2430/685/2114 2422/686/2106 2431/667/2115
f 2429/657/2113 2431/667/2115 2422/686/2106
f 2431/667/2115 2429/657/2113 2432/669/2116
f 2433/670/2117 2432/669/2116 2429/657/2113
f 2429/657/2113 2408/658/2092 2433/670/2117
f 2434/665/2118 2433/670/2117 2408/658/2092
f 2409/663/2093 2434/665/2118 2408/658/2092
f 2435/666/2119 2434/665/2118 2409/663/2093
f 2409/663/2093 2411/664/2095 2435/666/2119
f 2436/671/2120 2437/672/2121 2438/674/2122
f 2438/674/2122 2439/673/2123 2436/671/2120
f 2430/685/2114 2436/671/2120 2439/673/2123
f 2431/667/2115 2436/671/2120 2430/685/2114
f 2436/671/2120 2431/667/2115 2440/679/2124
f 2431/667/2115 2441/668/2125 2440/679/2124
f 2432/669/2116 2441/668/2125 2431/667/2115
f 2440/679/2124 2437/672/2121 2436/671/2120
f 2440/679/2124 2442/678/2126 2443/677/2127
f 2443/677/2127 2437/672/2121 2440/679/2124
f 2437/672/2121 2443/677/2127 2444/676/2128
f 2444/676/2128 2438/674/2122 2437/672/2121
f 2438/674/2122 2444/676/2128 2445/675/2129
f 2439/673/2123 2438/674/2122 2445/675/2129
f 2439/673/2123 2445/675/2129 2446/680/2130
f 2447/684/2131 2439/673/2123 2446/680/2130
f 2447/684/2131 2430/685/2114 2439/673/2123
f 2421/681/2105 2430/685/2114 2447/684/2131
f 2447/684/2131 2446/680/2130 2448/683/2132
f 2447/684/2131 2448/683/2132 2421/681/2105
f 2448/683/2132 2418/682/2102 2421/681/2105
f 2448/683/2132 2446/680/2130 2418/682/2102
f 2445/749/2129 2418/682/2102 2446/680/2130
f 2445/749/2129 2444/750/2128 2418/682/2102
f 2418/682/2102 2444/750/2128 2443/751/2127
f 2427/693/2111 2416/699/2100 2407/653/2091
f 2416/699/2100 2427/693/2111 2449/697/2133
f 2450/696/2134 2449/697/2133 2427/693/2111
f 2449/697/2133 2450/696/2134 2451/700/2135
f 2451/700/2135 2417/698/2101 2449/697/2133
f 2417/698/2101 2451/700/2135 2452/702/2136
f 2452/702/2136 2411/701/2095 2417/698/2101
f 2449/697/2133 2417/698/2101 2416/699/2100
f 2427/693/2111 2428/692/2112 2450/696/2134
f 2419/694/2103 2450/696/2134 2428/692/2112
f 2450/696/2134 2419/694/2103 2418/695/2102
f 2418/695/2102 2451/700/2135 2450/696/2134
f 2451/700/2135 2418/695/2102 2443/705/2127
f 2443/705/2127 2452/702/2136 2451/700/2135
f 2452/702/2136 2443/705/2127 2442/706/2126
f 2442/706/2126 2453/704/2137 2452/702/2136
f 2411/701/2095 2452/702/2136 2453/704/2137
f 2453/704/2137 2435/703/2119 2411/701/2095
f 1872/932/1567 1870/931/1565 1874/1029/1569
f 2454/1055/2138 1874/1029/1569 1870/931/1565
f 1893/1036/1588 2454/1055/2138 1870/931/1565
f 1870/931/1565 1871/937/1566 1893/1036/1588
f 1893/1036/1588 1871/937/1566 1892/943/1587
f 1869/887/1564 1892/943/1587 1871/937/1566
f 1892/943/1587 1869/887/1564 1888/886/1583
f 1895/885/1590 1888/886/1583 1869/887/1564
f 1869/887/1564 1862/891/1557 1895/885/1590
f 1860/926/1555 1895/885/1590 1862/891/1557
f 2455/737/776 2456/736/798 2457/728/2139
f 2457/728/2139 2458/729/777 2455/737/776
f 2459/738/775 2455/737/776 2458/729/777
f 2458/729/777 2460/732/2140 2459/738/775
f 2461/739/2141 2459/738/775 2460/732/2140
f 2460/732/2140 2462/734/2142 2461/739/2141
f 2463/723/2143 2461/739/2141 2462/734/2142
f 2462/734/2142 2464/735/797 2463/723/2143
f 2465/719/2144 2463/723/2143 2464/735/797
f 2464/735/797 2466/720/796 2465/719/2144
f 2467/713/800 2465/719/2144 2466/720/796
f 2464/735/797 2462/734/2142 2468/733/783
f 2468/733/783 2469/722/784 2464/735/797
f 2464/735/797 2469/722/784 2470/721/795
f 2470/721/795 2466/720/796 2464/735/797
f 2471/716/2145 2466/720/796 2470/721/795
f 2466/720/796 2471/716/2145 2467/713/800
f 2472/714/799 2467/713/800 2471/716/2145
f 2467/713/800 2472/714/799 2473/727/2146
f 2473/727/2146 2474/726/2147 2467/713/800
f 2465/719/2144 2467/713/800 2474/726/2147
f 2470/721/795 2475/718/793 2471/716/2145
f 2476/715/2148 2471/716/2145 2475/718/793
f 2471/716/2145 2476/715/2148 2472/714/799
f 2475/718/793 2477/717/2149 2476/715/2148
f 2456/736/798 2472/745/799 2476/747/2148
f 2476/747/2148 2457/728/2139 2456/736/798
f 2457/728/2139 2476/747/2148 2477/748/2149
f 2477/748/2149 2478/746/806 2457/728/2139
f 2458/729/777 2457/728/2139 2478/746/806
f 2478/746/806 2479/730/2150 2458/729/777
f 2460/732/2140 2458/729/777 2479/730/2150
f 2479/730/2150 2480/731/780 2460/732/2140
f 2462/734/2142 2460/732/2140 2480/731/780
f 2480/731/780 2468/733/783 2462/734/2142
f 2474/726/2147 2481/725/2151 2465/719/2144
f 2463/723/2143 2465/719/2144 2481/725/2151
f 2481/725/2151 2482/724/2152 2463/723/2143
f 2461/739/2141 2463/723/2143 2482/724/2152
f 2482/724/2152 2483/740/2153 2461/739/2141
f 2459/738/775 2461/739/2141 2483/740/2153
f 2483/740/2153 2484/741/2154 2459/738/775
f 2455/737/776 2459/738/775 2484/741/2154
f 2484/741/2154 2485/742/2155 2455/737/776
f 2456/736/798 2455/737/776 2485/742/2155
f 2485/742/2155 2486/743/805 2456/736/798
f 2472/745/799 2456/736/798 2486/743/805
f 2486/743/805 2473/744/2146 2472/745/799
f 2487/904/2156 1900/958/1595 1901/900/1596
f 2487/904/2156 1901/900/1596 1907/899/1602
f 1907/899/1602 2488/903/2157 2487/904/2156
f 2489/905/2158 2488/903/2157 1907/899/1602
f 1907/899/1602 1908/898/1603 2489/905/2158
f 2490/906/2159 2489/905/2158 1908/898/1603
f 2491/907/2160 2490/906/2159 1908/898/1603
f 1908/898/1603 1909/897/1604 2491/907/2160
f 1916/908/1611 2491/907/2160 1909/897/1604
f 1909/897/1604 1910/896/1605 1916/908/1611
f 442/456/331 431/445/320 432/446/321
f 2478/772/806 2477/774/2149 2492/775/812
f 2492/775/812 2493/773/813 2478/772/806
f 2479/768/2150 2478/772/806 2493/773/813
f 2493/773/813 2494/771/5 2479/768/2150
f 2480/769/780 2479/768/2150 2494/771/5
f 2494/771/5 2495/770/96 2480/769/780
f 2468/784/783 2480/769/780 2495/770/96
f 2495/770/96 2496/785/814 2468/784/783
f 2469/782/784 2468/784/783 2496/785/814
f 2496/785/814 2497/783/100 2469/782/784
f 2470/780/795 2469/782/784 2497/783/100
f 2497/783/100 2498/781/4 2470/780/795
f 2475/776/793 2470/780/795 2498/781/4
f 2498/781/4 2499/779/811 2475/776/793
f 2477/777/2149 2475/776/793 2499/779/811
f 2499/779/811 2492/778/812 2477/777/2149
f 305/319/202 2032/1049/1725 316/330/213
f 2500/797/2161 2501/798/2162 2502/804/5
f 2502/804/5 2503/799/2163 2500/797/2161
f 2500/797/2161 2503/799/2163 2504/792/2164
f 2504/792/2164 2505/800/2165 2500/797/2161
f 2505/800/2165 2504/792/2164 2506/791/96
f 2506/791/96 2507/787/2166 2505/800/2165
f 2505/800/2165 2507/787/2166 2508/788/2167
f 2509/802/2168 2508/788/2167 2507/787/2166
f 2507/787/2166 2506/789/96 2510/790/100
f 2510/790/100 2511/786/2169 2507/787/2166
f 2507/787/2166 2511/786/2169 2509/802/2168
f 2512/805/2170 2509/802/2168 2511/786/2169
f 2508/788/2167 2509/802/2168 2512/805/2170
f 2512/805/2170 2513/801/2171 2508/788/2167
f 2508/788/2167 2513/801/2171 2505/800/2165
f 2505/800/2165 2513/801/2171 2514/796/2172
f 2514/796/2172 2500/797/2161 2505/800/2165
f 2501/798/2162 2500/797/2161 2514/796/2172
f 2515/803/2173 2516/815/2174 2517/816/2175
f 2517/816/2175 2514/796/2172 2515/803/2173
f 2512/805/2170 2515/803/2173 2514/796/2172
f 2514/796/2172 2513/801/2171 2512/805/2170
f 2518/818/823 2519/819/812 2502/820/5
f 2502/820/5 2501/798/2162 2518/818/823
f 2518/818/823 2501/798/2162 2520/795/2176
f 2514/796/2172 2520/795/2176 2501/798/2162
f 2521/817/2177 2520/795/2176 2514/796/2172
f 2514/796/2172 2517/816/2175 2521/817/2177
f 2521/817/2177 2517/816/2175 2522/821/2178
f 2522/821/2178 2517/816/2175 2516/815/2174
f 2516/815/2174 2523/822/2179 2522/821/2178
f 2524/813/2180 2523/822/2179 2516/815/2174
f 2523/822/2179 2524/813/2180 2525/826/812
f 2525/826/812 2526/823/2181 2523/822/2179
f 2523/822/2179 2526/823/2181 2527/824/2182
f 2527/824/2182 2522/821/2178 2523/822/2179
f 2522/821/2178 2527/824/2182 2519/825/812
f 2519/825/812 2518/818/823 2522/821/2178
f 2522/821/2178 2518/818/823 2521/817/2177
f 2520/795/2176 2521/817/2177 2518/818/823
f 2528/809/2183 2529/812/4 2525/827/812
f 2525/827/812 2524/813/2180 2528/809/2183
f 2528/809/2183 2524/813/2180 2530/814/2184
f 2516/815/2174 2530/814/2184 2524/813/2180
f 2531/810/2185 2530/814/2184 2516/815/2174
f 2516/815/2174 2515/803/2173 2531/810/2185
f 2531/810/2185 2515/803/2173 2532/807/2186
f 2532/807/2186 2515/803/2173 2512/805/2170
f 2512/805/2170 2533/806/2187 2532/807/2186
f 2511/786/2169 2533/806/2187 2512/805/2170
f 2533/806/2187 2511/786/2169 2510/794/100
f 2510/794/100 2534/793/2188 2533/806/2187
f 2533/806/2187 2534/793/2188 2535/808/2189
f 2535/808/2189 2532/807/2186 2533/806/2187
f 2532/807/2186 2535/808/2189 2529/811/4
f 2529/811/4 2528/809/2183 2532/807/2186
f 2532/807/2186 2528/809/2183 2531/810/2185
f 2530/814/2184 2531/810/2185 2528/809/2183
f 2536/14/4 2537/12/4 2538/11/4
f 2539/10/4 2538/11/4 2537/12/4
f 2537/12/4 2540/6/4 2539/10/4
f 2540/6/4 2541/9/4 2539/10/4
f 2540/6/4 2542/8/4 2541/9/4
f 2540/6/4 2543/7/4 2542/8/4
f 2540/6/4 2544/4/4 2543/7/4
f 2540/6/4 2545/5/4 2544/4/4
f 2540/6/4 2537/12/4 2546/22/4
f 2547/23/4 2546/22/4 2537/12/4
f 2537/12/4 2536/14/4 2547/23/4
f 2548/24/4 2547/23/4 2536/14/4
f 2536/14/4 2549/16/4 2548/24/4
f 2549/16/4 2536/14/4 2550/15/4
f 2551/17/4 2549/16/4 2550/15/4
f 2552/13/4 2551/17/4 2550/15/4
f 2552/13/4 2550/15/4 2536/14/4
f 2538/11/4 2552/13/4 2536/14/4
f 2553/19/4 2554/20/4 2555/30/4
f 2556/29/4 2555/30/4 2554/20/4
f 2554/20/4 2557/21/4 2556/29/4
f 2558/28/4 2556/29/4 2557/21/4
f 2557/21/4 2546/22/4 2558/28/4
f 2559/27/4 2558/28/4 2546/22/4
f 2546/22/4 2547/23/4 2559/27/4
f 2559/27/4 2547/23/4 2560/25/4
f 2547/23/4 2548/24/4 2560/25/4
f 2561/26/4 2560/25/4 2548/24/4
f 2561/26/4 2559/27/4 2560/25/4
f 2553/19/4 2562/37/4 2563/38/2190
f 2553/19/4 2563/38/2190 2564/39/4
f 2553/19/4 2564/39/4 2565/40/4
f 2553/19/4 2565/40/4 2566/41/4
f 2553/19/4 2566/41/4 2567/18/4
f 2554/20/4 2553/19/4 2567/18/4
f 2567/18/4 2545/5/4 2554/20/4
f 2557/21/4 2554/20/4 2545/5/4
f 2545/5/4 2540/6/4 2557/21/4
f 2546/22/4 2557/21/4 2540/6/4
f 2568/4/5 2569/5/5 2570/6/5
f 2571/7/5 2568/4/5 2570/6/5
f 2572/8/5 2571/7/5 2570/6/5
f 2573/9/5 2572/8/5 2570/6/5
f 2574/10/5 2573/9/5 2570/6/5
f 2575/11/5 2574/10/5 2570/6/5
f 2570/6/5 2576/12/5 2575/11/5
f 2577/13/5 2575/11/5 2576/12/5
f 2576/12/5 2578/14/5 2577/13/5
f 2578/14/5 2579/15/5 2577/13/5
f 2579/15/5 2578/14/5 2580/16/5
f 2579/15/5 2580/16/5 2581/17/5
f 2579/15/5 2581/17/5 2577/13/5
f 2569/5/5 2582/18/5 2583/19/5
f 2583/19/5 2584/20/5 2569/5/5
f 2570/6/5 2569/5/5 2584/20/5
f 2584/20/5 2585/21/5 2570/6/5
f 2576/12/5 2570/6/5 2585/21/5
f 2585/21/5 2586/22/5 2576/12/5
f 2578/14/5 2576/12/5 2586/22/5
f 2586/22/5 2587/23/5 2578/14/5
f 2580/16/5 2578/14/5 2587/23/5
f 2587/23/5 2588/24/5 2580/16/5
f 2589/25/5 2588/24/5 2587/23/5
f 2588/24/5 2589/25/5 2590/26/5
f 2589/25/5 2591/27/5 2590/26/5
f 2589/25/5 2587/23/5 2591/27/5
f 2592/28/5 2591/27/5 2587/23/5
f 2587/23/5 2586/22/5 2592/28/5
f 2593/29/5 2592/28/5 2586/22/5
f 2586/22/5 2585/21/5 2593/29/5
f 2594/30/5 2593/29/5 2585/21/5
f 2585/21/5 2584/20/5 2594/30/5
f 2595/31/5 2594/30/5 2584/20/5
f 2584/20/5 2583/19/5 2595/31/5
f 2596/32/5 2595/31/5 2583/19/5
f 2597/33/5 2598/34/5 2599/35/5
f 2599/35/5 2600/36/5 2597/33/5
f 2600/36/5 2599/35/5 2596/32/5
f 2600/36/5 2596/32/5 2601/37/5
f 2583/19/5 2601/37/5 2596/32/5
f 2602/38/5 2601/37/5 2583/19/5
f 2603/39/5 2602/38/5 2583/19/5
f 2604/40/5 2603/39/5 2583/19/5
f 2605/41/5 2604/40/5 2583/19/5
f 2582/18/5 2605/41/5 2583/19/5
f 2600/36/5 2601/37/5 2597/33/5
f 2606/42/5 2607/43/5 2599/35/5
f 2608/44/5 2606/42/5 2599/35/5
f 2598/34/5 2608/44/5 2599/35/5
f 360/374/255 361/375/256 376/390/271
f 2609/66/2191 2610/59/2192 2611/58/2193
f 2610/59/2192 2609/66/2191 2612/67/2194
f 2612/67/2194 2613/62/2195 2610/59/2192
f 2610/59/2192 2613/62/2195 2614/61/2196
f 2614/61/2196 2615/60/2197 2610/59/2192
f 2610/59/2192 2615/60/2197 2616/57/2198
f 2616/57/2198 2611/58/2193 2610/59/2192
f 2617/133/2199 2611/58/2193 2616/57/2198
f 2616/57/2198 2618/142/2200 2617/133/2199
f 2619/141/2201 2617/133/2199 2618/142/2200
f 2618/142/2200 2620/140/2202 2619/141/2201
f 2621/139/2203 2619/141/2201 2620/140/2202
f 2622/194/2204 2623/195/2205 2614/61/2196
f 2614/61/2196 2623/195/2205 2624/196/2204
f 2624/196/2204 2615/60/2197 2614/61/2196
f 2615/60/2197 2624/196/2204 2625/197/2206
f 2625/197/2206 2616/57/2198 2615/60/2197
f 2626/198/2207 2616/57/2198 2625/197/2206
f 2618/142/2200 2616/57/2198 2626/198/2207
f 2626/198/2207 2627/199/2208 2618/142/2200
f 2620/140/2202 2618/142/2200 2627/199/2208
f 2627/199/2208 2628/200/2209 2620/140/2202
f 2629/138/2210 2620/140/2202 2628/200/2209
f 2628/200/2209 2630/201/2204 2629/138/2210
f 2631/134/2211 2629/138/2210 2630/201/2204
f 2630/201/2204 2632/202/2212 2631/134/2211
f 2633/135/2213 2631/134/2211 2632/202/2212
f 2632/202/2212 2634/203/813 2633/135/2213
f 2633/135/2213 2634/203/813 2635/204/813
f 2635/204/813 2636/143/843 2633/135/2213
f 2633/135/2213 2636/143/843 2637/144/2214
f 2637/144/2214 2638/136/2214 2633/135/2213
f 2620/140/2202 2629/138/2210 2621/139/2203
f 2639/137/2215 2621/139/2203 2629/138/2210
f 2629/138/2210 2631/134/2211 2639/137/2215
f 2638/136/2214 2639/137/2215 2631/134/2211
f 2631/134/2211 2633/135/2213 2638/136/2214
f 2640/145/882 2638/136/2214 2637/144/2214
f 2639/137/2215 2638/136/2214 2640/145/882
f 2640/145/882 2641/117/2194 2639/137/2215
f 2621/139/2203 2639/137/2215 2641/117/2194
f 2641/117/2194 2642/116/2216 2621/139/2203
f 2619/141/2201 2621/139/2203 2642/116/2216
f 2642/116/2216 2643/120/2217 2619/141/2201
f 2617/133/2199 2619/141/2201 2643/120/2217
f 2643/120/2217 2644/122/2218 2617/133/2199
f 2611/58/2193 2617/133/2199 2644/122/2218
f 2642/116/2216 2641/117/2194 2645/118/2219
f 2645/118/2219 2646/119/2220 2642/116/2216
f 2643/120/2217 2642/116/2216 2646/119/2220
f 2646/119/2220 2647/121/2221 2643/120/2217
f 2644/122/2218 2643/120/2217 2647/121/2221
f 2647/121/2221 2648/123/2222 2644/122/2218
f 2649/124/2223 2644/122/2218 2648/123/2222
f 2648/123/2222 2650/125/2224 2649/124/2223
f 2649/124/2223 2650/125/2224 2651/126/2225
f 2652/88/2226 2653/89/2219 2651/126/2225
f 2651/126/2225 2654/127/2227 2652/88/2226
f 2654/127/2227 2651/126/2225 2650/125/2224
f 2650/125/2224 2655/128/2228 2654/127/2227
f 2655/128/2228 2650/125/2224 2656/129/2229
f 2657/130/2230 2656/129/2229 2650/125/2224
f 2650/125/2224 2648/123/2222 2657/130/2230
f 2658/131/2231 2657/130/2230 2648/123/2222
f 2648/123/2222 2647/121/2221 2658/131/2231
f 2659/132/2232 2658/131/2231 2647/121/2221
f 2644/122/2218 2649/124/2223 2611/58/2193
f 2611/58/2193 2649/124/2223 2609/66/2191
f 2651/126/2225 2609/66/2191 2649/124/2223
f 2612/67/2194 2609/66/2191 2651/126/2225
f 2651/126/2225 2653/89/2219 2612/67/2194
f 2660/68/2233 2612/67/2194 2653/89/2219
f 2653/89/2219 2661/75/2234 2660/68/2233
f 2662/69/2235 2660/68/2233 2661/75/2234
f 2661/75/2234 2663/76/2236 2662/69/2235
f 2664/70/2237 2662/69/2235 2663/76/2236
f 2665/45/2238 2666/46/2239 2667/47/2240
f 2667/47/2240 2668/71/2241 2665/45/2238
f 2669/65/2242 2668/71/2241 2667/47/2240
f 2668/71/2241 2669/65/2242 2664/70/2237
f 2662/69/2235 2664/70/2237 2669/65/2242
f 2669/65/2242 2670/64/2243 2662/69/2235
f 2660/68/2233 2662/69/2235 2670/64/2243
f 2670/64/2243 2671/63/2244 2660/68/2233
f 2612/67/2194 2660/68/2233 2671/63/2244
f 2671/63/2244 2613/62/2195 2612/67/2194
f 2667/47/2240 2672/52/2245 2669/65/2242
f 2670/64/2243 2669/65/2242 2672/52/2245
f 2672/52/2245 2673/54/2246 2670/64/2243
f 2671/63/2244 2670/64/2243 2673/54/2246
f 2673/54/2246 2674/56/2247 2671/63/2244
f 2613/62/2195 2671/63/2244 2674/56/2247
f 2674/56/2247 2614/61/2196 2613/62/2195
f 2666/46/2239 2675/49/2248 2676/50/2249
f 2676/50/2249 2667/47/2240 2666/46/2239
f 2667/47/2240 2676/50/2249 2677/51/2250
f 2672/52/2245 2667/47/2240 2677/51/2250
f 2677/51/2250 2678/53/2251 2672/52/2245
f 2673/54/2246 2672/52/2245 2678/53/2251
f 2678/53/2251 2679/55/2252 2673/54/2246
f 2674/56/2247 2673/54/2246 2679/55/2252
f 2679/55/2252 2622/194/2204 2674/56/2247
f 2614/61/2196 2674/56/2247 2622/194/2204
f 2680/108/2253 2681/107/2254 2682/109/2255
f 2682/109/2255 2683/110/2251 2680/108/2253
f 2684/111/2246 2680/108/2253 2683/110/2251
f 2683/110/2251 2685/115/2256 2684/111/2246
f 2686/112/2257 2684/111/2246 2685/115/2256
f 2685/115/2256 2687/113/2258 2686/112/2257
f 2688/48/2211 2686/112/2257 2687/113/2258
f 2687/113/2258 2689/114/2212 2688/48/2211
f 2688/48/2211 2689/114/2212 2675/49/2248
f 2675/49/2248 2666/46/2239 2688/48/2211
f 2690/95/2259 2691/96/2260 2692/103/2243
f 2693/102/2261 2692/103/2243 2691/96/2260
f 2692/103/2243 2693/102/2261 2680/108/2253
f 2680/108/2253 2684/111/2246 2692/103/2243
f 2694/104/2262 2692/103/2243 2684/111/2246
f 2684/111/2246 2686/112/2257 2694/104/2262
f 2695/106/2215 2694/104/2262 2686/112/2257
f 2686/112/2257 2688/48/2211 2695/106/2215
f 2665/45/2238 2695/106/2215 2688/48/2211
f 2688/48/2211 2666/46/2239 2665/45/2238
f 2692/103/2243 2694/104/2262 2690/95/2259
f 2696/105/2194 2690/95/2259 2694/104/2262
f 2694/104/2262 2695/106/2215 2696/105/2194
f 2696/105/2194 2695/106/2215 2665/45/2238
f 2665/45/2238 2697/73/2263 2696/105/2194
f 2697/73/2263 2665/45/2238 2668/71/2241
f 2668/71/2241 2698/72/2264 2697/73/2263
f 2664/70/2237 2698/72/2264 2668/71/2241
f 2699/74/2265 2697/73/2263 2698/72/2264
f 2696/105/2194 2697/73/2263 2699/74/2265
f 2699/74/2265 2700/81/2219 2696/105/2194
f 2690/95/2259 2696/105/2194 2700/81/2219
f 2663/76/2236 2701/77/2266 2664/70/2237
f 2698/72/2264 2664/70/2237 2701/77/2266
f 2701/77/2266 2702/78/2267 2698/72/2264
f 2698/72/2264 2702/78/2267 2699/74/2265
f 2703/79/2268 2699/74/2265 2702/78/2267
f 2699/74/2265 2703/79/2268 2704/80/2226
f 2704/80/2226 2700/81/2219 2699/74/2265
f 2705/82/2269 2700/81/2219 2704/80/2226
f 2700/81/2219 2705/82/2269 2690/95/2259
f 2691/96/2260 2690/95/2259 2705/82/2269
f 2691/96/2260 2706/97/2270 2693/102/2261
f 2706/97/2270 2691/96/2260 2707/91/2271
f 2705/82/2269 2707/91/2271 2691/96/2260
f 2707/91/2271 2705/82/2269 2708/90/2268
f 2704/80/2226 2708/90/2268 2705/82/2269
f 2707/91/2271 2709/93/2272 2706/97/2270
f 2708/90/2268 2710/92/2273 2707/91/2271
f 2709/93/2272 2707/91/2271 2710/92/2273
f 2710/92/2273 2711/94/2274 2709/93/2272
f 2712/99/2275 2709/93/2272 2711/94/2274
f 2709/93/2272 2712/99/2275 2713/98/2276
f 2713/98/2276 2706/97/2270 2709/93/2272
f 2706/97/2270 2713/98/2276 2714/101/2277
f 2714/101/2277 2693/102/2261 2706/97/2270
f 2693/102/2261 2714/101/2277 2681/107/2254
f 2681/107/2254 2680/108/2253 2693/102/2261
f 2711/94/2274 2715/100/2278 2712/99/2275
f 1984/943/1677 1987/1044/1680 2716/1056/2279
f 2717/1057/2280 2718/995/2281 2719/932/2282
f 2719/932/2282 2720/931/2283 2717/1057/2280
f 2721/1058/2284 2717/1057/2280 2720/931/2283
f 2716/1056/2279 2721/1058/2284 2720/931/2283
f 2720/931/2283 2722/937/2285 2716/1056/2279
f 2716/1056/2279 2722/937/2285 1984/943/1677
f 1982/1042/1675 1984/943/1677 2722/937/2285
f 1982/1042/1675 2722/937/2285 2720/931/2283
f 1981/1041/1674 1982/1042/1675 2720/931/2283
f 2720/931/2283 2719/932/2282 1981/1041/1674
f 1980/1040/1673 1981/1041/1674 2719/932/2282
f 2719/932/2282 2723/936/2286 1980/1040/1673
f 1980/1040/1673 2723/936/2286 1940/996/1635
f 1939/1031/1634 1940/996/1635 2723/936/2286
f 2723/936/2286 2724/1050/2287 1939/1031/1634
f 2718/995/2281 2724/1050/2287 2723/936/2286
f 2723/936/2286 2719/932/2282 2718/995/2281
f 1940/996/1635 1942/1059/1637 1980/1040/1673
f 1980/1040/1673 1942/1059/1637 1943/998/1638
f 2647/121/2221 2646/119/2220 2659/132/2232
f 2725/146/2226 2659/132/2232 2646/119/2220
f 2646/119/2220 2645/118/2219 2725/146/2226
f 2725/146/2226 2645/118/2219 2726/147/881
f 2726/147/881 2645/118/2219 2641/117/2194
f 2641/117/2194 2640/145/882 2726/147/881
f 2727/148/881 2726/147/881 2640/145/882
f 2640/145/882 2728/149/882 2727/148/881
f 2637/144/2214 2728/149/882 2640/145/882
f 2726/147/881 2727/148/881 2729/150/811
f 2729/150/811 2730/151/811 2726/147/881
f 2726/147/881 2730/151/811 2725/146/2226
f 2702/78/2267 2731/83/2288 2703/79/2268
f 2732/84/2289 2731/83/2288 2702/78/2267
f 2733/85/2274 2732/84/2289 2702/78/2267
f 2702/78/2267 2701/77/2266 2733/85/2274
f 2734/86/2290 2733/85/2274 2701/77/2266
f 2701/77/2266 2663/76/2236 2734/86/2290
f 2735/87/2268 2734/86/2290 2663/76/2236
f 2663/76/2236 2661/75/2234 2735/87/2268
f 2652/88/2226 2735/87/2268 2661/75/2234
f 2661/75/2234 2653/89/2219 2652/88/2226
f 1998/954/1691 1992/947/1685 1993/946/1686
f 2736/205/2291 2737/206/2292 2738/207/2293
f 2736/205/2291 2738/207/2293 2739/208/2294
f 2740/209/2295 2739/208/2294 2738/207/2293
f 2740/209/2295 2738/207/2293 2741/210/2296
f 2740/209/2295 2741/210/2296 2742/211/2297
f 2743/212/2298 2742/211/2297 2741/210/2296
f 2743/212/2298 2741/210/2296 2744/213/2299
f 2743/212/2298 2744/213/2299 2745/214/2300
f 2746/215/2301 2745/214/2300 2744/213/2299
f 2746/215/2301 2744/213/2299 2747/216/2302
f 2746/215/2301 2747/216/2302 2748/217/2303
f 2749/218/2304 2748/217/2303 2747/216/2302
f 2749/218/2304 2747/216/2302 2750/219/2305
f 2751/220/2306 2750/219/2305 2747/216/2302
f 2751/220/2306 2747/216/2302 2744/213/2299
f 2751/220/2306 2744/213/2299 2741/210/2296
f 2751/220/2306 2741/210/2296 2738/207/2293
f 2751/220/2306 2738/207/2293 2737/206/2292
f 2751/220/2306 2737/206/2292 2752/221/2307
f 2751/220/2306 2752/221/2307 2753/222/2308
f 2751/220/2306 2753/222/2308 2754/223/2309
f 2755/224/2310 2754/223/2309 2753/222/2308
f 2755/224/2310 2753/222/2308 2756/225/2311
f 2757/226/2312 2756/225/2311 2753/222/2308
f 2757/226/2312 2753/222/2308 2752/221/2307
f 2757/226/2312 2752/221/2307 2758/227/2313
f 2759/228/2314 2758/227/2313 2752/221/2307
f 2759/228/2314 2752/221/2307 2737/206/2292
f 2759/228/2314 2737/206/2292 2760/229/2315
f 2736/205/2291 2760/229/2315 2737/206/2292
f 2241/584/1919 2242/585/1920 2235/586/1913
f 2235/586/1913 2236/583/1914 2241/584/1919
f 2241/584/1919 2236/583/1914 2237/582/1915
f 2237/582/1915 2240/581/1918 2241/584/1919
f 2243/580/1921 2240/581/1918 2237/582/1915
f 2237/582/1915 2232/579/1910 2243/580/1921
f 2243/580/1921 2232/579/1910 2235/578/1913
f 2235/578/1913 2242/577/1920 2243/580/1921
f 2761/463/2316 2762/464/2317 2763/465/2318
f 2763/465/2318 2764/466/2319 2761/463/2316
f 2765/467/2320 2764/466/2319 2763/465/2318
f 2763/465/2318 2766/468/2321 2765/467/2320
f 2767/469/2322 2765/467/2320 2766/468/2321
f 2766/468/2321 2768/470/2323 2767/469/2322
f 2769/471/2324 2767/469/2322 2768/470/2323
f 2768/470/2323 2770/472/2325 2769/471/2324
f 2771/473/2326 2769/471/2324 2770/472/2325
f 2770/472/2325 2772/474/2327 2771/473/2326
f 2761/475/2316 2771/473/2326 2772/474/2327
f 2772/474/2327 2762/476/2317 2761/475/2316
f 2773/599/2328 2774/601/2329 2775/602/2330
f 2775/602/2330 2776/600/2328 2773/599/2328
f 2777/595/2331 2773/599/2328 2776/600/2328
f 2776/600/2328 2778/598/2332 2777/595/2331
f 2779/596/2333 2777/595/2331 2778/598/2332
f 2778/598/2332 2780/597/2333 2779/596/2333
f 2781/591/2334 2779/593/2333 2780/594/2333
f 2780/594/2333 2782/592/2335 2781/591/2334
f 2783/587/2336 2781/591/2334 2782/592/2335
f 2782/592/2335 2784/590/2336 2783/587/2336
f 2785/588/2337 2783/587/2336 2784/590/2336
f 2784/590/2336 2786/589/2337 2785/588/2337
f 2787/603/2338 2785/588/2337 2786/589/2337
f 2786/589/2337 2788/604/2339 2787/603/2338
f 2774/601/2329 2787/603/2338 2788/604/2339
f 2788/604/2339 2775/602/2330 2774/601/2329
f 2188/606/1866 2187/605/1865 2228/612/1906
f 2211/610/1889 2228/612/1906 2187/605/1865
f 2187/605/1865 2239/611/1917 2211/610/1889
f 2212/608/1890 2211/610/1889 2239/611/1917
f 2239/611/1917 2233/609/1911 2212/608/1890
f 2221/607/1899 2212/608/1890 2233/609/1911
f 2233/609/1911 2188/606/1866 2221/607/1899
f 2228/612/1906 2221/607/1899 2188/606/1866
f 2789/277/2340 2790/272/2341 2791/270/2342
f 2791/270/2342 2792/278/2343 2789/277/2340
f 2792/278/2343 2791/270/2342 2793/279/2344
f 2794/257/2345 2793/279/2344 2791/270/2342
f 2793/279/2344 2795/280/2346 2792/278/2343
f 2796/281/2347 2795/280/2346 2793/279/2344
f 2795/280/2346 2796/281/2347 2768/282/2323
f 2768/282/2323 2766/283/2321 2795/280/2346
f 2792/278/2343 2795/280/2346 2766/283/2321
f 2766/283/2321 2763/284/2318 2792/278/2343
f 2789/277/2340 2792/278/2343 2763/284/2318
f 2763/284/2318 2762/285/2317 2789/277/2340
f 2797/286/2348 2798/255/2349 2799/253/2350
f 2798/255/2349 2797/286/2348 2794/257/2345
f 2794/257/2345 2797/286/2348 2800/287/2351
f 2793/279/2344 2794/257/2345 2800/287/2351
f 2800/287/2351 2801/288/2352 2793/279/2344
f 2793/279/2344 2801/288/2352 2796/281/2347
f 2802/289/2353 2796/281/2347 2801/288/2352
f 2803/252/2354 2796/281/2347 2802/289/2353
f 2803/252/2354 2802/289/2353 2799/253/2350
f 2797/286/2348 2799/253/2350 2802/289/2353
f 2802/289/2353 2800/287/2351 2797/286/2348
f 2802/289/2353 2801/288/2352 2800/287/2351
f 2804/248/2355 2805/246/2356 2806/250/2357
f 2804/248/2355 2806/250/2357 2796/251/2347
f 2803/252/2354 2804/248/2355 2796/251/2347
f 2804/248/2355 2803/252/2354 2807/249/2358
f 2799/253/2350 2807/249/2358 2803/252/2354
f 2799/253/2350 2808/254/2359 2807/249/2358
f 2798/255/2349 2808/254/2359 2799/253/2350
f 2808/254/2359 2798/255/2349 2809/256/2360
f 2794/257/2345 2809/256/2360 2798/255/2349
f 2809/256/2360 2794/257/2345 2810/258/2361
f 2796/251/2347 2806/250/2357 2811/259/2362
f 2809/256/2360 2812/260/2363 2808/254/2359
f 2812/260/2363 2809/256/2360 2813/261/2364
f 2810/258/2361 2813/261/2364 2809/256/2360
f 2814/262/2365 2815/263/2366 2813/261/2364
f 2816/264/2367 2813/261/2364 2815/263/2366
f 2813/261/2364 2816/264/2367 2812/260/2363
f 2812/260/2363 2816/264/2367 2764/265/2319
f 2764/265/2319 2765/266/2320 2812/260/2363
f 2808/254/2359 2812/260/2363 2765/266/2320
f 2765/266/2320 2767/267/2322 2808/254/2359
f 2815/263/2366 2817/268/2368 2816/264/2367
f 2816/264/2367 2817/268/2368 2761/269/2316
f 2761/269/2316 2764/265/2319 2816/264/2367
f 2791/270/2342 2810/258/2361 2794/257/2345
f 2810/258/2361 2791/270/2342 2818/271/2369
f 2818/271/2369 2791/270/2342 2790/272/2341
f 2790/272/2341 2819/273/2370 2818/271/2369
f 2818/271/2369 2819/273/2370 2820/274/2371
f 2820/274/2371 2821/275/2372 2818/271/2369
f 2821/275/2372 2820/274/2371 2814/262/2365
f 2814/262/2365 2822/276/2373 2821/275/2372
f 2813/261/2364 2822/276/2373 2814/262/2365
f 2821/275/2372 2822/276/2373 2813/261/2364
f 2813/261/2364 2810/258/2361 2821/275/2372
f 2818/271/2369 2821/275/2372 2810/258/2361
f 2190/524/1868 2189/525/1867 2202/526/1880
f 2206/528/1884 2202/526/1880 2189/525/1867
f 2189/525/1867 2234/527/1912 2206/528/1884
f 2193/530/1871 2206/528/1884 2234/527/1912
f 2234/527/1912 2238/529/1916 2193/530/1871
f 2194/523/1872 2193/530/1871 2238/529/1916
f 2238/529/1916 2190/524/1868 2194/523/1872
f 2202/526/1880 2194/523/1872 2190/524/1868
f 2762/302/2317 2772/293/2327 2823/296/2374
f 2823/296/2374 2789/303/2340 2762/302/2317
f 2824/298/2375 2789/303/2340 2823/296/2374
f 2790/301/2341 2789/303/2340 2824/298/2375
f 2790/301/2341 2824/298/2375 2825/300/2376
f 2772/293/2327 2770/294/2325 2826/295/2377
f 2826/295/2377 2823/296/2374 2772/293/2327
f 2827/297/2378 2823/296/2374 2826/295/2377
f 2823/296/2374 2827/297/2378 2824/298/2375
f 2828/299/2379 2824/298/2375 2827/297/2378
f 2828/299/2379 2825/300/2376 2824/298/2375
f 2829/290/2380 2825/300/2376 2828/299/2379
f 2819/292/2370 2825/300/2376 2829/290/2380
f 2825/300/2376 2819/292/2370 2790/301/2341
f 2829/290/2380 2820/291/2371 2819/292/2370
f 2830/304/2381 2814/305/2365 2820/291/2371
f 2820/291/2371 2829/290/2380 2830/304/2381
f 2830/304/2381 2829/290/2380 2831/306/2382
f 2828/299/2379 2831/306/2382 2829/290/2380
f 2832/307/2383 2831/306/2382 2828/299/2379
f 2828/299/2379 2827/297/2378 2832/307/2383
f 2832/307/2383 2827/297/2378 2811/259/2362
f 2826/295/2377 2811/259/2362 2827/297/2378
f 2811/259/2362 2826/295/2377 2796/251/2347
f 2796/251/2347 2826/295/2377 2770/294/2325
f 2770/294/2325 2768/308/2323 2796/251/2347
f 2833/233/2384 2815/234/2366 2814/305/2365
f 2814/305/2365 2830/304/2381 2833/233/2384
f 2833/233/2384 2830/304/2381 2834/236/2385
f 2831/306/2382 2834/236/2385 2830/304/2381
f 2835/235/2386 2834/236/2385 2831/306/2382
f 2831/306/2382 2832/307/2383 2835/235/2386
f 2835/235/2386 2832/307/2383 2836/244/2387
f 2811/259/2362 2836/244/2387 2832/307/2383
f 2805/246/2356 2836/244/2387 2811/259/2362
f 2811/259/2362 2806/250/2357 2805/246/2356
f 2836/244/2387 2837/242/2388 2835/235/2386
f 2838/237/2389 2835/235/2386 2837/242/2388
f 2837/242/2388 2839/239/2390 2838/237/2389
f 2835/235/2386 2833/233/2384 2834/236/2385
f 2817/232/2368 2833/233/2384 2835/235/2386
f 2835/235/2386 2838/237/2389 2817/232/2368
f 2817/232/2368 2838/237/2389 2771/230/2326
f 2769/238/2324 2771/230/2326 2838/237/2389
f 2838/237/2389 2839/239/2390 2769/238/2324
f 2767/240/2322 2769/238/2324 2839/239/2390
f 2839/239/2390 2808/241/2359 2767/240/2322
f 2808/241/2359 2839/239/2390 2837/242/2388
f 2837/242/2388 2840/243/2391 2808/241/2359
f 2771/230/2326 2761/231/2316 2817/232/2368
f 2833/233/2384 2817/232/2368 2815/234/2366
f 2840/243/2391 2837/242/2388 2836/244/2387
f 2836/244/2387 2841/245/2392 2840/243/2391
f 2841/245/2392 2836/244/2387 2805/246/2356
f 2842/247/2393 2841/245/2392 2805/246/2356
f 2805/246/2356 2804/248/2355 2842/247/2393
f 2807/249/2358 2842/247/2393 2804/248/2355
f 2842/247/2393 2807/249/2358 2808/241/2359
f 2808/241/2359 2840/243/2391 2842/247/2393
f 2840/243/2391 2841/245/2392 2842/247/2393
f 2843/550/1748 2844/569/1752 2845/568/1853
f 2846/551/1849 2843/550/1748 2847/546/2394
f 2845/568/1853 2847/546/2394 2843/550/1748
f 2847/546/2394 2845/568/1853 2848/567/2395
f 2849/554/1850 2850/560/1742 2851/559/1743
f 2851/559/1743 2852/553/1852 2849/554/1850
f 2852/553/1852 2851/559/1743 2853/558/1851
f 2853/558/1851 2854/557/2396 2852/553/1852
f 2855/548/1739 2852/553/1852 2854/557/2396
f 2854/557/2396 2856/552/1732 2855/548/1739
f 2855/548/1739 2856/552/1732 2846/551/1849
f 2846/551/1849 2857/547/1745 2855/548/1739
f 2847/546/2394 2857/547/1745 2846/551/1849
f 2857/547/1745 2847/546/2394 2858/543/1750
f 2849/554/1850 2859/549/1737 2860/556/1735
f 2860/556/1735 2859/549/1737 2861/544/1746
f 2861/544/1746 2862/545/1747 2860/556/1735
f 2863/566/1749 2862/545/1747 2861/544/1746
f 2861/544/1746 2858/543/1750 2863/566/1749
f 2858/543/1750 2861/544/1746 2857/547/1745
f 2857/547/1745 2861/544/1746 2859/549/1737
f 2859/549/1737 2855/548/1739 2857/547/1745
f 2852/553/1852 2855/548/1739 2859/549/1737
f 2859/549/1737 2849/554/1850 2852/553/1852
f 2848/567/2395 2858/543/1750 2847/546/2394
f 2858/543/1750 2848/567/2395 2864/571/2397
f 2864/571/2397 2863/566/1749 2858/543/1750
f 2863/566/1749 2864/571/2397 2844/572/1752
f 2844/572/1752 2843/570/1748 2863/566/1749
f 2862/545/1747 2863/566/1749 2843/570/1748
f 2843/570/1748 2846/565/1849 2862/545/1747
f 2862/545/1747 2846/565/1849 2856/564/1732
f 2856/564/1732 2860/556/1735 2862/545/1747
f 2865/555/2398 2860/556/1735 2856/564/1732
f 2856/564/1732 2854/563/2396 2865/555/2398
f 2860/556/1735 2865/555/2398 2849/554/1850
f 2850/560/1742 2849/554/1850 2865/555/2398
f 2865/555/2398 2866/561/1741 2850/560/1742
f 2866/561/1741 2865/555/2398 2854/563/2396
f 2854/563/2396 2853/562/1851 2866/561/1741
f 2867/543/2399 2868/544/2400 2869/545/2401
f 2868/544/2400 2867/543/2399 2870/546/2402
f 2870/546/2402 2871/547/2403 2868/544/2400
f 2868/544/2400 2871/547/2403 2872/548/2404
f 2872/548/2404 2873/549/2405 2868/544/2400
f 2874/550/2406 2875/551/2407 2871/547/2403
f 2871/547/2403 2875/551/2407 2876/552/2408
f 2876/552/2408 2872/548/2404 2871/547/2403
f 2877/553/2409 2872/548/2404 2876/552/2408
f 2872/548/2404 2877/553/2409 2878/554/2410
f 2878/554/2410 2873/549/2405 2872/548/2404
f 2873/549/2405 2878/554/2410 2879/555/2411
f 2879/555/2411 2880/556/2412 2873/549/2405
f 2873/549/2405 2880/556/2412 2869/545/2401
f 2869/545/2401 2868/544/2400 2873/549/2405
f 2876/552/2408 2881/557/2413 2877/553/2409
f 2881/557/2413 2882/558/2414 2883/559/2415
f 2883/559/2415 2877/553/2409 2881/557/2413
f 2877/553/2409 2883/559/2415 2884/560/2416
f 2884/560/2416 2878/554/2410 2877/553/2409
f 2878/554/2410 2884/560/2416 2885/561/2417
f 2885/561/2417 2879/555/2411 2878/554/2410
f 2879/555/2411 2885/561/2417 2882/562/2414
f 2882/562/2414 2881/563/2413 2879/555/2411
f 2880/556/2412 2879/555/2411 2881/563/2413
f 2881/563/2413 2876/564/2408 2880/556/2412
f 2880/556/2412 2876/564/2408 2875/565/2407
f 2875/565/2407 2869/545/2401 2880/556/2412
f 2886/566/2418 2869/545/2401 2875/565/2407
f 2869/545/2401 2886/566/2418 2867/543/2399
f 2887/567/2419 2867/543/2399 2886/566/2418
f 2867/543/2399 2887/567/2419 2888/568/2420
f 2888/568/2420 2870/546/2402 2867/543/2399
f 2870/546/2402 2888/568/2420 2889/569/2421
f 2889/569/2421 2874/550/2406 2870/546/2402
f 2871/547/2403 2870/546/2402 2874/550/2406
f 2875/565/2407 2874/570/2406 2886/566/2418
f 2890/571/2422 2886/566/2418 2874/570/2406
f 2886/566/2418 2890/571/2422 2887/567/2419
f 2874/570/2406 2889/572/2421 2890/571/2422
f 2891/575/2423 2892/576/2424 2893/573/2424
f 2893/573/2424 2894/574/2423 2891/575/2423
f 2895/622/2425 2896/623/2426 2897/621/2427
f 2897/621/2427 2898/620/2428 2895/622/2425
f 2898/620/2428 2897/621/2427 2899/618/2429
f 2899/618/2429 2900/619/2430 2898/620/2428
f 2901/616/2431 2900/619/2430 2899/618/2429
f 2899/618/2429 2902/617/2432 2901/616/2431
f 2901/616/2431 2902/617/2432 2903/614/2433
f 2903/614/2433 2904/613/2434 2901/616/2431
f 2904/613/2434 2903/614/2433 2905/615/2435
f 2906/625/2436 2905/615/2435 2903/614/2433
f 2896/630/2426 2905/615/2435 2906/625/2436
f 2906/625/2436 2907/631/2437 2896/630/2426
f 2896/630/2426 2907/631/2437 2908/627/2438
f 2908/627/2438 2897/629/2427 2896/630/2426
f 2897/629/2427 2908/627/2438 2899/628/2429
f 2902/626/2432 2899/628/2429 2908/627/2438
f 2908/627/2438 2909/624/2439 2902/626/2432
f 2909/624/2439 2903/614/2433 2902/626/2432
f 2903/614/2433 2909/624/2439 2906/625/2436
f 2905/615/2435 2910/632/2440 2904/613/2434
f 2911/633/2441 2904/613/2434 2910/632/2440
f 2904/613/2434 2911/633/2441 2901/634/2431
f 2900/635/2430 2901/634/2431 2911/633/2441
f 2911/633/2441 2912/636/2442 2900/635/2430
f 2912/636/2442 2898/637/2428 2900/635/2430
f 2898/637/2428 2912/636/2442 2913/638/2443
f 2913/638/2443 2895/639/2425 2898/637/2428
f 2910/632/2440 2895/639/2425 2913/638/2443
f 2913/638/2443 2914/640/2444 2910/632/2440
f 2910/632/2440 2914/640/2444 2911/633/2441
f 2913/649/2443 2907/650/2437 2906/648/2436
f 2906/648/2436 2914/647/2444 2913/649/2443
f 2914/647/2444 2906/648/2436 2909/646/2439
f 2909/646/2439 2911/645/2441 2914/647/2444
f 2911/645/2441 2909/646/2439 2908/644/2438
f 2908/644/2438 2912/643/2442 2911/645/2441
f 2912/643/2442 2908/644/2438 2907/641/2437
f 2907/641/2437 2913/642/2443 2912/643/2442
f 2915/483/2445 2916/484/2446 2917/485/2447
f 2918/481/2448 2916/484/2446 2915/483/2445
f 2915/483/2445 2919/482/2449 2918/481/2448
f 2918/481/2448 2919/482/2449 2920/480/2450
f 2920/480/2450 2921/479/2451 2918/481/2448
f 2921/479/2451 2920/480/2450 2922/477/2452
f 2922/477/2452 2923/478/2453 2921/479/2451
f 2916/494/2446 2924/495/2454 2917/485/2447
f 2917/485/2447 2924/495/2454 2925/489/2455
f 2926/491/2456 2924/495/2454 2916/494/2446
f 2916/494/2446 2918/493/2448 2926/491/2456
f 2918/493/2448 2921/492/2451 2926/491/2456
f 2926/491/2456 2921/492/2451 2923/487/2453
f 2923/487/2453 2927/490/2457 2926/491/2456
f 2925/489/2455 2927/490/2457 2923/487/2453
f 2923/487/2453 2928/488/2458 2925/489/2455
f 2925/489/2455 2928/488/2458 2917/485/2447
f 2929/486/2459 2917/485/2447 2928/488/2458
f 2917/485/2447 2929/486/2459 2915/483/2445
f 2928/488/2458 2930/496/2460 2929/486/2459
f 2931/499/2461 2932/498/2462 2930/496/2460
f 2930/496/2460 2932/498/2462 2933/497/2463
f 2933/497/2463 2929/486/2459 2930/496/2460
f 2915/504/2445 2929/486/2459 2933/497/2463
f 2919/503/2449 2915/504/2445 2933/497/2463
f 2933/497/2463 2934/502/2464 2919/503/2449
f 2919/503/2449 2934/502/2464 2920/501/2450
f 2920/501/2450 2934/502/2464 2931/499/2461
f 2931/499/2461 2922/500/2452 2920/501/2450
f 2930/496/2460 2922/500/2452 2931/499/2461
f 2934/513/2464 2926/514/2456 2927/512/2457
f 2927/512/2457 2931/511/2461 2934/513/2464
f 2931/511/2461 2927/512/2457 2925/510/2455
f 2925/510/2455 2932/509/2462 2931/511/2461
f 2932/509/2462 2925/510/2455 2924/508/2454
f 2924/508/2454 2933/507/2463 2932/509/2462
f 2933/507/2463 2924/508/2454 2926/505/2456
f 2926/505/2456 2934/506/2464 2933/507/2463
f 2935/517/2465 2936/518/2466 2937/515/2467
f 2937/515/2467 2938/516/2468 2935/517/2465
f 2938/516/2468 2937/515/2467 2893/522/2424
f 2893/522/2424 2939/521/2469 2938/516/2468
f 2939/521/2469 2893/522/2424 2892/520/2424
f 2892/520/2424 2940/519/2470 2939/521/2469
f 2940/519/2470 2892/520/2424 2936/518/2466
f 2936/518/2466 2935/517/2465 2940/519/2470
f 2892/525/2471 2905/526/2472 2910/523/2473
f 2910/523/2473 2891/524/2474 2892/525/2471
f 2891/524/2474 2910/523/2473 2895/530/2475
f 2895/530/2475 2941/529/2476 2891/524/2474
f 2941/529/2476 2895/530/2475 2896/528/2477
f 2896/528/2477 2936/527/2478 2941/529/2476
f 2936/527/2478 2896/528/2477 2905/526/2472
f 2905/526/2472 2892/525/2471 2936/527/2478
f 2942/533/2479 2937/534/2467 2936/531/2466
f 2936/531/2466 2941/532/2479 2942/533/2479
f 2943/537/2480 2891/538/2423 2894/535/2423
f 2894/535/2423 2944/536/2481 2943/537/2480
f 2944/536/2481 2894/535/2423 2942/542/2479
f 2942/542/2479 2945/541/2482 2944/536/2481
f 2945/541/2482 2942/542/2479 2941/540/2479
f 2941/540/2479 2946/539/2483 2945/541/2482
f 2946/539/2483 2941/540/2479 2891/538/2423
f 2891/538/2423 2943/537/2480 2946/539/2483
f 2947/463/2484 2948/464/2485 2949/465/2486
f 2949/465/2486 2950/466/2487 2947/463/2484
f 2951/467/2488 2950/466/2487 2949/465/2486
f 2949/465/2486 2952/468/2489 2951/467/2488
f 2953/469/2490 2951/467/2488 2952/468/2489
f 2952/468/2489 2954/470/2491 2953/469/2490
f 2955/471/2492 2953/469/2490 2954/470/2491
f 2954/470/2491 2956/472/2493 2955/471/2492
f 2957/473/2494 2955/471/2492 2956/472/2493
f 2956/472/2493 2958/474/2495 2957/473/2494
f 2947/475/2484 2957/473/2494 2958/474/2495
f 2958/474/2495 2948/476/2485 2947/475/2484
f 2959/599/2496 2960/601/2497 2961/602/2498
f 2961/602/2498 2962/600/2496 2959/599/2496
f 2963/595/2499 2959/599/2496 2962/600/2496
f 2962/600/2496 2964/598/2499 2963/595/2499
f 2965/596/2500 2963/595/2499 2964/598/2499
f 2964/598/2499 2966/597/2501 2965/596/2500
f 2967/591/2502 2965/593/2500 2966/594/2501
f 2966/594/2501 2968/592/2502 2967/591/2502
f 2969/587/2503 2967/591/2502 2968/592/2502
f 2968/592/2502 2970/590/2504 2969/587/2503
f 2971/588/2505 2969/587/2503 2970/590/2504
f 2970/590/2504 2972/589/2506 2971/588/2505
f 2973/603/2507 2971/588/2505 2972/589/2506
f 2972/589/2506 2974/604/2508 2973/603/2507
f 2960/601/2497 2973/603/2507 2974/604/2508
f 2974/604/2508 2961/602/2498 2960/601/2497
f 2360/606/2038 2366/605/2042 2350/612/2028
f 2333/610/2011 2350/612/2028 2366/605/2042
f 2366/605/2042 2364/611/2048 2333/610/2011
f 2334/608/2012 2333/610/2011 2364/611/2048
f 2364/611/2048 2355/609/2033 2334/608/2012
f 2343/607/2021 2334/608/2012 2355/609/2033
f 2355/609/2033 2360/606/2038 2343/607/2021
f 2350/612/2028 2343/607/2021 2360/606/2038
f 2975/277/2509 2976/272/2510 2977/270/2511
f 2977/270/2511 2978/278/2512 2975/277/2509
f 2978/278/2512 2977/270/2511 2979/279/2513
f 2980/257/2514 2979/279/2513 2977/270/2511
f 2979/279/2513 2981/280/2515 2978/278/2512
f 2982/281/2516 2981/280/2515 2979/279/2513
f 2981/280/2515 2982/281/2516 2954/282/2491
f 2954/282/2491 2952/283/2489 2981/280/2515
f 2978/278/2512 2981/280/2515 2952/283/2489
f 2952/283/2489 2949/284/2486 2978/278/2512
f 2975/277/2509 2978/278/2512 2949/284/2486
f 2949/284/2486 2948/285/2485 2975/277/2509
f 2983/286/2517 2984/255/2518 2985/253/2519
f 2984/255/2518 2983/286/2517 2980/257/2514
f 2980/257/2514 2983/286/2517 2986/287/2520
f 2979/279/2513 2980/257/2514 2986/287/2520
f 2986/287/2520 2987/288/2521 2979/279/2513
f 2979/279/2513 2987/288/2521 2982/281/2516
f 2988/289/2522 2982/281/2516 2987/288/2521
f 2989/252/2523 2982/281/2516 2988/289/2522
f 2989/252/2523 2988/289/2522 2985/253/2519
f 2983/286/2517 2985/253/2519 2988/289/2522
f 2988/289/2522 2986/287/2520 2983/286/2517
f 2988/289/2522 2987/288/2521 2986/287/2520
f 2990/248/2524 2991/246/2525 2992/250/2526
f 2990/248/2524 2992/250/2526 2982/251/2516
f 2989/252/2523 2990/248/2524 2982/251/2516
f 2990/248/2524 2989/252/2523 2993/249/2527
f 2985/253/2519 2993/249/2527 2989/252/2523
f 2985/253/2519 2994/254/2528 2993/249/2527
f 2984/255/2518 2994/254/2528 2985/253/2519
f 2994/254/2528 2984/255/2518 2995/256/2529
f 2980/257/2514 2995/256/2529 2984/255/2518
f 2995/256/2529 2980/257/2514 2996/258/2530
f 2982/251/2516 2992/250/2526 2997/259/2531
f 2995/256/2529 2998/260/2532 2994/254/2528
f 2998/260/2532 2995/256/2529 2999/261/2533
f 2996/258/2530 2999/261/2533 2995/256/2529
f 3000/262/2534 3001/263/2535 2999/261/2533
f 3002/264/2536 2999/261/2533 3001/263/2535
f 2999/261/2533 3002/264/2536 2998/260/2532
f 2998/260/2532 3002/264/2536 2950/265/2487
f 2950/265/2487 2951/266/2488 2998/260/2532
f 2994/254/2528 2998/260/2532 2951/266/2488
f 2951/266/2488 2953/267/2490 2994/254/2528
f 3001/263/2535 3003/268/2537 3002/264/2536
f 3002/264/2536 3003/268/2537 2947/269/2484
f 2947/269/2484 2950/265/2487 3002/264/2536
f 2977/270/2511 2996/258/2530 2980/257/2514
f 2996/258/2530 2977/270/2511 3004/271/2538
f 3004/271/2538 2977/270/2511 2976/272/2510
f 2976/272/2510 3005/273/2539 3004/271/2538
f 3004/271/2538 3005/273/2539 3006/274/2540
f 3006/274/2540 3007/275/2541 3004/271/2538
f 3007/275/2541 3006/274/2540 3000/262/2534
f 3000/262/2534 3008/276/2542 3007/275/2541
f 2999/261/2533 3008/276/2542 3000/262/2534
f 3007/275/2541 3008/276/2542 2999/261/2533
f 2999/261/2533 2996/258/2530 3007/275/2541
f 3004/271/2538 3007/275/2541 2996/258/2530
f 3009/763/2543 2473/764/2146 2486/766/805
f 2473/764/2146 3009/763/2543 3010/761/2544
f 3010/761/2544 2474/762/2147 2473/764/2146
f 2474/762/2147 3010/761/2544 3011/760/2545
f 3011/760/2545 2481/759/2151 2474/762/2147
f 2482/758/2152 2481/759/2151 3011/760/2545
f 3011/760/2545 3012/757/2546 2482/758/2152
f 2482/758/2152 3012/757/2546 3013/755/224
f 3013/755/224 2483/756/2153 2482/758/2152
f 2483/756/2153 3013/755/224 3014/752/224
f 3014/752/224 2484/753/2154 2483/756/2153
f 2484/753/2154 3014/752/224 3015/767/224
f 3015/767/224 2485/754/2155 2484/753/2154
f 2485/754/2155 3015/767/224 3016/765/2547
f 3016/765/2547 2486/766/805 2485/754/2155
f 2486/766/805 3016/765/2547 3009/763/2543
f 3017/32/4 3018/35/4 3019/36/4
f 3018/35/4 3020/43/4 3021/42/4
f 3018/35/4 3021/42/4 3022/44/4
f 3018/35/4 3022/44/4 3023/34/4
f 3018/35/4 3023/34/4 3024/33/4
f 3024/33/4 3019/36/4 3018/35/4
f 3024/33/4 2562/37/4 3019/36/4
f 2562/37/4 3017/32/4 3019/36/4
f 3025/31/4 3017/32/4 2562/37/4
f 2562/37/4 2553/19/4 3025/31/4
f 2555/30/4 3025/31/4 2553/19/4
f 2940/583/2470 2935/586/2465 2946/585/2483
f 2946/585/2483 2943/584/2480 2940/583/2470
f 2940/583/2470 2943/584/2480 2944/581/2481
f 2944/581/2481 2939/582/2469 2940/583/2470
f 2938/579/2468 2939/582/2469 2944/581/2481
f 2944/581/2481 2945/580/2482 2938/579/2468
f 2938/579/2468 2945/580/2482 2946/577/2483
f 2946/577/2483 2935/578/2465 2938/579/2468
f 2948/302/2485 2958/293/2495 3026/296/2548
f 3026/296/2548 2975/303/2509 2948/302/2485
f 3027/298/2549 2975/303/2509 3026/296/2548
f 2976/301/2510 2975/303/2509 3027/298/2549
f 2976/301/2510 3027/298/2549 3028/300/2550
f 2958/293/2495 2956/294/2493 3029/295/2551
f 3029/295/2551 3026/296/2548 2958/293/2495
f 3030/297/2552 3026/296/2548 3029/295/2551
f 3026/296/2548 3030/297/2552 3027/298/2549
f 3031/299/2553 3027/298/2549 3030/297/2552
f 3031/299/2553 3028/300/2550 3027/298/2549
f 3032/290/2554 3028/300/2550 3031/299/2553
f 3005/292/2539 3028/300/2550 3032/290/2554
f 3028/300/2550 3005/292/2539 2976/301/2510
f 3032/290/2554 3006/291/2540 3005/292/2539
f 3033/304/2555 3000/305/2534 3006/291/2540
f 3006/291/2540 3032/290/2554 3033/304/2555
f 3033/304/2555 3032/290/2554 3034/306/2556
f 3031/299/2553 3034/306/2556 3032/290/2554
f 3035/307/2557 3034/306/2556 3031/299/2553
f 3031/299/2553 3030/297/2552 3035/307/2557
f 3035/307/2557 3030/297/2552 2997/259/2531
f 3029/295/2551 2997/259/2531 3030/297/2552
f 2997/259/2531 3029/295/2551 2982/251/2516
f 2982/251/2516 3029/295/2551 2956/294/2493
f 2956/294/2493 2954/308/2491 2982/251/2516
f 3036/233/2558 3001/234/2535 3000/305/2534
f 3000/305/2534 3033/304/2555 3036/233/2558
f 3036/233/2558 3033/304/2555 3037/236/2559
f 3034/306/2556 3037/236/2559 3033/304/2555
f 3038/235/2560 3037/236/2559 3034/306/2556
f 3034/306/2556 3035/307/2557 3038/235/2560
f 3038/235/2560 3035/307/2557 3039/244/2561
f 2997/259/2531 3039/244/2561 3035/307/2557
f 2991/246/2525 3039/244/2561 2997/259/2531
f 2997/259/2531 2992/250/2526 2991/246/2525
f 3039/244/2561 3040/242/2562 3038/235/2560
f 3041/237/2563 3038/235/2560 3040/242/2562
f 3040/242/2562 3042/239/2564 3041/237/2563
f 3038/235/2560 3036/233/2558 3037/236/2559
f 3003/232/2537 3036/233/2558 3038/235/2560
f 3038/235/2560 3041/237/2563 3003/232/2537
f 3003/232/2537 3041/237/2563 2957/230/2494
f 2955/238/2492 2957/230/2494 3041/237/2563
f 3041/237/2563 3042/239/2564 2955/238/2492
f 2953/240/2490 2955/238/2492 3042/239/2564
f 3042/239/2564 2994/241/2528 2953/240/2490
f 2994/241/2528 3042/239/2564 3040/242/2562
f 3040/242/2562 3043/243/2565 2994/241/2528
f 2957/230/2494 2947/231/2484 3003/232/2537
f 3036/233/2558 3003/232/2537 3001/234/2535
f 3043/243/2565 3040/242/2562 3039/244/2561
f 3039/244/2561 3044/245/2566 3043/243/2565
f 3044/245/2566 3039/244/2561 2991/246/2525
f 3045/247/2567 3044/245/2566 2991/246/2525
f 2991/246/2525 2990/248/2524 3045/247/2567
f 2993/249/2527 3045/247/2567 2990/248/2524
f 3045/247/2567 2993/249/2527 2994/241/2528
f 2994/241/2528 3043/243/2565 3045/247/2567
f 3043/243/2565 3044/245/2566 3045/247/2567
f 3046/600/2568 3047/602/2569 3048/601/2570
f 3048/601/2570 3049/599/2571 3046/600/2568
f 3050/598/2572 3046/600/2568 3049/599/2571
f 3049/599/2571 3051/595/2573 3050/598/2572
f 3052/597/2574 3050/598/2572 3051/595/2573
f 3051/595/2573 3053/596/2575 3052/597/2574
f 3054/592/2576 3052/594/2574 3053/593/2575
f 3053/593/2575 3055/591/2577 3054/592/2576
f 3056/590/2578 3054/592/2576 3055/591/2577
f 3055/591/2577 3057/587/2579 3056/590/2578
f 3058/589/2580 3056/590/2578 3057/587/2579
f 3057/587/2579 3059/588/2581 3058/589/2580
f 3060/604/2582 3058/589/2580 3059/588/2581
f 3059/588/2581 3061/603/2583 3060/604/2582
f 3047/602/2569 3060/604/2582 3061/603/2583
f 3061/603/2583 3048/601/2570 3047/602/2569
f 2930/607/2460 2928/612/2458 2894/605/2423
f 2942/611/2479 2894/605/2423 2928/612/2458
f 2928/612/2458 2923/610/2453 2942/611/2479
f 2937/609/2467 2942/611/2479 2923/610/2453
f 2923/610/2453 2922/608/2452 2937/609/2467
f 2893/606/2424 2937/609/2467 2922/608/2452
f 2922/608/2452 2930/607/2460 2893/606/2424
f 2894/605/2423 2893/606/2424 2930/607/2460
f 3062/543/2399 3063/544/2584 3064/545/2401
f 3063/544/2584 3062/543/2399 3065/546/2402
f 3065/546/2402 3066/547/2403 3063/544/2584
f 3063/544/2584 3066/547/2403 3067/548/2404
f 3067/548/2404 3068/549/2405 3063/544/2584
f 3069/550/2406 3070/551/2407 3066/547/2403
f 3066/547/2403 3070/551/2407 3071/552/2408
f 3071/552/2408 3067/548/2404 3066/547/2403
f 3072/553/2585 3067/548/2404 3071/552/2408
f 3067/548/2404 3072/553/2585 3073/554/2410
f 3073/554/2410 3068/549/2405 3067/548/2404
f 3068/549/2405 3073/554/2410 3074/555/2411
f 3074/555/2411 3075/556/2412 3068/549/2405
f 3068/549/2405 3075/556/2412 3064/545/2401
f 3064/545/2401 3063/544/2584 3068/549/2405
f 3071/552/2408 3076/557/2586 3072/553/2585
f 3076/557/2586 3077/558/2414 3078/559/2415
f 3078/559/2415 3072/553/2585 3076/557/2586
f 3072/553/2585 3078/559/2415 3079/560/2416
f 3079/560/2416 3073/554/2410 3072/553/2585
f 3073/554/2410 3079/560/2416 3080/561/2417
f 3080/561/2417 3074/555/2411 3073/554/2410
f 3074/555/2411 3080/561/2417 3077/562/2414
f 3077/562/2414 3076/563/2586 3074/555/2411
f 3075/556/2412 3074/555/2411 3076/563/2586
f 3076/563/2586 3071/564/2408 3075/556/2412
f 3075/556/2412 3071/564/2408 3070/565/2407
f 3070/565/2407 3064/545/2401 3075/556/2412
f 3081/566/2587 3064/545/2401 3070/565/2407
f 3064/545/2401 3081/566/2587 3062/543/2399
f 3082/567/2419 3062/543/2399 3081/566/2587
f 3062/543/2399 3082/567/2419 3083/568/2420
f 3083/568/2420 3065/546/2402 3062/543/2399
f 3065/546/2402 3083/568/2420 3084/569/2421
f 3084/569/2421 3069/550/2406 3065/546/2402
f 3066/547/2403 3065/546/2402 3069/550/2406
f 3070/565/2407 3069/570/2406 3081/566/2587
f 3085/571/2422 3081/566/2587 3069/570/2406
f 3081/566/2587 3085/571/2422 3082/567/2419
f 3069/570/2406 3084/572/2421 3085/571/2422
f 3086/575/2588 3087/576/2589 3088/573/2590
f 3088/573/2590 3089/574/2591 3086/575/2588
f 3090/622/2592 3091/623/2593 3092/621/2594
f 3092/621/2594 3093/620/2595 3090/622/2592
f 3093/620/2595 3092/621/2594 3094/618/2596
f 3094/618/2596 3095/619/2597 3093/620/2595
f 3096/616/2598 3095/619/2597 3094/618/2596
f 3094/618/2596 3097/617/2599 3096/616/2598
f 3096/616/2598 3097/617/2599 3098/614/2600
f 3098/614/2600 3099/613/2601 3096/616/2598
f 3099/613/2601 3098/614/2600 3100/615/2602
f 3101/625/2603 3100/615/2602 3098/614/2600
f 3091/630/2593 3100/615/2602 3101/625/2603
f 3101/625/2603 3102/631/2604 3091/630/2593
f 3091/630/2593 3102/631/2604 3103/627/2605
f 3103/627/2605 3092/629/2594 3091/630/2593
f 3092/629/2594 3103/627/2605 3094/628/2596
f 3097/626/2599 3094/628/2596 3103/627/2605
f 3103/627/2605 3104/624/2606 3097/626/2599
f 3104/624/2606 3098/614/2600 3097/626/2599
f 3098/614/2600 3104/624/2606 3101/625/2603
f 3100/615/2602 3105/632/2607 3099/613/2601
f 3106/633/2608 3099/613/2601 3105/632/2607
f 3099/613/2601 3106/633/2608 3096/634/2598
f 3095/635/2597 3096/634/2598 3106/633/2608
f 3106/633/2608 3107/636/2609 3095/635/2597
f 3107/636/2609 3093/637/2595 3095/635/2597
f 3093/637/2595 3107/636/2609 3108/638/2610
f 3108/638/2610 3090/639/2592 3093/637/2595
f 3105/632/2607 3090/639/2592 3108/638/2610
f 3108/638/2610 3109/640/2611 3105/632/2607
f 3105/632/2607 3109/640/2611 3106/633/2608
f 3108/649/2610 3102/650/2604 3101/648/2603
f 3101/648/2603 3109/647/2611 3108/649/2610
f 3109/647/2611 3101/648/2603 3104/646/2606
f 3104/646/2606 3106/645/2608 3109/647/2611
f 3106/645/2608 3104/646/2606 3103/644/2605
f 3103/644/2605 3107/643/2609 3106/645/2608
f 3107/643/2609 3103/644/2605 3102/641/2604
f 3102/641/2604 3108/642/2610 3107/643/2609
f 3110/483/2612 3111/484/2613 3112/485/2614
f 3113/481/2615 3111/484/2613 3110/483/2612
f 3110/483/2612 3114/482/2616 3113/481/2615
f 3113/481/2615 3114/482/2616 3115/480/2617
f 3115/480/2617 3116/479/2618 3113/481/2615
f 3116/479/2618 3115/480/2617 3117/477/2619
f 3117/477/2619 3118/478/2620 3116/479/2618
f 3111/494/2613 3119/495/2621 3112/485/2614
f 3112/485/2614 3119/495/2621 3120/489/2622
f 3121/491/2623 3119/495/2621 3111/494/2613
f 3111/494/2613 3113/493/2615 3121/491/2623
f 3113/493/2615 3116/492/2618 3121/491/2623
f 3121/491/2623 3116/492/2618 3118/487/2620
f 3118/487/2620 3122/490/2624 3121/491/2623
f 3120/489/2622 3122/490/2624 3118/487/2620
f 3118/487/2620 3123/488/2625 3120/489/2622
f 3120/489/2622 3123/488/2625 3112/485/2614
f 3124/486/2626 3112/485/2614 3123/488/2625
f 3112/485/2614 3124/486/2626 3110/483/2612
f 3123/488/2625 3125/496/2627 3124/486/2626
f 3126/499/2628 3127/498/2629 3125/496/2627
f 3125/496/2627 3127/498/2629 3128/497/2630
f 3128/497/2630 3124/486/2626 3125/496/2627
f 3110/504/2612 3124/486/2626 3128/497/2630
f 3114/503/2616 3110/504/2612 3128/497/2630
f 3128/497/2630 3129/502/2631 3114/503/2616
f 3114/503/2616 3129/502/2631 3115/501/2617
f 3115/501/2617 3129/502/2631 3126/499/2628
f 3126/499/2628 3117/500/2619 3115/501/2617
f 3125/496/2627 3117/500/2619 3126/499/2628
f 3129/513/2631 3121/514/2623 3122/512/2624
f 3122/512/2624 3126/511/2628 3129/513/2631
f 3126/511/2628 3122/512/2624 3120/510/2622
f 3120/510/2622 3127/509/2629 3126/511/2628
f 3127/509/2629 3120/510/2622 3119/508/2621
f 3119/508/2621 3128/507/2630 3127/509/2629
f 3128/507/2630 3119/508/2621 3121/505/2623
f 3121/505/2623 3129/506/2631 3128/507/2630
f 3130/517/2632 3131/518/2633 3132/515/2634
f 3132/515/2634 3133/516/2635 3130/517/2632
f 3133/516/2635 3132/515/2634 3088/522/2590
f 3088/522/2590 3134/521/2636 3133/516/2635
f 3134/521/2636 3088/522/2590 3087/520/2589
f 3087/520/2589 3135/519/2637 3134/521/2636
f 3135/519/2637 3087/520/2589 3131/518/2633
f 3131/518/2633 3130/517/2632 3135/519/2637
f 3136/533/2638 3132/534/2634 3131/531/2633
f 3131/531/2633 3137/532/2639 3136/533/2638
f 3138/537/2640 3086/538/2588 3089/535/2591
f 3089/535/2591 3139/536/2641 3138/537/2640
f 3139/536/2641 3089/535/2591 3136/542/2638
f 3136/542/2638 3140/541/2642 3139/536/2641
f 3140/541/2642 3136/542/2638 3137/540/2639
f 3137/540/2639 3141/539/2643 3140/541/2642
f 3141/539/2643 3137/540/2639 3086/538/2588
f 3086/538/2588 3138/537/2640 3141/539/2643
f 3142/1060/2644 3143/1061/2644 3144/1062/2645
f 3144/1062/2645 3145/1063/2645 3142/1060/2644
f 3/1064/3 3146/1065/2646 3147/1066/2647
f 3147/1066/2647 3148/1067/2648 3/1064/3
f 3148/1067/2648 3147/1066/2647 3149/1068/2649
f 3149/1068/2649 3150/1069/2650 3151/1070/2651
f 3152/1071/2652 3148/1072/2648 3153/1073/2653
f 3148/1072/2648 3152/1071/2652 3154/1074/2654
f 3154/1074/2654 3/1075/3 3148/1072/2648
f 3155/1076/2655 3/1075/3 3154/1074/2654
f 3154/1074/2654 3156/1077/2656 3155/1076/2655
f 3155/1076/2655 3156/1077/2656 3157/1078/2657
f 3157/1078/2657 3158/1079/2658 3155/1076/2655
f 3159/1080/2659 3155/1076/2655 3158/1079/2658
f 3158/1079/2658 3160/1081/2660 3159/1080/2659
f 3160/1081/2660 3158/1079/2658 3151/1070/2651
f 3151/1070/2651 3150/1069/2650 3160/1081/2660
f 3158/1079/2658 3157/1078/2657 3151/1082/2651
f 3153/1073/2653 3151/1082/2651 3157/1078/2657
f 3157/1078/2657 3152/1071/2652 3153/1073/2653
f 3161/1083/2661 3162/1084/2662 3150/1085/2650
f 3162/1084/2662 3160/1081/2660 3150/1085/2650
f 3160/1081/2660 3162/1084/2662 3163/1086/2663
f 3146/1087/2646 3159/1080/2659 3163/1086/2663
f 3163/1086/2663 3164/1088/2664 3146/1087/2646
f 3146/1087/2646 3164/1088/2664 3161/1083/2661
f 3161/1083/2661 3147/1089/2647 3146/1087/2646
f 3147/1089/2647 3161/1083/2661 3149/1090/2649
f 3135/583/2637 3130/586/2632 3141/585/2643
f 3141/585/2643 3138/584/2640 3135/583/2637
f 3135/583/2637 3138/584/2640 3139/581/2641
f 3139/581/2641 3134/582/2636 3135/583/2637
f 3133/579/2635 3134/582/2636 3139/581/2641
f 3139/581/2641 3140/580/2642 3133/579/2635
f 3133/579/2635 3140/580/2642 3141/577/2643
f 3141/577/2643 3130/578/2632 3133/579/2635
f 3156/1091/2656 3163/1092/2663 3162/1093/2662
f 3162/1093/2662 3157/1094/2657 3156/1091/2656
f 3157/1094/2657 3162/1093/2662 3161/1095/2661
f 3161/1095/2661 3152/1096/2652 3157/1094/2657
f 3152/1096/2652 3161/1095/2661 3164/1097/2664
f 3164/1097/2664 3154/1098/2654 3152/1096/2652
f 3154/1099/2654 3164/1100/2664 3163/1092/2663
f 3165/600/2665 3166/602/2666 3167/601/2667
f 3167/601/2667 3168/599/2665 3165/600/2665
f 3169/598/2668 3165/600/2665 3168/599/2665
f 3168/599/2665 3170/595/2669 3169/598/2668
f 3171/597/2670 3169/598/2668 3170/595/2669
f 3170/595/2669 3172/596/2670 3171/597/2670
f 3173/592/2671 3171/594/2670 3172/593/2670
f 3172/593/2670 3174/591/2671 3173/592/2671
f 3175/590/2672 3173/592/2671 3174/591/2671
f 3174/591/2671 3176/587/2672 3175/590/2672
f 3177/589/2673 3175/590/2672 3176/587/2672
f 3176/587/2672 3178/588/2673 3177/589/2673
f 3179/604/2674 3177/589/2673 3178/588/2673
f 3178/588/2673 3180/603/2675 3179/604/2674
f 3166/602/2666 3179/604/2674 3180/603/2675
f 3180/603/2675 3167/601/2667 3166/602/2666
f 3125/607/2627 3123/612/2625 3089/605/2591
f 3136/611/2638 3089/605/2591 3123/612/2625
f 3123/612/2625 3118/610/2620 3136/611/2638
f 3132/609/2634 3136/611/2638 3118/610/2620
f 3118/610/2620 3117/608/2619 3132/609/2634
f 3088/606/2590 3132/609/2634 3117/608/2619
f 3117/608/2619 3125/607/2627 3088/606/2590
f 3089/605/2591 3088/606/2590 3125/607/2627
f 3181/1101/2676 3182/1102/2677 3183/1103/2678
f 3184/1104/2679 3182/1102/2677 3181/1101/2676
f 3181/1101/2676 3185/1105/2680 3184/1104/2679
f 3184/1104/2679 3185/1105/2680 3186/1106/2681
f 3186/1106/2681 3187/1107/2682 3184/1104/2679
f 3187/1107/2682 3186/1106/2681 3188/1108/2683
f 3188/1108/2683 3189/1109/2684 3187/1107/2682
f 3182/1110/2677 3190/1111/2685 3183/1103/2678
f 3183/1103/2678 3190/1111/2685 3191/1112/2686
f 3192/1113/2687 3190/1111/2685 3182/1110/2677
f 3182/1110/2677 3184/1114/2679 3192/1113/2687
f 3184/1114/2679 3187/1115/2682 3192/1113/2687
f 3192/1113/2687 3187/1115/2682 3189/1116/2684
f 3189/1116/2684 3193/1117/2688 3192/1113/2687
f 3191/1112/2686 3193/1117/2688 3189/1116/2684
f 3189/1116/2684 3194/1118/2689 3191/1112/2686
f 3191/1112/2686 3194/1118/2689 3183/1103/2678
f 3195/1119/2690 3183/1103/2678 3194/1118/2689
f 3183/1103/2678 3195/1119/2690 3181/1101/2676
f 3194/1118/2689 3196/1120/2691 3195/1119/2690
f 3197/1121/2692 3198/1122/2693 3196/1120/2694
f 3196/1120/2694 3198/1122/2693 3199/1123/2695
f 3199/1123/2695 3195/1119/2690 3196/1120/2694
f 3181/1124/2676 3195/1119/2690 3199/1123/2695
f 3185/1125/2680 3181/1124/2676 3199/1123/2695
f 3199/1123/2695 3200/1126/2696 3185/1125/2680
f 3185/1125/2680 3200/1126/2696 3186/1127/2681
f 3186/1127/2681 3200/1126/2696 3197/1121/2692
f 3197/1121/2692 3188/1128/2683 3186/1127/2681
f 3196/1120/2694 3188/1128/2683 3197/1121/2692
f 3200/1129/2696 3192/1130/2687 3193/1131/2688
f 3193/1131/2688 3197/1132/2692 3200/1129/2696
f 3197/1132/2692 3193/1131/2688 3191/1133/2686
f 3191/1133/2686 3198/1134/2693 3197/1132/2692
f 3198/1134/2693 3191/1133/2686 3190/1135/2685
f 3190/1135/2685 3199/1136/2695 3198/1134/2693
f 3199/1136/2695 3190/1135/2685 3192/1137/2687
f 3192/1137/2687 3200/1138/2696 3199/1136/2695
f 3201/1139/2697 3202/1140/2698 3203/1141/2699
f 3203/1141/2700 3204/1142/2701 3201/1139/2697
f 3204/1142/2701 3203/1141/2700 3205/1143/2697
f 3205/1143/2697 3206/1144/2697 3204/1142/2701
f 3206/1144/2697 3205/1143/2697 3207/1145/2702
f 3207/1145/2702 3208/1146/2701 3206/1144/2697
f 3208/1146/2701 3207/1145/2702 3202/1140/2698
f 3202/1140/2698 3201/1139/2697 3208/1146/2701
f 3209/1147/2697 3210/1148/2703 3211/1149/2704
f 3211/1149/2704 3212/1150/2705 3209/1147/2697
f 3210/1148/2703 3213/1151/2706 3214/1152/2707
f 3212/1150/2705 3215/1153/2708 3216/1154/2709
f 3217/1155/2710 3218/1156/2711 3219/1157/2712
f 3219/1157/2712 3220/1158/2713 3217/1155/2710
f 3220/1158/2713 3221/1159/2714 3222/1160/2715
f 3105/523/2607 3100/526/2602 3087/525/2589
f 3131/527/2633 3087/525/2589 3100/526/2602
f 3100/526/2602 3091/528/2593 3131/527/2633
f 3137/529/2639 3131/527/2633 3091/528/2593
f 3091/528/2593 3090/530/2592 3137/529/2639
f 3086/524/2588 3137/529/2639 3090/530/2592
f 3090/530/2592 3105/523/2607 3086/524/2588
f 3087/525/2589 3086/524/2588 3105/523/2607
f 3213/1151/2706 3222/1160/2715 3221/1159/2714
f 3221/1159/2714 3214/1152/2707 3213/1151/2706
f 3222/1160/2715 3217/1155/2710 3220/1158/2713
f 3214/1152/2707 3211/1149/2704 3210/1148/2703
f 3189/1161/2716 3188/1162/2716 3203/1163/2699
f 3203/1163/2699 3223/1164/2717 3189/1161/2716
f 3188/1162/2716 3196/1165/2718 3205/1166/2719
f 3224/570/2406 3225/572/2421 3226/571/2422
f 3227/565/2720 3224/570/2406 3228/566/2587
f 3226/571/2422 3228/566/2587 3224/570/2406
f 3228/566/2587 3226/571/2422 3229/567/2419
f 3230/556/2412 3231/564/2408 3227/565/2720
f 3227/565/2720 3232/545/2401 3230/556/2412
f 3228/566/2587 3232/545/2401 3227/565/2720
f 3232/545/2401 3228/566/2587 3233/543/2399
f 3229/567/2419 3233/543/2399 3228/566/2587
f 3233/543/2399 3229/567/2419 3234/568/2420
f 3234/568/2420 3235/546/2402 3233/543/2399
f 3235/546/2402 3234/568/2420 3225/569/2421
f 3225/569/2421 3224/550/2406 3235/546/2402
f 3236/547/2403 3235/546/2402 3224/550/2406
f 3233/543/2399 3237/544/2721 3232/545/2401
f 3237/544/2721 3233/543/2399 3235/546/2402
f 3235/546/2402 3236/547/2403 3237/544/2721
f 3237/544/2721 3236/547/2403 3238/548/2404
f 3238/548/2404 3239/549/2405 3237/544/2721
f 3224/550/2406 3227/551/2720 3236/547/2403
f 3236/547/2403 3227/551/2720 3231/552/2408
f 3231/552/2408 3238/548/2404 3236/547/2403
f 3240/553/2409 3238/548/2404 3231/552/2408
f 3238/548/2404 3240/553/2409 3241/554/2410
f 3241/554/2410 3239/549/2405 3238/548/2404
f 3239/549/2405 3241/554/2410 3242/555/2411
f 3242/555/2411 3230/556/2412 3239/549/2405
f 3239/549/2405 3230/556/2412 3232/545/2401
f 3232/545/2401 3237/544/2721 3239/549/2405
f 3231/552/2408 3243/557/2586 3240/553/2409
f 3243/557/2586 3244/558/2414 3245/559/2415
f 3245/559/2415 3240/553/2409 3243/557/2586
f 3240/553/2409 3245/559/2415 3246/560/2416
f 3246/560/2416 3241/554/2410 3240/553/2409
f 3241/554/2410 3246/560/2416 3247/561/2417
f 3247/561/2417 3242/555/2411 3241/554/2410
f 3242/555/2411 3247/561/2417 3244/562/2414
f 3244/562/2414 3243/563/2586 3242/555/2411
f 3230/556/2412 3242/555/2411 3243/563/2586
f 3243/563/2586 3231/564/2408 3230/556/2412
f 3208/1167/2722 3201/1168/2723 3248/1169/2723
f 3248/1169/2723 3249/1170/2724 3208/1167/2722
f 3208/1167/2722 3249/1170/2724 3250/1171/2725
f 3250/1171/2725 3206/1172/2726 3208/1167/2722
f 3251/1173/2727 3206/1172/2728 3250/1171/2729
f 3250/1171/2729 3252/1174/2730 3251/1173/2727
f 3251/1173/2727 3252/1174/2730 3248/1175/2723
f 3248/1175/2723 3201/1176/2723 3251/1173/2727
f 3146/1177/2646 3/3/3 2/2/2
f 2/2/2 3202/1178/2698 3146/1177/2646
f 3155/1179/2655 3159/1180/2659 3207/1181/2702
f 3207/1181/2702 1/1/1 3155/1179/2655
f 3/3/3 3155/1179/2655 1/1/1
f 3159/1180/2659 3146/1177/2646 3202/1178/2698
f 3202/1178/2698 3207/1181/2702 3159/1180/2659
f 3253/1182/2731 3203/1183/2731 3202/1184/2731
f 3202/1184/2731 3254/1185/2731 3253/1182/2731
f 3249/1186/2732 1/1187/1 3255/1188/2733
f 3255/1188/2733 3250/1189/2734 3249/1186/2732
f 3250/1189/2734 3255/1188/2733 3223/1190/2735
f 3223/1190/2735 3252/1191/2736 3250/1189/2734
f 3252/1191/2736 3223/1190/2735 2/1192/2
f 2/1192/2 3248/1193/2732 3252/1191/2736
f 3248/1193/2732 2/1192/2 1/1187/1
f 1/1187/1 3249/1186/2732 3248/1193/2732
f 3256/205/2737 3257/206/2738 3258/207/2739
f 3256/205/2737 3258/207/2739 3259/208/2740
f 3260/209/2741 3259/208/2740 3258/207/2739
f 3260/209/2741 3258/207/2739 3261/210/2742
f 3260/209/2741 3261/210/2742 3262/211/2743
f 3263/212/2744 3262/211/2743 3261/210/2742
f 3263/212/2744 3261/210/2742 3264/213/2745
f 3263/212/2744 3264/213/2745 3265/214/2746
f 3266/215/2747 3265/214/2746 3264/213/2745
f 3266/215/2747 3264/213/2745 3267/216/2748
f 3266/215/2747 3267/216/2748 3268/217/2749
f 3269/218/2750 3268/217/2749 3267/216/2748
f 3269/218/2750 3267/216/2748 3270/219/2751
f 3271/220/2752 3270/219/2751 3267/216/2748
f 3271/220/2752 3267/216/2748 3264/213/2745
f 3271/220/2752 3264/213/2745 3261/210/2742
f 3271/220/2752 3261/210/2742 3258/207/2739
f 3271/220/2752 3258/207/2739 3257/206/2738
f 3271/220/2752 3257/206/2738 3272/221/2753
f 3271/220/2752 3272/221/2753 3273/222/2754
f 3271/220/2752 3273/222/2754 3274/223/2755
f 3275/224/2756 3274/223/2755 3273/222/2754
f 3275/224/2756 3273/222/2754 3276/225/2757
f 3277/226/2758 3276/225/2757 3273/222/2754
f 3277/226/2758 3273/222/2754 3272/221/2753
f 3277/226/2758 3272/221/2753 3278/227/2759
f 3279/228/2760 3278/227/2759 3272/221/2753
f 3279/228/2760 3272/221/2753 3257/206/2738
f 3279/228/2760 3257/206/2738 3280/229/2761
f 3256/205/2737 3280/229/2761 3257/206/2738
f 3163/1092/2663 3156/1091/2656 3154/1099/2654
f 3281/651/2762 3282/652/2763 3283/653/2764
f 3282/652/2763 3281/651/2762 3284/654/2765
f 3284/654/2765 3281/651/2762 3285/655/2766
f 3286/667/2767 3287/657/2768 3288/656/2769
f 3283/653/2764 3288/656/2769 3287/657/2768
f 3287/657/2768 3289/658/2770 3283/653/2764
f 3281/651/2762 3283/653/2764 3289/658/2770
f 3289/658/2770 3290/659/2771 3281/651/2762
f 3281/651/2762 3290/659/2771 3285/655/2766
f 3291/660/2772 3285/655/2766 3290/659/2771
f 3292/665/2773 3293/663/2774 3290/659/2771
f 3290/659/2771 3293/663/2774 3291/660/2772
f 3294/662/2775 3291/660/2772 3293/663/2774
f 3291/660/2772 3294/662/2775 3295/661/2776
f 3285/655/2766 3291/660/2772 3295/661/2776
f 3285/655/2766 3295/661/2776 3296/707/2777
f 3284/654/2765 3285/655/2766 3296/707/2777
f 3284/654/2765 3296/707/2777 3297/708/2778
f 3284/654/2765 3297/708/2778 3282/652/2763
f 3297/708/2778 3298/709/2779 3282/652/2763
f 3297/708/2778 3296/707/2777 3298/709/2779
f 3295/710/2776 3298/709/2779 3296/707/2777
f 3295/710/2776 3294/711/2775 3298/709/2779
f 3298/709/2779 3294/711/2775 3299/712/2780
f 3150/1085/2650 3149/1090/2649 3161/1083/2661
f 3292/665/2773 3300/666/2781 3299/664/2780
f 3299/664/2780 3293/663/2774 3292/665/2773
f 3293/663/2774 3299/664/2780 3294/662/2775
f 3301/672/2782 3302/677/2783 3303/678/2784
f 3303/678/2784 3304/679/2785 3301/672/2782
f 3301/672/2782 3304/679/2786 3286/667/2767
f 3304/679/2786 3305/668/2787 3286/667/2767
f 3287/657/2768 3286/667/2767 3305/668/2787
f 3305/668/2787 3306/669/2788 3287/657/2768
f 3289/658/2770 3287/657/2768 3306/669/2788
f 3306/669/2788 3307/670/2789 3289/658/2770
f 3289/658/2770 3307/670/2789 3292/665/2773
f 3290/659/2771 3289/658/2770 3292/665/2773
f 3308/686/2790 3288/656/2769 3309/690/2791
f 3288/656/2769 3308/686/2790 3286/667/2767
f 3310/671/2792 3286/667/2767 3308/686/2790
f 3286/667/2767 3310/671/2792 3301/672/2782
f 3301/672/2782 3310/671/2792 3311/673/2793
f 3311/673/2793 3312/674/2794 3301/672/2782
f 3313/675/2795 3312/674/2794 3311/673/2793
f 3313/675/2795 3314/676/2796 3312/674/2794
f 3312/674/2794 3314/676/2796 3302/677/2783
f 3302/677/2783 3301/672/2782 3312/674/2794
f 3315/680/2797 3313/675/2795 3311/673/2793
f 3309/690/2791 3316/689/2798 3317/693/2799
f 3318/692/2800 3319/687/2801 3320/691/2802
f 3319/687/2801 3318/692/2800 3321/696/2803
f 3322/697/2804 3321/696/2803 3318/692/2800
f 3321/696/2803 3322/697/2804 3298/698/2779
f 3298/698/2779 3322/697/2804 3317/693/2799
f 3317/693/2799 3282/699/2763 3298/698/2779
f 3283/653/2764 3282/699/2763 3317/693/2799
f 3317/693/2799 3316/689/2798 3283/653/2764
f 3288/656/2769 3283/653/2764 3316/689/2798
f 3316/689/2798 3309/690/2791 3288/656/2769
f 3318/692/2800 3317/693/2799 3322/697/2804
f 3317/693/2799 3318/692/2800 3309/690/2791
f 3320/691/2802 3309/690/2791 3318/692/2800
f 3309/690/2791 3320/691/2802 3308/686/2790
f 3308/686/2790 3320/691/2802 3319/687/2801
f 3319/687/2801 3323/688/2805 3308/686/2790
f 3323/688/2805 3319/687/2801 3324/694/2806
f 3321/696/2803 3324/694/2806 3319/687/2801
f 3324/694/2806 3321/696/2803 3325/700/2807
f 3298/698/2779 3325/700/2807 3321/696/2803
f 3326/702/2808 3302/705/2783 3327/695/2809
f 3327/695/2809 3325/700/2807 3326/702/2808
f 3325/700/2807 3327/695/2809 3324/694/2806
f 3324/694/2806 3327/695/2809 3323/688/2805
f 3325/700/2807 3298/698/2779 3299/701/2780
f 3299/701/2780 3326/702/2808 3325/700/2807
f 3326/702/2808 3299/701/2780 3300/703/2781
f 3300/703/2781 3328/704/2810 3326/702/2808
f 3302/705/2783 3326/702/2808 3328/704/2810
f 3328/704/2810 3303/706/2784 3302/705/2783
f 3329/716/2811 3330/715/2812 3331/717/2813
f 3331/717/2813 3332/718/793 3329/716/2811
f 3333/720/2148 3334/721/792 3335/722/806
f 3332/718/793 3334/721/792 3333/720/2148
f 3333/720/2148 3329/716/2811 3332/718/793
f 3329/716/2811 3333/720/2148 3336/719/2814
f 3336/719/2814 3337/713/2815 3329/716/2811
f 3330/715/2812 3329/716/2811 3337/713/2815
f 3337/713/2815 3338/714/801 3330/715/2812
f 3339/726/2816 3340/727/2817 3338/714/801
f 3338/714/801 3337/713/2815 3339/726/2816
f 3341/725/2818 3339/726/2816 3337/713/2815
f 3337/713/2815 3336/719/2814 3341/725/2818
f 3342/724/805 3341/725/2818 3336/719/2814
f 3336/719/2814 3343/723/798 3342/724/805
f 3343/723/798 3336/719/2814 3333/720/2148
f 3333/720/2148 3344/735/790 3343/723/798
f 3335/722/806 3344/735/790 3333/720/2148
f 3345/734/2819 3344/735/790 3335/722/806
f 3340/744/2817 3346/743/786 3347/736/2820
f 3347/736/2820 3338/745/801 3340/744/2817
f 3338/745/801 3347/736/2820 3348/728/2821
f 3349/729/2822 3348/728/2821 3347/736/2820
f 3347/736/2820 3350/737/2141 3349/729/2822
f 3351/732/2823 3349/729/2822 3350/737/2141
f 3350/737/2141 3352/738/775 3351/732/2823
f 3345/734/2819 3351/732/2823 3352/738/775
f 3352/738/775 3353/739/776 3345/734/2819
f 3344/735/790 3345/734/2819 3353/739/776
f 3353/739/776 3343/723/798 3344/735/790
f 3343/723/798 3353/739/776 3354/740/2824
f 3354/740/2824 3342/724/805 3343/723/798
f 3350/737/2141 3347/736/2820 3346/743/786
f 3346/743/786 3355/742/2153 3350/737/2141
f 3352/738/775 3350/737/2141 3355/742/2153
f 3355/742/2153 3356/741/2154 3352/738/775
f 3353/739/776 3352/738/775 3356/741/2154
f 3356/741/2154 3354/740/2824 3353/739/776
f 3151/1070/2651 3153/1194/2653 3149/1068/2649
f 3149/1068/2649 3153/1194/2653 3148/1067/2648
f 3163/1086/2663 3159/1080/2659 3160/1081/2660
f 3335/722/806 3357/733/2150 3345/734/2819
f 3351/732/2823 3345/734/2819 3357/733/2150
f 3357/733/2150 3358/731/780 3351/732/2823
f 3349/729/2822 3351/732/2823 3358/731/780
f 3358/731/780 3359/730/783 3349/729/2822
f 3348/728/2821 3349/729/2822 3359/730/783
f 3359/730/783 3360/746/784 3348/728/2821
f 3330/747/2812 3348/728/2821 3360/746/784
f 3348/728/2821 3330/747/2812 3338/745/801
f 3360/746/784 3331/748/2813 3330/747/2812
f 3216/1154/2709 3209/1147/2697 3212/1150/2705
f 3361/773/100 3362/775/4 3331/774/2813
f 3331/774/2813 3360/772/784 3361/773/100
f 3363/771/814 3361/773/100 3360/772/784
f 3360/772/784 3359/768/783 3363/771/814
f 3364/770/96 3363/771/814 3359/768/783
f 3359/768/783 3358/769/780 3364/770/96
f 3365/785/5 3364/770/96 3358/769/780
f 3358/769/780 3357/784/2150 3365/785/5
f 3366/783/813 3365/785/5 3357/784/2150
f 3357/784/2150 3335/782/806 3366/783/813
f 3367/781/812 3366/783/813 3335/782/806
f 3335/782/806 3334/780/792 3367/781/812
f 3368/779/811 3367/781/812 3334/780/792
f 3334/780/792 3332/776/793 3368/779/811
f 3362/778/4 3368/779/811 3332/776/793
f 3332/776/793 3331/777/2813 3362/778/4
f 3369/1195/2825 3216/1196/2709 3215/1197/2708
f 3215/1197/2708 3370/1198/2825 3369/1195/2825
f 3218/1156/2711 3369/1195/2825 3370/1198/2825
f 3370/1198/2825 3219/1157/2712 3218/1156/2711
f 3205/1166/2719 3203/1163/2699 3188/1162/2716
f 3371/1199/2826 3189/1161/2826 3223/1164/2735
f 3223/1164/2735 3255/1200/2733 3371/1199/2826
f 3196/1165/2826 3371/1199/2826 3255/1200/2733
f 3255/1200/2733 3205/1166/2826 3196/1165/2826
f 3372/807/2827 3373/808/2828 3374/793/2829
f 3374/793/2829 3375/806/2830 3372/807/2827
f 3374/793/2829 3376/794/813 3377/786/2831
f 3377/786/2831 3375/806/2830 3374/793/2829
f 3375/806/2830 3377/786/2831 3378/802/2832
f 3379/788/2833 3378/802/2832 3377/786/2831
f 3377/786/2831 3376/790/813 3380/789/96
f 3380/789/96 3381/787/2834 3377/786/2831
f 3377/786/2831 3381/787/2834 3379/788/2833
f 3382/801/2835 3379/788/2833 3381/787/2834
f 3378/802/2832 3379/788/2833 3382/801/2835
f 3382/801/2835 3383/805/2836 3378/802/2832
f 3378/802/2832 3383/805/2836 3375/806/2830
f 3375/806/2830 3383/805/2836 3384/803/2837
f 3384/803/2837 3372/807/2827 3375/806/2830
f 3385/809/2838 3372/807/2827 3384/803/2837
f 3373/808/2828 3372/807/2827 3385/809/2838
f 3385/809/2838 3386/811/812 3373/808/2828
f 3387/796/2839 3388/816/2840 3389/815/2841
f 3389/815/2841 3384/803/2837 3387/796/2839
f 3382/801/2835 3387/796/2839 3384/803/2837
f 3384/803/2837 3383/805/2836 3382/801/2835
f 3390/798/2842 3391/820/814 3392/819/4
f 3392/819/4 3393/818/2843 3390/798/2842
f 3390/798/2842 3393/818/2843 3394/817/2844
f 3388/816/2840 3394/817/2844 3393/818/2843
f 3395/795/2845 3394/817/2844 3388/816/2840
f 3388/816/2840 3387/796/2839 3395/795/2845
f 3395/795/2845 3387/796/2839 3396/797/2846
f 3396/797/2846 3387/796/2839 3382/801/2835
f 3382/801/2835 3397/800/2847 3396/797/2846
f 3381/787/2834 3397/800/2847 3382/801/2835
f 3398/792/2848 3397/800/2847 3381/787/2834
f 3381/787/2834 3380/791/96 3398/792/2848
f 3399/799/2849 3396/797/2846 3397/800/2847
f 3397/800/2847 3398/792/2848 3399/799/2849
f 3399/799/2849 3391/804/814 3390/798/2842
f 3390/798/2842 3396/797/2846 3399/799/2849
f 3396/797/2846 3390/798/2842 3395/795/2845
f 3394/817/2844 3395/795/2845 3390/798/2842
f 3400/4/812 3401/5/812 3402/6/812
f 3403/7/812 3400/4/812 3402/6/812
f 3404/8/812 3403/7/812 3402/6/812
f 3405/9/812 3404/8/812 3402/6/812
f 3406/10/812 3405/9/812 3402/6/812
f 3407/11/812 3406/10/812 3402/6/812
f 3402/6/812 3408/12/812 3407/11/812
f 3409/13/812 3407/11/812 3408/12/812
f 3408/12/812 3410/14/812 3409/13/812
f 3410/14/812 3411/15/812 3409/13/812
f 3411/15/812 3410/14/812 3412/16/812
f 3411/15/812 3412/16/812 3413/17/812
f 3411/15/812 3413/17/812 3409/13/812
f 3401/5/812 3414/18/812 3415/19/812
f 3415/19/812 3416/20/812 3401/5/812
f 3402/6/812 3401/5/812 3416/20/812
f 3416/20/812 3417/21/812 3402/6/812
f 3408/12/812 3402/6/812 3417/21/812
f 3417/21/812 3418/22/812 3408/12/812
f 3410/14/812 3408/12/812 3418/22/812
f 3418/22/812 3419/23/812 3410/14/812
f 3412/16/812 3410/14/812 3419/23/812
f 3419/23/812 3420/24/812 3412/16/812
f 3421/25/812 3420/24/812 3419/23/812
f 3420/24/812 3421/25/812 3422/26/812
f 3421/25/812 3423/27/812 3422/26/812
f 3421/25/812 3419/23/812 3423/27/812
f 3424/28/812 3423/27/812 3419/23/812
f 3419/23/812 3418/22/812 3424/28/812
f 3425/29/812 3424/28/812 3418/22/812
f 3418/22/812 3417/21/812 3425/29/812
f 3426/30/812 3425/29/812 3417/21/812
f 3417/21/812 3416/20/812 3426/30/812
f 3427/31/812 3426/30/812 3416/20/812
f 3416/20/812 3415/19/812 3427/31/812
f 3428/32/812 3427/31/812 3415/19/812
f 3429/33/812 3430/34/812 3431/35/812
f 3431/35/812 3432/36/812 3429/33/812
f 3432/36/812 3431/35/812 3428/32/812
f 3432/36/812 3428/32/812 3433/37/812
f 3415/19/812 3433/37/812 3428/32/812
f 3434/38/812 3433/37/812 3415/19/812
f 3435/39/812 3434/38/812 3415/19/812
f 3436/40/812 3435/39/812 3415/19/812
f 3437/41/812 3436/40/812 3415/19/812
f 3414/18/812 3437/41/812 3415/19/812
f 3432/36/812 3433/37/812 3429/33/812
f 3438/42/812 3439/43/812 3431/35/812
f 3440/44/812 3438/42/812 3431/35/812
f 3430/34/812 3440/44/812 3431/35/812
f 3315/680/2797 3327/682/2809 3313/749/2795
f 3327/682/2809 3314/750/2796 3313/749/2795
f 3302/751/2783 3314/750/2796 3327/682/2809
f 3315/680/2797 3311/673/2793 3441/684/2850
f 3442/683/2851 3315/680/2797 3441/684/2850
f 3327/682/2809 3315/680/2797 3442/683/2851
f 3323/681/2805 3327/682/2809 3442/683/2851
f 3443/685/2852 3323/681/2805 3442/683/2851
f 3308/686/2790 3323/681/2805 3443/685/2852
f 3308/686/2790 3443/685/2852 3310/671/2792
f 3311/673/2793 3310/671/2792 3443/685/2852
f 3311/673/2793 3443/685/2852 3441/684/2850
f 3442/683/2851 3441/684/2850 3443/685/2852
f 3340/764/2817 3306/763/2788 3305/765/224
f 3306/763/2788 3340/764/2817 3339/762/2816
f 3339/762/2816 3444/761/2853 3306/763/2788
f 3444/761/2853 3339/762/2816 3341/759/2818
f 3341/759/2818 3445/760/2854 3444/761/2853
f 3446/757/2855 3445/760/2854 3341/759/2818
f 3341/759/2818 3342/758/805 3446/757/2855
f 3446/757/2855 3342/758/805 3354/756/2824
f 3354/756/2824 3328/755/224 3446/757/2855
f 3328/755/224 3354/756/2824 3356/753/2154
f 3356/753/2154 3447/752/224 3328/755/224
f 3447/752/224 3356/753/2154 3355/754/2153
f 3355/754/2153 3304/767/224 3447/752/224
f 3304/767/224 3355/754/2153 3346/766/786
f 3346/766/786 3305/765/224 3304/767/224
f 3305/765/224 3346/766/786 3340/764/2817
f 3448/823/881 3449/826/4 3450/813/2183
f 3451/810/2856 3452/814/2857 3450/813/2183
f 3453/822/2858 3450/813/2183 3452/814/2857
f 3450/813/2183 3453/822/2858 3448/823/881
f 3448/823/881 3453/822/2858 3454/821/2859
f 3454/821/2859 3455/824/2860 3448/823/881
f 3450/813/2183 3449/827/4 3386/812/812
f 3386/812/812 3385/809/2838 3450/813/2183
f 3450/813/2183 3385/809/2838 3451/810/2856
f 3384/803/2837 3451/810/2856 3385/809/2838
f 3452/814/2857 3451/810/2856 3384/803/2837
f 3384/803/2837 3389/815/2841 3452/814/2857
f 3452/814/2857 3389/815/2841 3453/822/2858
f 3453/822/2858 3389/815/2841 3388/816/2840
f 3388/816/2840 3454/821/2859 3453/822/2858
f 3393/818/2843 3454/821/2859 3388/816/2840
f 3455/824/2860 3454/821/2859 3393/818/2843
f 3393/818/2843 3392/825/4 3455/824/2860
f 3456/32/814 3457/35/814 3458/36/814
f 3457/35/814 3459/43/814 3460/42/814
f 3457/35/814 3460/42/814 3461/44/814
f 3457/35/814 3461/44/814 3462/34/814
f 3457/35/814 3462/34/814 3463/33/814
f 3463/33/814 3458/36/814 3457/35/814
f 3463/33/814 3464/37/814 3458/36/814
f 3464/37/814 3456/32/814 3458/36/814
f 3465/31/814 3456/32/814 3464/37/814
f 3464/37/814 3466/19/814 3465/31/814
f 3467/30/814 3465/31/814 3466/19/814
f 3466/19/814 3464/37/814 3468/38/814
f 3466/19/814 3468/38/814 3469/39/814
f 3466/19/814 3469/39/814 3470/40/814
f 3466/19/814 3470/40/814 3471/41/814
f 3466/19/814 3471/41/814 3472/18/814
f 3473/20/814 3466/19/814 3472/18/814
f 3472/18/814 3474/5/814 3473/20/814
f 3475/21/814 3473/20/814 3474/5/814
f 3474/5/814 3476/6/814 3475/21/814
f 3477/22/814 3475/21/814 3476/6/814
f 3478/14/814 3479/12/814 3480/11/814
f 3481/10/814 3480/11/814 3479/12/814
f 3479/12/814 3476/6/814 3481/10/814
f 3476/6/814 3482/9/814 3481/10/814
f 3476/6/814 3483/8/814 3482/9/814
f 3476/6/814 3484/7/814 3483/8/814
f 3476/6/814 3485/4/814 3484/7/814
f 3476/6/814 3474/5/814 3485/4/814
f 3476/6/814 3479/12/814 3477/22/814
f 3486/23/814 3477/22/814 3479/12/814
f 3479/12/814 3478/14/814 3486/23/814
f 3487/24/814 3486/23/814 3478/14/814
f 3478/14/814 3488/16/814 3487/24/814
f 3488/16/814 3478/14/814 3489/15/814
f 3490/17/814 3488/16/814 3489/15/814
f 3491/13/814 3490/17/814 3489/15/814
f 3491/13/814 3489/15/814 3478/14/814
f 3480/11/814 3491/13/814 3478/14/814
f 3466/19/814 3473/20/814 3467/30/814
f 3492/29/814 3467/30/814 3473/20/814
f 3473/20/814 3475/21/814 3492/29/814
f 3493/28/814 3492/29/814 3475/21/814
f 3475/21/814 3477/22/814 3493/28/814
f 3494/27/814 3493/28/814 3477/22/814
f 3477/22/814 3486/23/814 3494/27/814
f 3494/27/814 3486/23/814 3495/25/814
f 3486/23/814 3487/24/814 3495/25/814
f 3496/26/814 3495/25/814 3487/24/814
f 3496/26/814 3494/27/814 3495/25/814
f 3497/151/811 3498/150/811 3499/148/2861
f 3500/118/2862 3501/119/2863 3502/132/2864
f 3502/132/2864 3503/146/2865 3500/118/2862
f 3500/118/2862 3503/146/2865 3497/151/811
f 3497/151/811 3504/147/2866 3500/118/2862
f 3499/148/2861 3504/147/2866 3497/151/811
f 3504/147/2866 3499/148/2861 3505/149/2867
f 3505/149/2867 3506/145/2868 3504/147/2866
f 3507/136/2869 3506/145/2868 3505/149/2867
f 3508/117/2870 3506/145/2868 3507/136/2869
f 3507/136/2869 3509/137/2871 3508/117/2870
f 3510/66/2872 3511/126/2873 3512/125/2874
f 3512/125/2874 3513/124/2875 3510/66/2872
f 3514/122/2876 3513/124/2875 3512/125/2874
f 3512/125/2874 3515/123/2877 3514/122/2876
f 3516/120/2878 3514/122/2876 3515/123/2877
f 3515/123/2877 3517/121/2879 3516/120/2878
f 3518/116/2880 3516/120/2878 3517/121/2879
f 3517/121/2879 3501/119/2863 3518/116/2880
f 3508/117/2870 3518/116/2880 3501/119/2863
f 3501/119/2863 3500/118/2862 3508/117/2870
f 3506/145/2868 3508/117/2870 3500/118/2862
f 3500/118/2862 3504/147/2866 3506/145/2868
f 3518/116/2880 3508/117/2870 3509/137/2871
f 3509/137/2871 3519/139/2881 3518/116/2880
f 3516/120/2878 3518/116/2880 3519/139/2881
f 3519/139/2881 3520/141/2882 3516/120/2878
f 3514/122/2876 3516/120/2878 3520/141/2882
f 3520/141/2882 3521/133/2883 3514/122/2876
f 3513/124/2875 3514/122/2876 3521/133/2883
f 3521/133/2883 3522/58/2884 3513/124/2875
f 3513/124/2875 3522/58/2884 3523/59/2885
f 3524/60/2886 3523/59/2885 3522/58/2884
f 3523/59/2885 3510/66/2872 3513/124/2875
f 3510/66/2872 3523/59/2885 3525/62/2871
f 3522/58/2884 3526/57/2887 3524/60/2886
f 3527/142/2888 3526/57/2887 3522/58/2884
f 3522/58/2884 3521/133/2883 3527/142/2888
f 3528/140/2889 3527/142/2888 3521/133/2883
f 3521/133/2883 3520/141/2882 3528/140/2889
f 3529/138/2890 3528/140/2889 3520/141/2882
f 3520/141/2882 3519/139/2881 3529/138/2890
f 3530/134/2891 3529/138/2890 3519/139/2881
f 3519/139/2881 3509/137/2871 3530/134/2891
f 3531/135/2892 3530/134/2891 3509/137/2871
f 3509/137/2871 3507/136/2869 3531/135/2892
f 3505/149/2867 3532/144/2869 3507/136/2869
f 3507/136/2869 3532/144/2869 3533/143/2892
f 3533/143/2892 3531/135/2892 3507/136/2869
f 3534/203/100 3531/135/2892 3533/143/2892
f 3530/134/2891 3531/135/2892 3534/203/100
f 3534/203/100 3535/202/2893 3530/134/2891
f 3529/138/2890 3530/134/2891 3535/202/2893
f 3535/202/2893 3536/201/2894 3529/138/2890
f 3528/140/2889 3529/138/2890 3536/201/2894
f 3536/201/2894 3537/200/2895 3528/140/2889
f 3533/143/2892 3538/204/100 3534/203/100
f 3527/142/2888 3528/140/2889 3537/200/2895
f 3537/200/2895 3539/199/2896 3527/142/2888
f 3526/57/2887 3527/142/2888 3539/199/2896
f 3539/199/2896 3540/198/2897 3526/57/2887
f 3541/197/2898 3526/57/2887 3540/198/2897
f 3526/57/2887 3541/197/2898 3542/196/2894
f 3542/196/2894 3524/60/2886 3526/57/2887
f 3524/60/2886 3542/196/2894 3543/195/2893
f 3543/195/2893 3544/61/2899 3524/60/2886
f 3545/56/2890 3544/61/2899 3543/195/2893
f 3525/62/2871 3523/59/2885 3524/60/2886
f 3524/60/2886 3544/61/2899 3525/62/2871
f 3546/63/2881 3525/62/2871 3544/61/2899
f 3544/61/2899 3545/56/2890 3546/63/2881
f 3547/64/2900 3546/63/2881 3545/56/2890
f 3545/56/2890 3548/54/2901 3547/64/2900
f 3549/65/2902 3547/64/2900 3548/54/2901
f 3548/54/2901 3550/52/2903 3549/65/2902
f 3551/71/2904 3549/65/2902 3550/52/2903
f 3550/52/2903 3552/47/2905 3551/71/2904
f 3543/195/2893 3553/194/2894 3545/56/2890
f 3548/54/2901 3545/56/2890 3553/194/2894
f 3553/194/2894 3554/55/2906 3548/54/2901
f 3550/52/2903 3548/54/2901 3554/55/2906
f 3554/55/2906 3555/53/2898 3550/52/2903
f 3552/47/2905 3550/52/2903 3555/53/2898
f 3555/53/2898 3556/51/2907 3552/47/2905
f 3556/51/2907 3557/50/2908 3552/47/2905
f 3552/47/2905 3557/50/2908 3558/49/2909
f 3559/46/2910 3560/45/2911 3551/71/2904
f 3549/65/2902 3551/71/2904 3561/72/2912
f 3561/72/2912 3551/71/2904 3560/45/2911
f 3560/45/2911 3562/73/2913 3561/72/2912
f 3562/73/2913 3560/45/2911 3563/106/2914
f 3563/106/2914 3560/45/2911 3559/46/2910
f 3559/46/2910 3564/48/2915 3563/106/2914
f 3565/104/2881 3563/106/2914 3564/48/2915
f 3563/106/2914 3565/104/2881 3566/95/2916
f 3567/96/2917 3566/95/2916 3565/104/2881
f 3566/95/2916 3568/105/2918 3563/106/2914
f 3563/106/2914 3568/105/2918 3562/73/2913
f 3569/93/2919 3570/91/2920 3567/96/2917
f 3566/95/2916 3567/96/2917 3570/91/2920
f 3570/91/2920 3571/82/2921 3566/95/2916
f 3568/105/2918 3566/95/2916 3571/82/2921
f 3571/82/2921 3572/81/2922 3568/105/2918
f 3562/73/2913 3568/105/2918 3572/81/2922
f 3572/81/2922 3573/74/2923 3562/73/2913
f 3562/73/2913 3573/74/2923 3574/78/2924
f 3574/78/2924 3561/72/2912 3562/73/2913
f 3575/70/2925 3561/72/2912 3574/78/2924
f 3570/91/2920 3569/93/2919 3576/94/2926
f 3576/94/2926 3577/92/2927 3570/91/2920
f 3571/82/2921 3570/91/2920 3577/92/2927
f 3577/92/2927 3578/90/2928 3571/82/2921
f 3572/81/2922 3571/82/2921 3578/90/2928
f 3578/90/2928 3579/80/2865 3572/81/2922
f 3572/81/2922 3579/80/2865 3580/79/2864
f 3580/79/2864 3573/74/2923 3572/81/2922
f 3573/74/2923 3580/79/2864 3581/83/2929
f 3581/83/2929 3574/78/2924 3573/74/2923
f 3561/72/2912 3575/70/2925 3549/65/2902
f 3547/64/2900 3549/65/2902 3575/70/2925
f 3575/70/2925 3582/69/2930 3547/64/2900
f 3546/63/2881 3547/64/2900 3582/69/2930
f 3582/69/2930 3583/68/2931 3546/63/2881
f 3525/62/2871 3546/63/2881 3583/68/2931
f 3583/68/2931 3584/67/2932 3525/62/2871
f 3525/62/2871 3584/67/2932 3510/66/2872
f 3510/66/2872 3584/67/2932 3585/89/2922
f 3585/89/2922 3511/126/2873 3510/66/2872
f 3574/78/2924 3586/77/2919 3575/70/2925
f 3582/69/2930 3575/70/2925 3586/77/2919
f 3586/77/2919 3587/76/2933 3582/69/2930
f 3583/68/2931 3582/69/2930 3587/76/2933
f 3587/76/2933 3588/75/2934 3583/68/2931
f 3584/67/2932 3583/68/2931 3588/75/2934
f 3588/75/2934 3585/89/2922 3584/67/2932
f 3574/78/2924 3581/83/2929 3589/84/2935
f 3586/77/2919 3574/78/2924 3589/84/2935
f 3589/84/2935 3590/85/2926 3586/77/2919
f 3587/76/2933 3586/77/2919 3590/85/2926
f 3590/85/2926 3591/86/2927 3587/76/2933
f 3588/75/2934 3587/76/2933 3591/86/2927
f 3591/86/2927 3592/87/2928 3588/75/2934
f 3585/89/2922 3588/75/2934 3592/87/2928
f 3592/87/2928 3593/88/2865 3585/89/2922
f 3585/89/2922 3593/88/2865 3594/127/2936
f 3594/127/2936 3511/126/2873 3585/89/2922
f 3511/126/2873 3594/127/2936 3595/128/2937
f 3595/128/2937 3512/125/2874 3511/126/2873
f 3596/129/2938 3512/125/2874 3595/128/2937
f 3515/123/2877 3512/125/2874 3596/129/2938
f 3596/129/2938 3597/130/2939 3515/123/2877
f 3517/121/2879 3515/123/2877 3597/130/2939
f 3597/130/2939 3598/131/2927 3517/121/2879
f 3501/119/2863 3517/121/2879 3598/131/2927
f 3598/131/2927 3502/132/2864 3501/119/2863
f 3599/217/2940 3600/216/2941 3601/215/2942
f 3600/216/2941 3599/217/2940 3602/218/2943
f 3603/219/2944 3600/216/2941 3602/218/2943
f 3600/216/2941 3603/219/2944 3604/220/2945
f 3605/213/2946 3600/216/2941 3604/220/2945
f 3606/210/2947 3605/213/2946 3604/220/2945
f 3607/207/2948 3606/210/2947 3604/220/2945
f 3608/206/2949 3607/207/2948 3604/220/2945
f 3609/221/2950 3608/206/2949 3604/220/2945
f 3610/222/2951 3609/221/2950 3604/220/2945
f 3607/207/2948 3608/206/2949 3611/205/2952
f 3612/208/2953 3607/207/2948 3611/205/2952
f 3607/207/2948 3612/208/2953 3613/209/2954
f 3606/210/2947 3607/207/2948 3613/209/2954
f 3614/211/2955 3606/210/2947 3613/209/2954
f 3606/210/2947 3614/211/2955 3615/212/2956
f 3605/213/2946 3606/210/2947 3615/212/2956
f 3616/214/2957 3605/213/2946 3615/212/2956
f 3605/213/2946 3616/214/2957 3601/215/2942
f 3600/216/2941 3605/213/2946 3601/215/2942
f 3617/223/2958 3610/222/2951 3604/220/2945
f 3610/222/2951 3617/223/2958 3618/224/2959
f 3619/225/2960 3610/222/2951 3618/224/2959
f 3610/222/2951 3619/225/2960 3620/226/2961
f 3609/221/2950 3610/222/2951 3620/226/2961
f 3621/227/2962 3609/221/2950 3620/226/2961
f 3609/221/2950 3621/227/2962 3622/228/2963
f 3608/206/2949 3609/221/2950 3622/228/2963
f 3623/229/2964 3608/206/2949 3622/228/2963
f 3608/206/2949 3623/229/2964 3611/205/2952
f 3624/112/2965 3625/111/2966 3626/103/2967
f 3627/114/2893 3628/113/2894 3624/112/2965
f 3625/111/2966 3624/112/2965 3628/113/2894
f 3628/113/2894 3629/115/2968 3625/111/2966
f 3630/108/2969 3625/111/2966 3629/115/2968
f 3625/111/2966 3630/108/2969 3631/102/2970
f 3631/102/2970 3626/103/2967 3625/111/2966
f 3626/103/2967 3631/102/2970 3632/97/2971
f 3629/115/2968 3633/110/2898 3630/108/2969
f 3634/107/2972 3630/108/2969 3633/110/2898
f 3630/108/2969 3634/107/2972 3635/101/2973
f 3635/101/2973 3631/102/2970 3630/108/2969
f 3631/102/2970 3635/101/2973 3636/98/2974
f 3636/98/2974 3632/97/2971 3631/102/2970
f 3632/97/2971 3636/98/2974 3637/99/2975
f 3637/99/2975 3569/93/2919 3632/97/2971
f 3569/93/2919 3637/99/2975 3638/100/2976
f 3638/100/2976 3576/94/2926 3569/93/2919
f 3633/110/2898 3639/109/2977 3634/107/2972
f 3551/71/2904 3552/47/2905 3559/46/2910
f 3558/49/2909 3559/46/2910 3552/47/2905
f 3559/46/2910 3558/49/2909 3627/114/2893
f 3627/114/2893 3564/48/2915 3559/46/2910
f 3624/112/2965 3564/48/2915 3627/114/2893
f 3564/48/2915 3624/112/2965 3565/104/2881
f 3626/103/2967 3565/104/2881 3624/112/2965
f 3565/104/2881 3626/103/2967 3567/96/2917
f 3632/97/2971 3567/96/2917 3626/103/2967
f 3567/96/2917 3632/97/2971 3569/93/2919
f 3640/567/2978 3641/543/2979 3642/546/2980
f 3641/543/2979 3640/567/2978 3643/571/2981
f 3643/571/2981 3644/566/2982 3641/543/2979
f 3644/566/2982 3643/571/2981 3645/572/2983
f 3645/572/2983 3646/570/2984 3644/566/2982
f 3647/545/2985 3644/566/2982 3646/570/2984
f 3646/570/2984 3648/565/2986 3647/545/2985
f 3647/545/2985 3648/565/2986 3649/564/2987
f 3649/564/2987 3650/556/2988 3647/545/2985
f 3651/555/2989 3650/556/2988 3649/564/2987
f 3649/564/2987 3652/563/2990 3651/555/2989
f 3650/556/2988 3651/555/2989 3653/554/2991
f 3654/560/2992 3653/554/2991 3651/555/2989
f 3651/555/2989 3655/561/2993 3654/560/2992
f 3655/561/2993 3651/555/2989 3652/563/2990
f 3652/563/2990 3656/562/2994 3655/561/2993
f 3653/554/2991 3657/549/2995 3650/556/2988
f 3650/556/2988 3657/549/2995 3658/544/2996
f 3658/544/2996 3647/545/2985 3650/556/2988
f 3644/566/2982 3647/545/2985 3658/544/2996
f 3658/544/2996 3641/543/2979 3644/566/2982
f 3641/543/2979 3658/544/2996 3659/547/2997
f 3659/547/2997 3658/544/2996 3657/549/2995
f 3657/549/2995 3660/548/2998 3659/547/2997
f 3661/553/2999 3660/548/2998 3657/549/2995
f 3657/549/2995 3653/554/2991 3661/553/2999
f 3653/554/2991 3654/560/2992 3662/559/3000
f 3662/559/3000 3661/553/2999 3653/554/2991
f 3661/553/2999 3662/559/3000 3656/558/2994
f 3656/558/2994 3652/557/2990 3661/553/2999
f 3660/548/2998 3661/553/2999 3652/557/2990
f 3652/557/2990 3649/552/2987 3660/548/2998
f 3660/548/2998 3649/552/2987 3648/551/2986
f 3648/551/2986 3659/547/2997 3660/548/2998
f 3642/546/2980 3659/547/2997 3648/551/2986
f 3659/547/2997 3642/546/2980 3641/543/2979
f 3648/551/2986 3646/550/2984 3642/546/2980
f 3663/568/3001 3642/546/2980 3646/550/2984
f 3642/546/2980 3663/568/3001 3640/567/2978
f 3646/550/2984 3645/569/2983 3663/568/3001
f 3664/550/2984 3665/569/2983 3666/568/3002
f 3667/551/2986 3664/550/2984 3668/546/3003
f 3666/568/3002 3668/546/3003 3664/550/2984
f 3668/546/3003 3666/568/3002 3669/567/2978
f 3670/554/2991 3671/560/2992 3672/559/3004
f 3672/559/3004 3673/553/2999 3670/554/2991
f 3673/553/2999 3672/559/3004 3674/558/2994
f 3674/558/2994 3675/557/3005 3673/553/2999
f 3676/548/2998 3673/553/2999 3675/557/3005
f 3675/557/3005 3677/552/3006 3676/548/2998
f 3676/548/2998 3677/552/3006 3667/551/2986
f 3667/551/2986 3678/547/3007 3676/548/2998
f 3668/546/3003 3678/547/3007 3667/551/2986
f 3678/547/3007 3668/546/3003 3679/543/2979
f 3670/554/2991 3680/549/2995 3681/556/2988
f 3681/556/2988 3680/549/2995 3682/544/2996
f 3682/544/2996 3683/545/3008 3681/556/2988
f 3684/566/2982 3683/545/3008 3682/544/2996
f 3682/544/2996 3679/543/2979 3684/566/2982
f 3679/543/2979 3682/544/2996 3678/547/3007
f 3678/547/3007 3682/544/2996 3680/549/2995
f 3680/549/2995 3676/548/2998 3678/547/3007
f 3673/553/2999 3676/548/2998 3680/549/2995
f 3680/549/2995 3670/554/2991 3673/553/2999
f 3669/567/2978 3679/543/2979 3668/546/3003
f 3679/543/2979 3669/567/2978 3685/571/3009
f 3685/571/3009 3684/566/2982 3679/543/2979
f 3684/566/2982 3685/571/3009 3665/572/2983
f 3665/572/2983 3664/570/2984 3684/566/2982
f 3683/545/3008 3684/566/2982 3664/570/2984
f 3664/570/2984 3667/565/2986 3683/545/3008
f 3683/545/3008 3667/565/2986 3677/564/3006
f 3677/564/3006 3681/556/2988 3683/545/3008
f 3686/555/2989 3681/556/2988 3677/564/3006
f 3677/564/3006 3675/563/3005 3686/555/2989
f 3681/556/2988 3686/555/2989 3670/554/2991
f 3671/560/2992 3670/554/2991 3686/555/2989
f 3686/555/2989 3687/561/2993 3671/560/2992
f 3687/561/2993 3686/555/2989 3675/563/3005
f 3675/563/3005 3674/562/2994 3687/561/2993
f 3688/464/3010 3689/463/3011 3690/466/3012
f 3690/466/3012 3691/465/3013 3688/464/3010
f 3692/468/3014 3691/465/3013 3690/466/3012
f 3690/466/3012 3693/467/3015 3692/468/3014
f 3694/470/3016 3692/468/3014 3693/467/3015
f 3693/467/3015 3695/469/3017 3694/470/3016
f 3696/472/3018 3694/470/3016 3695/469/3017
f 3695/469/3017 3697/471/3019 3696/472/3018
f 3698/474/3020 3696/472/3018 3697/471/3019
f 3697/471/3019 3699/473/3021 3698/474/3020
f 3688/476/3010 3698/474/3020 3699/473/3021
f 3699/473/3021 3689/475/3011 3688/476/3010
f 3700/295/3022 3701/251/3023 3694/308/3016
f 3694/308/3016 3696/294/3018 3700/295/3022
f 3702/296/3024 3700/295/3022 3696/294/3018
f 3696/294/3018 3698/293/3020 3702/296/3024
f 3703/303/3025 3702/296/3024 3698/293/3020
f 3698/293/3020 3688/302/3010 3703/303/3025
f 3704/292/3026 3705/300/3027 3706/298/3028
f 3706/298/3028 3707/301/3029 3704/292/3026
f 3706/298/3028 3703/303/3025 3707/301/3029
f 3703/303/3025 3706/298/3028 3708/297/3030
f 3708/297/3030 3702/296/3024 3703/303/3025
f 3702/296/3024 3708/297/3030 3709/259/3031
f 3709/259/3031 3700/295/3022 3702/296/3024
f 3700/295/3022 3709/259/3031 3710/250/3032
f 3710/250/3032 3701/251/3023 3700/295/3022
f 3701/251/3023 3710/250/3032 3711/248/3033
f 3712/307/3034 3713/306/3035 3714/236/3036
f 3714/236/3036 3713/306/3035 3715/290/3037
f 3705/300/3027 3715/290/3037 3713/306/3035
f 3713/306/3035 3716/299/3038 3705/300/3027
f 3706/298/3028 3705/300/3027 3716/299/3038
f 3708/297/3030 3706/298/3028 3716/299/3038
f 3708/297/3030 3716/299/3038 3713/306/3035
f 3713/306/3035 3712/307/3034 3708/297/3030
f 3708/297/3030 3712/307/3034 3717/244/3039
f 3718/242/3040 3717/244/3039 3712/307/3034
f 3719/246/3041 3717/244/3039 3720/245/3042
f 3720/245/3042 3717/244/3039 3718/242/3040
f 3718/242/3040 3721/243/3043 3720/245/3042
f 3722/247/3044 3720/245/3042 3721/243/3043
f 3720/245/3042 3722/247/3044 3711/248/3033
f 3711/248/3033 3719/246/3041 3720/245/3042
f 3710/250/3032 3719/246/3041 3711/248/3033
f 3717/244/3039 3719/246/3041 3710/250/3032
f 3710/250/3032 3709/259/3031 3717/244/3039
f 3717/244/3039 3709/259/3031 3708/297/3030
f 3701/251/3023 3711/248/3033 3723/252/3045
f 3723/252/3045 3711/248/3033 3722/247/3044
f 3722/247/3044 3724/249/3046 3723/252/3045
f 3725/241/3047 3724/249/3046 3722/247/3044
f 3722/247/3044 3721/243/3043 3725/241/3047
f 3726/239/3048 3725/241/3047 3721/243/3043
f 3721/243/3043 3718/242/3040 3726/239/3048
f 3726/239/3048 3718/242/3040 3727/235/3049
f 3712/307/3034 3727/235/3049 3718/242/3040
f 3714/236/3036 3727/235/3049 3712/307/3034
f 3715/290/3037 3728/304/3050 3714/236/3036
f 3714/236/3036 3728/304/3050 3729/233/3051
f 3714/236/3036 3729/233/3051 3727/235/3049
f 3730/237/3052 3727/235/3049 3729/233/3051
f 3727/235/3049 3730/237/3052 3726/239/3048
f 3726/239/3048 3730/237/3052 3699/230/3021
f 3699/230/3021 3697/238/3019 3726/239/3048
f 3725/241/3047 3726/239/3048 3697/238/3019
f 3697/238/3019 3695/240/3017 3725/241/3047
f 3689/231/3011 3699/230/3021 3730/237/3052
f 3730/237/3052 3731/232/3053 3689/231/3011
f 3729/233/3051 3731/232/3053 3730/237/3052
f 3732/234/3054 3731/232/3053 3729/233/3051
f 3732/234/3054 3729/233/3051 3728/304/3050
f 3728/304/3050 3733/305/3055 3732/234/3054
f 3733/305/3055 3728/304/3050 3715/290/3037
f 3715/290/3037 3734/291/3056 3733/305/3055
f 3734/291/3056 3715/290/3037 3705/300/3027
f 3705/300/3027 3704/292/3026 3734/291/3056
f 3735/260/3057 3725/254/3047 3695/267/3017
f 3695/267/3017 3693/266/3015 3735/260/3057
f 3736/264/3058 3735/260/3057 3693/266/3015
f 3693/266/3015 3690/265/3012 3736/264/3058
f 3731/268/3053 3736/264/3058 3690/265/3012
f 3690/265/3012 3689/269/3011 3731/268/3053
f 3724/249/3046 3725/254/3047 3737/253/3059
f 3737/253/3059 3725/254/3047 3738/255/3060
f 3738/255/3060 3725/254/3047 3735/260/3057
f 3735/260/3057 3739/256/3061 3738/255/3060
f 3739/256/3061 3735/260/3057 3736/264/3058
f 3736/264/3058 3740/261/3062 3739/256/3061
f 3740/261/3062 3736/264/3058 3731/268/3053
f 3731/268/3053 3732/263/3054 3740/261/3062
f 3741/276/3063 3740/261/3062 3732/263/3054
f 3732/263/3054 3733/262/3055 3741/276/3063
f 3742/258/3064 3740/261/3062 3741/276/3063
f 3740/261/3062 3742/258/3064 3743/257/3065
f 3744/279/3066 3743/257/3065 3742/258/3064
f 3743/257/3065 3744/279/3066 3745/288/3067
f 3745/288/3067 3746/287/3068 3743/257/3065
f 3746/287/3068 3745/288/3067 3747/289/3069
f 3746/287/3068 3747/289/3069 3737/253/3059
f 3737/253/3059 3748/286/3070 3746/287/3068
f 3737/253/3059 3738/255/3060 3748/286/3070
f 3748/286/3070 3738/255/3060 3739/256/3061
f 3739/256/3061 3743/257/3065 3748/286/3070
f 3743/257/3065 3739/256/3061 3740/261/3062
f 3746/287/3068 3748/286/3070 3743/257/3065
f 3741/276/3063 3749/275/3071 3742/258/3064
f 3750/270/3072 3742/258/3064 3749/275/3071
f 3742/258/3064 3750/270/3072 3744/279/3066
f 3751/280/3073 3744/279/3066 3750/270/3072
f 3745/288/3067 3744/279/3066 3751/280/3073
f 3751/280/3073 3701/281/3023 3745/288/3067
f 3745/288/3067 3701/281/3023 3747/289/3069
f 3747/289/3069 3701/281/3023 3723/252/3045
f 3747/289/3069 3723/252/3045 3724/249/3046
f 3724/249/3046 3737/253/3059 3747/289/3069
f 3704/273/3026 3707/272/3029 3750/270/3072
f 3752/278/3074 3750/270/3072 3707/272/3029
f 3750/270/3072 3752/278/3074 3751/280/3073
f 3751/280/3073 3752/278/3074 3691/284/3013
f 3691/284/3013 3692/283/3014 3751/280/3073
f 3701/281/3023 3751/280/3073 3692/283/3014
f 3692/283/3014 3694/282/3016 3701/281/3023
f 3707/272/3029 3703/277/3025 3752/278/3074
f 3752/278/3074 3703/277/3025 3688/285/3010
f 3688/285/3010 3691/284/3013 3752/278/3074
f 3741/276/3063 3733/262/3055 3734/274/3056
f 3734/274/3056 3749/275/3071 3741/276/3063
f 3749/275/3071 3734/274/3056 3704/273/3026
f 3704/273/3026 3753/271/3075 3749/275/3071
f 3750/270/3072 3753/271/3075 3704/273/3026
f 3749/275/3071 3753/271/3075 3750/270/3072
f 3754/567/2978 3755/543/3076 3756/546/3003
f 3755/543/3076 3754/567/2978 3757/571/3009
f 3757/571/3009 3758/566/2982 3755/543/3076
f 3758/566/2982 3757/571/3009 3759/572/2983
f 3759/572/2983 3760/570/2984 3758/566/2982
f 3761/545/2985 3758/566/2982 3760/570/2984
f 3760/570/2984 3762/565/2986 3761/545/2985
f 3761/545/2985 3762/565/2986 3763/564/3006
f 3763/564/3006 3764/556/2988 3761/545/2985
f 3765/555/3077 3764/556/2988 3763/564/3006
f 3763/564/3006 3766/563/2990 3765/555/3077
f 3764/556/2988 3765/555/3077 3767/554/2991
f 3768/560/2992 3767/554/2991 3765/555/3077
f 3765/555/3077 3769/561/3078 3768/560/2992
f 3769/561/3078 3765/555/3077 3766/563/2990
f 3766/563/2990 3770/562/2994 3769/561/3078
f 3767/554/2991 3771/549/2995 3764/556/2988
f 3764/556/2988 3771/549/2995 3772/544/2996
f 3772/544/2996 3761/545/2985 3764/556/2988
f 3758/566/2982 3761/545/2985 3772/544/2996
f 3772/544/2996 3755/543/3076 3758/566/2982
f 3755/543/3076 3772/544/2996 3773/547/3007
f 3773/547/3007 3772/544/2996 3771/549/2995
f 3771/549/2995 3774/548/3079 3773/547/3007
f 3775/553/2999 3774/548/3079 3771/549/2995
f 3771/549/2995 3767/554/2991 3775/553/2999
f 3767/554/2991 3768/560/2992 3776/559/3000
f 3776/559/3000 3775/553/2999 3767/554/2991
f 3775/553/2999 3776/559/3000 3770/558/2994
f 3770/558/2994 3766/557/2990 3775/553/2999
f 3774/548/3079 3775/553/2999 3766/557/2990
f 3766/557/2990 3763/552/3006 3774/548/3079
f 3774/548/3079 3763/552/3006 3762/551/2986
f 3762/551/2986 3773/547/3007 3774/548/3079
f 3756/546/3003 3773/547/3007 3762/551/2986
f 3773/547/3007 3756/546/3003 3755/543/3076
f 3762/551/2986 3760/550/2984 3756/546/3003
f 3777/568/3002 3756/546/3003 3760/550/2984
f 3756/546/3003 3777/568/3002 3754/567/2978
f 3760/550/2984 3759/569/2983 3777/568/3002
f 3778/584/3080 3779/585/3081 3780/586/3082
f 3780/586/3082 3781/583/3083 3778/584/3080
f 3778/584/3080 3781/583/3083 3782/582/3084
f 3782/582/3084 3783/581/3085 3778/584/3080
f 3784/580/3086 3783/581/3085 3782/582/3084
f 3782/582/3084 3785/579/3087 3784/580/3086
f 3784/580/3086 3785/579/3087 3780/578/3082
f 3780/578/3082 3779/577/3081 3784/580/3086
f 3786/574/3088 3787/573/3089 3788/576/3090
f 3788/576/3090 3789/575/3091 3786/574/3088
f 3790/640/3092 3791/638/3093 3792/639/3094
f 3792/639/3094 3793/632/3095 3790/640/3092
f 3792/639/3094 3791/638/3093 3794/636/3096
f 3794/636/3096 3795/637/3097 3792/639/3094
f 3796/635/3098 3795/637/3097 3794/636/3096
f 3797/634/3099 3796/635/3098 3794/636/3096
f 3794/636/3096 3798/633/3100 3797/634/3099
f 3797/634/3099 3798/633/3100 3799/613/3101
f 3799/613/3101 3798/633/3100 3790/640/3092
f 3790/640/3092 3793/632/3095 3799/613/3101
f 3800/614/3102 3799/613/3101 3793/632/3095
f 3793/632/3095 3801/615/3103 3800/614/3102
f 3802/624/3104 3800/614/3102 3801/615/3103
f 3801/615/3103 3803/625/3105 3802/624/3104
f 3804/631/3106 3803/625/3105 3801/615/3103
f 3801/615/3103 3805/630/3107 3804/631/3106
f 3804/631/3106 3805/630/3107 3806/629/3108
f 3806/629/3108 3807/627/3109 3804/631/3106
f 3808/628/3110 3807/627/3109 3806/629/3108
f 3802/624/3104 3807/627/3109 3808/628/3110
f 3808/628/3110 3809/626/3111 3802/624/3104
f 3809/626/3111 3800/614/3102 3802/624/3104
f 3799/613/3101 3800/614/3102 3809/617/3111
f 3809/617/3111 3797/616/3099 3799/613/3101
f 3796/619/3098 3797/616/3099 3809/617/3111
f 3809/617/3111 3808/618/3110 3796/619/3098
f 3796/619/3098 3808/618/3110 3806/621/3108
f 3806/621/3108 3795/620/3097 3796/619/3098
f 3795/620/3097 3806/621/3108 3805/623/3107
f 3805/623/3107 3792/622/3094 3795/620/3097
f 3791/642/3093 3804/641/3106 3807/644/3109
f 3807/644/3109 3794/643/3096 3791/642/3093
f 3794/643/3096 3807/644/3109 3802/646/3104
f 3802/646/3104 3798/645/3100 3794/643/3096
f 3798/645/3100 3802/646/3104 3803/648/3105
f 3803/648/3105 3790/647/3092 3798/645/3100
f 3790/647/3092 3803/648/3105 3804/650/3106
f 3804/650/3106 3791/649/3093 3790/647/3092
f 3810/478/3112 3811/477/3113 3812/480/3114
f 3812/480/3114 3813/479/3115 3810/478/3112
f 3813/479/3115 3812/480/3114 3814/482/3116
f 3814/482/3116 3815/481/3117 3813/479/3115
f 3816/484/3118 3815/481/3117 3814/482/3116
f 3814/482/3116 3817/483/3119 3816/484/3118
f 3816/484/3118 3817/483/3119 3818/486/3120
f 3818/486/3120 3819/485/3121 3816/484/3118
f 3819/485/3121 3818/486/3120 3820/496/3122
f 3821/498/3123 3820/496/3122 3818/486/3120
f 3818/486/3120 3822/497/3124 3821/498/3123
f 3822/497/3124 3818/486/3120 3817/504/3119
f 3823/502/3125 3822/497/3124 3817/504/3119
f 3817/504/3119 3814/503/3116 3823/502/3125
f 3812/501/3114 3823/502/3125 3814/503/3116
f 3823/502/3125 3812/501/3114 3811/500/3113
f 3811/500/3113 3824/499/3126 3823/502/3125
f 3821/498/3123 3824/499/3126 3811/500/3113
f 3811/500/3113 3820/496/3122 3821/498/3123
f 3825/490/3127 3826/489/3128 3827/488/3129
f 3827/488/3129 3810/487/3112 3825/490/3127
f 3825/490/3127 3810/487/3112 3813/492/3115
f 3813/492/3115 3828/491/3130 3825/490/3127
f 3828/491/3130 3813/492/3115 3815/493/3117
f 3829/495/3131 3828/491/3130 3815/493/3117
f 3815/493/3117 3816/494/3118 3829/495/3131
f 3819/485/3121 3829/495/3131 3816/494/3118
f 3829/495/3131 3819/485/3121 3827/488/3129
f 3820/496/3122 3827/488/3129 3819/485/3121
f 3827/488/3129 3826/489/3128 3829/495/3131
f 3830/599/3132 3831/601/3133 3832/602/3134
f 3832/602/3134 3833/600/3135 3830/599/3132
f 3834/595/3136 3830/599/3132 3833/600/3135
f 3833/600/3135 3835/598/3136 3834/595/3136
f 3836/596/3137 3834/595/3136 3835/598/3136
f 3835/598/3136 3837/597/3137 3836/596/3137
f 3838/591/3138 3836/593/3137 3837/594/3137
f 3837/594/3137 3839/592/3139 3838/591/3138
f 3840/587/3140 3838/591/3138 3839/592/3139
f 3839/592/3139 3841/590/3141 3840/587/3140
f 3842/588/3142 3840/587/3140 3841/590/3141
f 3841/590/3141 3843/589/3143 3842/588/3142
f 3844/603/3144 3842/588/3142 3843/589/3143
f 3843/589/3143 3845/604/3144 3844/603/3144
f 3831/601/3133 3844/603/3144 3845/604/3144
f 3845/604/3144 3832/602/3134 3831/601/3133
f 3787/606/3089 3786/605/3088 3827/612/3129
f 3810/610/3112 3827/612/3129 3786/605/3088
f 3786/605/3088 3846/611/3145 3810/610/3112
f 3811/608/3113 3810/610/3112 3846/611/3145
f 3846/611/3145 3847/609/3146 3811/608/3113
f 3820/607/3122 3811/608/3113 3847/609/3146
f 3847/609/3146 3787/606/3089 3820/607/3122
f 3827/612/3129 3820/607/3122 3787/606/3089
f 3823/506/3125 3828/505/3130 3829/508/3131
f 3829/508/3131 3822/507/3124 3823/506/3125
f 3822/507/3124 3829/508/3131 3826/510/3128
f 3826/510/3128 3821/509/3123 3822/507/3124
f 3821/509/3123 3826/510/3128 3825/512/3127
f 3825/512/3127 3824/511/3126 3821/509/3123
f 3824/511/3126 3825/512/3127 3828/514/3130
f 3828/514/3130 3823/513/3125 3824/511/3126
f 3785/516/3087 3847/515/3146 3848/518/3147
f 3848/518/3147 3780/517/3082 3785/516/3087
f 3780/517/3082 3848/518/3147 3788/520/3090
f 3788/520/3090 3781/519/3083 3780/517/3082
f 3781/519/3083 3788/520/3090 3787/522/3089
f 3787/522/3089 3782/521/3084 3781/519/3083
f 3782/521/3084 3787/522/3089 3847/515/3146
f 3847/515/3146 3785/516/3087 3782/521/3084
f 3849/532/3148 3848/531/3147 3847/534/3146
f 3847/534/3146 3846/533/3145 3849/532/3148
f 3783/536/3085 3786/535/3088 3789/538/3091
f 3789/538/3091 3778/537/3080 3783/536/3085
f 3778/537/3080 3789/538/3091 3849/540/3148
f 3849/540/3148 3779/539/3081 3778/537/3080
f 3779/539/3081 3849/540/3148 3846/542/3145
f 3846/542/3145 3784/541/3086 3779/539/3081
f 3784/541/3086 3846/542/3145 3786/535/3088
f 3786/535/3088 3783/536/3085 3784/541/3086
f 3850/217/3149 3851/216/3150 3852/215/3151
f 3851/216/3150 3850/217/3149 3853/218/3152
f 3854/219/3153 3851/216/3150 3853/218/3152
f 3851/216/3150 3854/219/3153 3855/220/3154
f 3856/213/3155 3851/216/3150 3855/220/3154
f 3857/210/3156 3856/213/3155 3855/220/3154
f 3858/207/3157 3857/210/3156 3855/220/3154
f 3859/206/3158 3858/207/3157 3855/220/3154
f 3860/221/3159 3859/206/3158 3855/220/3154
f 3861/222/3160 3860/221/3159 3855/220/3154
f 3858/207/3157 3859/206/3158 3862/205/3161
f 3863/208/3162 3858/207/3157 3862/205/3161
f 3858/207/3157 3863/208/3162 3864/209/3163
f 3857/210/3156 3858/207/3157 3864/209/3163
f 3865/211/3164 3857/210/3156 3864/209/3163
f 3857/210/3156 3865/211/3164 3866/212/3165
f 3856/213/3155 3857/210/3156 3866/212/3165
f 3867/214/3166 3856/213/3155 3866/212/3165
f 3856/213/3155 3867/214/3166 3852/215/3151
f 3851/216/3150 3856/213/3155 3852/215/3151
f 3868/223/3167 3861/222/3160 3855/220/3154
f 3861/222/3160 3868/223/3167 3869/224/3168
f 3870/225/3169 3861/222/3160 3869/224/3168
f 3861/222/3160 3870/225/3169 3871/226/3170
f 3860/221/3159 3861/222/3160 3871/226/3170
f 3872/227/3171 3860/221/3159 3871/226/3170
f 3860/221/3159 3872/227/3171 3873/228/3172
f 3859/206/3158 3860/221/3159 3873/228/3172
f 3874/229/3173 3859/206/3158 3873/228/3172
f 3859/206/3158 3874/229/3173 3862/205/3161
f 3789/524/3091 3788/525/3090 3801/526/3103
f 3805/528/3107 3801/526/3103 3788/525/3090
f 3788/525/3090 3848/527/3147 3805/528/3107
f 3792/530/3094 3805/528/3107 3848/527/3147
f 3848/527/3147 3849/529/3148 3792/530/3094
f 3793/523/3095 3792/530/3094 3849/529/3148
f 3849/529/3148 3789/524/3091 3793/523/3095
f 3801/526/3103 3793/523/3095 3789/524/3091
f 3875/655/3174 3876/659/3175 3877/651/3176
f 3875/655/3174 3877/651/3176 3878/654/3177
f 3879/653/3178 3877/651/3176 3876/659/3175
f 3876/659/3175 3880/658/3179 3879/653/3178
f 3880/658/3179 3876/659/3175 3881/663/3180
f 3881/663/3180 3876/659/3175 3875/655/3174
f 3875/655/3174 3882/660/3181 3881/663/3180
f 3883/664/3182 3881/663/3180 3882/660/3181
f 3882/660/3181 3884/662/3183 3883/664/3182
f 3885/661/3184 3884/662/3183 3882/660/3181
f 3885/661/3184 3882/660/3181 3875/655/3174
f 3886/707/3185 3885/661/3184 3875/655/3174
f 3886/707/3185 3875/655/3174 3878/654/3177
f 3887/708/3186 3886/707/3185 3878/654/3177
f 3887/708/3186 3878/654/3177 3877/651/3176
f 3877/651/3176 3888/652/3187 3887/708/3186
f 3879/653/3178 3888/652/3187 3877/651/3176
f 3888/652/3187 3889/709/3188 3887/708/3186
f 3889/709/3188 3886/707/3185 3887/708/3186
f 3886/707/3185 3889/709/3188 3885/710/3184
f 3889/709/3188 3884/711/3183 3885/710/3184
f 3883/712/3182 3884/711/3183 3889/709/3188
f 3890/695/3189 3891/694/3190 3892/687/3191
f 3892/687/3191 3893/688/3192 3890/695/3189
f 3894/686/3193 3893/688/3192 3892/687/3191
f 3892/687/3191 3895/691/3194 3894/686/3193
f 3896/656/3195 3894/686/3193 3895/691/3194
f 3895/691/3194 3897/690/3196 3896/656/3195
f 3879/653/3178 3896/656/3195 3897/690/3196
f 3897/690/3196 3898/689/3197 3879/653/3178
f 3879/653/3178 3898/689/3197 3899/693/3198
f 3900/692/3199 3899/693/3198 3898/689/3197
f 3897/690/3196 3895/691/3194 3892/687/3191
f 3900/692/3199 3892/687/3191 3891/694/3190
f 3892/687/3191 3900/692/3199 3897/690/3196
f 3898/689/3197 3897/690/3196 3900/692/3199
f 3894/686/3193 3896/656/3195 3901/657/3200
f 3880/658/3179 3901/657/3200 3896/656/3195
f 3896/656/3195 3879/653/3178 3880/658/3179
f 3902/685/3201 3893/681/3192 3894/686/3193
f 3902/685/3201 3894/686/3193 3903/667/3202
f 3901/657/3200 3903/667/3202 3894/686/3193
f 3903/667/3202 3901/657/3200 3904/669/3203
f 3905/670/3204 3904/669/3203 3901/657/3200
f 3901/657/3200 3880/658/3179 3905/670/3204
f 3906/665/3205 3905/670/3204 3880/658/3179
f 3881/663/3180 3906/665/3205 3880/658/3179
f 3907/666/3206 3906/665/3205 3881/663/3180
f 3881/663/3180 3883/664/3182 3907/666/3206
f 3908/671/3207 3909/672/3208 3910/674/3209
f 3910/674/3209 3911/673/3210 3908/671/3207
f 3902/685/3201 3908/671/3207 3911/673/3210
f 3903/667/3202 3908/671/3207 3902/685/3201
f 3908/671/3207 3903/667/3202 3912/679/3211
f 3903/667/3202 3913/668/3212 3912/679/3211
f 3904/669/3203 3913/668/3212 3903/667/3202
f 3912/679/3211 3909/672/3208 3908/671/3207
f 3912/679/3211 3914/678/3213 3915/677/3214
f 3915/677/3214 3909/672/3208 3912/679/3211
f 3909/672/3208 3915/677/3214 3916/676/3215
f 3916/676/3215 3910/674/3209 3909/672/3208
f 3910/674/3209 3916/676/3215 3917/675/3216
f 3911/673/3210 3910/674/3209 3917/675/3216
f 3911/673/3210 3917/675/3216 3918/680/3217
f 3919/684/3218 3911/673/3210 3918/680/3217
f 3919/684/3218 3902/685/3201 3911/673/3210
f 3893/681/3192 3902/685/3201 3919/684/3218
f 3919/684/3218 3918/680/3217 3920/683/3219
f 3919/684/3218 3920/683/3219 3893/681/3192
f 3920/683/3219 3890/682/3189 3893/681/3192
f 3920/683/3219 3918/680/3217 3890/682/3189
f 3917/749/3216 3890/682/3189 3918/680/3217
f 3917/749/3216 3916/750/3215 3890/682/3189
f 3890/682/3189 3916/750/3215 3915/751/3214
f 3899/693/3198 3888/699/3187 3879/653/3178
f 3888/699/3187 3899/693/3198 3921/697/3220
f 3922/696/3221 3921/697/3220 3899/693/3198
f 3921/697/3220 3922/696/3221 3923/700/3222
f 3923/700/3222 3889/698/3188 3921/697/3220
f 3889/698/3188 3923/700/3222 3924/702/3223
f 3924/702/3223 3883/701/3182 3889/698/3188
f 3921/697/3220 3889/698/3188 3888/699/3187
f 3899/693/3198 3900/692/3199 3922/696/3221
f 3891/694/3190 3922/696/3221 3900/692/3199
f 3922/696/3221 3891/694/3190 3890/695/3189
f 3890/695/3189 3923/700/3222 3922/696/3221
f 3923/700/3222 3890/695/3189 3915/705/3214
f 3915/705/3214 3924/702/3223 3923/700/3222
f 3924/702/3223 3915/705/3214 3914/706/3213
f 3914/706/3213 3925/704/3224 3924/702/3223
f 3883/701/3182 3924/702/3223 3925/704/3224
f 3925/704/3224 3907/703/3206 3883/701/3182
f 3926/718/780 3927/717/3225 3928/715/2142
f 3929/721/2150 3926/718/780 3930/716/778
f 3928/715/2142 3930/716/778 3926/718/780
f 3930/716/778 3928/715/2142 3931/714/3226
f 3932/735/790 3933/734/3227 3934/733/792
f 3934/733/792 3935/722/806 3932/735/790
f 3932/735/790 3935/722/806 3929/721/2150
f 3929/721/2150 3936/720/3228 3932/735/790
f 3930/716/778 3936/720/3228 3929/721/2150
f 3936/720/3228 3930/716/778 3937/713/3229
f 3931/714/3226 3937/713/3229 3930/716/778
f 3937/713/3229 3931/714/3226 3938/727/3230
f 3938/727/3230 3939/726/3231 3937/713/3229
f 3940/719/776 3937/713/3229 3939/726/3231
f 3941/737/801 3942/736/2820 3943/728/3232
f 3943/728/3232 3944/729/3233 3941/737/801
f 3945/738/2815 3941/737/801 3944/729/3233
f 3944/729/3233 3946/732/2811 3945/738/2815
f 3947/739/3234 3945/738/2815 3946/732/2811
f 3946/732/2811 3933/734/3227 3947/739/3234
f 3948/723/798 3947/739/3234 3933/734/3227
f 3933/734/3227 3932/735/790 3948/723/798
f 3940/719/776 3948/723/798 3932/735/790
f 3932/735/790 3936/720/3228 3940/719/776
f 3937/713/3229 3940/719/776 3936/720/3228
f 3939/726/3231 3949/725/3235 3940/719/776
f 3948/723/798 3940/719/776 3949/725/3235
f 3949/725/3235 3950/724/3236 3948/723/798
f 3947/739/3234 3948/723/798 3950/724/3236
f 3950/724/3236 3951/740/804 3947/739/3234
f 3945/738/2815 3947/739/3234 3951/740/804
f 3951/740/804 3952/741/803 3945/738/2815
f 3941/737/801 3945/738/2815 3952/741/803
f 3952/741/803 3953/742/802 3941/737/801
f 3942/736/2820 3941/737/801 3953/742/802
f 3953/742/802 3954/743/786 3942/736/2820
f 3931/745/3226 3942/736/2820 3954/743/786
f 3954/743/786 3938/744/3230 3931/745/3226
f 3942/736/2820 3931/745/3226 3928/747/2142
f 3928/747/2142 3943/728/3232 3942/736/2820
f 3943/728/3232 3928/747/2142 3927/748/3225
f 3927/748/3225 3955/746/784 3943/728/3232
f 3944/729/3233 3943/728/3232 3955/746/784
f 3955/746/784 3956/730/795 3944/729/3233
f 3946/732/2811 3944/729/3233 3956/730/795
f 3956/730/795 3957/731/793 3946/732/2811
f 3933/734/3227 3946/732/2811 3957/731/793
f 3957/731/793 3934/733/792 3933/734/3227
f 3955/772/784 3927/774/3225 3958/775/814
f 3958/775/814 3959/773/100 3955/772/784
f 3956/768/795 3955/772/784 3959/773/100
f 3959/773/100 3960/771/4 3956/768/795
f 3957/769/793 3956/768/795 3960/771/4
f 3960/771/4 3961/770/811 3957/769/793
f 3934/784/792 3957/769/793 3961/770/811
f 3961/770/811 3962/785/812 3934/784/792
f 3935/782/806 3934/784/792 3962/785/812
f 3962/785/812 3963/783/813 3935/782/806
f 3929/780/2150 3935/782/806 3963/783/813
f 3963/783/813 3964/781/5 3929/780/2150
f 3926/776/780 3929/780/2150 3964/781/5
f 3964/781/5 3965/779/96 3926/776/780
f 3927/777/3225 3926/776/780 3965/779/96
f 3965/779/96 3958/778/814 3927/777/3225
f 3904/763/3203 3938/764/3230 3954/766/786
f 3938/764/3230 3904/763/3203 3966/761/3237
f 3966/761/3237 3939/762/3231 3938/764/3230
f 3939/762/3231 3966/761/3237 3967/760/3238
f 3967/760/3238 3949/759/3235 3939/762/3231
f 3950/758/3236 3949/759/3235 3967/760/3238
f 3967/760/3238 3968/757/3239 3950/758/3236
f 3950/758/3236 3968/757/3239 3925/755/224
f 3925/755/224 3951/756/804 3950/758/3236
f 3951/756/804 3925/755/224 3969/752/224
f 3969/752/224 3952/753/803 3951/756/804
f 3952/753/803 3969/752/224 3912/767/3211
f 3912/767/3211 3953/754/802 3952/753/803
f 3953/754/802 3912/767/3211 3913/765/3212
f 3913/765/3212 3954/766/786 3953/754/802
f 3954/766/786 3913/765/3212 3904/763/3203
f 3970/803/3240 3971/815/3241 3972/816/3242
f 3972/816/3242 3973/796/3243 3970/803/3240
f 3974/805/3244 3970/803/3240 3973/796/3243
f 3973/796/3243 3975/801/3245 3974/805/3244
f 3976/787/3246 3977/789/811 3978/790/813
f 3978/790/813 3979/786/3247 3976/787/3246
f 3976/787/3246 3979/786/3247 3980/802/3248
f 3974/805/3244 3980/802/3248 3979/786/3247
f 3981/788/3249 3980/802/3248 3974/805/3244
f 3974/805/3244 3975/801/3245 3981/788/3249
f 3981/788/3249 3975/801/3245 3982/800/3250
f 3982/800/3250 3975/801/3245 3973/796/3243
f 3973/796/3243 3983/797/3251 3982/800/3250
f 3984/798/3252 3983/797/3251 3973/796/3243
f 3983/797/3251 3984/798/3252 3985/804/4
f 3985/804/4 3986/799/3253 3983/797/3251
f 3983/797/3251 3986/799/3253 3987/792/3254
f 3987/792/3254 3982/800/3250 3983/797/3251
f 3982/800/3250 3987/792/3254 3977/791/811
f 3977/791/811 3976/787/3246 3982/800/3250
f 3982/800/3250 3976/787/3246 3981/788/3249
f 3980/802/3248 3981/788/3249 3976/787/3246
f 3988/818/2842 3989/819/814 3985/820/4
f 3985/820/4 3984/798/3252 3988/818/2842
f 3988/818/2842 3984/798/3252 3990/795/3255
f 3973/796/3243 3990/795/3255 3984/798/3252
f 3991/817/3256 3990/795/3255 3973/796/3243
f 3973/796/3243 3972/816/3242 3991/817/3256
f 3991/817/3256 3972/816/3242 3992/821/3257
f 3992/821/3257 3972/816/3242 3971/815/3241
f 3971/815/3241 3993/822/3258 3992/821/3257
f 3994/813/3259 3993/822/3258 3971/815/3241
f 3993/822/3258 3994/813/3259 3995/826/814
f 3995/826/814 3996/823/3260 3993/822/3258
f 3993/822/3258 3996/823/3260 3997/824/3261
f 3997/824/3261 3992/821/3257 3993/822/3258
f 3992/821/3257 3997/824/3261 3989/825/814
f 3989/825/814 3988/818/2842 3992/821/3257
f 3992/821/3257 3988/818/2842 3991/817/3256
f 3990/795/3255 3991/817/3256 3988/818/2842
f 3998/809/835 3999/812/5 3995/827/814
f 3995/827/814 3994/813/3259 3998/809/835
f 3998/809/835 3994/813/3259 4000/814/3262
f 3971/815/3241 4000/814/3262 3994/813/3259
f 4001/810/836 4000/814/3262 3971/815/3241
f 3971/815/3241 3970/803/3240 4001/810/836
f 4001/810/836 3970/803/3240 4002/807/3263
f 4002/807/3263 3970/803/3240 3974/805/3244
f 3974/805/3244 4003/806/3264 4002/807/3263
f 3979/786/3247 4003/806/3264 3974/805/3244
f 4003/806/3264 3979/786/3247 3978/794/813
f 3978/794/813 4004/793/3265 4003/806/3264
f 4003/806/3264 4004/793/3265 4005/808/3266
f 4005/808/3266 4002/807/3263 4003/806/3264
f 4002/807/3263 4005/808/3266 3999/811/5
f 3999/811/5 3998/809/835 4002/807/3263
f 4002/807/3263 3998/809/835 4001/810/836
f 4000/814/3262 4001/810/836 3998/809/835
f 4006/614/3267 4007/624/3268 4008/625/3269
f 4007/624/3268 4006/614/3267 4009/626/3270
f 4010/627/3271 4007/624/3268 4009/626/3270
f 4009/626/3270 4011/628/3272 4010/627/3271
f 4012/629/3273 4010/627/3271 4011/628/3272
f 4010/627/3271 4012/629/3273 546/630/435
f 546/630/435 4013/631/3274 4010/627/3271
f 4008/625/3269 4013/631/3274 546/630/435
f 546/630/435 545/615/3275 4008/625/3269
f 4014/638/3276 548/639/3277 4015/637/3278
f 4015/637/3278 4016/636/3279 4014/638/3276
f 4016/636/3279 4015/637/3278 4017/635/3280
f 4018/633/3281 4016/636/3279 4017/635/3280
f 4017/635/3280 4019/634/3282 4018/633/3281
f 4020/613/3283 4018/633/3281 4019/634/3282
f 4018/633/3281 4020/613/3283 543/632/3284
f 545/615/3275 543/632/3284 4020/613/3283
f 4020/613/3283 4006/614/3267 545/615/3275
f 4008/625/3269 545/615/3275 4006/614/3267
f 543/632/3284 4021/640/3285 4018/633/3281
f 4014/638/3276 4021/640/3285 543/632/3284
f 543/632/3284 548/639/3277 4014/638/3276
f 4006/614/3267 4020/613/3283 4019/616/3282
f 4019/616/3282 4009/617/3270 4006/614/3267
f 4011/618/3272 4009/617/3270 4019/616/3282
f 4019/616/3282 4017/619/3280 4011/618/3272
f 4011/618/3272 4017/619/3280 4015/620/3278
f 4015/620/3278 4012/621/3273 4011/618/3272
f 4012/621/3273 4015/620/3278 548/622/3277
f 548/622/3277 546/623/435 4012/621/3273
f 542/573/431 550/574/439 544/575/439
f 544/575/439 540/576/429 542/573/431
f 4022/573/3286 827/574/693 830/575/696
f 830/575/696 4023/576/3287 4022/573/3286
f 2366/574/2042 2360/573/2038 2358/576/2036
f 2358/576/2036 2362/575/2050 2366/574/2042
f 553/577/442 537/578/426 536/579/425
f 536/579/425 554/580/443 553/577/442
f 551/581/440 554/580/443 536/579/425
f 536/579/425 541/582/430 551/581/440
f 551/581/440 541/582/430 539/583/428
f 539/583/428 552/584/441 551/581/440
f 553/585/442 552/584/441 539/583/428
f 539/583/428 537/586/426 553/585/442
f 4024/615/3288 4025/632/3289 4026/613/3290
f 4027/633/3291 4026/613/3290 4025/632/3289
f 4026/613/3290 4027/633/3291 4028/634/3292
f 4029/635/3293 4028/634/3292 4027/633/3291
f 4027/633/3291 4030/636/3294 4029/635/3293
f 4030/636/3294 4031/637/3295 4029/635/3293
f 4031/637/3295 4030/636/3294 4032/638/3296
f 4032/638/3296 4033/639/3297 4031/637/3295
f 4025/632/3289 4033/639/3297 4032/638/3296
f 4032/638/3296 4034/640/3298 4025/632/3289
f 4025/632/3289 4034/640/3298 4027/633/3291
f 4026/613/3290 4035/614/3299 4024/615/3288
f 4035/614/3299 4026/613/3290 4028/616/3292
f 4028/616/3292 4036/617/3300 4035/614/3299
f 4037/618/3301 4036/617/3300 4028/616/3292
f 4028/616/3292 4029/619/3293 4037/618/3301
f 4037/618/3301 4029/619/3293 4031/620/3295
f 4031/620/3295 4038/621/3302 4037/618/3301
f 4038/621/3302 4031/620/3295 4033/622/3297
f 4033/622/3297 4039/623/3303 4038/621/3302
f 4035/614/3299 4040/624/3304 4041/625/3305
f 4040/624/3304 4035/614/3299 4036/626/3300
f 4042/627/3306 4040/624/3304 4036/626/3300
f 4036/626/3300 4037/628/3301 4042/627/3306
f 4038/629/3302 4042/627/3306 4037/628/3301
f 4042/627/3306 4038/629/3302 4039/630/3303
f 4039/630/3303 4043/631/3307 4042/627/3306
f 4041/625/3305 4043/631/3307 4039/630/3303
f 4039/630/3303 4024/615/3288 4041/625/3305
f 4041/625/3305 4024/615/3288 4035/614/3299
f 3597/174/2939 3539/175/2896 3537/192/2895
f 3537/192/2895 3598/193/2927 3597/174/2939
f 3598/193/2927 3537/192/2895 3536/190/2894
f 3536/190/2894 3502/191/2864 3598/193/2927
f 3502/191/2864 3536/190/2894 3535/189/2893
f 3535/189/2893 3503/188/2865 3502/191/2864
f 3497/187/811 3503/188/2865 3535/189/2893
f 3535/189/2893 3534/186/100 3497/187/811
f 3497/187/811 3534/186/100 3538/185/100
f 3538/185/100 3498/184/811 3497/187/811
f 3592/164/2928 3553/165/2894 3543/182/2893
f 3543/182/2893 3593/183/2865 3592/164/2928
f 3593/183/2865 3543/182/2893 3542/180/2894
f 3542/180/2894 3594/181/2936 3593/183/2865
f 3594/181/2936 3542/180/2894 3541/178/2898
f 3541/178/2898 3595/179/2937 3594/181/2936
f 3595/179/2937 3541/178/2898 3540/176/2897
f 3540/176/2897 3596/177/2938 3595/179/2937
f 3596/177/2938 3540/176/2897 3539/175/2896
f 3539/175/2896 3597/174/2939 3596/177/2938
f 3580/152/2864 3558/153/2909 3557/172/2908
f 3557/172/2908 3581/173/2929 3580/152/2864
f 3581/173/2929 3557/172/2908 3556/170/2907
f 3556/170/2907 3589/171/2935 3581/173/2929
f 3589/171/2935 3556/170/2907 3555/168/2898
f 3555/168/2898 3590/169/2926 3589/171/2935
f 3590/169/2926 3555/168/2898 3554/166/2906
f 3554/166/2906 3591/167/2927 3590/169/2926
f 3591/167/2927 3554/166/2906 3553/165/2894
f 3553/165/2894 3592/164/2928 3591/167/2927
f 3638/163/2976 3639/162/2977 3633/160/2898
f 3633/160/2898 3576/161/2926 3638/163/2976
f 3576/161/2926 3633/160/2898 3629/158/2968
f 3629/158/2968 3577/159/2927 3576/161/2926
f 3577/159/2927 3629/158/2968 3628/156/2894
f 3628/156/2894 3578/157/2928 3577/159/2927
f 3578/157/2928 3628/156/2894 3627/154/2893
f 3627/154/2893 3579/155/2865 3578/157/2928
f 3579/155/2865 3627/154/2893 3558/153/2909
f 3558/153/2909 3580/152/2864 3579/155/2865
f 4013/641/3274 4014/642/3276 4016/643/3279
f 4016/643/3279 4010/644/3271 4013/641/3274
f 4010/644/3271 4016/643/3279 4018/645/3281
f 4018/645/3281 4007/646/3268 4010/644/3271
f 4007/646/3268 4018/645/3281 4021/647/3285
f 4021/647/3285 4008/648/3269 4007/646/3268
f 4008/648/3269 4021/647/3285 4014/649/3276
f 4014/649/3276 4013/650/3274 4008/648/3269
f 831/577/697 4044/578/3308 4045/579/3309
f 4045/579/3309 832/580/698 831/577/697
f 828/581/694 832/580/698 4045/579/3309
f 4045/579/3309 4046/582/3310 828/581/694
f 828/581/694 4046/582/3310 4047/583/3311
f 4047/583/3311 829/584/695 828/581/694
f 831/585/697 829/584/695 4047/583/3311
f 4047/583/3311 4044/586/3308 831/585/697
f 4048/486/3312 4049/485/3313 4050/488/3314
f 4050/488/3314 4051/496/3315 4048/486/3312
f 4052/497/3316 4048/486/3312 4051/496/3315
f 4051/496/3315 4053/498/3317 4052/497/3316
f 4054/499/3318 4053/498/3317 4051/496/3315
f 4051/496/3315 4055/500/3319 4054/499/3318
f 4054/499/3318 4055/500/3319 4056/501/3320
f 4056/501/3320 4057/502/3321 4054/499/3318
f 4058/503/3322 4057/502/3321 4056/501/3320
f 4052/497/3316 4057/502/3321 4058/503/3322
f 4058/503/3322 4059/504/3323 4052/497/3316
f 4059/504/3323 4048/486/3312 4052/497/3316
f 4055/477/3319 4060/478/3324 4061/479/3325
f 4061/479/3325 4056/480/3320 4055/477/3319
f 4056/480/3320 4061/479/3325 4062/481/3326
f 4062/481/3326 4058/482/3322 4056/480/3320
f 4059/483/3323 4058/482/3322 4062/481/3326
f 4062/481/3326 4063/484/3327 4059/483/3323
f 4059/483/3323 4063/484/3327 4049/485/3313
f 4049/485/3313 4048/486/3312 4059/483/3323
f 4060/487/3324 4050/488/3314 4064/489/3328
f 4064/489/3328 4065/490/3329 4060/487/3324
f 4060/487/3324 4065/490/3329 4066/491/3330
f 4066/491/3330 4061/492/3325 4060/487/3324
f 4062/493/3326 4061/492/3325 4066/491/3330
f 4063/494/3327 4062/493/3326 4066/491/3330
f 4066/491/3330 4067/495/3331 4063/494/3327
f 4063/494/3327 4067/495/3331 4049/485/3313
f 4049/485/3313 4067/495/3331 4064/489/3328
f 4064/489/3328 4050/488/3314 4049/485/3313
f 4068/587/3332 4069/588/3333 4070/589/3334
f 4070/589/3334 4071/590/3332 4068/587/3332
f 4072/591/3335 4068/587/3332 4071/590/3332
f 4071/590/3332 4073/592/3336 4072/591/3335
f 4074/593/3337 4072/591/3335 4073/592/3336
f 4073/592/3336 4075/594/3337 4074/593/3337
f 4076/595/3338 4074/596/3337 4075/597/3337
f 4075/597/3337 4077/598/3339 4076/595/3338
f 4078/599/3340 4076/595/3338 4077/598/3339
f 4077/598/3339 4079/600/3341 4078/599/3340
f 4080/601/3342 4078/599/3340 4079/600/3341
f 4079/600/3341 4081/602/3343 4080/601/3342
f 4082/603/3344 4080/601/3342 4081/602/3343
f 4081/602/3343 4083/604/3345 4082/603/3344
f 4069/588/3333 4082/603/3344 4083/604/3345
f 4083/604/3345 4070/589/3334 4069/588/3333
f 827/605/693 4022/606/3286 4051/607/3315
f 4055/608/3319 4051/607/3315 4022/606/3286
f 4022/606/3286 826/609/692 4055/608/3319
f 4060/610/3324 4055/608/3319 826/609/692
f 826/609/692 825/611/691 4060/610/3324
f 4050/612/3314 4060/610/3324 825/611/691
f 825/611/691 827/605/693 4050/612/3314
f 4051/607/3315 4050/612/3314 827/605/693
f 4043/641/3307 4032/642/3296 4030/643/3294
f 4030/643/3294 4042/644/3306 4043/641/3307
f 4042/644/3306 4030/643/3294 4027/645/3291
f 4027/645/3291 4040/646/3304 4042/644/3306
f 4040/646/3304 4027/645/3291 4034/647/3298
f 4034/647/3298 4041/648/3305 4040/646/3304
f 4041/648/3305 4034/647/3298 4032/649/3296
f 4032/649/3296 4043/650/3307 4041/648/3305
f 4066/505/3330 4057/506/3321 4052/507/3316
f 4052/507/3316 4067/508/3331 4066/505/3330
f 4067/508/3331 4052/507/3316 4053/509/3317
f 4053/509/3317 4064/510/3328 4067/508/3331
f 4064/510/3328 4053/509/3317 4054/511/3318
f 4054/511/3318 4065/512/3329 4064/510/3328
f 4065/512/3329 4054/511/3318 4057/513/3321
f 4057/513/3321 4066/514/3330 4065/512/3329
f 4084/515/3339 4085/516/3339 4086/517/3339
f 4086/517/3339 4087/518/3339 4084/515/3339
f 4087/518/3339 4086/517/3339 4088/519/3339
f 4088/519/3339 4089/520/3339 4087/518/3339
f 4089/520/3339 4088/519/3339 4090/521/3338
f 4090/521/3338 4091/522/3346 4089/520/3339
f 4091/522/3346 4090/521/3338 4085/516/3339
f 4085/516/3339 4084/515/3339 4091/522/3346
f 2367/584/2051 2368/585/2052 2357/586/2035
f 2357/586/2035 2359/583/2037 2367/584/2051
f 2367/584/2051 2359/583/2037 2361/582/2039
f 2361/582/2039 2365/581/2049 2367/584/2051
f 2369/580/2053 2365/581/2049 2361/582/2039
f 2361/582/2039 2354/579/2032 2369/580/2053
f 2369/580/2053 2354/579/2032 2357/578/2035
f 2357/578/2035 2368/577/2052 2369/580/2053
f 2703/152/2268 2675/153/2248 2689/154/2212
f 2689/154/2212 2704/155/2226 2703/152/2268
f 2704/155/2226 2689/154/2212 2687/156/2258
f 2687/156/2258 2708/157/2268 2704/155/2226
f 2708/157/2268 2687/156/2258 2685/158/2256
f 2685/158/2256 2710/159/2273 2708/157/2268
f 2710/159/2273 2685/158/2256 2683/160/2251
f 2683/160/2251 2711/161/2274 2710/159/2273
f 2711/161/2274 2683/160/2251 2682/162/2255
f 2682/162/2255 2715/163/2278 2711/161/2274
f 2735/164/2268 2622/165/2204 2679/166/2252
f 2679/166/2252 2734/167/2290 2735/164/2268
f 2734/167/2290 2679/166/2252 2678/168/2251
f 2678/168/2251 2733/169/2274 2734/167/2290
f 2733/169/2274 2678/168/2251 2677/170/2250
f 2677/170/2250 2732/171/2289 2733/169/2274
f 2732/171/2289 2677/170/2250 2676/172/2249
f 2676/172/2249 2731/173/2288 2732/171/2289
f 2731/173/2288 2676/172/2249 2675/153/2248
f 2675/153/2248 2703/152/2268 2731/173/2288
f 2657/174/2230 2627/175/2208 2626/176/2207
f 2626/176/2207 2656/177/2229 2657/174/2230
f 2656/177/2229 2626/176/2207 2625/178/2206
f 2625/178/2206 2655/179/2228 2656/177/2229
f 2655/179/2228 2625/178/2206 2624/180/2204
f 2624/180/2204 2654/181/2227 2655/179/2228
f 2654/181/2227 2624/180/2204 2623/182/2205
f 2623/182/2205 2652/183/2226 2654/181/2227
f 2652/183/2226 2623/182/2205 2622/165/2204
f 2622/165/2204 2735/164/2268 2652/183/2226
f 2729/184/811 2635/185/813 2634/186/813
f 2634/186/813 2730/187/811 2729/184/811
f 2725/188/2226 2730/187/811 2634/186/813
f 2634/186/813 2632/189/2212 2725/188/2226
f 2725/188/2226 2632/189/2212 2630/190/2204
f 2630/190/2204 2659/191/2232 2725/188/2226
f 2659/191/2232 2630/190/2204 2628/192/2209
f 2628/192/2209 2658/193/2231 2659/191/2232
f 2658/193/2231 2628/192/2209 2627/175/2208
f 2627/175/2208 2657/174/2230 2658/193/2231
f 331/925/226 1433/924/1147 1437/929/1151
f 1437/929/1151 319/999/216 331/925/226
f 298/998/195 319/999/216 1437/929/1151
f 1437/929/1151 1438/930/1152 298/998/195
f 299/997/196 298/998/195 1438/930/1152
f 1438/930/1152 1442/934/1156 299/997/196
f 300/996/197 299/997/196 1442/934/1156
f 1442/934/1156 1444/936/1158 300/996/197
f 301/1031/198 300/996/197 1444/936/1158
f 1444/936/1158 1447/939/1161 301/1031/198
f 823/527/689 4023/525/3287 4024/526/3288
f 4025/523/3289 4024/526/3288 4023/525/3287
f 4023/525/3287 830/524/696 4025/523/3289
f 4033/530/3297 4025/523/3289 830/524/696
f 830/524/696 824/529/690 4033/530/3297
f 4039/528/3303 4033/530/3297 824/529/690
f 824/529/690 823/527/689 4039/528/3303
f 4024/526/3288 4039/528/3303 823/527/689
usemtl RingWood
f 4092/1201/3347 4093/1202/3348 4094/1203/3349
f 4095/1204/3350 4094/1203/3349 4096/1205/3351
f 4094/1203/3349 4095/1204/3350 4092/1201/3347
f 4097/1206/3352 4098/1207/3353 4099/1208/3354
f 4099/1208/3354 4096/1205/3351 4097/1206/3352
f 4096/1205/3351 4099/1208/3354 4095/1204/3350
f 4100/1209/3355 4095/1204/3350 4099/1208/3354
f 4100/1209/3355 4092/1210/3347 4095/1204/3350
f 4101/1211/3356 4092/1210/3347 4100/1209/3355
f 4100/1209/3355 4102/1212/3357 4101/1211/3356
f 4101/1211/3356 4102/1212/3357 4103/1213/3358
f 4103/1213/3358 4102/1212/3357 4104/1214/3359
f 4104/1214/3359 4105/1215/3360 4103/1213/3358
f 4104/1214/3359 4102/1212/3357 4100/1209/3355
f 4100/1209/3355 4106/1216/3361 4104/1214/3359
f 4099/1208/3354 4106/1216/3361 4100/1209/3355
f 4098/1217/3353 4106/1216/3361 4099/1208/3354
f 4104/1214/3359 4106/1216/3361 4098/1217/3353
f 4107/1218/3362 4101/1219/3356 4103/1213/3358
f 4103/1213/3358 4108/1220/3363 4107/1218/3362
f 4108/1220/3363 4103/1213/3358 4105/1215/3360
f 4105/1215/3360 4109/1221/3364 4108/1220/3363
f 4104/1214/3359 4110/1222/3365 4105/1215/3360
f 4098/1217/3353 4110/1222/3365 4104/1214/3359
f 4111/1223/3366 4110/1222/3365 4098/1217/3353
f 4098/1217/3353 4097/1224/3352 4111/1223/3366
f 4111/1223/3366 4097/1224/3352 4112/1225/3367
f 4096/1226/3351 4112/1225/3367 4097/1224/3352
f 4112/1225/3367 4096/1226/3351 4094/1227/3349
f 4094/1227/3349 4113/1228/3368 4112/1225/3367
f 4113/1228/3368 4094/1227/3349 4093/1229/3348
f 4114/1230/3369 4113/1228/3368 4093/1229/3348
f 4093/1229/3348 4107/1231/3362 4114/1230/3369
f 4108/1232/3363 4114/1230/3369 4107/1231/3362
f 4114/1230/3369 4108/1232/3363 4109/1233/3364
f 4109/1233/3364 4115/1234/3370 4114/1230/3369
f 4115/1234/3370 4109/1233/3364 4111/1223/3366
f 4112/1225/3367 4115/1234/3370 4111/1223/3366
f 4114/1230/3369 4115/1234/3370 4112/1225/3367
f 4112/1225/3367 4113/1228/3368 4114/1230/3369
f 4101/1235/3356 4107/1231/3362 4093/1229/3348
f 4093/1229/3348 4092/1236/3347 4101/1235/3356
f 4110/1222/3365 4111/1223/3366 4109/1237/3364
f 4109/1237/3364 4105/1238/3360 4110/1222/3365
f 4116/1239/3371 4117/1240/3372 4118/1241/3373
f 4118/1241/3373 4119/1242/3374 4116/1239/3371
f 4120/1243/3375 4119/1242/3374 4118/1241/3373
f 4118/1241/3373 4121/1244/3376 4120/1243/3375
f 4122/1245/3377 4120/1243/3375 4121/1244/3376
f 4121/1244/3376 4123/1246/3378 4122/1245/3377
f 4124/1247/882 4116/1248/3371 4119/1249/3374
f 4119/1249/3374 4125/1250/3379 4124/1247/882
f 4125/1250/3379 4119/1249/3374 4120/1243/3375
f 4120/1243/3375 4126/1251/3380 4125/1250/3379
f 4126/1251/3380 4120/1243/3375 4122/1245/3377
f 4122/1245/3377 4127/1252/3381 4126/1251/3380
f 4127/1252/3381 4122/1245/3377 4123/1246/3378
f 4123/1246/3378 4128/1253/3382 4127/1252/3381
f 4128/1253/3382 4123/1246/3378 4129/1254/3383
f 4129/1254/3383 4130/1255/3384 4128/1253/3382
f 4131/1256/3385 4128/1253/3382 4130/1255/3384
f 4130/1255/3384 4132/1257/2190 4131/1256/3385
f 4117/1258/3372 4131/1256/3385 4132/1257/2190
f 4132/1257/2190 4133/1259/3386 4117/1258/3372
f 4117/1258/3372 4133/1259/3386 4134/1260/3387
f 4134/1260/3387 4118/1261/3373 4117/1258/3372
f 4121/1262/3376 4118/1261/3373 4134/1260/3387
f 4134/1260/3387 4135/1263/3380 4121/1262/3376
f 4121/1262/3376 4135/1263/3380 4129/1264/3383
f 4129/1264/3383 4123/1265/3378 4121/1262/3376
f 4116/1266/3371 4124/1267/882 4131/1256/3385
f 4131/1256/3385 4117/1258/3372 4116/1266/3371
f 4136/1268/3370 4137/1269/3364 4138/1270/3366
f 4139/1271/3388 4140/1272/3347 4141/1273/3356
f 4141/1273/3356 4142/1274/3389 4139/1271/3388
f 4139/1271/3388 4142/1274/3389 4143/1275/3369
f 4144/1276/3390 4143/1275/3369 4142/1274/3389
f 4143/1275/3369 4144/1276/3390 4137/1269/3364
f 4137/1269/3364 4136/1268/3370 4143/1275/3369
f 4143/1275/3369 4136/1268/3370 4145/1277/3367
f 4145/1277/3367 4136/1268/3370 4138/1270/3366
f 4138/1270/3366 4146/1278/3352 4145/1277/3367
f 4147/1279/3391 4146/1278/3352 4138/1270/3366
f 4145/1277/3367 4148/1280/3368 4143/1275/3369
f 4143/1275/3369 4148/1280/3368 4139/1271/3388
f 4148/1280/3368 4149/1281/3392 4139/1271/3388
f 4149/1281/3392 4148/1280/3368 4145/1277/3367
f 4145/1277/3367 4150/1282/3351 4149/1281/3392
f 4150/1282/3351 4145/1277/3367 4146/1278/3352
f 4151/1283/3359 4152/1284/3361 4147/1279/3391
f 4138/1270/3366 4153/1285/3393 4147/1279/3391
f 4147/1279/3391 4153/1285/3393 4151/1283/3359
f 4151/1283/3359 4153/1285/3393 4154/1286/3360
f 4151/1283/3359 4154/1286/3360 4155/1287/3358
f 4144/1288/3390 4155/1287/3358 4154/1286/3360
f 4155/1287/3358 4144/1288/3390 4142/1289/3389
f 4142/1289/3389 4141/1290/3356 4155/1287/3358
f 4154/1286/3360 4137/1291/3364 4144/1288/3390
f 4153/1285/3393 4138/1270/3366 4137/1292/3364
f 4137/1292/3364 4154/1293/3360 4153/1285/3393
f 4147/1279/3391 4152/1284/3361 4156/1294/3354
f 4156/1294/3354 4152/1284/3361 4157/1295/3355
f 4157/1295/3355 4152/1284/3361 4151/1283/3359
f 4151/1283/3359 4158/1296/3357 4157/1295/3355
f 4155/1287/3358 4158/1296/3357 4151/1283/3359
f 4141/1297/3356 4158/1296/3357 4155/1287/3358
f 4157/1295/3355 4158/1296/3357 4141/1297/3356
f 4141/1297/3356 4140/1298/3347 4157/1295/3355
f 4157/1295/3355 4140/1298/3347 4159/1299/3394
f 4157/1295/3355 4159/1299/3394 4156/1294/3354
f 4150/1300/3351 4156/1294/3354 4159/1299/3394
f 4156/1294/3354 4150/1300/3351 4146/1301/3352
f 4146/1301/3352 4147/1302/3391 4156/1294/3354
f 4140/1303/3347 4139/1304/3388 4149/1305/3392
f 4149/1305/3392 4159/1299/3394 4140/1303/3347
f 4159/1299/3394 4149/1305/3392 4150/1300/3351
f 4160/1306/3395 4161/1307/3396 4162/1308/3397
f 4162/1308/3397 4163/1309/3398 4160/1306/3395
f 4164/1310/3399 4160/1306/3395 4163/1309/3398
f 4163/1309/3398 4165/1311/3400 4164/1310/3399
f 4166/1312/3401 4164/1310/3399 4165/1311/3400
f 4165/1311/3400 4167/1313/3402 4166/1312/3401
f 4166/1312/3401 4167/1313/3402 4168/1314/2182
f 4168/1314/2182 4169/1315/3403 4166/1312/3401
f 4166/1312/3401 4169/1315/3403 4170/1316/3404
f 4170/1316/3404 4164/1317/3399 4166/1312/3401
f 4164/1317/3399 4170/1316/3404 4171/1318/3405
f 4171/1318/3405 4160/1319/3395 4164/1317/3399
f 4161/1320/3396 4160/1319/3395 4171/1318/3405
f 4171/1318/3405 4172/1321/3406 4161/1320/3396
f 4169/1315/3403 4168/1314/2182 4173/1322/2860
f 4174/1323/882 4175/1324/3379 4176/1325/3407
f 4176/1325/3407 4177/1326/3408 4174/1323/882
f 4178/1327/3409 4174/1323/882 4177/1326/3408
f 4177/1326/3408 4179/1328/3410 4178/1327/3409
f 4173/1322/2860 4178/1327/3409 4179/1328/3410
f 4179/1328/3410 4180/1329/3411 4173/1322/2860
f 4181/1330/3412 4173/1322/2860 4180/1329/3411
f 4173/1322/2860 4181/1330/3412 4169/1315/3403
f 4180/1329/3411 4182/1331/3413 4181/1330/3412
f 4162/1332/3397 4161/1333/3396 4172/1334/3406
f 4172/1334/3406 4183/1335/3380 4162/1332/3397
f 4183/1335/3380 4172/1334/3406 4184/1336/3414
f 4184/1336/3414 4175/1324/3379 4183/1335/3380
f 4176/1325/3407 4175/1324/3379 4184/1336/3414
f 4184/1336/3414 4185/1337/3415 4176/1325/3407
f 4177/1326/3408 4176/1325/3407 4185/1337/3415
f 4185/1337/3415 4186/1338/3416 4177/1326/3408
f 4179/1339/3410 4177/1326/3408 4186/1338/3416
f 4186/1338/3416 4187/1340/3417 4179/1339/3410
f 4180/1341/3411 4179/1339/3410 4187/1340/3417
f 4187/1340/3417 4182/1342/3413 4180/1341/3411
f 4181/1343/3412 4182/1342/3413 4187/1340/3417
f 4187/1340/3417 4188/1344/3418 4181/1343/3412
f 4188/1344/3418 4187/1340/3417 4186/1338/3416
f 4186/1338/3416 4189/1345/3419 4188/1344/3418
f 4184/1346/3414 4189/1345/3419 4186/1338/3416
f 4186/1338/3416 4185/1337/3415 4184/1346/3414
f 4189/1347/3419 4184/1336/3414 4172/1334/3406
f 4172/1334/3406 4171/1348/3405 4189/1347/3419
f 4188/1349/3418 4189/1347/3419 4171/1348/3405
f 4171/1348/3405 4170/1350/3404 4188/1349/3418
f 4181/1351/3412 4188/1349/3418 4170/1350/3404
f 4170/1350/3404 4169/1352/3403 4181/1351/3412
f 4190/1353/3397 4191/1354/3396 4192/1355/3406
f 4192/1355/3406 4193/1356/843 4190/1353/3397
f 4194/1357/3420 4190/1353/3397 4193/1356/843
f 4193/1356/843 4195/1358/3381 4194/1357/3420
f 4196/1359/3400 4194/1357/3420 4195/1358/3381
f 4195/1358/3381 4197/1360/2181 4196/1359/3400
f 4198/1361/3402 4196/1359/3400 4197/1360/2181
f 4197/1360/2181 4199/1362/2182 4198/1361/3402
f 4200/1363/3414 4201/1364/3261 4193/1356/843
f 4193/1356/843 4192/1355/3406 4200/1363/3414
f 4202/1365/3419 4200/1363/3414 4192/1355/3406
f 4192/1355/3406 4203/1366/3405 4202/1365/3419
f 4204/1367/3421 4202/1365/3419 4203/1366/3405
f 4203/1366/3405 4205/1368/3404 4204/1367/3421
f 4206/1369/3412 4204/1367/3421 4205/1368/3404
f 4205/1368/3404 4207/1370/3422 4206/1369/3412
f 4208/1371/882 4201/1364/3261 4209/1372/3407
f 4209/1372/3407 4201/1364/3261 4200/1363/3414
f 4200/1363/3414 4210/1373/3415 4209/1372/3407
f 4211/1374/3408 4209/1372/3407 4210/1373/3415
f 4210/1373/3415 4212/1375/3416 4211/1374/3408
f 4213/1376/3423 4211/1374/3408 4212/1375/3416
f 4212/1375/3416 4214/1377/3417 4213/1376/3423
f 4215/1378/3411 4213/1376/3423 4214/1377/3417
f 4214/1377/3417 4216/1379/3413 4215/1378/3411
f 4206/1380/3412 4216/1379/3413 4214/1377/3417
f 4214/1377/3417 4204/1381/3421 4206/1380/3412
f 4204/1381/3421 4214/1377/3417 4212/1375/3416
f 4212/1375/3416 4202/1382/3419 4204/1381/3421
f 4200/1383/3414 4202/1382/3419 4212/1375/3416
f 4212/1375/3416 4210/1373/3415 4200/1383/3414
f 4217/1384/3424 4218/1385/3425 4219/1386/3426
f 4220/1387/3427 4221/1388/3428 4222/1389/3429
f 4222/1389/3429 4223/1390/3430 4220/1387/3427
f 4220/1387/3427 4223/1390/3430 4224/1391/3431
f 4225/1392/3432 4224/1391/3431 4223/1390/3430
f 4224/1391/3431 4225/1392/3432 4218/1385/3425
f 4218/1385/3425 4217/1384/3424 4224/1391/3431
f 4224/1391/3431 4217/1384/3424 4226/1393/3433
f 4226/1393/3433 4217/1384/3424 4219/1386/3426
f 4219/1386/3426 4227/1394/3434 4226/1393/3433
f 4228/1395/3435 4227/1394/3434 4219/1386/3426
f 4226/1393/3433 4229/1396/3436 4224/1391/3431
f 4224/1391/3431 4229/1396/3436 4220/1387/3427
f 4229/1396/3436 4230/1397/3437 4220/1387/3427
f 4230/1397/3437 4229/1396/3436 4226/1393/3433
f 4226/1393/3433 4231/1398/3438 4230/1397/3437
f 4231/1398/3438 4226/1393/3433 4227/1394/3434
f 4232/1399/3439 4233/1400/3440 4228/1395/3435
f 4219/1386/3426 4234/1401/3441 4228/1395/3435
f 4228/1395/3435 4234/1401/3441 4232/1399/3439
f 4232/1399/3439 4234/1401/3441 4235/1402/3442
f 4232/1399/3439 4235/1402/3442 4236/1403/3443
f 4225/1404/3432 4236/1403/3443 4235/1402/3442
f 4236/1403/3443 4225/1404/3432 4223/1405/3430
f 4223/1405/3430 4222/1406/3429 4236/1403/3443
f 4235/1402/3442 4218/1407/3425 4225/1404/3432
f 4234/1401/3441 4219/1386/3426 4218/1408/3425
f 4218/1408/3425 4235/1409/3442 4234/1401/3441
f 4228/1395/3435 4233/1400/3440 4237/1410/3444
f 4237/1410/3444 4233/1400/3440 4238/1411/3445
f 4238/1411/3445 4233/1400/3440 4232/1399/3439
f 4232/1399/3439 4239/1412/3446 4238/1411/3445
f 4236/1403/3443 4239/1412/3446 4232/1399/3439
f 4222/1413/3429 4239/1412/3446 4236/1403/3443
f 4238/1411/3445 4239/1412/3446 4222/1413/3429
f 4222/1413/3429 4221/1414/3428 4238/1411/3445
f 4238/1411/3445 4221/1414/3428 4240/1415/3447
f 4238/1411/3445 4240/1415/3447 4237/1410/3444
f 4231/1416/3438 4237/1410/3444 4240/1415/3447
f 4237/1410/3444 4231/1416/3438 4227/1417/3434
f 4227/1417/3434 4228/1418/3435 4237/1410/3444
f 4221/1419/3428 4220/1420/3427 4230/1421/3437
f 4230/1421/3437 4240/1415/3447 4221/1419/3428
f 4240/1415/3447 4230/1421/3437 4231/1416/3438
f 4241/1422/3401 4207/1423/3422 4205/1424/3404
f 4205/1424/3404 4242/1425/3399 4241/1422/3401
f 4242/1425/3399 4205/1424/3404 4203/1426/3405
f 4203/1426/3405 4243/1427/3395 4242/1425/3399
f 4191/1428/3396 4243/1427/3395 4203/1426/3405
f 4203/1426/3405 4192/1429/3406 4191/1428/3396
f 4243/1430/3395 4191/1431/3396 4190/1432/3397
f 4190/1432/3397 4194/1433/3420 4243/1430/3395
f 4242/1434/3399 4243/1430/3395 4194/1433/3420
f 4194/1433/3420 4196/1435/3400 4242/1434/3399
f 4241/1422/3401 4242/1434/3399 4196/1435/3400
f 4196/1435/3400 4198/1436/3402 4241/1422/3401
f 4241/1422/3401 4198/1436/3402 4199/1437/2182
f 4199/1437/2182 4207/1423/3422 4241/1422/3401
f 4207/1423/3422 4199/1437/2182 4244/1438/2860
f 4244/1438/2860 4206/1439/3412 4207/1423/3422
f 4209/1372/3407 4211/1374/3408 4208/1371/882
f 4245/1440/3409 4208/1371/882 4211/1374/3408
f 4211/1374/3408 4213/1441/3423 4245/1440/3409
f 4244/1438/2860 4245/1440/3409 4213/1441/3423
f 4213/1441/3423 4215/1442/3411 4244/1438/2860
f 4206/1439/3412 4244/1438/2860 4215/1442/3411
f 4215/1442/3411 4216/1443/3413 4206/1439/3412
f 4246/1444/3395 4247/1445/3396 4248/1446/3397
f 4248/1446/3397 4249/1447/3420 4246/1444/3395
f 4250/1448/3399 4246/1444/3395 4249/1447/3420
f 4249/1447/3420 4251/1449/3448 4250/1448/3399
f 4252/1450/3449 4250/1448/3399 4251/1449/3448
f 4251/1449/3448 4253/1451/3402 4252/1450/3449
f 4252/1450/3449 4253/1451/3402 4254/1452/2182
f 4254/1452/2182 4255/1453/3422 4252/1450/3449
f 4252/1450/3449 4255/1453/3422 4256/1454/3404
f 4256/1454/3404 4250/1455/3399 4252/1450/3449
f 4250/1455/3399 4256/1454/3404 4257/1456/3405
f 4257/1456/3405 4246/1457/3395 4250/1455/3399
f 4247/1458/3396 4246/1457/3395 4257/1456/3405
f 4257/1456/3405 4258/1459/3406 4247/1458/3396
f 4255/1453/3422 4254/1452/2182 4259/1460/2860
f 4260/1461/3407 4261/1462/3408 4262/1463/882
f 4263/1464/3409 4262/1463/882 4261/1462/3408
f 4261/1462/3408 4264/1465/3450 4263/1464/3409
f 4259/1460/2860 4263/1464/3409 4264/1465/3450
f 4264/1465/3450 4265/1466/3411 4259/1460/2860
f 4266/1467/3412 4259/1460/2860 4265/1466/3411
f 4259/1460/2860 4266/1467/3412 4255/1453/3422
f 4265/1466/3411 4267/1468/3413 4266/1467/3412
f 4268/1469/3414 4269/1470/3415 4260/1461/3407
f 4261/1462/3408 4260/1461/3407 4269/1470/3415
f 4269/1470/3415 4270/1471/3416 4261/1462/3408
f 4264/1472/3450 4261/1462/3408 4270/1471/3416
f 4270/1471/3416 4271/1473/3417 4264/1472/3450
f 4265/1474/3411 4264/1472/3450 4271/1473/3417
f 4271/1473/3417 4267/1475/3413 4265/1474/3411
f 4266/1476/3412 4267/1475/3413 4271/1473/3417
f 4271/1473/3417 4272/1477/3421 4266/1476/3412
f 4272/1477/3421 4271/1473/3417 4270/1471/3416
f 4270/1471/3416 4273/1478/3419 4272/1477/3421
f 4268/1479/3414 4273/1478/3419 4270/1471/3416
f 4270/1471/3416 4269/1470/3415 4268/1479/3414
f 4274/1347/3451 4275/1336/3452 4276/1334/3453
f 4276/1334/3453 4277/1348/3454 4274/1347/3451
f 4278/1349/3455 4274/1347/3451 4277/1348/3454
f 4277/1348/3454 4279/1350/3456 4278/1349/3455
f 4280/1351/3457 4278/1349/3455 4279/1350/3456
f 4279/1350/3456 4281/1352/3458 4280/1351/3457
f 4282/1332/3459 4283/1333/3460 4276/1334/3453
f 4276/1334/3453 4284/1335/3461 4282/1332/3459
f 4284/1335/3461 4276/1334/3453 4275/1336/3452
f 4275/1336/3452 4285/1324/2182 4284/1335/3461
f 4286/1325/3462 4285/1324/2182 4275/1336/3452
f 4287/1323/2181 4285/1324/2182 4286/1325/3462
f 4286/1325/3462 4288/1326/3463 4287/1323/2181
f 4289/1327/3464 4287/1323/2181 4288/1326/3463
f 4288/1326/3463 4290/1328/3465 4289/1327/3464
f 4291/1322/3380 4289/1327/3464 4290/1328/3465
f 4290/1328/3465 4292/1329/3466 4291/1322/3380
f 4280/1330/3457 4291/1322/3380 4292/1329/3466
f 4292/1329/3466 4293/1331/3467 4280/1330/3457
f 4290/1339/3465 4288/1326/3463 4294/1338/3468
f 4294/1338/3468 4295/1340/3469 4290/1339/3465
f 4292/1341/3466 4290/1339/3465 4295/1340/3469
f 4295/1340/3469 4293/1342/3467 4292/1341/3466
f 4280/1343/3457 4293/1342/3467 4295/1340/3469
f 4295/1340/3469 4278/1344/3455 4280/1343/3457
f 4278/1344/3455 4295/1340/3469 4294/1338/3468
f 4294/1338/3468 4274/1345/3451 4278/1344/3455
f 4275/1346/3452 4274/1345/3451 4294/1338/3468
f 4294/1338/3468 4296/1337/3470 4275/1346/3452
f 4296/1337/3470 4294/1338/3468 4288/1326/3463
f 4288/1326/3463 4286/1325/3462 4296/1337/3470
f 4275/1336/3452 4296/1337/3470 4286/1325/3462
f 4297/1480/3471 4282/1332/3459 4284/1335/3461
f 4284/1335/3461 4298/1481/881 4297/1480/3471
f 4299/1482/3472 4297/1480/3471 4298/1481/881
f 4298/1481/881 4300/1483/882 4299/1482/3472
f 4301/1484/3473 4299/1482/3472 4300/1483/882
f 4300/1483/882 4302/1485/3379 4301/1484/3473
f 4303/1442/3466 4304/1443/3467 4305/1439/3457
f 4306/1371/2181 4307/1364/2182 4308/1372/3462
f 4308/1372/3462 4309/1374/3463 4306/1371/2181
f 4310/1440/3464 4306/1371/2181 4309/1374/3463
f 4309/1374/3463 4311/1441/3474 4310/1440/3464
f 4312/1438/3380 4310/1440/3464 4311/1441/3474
f 4311/1441/3474 4303/1442/3466 4312/1438/3380
f 4305/1439/3457 4312/1438/3380 4303/1442/3466
f 4312/1438/3380 4305/1439/3457 4313/1423/3458
f 4313/1423/3458 4314/1437/3379 4312/1438/3380
f 4315/1353/3475 4316/1354/3460 4317/1355/3453
f 4317/1355/3453 4318/1356/3461 4315/1353/3475
f 4318/1356/3461 4317/1355/3453 4319/1363/3476
f 4319/1363/3476 4307/1364/2182 4318/1356/3461
f 4308/1372/3462 4307/1364/2182 4319/1363/3476
f 4319/1363/3476 4320/1373/3470 4308/1372/3462
f 4309/1374/3463 4308/1372/3462 4320/1373/3470
f 4320/1373/3470 4321/1375/3477 4309/1374/3463
f 4311/1376/3474 4309/1374/3463 4321/1375/3477
f 4321/1375/3477 4322/1377/3478 4311/1376/3474
f 4303/1378/3466 4311/1376/3474 4322/1377/3478
f 4322/1377/3478 4304/1379/3467 4303/1378/3466
f 4305/1380/3457 4304/1379/3467 4322/1377/3478
f 4322/1377/3478 4323/1381/3455 4305/1380/3457
f 4323/1381/3455 4322/1377/3478 4321/1375/3477
f 4321/1375/3477 4324/1382/3451 4323/1381/3455
f 4319/1383/3476 4324/1382/3451 4321/1375/3477
f 4321/1375/3477 4320/1373/3470 4319/1383/3476
f 4324/1365/3451 4319/1363/3476 4317/1355/3453
f 4317/1355/3453 4325/1366/3454 4324/1365/3451
f 4323/1367/3455 4324/1365/3451 4325/1366/3454
f 4325/1366/3454 4326/1368/3456 4323/1367/3455
f 4305/1369/3457 4323/1367/3455 4326/1368/3456
f 4326/1368/3456 4313/1370/3458 4305/1369/3457
f 4327/1422/3479 4328/1436/3473 4314/1437/3379
f 4314/1437/3379 4313/1423/3458 4327/1422/3479
f 4327/1422/3479 4313/1423/3458 4326/1424/3456
f 4326/1424/3456 4329/1425/3480 4327/1422/3479
f 4329/1425/3480 4326/1424/3456 4325/1426/3454
f 4325/1426/3454 4330/1427/3481 4329/1425/3480
f 4316/1428/3460 4330/1427/3481 4325/1426/3454
f 4325/1426/3454 4317/1429/3453 4316/1428/3460
f 4330/1430/3481 4316/1431/3460 4315/1432/3475
f 4315/1432/3475 4331/1433/3482 4330/1430/3481
f 4329/1434/3480 4330/1430/3481 4331/1433/3482
f 4331/1433/3482 4332/1435/3483 4329/1434/3480
f 4327/1422/3479 4329/1434/3480 4332/1435/3483
f 4332/1435/3483 4328/1436/3473 4327/1422/3479
f 4333/1312/3484 4281/1315/3458 4279/1316/3456
f 4279/1316/3456 4334/1317/3480 4333/1312/3484
f 4334/1317/3480 4279/1316/3456 4277/1318/3454
f 4277/1318/3454 4335/1319/3481 4334/1317/3480
f 4283/1320/3460 4335/1319/3481 4277/1318/3454
f 4277/1318/3454 4276/1321/3453 4283/1320/3460
f 4335/1306/3481 4283/1307/3460 4282/1308/3459
f 4282/1308/3459 4297/1309/3471 4335/1306/3481
f 4334/1310/3480 4335/1306/3481 4297/1309/3471
f 4297/1309/3471 4299/1311/3472 4334/1310/3480
f 4333/1312/3484 4334/1310/3480 4299/1311/3472
f 4299/1311/3472 4301/1313/3473 4333/1312/3484
f 4333/1312/3484 4301/1313/3473 4302/1314/3379
f 4302/1314/3379 4281/1315/3458 4333/1312/3484
f 4281/1315/3458 4302/1314/3379 4291/1322/3380
f 4291/1322/3380 4280/1330/3457 4281/1315/3458
f 4331/1357/3482 4315/1353/3475 4318/1356/3461
f 4318/1356/3461 4336/1358/881 4331/1357/3482
f 4332/1359/3483 4331/1357/3482 4336/1358/881
f 4336/1358/881 4337/1360/882 4332/1359/3483
f 4328/1361/3473 4332/1359/3483 4337/1360/882
f 4337/1360/882 4314/1362/3379 4328/1361/3473
f 4338/1384/3485 4339/1385/3486 4340/1386/3487
f 4341/1387/3488 4342/1388/3489 4343/1389/3490
f 4343/1389/3490 4344/1390/3491 4341/1387/3488
f 4341/1387/3488 4344/1390/3491 4345/1391/3492
f 4346/1392/3493 4345/1391/3492 4344/1390/3491
f 4345/1391/3492 4346/1392/3493 4339/1385/3486
f 4339/1385/3486 4338/1384/3485 4345/1391/3492
f 4345/1391/3492 4338/1384/3485 4347/1393/3494
f 4347/1393/3494 4338/1384/3485 4340/1386/3487
f 4340/1386/3487 4348/1394/3495 4347/1393/3494
f 4349/1395/3496 4348/1394/3495 4340/1386/3487
f 4347/1393/3494 4350/1396/3497 4345/1391/3492
f 4345/1391/3492 4350/1396/3497 4341/1387/3488
f 4350/1396/3497 4351/1397/3498 4341/1387/3488
f 4351/1397/3498 4350/1396/3497 4347/1393/3494
f 4347/1393/3494 4352/1398/3499 4351/1397/3498
f 4352/1398/3499 4347/1393/3494 4348/1394/3495
f 4353/1399/3500 4354/1400/3501 4349/1395/3496
f 4340/1386/3487 4355/1401/3502 4349/1395/3496
f 4349/1395/3496 4355/1401/3502 4353/1399/3500
f 4353/1399/3500 4355/1401/3502 4356/1402/3503
f 4353/1399/3500 4356/1402/3503 4357/1403/3504
f 4346/1404/3493 4357/1403/3504 4356/1402/3503
f 4357/1403/3504 4346/1404/3493 4344/1405/3491
f 4344/1405/3491 4343/1406/3490 4357/1403/3504
f 4356/1402/3503 4339/1407/3486 4346/1404/3493
f 4355/1401/3502 4340/1386/3487 4339/1408/3486
f 4339/1408/3486 4356/1409/3503 4355/1401/3502
f 4349/1395/3496 4354/1400/3501 4358/1410/3505
f 4358/1410/3505 4354/1400/3501 4359/1411/3506
f 4359/1411/3506 4354/1400/3501 4353/1399/3500
f 4353/1399/3500 4360/1412/3507 4359/1411/3506
f 4357/1403/3504 4360/1412/3507 4353/1399/3500
f 4343/1413/3490 4360/1412/3507 4357/1403/3504
f 4359/1411/3506 4360/1412/3507 4343/1413/3490
f 4343/1413/3490 4342/1414/3489 4359/1411/3506
f 4359/1411/3506 4342/1414/3489 4361/1415/3508
f 4359/1411/3506 4361/1415/3508 4358/1410/3505
f 4352/1416/3499 4358/1410/3505 4361/1415/3508
f 4358/1410/3505 4352/1416/3499 4348/1417/3495
f 4348/1417/3495 4349/1418/3496 4358/1410/3505
f 4342/1419/3489 4341/1420/3488 4351/1421/3498
f 4351/1421/3498 4361/1415/3508 4342/1419/3489
f 4361/1415/3508 4351/1421/3498 4352/1416/3499
f 4362/1450/3484 4363/1453/3458 4364/1454/3456
f 4364/1454/3456 4365/1455/3480 4362/1450/3484
f 4365/1455/3480 4364/1454/3456 4366/1456/3454
f 4366/1456/3454 4367/1457/3481 4365/1455/3480
f 4368/1458/3460 4367/1457/3481 4366/1456/3454
f 4366/1456/3454 4369/1459/3453 4368/1458/3460
f 4367/1444/3481 4368/1445/3460 4370/1446/3459
f 4370/1446/3459 4371/1447/3482 4367/1444/3481
f 4365/1448/3480 4367/1444/3481 4371/1447/3482
f 4371/1447/3482 4372/1449/3483 4365/1448/3480
f 4362/1450/3484 4365/1448/3480 4372/1449/3483
f 4372/1449/3483 4373/1451/3473 4362/1450/3484
f 4362/1450/3484 4373/1451/3473 4374/1452/3379
f 4374/1452/3379 4363/1453/3458 4362/1450/3484
f 4363/1453/3458 4374/1452/3379 4375/1460/3380
f 4375/1460/3380 4376/1467/3457 4363/1453/3458
f 4377/1466/3466 4378/1468/3467 4376/1467/3457
f 4376/1467/3457 4375/1460/3380 4377/1466/3466
f 4379/1465/3509 4377/1466/3466 4375/1460/3380
f 4375/1460/3380 4380/1464/3464 4379/1465/3509
f 4381/1462/3510 4379/1465/3509 4380/1464/3464
f 4380/1464/3464 4382/1463/2181 4381/1462/3510
f 4383/1461/3511 4381/1462/3510 4382/1463/2181
f 4382/1463/2181 4384/1486/2182 4383/1461/3511
f 4370/1487/3459 4368/1488/3460 4369/1489/3453
f 4369/1489/3453 4385/1490/3461 4370/1487/3459
f 4385/1490/3461 4369/1489/3453 4386/1469/3452
f 4386/1469/3452 4384/1486/2182 4385/1490/3461
f 4383/1461/3511 4384/1486/2182 4386/1469/3452
f 4386/1469/3452 4387/1470/3512 4383/1461/3511
f 4381/1462/3510 4383/1461/3511 4387/1470/3512
f 4387/1470/3512 4388/1471/3477 4381/1462/3510
f 4379/1472/3509 4381/1462/3510 4388/1471/3477
f 4388/1471/3477 4389/1473/3478 4379/1472/3509
f 4377/1474/3466 4379/1472/3509 4389/1473/3478
f 4389/1473/3478 4378/1475/3467 4377/1474/3466
f 4376/1476/3457 4378/1475/3467 4389/1473/3478
f 4389/1473/3478 4390/1477/3455 4376/1476/3457
f 4390/1477/3455 4389/1473/3478 4388/1471/3477
f 4388/1471/3477 4391/1478/3451 4390/1477/3455
f 4386/1479/3452 4391/1478/3451 4388/1471/3477
f 4388/1471/3477 4387/1470/3512 4386/1479/3452
f 4391/1491/3451 4386/1469/3452 4369/1489/3453
f 4369/1489/3453 4366/1492/3454 4391/1491/3451
f 4390/1493/3455 4391/1491/3451 4366/1492/3454
f 4366/1492/3454 4364/1494/3456 4390/1493/3455
f 4376/1495/3457 4390/1493/3455 4364/1494/3456
f 4364/1494/3456 4363/1496/3458 4376/1495/3457
f 4371/1497/3482 4370/1487/3459 4385/1490/3461
f 4385/1490/3461 4392/1498/881 4371/1497/3482
f 4372/1499/3483 4371/1497/3482 4392/1498/881
f 4392/1498/881 4393/1500/882 4372/1499/3483
f 4373/1501/3473 4372/1499/3483 4393/1500/882
f 4393/1500/882 4374/1502/3379 4373/1501/3473
f 4394/1329/3513 4395/1331/3514 4396/1330/3515
f 4397/1323/2860 4398/1324/881 4399/1325/3516
f 4399/1325/3516 4400/1326/3517 4397/1323/2860
f 4401/1327/3518 4397/1323/2860 4400/1326/3517
f 4400/1326/3517 4402/1328/3519 4401/1327/3518
f 4403/1322/2181 4401/1327/3518 4402/1328/3519
f 4402/1328/3519 4394/1329/3513 4403/1322/2181
f 4396/1330/3515 4403/1322/2181 4394/1329/3513
f 4403/1322/2181 4396/1330/3515 4404/1315/3520
f 4404/1315/3520 4405/1314/3381 4403/1322/2181
f 4406/1332/3521 4407/1333/3522 4408/1334/3523
f 4408/1334/3523 4409/1335/882 4406/1332/3521
f 4409/1335/882 4408/1334/3523 4410/1336/3524
f 4410/1336/3524 4398/1324/881 4409/1335/882
f 4399/1325/3516 4398/1324/881 4410/1336/3524
f 4410/1336/3524 4411/1337/3525 4399/1325/3516
f 4400/1326/3517 4399/1325/3516 4411/1337/3525
f 4411/1337/3525 4412/1338/3526 4400/1326/3517
f 4402/1339/3519 4400/1326/3517 4412/1338/3526
f 4412/1338/3526 4413/1340/3527 4402/1339/3519
f 4394/1341/3513 4402/1339/3519 4413/1340/3527
f 4413/1340/3527 4395/1342/3514 4394/1341/3513
f 4396/1343/3515 4395/1342/3514 4413/1340/3527
f 4413/1340/3527 4414/1344/3528 4396/1343/3515
f 4414/1344/3528 4413/1340/3527 4412/1338/3526
f 4412/1338/3526 4415/1345/3529 4414/1344/3528
f 4410/1346/3524 4415/1345/3529 4412/1338/3526
f 4412/1338/3526 4411/1337/3525 4410/1346/3524
f 4415/1347/3529 4410/1336/3524 4408/1334/3523
f 4408/1334/3523 4416/1348/3530 4415/1347/3529
f 4414/1349/3528 4415/1347/3529 4416/1348/3530
f 4416/1348/3530 4417/1350/3531 4414/1349/3528
f 4396/1351/3515 4414/1349/3528 4417/1350/3531
f 4417/1350/3531 4404/1352/3520 4396/1351/3515
f 4418/1312/3532 4419/1313/3533 4405/1314/3381
f 4405/1314/3381 4404/1315/3520 4418/1312/3532
f 4418/1312/3532 4404/1315/3520 4417/1316/3531
f 4417/1316/3531 4420/1317/3534 4418/1312/3532
f 4420/1317/3534 4417/1316/3531 4416/1318/3530
f 4416/1318/3530 4421/1319/3535 4420/1317/3534
f 4407/1320/3522 4421/1319/3535 4416/1318/3530
f 4416/1318/3530 4408/1321/3523 4407/1320/3522
f 4421/1306/3535 4407/1307/3522 4406/1308/3521
f 4406/1308/3521 4422/1309/3536 4421/1306/3535
f 4420/1310/3534 4421/1306/3535 4422/1309/3536
f 4422/1309/3536 4423/1311/3537 4420/1310/3534
f 4418/1312/3532 4420/1310/3534 4423/1311/3537
f 4423/1311/3537 4419/1313/3533 4418/1312/3532
f 4424/1430/3535 4425/1431/3522 4426/1432/3538
f 4426/1432/3538 4427/1433/3536 4424/1430/3535
f 4428/1434/3534 4424/1430/3535 4427/1433/3536
f 4427/1433/3536 4429/1435/3537 4428/1434/3534
f 4430/1422/3539 4428/1434/3534 4429/1435/3537
f 4429/1435/3537 4431/1436/3533 4430/1422/3539
f 4430/1422/3539 4431/1436/3533 4432/1437/3381
f 4432/1437/3381 4433/1423/3540 4430/1422/3539
f 4430/1422/3539 4433/1423/3540 4434/1424/3531
f 4434/1424/3531 4428/1425/3534 4430/1422/3539
f 4428/1425/3534 4434/1424/3531 4435/1426/3530
f 4435/1426/3530 4424/1427/3535 4428/1425/3534
f 4425/1428/3522 4424/1427/3535 4435/1426/3530
f 4435/1426/3530 4436/1429/3523 4425/1428/3522
f 4433/1423/3540 4432/1437/3381 4437/1438/2181
f 4438/1371/2860 4439/1364/881 4440/1372/3541
f 4440/1372/3541 4441/1374/3542 4438/1371/2860
f 4442/1440/3518 4438/1371/2860 4441/1374/3542
f 4441/1374/3542 4443/1441/3519 4442/1440/3518
f 4437/1438/2181 4442/1440/3518 4443/1441/3519
f 4443/1441/3519 4444/1442/3513 4437/1438/2181
f 4445/1439/3515 4437/1438/2181 4444/1442/3513
f 4437/1438/2181 4445/1439/3515 4433/1423/3540
f 4444/1442/3513 4446/1443/3514 4445/1439/3515
f 4426/1353/3538 4425/1354/3522 4436/1355/3523
f 4436/1355/3523 4447/1356/882 4426/1353/3538
f 4447/1356/882 4436/1355/3523 4448/1363/3524
f 4448/1363/3524 4439/1364/881 4447/1356/882
f 4440/1372/3541 4439/1364/881 4448/1363/3524
f 4448/1363/3524 4449/1373/3543 4440/1372/3541
f 4441/1374/3542 4440/1372/3541 4449/1373/3543
f 4449/1373/3543 4450/1375/3544 4441/1374/3542
f 4443/1376/3519 4441/1374/3542 4450/1375/3544
f 4450/1375/3544 4451/1377/3527 4443/1376/3519
f 4444/1378/3513 4443/1376/3519 4451/1377/3527
f 4451/1377/3527 4446/1379/3514 4444/1378/3513
f 4445/1380/3515 4446/1379/3514 4451/1377/3527
f 4451/1377/3527 4452/1381/3528 4445/1380/3515
f 4452/1381/3528 4451/1377/3527 4450/1375/3544
f 4450/1375/3544 4453/1382/3529 4452/1381/3528
f 4448/1383/3524 4453/1382/3529 4450/1375/3544
f 4450/1375/3544 4449/1373/3543 4448/1383/3524
f 4422/1480/3536 4406/1332/3521 4409/1335/882
f 4409/1335/882 4454/1481/3379 4422/1480/3536
f 4423/1482/3537 4422/1480/3536 4454/1481/3379
f 4454/1481/3379 4455/1483/3380 4423/1482/3537
f 4419/1484/3533 4423/1482/3537 4455/1483/3380
f 4455/1483/3380 4405/1485/3381 4419/1484/3533
f 4453/1365/3529 4448/1363/3524 4436/1355/3523
f 4436/1355/3523 4435/1366/3530 4453/1365/3529
f 4452/1367/3528 4453/1365/3529 4435/1366/3530
f 4435/1366/3530 4434/1368/3531 4452/1367/3528
f 4445/1369/3515 4452/1367/3528 4434/1368/3531
f 4434/1368/3531 4433/1370/3540 4445/1369/3515
f 4456/1466/3513 4457/1468/3514 4458/1467/3515
f 4459/1461/3516 4460/1462/3517 4461/1463/2860
f 4462/1464/3518 4461/1463/2860 4460/1462/3517
f 4460/1462/3517 4463/1465/3519 4462/1464/3518
f 4464/1460/2181 4462/1464/3518 4463/1465/3519
f 4463/1465/3519 4456/1466/3513 4464/1460/2181
f 4458/1467/3515 4464/1460/2181 4456/1466/3513
f 4464/1460/2181 4458/1467/3515 4465/1453/3520
f 4465/1453/3520 4466/1452/3381 4464/1460/2181
f 4467/1450/3539 4468/1451/3533 4466/1452/3381
f 4466/1452/3381 4465/1453/3520 4467/1450/3539
f 4467/1450/3539 4465/1453/3520 4469/1454/3531
f 4469/1454/3531 4470/1455/3534 4467/1450/3539
f 4470/1455/3534 4469/1454/3531 4471/1456/3530
f 4471/1456/3530 4472/1457/3535 4470/1455/3534
f 4473/1458/3522 4472/1457/3535 4471/1456/3530
f 4471/1456/3530 4474/1459/3523 4473/1458/3522
f 4472/1444/3535 4473/1445/3522 4475/1446/3521
f 4475/1446/3521 4476/1447/3545 4472/1444/3535
f 4470/1448/3534 4472/1444/3535 4476/1447/3545
f 4476/1447/3545 4477/1449/3537 4470/1448/3534
f 4467/1450/3539 4470/1448/3534 4477/1449/3537
f 4477/1449/3537 4468/1451/3533 4467/1450/3539
f 4478/1401/3546 4479/1386/3547 4480/1408/3548
f 4480/1408/3548 4481/1409/3549 4478/1401/3546
f 4482/1399/3550 4478/1401/3546 4481/1402/3549
f 4483/1395/3551 4478/1401/3546 4482/1399/3550
f 4479/1386/3547 4478/1401/3546 4483/1395/3551
f 4483/1395/3551 4484/1394/3552 4479/1386/3547
f 4479/1386/3547 4484/1394/3552 4485/1393/3553
f 4486/1398/3554 4485/1393/3553 4484/1394/3552
f 4485/1393/3553 4486/1398/3554 4487/1397/3555
f 4487/1397/3555 4488/1396/3556 4485/1393/3553
f 4488/1396/3556 4487/1397/3555 4489/1387/3557
f 4490/1391/3558 4488/1396/3556 4489/1387/3557
f 4489/1387/3557 4491/1390/3559 4490/1391/3558
f 4492/1392/3560 4490/1391/3558 4491/1390/3559
f 4490/1391/3558 4492/1392/3560 4480/1385/3548
f 4480/1385/3548 4493/1384/3561 4490/1391/3558
f 4493/1384/3561 4480/1385/3548 4479/1386/3547
f 4485/1393/3553 4493/1384/3561 4479/1386/3547
f 4490/1391/3558 4493/1384/3561 4485/1393/3553
f 4485/1393/3553 4488/1396/3556 4490/1391/3558
f 4494/1389/3562 4491/1390/3559 4489/1387/3557
f 4489/1387/3557 4495/1388/3563 4494/1389/3562
f 4495/1419/3563 4489/1420/3557 4487/1421/3555
f 4487/1421/3555 4496/1415/3564 4495/1419/3563
f 4496/1415/3564 4487/1421/3555 4486/1416/3554
f 4484/1417/3552 4483/1418/3551 4497/1410/3565
f 4497/1410/3565 4486/1416/3554 4484/1417/3552
f 4486/1416/3554 4497/1410/3565 4496/1415/3564
f 4498/1411/3566 4496/1415/3564 4497/1410/3565
f 4498/1411/3566 4495/1414/3563 4496/1415/3564
f 4494/1413/3562 4495/1414/3563 4498/1411/3566
f 4498/1411/3566 4499/1412/3567 4494/1413/3562
f 4494/1413/3562 4499/1412/3567 4500/1403/3568
f 4500/1403/3568 4499/1412/3567 4482/1399/3550
f 4482/1399/3550 4481/1402/3549 4500/1403/3568
f 4497/1410/3565 4501/1400/3569 4498/1411/3566
f 4483/1395/3551 4501/1400/3569 4497/1410/3565
f 4482/1399/3550 4501/1400/3569 4483/1395/3551
f 4498/1411/3566 4501/1400/3569 4482/1399/3550
f 4482/1399/3550 4499/1412/3567 4498/1411/3566
f 4491/1405/3559 4494/1406/3562 4500/1403/3568
f 4500/1403/3568 4492/1404/3560 4491/1405/3559
f 4492/1404/3560 4500/1403/3568 4481/1402/3549
f 4481/1402/3549 4480/1407/3548 4492/1404/3560
f 4502/1469/3570 4503/1470/3525 4459/1461/3516
f 4460/1462/3517 4459/1461/3516 4503/1470/3525
f 4503/1470/3525 4504/1471/3526 4460/1462/3517
f 4463/1472/3519 4460/1462/3517 4504/1471/3526
f 4504/1471/3526 4505/1473/3527 4463/1472/3519
f 4456/1474/3513 4463/1472/3519 4505/1473/3527
f 4505/1473/3527 4457/1475/3514 4456/1474/3513
f 4458/1476/3515 4457/1475/3514 4505/1473/3527
f 4505/1473/3527 4506/1477/3528 4458/1476/3515
f 4506/1477/3528 4505/1473/3527 4504/1471/3526
f 4504/1471/3526 4507/1478/3529 4506/1477/3528
f 4502/1479/3570 4507/1478/3529 4504/1471/3526
f 4504/1471/3526 4503/1470/3525 4502/1479/3570
f 4469/1494/3531 4465/1496/3520 4458/1495/3515
f 4458/1495/3515 4506/1493/3528 4469/1494/3531
f 4471/1492/3530 4469/1494/3531 4506/1493/3528
f 4506/1493/3528 4507/1491/3529 4471/1492/3530
f 4474/1489/3523 4471/1492/3530 4507/1491/3529
f 4507/1491/3529 4502/1469/3570 4474/1489/3523
f 4508/1490/882 4474/1489/3523 4502/1469/3570
f 4502/1469/3570 4509/1486/3409 4508/1490/882
f 4459/1461/3516 4509/1486/3409 4502/1469/3570
f 4461/1463/2860 4509/1486/3409 4459/1461/3516
f 4475/1487/3521 4473/1488/3522 4474/1489/3523
f 4474/1489/3523 4508/1490/882 4475/1487/3521
f 4476/1497/3545 4475/1487/3521 4508/1490/882
f 4508/1490/882 4510/1498/3261 4476/1497/3545
f 4477/1499/3537 4476/1497/3545 4510/1498/3261
f 4510/1498/3261 4511/1500/3380 4477/1499/3537
f 4468/1501/3533 4477/1499/3537 4511/1500/3380
f 4511/1500/3380 4466/1502/3381 4468/1501/3533
f 4512/1306/3571 4513/1307/3572 4514/1308/3573
f 4514/1308/3573 4515/1309/3574 4512/1306/3571
f 4516/1310/3575 4512/1306/3571 4515/1309/3574
f 4515/1309/3574 4517/1311/3576 4516/1310/3575
f 4518/1312/3577 4516/1310/3575 4517/1311/3576
f 4517/1311/3576 4519/1313/3578 4518/1312/3577
f 4518/1312/3577 4519/1313/3578 4520/1314/881
f 4520/1314/881 4521/1315/3579 4518/1312/3577
f 4518/1312/3577 4521/1315/3579 4522/1316/3580
f 4522/1316/3580 4516/1317/3575 4518/1312/3577
f 4516/1317/3575 4522/1316/3580 4523/1318/3581
f 4523/1318/3581 4512/1319/3571 4516/1317/3575
f 4513/1320/3572 4512/1319/3571 4523/1318/3581
f 4523/1318/3581 4524/1321/3582 4513/1320/3572
f 4521/1315/3579 4520/1314/881 4525/1322/882
f 4526/1323/3380 4527/1324/3381 4528/1325/3583
f 4528/1325/3583 4529/1326/3584 4526/1323/3380
f 4530/1327/3379 4526/1323/3380 4529/1326/3584
f 4529/1326/3584 4531/1328/3585 4530/1327/3379
f 4525/1322/882 4530/1327/3379 4531/1328/3585
f 4531/1328/3585 4532/1329/3586 4525/1322/882
f 4533/1330/3587 4525/1322/882 4532/1329/3586
f 4525/1322/882 4533/1330/3587 4521/1315/3579
f 4532/1329/3586 4534/1331/3588 4533/1330/3587
f 4514/1332/3573 4513/1333/3572 4524/1334/3582
f 4524/1334/3582 4535/1335/2181 4514/1332/3573
f 4535/1335/2181 4524/1334/3582 4536/1336/3589
f 4536/1336/3589 4527/1324/3381 4535/1335/2181
f 4528/1325/3583 4527/1324/3381 4536/1336/3589
f 4536/1336/3589 4537/1337/3590 4528/1325/3583
f 4529/1326/3584 4528/1325/3583 4537/1337/3590
f 4537/1337/3590 4538/1338/3591 4529/1326/3584
f 4531/1339/3585 4529/1326/3584 4538/1338/3591
f 4538/1338/3591 4539/1340/3592 4531/1339/3585
f 4532/1341/3586 4531/1339/3585 4539/1340/3592
f 4539/1340/3592 4534/1342/3588 4532/1341/3586
f 4533/1343/3587 4534/1342/3588 4539/1340/3592
f 4539/1340/3592 4540/1344/3593 4533/1343/3587
f 4540/1344/3593 4539/1340/3592 4538/1338/3591
f 4538/1338/3591 4541/1345/3594 4540/1344/3593
f 4536/1346/3589 4541/1345/3594 4538/1338/3591
f 4538/1338/3591 4537/1337/3590 4536/1346/3589
f 4541/1347/3594 4536/1336/3589 4524/1334/3582
f 4524/1334/3582 4523/1348/3581 4541/1347/3594
f 4540/1349/3593 4541/1347/3594 4523/1348/3581
f 4523/1348/3581 4522/1350/3580 4540/1349/3593
f 4533/1351/3587 4540/1349/3593 4522/1350/3580
f 4522/1350/3580 4521/1352/3579 4533/1351/3587
f 4542/1441/3595 4543/1442/3586 4544/1438/882
f 4544/1438/882 4545/1440/3379 4542/1441/3595
f 4546/1374/3584 4542/1441/3595 4545/1440/3379
f 4545/1440/3379 4547/1371/3380 4546/1374/3584
f 4548/1373/3596 4549/1375/3591 4546/1374/3584
f 4546/1374/3584 4550/1372/3583 4548/1373/3596
f 4550/1372/3583 4546/1374/3584 4547/1371/3380
f 4547/1371/3380 4551/1364/3381 4550/1372/3583
f 4550/1372/3583 4551/1364/3381 4552/1363/3597
f 4552/1363/3597 4551/1364/3381 4553/1356/2181
f 4553/1356/2181 4554/1355/3582 4552/1363/3597
f 4554/1355/3582 4553/1356/2181 4555/1353/3573
f 4555/1353/3573 4556/1354/3572 4554/1355/3582
f 4552/1363/3597 4548/1373/3596 4550/1372/3583
f 4542/1376/3595 4546/1374/3584 4549/1375/3591
f 4549/1375/3591 4557/1377/3592 4542/1376/3595
f 4543/1378/3586 4542/1376/3595 4557/1377/3592
f 4557/1377/3592 4558/1379/3588 4543/1378/3586
f 4559/1380/3587 4558/1379/3588 4557/1377/3592
f 4557/1377/3592 4560/1381/3593 4559/1380/3587
f 4560/1381/3593 4557/1377/3592 4549/1375/3591
f 4549/1375/3591 4561/1382/3594 4560/1381/3593
f 4552/1383/3597 4561/1382/3594 4549/1375/3591
f 4549/1375/3591 4548/1373/3596 4552/1383/3597
f 4561/1365/3594 4552/1363/3597 4554/1355/3582
f 4554/1355/3582 4562/1366/3581 4561/1365/3594
f 4560/1367/3593 4561/1365/3594 4562/1366/3581
f 4562/1366/3581 4563/1368/3580 4560/1367/3593
f 4559/1369/3587 4560/1367/3593 4563/1368/3580
f 4563/1368/3580 4564/1370/3579 4559/1369/3587
f 4565/1357/3574 4555/1353/3573 4553/1356/2181
f 4553/1356/2181 4566/1358/2182 4565/1357/3574
f 4567/1359/3598 4565/1357/3574 4566/1358/2182
f 4566/1358/2182 4568/1360/3461 4567/1359/3598
f 4569/1361/3578 4567/1359/3598 4568/1360/3461
f 4568/1360/3461 4570/1362/881 4569/1361/3578
f 4571/1384/3370 4572/1385/3364 4573/1386/3366
f 4574/1387/3388 4575/1388/3347 4576/1389/3599
f 4576/1389/3599 4577/1390/3362 4574/1387/3388
f 4574/1387/3388 4577/1390/3362 4578/1391/3369
f 4579/1392/3600 4578/1391/3369 4577/1390/3362
f 4578/1391/3369 4579/1392/3600 4572/1385/3364
f 4572/1385/3364 4571/1384/3370 4578/1391/3369
f 4578/1391/3369 4571/1384/3370 4580/1393/3367
f 4580/1393/3367 4571/1384/3370 4573/1386/3366
f 4573/1386/3366 4581/1394/3601 4580/1393/3367
f 4582/1395/3602 4581/1394/3601 4573/1386/3366
f 4580/1393/3367 4583/1396/3368 4578/1391/3369
f 4578/1391/3369 4583/1396/3368 4574/1387/3388
f 4583/1396/3368 4584/1397/3349 4574/1387/3388
f 4584/1397/3349 4583/1396/3368 4580/1393/3367
f 4580/1393/3367 4585/1398/3351 4584/1397/3349
f 4585/1398/3351 4580/1393/3367 4581/1394/3601
f 4586/1399/3359 4587/1400/3361 4582/1395/3602
f 4573/1386/3366 4588/1401/3603 4582/1395/3602
f 4582/1395/3602 4588/1401/3603 4586/1399/3359
f 4586/1399/3359 4588/1401/3603 4589/1402/3604
f 4586/1399/3359 4589/1402/3604 4590/1403/3358
f 4579/1404/3600 4590/1403/3358 4589/1402/3604
f 4590/1403/3358 4579/1404/3600 4577/1405/3362
f 4577/1405/3362 4576/1406/3599 4590/1403/3358
f 4589/1402/3604 4572/1407/3364 4579/1404/3600
f 4588/1401/3603 4573/1386/3366 4572/1408/3364
f 4572/1408/3364 4589/1409/3604 4588/1401/3603
f 4582/1395/3602 4587/1400/3361 4591/1410/3354
f 4591/1410/3354 4587/1400/3361 4592/1411/3355
f 4592/1411/3355 4587/1400/3361 4586/1399/3359
f 4586/1399/3359 4593/1412/3357 4592/1411/3355
f 4590/1403/3358 4593/1412/3357 4586/1399/3359
f 4576/1413/3599 4593/1412/3357 4590/1403/3358
f 4592/1411/3355 4593/1412/3357 4576/1413/3599
f 4576/1413/3599 4575/1414/3347 4592/1411/3355
f 4592/1411/3355 4575/1414/3347 4594/1415/3350
f 4592/1411/3355 4594/1415/3350 4591/1410/3354
f 4585/1416/3351 4591/1410/3354 4594/1415/3350
f 4591/1410/3354 4585/1416/3351 4581/1417/3601
f 4581/1417/3601 4582/1418/3602 4591/1410/3354
f 4575/1419/3347 4574/1420/3388 4584/1421/3349
f 4584/1421/3349 4594/1415/3350 4575/1419/3347
f 4594/1415/3350 4584/1421/3349 4585/1416/3351
f 4595/1422/3605 4564/1423/3579 4563/1424/3580
f 4563/1424/3580 4596/1425/3575 4595/1422/3605
f 4596/1425/3575 4563/1424/3580 4562/1426/3581
f 4562/1426/3581 4597/1427/3571 4596/1425/3575
f 4556/1428/3572 4597/1427/3571 4562/1426/3581
f 4562/1426/3581 4554/1429/3582 4556/1428/3572
f 4543/1442/3586 4558/1443/3588 4559/1439/3587
f 4559/1439/3587 4544/1438/882 4543/1442/3586
f 4544/1438/882 4559/1439/3587 4564/1423/3579
f 4564/1423/3579 4570/1437/881 4544/1438/882
f 4570/1437/881 4564/1423/3579 4595/1422/3605
f 4595/1422/3605 4569/1436/3578 4570/1437/881
f 4567/1435/3598 4569/1436/3578 4595/1422/3605
f 4595/1422/3605 4596/1434/3575 4567/1435/3598
f 4565/1433/3574 4567/1435/3598 4596/1434/3575
f 4596/1434/3575 4597/1430/3571 4565/1433/3574
f 4555/1432/3573 4565/1433/3574 4597/1430/3571
f 4597/1430/3571 4556/1431/3572 4555/1432/3573
f 4598/1444/3571 4599/1445/3572 4600/1446/3606
f 4600/1446/3606 4601/1447/3574 4598/1444/3571
f 4602/1448/3607 4598/1444/3571 4601/1447/3574
f 4601/1447/3574 4603/1449/3598 4602/1448/3607
f 4604/1450/3608 4602/1448/3607 4603/1449/3598
f 4603/1449/3598 4605/1451/3578 4604/1450/3608
f 4604/1450/3608 4605/1451/3578 4606/1452/881
f 4606/1452/881 4607/1453/3579 4604/1450/3608
f 4604/1450/3608 4607/1453/3579 4608/1454/3580
f 4608/1454/3580 4602/1455/3607 4604/1450/3608
f 4602/1455/3607 4608/1454/3580 4609/1456/3581
f 4609/1456/3581 4598/1457/3571 4602/1455/3607
f 4599/1458/3572 4598/1457/3571 4609/1456/3581
f 4609/1456/3581 4610/1459/3582 4599/1458/3572
f 4607/1453/3579 4606/1452/881 4611/1460/882
f 4612/1461/3583 4613/1462/3609 4614/1463/3380
f 4615/1464/3379 4614/1463/3380 4613/1462/3609
f 4613/1462/3609 4616/1465/3595 4615/1464/3379
f 4611/1460/882 4615/1464/3379 4616/1465/3595
f 4616/1465/3595 4617/1466/3586 4611/1460/882
f 4618/1467/3587 4611/1460/882 4617/1466/3586
f 4611/1460/882 4618/1467/3587 4607/1453/3579
f 4617/1466/3586 4619/1468/3588 4618/1467/3587
f 4620/1469/3589 4621/1470/3610 4612/1461/3583
f 4613/1462/3609 4612/1461/3583 4621/1470/3610
f 4621/1470/3610 4622/1471/3611 4613/1462/3609
f 4616/1472/3595 4613/1462/3609 4622/1471/3611
f 4622/1471/3611 4623/1473/3592 4616/1472/3595
f 4617/1474/3586 4616/1472/3595 4623/1473/3592
f 4623/1473/3592 4619/1475/3588 4617/1474/3586
f 4618/1476/3587 4619/1475/3588 4623/1473/3592
f 4623/1473/3592 4624/1477/3593 4618/1476/3587
f 4624/1477/3593 4623/1473/3592 4622/1471/3611
f 4622/1471/3611 4625/1478/3612 4624/1477/3593
f 4620/1479/3589 4625/1478/3612 4622/1471/3611
f 4622/1471/3611 4621/1470/3610 4620/1479/3589
f 4626/1243/3613 4627/1245/3614 4628/1246/3615
f 4628/1246/3615 4629/1244/3616 4626/1243/3613
f 4630/1242/3617 4626/1243/3613 4629/1244/3616
f 4629/1244/3616 4631/1241/3618 4630/1242/3617
f 4630/1242/3617 4631/1241/3618 4632/1240/3619
f 4632/1240/3619 4633/1239/3620 4630/1242/3617
f 4634/1255/3382 4635/1254/3621 4628/1246/3615
f 4628/1246/3615 4636/1253/3622 4634/1255/3382
f 4636/1253/3622 4628/1246/3615 4627/1245/3614
f 4627/1245/3614 4637/1252/3461 4636/1253/3622
f 4637/1252/3461 4627/1245/3614 4626/1243/3613
f 4626/1243/3613 4638/1251/881 4637/1252/3461
f 4638/1251/881 4626/1243/3613 4630/1249/3617
f 4630/1249/3617 4639/1250/882 4638/1251/881
f 4639/1250/882 4630/1249/3617 4633/1248/3620
f 4633/1248/3620 4640/1247/3379 4639/1250/882
f 4641/1257/3623 4634/1255/3382 4636/1253/3622
f 4636/1253/3622 4642/1256/3624 4641/1257/3623
f 4643/1259/3379 4641/1257/3623 4642/1256/3624
f 4642/1256/3624 4632/1258/3619 4643/1259/3379
f 4643/1259/3379 4632/1258/3619 4631/1261/3618
f 4631/1261/3618 4644/1260/882 4643/1259/3379
f 4645/1263/3625 4644/1260/882 4631/1261/3618
f 4631/1261/3618 4629/1262/3616 4645/1263/3625
f 4645/1263/3625 4629/1262/3616 4628/1265/3615
f 4628/1265/3615 4635/1264/3621 4645/1263/3625
f 4632/1258/3619 4642/1256/3624 4640/1267/3379
f 4640/1267/3379 4633/1266/3620 4632/1258/3619
f 4646/1503/3626 4647/1504/3461 4648/1505/3627
f 4648/1505/3627 4649/1506/3628 4646/1503/3626
f 4650/1507/3629 4651/1508/3630 4652/1509/3631
f 4652/1509/3631 4653/1510/882 4650/1507/3629
f 4654/1511/3632 4653/1510/882 4652/1509/3631
f 4652/1509/3631 4655/1512/3633 4654/1511/3632
f 4654/1511/3632 4655/1512/3633 4649/1506/3628
f 4649/1506/3628 4656/1513/3634 4654/1511/3632
f 4657/1514/3384 4656/1513/3634 4649/1506/3628
f 4649/1506/3628 4648/1505/3627 4657/1514/3384
f 4658/1515/3635 4657/1514/3384 4648/1505/3627
f 4648/1505/3627 4659/1516/3636 4658/1515/3635
f 4650/1517/3629 4658/1515/3635 4659/1516/3636
f 4659/1516/3636 4651/1518/3630 4650/1517/3629
f 4651/1518/3630 4659/1516/3636 4660/1519/3379
f 4660/1519/3379 4661/1520/3637 4651/1518/3630
f 4661/1520/3637 4660/1519/3379 4662/1521/882
f 4662/1521/882 4663/1522/3638 4661/1520/3637
f 4663/1522/3638 4662/1521/882 4664/1523/881
f 4664/1523/881 4665/1524/3639 4663/1522/3638
f 4665/1524/3639 4664/1523/881 4647/1525/3461
f 4647/1525/3461 4646/1526/3626 4665/1524/3639
f 4646/1527/3626 4649/1528/3628 4655/1529/3633
f 4655/1529/3633 4665/1530/3639 4646/1527/3626
f 4663/1522/3638 4665/1530/3639 4655/1529/3633
f 4655/1529/3633 4652/1531/3631 4663/1522/3638
f 4661/1520/3637 4663/1522/3638 4652/1531/3631
f 4652/1531/3631 4651/1518/3630 4661/1520/3637
f 4666/1234/3424 4667/1233/3640 4668/1223/3426
f 4669/1229/3427 4670/1236/3428 4671/1235/3429
f 4671/1235/3429 4672/1231/3430 4669/1229/3427
f 4669/1229/3427 4672/1231/3430 4673/1230/3431
f 4674/1232/3432 4673/1230/3431 4672/1231/3430
f 4673/1230/3431 4674/1232/3432 4667/1233/3640
f 4667/1233/3640 4666/1234/3424 4673/1230/3431
f 4673/1230/3431 4666/1234/3424 4675/1225/3433
f 4675/1225/3433 4666/1234/3424 4668/1223/3426
f 4668/1223/3426 4676/1224/3434 4675/1225/3433
f 4677/1217/3435 4676/1224/3434 4668/1223/3426
f 4675/1225/3433 4678/1228/3436 4673/1230/3431
f 4673/1230/3431 4678/1228/3436 4669/1229/3427
f 4678/1228/3436 4679/1227/3641 4669/1229/3427
f 4679/1227/3641 4678/1228/3436 4675/1225/3433
f 4675/1225/3433 4680/1226/3438 4679/1227/3641
f 4680/1226/3438 4675/1225/3433 4676/1224/3434
f 4681/1214/3439 4682/1216/3440 4677/1217/3435
f 4668/1223/3426 4683/1222/3441 4677/1217/3435
f 4677/1217/3435 4683/1222/3441 4681/1214/3439
f 4681/1214/3439 4683/1222/3441 4684/1215/3442
f 4681/1214/3439 4684/1215/3442 4685/1213/3642
f 4674/1220/3432 4685/1213/3642 4684/1215/3442
f 4685/1213/3642 4674/1220/3432 4672/1218/3430
f 4672/1218/3430 4671/1219/3429 4685/1213/3642
f 4684/1215/3442 4667/1221/3640 4674/1220/3432
f 4683/1222/3441 4668/1223/3426 4667/1237/3640
f 4667/1237/3640 4684/1238/3442 4683/1222/3441
f 4677/1217/3435 4682/1216/3440 4686/1208/3643
f 4686/1208/3643 4682/1216/3440 4687/1209/3445
f 4687/1209/3445 4682/1216/3440 4681/1214/3439
f 4681/1214/3439 4688/1212/3446 4687/1209/3445
f 4685/1213/3642 4688/1212/3446 4681/1214/3439
f 4671/1211/3429 4688/1212/3446 4685/1213/3642
f 4687/1209/3445 4688/1212/3446 4671/1211/3429
f 4671/1211/3429 4670/1210/3428 4687/1209/3445
f 4687/1209/3445 4670/1210/3428 4689/1204/3447
f 4687/1209/3445 4689/1204/3447 4686/1208/3643
f 4680/1205/3438 4686/1208/3643 4689/1204/3447
f 4686/1208/3643 4680/1205/3438 4676/1206/3434
f 4676/1206/3434 4677/1207/3435 4686/1208/3643
f 4670/1201/3428 4669/1202/3427 4679/1203/3641
f 4679/1203/3641 4689/1204/3447 4670/1201/3428
f 4689/1204/3447 4679/1203/3641 4680/1205/3438
f 4690/1239/3626 4691/1240/3628 4692/1241/3633
f 4692/1241/3633 4693/1242/3639 4690/1239/3626
f 4694/1243/3644 4693/1242/3639 4692/1241/3633
f 4692/1241/3633 4695/1244/3645 4694/1243/3644
f 4696/1245/3637 4694/1243/3644 4695/1244/3645
f 4695/1244/3645 4697/1246/3630 4696/1245/3637
f 4698/1247/3461 4690/1248/3626 4693/1249/3639
f 4693/1249/3639 4699/1250/881 4698/1247/3461
f 4699/1250/881 4693/1249/3639 4694/1243/3644
f 4694/1243/3644 4700/1251/882 4699/1250/881
f 4700/1251/882 4694/1243/3644 4696/1245/3637
f 4696/1245/3637 4701/1252/3379 4700/1251/882
f 4701/1252/3379 4696/1245/3637 4697/1246/3630
f 4697/1246/3630 4702/1253/3636 4701/1252/3379
f 4702/1253/3636 4697/1246/3630 4703/1254/3646
f 4703/1254/3646 4704/1255/3635 4702/1253/3636
f 4705/1256/3627 4702/1253/3636 4704/1255/3635
f 4704/1255/3635 4706/1257/3384 4705/1256/3627
f 4691/1258/3628 4705/1256/3627 4706/1257/3384
f 4706/1257/3384 4707/1259/3634 4691/1258/3628
f 4691/1258/3628 4707/1259/3634 4708/1260/3632
f 4708/1260/3632 4692/1261/3633 4691/1258/3628
f 4695/1262/3645 4692/1261/3633 4708/1260/3632
f 4708/1260/3632 4709/1263/882 4695/1262/3645
f 4695/1262/3645 4709/1263/882 4703/1264/3646
f 4703/1264/3646 4697/1265/3630 4695/1262/3645
f 4690/1266/3626 4698/1267/3461 4705/1256/3627
f 4705/1256/3627 4691/1258/3628 4690/1266/3626
f 4710/1286/3442 4711/1291/3640 4712/1288/3647
f 4713/1283/3439 4710/1286/3442 4714/1287/3642
f 4712/1288/3647 4714/1287/3642 4710/1286/3442
f 4714/1287/3642 4712/1288/3647 4715/1289/3430
f 4715/1289/3430 4716/1290/3429 4714/1287/3642
f 4713/1283/3439 4717/1284/3440 4718/1279/3435
f 4718/1279/3435 4717/1284/3440 4719/1294/3444
f 4719/1294/3444 4717/1284/3440 4720/1295/3445
f 4720/1295/3445 4721/1299/3447 4719/1294/3444
f 4720/1295/3445 4722/1298/3428 4721/1299/3447
f 4716/1297/3429 4722/1298/3428 4720/1295/3445
f 4720/1295/3445 4723/1296/3446 4716/1297/3429
f 4716/1297/3429 4723/1296/3446 4714/1287/3642
f 4714/1287/3642 4723/1296/3446 4713/1283/3439
f 4713/1283/3439 4723/1296/3446 4720/1295/3445
f 4720/1295/3445 4717/1284/3440 4713/1283/3439
f 4724/1301/3434 4718/1302/3435 4719/1294/3444
f 4719/1294/3444 4725/1300/3438 4724/1301/3434
f 4725/1300/3438 4719/1294/3444 4721/1299/3447
f 4721/1299/3447 4726/1305/3648 4725/1300/3438
f 4726/1305/3648 4721/1299/3447 4722/1303/3428
f 4722/1303/3428 4727/1304/3427 4726/1305/3648
f 4728/1275/3431 4729/1280/3436 4727/1271/3427
f 4729/1280/3436 4726/1281/3648 4727/1271/3427
f 4726/1281/3648 4729/1280/3436 4730/1277/3433
f 4730/1277/3433 4725/1282/3438 4726/1281/3648
f 4725/1282/3438 4730/1277/3433 4724/1278/3434
f 4731/1270/3426 4724/1278/3434 4730/1277/3433
f 4718/1279/3435 4724/1278/3434 4731/1270/3426
f 4731/1270/3426 4732/1285/3441 4718/1279/3435
f 4718/1279/3435 4732/1285/3441 4713/1283/3439
f 4713/1283/3439 4732/1285/3441 4710/1286/3442
f 4732/1285/3441 4731/1270/3426 4711/1292/3640
f 4711/1292/3640 4710/1293/3442 4732/1285/3441
f 4727/1271/3427 4722/1272/3428 4716/1273/3429
f 4716/1273/3429 4715/1274/3430 4727/1271/3427
f 4727/1271/3427 4715/1274/3430 4728/1275/3431
f 4712/1276/3647 4728/1275/3431 4715/1274/3430
f 4728/1275/3431 4712/1276/3647 4711/1269/3640
f 4711/1269/3640 4733/1268/3424 4728/1275/3431
f 4733/1268/3424 4711/1269/3640 4731/1270/3426
f 4730/1277/3433 4733/1268/3424 4731/1270/3426
f 4728/1275/3431 4733/1268/3424 4730/1277/3433
f 4730/1277/3433 4729/1280/3436 4728/1275/3431
f 4734/1527/3649 4735/1528/3650 4736/1529/3651
f 4736/1529/3651 4737/1530/3652 4734/1527/3649
f 4738/1522/3653 4737/1530/3652 4736/1529/3651
f 4736/1529/3651 4739/1531/3654 4738/1522/3653
f 4740/1520/3655 4738/1522/3653 4739/1531/3654
f 4739/1531/3654 4741/1518/3656 4740/1520/3655
f 4742/1525/3380 4734/1526/3649 4737/1524/3652
f 4737/1524/3652 4743/1523/3381 4742/1525/3380
f 4743/1523/3381 4737/1524/3652 4738/1522/3653
f 4738/1522/3653 4744/1521/2181 4743/1523/3381
f 4744/1521/2181 4738/1522/3653 4740/1520/3655
f 4740/1520/3655 4745/1519/3518 4744/1521/2181
f 4745/1519/3518 4740/1520/3655 4741/1518/3656
f 4741/1518/3656 4746/1516/3657 4745/1519/3518
f 4746/1516/3657 4741/1518/3656 4747/1517/3658
f 4747/1517/3658 4748/1515/2190 4746/1516/3657
f 4749/1505/3659 4746/1516/3657 4748/1515/2190
f 4748/1515/2190 4750/1514/3660 4749/1505/3659
f 4735/1506/3650 4749/1505/3659 4750/1514/3660
f 4750/1514/3660 4751/1513/3661 4735/1506/3650
f 4735/1506/3650 4751/1513/3661 4752/1511/3662
f 4752/1511/3662 4736/1512/3651 4735/1506/3650
f 4739/1509/3654 4736/1512/3651 4752/1511/3662
f 4752/1511/3662 4753/1510/2181 4739/1509/3654
f 4739/1509/3654 4753/1510/2181 4747/1507/3658
f 4747/1507/3658 4741/1508/3656 4739/1509/3654
f 4734/1503/3649 4742/1504/3380 4749/1505/3659
f 4749/1505/3659 4735/1506/3650 4734/1503/3649
f 4754/1243/3663 4755/1245/3664 4756/1246/3665
f 4756/1246/3665 4757/1244/3666 4754/1243/3663
f 4758/1242/3667 4754/1243/3663 4757/1244/3666
f 4757/1244/3666 4759/1241/3668 4758/1242/3667
f 4758/1242/3667 4759/1241/3668 4760/1240/3669
f 4760/1240/3669 4761/1239/3670 4758/1242/3667
f 4762/1255/3671 4763/1254/3672 4756/1246/3665
f 4756/1246/3665 4764/1253/3673 4762/1255/3671
f 4764/1253/3673 4756/1246/3665 4755/1245/3664
f 4755/1245/3664 4765/1252/3380 4764/1253/3673
f 4765/1252/3380 4755/1245/3664 4754/1243/3663
f 4754/1243/3663 4766/1251/3381 4765/1252/3380
f 4766/1251/3381 4754/1243/3663 4758/1249/3667
f 4758/1249/3667 4767/1250/2181 4766/1251/3381
f 4767/1250/2181 4758/1249/3667 4761/1248/3670
f 4761/1248/3670 4768/1247/2182 4767/1250/2181
f 4769/1257/3674 4762/1255/3671 4764/1253/3673
f 4764/1253/3673 4770/1256/3675 4769/1257/3674
f 4771/1259/2182 4769/1257/3674 4770/1256/3675
f 4770/1256/3675 4760/1258/3669 4771/1259/2182
f 4771/1259/2182 4760/1258/3669 4759/1261/3668
f 4759/1261/3668 4772/1260/2181 4771/1259/2182
f 4773/1263/3662 4772/1260/2181 4759/1261/3668
f 4759/1261/3668 4757/1262/3666 4773/1263/3662
f 4773/1263/3662 4757/1262/3666 4756/1265/3665
f 4756/1265/3665 4763/1264/3672 4773/1263/3662
f 4760/1258/3669 4770/1256/3675 4768/1267/2182
f 4768/1267/2182 4761/1266/3670 4760/1258/3669
f 4774/1222/3676 4775/1223/3487 4776/1237/3486
f 4776/1237/3486 4777/1238/3503 4774/1222/3676
f 4778/1234/3485 4776/1233/3486 4775/1223/3487
f 4779/1229/3488 4780/1236/3489 4781/1235/3490
f 4781/1235/3490 4782/1231/3491 4779/1229/3488
f 4779/1229/3488 4782/1231/3491 4783/1230/3492
f 4784/1232/3493 4783/1230/3492 4782/1231/3491
f 4783/1230/3492 4784/1232/3493 4776/1233/3486
f 4776/1233/3486 4778/1234/3485 4783/1230/3492
f 4783/1230/3492 4778/1234/3485 4785/1225/3494
f 4785/1225/3494 4778/1234/3485 4775/1223/3487
f 4775/1223/3487 4786/1224/3677 4785/1225/3494
f 4787/1217/3678 4786/1224/3677 4775/1223/3487
f 4785/1225/3494 4788/1228/3497 4783/1230/3492
f 4783/1230/3492 4788/1228/3497 4779/1229/3488
f 4788/1228/3497 4789/1227/3679 4779/1229/3488
f 4789/1227/3679 4788/1228/3497 4785/1225/3494
f 4785/1225/3494 4790/1226/3499 4789/1227/3679
f 4790/1226/3499 4785/1225/3494 4786/1224/3677
f 4791/1214/3500 4792/1216/3501 4787/1217/3678
f 4775/1223/3487 4774/1222/3676 4787/1217/3678
f 4787/1217/3678 4774/1222/3676 4791/1214/3500
f 4791/1214/3500 4774/1222/3676 4777/1215/3503
f 4791/1214/3500 4777/1215/3503 4793/1213/3504
f 4784/1220/3493 4793/1213/3504 4777/1215/3503
f 4793/1213/3504 4784/1220/3493 4782/1218/3491
f 4782/1218/3491 4781/1219/3490 4793/1213/3504
f 4777/1215/3503 4776/1221/3486 4784/1220/3493
f 4787/1217/3678 4792/1216/3501 4794/1208/3680
f 4794/1208/3680 4792/1216/3501 4795/1209/3506
f 4795/1209/3506 4792/1216/3501 4791/1214/3500
f 4791/1214/3500 4796/1212/3507 4795/1209/3506
f 4793/1213/3504 4796/1212/3507 4791/1214/3500
f 4781/1211/3490 4796/1212/3507 4793/1213/3504
f 4795/1209/3506 4796/1212/3507 4781/1211/3490
f 4781/1211/3490 4780/1210/3489 4795/1209/3506
f 4795/1209/3506 4780/1210/3489 4797/1204/3508
f 4795/1209/3506 4797/1204/3508 4794/1208/3680
f 4790/1205/3499 4794/1208/3680 4797/1204/3508
f 4794/1208/3680 4790/1205/3499 4786/1206/3677
f 4786/1206/3677 4787/1207/3678 4794/1208/3680
f 4780/1201/3489 4779/1202/3488 4789/1203/3679
f 4789/1203/3679 4797/1204/3508 4780/1201/3489
f 4797/1204/3508 4789/1203/3679 4790/1205/3499
f 4798/1505/3681 4799/1516/3671 4800/1515/3660
f 4800/1515/3660 4801/1514/3635 4798/1505/3681
f 4802/1506/3682 4798/1505/3681 4801/1514/3635
f 4801/1514/3635 4803/1513/3683 4802/1506/3682
f 4802/1506/3682 4803/1513/3683 4804/1511/3684
f 4804/1511/3684 4805/1512/3685 4802/1506/3682
f 4806/1509/3686 4805/1512/3685 4804/1511/3684
f 4804/1511/3684 4807/1510/3461 4806/1509/3686
f 4806/1509/3686 4807/1510/3461 4808/1507/3687
f 4808/1507/3687 4809/1508/3688 4806/1509/3686
f 4810/1503/3689 4811/1504/2181 4798/1505/3681
f 4798/1505/3681 4802/1506/3682 4810/1503/3689
f 4812/1301/3495 4813/1302/3496 4814/1294/3505
f 4814/1294/3505 4815/1300/3499 4812/1301/3495
f 4815/1300/3499 4814/1294/3505 4816/1299/3508
f 4816/1299/3508 4817/1305/3679 4815/1300/3499
f 4817/1305/3679 4816/1299/3508 4818/1303/3489
f 4818/1303/3489 4819/1304/3488 4817/1305/3679
f 4820/1283/3500 4821/1286/3690 4822/1287/3504
f 4820/1283/3500 4823/1285/3691 4821/1286/3690
f 4813/1279/3496 4823/1285/3691 4820/1283/3500
f 4820/1283/3500 4824/1284/3692 4813/1279/3496
f 4813/1279/3496 4824/1284/3692 4814/1294/3505
f 4814/1294/3505 4824/1284/3692 4825/1295/3506
f 4825/1295/3506 4816/1299/3508 4814/1294/3505
f 4825/1295/3506 4818/1298/3489 4816/1299/3508
f 4826/1297/3490 4818/1298/3489 4825/1295/3506
f 4825/1295/3506 4827/1296/3507 4826/1297/3490
f 4826/1297/3490 4827/1296/3507 4822/1287/3504
f 4822/1287/3504 4827/1296/3507 4820/1283/3500
f 4820/1283/3500 4827/1296/3507 4825/1295/3506
f 4825/1295/3506 4824/1284/3692 4820/1283/3500
f 4828/1292/3486 4821/1293/3690 4823/1285/3691
f 4823/1285/3691 4829/1270/3693 4828/1292/3486
f 4829/1270/3693 4823/1285/3691 4813/1279/3496
f 4813/1279/3496 4812/1278/3495 4829/1270/3693
f 4829/1270/3693 4812/1278/3495 4830/1277/3494
f 4815/1282/3499 4830/1277/3494 4812/1278/3495
f 4830/1277/3494 4815/1282/3499 4817/1281/3679
f 4817/1281/3679 4831/1280/3497 4830/1277/3494
f 4831/1280/3497 4817/1281/3679 4819/1271/3488
f 4832/1275/3492 4831/1280/3497 4819/1271/3488
f 4819/1271/3488 4833/1274/3491 4832/1275/3492
f 4834/1276/3493 4832/1275/3492 4833/1274/3491
f 4832/1275/3492 4834/1276/3493 4828/1269/3486
f 4828/1269/3486 4835/1268/3485 4832/1275/3492
f 4835/1268/3485 4828/1269/3486 4829/1270/3693
f 4830/1277/3494 4835/1268/3485 4829/1270/3693
f 4832/1275/3492 4835/1268/3485 4830/1277/3494
f 4830/1277/3494 4831/1280/3497 4832/1275/3492
f 4826/1273/3490 4833/1274/3491 4819/1271/3488
f 4819/1271/3488 4818/1272/3489 4826/1273/3490
f 4810/1527/3689 4802/1528/3682 4805/1529/3685
f 4805/1529/3685 4836/1530/3694 4810/1527/3689
f 4837/1522/3695 4836/1530/3694 4805/1529/3685
f 4805/1529/3685 4806/1531/3686 4837/1522/3695
f 4838/1520/3696 4837/1522/3695 4806/1531/3686
f 4806/1531/3686 4809/1518/3688 4838/1520/3696
f 4811/1525/2181 4810/1526/3689 4836/1524/3694
f 4836/1524/3694 4839/1523/2182 4811/1525/2181
f 4839/1523/2182 4836/1524/3694 4837/1522/3695
f 4837/1522/3695 4840/1521/3461 4839/1523/2182
f 4840/1521/3461 4837/1522/3695 4838/1520/3696
f 4838/1520/3696 4841/1519/881 4840/1521/3461
f 4841/1519/881 4838/1520/3696 4809/1518/3688
f 4809/1518/3688 4799/1516/3671 4841/1519/881
f 4799/1516/3671 4809/1518/3688 4808/1517/3687
f 4808/1517/3687 4800/1515/3660 4799/1516/3671
f 4842/1258/3697 4843/1256/3673 4844/1267/881
f 4844/1267/881 4845/1266/3698 4842/1258/3697
f 4846/1257/3699 4847/1255/3636 4848/1253/3624
f 4848/1253/3624 4843/1256/3673 4846/1257/3699
f 4849/1259/881 4846/1257/3699 4843/1256/3673
f 4843/1256/3673 4842/1258/3697 4849/1259/881
f 4849/1259/881 4842/1258/3697 4850/1261/3700
f 4850/1261/3700 4851/1260/3461 4849/1259/881
f 4852/1263/3701 4851/1260/3461 4850/1261/3700
f 4850/1261/3700 4853/1262/3702 4852/1263/3701
f 4852/1263/3701 4853/1262/3702 4854/1265/3703
f 4854/1265/3703 4855/1264/3704 4852/1263/3701
f 4847/1255/3636 4855/1254/3704 4854/1246/3703
f 4854/1246/3703 4848/1253/3624 4847/1255/3636
f 4848/1253/3624 4854/1246/3703 4856/1245/3705
f 4856/1245/3705 4857/1252/2181 4848/1253/3624
f 4857/1252/2181 4856/1245/3705 4858/1243/3706
f 4858/1243/3706 4859/1251/2182 4857/1252/2181
f 4859/1251/2182 4858/1243/3706 4860/1249/3707
f 4860/1249/3707 4861/1250/3461 4859/1251/2182
f 4861/1250/3461 4860/1249/3707 4845/1248/3698
f 4845/1248/3698 4844/1247/881 4861/1250/3461
f 4858/1243/3706 4856/1245/3705 4854/1246/3703
f 4854/1246/3703 4853/1244/3702 4858/1243/3706
f 4860/1242/3707 4858/1243/3706 4853/1244/3702
f 4853/1244/3702 4850/1241/3700 4860/1242/3707
f 4860/1242/3707 4850/1241/3700 4842/1240/3697
f 4842/1240/3697 4845/1239/3698 4860/1242/3707
f 4862/1234/3561 4863/1233/3548 4864/1223/3547
f 4865/1229/3708 4866/1236/3563 4867/1235/3562
f 4867/1235/3562 4868/1231/3709 4865/1229/3708
f 4865/1229/3708 4868/1231/3709 4869/1230/3558
f 4870/1232/3560 4869/1230/3558 4868/1231/3709
f 4869/1230/3558 4870/1232/3560 4863/1233/3548
f 4863/1233/3548 4862/1234/3561 4869/1230/3558
f 4869/1230/3558 4862/1234/3561 4871/1225/3710
f 4871/1225/3710 4862/1234/3561 4864/1223/3547
f 4864/1223/3547 4872/1224/3552 4871/1225/3710
f 4873/1217/3711 4872/1224/3552 4864/1223/3547
f 4871/1225/3710 4874/1228/3556 4869/1230/3558
f 4869/1230/3558 4874/1228/3556 4865/1229/3708
f 4874/1228/3556 4875/1227/3712 4865/1229/3708
f 4875/1227/3712 4874/1228/3556 4871/1225/3710
f 4871/1225/3710 4876/1226/3554 4875/1227/3712
f 4876/1226/3554 4871/1225/3710 4872/1224/3552
f 4877/1214/3713 4878/1216/3714 4873/1217/3711
f 4864/1223/3547 4879/1222/3715 4873/1217/3711
f 4873/1217/3711 4879/1222/3715 4877/1214/3713
f 4877/1214/3713 4879/1222/3715 4880/1215/3549
f 4877/1214/3713 4880/1215/3549 4881/1213/3568
f 4870/1220/3560 4881/1213/3568 4880/1215/3549
f 4881/1213/3568 4870/1220/3560 4868/1218/3709
f 4868/1218/3709 4867/1219/3562 4881/1213/3568
f 4880/1215/3549 4863/1221/3548 4870/1220/3560
f 4879/1222/3715 4864/1223/3547 4863/1237/3548
f 4863/1237/3548 4880/1238/3549 4879/1222/3715
f 4873/1217/3711 4878/1216/3714 4882/1208/3565
f 4882/1208/3565 4878/1216/3714 4883/1209/3566
f 4883/1209/3566 4878/1216/3714 4877/1214/3713
f 4877/1214/3713 4884/1212/3567 4883/1209/3566
f 4881/1213/3568 4884/1212/3567 4877/1214/3713
f 4867/1211/3562 4884/1212/3567 4881/1213/3568
f 4883/1209/3566 4884/1212/3567 4867/1211/3562
f 4867/1211/3562 4866/1210/3563 4883/1209/3566
f 4883/1209/3566 4866/1210/3563 4885/1204/3564
f 4883/1209/3566 4885/1204/3564 4882/1208/3565
f 4876/1205/3554 4882/1208/3565 4885/1204/3564
f 4882/1208/3565 4876/1205/3554 4872/1206/3552
f 4872/1206/3552 4873/1207/3711 4882/1208/3565
f 4866/1201/3563 4865/1202/3708 4875/1203/3712
f 4875/1203/3712 4885/1204/3564 4866/1201/3563
f 4885/1204/3564 4875/1203/3712 4876/1205/3554
f 4886/1285/3546 4887/1270/3547 4888/1292/3548
f 4888/1292/3548 4889/1293/3549 4886/1285/3546
f 4890/1268/3561 4888/1269/3548 4887/1270/3547
f 4891/1271/3557 4892/1272/3563 4893/1273/3562
f 4893/1273/3562 4894/1274/3709 4891/1271/3557
f 4891/1271/3557 4894/1274/3709 4895/1275/3558
f 4896/1276/3560 4895/1275/3558 4894/1274/3709
f 4895/1275/3558 4896/1276/3560 4888/1269/3548
f 4888/1269/3548 4890/1268/3561 4895/1275/3558
f 4895/1275/3558 4890/1268/3561 4897/1277/3553
f 4897/1277/3553 4890/1268/3561 4887/1270/3547
f 4887/1270/3547 4898/1278/3552 4897/1277/3553
f 4899/1279/3551 4898/1278/3552 4887/1270/3547
f 4897/1277/3553 4900/1280/3556 4895/1275/3558
f 4895/1275/3558 4900/1280/3556 4891/1271/3557
f 4900/1280/3556 4901/1281/3712 4891/1271/3557
f 4901/1281/3712 4900/1280/3556 4897/1277/3553
f 4897/1277/3553 4902/1282/3554 4901/1281/3712
f 4902/1282/3554 4897/1277/3553 4898/1278/3552
f 4903/1283/3550 4904/1284/3569 4899/1279/3551
f 4887/1270/3547 4886/1285/3546 4899/1279/3551
f 4899/1279/3551 4886/1285/3546 4903/1283/3550
f 4903/1283/3550 4886/1285/3546 4889/1286/3549
f 4903/1283/3550 4889/1286/3549 4905/1287/3568
f 4896/1288/3560 4905/1287/3568 4889/1286/3549
f 4905/1287/3568 4896/1288/3560 4894/1289/3709
f 4894/1289/3709 4893/1290/3562 4905/1287/3568
f 4889/1286/3549 4888/1291/3548 4896/1288/3560
f 4899/1279/3551 4904/1284/3569 4906/1294/3565
f 4906/1294/3565 4904/1284/3569 4907/1295/3566
f 4907/1295/3566 4904/1284/3569 4903/1283/3550
f 4903/1283/3550 4908/1296/3567 4907/1295/3566
f 4905/1287/3568 4908/1296/3567 4903/1283/3550
f 4893/1297/3562 4908/1296/3567 4905/1287/3568
f 4907/1295/3566 4908/1296/3567 4893/1297/3562
f 4893/1297/3562 4892/1298/3563 4907/1295/3566
f 4907/1295/3566 4892/1298/3563 4909/1299/3564
f 4907/1295/3566 4909/1299/3564 4906/1294/3565
f 4902/1300/3554 4906/1294/3565 4909/1299/3564
f 4906/1294/3565 4902/1300/3554 4898/1301/3552
f 4898/1301/3552 4899/1302/3551 4906/1294/3565
f 4892/1303/3563 4891/1304/3557 4901/1305/3712
f 4901/1305/3712 4909/1299/3564 4892/1303/3563
f 4909/1299/3564 4901/1305/3712 4902/1300/3554
f 4910/1243/3716 4911/1245/3717 4912/1246/3718
f 4912/1246/3718 4913/1244/3719 4910/1243/3716
f 4914/1242/3720 4910/1243/3716 4913/1244/3719
f 4913/1244/3719 4915/1241/3721 4914/1242/3720
f 4914/1242/3720 4915/1241/3721 4916/1240/3722
f 4916/1240/3722 4917/1239/3723 4914/1242/3720
f 4918/1255/3657 4919/1254/3724 4912/1246/3718
f 4912/1246/3718 4920/1253/3675 4918/1255/3657
f 4920/1253/3675 4912/1246/3718 4911/1245/3717
f 4911/1245/3717 4921/1252/882 4920/1253/3675
f 4921/1252/882 4911/1245/3717 4910/1243/3716
f 4910/1243/3716 4922/1251/3379 4921/1252/882
f 4922/1251/3379 4910/1243/3716 4914/1249/3720
f 4914/1249/3720 4923/1250/3380 4922/1251/3379
f 4923/1250/3380 4914/1249/3720 4917/1248/3723
f 4917/1248/3723 4924/1247/3381 4923/1250/3380
f 4925/1257/3725 4918/1255/3657 4920/1253/3675
f 4920/1253/3675 4926/1256/3622 4925/1257/3725
f 4927/1259/3381 4925/1257/3725 4926/1256/3622
f 4926/1256/3622 4916/1258/3722 4927/1259/3381
f 4927/1259/3381 4916/1258/3722 4915/1261/3721
f 4915/1261/3721 4928/1260/843 4927/1259/3381
f 4929/1263/3387 4928/1260/843 4915/1261/3721
f 4915/1261/3721 4913/1262/3719 4929/1263/3387
f 4929/1263/3387 4913/1262/3719 4912/1265/3718
f 4912/1265/3718 4919/1264/3724 4929/1263/3387
f 4916/1258/3722 4926/1256/3622 4924/1267/3381
f 4924/1267/3381 4917/1266/3723 4916/1258/3722
f 4930/1527/3371 4931/1528/3372 4932/1529/3373
f 4932/1529/3373 4933/1530/3374 4930/1527/3371
f 4934/1522/3375 4933/1530/3374 4932/1529/3373
f 4932/1529/3373 4935/1531/3376 4934/1522/3375
f 4936/1520/3377 4934/1522/3375 4935/1531/3376
f 4935/1531/3376 4937/1518/3378 4936/1520/3377
f 4938/1517/3726 4939/1515/3384 4940/1516/3382
f 4940/1516/3382 4937/1518/3378 4938/1517/3726
f 4937/1518/3378 4940/1516/3382 4941/1519/3381
f 4941/1519/3381 4936/1520/3377 4937/1518/3378
f 4936/1520/3377 4941/1519/3381 4942/1521/3380
f 4942/1521/3380 4934/1522/3375 4936/1520/3377
f 4934/1522/3375 4942/1521/3380 4943/1523/3379
f 4943/1523/3379 4933/1524/3374 4934/1522/3375
f 4933/1524/3374 4943/1523/3379 4944/1525/882
f 4944/1525/882 4930/1526/3371 4933/1524/3374
f 4938/1507/3726 4937/1508/3378 4935/1509/3376
f 4935/1509/3376 4945/1510/3380 4938/1507/3726
f 4946/1511/3387 4945/1510/3380 4935/1509/3376
f 4935/1509/3376 4932/1512/3373 4946/1511/3387
f 4946/1511/3387 4932/1512/3373 4931/1506/3372
f 4931/1506/3372 4947/1513/3386 4946/1511/3387
f 4948/1514/2190 4947/1513/3386 4931/1506/3372
f 4931/1506/3372 4949/1505/3385 4948/1514/2190
f 4939/1515/3384 4948/1514/2190 4949/1505/3385
f 4949/1505/3385 4940/1516/3382 4939/1515/3384
f 4930/1503/3371 4944/1504/882 4949/1505/3385
f 4949/1505/3385 4931/1506/3372 4930/1503/3371
f 4256/1494/3404 4255/1496/3422 4266/1495/3412
f 4266/1495/3412 4272/1493/3421 4256/1494/3404
f 4257/1492/3405 4256/1494/3404 4272/1493/3421
f 4272/1493/3421 4273/1491/3419 4257/1492/3405
f 4258/1489/3406 4257/1492/3405 4273/1491/3419
f 4273/1491/3419 4268/1469/3414 4258/1489/3406
f 4950/1490/843 4258/1489/3406 4268/1469/3414
f 4268/1469/3414 4951/1486/3379 4950/1490/843
f 4260/1461/3407 4951/1486/3379 4268/1469/3414
f 4262/1463/882 4951/1486/3379 4260/1461/3407
f 4248/1487/3397 4247/1488/3396 4258/1489/3406
f 4258/1489/3406 4950/1490/843 4248/1487/3397
f 4249/1497/3420 4248/1487/3397 4950/1490/843
f 4950/1490/843 4952/1498/3381 4249/1497/3420
f 4251/1499/3448 4249/1497/3420 4952/1498/3381
f 4952/1498/3381 4953/1500/2181 4251/1499/3448
f 4253/1501/3402 4251/1499/3448 4953/1500/2181
f 4953/1500/2181 4254/1502/2182 4253/1501/3402
f 4954/1239/3649 4955/1240/3650 4956/1241/3651
f 4956/1241/3651 4957/1242/3652 4954/1239/3649
f 4958/1243/3653 4957/1242/3652 4956/1241/3651
f 4956/1241/3651 4959/1244/3654 4958/1243/3653
f 4960/1245/3655 4958/1243/3653 4959/1244/3654
f 4959/1244/3654 4961/1246/3656 4960/1245/3655
f 4962/1247/843 4954/1248/3649 4957/1249/3652
f 4957/1249/3652 4963/1250/3727 4962/1247/843
f 4963/1250/3727 4957/1249/3652 4958/1243/3653
f 4958/1243/3653 4964/1251/2861 4963/1250/3727
f 4964/1251/2861 4958/1243/3653 4960/1245/3655
f 4960/1245/3655 4965/1252/3518 4964/1251/2861
f 4965/1252/3518 4960/1245/3655 4961/1246/3656
f 4961/1246/3656 4966/1253/3657 4965/1252/3518
f 4966/1253/3657 4961/1246/3656 4967/1254/3658
f 4967/1254/3658 4968/1255/2190 4966/1253/3657
f 4969/1256/3659 4966/1253/3657 4968/1255/2190
f 4968/1255/2190 4970/1257/3660 4969/1256/3659
f 4955/1258/3650 4969/1256/3659 4970/1257/3660
f 4970/1257/3660 4971/1259/3661 4955/1258/3650
f 4955/1258/3650 4971/1259/3661 4972/1260/3662
f 4972/1260/3662 4956/1261/3651 4955/1258/3650
f 4959/1262/3654 4956/1261/3651 4972/1260/3662
f 4972/1260/3662 4973/1263/2181 4959/1262/3654
f 4959/1262/3654 4973/1263/2181 4967/1264/3658
f 4967/1264/3658 4961/1265/3656 4959/1262/3654
f 4954/1266/3649 4962/1267/843 4969/1256/3659
f 4969/1256/3659 4955/1258/3650 4954/1266/3649
f 4163/1480/3398 4162/1332/3397 4183/1335/3380
f 4183/1335/3380 4974/1481/3381 4163/1480/3398
f 4165/1482/3400 4163/1480/3398 4974/1481/3381
f 4974/1481/3381 4975/1483/2181 4165/1482/3400
f 4167/1484/3402 4165/1482/3400 4975/1483/2181
f 4975/1483/2181 4168/1485/2182 4167/1484/3402
f 4427/1357/3536 4426/1353/3538 4447/1356/882
f 4447/1356/882 4976/1358/3379 4427/1357/3536
f 4429/1359/3537 4427/1357/3536 4976/1358/3379
f 4976/1358/3379 4977/1360/3380 4429/1359/3537
f 4431/1361/3533 4429/1359/3537 4977/1360/3380
f 4977/1360/3380 4432/1362/3381 4431/1361/3533
f 4515/1480/3574 4514/1332/3573 4535/1335/2181
f 4535/1335/2181 4978/1481/2182 4515/1480/3574
f 4517/1482/3576 4515/1480/3574 4978/1481/2182
f 4978/1481/2182 4979/1483/3461 4517/1482/3576
f 4519/1484/3578 4517/1482/3576 4979/1483/3461
f 4979/1483/3461 4520/1485/881 4519/1484/3578
f 4608/1494/3580 4607/1496/3579 4618/1495/3587
f 4618/1495/3587 4624/1493/3593 4608/1494/3580
f 4609/1492/3581 4608/1494/3580 4624/1493/3593
f 4624/1493/3593 4625/1491/3612 4609/1492/3581
f 4610/1489/3582 4609/1492/3581 4625/1491/3612
f 4625/1491/3612 4620/1469/3589 4610/1489/3582
f 4980/1490/2181 4610/1489/3582 4620/1469/3589
f 4620/1469/3589 4981/1486/3381 4980/1490/2181
f 4612/1461/3583 4981/1486/3381 4620/1469/3589
f 4614/1463/3380 4981/1486/3381 4612/1461/3583
f 4600/1487/3606 4599/1488/3572 4610/1489/3582
f 4610/1489/3582 4980/1490/2181 4600/1487/3606
f 4601/1497/3574 4600/1487/3606 4980/1490/2181
f 4980/1490/2181 4982/1498/2182 4601/1497/3574
f 4603/1499/3598 4601/1497/3574 4982/1498/2182
f 4982/1498/2182 4983/1500/3461 4603/1499/3598
f 4605/1501/3578 4603/1499/3598 4983/1500/3461
f 4983/1500/3461 4606/1502/881 4605/1501/3578
f 4984/1239/3689 4985/1240/3682 4986/1241/3685
f 4986/1241/3685 4987/1242/3694 4984/1239/3689
f 4988/1243/3728 4987/1242/3694 4986/1241/3685
f 4986/1241/3685 4989/1244/3686 4988/1243/3728
f 4990/1245/3729 4988/1243/3728 4989/1244/3686
f 4989/1244/3686 4991/1246/3688 4990/1245/3729
f 4992/1247/2181 4984/1248/3689 4987/1249/3694
f 4987/1249/3694 4993/1250/2182 4992/1247/2181
f 4993/1250/2182 4987/1249/3694 4988/1243/3728
f 4988/1243/3728 4994/1251/3461 4993/1250/2182
f 4994/1251/3461 4988/1243/3728 4990/1245/3729
f 4990/1245/3729 4995/1252/881 4994/1251/3461
f 4995/1252/881 4990/1245/3729 4991/1246/3688
f 4991/1246/3688 4996/1253/3671 4995/1252/881
f 4996/1253/3671 4991/1246/3688 4997/1254/3687
f 4997/1254/3687 4998/1255/3660 4996/1253/3671
f 4999/1256/3681 4996/1253/3671 4998/1255/3660
f 4998/1255/3660 5000/1257/3635 4999/1256/3681
f 4984/1266/3689 4992/1267/2181 4999/1256/3681
f 4999/1256/3681 4985/1258/3682 4984/1266/3689
f 4985/1258/3682 4999/1256/3681 5000/1257/3635
f 5000/1257/3635 5001/1259/3683 4985/1258/3682
f 4985/1258/3682 5001/1259/3683 5002/1260/3684
f 5002/1260/3684 4986/1261/3685 4985/1258/3682
f 4989/1262/3686 4986/1261/3685 5002/1260/3684
f 5002/1260/3684 5003/1263/3461 4989/1262/3686
f 4989/1262/3686 5003/1263/3461 4997/1264/3687
f 4997/1264/3687 4991/1265/3688 4989/1262/3686
f 4833/1289/3491 4826/1290/3490 4822/1287/3504
f 4822/1287/3504 4834/1288/3493 4833/1289/3491
f 4834/1288/3493 4822/1287/3504 4821/1286/3690
f 4821/1286/3690 4828/1291/3486 4834/1288/3493
usemtl RingCentre
f 5004/1532/224 5005/1533/224 5006/1534/224
f 5007/1535/224 5008/1536/224 5009/1537/224
f 5009/1537/224 5010/1538/224 5007/1535/224
f 5010/1538/224 5009/1537/224 5011/1539/224
f 5011/1539/224 5006/1534/224 5010/1538/224
f 5006/1534/224 5011/1539/224 5004/1532/224
f 5012/1540/224 5004/1532/224 5011/1539/224
f 5011/1539/224 5013/1541/224 5012/1540/224
f 5014/1542/224 5012/1540/224 5013/1541/224
f 5013/1541/224 5015/1543/224 5014/1542/224
f 5015/1543/224 5013/1541/224 5016/1544/224
f 5016/1544/224 5017/1545/224 5015/1543/224
f 5017/1545/224 5016/1544/224 5018/1546/224
f 5018/1546/224 5019/1547/224 5017/1545/224
f 5013/1541/224 5011/1539/224 5009/1537/224
f 5009/1537/224 5016/1544/224 5013/1541/224
f 5016/1544/224 5009/1537/224 5008/1536/224
f 5008/1536/224 5018/1546/224 5016/1544/224
usemtl floor_beech
f 5020/1548/96 5021/1549/3730 5022/1550/3731
f 5023/1551/3732 5024/1552/3733 5025/1553/3734
f 5025/1553/3734 5026/1554/96 5023/1551/3732
f 5027/1555/3735 5023/1551/3732 5026/1554/96
f 5026/1554/96 5028/1556/96 5027/1555/3735
f 5028/1556/96 5026/1554/96 5029/1557/96
f 5029/1557/96 5030/1558/96 5028/1556/96
f 5028/1556/96 5030/1558/96 5020/1548/96
f 5020/1548/96 5031/1559/96 5028/1556/96
f 5022/1550/3731 5031/1559/96 5020/1548/96
f 5031/1559/96 5022/1550/3731 5032/1560/3736
f 5032/1560/3736 5033/1561/3737 5031/1559/96
f 5028/1556/96 5031/1559/96 5033/1561/3737
f 5033/1561/3737 5027/1555/3735 5028/1556/96
f 5029/1557/96 5026/1554/96 5025/1553/3734
f 5025/1553/3734 5034/1562/3738 5029/1557/96
f 5035/1563/813 5036/1564/3739 5037/1565/3739
f 5037/1565/3739 5038/1566/813 5035/1563/813
f 5036/1564/3739 5035/1563/813 5039/1567/813
f 5039/1567/813 5040/1568/3740 5036/1564/3739
f 5041/1569/3741 5036/1564/3739 5040/1568/3740
f 5036/1564/3739 5041/1569/3741 5042/1570/3742
f 5042/1570/3742 5037/1565/3739 5036/1564/3739
f 5037/1565/3739 5042/1570/3742 5043/1571/3742
f 5043/1571/3742 5044/1572/3740 5037/1565/3739
f 5038/1566/813 5037/1565/3739 5044/1572/3740
f 5044/1572/3740 5045/1573/813 5038/1566/813
f 5046/1574/813 5045/1573/813 5044/1572/3740
f 5040/1568/3740 5047/1575/3742 5041/1569/3741
f 5048/1576/3742 5043/1571/3742 5049/1577/3743
f 5049/1577/3743 5043/1571/3742 5042/1570/3742
f 5042/1570/3742 5050/1578/3743 5049/1577/3743
f 5050/1578/3743 5042/1570/3742 5041/1569/3741
f 5041/1569/3741 5051/1579/3743 5050/1578/3743
f 5051/1579/3743 5041/1569/3741 5047/1575/3742
f 5047/1575/3742 5052/1580/3743 5051/1579/3743
f 5053/1581/3743 5052/1580/3743 5047/1575/3742
f 5054/1582/3744 5052/1580/3743 5053/1581/3743
f 5053/1581/3743 5055/1583/3744 5054/1582/3744
f 5056/1584/3743 5057/1585/3743 5058/1586/3744
f 5059/1587/3744 5058/1586/3744 5057/1585/3743
f 5057/1585/3743 5060/1588/3743 5059/1587/3744
f 5061/1589/3744 5059/1587/3744 5060/1588/3743
f 5060/1588/3743 5049/1577/3743 5061/1589/3744
f 5062/1590/3744 5061/1589/3744 5049/1577/3743
f 5049/1577/3743 5050/1578/3743 5062/1590/3744
f 5063/1591/3744 5062/1590/3744 5050/1578/3743
f 5050/1578/3743 5051/1579/3743 5063/1591/3744
f 5054/1582/3744 5063/1591/3744 5051/1579/3743
f 5051/1579/3743 5052/1580/3743 5054/1582/3744
f 5064/1592/3745 5061/1589/3744 5062/1590/3744
f 5059/1587/3744 5061/1589/3744 5064/1592/3745
f 5064/1592/3745 5065/1593/3745 5059/1587/3744
f 5058/1586/3744 5059/1587/3744 5065/1593/3745
f 5066/1594/3745 5067/1595/3746 5068/1596/3746
f 5068/1596/3746 5069/1597/3745 5066/1594/3745
f 5054/1582/3744 5066/1594/3745 5069/1597/3745
f 5069/1597/3745 5063/1591/3744 5054/1582/3744
f 5063/1591/3744 5069/1597/3745 5070/1598/3745
f 5070/1598/3745 5062/1590/3744 5063/1591/3744
f 5062/1590/3744 5070/1598/3745 5064/1592/3745
f 5071/1599/3746 5064/1592/3745 5070/1598/3745
f 5065/1593/3745 5064/1592/3745 5071/1599/3746
f 5071/1599/3746 5072/1600/3746 5065/1593/3745
f 5069/1597/3745 5068/1596/3746 5073/1601/3746
f 5073/1601/3746 5070/1598/3745 5069/1597/3745
f 5070/1598/3745 5073/1601/3746 5071/1599/3746
f 5074/1602/3745 5065/1593/3745 5072/1600/3746
f 5065/1593/3745 5074/1602/3745 5058/1586/3744
f 5058/1586/3744 5074/1602/3745 5075/1603/3745
f 5075/1603/3745 5076/1604/3744 5058/1586/3744
f 5076/1604/3744 5075/1603/3745 5077/1605/3745
f 5077/1605/3745 5078/1606/3744 5076/1604/3744
f 5078/1606/3744 5077/1605/3745 5079/1607/3745
f 5079/1607/3745 5080/1608/3744 5078/1606/3744
f 5080/1608/3744 5079/1607/3745 5081/1609/3745
f 5082/1610/3746 5081/1609/3745 5079/1607/3745
f 5083/1611/3746 5084/1612/3745 5081/1609/3745
f 5085/1613/3744 5081/1609/3745 5084/1612/3745
f 5081/1609/3745 5085/1613/3744 5080/1608/3744
f 5080/1608/3744 5085/1613/3744 5086/1614/3743
f 5086/1614/3743 5087/1615/3743 5080/1608/3744
f 5078/1606/3744 5080/1608/3744 5087/1615/3743
f 5087/1615/3743 5088/1616/3743 5078/1606/3744
f 5076/1604/3744 5078/1606/3744 5088/1616/3743
f 5088/1616/3743 5056/1584/3743 5076/1604/3744
f 5058/1586/3744 5076/1604/3744 5056/1584/3743
f 5049/1577/3743 5060/1588/3743 5048/1576/3742
f 5048/1576/3742 5060/1588/3743 5057/1585/3743
f 5057/1585/3743 5089/1617/3742 5048/1576/3742
f 5089/1617/3742 5057/1585/3743 5056/1584/3743
f 5056/1584/3743 5090/1618/3742 5089/1617/3742
f 5090/1618/3742 5056/1584/3743 5088/1616/3743
f 5088/1616/3743 5091/1619/3741 5090/1618/3742
f 5091/1619/3741 5088/1616/3743 5087/1615/3743
f 5087/1615/3743 5092/1620/3742 5091/1619/3741
f 5092/1620/3742 5087/1615/3743 5086/1614/3743
f 5093/1621/3739 5092/1620/3742 5094/1622/3741
f 5092/1620/3742 5093/1621/3739 5095/1623/3739
f 5095/1623/3739 5091/1619/3741 5092/1620/3742
f 5091/1619/3741 5095/1623/3739 5096/1624/3740
f 5096/1624/3740 5090/1618/3742 5091/1619/3741
f 5090/1618/3742 5096/1624/3740 5097/1625/3740
f 5097/1625/3740 5089/1617/3742 5090/1618/3742
f 5048/1576/3742 5089/1617/3742 5097/1625/3740
f 5097/1625/3740 5098/1626/3740 5048/1576/3742
f 5099/1627/813 5095/1623/3739 5093/1621/3739
f 5095/1623/3739 5099/1627/813 5100/1628/813
f 5100/1628/813 5096/1624/3740 5095/1623/3739
f 5096/1624/3740 5100/1628/813 5101/1629/813
f 5101/1629/813 5097/1625/3740 5096/1624/3740
f 5097/1625/3740 5101/1629/813 5046/1574/813
f 5046/1574/813 5098/1626/3740 5097/1625/3740
f 5044/1572/3740 5098/1626/3740 5046/1574/813
f 5048/1576/3742 5098/1626/3740 5044/1572/3740
f 5044/1572/3740 5043/1571/3742 5048/1576/3742
f 5102/1630/3747 5103/1631/3748 5104/1632/3749
f 5105/1633/3743 5104/1632/3749 5103/1631/3748
f 5103/1631/3748 5106/1634/3741 5105/1633/3743
f 5107/1635/3743 5105/1633/3743 5106/1634/3741
f 5106/1634/3741 5108/1636/3742 5107/1635/3743
f 5107/1635/3743 5108/1636/3742 5094/1622/3741
f 5109/1637/3740 5094/1622/3741 5108/1636/3742
f 5094/1622/3741 5109/1637/3740 5093/1621/3739
f 5110/1638/813 5093/1621/3739 5109/1637/3740
f 5093/1621/3739 5110/1638/813 5099/1627/813
f 5111/1639/3750 5112/1640/3751 5113/1641/3752
f 5113/1641/3752 5104/1632/3749 5111/1639/3750
f 5111/1639/3750 5104/1632/3749 5105/1633/3743
f 5105/1633/3743 5114/1642/3744 5111/1639/3750
f 5114/1642/3744 5105/1633/3743 5107/1635/3743
f 5107/1635/3743 5115/1643/3744 5114/1642/3744
f 5116/1644/3745 5114/1642/3744 5115/1643/3744
f 5114/1642/3744 5116/1644/3745 5117/1645/3753
f 5118/1646/3754 5117/1645/3753 5116/1644/3745
f 5117/1645/3753 5111/1639/3750 5114/1642/3744
f 5086/1614/3743 5094/1622/3741 5092/1620/3742
f 5094/1622/3741 5086/1614/3743 5107/1635/3743
f 5107/1635/3743 5086/1614/3743 5085/1613/3744
f 5085/1613/3744 5115/1643/3744 5107/1635/3743
f 5084/1612/3745 5115/1643/3744 5085/1613/3744
f 5115/1643/3744 5084/1612/3745 5116/1644/3745
f 5119/1647/3746 5116/1644/3745 5084/1612/3745
f 5116/1644/3745 5119/1647/3746 5118/1646/3754
f 5118/1646/3754 5119/1647/3746 5120/1648/3755
f 5120/1648/3755 5121/1649/3756 5118/1646/3754
f 5122/1650/3757 5123/1651/3758 5124/1652/3759
f 5124/1652/3759 5125/1653/3760 5122/1650/3757
f 5125/1653/3760 5124/1652/3759 5126/1654/3761
f 5126/1654/3761 5121/1649/3756 5125/1653/3760
f 5121/1649/3756 5126/1654/3761 5127/1655/3762
f 5127/1655/3762 5118/1646/3754 5121/1649/3756
f 5118/1646/3754 5127/1655/3762 5128/1656/3763
f 5128/1656/3763 5117/1645/3753 5118/1646/3754
f 5117/1645/3753 5128/1656/3763 5112/1640/3751
f 5112/1640/3751 5111/1639/3750 5117/1645/3753
f 5129/1657/811 5127/1655/3762 5126/1654/3761
f 5127/1655/3762 5129/1657/811 5130/1658/811
f 5130/1658/811 5128/1656/3763 5127/1655/3762
f 5128/1656/3763 5130/1658/811 5131/1659/811
f 5131/1659/811 5112/1640/3751 5128/1656/3763
f 5112/1640/3751 5131/1659/811 5132/1660/811
f 5132/1660/811 5113/1641/3752 5112/1640/3751
f 5113/1641/3752 5132/1660/811 5133/1661/3764
f 5133/1661/3764 5102/1630/3747 5113/1641/3752
f 5104/1632/3749 5113/1641/3752 5102/1630/3747
f 5134/1662/3765 5135/1663/3766 5136/1664/3767
f 5136/1664/3767 5137/1665/3768 5134/1662/3765
f 5138/1666/3769 5137/1665/3768 5136/1664/3767
f 5137/1665/3768 5138/1666/3769 5102/1630/3747
f 5102/1630/3747 5138/1666/3769 5139/1667/3770
f 5139/1667/3770 5103/1631/3748 5102/1630/3747
f 5103/1631/3748 5139/1667/3770 5140/1668/3740
f 5140/1668/3740 5106/1634/3741 5103/1631/3748
f 5106/1634/3741 5140/1668/3740 5141/1669/3739
f 5141/1669/3739 5108/1636/3742 5106/1634/3741
f 5108/1636/3742 5141/1669/3739 5109/1637/3740
f 5136/1664/3767 5142/1670/3771 5138/1666/3769
f 5138/1666/3769 5142/1670/3771 5143/1671/3772
f 5143/1671/3772 5139/1667/3770 5138/1666/3769
f 5139/1667/3770 5143/1671/3772 5144/1672/813
f 5144/1672/813 5140/1668/3740 5139/1667/3770
f 5140/1668/3740 5144/1672/813 5145/1673/813
f 5145/1673/813 5141/1669/3739 5140/1668/3740
f 5141/1669/3739 5145/1673/813 5146/1674/813
f 5146/1674/813 5109/1637/3740 5141/1669/3739
f 5109/1637/3740 5146/1674/813 5110/1638/813
f 5147/1675/3773 5148/1676/100 5149/1677/100
f 5150/1678/3774 5151/1679/100 5148/1676/100
f 5148/1676/100 5147/1675/3773 5150/1678/3774
f 5152/1680/3775 5150/1678/3774 5147/1675/3773
f 5150/1678/3774 5152/1680/3775 5153/1681/3776
f 5153/1681/3776 5154/1682/3777 5150/1678/3774
f 5154/1682/3777 5153/1681/3776 5155/1683/3778
f 5155/1683/3778 5156/1684/3779 5154/1682/3777
f 5157/1685/3780 5156/1684/3779 5155/1683/3778
f 5156/1684/3779 5157/1685/3780 5158/1686/3781
f 5158/1686/3781 5157/1685/3780 5022/1687/3731
f 5022/1687/3731 5021/1688/3730 5158/1686/3781
f 5151/1679/100 5150/1678/3774 5154/1682/3777
f 5154/1682/3777 5159/1689/3782 5151/1679/100
f 5159/1689/3782 5154/1682/3777 5156/1684/3779
f 5156/1684/3779 5160/1690/3783 5159/1689/3782
f 5158/1686/3781 5160/1690/3783 5156/1684/3779
f 5161/1691/3784 5032/1692/3736 5022/1687/3731
f 5022/1687/3731 5157/1685/3780 5161/1691/3784
f 5155/1683/3778 5161/1691/3784 5157/1685/3780
f 5162/1693/96 5163/1694/3785 5164/1695/3786
f 5163/1694/3785 5162/1693/96 5161/1696/3784
f 5161/1696/3784 5155/1683/3778 5163/1694/3785
f 5165/1697/3787 5163/1694/3785 5155/1683/3778
f 5155/1683/3778 5153/1681/3776 5165/1697/3787
f 5166/1698/3788 5165/1697/3787 5153/1681/3776
f 5153/1681/3776 5152/1680/3775 5166/1698/3788
f 5166/1698/3788 5152/1680/3775 5167/1699/3775
f 5147/1675/3773 5167/1699/3775 5152/1680/3775
f 5167/1699/3775 5147/1675/3773 5168/1700/3774
f 5163/1694/3785 5165/1697/3787 5169/1701/3789
f 5169/1701/3789 5165/1697/3787 5166/1698/3788
f 5166/1698/3788 5170/1702/3790 5169/1701/3789
f 5170/1702/3790 5166/1698/3788 5171/1703/3788
f 5171/1703/3788 5172/1704/3790 5170/1702/3790
f 5173/1705/3790 5172/1704/3790 5171/1703/3788
f 5174/1706/3790 5172/1704/3790 5173/1705/3790
f 5173/1705/3790 5175/1707/3790 5174/1706/3790
f 5176/1708/3791 5174/1706/3790 5175/1707/3790
f 5175/1707/3790 5177/1709/3791 5176/1708/3791
f 5176/1708/3791 5178/1710/3792 5179/1711/3792
f 5179/1711/3792 5180/1712/3791 5176/1708/3791
f 5174/1706/3790 5176/1708/3791 5180/1712/3791
f 5180/1712/3791 5181/1713/3790 5174/1706/3790
f 5172/1704/3790 5174/1706/3790 5181/1713/3790
f 5181/1713/3790 5170/1702/3790 5172/1704/3790
f 5170/1702/3790 5181/1713/3790 5182/1714/3793
f 5182/1714/3793 5169/1701/3789 5170/1702/3790
f 5183/1715/3794 5184/1716/3795 5185/1717/3792
f 5185/1717/3792 5186/1718/224 5183/1715/3794
f 5186/1718/224 5185/1717/3792 5187/1719/3792
f 5187/1719/3792 5185/1717/3792 5179/1711/3792
f 5188/1720/3796 5179/1711/3792 5185/1717/3792
f 5179/1711/3792 5188/1720/3796 5189/1721/3797
f 5189/1721/3797 5180/1712/3791 5179/1711/3792
f 5181/1713/3790 5180/1712/3791 5189/1721/3797
f 5189/1721/3797 5182/1714/3793 5181/1713/3790
f 5185/1717/3792 5184/1716/3795 5188/1720/3796
f 5190/1722/3798 5184/1716/3795 5183/1715/3794
f 5184/1716/3795 5190/1722/3798 5191/1723/3799
f 5191/1723/3799 5188/1720/3796 5184/1716/3795
f 5188/1720/3796 5191/1723/3799 5192/1724/3800
f 5192/1724/3800 5189/1721/3797 5188/1720/3796
f 5189/1721/3797 5192/1724/3800 5193/1725/3801
f 5193/1725/3801 5182/1714/3793 5189/1721/3797
f 5182/1714/3793 5193/1725/3801 5164/1695/3786
f 5164/1695/3786 5169/1701/3789 5182/1714/3793
f 5169/1701/3789 5164/1695/3786 5163/1694/3785
f 5194/1726/96 5190/1722/3798 5195/1727/3802
f 5190/1722/3798 5194/1726/96 5196/1728/96
f 5196/1728/96 5191/1723/3799 5190/1722/3798
f 5191/1723/3799 5196/1728/96 5197/1729/96
f 5197/1729/96 5192/1724/3800 5191/1723/3799
f 5192/1724/3800 5197/1729/96 5198/1730/96
f 5198/1730/96 5193/1725/3801 5192/1724/3800
f 5193/1725/3801 5198/1730/96 5199/1731/96
f 5199/1731/96 5164/1695/3786 5193/1725/3801
f 5164/1695/3786 5199/1731/96 5162/1693/96
f 5200/1732/3803 5201/1733/3804 5202/1734/3755
f 5201/1733/3804 5200/1732/3803 5203/1735/3805
f 5203/1735/3805 5204/1736/3806 5201/1733/3804
f 5205/1737/3807 5201/1733/3804 5204/1736/3806
f 5204/1736/3806 5206/1738/3808 5205/1737/3807
f 5207/1739/3809 5205/1737/3807 5206/1738/3808
f 5206/1738/3808 5208/1740/3810 5207/1739/3809
f 5207/1739/3809 5208/1740/3810 5195/1727/3802
f 5195/1727/3802 5183/1715/3794 5207/1739/3809
f 5183/1715/3794 5195/1727/3802 5190/1722/3798
f 5209/1741/96 5210/1742/96 5203/1735/3805
f 5204/1736/3806 5203/1735/3805 5210/1742/96
f 5210/1742/96 5211/1743/96 5204/1736/3806
f 5206/1738/3808 5204/1736/3806 5211/1743/96
f 5211/1743/96 5212/1744/96 5206/1738/3808
f 5208/1740/3810 5206/1738/3808 5212/1744/96
f 5212/1744/96 5213/1745/96 5208/1740/3810
f 5195/1727/3802 5208/1740/3810 5213/1745/96
f 5213/1745/96 5214/1746/96 5195/1727/3802
f 5195/1727/3802 5214/1746/96 5194/1726/96
f 5215/1747/3811 5216/1748/3744 5217/1749/3743
f 5217/1749/3743 5218/1750/3812 5215/1747/3811
f 5215/1747/3811 5218/1750/3812 5219/1751/3813
f 5219/1751/3813 5220/1752/3814 5215/1747/3811
f 5221/1753/3815 5215/1747/3811 5220/1752/3814
f 5220/1752/3814 5222/1754/3801 5221/1753/3815
f 5200/1732/3803 5221/1753/3815 5222/1754/3801
f 5222/1754/3801 5203/1735/3805 5200/1732/3803
f 5223/1755/3816 5218/1750/3812 5217/1749/3743
f 5218/1750/3812 5223/1755/3816 5224/1756/3817
f 5224/1756/3817 5219/1751/3813 5218/1750/3812
f 5219/1751/3813 5224/1756/3817 5225/1757/3818
f 5225/1757/3818 5226/1758/96 5219/1751/3813
f 5220/1752/3814 5219/1751/3813 5226/1758/96
f 5226/1758/96 5227/1759/96 5220/1752/3814
f 5222/1754/3801 5220/1752/3814 5227/1759/96
f 5227/1759/96 5209/1741/96 5222/1754/3801
f 5203/1735/3805 5222/1754/3801 5209/1741/96
f 5221/1753/3815 5200/1732/3803 5228/1760/3746
f 5228/1760/3746 5229/1761/3745 5221/1753/3815
f 5215/1747/3811 5221/1753/3815 5229/1761/3745
f 5229/1761/3745 5216/1748/3744 5215/1747/3811
f 5216/1748/3744 5229/1761/3745 5230/1762/3745
f 5230/1762/3745 5231/1763/3744 5216/1748/3744
f 5229/1761/3745 5228/1760/3746 5232/1764/3746
f 5232/1764/3746 5230/1762/3745 5229/1761/3745
f 5230/1762/3745 5232/1764/3746 5233/1765/3746
f 5233/1765/3746 5234/1766/3745 5230/1762/3745
f 5231/1763/3744 5230/1762/3745 5234/1766/3745
f 5234/1766/3745 5055/1583/3744 5231/1763/3744
f 5231/1763/3744 5055/1583/3744 5053/1581/3743
f 5053/1581/3743 5235/1767/3743 5231/1763/3744
f 5216/1748/3744 5231/1763/3744 5235/1767/3743
f 5235/1767/3743 5217/1749/3743 5216/1748/3744
f 5066/1594/3745 5054/1582/3744 5055/1583/3744
f 5055/1583/3744 5234/1766/3745 5066/1594/3745
f 5067/1595/3746 5066/1594/3745 5234/1766/3745
f 5234/1766/3745 5233/1765/3746 5067/1595/3746
f 5067/1595/3746 5233/1765/3746 5236/1768/3755
f 5236/1768/3755 5233/1765/3746 5232/1764/3746
f 5232/1764/3746 5237/1769/3755 5236/1768/3755
f 5237/1769/3755 5232/1764/3746 5228/1760/3746
f 5228/1760/3746 5202/1734/3755 5237/1769/3755
f 5202/1734/3755 5228/1760/3746 5200/1732/3803
f 5236/1768/3755 5237/1769/3755 5238/1770/3755
f 5239/1771/3755 5240/1772/3755 5238/1770/3755
f 5238/1770/3755 5241/1773/3755 5239/1771/3755
f 5241/1773/3755 5238/1770/3755 5237/1769/3755
f 5237/1769/3755 5202/1734/3755 5241/1773/3755
f 5205/1737/3807 5241/1773/3755 5202/1734/3755
f 5202/1734/3755 5201/1733/3804 5205/1737/3807
f 5241/1773/3755 5205/1737/3807 5207/1739/3809
f 5207/1739/3809 5239/1771/3755 5241/1773/3755
f 5239/1771/3755 5207/1739/3809 5183/1715/3794
f 5183/1715/3794 5186/1718/224 5239/1771/3755
f 5239/1771/3755 5186/1718/224 5242/1774/224
f 5187/1719/3792 5242/1774/224 5186/1718/224
f 5243/1775/224 5242/1774/224 5187/1719/3792
f 5187/1719/3792 5244/1776/3792 5243/1775/224
f 5244/1776/3792 5187/1719/3792 5178/1710/3792
f 5179/1711/3792 5178/1710/3792 5187/1719/3792
f 5178/1710/3792 5176/1708/3791 5177/1709/3791
f 5177/1709/3791 5245/1777/3792 5178/1710/3792
f 5178/1710/3792 5245/1777/3792 5244/1776/3792
f 5246/1778/3792 5244/1776/3792 5245/1777/3792
f 5244/1776/3792 5246/1778/3792 5247/1779/224
f 5247/1779/224 5243/1775/224 5244/1776/3792
f 5248/1780/3755 5243/1775/224 5247/1779/224
f 5242/1774/224 5243/1775/224 5248/1780/3755
f 5248/1780/3755 5240/1772/3755 5242/1774/224
f 5242/1774/224 5240/1772/3755 5239/1771/3755
f 5245/1777/3792 5249/1781/3792 5246/1778/3792
f 5250/1782/3791 5249/1781/3792 5245/1777/3792
f 5245/1777/3792 5177/1709/3791 5250/1782/3791
f 5251/1783/3819 5250/1782/3791 5177/1709/3791
f 5177/1709/3791 5175/1707/3790 5251/1783/3819
f 5247/1779/224 5252/1784/3755 5248/1780/3755
f 5248/1780/3755 5252/1784/3755 5253/1785/3755
f 5253/1785/3755 5254/1786/3755 5248/1780/3755
f 5240/1772/3755 5248/1780/3755 5254/1786/3755
f 5254/1786/3755 5238/1770/3755 5240/1772/3755
f 5238/1770/3755 5254/1786/3755 5236/1768/3755
f 5255/1787/3755 5236/1768/3755 5254/1786/3755
f 5236/1768/3755 5255/1787/3755 5067/1595/3746
f 5254/1786/3755 5253/1785/3755 5255/1787/3755
f 5256/1788/3792 5257/1789/3792 5258/1790/3791
f 5259/1791/3775 5260/1792/3788 5261/1793/3788
f 5262/1794/3788 5260/1792/3788 5259/1791/3775
f 5263/1795/3790 5260/1792/3788 5262/1794/3788
f 5262/1794/3788 5264/1796/3790 5263/1795/3790
f 5265/1797/3819 5263/1795/3790 5264/1796/3790
f 5264/1796/3790 5266/1798/3790 5265/1797/3819
f 5258/1790/3791 5265/1797/3819 5266/1798/3790
f 5266/1798/3790 5267/1799/3791 5258/1790/3791
f 5258/1790/3791 5267/1799/3791 5256/1788/3792
f 5256/1788/3792 5267/1799/3791 5268/1800/3791
f 5261/1793/3788 5260/1792/3788 5263/1795/3790
f 5268/1800/3791 5269/1801/3790 5270/1802/3790
f 5269/1801/3790 5268/1800/3791 5267/1799/3791
f 5267/1799/3791 5266/1798/3790 5269/1801/3790
f 5271/1803/3790 5269/1801/3790 5266/1798/3790
f 5266/1798/3790 5264/1796/3790 5271/1803/3790
f 5271/1803/3790 5264/1796/3790 5262/1794/3788
f 5262/1794/3788 5272/1804/3788 5271/1803/3790
f 5273/1805/3775 5272/1804/3788 5262/1794/3788
f 5272/1804/3788 5273/1805/3775 5274/1806/3775
f 5275/1807/3774 5274/1806/3775 5273/1805/3775
f 5259/1791/3775 5276/1808/3775 5262/1794/3788
f 5262/1794/3788 5276/1808/3775 5273/1805/3775
f 5269/1801/3790 5271/1803/3790 5277/1809/3790
f 5277/1809/3790 5271/1803/3790 5272/1804/3788
f 5272/1804/3788 5278/1810/3788 5277/1809/3790
f 5274/1806/3775 5278/1810/3788 5272/1804/3788
f 5278/1810/3788 5274/1806/3775 5279/1811/3820
f 5280/1812/3821 5279/1811/3820 5274/1806/3775
f 5279/1811/3820 5280/1812/3821 5281/1813/3822
f 5282/1814/3823 5283/1815/3824 5284/1816/3825
f 5281/1813/3822 5284/1816/3825 5283/1815/3824
f 5283/1815/3824 5285/1817/3826 5281/1813/3822
f 5281/1813/3822 5285/1817/3826 5279/1811/3820
f 5286/1818/3827 5279/1811/3820 5285/1817/3826
f 5279/1811/3820 5286/1818/3827 5278/1810/3788
f 5278/1810/3788 5286/1818/3827 5287/1819/3828
f 5287/1819/3828 5277/1809/3790 5278/1810/3788
f 5270/1802/3790 5277/1809/3790 5287/1819/3828
f 5277/1809/3790 5270/1802/3790 5269/1801/3790
f 5274/1806/3775 5275/1807/3774 5280/1812/3821
f 5288/1820/3829 5280/1812/3821 5275/1807/3774
f 5280/1812/3821 5288/1820/3829 5289/1821/3830
f 5289/1821/3830 5281/1813/3822 5280/1812/3821
f 5284/1816/3825 5281/1813/3822 5289/1821/3830
f 5289/1821/3830 5290/1822/3831 5284/1816/3825
f 5284/1816/3825 5290/1822/3831 5291/1823/3832
f 5291/1823/3832 5292/1824/3833 5284/1816/3825
f 5284/1816/3825 5292/1824/3833 5282/1814/3823
f 5293/1825/3775 5294/1826/3774 5295/1827/3773
f 5295/1827/3773 5296/1828/3775 5293/1825/3775
f 5296/1828/3775 5295/1827/3773 5297/1829/3773
f 5297/1829/3773 5298/1830/3775 5296/1828/3775
f 5298/1830/3775 5297/1829/3773 5299/1831/3774
f 5299/1831/3774 5259/1791/3775 5298/1830/3775
f 5259/1791/3775 5299/1831/3774 5300/1832/3773
f 5300/1832/3773 5276/1808/3775 5259/1791/3775
f 5276/1808/3775 5300/1832/3773 5301/1833/3774
f 5301/1833/3774 5273/1805/3775 5276/1808/3775
f 5273/1805/3775 5301/1833/3774 5275/1807/3774
f 5302/1834/100 5275/1807/3774 5301/1833/3774
f 5275/1807/3774 5302/1834/100 5288/1820/3829
f 5301/1833/3774 5303/1835/100 5302/1834/100
f 5303/1835/100 5301/1833/3774 5300/1832/3773
f 5300/1832/3773 5304/1836/100 5303/1835/100
f 5304/1836/100 5300/1832/3773 5299/1831/3774
f 5299/1831/3774 5305/1837/100 5304/1836/100
f 5305/1837/100 5299/1831/3774 5297/1829/3773
f 5297/1829/3773 5306/1838/100 5305/1837/100
f 5306/1838/100 5297/1829/3773 5295/1827/3773
f 5295/1827/3773 5307/1839/100 5306/1838/100
f 5307/1839/100 5295/1827/3773 5294/1826/3774
f 5294/1826/3774 5308/1840/100 5307/1839/100
f 5309/1841/100 5308/1840/100 5294/1826/3774
f 5309/1841/100 5310/1842/3774 5311/1843/3774
f 5294/1826/3774 5310/1842/3774 5309/1841/100
f 5312/1844/3775 5310/1842/3774 5294/1826/3774
f 5294/1826/3774 5293/1825/3775 5312/1844/3775
f 5312/1844/3775 5293/1825/3775 5313/1845/3788
f 5313/1845/3788 5293/1825/3775 5296/1828/3775
f 5296/1828/3775 5314/1846/3788 5313/1845/3788
f 5314/1846/3788 5296/1828/3775 5298/1830/3775
f 5298/1830/3775 5261/1793/3788 5314/1846/3788
f 5261/1793/3788 5298/1830/3775 5259/1791/3775
f 5315/1847/3775 5316/1848/3773 5317/1849/3774
f 5317/1849/3774 5318/1850/3775 5315/1847/3775
f 5318/1850/3775 5317/1849/3774 5311/1843/3774
f 5311/1843/3774 5319/1851/3775 5318/1850/3775
f 5312/1844/3775 5319/1851/3775 5311/1843/3774
f 5311/1843/3774 5310/1842/3774 5312/1844/3775
f 5320/1852/3790 5313/1845/3788 5314/1846/3788
f 5321/1853/3788 5313/1845/3788 5320/1852/3790
f 5313/1845/3788 5321/1853/3788 5312/1844/3775
f 5312/1844/3775 5321/1853/3788 5322/1854/3788
f 5322/1854/3788 5319/1851/3775 5312/1844/3775
f 5319/1851/3775 5322/1854/3788 5323/1855/3788
f 5323/1855/3788 5318/1850/3775 5319/1851/3775
f 5318/1850/3775 5323/1855/3788 5324/1856/3788
f 5324/1856/3788 5315/1847/3775 5318/1850/3775
f 5315/1847/3775 5324/1856/3788 5325/1857/3788
f 5325/1857/3788 5326/1858/3775 5315/1847/3775
f 5316/1848/3773 5315/1847/3775 5326/1858/3775
f 5326/1858/3775 5327/1859/3773 5316/1848/3773
f 5320/1852/3790 5328/1860/3790 5321/1853/3788
f 5322/1854/3788 5321/1853/3788 5328/1860/3790
f 5328/1860/3790 5329/1861/3790 5322/1854/3788
f 5323/1855/3788 5322/1854/3788 5329/1861/3790
f 5330/1862/3790 5324/1856/3788 5323/1855/3788
f 5323/1855/3788 5331/1863/3790 5330/1862/3790
f 5329/1861/3790 5331/1863/3790 5323/1855/3788
f 5332/1864/3834 5331/1863/3790 5329/1861/3790
f 5329/1861/3790 5333/1865/3834 5332/1864/3834
f 5334/1866/3834 5333/1865/3834 5329/1861/3790
f 5329/1861/3790 5328/1860/3790 5334/1866/3834
f 5335/1867/3834 5334/1866/3834 5328/1860/3790
f 5328/1860/3790 5320/1852/3790 5335/1867/3834
f 5335/1867/3834 5320/1852/3790 5336/1868/3790
f 5337/1869/3790 5338/1870/3834 5339/1871/3834
f 5339/1871/3834 5336/1868/3790 5337/1869/3790
f 5336/1868/3790 5339/1871/3834 5335/1867/3834
f 5314/1846/3788 5336/1868/3790 5320/1852/3790
f 5336/1868/3790 5314/1846/3788 5261/1793/3788
f 5261/1793/3788 5337/1869/3790 5336/1868/3790
f 5263/1795/3790 5337/1869/3790 5261/1793/3788
f 5338/1870/3834 5337/1869/3790 5263/1795/3790
f 5263/1795/3790 5265/1797/3819 5338/1870/3834
f 5133/1872/3764 5340/1873/3835 5134/1662/3765
f 5134/1662/3765 5137/1665/3768 5133/1872/3764
f 5102/1630/3747 5133/1872/3764 5137/1665/3768
f 5341/1874/3755 5342/1875/3755 5343/1876/3755
f 5342/1875/3755 5341/1874/3755 5344/1877/3755
f 5081/1609/3745 5082/1610/3746 5083/1611/3746
f 5343/1876/3755 5083/1611/3746 5082/1610/3746
f 5082/1610/3746 5345/1878/3755 5343/1876/3755
f 5343/1876/3755 5345/1878/3755 5341/1874/3755
f 5346/1879/3755 5341/1874/3755 5345/1878/3755
f 5341/1874/3755 5346/1879/3755 5347/1880/3755
f 5347/1880/3755 5344/1877/3755 5341/1874/3755
f 5344/1877/3755 5347/1880/3755 5348/1881/224
f 5349/1882/3792 5350/1883/224 5348/1881/224
f 5348/1881/224 5350/1883/224 5344/1877/3755
f 5351/1884/3755 5344/1877/3755 5350/1883/224
f 5344/1877/3755 5351/1884/3755 5342/1875/3755
f 5352/1885/3755 5342/1875/3755 5351/1884/3755
f 5342/1875/3755 5352/1885/3755 5120/1648/3755
f 5120/1648/3755 5343/1876/3755 5342/1875/3755
f 5343/1876/3755 5120/1648/3755 5119/1647/3746
f 5119/1647/3746 5083/1611/3746 5343/1876/3755
f 5084/1612/3745 5083/1611/3746 5119/1647/3746
f 5351/1884/3755 5353/1886/3755 5352/1885/3755
f 5121/1649/3756 5120/1648/3755 5352/1885/3755
f 5352/1885/3755 5125/1653/3760 5121/1649/3756
f 5125/1653/3760 5352/1885/3755 5353/1886/3755
f 5353/1886/3755 5122/1650/3757 5125/1653/3760
f 5354/1887/3836 5122/1650/3757 5353/1886/3755
f 5123/1651/3758 5122/1650/3757 5354/1887/3836
f 5354/1887/3836 5355/1888/3837 5123/1651/3758
f 5355/1888/3837 5354/1887/3836 5356/1889/3838
f 5356/1889/3838 5357/1890/3839 5355/1888/3837
f 5358/1891/3840 5357/1890/3839 5356/1889/3838
f 5359/1892/811 5360/1893/811 5357/1890/3839
f 5355/1888/3837 5357/1890/3839 5360/1893/811
f 5360/1893/811 5361/1894/811 5355/1888/3837
f 5355/1888/3837 5361/1894/811 5362/1895/811
f 5362/1895/811 5123/1651/3758 5355/1888/3837
f 5123/1651/3758 5362/1895/811 5363/1896/811
f 5363/1896/811 5124/1652/3759 5123/1651/3758
f 5124/1652/3759 5363/1896/811 5364/1897/811
f 5364/1897/811 5126/1654/3761 5124/1652/3759
f 5126/1654/3761 5364/1897/811 5129/1657/811
f 5268/1800/3791 5365/1898/3792 5256/1788/3792
f 5365/1898/3792 5268/1800/3791 5366/1899/3791
f 5366/1899/3791 5367/1900/3792 5365/1898/3792
f 5367/1900/3792 5366/1899/3791 5368/1901/3841
f 5368/1901/3841 5369/1902/3842 5367/1900/3792
f 5369/1902/3842 5368/1901/3841 5370/1903/3843
f 5370/1903/3843 5358/1891/3840 5369/1902/3842
f 5358/1891/3840 5370/1903/3843 5371/1904/811
f 5371/1904/811 5359/1892/811 5358/1891/3840
f 5357/1890/3839 5358/1891/3840 5359/1892/811
f 5372/1905/3844 5368/1901/3841 5366/1899/3791
f 5270/1802/3790 5366/1899/3791 5268/1800/3791
f 5366/1899/3791 5270/1802/3790 5372/1905/3844
f 5287/1819/3828 5372/1905/3844 5270/1802/3790
f 5372/1905/3844 5287/1819/3828 5373/1906/3845
f 5373/1906/3845 5374/1907/3763 5372/1905/3844
f 5368/1901/3841 5372/1905/3844 5374/1907/3763
f 5374/1907/3763 5370/1903/3843 5368/1901/3841
f 5375/1908/3846 5373/1906/3845 5287/1819/3828
f 5287/1819/3828 5286/1818/3827 5375/1908/3846
f 5285/1817/3826 5375/1908/3846 5286/1818/3827
f 5375/1908/3846 5285/1817/3826 5283/1909/3824
f 5283/1909/3824 5376/1910/811 5375/1908/3846
f 5373/1906/3845 5375/1908/3846 5376/1910/811
f 5376/1910/811 5377/1911/811 5373/1906/3845
f 5374/1907/3763 5373/1906/3845 5377/1911/811
f 5377/1911/811 5378/1912/811 5374/1907/3763
f 5370/1903/3843 5374/1907/3763 5378/1912/811
f 5378/1912/811 5371/1904/811 5370/1903/3843
f 5379/1913/3847 5282/1914/3823 5292/1915/3833
f 5292/1915/3833 5380/1916/811 5379/1913/3847
f 5381/1917/3848 5379/1913/3847 5380/1916/811
f 5380/1916/811 5382/1918/811 5381/1917/3848
f 5383/1919/3849 5381/1917/3848 5382/1918/811
f 5382/1918/811 5384/1920/811 5383/1919/3849
f 5340/1921/3835 5383/1919/3849 5384/1920/811
f 5384/1920/811 5134/1922/3765 5340/1921/3835
f 5134/1922/3765 5384/1920/811 5385/1923/811
f 5385/1923/811 5135/1924/3766 5134/1922/3765
f 5292/1915/3833 5291/1925/3832 5386/1926/811
f 5386/1926/811 5380/1916/811 5292/1915/3833
f 5382/1918/811 5380/1916/811 5386/1926/811
f 5386/1926/811 5387/1927/811 5382/1918/811
f 5382/1918/811 5387/1927/811 5385/1923/811
f 5385/1923/811 5384/1920/811 5382/1918/811
f 5388/1928/3775 5389/1929/3788 5171/1703/3788
f 5171/1703/3788 5389/1929/3788 5173/1705/3790
f 5390/1930/3790 5173/1705/3790 5389/1929/3788
f 5175/1707/3790 5173/1705/3790 5390/1930/3790
f 5390/1930/3790 5251/1783/3819 5175/1707/3790
f 5251/1783/3819 5390/1930/3790 5330/1862/3790
f 5330/1862/3790 5391/1931/3834 5251/1783/3819
f 5391/1931/3834 5330/1862/3790 5331/1863/3790
f 5331/1863/3790 5332/1864/3834 5391/1931/3834
f 5167/1699/3775 5171/1703/3788 5166/1698/3788
f 5171/1703/3788 5167/1699/3775 5388/1928/3775
f 5168/1700/3774 5388/1928/3775 5167/1699/3775
f 5388/1928/3775 5168/1700/3774 5327/1859/3773
f 5327/1859/3773 5326/1858/3775 5388/1928/3775
f 5389/1929/3788 5388/1928/3775 5326/1858/3775
f 5326/1858/3775 5325/1857/3788 5389/1929/3788
f 5389/1929/3788 5325/1857/3788 5390/1930/3790
f 5390/1930/3790 5325/1857/3788 5324/1856/3788
f 5324/1856/3788 5330/1862/3790 5390/1930/3790
f 5149/1677/100 5168/1700/3774 5147/1675/3773
f 5168/1700/3774 5149/1677/100 5392/1932/100
f 5392/1932/100 5327/1859/3773 5168/1700/3774
f 5327/1859/3773 5392/1932/100 5393/1933/100
f 5393/1933/100 5316/1848/3773 5327/1859/3773
f 5316/1848/3773 5393/1933/100 5394/1934/100
f 5394/1934/100 5317/1849/3774 5316/1848/3773
f 5317/1849/3774 5394/1934/100 5395/1935/100
f 5395/1935/100 5311/1843/3774 5317/1849/3774
f 5311/1843/3774 5395/1935/100 5309/1841/100
f 5371/1936/3850 5283/1937/3824 5282/1938/3823
f 5282/1938/3823 5379/1939/3847 5371/1936/3850
f 5361/1940/3851 5371/1936/3850 5379/1939/3847
f 5379/1939/3847 5381/1941/3848 5361/1940/3851
f 5129/1942/3852 5361/1940/3851 5381/1941/3848
f 5381/1941/3848 5383/1943/3849 5129/1942/3852
f 5133/1944/3764 5129/1942/3852 5383/1943/3849
f 5383/1943/3849 5340/1945/3835 5133/1944/3764
f 5033/1946/3737 5032/1947/3736 5161/1948/3784
f 5161/1948/3784 5197/1949/3853 5033/1946/3737
f 5027/1950/3735 5033/1946/3737 5197/1949/3853
f 5197/1949/3853 5214/1951/3854 5027/1950/3735
f 5023/1952/3732 5027/1950/3735 5214/1951/3854
f 5214/1951/3854 5210/1953/3855 5023/1952/3732
f 5024/1954/3733 5023/1952/3732 5210/1953/3855
f 5210/1953/3855 5225/1955/3818 5024/1954/3733
f 5396/1956/3792 5356/1889/3838 5354/1887/3836
f 5354/1887/3836 5397/1957/224 5396/1956/3792
f 5398/1958/3792 5396/1956/3792 5397/1957/224
f 5397/1957/224 5399/1959/224 5398/1958/3792
f 5349/1882/3792 5398/1958/3792 5399/1959/224
f 5399/1959/224 5350/1883/224 5349/1882/3792
f 5350/1883/224 5399/1959/224 5351/1884/3755
f 5351/1884/3755 5399/1959/224 5397/1957/224
f 5397/1957/224 5353/1886/3755 5351/1884/3755
f 5353/1886/3755 5397/1957/224 5354/1887/3836
f 5356/1889/3838 5369/1902/3842 5358/1891/3840
f 5367/1900/3792 5369/1902/3842 5356/1889/3838
f 5356/1889/3838 5396/1956/3792 5367/1900/3792
f 5365/1898/3792 5367/1900/3792 5396/1956/3792
f 5396/1956/3792 5398/1958/3792 5365/1898/3792
f 5256/1788/3792 5365/1898/3792 5398/1958/3792
f 5398/1958/3792 5349/1882/3792 5256/1788/3792
f 5257/1789/3792 5256/1788/3792 5349/1882/3792
f 5349/1882/3792 5400/1960/3792 5257/1789/3792
f 5348/1881/224 5400/1960/3792 5349/1882/3792
f 5345/1878/3755 5401/1961/3755 5346/1879/3755
f 5402/1962/3746 5401/1961/3755 5345/1878/3755
f 5345/1878/3755 5082/1610/3746 5402/1962/3746
f 5079/1607/3745 5402/1962/3746 5082/1610/3746
f 5402/1962/3746 5079/1607/3745 5077/1605/3745
f 5077/1605/3745 5403/1963/3746 5402/1962/3746
f 5403/1963/3746 5077/1605/3745 5075/1603/3745
f 5075/1603/3745 5404/1964/3746 5403/1963/3746
f 5404/1964/3746 5075/1603/3745 5074/1602/3745
f 5074/1602/3745 5405/1965/3746 5404/1964/3746
f 5072/1600/3746 5405/1965/3746 5074/1602/3745
f 5040/1568/3740 5039/1567/813 5406/1966/813
f 5406/1966/813 5407/1967/3739 5040/1568/3740
f 5047/1575/3742 5040/1568/3740 5407/1967/3739
f 5407/1967/3739 5408/1968/3742 5047/1575/3742
f 5047/1575/3742 5408/1968/3742 5053/1581/3743
f 5053/1581/3743 5408/1968/3742 5409/1969/3742
f 5409/1969/3742 5235/1767/3743 5053/1581/3743
f 5235/1767/3743 5409/1969/3742 5410/1970/3741
f 5410/1970/3741 5217/1749/3743 5235/1767/3743
f 5217/1749/3743 5410/1970/3741 5223/1755/3816
f 5408/1968/3742 5407/1967/3739 5411/1971/3740
f 5411/1971/3740 5409/1969/3742 5408/1968/3742
f 5409/1969/3742 5411/1971/3740 5412/1972/3740
f 5412/1972/3740 5410/1970/3741 5409/1969/3742
f 5410/1970/3741 5412/1972/3740 5413/1973/3856
f 5413/1973/3856 5223/1755/3816 5410/1970/3741
f 5223/1755/3816 5413/1973/3856 5414/1974/3857
f 5414/1974/3857 5224/1756/3817 5223/1755/3816
f 5225/1975/3818 5224/1756/3817 5414/1974/3857
f 5414/1974/3857 5415/1976/3858 5225/1975/3818
f 5024/1977/3733 5225/1975/3818 5415/1976/3858
f 5415/1976/3858 5025/1978/3734 5024/1977/3733
f 5034/1979/3738 5025/1978/3734 5415/1976/3858
f 5415/1976/3858 5416/1980/3859 5034/1979/3738
f 5417/1981/3860 5416/1980/3859 5415/1976/3858
f 5415/1976/3858 5414/1974/3857 5417/1981/3860
f 5417/1981/3860 5414/1974/3857 5413/1973/3856
f 5413/1973/3856 5418/1982/3861 5417/1981/3860
f 5418/1982/3861 5413/1973/3856 5412/1972/3740
f 5412/1972/3740 5419/1983/813 5418/1982/3861
f 5419/1983/813 5412/1972/3740 5411/1971/3740
f 5411/1971/3740 5420/1984/813 5419/1983/813
f 5420/1984/813 5411/1971/3740 5407/1967/3739
f 5407/1967/3739 5406/1966/813 5420/1984/813
usemtl RingRope_COLO_shader
f 5421/1985/3862 5422/1986/3863 5423/1987/3864
f 5423/1987/3864 5424/1988/3865 5421/1985/3862
f 5425/1989/3866 5426/1990/3867 5427/1991/3868
f 5428/1992/3869 5429/1993/3870 5430/1994/3871
f 5430/1994/3871 5431/1995/3872 5428/1992/3869
f 5432/1996/3873 5431/1995/3872 5430/1994/3871
f 5430/1994/3871 5433/1997/3874 5432/1996/3873
f 5434/1998/3875 5433/1997/3874 5430/1994/3871
f 5433/1997/3874 5434/1998/3875 5435/1999/3876
f 5425/1989/3866 5435/1999/3876 5434/1998/3875
f 5435/1999/3876 5425/1989/3866 5436/2000/3877
f 5427/1991/3868 5436/2000/3877 5425/1989/3866
f 5437/2001/3878 5436/2000/3877 5427/1991/3868
f 5438/2002/3879 5439/2003/3880 5440/2004/3881
f 5441/2005/3882 5440/2004/3881 5439/2003/3880
f 5440/2004/3881 5441/2005/3882 5442/2006/3883
f 5443/2007/3884 5442/2006/3883 5441/2005/3882
f 5437/2001/3878 5442/2006/3883 5443/2007/3884
f 5443/2007/3884 5436/2000/3877 5437/2001/3878
f 5436/2000/3877 5443/2007/3884 5435/1999/3876
f 5444/2008/3885 5435/1999/3876 5443/2007/3884
f 5435/1999/3876 5444/2008/3885 5433/1997/3874
f 5433/1997/3874 5444/2008/3885 5426/2009/3867
f 5426/2009/3867 5432/1996/3873 5433/1997/3874
f 5439/2003/3880 5445/2010/3886 5441/2005/3882
f 5446/2011/3887 5441/2005/3882 5445/2010/3886
f 5441/2005/3882 5446/2011/3887 5443/2007/3884
f 5443/2007/3884 5446/2011/3887 5444/2008/3885
f 5444/2008/3885 5446/2011/3887 5427/2012/3868
f 5427/2012/3868 5426/2009/3867 5444/2008/3885
f 5445/2010/3886 5427/2012/3868 5446/2011/3887
f 5427/1991/3868 5445/2013/3886 5437/2001/3878
f 5437/2001/3878 5445/2013/3886 5439/2014/3880
f 5439/2014/3880 5447/2015/3888 5437/2001/3878
f 5442/2006/3883 5437/2001/3878 5447/2015/3888
f 5447/2015/3888 5448/2016/3889 5442/2006/3883
f 5442/2006/3883 5448/2016/3889 5440/2004/3881
f 5449/2017/3890 5440/2004/3881 5448/2016/3889
f 5440/2004/3881 5449/2017/3890 5438/2002/3879
f 5438/2002/3879 5449/2017/3890 5450/2018/3891
f 5450/2018/3891 5451/2019/3892 5438/2002/3879
f 5447/2015/3888 5439/2014/3880 5438/2020/3879
f 5448/2016/3889 5447/2015/3888 5452/2021/3893
f 5438/2020/3879 5452/2021/3893 5447/2015/3888
f 5452/2021/3893 5438/2020/3879 5451/2022/3892
f 5452/2021/3893 5453/2023/3894 5448/2016/3889
f 5453/2023/3894 5452/2021/3893 5454/2024/3895
f 5451/2022/3892 5454/2024/3895 5452/2021/3893
f 5454/2024/3895 5451/2022/3892 5455/2025/3896
f 5454/2024/3895 5456/2026/3897 5453/2023/3894
f 5456/2026/3897 5454/2024/3895 5457/2027/3898
f 5457/2027/3898 5458/2028/3899 5456/2026/3897
f 5458/2028/3899 5457/2027/3898 5459/2029/3900
f 5459/2029/3900 5460/2030/3901 5461/2031/3902
f 5460/2030/3901 5459/2029/3900 5457/2027/3898
f 5457/2027/3898 5455/2025/3896 5460/2030/3901
f 5455/2025/3896 5457/2027/3898 5454/2024/3895
f 5462/2032/3903 5461/2031/3902 5463/2033/3904
f 5461/2031/3902 5462/2032/3903 5459/2029/3900
f 5464/2034/3905 5459/2029/3900 5462/2032/3903
f 5459/2029/3900 5464/2034/3905 5458/2028/3899
f 5465/2035/3906 5458/2028/3899 5464/2034/3905
f 5458/2028/3899 5465/2035/3906 5450/2018/3891
f 5450/2018/3891 5456/2026/3897 5458/2028/3899
f 5456/2026/3897 5450/2018/3891 5449/2017/3890
f 5449/2017/3890 5453/2023/3894 5456/2026/3897
f 5448/2016/3889 5453/2023/3894 5449/2017/3890
f 5451/2019/3892 5450/2018/3891 5465/2035/3906
f 5465/2035/3906 5455/2036/3896 5451/2019/3892
f 5455/2036/3896 5465/2035/3906 5466/2037/3907
f 5464/2034/3905 5466/2037/3907 5465/2035/3906
f 5466/2037/3907 5464/2034/3905 5467/2038/3908
f 5462/2032/3903 5467/2038/3908 5464/2034/3905
f 5467/2038/3908 5462/2032/3903 5468/2039/3909
f 5463/2033/3904 5468/2039/3909 5462/2032/3903
f 5469/2040/3910 5468/2039/3909 5463/2033/3904
f 5463/2033/3904 5470/2041/3911 5469/2040/3910
f 5466/2037/3907 5460/2042/3901 5455/2036/3896
f 5460/2042/3901 5466/2037/3907 5471/2043/3912
f 5467/2038/3908 5471/2043/3912 5466/2037/3907
f 5471/2043/3912 5467/2038/3908 5472/2044/3913
f 5468/2039/3909 5472/2044/3913 5467/2038/3908
f 5473/2045/3914 5472/2044/3913 5468/2039/3909
f 5468/2039/3909 5469/2040/3910 5473/2045/3914
f 5474/2046/3915 5473/2045/3914 5469/2040/3910
f 5469/2040/3910 5475/2047/3916 5474/2046/3915
f 5476/2048/3917 5474/2046/3915 5475/2047/3916
f 5471/2043/3912 5461/2049/3902 5460/2042/3901
f 5461/2049/3902 5471/2043/3912 5477/2050/3918
f 5472/2044/3913 5477/2050/3918 5471/2043/3912
f 5478/2051/3919 5477/2050/3918 5472/2044/3913
f 5472/2044/3913 5473/2045/3914 5478/2051/3919
f 5479/2052/3920 5478/2051/3919 5473/2045/3914
f 5473/2045/3914 5474/2046/3915 5479/2052/3920
f 5480/2053/3921 5479/2052/3920 5474/2046/3915
f 5474/2046/3915 5476/2048/3917 5480/2053/3921
f 5481/2054/3922 5480/2053/3921 5476/2048/3917
f 5477/2050/3918 5463/2055/3904 5461/2049/3902
f 5470/2056/3911 5463/2055/3904 5477/2050/3918
f 5477/2050/3918 5478/2051/3919 5470/2056/3911
f 5482/2057/3923 5470/2056/3911 5478/2051/3919
f 5478/2051/3919 5479/2052/3920 5482/2057/3923
f 5483/2058/3924 5482/2057/3923 5479/2052/3920
f 5479/2052/3920 5480/2053/3921 5483/2058/3924
f 5484/2059/3925 5483/2058/3924 5480/2053/3921
f 5480/2053/3921 5481/2054/3922 5484/2059/3925
f 5485/2060/3926 5484/2059/3925 5481/2054/3922
f 5481/2054/3922 5486/2061/3927 5485/2060/3926
f 5487/2062/3928 5485/2060/3926 5486/2061/3927
f 5486/2061/3927 5488/2063/3929 5487/2062/3928
f 5489/2064/3930 5487/2062/3928 5488/2063/3929
f 5488/2063/3929 5490/2065/3931 5489/2064/3930
f 5491/2066/3932 5489/2064/3930 5490/2065/3931
f 5490/2065/3931 5492/2067/3933 5491/2066/3932
f 5493/2068/3934 5491/2066/3932 5492/2067/3933
f 5492/2067/3933 5494/2069/3935 5493/2068/3934
f 5495/2070/3936 5493/2068/3934 5494/2069/3935
f 5476/2048/3917 5496/2071/3937 5481/2054/3922
f 5486/2061/3927 5481/2054/3922 5496/2071/3937
f 5496/2071/3937 5497/2072/3938 5486/2061/3927
f 5488/2063/3929 5486/2061/3927 5497/2072/3938
f 5497/2072/3938 5498/2073/3939 5488/2063/3929
f 5490/2065/3931 5488/2063/3929 5498/2073/3939
f 5498/2073/3939 5499/2074/3940 5490/2065/3931
f 5492/2067/3933 5490/2065/3931 5499/2074/3940
f 5499/2074/3940 5500/2075/3941 5492/2067/3933
f 5494/2069/3935 5492/2067/3933 5500/2075/3941
f 5475/2047/3916 5501/2076/3942 5476/2048/3917
f 5496/2071/3937 5476/2048/3917 5501/2076/3942
f 5501/2076/3942 5502/2077/3943 5496/2071/3937
f 5497/2072/3938 5496/2071/3937 5502/2077/3943
f 5502/2077/3943 5503/2078/3944 5497/2072/3938
f 5498/2073/3939 5497/2072/3938 5503/2078/3944
f 5503/2078/3944 5504/2079/3945 5498/2073/3939
f 5499/2074/3940 5498/2073/3939 5504/2079/3945
f 5504/2079/3945 5505/2080/3946 5499/2074/3940
f 5500/2075/3941 5499/2074/3940 5505/2080/3946
f 5475/2047/3916 5469/2040/3910 5470/2041/3911
f 5470/2041/3911 5482/2081/3923 5475/2047/3916
f 5501/2076/3942 5475/2047/3916 5482/2081/3923
f 5482/2081/3923 5483/2082/3924 5501/2076/3942
f 5502/2077/3943 5501/2076/3942 5483/2082/3924
f 5483/2082/3924 5484/2083/3925 5502/2077/3943
f 5503/2078/3944 5502/2077/3943 5484/2083/3925
f 5484/2083/3925 5485/2084/3926 5503/2078/3944
f 5504/2079/3945 5503/2078/3944 5485/2084/3926
f 5485/2084/3926 5487/2085/3928 5504/2079/3945
f 5505/2080/3946 5504/2079/3945 5487/2085/3928
f 5487/2085/3928 5489/2086/3930 5505/2080/3946
f 5506/2087/3947 5505/2080/3946 5489/2086/3930
f 5489/2086/3930 5491/2088/3932 5506/2087/3947
f 5507/2089/3948 5506/2087/3947 5491/2088/3932
f 5491/2088/3932 5493/2090/3934 5507/2089/3948
f 5508/2091/3949 5507/2089/3948 5493/2090/3934
f 5493/2090/3934 5495/2092/3936 5508/2091/3949
f 5509/2093/3950 5508/2091/3949 5495/2092/3936
f 5495/2092/3936 5510/2094/3951 5509/2093/3950
f 5505/2080/3946 5506/2087/3947 5500/2075/3941
f 5511/2095/3952 5500/2075/3941 5506/2087/3947
f 5506/2087/3947 5507/2089/3948 5511/2095/3952
f 5512/2096/3953 5511/2095/3952 5507/2089/3948
f 5507/2089/3948 5508/2091/3949 5512/2096/3953
f 5513/2097/3954 5512/2096/3953 5508/2091/3949
f 5508/2091/3949 5509/2093/3950 5513/2097/3954
f 5514/2098/3955 5513/2097/3954 5509/2093/3950
f 5509/2093/3950 5515/2099/3956 5514/2098/3955
f 5516/2100/3957 5514/2098/3955 5515/2099/3956
f 5500/2075/3941 5511/2095/3952 5494/2069/3935
f 5517/2101/3958 5494/2069/3935 5511/2095/3952
f 5511/2095/3952 5512/2096/3953 5517/2101/3958
f 5518/2102/3959 5517/2101/3958 5512/2096/3953
f 5512/2096/3953 5513/2097/3954 5518/2102/3959
f 5519/2103/3960 5518/2102/3959 5513/2097/3954
f 5513/2097/3954 5514/2098/3955 5519/2103/3960
f 5520/2104/3961 5519/2103/3960 5514/2098/3955
f 5514/2098/3955 5516/2100/3957 5520/2104/3961
f 5521/2105/3962 5520/2104/3961 5516/2100/3957
f 5494/2069/3935 5517/2101/3958 5495/2070/3936
f 5510/2106/3951 5495/2070/3936 5517/2101/3958
f 5517/2101/3958 5518/2102/3959 5510/2106/3951
f 5522/2107/3963 5510/2106/3951 5518/2102/3959
f 5518/2102/3959 5519/2103/3960 5522/2107/3963
f 5523/2108/3964 5522/2107/3963 5519/2103/3960
f 5519/2103/3960 5520/2104/3961 5523/2108/3964
f 5524/2109/3965 5523/2108/3964 5520/2104/3961
f 5520/2104/3961 5521/2105/3962 5524/2109/3965
f 5525/2110/3966 5524/2109/3965 5521/2105/3962
f 5521/2105/3962 5526/2111/3967 5525/2110/3966
f 5527/2112/3968 5525/2110/3966 5526/2111/3967
f 5526/2111/3967 5528/2113/3969 5527/2112/3968
f 5529/2114/3970 5527/2112/3968 5528/2113/3969
f 5528/2113/3969 5530/2115/3971 5529/2114/3970
f 5531/2116/3972 5529/2114/3970 5530/2115/3971
f 5530/2115/3971 5532/2117/3973 5531/2116/3972
f 5533/2118/3974 5531/2116/3972 5532/2117/3973
f 5532/2117/3973 5534/2119/3975 5533/2118/3974
f 5535/2120/3976 5533/2118/3974 5534/2119/3975
f 5516/2100/3957 5536/2121/3977 5521/2105/3962
f 5526/2111/3967 5521/2105/3962 5536/2121/3977
f 5536/2121/3977 5537/2122/3978 5526/2111/3967
f 5528/2113/3969 5526/2111/3967 5537/2122/3978
f 5537/2122/3978 5538/2123/3979 5528/2113/3969
f 5530/2115/3971 5528/2113/3969 5538/2123/3979
f 5538/2123/3979 5539/2124/3980 5530/2115/3971
f 5532/2117/3973 5530/2115/3971 5539/2124/3980
f 5539/2124/3980 5540/2125/3981 5532/2117/3973
f 5534/2119/3975 5532/2117/3973 5540/2125/3981
f 5515/2099/3956 5541/2126/3982 5516/2100/3957
f 5536/2121/3977 5516/2100/3957 5541/2126/3982
f 5541/2126/3982 5542/2127/3983 5536/2121/3977
f 5537/2122/3978 5536/2121/3977 5542/2127/3983
f 5542/2127/3983 5543/2128/3984 5537/2122/3978
f 5538/2123/3979 5537/2122/3978 5543/2128/3984
f 5543/2128/3984 5544/2129/3985 5538/2123/3979
f 5539/2124/3980 5538/2123/3979 5544/2129/3985
f 5544/2129/3985 5545/2130/3986 5539/2124/3980
f 5540/2125/3981 5539/2124/3980 5545/2130/3986
f 5515/2099/3956 5509/2093/3950 5510/2094/3951
f 5510/2094/3951 5522/2131/3963 5515/2099/3956
f 5541/2126/3982 5515/2099/3956 5522/2131/3963
f 5522/2131/3963 5523/2132/3964 5541/2126/3982
f 5542/2127/3983 5541/2126/3982 5523/2132/3964
f 5523/2132/3964 5524/2133/3965 5542/2127/3983
f 5543/2128/3984 5542/2127/3983 5524/2133/3965
f 5524/2133/3965 5525/2134/3966 5543/2128/3984
f 5544/2129/3985 5543/2128/3984 5525/2134/3966
f 5525/2134/3966 5527/2135/3968 5544/2129/3985
f 5545/2130/3986 5544/2129/3985 5527/2135/3968
f 5527/2135/3968 5529/2136/3970 5545/2130/3986
f 5546/2137/3987 5545/2130/3986 5529/2136/3970
f 5529/2136/3970 5531/2138/3972 5546/2137/3987
f 5547/2139/3988 5546/2137/3987 5531/2138/3972
f 5531/2138/3972 5533/2140/3974 5547/2139/3988
f 5548/2141/3989 5547/2139/3988 5533/2140/3974
f 5533/2140/3974 5535/2142/3976 5548/2141/3989
f 5549/2143/3990 5548/2141/3989 5535/2142/3976
f 5535/2142/3976 5550/2144/3991 5549/2143/3990
f 5545/2130/3986 5546/2137/3987 5540/2125/3981
f 5551/2145/3992 5540/2125/3981 5546/2137/3987
f 5546/2137/3987 5547/2139/3988 5551/2145/3992
f 5552/2146/3993 5551/2145/3992 5547/2139/3988
f 5547/2139/3988 5548/2141/3989 5552/2146/3993
f 5553/2147/3994 5552/2146/3993 5548/2141/3989
f 5548/2141/3989 5549/2143/3990 5553/2147/3994
f 5554/2148/3995 5553/2147/3994 5549/2143/3990
f 5549/2143/3990 5555/2149/3996 5554/2148/3995
f 5556/2150/3997 5554/2148/3995 5555/2149/3996
f 5540/2125/3981 5551/2145/3992 5534/2119/3975
f 5557/2151/3998 5534/2119/3975 5551/2145/3992
f 5551/2145/3992 5552/2146/3993 5557/2151/3998
f 5558/2152/3999 5557/2151/3998 5552/2146/3993
f 5552/2146/3993 5553/2147/3994 5558/2152/3999
f 5559/2153/4000 5558/2152/3999 5553/2147/3994
f 5553/2147/3994 5554/2148/3995 5559/2153/4000
f 5560/2154/4001 5559/2153/4000 5554/2148/3995
f 5554/2148/3995 5556/2150/3997 5560/2154/4001
f 5561/2155/4002 5560/2154/4001 5556/2150/3997
f 5534/2119/3975 5557/2151/3998 5535/2120/3976
f 5550/2156/3991 5535/2120/3976 5557/2151/3998
f 5557/2151/3998 5558/2152/3999 5550/2156/3991
f 5562/2157/4003 5550/2156/3991 5558/2152/3999
f 5558/2152/3999 5559/2153/4000 5562/2157/4003
f 5563/2158/4004 5562/2157/4003 5559/2153/4000
f 5559/2153/4000 5560/2154/4001 5563/2158/4004
f 5564/2159/4005 5563/2158/4004 5560/2154/4001
f 5560/2154/4001 5561/2155/4002 5564/2159/4005
f 5565/2160/4006 5564/2159/4005 5561/2155/4002
f 5561/2155/4002 5566/2161/4007 5565/2160/4006
f 5567/2162/4008 5565/2160/4006 5566/2161/4007
f 5566/2161/4007 5568/2163/4009 5567/2162/4008
f 5569/2164/4010 5567/2162/4008 5568/2163/4009
f 5568/2163/4009 5570/2165/4011 5569/2164/4010
f 5571/2166/4012 5569/2164/4010 5570/2165/4011
f 5570/2165/4011 5572/2167/4013 5571/2166/4012
f 5573/2168/4014 5571/2166/4012 5572/2167/4013
f 5572/2167/4013 5574/2169/4015 5573/2168/4014
f 5575/2170/4016 5573/2168/4014 5574/2169/4015
f 5574/2169/4015 5576/2171/4017 5575/2170/4016
f 5556/2150/3997 5577/2172/4018 5561/2155/4002
f 5566/2161/4007 5561/2155/4002 5577/2172/4018
f 5577/2172/4018 5578/2173/4019 5566/2161/4007
f 5568/2163/4009 5566/2161/4007 5578/2173/4019
f 5578/2173/4019 5579/2174/4020 5568/2163/4009
f 5570/2165/4011 5568/2163/4009 5579/2174/4020
f 5579/2174/4020 5580/2175/4021 5570/2165/4011
f 5572/2167/4013 5570/2165/4011 5580/2175/4021
f 5580/2175/4021 5581/2176/4022 5572/2167/4013
f 5574/2169/4015 5572/2167/4013 5581/2176/4022
f 5581/2176/4022 5582/2177/4023 5574/2169/4015
f 5576/2171/4017 5574/2169/4015 5582/2177/4023
f 5582/2177/4023 5583/2178/4024 5576/2171/4017
f 5584/2179/4025 5585/2180/4026 5581/2176/4022
f 5582/2177/4023 5581/2176/4022 5585/2180/4026
f 5585/2180/4026 5586/2181/4027 5582/2177/4023
f 5583/2178/4024 5582/2177/4023 5586/2181/4027
f 5586/2181/4027 5587/2182/4028 5583/2178/4024
f 5584/2179/4025 5588/2183/4029 5567/2184/4008
f 5567/2184/4008 5569/2185/4010 5584/2179/4025
f 5585/2180/4026 5584/2179/4025 5569/2185/4010
f 5569/2185/4010 5571/2186/4012 5585/2180/4026
f 5586/2181/4027 5585/2180/4026 5571/2186/4012
f 5571/2186/4012 5573/2187/4014 5586/2181/4027
f 5587/2182/4028 5586/2181/4027 5573/2187/4014
f 5573/2187/4014 5575/2188/4016 5587/2182/4028
f 5555/2149/3996 5589/2189/4030 5556/2150/3997
f 5577/2172/4018 5556/2150/3997 5589/2189/4030
f 5589/2189/4030 5590/2190/4031 5577/2172/4018
f 5578/2173/4019 5577/2172/4018 5590/2190/4031
f 5590/2190/4031 5591/2191/4032 5578/2173/4019
f 5579/2174/4020 5578/2173/4019 5591/2191/4032
f 5591/2191/4032 5588/2183/4029 5579/2174/4020
f 5580/2175/4021 5579/2174/4020 5588/2183/4029
f 5588/2183/4029 5584/2179/4025 5580/2175/4021
f 5581/2176/4022 5580/2175/4021 5584/2179/4025
f 5555/2149/3996 5549/2143/3990 5550/2144/3991
f 5550/2144/3991 5562/2192/4003 5555/2149/3996
f 5589/2189/4030 5555/2149/3996 5562/2192/4003
f 5562/2192/4003 5563/2193/4004 5589/2189/4030
f 5590/2190/4031 5589/2189/4030 5563/2193/4004
f 5563/2193/4004 5564/2194/4005 5590/2190/4031
f 5591/2191/4032 5590/2190/4031 5564/2194/4005
f 5564/2194/4005 5565/2195/4006 5591/2191/4032
f 5588/2183/4029 5591/2191/4032 5565/2195/4006
f 5565/2195/4006 5567/2184/4008 5588/2183/4029
f 5592/2196/4033 5593/2197/4034 5594/2198/4035
f 5594/2198/4035 5595/2199/4036 5592/2196/4033
f 5595/2199/4036 5594/2198/4035 5596/2200/4037
f 5596/2200/4037 5597/2201/4038 5595/2199/4036
f 5597/2201/4038 5596/2200/4037 5598/2202/4039
f 5598/2202/4039 5599/2203/4040 5597/2201/4038
f 5599/2203/4040 5598/2202/4039 5600/2204/4041
f 5601/2205/4042 5592/2196/4033 5595/2199/4036
f 5595/2199/4036 5602/2206/4043 5601/2205/4042
f 5602/2206/4043 5595/2199/4036 5597/2201/4038
f 5597/2201/4038 5429/1993/3870 5602/2206/4043
f 5429/1993/3870 5597/2201/4038 5599/2203/4040
f 5599/2203/4040 5430/1994/3871 5429/1993/3870
f 5430/1994/3871 5599/2203/4040 5434/1998/3875
f 5600/2204/4041 5434/1998/3875 5599/2203/4040
f 5434/1998/3875 5600/2204/4041 5425/1989/3866
f 5426/1990/3867 5425/1989/3866 5600/2204/4041
f 5593/2197/4034 5603/2207/4044 5604/2208/4045
f 5605/2209/4046 5603/2207/4044 5593/2197/4034
f 5593/2197/4034 5592/2196/4033 5605/2209/4046
f 5606/2210/4047 5605/2209/4046 5592/2196/4033
f 5592/2196/4033 5601/2205/4042 5606/2210/4047
f 5606/2210/4047 5601/2205/4042 5607/2211/4048
f 5607/2211/4048 5601/2205/4042 5602/2206/4043
f 5602/2206/4043 5608/2212/4049 5607/2211/4048
f 5608/2212/4049 5602/2206/4043 5429/1993/3870
f 5429/1993/3870 5428/1992/3869 5608/2212/4049
f 5609/2213/4050 5610/2214/4051 5611/2215/4052
f 5610/2214/4051 5609/2213/4050 5612/2216/4053
f 5613/2217/4054 5612/2216/4053 5609/2213/4050
f 5612/2216/4053 5613/2217/4054 5614/2218/4055
f 5615/2219/4056 5614/2218/4055 5613/2217/4054
f 5614/2218/4055 5615/2219/4056 5616/2220/4057
f 5616/2220/4057 5617/2221/4058 5614/2218/4055
f 5617/2221/4058 5616/2220/4057 5603/2207/4044
f 5603/2207/4044 5605/2209/4046 5617/2221/4058
f 5618/2222/4059 5617/2221/4058 5605/2209/4046
f 5605/2209/4046 5606/2210/4047 5618/2222/4059
f 5618/2222/4059 5606/2210/4047 5604/2223/4045
f 5607/2211/4048 5604/2223/4045 5606/2210/4047
f 5612/2216/4053 5619/2224/4060 5610/2214/4051
f 5619/2224/4060 5612/2216/4053 5620/2225/4061
f 5614/2218/4055 5620/2225/4061 5612/2216/4053
f 5620/2225/4061 5614/2218/4055 5617/2221/4058
f 5617/2221/4058 5618/2222/4059 5620/2225/4061
f 5620/2225/4061 5618/2222/4059 5621/2226/4062
f 5604/2223/4045 5621/2226/4062 5618/2222/4059
f 5620/2225/4061 5622/2227/4063 5619/2224/4060
f 5621/2226/4062 5622/2227/4063 5620/2225/4061
f 5623/2228/4064 5624/2229/4065 5625/2230/4066
f 5625/2230/4066 5626/2231/4067 5623/2228/4064
f 5583/2232/4024 5587/2233/4028 5575/2234/4016
f 5576/2235/4017 5583/2232/4024 5575/2234/4016
f 5627/2236/4068 5628/2237/4069 5629/2238/4070
f 5630/2239/4071 5627/2236/4068 5629/2238/4070
f 5631/2240/4072 5632/2241/4073 5633/2242/4074
f 5633/2242/4074 5634/2243/4075 5631/2240/4072
f 5635/2244/4076 5636/2245/4077 5637/2246/4078
f 5638/2247/4079 5635/2244/4076 5637/2246/4078
f 5639/2248/4080 5640/2249/4081 5641/2250/4082
f 5641/2250/4082 5642/2251/4083 5639/2248/4080
f 5643/2252/4084 5644/2253/4085 5645/2254/4086
f 5646/2255/4087 5643/2252/4084 5645/2254/4086
f 5647/2256/4088 5648/2257/4089 5649/2258/4090
f 5649/2258/4090 5650/2259/4091 5647/2256/4088
f 5651/2260/4092 5652/2261/4093 5653/2262/4094
f 5654/2263/4095 5651/2260/4092 5653/2262/4094
f 5655/2264/4096 5656/2265/4097 5657/2266/4098
f 5657/2266/4098 5658/2267/4099 5655/2264/4096
f 5658/2267/4099 5657/2266/4098 5659/2268/4100
f 5659/2268/4100 5660/2269/4101 5658/2267/4099
f 5661/2270/4102 5662/2271/4103 5656/2265/4097
f 5656/2265/4097 5655/2264/4096 5661/2270/4102
f 5663/2272/4104 5661/2270/4102 5655/2264/4096
f 5655/2264/4096 5664/2273/4105 5663/2272/4104
f 5664/2273/4105 5655/2264/4096 5658/2267/4099
f 5658/2267/4099 5665/2274/4106 5664/2273/4105
f 5665/2274/4106 5658/2267/4099 5660/2269/4101
f 5660/2269/4101 5666/2275/4107 5665/2274/4106
f 5660/2276/4101 5659/2277/4100 5662/2271/4103
f 5662/2271/4103 5661/2270/4102 5660/2276/4101
f 5666/2278/4107 5660/2276/4101 5661/2270/4102
f 5661/2270/4102 5663/2272/4104 5666/2278/4107
f 5649/2279/4090 5666/2278/4107 5663/2272/4104
f 5663/2272/4104 5650/2280/4091 5649/2279/4090
f 5650/2280/4091 5663/2272/4104 5664/2273/4105
f 5664/2273/4105 5647/2281/4088 5650/2280/4091
f 5647/2281/4088 5664/2273/4105 5665/2274/4106
f 5665/2274/4106 5648/2282/4089 5647/2281/4088
f 5648/2282/4089 5665/2274/4106 5666/2275/4107
f 5666/2275/4107 5649/2283/4090 5648/2282/4089
f 5667/2284/4108 5668/2285/4109 5669/2286/4110
f 5669/2286/4110 5670/2287/4111 5667/2284/4108
f 5671/2288/4112 5667/2284/4108 5670/2287/4111
f 5670/2287/4111 5672/2289/4113 5671/2288/4112
f 5673/2290/4114 5671/2288/4112 5672/2289/4113
f 5672/2289/4113 5674/2291/4115 5673/2290/4114
f 5675/2292/4116 5673/2290/4114 5674/2291/4115
f 5674/2291/4115 5676/2293/4117 5675/2292/4116
f 5659/2277/4100 5675/2292/4116 5676/2293/4117
f 5676/2293/4117 5662/2271/4103 5659/2277/4100
f 5670/2287/4111 5669/2286/4110 5677/2294/4118
f 5677/2294/4118 5678/2295/4119 5670/2287/4111
f 5672/2289/4113 5670/2287/4111 5678/2295/4119
f 5678/2295/4119 5679/2296/4120 5672/2289/4113
f 5674/2291/4115 5672/2289/4113 5679/2296/4120
f 5679/2296/4120 5680/2297/4121 5674/2291/4115
f 5676/2293/4117 5674/2291/4115 5680/2297/4121
f 5680/2297/4121 5681/2298/4122 5676/2293/4117
f 5662/2271/4103 5676/2293/4117 5681/2298/4122
f 5681/2298/4122 5656/2265/4097 5662/2271/4103
f 5678/2295/4119 5677/2294/4118 5682/2299/4123
f 5682/2299/4123 5683/2300/4124 5678/2295/4119
f 5679/2296/4120 5678/2295/4119 5683/2300/4124
f 5683/2300/4124 5684/2301/4125 5679/2296/4120
f 5680/2297/4121 5679/2296/4120 5684/2301/4125
f 5684/2301/4125 5685/2302/4126 5680/2297/4121
f 5681/2298/4122 5680/2297/4121 5685/2302/4126
f 5685/2302/4126 5686/2303/4127 5681/2298/4122
f 5656/2265/4097 5681/2298/4122 5686/2303/4127
f 5686/2303/4127 5657/2266/4098 5656/2265/4097
f 5683/2300/4124 5682/2299/4123 5668/2304/4109
f 5668/2304/4109 5667/2305/4108 5683/2300/4124
f 5684/2301/4125 5683/2300/4124 5667/2305/4108
f 5667/2305/4108 5671/2306/4112 5684/2301/4125
f 5685/2302/4126 5684/2301/4125 5671/2306/4112
f 5671/2306/4112 5673/2307/4114 5685/2302/4126
f 5686/2303/4127 5685/2302/4126 5673/2307/4114
f 5673/2307/4114 5675/2308/4116 5686/2303/4127
f 5657/2266/4098 5686/2303/4127 5675/2308/4116
f 5675/2308/4116 5659/2268/4100 5657/2266/4098
f 5687/2309/4128 5611/2310/4052 5610/2311/4051
f 5688/2312/4129 5687/2309/4128 5689/2313/4130
f 5610/2311/4051 5689/2313/4130 5687/2309/4128
f 5689/2313/4130 5610/2311/4051 5619/2314/4060
f 5690/2315/4131 5691/2316/4132 5611/2310/4052
f 5611/2310/4052 5687/2309/4128 5690/2315/4131
f 5692/2317/4133 5690/2315/4131 5687/2309/4128
f 5687/2309/4128 5688/2312/4129 5692/2317/4133
f 5693/2318/4134 5692/2317/4133 5688/2312/4129
f 5688/2312/4129 5694/2319/4135 5693/2318/4134
f 5694/2319/4135 5688/2312/4129 5695/2320/4136
f 5689/2313/4130 5695/2320/4136 5688/2312/4129
f 5695/2320/4136 5689/2313/4130 5696/2321/4137
f 5619/2314/4060 5696/2321/4137 5689/2313/4130
f 5696/2321/4137 5619/2314/4060 5622/2322/4063
f 5624/2323/4065 5623/2324/4064 5691/2316/4132
f 5691/2316/4132 5690/2315/4131 5624/2323/4065
f 5625/2325/4066 5624/2323/4065 5690/2315/4131
f 5690/2315/4131 5692/2317/4133 5625/2325/4066
f 5626/2326/4067 5625/2325/4066 5692/2317/4133
f 5692/2317/4133 5693/2318/4134 5626/2326/4067
f 5623/2327/4064 5626/2326/4067 5693/2318/4134
f 5693/2318/4134 5691/2328/4132 5623/2327/4064
f 5691/2328/4132 5693/2318/4134 5694/2319/4135
f 5694/2319/4135 5611/2215/4052 5691/2328/4132
f 5611/2215/4052 5694/2319/4135 5609/2213/4050
f 5695/2320/4136 5609/2213/4050 5694/2319/4135
f 5609/2213/4050 5695/2320/4136 5613/2217/4054
f 5696/2321/4137 5613/2217/4054 5695/2320/4136
f 5613/2217/4054 5696/2321/4137 5615/2219/4056
f 5622/2322/4063 5615/2219/4056 5696/2321/4137
f 5616/2220/4057 5615/2219/4056 5622/2322/4063
f 5622/2322/4063 5621/2329/4062 5616/2220/4057
f 5603/2207/4044 5616/2220/4057 5621/2329/4062
f 5621/2329/4062 5604/2208/4045 5603/2207/4044
f 5600/2204/4041 5432/2330/3873 5426/1990/3867
f 5432/2330/3873 5600/2204/4041 5598/2202/4039
f 5598/2202/4039 5431/2331/3872 5432/2330/3873
f 5431/2331/3872 5598/2202/4039 5596/2200/4037
f 5596/2200/4037 5428/2332/3869 5431/2331/3872
f 5428/2332/3869 5596/2200/4037 5594/2198/4035
f 5594/2198/4035 5608/2333/4049 5428/2332/3869
f 5608/2333/4049 5594/2198/4035 5593/2197/4034
f 5593/2197/4034 5607/2334/4048 5608/2333/4049
f 5604/2208/4045 5607/2334/4048 5593/2197/4034
f 5697/2335/4138 5637/2336/4078 5636/2337/4077
f 5698/2338/4139 5697/2335/4138 5699/2339/4140
f 5636/2337/4077 5699/2339/4140 5697/2335/4138
f 5699/2339/4140 5636/2337/4077 5635/2340/4076
f 5700/2341/4141 5698/2338/4139 5701/2342/4142
f 5699/2339/4140 5701/2342/4142 5698/2338/4139
f 5701/2342/4142 5699/2339/4140 5702/2343/4143
f 5635/2340/4076 5702/2343/4143 5699/2339/4140
f 5702/2343/4143 5635/2340/4076 5638/2344/4079
f 5702/2343/4143 5703/2345/4144 5701/2342/4142
f 5703/2345/4144 5702/2343/4143 5704/2346/4145
f 5638/2344/4079 5704/2346/4145 5702/2343/4143
f 5704/2346/4145 5638/2344/4079 5637/2347/4078
f 5637/2347/4078 5697/2348/4138 5704/2346/4145
f 5705/2349/4146 5704/2346/4145 5697/2348/4138
f 5704/2346/4145 5705/2349/4146 5703/2345/4144
f 5706/2350/4147 5703/2345/4144 5705/2349/4146
f 5703/2345/4144 5706/2350/4147 5707/2351/4148
f 5708/2352/4149 5707/2351/4148 5706/2350/4147
f 5706/2350/4147 5709/2353/4150 5708/2352/4149
f 5710/2354/4151 5708/2352/4149 5709/2353/4150
f 5709/2353/4150 5711/2355/4152 5710/2354/4151
f 5712/2356/4153 5710/2354/4151 5711/2355/4152
f 5712/2356/4153 5713/2357/4154 5714/2358/4155
f 5714/2358/4155 5715/2359/4156 5712/2356/4153
f 5710/2354/4151 5712/2356/4153 5715/2359/4156
f 5715/2359/4156 5716/2360/4157 5710/2354/4151
f 5708/2352/4149 5710/2354/4151 5716/2360/4157
f 5716/2360/4157 5717/2361/4158 5708/2352/4149
f 5707/2351/4148 5708/2352/4149 5717/2361/4158
f 5717/2361/4158 5700/2341/4141 5707/2351/4148
f 5701/2342/4142 5707/2351/4148 5700/2341/4141
f 5707/2351/4148 5701/2342/4142 5703/2345/4144
f 5718/2362/4159 5719/2363/4160 5720/2364/4161
f 5720/2364/4161 5721/2365/4162 5718/2362/4159
f 5722/2366/4163 5718/2362/4159 5721/2365/4162
f 5721/2365/4162 5723/2367/4164 5722/2366/4163
f 5724/2368/4165 5722/2366/4163 5723/2367/4164
f 5723/2367/4164 5725/2369/4166 5724/2368/4165
f 5726/2370/4167 5724/2368/4165 5725/2369/4166
f 5725/2369/4166 5727/2371/4168 5726/2370/4167
f 5713/2357/4154 5726/2370/4167 5727/2371/4168
f 5727/2371/4168 5714/2358/4155 5713/2357/4154
f 5711/2355/4152 5728/2372/4169 5712/2356/4153
f 5713/2357/4154 5712/2356/4153 5728/2372/4169
f 5728/2372/4169 5729/2373/4170 5713/2357/4154
f 5726/2370/4167 5713/2357/4154 5729/2373/4170
f 5729/2373/4170 5730/2374/4171 5726/2370/4167
f 5724/2368/4165 5726/2370/4167 5730/2374/4171
f 5730/2374/4171 5731/2375/4172 5724/2368/4165
f 5722/2366/4163 5724/2368/4165 5731/2375/4172
f 5731/2375/4172 5732/2376/4173 5722/2366/4163
f 5718/2362/4159 5722/2366/4163 5732/2376/4173
f 5705/2349/4146 5733/2377/4174 5706/2350/4147
f 5709/2353/4150 5706/2350/4147 5733/2377/4174
f 5733/2377/4174 5734/2378/4175 5709/2353/4150
f 5711/2355/4152 5709/2353/4150 5734/2378/4175
f 5734/2378/4175 5735/2379/4176 5711/2355/4152
f 5728/2372/4169 5711/2355/4152 5735/2379/4176
f 5735/2379/4176 5736/2380/4177 5728/2372/4169
f 5729/2373/4170 5728/2372/4169 5736/2380/4177
f 5736/2380/4177 5737/2381/4178 5729/2373/4170
f 5730/2374/4171 5729/2373/4170 5737/2381/4178
f 5715/2382/4156 5714/2383/4155 5737/2381/4178
f 5737/2381/4178 5736/2380/4177 5715/2382/4156
f 5716/2384/4157 5715/2382/4156 5736/2380/4177
f 5736/2380/4177 5735/2379/4176 5716/2384/4157
f 5717/2385/4158 5716/2384/4157 5735/2379/4176
f 5735/2379/4176 5734/2378/4175 5717/2385/4158
f 5700/2386/4141 5717/2385/4158 5734/2378/4175
f 5734/2378/4175 5733/2377/4174 5700/2386/4141
f 5698/2387/4139 5700/2386/4141 5733/2377/4174
f 5733/2377/4174 5705/2349/4146 5698/2387/4139
f 5697/2348/4138 5698/2387/4139 5705/2349/4146
f 5721/2388/4162 5720/2389/4161 5738/2390/4179
f 5738/2390/4179 5739/2391/4180 5721/2388/4162
f 5723/2392/4164 5721/2388/4162 5739/2391/4180
f 5739/2391/4180 5740/2393/4181 5723/2392/4164
f 5725/2394/4166 5723/2392/4164 5740/2393/4181
f 5740/2393/4181 5741/2395/4182 5725/2394/4166
f 5727/2396/4168 5725/2394/4166 5741/2395/4182
f 5741/2395/4182 5742/2397/4183 5727/2396/4168
f 5714/2383/4155 5727/2396/4168 5742/2397/4183
f 5742/2397/4183 5737/2381/4178 5714/2383/4155
f 5737/2381/4178 5742/2397/4183 5730/2374/4171
f 5731/2375/4172 5730/2374/4171 5742/2397/4183
f 5742/2397/4183 5741/2395/4182 5731/2375/4172
f 5732/2376/4173 5731/2375/4172 5741/2395/4182
f 5741/2395/4182 5740/2393/4181 5732/2376/4173
f 5743/2398/4184 5732/2376/4173 5740/2393/4181
f 5740/2393/4181 5739/2391/4180 5743/2398/4184
f 5744/2399/4185 5743/2398/4184 5739/2391/4180
f 5739/2391/4180 5738/2390/4179 5744/2399/4185
f 5745/2400/4186 5744/2399/4185 5738/2390/4179
f 5732/2376/4173 5743/2398/4184 5718/2362/4159
f 5719/2363/4160 5718/2362/4159 5743/2398/4184
f 5743/2398/4184 5744/2399/4185 5719/2363/4160
f 5746/2401/4187 5719/2363/4160 5744/2399/4185
f 5744/2399/4185 5745/2400/4186 5746/2401/4187
f 5747/2402/4188 5746/2401/4187 5745/2400/4186
f 5745/2400/4186 5748/2403/4189 5747/2402/4188
f 5749/2404/4190 5747/2402/4188 5748/2403/4189
f 5748/2403/4189 5750/2405/4191 5749/2404/4190
f 5751/2406/4192 5749/2404/4190 5750/2405/4191
f 5751/2406/4192 5752/2407/4193 5753/2408/4194
f 5753/2408/4194 5754/2409/4195 5751/2406/4192
f 5749/2404/4190 5751/2406/4192 5754/2409/4195
f 5754/2409/4195 5755/2410/4196 5749/2404/4190
f 5747/2402/4188 5749/2404/4190 5755/2410/4196
f 5755/2410/4196 5756/2411/4197 5747/2402/4188
f 5746/2401/4187 5747/2402/4188 5756/2411/4197
f 5756/2411/4197 5757/2412/4198 5746/2401/4187
f 5719/2363/4160 5746/2401/4187 5757/2412/4198
f 5757/2412/4198 5720/2364/4161 5719/2363/4160
f 5750/2405/4191 5758/2413/4199 5751/2406/4192
f 5752/2407/4193 5751/2406/4192 5758/2413/4199
f 5758/2413/4199 5759/2414/4200 5752/2407/4193
f 5760/2415/4201 5752/2407/4193 5759/2414/4200
f 5759/2414/4200 5761/2416/4202 5760/2415/4201
f 5761/2416/4202 5759/2414/4200 5762/2417/4203
f 5762/2417/4203 5763/2418/4204 5761/2416/4202
f 5763/2418/4204 5762/2417/4203 5753/2419/4194
f 5753/2419/4194 5764/2420/4205 5763/2418/4204
f 5764/2420/4205 5639/2421/4080 5642/2422/4083
f 5642/2422/4083 5763/2418/4204 5764/2420/4205
f 5763/2418/4204 5642/2422/4083 5641/2423/4082
f 5641/2423/4082 5761/2416/4202 5763/2418/4204
f 5761/2416/4202 5641/2423/4082 5640/2424/4081
f 5640/2424/4081 5760/2415/4201 5761/2416/4202
f 5760/2415/4201 5640/2424/4081 5639/2425/4080
f 5639/2425/4080 5764/2426/4205 5760/2415/4201
f 5752/2407/4193 5760/2415/4201 5764/2426/4205
f 5764/2426/4205 5753/2408/4194 5752/2407/4193
f 5765/2427/4206 5766/2428/4207 5767/2429/4208
f 5768/2430/4209 5767/2429/4208 5766/2428/4207
f 5766/2428/4207 5769/2431/4210 5768/2430/4209
f 5770/2432/4211 5768/2430/4209 5769/2431/4210
f 5769/2431/4210 5771/2433/4212 5770/2432/4211
f 5772/2434/4213 5770/2432/4211 5771/2433/4212
f 5771/2433/4212 5773/2435/4214 5772/2434/4213
f 5774/2436/4215 5772/2434/4213 5773/2435/4214
f 5773/2435/4214 5775/2437/4216 5774/2436/4215
f 5776/2438/4217 5774/2436/4215 5775/2437/4216
f 5775/2437/4216 5777/2439/4218 5776/2438/4217
f 5778/2440/4219 5779/2441/4220 5772/2434/4213
f 5772/2434/4213 5774/2436/4215 5778/2440/4219
f 5780/2442/4221 5778/2440/4219 5774/2436/4215
f 5774/2436/4215 5776/2438/4217 5780/2442/4221
f 5423/2443/3864 5780/2442/4221 5776/2438/4217
f 5776/2438/4217 5424/2444/3865 5423/2443/3864
f 5424/2444/3865 5776/2438/4217 5777/2439/4218
f 5777/2439/4218 5421/2445/3862 5424/2444/3865
f 5421/2445/3862 5777/2439/4218 5781/2446/4222
f 5781/2446/4222 5422/2447/3863 5421/2445/3862
f 5422/2447/3863 5781/2446/4222 5780/2448/4221
f 5780/2448/4221 5423/2449/3864 5422/2447/3863
f 5778/2450/4219 5780/2448/4221 5781/2446/4222
f 5781/2446/4222 5782/2451/4223 5778/2450/4219
f 5779/2452/4220 5778/2450/4219 5782/2451/4223
f 5782/2451/4223 5783/2453/4224 5779/2452/4220
f 5784/2454/4225 5779/2452/4220 5783/2453/4224
f 5783/2453/4224 5785/2455/4226 5784/2454/4225
f 5786/2456/4227 5784/2454/4225 5785/2455/4226
f 5785/2455/4226 5787/2457/4228 5786/2456/4227
f 5788/2458/4229 5786/2456/4227 5787/2457/4228
f 5787/2457/4228 5789/2459/4230 5788/2458/4229
f 5790/2460/4231 5791/2461/4232 5765/2427/4206
f 5766/2428/4207 5765/2427/4206 5791/2461/4232
f 5791/2461/4232 5789/2459/4230 5766/2428/4207
f 5769/2431/4210 5766/2428/4207 5789/2459/4230
f 5789/2459/4230 5787/2457/4228 5769/2431/4210
f 5771/2433/4212 5769/2431/4210 5787/2457/4228
f 5787/2457/4228 5785/2455/4226 5771/2433/4212
f 5773/2435/4214 5771/2433/4212 5785/2455/4226
f 5785/2455/4226 5783/2453/4224 5773/2435/4214
f 5775/2437/4216 5773/2435/4214 5783/2453/4224
f 5783/2453/4224 5782/2451/4223 5775/2437/4216
f 5777/2439/4218 5775/2437/4216 5782/2451/4223
f 5782/2451/4223 5781/2446/4222 5777/2439/4218
f 5792/2462/4233 5793/2463/4234 5794/2464/4235
f 5795/2465/4236 5794/2464/4235 5793/2463/4234
f 5793/2463/4234 5796/2466/4237 5795/2465/4236
f 5795/2465/4236 5796/2466/4237 5797/2467/4238
f 5797/2467/4238 5798/2468/4239 5795/2465/4236
f 5798/2468/4239 5797/2467/4238 5799/2469/4240
f 5794/2464/4235 5795/2465/4236 5800/2470/4241
f 5800/2470/4241 5801/2471/4242 5794/2464/4235
f 5802/2472/4243 5794/2464/4235 5801/2471/4242
f 5794/2464/4235 5802/2472/4243 5792/2462/4233
f 5803/2473/4244 5792/2462/4233 5802/2472/4243
f 5804/2474/4245 5805/2475/4246 5806/2476/4247
f 5806/2476/4247 5807/2477/4248 5804/2474/4245
f 5808/2478/4249 5804/2474/4245 5807/2477/4248
f 5807/2477/4248 5809/2479/4250 5808/2478/4249
f 5799/2469/4240 5808/2478/4249 5809/2479/4250
f 5809/2479/4250 5810/2480/4251 5799/2469/4240
f 5799/2469/4240 5810/2480/4251 5798/2468/4239
f 5811/2481/4252 5798/2468/4239 5810/2480/4251
f 5795/2465/4236 5798/2468/4239 5811/2481/4252
f 5811/2481/4252 5800/2470/4241 5795/2465/4236
f 5807/2477/4248 5806/2476/4247 5812/2482/4253
f 5812/2482/4253 5813/2483/4254 5807/2477/4248
f 5809/2479/4250 5807/2477/4248 5813/2483/4254
f 5813/2483/4254 5814/2484/4255 5809/2479/4250
f 5810/2480/4251 5809/2479/4250 5814/2484/4255
f 5814/2484/4255 5815/2485/4256 5810/2480/4251
f 5810/2480/4251 5815/2485/4256 5811/2481/4252
f 5811/2481/4252 5815/2485/4256 5816/2486/4257
f 5816/2486/4257 5817/2487/4258 5811/2481/4252
f 5800/2470/4241 5811/2481/4252 5817/2487/4258
f 5817/2487/4258 5818/2488/4259 5800/2470/4241
f 5801/2471/4242 5800/2470/4241 5818/2488/4259
f 5819/2489/4260 5820/2490/4261 5804/2491/4245
f 5804/2491/4245 5808/2492/4249 5819/2489/4260
f 5816/2486/4257 5819/2489/4260 5808/2492/4249
f 5808/2492/4249 5799/2493/4240 5816/2486/4257
f 5817/2487/4258 5816/2486/4257 5799/2493/4240
f 5799/2493/4240 5797/2494/4238 5817/2487/4258
f 5817/2487/4258 5797/2494/4238 5796/2495/4237
f 5796/2495/4237 5818/2488/4259 5817/2487/4258
f 5821/2496/4262 5818/2488/4259 5796/2495/4237
f 5818/2488/4259 5821/2496/4262 5801/2471/4242
f 5792/2497/4233 5803/2498/4244 5822/2499/4263
f 5822/2499/4263 5823/2500/4264 5792/2497/4233
f 5793/2501/4234 5792/2497/4233 5823/2500/4264
f 5823/2500/4264 5821/2496/4262 5793/2501/4234
f 5796/2495/4237 5793/2501/4234 5821/2496/4262
f 5821/2496/4262 5823/2500/4264 5824/2502/4265
f 5825/2503/4266 5824/2502/4265 5823/2500/4264
f 5823/2500/4264 5822/2499/4263 5825/2503/4266
f 5826/2504/4267 5825/2503/4266 5822/2499/4263
f 5822/2499/4263 5827/2505/4268 5826/2504/4267
f 5828/2506/4269 5826/2504/4267 5827/2505/4268
f 5827/2505/4268 5829/2507/4270 5828/2506/4269
f 5830/2508/4271 5828/2506/4269 5829/2507/4270
f 5829/2507/4270 5790/2460/4231 5830/2508/4271
f 5765/2427/4206 5830/2508/4271 5790/2460/4231
f 5824/2502/4265 5825/2503/4266 5831/2509/4272
f 5832/2510/4273 5831/2509/4272 5825/2503/4266
f 5825/2503/4266 5826/2504/4267 5832/2510/4273
f 5833/2511/4274 5832/2510/4273 5826/2504/4267
f 5826/2504/4267 5828/2506/4269 5833/2511/4274
f 5834/2512/4275 5833/2511/4274 5828/2506/4269
f 5828/2506/4269 5830/2508/4271 5834/2512/4275
f 5835/2513/4276 5834/2512/4275 5830/2508/4271
f 5830/2508/4271 5765/2427/4206 5835/2513/4276
f 5767/2429/4208 5835/2513/4276 5765/2427/4206
f 5824/2502/4265 5801/2471/4242 5821/2496/4262
f 5801/2471/4242 5824/2502/4265 5802/2472/4243
f 5831/2509/4272 5802/2472/4243 5824/2502/4265
f 5802/2472/4243 5831/2509/4272 5803/2473/4244
f 5836/2514/4277 5803/2473/4244 5831/2509/4272
f 5831/2509/4272 5832/2510/4273 5836/2514/4277
f 5837/2515/4278 5836/2514/4277 5832/2510/4273
f 5832/2510/4273 5833/2511/4274 5837/2515/4278
f 5838/2516/4279 5837/2515/4278 5833/2511/4274
f 5833/2511/4274 5834/2512/4275 5838/2516/4279
f 5839/2517/4280 5838/2516/4279 5834/2512/4275
f 5834/2512/4275 5835/2513/4276 5839/2517/4280
f 5788/2518/4229 5839/2517/4280 5835/2513/4276
f 5835/2513/4276 5767/2429/4208 5788/2518/4229
f 5786/2519/4227 5788/2518/4229 5767/2429/4208
f 5767/2429/4208 5768/2430/4209 5786/2519/4227
f 5784/2520/4225 5786/2519/4227 5768/2430/4209
f 5768/2430/4209 5770/2432/4211 5784/2520/4225
f 5779/2441/4220 5784/2520/4225 5770/2432/4211
f 5770/2432/4211 5772/2434/4213 5779/2441/4220
f 5813/2483/4254 5812/2482/4253 5840/2521/4281
f 5840/2521/4281 5820/2490/4261 5813/2483/4254
f 5814/2484/4255 5813/2483/4254 5820/2490/4261
f 5820/2490/4261 5819/2489/4260 5814/2484/4255
f 5815/2485/4256 5814/2484/4255 5819/2489/4260
f 5819/2489/4260 5816/2486/4257 5815/2485/4256
f 5841/2522/4282 5842/2523/4283 5843/2524/4284
f 5843/2524/4284 5844/2525/4285 5841/2522/4282
f 5845/2526/4286 5841/2522/4282 5844/2525/4285
f 5844/2525/4285 5846/2527/4287 5845/2526/4286
f 5847/2528/4288 5845/2526/4286 5846/2527/4287
f 5846/2527/4287 5848/2529/4289 5847/2528/4288
f 5840/2521/4281 5847/2528/4288 5848/2529/4289
f 5848/2529/4289 5805/2530/4246 5840/2521/4281
f 5820/2490/4261 5840/2521/4281 5805/2530/4246
f 5805/2530/4246 5804/2491/4245 5820/2490/4261
f 5849/2531/4290 5850/2532/4291 5851/2533/4292
f 5851/2533/4292 5842/2523/4283 5849/2531/4290
f 5852/2534/4293 5849/2531/4290 5842/2523/4283
f 5842/2523/4283 5841/2522/4282 5852/2534/4293
f 5853/2535/4294 5852/2534/4293 5841/2522/4282
f 5841/2522/4282 5845/2526/4286 5853/2535/4294
f 5854/2536/4295 5853/2535/4294 5845/2526/4286
f 5845/2526/4286 5847/2528/4288 5854/2536/4295
f 5812/2482/4253 5854/2536/4295 5847/2528/4288
f 5847/2528/4288 5840/2521/4281 5812/2482/4253
f 5855/2537/4296 5856/2538/4297 5850/2532/4291
f 5850/2532/4291 5849/2531/4290 5855/2537/4296
f 5857/2539/4298 5855/2537/4296 5849/2531/4290
f 5849/2531/4290 5852/2534/4293 5857/2539/4298
f 5858/2540/4299 5857/2539/4298 5852/2534/4293
f 5852/2534/4293 5853/2535/4294 5858/2540/4299
f 5859/2541/4300 5858/2540/4299 5853/2535/4294
f 5853/2535/4294 5854/2536/4295 5859/2541/4300
f 5806/2476/4247 5859/2541/4300 5854/2536/4295
f 5854/2536/4295 5812/2482/4253 5806/2476/4247
f 5843/2542/4284 5860/2543/4301 5856/2538/4297
f 5856/2538/4297 5855/2537/4296 5843/2542/4284
f 5844/2544/4285 5843/2542/4284 5855/2537/4296
f 5855/2537/4296 5857/2539/4298 5844/2544/4285
f 5846/2545/4287 5844/2544/4285 5857/2539/4298
f 5857/2539/4298 5858/2540/4299 5846/2545/4287
f 5848/2546/4289 5846/2545/4287 5858/2540/4299
f 5858/2540/4299 5859/2541/4300 5848/2546/4289
f 5805/2475/4246 5848/2546/4289 5859/2541/4300
f 5859/2541/4300 5806/2476/4247 5805/2475/4246
f 5860/2543/4301 5651/2547/4092 5654/2548/4095
f 5654/2548/4095 5856/2538/4297 5860/2543/4301
f 5856/2538/4297 5654/2548/4095 5653/2549/4094
f 5653/2549/4094 5850/2532/4291 5856/2538/4297
f 5850/2532/4291 5653/2549/4094 5652/2550/4093
f 5652/2550/4093 5851/2533/4292 5850/2532/4291
f 5851/2533/4292 5652/2550/4093 5651/2551/4092
f 5651/2551/4092 5860/2552/4301 5851/2533/4292
f 5842/2523/4283 5851/2533/4292 5860/2552/4301
f 5860/2552/4301 5843/2524/4284 5842/2523/4283
f 5738/2390/4179 5861/2553/4302 5745/2400/4186
f 5748/2403/4189 5745/2400/4186 5861/2553/4302
f 5861/2553/4302 5862/2554/4303 5748/2403/4189
f 5750/2405/4191 5748/2403/4189 5862/2554/4303
f 5862/2554/4303 5863/2555/4304 5750/2405/4191
f 5758/2413/4199 5750/2405/4191 5863/2555/4304
f 5863/2555/4304 5864/2556/4305 5758/2413/4199
f 5759/2414/4200 5758/2413/4199 5864/2556/4305
f 5864/2556/4305 5762/2417/4203 5759/2414/4200
f 5754/2557/4195 5753/2419/4194 5762/2417/4203
f 5762/2417/4203 5864/2556/4305 5754/2557/4195
f 5755/2558/4196 5754/2557/4195 5864/2556/4305
f 5864/2556/4305 5863/2555/4304 5755/2558/4196
f 5756/2559/4197 5755/2558/4196 5863/2555/4304
f 5863/2555/4304 5862/2554/4303 5756/2559/4197
f 5757/2560/4198 5756/2559/4197 5862/2554/4303
f 5862/2554/4303 5861/2553/4302 5757/2560/4198
f 5720/2389/4161 5757/2560/4198 5861/2553/4302
f 5861/2553/4302 5738/2390/4179 5720/2389/4161
f 5865/2561/4306 5644/2562/4085 5643/2563/4084
f 5643/2563/4084 5866/2564/4307 5865/2561/4306
f 5867/2565/4308 5865/2561/4306 5866/2564/4307
f 5866/2564/4307 5868/2566/4309 5867/2565/4308
f 5869/2567/4310 5867/2565/4308 5868/2566/4309
f 5868/2566/4309 5870/2568/4311 5869/2567/4310
f 5871/2569/4312 5869/2567/4310 5870/2568/4311
f 5870/2568/4311 5872/2570/4313 5871/2569/4312
f 5682/2299/4123 5871/2569/4312 5872/2570/4313
f 5872/2570/4313 5668/2304/4109 5682/2299/4123
f 5873/2571/4314 5645/2572/4086 5644/2562/4085
f 5644/2562/4085 5865/2561/4306 5873/2571/4314
f 5874/2573/4315 5873/2571/4314 5865/2561/4306
f 5865/2561/4306 5867/2565/4308 5874/2573/4315
f 5875/2574/4316 5874/2573/4315 5867/2565/4308
f 5867/2565/4308 5869/2567/4310 5875/2574/4316
f 5876/2575/4317 5875/2574/4316 5869/2567/4310
f 5869/2567/4310 5871/2569/4312 5876/2575/4317
f 5677/2294/4118 5876/2575/4317 5871/2569/4312
f 5871/2569/4312 5682/2299/4123 5677/2294/4118
f 5877/2576/4318 5646/2577/4087 5645/2572/4086
f 5645/2572/4086 5873/2571/4314 5877/2576/4318
f 5878/2578/4319 5877/2576/4318 5873/2571/4314
f 5873/2571/4314 5874/2573/4315 5878/2578/4319
f 5879/2579/4320 5878/2578/4319 5874/2573/4315
f 5874/2573/4315 5875/2574/4316 5879/2579/4320
f 5880/2580/4321 5879/2579/4320 5875/2574/4316
f 5875/2574/4316 5876/2575/4317 5880/2580/4321
f 5669/2286/4110 5880/2580/4321 5876/2575/4317
f 5876/2575/4317 5677/2294/4118 5669/2286/4110
f 5866/2581/4307 5643/2582/4084 5646/2577/4087
f 5646/2577/4087 5877/2576/4318 5866/2581/4307
f 5868/2583/4309 5866/2581/4307 5877/2576/4318
f 5877/2576/4318 5878/2578/4319 5868/2583/4309
f 5870/2584/4311 5868/2583/4309 5878/2578/4319
f 5878/2578/4319 5879/2579/4320 5870/2584/4311
f 5872/2585/4313 5870/2584/4311 5879/2579/4320
f 5879/2579/4320 5880/2580/4321 5872/2585/4313
f 5668/2285/4109 5872/2585/4313 5880/2580/4321
f 5880/2580/4321 5669/2286/4110 5668/2285/4109
f 5839/2586/4280 5788/2458/4229 5789/2459/4230
f 5789/2459/4230 5791/2461/4232 5839/2586/4280
f 5838/2587/4279 5839/2586/4280 5791/2461/4232
f 5791/2461/4232 5790/2460/4231 5838/2587/4279
f 5837/2588/4278 5838/2587/4279 5790/2460/4231
f 5790/2460/4231 5829/2507/4270 5837/2588/4278
f 5836/2589/4277 5837/2588/4278 5829/2507/4270
f 5829/2507/4270 5827/2505/4268 5836/2589/4277
f 5803/2498/4244 5836/2589/4277 5827/2505/4268
f 5827/2505/4268 5822/2499/4263 5803/2498/4244
f 5881/2590/4322 5882/2591/4323 5883/2592/4324
f 5883/2592/4324 5884/2593/4325 5881/2590/4322
f 5885/2594/4326 5881/2590/4322 5884/2593/4325
f 5884/2593/4325 5886/2595/4327 5885/2594/4326
f 5887/2596/4328 5885/2594/4326 5886/2595/4327
f 5886/2595/4327 5888/2597/4329 5887/2596/4328
f 5889/2598/4330 5887/2596/4328 5888/2597/4329
f 5888/2597/4329 5890/2599/4331 5889/2598/4330
f 5891/2600/4332 5889/2598/4330 5890/2599/4331
f 5890/2599/4331 5892/2601/4333 5891/2600/4332
f 5634/2602/4075 5891/2600/4332 5892/2601/4333
f 5892/2601/4333 5631/2603/4072 5634/2602/4075
f 5890/2599/4331 5888/2597/4329 5893/2604/4334
f 5893/2604/4334 5894/2605/4335 5890/2599/4331
f 5892/2601/4333 5890/2599/4331 5894/2605/4335
f 5894/2605/4335 5895/2606/4336 5892/2601/4333
f 5631/2603/4072 5892/2601/4333 5895/2606/4336
f 5895/2606/4336 5632/2607/4073 5631/2603/4072
f 5632/2607/4073 5895/2606/4336 5896/2608/4337
f 5896/2608/4337 5633/2609/4074 5632/2607/4073
f 5633/2609/4074 5896/2608/4337 5891/2610/4332
f 5891/2610/4332 5634/2611/4075 5633/2609/4074
f 5895/2606/4336 5894/2605/4335 5897/2612/4338
f 5897/2612/4338 5896/2608/4337 5895/2606/4336
f 5896/2608/4337 5897/2612/4338 5889/2613/4330
f 5889/2613/4330 5891/2610/4332 5896/2608/4337
f 5898/2614/4339 5899/2615/4340 5900/2616/4341
f 5900/2616/4341 5901/2617/4342 5898/2614/4339
f 5902/2618/4343 5898/2614/4339 5901/2617/4342
f 5901/2617/4342 5903/2619/4344 5902/2618/4343
f 5904/2620/4345 5902/2618/4343 5903/2619/4344
f 5903/2619/4344 5905/2621/4346 5904/2620/4345
f 5893/2604/4334 5904/2620/4345 5905/2621/4346
f 5905/2621/4346 5906/2622/4347 5893/2604/4334
f 5894/2605/4335 5893/2604/4334 5906/2622/4347
f 5906/2622/4347 5897/2612/4338 5894/2605/4335
f 5901/2617/4342 5900/2616/4341 5907/2623/4348
f 5907/2623/4348 5882/2624/4323 5901/2617/4342
f 5903/2619/4344 5901/2617/4342 5882/2624/4323
f 5882/2624/4323 5881/2625/4322 5903/2619/4344
f 5905/2621/4346 5903/2619/4344 5881/2625/4322
f 5881/2625/4322 5885/2626/4326 5905/2621/4346
f 5906/2622/4347 5905/2621/4346 5885/2626/4326
f 5885/2626/4326 5887/2627/4328 5906/2622/4347
f 5897/2612/4338 5906/2622/4347 5887/2627/4328
f 5887/2627/4328 5889/2613/4330 5897/2612/4338
f 5908/2628/4349 5909/2629/4350 5910/2630/4351
f 5910/2630/4351 5911/2631/4352 5908/2628/4349
f 5912/2632/4353 5908/2628/4349 5911/2631/4352
f 5911/2631/4352 5913/2633/4354 5912/2632/4353
f 5914/2634/4355 5912/2632/4353 5913/2633/4354
f 5913/2633/4354 5915/2635/4356 5914/2634/4355
f 5907/2636/4348 5914/2634/4355 5915/2635/4356
f 5915/2635/4356 5916/2637/4357 5907/2636/4348
f 5882/2591/4323 5907/2636/4348 5916/2637/4357
f 5916/2637/4357 5883/2592/4324 5882/2591/4323
f 5917/2638/4358 5918/2639/4359 5919/2640/4360
f 5919/2640/4360 5920/2641/4361 5917/2638/4358
f 5910/2630/4351 5917/2638/4358 5920/2641/4361
f 5920/2641/4361 5921/2642/4362 5910/2630/4351
f 5911/2631/4352 5910/2630/4351 5921/2642/4362
f 5921/2642/4362 5922/2643/4363 5911/2631/4352
f 5913/2633/4354 5911/2631/4352 5922/2643/4363
f 5922/2643/4363 5923/2644/4364 5913/2633/4354
f 5915/2635/4356 5913/2633/4354 5923/2644/4364
f 5923/2644/4364 5924/2645/4365 5915/2635/4356
f 5921/2642/4362 5920/2641/4361 5925/2646/4366
f 5925/2646/4366 5926/2647/4367 5921/2642/4362
f 5922/2643/4363 5921/2642/4362 5926/2647/4367
f 5926/2647/4367 5927/2648/4368 5922/2643/4363
f 5923/2644/4364 5922/2643/4363 5927/2648/4368
f 5927/2648/4368 5928/2649/4369 5923/2644/4364
f 5924/2645/4365 5923/2644/4364 5928/2649/4369
f 5928/2649/4369 5929/2650/4370 5924/2645/4365
f 5899/2615/4340 5924/2645/4365 5929/2650/4370
f 5929/2650/4370 5900/2616/4341 5899/2615/4340
f 5926/2647/4367 5925/2646/4366 5930/2651/4371
f 5930/2651/4371 5909/2652/4350 5926/2647/4367
f 5927/2648/4368 5926/2647/4367 5909/2652/4350
f 5909/2652/4350 5908/2653/4349 5927/2648/4368
f 5928/2649/4369 5927/2648/4368 5908/2653/4349
f 5908/2653/4349 5912/2654/4353 5928/2649/4369
f 5929/2650/4370 5928/2649/4369 5912/2654/4353
f 5912/2654/4353 5914/2655/4355 5929/2650/4370
f 5900/2616/4341 5929/2650/4370 5914/2655/4355
f 5914/2655/4355 5907/2623/4348 5900/2616/4341
f 5916/2637/4357 5915/2635/4356 5924/2645/4365
f 5924/2645/4365 5899/2615/4340 5916/2637/4357
f 5883/2592/4324 5916/2637/4357 5899/2615/4340
f 5899/2615/4340 5898/2614/4339 5883/2592/4324
f 5884/2593/4325 5883/2592/4324 5898/2614/4339
f 5898/2614/4339 5902/2618/4343 5884/2593/4325
f 5886/2595/4327 5884/2593/4325 5902/2618/4343
f 5902/2618/4343 5904/2620/4345 5886/2595/4327
f 5888/2597/4329 5886/2595/4327 5904/2620/4345
f 5904/2620/4345 5893/2604/4334 5888/2597/4329
f 5931/2656/4372 5932/2657/4373 5933/2658/4374
f 5933/2658/4374 5934/2659/4375 5931/2656/4372
f 5935/2660/4376 5931/2656/4372 5934/2659/4375
f 5934/2659/4375 5936/2661/4377 5935/2660/4376
f 5937/2662/4378 5935/2660/4376 5936/2661/4377
f 5936/2661/4377 5918/2639/4359 5937/2662/4378
f 5930/2663/4371 5937/2662/4378 5918/2639/4359
f 5918/2639/4359 5917/2638/4358 5930/2663/4371
f 5909/2629/4350 5930/2663/4371 5917/2638/4358
f 5917/2638/4358 5910/2630/4351 5909/2629/4350
f 5932/2657/4373 5630/2664/4071 5629/2665/4070
f 5629/2665/4070 5933/2658/4374 5932/2657/4373
f 5933/2658/4374 5629/2665/4070 5628/2666/4069
f 5628/2666/4069 5938/2667/4379 5933/2658/4374
f 5934/2659/4375 5933/2658/4374 5938/2667/4379
f 5938/2667/4379 5939/2668/4380 5934/2659/4375
f 5936/2661/4377 5934/2659/4375 5939/2668/4380
f 5939/2668/4380 5940/2669/4381 5936/2661/4377
f 5918/2639/4359 5936/2661/4377 5940/2669/4381
f 5940/2669/4381 5919/2640/4360 5918/2639/4359
f 5938/2667/4379 5628/2666/4069 5627/2670/4068
f 5627/2670/4068 5941/2671/4382 5938/2667/4379
f 5939/2668/4380 5938/2667/4379 5941/2671/4382
f 5941/2671/4382 5942/2672/4383 5939/2668/4380
f 5940/2669/4381 5939/2668/4380 5942/2672/4383
f 5942/2672/4383 5943/2673/4384 5940/2669/4381
f 5919/2640/4360 5940/2669/4381 5943/2673/4384
f 5943/2673/4384 5944/2674/4385 5919/2640/4360
f 5920/2641/4361 5919/2640/4360 5944/2674/4385
f 5944/2674/4385 5925/2646/4366 5920/2641/4361
f 5941/2671/4382 5627/2670/4068 5630/2675/4071
f 5630/2675/4071 5932/2676/4373 5941/2671/4382
f 5942/2672/4383 5941/2671/4382 5932/2676/4373
f 5932/2676/4373 5931/2677/4372 5942/2672/4383
f 5943/2673/4384 5942/2672/4383 5931/2677/4372
f 5931/2677/4372 5935/2678/4376 5943/2673/4384
f 5944/2674/4385 5943/2673/4384 5935/2678/4376
f 5935/2678/4376 5937/2679/4378 5944/2674/4385
f 5925/2646/4366 5944/2674/4385 5937/2679/4378
f 5937/2679/4378 5930/2651/4371 5925/2646/4366
