# Blender 4.4.0
# www.blender.org
mtllib sandy_bikini_bind.mtl
o Material_#43
v -1.973923 3.343296 -17.215343
v -1.971763 3.349128 -17.198927
v -2.040667 3.329903 -17.179272
v -2.037427 3.338975 -17.163935
v -2.113675 3.409607 -17.132616
v -2.045203 3.461663 -17.149679
v -2.113675 3.464903 -17.129807
v -2.062483 3.484128 -17.141687
v -2.113675 3.502920 -17.144495
v -2.113675 3.519552 -17.167608
v -2.035051 3.515447 -17.179487
v -1.835251 3.513719 -17.412334
v -1.824019 3.463824 -17.335440
v -1.793779 3.435527 -17.448624
v -1.840651 3.444815 -17.667864
v -1.966147 3.456912 -17.753183
v -1.867435 3.507456 -17.640215
v -1.977595 3.509831 -17.709335
v -1.914091 3.546551 -17.581463
v -1.999627 3.548712 -17.655552
v -1.927267 3.609407 -17.600687
v -2.002219 3.617616 -17.652311
v -2.009995 3.774000 -17.452295
v -2.028571 3.779615 -17.553383
v -2.113675 3.787391 -17.452295
v -2.113675 3.784368 -17.558784
v -1.933099 3.750672 -17.520336
v -1.904803 3.678743 -17.477135
v -1.925755 3.742248 -17.541719
v -1.923379 3.684144 -17.592480
v -2.010859 3.701640 -17.648640
v -1.934395 3.741816 -17.569584
v -2.017771 3.754775 -17.620991
v -1.972843 3.837720 -17.548416
v -1.987963 3.770976 -17.552303
v -1.992499 3.774216 -17.520552
v -1.925107 3.821303 -17.524656
v -1.969819 3.839880 -17.516232
v -1.881043 3.790847 -17.564615
v -1.887739 3.795599 -17.528976
v -1.921003 3.803376 -17.574984
v -1.942819 3.855432 -17.554680
v -1.946491 3.854568 -17.521631
v -1.907395 3.850031 -17.563751
v -1.912795 3.851760 -17.529408
v -1.882123 3.824327 -17.562023
v -1.892059 3.828000 -17.533079
v -2.073931 3.208944 -17.447327
v -2.113675 3.208728 -17.419247
v -2.073931 3.141335 -17.447327
v -2.113675 3.141335 -17.419247
v -2.073067 3.141335 -17.507807
v -2.073283 3.208728 -17.507807
v -2.113675 3.208728 -17.529408
v -2.113675 3.141335 -17.529192
v -1.928347 3.237023 -17.416224
v -1.997899 3.216287 -17.331120
v -1.912795 3.270503 -17.290943
v -1.965931 3.261432 -17.254007
v -1.973707 3.240263 -17.265240
v -2.036995 3.235511 -17.232840
v -2.043259 3.231840 -17.247311
v -1.940875 3.237023 -17.582111
v -1.818619 3.381744 -17.343431
v -2.113675 3.232704 -17.640215
v -1.965283 3.363168 -17.759232
v -1.981483 3.282167 -17.722511
v -2.113675 3.362519 -17.779102
v -2.113675 3.281735 -17.734392
v -1.849939 3.343296 -17.663111
v -1.911283 3.382607 -17.251200
v -1.914955 3.377639 -17.262863
v -2.033755 3.417383 -17.144064
v -1.938715 3.471816 -17.202599
v -1.931371 3.427535 -17.201303
v -1.805443 3.337248 -17.451216
v -1.797019 3.433584 -17.552303
v -1.809115 3.338544 -17.555544
v -2.113675 3.454319 -17.770895
v -1.960531 3.515880 -17.222256
v -1.940227 3.537047 -17.269991
v -2.001139 3.541152 -17.249472
v -2.048875 3.535967 -17.213182
v -2.113675 3.540503 -17.201952
v -1.829851 3.510047 -17.546255
v -1.896163 3.545472 -17.441927
v -2.113675 3.509399 -17.727695
v -2.113675 3.549791 -17.676935
v -1.926403 3.588023 -17.280792
v -1.946059 3.692783 -17.275175
v -1.921003 3.645264 -17.284031
v -1.942171 3.704015 -17.283167
v -1.919707 3.672696 -17.297424
v -2.113675 3.704879 -17.267832
v -2.077171 3.715464 -17.267832
v -2.113675 3.741600 -17.284679
v -2.072419 3.739655 -17.284679
v -1.898323 3.610055 -17.455967
v -2.113675 3.619775 -17.661816
v -2.113675 3.704231 -17.657928
v -2.113675 3.761255 -17.624664
v -1.928995 3.731232 -17.394840
v -2.018635 3.766655 -17.352936
v -2.113675 3.776160 -17.347752
v -2.021011 3.499895 -17.171926
v -1.933315 3.394703 -17.208864
v -2.035051 3.377423 -17.155079
v -2.113675 3.372240 -17.139095
v -2.113675 3.339623 -17.153568
v -2.037427 3.233784 -17.166311
v -2.113675 3.233784 -17.158535
v -2.040667 3.233784 -17.179056
v -2.113675 3.233784 -17.177111
v -2.113675 3.232055 -17.227007
v -2.113675 3.230976 -17.240400
v -2.113675 3.211319 -17.313408
v -1.854043 3.327527 -17.316216
v -1.911931 3.313703 -17.285110
v -1.870027 3.410687 -17.306927
v -1.882123 3.417599 -17.294399
v -1.862683 3.478511 -17.277767
v -1.861387 3.435095 -17.279711
v -1.882339 3.515016 -17.291807
v -1.915387 3.539855 -17.314487
v -1.908259 3.615239 -17.330040
v -1.845187 3.427319 -17.318375
v -1.865275 3.415008 -17.307575
v -2.113675 3.329472 -17.177111
v -1.971331 3.281519 -17.256815
v -2.040235 3.254303 -17.234783
v -2.113675 3.250200 -17.229599
v -2.113675 3.611567 -17.267183
v -2.083219 3.552815 -17.254223
v -2.085811 3.630144 -17.263296
v -1.988827 3.618479 -17.273016
v -2.008699 3.738359 -17.278631
v -2.010427 3.719136 -17.268696
v -2.113675 3.550872 -17.246880
v -2.113675 3.674208 -17.264591
v -2.076307 3.688895 -17.271719
v -1.953187 3.667727 -17.277985
v -2.005027 3.691919 -17.276903
v -1.927267 3.347183 -17.394840
v -1.970251 3.443952 -17.368919
v -2.011291 3.317160 -17.436096
v -2.010643 3.399672 -17.206919
v -1.919491 3.415655 -17.263079
v -2.005027 3.254303 -17.267616
v -1.921219 3.289728 -17.308872
v -1.918411 3.325799 -17.284464
v -2.113675 3.391247 -17.190720
v -2.113675 3.243072 -17.246664
v -1.922299 3.291672 -17.324856
v -2.006107 3.261648 -17.281223
v -2.026195 3.271584 -17.419464
v -2.066371 3.348047 -17.427023
v -2.113675 3.446543 -17.346888
v -2.113675 3.339623 -17.425295
v -2.113675 3.245016 -17.265888
v -2.113675 3.262944 -17.408663
v -2.021011 3.327096 -17.363087
v -2.066371 3.348047 -17.361792
v -2.027275 3.286704 -17.363087
v -2.113675 3.272880 -17.363087
v -2.113675 3.342215 -17.359848
v -2.009779 3.399672 -17.219231
v -2.113675 3.391247 -17.200224
v -1.923163 3.415655 -17.271288
v -2.010643 3.365111 -17.208216
v -2.009779 3.370080 -17.219231
v -1.919491 3.386064 -17.263079
v -1.923163 3.386064 -17.271288
v -2.113675 3.361656 -17.200224
v -2.113675 3.361656 -17.190720
v -2.005027 3.285407 -17.263727
v -1.921219 3.321047 -17.304768
v -2.006107 3.287136 -17.276903
v -1.922299 3.322559 -17.317080
v -2.113675 3.272016 -17.261351
v -2.113675 3.268775 -17.246664
v -2.253427 3.345888 -17.214479
v -2.186683 3.329903 -17.179272
v -2.255587 3.351935 -17.198063
v -2.189923 3.338975 -17.163935
v -2.182147 3.461663 -17.149679
v -2.164867 3.484128 -17.141687
v -2.192299 3.515447 -17.179487
v -2.392099 3.515016 -17.413847
v -2.433571 3.435527 -17.448624
v -2.403331 3.463824 -17.335440
v -2.386699 3.442440 -17.668728
v -2.359915 3.506591 -17.641079
v -2.261203 3.454103 -17.754047
v -2.249755 3.509831 -17.709335
v -2.313259 3.546551 -17.581463
v -2.300083 3.609407 -17.600687
v -2.227723 3.548712 -17.655552
v -2.225131 3.617616 -17.652311
v -2.217355 3.774000 -17.452295
v -2.198779 3.779615 -17.553383
v -2.303971 3.684144 -17.592480
v -2.216491 3.701640 -17.648640
v -2.292955 3.741816 -17.569584
v -2.209579 3.754775 -17.620991
v -2.254507 3.837720 -17.548416
v -2.234851 3.774216 -17.520552
v -2.239387 3.770976 -17.552303
v -2.302243 3.821303 -17.524656
v -2.257531 3.839880 -17.516232
v -2.346307 3.790847 -17.564615
v -2.301595 3.742248 -17.541719
v -2.339611 3.795599 -17.528976
v -2.294251 3.750672 -17.520336
v -2.306347 3.803376 -17.574984
v -2.284531 3.855432 -17.554680
v -2.319955 3.850031 -17.563751
v -2.280859 3.854568 -17.521631
v -2.314555 3.851760 -17.529408
v -2.345227 3.824327 -17.562023
v -2.335291 3.828000 -17.533079
v -2.153419 3.208944 -17.447327
v -2.152858 3.140084 -17.446222
v -2.152476 3.139149 -17.506149
v -2.154067 3.208728 -17.507807
v -2.229451 3.216288 -17.331120
v -2.299003 3.237023 -17.416224
v -2.315419 3.313704 -17.285110
v -2.314555 3.270503 -17.290943
v -2.261419 3.261432 -17.254007
v -2.253643 3.240263 -17.265240
v -2.190355 3.235511 -17.232840
v -2.184091 3.231840 -17.247311
v -2.286475 3.237023 -17.582111
v -2.375035 3.292104 -17.354879
v -2.262067 3.363168 -17.759232
v -2.245867 3.282167 -17.722511
v -2.377411 3.343296 -17.663111
v -2.316067 3.382607 -17.251200
v -2.312395 3.377639 -17.262863
v -2.288635 3.471816 -17.202599
v -2.193595 3.415008 -17.144064
v -2.295979 3.427536 -17.201303
v -2.430331 3.432288 -17.553167
v -2.418235 3.335951 -17.553600
v -2.421907 3.337248 -17.451216
v -2.266819 3.515880 -17.222256
v -2.226211 3.541152 -17.249472
v -2.287123 3.537048 -17.269991
v -2.176099 3.536183 -17.213182
v -2.397499 3.509615 -17.547335
v -2.331187 3.545472 -17.441927
v -2.300947 3.588456 -17.281223
v -2.281291 3.693215 -17.275608
v -2.285179 3.704447 -17.283815
v -2.306347 3.645695 -17.284464
v -2.307643 3.673343 -17.298288
v -2.150179 3.716112 -17.268480
v -2.154931 3.740520 -17.285759
v -2.329027 3.610271 -17.456615
v -2.322547 3.678743 -17.477135
v -2.298355 3.731448 -17.395056
v -2.208715 3.767304 -17.354231
v -2.206339 3.499895 -17.171926
v -2.294035 3.394703 -17.208864
v -2.192299 3.375695 -17.155296
v -2.186683 3.233784 -17.179056
v -2.189923 3.233784 -17.166311
v -2.373307 3.327528 -17.316216
v -2.357323 3.410687 -17.306927
v -2.345227 3.417815 -17.294399
v -2.364667 3.479375 -17.277983
v -2.365963 3.436607 -17.279928
v -2.345011 3.515016 -17.291807
v -2.311963 3.539855 -17.314487
v -2.319091 3.615239 -17.330040
v -2.382163 3.433800 -17.319023
v -2.362075 3.415008 -17.307575
v -2.308939 3.325799 -17.284464
v -2.256019 3.281519 -17.256815
v -2.187115 3.254303 -17.234783
v -2.141539 3.630144 -17.263296
v -2.144131 3.552815 -17.254223
v -2.238523 3.618479 -17.273016
v -2.218651 3.738791 -17.279280
v -2.216923 3.719351 -17.268911
v -2.151043 3.688895 -17.271719
v -2.274163 3.667943 -17.278200
v -2.222323 3.691919 -17.276903
v -2.300083 3.351071 -17.392248
v -2.216059 3.317160 -17.436096
v -2.257099 3.443952 -17.368919
v -2.216707 3.396863 -17.207352
v -2.307859 3.415655 -17.263079
v -2.222323 3.254303 -17.267616
v -2.306131 3.289728 -17.308872
v -2.160979 3.348047 -17.427023
v -2.206339 3.327096 -17.363087
v -2.160979 3.348047 -17.361792
v -2.201155 3.271584 -17.419464
v -2.200075 3.286704 -17.363087
v -2.217571 3.399672 -17.219231
v -2.304187 3.415655 -17.271288
v -2.216707 3.365111 -17.208216
v -2.307859 3.386064 -17.263079
v -2.217571 3.370080 -17.219231
v -2.304187 3.386064 -17.271288
v -2.305051 3.291672 -17.324856
v -2.222323 3.285408 -17.263727
v -2.221243 3.287136 -17.276903
v -2.306131 3.321047 -17.304768
v -2.305051 3.322559 -17.317080
v -2.221243 3.261648 -17.281223
v -2.125555 3.668375 -17.365679
v -2.153203 3.648504 -17.401751
v -2.172859 3.703584 -17.366760
v -2.183443 3.670968 -17.402832
v -2.220811 3.670968 -17.402832
v -2.231395 3.703584 -17.366760
v -2.278699 3.669024 -17.366760
v -2.251051 3.648935 -17.402832
v -2.262499 3.613296 -17.402832
v -2.296843 3.613296 -17.366760
v -2.278699 3.557784 -17.366760
v -2.251051 3.577872 -17.402832
v -2.220811 3.555839 -17.402832
v -2.231395 3.523223 -17.366760
v -2.172859 3.523223 -17.366760
v -2.183443 3.555839 -17.402832
v -2.125555 3.557784 -17.366760
v -2.153203 3.577872 -17.402832
v -2.107627 3.613296 -17.366760
v -2.141755 3.613080 -17.401968
v -2.169403 3.714168 -17.311895
v -2.116267 3.675072 -17.311031
v -2.234851 3.714168 -17.311895
v -2.287987 3.675719 -17.311895
v -2.308075 3.613296 -17.311895
v -2.287987 3.551088 -17.311895
v -2.234851 3.512640 -17.311895
v -2.169403 3.512640 -17.311895
v -2.116267 3.551088 -17.311895
v -2.096395 3.613080 -17.311680
v -2.125555 3.669024 -17.259407
v -2.172859 3.703368 -17.259407
v -2.231395 3.703368 -17.259407
v -2.278699 3.669024 -17.259407
v -2.296627 3.613296 -17.259407
v -2.278699 3.557784 -17.259407
v -2.231395 3.523439 -17.259407
v -2.172859 3.523439 -17.259407
v -2.125555 3.557784 -17.259407
v -2.107843 3.613080 -17.259407
v -2.183227 3.671400 -17.223768
v -2.152771 3.649151 -17.223768
v -2.221027 3.671400 -17.223768
v -2.251483 3.649151 -17.223768
v -2.263147 3.613296 -17.223768
v -2.251483 3.577655 -17.223768
v -2.221027 3.555408 -17.223768
v -2.183227 3.555408 -17.223768
v -2.152771 3.577439 -17.223768
v -2.141107 3.613296 -17.223768
v -2.195107 3.634680 -17.213184
v -2.184091 3.626472 -17.215128
v -2.209147 3.634680 -17.213184
v -2.220163 3.626472 -17.215128
v -2.224483 3.613296 -17.216208
v -2.220163 3.600335 -17.215128
v -2.209147 3.592128 -17.213184
v -2.195107 3.592128 -17.213184
v -2.184091 3.600335 -17.215128
v -2.179771 3.613296 -17.216208
v -2.202235 3.613296 -17.420111
v -2.202235 3.613296 -17.209728
v -1.995955 3.702719 -17.365463
v -1.948651 3.668375 -17.365679
v -2.006539 3.670752 -17.402184
v -1.976299 3.648720 -17.402184
v -2.054491 3.702719 -17.365463
v -2.043907 3.670535 -17.401968
v -2.102011 3.669024 -17.366760
v -2.074147 3.648935 -17.402832
v -2.085595 3.613080 -17.401968
v -2.119723 3.613080 -17.366327
v -2.102011 3.557784 -17.366760
v -2.074147 3.577872 -17.402832
v -2.043907 3.555839 -17.402832
v -2.054491 3.523223 -17.366760
v -1.995955 3.523223 -17.366760
v -2.006539 3.555839 -17.402832
v -1.948651 3.557784 -17.366760
v -1.976299 3.577872 -17.402832
v -1.930507 3.612648 -17.365896
v -1.964851 3.613080 -17.401968
v -1.992499 3.707471 -17.302608
v -1.939363 3.675072 -17.311247
v -2.057947 3.713520 -17.311031
v -2.111083 3.675072 -17.311031
v -2.130955 3.613296 -17.311680
v -2.111083 3.551088 -17.311895
v -2.057947 3.512640 -17.311895
v -1.992499 3.512640 -17.311895
v -1.939363 3.551088 -17.311895
v -1.919275 3.612648 -17.311247
v -1.948651 3.668808 -17.259192
v -1.995955 3.703151 -17.259192
v -2.054491 3.703368 -17.259407
v -2.101795 3.668591 -17.259192
v -2.119507 3.613296 -17.259407
v -2.101795 3.557784 -17.259407
v -2.054491 3.523439 -17.259407
v -1.995955 3.523439 -17.259407
v -1.948651 3.557568 -17.259407
v -1.930723 3.613080 -17.259192
v -2.006323 3.671400 -17.223768
v -1.975867 3.649151 -17.223768
v -2.044123 3.671400 -17.223768
v -2.074579 3.649151 -17.223768
v -2.086243 3.613296 -17.223768
v -2.074579 3.577439 -17.223768
v -2.044123 3.555408 -17.223768
v -2.006323 3.555408 -17.223768
v -1.975867 3.577439 -17.223768
v -1.964203 3.613296 -17.223768
v -2.018203 3.634680 -17.213184
v -2.007187 3.626472 -17.215128
v -2.032243 3.634680 -17.213184
v -2.043259 3.626472 -17.215128
v -2.047579 3.613296 -17.216208
v -2.043259 3.600335 -17.215128
v -2.032243 3.592128 -17.213184
v -2.018203 3.592128 -17.213184
v -2.007187 3.600335 -17.215128
v -2.002867 3.613296 -17.216208
v -2.025115 3.613296 -17.419895
v -2.025115 3.613296 -17.209728
v -1.935475 3.600768 -17.376263
v -1.990987 3.589103 -17.416655
v -1.946275 3.549791 -17.360064
v -1.995091 3.540287 -17.395271
v -2.059459 3.589103 -17.416655
v -2.055355 3.540287 -17.395271
v -2.114755 3.600768 -17.376263
v -2.104171 3.549791 -17.360064
v -2.135923 3.619991 -17.314056
v -2.122963 3.559512 -17.303255
v -1.914307 3.619991 -17.314056
v -1.927267 3.559512 -17.303255
v -2.004595 3.508319 -17.356607
v -1.970035 3.513935 -17.333712
v -2.045851 3.508319 -17.356607
v -2.080411 3.513935 -17.333712
v -2.094019 3.524951 -17.297207
v -2.095315 3.521495 -17.304119
v -1.955347 3.521495 -17.304119
v -1.956427 3.524951 -17.297207
v -2.000059 3.504000 -17.309736
v -2.025115 3.501623 -17.325935
v -2.050819 3.504000 -17.310167
v -2.061403 3.502488 -17.300663
v -2.061187 3.508967 -17.294399
v -1.989043 3.502272 -17.301096
v -1.987099 3.508751 -17.294399
v -1.960315 3.521927 -17.314056
v -2.025331 3.501839 -17.309519
v -2.025331 3.498168 -17.300232
v -2.090563 3.522143 -17.312975
v -2.025547 3.502920 -17.293320
v -2.112595 3.600768 -17.376263
v -2.167891 3.589103 -17.416655
v -2.123611 3.550655 -17.360712
v -2.172427 3.541152 -17.395920
v -2.236795 3.589968 -17.417303
v -2.232691 3.541152 -17.395920
v -2.281507 3.550655 -17.360712
v -2.292307 3.601631 -17.376696
v -2.313259 3.620423 -17.314272
v -2.300515 3.560375 -17.303904
v -2.091427 3.619991 -17.314056
v -2.104819 3.560375 -17.303904
v -2.181931 3.508967 -17.357256
v -2.147371 3.514800 -17.334360
v -2.223187 3.508967 -17.357256
v -2.257747 3.514800 -17.334360
v -2.271355 3.525815 -17.297855
v -2.272651 3.522359 -17.304768
v -2.132683 3.522359 -17.304768
v -2.133763 3.525815 -17.297855
v -2.177395 3.504863 -17.310383
v -2.202667 3.502488 -17.326584
v -2.228155 3.504863 -17.310816
v -2.238739 3.503135 -17.301311
v -2.238523 3.509615 -17.295048
v -2.166379 3.503135 -17.301527
v -2.164435 3.509399 -17.295048
v -2.137651 3.522792 -17.314703
v -2.202667 3.502488 -17.310167
v -2.202667 3.498816 -17.300879
v -2.267899 3.523008 -17.313623
v -2.202883 3.503783 -17.293968
v -2.112595 3.638136 -17.369783
v -2.167891 3.659735 -17.406071
v -2.119723 3.683496 -17.341919
v -2.170267 3.701424 -17.372808
v -2.236363 3.659735 -17.406071
v -2.233987 3.701424 -17.372808
v -2.284531 3.683496 -17.341919
v -2.291875 3.638136 -17.369783
v -2.309155 3.602496 -17.314703
v -2.298139 3.658656 -17.289000
v -2.095315 3.602496 -17.314703
v -2.103739 3.658656 -17.289000
v -2.145643 3.710927 -17.306496
v -2.181499 3.722375 -17.327015
v -2.222755 3.722375 -17.327015
v -2.258611 3.710927 -17.306496
v -2.274379 3.687383 -17.275824
v -2.274379 3.697752 -17.277985
v -2.132467 3.697752 -17.277985
v -2.129875 3.687383 -17.275824
v -2.175451 3.715247 -17.280144
v -2.191003 3.724103 -17.294184
v -2.213251 3.724103 -17.294184
v -2.229235 3.715247 -17.280575
v -2.244355 3.704015 -17.267832
v -2.244787 3.707039 -17.270206
v -2.157523 3.707471 -17.269991
v -2.165947 3.714168 -17.272583
v -2.137651 3.700344 -17.288351
v -2.202235 3.716543 -17.279928
v -2.202235 3.718055 -17.270855
v -2.238307 3.713952 -17.272152
v -2.270707 3.699912 -17.287487
v -2.233123 3.706391 -17.266752
v -2.207851 3.708551 -17.265888
v -2.233123 3.710712 -17.268263
v -2.207851 3.713736 -17.266752
v -2.196835 3.713736 -17.266968
v -2.169187 3.710712 -17.268480
v -2.196835 3.708551 -17.265888
v -2.168971 3.706391 -17.266752
v -2.207851 3.735551 -17.262648
v -2.196835 3.735551 -17.262648
v -2.158171 3.731016 -17.263943
v -2.148667 3.727127 -17.264591
v -2.157739 3.704447 -17.267616
v -2.242627 3.730152 -17.264376
v -2.252131 3.727127 -17.265240
v -1.935475 3.637271 -17.369783
v -1.990987 3.658872 -17.406071
v -1.942819 3.682415 -17.341703
v -1.993363 3.700560 -17.372808
v -2.059459 3.658872 -17.406071
v -2.057083 3.700560 -17.372808
v -2.107627 3.682415 -17.341703
v -2.114755 3.637271 -17.369783
v -2.132035 3.602496 -17.314703
v -2.121019 3.657792 -17.289000
v -1.918195 3.602496 -17.314703
v -1.926619 3.657792 -17.289000
v -1.968739 3.710063 -17.306496
v -2.004595 3.721511 -17.326799
v -2.045851 3.721511 -17.326799
v -2.081707 3.710063 -17.306496
v -2.097475 3.686304 -17.275608
v -2.097475 3.696888 -17.277767
v -1.955563 3.696888 -17.277985
v -1.952971 3.686304 -17.275608
v -1.998547 3.714384 -17.280144
v -2.014099 3.723239 -17.293968
v -2.036347 3.723239 -17.293968
v -2.052331 3.714384 -17.280575
v -2.067883 3.706175 -17.270206
v -2.067451 3.703151 -17.267832
v -1.980619 3.706607 -17.269991
v -1.989043 3.713303 -17.272583
v -1.960747 3.699480 -17.288351
v -2.025331 3.715680 -17.279928
v -2.025331 3.717192 -17.270639
v -2.061403 3.713088 -17.272152
v -2.093803 3.699048 -17.287487
v -2.056219 3.705527 -17.266752
v -2.030947 3.707688 -17.265888
v -2.056219 3.709847 -17.268263
v -2.030947 3.712656 -17.266752
v -2.019931 3.712872 -17.266968
v -1.992283 3.709847 -17.268480
v -2.019931 3.707688 -17.265671
v -1.992067 3.705527 -17.266752
v -2.030947 3.734687 -17.262432
v -2.019931 3.734687 -17.262648
v -1.981267 3.730152 -17.263727
v -1.971763 3.726264 -17.264591
v -1.980835 3.703584 -17.267616
v -2.065723 3.729288 -17.264376
v -2.075227 3.726264 -17.265240
v -2.367907 2.511324 -18.666676
v -2.241979 2.900546 -18.682217
v -2.235715 2.467556 -18.734713
v -2.113675 2.461289 -18.753296
v -2.090995 2.855058 -18.727839
v -2.177395 2.875201 -18.715179
v -2.312395 2.624948 -18.280291
v -2.311747 2.744519 -18.410521
v -2.380219 2.769750 -18.540821
v -2.113675 2.648813 -18.195362
v -2.113675 2.445278 -18.128086
v -2.275675 2.451352 -18.165358
v -2.113675 2.236574 -18.216381
v -2.248027 2.261184 -18.253511
v -2.113675 2.149595 -18.414686
v -2.267251 2.189744 -18.423269
v -2.225347 2.247911 -18.577873
v -2.343499 2.306771 -18.524755
v -2.113675 2.231564 -18.588976
v -2.373523 2.381615 -18.373936
v -2.396419 2.554738 -18.491726
v -2.351491 2.824743 -18.647514
v -1.915603 2.758091 -18.409878
v -2.113675 2.746178 -18.340816
v -1.914955 2.624877 -18.281157
v -1.842811 2.770545 -18.597555
v -1.951675 2.451240 -18.165413
v -1.979323 2.261184 -18.253511
v -1.960099 2.189736 -18.423395
v -1.991635 2.473205 -18.737503
v -1.859443 2.524366 -18.673473
v -1.875859 2.820352 -18.684792
v -2.002003 2.248176 -18.578556
v -1.883851 2.306972 -18.525724
v -1.853827 2.381493 -18.374166
v -1.830931 2.544636 -18.539566
v -1.988611 2.949528 -17.536535
v -1.923278 2.938982 -17.547382
v -1.957552 2.939128 -17.461267
v -2.020363 2.985815 -17.583191
v -1.922899 2.991055 -17.574722
v -1.953830 2.983578 -17.428152
v -1.926046 2.938458 -17.464102
v -1.882998 3.339208 -16.794487
v -1.873538 3.314646 -16.799995
v -1.850858 3.340386 -16.776312
v -1.850011 3.315395 -16.786333
v -1.769569 3.111521 -16.932207
v -1.862728 3.118845 -17.008911
v -1.804804 3.093271 -16.988865
v -1.720163 3.128949 -16.905972
v -1.721387 3.083902 -16.955959
v -1.692687 3.152257 -16.924171
v -1.684779 3.122013 -16.962561
v -1.814086 3.168098 -17.049641
v -1.764880 3.133214 -17.055515
v -1.848793 3.143273 -17.041170
v -1.810414 3.114920 -17.031719
v -1.843246 3.353106 -16.795240
v -1.868754 3.353770 -16.807758
v -1.690146 3.187107 -16.956650
v -1.693823 3.156010 -17.005680
v -1.719076 3.236590 -16.879148
v -1.721495 3.262326 -16.904049
v -1.736988 3.217625 -16.872234
v -1.770393 3.209640 -16.890686
v -1.733983 3.184780 -17.005985
v -1.744761 3.261731 -16.930058
v -1.789434 3.260701 -16.958168
v -1.819315 3.300850 -16.922232
v -1.799765 3.228438 -16.931103
v -1.828090 3.282586 -16.903637
v -1.863456 3.281140 -16.931099
v -1.849394 3.297552 -16.938046
v -1.844700 3.216803 -16.976154
v -1.829380 3.253628 -16.969923
v -1.851707 3.195231 -16.973375
v -1.864158 3.259316 -16.911299
v -1.810693 3.207470 -16.914267
v -1.835388 3.259523 -16.893974
v -1.777874 3.284206 -16.874456
v -1.766752 3.231897 -16.910049
v -1.784344 3.263062 -16.862900
v -1.754774 3.265863 -16.846558
v -1.740279 3.286234 -16.855022
v -1.741493 3.303797 -16.873451
v -1.767331 3.303050 -16.889967
v -1.884162 3.322879 -16.889597
v -1.892072 3.333185 -16.837826
v -1.899729 3.305231 -16.843245
v -1.892872 3.293266 -16.868376
v -1.864696 3.295782 -16.846746
v -1.882208 3.307570 -16.828287
v -1.856103 3.317394 -16.858913
v -1.812703 3.297561 -16.819914
v -1.808889 3.317141 -16.834677
v -1.807058 3.332251 -16.789883
v -1.819690 3.311249 -16.793911
v -1.784025 3.300720 -16.804050
v -1.829716 3.261180 -16.877335
v -1.800291 3.262304 -16.860392
v -1.776992 3.311271 -16.892216
v -1.810581 3.311208 -16.913015
v -1.856276 3.322258 -16.849520
v -1.858629 3.296890 -16.831022
v -1.815122 3.324473 -16.825426
v -1.829210 3.298344 -16.813782
v -1.808394 3.345505 -16.840414
v -1.842674 3.345296 -16.861410
v -1.890475 3.210940 -17.007212
v -1.914193 3.179376 -16.993160
v -1.903672 3.172418 -17.046690
v -1.891609 3.203260 -17.044466
v -1.916445 3.160208 -17.031221
v -1.956917 3.187218 -17.027306
v -1.937142 3.198659 -17.004551
v -1.921681 3.232113 -17.017216
v -1.926302 3.231251 -17.050293
v -1.946241 3.208754 -17.053854
v -1.849049 3.337180 -16.871700
v -1.772374 3.335957 -16.827991
v -1.769510 3.320487 -16.812424
v -1.798397 3.335387 -16.844131
v -1.840390 3.162060 -16.961489
v -2.011507 3.079344 -17.563103
v -1.922790 3.071855 -17.548340
v -1.691053 3.123982 -17.031164
v -1.690581 3.099482 -16.992004
v -1.681110 3.093905 -17.050596
v -1.680369 3.069582 -17.013968
v -1.741567 3.117069 -17.058580
v -1.776204 3.094053 -17.037247
v -1.726900 3.092114 -17.077494
v -1.758734 3.066516 -17.059998
v -1.774755 3.074862 -17.000658
v -1.755781 3.044649 -17.025591
v -1.722111 3.074452 -16.977566
v -1.783059 2.935422 -17.525698
v -1.769620 2.986660 -17.545517
v -1.657272 2.901500 -17.367304
v -1.632821 2.944724 -17.356848
v -1.775141 3.039150 -17.517035
v -1.655186 2.990542 -17.339306
v -1.814867 2.979287 -17.432281
v -1.742081 2.941226 -17.342836
v -1.801750 3.034907 -17.450840
v -1.718691 2.988565 -17.331524
v -1.808667 2.931394 -17.461432
v -1.926457 2.990523 -17.436388
v -1.719338 2.899533 -17.359312
v -2.048768 1.940312 -17.386501
v -1.980347 1.929468 -17.334442
v -2.065462 2.094910 -17.372114
v -1.977865 2.049935 -17.307644
v -2.057231 1.957902 -17.451965
v -2.082904 2.107448 -17.428761
v -1.956940 1.968929 -17.493313
v -1.951115 2.118346 -17.477627
v -1.891176 1.944805 -17.462538
v -2.114127 3.109003 -17.387173
v -2.031379 3.109799 -17.411039
v -2.067451 2.288974 -17.743271
v -2.070691 2.342328 -17.718365
v -2.074086 2.286776 -17.620235
v -2.075865 2.305862 -17.612032
v -2.121197 2.230347 -17.639853
v -2.113675 2.258348 -17.755077
v -2.113824 2.310009 -17.610012
v -2.113675 2.359135 -17.713066
v -2.011245 1.585971 -17.422920
v -2.034668 1.583564 -17.469606
v -2.018463 1.503523 -17.429171
v -2.029965 1.509571 -17.476118
v -1.979445 1.511194 -17.533812
v -1.984804 1.585313 -17.522684
v -2.028803 1.359494 -17.366390
v -1.993840 1.364560 -17.253450
v -2.040919 1.386578 -17.352365
v -2.016195 1.385439 -17.256676
v -1.986286 1.456780 -17.562634
v -1.895128 1.455266 -17.537933
v -1.917522 1.514090 -17.516447
v -2.054222 1.448783 -17.486897
v -1.934655 1.584452 -17.513613
v -1.976522 1.692539 -17.371206
v -2.028779 1.698340 -17.412287
v -1.955974 1.588924 -17.399788
v -2.037121 1.704837 -17.465845
v -1.910299 1.702945 -17.476721
v -1.961429 1.710153 -17.501839
v -1.914227 1.697100 -17.412079
v -1.917622 1.589536 -17.454828
v -1.978856 1.806723 -17.346239
v -2.037526 1.810255 -17.392952
v -2.045048 1.814326 -17.451717
v -1.958493 1.815463 -17.487070
v -1.901432 1.808565 -17.456955
v -1.898227 1.939643 -17.382420
v -1.907679 1.808237 -17.387985
v -2.059615 2.138640 -17.511288
v -2.136157 2.129016 -17.503855
v -2.118355 2.210486 -17.309172
v -2.122915 2.158477 -17.345551
v -1.995810 2.186317 -17.316380
v -2.055585 2.139616 -17.341930
v -2.114656 2.277908 -17.279936
v -1.969777 2.272145 -17.314465
v -1.943002 2.166237 -17.315529
v -1.883853 2.258178 -17.360502
v -1.963987 2.356607 -17.303040
v -2.113675 2.356607 -17.261351
v -1.874870 2.346003 -17.375881
v -1.935293 2.337750 -17.501486
v -1.907636 2.270824 -17.467821
v -2.113675 2.368488 -17.260487
v -1.964419 2.371296 -17.301527
v -2.113675 2.472383 -17.254438
v -1.967011 2.472383 -17.290295
v -1.937203 2.363496 -17.530947
v -1.945195 2.472383 -17.518175
v -1.876075 2.373240 -17.392464
v -1.880179 2.472383 -17.383823
v -2.113675 2.590968 -17.584703
v -1.950811 2.595504 -17.514719
v -2.113675 2.840231 -17.592047
v -1.972843 2.840231 -17.526815
v -2.113675 2.592912 -17.261135
v -2.089483 2.787959 -17.289648
v -2.113675 2.833967 -17.288784
v -1.933747 2.841096 -17.400887
v -1.897891 2.600255 -17.388575
v -1.935259 2.807616 -17.382311
v -1.980619 3.075672 -17.428102
v -1.924943 3.071594 -17.462984
v -1.992931 2.954495 -17.375183
v -1.997251 3.109799 -17.461800
v -2.031379 3.109799 -17.543663
v -2.248300 2.943408 -17.527147
v -2.294595 2.946398 -17.459661
v -2.312746 2.945334 -17.549627
v -2.332841 2.955635 -17.468279
v -2.201240 2.969188 -17.567947
v -2.290060 2.991647 -17.580053
v -2.324666 3.008815 -17.445017
v -2.296082 2.993646 -17.430080
v -2.416675 3.030921 -17.622583
v -2.273808 3.072129 -17.559290
v -2.396286 3.085279 -17.607515
v -2.295887 3.083281 -17.476568
v -2.413718 3.106530 -17.540659
v -2.446234 3.066792 -17.508234
v -2.646472 3.733928 -17.237463
v -2.683275 3.736845 -17.236217
v -2.652916 3.708407 -17.231958
v -2.680008 3.710680 -17.230709
v -2.694450 3.439914 -17.296099
v -2.641000 3.405368 -17.325817
v -2.598941 3.439790 -17.308363
v -2.613685 3.415049 -17.367516
v -2.753869 3.454098 -17.303690
v -2.770245 3.464440 -17.339321
v -2.726886 3.399656 -17.328672
v -2.756506 3.425469 -17.363869
v -2.578223 3.440524 -17.345787
v -2.599663 3.464728 -17.393776
v -2.644449 3.427731 -17.413054
v -2.681815 3.736417 -17.260235
v -2.653396 3.736552 -17.260620
v -2.757899 3.487897 -17.378998
v -2.728655 3.447424 -17.406841
v -2.769850 3.563910 -17.317362
v -2.754833 3.580874 -17.345879
v -2.756773 3.551413 -17.297104
v -2.711960 3.546103 -17.294533
v -2.691652 3.482975 -17.398409
v -2.713121 3.577657 -17.356665
v -2.657387 3.554095 -17.322866
v -2.651052 3.617474 -17.310949
v -2.658083 3.574780 -17.360691
v -2.644437 3.623437 -17.338037
v -2.598765 3.614026 -17.318155
v -2.597447 3.531557 -17.345568
v -2.608241 3.622242 -17.336718
v -2.611376 3.566612 -17.352846
v -2.595819 3.518226 -17.346979
v -2.606737 3.602376 -17.292360
v -2.660905 3.542891 -17.298462
v -2.641603 3.601298 -17.290434
v -2.707890 3.622011 -17.306011
v -2.714999 3.609274 -17.287012
v -2.713209 3.559141 -17.320015
v -2.749050 3.618308 -17.287203
v -2.757133 3.628181 -17.310339
v -2.747571 3.631631 -17.333588
v -2.715526 3.625010 -17.335539
v -2.603327 3.672067 -17.296051
v -2.622262 3.702748 -17.256691
v -2.611450 3.678132 -17.244993
v -2.604496 3.656043 -17.262213
v -2.639941 3.658934 -17.257950
v -2.634125 3.680961 -17.241556
v -2.643333 3.671330 -17.280922
v -2.694273 3.672248 -17.290226
v -2.699139 3.666014 -17.266783
v -2.710471 3.710966 -17.267351
v -2.699919 3.693166 -17.253515
v -2.731304 3.675032 -17.266937
v -2.659935 3.614109 -17.278244
v -2.693406 3.617057 -17.276564
v -2.699562 3.639029 -17.334993
v -2.661474 3.636044 -17.338648
v -2.646944 3.686998 -17.279951
v -2.653131 3.675160 -17.251442
v -2.694459 3.691244 -17.278168
v -2.687112 3.678033 -17.250090
v -2.693786 3.700163 -17.303310
v -2.653784 3.697591 -17.306376
v -2.553791 3.525534 -17.354174
v -2.564853 3.529821 -17.311291
v -2.535088 3.486693 -17.319824
v -2.544641 3.496438 -17.300875
v -2.530732 3.498676 -17.351040
v -2.514776 3.536355 -17.294979
v -2.537628 3.547090 -17.315037
v -2.523060 3.547874 -17.351171
v -2.496449 3.527727 -17.349699
v -2.492177 3.524163 -17.319942
v -2.643786 3.682193 -17.302967
v -2.729582 3.687559 -17.309254
v -2.739479 3.684248 -17.289736
v -2.699072 3.680143 -17.311764
v -2.621596 3.486677 -17.306210
v -2.194986 3.063615 -17.553768
v -2.719821 3.411303 -17.417768
v -2.738207 3.399942 -17.377041
v -2.721498 3.376198 -17.427937
v -2.739117 3.364785 -17.389294
v -2.642392 3.391845 -17.378464
v -2.663397 3.404005 -17.418470
v -2.668604 3.371762 -17.430376
v -2.648595 3.357193 -17.393469
v -2.661089 3.384082 -17.341610
v -2.667137 3.347111 -17.358465
v -2.716995 3.385605 -17.342714
v -2.447478 2.995485 -17.590017
v -2.635025 3.036774 -17.591143
v -2.634983 3.061932 -17.634611
v -2.611659 3.109748 -17.643379
v -2.583498 3.107129 -17.546534
v -2.581479 3.136065 -17.591972
v -2.463804 3.015877 -17.525085
v -2.605939 3.062546 -17.541107
v -2.265491 2.217625 -17.304573
v -2.230073 2.175851 -17.434031
v -2.328860 2.275167 -17.320650
v -2.322249 2.251947 -17.430120
v -2.263379 2.150962 -17.288244
v -2.218551 2.125035 -17.444706
v -2.366801 2.115644 -17.291153
v -2.429527 2.156346 -17.293018
v -2.365549 2.078360 -17.442726
v -2.415003 2.233302 -17.313446
v -2.423250 2.213549 -17.434313
v -2.351275 2.371079 -17.392464
v -2.263147 2.369352 -17.301743
v -2.260339 2.472383 -17.290295
v -2.196899 3.107248 -17.408102
v -2.158132 2.280742 -17.626749
v -2.156659 2.342328 -17.718365
v -2.163308 2.258166 -17.634445
v -2.159899 2.288974 -17.743271
v -2.323404 2.063800 -17.036051
v -2.312598 1.980823 -17.041285
v -2.317191 2.055341 -17.086605
v -2.319911 1.982515 -17.089415
v -2.388272 1.976336 -17.123652
v -2.382712 2.048679 -17.119022
v -2.269211 1.844398 -16.975843
v -2.254558 1.873219 -16.969645
v -2.259595 1.859553 -16.858860
v -2.241662 1.880840 -16.871946
v -2.388676 1.919583 -17.148497
v -2.463670 1.917080 -17.091122
v -2.439502 1.978588 -17.084448
v -2.297008 1.921925 -17.103699
v -2.426856 2.048378 -17.093170
v -2.367612 2.068961 -16.995787
v -2.363289 2.211097 -17.042416
v -2.309237 2.181592 -17.066280
v -2.298458 2.147884 -17.104078
v -2.424438 2.146289 -17.123882
v -2.371513 2.129520 -17.139944
v -2.423369 2.187787 -17.079065
v -2.422483 2.061052 -17.033422
v -2.338443 2.301063 -17.185640
v -2.283859 2.253268 -17.174458
v -2.280816 2.197912 -17.163393
v -2.370103 2.169412 -17.162748
v -2.412775 2.266268 -17.183001
v -2.424290 2.202707 -17.168957
v -2.233724 2.084899 -17.503342
v -2.142845 2.113812 -17.447372
v -2.253096 2.231009 -17.406202
v -2.202535 2.188432 -17.400997
v -2.262834 2.280865 -17.345936
v -2.367816 2.262863 -17.475296
v -2.332692 2.233867 -17.484732
v -2.263363 2.356607 -17.303040
v -2.360041 2.341026 -17.427523
v -2.307079 2.292187 -17.563204
v -2.365158 2.171608 -17.585035
v -2.290363 2.361949 -17.531212
v -2.282155 2.472383 -17.518175
v -2.347171 2.472383 -17.383823
v -2.276539 2.595504 -17.514719
v -2.258759 2.840400 -17.525587
v -2.329459 2.600255 -17.388575
v -2.249323 2.600255 -17.297855
v -2.270491 2.773056 -17.353367
v -2.294296 2.841353 -17.400925
v -2.243062 2.956284 -17.374178
v -2.250035 3.077547 -17.428947
v -2.258286 2.878052 -17.524015
v -2.222107 3.105200 -17.459692
v -2.183391 3.099347 -17.537037
v -2.193410 2.127387 -17.583324
v -2.129274 2.169870 -17.584705
v -2.073222 2.175244 -17.580742
v -2.113675 2.369240 -17.610817
v -2.320515 2.075879 -17.527830
v -2.339282 2.075345 -17.502131
v -2.409070 2.127413 -17.534319
v -2.133248 2.124020 -17.390739
v -2.254394 2.215255 -17.443939
v -2.113230 2.975131 -17.592127
v -2.110884 3.105533 -17.570642
v -1.971555 2.176580 -17.497747
v -1.884594 2.062741 -17.356728
v -2.019307 2.128054 -17.324051
v -1.883843 2.191510 -17.342548
v -1.967107 3.224886 -17.030640
v -1.711258 2.880435 -17.304569
v -1.649664 2.882804 -17.310957
v -1.625666 2.925511 -17.304564
v -1.647603 2.970512 -17.292200
v -1.710945 2.968127 -17.286289
v -1.734128 2.921382 -17.293827
v -1.706377 2.874859 -17.246618
v -1.645803 2.876517 -17.244511
v -1.711025 3.046531 -16.999496
v -1.622941 2.918520 -17.250919
v -1.645416 2.963503 -17.259766
v -1.707485 2.961791 -17.261566
v -1.729420 2.915597 -17.254337
v -1.762565 1.387639 -17.367207
v -1.765545 1.373651 -17.323364
v -1.813227 1.368261 -17.426275
v -1.919354 1.367759 -17.268423
v -1.811542 1.376614 -17.147919
v -1.870535 1.396569 -17.121910
v -1.909182 1.371723 -17.151749
v -1.958272 1.387941 -17.136765
v -1.799236 1.457174 -17.420448
v -1.842786 1.508331 -17.389141
v -1.750297 1.476427 -17.304508
v -1.809916 1.499624 -17.263025
v -1.750261 1.473197 -17.223955
v -1.710977 1.434821 -17.240427
v -1.739285 1.428037 -17.334749
v -1.725594 1.392812 -17.275822
v -1.962418 1.426973 -17.134228
v -1.992023 1.460019 -17.203892
v -1.736894 1.436942 -17.191883
v -1.781168 1.466460 -17.210491
v -1.943194 1.488539 -17.220051
v -1.923000 1.464347 -17.157291
v -1.880230 1.458872 -17.164438
v -1.897474 1.499644 -17.220112
v -1.980071 1.504779 -17.319054
v -1.907001 1.529303 -17.349428
v -1.853819 1.500682 -17.227936
v -1.826389 1.479684 -17.164284
v -1.771747 1.435630 -17.185955
v -1.869152 1.432435 -17.133095
v -1.904322 1.431011 -17.115847
v -1.805941 1.446176 -17.124243
v -1.775882 1.398655 -17.127460
v -1.833621 1.396663 -17.106699
v -1.761727 1.399054 -17.173729
v -1.917814 1.397457 -17.101536
v -1.719021 1.400534 -17.194244
v -1.751439 1.377927 -17.202694
v -1.881777 1.396370 -17.539696
v -1.987184 1.382155 -17.575134
v -1.893604 1.361228 -17.530638
v -1.797911 1.390409 -17.434231
v -1.979997 1.356137 -17.559725
v -2.039086 1.355069 -17.498379
v -2.057833 1.382944 -17.497807
v -2.025016 1.458150 -17.328970
v -1.945572 1.535430 -17.407396
v -1.897580 1.514535 -17.468788
v -1.813176 1.371962 -17.301788
v -2.113675 3.154295 -17.481455
v -1.971692 2.234535 -17.546425
v -2.010498 2.277500 -17.596046
v -1.889422 2.195610 -17.430431
v -1.876580 2.086905 -17.441036
v -2.045203 2.923608 -17.567638
v -1.976947 2.878248 -17.526815
v -2.114966 2.876125 -17.589434
v -2.167690 3.023212 -17.358280
v -2.198671 2.965123 -17.345261
v -2.113675 2.974368 -17.330471
v -2.114239 3.039530 -17.360662
v -2.063131 3.023831 -17.360064
v -2.032459 2.964864 -17.346239
v -1.978027 3.098351 -17.500031
v -2.393147 2.221653 -17.510141
v -2.491609 3.559155 -17.316826
v -2.651706 3.083990 -17.530346
v -2.686070 3.064947 -17.574108
v -2.687043 3.090178 -17.616777
v -2.661839 3.133595 -17.628633
v -2.627138 3.153700 -17.583145
v -2.627124 3.124192 -17.539268
v -2.664870 3.109518 -17.515171
v -2.719419 3.111710 -17.538006
v -2.718745 3.351509 -17.356289
v -2.727708 3.139602 -17.576588
v -2.693572 3.168070 -17.601629
v -2.637382 3.165749 -17.578325
v -2.631512 3.135515 -17.536665
v -2.113675 2.469853 -17.592407
v -2.517630 1.862070 -16.878153
v -2.491367 1.838763 -16.950253
v -2.497494 1.852726 -16.837730
v -2.334309 1.858352 -16.844755
v -2.326958 1.899974 -16.693451
v -2.389748 1.875231 -16.693544
v -2.300720 1.873726 -16.733612
v -2.250708 1.893262 -16.739645
v -2.508698 1.927205 -16.946651
v -2.512152 1.956222 -16.822742
v -2.460517 1.982910 -16.938311
v -2.443251 1.985780 -16.808870
v -2.521771 1.919840 -16.745462
v -2.482126 1.961170 -16.748175
v -2.530042 1.904627 -16.842625
v -2.518349 1.875051 -16.780296
v -2.249841 1.959404 -16.820049
v -2.248809 1.932481 -16.741976
v -2.479639 1.927876 -16.710659
v -2.447804 1.957035 -16.746910
v -2.303135 1.984241 -16.818754
v -2.338446 1.957969 -16.741293
v -2.296626 1.965781 -16.751310
v -2.346266 1.993517 -16.802404
v -2.307356 1.991754 -16.925303
v -2.387861 2.010254 -16.927633
v -2.389638 1.992078 -16.793194
v -2.389724 1.976604 -16.722445
v -2.445311 1.928504 -16.718266
v -2.335270 1.934433 -16.706093
v -2.295988 1.936126 -16.703373
v -2.391234 1.946569 -16.675117
v -2.416729 1.897846 -16.662943
v -2.355436 1.900191 -16.665470
v -2.447321 1.892998 -16.700294
v -2.275697 1.904740 -16.692610
v -2.494364 1.890756 -16.703184
v -2.465862 1.868672 -16.721441
v -2.472329 1.857839 -17.083019
v -2.386999 1.844165 -17.154436
v -2.455636 1.824268 -17.076344
v -2.510134 1.859385 -16.953558
v -2.385981 1.819587 -17.135439
v -2.308374 1.827017 -17.101118
v -2.292878 1.855506 -17.109896
v -2.265826 1.946130 -16.947739
v -2.374254 2.011947 -16.996174
v -2.440209 1.983096 -17.032986
v -2.445269 1.855065 -16.835711
v -2.439363 2.128056 -17.428020
v -2.307763 2.105030 -17.588879
v -2.240607 2.199873 -17.629791
v -2.186056 2.917171 -17.559715
v -2.232748 3.093054 -17.500107
v -2.292091 2.807616 -17.382311
v -1.957075 2.773056 -17.353367
v -1.978027 2.600255 -17.297855
v -1.995523 2.754480 -17.310600
v -2.269336 2.213171 -17.755779
v -2.176747 2.251146 -17.788630
v -2.342023 2.202390 -17.681114
v -2.341067 2.212913 -17.677935
v -2.176747 2.262404 -17.779480
v -2.477536 2.191700 -17.517656
v -2.481773 2.211503 -17.434862
v -2.481027 2.224846 -17.433630
v -2.423103 2.211264 -17.589531
v -2.424422 2.199375 -17.591492
v -2.450077 2.208535 -17.278564
v -2.384055 2.236306 -17.230133
v -2.468785 2.232384 -17.343569
v -2.469594 2.219641 -17.344957
v -2.384382 2.224237 -17.232534
v -2.242843 2.208648 -17.131535
v -2.297707 2.223984 -17.174088
v -2.170051 2.223984 -17.131535
v -2.170051 2.234136 -17.130888
v -2.297491 2.235000 -17.172791
v -1.984075 2.209728 -17.131752
v -1.924459 2.224200 -17.176031
v -1.924891 2.237592 -17.174088
v -2.062483 2.235216 -17.129160
v -2.062483 2.224200 -17.129807
v -1.779242 2.203012 -17.267511
v -1.768830 2.227274 -17.318636
v -1.836514 2.234651 -17.235912
v -1.836081 2.222877 -17.237484
v -1.768405 2.214517 -17.320145
v -1.755675 2.196395 -17.506611
v -1.754780 2.209135 -17.431126
v -1.805559 2.212633 -17.571802
v -1.806406 2.224463 -17.568729
v -1.755194 2.223287 -17.428585
v -1.961159 2.226079 -17.757019
v -2.054275 2.263896 -17.781301
v -1.888949 2.233568 -17.672232
v -1.887888 2.220871 -17.677309
v -2.054275 2.251987 -17.791033
v -2.113675 2.279634 -17.763939
v -2.361647 2.227527 -17.615334
v -2.358709 2.248190 -17.612013
v -2.113675 2.295690 -17.746744
v -2.438338 2.270329 -17.394995
v -2.440273 2.251132 -17.399927
v -2.315635 2.278632 -17.233486
v -2.316067 2.261136 -17.235863
v -2.113675 2.261136 -17.168255
v -2.113675 2.277120 -17.167175
v -1.911931 2.281008 -17.233271
v -1.911283 2.261136 -17.235863
v -1.792535 2.270550 -17.376884
v -1.791657 2.246812 -17.378847
v -1.873525 2.248571 -17.604446
v -1.875043 2.267858 -17.600864
v -1.852315 3.292104 -17.354879
v -1.856635 3.394487 -17.313408
v -2.053627 3.327312 -17.313190
v -2.113675 3.329040 -17.302607
v -2.058595 3.296855 -17.304335
v -2.113675 3.294911 -17.291807
v -2.408731 3.381744 -17.343431
v -2.370715 3.394487 -17.313408
v -2.173723 3.327312 -17.313190
v -2.168755 3.296855 -17.304335
v -1.939147 2.877600 -17.400887
v -2.294682 2.880089 -17.401318
v -2.040883 2.758800 -17.298935
v -2.065723 2.954495 -17.333927
v -1.952323 2.915616 -17.394407
v -2.186467 2.758800 -17.298935
v -2.231827 2.754480 -17.310600
v -2.137867 2.787959 -17.289648
v -2.162635 2.954462 -17.333561
v -2.284919 2.919234 -17.394876
v -2.132035 2.799623 -17.271935
v -2.113675 2.836560 -17.285328
v -2.143267 2.858808 -17.237160
v -2.113675 2.869607 -17.280575
v -2.095315 2.799623 -17.271935
v -2.084083 2.858808 -17.237160
v -2.161627 2.954495 -17.293535
v -2.211474 2.971459 -17.327742
v -2.130523 2.930520 -17.316000
v -2.127931 2.909136 -17.269127
v -2.270622 2.955337 -17.328279
v -2.310803 2.909545 -17.328259
v -2.227723 2.954495 -17.271935
v -2.286907 2.917776 -17.271935
v -2.240467 2.909136 -17.232624
v -2.179771 2.917776 -17.237160
v -2.316871 2.858987 -17.362934
v -2.316499 2.858808 -17.293535
v -2.305051 2.799623 -17.328094
v -2.290795 2.808480 -17.269127
v -2.275459 2.858808 -17.237160
v -2.209363 2.858808 -17.215775
v -2.238955 2.799623 -17.237160
v -2.178259 2.808480 -17.232624
v -2.257315 2.763120 -17.293535
v -2.191219 2.763120 -17.271935
v -2.113675 2.878896 -17.289648
v -2.065723 2.954495 -17.293535
v -2.017987 2.971128 -17.328094
v -2.096827 2.930520 -17.316000
v -2.099419 2.909136 -17.269127
v -1.958803 2.954495 -17.328094
v -1.917331 2.909136 -17.328094
v -1.999627 2.954495 -17.271935
v -1.940443 2.917776 -17.271935
v -1.986883 2.909136 -17.232624
v -2.047579 2.917776 -17.237160
v -1.910851 2.858808 -17.362871
v -1.910851 2.858808 -17.293535
v -1.922299 2.799623 -17.328094
v -1.936555 2.808480 -17.269127
v -1.951891 2.858808 -17.237160
v -2.017987 2.858808 -17.215775
v -1.988395 2.799623 -17.237160
v -2.049091 2.808480 -17.232624
v -1.970035 2.763120 -17.293535
v -2.036131 2.763120 -17.271935
v -2.133547 3.021718 -18.165482
v -2.061403 3.016055 -18.147810
v -2.146075 3.101565 -18.466953
v -2.073499 3.095195 -18.286259
v -2.177827 3.077821 -18.098068
v -2.180203 3.062164 -18.133041
v -2.187763 2.929430 -18.068420
v -2.173723 2.984384 -18.731804
v -2.021443 3.056347 -18.404812
v -2.105467 2.926186 -18.756617
v -2.146507 2.835670 -18.794426
v -2.194675 2.832269 -18.814920
v -2.195539 2.798584 -18.805195
v -2.138083 2.803931 -18.787054
v -2.077171 2.954189 -18.031855
v -2.130091 3.084672 -18.113258
v -2.138299 2.960842 -18.021816
v -2.129227 3.077180 -18.150244
v -2.038507 2.811938 -18.018913
v -2.113675 2.839459 -17.993700
v -2.029651 3.129123 -18.301430
v -1.966363 3.153851 -18.441734
v -2.043259 3.135823 -18.396036
v -1.976515 3.138744 -18.485718
v -1.929427 3.136143 -18.443342
v -1.933963 3.077238 -18.331844
v -1.925755 3.013381 -18.392757
v -1.926619 3.112199 -18.488064
v -1.943035 2.924806 -18.205597
v -2.006971 2.988014 -18.134109
v -2.227939 2.818607 -18.777641
v -2.229019 2.855024 -18.781513
v -2.236795 2.951108 -18.731678
v -2.225995 3.068621 -18.466408
v -2.239171 3.017240 -18.449869
v -2.208715 2.988997 -18.185978
v -2.237443 2.818587 -18.232153
v -2.188843 2.810776 -18.019222
v -2.201587 2.706364 -18.120016
v -2.313259 2.934855 -18.426157
v -2.278051 2.814731 -18.367058
v -2.113675 2.764401 -18.344267
v -2.318443 2.868456 -18.388248
v -2.113675 2.757810 -18.248997
v -2.113675 2.666694 -18.158491
v -2.179987 2.557583 -18.036577
v -2.113675 2.528800 -18.076735
v -2.174371 2.430185 -17.958269
v -2.113675 2.401887 -17.989899
v -2.179555 2.617156 -17.951855
v -2.113675 2.634856 -17.926050
v -2.113675 2.500725 -17.877480
v -2.172859 2.485599 -17.895128
v -2.169187 2.347995 -17.859074
v -2.165299 2.411191 -17.827990
v -2.113675 2.311853 -17.877037
v -2.113675 2.431033 -17.821152
v -2.025763 2.706655 -18.119379
v -1.949299 2.817237 -18.367901
v -1.889251 2.938293 -18.410574
v -1.989043 2.810805 -18.233734
v -2.047363 2.557583 -18.036440
v -2.051251 2.678744 -18.146431
v -2.052979 2.430208 -17.958250
v -1.986667 2.853787 -18.721081
v -2.047795 2.617024 -17.951933
v -2.054491 2.485610 -17.895100
v -2.058163 2.348002 -17.859053
v -2.062051 2.411213 -17.827988
vn 0.8326 -0.5487 0.0763
vn 0.4743 -0.8474 0.2386
vn 0.5473 -0.7185 0.4293
vn 0.4632 -0.2746 0.8427
vn -0.0000 0.0630 0.9980
vn 0.0004 -0.0865 0.9963
vn 0.3493 0.0982 0.9319
vn 0.3005 0.3531 0.8860
vn -0.0000 0.6379 0.7701
vn 0.2312 0.7606 0.6067
vn -0.0004 0.8480 0.5300
vn 0.9785 0.1859 0.0890
vn 0.6973 0.6992 0.1580
vn 0.8767 0.1899 0.4419
vn 0.4924 0.7343 -0.4673
vn 0.7760 0.2291 -0.5877
vn 0.3270 0.3590 -0.8742
vn 0.2027 0.7237 -0.6597
vn 0.8021 0.0301 -0.5964
vn 0.7665 0.5470 -0.3364
vn 0.3681 0.5495 -0.7500
vn 0.3524 0.0909 -0.9314
vn 0.0007 0.9988 0.0483
vn 0.2588 0.9626 0.0803
vn 0.1260 0.9813 -0.1457
vn -0.0000 0.9833 -0.1819
vn 0.9787 -0.2018 0.0372
vn 0.6901 0.4394 0.5750
vn 0.9719 0.2353 0.0102
vn 0.8563 0.1586 -0.4915
vn 0.3315 0.2639 -0.9058
vn 0.5534 0.2167 -0.8042
vn 0.6802 0.2434 -0.6915
vn 0.2360 0.7457 -0.6231
vn -0.5306 0.8465 -0.0436
vn -0.7448 0.5329 -0.4016
vn -0.3514 0.6407 -0.6827
vn 0.2267 0.3766 0.8982
vn 0.1378 0.0283 0.9901
vn 0.1923 -0.0151 0.9812
vn 0.9787 -0.2017 0.0372
vn 0.9340 -0.3368 -0.1190
vn 0.6280 -0.1518 0.7633
vn 0.7091 0.0887 0.6995
vn 0.5535 0.2166 -0.8042
vn -0.1244 0.1124 -0.9859
vn 0.7249 -0.2527 -0.6408
vn 0.6991 0.0705 -0.7116
vn 0.8380 -0.2221 -0.4985
vn -0.2150 0.9766 -0.0095
vn -0.2800 0.7544 -0.5937
vn -0.7448 0.5329 -0.4017
vn 0.2698 0.7251 -0.6336
vn -0.2802 0.7544 -0.5936
vn -0.1523 0.9578 0.2438
vn 0.2697 0.7251 -0.6337
vn -0.2149 0.9766 -0.0095
vn 0.4872 0.5671 0.6641
vn 0.8662 0.4804 -0.1375
vn 0.3727 0.7829 -0.4981
vn 0.4574 0.4844 0.7457
vn 0.8555 0.4751 0.2057
vn 0.4573 0.4845 0.7458
vn 0.8531 0.2680 0.4477
vn 0.6659 0.6515 0.3634
vn 0.4841 -0.8580 0.1719
vn 0.0207 -0.5140 0.8575
vn -0.0000 0.7643 0.6448
vn 0.5250 0.7923 -0.3109
vn 0.6790 -0.5912 -0.4353
vn -0.0364 0.6446 -0.7636
vn -0.0000 -0.6657 -0.7462
vn 0.2546 -0.9591 0.1238
vn 0.4678 -0.8838 -0.0084
vn 0.3820 -0.8237 0.4191
vn 0.6039 -0.5563 0.5708
vn 0.4170 -0.1170 0.9014
vn 0.2149 -0.4463 0.8687
vn 0.0907 -0.9743 0.2064
vn 0.3576 -0.9147 -0.1881
vn 0.8452 -0.1436 0.5148
vn -0.0000 -0.9516 -0.3074
vn 0.4187 -0.1770 -0.8907
vn 0.2588 -0.7033 -0.6621
vn 0.0005 -0.1996 -0.9799
vn -0.0000 -0.7163 -0.6978
vn 0.7528 -0.4025 -0.5208
vn 0.6150 -0.7733 0.1546
vn 0.7912 -0.4427 0.4220
vn 0.5248 0.3448 0.7783
vn 0.3472 -0.0067 0.9378
vn 0.6203 -0.0733 0.7809
vn 0.9794 0.0599 -0.1929
vn 0.9110 -0.4096 0.0479
vn 0.8202 -0.5491 -0.1604
vn -0.0008 0.4679 -0.8838
vn 0.2103 0.6210 0.7551
vn 0.3723 0.7385 0.5622
vn 0.5391 0.5594 0.6297
vn 0.1444 0.9073 0.3950
vn -0.0009 0.9261 0.3773
vn 0.7313 0.6683 -0.1363
vn 0.8460 0.5324 0.0290
vn -0.0000 0.7477 -0.6640
vn -0.0000 0.3749 -0.9271
vn 0.6553 0.0332 0.7546
vn 0.6338 0.5760 0.5162
vn 0.3011 0.1902 0.9344
vn 0.6178 0.0620 0.7839
vn 0.9231 0.2638 0.2798
vn -0.0022 0.6452 0.7640
vn -0.0062 0.2640 0.9645
vn 0.0198 0.2445 0.9695
vn 0.0123 0.7494 0.6620
vn 0.9945 0.0556 -0.0883
vn -0.0000 0.1036 -0.9946
vn -0.0000 0.3486 -0.9373
vn -0.0000 0.8423 -0.5390
vn 0.2367 0.7887 0.5674
vn 0.6012 0.6049 0.5222
vn -0.3117 0.9160 0.2526
vn 0.7726 0.6197 0.1381
vn -0.2072 0.7325 -0.6485
vn 0.0201 0.7435 -0.6685
vn 0.4501 0.3727 -0.8114
vn 0.2361 0.7457 -0.6230
vn 0.1261 0.9813 -0.1457
vn -0.3319 0.9433 -0.0090
vn -0.1550 0.8552 -0.4945
vn -0.4972 0.8221 0.2773
vn -0.7844 0.6194 0.0321
vn 0.4799 0.3265 0.8143
vn 0.2629 0.6715 0.6928
vn 0.9359 -0.3220 0.1431
vn 0.9055 -0.2684 -0.3286
vn -0.1244 0.1123 -0.9858
vn 0.3099 0.3665 -0.8773
vn -0.3023 0.5939 -0.7456
vn -0.1245 0.1124 -0.9858
vn -0.2071 0.7326 -0.6484
vn 0.6118 -0.1246 -0.7811
vn -0.1244 0.1124 -0.9858
vn 0.2696 0.7252 -0.6335
vn 0.1251 0.6509 -0.7488
vn 0.3865 -0.1807 -0.9044
vn 0.2697 0.7252 -0.6335
vn 0.5820 0.5306 -0.6163
vn 0.2425 0.9407 0.2371
vn 0.0019 0.9372 0.3488
vn 0.4286 0.4524 0.7821
vn 0.6664 -0.3485 0.6592
vn 0.3147 -0.2548 0.9144
vn 0.0018 -0.2904 0.9569
vn 0.0011 -0.2309 0.9730
vn 0.3034 -0.2848 0.9093
vn -0.0000 -1.0000 -0.0000
vn 0.0709 -0.7150 0.6955
vn -0.0000 -0.7217 0.6922
vn -0.0000 -0.8175 0.5759
vn -0.0000 -0.9885 0.1511
vn -0.0000 -0.9853 0.1708
vn -0.0000 -0.9855 0.1697
vn 0.2555 -0.8844 0.3905
vn 0.4275 0.0290 0.9035
vn 0.6631 -0.2169 0.7164
vn 0.3259 -0.5524 0.7672
vn 0.6813 -0.4552 0.5733
vn 0.7973 0.2555 0.5468
vn 0.7273 -0.4568 0.5123
vn 0.5703 0.6954 0.4372
vn 0.8261 0.4723 0.3073
vn 0.9840 0.0638 0.1662
vn 0.7227 -0.1782 0.6678
vn 0.4734 -0.4561 0.7536
vn -0.0000 -0.0728 -0.9973
vn 0.2936 -0.1533 -0.9436
vn 0.3765 -0.0011 -0.9264
vn -0.0000 -0.0000 -1.0000
vn 0.5728 -0.5306 -0.6248
vn 0.7084 -0.3946 0.5852
vn 0.9737 0.0021 -0.2279
vn 0.3766 -0.0011 -0.9264
vn 0.3045 0.1851 0.9344
vn 0.1764 0.1499 0.9728
vn 0.1270 0.4550 0.8814
vn -0.0000 0.1278 0.9918
vn -0.0000 -0.5671 0.8236
vn 0.0100 0.0864 0.9962
vn -0.0000 0.1290 0.9916
vn 0.0460 0.5163 0.8552
vn 0.1114 0.1178 0.9868
vn 0.2035 0.6878 0.6968
vn 0.0296 0.0943 0.9951
vn -0.0000 0.8258 0.5639
vn 0.6901 0.4396 0.5749
vn -0.0973 0.7048 0.7027
vn -0.0013 0.0156 0.9999
vn 0.1119 -0.0407 0.9929
vn 0.0474 -0.1072 0.9931
vn 0.0196 -0.1148 0.9932
vn -0.3404 -0.1380 0.9301
vn -0.6659 0.1334 0.7340
vn -0.2064 -0.8645 0.4584
vn -0.5131 -0.1426 -0.8464
vn -0.3582 -0.2272 -0.9056
vn -0.5580 -0.4121 -0.7203
vn -0.6327 -0.0799 -0.7703
vn -0.7810 0.5241 -0.3396
vn -0.3743 0.8627 -0.3400
vn -0.5576 0.6716 -0.4879
vn -0.7582 0.4049 -0.5111
vn -0.1595 -0.1778 -0.9710
vn -0.2260 0.9109 -0.3452
vn 0.0028 -0.2722 -0.9622
vn -0.3581 -0.2272 -0.9056
vn -0.1491 0.9887 -0.0178
vn -0.3742 0.8628 -0.3400
vn -0.0000 0.9644 -0.2644
vn -0.0000 0.9644 -0.2645
vn -0.0000 0.9227 -0.3855
vn -0.2258 0.9110 -0.3452
vn -0.8039 0.5787 -0.1369
vn -0.9897 0.1427 -0.0113
vn -0.4076 0.8213 0.3992
vn -0.3014 0.7700 -0.5623
vn -0.8039 0.5788 -0.1370
vn -0.8647 0.1297 0.4852
vn -0.7276 0.6208 0.2919
vn -0.4076 0.8212 0.3993
vn 0.3339 -0.2639 0.9049
vn -0.2064 -0.8645 0.4583
vn 0.0488 -0.5452 0.8369
vn -0.0000 -0.9558 0.2942
vn -0.0000 -0.5914 0.8064
vn -0.0000 0.9945 0.1045
vn -0.0000 0.8036 -0.5951
vn 0.8217 0.4926 0.2866
vn 0.8294 0.3857 0.4041
vn 0.2536 0.9671 -0.0192
vn 0.0894 0.9857 0.1428
vn -0.0000 -0.9714 0.2373
vn 0.6441 -0.7356 0.2096
vn 0.5742 -0.7637 0.2950
vn -0.0000 -0.9671 0.2542
vn 0.9060 0.0016 0.4232
vn -0.0000 0.9998 -0.0199
vn -0.0000 0.9956 0.0933
vn -0.1716 0.1979 0.9651
vn -0.2623 -0.5955 -0.7593
vn -0.0000 -0.3740 -0.9274
vn 0.0369 -0.8644 -0.5015
vn 0.4368 -0.8151 -0.3807
vn -0.0025 -0.9598 -0.2806
vn -0.1636 -0.5951 -0.7868
vn 0.8300 -0.4163 -0.3712
vn 0.7014 -0.6562 0.2784
vn -0.0641 -0.6997 -0.7116
vn -0.0000 -0.8078 -0.5895
vn -0.0000 -0.9776 -0.2102
vn 0.2141 -0.9216 0.3238
vn 0.4081 -0.0234 0.9126
vn 0.2797 -0.3394 0.8981
vn 0.7959 -0.3861 0.4663
vn 0.9999 -0.0000 0.0147
vn -0.2623 -0.5956 -0.7593
vn -0.2941 -0.7884 -0.5403
vn -0.5151 -0.0000 -0.8571
vn -0.2192 -0.4357 -0.8730
vn 0.6144 -0.6405 -0.4607
vn -0.0006 -0.0162 0.9999
vn 0.2868 -0.0234 0.9577
vn -0.0007 -0.0162 0.9999
vn -0.0000 -0.0000 1.0000
vn -0.1635 -0.5952 -0.7868
vn -0.0000 -0.5471 -0.8371
vn -0.4290 0.7525 -0.4996
vn -0.1868 0.9679 0.1682
vn -0.3253 0.9343 0.1462
vn -0.5211 0.7285 -0.4447
vn -0.0741 0.9571 -0.2802
vn -0.0000 0.9841 0.1777
vn -0.0000 0.3635 0.9316
vn 0.1367 0.6133 0.7780
vn 0.3185 0.1971 0.9272
vn 0.2827 -0.0781 0.9560
vn 0.8780 -0.0589 0.4750
vn 0.8804 -0.0616 0.4702
vn 0.9977 0.0165 -0.0654
vn 0.9970 0.0139 -0.0757
vn -0.7961 0.5268 -0.2978
vn -0.0000 0.3634 0.9316
vn -0.0289 0.4002 -0.9160
vn -0.5472 -0.7173 0.4314
vn -0.4802 -0.8417 0.2469
vn -0.8405 -0.5367 0.0737
vn -0.4674 -0.2744 0.8404
vn -0.3503 0.0952 0.9318
vn -0.3005 0.3531 0.8860
vn -0.2306 0.7618 0.6054
vn -0.8757 0.1791 0.4484
vn -0.6955 0.7014 0.1562
vn -0.9790 0.1839 0.0877
vn -0.3287 0.3496 -0.8773
vn -0.7764 0.2214 -0.5901
vn -0.4960 0.7286 -0.4724
vn -0.2062 0.7190 -0.6637
vn -0.3688 0.5489 -0.7501
vn -0.7675 0.5446 -0.3382
vn -0.8019 0.0300 -0.5967
vn -0.3524 0.0909 -0.9314
vn -0.1260 0.9813 -0.1457
vn -0.2588 0.9627 0.0784
vn -0.8562 0.1589 -0.4916
vn -0.3315 0.2639 -0.9058
vn -0.5534 0.2168 -0.8042
vn -0.2360 0.7457 -0.6231
vn 0.3514 0.6406 -0.6828
vn 0.7448 0.5329 -0.4016
vn 0.5306 0.8465 -0.0435
vn -0.1923 -0.0151 0.9812
vn -0.1378 0.0283 0.9901
vn -0.2267 0.3766 0.8982
vn -0.6280 -0.1518 0.7633
vn -0.9341 -0.3367 -0.1189
vn -0.9787 -0.2017 0.0372
vn -0.7093 0.0886 0.6994
vn -0.7249 -0.2527 -0.6408
vn 0.1244 0.1124 -0.9859
vn -0.5534 0.2166 -0.8042
vn -0.8379 -0.2221 -0.4985
vn -0.6991 0.0704 -0.7115
vn 0.1523 0.9578 0.2438
vn 0.2801 0.7544 -0.5937
vn -0.2698 0.7251 -0.6336
vn 0.2150 0.9766 -0.0095
vn -0.2697 0.7251 -0.6336
vn -0.4873 0.5671 0.6641
vn -0.4572 0.4845 0.7458
vn -0.3726 0.7830 -0.4981
vn -0.8662 0.4804 -0.1375
vn -0.8531 0.2680 0.4477
vn -0.4573 0.4844 0.7458
vn -0.8556 0.4751 0.2057
vn -0.0170 -0.5113 0.8593
vn -0.4853 -0.8578 0.1694
vn -0.6770 0.6481 0.3487
vn 0.0062 0.7653 0.6437
vn -0.6753 -0.5962 -0.4343
vn -0.5701 0.7636 -0.3033
vn -0.2555 -0.8844 0.3905
vn -0.2546 -0.9591 0.1238
vn -0.4667 -0.8844 -0.0050
vn -0.4170 -0.1170 0.9014
vn -0.4275 0.0290 0.9035
vn -0.6039 -0.5563 0.5708
vn -0.3820 -0.8237 0.4191
vn -0.2149 -0.4463 0.8687
vn -0.0907 -0.9743 0.2064
vn -0.3549 -0.9155 -0.1893
vn -0.7085 -0.6608 0.2477
vn -0.4180 -0.1815 -0.8901
vn -0.2588 -0.7032 -0.6622
vn -0.7504 -0.4065 -0.5213
vn -0.7861 -0.4492 0.4246
vn -0.6040 -0.7801 0.1634
vn -0.3477 -0.0138 0.9375
vn -0.5243 0.3442 0.7789
vn -0.6218 -0.0745 0.7796
vn -0.9796 0.0560 -0.1931
vn -0.8182 -0.5530 -0.1573
vn -0.9111 -0.4088 0.0520
vn -0.5384 0.5612 0.6287
vn -0.3712 0.7391 0.5621
vn -0.2100 0.6210 0.7551
vn -0.1435 0.9077 0.3943
vn -0.7324 0.6659 -0.1420
vn -0.8441 0.5355 0.0262
vn -0.6558 0.0352 0.7541
vn -0.6223 0.0647 0.7801
vn -0.3087 0.1986 0.9302
vn -0.6355 0.5785 0.5114
vn -0.9234 0.2654 0.2773
vn -0.0099 0.2891 0.9572
vn -0.0223 0.7991 0.6008
vn -0.9945 0.0556 -0.0886
vn -0.9718 0.2354 0.0100
vn 0.3117 0.9160 0.2526
vn -0.6012 0.6051 0.5219
vn -0.2367 0.7887 0.5674
vn -0.9787 -0.2018 0.0372
vn -0.6802 0.2433 -0.6915
vn -0.6902 0.4396 0.5748
vn -0.7727 0.6198 0.1368
vn 0.1551 0.8553 -0.4944
vn 0.3319 0.9433 -0.0089
vn -0.1261 0.9813 -0.1457
vn 0.2072 0.7325 -0.6485
vn -0.2361 0.7457 -0.6230
vn -0.4500 0.3728 -0.8115
vn -0.0202 0.7434 -0.6686
vn 0.7844 0.6194 0.0321
vn 0.4971 0.8221 0.2774
vn -0.2629 0.6715 0.6928
vn -0.4800 0.3265 0.8143
vn -0.9055 -0.2684 -0.3285
vn -0.9359 -0.3220 0.1430
vn 0.2071 0.7326 -0.6484
vn 0.1245 0.1124 -0.9858
vn 0.3024 0.5939 -0.7456
vn -0.3099 0.3665 -0.8773
vn 0.1244 0.1124 -0.9858
vn -0.1251 0.6508 -0.7489
vn -0.2697 0.7252 -0.6335
vn -0.6118 -0.1246 -0.7811
vn -0.5818 0.5307 -0.6163
vn -0.3865 -0.1807 -0.9044
vn -0.2425 0.9413 0.2350
vn -0.4286 0.4524 0.7821
vn -0.6673 -0.3467 0.6591
vn -0.3137 -0.2589 0.9135
vn -0.3078 -0.2849 0.9078
vn -0.0709 -0.7150 0.6955
vn -0.6631 -0.2169 0.7164
vn -0.3257 -0.5520 0.7676
vn -0.6846 -0.4419 0.5797
vn -0.7975 0.2513 0.5485
vn -0.7495 -0.4274 0.5055
vn -0.5674 0.6974 0.4378
vn -0.8237 0.4754 0.3091
vn -0.9839 0.0642 0.1667
vn -0.7377 -0.1613 0.6555
vn -0.5065 -0.4281 0.7485
vn -0.3765 -0.0011 -0.9264
vn -0.2951 -0.1610 -0.9418
vn -0.9737 0.0021 -0.2279
vn -0.7138 -0.3917 0.5806
vn -0.5801 -0.5264 -0.6216
vn -0.3766 -0.0011 -0.9264
vn -0.2576 -0.2101 0.9431
vn -0.3184 0.1204 0.9403
vn -0.3045 0.1850 0.9344
vn -0.1270 0.4550 0.8814
vn -0.1764 0.1500 0.9728
vn -0.0100 0.0864 0.9962
vn -0.0459 0.5165 0.8551
vn -0.1140 0.1177 0.9865
vn -0.1684 0.6770 0.7165
vn -0.0502 0.0194 0.9986
vn -0.6901 0.4398 0.5748
vn 0.0972 0.7049 0.7026
vn -0.1088 -0.0304 0.9936
vn -0.0554 -0.1021 0.9932
vn -0.0232 -0.1095 0.9937
vn 0.2085 -0.8639 0.4584
vn 0.6702 0.1235 0.7318
vn 0.3573 -0.1362 0.9240
vn 0.5550 -0.4210 -0.7174
vn 0.3488 -0.2491 -0.9035
vn 0.5050 -0.1614 -0.8479
vn 0.6370 -0.0804 -0.7667
vn 0.5576 0.6716 -0.4879
vn 0.3743 0.8627 -0.3400
vn 0.7810 0.5241 -0.3396
vn 0.7582 0.4049 -0.5111
vn 0.1569 -0.1866 -0.9698
vn 0.2259 0.9109 -0.3453
vn 0.2258 0.9110 -0.3452
vn 0.3742 0.8628 -0.3400
vn 0.1491 0.9887 -0.0178
vn -0.0488 -0.5452 0.8369
vn 0.2085 -0.8640 0.4584
vn -0.3243 -0.2652 0.9080
vn -0.2536 0.9671 -0.0192
vn -0.8284 0.3923 0.3999
vn -0.8217 0.4926 0.2866
vn -0.0894 0.9857 0.1428
vn -0.5743 -0.7636 0.2950
vn -0.6441 -0.7356 0.2096
vn -0.9060 0.0016 0.4232
vn 0.1893 0.2016 0.9610
vn 0.6703 0.1235 0.7318
vn 0.4214 0.8137 0.4004
vn 0.2623 -0.5955 -0.7593
vn -0.0369 -0.8644 -0.5014
vn -0.2157 -0.9205 0.3258
vn 0.1636 -0.5951 -0.7868
vn 0.0026 -0.9598 -0.2806
vn -0.4368 -0.8150 -0.3807
vn -0.0000 -0.8077 -0.5895
vn 0.0641 -0.6996 -0.7116
vn -0.7017 -0.6550 0.2803
vn -0.8300 -0.4163 -0.3713
vn -0.4073 -0.0170 0.9131
vn -0.9999 -0.0000 0.0155
vn -0.7959 -0.3835 0.4685
vn -0.2872 -0.0170 0.9577
vn -0.0007 -0.0161 0.9999
vn -0.2805 -0.3339 0.8999
vn 0.1636 -0.5952 -0.7868
vn 0.2623 -0.5956 -0.7593
vn 0.2191 -0.4357 -0.8730
vn 0.5151 -0.0000 -0.8571
vn 0.2941 -0.7884 -0.5403
vn -0.6144 -0.6405 -0.4607
vn 0.8615 0.1280 0.4913
vn 0.8100 0.5725 -0.1269
vn 0.7310 0.6100 0.3059
vn 0.9899 0.1414 -0.0047
vn 0.8101 0.5724 -0.1268
vn -0.1366 0.6132 0.7780
vn 0.1868 0.9679 0.1682
vn 0.0741 0.9571 -0.2802
vn 0.4290 0.7525 -0.4996
vn 0.3253 0.9343 0.1462
vn 0.5211 0.7285 -0.4447
vn 0.3014 0.7700 -0.5623
vn 0.8101 0.5724 -0.1269
vn 0.4214 0.8137 0.4003
vn -0.2827 -0.0781 0.9560
vn -0.3186 0.1970 0.9272
vn -0.8780 -0.0583 0.4750
vn -0.8804 -0.0616 0.4702
vn -0.9970 0.0139 -0.0757
vn -0.9977 0.0165 -0.0654
vn 0.7978 0.5273 -0.2924
vn 0.0289 0.4002 -0.9160
vn 0.2689 0.7926 -0.5473
vn 0.7518 0.5400 -0.3784
vn 0.4885 0.3433 -0.8022
vn 0.1737 0.4847 -0.8572
vn -0.1276 0.5479 -0.8268
vn -0.2619 0.8460 -0.4645
vn -0.4267 0.3678 -0.8262
vn -0.7084 0.5303 -0.4657
vn -0.5612 0.0480 -0.8263
vn -0.8847 0.0126 -0.4660
vn -0.4826 -0.2906 -0.8262
vn -0.7241 -0.5087 -0.4658
vn -0.2199 -0.5184 -0.8264
vn -0.2866 -0.8374 -0.4654
vn 0.1833 -0.5621 -0.8065
vn 0.2195 -0.8843 -0.4120
vn 0.6574 -0.5941 -0.4635
vn 0.4848 -0.2827 -0.8277
vn 0.8631 -0.0403 -0.5035
vn 0.5170 0.0122 -0.8559
vn 0.3562 0.9341 -0.0251
vn 0.8119 0.5838 0.0022
vn -0.3092 0.9510 0.0056
vn -0.8092 0.5875 0.0046
vn -1.0000 -0.0009 0.0057
vn -0.8094 -0.5873 0.0049
vn -0.3083 -0.9513 0.0062
vn 0.3086 -0.9512 0.0055
vn 0.8096 -0.5870 0.0043
vn 0.9983 0.0464 0.0364
vn 0.7100 0.5554 0.4330
vn 0.2180 0.8822 0.4174
vn -0.2850 0.8363 0.4685
vn -0.7228 0.5070 0.4696
vn -0.8633 -0.0466 0.5026
vn -0.6555 -0.5933 0.4672
vn -0.2180 -0.8822 0.4174
vn 0.2850 -0.8363 0.4685
vn 0.7228 -0.5074 0.4692
vn 0.8376 -0.0009 0.5463
vn 0.1826 0.5610 0.8074
vn 0.4342 0.2499 0.8655
vn -0.1826 0.4788 0.8587
vn -0.4333 0.2502 0.8658
vn -0.3925 -0.0002 0.9197
vn -0.4331 -0.2506 0.8658
vn -0.1827 -0.5610 0.8074
vn 0.1822 -0.4796 0.8584
vn 0.4334 -0.2510 0.8655
vn 0.3933 0.0002 0.9194
vn 0.1035 0.1822 0.9778
vn 0.2278 0.0424 0.9728
vn -0.1243 0.1629 0.9788
vn -0.2286 0.0429 0.9726
vn -0.2360 -0.0000 0.9718
vn -0.2286 -0.0431 0.9726
vn -0.1038 -0.1828 0.9776
vn 0.1239 -0.1631 0.9788
vn 0.2278 -0.0423 0.9728
vn 0.2347 0.0001 0.9721
vn 0.0049 0.0016 -1.0000
vn -0.0010 -0.0004 1.0000
vn 0.1827 0.5721 -0.7996
vn 0.2917 0.8951 -0.3372
vn 0.7247 0.5119 -0.4612
vn 0.4880 0.2922 -0.8225
vn -0.2814 0.8432 -0.4580
vn -0.2114 0.5309 -0.8206
vn -0.6753 0.4959 -0.5459
vn -0.4144 0.3023 -0.8584
vn -0.5944 -0.0012 -0.8041
vn -0.9254 -0.0002 -0.3790
vn -0.6795 -0.4873 -0.5485
vn -0.4215 -0.2933 -0.8581
vn -0.2191 -0.5171 -0.8274
vn -0.2860 -0.8378 -0.4650
vn 0.1830 -0.5614 -0.8071
vn 0.6737 -0.5430 -0.5013
vn 0.4226 -0.2941 -0.8573
vn 0.8851 -0.0124 -0.4653
vn 0.5657 -0.0416 -0.8236
vn 0.3145 0.9491 0.0148
vn 0.7658 0.6420 0.0375
vn -0.2374 0.9708 0.0345
vn -0.8352 0.5495 -0.0215
vn -1.0000 0.0010 0.0064
vn -0.8365 -0.5474 -0.0236
vn -0.2638 -0.9639 0.0364
vn 0.3696 -0.9285 -0.0365
vn 0.8079 -0.5893 0.0037
vn 1.0000 -0.0008 0.0057
vn 0.2921 0.8894 0.3516
vn 0.6633 0.5414 0.5167
vn -0.2184 0.8299 0.5134
vn -0.6575 0.5921 0.4659
vn -0.8838 -0.0003 0.4678
vn -0.6560 -0.5933 0.4666
vn -0.2729 -0.8404 0.4682
vn 0.2437 -0.8682 0.4322
vn 0.7207 -0.5099 0.4696
vn 0.8625 0.0453 0.5041
vn 0.1827 0.5610 0.8074
vn 0.4327 0.2500 0.8662
vn -0.1831 0.4789 0.8585
vn -0.4342 0.2501 0.8654
vn -0.3933 0.0001 0.9194
vn -0.4336 -0.2510 0.8654
vn -0.1822 -0.5618 0.8070
vn 0.1816 -0.4794 0.8586
vn 0.4318 -0.2511 0.8663
vn 0.3917 0.0002 0.9201
vn 0.1037 0.1824 0.9777
vn 0.2286 0.0428 0.9726
vn -0.1241 0.1627 0.9788
vn -0.2278 0.0423 0.9728
vn -0.2347 -0.0000 0.9721
vn -0.2278 -0.0424 0.9728
vn -0.1033 -0.1826 0.9777
vn 0.1241 -0.1634 0.9787
vn 0.2286 -0.0429 0.9726
vn 0.2360 0.0001 0.9718
vn 0.0019 0.0057 -1.0000
vn 0.0010 -0.0004 1.0000
vn -0.7376 0.5201 0.4306
vn -0.8020 0.3285 0.4989
vn -0.4144 0.3913 0.8217
vn -0.2314 0.5717 0.7872
vn 0.3133 0.4004 0.8611
vn 0.2307 0.6488 0.7251
vn 0.8030 0.3254 0.4993
vn 0.7384 0.5191 0.4304
vn 0.9331 0.2579 0.2505
vn 0.8468 0.5190 0.1165
vn -0.9323 0.2598 0.2515
vn -0.8444 0.5238 0.1120
vn -0.2035 0.8890 0.4103
vn -0.5054 0.8467 0.1665
vn 0.2365 0.8997 0.3668
vn 0.5050 0.8463 0.1695
vn 0.6658 0.7451 -0.0394
vn 0.5358 0.6593 -0.5275
vn -0.5535 0.6833 -0.4761
vn -0.6658 0.7444 -0.0502
vn -0.2028 0.9611 0.1874
vn -0.0010 0.9967 0.0811
vn 0.2073 0.9621 0.1771
vn 0.3280 0.9178 -0.2239
vn 0.2554 0.6675 -0.6994
vn -0.3292 0.9256 -0.1870
vn -0.2813 0.7292 -0.6238
vn -0.6087 0.7584 0.2331
vn -0.0019 0.9835 0.1808
vn 0.0008 0.9993 0.0365
vn 0.6091 0.7562 0.2391
vn 0.0019 0.7727 -0.6348
vn -0.7380 0.5209 0.4289
vn -0.8021 0.3307 0.4973
vn -0.4161 0.3901 0.8214
vn -0.2323 0.5701 0.7881
vn 0.3125 0.3994 0.8619
vn 0.2309 0.6473 0.7264
vn 0.7385 0.5188 0.4307
vn 0.8035 0.3264 0.4979
vn 0.9331 0.2575 0.2511
vn 0.8457 0.5206 0.1177
vn -0.9316 0.2655 0.2481
vn -0.8451 0.5231 0.1105
vn -0.2041 0.8894 0.4091
vn -0.5068 0.8462 0.1647
vn 0.2377 0.9002 0.3648
vn 0.5064 0.8458 0.1677
vn 0.6661 0.7448 -0.0391
vn 0.5370 0.6588 -0.5268
vn -0.5567 0.6823 -0.4738
vn -0.6674 0.7431 -0.0498
vn -0.2063 0.9605 0.1868
vn -0.0005 0.9965 0.0831
vn 0.2093 0.9607 0.1824
vn 0.3299 0.9175 -0.2220
vn 0.2553 0.6675 -0.6995
vn -0.3313 0.9242 -0.1901
vn -0.2821 0.7306 -0.6218
vn -0.6095 0.7583 0.2313
vn -0.0020 0.9823 0.1873
vn -0.0011 0.9994 0.0341
vn 0.6086 0.7557 0.2419
vn 0.0015 0.7660 -0.6429
vn 0.7861 0.5543 -0.2734
vn 0.8270 0.3828 -0.4117
vn 0.4096 0.5714 -0.7111
vn 0.2640 0.7797 -0.5678
vn -0.3085 0.5956 -0.7417
vn -0.2625 0.8255 -0.4996
vn -0.7845 0.5536 -0.2795
vn -0.8262 0.3859 -0.4105
vn -0.9596 0.2459 -0.1365
vn -0.8973 0.4195 0.1370
vn 0.9584 0.2337 -0.1641
vn 0.8677 0.4890 0.0890
vn 0.4865 0.8735 -0.0202
vn 0.1947 0.9660 -0.1701
vn -0.1925 0.9755 -0.1065
vn -0.4645 0.8843 -0.0469
vn -0.6077 0.5697 0.5534
vn -0.4772 0.2929 0.8285
vn 0.5352 0.3715 0.7586
vn 0.6249 0.6588 0.4189
vn 0.2377 0.9672 0.0896
vn 0.1017 0.9751 0.1972
vn -0.1274 0.9570 0.2608
vn -0.2331 0.9678 0.0950
vn -0.2119 0.0889 0.9732
vn -0.3901 0.4257 0.8164
vn 0.4651 0.5299 0.7091
vn 0.2788 0.9147 0.2924
vn 0.6013 0.7990 -0.0077
vn -0.0010 0.9707 0.2404
vn -0.0005 0.9829 0.1841
vn -0.2670 0.8900 0.3695
vn -0.6055 0.7958 -0.0091
vn -0.0904 0.4014 0.9114
vn -0.0662 0.1045 0.9923
vn -0.0472 0.1275 0.9907
vn -0.1088 0.5570 0.8233
vn 0.1051 0.5747 0.8116
vn 0.0857 0.4438 0.8920
vn 0.0342 0.0861 0.9957
vn 0.0570 0.1236 0.9907
vn -0.0000 -0.1191 0.9929
vn -0.0471 0.1269 0.9908
vn 0.0341 0.0865 0.9957
vn -0.0096 0.1895 -0.9818
vn -0.0192 0.1848 -0.9826
vn -0.0000 0.1944 -0.9809
vn -0.0096 0.1897 -0.9818
vn -0.0103 0.2485 -0.9686
vn -0.0567 0.2469 -0.9674
vn 0.0361 0.2496 -0.9677
vn 0.0321 -0.1363 0.9901
vn 0.0570 0.1224 0.9908
vn 0.2108 0.0852 0.9738
vn 0.0116 -0.1366 0.9906
vn -0.2118 0.0893 0.9732
vn -0.0661 0.1046 0.9923
vn -0.0589 -0.1269 0.9902
vn -0.0494 -0.1278 0.9906
vn -0.2119 0.0892 0.9732
vn -0.0589 -0.1271 0.9901
vn 0.0488 0.2400 -0.9695
vn 0.0869 0.2359 -0.9679
vn 0.0489 0.2400 -0.9695
vn 0.0106 0.2437 -0.9698
vn 0.2107 0.0847 0.9739
vn 0.7852 0.5555 -0.2736
vn 0.8250 0.3891 -0.4098
vn 0.4101 0.5731 -0.7095
vn 0.2652 0.7795 -0.5675
vn -0.3099 0.5958 -0.7410
vn -0.2636 0.8255 -0.4991
vn -0.7856 0.5521 -0.2792
vn -0.8259 0.3860 -0.4110
vn -0.9594 0.2467 -0.1370
vn -0.8985 0.4168 0.1375
vn 0.9568 0.2390 -0.1653
vn 0.8658 0.4929 0.0862
vn 0.4875 0.8729 -0.0206
vn 0.1946 0.9662 -0.1693
vn -0.1923 0.9756 -0.1060
vn -0.4656 0.8837 -0.0474
vn -0.6073 0.5674 0.5561
vn -0.4766 0.2904 0.8298
vn 0.5362 0.3777 0.7549
vn 0.6239 0.6618 0.4158
vn 0.2379 0.9670 0.0911
vn 0.1019 0.9745 0.1998
vn -0.1277 0.9560 0.2640
vn -0.2333 0.9676 0.0965
vn -0.3857 0.4238 0.8196
vn -0.2116 0.0893 0.9733
vn 0.4653 0.5333 0.7065
vn 0.2799 0.9133 0.2959
vn 0.6008 0.7994 -0.0084
vn -0.0010 0.9693 0.2457
vn -0.0002 0.9806 0.1962
vn -0.2661 0.8869 0.3777
vn -0.6067 0.7948 -0.0093
vn -0.0883 0.4053 0.9099
vn -0.0535 0.1272 0.9904
vn -0.1068 0.5467 0.8305
vn 0.1067 0.5790 0.8083
vn 0.0891 0.4550 0.8860
vn 0.0371 0.0970 0.9946
vn 0.0601 0.1181 0.9912
vn -0.0001 -0.1191 0.9929
vn -0.0536 0.1269 0.9905
vn 0.0369 0.0967 0.9946
vn 0.0194 -0.1113 0.9936
vn -0.0210 0.1934 -0.9809
vn -0.0230 0.1925 -0.9810
vn -0.0192 0.1942 -0.9808
vn -0.0211 0.1933 -0.9809
vn -0.0183 0.2566 -0.9663
vn -0.0541 0.2554 -0.9653
vn 0.0175 0.2576 -0.9661
vn -0.0184 0.2567 -0.9663
vn 0.0410 -0.1440 0.9887
vn 0.0600 0.1186 0.9911
vn 0.2169 0.0798 0.9729
vn 0.0309 -0.1442 0.9891
vn -0.2114 0.0893 0.9733
vn -0.0588 -0.1270 0.9902
vn -0.0494 -0.1277 0.9906
vn -0.2114 0.0894 0.9733
vn -0.0589 -0.1270 0.9902
vn 0.0488 0.2399 -0.9696
vn 0.0870 0.2359 -0.9679
vn 0.0106 0.2436 -0.9698
vn 0.2168 0.0796 0.9730
vn -0.2524 -0.2512 -0.9344
vn -0.7140 -0.1405 -0.6859
vn -0.8407 0.2132 -0.4977
vn 0.3670 0.2380 -0.8993
vn -0.0015 -0.2806 -0.9598
vn -0.2872 0.0859 -0.9540
vn -0.9762 0.2044 0.0724
vn -0.6788 0.3824 0.6269
vn -0.6701 0.2870 0.6845
vn 0.0006 0.1556 0.9878
vn -0.0019 0.6466 0.7628
vn -0.6544 -0.0876 0.7511
vn -0.0000 -0.9904 0.1384
vn -0.0000 -0.6236 0.7818
vn -0.5277 -0.6650 0.5285
vn -0.5408 -0.8373 -0.0808
vn -0.4075 -0.6758 -0.6142
vn -0.8466 -0.4594 -0.2688
vn -0.0001 -0.7756 -0.6313
vn -0.9214 -0.2995 0.2478
vn -0.9985 -0.0127 0.0524
vn -0.7934 0.3421 -0.5034
vn -0.0136 0.4850 0.8744
vn 0.7495 0.2119 0.6271
vn 0.7543 0.3329 0.5659
vn 0.9845 0.1636 -0.0632
vn 0.5603 -0.1276 0.8184
vn 0.5278 -0.6650 0.5284
vn 0.5407 -0.8373 -0.0809
vn 0.2766 -0.2684 -0.9227
vn 0.7807 -0.1976 -0.5929
vn 0.5974 0.4119 -0.6881
vn 0.4083 -0.6748 -0.6148
vn 0.8390 -0.4679 -0.2777
vn 0.9355 -0.2422 0.2574
vn 0.9982 -0.0602 -0.0016
vn -0.0414 -0.9574 0.2858
vn 0.0795 -0.7433 -0.6642
vn -0.0475 -0.9214 -0.3856
vn 0.3635 -0.5409 -0.7585
vn 0.2055 -0.2283 -0.9517
vn 0.1099 -0.2032 -0.9730
vn 0.0398 -0.8273 0.5604
vn 0.5707 -0.0234 0.8208
vn 0.2670 -0.0287 0.9633
vn -0.8927 0.2471 0.3769
vn -0.5350 -0.6648 0.5214
vn 0.0099 -0.6167 0.7872
vn -0.4100 -0.8495 0.3320
vn -0.4064 -0.5751 0.7100
vn -0.5536 -0.8295 -0.0736
vn 0.8612 -0.2147 0.4607
vn 0.3438 -0.4769 0.8089
vn 0.3481 -0.7896 0.5054
vn 0.9751 -0.1745 0.1370
vn -0.1724 -0.4439 -0.8793
vn -0.0137 0.3605 -0.9326
vn -0.0777 0.0321 -0.9965
vn -0.4529 -0.7327 -0.5080
vn -0.7839 0.5597 0.2689
vn 0.1206 0.1888 0.9746
vn 0.0915 0.8930 0.4407
vn -0.2818 0.9589 -0.0333
vn 0.9263 0.3607 -0.1088
vn 0.6786 0.4903 -0.5470
vn 0.8065 -0.0040 0.5912
vn 0.8454 0.5042 -0.1761
vn 0.0299 -0.3829 0.9233
vn -0.2525 -0.4509 0.8561
vn 0.3897 0.6312 -0.6706
vn 0.6465 0.6792 -0.3475
vn 0.8763 0.1440 0.4598
vn 0.8407 0.1638 0.5161
vn 0.9220 0.2514 0.2946
vn 0.6151 0.0380 0.7875
vn 0.8517 0.4530 0.2634
vn 0.6880 -0.1023 0.7185
vn -0.6537 0.4724 -0.5911
vn -0.8756 0.0225 -0.4825
vn -0.2304 0.6446 -0.7290
vn -0.1812 0.5701 -0.8014
vn -0.6986 0.4549 -0.5523
vn -0.9357 -0.1716 0.3082
vn -0.9482 -0.3166 0.0269
vn -0.8533 -0.4859 0.1893
vn -0.5170 -0.3677 0.7730
vn -0.2815 -0.6223 0.7304
vn -0.3933 -0.4497 0.8019
vn -0.8813 -0.4514 0.1401
vn -0.6082 0.0719 0.7905
vn -0.6417 -0.4783 0.5995
vn 0.0677 -0.6706 0.7387
vn 0.7581 -0.0454 0.6506
vn 0.6504 -0.2182 0.7276
vn -0.0830 -0.2488 0.9650
vn -0.9513 -0.2877 -0.1110
vn -0.8958 0.0250 -0.4438
vn -0.6357 0.4370 -0.6363
vn -0.9021 -0.4167 -0.1125
vn -0.9142 -0.1776 -0.3643
vn -0.8651 -0.3040 0.3991
vn 0.1848 -0.4893 0.8523
vn -0.5975 -0.7258 0.3409
vn 0.8569 0.0710 0.5105
vn 0.7342 0.6633 -0.1451
vn 0.3813 0.7352 -0.5605
vn -0.4027 0.6020 -0.6895
vn 0.1100 0.6913 -0.7142
vn -0.8874 0.0230 -0.4605
vn -0.7531 0.4772 -0.4529
vn -0.9829 0.1535 0.1018
vn -0.8168 0.5583 0.1457
vn -0.7524 0.4784 -0.4528
vn -0.6997 -0.7046 0.1177
vn -0.7770 -0.6270 0.0550
vn 0.0804 -0.6491 0.7564
vn 0.4519 -0.5078 0.7335
vn -0.7008 -0.7036 0.1173
vn -0.7564 -0.5712 0.3188
vn -0.1142 -0.6145 0.7806
vn -0.5115 -0.5242 0.6809
vn -0.5759 -0.7948 0.1915
vn -0.1157 -0.6142 0.7806
vn 0.7150 0.2052 0.6683
vn 0.1021 0.6680 0.7371
vn 0.3097 0.2486 0.9178
vn 0.7532 0.1568 0.6388
vn 0.1014 -0.3855 0.9171
vn 0.5049 -0.4896 0.7109
vn 0.4659 -0.3361 0.8185
vn 0.8811 0.1837 0.4358
vn -0.9756 -0.1203 -0.1835
vn -0.9297 0.1366 -0.3421
vn -0.8514 0.5170 -0.0884
vn 0.2341 -0.5443 0.8055
vn -0.8644 -0.4638 0.1942
vn -0.4401 -0.2364 0.8663
vn -0.7159 0.5199 -0.4661
vn -0.7612 0.6091 -0.2226
vn -0.9377 0.1472 -0.3148
vn -0.7298 -0.6510 0.2089
vn -0.8514 -0.0737 -0.5193
vn -0.7979 -0.3698 0.4760
vn -0.7087 -0.6520 0.2695
vn -0.6321 -0.3962 0.6660
vn -0.2346 -0.4639 0.8543
vn 0.3483 -0.4996 0.7932
vn 0.6674 -0.2147 0.7131
vn -0.0086 -0.4070 0.9134
vn 0.8850 0.0505 0.4628
vn 0.4187 -0.4628 0.7813
vn 0.8411 -0.0928 0.5329
vn 0.8282 -0.0328 0.5594
vn 0.9374 0.3480 0.0133
vn 0.7616 -0.1641 0.6270
vn 0.6973 -0.2239 0.6809
vn 0.6985 0.6272 -0.3444
vn 0.6710 0.7272 -0.1448
vn 0.5281 0.6969 -0.4852
vn 0.3481 0.6657 -0.6600
vn 0.1098 0.6678 -0.7362
vn 0.3987 0.7270 -0.5591
vn 0.1153 0.6555 -0.7463
vn -0.0987 0.7004 -0.7069
vn 0.5359 0.6809 -0.4992
vn -0.1260 0.6786 -0.7237
vn -0.8941 -0.1077 -0.4347
vn -0.3089 0.4545 -0.8355
vn -0.9088 -0.2446 -0.3381
vn -0.8644 -0.0322 -0.5017
vn -0.0948 0.5774 -0.8109
vn -0.8279 -0.5550 -0.0809
vn -0.8903 0.0178 -0.4550
vn -0.9797 -0.0544 -0.1927
vn 0.3090 -0.6644 0.6806
vn 0.8025 -0.0014 0.5967
vn 0.4670 -0.1354 0.8738
vn 0.6890 0.6821 0.2449
vn 0.3838 0.0456 0.9223
vn 0.6812 0.2265 0.6962
vn -0.4680 0.6860 -0.5572
vn -0.9083 0.3983 -0.1277
vn -0.7437 0.3190 0.5874
vn -0.4553 0.8347 0.3099
vn -0.3187 0.6722 0.6683
vn -0.7275 0.3447 0.5932
vn 0.1057 0.8680 0.4853
vn -0.4764 0.1541 0.8656
vn -0.1196 -0.3204 -0.9397
vn 0.2202 0.6095 -0.7616
vn -0.8137 -0.5546 0.1740
vn -0.6001 -0.7786 -0.1834
vn -0.4251 -0.1383 0.8945
vn -0.7991 -0.4610 0.3859
vn -0.4432 -0.0006 0.8964
vn -0.4983 0.1038 0.8608
vn 0.0880 0.8968 0.4337
vn -0.0057 0.7699 0.6381
vn 0.4090 0.5278 -0.7445
vn 0.0633 0.8537 0.5168
vn -0.1270 0.7879 -0.6026
vn 0.2070 0.9307 0.3016
vn 0.3007 0.5440 -0.7833
vn 0.2320 0.8198 -0.5236
vn 0.0261 0.7776 0.6282
vn -0.3400 -0.1797 -0.9231
vn -0.4801 -0.8616 -0.1645
vn -0.6911 -0.6488 -0.3185
vn 0.2946 0.6811 -0.6703
vn -0.0702 0.6191 -0.7822
vn 0.7303 0.6570 -0.1873
vn 0.8198 0.1887 0.5406
vn 0.2183 0.3187 0.9224
vn 0.8014 0.2774 0.5299
vn 0.4363 0.8998 -0.0000
vn 0.7667 0.2672 0.5837
vn -0.5518 0.6865 -0.4736
vn -0.7841 0.5758 -0.2317
vn 0.2269 0.9310 -0.2858
vn -0.0616 0.9028 -0.4256
vn -0.6265 -0.3251 0.7084
vn -0.6284 -0.4147 0.6581
vn 0.2127 0.4827 -0.8496
vn 0.2557 0.7343 -0.6288
vn 0.7952 0.4130 -0.4440
vn 0.9261 -0.2399 0.2911
vn 0.8281 0.4904 -0.2717
vn 0.8867 -0.1648 0.4320
vn -0.6236 -0.2846 -0.7281
vn 0.0031 0.4487 -0.8937
vn -0.2578 0.6330 -0.7300
vn -0.9473 -0.0902 -0.3074
vn -0.6511 -0.7431 0.1546
vn -0.6077 -0.6950 0.3843
vn 0.2126 -0.7251 0.6550
vn 0.2718 -0.7572 -0.5940
vn 0.5340 0.0076 -0.8455
vn 0.5221 -0.7289 -0.4428
vn 0.9408 0.0731 -0.3309
vn 0.4220 0.8398 -0.3415
vn 0.6412 0.7668 0.0286
vn -0.0064 0.7234 0.6904
vn -0.4589 -0.0480 0.8872
vn -0.9027 -0.0440 0.4280
vn -0.2689 0.8766 0.3990
vn -0.2939 -0.8920 0.3435
vn 0.1841 -0.0505 0.9816
vn -0.4410 -0.8942 -0.0774
vn -0.4826 -0.5979 0.6400
vn -0.8721 -0.1312 0.4714
vn -0.1918 -0.1364 0.9719
vn 0.0141 -0.1740 0.9846
vn -0.5961 -0.5550 -0.5802
vn -0.9053 -0.0966 -0.4136
vn 0.8466 -0.0487 -0.5300
vn -0.1301 0.0452 -0.9905
vn 0.3159 -0.1267 -0.9403
vn -0.2816 -0.7669 -0.5767
vn 0.0013 0.7682 0.6402
vn 0.0062 0.5440 0.8391
vn 0.3636 0.6214 0.6940
vn 0.8475 0.2342 -0.4764
vn 0.8763 -0.4769 -0.0680
vn 0.9081 0.3976 0.1311
vn 0.5365 0.8360 -0.1151
vn 0.9100 -0.4141 -0.0235
vn 0.9898 -0.1372 0.0395
vn 0.5956 -0.4992 -0.6293
vn 0.8700 -0.4887 -0.0651
vn 0.2024 -0.5591 -0.8040
vn -0.2037 -0.9512 -0.2316
vn -0.0628 0.8978 0.4359
vn -0.2081 0.9781 0.0073
vn -0.8072 0.3047 0.5055
vn -0.7405 -0.0640 0.6690
vn -0.9765 0.0468 -0.2105
vn -0.9326 0.1557 -0.3255
vn -0.3187 0.1707 -0.9323
vn -0.2123 0.3235 -0.9221
vn -0.9508 -0.2404 0.1956
vn -0.3294 -0.9399 0.0896
vn -0.4228 -0.8835 0.2016
vn -0.9176 -0.2192 0.3317
vn 0.5590 0.3788 -0.7376
vn -0.2784 0.3257 -0.9036
vn 0.6934 0.3337 -0.6386
vn -0.9259 0.2791 -0.2545
vn 0.5482 0.1769 -0.8174
vn 0.2743 -0.1365 0.9519
vn -0.0765 -0.2474 0.9659
vn -0.8598 -0.1919 0.4732
vn -0.8699 -0.0303 -0.4922
vn 0.8556 0.0281 -0.5168
vn 0.0001 0.1202 -0.9927
vn 0.8711 -0.1478 0.4683
vn 0.9962 0.0876 0.0002
vn -0.0717 -0.1476 0.9864
vn -0.8683 -0.1282 0.4792
vn -0.8626 -0.0512 -0.5033
vn 0.0391 0.0350 -0.9986
vn 0.8852 -0.0245 -0.4645
vn 0.7621 -0.1538 0.6290
vn 0.8380 -0.1204 0.5323
vn 0.2856 -0.9041 -0.3179
vn 0.1666 -0.8344 -0.5254
vn -0.0551 -0.1382 0.9889
vn -0.3197 -0.4491 0.8343
vn -0.3735 -0.5724 0.7300
vn -0.3405 -0.3909 0.8551
vn -0.1183 -0.3383 0.9336
vn 0.3299 -0.0968 0.9390
vn 0.2081 0.0093 0.9781
vn 0.8805 0.0540 0.4709
vn 0.3990 -0.1022 0.9112
vn 0.0019 -0.2299 0.9732
vn 0.9915 0.1300 -0.0040
vn 0.8951 -0.0006 -0.4458
vn 0.6630 0.1807 -0.7264
vn -0.0000 -0.0067 1.0000
vn -0.0028 0.3648 0.9311
vn 0.3987 0.3447 0.8498
vn 0.5900 0.0204 0.8072
vn 0.9208 0.3320 0.2045
vn 0.6300 0.5473 -0.5509
vn 0.6558 0.1006 -0.7482
vn 0.9965 0.0806 0.0234
vn -0.0000 0.0273 -0.9996
vn 0.7535 0.0559 -0.6551
vn 0.0047 0.0330 -0.9994
vn 0.8057 0.0769 -0.5873
vn 0.6154 -0.2056 0.7609
vn -0.0000 0.0985 0.9951
vn 0.0336 -0.2483 0.9681
vn 0.9214 0.1366 0.3638
vn 0.9584 0.0601 -0.2789
vn 0.9720 -0.2337 0.0234
vn 0.5822 0.4569 0.6725
vn 0.5775 -0.0311 0.8158
vn 0.3156 0.8653 0.3894
vn 0.6800 -0.0299 0.7326
vn 0.5847 0.4612 0.6674
vn 0.6893 0.6223 0.3709
vn 0.5155 0.8511 0.0998
vn 0.3389 0.8191 -0.4629
vn -0.1522 -0.9567 -0.2481
vn -0.1202 -0.7693 -0.6275
vn -0.3469 -0.8214 0.4527
vn -0.4210 -0.7408 0.5235
vn 0.1437 -0.3453 -0.9274
vn -0.2537 -0.2370 -0.9378
vn -0.2949 -0.5503 -0.7811
vn -0.4649 0.0398 0.8845
vn -0.8243 0.2868 0.4882
vn -0.4315 0.0094 0.9021
vn -0.7413 -0.6458 0.1827
vn 0.1684 0.6974 -0.6966
vn 0.1068 -0.2585 -0.9601
vn 0.2941 0.6985 -0.6524
vn -0.1730 0.9460 0.2743
vn 0.0229 0.8903 0.4549
vn -0.2475 0.3035 0.9201
vn 0.2495 -0.1867 0.9502
vn 0.6471 0.5913 0.4813
vn -0.6572 0.3878 0.6463
vn -0.3569 -0.1366 0.9241
vn 0.4240 -0.5979 0.6803
vn 0.0102 -0.2686 0.9632
vn 0.2391 -0.6764 0.6966
vn 0.6578 -0.7524 -0.0353
vn -0.5294 -0.6700 0.5204
vn -0.6792 -0.2900 0.6742
vn -0.9671 -0.2439 0.0726
vn -0.9061 -0.3254 -0.2702
vn 0.7069 -0.6745 -0.2132
vn 0.4777 -0.2061 -0.8540
vn 0.5261 -0.0174 -0.8503
vn -0.2601 0.9481 -0.1827
vn -0.5264 0.6111 0.5912
vn 0.5986 0.7779 0.1914
vn 0.2788 0.8563 -0.4348
vn -0.7000 0.1728 -0.6929
vn -0.3491 0.1958 -0.9164
vn -0.9855 0.0693 0.1552
vn -0.7277 0.2486 -0.6393
vn -0.4437 -0.0577 0.8943
vn -0.1750 -0.1011 0.9794
vn -0.2623 0.4209 -0.8684
vn -0.0489 0.3647 -0.9298
vn -0.4321 0.5275 -0.7315
vn -0.2112 0.3612 -0.9082
vn -0.9902 0.0586 0.1271
vn 0.5754 0.3346 -0.7463
vn 0.9995 0.0125 -0.0291
vn 0.8413 0.3369 -0.4227
vn 0.5551 0.2915 -0.7791
vn 0.7844 -0.3058 0.5395
vn 0.6764 -0.2163 0.7040
vn 0.9185 0.3365 -0.2074
vn 0.6700 -0.2036 0.7139
vn 0.0240 -0.1113 0.9935
vn -0.0517 -0.3106 0.9491
vn 0.1471 -0.0261 0.9888
vn 0.4800 -0.1665 0.8613
vn 0.3649 0.3371 0.8679
vn 0.7962 -0.2817 0.5354
vn -0.4127 -0.3655 0.8343
vn -0.6184 -0.2108 0.7571
vn -0.9929 0.0858 0.0822
vn -0.9762 0.1433 0.1629
vn -0.9614 0.0626 0.2679
vn -0.9773 0.1287 0.1684
vn -0.4840 0.1828 0.8558
vn 0.9973 0.0078 -0.0728
vn 0.9840 -0.1775 -0.0161
vn 0.7380 -0.2528 0.6257
vn 0.9889 -0.1293 0.0727
vn 0.9492 -0.1912 0.2499
vn 0.7505 0.0680 0.6574
vn -0.5540 -0.0161 0.8323
vn 0.3690 -0.3587 0.8574
vn -0.9764 0.2119 0.0421
vn -0.5713 0.3808 -0.7271
vn 0.0920 0.3601 -0.9284
vn 0.5283 0.3274 -0.7834
vn 0.4103 0.2857 -0.8660
vn 0.7712 0.5042 -0.3886
vn 0.7717 0.5039 -0.3880
vn 0.6076 0.7696 0.1964
vn 0.7972 0.4376 0.4159
vn 0.7347 0.1830 0.6532
vn 0.5907 -0.3951 0.7035
vn 0.5923 -0.3938 0.7029
vn -0.3997 -0.3084 0.8632
vn 0.5381 -0.1869 0.8219
vn -0.7228 -0.2871 0.6286
vn -0.2472 -0.2194 0.9438
vn 0.5610 0.0405 0.8268
vn -0.7190 0.4880 0.4949
vn -0.4737 0.8456 0.2460
vn -0.9550 0.2524 0.1559
vn -0.4941 -0.0315 0.8688
vn -0.9592 0.2400 0.1496
vn -0.7268 -0.2904 0.6225
vn 0.9354 -0.0758 0.3455
vn 0.9987 0.0508 0.0102
vn 0.8890 0.4561 -0.0399
vn 0.9992 0.0374 0.0106
vn 0.8607 0.4400 -0.2561
vn 0.8911 0.2196 -0.3971
vn -0.5583 0.0265 0.8292
vn 0.6824 -0.1521 0.7149
vn 0.0883 0.3750 0.9228
vn 0.9888 -0.1163 0.0937
vn 0.9966 -0.0812 0.0144
vn 0.5536 -0.2512 0.7940
vn 0.3151 -0.0761 0.9460
vn -0.1424 -0.0927 0.9855
vn 0.2997 -0.0395 0.9532
vn 0.5246 -0.3907 0.7564
vn -0.6676 -0.2091 0.7145
vn -0.9687 0.0435 0.2444
vn -0.1686 -0.0904 0.9815
vn -0.7928 -0.0893 0.6029
vn -0.9723 0.1078 0.2074
vn -0.6981 -0.1031 0.7085
vn -0.9792 0.0573 0.1946
vn -0.5964 0.4010 -0.6953
vn -0.4734 0.3155 -0.8224
vn -0.9838 0.1403 0.1118
vn -0.5779 0.3365 -0.7435
vn -0.9754 0.1164 0.1870
vn 0.0747 0.3794 -0.9222
vn -0.0043 0.3976 -0.9175
vn 0.0066 0.4008 -0.9161
vn 0.1616 0.4161 -0.8949
vn 0.6983 0.2682 -0.6637
vn 0.4175 0.2596 -0.8708
vn 0.5363 0.2692 -0.7999
vn 0.9991 -0.0081 0.0413
vn 0.9859 -0.0804 0.1465
vn 0.9953 0.0036 -0.0964
vn 0.7766 -0.3315 0.5357
vn 0.9660 0.0787 0.2464
vn -0.9878 0.1322 0.0827
vn -0.5799 -0.2908 0.7610
vn -0.8004 0.2092 0.5618
vn -0.6508 0.5848 -0.4842
vn -0.7442 0.4049 0.5312
vn -0.9124 0.3803 0.1511
vn 0.5959 0.4551 -0.6616
vn 0.8791 0.4760 0.0243
vn 0.0554 0.3751 0.9253
vn 0.3454 0.5886 0.7309
vn 0.4321 -0.0602 0.8998
vn -0.3031 0.6886 -0.6587
vn 0.0069 0.9668 0.2553
vn -0.4105 0.8706 0.2712
vn 0.6721 -0.7257 0.1474
vn 0.2007 -0.2278 0.9528
vn 0.5684 -0.3415 -0.7486
vn -0.4865 0.7284 0.4824
vn 0.1962 -0.2358 0.9518
vn 0.1263 0.2486 0.9603
vn -0.4620 0.8003 0.3823
vn -0.0290 0.4454 0.8949
vn -0.3658 0.8892 0.2747
vn -0.1970 0.8181 -0.5403
vn -0.0691 0.7153 -0.6954
vn 0.1385 -0.5678 -0.8114
vn -0.5684 0.3236 -0.7564
vn -0.1195 -0.9089 -0.3995
vn 0.5823 -0.0458 -0.8117
vn 0.6294 -0.3941 -0.6698
vn 0.0055 0.5756 -0.8177
vn -0.1986 0.7947 -0.5736
vn 0.8020 -0.5223 0.2899
vn 0.3561 -0.1647 0.9198
vn 0.6125 -0.2494 -0.7501
vn -0.3907 0.5287 -0.7536
vn -0.8941 0.3828 -0.2325
vn -0.6453 0.5941 0.4802
vn -0.9732 0.2293 0.0172
vn -0.8759 0.4825 0.0034
vn -0.2909 0.6684 -0.6846
vn 0.7479 0.3510 -0.5635
vn 0.8690 0.4292 -0.2464
vn -0.1856 0.6716 -0.7172
vn 0.0597 0.1380 0.9886
vn -0.5059 0.7362 0.4495
vn 0.2295 -0.0824 0.9698
vn -0.1789 0.3933 -0.9018
vn -0.5045 0.1345 -0.8529
vn -0.9557 -0.2844 -0.0753
vn -0.5941 0.3426 -0.7278
vn -0.9950 -0.0696 0.0712
vn 0.3897 0.1183 -0.9133
vn 0.8782 -0.3942 -0.2710
vn 0.6013 0.3461 -0.7202
vn 0.9764 -0.1385 0.1655
vn 0.4982 -0.5809 0.6437
vn 0.3699 -0.4631 0.8054
vn -0.4894 -0.5271 0.6948
vn -0.2309 -0.8970 -0.3769
vn -0.3177 -0.9482 -0.0063
vn -0.2645 -0.5157 -0.8149
vn 0.0409 0.2163 -0.9755
vn 0.1263 0.5511 0.8248
vn 0.2167 0.9447 -0.2462
vn -0.4351 -0.5837 0.6856
vn -0.0875 -0.4687 0.8790
vn 0.2623 0.9494 -0.1730
vn 0.8954 0.4412 0.0605
vn 0.4430 0.8253 0.3503
vn 0.0406 0.9801 -0.1941
vn 0.8521 -0.4217 0.3099
vn 0.4973 -0.4049 0.7673
vn -0.2760 -0.9511 0.1387
vn 0.0334 -0.9544 0.2967
vn -0.8982 -0.4065 0.1674
vn -0.6911 0.7103 -0.1339
vn -0.8183 0.5573 -0.1407
vn -0.5900 0.0208 0.8071
vn -0.9560 0.2339 0.1770
vn -0.4549 0.3809 0.8050
vn -0.3722 0.6410 0.6713
vn -0.6994 0.6300 0.3374
vn -0.8597 0.2692 -0.4341
vn -0.6548 0.7223 -0.2226
vn -0.8648 0.4284 0.2618
vn -0.9044 -0.3834 -0.1876
vn -0.9236 -0.3532 -0.1492
vn -0.8966 -0.3991 -0.1917
vn -0.1750 -0.9039 -0.3903
vn -0.0057 -0.5516 -0.8341
vn -0.8628 -0.4089 -0.2973
vn 0.0605 -0.9680 -0.2435
vn 0.8694 -0.1103 -0.4816
vn 0.9010 0.0293 0.4328
vn 0.9143 0.3807 0.1383
vn 0.7238 0.1664 -0.6696
vn -0.1711 0.2472 -0.9537
vn -0.0360 -0.1232 -0.9917
vn 0.5304 -0.8423 0.0962
vn 0.4064 -0.9131 0.0330
vn 0.9697 -0.1846 -0.1600
vn 0.9885 -0.1490 -0.0237
vn -0.1035 0.2428 -0.9645
vn -0.8203 0.2793 -0.4990
vn -0.9019 0.2430 -0.3571
vn 0.7409 0.2873 -0.6071
vn -0.8596 0.0214 -0.5106
vn 0.0226 0.1672 0.9857
vn 0.7856 0.2591 0.5619
vn -0.0239 0.6068 0.7945
vn 0.9234 -0.3162 -0.2176
vn -0.8705 -0.2157 -0.4424
vn 0.0993 -0.3909 -0.9151
vn -0.8567 0.3233 0.4020
vn -0.9271 0.1720 0.3330
vn 0.1228 0.9820 0.1438
vn 0.8324 0.5030 0.2326
vn 0.9056 -0.3938 0.1573
vn -0.0156 -0.9322 -0.3617
vn -0.7415 0.6621 0.1081
vn -0.9740 -0.2179 -0.0624
vn 0.3961 -0.6322 0.6659
vn 0.2019 -0.9794 0.0018
vn 0.0797 -0.9578 -0.2763
vn -0.0855 -0.9499 -0.3007
vn -0.1210 -0.9923 -0.0252
vn -0.4945 -0.7033 0.5107
vn -0.6069 -0.5764 0.5473
vn -0.5074 -0.5799 0.6373
vn -0.9077 -0.2542 0.3339
vn -0.7328 0.2895 0.6158
vn -0.5070 -0.3713 0.7779
vn -0.9793 -0.1191 0.1634
vn -0.4086 0.4864 -0.7723
vn -0.6656 0.0811 -0.7419
vn -0.6560 0.1005 -0.7481
vn -0.6235 0.5447 -0.5609
vn -0.9964 0.0813 0.0234
vn -0.7533 0.0538 -0.6555
vn -0.8042 0.0482 -0.5924
vn -0.8257 -0.4319 0.3629
vn -0.9216 0.1356 0.3637
vn -0.4763 0.1053 0.8730
vn -0.9674 -0.0118 -0.2528
vn -0.4471 0.5224 0.7261
vn -0.6363 0.1608 0.7545
vn -0.6115 0.6724 0.4171
vn -0.7233 0.2566 0.6411
vn -0.5823 0.5833 0.5663
vn -0.6885 -0.0247 -0.7248
vn -0.8650 0.0639 -0.4976
vn -0.3777 -0.3244 -0.8673
vn -0.4984 0.8665 -0.0268
vn -0.6288 0.6679 -0.3982
vn -0.4570 0.6935 -0.5569
vn 0.2817 -0.7427 -0.6075
vn 0.2964 -0.7723 -0.5619
vn 0.2971 -0.6229 -0.7237
vn 0.4272 -0.5733 -0.6992
vn 0.3299 -0.6789 -0.6560
vn -0.4113 0.5565 -0.7219
vn -0.7271 0.2163 -0.6516
vn 0.8337 0.1904 -0.5183
vn 0.0042 0.4959 -0.8683
vn -0.1050 -0.9549 -0.2777
vn -0.2104 -0.9729 -0.0955
vn -0.7812 -0.4070 -0.4734
vn -0.4815 -0.7652 0.4273
vn -0.8175 0.0336 0.5749
vn -0.4379 -0.6408 -0.6306
vn -0.6127 -0.7106 0.3458
vn -0.6321 -0.7734 0.0479
vn -0.0269 -0.3563 0.9340
vn -0.2120 -0.2685 0.9397
vn -0.1587 0.0818 0.9839
vn -0.4320 -0.7801 0.4526
vn -0.2050 -0.2922 0.9341
vn -0.0000 0.3829 -0.9238
vn -0.0000 0.4049 -0.9144
vn -0.0000 0.3626 -0.9320
vn -0.0000 0.3598 -0.9330
vn -0.0000 0.3006 -0.9538
vn -0.0681 0.0230 -0.9974
vn -0.0856 0.5344 -0.8409
vn 0.5028 -0.4348 -0.7471
vn 0.8658 -0.1130 0.4875
vn -0.3953 -0.1229 0.9103
vn 0.7958 0.0919 0.5985
vn 0.1824 -0.6107 0.7705
vn -0.5099 0.5648 0.6488
vn -0.8817 0.0308 0.4708
vn -0.4808 -0.8669 -0.1313
vn 0.5054 -0.8327 -0.2261
vn 0.9936 -0.0468 -0.1024
vn 0.5561 0.8085 0.1925
vn -0.5323 0.7715 0.3486
vn -0.9895 -0.0753 0.1233
vn -0.4300 -0.8718 0.2346
vn 0.4980 -0.8282 0.2572
vn 0.2056 -0.6781 0.7056
vn 0.9879 -0.0982 0.1199
vn 0.6204 0.7798 -0.0836
vn -0.5915 0.7964 -0.1257
vn -0.9886 -0.1415 0.0515
vn -0.4223 0.9057 0.0373
vn 0.0004 0.7648 0.6443
vn 0.1749 0.9295 -0.3249
vn 0.0808 -0.3997 0.9131
vn -0.2537 0.7339 0.6301
vn -0.9583 -0.1778 0.2236
vn -0.5364 0.7311 0.4217
vn 0.4134 0.6794 0.6062
vn 0.3101 0.0238 0.9504
vn -0.6423 0.7603 -0.0973
vn -0.9554 0.0531 -0.2904
vn -0.3400 -0.1796 -0.9231
vn -0.8177 -0.5539 0.1570
vn 0.1980 0.8147 -0.5451
vn -0.3400 -0.1795 -0.9231
vn -0.6172 0.5439 -0.5686
vn 0.3704 -0.9119 -0.1767
vn 0.7688 -0.5389 -0.3442
vn 0.3589 -0.9300 -0.0798
vn 0.0929 -0.9938 0.0609
vn 0.0047 -0.8576 0.5144
vn 0.1393 -0.9624 0.2333
vn 0.0841 -0.9647 0.2495
vn 0.1025 -0.9522 0.2878
vn -0.5930 -0.6249 0.5078
vn 0.4756 0.8454 -0.2431
vn 0.7374 0.4527 -0.5012
vn 0.6575 0.7309 -0.1829
vn 0.2835 0.9438 0.1697
vn 0.4400 0.8220 0.3616
vn 0.9488 0.3137 0.0363
vn 0.9101 0.0839 -0.4059
vn 0.8091 -0.5657 -0.1591
vn -0.6484 0.3216 0.6900
vn -0.6969 0.6043 0.3862
vn 0.4345 0.5086 0.7434
vn 0.3087 0.7584 0.5741
vn -0.0760 0.8091 0.5828
vn -0.2055 0.8974 0.3904
vn -0.0707 0.8402 0.5376
vn -0.1493 0.9113 0.3837
vn -0.4357 0.8695 0.2326
vn 0.0861 0.9916 0.0968
vn 0.1018 0.9681 0.2291
vn 0.1764 0.8546 0.4883
vn 0.6013 0.5686 0.5613
vn -0.0377 0.6077 0.7933
vn 0.1061 0.5377 0.8364
vn 0.3198 0.5848 0.7454
vn 0.7399 0.3524 0.5730
vn -0.0114 0.0122 0.9999
vn 0.3199 0.5847 0.7455
vn -0.0503 -0.2385 0.9698
vn 0.7562 -0.2062 0.6210
vn 0.4859 -0.6681 0.5635
vn 0.6508 -0.4156 0.6354
vn 0.6015 0.5685 0.5613
vn 0.7561 -0.2061 0.6211
vn 0.6276 -0.3864 0.6759
vn 0.0645 -0.4615 0.8848
vn -0.0502 -0.2384 0.9699
vn 0.1310 -0.2753 0.9524
vn 0.0104 -0.4364 0.8997
vn 0.1745 -0.5899 0.7884
vn -0.0503 -0.2383 0.9699
vn 0.5491 0.0411 0.8347
vn -0.2079 0.2225 0.9525
vn -0.1432 -0.3232 0.9354
vn -0.1431 -0.3230 0.9355
vn -0.0730 -0.5390 0.8391
vn 0.6277 -0.3863 0.6758
vn 0.8000 -0.3338 0.4985
vn 0.4693 -0.5259 0.7094
vn 0.1979 -0.9511 0.2372
vn 0.5729 -0.1183 -0.8111
vn -0.2375 -0.1850 -0.9536
vn 0.3671 -0.8101 -0.4571
vn 0.8060 -0.1949 -0.5589
vn -0.1032 -0.8025 -0.5876
vn -0.4797 -0.8401 -0.2533
vn -0.9326 -0.2871 -0.2186
vn -0.9026 0.3740 0.2133
vn -0.1912 0.8851 0.4244
vn 0.8037 0.5940 -0.0350
vn 0.1464 0.9430 0.2989
vn -0.0454 0.6606 0.7493
vn 0.4567 0.4498 0.7675
vn 0.0211 -0.9965 0.0813
vn 0.1954 -0.9238 0.3294
vn -0.5251 -0.5055 0.6847
vn -0.0839 0.5653 -0.8206
vn -0.0248 0.9994 -0.0238
vn -0.0362 0.6432 -0.7649
vn -0.0087 0.7628 0.6466
vn 0.6659 0.6515 0.3635
vn 0.6957 -0.3061 -0.6498
vn 0.5651 0.0680 -0.8222
vn 0.5473 -0.5808 -0.6026
vn 0.2902 -0.3063 -0.9066
vn 0.9192 -0.0322 -0.3924
vn 0.8862 0.0689 -0.4582
vn 0.7131 0.0083 -0.7010
vn 0.3916 -0.2010 -0.8979
vn 0.4476 -0.3685 -0.8148
vn -0.0197 -0.0238 -0.9995
vn 0.0147 0.3801 0.9248
vn -0.1937 0.4009 0.8954
vn -0.2839 0.4989 0.8189
vn 0.0127 0.4187 0.9080
vn -0.3234 0.3847 0.8645
vn -0.2952 0.6560 0.6946
vn 0.2045 0.4016 0.8927
vn 0.2894 0.6551 0.6980
vn 0.3055 0.5110 0.8034
vn 0.4435 0.8927 -0.0797
vn 0.0823 0.7203 -0.6888
vn -0.4987 -0.1711 0.8497
vn 0.1383 0.7978 0.5869
vn 0.0225 0.9987 -0.0465
vn -0.0551 -0.5099 0.8585
vn -0.6238 -0.7747 0.1034
vn -0.6616 -0.3298 -0.6734
vn -0.1673 0.4324 -0.8860
vn 0.5193 0.8450 -0.1278
vn 0.5143 0.2904 0.8070
vn -0.7655 -0.5313 0.3629
vn 0.1151 -0.5236 0.8442
vn -0.5046 -0.4208 0.7538
vn -0.9250 -0.0508 -0.3765
vn -0.3042 0.4995 -0.8112
vn 0.6928 0.5779 -0.4313
vn 0.9053 0.0327 0.4236
vn 0.5218 0.1746 -0.8350
vn -0.1679 0.8299 -0.5321
vn 0.5655 0.7207 -0.4011
vn 0.7348 0.1832 0.6531
vn -0.1284 0.9557 0.2649
vn -0.4943 -0.0316 0.8687
vn 0.2851 0.6735 -0.6820
vn 0.2195 0.9509 0.2183
vn -0.5009 0.8594 -0.1025
vn -0.6049 0.5541 0.5718
vn 0.7267 0.6204 -0.2949
vn 0.0998 0.2490 0.9634
vn 0.7929 -0.5328 0.2957
vn 0.7503 0.3388 0.5677
vn 0.9724 0.2295 -0.0417
vn 0.7928 -0.5330 0.2957
vn 0.6259 -0.0450 -0.7786
vn -0.0000 0.1219 -0.9925
vn -0.2923 -0.9467 0.1357
vn -0.7997 -0.6002 0.0154
vn -0.3412 -0.9387 0.0498
vn 0.0096 -0.9853 0.1703
vn 0.0296 -0.9384 0.3444
vn 0.2501 -0.8004 0.5448
vn 0.0853 -0.9371 0.3385
vn 0.0820 -0.9214 0.3800
vn 0.7836 -0.5474 0.2938
vn -0.5935 0.7971 -0.1112
vn -0.9024 0.3709 -0.2194
vn -0.7302 0.6829 0.0209
vn -0.2687 0.9446 0.1886
vn -0.3330 0.8369 0.4344
vn -0.8871 0.2792 0.3676
vn -0.9992 0.0081 -0.0381
vn -0.7657 -0.6101 0.2038
vn 0.7436 0.6671 0.0445
vn 0.8333 0.4146 0.3657
vn -0.1614 0.5638 0.8100
vn -0.1275 0.8005 0.5856
vn 0.2039 0.8925 0.4024
vn 0.2694 0.9397 0.2107
vn 0.2280 0.8661 0.4449
vn 0.2140 0.9506 0.2248
vn 0.4252 0.9049 -0.0192
vn -0.1164 0.9923 0.0432
vn -0.0801 0.9817 0.1728
vn -0.0437 0.8924 0.4492
vn -0.3875 0.5994 0.7004
vn 0.2861 0.6862 0.6688
vn 0.1742 0.6152 0.7689
vn -0.0597 0.6448 0.7620
vn -0.4951 0.3800 0.7813
vn 0.3828 0.1153 0.9166
vn -0.4510 -0.1708 0.8760
vn 0.4261 -0.1357 0.8944
vn -0.0597 0.6447 0.7621
vn -0.3330 -0.3732 0.8659
vn -0.1883 -0.6250 0.7576
vn -0.2987 -0.3395 0.8919
vn -0.4510 -0.1707 0.8761
vn -0.3876 0.5994 0.7004
vn 0.2542 -0.1813 0.9500
vn 0.2862 0.6861 0.6688
vn 0.3044 -0.3711 0.8773
vn 0.1756 -0.5125 0.8405
vn 0.3580 -0.3420 0.8688
vn 0.0297 -0.9383 0.3444
vn 0.4261 -0.1355 0.8945
vn -0.1987 0.1045 0.9745
vn 0.5048 -0.2210 0.8345
vn 0.5311 0.3257 0.7822
vn 0.5048 -0.2212 0.8344
vn 0.1755 -0.5126 0.8405
vn 0.4199 -0.4483 0.7891
vn -0.5282 -0.3123 0.7896
vn -0.2987 -0.3396 0.8919
vn -0.0232 -0.9289 0.3695
vn -0.1289 -0.4682 0.8742
vn -0.1222 -0.2709 -0.9548
vn -0.8239 -0.2197 -0.5224
vn -0.4510 -0.8653 -0.2189
vn -0.9398 -0.2807 -0.1951
vn 0.4114 -0.8424 -0.3479
vn -0.0639 -0.8534 -0.5173
vn 0.8021 -0.2730 -0.5311
vn 0.8865 0.4288 -0.1741
vn 0.2704 0.9300 0.2490
vn -0.0924 0.9621 0.2567
vn -0.8048 0.5489 0.2260
vn 0.2444 0.7270 0.6416
vn -0.1702 0.4736 0.8641
vn 0.0851 -0.9831 0.1622
vn 0.0118 -0.8922 0.4515
vn 0.1138 0.3277 0.9379
vn -0.5743 0.7570 -0.3117
vn -0.6911 0.6280 0.3578
vn -0.9079 -0.4179 -0.0331
vn -0.1543 -0.6880 -0.7092
vn -0.1585 -0.1179 -0.9803
vn 0.0844 -0.5917 -0.8017
vn 0.1112 -0.2197 -0.9692
vn -0.7281 0.0943 -0.6790
vn -0.4181 -0.1139 -0.9012
vn -0.3121 0.9220 -0.2291
vn -0.9709 -0.2365 0.0382
vn 0.4766 0.1055 0.8728
vn 0.8254 -0.4327 0.3626
vn 0.4974 -0.5636 0.6595
vn 0.4166 -0.8272 0.3769
vn 0.4549 -0.8298 0.3231
vn 0.3538 -0.9271 0.1236
vn -0.7648 0.4010 -0.5042
vn -0.5717 0.4716 -0.6714
vn -0.8401 0.2243 -0.4939
vn -0.2878 0.7746 -0.5631
vn -0.2399 0.6115 -0.7540
vn -0.8941 0.3763 0.2427
vn -0.8773 0.3412 -0.3376
vn -0.9229 0.0264 0.3840
vn -0.6473 0.5777 -0.4973
vn -0.5563 0.1817 -0.8109
vn 0.4934 -0.8292 0.2628
vn 0.4446 -0.8658 0.2298
vn 0.4352 -0.8714 0.2262
vn -0.7834 0.5804 0.2223
vn -0.7856 0.2407 0.5700
vn -0.4516 0.3539 0.8190
vn -0.9689 0.0745 -0.2360
vn 0.4240 -0.8630 -0.2747
vn 0.3949 -0.8802 -0.2633
vn 0.3960 -0.8798 -0.2629
vn -0.0997 -0.1825 0.9781
vn 0.1788 -0.8247 -0.5365
vn 0.1753 -0.8322 -0.5260
vn 0.1800 -0.8224 -0.5396
vn -0.0096 0.4820 0.8761
vn -0.3146 0.1886 0.9303
vn 0.3994 -0.0594 0.9148
vn -0.5937 0.3901 0.7038
vn -0.8855 -0.0372 0.4631
vn 0.5968 0.3912 0.7005
vn 0.3148 0.1771 0.9325
vn 0.9024 -0.0322 0.4297
vn -0.0016 0.4857 0.8741
vn -0.4319 -0.0553 0.9002
vn -0.1778 -0.8283 -0.5313
vn -0.1688 -0.8470 -0.5041
vn -0.1756 -0.8332 -0.5243
vn 0.4492 0.3796 0.8088
vn 0.7831 0.2029 0.5878
vn 0.8094 0.5385 0.2344
vn 0.1287 -0.1191 0.9845
vn -0.4449 -0.8512 -0.2784
vn -0.4444 -0.8517 -0.2777
vn -0.4395 -0.8537 -0.2793
vn 0.9853 0.0475 -0.1640
vn -0.4903 -0.8577 0.1549
vn -0.4795 -0.8644 0.1516
vn -0.5258 -0.8314 0.1799
vn 0.7014 0.5196 -0.4879
vn 0.8963 0.3250 -0.3017
vn 0.6284 0.2310 -0.7428
vn 0.9039 0.4137 0.1085
vn 0.9516 -0.0200 0.3067
vn 0.7639 0.4637 -0.4488
vn 0.5342 0.5430 -0.6479
vn 0.2417 0.7814 -0.5753
vn 0.8513 0.2591 -0.4562
vn -0.3039 -0.9344 0.1856
vn -0.3455 -0.9021 0.2586
vn -0.3513 -0.8723 0.3401
vn 0.1775 0.6207 -0.7637
vn 0.0248 -0.9769 0.2122
vn 0.4335 -0.8279 0.3557
vn -0.0009 -0.9456 0.3253
vn 0.5215 -0.7017 0.4854
vn -0.5971 0.5562 -0.5780
vn -0.0142 0.8690 -0.4946
vn -0.8017 0.5966 -0.0354
vn 0.6069 -0.7948 0.0066
vn 0.7016 -0.7023 -0.1208
vn -0.4867 0.5248 0.6984
vn 0.4008 -0.7414 -0.5383
vn 0.4365 -0.6663 -0.6046
vn 0.0001 -0.7915 -0.6112
vn -0.0000 -0.6748 -0.7380
vn -0.0160 0.4916 0.8707
vn 0.5139 0.5346 0.6709
vn -0.3908 -0.7223 -0.5706
vn -0.3627 -0.6618 -0.6561
vn 0.8665 0.4991 -0.0048
vn -0.6245 -0.7804 -0.0326
vn -0.6870 -0.6738 -0.2720
vn -0.4188 -0.8536 0.3097
vn -0.5580 -0.7506 0.3538
vn 0.6374 0.5931 -0.4918
vn -0.7996 0.2078 -0.5634
vn -0.0179 0.7216 -0.6921
vn -0.8188 -0.0102 0.5740
vn -0.5524 -0.0988 0.8277
vn -0.0334 -0.0673 0.9972
vn 0.6029 -0.0841 0.7934
vn 0.9466 0.0025 0.3225
vn 0.8520 0.1606 -0.4983
vn 0.7085 -0.6608 0.2476
vn 0.5495 -0.2045 0.8101
vn 0.4883 -0.0509 0.8712
vn 0.4092 -0.2668 0.8726
vn 0.2330 -0.3679 0.9002
vn 0.3263 -0.5524 0.7671
vn 0.5760 0.1198 0.8086
vn 0.4540 0.6199 0.6400
vn -0.0000 0.7009 0.7133
vn 0.0689 -0.1611 0.9845
vn -0.9394 -0.2530 -0.2316
vn -0.2599 -0.5026 0.8245
vn 0.5626 -0.1409 0.8146
vn 0.0500 -0.8757 0.4803
vn 0.5742 -0.7637 0.2951
vn 0.7341 -0.4465 0.5117
vn -0.0000 -0.9672 0.2542
vn -0.2065 -0.8644 0.4585
vn -0.0949 -0.9802 0.1737
vn -0.2400 -0.8885 -0.3910
vn -0.0922 -0.9852 -0.1443
vn -0.0204 -0.9225 0.3855
vn -0.5578 -0.4123 -0.7203
vn -0.8444 -0.1402 0.5171
vn -0.5490 -0.2044 0.8104
vn -0.4932 -0.0444 0.8688
vn -0.4088 -0.2663 0.8729
vn -0.2328 -0.3670 0.9006
vn -0.3259 -0.5518 0.7677
vn -0.4540 0.6199 0.6400
vn -0.5760 0.1198 0.8086
vn -0.0690 -0.1611 0.9845
vn 0.9402 -0.2554 -0.2256
vn 0.2579 -0.5008 0.8263
vn -0.0499 -0.8757 0.4803
vn -0.5626 -0.1409 0.8146
vn -0.7341 -0.4465 0.5116
vn -0.5742 -0.7637 0.2951
vn 0.2400 -0.8885 -0.3911
vn 0.0957 -0.9799 0.1749
vn 0.5550 -0.4212 -0.7173
vn 0.0210 -0.9220 0.3867
vn 0.0922 -0.9852 -0.1443
vn 0.9566 0.1572 -0.2452
vn -0.9832 0.0158 -0.1818
vn 0.7064 -0.0118 0.7077
vn 0.8419 0.3423 0.4171
vn -0.2555 -0.4270 0.8674
vn -0.7311 0.2523 0.6340
vn -0.3918 -0.5719 0.7207
vn -0.6661 -0.2217 0.7122
vn -0.7622 -0.3982 -0.5104
vn -0.8159 -0.1802 0.5495
vn -0.2378 -0.9162 -0.3227
vn 0.0789 -0.3920 0.9166
vn 0.3501 -0.5782 0.7370
vn 0.2893 0.6552 0.6978
vn 0.0057 0.3812 0.9245
vn -0.2083 0.8735 0.4400
vn 0.8475 0.5229 -0.0911
vn 0.6725 -0.0058 0.7401
vn 0.6053 0.7536 0.2563
vn 0.9546 0.0624 -0.2912
vn 0.8136 0.1075 0.5714
vn 0.1873 -0.0348 0.9817
vn -0.1385 0.9006 0.4120
vn 0.8698 0.4738 0.1377
vn 0.6314 -0.4991 0.5934
vn 0.7356 0.6615 0.1461
vn -0.0788 -0.3920 0.9166
vn -0.3493 -0.5781 0.7374
vn -0.6154 -0.2056 0.7609
vn -0.0336 -0.2483 0.9681
vn -0.4963 -0.5635 0.6604
vn -0.2743 0.6324 0.7245
vn 0.2107 0.8700 0.4458
vn -0.6820 -0.0146 0.7312
vn -0.8789 0.4748 0.0450
vn -0.5689 0.7561 0.3235
vn -0.9577 -0.2673 0.1070
vn -0.7073 0.0072 0.7068
vn -0.1262 -0.8598 0.4948
vn 0.1956 -0.9336 -0.3003
vn -0.1198 -0.9922 -0.0356
vn -0.3658 -0.8607 -0.3541
vn 0.3853 0.3438 0.8563
vn 0.6306 -0.0127 0.7760
vn 0.6959 -0.5651 0.4431
vn 0.8573 -0.2094 0.4704
vn 0.8744 0.1030 0.4741
vn -0.8573 -0.2094 0.4704
vn -0.6959 -0.5651 0.4431
vn -0.6306 -0.0127 0.7760
vn -0.8744 0.1030 0.4741
vn 0.0393 0.9992 -0.0024
vn 0.4266 0.8521 0.3030
vn -0.1794 0.7352 0.6537
vn 0.4676 0.6755 0.5701
vn 0.7783 0.4273 0.4601
vn 0.0885 0.9960 -0.0129
vn -0.1465 0.7992 0.5829
vn -0.3877 0.9214 -0.0275
vn -0.5318 0.8464 0.0293
vn -0.8998 0.4362 0.0094
vn -0.1568 0.8474 0.5073
vn -0.6860 0.5188 0.5102
vn -0.2760 0.4470 0.8509
vn 0.2626 0.5255 0.8093
vn -0.9609 -0.0124 -0.2767
vn -0.9497 -0.0041 0.3131
vn -0.8498 -0.5270 0.0025
vn -0.7236 -0.4474 0.5256
vn -0.5869 0.0002 0.8097
vn 0.0001 0.0002 1.0000
vn -0.2625 -0.5256 0.8092
vn 0.2768 -0.4473 0.8505
vn 0.8175 -0.2848 0.5006
vn 0.6936 -0.6850 0.2228
vn -0.4336 -0.8504 0.2980
vn -0.3572 -0.8648 0.3530
vn 0.1283 -0.8702 0.4757
vn -0.3828 -0.7237 0.5742
vn 0.1283 -0.8703 0.4756
vn -0.2148 -0.8736 0.4367
vn 0.0493 -0.5308 0.8461
vn 0.3348 -0.9023 0.2714
vn 0.6958 -0.5653 0.4430
vn 0.0494 -0.5308 0.8460
vn 0.2984 -0.3943 0.8692
vn 0.5849 0.4364 0.6837
vn -0.4256 0.8510 0.3078
vn -0.0379 0.9992 -0.0154
vn 0.2093 0.7178 0.6641
vn -0.4686 0.6761 0.5686
vn -0.7783 0.4273 0.4601
vn -0.0380 0.9992 -0.0155
vn 0.4377 0.8966 -0.0674
vn 0.1998 0.7954 0.5722
vn 0.5328 0.8459 -0.0252
vn 0.8869 0.4600 -0.0423
vn 0.1623 0.8506 0.5002
vn 0.6882 0.5249 0.5008
vn 0.2760 0.4472 0.8508
vn -0.2626 0.5255 0.8093
vn 0.9491 0.0318 -0.3135
vn 0.9509 -0.0005 0.3095
vn 0.8501 -0.5266 0.0012
vn 0.7236 -0.4474 0.5256
vn 0.5869 0.0002 0.8097
vn -0.0001 0.0002 1.0000
vn 0.2625 -0.5256 0.8092
vn -0.2768 -0.4473 0.8505
vn -0.8175 -0.2848 0.5006
vn -0.6936 -0.6851 0.2228
vn 0.4336 -0.8506 0.2974
vn 0.3580 -0.8648 0.3521
vn -0.1283 -0.8702 0.4757
vn 0.3835 -0.7239 0.5735
vn -0.1282 -0.8702 0.4757
vn -0.0495 -0.5308 0.8461
vn 0.2150 -0.8736 0.4365
vn -0.3348 -0.9024 0.2713
vn -0.6958 -0.5653 0.4430
vn -0.2984 -0.3943 0.8692
vn -0.0493 -0.5310 0.8460
vn -0.5849 0.4364 0.6837
vn -0.0000 0.6182 0.7861
vn 0.3184 0.1204 0.9403
vn 0.2580 -0.2103 0.9430
vn -0.0228 0.9861 -0.1644
vn -0.3114 0.8963 0.3157
vn 0.1846 0.9550 0.2321
vn -0.8118 0.5164 0.2727
vn -0.9197 0.3147 0.2346
vn -0.7545 0.6552 0.0376
vn -0.7490 0.2322 -0.6205
vn -0.9762 0.1865 0.1107
vn -0.7857 0.2939 -0.5443
vn -0.3383 0.0597 -0.9391
vn 0.4770 0.8136 -0.3325
vn 0.0594 0.7664 -0.6396
vn 0.6508 0.3293 -0.6841
vn 0.4707 0.0545 -0.8806
vn -0.2136 0.1966 -0.9569
vn -0.2115 -0.2021 -0.9563
vn 0.5745 -0.0403 -0.8175
vn 0.4096 0.8218 0.3961
vn 0.5302 0.4019 0.7466
vn 0.2575 0.6214 0.7400
vn -0.2296 0.3350 0.9138
vn -0.6001 0.7651 0.2335
vn -0.8262 0.4049 0.3917
vn -0.2144 0.5047 0.8363
vn -0.3801 0.8718 0.3091
vn 0.3683 0.8401 0.3981
vn 0.4581 0.7451 0.4847
vn 0.0470 0.8515 -0.5222
vn 0.6869 0.2251 0.6910
vn 0.5171 0.5339 0.6690
vn -0.0504 0.2730 0.9607
vn -0.2040 0.7318 -0.6503
vn -0.0211 0.8195 -0.5726
vn 0.5553 0.5976 -0.5783
vn -0.2794 0.1116 -0.9537
vn -0.4176 0.8914 0.1762
vn 0.1915 0.8879 0.4182
vn 0.1162 0.9044 0.4105
vn -0.3716 0.9283 0.0109
vn 0.0682 0.8981 0.4344
vn 0.1455 0.9795 -0.1395
vn -0.7567 0.5954 -0.2699
vn -0.7580 0.5906 -0.2769
vn 0.1637 0.9772 -0.1354
vn -0.3350 0.7246 -0.6023
vn 0.7946 0.5982 0.1039
vn 0.8283 0.4447 0.3409
vn 0.9442 0.3230 -0.0642
vn 0.7070 0.6465 -0.2867
vn 0.9458 0.0610 0.3190
vn 0.4772 0.4898 0.7296
vn 0.3318 0.8349 0.4391
vn -0.2743 -0.6236 -0.7321
vn -0.2164 -0.6787 -0.7018
vn -0.5696 -0.4641 -0.6783
vn -0.5563 -0.4090 -0.7234
vn -0.8509 0.0182 -0.5250
vn -0.8857 -0.0709 -0.4588
vn -0.8132 0.3854 -0.4361
vn -0.5893 0.8019 -0.0986
vn -0.9041 0.4271 0.0135
vn -0.8070 0.5168 0.2858
vn -0.8291 0.3570 0.4302
vn -0.8562 0.0783 0.5107
vn -0.9245 -0.2805 0.2580
vn -0.9604 0.1177 0.2526
vn -0.8372 -0.4369 -0.3290
vn -0.8792 0.4582 0.1306
vn -0.5403 -0.5753 0.6141
vn 0.0065 -0.5992 0.8006
vn -0.8658 0.0297 0.4996
vn -0.0607 -0.9238 -0.3779
vn -0.2507 -0.5910 -0.7667
vn -0.8909 -0.2792 -0.3582
vn 0.0443 -0.5533 -0.8318
vn -0.8406 -0.3769 -0.3891
vn 0.0002 -0.6800 -0.7332
vn -0.7759 0.1963 0.5995
vn 0.0902 0.3203 0.9430
vn -0.0000 0.5057 0.8627
vn -0.8952 0.2016 0.3975
vn -0.9320 -0.3331 -0.1431
vn -0.7638 0.4492 0.4635
vn 0.0001 -0.8576 -0.5142
vn -0.0002 0.7302 0.6833
vn 0.9665 -0.2563 -0.0110
vn 0.0259 0.9439 -0.3293
vn 0.6127 -0.5727 0.5446
vn 0.9712 0.1034 0.2145
vn 0.8179 -0.5743 -0.0344
vn 0.5650 -0.5639 -0.6023
vn 0.8780 -0.3228 -0.3534
vn 0.8407 -0.3762 -0.3895
vn 0.2245 0.5042 -0.8339
vn 0.8677 0.1324 0.4792
vn 0.8952 0.2084 0.3939
vn 0.9321 -0.3321 -0.1443
vn 0.7649 0.4600 0.4509
vn 0.0112 0.7294 -0.6840
vn -0.7373 0.2697 -0.6194
vn -0.6071 0.7474 0.2699
vn 0.4025 0.8311 0.3836
vn -0.8971 -0.4270 -0.1137
vn -0.8699 0.3900 0.3021
vn -0.1865 -0.9205 -0.3433
vn -0.0000 0.8410 0.5411
vn 0.8743 -0.4660 -0.1359
vn 0.8699 0.3899 0.3022
vn -0.7039 0.1299 -0.6983
vn -0.6549 -0.4056 -0.6377
vn -0.8280 0.4757 -0.2968
vn -0.8048 0.5891 0.0730
vn -0.0319 -0.7582 0.6512
vn -0.0359 -0.7477 0.6631
vn 0.0614 -0.7638 0.6425
vn -0.0916 -0.7339 0.6731
vn -0.0694 -0.7271 0.6830
vn 0.0374 -0.7554 0.6542
vt 0.055500 -0.721900
vt 0.077400 -0.729100
vt 0.078100 -0.731900
vt 0.056300 -0.726000
vt 0.316900 -0.848200
vt 0.316900 -0.792800
vt 0.388900 -0.843600
vt 0.376900 -0.865200
vt 0.316900 -0.883100
vt 0.399600 -0.892000
vt 0.316900 -0.896800
vt 0.130000 -0.783700
vt 0.118100 -0.805200
vt 0.121400 -0.784400
vt 0.110100 -0.801400
vt 0.118000 -0.780400
vt 0.083800 -0.778900
vt 0.078400 -0.800300
vt 0.257500 -0.781300
vt 0.257300 -0.756600
vt 0.237400 -0.757500
vt 0.236600 -0.784500
vt 0.207500 -0.846700
vt 0.234600 -0.842900
vt 0.224700 -0.845100
vt 0.207500 -0.845600
vt 0.256700 -0.829200
vt 0.254800 -0.833700
vt 0.262200 -0.808500
vt 0.257300 -0.810600
vt 0.234400 -0.817400
vt 0.256500 -0.830300
vt 0.232600 -0.835400
vt 0.239200 -0.843000
vt 0.243300 -0.862300
vt 0.240400 -0.841700
vt 0.223800 -1.034900
vt 0.339200 -1.175900
vt 0.246800 -1.184900
vt 0.264700 -0.844500
vt 0.263100 -0.846300
vt 0.256900 -0.853000
vt 0.251200 -0.874500
vt 0.252200 -0.874800
vt 0.261500 -0.872700
vt 0.260000 -0.873400
vt 0.268100 -0.862700
vt 0.265500 -0.864100
vt 0.239000 -0.708800
vt 0.239000 -0.735200
vt 0.226600 -0.735200
vt 0.226600 -0.708800
vt 0.237200 -0.708800
vt 0.237200 -0.735200
vt 0.063900 -0.675400
vt 0.050400 -0.667400
vt 0.095000 -0.676500
vt 0.077500 -0.694500
vt 0.092900 -0.706600
vt 0.079800 -0.716200
vt 0.059000 -0.705100
vt 0.057200 -0.691700
vt 0.090300 -0.674100
vt 0.048400 -0.667400
vt 0.120200 -0.741700
vt 0.036500 -0.667400
vt 0.036500 -0.673400
vt 0.084000 -0.733100
vt 0.077300 -0.690000
vt 0.036500 -0.732700
vt 0.036500 -0.689800
vt 0.113700 -0.713000
vt 0.094800 -0.743400
vt 0.095800 -0.745600
vt 0.087800 -0.785800
vt 0.056600 -0.784100
vt 0.060000 -0.761200
vt 0.089900 -0.765800
vt 0.128500 -0.781900
vt 0.125900 -0.716900
vt 0.124400 -0.714900
vt 0.036500 -0.779200
vt 0.058800 -0.820000
vt 0.081400 -0.805600
vt 0.087300 -0.819700
vt 0.059600 -0.807000
vt 0.051400 -0.814900
vt 0.036500 -0.809300
vt 0.036500 -0.816000
vt 0.119100 -0.802800
vt 0.104000 -0.818900
vt 0.094100 -0.819400
vt 0.036500 -0.800100
vt 0.070000 -0.820400
vt 0.036500 -0.820900
vt 0.255500 -0.771600
vt 0.232300 -0.754200
vt 0.252900 -0.756900
vt 0.252400 -0.818600
vt 0.251300 -0.812200
vt 0.257500 -0.783000
vt 0.258300 -0.804700
vt 0.207500 -0.822200
vt 0.207500 -0.814200
vt 0.217100 -0.820900
vt 0.216700 -0.828000
vt 0.264900 -0.781600
vt 0.267100 -0.756200
vt 0.207500 -0.757900
vt 0.207500 -0.785400
vt 0.207500 -0.818400
vt 0.207500 -0.837900
vt 0.257200 -0.823800
vt 0.244100 -0.863200
vt 0.340500 -1.188300
vt 0.435400 -1.147000
vt 0.413900 -1.172300
vt 0.270400 -1.193500
vt 0.232400 -0.840300
vt 0.207500 -0.843000
vt 0.063700 -0.800400
vt 0.414400 -0.877900
vt 0.089400 -0.751100
vt 0.059500 -0.743300
vt 0.036500 -0.759900
vt 0.036500 -0.741000
vt 0.036500 -0.726300
vt 0.799200 -0.357500
vt 0.802800 -0.357500
vt 0.743100 -0.357500
vt 0.036500 -0.704100
vt 0.036500 -0.691700
vt 0.036500 -0.675400
vt 0.095600 -0.734600
vt 0.110100 -0.732000
vt 0.107900 -0.761700
vt 0.104400 -0.763100
vt 0.110000 -0.791100
vt 0.110400 -0.772600
vt 0.104300 -0.805200
vt 0.098100 -0.819400
vt 0.261700 -0.783500
vt 0.261800 -0.756600
vt 0.115100 -0.768700
vt 0.109300 -0.763500
vt 0.743100 -0.411300
vt 0.799200 -0.412000
vt 0.802800 -0.423800
vt 0.743100 -0.424700
vt 0.078200 -0.723100
vt 0.058100 -0.713200
vt 0.036500 -0.711900
vt 0.217800 -0.789500
vt 0.207500 -0.782300
vt 0.217600 -0.762300
vt 0.245800 -0.788200
vt 0.235000 -0.829100
vt 0.234500 -0.822500
vt 0.047900 -0.822300
vt 0.036500 -0.848800
vt 0.036500 -0.823200
vt 0.362900 -1.004100
vt 0.207500 -0.806600
vt 0.217300 -0.812500
vt 0.249500 -0.804200
vt 0.237900 -0.812000
vt 0.207500 -0.844200
vt 0.504500 -0.929600
vt 0.541400 -0.899300
vt 0.508400 -0.872800
vt 0.520900 -0.815800
vt 0.504700 -0.812700
vt 0.544800 -0.835700
vt 0.546900 -0.835600
vt 0.544000 -0.848800
vt 0.507200 -0.830100
vt 0.522000 -0.824900
vt 0.545300 -0.839800
vt 0.487900 -0.801400
vt 0.491800 -0.813800
vt 0.459400 -0.806000
vt 0.459400 -0.800500
vt 0.459400 -0.822100
vt 0.459400 -0.811300
vt 0.543600 -0.855400
vt 0.566600 -0.853600
vt 0.497900 -0.921700
vt 0.506800 -0.837300
vt 0.480300 -0.925300
vt 0.459400 -0.872800
vt 0.459400 -0.924500
vt 0.459400 -0.916700
vt 0.459400 -0.830000
vt 0.398200 -0.703200
vt 0.405400 -0.743800
vt 0.364200 -0.738700
vt 0.364200 -0.702400
vt 0.328600 -0.728600
vt 0.394200 -0.734500
vt 0.393400 -0.703200
vt 0.328600 -0.703200
vt 0.328600 -0.737800
vt 0.328600 -0.701400
vt 0.505200 -0.817700
vt 0.459400 -0.810000
vt 0.543200 -0.839000
vt 1.168800 -0.077900
vt 1.112100 -0.070200
vt 1.112700 -0.070200
vt 1.166500 -0.077900
vt 1.048000 -0.066200
vt 1.112100 -0.084400
vt 1.168800 -0.092000
vt 1.112700 -0.084400
vt 1.166500 -0.092000
vt 1.048000 -0.080400
vt 1.115000 -0.043400
vt 1.115600 -0.043400
vt 1.167700 -0.063200
vt 1.167100 -0.063200
vt 1.048000 -0.036700
vt 1.115600 -0.028200
vt 1.167700 -0.048000
vt 1.167100 -0.048000
vt 1.115000 -0.028200
vt 1.048000 -0.021500
vt 0.108300 -0.697900
vt 0.050700 -0.815700
vt 0.093700 -0.740000
vt -0.829500 -0.080800
vt -0.814500 -0.070100
vt -0.826800 -0.060800
vt -0.833800 -0.065800
vt -0.842400 -0.065800
vt -0.848100 -0.080800
vt -0.849400 -0.060800
vt -0.863100 -0.070100
vt -0.852100 -0.052700
vt -0.868900 -0.052700
vt -0.849400 -0.044700
vt -0.863100 -0.035400
vt -0.842400 -0.039700
vt -0.848100 -0.024600
vt -0.833800 -0.039700
vt -0.829500 -0.024600
vt -0.814500 -0.035400
vt -0.826800 -0.044700
vt -0.808700 -0.052700
vt -0.824100 -0.052700
vt -0.827700 -0.093200
vt -0.806100 -0.077700
vt -0.854400 -0.093200
vt -0.876100 -0.077700
vt -0.884300 -0.052700
vt -0.876100 -0.027700
vt -0.854400 -0.012300
vt -0.827700 -0.012300
vt -0.806100 -0.027700
vt -0.797800 -0.052700
vt -0.811300 -0.076100
vt -0.831500 -0.090500
vt -0.856500 -0.090500
vt -0.876700 -0.076100
vt -0.884400 -0.052700
vt -0.876700 -0.029400
vt -0.856500 -0.015000
vt -0.831500 -0.015000
vt -0.811300 -0.029400
vt -0.803600 -0.052700
vt -0.837300 -0.077100
vt -0.824300 -0.067800
vt -0.853400 -0.077100
vt -0.866400 -0.067800
vt -0.871400 -0.052700
vt -0.866400 -0.037700
vt -0.853400 -0.028400
vt -0.837300 -0.028400
vt -0.824300 -0.037700
vt -0.819300 -0.052700
vt -0.842800 -0.061700
vt -0.838100 -0.058300
vt -0.848800 -0.061700
vt -0.853500 -0.058300
vt -0.855400 -0.052700
vt -0.853500 -0.047200
vt -0.848800 -0.043800
vt -0.842800 -0.043800
vt -0.838100 -0.047200
vt -0.836200 -0.052700
vt -0.837900 -0.052700
vt -0.546900 -0.423400
vt -0.536200 -0.431400
vt -0.542800 -0.436400
vt -0.550900 -0.436400
vt -0.557500 -0.431400
vt -0.560000 -0.423400
vt -0.557500 -0.415300
vt -0.550900 -0.410300
vt -0.542800 -0.410300
vt -0.536200 -0.415300
vt -0.533700 -0.423400
vt 1.251000 -1.911200
vt 1.255400 -1.935800
vt 1.232900 -1.954100
vt 1.231200 -1.927300
vt 1.205100 -1.954100
vt 1.206800 -1.927300
vt 1.182600 -1.935800
vt 1.187000 -1.911200
vt 1.174000 -1.908200
vt 1.183200 -1.884400
vt 1.264000 -1.908200
vt 1.254800 -1.884400
vt 1.227300 -1.896300
vt 1.240800 -1.885800
vt 1.210700 -1.896300
vt 1.197200 -1.885800
vt 1.192400 -1.871100
vt 1.192900 -1.868500
vt 1.245100 -1.868500
vt 1.245600 -1.871100
vt 1.229200 -1.869600
vt 1.219000 -1.877600
vt 1.208600 -1.869900
vt 1.204300 -1.864200
vt 1.204400 -1.862900
vt 1.233700 -1.864400
vt 1.234400 -1.862800
vt 1.243700 -1.876600
vt 1.218900 -1.868900
vt 1.218900 -1.862700
vt 1.194200 -1.876100
vt 1.218900 -1.860500
vt -0.732300 -1.719700
vt -0.725600 -1.693200
vt -0.760000 -1.705500
vt -0.762500 -1.730100
vt -0.802400 -1.705500
vt -0.799900 -1.730100
vt -0.830100 -1.719700
vt -0.836800 -1.693200
vt -0.849900 -1.673600
vt -0.835900 -1.713900
vt -0.712500 -1.673600
vt -0.726500 -1.713900
vt -0.747900 -1.736200
vt -0.768500 -1.742600
vt -0.793900 -1.742600
vt -0.814500 -1.736200
vt -0.821800 -1.729000
vt -0.821100 -1.726200
vt -0.741300 -1.726200
vt -0.740600 -1.729100
vt -0.765600 -1.738400
vt -0.774700 -1.742100
vt -0.787700 -1.742100
vt -0.797100 -1.738500
vt -0.806500 -1.732000
vt -0.806200 -1.732500
vt -0.755000 -1.732800
vt -0.758800 -1.738100
vt -0.743500 -1.730200
vt -0.781300 -1.739700
vt -0.781300 -1.740400
vt -0.803600 -1.738000
vt -0.819100 -1.729900
vt -0.800300 -1.735400
vt -0.800500 -1.735100
vt -0.784800 -1.736700
vt -0.784800 -1.737000
vt -0.777900 -1.737000
vt -0.760700 -1.735400
vt -0.777900 -1.736700
vt -0.760700 -1.735000
vt -0.461500 -1.436200
vt -0.461500 -1.416600
vt -0.438600 -1.416800
vt -0.438500 -1.436700
vt -0.438500 -1.420800
vt -0.461500 -1.419900
vt -0.349000 -1.412000
vt -0.371700 -1.425900
vt -0.359800 -1.435300
vt -0.340100 -1.421400
vt -0.371300 -1.421500
vt -0.347600 -1.406400
vt -0.551500 -1.405000
vt -0.528000 -1.421800
vt -0.536300 -1.432800
vt -0.556100 -1.422100
vt -0.527500 -1.425900
vt -0.550300 -1.410500
vt -0.754600 -1.732200
vt 0.225800 -1.799200
vt 0.214000 -1.798700
vt 0.225300 -1.791600
vt 0.238800 -1.792800
vt 0.236800 -1.799300
vt 0.231100 -1.792400
vt 0.212900 -1.792700
vt 0.219000 -1.798300
vt 0.219000 -1.793300
vt 0.236800 -1.804300
vt 0.236800 -1.798400
vt 0.222300 -1.803800
vt 0.236800 -1.809000
vt 0.236800 -1.808700
vt 0.224700 -1.807800
vt 0.223000 -1.808000
vt 0.226800 -1.805100
vt 0.216200 -1.804200
vt 0.236800 -1.805400
vt 0.213500 -1.803700
vt 0.211500 -1.798500
vt 0.215500 -1.792300
vt 0.236800 -1.793300
vt 0.254500 -1.792900
vt 0.254600 -1.798300
vt 0.261000 -1.792900
vt 0.251300 -1.803800
vt 0.248800 -1.807800
vt 0.250500 -1.808000
vt 0.247700 -1.799200
vt 0.259500 -1.798700
vt 0.258100 -1.792700
vt 0.246800 -1.805100
vt 0.257400 -1.804200
vt 0.260000 -1.803700
vt 0.262100 -1.798500
vt 0.227200 -1.744400
vt 0.226600 -1.744700
vt 0.227800 -1.744300
vt 0.226100 -1.745700
vt 0.227800 -1.745800
vt 0.227200 -1.745600
vt 0.249400 -1.744200
vt 0.248900 -1.744000
vt 0.242900 -1.744500
vt 0.243800 -1.743900
vt 0.243500 -1.744000
vt 0.243900 -1.745400
vt 0.244000 -1.744400
vt 0.243100 -1.745700
vt 0.243600 -1.745000
vt 0.244100 -1.746400
vt 0.243200 -1.747100
vt 0.249300 -1.744900
vt 0.249400 -1.744900
vt 0.244100 -1.746700
vt 0.243300 -1.747100
vt 0.245800 -1.745800
vt 0.246000 -1.746700
vt 0.245700 -1.745100
vt 0.245800 -1.745000
vt 0.244000 -1.747100
vt 0.246000 -1.746900
vt 0.246000 -1.747000
vt 0.247100 -1.746700
vt 0.247000 -1.745900
vt 0.245400 -1.745800
vt 0.247000 -1.746000
vt 0.247100 -1.746600
vt 0.245200 -1.745200
vt 0.246800 -1.745200
vt 0.246900 -1.745200
vt 0.246800 -1.745300
vt 0.246900 -1.746000
vt 0.247000 -1.746600
vt 0.248100 -1.745700
vt 0.248500 -1.744300
vt 0.248900 -1.744800
vt 0.248000 -1.744700
vt 0.248100 -1.744600
vt 0.248200 -1.745300
vt 0.248100 -1.745400
vt 0.248700 -1.744800
vt 0.247900 -1.744700
vt 0.248500 -1.744400
vt 0.247100 -1.745000
vt 0.247200 -1.745900
vt 0.247300 -1.746700
vt 0.247300 -1.746800
vt 0.248200 -1.744400
vt 0.248400 -1.745200
vt 0.248400 -1.745300
vt 0.248600 -1.746000
vt 0.245200 -1.744500
vt 0.244900 -1.743300
vt 0.244200 -1.744000
vt 0.244700 -1.744600
vt 0.244900 -1.742700
vt 0.244200 -1.743400
vt 0.245200 -1.743100
vt 0.245500 -1.744000
vt 0.245200 -1.744200
vt 0.244900 -1.743400
vt 0.248300 -1.746000
vt 0.248100 -1.746000
vt 0.248000 -1.745400
vt 0.248200 -1.746000
vt 0.244400 -1.743900
vt 0.226200 -1.747700
vt 0.227800 -1.747500
vt 0.242500 -1.747000
vt 0.242600 -1.745800
vt 0.241800 -1.747000
vt 0.241800 -1.745900
vt 0.242600 -1.747000
vt 0.241800 -1.745800
vt 0.242600 -1.744800
vt 0.241800 -1.744800
vt 0.242500 -1.744800
vt 0.230800 -1.744400
vt 0.230800 -1.745800
vt 0.234500 -1.744600
vt 0.234500 -1.745800
vt 0.230800 -1.747400
vt 0.234500 -1.747200
vt 0.225600 -1.722000
vt 0.225700 -1.717800
vt 0.226900 -1.717900
vt 0.226800 -1.721600
vt 0.225200 -1.721600
vt 0.225600 -1.717800
vt 0.228600 -1.717700
vt 0.227400 -1.717800
vt 0.227300 -1.721600
vt 0.224400 -1.750400
vt 0.224400 -1.748600
vt 0.225900 -1.748600
vt 0.225300 -1.750400
vt 0.225100 -1.728700
vt 0.225300 -1.727900
vt 0.225300 -1.729500
vt 0.225100 -1.729700
vt 0.224400 -1.727700
vt 0.224400 -1.726900
vt 0.224400 -1.730000
vt 0.224400 -1.730400
vt 0.226200 -1.705300
vt 0.226400 -1.707600
vt 0.226200 -1.707600
vt 0.226400 -1.705500
vt 0.227500 -1.707600
vt 0.227700 -1.705500
vt 0.225200 -1.701900
vt 0.225500 -1.701200
vt 0.225300 -1.701200
vt 0.224900 -1.701800
vt 0.229200 -1.703800
vt 0.227700 -1.704000
vt 0.228600 -1.705500
vt 0.226000 -1.703800
vt 0.228400 -1.707500
vt 0.227200 -1.707600
vt 0.227100 -1.710900
vt 0.226200 -1.710900
vt 0.226000 -1.710900
vt 0.228400 -1.710800
vt 0.227500 -1.710900
vt 0.228300 -1.710900
vt 0.228300 -1.707600
vt 0.227100 -1.714100
vt 0.226000 -1.714100
vt 0.225900 -1.714000
vt 0.227500 -1.714100
vt 0.228500 -1.714000
vt 0.228400 -1.717800
vt 0.228400 -1.714100
vt 0.636900 -1.730800
vt 0.641900 -1.727800
vt 0.640400 -1.726300
vt 0.647400 -1.739800
vt 0.636900 -1.739800
vt 0.636900 -1.731300
vt 0.644300 -1.731900
vt 0.636900 -1.750100
vt 0.649700 -1.750100
vt 0.650400 -1.739500
vt 0.655100 -1.750100
vt 0.650300 -1.761500
vt 0.636900 -1.761500
vt 0.655800 -1.761500
vt 0.653100 -1.750800
vt 0.651000 -1.761500
vt 0.077800 -1.762000
vt 0.077800 -1.756700
vt 0.095000 -1.756800
vt 0.094700 -1.762000
vt 0.228900 -1.729300
vt 0.227800 -1.729200
vt 0.227700 -1.732100
vt 0.229100 -1.732100
vt 0.224400 -1.735500
vt 0.227600 -1.735600
vt 0.224400 -1.741300
vt 0.227100 -1.741300
vt 0.077800 -1.778200
vt 0.077800 -1.768200
vt 0.080100 -1.776600
vt 0.228900 -1.735800
vt 0.228100 -1.741300
vt 0.228100 -1.740600
vt 0.226800 -1.747600
vt 0.227000 -1.744300
vt 0.226500 -1.748600
vt 0.225200 -1.750400
vt 0.221100 -1.744300
vt 0.222200 -1.744700
vt 0.221700 -1.744400
vt 0.221100 -1.745800
vt 0.222800 -1.745700
vt 0.221600 -1.745600
vt 0.221100 -1.747500
vt 0.218100 -1.745800
vt 0.218100 -1.747400
vt 0.200000 -1.744000
vt 0.199500 -1.744200
vt 0.205400 -1.744000
vt 0.205100 -1.743900
vt 0.206000 -1.744500
vt 0.205800 -1.745700
vt 0.204900 -1.744400
vt 0.205000 -1.745400
vt 0.205300 -1.745000
vt 0.205600 -1.747100
vt 0.204800 -1.746400
vt 0.199500 -1.744900
vt 0.204800 -1.746700
vt 0.203100 -1.745800
vt 0.202900 -1.746700
vt 0.203200 -1.745100
vt 0.203100 -1.745000
vt 0.202900 -1.746900
vt 0.204800 -1.747100
vt 0.201800 -1.746700
vt 0.202900 -1.747000
vt 0.201900 -1.745900
vt 0.201800 -1.746600
vt 0.201900 -1.746000
vt 0.203400 -1.745800
vt 0.202000 -1.745200
vt 0.203700 -1.745200
vt 0.203000 -1.745800
vt 0.202100 -1.745300
vt 0.202000 -1.746000
vt 0.201900 -1.746600
vt 0.200700 -1.745700
vt 0.200000 -1.744800
vt 0.200400 -1.744300
vt 0.200900 -1.744700
vt 0.200800 -1.744600
vt 0.200300 -1.744300
vt 0.200600 -1.745300
vt 0.200800 -1.745400
vt 0.200200 -1.744800
vt 0.200400 -1.744400
vt 0.201700 -1.745900
vt 0.201800 -1.745000
vt 0.201600 -1.746700
vt 0.201500 -1.746800
vt 0.200400 -1.745200
vt 0.200600 -1.744400
vt 0.200400 -1.745300
vt 0.200300 -1.746000
vt 0.203700 -1.744500
vt 0.204000 -1.743300
vt 0.204600 -1.744000
vt 0.204600 -1.743400
vt 0.204200 -1.744600
vt 0.204000 -1.742700
vt 0.203700 -1.743100
vt 0.203300 -1.744000
vt 0.203700 -1.744200
vt 0.204000 -1.743400
vt 0.200500 -1.746000
vt 0.200700 -1.746000
vt 0.204500 -1.743900
vt 0.222600 -1.747700
vt 0.206300 -1.747000
vt 0.206300 -1.745800
vt 0.207000 -1.747000
vt 0.207000 -1.745900
vt 0.207000 -1.745800
vt 0.206300 -1.744800
vt 0.207000 -1.744800
vt 0.218100 -1.744400
vt 0.214400 -1.744600
vt 0.214400 -1.745800
vt 0.214400 -1.747200
vt 0.221900 -1.717900
vt 0.223100 -1.717800
vt 0.223200 -1.722000
vt 0.222100 -1.721600
vt 0.223300 -1.717800
vt 0.223700 -1.721600
vt 0.221600 -1.721600
vt 0.221500 -1.717800
vt 0.220300 -1.717700
vt 0.220400 -1.717800
vt 0.220400 -1.721600
vt 0.221200 -1.732100
vt 0.220000 -1.729200
vt 0.221300 -1.729200
vt 0.223000 -1.748600
vt 0.223500 -1.750400
vt 0.223700 -1.728700
vt 0.223800 -1.729700
vt 0.223600 -1.729500
vt 0.223500 -1.727900
vt 0.222600 -1.707600
vt 0.222500 -1.707600
vt 0.222700 -1.705300
vt 0.222500 -1.705500
vt 0.221200 -1.705500
vt 0.221400 -1.707600
vt 0.223600 -1.701200
vt 0.223400 -1.701200
vt 0.223700 -1.701900
vt 0.223900 -1.701800
vt 0.221200 -1.704000
vt 0.219700 -1.703800
vt 0.220200 -1.705500
vt 0.222900 -1.703800
vt 0.220500 -1.707500
vt 0.221700 -1.707600
vt 0.222700 -1.710900
vt 0.221700 -1.710900
vt 0.222800 -1.710900
vt 0.220400 -1.710800
vt 0.221400 -1.710900
vt 0.220500 -1.710900
vt 0.220600 -1.707600
vt 0.221800 -1.714100
vt 0.222900 -1.714100
vt 0.223000 -1.714000
vt 0.221400 -1.714100
vt 0.220500 -1.714100
vt 0.220400 -1.714000
vt 0.633300 -1.726300
vt 0.631800 -1.727800
vt 0.636900 -1.725800
vt 0.626300 -1.739800
vt 0.629400 -1.731900
vt 0.624000 -1.750100
vt 0.618600 -1.750100
vt 0.623300 -1.739500
vt 0.623400 -1.761500
vt 0.617900 -1.761500
vt 0.622700 -1.761500
vt 0.620600 -1.750800
vt 0.060500 -1.756700
vt 0.060900 -1.762000
vt 0.221100 -1.729200
vt 0.219800 -1.732100
vt 0.221300 -1.735600
vt 0.221800 -1.741300
vt 0.221200 -1.739600
vt 0.220000 -1.735800
vt 0.221300 -1.735800
vt 0.220800 -1.741300
vt 0.222100 -1.747600
vt 0.221800 -1.744300
vt 0.222400 -1.748600
vt 0.223700 -1.750400
vt 0.632900 -1.737000
vt 0.636900 -1.739500
vt 0.636900 -1.748700
vt 0.640800 -1.737000
vt 0.633800 -1.759200
vt 0.633600 -1.755600
vt 0.639900 -1.759200
vt 0.636900 -1.762800
vt 0.640100 -1.755600
vt 0.224400 -1.730700
vt 0.625900 -1.735100
vt 0.625100 -1.732800
vt 0.619100 -1.739300
vt 0.636900 -1.724900
vt 0.642300 -1.726400
vt 0.631400 -1.726400
vt 0.626800 -1.733100
vt 0.224400 -1.745600
vt 0.225500 -1.722300
vt 0.227000 -1.723300
vt 0.228500 -1.721600
vt 0.227400 -1.724500
vt 0.226600 -1.723300
vt 0.655100 -1.742300
vt 0.245500 -1.742900
vt 0.235500 -1.744600
vt 0.235500 -1.745800
vt 0.235500 -1.747200
vt 0.236400 -1.744600
vt 0.236500 -1.745800
vt 0.236400 -1.747200
vt 0.229800 -1.701200
vt 0.230200 -1.701600
vt 0.229900 -1.701200
vt 0.226700 -1.701200
vt 0.226600 -1.701800
vt 0.227800 -1.701200
vt 0.226100 -1.701200
vt 0.225100 -1.701700
vt 0.229100 -1.705200
vt 0.230000 -1.703700
vt 0.230100 -1.704000
vt 0.228700 -1.704800
vt 0.229500 -1.703900
vt 0.230300 -1.702700
vt 0.230400 -1.702700
vt 0.225100 -1.702800
vt 0.225000 -1.703800
vt 0.229500 -1.702800
vt 0.228800 -1.703700
vt 0.226700 -1.703600
vt 0.226000 -1.704600
vt 0.225900 -1.703800
vt 0.226900 -1.704800
vt 0.226100 -1.705200
vt 0.227600 -1.705800
vt 0.227700 -1.704800
vt 0.227700 -1.704100
vt 0.228800 -1.702800
vt 0.226700 -1.702800
vt 0.226000 -1.702800
vt 0.227800 -1.703100
vt 0.228300 -1.701700
vt 0.227100 -1.701700
vt 0.228900 -1.701700
vt 0.225600 -1.701900
vt 0.229800 -1.701700
vt 0.229300 -1.701200
vt 0.229400 -1.702100
vt 0.227700 -1.701900
vt 0.229100 -1.701200
vt 0.230100 -1.701800
vt 0.227700 -1.701200
vt 0.226300 -1.701200
vt 0.225900 -1.702000
vt 0.225400 -1.703900
vt 0.227400 -1.706100
vt 0.228700 -1.705500
vt 0.228900 -1.701200
vt 0.228400 -1.724600
vt 0.224400 -1.751100
vt 0.646900 -1.733100
vt 0.648200 -1.734200
vt 0.648100 -1.742900
vt 0.645100 -1.751100
vt 0.654700 -1.739300
vt 0.228600 -1.721500
vt 0.228300 -1.724500
vt 0.225600 -1.743300
vt 0.077800 -1.786200
vt 0.070900 -1.789500
vt 0.066700 -1.785600
vt 0.077800 -1.790600
vt 0.222400 -1.745300
vt 0.223500 -1.746700
vt 0.224400 -1.746900
vt 0.225400 -1.746700
vt 0.226500 -1.745300
vt 0.088900 -1.785600
vt 0.084600 -1.789500
vt 0.226800 -1.748200
vt 0.221900 -1.723200
vt 0.223300 -1.722300
vt 0.221500 -1.724500
vt 0.222200 -1.723300
vt 0.618600 -1.742300
vt 0.203400 -1.742900
vt 0.213300 -1.744600
vt 0.213300 -1.745800
vt 0.213300 -1.747200
vt 0.212400 -1.744600
vt 0.212400 -1.745800
vt 0.212400 -1.747200
vt 0.224400 -1.732100
vt 0.219000 -1.701200
vt 0.218600 -1.701600
vt 0.219100 -1.701200
vt 0.222100 -1.701200
vt 0.221100 -1.701200
vt 0.222300 -1.701800
vt 0.222800 -1.701200
vt 0.223800 -1.701700
vt 0.219800 -1.705200
vt 0.218900 -1.703700
vt 0.218800 -1.704000
vt 0.220100 -1.704800
vt 0.219400 -1.703900
vt 0.218600 -1.702700
vt 0.218400 -1.702700
vt 0.223800 -1.703800
vt 0.223800 -1.702800
vt 0.219400 -1.702800
vt 0.220000 -1.703700
vt 0.222800 -1.704600
vt 0.222100 -1.703600
vt 0.222000 -1.704800
vt 0.222800 -1.705200
vt 0.221200 -1.705800
vt 0.221200 -1.704800
vt 0.221200 -1.704100
vt 0.220100 -1.702800
vt 0.222200 -1.702800
vt 0.222900 -1.702800
vt 0.221100 -1.703100
vt 0.220600 -1.701700
vt 0.221800 -1.701700
vt 0.220000 -1.701700
vt 0.223300 -1.701900
vt 0.219100 -1.701700
vt 0.219600 -1.701200
vt 0.221100 -1.701900
vt 0.219500 -1.702100
vt 0.219800 -1.701200
vt 0.218800 -1.701800
vt 0.222600 -1.701200
vt 0.222900 -1.702000
vt 0.223500 -1.703900
vt 0.221500 -1.706100
vt 0.220000 -1.701200
vt 0.220400 -1.724600
vt 0.220500 -1.724500
vt 0.220300 -1.721500
vt 0.625600 -1.743100
vt 0.628600 -1.751100
vt 0.223200 -1.743300
vt 0.222100 -1.748200
vt 0.220800 -1.740600
vt 0.227600 -1.735800
vt 0.227700 -1.739600
vt 0.227300 -1.739300
vt 0.608900 -1.686000
vt 0.612600 -1.688200
vt 0.616100 -1.690600
vt 0.609000 -1.685900
vt 0.616100 -1.690400
vt 0.602600 -1.672900
vt 0.603900 -1.677200
vt 0.602500 -1.673000
vt 0.605300 -1.681300
vt 0.605200 -1.681400
vt 0.603100 -1.668400
vt 0.604900 -1.665800
vt 0.606800 -1.663100
vt 0.603000 -1.668400
vt 0.606800 -1.663200
vt 0.616400 -1.658200
vt 0.613500 -1.659200
vt 0.610700 -1.660400
vt 0.616400 -1.658100
vt 0.610700 -1.660300
vt 0.627500 -1.660400
vt 0.624400 -1.659300
vt 0.627500 -1.660500
vt 0.621300 -1.658000
vt 0.621300 -1.658100
vt 0.631500 -1.663600
vt 0.633100 -1.665800
vt 0.634600 -1.667900
vt 0.631500 -1.663700
vt 0.634600 -1.668000
vt 0.632900 -1.680800
vt 0.634100 -1.677200
vt 0.635200 -1.673600
vt 0.632900 -1.680700
vt 0.635200 -1.673500
vt 0.629200 -1.685700
vt 0.625400 -1.688200
vt 0.621700 -1.690500
vt 0.629200 -1.685800
vt 0.621700 -1.690700
vt 0.619000 -1.688600
vt 0.608900 -1.682100
vt 0.619000 -1.682600
vt 0.611500 -1.678500
vt 0.609000 -1.682000
vt 0.619000 -1.688300
vt 0.611600 -1.678500
vt 0.619000 -1.682400
vt 0.605500 -1.671300
vt 0.609000 -1.671800
vt 0.609000 -1.671900
vt 0.610500 -1.664200
vt 0.612700 -1.667500
vt 0.610500 -1.664300
vt 0.612700 -1.667600
vt 0.619000 -1.661100
vt 0.619000 -1.665600
vt 0.619000 -1.665500
vt 0.627400 -1.664200
vt 0.625200 -1.667500
vt 0.627500 -1.664300
vt 0.625300 -1.667600
vt 0.632400 -1.671200
vt 0.628900 -1.671800
vt 0.632500 -1.671300
vt 0.629000 -1.671900
vt 0.629000 -1.682100
vt 0.626400 -1.678500
vt 0.629000 -1.681900
vt 0.111800 -0.758300
vt 0.271300 -0.706400
vt 0.274800 -0.701200
vt 0.272500 -0.708000
vt 0.268100 -0.707600
vt 0.369900 -0.670500
vt 0.373700 -0.675400
vt 0.328600 -0.669500
vt 0.328600 -0.663500
vt 0.611400 -1.878200
vt 0.611700 -1.854100
vt 0.602600 -1.854100
vt 0.602600 -1.878200
vt 0.614100 -1.877300
vt 0.614500 -1.857000
vt 0.593500 -1.854100
vt 0.593800 -1.878200
vt 0.591100 -1.877800
vt 0.590700 -1.857000
vt 0.227600 -1.729200
vt 0.093400 -1.768600
vt 0.087700 -1.775000
vt 0.092000 -1.774900
vt 0.085100 -1.784600
vt 0.227800 -1.742500
vt 0.227200 -1.743800
vt 0.062100 -1.768600
vt 0.067900 -1.775000
vt 0.063500 -1.774900
vt 0.075400 -1.776600
vt 0.221600 -1.739300
vt 0.070500 -1.784600
vt 0.221100 -1.742500
vt 0.221700 -1.743800
vt 0.220700 -1.741300
vt 0.619500 -1.927800
vt 0.617200 -1.935800
vt 0.615800 -1.930800
vt 0.616200 -1.927800
vt 0.624000 -1.905300
vt 0.617200 -1.913200
vt 0.612000 -1.913200
vt 0.616100 -1.909400
vt 0.614300 -1.917600
vt 0.617200 -1.921200
vt 0.614300 -1.919000
vt 0.616300 -1.908900
vt 0.606600 -1.910800
vt 0.640500 -1.912000
vt 0.635300 -1.913200
vt 0.642500 -1.914600
vt 0.640400 -1.920800
vt 0.635300 -1.921200
vt 0.626200 -1.913200
vt 0.630800 -1.919900
vt 0.626200 -1.921200
vt 0.621700 -1.919900
vt 0.637500 -1.927800
vt 0.633000 -1.927800
vt 0.635300 -1.935800
vt 0.639500 -1.934200
vt 0.630800 -1.934500
vt 0.628500 -1.927800
vt 0.624000 -1.927800
vt 0.626200 -1.935800
vt 0.621700 -1.934500
vt 0.616000 -1.926400
vt 0.615600 -1.931200
vt 0.616200 -1.935500
vt 0.630800 -1.942500
vt 0.636600 -1.942500
vt 0.627300 -1.946600
vt 0.637600 -1.941600
vt 0.639400 -1.934600
vt 0.638600 -1.940600
vt 0.621700 -1.942500
vt 0.627200 -1.946500
vt 0.622900 -1.946800
vt 0.617800 -1.942500
vt 0.615800 -1.937900
vt 0.615900 -1.925000
vt 0.615300 -1.924000
vt 0.614400 -1.920400
vt 0.639900 -1.929100
vt 0.639600 -1.933800
vt 0.640100 -1.925400
vt 0.611900 -1.913200
vt 0.615600 -1.931100
vt 0.069500 -1.775200
vt 0.086000 -1.775200
vt 0.640000 -1.927800
vt 0.076100 -1.782000
vt 0.079500 -1.782000
vt 0.077800 -1.778500
vt 0.233900 -1.786800
vt 0.235000 -1.781800
vt 0.241500 -1.781300
vt 0.240400 -1.783800
vt 0.230100 -1.779300
vt 0.231000 -1.780900
vt 0.230800 -1.781600
vt 0.245000 -1.786100
vt 0.231400 -1.791000
vt 0.237500 -1.792100
vt 0.233800 -1.794700
vt 0.229500 -1.795100
vt 0.229400 -1.795800
vt 0.234600 -1.795300
vt 0.235300 -1.781300
vt 0.240000 -1.778700
vt 0.234600 -1.778400
vt 0.235400 -1.782200
vt 0.243500 -1.776700
vt 0.236800 -1.776700
vt 0.244300 -1.783800
vt 0.243100 -1.785700
vt 0.250000 -1.786600
vt 0.249100 -1.787800
vt 0.253300 -1.786800
vt 0.252900 -1.784600
vt 0.253600 -1.786100
vt 0.253500 -1.788100
vt 0.252100 -1.782100
vt 0.246300 -1.780800
vt 0.226400 -1.794200
vt 0.226500 -1.794900
vt 0.225700 -1.791400
vt 0.226700 -1.787200
vt 0.225500 -1.787400
vt 0.228300 -1.782100
vt 0.230000 -1.776700
vt 0.225700 -1.782100
vt 0.228900 -1.776700
vt 0.218900 -1.787400
vt 0.222100 -1.787200
vt 0.236800 -1.787200
vt 0.218400 -1.787200
vt 0.236800 -1.782100
vt 0.230800 -1.771900
vt 0.236800 -1.771900
vt 0.231300 -1.768100
vt 0.236800 -1.768100
vt 0.230900 -1.771900
vt 0.231500 -1.768100
vt 0.231800 -1.765600
vt 0.232100 -1.765700
vt 0.236800 -1.765500
vt 0.236800 -1.765800
vt 0.244700 -1.776700
vt 0.251500 -1.787200
vt 0.256900 -1.786900
vt 0.247900 -1.782100
vt 0.242400 -1.776700
vt 0.242700 -1.771900
vt 0.242200 -1.768100
vt 0.248100 -1.792600
vt 0.242100 -1.768100
vt 0.241700 -1.765600
vt 0.241400 -1.765700
vt 0.232600 -1.762000
vt 0.232900 -1.762100
vt 0.236800 -1.762000
vt 0.236800 -1.762200
vt 0.240900 -1.762000
vt 0.240600 -1.762100
s 1
usemtl Material_#43.001
f 3/1/1 1/2/2 2/3/3
f 2/3/3 4/4/4 3/1/1
f 7/5/5 5/6/6 6/7/7
f 6/7/7 8/8/8 7/5/5
f 7/5/5 8/8/8 9/9/9
f 11/10/10 10/11/11 9/9/9
f 9/9/9 8/8/8 11/10/10
f 14/12/12 12/13/13 13/14/14
f 17/15/15 15/16/16 16/17/17
f 18/18/18 17/15/15 16/17/17
f 21/19/19 19/20/20 20/21/21
f 22/22/22 21/19/19 20/21/21
f 25/23/23 23/24/24 24/25/25
f 25/23/23 24/25/25 26/26/26
f 29/27/27 27/28/28 28/29/29
f 29/27/27 28/29/29 30/30/30
f 22/22/22 30/30/30 21/19/19
f 22/22/22 31/31/31 30/30/30
f 32/32/32 30/30/30 31/31/31
f 30/30/30 32/32/33 29/27/27
f 33/33/34 32/32/32 31/31/31
f 36/34/35 34/35/36 35/36/37
f 36/37/38 37/38/39 38/39/40
f 29/27/41 39/40/42 40/41/43
f 29/27/41 40/41/43 27/28/44
f 32/32/45 41/42/46 39/40/47
f 32/32/48 39/40/49 29/27/27
f 43/43/50 42/44/51 34/35/52
f 44/45/53 42/44/54 43/43/55
f 44/45/56 43/43/57 45/46/58
f 46/47/59 44/45/60 45/46/61
f 46/47/62 45/46/63 47/48/64
f 50/49/65 48/50/66 49/51/67
f 50/49/65 49/51/67 51/52/68
f 50/49/65 52/53/69 53/54/70
f 50/49/65 53/54/70 48/50/66
f 55/52/71 54/51/72 53/54/70
f 52/53/69 55/52/71 53/54/70
f 57/55/73 48/56/66 56/57/74
f 60/58/75 58/59/76 59/60/77
f 60/58/75 57/55/73 58/59/76
f 60/58/75 59/60/77 61/61/78
f 60/58/75 61/61/78 62/62/79
f 57/55/73 60/58/75 62/62/79
f 63/63/80 48/56/66 53/64/70
f 56/57/74 48/56/66 63/63/80
f 64/65/81 14/12/12 13/14/14
f 53/64/70 54/66/72 65/67/82
f 63/63/80 53/64/70 65/67/82
f 66/68/83 16/17/17 15/16/16
f 67/69/84 63/63/80 65/67/82
f 66/68/83 68/70/85 16/17/17
f 68/70/85 66/68/83 67/69/84
f 67/69/84 65/67/82 69/71/86
f 67/69/84 69/71/86 68/70/85
f 63/63/80 67/69/84 70/72/87
f 15/16/16 70/72/87 66/68/83
f 67/69/84 66/68/83 70/72/87
f 72/73/88 71/74/89 2/3/3
f 2/3/3 1/2/2 72/73/88
f 74/75/90 6/76/7 73/77/91
f 75/78/92 74/75/90 73/77/91
f 77/79/93 14/12/12 76/80/94
f 70/72/87 15/16/16 77/79/93
f 56/57/74 78/81/95 76/80/94
f 76/80/94 78/81/95 77/79/93
f 56/57/74 63/63/80 78/81/95
f 78/81/95 63/63/80 70/72/87
f 78/81/95 70/72/87 77/79/93
f 68/70/85 79/82/96 16/17/17
f 18/18/18 16/17/17 79/82/96
f 82/83/97 80/84/98 81/85/99
f 11/86/10 80/84/98 83/87/100
f 80/84/98 82/83/97 83/87/100
f 10/88/11 11/86/10 83/87/100
f 10/88/11 83/87/100 84/89/101
f 85/90/102 14/12/12 77/79/93
f 85/90/102 15/16/16 17/15/15
f 85/90/102 77/79/93 15/16/16
f 85/90/102 12/13/13 14/12/12
f 12/13/13 85/90/102 86/91/103
f 19/92/20 86/91/103 85/90/102
f 85/90/102 17/15/15 19/92/20
f 18/18/18 79/82/96 87/93/104
f 20/94/21 18/18/18 87/93/104
f 17/15/15 20/94/21 19/92/20
f 17/15/15 18/18/18 20/94/21
f 20/94/21 87/93/104 88/95/105
f 89/96/106 82/97/97 81/98/99
f 92/99/107 90/100/108 91/101/109
f 93/102/110 92/99/107 91/101/109
f 96/103/111 94/104/112 95/105/113
f 95/105/113 97/106/114 96/103/111
f 98/107/115 30/30/30 28/29/29
f 98/107/115 21/19/19 30/30/30
f 19/20/20 21/19/19 98/107/115
f 98/107/115 86/108/103 19/20/20
f 22/22/22 20/21/21 88/109/105
f 31/31/31 22/22/22 99/110/116
f 22/22/22 88/109/105 99/110/116
f 33/33/34 31/31/31 100/111/117
f 31/31/31 99/110/116 100/111/117
f 33/33/34 100/111/117 101/112/118
f 26/26/26 24/25/25 101/112/118
f 24/25/25 33/33/34 101/112/118
f 36/34/119 23/24/24 27/28/120
f 23/24/24 36/34/121 24/25/25
f 27/28/28 102/113/122 28/29/29
f 93/102/110 102/113/122 92/99/107
f 23/24/24 102/113/122 27/28/120
f 33/33/34 24/25/25 35/36/123
f 35/36/124 32/32/125 33/33/126
f 24/25/127 36/34/128 35/36/129
f 34/35/52 36/34/130 38/114/131
f 34/35/52 38/114/131 43/43/50
f 45/115/63 37/38/39 40/116/43
f 38/39/40 37/38/39 45/115/63
f 45/115/63 40/116/43 47/117/64
f 38/39/40 45/115/132 43/118/133
f 39/40/134 46/47/62 47/48/64
f 47/48/64 40/41/43 39/40/135
f 41/42/136 32/32/137 35/36/138
f 34/35/52 41/42/139 35/36/140
f 41/42/139 34/35/52 42/44/51
f 39/40/141 41/42/142 44/45/143
f 41/42/139 42/44/51 44/45/144
f 39/40/145 44/45/146 46/47/147
f 92/99/107 102/113/122 103/119/148
f 103/119/148 23/24/24 25/23/23
f 103/119/148 102/113/122 23/24/24
f 103/119/148 25/23/23 104/120/149
f 80/84/98 105/121/150 74/75/90
f 105/121/150 6/76/7 74/75/90
f 11/86/10 105/121/150 80/84/98
f 105/122/150 8/8/8 6/7/7
f 105/122/150 11/10/10 8/8/8
f 106/123/151 2/3/3 71/74/89
f 106/123/151 4/4/4 2/3/3
f 75/78/92 73/77/91 107/124/152
f 106/123/151 107/124/152 4/4/4
f 106/123/151 75/78/92 107/124/152
f 5/125/6 73/77/91 6/76/7
f 107/124/152 73/77/91 5/125/6
f 108/126/153 107/124/152 5/125/6
f 107/124/152 109/127/154 4/4/155
f 107/124/152 108/126/153 109/127/154
f 112/128/156 110/129/157 111/130/158
f 112/128/156 111/130/158 113/130/156
f 62/62/79 61/61/78 114/131/159
f 62/62/79 114/131/160 115/132/161
f 116/133/162 62/62/79 115/132/161
f 116/133/162 57/55/73 62/62/79
f 57/55/73 49/66/163 48/56/66
f 57/55/73 116/133/162 49/66/163
f 118/134/164 58/59/76 117/135/165
f 71/74/89 72/73/88 119/136/166
f 106/123/151 71/74/89 120/137/167
f 121/138/168 74/75/90 75/78/92
f 12/13/13 121/138/168 13/14/14
f 75/78/92 122/139/169 121/138/168
f 122/139/169 106/123/151 120/137/167
f 122/139/169 75/78/92 106/123/151
f 123/140/170 74/75/90 121/138/168
f 81/85/99 80/84/98 123/140/170
f 123/140/170 80/84/98 74/75/90
f 12/13/13 123/140/170 121/138/168
f 81/85/99 123/140/170 124/141/171
f 123/140/170 12/13/13 124/141/171
f 12/13/13 86/91/103 124/141/171
f 98/107/115 125/142/172 86/108/103
f 93/102/110 125/142/172 102/113/122
f 125/142/172 91/101/109 89/96/106
f 91/101/109 125/142/172 93/102/110
f 28/29/29 102/113/122 125/142/172
f 125/142/172 98/107/115 28/29/29
f 124/143/171 89/96/106 81/98/99
f 124/143/171 125/142/172 89/96/106
f 125/142/172 124/143/171 86/108/103
f 126/144/173 13/14/14 121/138/168
f 126/144/173 122/139/169 127/145/174
f 127/145/174 122/139/169 120/137/167
f 128/146/175 3/147/176 112/128/177
f 113/130/178 128/146/175 112/128/177
f 3/147/179 4/148/180 110/129/181
f 112/128/182 3/147/179 110/129/181
f 4/148/155 109/149/154 111/130/158
f 110/129/157 4/148/155 111/130/158
f 129/150/183 59/60/77 118/134/164
f 130/151/184 61/61/78 59/60/77
f 59/60/77 129/150/183 130/151/185
f 61/61/78 130/151/184 131/152/186
f 131/152/186 114/131/187 61/61/78
f 134/153/188 132/154/189 133/155/190
f 135/156/191 89/96/106 91/101/109
f 135/156/191 134/153/188 133/155/190
f 135/156/191 133/155/190 82/97/97
f 135/156/191 82/97/97 89/96/106
f 136/157/192 103/119/148 97/106/114
f 90/100/108 92/99/107 136/157/192
f 92/99/107 103/119/148 136/157/192
f 97/106/114 95/105/113 137/158/193
f 90/100/108 136/157/192 137/158/193
f 97/106/114 137/158/193 136/157/192
f 133/159/190 132/160/189 138/161/194
f 40/116/43 37/38/39 27/162/195
f 27/162/195 37/38/39 36/37/196
f 139/163/197 132/154/189 134/153/188
f 95/105/113 94/104/112 139/163/197
f 134/153/188 140/164/198 139/163/197
f 140/164/198 134/153/188 135/156/191
f 140/164/198 95/105/113 139/163/197
f 95/105/113 140/164/198 137/158/193
f 141/165/199 90/100/108 137/158/193
f 141/165/199 91/101/109 90/100/108
f 135/156/191 91/101/109 141/165/199
f 140/164/198 142/166/200 137/158/193
f 135/156/191 141/165/199 142/166/200
f 140/164/198 135/156/191 142/166/200
f 141/165/199 137/158/193 142/166/200
f 97/106/114 103/119/148 104/167/149
f 97/106/114 104/167/149 96/103/111
f 145/168/201 143/169/202 144/170/203
f 1/171/204 146/172/205 147/173/206
f 147/173/206 72/174/207 1/171/204
f 149/175/208 148/176/209 129/177/210
f 149/175/208 129/177/210 150/178/211
f 146/172/205 1/171/204 3/179/212
f 148/176/209 130/180/213 129/177/210
f 151/181/214 146/172/215 3/179/176
f 151/181/214 3/179/176 128/182/175
f 130/180/216 148/176/217 152/183/218
f 152/183/219 131/184/220 130/180/221
f 153/185/222 149/175/208 119/186/223
f 155/187/224 154/188/225 153/185/226
f 143/169/202 153/185/226 119/186/227
f 153/185/228 143/169/202 155/187/229
f 145/168/230 144/170/231 156/189/232
f 156/189/232 144/170/231 157/190/233
f 156/189/232 157/190/233 158/191/234
f 160/192/235 159/193/236 154/188/225
f 154/188/225 155/187/224 160/192/235
f 161/194/237 145/195/238 156/196/239
f 161/194/237 156/196/239 162/197/240
f 160/198/241 155/199/242 163/200/243
f 164/201/244 160/198/241 163/200/243
f 163/200/243 155/199/242 145/195/245
f 162/197/240 156/196/239 158/202/246
f 162/197/240 158/202/246 165/203/247
f 155/187/229 143/169/202 145/168/248
f 157/190/233 144/170/231 166/204/249
f 157/190/233 166/204/249 167/205/250
f 144/170/231 168/206/251 166/204/249
f 171/207/252 169/208/253 170/209/254
f 172/210/255 171/207/256 170/209/257
f 173/211/258 170/209/254 169/208/253
f 173/211/259 169/208/260 174/211/156
f 146/212/261 169/208/262 171/207/263
f 171/207/263 147/213/264 146/212/261
f 166/214/265 168/215/266 172/210/267
f 170/209/268 166/214/265 172/210/267
f 172/210/255 168/215/269 147/213/264
f 172/210/255 147/213/264 171/207/256
f 169/208/262 146/212/261 151/216/270
f 169/208/271 151/216/272 174/211/273
f 167/216/250 166/214/249 170/209/274
f 173/211/275 167/216/250 170/209/274
f 177/217/276 175/218/277 176/219/278
f 177/217/276 176/219/278 178/220/279
f 179/221/280 175/218/277 177/217/276
f 179/221/281 180/221/282 175/218/283
f 175/218/284 148/222/285 149/223/286
f 175/218/284 149/223/286 176/219/287
f 149/223/286 153/224/288 178/220/289
f 176/219/287 149/223/286 178/220/289
f 153/224/290 154/225/225 177/217/276
f 178/220/279 153/224/290 177/217/276
f 148/222/285 175/218/284 180/221/291
f 180/221/291 152/226/273 148/222/285
f 154/225/225 159/226/236 179/221/292
f 177/217/276 154/225/225 179/221/292
f 183/3/293 181/2/294 182/1/295
f 182/1/295 184/4/296 183/3/293
f 185/7/297 5/6/6 7/5/5
f 9/9/9 186/8/298 7/5/5
f 7/5/5 186/8/298 185/7/297
f 9/9/9 10/11/11 187/10/299
f 187/10/299 186/8/298 9/9/9
f 190/14/300 188/13/301 189/12/302
f 193/17/303 191/16/304 192/15/305
f 79/82/96 68/70/85 193/17/303
f 79/82/96 193/17/303 194/18/306
f 193/17/303 192/15/305 194/18/306
f 79/82/96 194/18/306 87/93/104
f 197/21/307 195/20/308 196/19/309
f 88/109/105 197/21/307 198/22/310
f 197/21/307 196/19/309 198/22/310
f 88/109/105 198/22/310 99/110/116
f 200/25/311 199/24/312 25/23/23
f 101/112/118 200/25/311 26/26/26
f 26/26/26 200/25/311 25/23/23
f 201/30/313 198/22/310 196/19/309
f 100/111/117 99/110/116 202/31/314
f 201/30/313 202/31/314 198/22/310
f 99/110/116 198/22/310 202/31/314
f 202/31/314 201/30/313 203/32/315
f 101/112/118 204/33/316 200/25/311
f 100/111/117 204/33/316 101/112/118
f 202/31/314 203/32/315 204/33/316
f 100/111/117 202/31/314 204/33/316
f 207/36/317 205/35/318 206/34/319
f 209/39/320 208/38/321 206/37/322
f 212/41/323 210/40/324 211/27/325
f 213/28/326 212/41/323 211/27/325
f 210/40/327 214/42/328 203/32/329
f 211/27/325 210/40/330 203/32/331
f 217/43/332 215/44/333 216/45/334
f 205/35/318 215/44/333 217/43/335
f 217/43/335 216/45/336 218/46/337
f 218/46/338 216/45/339 219/47/340
f 220/48/341 218/46/342 219/47/343
f 49/51/344 221/50/345 222/49/346
f 49/51/344 222/49/346 51/52/347
f 224/54/348 223/53/349 222/49/346
f 224/54/348 222/49/346 221/50/345
f 55/52/71 223/53/349 224/54/348
f 54/51/72 55/52/71 224/54/348
f 49/66/350 225/55/351 221/56/345
f 49/66/350 116/133/162 225/55/351
f 226/57/352 221/56/345 225/55/351
f 229/60/353 227/134/354 228/59/355
f 228/59/355 225/55/351 230/58/356
f 229/60/353 228/59/355 230/58/356
f 231/61/357 229/60/353 230/58/356
f 231/61/357 114/131/187 131/152/186
f 114/131/159 231/61/357 232/62/358
f 231/61/357 230/58/356 232/62/358
f 232/62/358 225/55/351 116/133/162
f 232/62/358 230/58/356 225/55/351
f 115/132/161 232/62/358 116/133/162
f 114/131/160 232/62/358 115/132/161
f 233/63/359 221/56/345 226/57/352
f 65/67/82 54/66/72 224/64/348
f 224/64/348 221/56/345 233/63/359
f 65/67/82 224/64/348 233/63/359
f 234/227/360 225/55/351 228/59/355
f 68/70/85 235/68/361 193/17/303
f 191/16/304 193/17/303 235/68/361
f 65/67/82 233/63/359 236/69/362
f 236/69/362 235/68/361 68/70/85
f 69/71/86 65/67/82 236/69/362
f 68/70/85 69/71/86 236/69/362
f 235/68/361 237/72/363 191/16/304
f 237/72/363 235/68/361 236/69/362
f 237/72/363 236/69/362 233/63/359
f 183/3/293 238/74/364 239/73/365
f 239/73/365 181/2/294 183/3/293
f 241/77/366 185/76/297 240/75/367
f 185/76/297 241/77/366 5/125/6
f 241/77/366 240/75/367 242/78/368
f 243/79/369 191/16/304 237/72/363
f 244/81/370 233/63/359 226/57/352
f 237/72/363 233/63/359 244/81/370
f 243/79/369 237/72/363 244/81/370
f 243/79/369 244/81/370 245/80/371
f 248/85/372 246/84/373 247/83/374
f 84/89/101 249/228/375 10/88/11
f 249/228/375 247/83/374 246/84/373
f 187/86/299 249/228/375 246/84/373
f 249/228/375 187/86/299 10/88/11
f 191/16/304 243/79/369 250/90/376
f 191/16/304 250/90/376 192/15/305
f 189/12/302 188/13/301 250/90/376
f 251/91/377 250/90/376 188/13/301
f 250/90/376 251/91/377 195/92/308
f 195/92/308 192/15/305 250/90/376
f 87/93/104 194/18/306 197/94/307
f 88/95/105 87/93/104 197/94/307
f 197/94/307 194/18/306 192/15/305
f 195/92/308 197/94/307 192/15/305
f 248/98/372 247/97/374 252/96/378
f 255/101/379 253/100/380 254/99/381
f 255/101/379 254/99/381 256/102/382
f 257/105/383 94/104/112 96/103/111
f 139/163/197 94/104/112 257/105/383
f 104/167/149 258/106/384 96/103/111
f 96/103/111 258/106/384 257/105/383
f 259/107/385 196/19/309 195/20/308
f 201/30/313 196/19/309 259/107/385
f 195/20/308 251/108/377 259/107/385
f 201/30/313 259/107/385 260/29/386
f 200/25/311 206/34/387 199/24/312
f 213/28/388 199/24/312 206/34/389
f 211/27/390 203/32/391 201/30/313
f 201/30/313 260/29/386 211/27/390
f 211/27/390 260/29/386 213/28/392
f 254/99/381 261/113/393 256/102/382
f 213/28/388 261/113/393 199/24/312
f 260/29/386 261/113/393 213/28/392
f 207/36/394 206/34/395 200/25/396
f 207/36/397 200/25/311 204/33/316
f 204/33/398 203/32/399 207/36/400
f 209/114/401 206/34/402 205/35/318
f 217/43/335 209/114/401 205/35/318
f 218/115/342 208/38/321 209/39/320
f 212/116/323 208/38/321 218/115/342
f 220/117/341 212/116/323 218/115/342
f 217/118/403 218/115/404 209/39/320
f 210/40/405 212/41/323 220/48/341
f 220/48/341 219/47/343 210/40/406
f 207/36/407 214/42/408 205/35/318
f 207/36/409 203/32/410 214/42/411
f 215/44/333 205/35/318 214/42/408
f 215/44/333 214/42/408 216/45/412
f 216/45/413 214/42/411 210/40/414
f 219/47/415 216/45/413 210/40/416
f 199/24/312 261/113/393 262/119/417
f 104/167/149 262/119/417 258/106/384
f 262/119/417 261/113/393 254/99/381
f 25/23/23 199/24/312 262/119/417
f 104/167/149 25/23/23 262/119/417
f 246/84/373 263/121/418 187/86/299
f 240/75/367 263/121/418 246/84/373
f 240/75/367 185/76/297 263/121/418
f 186/8/298 187/10/299 263/122/418
f 185/7/297 186/8/298 263/122/418
f 184/4/296 264/123/419 183/3/293
f 238/74/364 183/3/293 264/123/419
f 184/4/296 265/124/420 264/123/419
f 265/124/420 242/78/368 264/123/419
f 265/124/420 241/77/366 242/78/368
f 109/127/154 108/126/153 265/124/420
f 109/127/154 265/124/420 184/4/421
f 5/125/6 265/124/420 108/126/153
f 5/125/6 241/77/366 265/124/420
f 113/130/156 111/130/158 266/128/156
f 111/130/158 267/129/422 266/128/156
f 268/135/423 228/59/355 227/134/354
f 269/136/424 239/73/365 238/74/364
f 270/137/425 238/74/364 264/123/419
f 271/138/426 188/13/301 190/14/300
f 242/78/368 240/75/367 271/138/426
f 270/137/425 264/123/419 272/139/427
f 271/138/426 272/139/427 242/78/368
f 264/123/419 242/78/368 272/139/427
f 271/138/426 273/140/428 188/13/301
f 240/75/367 246/84/373 273/140/428
f 240/75/367 273/140/428 271/138/426
f 273/140/428 246/84/373 248/85/372
f 274/141/429 273/140/428 248/85/372
f 274/141/429 188/13/301 273/140/428
f 274/141/429 251/91/377 188/13/301
f 260/29/386 259/107/385 275/142/430
f 275/142/430 261/113/393 260/29/386
f 251/108/377 275/142/430 259/107/385
f 252/96/378 255/101/379 275/142/430
f 256/102/382 275/142/430 255/101/379
f 261/113/393 275/142/430 256/102/382
f 252/96/378 275/142/430 274/143/429
f 248/98/372 252/96/378 274/143/429
f 251/108/377 274/143/429 275/142/430
f 271/138/426 190/14/300 276/144/431
f 270/137/425 272/139/427 277/145/432
f 277/145/432 272/139/427 276/144/431
f 128/146/175 113/130/178 266/128/433
f 182/147/434 128/146/175 266/128/433
f 267/129/435 184/148/436 182/147/437
f 267/129/435 182/147/437 266/128/438
f 109/149/154 184/148/421 111/130/158
f 184/148/421 267/129/422 111/130/158
f 269/136/439 227/134/354 278/229/440
f 227/134/354 229/60/353 279/150/441
f 227/134/354 279/150/441 278/229/440
f 280/151/442 279/150/441 229/60/353
f 131/152/186 280/151/443 231/61/357
f 229/60/353 231/61/357 280/151/443
f 281/153/444 132/154/189 139/163/197
f 282/155/445 132/154/189 281/153/444
f 252/96/378 247/97/374 283/156/446
f 252/96/378 283/156/446 255/101/379
f 282/155/445 283/156/446 247/97/374
f 282/155/445 281/153/444 283/156/446
f 258/106/384 262/119/417 284/157/447
f 284/157/447 254/99/381 253/100/380
f 257/105/383 258/106/384 284/157/447
f 284/157/447 262/119/417 254/99/381
f 284/157/447 285/158/448 257/105/383
f 284/157/447 253/100/380 285/158/448
f 138/161/194 132/160/189 282/159/445
f 213/162/449 208/38/321 212/116/323
f 206/37/450 208/38/321 213/162/449
f 285/158/448 286/164/451 257/105/383
f 139/163/197 286/164/451 281/153/444
f 283/156/446 281/153/444 286/164/451
f 139/163/197 257/105/383 286/164/451
f 253/100/380 255/101/379 287/165/452
f 285/158/448 253/100/380 287/165/452
f 287/165/452 255/101/379 283/156/446
f 288/166/453 287/165/452 283/156/446
f 285/158/448 288/166/453 286/164/451
f 288/166/453 283/156/446 286/164/451
f 285/158/448 287/165/452 288/166/453
f 291/170/454 289/169/455 290/168/456
f 293/173/457 292/172/458 181/171/459
f 181/171/459 239/174/460 293/173/457
f 279/177/461 294/176/462 295/175/463
f 278/178/464 279/177/461 295/175/463
f 182/179/434 292/172/458 151/181/214
f 182/179/465 181/171/459 292/172/458
f 128/182/175 182/179/434 151/181/214
f 279/177/461 280/180/466 294/176/462
f 280/180/467 131/184/220 152/183/219
f 152/183/218 294/176/468 280/180/469
f 296/189/470 291/170/471 290/168/472
f 157/190/233 291/170/471 296/189/470
f 157/190/233 296/189/470 158/191/234
f 296/196/473 290/195/474 297/194/475
f 158/202/246 296/196/473 298/197/476
f 300/200/477 299/199/478 160/198/241
f 300/200/477 160/198/241 164/201/244
f 290/195/479 299/199/478 300/200/477
f 290/168/480 289/169/481 299/187/482
f 167/205/250 301/204/483 157/190/233
f 301/204/483 291/170/471 157/190/233
f 301/204/483 302/206/484 291/170/471
f 174/211/156 303/208/485 173/211/259
f 305/209/486 303/208/487 304/207/488
f 303/208/487 305/209/486 173/211/489
f 305/209/490 304/207/491 306/210/492
f 292/212/493 293/213/494 304/207/495
f 151/216/272 303/208/496 174/211/273
f 151/216/497 292/212/493 303/208/498
f 292/212/493 304/207/495 303/208/498
f 167/216/250 173/211/275 305/209/499
f 301/214/483 167/216/250 305/209/499
f 301/214/500 305/209/501 306/210/502
f 302/215/503 301/214/500 306/210/502
f 293/213/494 302/215/504 306/210/492
f 293/213/494 306/210/492 304/207/491
f 269/186/505 307/185/506 289/169/481
f 299/187/482 289/169/481 307/185/507
f 269/186/508 295/175/463 307/185/509
f 308/218/510 180/221/282 179/221/281
f 308/218/511 179/221/512 309/217/513
f 310/219/514 308/218/511 309/217/513
f 310/219/514 309/217/513 311/220/515
f 312/188/516 159/193/236 160/192/235
f 307/185/517 312/188/516 299/187/518
f 160/192/235 299/187/518 312/188/516
f 294/222/519 152/226/273 180/221/291
f 180/221/291 308/218/520 294/222/519
f 295/223/521 294/222/519 308/218/520
f 295/223/521 308/218/520 310/219/522
f 311/220/523 307/224/524 295/223/521
f 311/220/523 295/223/521 310/219/522
f 307/224/525 311/220/515 309/217/513
f 312/225/516 307/224/525 309/217/513
f 179/221/526 159/226/236 312/225/516
f 179/221/526 312/225/516 309/217/513
f 82/83/97 133/159/190 83/87/100
f 249/228/375 84/89/101 138/161/194
f 83/87/100 133/159/190 138/161/194
f 138/161/194 84/89/101 83/87/100
f 138/161/194 282/159/445 249/228/375
f 249/228/375 282/159/445 247/83/374
f 315/230/527 313/231/528 314/232/529
f 315/230/527 314/232/529 316/233/530
f 315/230/527 316/233/530 317/234/531
f 317/234/531 318/235/532 315/230/527
f 320/236/533 319/237/534 318/235/532
f 318/235/532 317/234/531 320/236/533
f 319/237/534 320/236/533 321/238/535
f 321/238/535 322/239/536 319/237/534
f 324/240/537 323/241/538 322/239/536
f 322/239/536 321/238/535 324/240/537
f 323/241/538 324/240/537 325/242/539
f 325/242/539 326/243/540 323/241/538
f 328/244/541 327/245/542 326/243/540
f 326/243/540 325/242/539 328/244/541
f 329/246/543 327/245/542 328/244/541
f 329/246/543 328/244/541 330/247/544
f 331/248/545 329/246/543 330/247/544
f 314/232/529 313/231/528 331/248/545
f 331/248/545 330/247/544 332/249/546
f 331/248/545 332/249/546 314/232/529
f 333/250/547 315/230/527 318/235/532
f 333/250/547 334/251/548 313/231/528
f 333/250/547 313/231/528 315/230/527
f 335/252/549 318/235/532 319/237/534
f 318/235/532 335/252/549 333/250/547
f 336/253/550 319/237/534 322/239/536
f 319/237/534 336/253/550 335/252/549
f 337/254/551 322/239/536 323/241/538
f 322/239/536 337/254/551 336/253/550
f 323/241/538 338/255/552 337/254/551
f 338/255/552 323/241/538 326/243/540
f 326/243/540 339/256/553 338/255/552
f 339/256/553 326/243/540 327/245/542
f 340/257/554 327/245/542 329/246/543
f 327/245/542 340/257/554 339/256/553
f 329/246/543 341/258/555 340/257/554
f 341/258/555 329/246/543 331/248/545
f 342/259/556 331/248/545 313/231/528
f 331/248/545 342/259/556 341/258/555
f 313/231/528 334/251/548 342/259/556
f 342/259/556 334/251/548 343/260/557
f 343/260/557 334/251/548 333/250/547
f 344/261/558 333/250/547 335/252/549
f 343/260/557 333/250/547 344/261/558
f 345/262/559 335/252/549 336/253/550
f 344/261/558 335/252/549 345/262/559
f 346/263/560 336/253/550 337/254/551
f 345/262/559 336/253/550 346/263/560
f 347/264/561 337/254/551 338/255/552
f 346/263/560 337/254/551 347/264/561
f 348/265/562 338/255/552 339/256/553
f 347/264/561 338/255/552 348/265/562
f 349/266/563 339/256/553 340/257/554
f 348/265/562 339/256/553 349/266/563
f 350/267/564 340/257/554 341/258/555
f 349/266/563 340/257/554 350/267/564
f 350/267/564 341/258/555 351/268/565
f 351/268/565 341/258/555 342/259/556
f 352/269/566 342/259/556 343/260/557
f 351/268/565 342/259/556 352/269/566
f 353/270/567 344/261/558 345/262/559
f 343/260/557 344/261/558 353/270/567
f 352/269/566 343/260/557 354/271/568
f 354/271/568 343/260/557 353/270/567
f 353/270/567 345/262/559 355/272/569
f 355/272/569 345/262/559 346/263/560
f 356/273/570 346/263/560 347/264/561
f 355/272/569 346/263/560 356/273/570
f 356/273/570 347/264/561 357/274/571
f 357/274/571 347/264/561 358/275/572
f 347/264/561 348/265/562 358/275/572
f 358/275/572 348/265/562 359/276/573
f 359/276/573 349/266/563 350/267/564
f 348/265/562 349/266/563 359/276/573
f 359/276/573 350/267/564 360/277/574
f 360/277/574 350/267/564 351/268/565
f 361/278/575 351/268/565 352/269/566
f 360/277/574 351/268/565 361/278/575
f 362/279/576 352/269/566 354/271/568
f 361/278/575 352/269/566 362/279/576
f 363/280/577 353/270/567 355/272/569
f 354/271/568 353/270/567 363/280/577
f 362/279/576 354/271/568 364/281/578
f 364/281/578 354/271/568 363/280/577
f 365/282/579 355/272/569 356/273/570
f 363/280/577 355/272/569 365/282/579
f 366/283/580 356/273/570 357/274/571
f 365/282/579 356/273/570 366/283/580
f 366/283/580 357/274/571 367/284/581
f 367/284/581 357/274/571 368/285/582
f 357/274/571 358/275/572 368/285/582
f 368/285/582 358/275/572 369/286/583
f 369/286/583 359/276/573 360/277/574
f 358/275/572 359/276/573 369/286/583
f 370/287/584 360/277/574 361/278/575
f 369/286/583 360/277/574 370/287/584
f 370/287/584 361/278/575 371/288/585
f 371/288/585 361/278/575 362/279/576
f 372/289/586 362/279/576 364/281/578
f 371/288/585 362/279/576 372/289/586
f 373/290/587 316/233/530 314/232/529
f 373/290/587 320/236/533 317/234/531
f 373/290/587 321/238/535 320/236/533
f 373/290/587 324/240/537 321/238/535
f 373/290/587 325/242/539 324/240/537
f 373/290/587 314/232/529 332/249/546
f 373/290/587 317/234/531 316/233/530
f 373/290/587 330/247/544 328/244/541
f 373/290/587 332/249/546 330/247/544
f 373/290/587 328/244/541 325/242/539
f 374/291/588 364/292/578 363/293/577
f 374/291/588 363/293/577 365/294/579
f 374/291/588 365/294/579 366/295/580
f 374/291/588 366/295/580 367/296/581
f 374/291/588 367/296/581 368/297/582
f 374/291/588 368/297/582 369/298/583
f 374/291/588 369/298/583 370/299/584
f 374/291/588 370/299/584 371/300/585
f 374/291/588 372/301/586 364/292/578
f 374/291/588 371/300/585 372/301/586
f 377/233/589 375/230/590 376/231/591
f 376/231/591 378/232/592 377/233/589
f 379/235/593 375/230/590 377/233/589
f 379/235/593 377/233/589 380/234/594
f 381/237/595 379/235/593 380/234/594
f 381/237/595 380/234/594 382/236/596
f 381/237/595 382/236/596 383/238/597
f 383/238/597 384/239/598 381/237/595
f 385/241/599 384/239/598 383/238/597
f 385/241/599 383/238/597 386/240/600
f 385/241/599 386/240/600 387/242/601
f 387/242/601 388/243/602 385/241/599
f 390/244/603 389/245/542 388/243/602
f 388/243/602 387/242/601 390/244/603
f 391/246/604 389/245/542 390/244/603
f 391/246/604 390/244/603 392/247/605
f 378/232/592 376/231/591 393/248/606
f 391/246/604 392/247/605 394/249/607
f 394/249/607 393/248/606 391/246/604
f 393/248/606 394/249/607 378/232/592
f 375/230/590 395/250/608 396/251/609
f 396/251/609 376/231/591 375/230/590
f 397/252/610 375/230/590 379/235/593
f 397/252/610 395/250/608 375/230/590
f 398/253/611 379/235/593 381/237/595
f 398/253/611 381/237/595 384/239/598
f 398/253/611 397/252/610 379/235/593
f 384/239/598 399/254/612 398/253/611
f 400/255/613 385/241/599 388/243/602
f 400/255/613 384/239/598 385/241/599
f 400/255/613 399/254/612 384/239/598
f 401/256/614 388/243/602 389/245/542
f 388/243/602 401/256/614 400/255/613
f 402/257/615 389/245/542 391/246/604
f 389/245/542 402/257/615 401/256/614
f 391/246/604 403/258/616 402/257/615
f 403/258/616 391/246/604 393/248/606
f 404/259/617 393/248/606 376/231/591
f 393/248/606 404/259/617 403/258/616
f 376/231/591 396/251/609 404/259/617
f 406/261/618 405/260/619 396/251/609
f 406/261/618 395/250/608 397/252/610
f 406/261/618 396/251/609 395/250/608
f 406/261/618 397/252/610 407/262/620
f 407/262/620 397/252/610 408/263/621
f 397/252/610 398/253/611 408/263/621
f 409/264/622 399/254/612 400/255/613
f 398/253/611 399/254/612 409/264/622
f 408/263/621 398/253/611 409/264/622
f 410/265/623 400/255/613 401/256/614
f 409/264/622 400/255/613 410/265/623
f 410/265/623 401/256/614 411/266/624
f 401/256/614 402/257/615 412/267/625
f 412/267/625 402/257/615 403/258/616
f 411/266/624 401/256/614 412/267/625
f 413/268/626 403/258/616 404/259/617
f 412/267/625 403/258/616 413/268/626
f 414/269/627 396/251/609 405/260/619
f 414/269/627 404/259/617 396/251/609
f 413/268/626 404/259/617 414/269/627
f 405/260/619 406/261/618 415/270/628
f 415/270/628 406/261/618 407/262/620
f 416/271/629 405/260/619 415/270/628
f 414/269/627 405/260/619 416/271/629
f 417/272/630 407/262/620 408/263/621
f 415/270/628 407/262/620 417/272/630
f 417/272/630 408/263/621 418/273/631
f 418/273/631 408/263/621 409/264/622
f 418/273/631 409/264/622 419/274/632
f 409/264/622 410/265/623 420/275/633
f 419/274/632 409/264/622 420/275/633
f 420/275/633 410/265/623 421/276/634
f 410/265/623 411/266/624 421/276/634
f 421/276/634 411/266/624 412/267/625
f 421/276/634 412/267/625 422/277/635
f 422/277/635 412/267/625 413/268/626
f 422/277/635 413/268/626 423/278/636
f 423/278/636 413/268/626 414/269/627
f 424/279/637 414/269/627 416/271/629
f 423/278/636 414/269/627 424/279/637
f 425/280/638 415/270/628 417/272/630
f 416/271/629 415/270/628 425/280/638
f 426/281/639 416/271/629 425/280/638
f 424/279/637 416/271/629 426/281/639
f 425/280/638 417/272/630 427/282/640
f 427/282/640 417/272/630 418/273/631
f 428/283/641 418/273/631 419/274/632
f 427/282/640 418/273/631 428/283/641
f 428/283/641 419/274/632 429/284/642
f 419/274/632 420/275/633 430/285/643
f 429/284/642 419/274/632 430/285/643
f 420/275/633 421/276/634 431/286/644
f 430/285/643 420/275/633 431/286/644
f 431/286/644 421/276/634 422/277/635
f 431/286/644 422/277/635 432/287/645
f 432/287/645 422/277/635 423/278/636
f 432/287/645 423/278/636 433/288/646
f 433/288/646 423/278/636 424/279/637
f 434/289/647 424/279/637 426/281/639
f 433/288/646 424/279/637 434/289/647
f 435/290/648 380/234/594 377/233/589
f 435/290/648 382/236/596 380/234/594
f 435/290/648 383/238/597 382/236/596
f 435/290/648 377/233/589 378/232/592
f 435/290/648 387/242/601 386/240/600
f 435/290/648 390/244/603 387/242/601
f 435/290/648 392/247/605 390/244/603
f 435/290/648 394/249/607 392/247/605
f 435/290/648 378/232/592 394/249/607
f 435/290/648 386/240/600 383/238/597
f 436/291/649 426/292/639 425/293/638
f 436/291/649 425/293/638 427/294/640
f 436/291/649 427/294/640 428/295/641
f 436/291/649 428/295/641 429/296/642
f 436/291/649 429/296/642 430/297/643
f 436/291/649 430/297/643 431/298/644
f 436/291/649 431/298/644 432/299/645
f 436/291/649 432/299/645 433/300/646
f 436/291/649 434/301/647 426/292/639
f 436/291/649 433/300/646 434/301/647
f 439/302/650 437/303/651 438/304/652
f 439/302/650 438/304/652 440/305/653
f 440/305/653 438/304/652 441/306/654
f 440/305/653 441/306/654 442/307/655
f 441/306/654 443/308/656 444/309/657
f 442/307/655 441/306/654 444/309/657
f 444/309/657 443/308/656 445/310/658
f 444/309/657 445/310/658 446/311/659
f 447/312/660 437/303/651 439/302/650
f 448/313/661 447/312/660 439/302/650
f 449/314/662 440/305/653 442/307/655
f 439/302/650 440/305/653 449/314/662
f 450/315/663 439/302/650 449/314/662
f 451/316/664 442/307/655 444/309/657
f 449/314/662 442/307/655 451/316/664
f 451/316/664 444/309/657 452/317/665
f 454/318/666 446/311/659 453/319/667
f 456/320/668 448/313/661 455/321/669
f 457/322/670 450/315/663 449/314/662
f 458/323/671 449/314/662 451/316/664
f 457/322/670 449/314/662 458/323/671
f 458/323/671 451/316/664 459/324/672
f 451/316/664 452/317/665 459/324/672
f 460/325/673 454/318/666 453/319/667
f 460/325/673 453/319/667 461/326/674
f 456/320/668 455/321/669 462/327/675
f 456/320/668 462/327/675 463/328/676
f 450/315/663 457/322/670 464/329/677
f 464/329/677 457/322/670 462/327/675
f 464/329/677 462/327/675 455/321/669
f 450/315/663 464/329/677 439/302/650
f 464/329/677 448/313/661 439/302/650
f 464/329/677 455/321/669 448/313/661
f 465/330/678 457/322/670 458/323/671
f 465/330/678 458/323/671 459/324/672
f 457/322/670 466/331/679 462/327/675
f 466/331/679 457/322/670 465/330/678
f 466/331/679 465/330/678 459/324/672
f 466/331/679 459/324/672 460/325/673
f 452/317/665 444/309/657 467/332/680
f 459/324/672 452/317/665 467/332/680
f 444/309/657 446/311/659 467/332/680
f 460/325/673 459/324/672 467/332/680
f 467/332/680 446/311/659 454/318/666
f 460/325/673 467/332/680 454/318/666
f 460/325/673 461/326/674 468/333/681
f 468/333/681 463/328/676 462/327/675
f 466/331/679 460/325/673 468/333/681
f 468/333/681 462/327/675 466/331/679
f 471/302/682 469/303/683 470/304/684
f 471/302/682 470/304/684 472/305/685
f 472/305/685 470/304/684 473/306/686
f 472/305/685 473/306/686 474/307/687
f 474/307/687 473/306/686 475/309/688
f 473/306/686 476/308/689 475/309/688
f 475/309/688 476/308/689 477/310/690
f 475/309/688 477/310/690 478/311/691
f 479/312/692 469/303/683 471/302/682
f 480/313/693 479/312/692 471/302/682
f 471/302/682 472/305/685 481/314/694
f 481/314/694 472/305/685 474/307/687
f 482/315/695 471/302/682 481/314/694
f 481/314/694 474/307/687 483/316/696
f 483/316/696 474/307/687 475/309/688
f 483/316/696 475/309/688 484/317/697
f 486/318/698 478/311/691 485/319/699
f 488/320/700 480/313/693 487/321/701
f 489/322/702 482/315/695 481/314/694
f 490/323/703 481/314/694 483/316/696
f 489/322/702 481/314/694 490/323/703
f 483/316/696 484/317/697 491/324/704
f 490/323/703 483/316/696 491/324/704
f 492/325/705 486/318/698 485/319/699
f 492/325/705 485/319/699 493/326/706
f 488/320/700 487/321/701 494/327/707
f 488/320/700 494/327/707 495/328/708
f 496/329/709 480/313/693 471/302/682
f 496/329/709 487/321/701 480/313/693
f 496/329/709 489/322/702 494/327/707
f 496/329/709 494/327/707 487/321/701
f 482/315/695 489/322/702 496/329/709
f 482/315/695 496/329/709 471/302/682
f 497/330/710 489/322/702 490/323/703
f 497/330/710 490/323/703 491/324/704
f 498/331/711 489/322/702 497/330/710
f 498/331/711 497/330/710 491/324/704
f 489/322/702 498/331/711 494/327/707
f 498/331/711 491/324/704 492/325/705
f 492/325/705 491/324/704 499/332/712
f 475/309/688 478/311/691 499/332/712
f 491/324/704 484/317/697 499/332/712
f 484/317/697 475/309/688 499/332/712
f 492/325/705 499/332/712 486/318/698
f 499/332/712 478/311/691 486/318/698
f 492/325/705 493/326/706 500/333/713
f 500/333/713 495/328/708 494/327/707
f 498/331/711 492/325/705 500/333/713
f 500/333/713 494/327/707 498/331/711
f 503/334/714 501/335/715 502/336/716
f 503/334/714 502/336/716 504/337/717
f 504/337/717 502/336/716 505/338/718
f 504/337/717 505/338/718 506/339/719
f 506/339/719 505/338/718 507/340/720
f 505/338/718 508/341/721 507/340/720
f 507/340/720 508/341/721 509/342/722
f 507/340/720 509/342/722 510/343/723
f 511/344/724 501/335/715 503/334/714
f 512/345/725 511/344/724 503/334/714
f 513/346/726 503/334/714 504/337/717
f 514/347/727 504/337/717 506/339/719
f 513/346/726 504/337/717 514/347/727
f 514/347/727 506/339/719 515/348/728
f 515/348/728 506/339/719 516/349/729
f 506/339/719 507/340/720 516/349/729
f 518/350/730 510/343/723 517/351/731
f 520/352/732 512/345/725 519/353/733
f 521/354/734 513/346/726 514/347/727
f 522/355/735 514/347/727 515/348/728
f 521/354/734 514/347/727 522/355/735
f 522/355/735 515/348/728 523/356/736
f 523/356/736 515/348/728 524/357/737
f 515/348/728 516/349/729 524/357/737
f 517/351/731 525/358/738 526/359/739
f 526/359/739 518/350/730 517/351/731
f 527/360/740 520/352/732 519/353/733
f 528/361/741 527/360/740 519/353/733
f 529/362/742 519/353/733 512/345/725
f 529/362/742 521/354/734 528/361/741
f 529/362/742 528/361/741 519/353/733
f 529/362/742 512/345/725 503/334/714
f 513/346/726 529/362/742 503/334/714
f 513/346/726 521/354/734 529/362/742
f 530/363/743 521/354/734 522/355/735
f 530/363/743 522/355/735 523/356/736
f 530/363/743 523/356/736 524/357/737
f 531/364/744 530/363/743 524/357/737
f 531/364/744 521/354/734 530/363/743
f 521/354/734 531/364/744 528/361/741
f 531/364/744 524/357/737 532/365/745
f 516/349/729 507/340/720 533/366/746
f 507/340/720 510/343/723 533/366/746
f 524/357/737 516/349/729 533/366/746
f 532/365/745 524/357/737 533/366/746
f 533/366/746 510/343/723 518/350/730
f 532/365/745 533/366/746 518/350/730
f 536/367/747 534/368/748 535/369/749
f 537/370/750 536/367/747 535/369/749
f 537/370/750 532/365/745 536/367/747
f 537/370/750 531/364/744 532/365/745
f 528/361/741 531/364/744 538/371/751
f 538/371/751 539/372/752 528/361/741
f 539/372/752 538/371/751 540/373/753
f 540/373/753 541/374/754 539/372/752
f 542/375/755 535/376/756 540/377/757
f 542/375/755 540/377/757 543/378/755
f 538/379/758 537/380/759 542/375/758
f 543/378/760 538/379/761 542/375/761
f 527/381/762 539/382/763 544/383/762
f 545/384/764 527/381/762 544/383/762
f 544/383/765 541/385/766 546/386/767
f 544/383/765 546/386/767 545/384/768
f 525/387/769 534/388/770 547/389/771
f 548/390/772 525/387/773 547/389/774
f 547/389/775 536/391/776 526/392/777
f 547/389/775 526/392/777 548/390/778
f 527/360/740 546/393/779 520/352/732
f 532/365/745 518/350/730 526/359/739
f 551/334/780 549/335/781 550/336/782
f 551/334/780 550/336/782 552/337/783
f 552/337/783 550/336/782 553/338/784
f 552/337/783 553/338/784 554/339/785
f 554/339/785 553/338/784 555/340/786
f 553/338/784 556/341/787 555/340/786
f 555/340/786 556/341/787 557/342/788
f 555/340/786 557/342/788 558/343/789
f 559/344/790 549/335/781 551/334/780
f 560/345/791 559/344/790 551/334/780
f 561/346/792 551/334/780 552/337/783
f 561/346/792 552/337/783 562/347/793
f 562/347/793 552/337/783 554/339/785
f 562/347/793 554/339/785 563/348/794
f 563/348/794 554/339/785 564/349/795
f 554/339/785 555/340/786 564/349/795
f 566/350/796 558/343/789 565/351/797
f 568/352/798 560/345/791 567/353/799
f 569/354/800 561/346/792 562/347/793
f 569/354/800 562/347/793 570/355/801
f 570/355/801 562/347/793 563/348/794
f 570/355/801 563/348/794 571/356/802
f 563/348/794 564/349/795 572/357/803
f 571/356/802 563/348/794 572/357/803
f 573/359/804 566/350/796 565/351/797
f 565/351/797 574/358/805 573/359/804
f 575/360/806 568/352/798 567/353/799
f 576/361/807 575/360/806 567/353/799
f 577/362/808 567/353/799 560/345/791
f 577/362/808 569/354/800 576/361/807
f 577/362/808 576/361/807 567/353/799
f 561/346/792 569/354/800 577/362/808
f 561/346/792 577/362/808 551/334/780
f 577/362/808 560/345/791 551/334/780
f 578/363/809 569/354/800 570/355/801
f 578/363/809 570/355/801 571/356/802
f 578/363/809 571/356/802 572/357/803
f 579/364/810 569/354/800 578/363/809
f 569/354/800 579/364/810 576/361/807
f 579/364/810 578/363/809 572/357/803
f 579/364/810 572/357/803 580/365/811
f 555/340/786 558/343/789 581/366/812
f 572/357/803 564/349/795 581/366/812
f 580/365/811 572/357/803 581/366/812
f 564/349/795 555/340/786 581/366/812
f 581/366/812 558/343/789 566/350/796
f 580/365/811 581/366/812 566/350/796
f 584/367/813 582/368/748 583/369/814
f 585/370/815 580/365/811 584/367/813
f 585/370/815 579/364/810 580/365/811
f 585/370/815 584/367/813 583/369/814
f 576/361/807 579/364/810 586/371/816
f 586/371/816 587/372/817 576/361/807
f 587/372/817 586/371/816 588/373/818
f 588/373/818 589/374/819 587/372/817
f 590/375/820 583/376/821 588/377/822
f 590/375/820 588/377/822 591/378/823
f 586/379/824 585/380/825 590/375/824
f 591/378/826 586/379/827 590/375/827
f 575/381/828 587/382/829 592/383/828
f 593/384/830 575/381/831 592/383/831
f 592/383/832 589/385/833 594/386/834
f 592/383/832 594/386/834 593/384/835
f 574/387/836 582/388/748 595/389/837
f 596/390/838 574/387/839 595/389/840
f 595/389/841 584/391/842 573/392/841
f 595/389/841 573/392/841 596/390/843
f 575/360/806 594/393/844 568/352/798
f 580/365/811 566/350/796 573/359/804
f 599/394/845 597/395/846 598/396/847
f 601/397/848 600/398/849 599/394/845
f 601/397/848 599/394/845 602/399/850
f 605/400/851 603/401/852 604/402/853
f 607/403/854 606/404/855 603/401/852
f 607/403/854 603/401/852 608/405/856
f 611/406/857 609/407/858 610/408/859
f 611/406/857 610/408/859 612/409/860
f 609/407/858 607/403/854 608/405/856
f 609/407/858 608/405/856 610/408/859
f 597/395/846 599/394/845 613/410/861
f 612/409/860 614/411/862 613/410/861
f 597/395/846 613/410/861 614/411/862
f 599/394/845 600/398/849 615/412/863
f 615/412/863 612/409/860 613/410/861
f 599/394/845 615/412/863 613/410/861
f 610/408/859 608/405/856 616/413/864
f 612/409/860 610/408/859 616/413/864
f 612/409/860 616/413/864 614/411/862
f 617/414/865 597/395/846 614/411/862
f 605/400/851 617/414/865 603/401/852
f 618/415/866 617/414/865 605/400/851
f 617/414/865 614/411/862 616/413/864
f 608/405/856 603/401/852 617/414/865
f 616/413/864 608/405/856 617/414/865
f 618/415/866 597/395/846 617/414/865
f 615/412/863 611/406/857 612/409/860
f 620/416/867 606/404/855 619/417/868
f 619/417/868 621/418/869 622/419/870
f 621/418/869 606/404/855 607/403/854
f 606/404/855 621/418/869 619/417/868
f 623/420/871 621/418/869 607/403/854
f 624/421/872 609/407/858 611/406/857
f 625/422/873 611/406/857 615/412/863
f 624/421/872 611/406/857 625/422/873
f 624/421/872 623/420/871 609/407/858
f 623/420/871 607/403/854 609/407/858
f 626/423/874 600/398/849 601/397/848
f 615/412/863 600/398/849 626/423/874
f 622/419/870 627/424/875 628/425/876
f 629/426/877 615/412/863 626/423/874
f 629/426/877 625/422/873 615/412/863
f 629/426/877 626/423/874 627/424/875
f 629/426/877 627/424/875 630/427/878
f 629/426/877 630/427/878 625/422/873
f 631/428/879 625/422/873 630/427/878
f 631/428/879 621/418/869 623/420/871
f 631/428/879 623/420/871 624/421/872
f 631/428/879 624/421/872 625/422/873
f 632/429/880 630/427/878 627/424/875
f 631/428/879 632/429/880 621/418/869
f 622/419/870 632/429/880 627/424/875
f 632/429/880 631/428/879 630/427/878
f 621/418/869 632/429/880 622/419/870
f 635/430/881 633/431/882 634/432/883
f 633/431/884 636/433/885 637/434/886
f 639/432/887 638/435/888 635/430/881
f 642/436/889 640/436/890 641/437/891
f 642/436/889 641/437/891 643/437/892
f 646/438/893 644/439/894 645/440/895
f 649/441/896 647/442/897 648/438/898
f 649/441/896 648/438/898 650/443/899
f 653/444/900 651/445/901 652/446/902
f 653/444/900 652/446/902 654/443/903
f 653/444/900 654/443/903 645/440/895
f 640/436/904 642/436/905 655/447/906
f 656/448/907 640/436/904 655/447/906
f 644/439/894 646/438/893 648/438/898
f 644/439/894 648/438/898 647/442/897
f 650/443/899 657/449/908 649/441/896
f 650/443/899 658/450/909 657/449/908
f 647/442/897 649/441/896 659/451/910
f 659/451/910 649/441/896 657/449/908
f 659/451/910 657/449/908 660/452/911
f 647/442/897 659/451/910 661/453/912
f 661/453/912 662/454/913 644/439/894
f 661/453/912 644/439/894 647/442/897
f 660/452/911 657/449/908 663/455/914
f 660/452/911 663/455/914 664/456/915
f 667/451/916 665/457/917 666/458/918
f 667/451/919 666/458/920 668/459/921
f 671/460/922 669/461/923 670/462/924
f 671/460/922 670/462/924 672/452/925
f 671/460/926 673/463/927 674/464/928
f 671/460/922 674/464/929 669/461/923
f 675/454/930 644/439/931 662/454/932
f 674/464/933 673/463/934 675/454/935
f 674/464/933 675/454/935 676/465/936
f 667/451/937 676/465/938 675/454/939
f 679/465/940 677/459/941 678/451/942
f 679/465/943 678/451/944 662/454/945
f 662/454/913 661/453/912 680/466/946
f 662/454/913 680/466/946 679/465/947
f 681/467/948 659/451/910 660/452/911
f 659/451/910 680/466/946 661/453/912
f 659/451/910 681/467/948 680/466/946
f 681/467/948 660/452/911 682/468/949
f 682/468/949 660/452/911 664/456/915
f 682/468/949 664/456/950 683/462/951
f 683/462/951 664/456/952 678/451/953
f 683/462/951 678/451/953 677/459/941
f 684/469/954 670/462/924 669/461/923
f 686/470/955 685/471/956 684/469/957
f 687/472/958 684/469/954 669/461/923
f 687/472/958 669/461/923 674/464/929
f 686/470/955 684/469/957 687/472/959
f 676/465/960 688/473/961 687/472/962
f 676/465/960 687/472/962 674/464/963
f 687/472/962 688/473/961 689/470/964
f 686/470/965 687/472/966 689/470/967
f 690/474/968 685/471/969 689/470/970
f 690/474/971 689/470/972 688/473/973
f 688/473/973 676/465/974 668/459/975
f 677/459/941 679/465/940 691/472/976
f 677/459/941 691/472/976 692/475/977
f 693/476/978 692/475/977 691/472/976
f 679/465/947 680/466/946 695/477/979
f 691/472/980 695/477/979 693/476/981
f 691/472/980 679/465/947 695/477/979
f 694/478/982 693/476/983 691/476/984
f 696/479/985 667/451/986 675/454/987
f 696/479/988 675/454/989 662/454/990
f 696/479/988 662/454/990 697/479/991
f 697/479/992 662/454/993 678/451/994
f 697/479/995 678/451/996 677/480/997
f 664/456/998 677/480/999 678/451/1000
f 664/456/1001 698/481/1002 677/480/997
f 664/456/1003 663/455/1004 665/457/1005
f 664/456/1006 665/457/1007 699/482/1008
f 664/456/1009 699/482/1010 698/481/1002
f 668/480/1011 665/457/1012 667/451/1013
f 668/480/1014 699/482/1010 665/457/1015
f 701/483/1016 700/484/1017 668/480/1014
f 640/436/1018 700/484/1017 701/483/1016
f 640/436/1018 701/483/1016 641/437/891
f 703/483/1019 702/485/1020 642/436/1021
f 677/480/997 702/485/1020 703/483/1019
f 677/480/997 703/483/1019 697/479/995
f 703/483/1019 642/436/1021 643/437/892
f 704/486/1022 702/485/1020 677/480/997
f 642/436/1023 702/485/1020 704/486/1022
f 704/486/1022 677/480/997 698/481/1002
f 655/447/906 642/436/1024 704/486/1022
f 705/486/1025 698/481/1002 699/482/1010
f 704/486/1022 705/486/1025 656/448/907
f 705/486/1025 704/486/1022 698/481/1002
f 704/486/1022 656/448/907 655/447/906
f 668/480/1014 700/484/1017 705/486/1025
f 705/486/1025 700/484/1017 640/436/1026
f 668/480/1014 705/486/1025 699/482/1010
f 705/486/1025 640/436/1026 656/448/907
f 673/463/1027 671/460/1028 706/487/1029
f 673/463/1030 706/487/1031 707/488/1032
f 708/489/1033 651/445/901 653/444/900
f 708/489/1033 709/490/1034 651/445/901
f 711/491/1035 710/492/1036 707/488/1037
f 711/491/1038 707/488/1039 712/493/1040
f 707/488/1039 706/487/1041 713/494/1042
f 712/493/1040 707/488/1039 713/494/1042
f 709/490/1043 706/487/1044 671/460/1045
f 706/487/1046 709/490/1047 714/495/1048
f 706/487/1046 714/495/1048 713/494/1049
f 715/496/1050 708/489/1033 710/492/1051
f 715/496/1050 710/492/1051 711/491/1052
f 709/490/1034 708/489/1033 715/496/1050
f 709/490/1034 715/496/1050 714/495/1053
f 663/455/914 651/445/901 672/452/925
f 663/455/914 672/452/925 665/457/1054
f 665/457/1054 672/452/925 670/462/924
f 665/457/1054 670/462/924 666/458/1055
f 668/459/975 716/497/1056 690/474/971
f 716/497/1056 685/471/1057 690/474/971
f 668/459/921 666/458/920 716/497/1058
f 682/468/949 717/498/1059 718/499/1060
f 682/468/949 718/499/1060 681/467/948
f 717/498/1059 682/468/949 683/462/951
f 717/498/1059 683/462/951 719/500/1061
f 719/500/1061 683/462/951 677/459/941
f 719/500/1061 677/459/941 692/475/977
f 692/475/977 693/476/1062 719/500/1061
f 716/497/1063 666/458/1055 670/462/924
f 716/497/1064 670/462/924 684/469/954
f 720/501/1065 644/439/894 675/454/1066
f 645/440/895 644/439/894 720/501/1065
f 637/434/886 721/502/1067 722/503/1068
f 637/434/886 636/433/885 721/502/1067
f 723/504/1069 658/450/909 650/443/899
f 724/505/1070 650/443/899 648/438/898
f 723/504/1069 650/443/899 724/505/1070
f 725/506/1071 723/504/1069 724/505/1070
f 725/506/1071 724/505/1070 726/507/1072
f 728/505/1073 652/446/902 727/508/1074
f 728/505/1073 727/508/1074 729/506/1075
f 728/505/1073 654/443/903 652/446/902
f 728/505/1073 729/506/1075 730/509/1076
f 731/510/1077 728/505/1073 730/509/1076
f 654/443/903 728/505/1073 731/510/1077
f 646/438/893 654/443/903 731/510/1077
f 731/510/1077 730/509/1076 732/511/1078
f 724/505/1070 648/438/898 733/512/1079
f 651/445/901 663/455/914 652/446/902
f 663/455/914 657/449/908 658/450/909
f 663/455/914 658/450/909 652/446/902
f 727/508/1074 652/446/902 658/450/909
f 727/508/1074 658/450/909 723/504/1069
f 637/434/886 734/513/1080 634/432/883
f 637/434/886 735/514/1081 734/513/1080
f 736/515/1082 734/513/1080 735/514/1081
f 736/515/1082 735/514/1081 737/516/1083
f 737/516/1083 735/514/1081 738/517/1084
f 737/516/1083 738/517/1084 739/518/1085
f 742/517/1086 740/514/1087 741/516/1088
f 742/517/1086 741/516/1088 743/518/1089
f 639/432/887 744/513/1090 745/434/1091
f 744/513/1090 740/514/1087 745/434/1091
f 741/516/1088 740/514/1087 744/513/1090
f 741/516/1088 744/513/1090 746/515/1092
f 749/519/1093 747/520/1094 748/521/1095
f 749/519/1093 748/521/1095 750/522/1096
f 752/523/1097 751/524/1098 747/520/1094
f 755/525/1099 753/526/1100 754/527/1101
f 752/523/1102 753/526/1100 751/524/1098
f 51/528/1103 756/529/1104 757/530/1105
f 51/528/1103 757/530/1105 50/531/65
f 760/532/1106 758/533/1107 759/534/1108
f 760/532/1106 759/534/1108 761/535/1109
f 758/533/1110 760/532/1111 762/536/1112
f 758/533/1113 762/536/1114 763/537/1115
f 765/538/1116 764/539/1117 761/535/1109
f 765/538/1116 761/535/1109 759/534/1108
f 768/540/1118 766/541/1119 767/542/1120
f 768/540/1118 767/542/1120 769/543/1121
f 771/544/1122 770/545/1123 769/543/1121
f 771/544/1122 769/543/1121 767/542/1120
f 774/546/1124 772/547/1125 773/548/1126
f 774/546/1124 773/548/1126 775/549/1127
f 777/550/1128 776/551/1129 770/545/1123
f 777/550/1128 770/545/1123 778/552/1130
f 770/545/1123 776/551/1129 779/553/1131
f 779/553/1131 768/540/1118 769/543/1121
f 770/545/1123 779/553/1131 769/543/1121
f 780/554/1132 778/552/1130 770/545/1123
f 780/554/1132 770/545/1123 771/544/1122
f 783/555/1133 781/556/1134 782/557/1135
f 768/540/1118 783/555/1133 766/541/1119
f 783/555/1133 782/557/1135 766/541/1119
f 766/541/1119 784/558/1136 767/542/1120
f 766/541/1119 782/557/1135 784/558/1136
f 771/544/1122 785/559/1137 780/554/1132
f 771/544/1122 786/560/1138 785/559/1137
f 787/561/1139 781/556/1134 783/555/1133
f 787/561/1139 783/555/1133 788/562/1140
f 767/542/1120 784/558/1136 786/560/1138
f 767/542/1120 786/560/1138 771/544/1122
f 785/559/1137 787/561/1139 788/562/1140
f 788/562/1140 780/554/1132 785/559/1137
f 789/563/1141 748/521/1095 747/520/1094
f 790/564/1142 747/520/1094 751/524/1098
f 789/563/1141 747/520/1094 790/564/1142
f 790/564/1142 751/524/1098 791/565/1143
f 792/566/1144 753/526/1100 755/525/1099
f 792/566/1144 755/525/1099 793/567/1145
f 794/568/1146 748/521/1095 789/563/1141
f 795/569/1147 781/556/1134 787/561/1139
f 791/565/1143 751/524/1098 753/526/1100
f 791/565/1143 753/526/1100 792/566/1144
f 755/525/1099 794/568/1146 795/569/1147
f 793/567/1145 787/561/1139 785/559/1137
f 793/567/1145 755/525/1099 795/569/1147
f 797/570/1148 796/571/1149 752/572/1102
f 800/573/1150 798/574/1151 799/575/1152
f 800/573/1150 799/575/1152 801/576/1153
f 800/573/1150 802/577/1154 798/574/1151
f 800/573/1150 803/578/1155 802/577/1154
f 804/579/1156 803/578/1155 800/573/1150
f 804/579/1156 805/580/1157 803/578/1155
f 805/580/1157 806/581/1158 803/578/1155
f 806/581/1158 802/577/1154 803/578/1155
f 806/581/1158 807/582/1159 802/577/1154
f 805/580/1157 808/583/1160 806/581/1158
f 810/584/1161 809/585/1162 808/583/1160
f 810/584/1161 808/583/1160 805/580/1157
f 813/586/1163 811/587/1164 812/588/1165
f 813/586/1163 812/588/1165 814/589/1166
f 817/590/1167 815/591/1168 816/592/1169
f 818/593/1170 817/590/1167 816/592/1169
f 816/592/1169 819/594/1171 820/595/1172
f 820/595/1172 819/594/1171 821/596/1173
f 822/597/1174 820/595/1172 821/596/1173
f 825/598/1175 823/599/1176 824/600/1177
f 827/601/1178 820/595/1172 826/602/1179
f 828/603/1180 827/601/1178 826/602/1179
f 745/434/1091 829/604/1181 638/435/1182
f 830/503/1183 829/604/1181 745/434/1091
f 638/435/1184 829/604/1185 831/605/1186
f 757/530/1105 829/604/1181 832/606/1187
f 832/606/1187 50/531/65 757/530/1105
f 832/606/1187 833/530/1188 52/607/69
f 50/531/65 832/606/1187 52/607/69
f 836/608/1189 834/609/1190 835/610/1191
f 836/608/1189 835/610/1191 837/608/1192
f 839/611/1193 838/612/1194 834/609/1195
f 839/611/1193 834/609/1195 836/608/1189
f 840/611/1196 837/608/1192 835/610/1191
f 841/613/1197 840/611/1198 835/610/1199
f 843/614/1200 839/611/1193 842/615/1201
f 843/614/1200 842/615/1201 844/616/1202
f 840/611/1196 845/614/1203 846/616/1204
f 847/615/1205 840/611/1196 846/616/1204
f 850/617/1206 848/618/1207 849/618/1208
f 850/617/1206 849/618/1208 851/617/1209
f 854/619/1210 852/620/1211 853/621/1212
f 854/619/1210 853/621/1212 855/622/1213
f 858/621/1214 856/623/1215 857/624/1216
f 858/621/1214 857/624/1216 859/622/1217
f 854/619/1210 855/622/1213 860/625/1218
f 862/626/1219 861/627/1220 860/625/1218
f 855/622/1213 862/626/1219 860/625/1218
f 863/628/1221 849/618/1222 848/618/1223
f 863/628/1221 848/618/1223 864/628/1224
f 858/621/1214 853/621/1212 852/620/1211
f 858/621/1214 852/620/1211 856/623/1215
f 865/629/1225 859/622/1217 857/624/1216
f 865/629/1225 866/626/1226 859/622/1217
f 867/630/1227 857/624/1216 856/623/1215
f 865/629/1225 857/624/1216 867/630/1227
f 865/629/1225 867/630/1227 868/631/1228
f 867/630/1227 856/623/1215 869/632/1229
f 852/620/1211 870/633/1230 869/632/1229
f 852/620/1211 869/632/1229 856/623/1215
f 872/634/1231 871/635/1232 865/629/1225
f 872/634/1231 865/629/1225 868/631/1228
f 876/636/1233 875/637/1234 874/638/1235
f 879/639/1236 877/640/1237 878/641/1238
f 879/639/1236 878/641/1238 880/631/1239
f 882/642/1240 881/643/1241 878/641/1242
f 882/642/1243 878/641/1238 877/640/1237
f 870/633/1244 852/620/1245 883/633/1246
f 883/633/1247 881/643/1248 882/642/1249
f 883/633/1247 882/642/1249 884/642/1250
f 884/642/1251 874/638/1252 873/644/1253
f 884/642/1254 873/644/1255 883/633/1256
f 887/644/1257 885/638/1258 886/642/1259
f 887/644/1260 886/642/1261 870/633/1262
f 888/645/1263 869/632/1229 870/633/1230
f 888/645/1263 870/633/1230 886/642/1264
f 868/631/1228 867/630/1227 889/646/1265
f 888/645/1263 867/630/1227 869/632/1229
f 888/645/1263 889/646/1265 867/630/1227
f 868/631/1228 889/646/1265 890/647/1266
f 872/634/1231 868/631/1228 890/647/1266
f 872/634/1267 890/647/1266 891/639/1268
f 885/638/1258 872/634/1269 891/639/1268
f 877/640/1237 879/639/1236 892/648/1270
f 892/648/1271 893/649/1272 894/650/1273
f 892/648/1270 894/650/1274 895/651/1275
f 877/640/1237 895/651/1275 882/642/1243
f 877/640/1237 892/648/1270 895/651/1275
f 895/651/1276 884/642/1277 882/642/1278
f 895/651/1276 896/652/1279 884/642/1277
f 897/653/1280 896/652/1279 895/651/1276
f 897/653/1280 895/651/1276 894/650/1281
f 897/653/1282 893/649/1283 898/654/1284
f 897/653/1285 898/654/1286 896/652/1287
f 874/638/1252 884/642/1251 896/652/1287
f 874/638/1252 896/652/1287 898/654/1286
f 900/651/1288 885/638/1258 899/655/1289
f 900/651/1288 886/642/1259 885/638/1258
f 900/651/1288 899/655/1289 901/656/1290
f 900/651/1291 901/656/1292 902/657/1293
f 903/651/1294 888/645/1263 886/642/1264
f 903/651/1294 886/642/1264 900/651/1295
f 901/656/1296 903/651/1294 900/651/1295
f 873/644/1297 874/658/1298 904/659/1299
f 873/644/1297 904/659/1299 883/633/1300
f 870/633/1301 883/633/1302 904/659/1303
f 870/633/1301 904/659/1303 905/659/1304
f 887/644/1305 870/633/1306 905/659/1307
f 887/644/1308 905/659/1309 885/658/1310
f 885/658/1310 906/660/1311 872/634/1312
f 885/658/1313 872/634/1314 887/644/1315
f 875/637/1316 871/635/1317 872/634/1318
f 861/627/1220 871/635/1232 875/637/1319
f 875/637/1316 872/634/1318 906/660/1311
f 907/661/1320 875/637/1316 906/660/1311
f 875/637/1321 907/661/1320 874/658/1298
f 875/637/1322 874/658/1323 873/644/1324
f 908/662/1325 874/658/1298 907/661/1320
f 874/658/1298 908/662/1325 909/663/1326
f 874/658/1298 909/663/1326 904/659/1299
f 909/663/1326 908/662/1325 848/618/1327
f 909/663/1326 848/618/1327 850/617/1206
f 906/660/1311 885/658/1310 910/664/1328
f 911/663/1329 910/664/1328 885/658/1310
f 911/663/1329 885/658/1310 905/659/1309
f 849/618/1330 910/664/1328 911/663/1329
f 851/617/1209 849/618/1330 911/663/1329
f 912/665/1331 910/664/1328 849/618/1332
f 906/660/1311 910/664/1328 912/665/1331
f 912/665/1331 849/618/1333 863/628/1221
f 906/660/1311 913/665/1334 907/661/1320
f 906/660/1311 912/665/1331 913/665/1334
f 864/628/1224 913/665/1334 912/665/1331
f 864/628/1224 912/665/1331 863/628/1221
f 848/618/1335 908/662/1325 913/665/1334
f 913/665/1334 908/662/1325 907/661/1320
f 864/628/1224 848/618/1335 913/665/1334
f 914/666/1336 878/641/1337 881/643/1338
f 914/666/1339 881/643/1340 915/667/1341
f 860/625/1218 861/627/1220 916/668/1342
f 854/619/1210 916/668/1342 917/669/1343
f 861/627/1220 918/670/1344 916/668/1342
f 915/667/1345 917/669/1346 919/671/1347
f 915/667/1348 919/671/1349 920/672/1350
f 921/673/1351 914/666/1352 915/667/1348
f 921/673/1351 915/667/1348 920/672/1350
f 878/641/1353 914/666/1354 918/670/1355
f 922/674/1356 918/670/1357 914/666/1358
f 922/674/1356 914/666/1358 921/673/1359
f 917/669/1343 916/668/1342 923/675/1360
f 917/669/1343 923/675/1360 919/671/1361
f 923/675/1360 916/668/1342 918/670/1344
f 923/675/1360 918/670/1344 922/674/1362
f 880/631/1239 861/627/1220 875/637/1319
f 879/639/1236 880/631/1239 875/637/1319
f 879/639/1236 875/637/1319 876/636/1363
f 924/676/1364 876/636/1233 874/638/1235
f 898/654/1286 893/649/1365 924/676/1366
f 924/676/1366 874/638/1252 898/654/1286
f 926/655/1367 925/677/1368 890/647/1266
f 926/655/1367 890/647/1266 889/646/1265
f 891/639/1268 890/647/1266 925/677/1368
f 891/639/1268 925/677/1368 927/677/1369
f 885/638/1258 891/639/1268 927/677/1369
f 927/677/1369 901/656/1370 899/655/1289
f 885/638/1258 927/677/1369 899/655/1289
f 879/639/1236 876/636/1363 892/648/1270
f 876/636/1363 924/676/1371 892/648/1270
f 928/678/1372 852/620/1211 854/619/1210
f 928/678/1372 917/669/1343 915/667/1373
f 883/633/1374 852/620/1211 928/678/1372
f 929/679/1375 839/611/1193 843/614/1200
f 929/679/1375 838/612/1194 839/611/1193
f 859/622/1217 866/626/1226 930/680/1376
f 931/681/1377 859/622/1217 930/680/1376
f 931/681/1377 930/680/1376 932/682/1378
f 858/621/1214 859/622/1217 931/681/1377
f 931/681/1377 932/682/1378 933/683/1379
f 935/680/1380 862/626/1219 934/681/1381
f 862/626/1219 855/622/1213 934/681/1381
f 936/682/1382 935/680/1380 934/681/1381
f 936/682/1382 934/681/1381 937/684/1383
f 934/681/1381 855/622/1213 938/685/1384
f 855/622/1213 853/621/1212 938/685/1384
f 937/684/1383 934/681/1381 938/685/1384
f 937/684/1383 938/685/1384 939/686/1385
f 858/621/1214 931/681/1377 940/685/1386
f 862/626/1219 871/635/1232 861/627/1220
f 862/626/1219 866/626/1226 871/635/1232
f 866/626/1226 865/629/1225 871/635/1232
f 866/626/1226 862/626/1219 935/680/1380
f 866/626/1226 935/680/1380 930/680/1376
f 941/687/1387 839/611/1193 836/608/1189
f 941/687/1387 842/615/1201 839/611/1193
f 842/615/1201 941/687/1387 942/688/1388
f 842/615/1201 942/688/1388 943/689/1389
f 844/616/1202 842/615/1201 943/689/1389
f 844/616/1202 943/689/1389 944/690/1390
f 945/689/1391 847/615/1205 846/616/1204
f 945/689/1391 846/616/1204 946/690/1392
f 947/687/1393 847/615/1205 945/689/1391
f 947/687/1393 837/608/1192 840/611/1196
f 847/615/1205 947/687/1393 840/611/1196
f 947/687/1393 945/689/1391 948/688/1394
f 951/691/1395 949/692/1396 950/693/1397
f 951/691/1395 950/693/1397 952/694/1398
f 949/692/1396 953/695/1399 954/696/1400
f 957/697/1401 955/698/1402 956/699/1403
f 952/694/1398 958/700/1404 951/691/1395
f 959/701/1405 956/699/1403 958/700/1404
f 962/702/1406 960/703/1407 961/704/1408
f 963/705/1409 756/529/1104 51/528/1103
f 963/705/1409 51/528/1103 222/706/1410
f 966/707/1411 964/708/1412 965/709/1413
f 966/707/1411 965/709/1413 967/710/1414
f 966/707/1415 967/710/1416 763/537/1417
f 762/536/1418 966/707/1419 763/537/1420
f 964/708/1412 764/539/1117 765/538/1116
f 964/708/1412 765/538/1116 965/709/1413
f 970/711/1421 968/712/1422 969/713/1423
f 970/711/1421 969/713/1423 971/714/1424
f 971/714/1424 972/715/1425 973/716/1426
f 971/714/1424 973/716/1426 970/711/1421
f 976/717/1427 974/718/1428 975/719/1429
f 977/720/1430 976/717/1427 975/719/1429
f 972/715/1425 978/721/1431 979/722/1432
f 972/715/1425 979/722/1432 980/723/1433
f 981/724/1434 978/721/1431 972/715/1425
f 981/724/1434 972/715/1425 971/714/1424
f 971/714/1424 969/713/1423 981/724/1434
f 972/715/1425 980/723/1433 982/725/1435
f 972/715/1425 982/725/1435 973/716/1426
f 968/712/1422 983/726/1436 969/713/1423
f 985/727/1437 984/728/1438 983/726/1436
f 985/727/1437 983/726/1436 968/712/1422
f 986/729/1439 968/712/1422 970/711/1421
f 986/729/1439 985/727/1437 968/712/1422
f 982/725/1435 987/730/1440 973/716/1426
f 987/730/1440 988/731/1441 973/716/1426
f 983/726/1436 984/728/1438 989/732/1442
f 983/726/1436 989/732/1442 990/733/1443
f 988/731/1441 970/711/1421 973/716/1426
f 988/731/1441 986/729/1439 970/711/1421
f 990/733/1443 989/732/1442 987/730/1440
f 987/730/1440 982/725/1435 990/733/1443
f 949/692/1396 951/691/1395 991/734/1444
f 992/735/1445 984/728/1438 985/727/1437
f 953/695/1399 949/692/1396 992/735/1445
f 992/735/1445 949/692/1396 991/734/1444
f 993/736/1446 985/727/1437 986/729/1439
f 956/699/1403 955/698/1402 994/737/1447
f 991/734/1444 951/691/1395 958/700/1404
f 991/734/1444 958/700/1404 995/738/1448
f 955/698/1402 953/695/1399 993/736/1446
f 994/737/1447 986/729/1439 988/731/1441
f 995/738/1448 958/700/1404 956/699/1403
f 995/738/1448 956/699/1403 996/739/1449
f 954/740/1450 997/741/1451 797/570/1148
f 954/740/1452 797/570/1453 998/742/1454
f 799/575/1152 798/574/1151 999/743/1455
f 802/577/1154 999/743/1455 798/574/1151
f 799/575/1152 999/743/1455 1000/744/1456
f 802/577/1154 1001/745/1457 999/743/1455
f 1001/745/1457 1002/746/1458 1003/747/1459
f 1001/745/1457 1003/747/1459 999/743/1455
f 802/577/1154 807/582/1159 1004/748/1460
f 802/577/1154 1004/748/1460 1001/745/1457
f 1004/748/1460 1002/746/1458 1001/745/1457
f 1004/748/1460 1005/749/1461 1002/746/1458
f 1005/749/1461 1006/750/1462 1007/751/1463
f 1005/749/1461 1007/751/1463 1002/746/1458
f 961/752/1408 811/587/1164 813/586/1163
f 962/753/1406 961/752/1408 813/586/1163
f 1009/702/1464 1008/754/1465 960/703/1407
f 1009/702/1464 960/703/1407 1010/755/1466
f 821/596/1173 819/594/1171 1011/756/1467
f 821/596/1173 1011/756/1467 1012/757/1468
f 1015/758/1469 1013/759/1470 1014/760/1471
f 1011/756/1467 1013/759/1470 1016/761/1472
f 1012/757/1468 1011/756/1467 1016/761/1472
f 1018/762/1473 841/613/1474 1017/763/1475
f 841/613/1476 1018/762/1477 840/611/1196
f 840/611/1196 1018/762/1477 845/614/1203
f 1019/757/1478 835/610/1479 834/609/1480
f 1020/764/1481 1018/762/1477 963/705/1409
f 963/705/1409 222/706/1410 1020/764/1481
f 223/765/1482 1021/705/1483 1020/764/1481
f 223/765/1482 1020/764/1481 222/706/1410
f 997/741/1451 1022/766/1484 797/570/1148
f 1023/767/1485 1022/766/1484 762/768/1486
f 797/570/1148 1022/766/1484 1023/767/1485
f 1023/767/1485 762/768/1487 1024/769/1488
f 1023/767/1485 1024/769/1488 797/570/1148
f 797/570/1148 1024/769/1488 796/571/1149
f 1006/750/1489 964/770/1412 966/771/1490
f 809/585/1162 761/772/1109 764/773/1117
f 764/773/1117 964/770/1412 1006/750/1489
f 760/774/1491 761/772/1109 809/585/1162
f 816/592/1169 815/591/1168 1025/775/1492
f 1026/776/1493 1022/766/1484 997/741/1451
f 1026/776/1493 997/741/1451 1027/777/1494
f 1007/751/1463 1028/778/1495 1002/746/1458
f 1027/777/1494 1028/778/1495 1026/776/1493
f 799/575/1152 1000/744/1456 1029/779/1496
f 1029/779/1496 749/780/1497 801/576/1153
f 752/572/1498 749/780/1499 1029/779/1500
f 1029/779/1496 801/576/1153 799/575/1152
f 1000/744/1456 950/781/1501 1029/779/1496
f 1029/779/1502 950/781/1503 954/740/1504
f 999/743/1455 1030/782/1505 1000/744/1456
f 999/743/1455 1003/747/1459 1030/782/1505
f 1030/782/1505 950/781/1501 1000/744/1456
f 759/534/1506 758/533/1507 967/710/1507
f 759/534/1506 967/710/1507 965/709/1508
f 758/533/1507 763/537/1509 967/710/1507
f 765/538/1510 759/534/1506 965/709/1508
f 1031/783/1511 838/612/1194 929/679/1375
f 721/502/1067 636/433/885 1031/783/1511
f 1032/529/1512 929/679/1375 1021/705/1483
f 833/530/1188 721/502/1067 1032/529/1512
f 1031/783/1511 929/679/1375 1032/529/1512
f 1032/529/1512 721/502/1067 1031/783/1511
f 754/527/1101 796/784/1149 1033/785/1513
f 1034/786/1514 804/787/1156 750/522/1096
f 750/522/1096 804/787/1156 1035/788/1515
f 804/579/1156 1036/789/1516 805/580/1157
f 709/490/1034 671/460/922 651/445/901
f 672/452/925 651/445/901 671/460/922
f 696/479/985 697/479/1517 703/483/1019
f 641/437/891 701/483/1016 703/483/1019
f 641/437/891 703/483/1019 643/437/892
f 696/479/985 703/483/1019 701/483/1016
f 1037/790/1518 712/493/1040 713/494/1042
f 1037/790/1519 711/491/1038 712/493/1040
f 695/477/979 680/466/946 681/467/948
f 681/467/948 718/499/1060 695/477/979
f 1038/791/1520 746/515/1092 736/515/1082
f 1038/791/1520 736/515/1082 1039/791/1521
f 1039/791/1521 736/515/1082 737/516/1083
f 1039/791/1521 737/516/1083 1040/792/1522
f 1040/792/1522 737/516/1083 739/518/1085
f 1040/792/1522 739/518/1085 1041/793/1523
f 743/518/1089 739/518/1085 738/517/1084
f 1041/793/1523 739/518/1085 743/518/1089
f 1041/793/1523 743/518/1089 1042/793/1524
f 1042/793/1524 743/518/1089 741/516/1088
f 1042/793/1524 741/516/1088 1043/792/1525
f 1043/792/1525 741/516/1088 746/515/1092
f 1043/792/1525 746/515/1092 1038/791/1520
f 732/511/1078 1044/794/1526 1045/794/1527
f 732/511/1078 1045/794/1527 1046/511/1528
f 1046/511/1528 1045/794/1527 1047/795/1529
f 726/507/1072 724/505/1070 733/512/1079
f 1046/511/1528 1047/795/1529 726/507/1072
f 726/507/1072 733/512/1079 1046/511/1528
f 726/507/1072 1048/796/1530 725/506/1071
f 726/507/1072 1047/795/1529 1048/796/1530
f 725/506/1071 1048/796/1530 1049/796/1531
f 729/506/1075 723/504/1069 725/506/1071
f 729/506/1075 727/508/1074 723/504/1069
f 725/506/1071 1049/796/1531 729/506/1075
f 729/506/1075 1050/795/1532 730/509/1076
f 729/506/1075 1049/796/1531 1050/795/1532
f 730/509/1076 1050/795/1532 1044/794/1526
f 730/509/1076 1044/794/1526 732/511/1078
f 733/512/1079 648/438/898 646/438/893
f 646/438/893 731/510/1077 733/512/1079
f 1046/511/1528 733/512/1079 731/510/1077
f 1046/511/1528 731/510/1077 732/511/1078
f 746/515/1092 744/513/1090 734/513/1080
f 734/513/1080 736/515/1082 746/515/1092
f 634/432/883 734/513/1080 744/513/1090
f 738/517/1084 742/517/1086 743/518/1089
f 830/503/1183 742/517/1086 738/517/1084
f 1037/790/1533 713/494/1534 714/495/1535
f 689/470/1536 685/471/1537 686/470/1538
f 685/471/1539 716/497/1064 684/469/954
f 717/498/1059 693/476/1540 718/499/1060
f 695/477/979 718/499/1060 693/476/1541
f 717/498/1059 719/500/1061 693/476/1542
f 1037/790/1543 715/496/1544 711/491/1545
f 714/495/1546 715/496/1547 1037/790/1548
f 1053/797/1549 1051/798/1550 1052/799/1551
f 772/547/1125 1054/800/1552 773/548/1126
f 1056/801/1553 1054/800/1552 1055/802/1554
f 1057/803/1555 773/548/1126 1054/800/1552
f 1056/801/1556 1057/803/1555 1054/800/1552
f 773/548/1126 1058/804/1557 775/549/1127
f 1058/804/1557 773/548/1126 1057/803/1555
f 1060/805/1558 1059/806/1559 777/550/1128
f 1061/807/1560 1059/806/1559 1060/805/1558
f 1062/808/1561 1061/807/1560 1060/805/1558
f 1062/808/1561 1063/809/1562 1061/807/1560
f 1064/810/1563 1061/807/1560 1063/809/1562
f 1061/807/1560 1065/811/1564 1059/806/1559
f 1064/810/1563 1065/811/1564 1061/807/1560
f 1066/798/1565 1052/799/1551 1051/798/1550
f 1051/798/1550 1065/811/1564 1066/798/1565
f 1066/798/1565 1065/811/1564 1064/810/1563
f 775/549/1127 1058/804/1557 1067/812/1566
f 1067/812/1566 1068/813/1567 775/549/1127
f 1063/809/1562 1069/814/1568 1064/810/1563
f 1069/814/1568 1063/809/1562 1070/815/1569
f 1062/808/1561 1070/815/1569 1063/809/1562
f 1073/816/1570 1071/817/1571 1072/818/1572
f 1071/817/1571 1073/816/1570 1074/819/1573
f 1075/820/1574 1071/817/1571 1074/819/1573
f 1075/820/1574 1068/813/1567 1071/817/1571
f 1068/813/1567 1072/818/1572 1071/817/1571
f 1062/808/1561 1060/805/1558 1076/821/1575
f 1074/819/1573 1076/821/1575 1075/820/1574
f 1076/821/1575 1074/819/1573 1077/822/1576
f 1076/821/1575 1077/822/1576 1062/808/1561
f 1078/823/1577 1070/815/1569 1062/808/1561
f 1078/823/1577 1077/822/1576 1074/819/1573
f 1062/808/1561 1077/822/1576 1078/823/1577
f 1074/819/1573 1073/816/1570 1078/823/1577
f 1078/823/1577 1079/824/1578 1070/815/1569
f 1069/814/1568 1070/815/1569 1079/824/1578
f 1072/818/1572 1068/813/1567 1067/812/1566
f 1078/823/1577 1073/816/1570 1080/825/1579
f 1080/825/1579 1073/816/1570 1072/818/1572
f 1072/818/1572 1081/826/1580 1080/825/1579
f 1067/812/1566 1081/826/1580 1072/818/1572
f 1080/825/1579 1082/827/1581 1078/823/1577
f 1078/823/1577 1082/827/1581 1079/824/1578
f 1082/827/1581 1083/828/1582 1079/824/1578
f 1080/825/1579 1084/829/1583 1082/827/1581
f 1082/827/1584 1084/829/1585 1083/828/1586
f 1085/830/1587 1083/828/1588 1055/802/1554
f 1079/824/1589 1083/828/1590 1085/830/1591
f 1056/801/1592 1084/829/1593 1080/825/1579
f 1081/826/1580 1056/801/1594 1080/825/1579
f 1055/802/1554 1084/829/1595 1056/801/1596
f 1084/829/1597 1055/802/1554 1083/828/1588
f 1079/824/1578 1085/830/1598 1069/814/1568
f 1067/812/1566 1086/831/1599 1081/826/1580
f 1081/826/1580 1086/831/1600 1056/801/1594
f 1058/804/1557 1086/831/1601 1067/812/1566
f 1057/803/1555 1086/831/1602 1058/804/1557
f 1086/831/1602 1057/803/1555 1056/801/1596
f 1069/814/1568 1085/830/1603 1087/832/1604
f 1069/814/1568 1087/832/1604 1064/810/1563
f 1064/810/1563 1087/832/1604 1066/798/1565
f 1085/830/1605 1088/833/1606 1087/832/1604
f 1066/798/1565 1087/832/1604 1088/833/1606
f 1088/833/1606 1052/799/1551 1066/798/1565
f 777/550/1128 1089/834/1607 1090/835/1608
f 1090/835/1608 776/551/1129 777/550/1128
f 1090/835/1608 1089/834/1607 1091/836/1609
f 1089/834/1607 777/550/1128 1092/837/1610
f 1091/836/1609 1089/834/1607 1092/837/1610
f 1092/837/1610 777/550/1128 1059/806/1559
f 1065/811/1564 1051/798/1550 1092/837/1610
f 1059/806/1559 1065/811/1564 1092/837/1610
f 1051/798/1550 1053/797/1549 1092/837/1610
f 1092/837/1610 1053/797/1549 1091/836/1609
f 1090/835/1608 779/553/1131 776/551/1129
f 1090/835/1608 1093/838/1611 1094/839/1612
f 1095/840/1613 1090/835/1608 1094/839/1612
f 1095/840/1613 1094/839/1612 772/547/1125
f 1095/840/1613 772/547/1125 774/546/1124
f 779/553/1131 1095/840/1613 774/546/1124
f 1090/835/1608 1095/840/1613 779/553/1131
f 1091/836/1609 1093/838/1611 1090/835/1608
f 768/540/1118 1096/841/1614 1075/820/1574
f 779/553/1131 774/546/1124 1096/841/1614
f 1096/841/1614 774/546/1124 775/549/1127
f 768/540/1118 779/553/1131 1096/841/1614
f 1075/820/1574 1096/841/1614 1068/813/1567
f 1096/841/1614 775/549/1127 1068/813/1567
f 1075/820/1574 1097/842/1615 768/540/1118
f 1076/821/1575 1097/842/1615 1075/820/1574
f 1060/805/1558 1098/843/1616 1076/821/1575
f 1076/821/1575 1098/843/1616 1097/842/1617
f 777/550/1128 1098/843/1616 1060/805/1558
f 1098/843/1616 777/550/1128 778/552/1130
f 788/562/1140 778/552/1130 780/554/1132
f 1098/843/1616 778/552/1130 788/562/1140
f 1097/842/1618 783/555/1133 768/540/1118
f 1098/843/1616 788/562/1140 783/555/1133
f 783/555/1133 1097/842/1619 1098/843/1616
f 1091/836/1609 1053/797/1549 772/547/1125
f 1091/836/1609 772/547/1125 1094/839/1612
f 1094/839/1612 1093/838/1611 1091/836/1609
f 772/547/1125 1053/797/1549 1099/844/1620
f 1099/844/1620 1054/800/1552 772/547/1125
f 1085/830/1587 1055/802/1554 1099/844/1620
f 1052/799/1551 1088/833/1606 1099/844/1620
f 1099/844/1620 1053/797/1549 1052/799/1551
f 1055/802/1554 1054/800/1552 1099/844/1620
f 1088/833/1606 1085/830/1621 1099/844/1620
f 750/522/1096 1035/788/1515 749/519/1622
f 1036/845/1516 804/787/1156 1034/786/1514
f 752/523/1102 796/784/1149 754/527/1101
f 55/528/1623 1032/529/1512 1021/705/1483
f 55/528/1623 1021/705/1483 223/765/1482
f 833/530/1188 1032/529/1512 55/528/1623
f 52/607/69 833/530/1188 55/528/1623
f 1100/846/1624 52/607/69 55/528/1625
f 1100/846/1624 51/528/1626 50/531/1627
f 1100/846/1624 50/531/1627 52/607/69
f 801/576/1153 749/780/1497 1035/847/1515
f 1035/847/1515 804/579/1156 800/573/1150
f 801/576/1153 1035/847/1515 800/573/1150
f 796/571/1149 1024/769/1488 1033/848/1513
f 1024/769/1488 1101/849/1628 1033/848/1513
f 810/584/1161 1101/849/1628 1102/850/1629
f 810/584/1161 1102/850/1629 809/585/1162
f 1102/850/1629 1101/849/1628 1024/769/1488
f 762/768/1630 1102/850/1629 1024/769/1488
f 760/774/1491 1102/850/1629 762/768/1631
f 809/585/1162 1102/850/1629 760/774/1491
f 1103/851/1632 1101/849/1628 810/584/1161
f 1033/848/1513 1101/849/1628 1103/851/1632
f 805/580/1157 1103/851/1632 810/584/1161
f 1104/852/1633 1103/853/1632 1034/786/1514
f 1033/785/1513 1103/853/1632 754/527/1101
f 754/527/1101 1103/853/1632 1104/852/1633
f 1034/786/1514 1103/853/1632 1036/845/1516
f 1036/789/1516 1103/851/1632 805/580/1157
f 1106/597/1634 1105/854/1635 633/431/1636
f 636/433/885 1105/854/1635 1031/783/1511
f 633/431/884 1105/854/1635 636/433/885
f 1107/596/1637 1105/854/1635 1106/597/1634
f 1031/783/1511 1105/854/1635 1107/596/1637
f 1110/855/1638 1108/856/1639 1109/857/1640
f 1111/858/1641 1108/856/1639 1110/855/1638
f 1109/859/1642 1018/762/1473 1017/763/1475
f 963/705/1409 1018/762/1477 1109/859/1643
f 1109/859/1643 1108/860/1639 963/705/1409
f 963/705/1409 1108/860/1639 1111/861/1641
f 756/529/1104 1111/861/1641 757/530/1105
f 963/705/1409 1111/861/1641 756/529/1104
f 1111/861/1641 1112/862/1644 757/530/1105
f 1113/863/1645 829/604/1181 757/530/1105
f 757/530/1105 1112/862/1644 1113/863/1645
f 1113/864/1646 1112/865/1644 1110/855/1638
f 1110/855/1638 1112/865/1644 1111/858/1641
f 721/502/1067 1114/866/1647 722/503/1068
f 722/503/1068 1114/866/1647 830/503/1183
f 1114/866/1647 829/604/1181 830/503/1183
f 833/530/1188 1114/866/1647 721/502/1067
f 832/606/1187 829/604/1181 1114/866/1647
f 832/606/1187 1114/866/1647 833/530/1188
f 1027/867/1494 997/868/1451 957/697/1401
f 952/694/1398 1003/869/1459 959/701/1405
f 1030/870/1505 1003/869/1459 952/694/1398
f 1002/746/1458 1115/871/1648 1003/747/1459
f 861/627/1220 878/641/1238 918/670/1344
f 878/641/1238 861/627/1220 880/631/1239
f 911/663/1329 850/617/1206 851/617/1209
f 911/663/1329 905/659/1649 904/659/1299
f 909/663/1326 911/663/1329 904/659/1299
f 911/663/1329 909/663/1326 850/617/1206
f 920/672/1350 919/671/1349 1116/872/1650
f 921/673/1351 920/672/1350 1116/872/1651
f 903/651/1294 926/655/1367 889/646/1265
f 889/646/1265 888/645/1263 903/651/1294
f 942/688/1388 948/688/1394 1117/873/1652
f 943/689/1389 942/688/1388 1118/873/1653
f 944/690/1390 943/689/1389 1119/874/1654
f 946/690/1392 944/690/1390 1120/875/1655
f 844/616/1202 944/690/1390 946/690/1392
f 945/689/1391 946/690/1392 1121/875/1656
f 948/688/1394 945/689/1391 1122/874/1657
f 1124/876/1658 1123/876/1659 939/686/1385
f 1118/873/1653 1123/876/1659 1124/876/1658
f 1124/876/1658 939/686/1385 1125/686/1660
f 1119/874/1654 1124/876/1658 1126/877/1661
f 1126/877/1661 1124/876/1658 1125/686/1660
f 940/685/1386 931/681/1377 933/683/1379
f 940/685/1386 933/683/1379 1125/686/1660
f 1126/877/1661 1125/686/1660 933/683/1379
f 1127/878/1662 933/683/1379 932/682/1378
f 1127/878/1662 1126/877/1661 933/683/1379
f 1120/875/1655 1126/877/1661 1127/878/1662
f 1121/875/1656 1127/878/1662 1128/878/1663
f 1128/878/1663 1127/878/1662 932/682/1378
f 930/680/1376 936/682/1382 932/682/1378
f 930/680/1376 935/680/1380 936/682/1382
f 1128/878/1663 932/682/1378 936/682/1382
f 1129/877/1664 936/682/1382 937/684/1383
f 1122/874/1657 1128/878/1663 1129/877/1664
f 1129/877/1664 1128/878/1663 936/682/1382
f 1123/876/1659 1129/877/1664 937/684/1383
f 1123/876/1659 937/684/1383 939/686/1385
f 1117/873/1652 1129/877/1664 1123/876/1659
f 853/621/1212 858/621/1214 940/685/1386
f 940/685/1386 938/685/1384 853/621/1212
f 938/685/1384 1125/686/1660 939/686/1385
f 938/685/1384 940/685/1386 1125/686/1660
f 836/608/1189 837/608/1192 947/687/1393
f 947/687/1393 941/687/1387 836/608/1189
f 948/688/1394 942/688/1388 941/687/1387
f 941/687/1387 947/687/1393 948/688/1394
f 845/614/1203 843/614/1200 844/616/1202
f 946/690/1392 846/616/1204 844/616/1202
f 844/616/1202 846/616/1204 845/614/1203
f 922/674/1665 921/673/1666 1116/872/1667
f 894/650/1668 893/649/1669 897/653/1670
f 892/648/1271 924/676/1671 893/649/1672
f 926/655/1367 901/656/1673 925/677/1368
f 901/656/1674 926/655/1367 903/651/1294
f 901/656/1675 927/677/1369 925/677/1368
f 919/671/1676 923/675/1677 1116/872/1678
f 1116/872/1679 923/675/1680 922/674/1681
f 1130/879/1682 1025/775/1492 1009/702/1464
f 1025/775/1492 1008/754/1465 1009/702/1464
f 1133/880/1683 1131/881/1684 1132/882/1685
f 976/717/1427 1134/883/1686 974/718/1428
f 1136/884/1687 1134/883/1686 1135/885/1688
f 1134/883/1686 976/717/1427 1137/886/1689
f 1134/883/1686 1137/886/1689 1135/885/1690
f 977/720/1430 1138/887/1691 976/717/1427
f 1137/886/1689 976/717/1427 1138/887/1691
f 1141/888/1692 1139/889/1693 1140/890/1694
f 979/722/1432 1139/889/1693 1141/888/1692
f 1141/888/1692 1140/890/1694 1142/891/1695
f 1144/892/1696 1140/890/1694 1143/893/1697
f 1140/890/1694 1144/892/1696 1142/891/1695
f 1140/890/1694 1145/894/1698 1143/893/1697
f 1139/889/1693 1145/894/1698 1140/890/1694
f 1131/881/1684 1133/880/1683 1146/881/1699
f 1143/893/1697 1145/894/1698 1146/881/1699
f 1146/881/1699 1145/894/1698 1131/881/1684
f 977/720/1430 1147/895/1700 1148/896/1701
f 1148/896/1701 1138/887/1691 977/720/1430
f 1143/893/1697 1149/897/1702 1144/892/1696
f 1150/898/1703 1144/892/1696 1149/897/1702
f 1144/892/1696 1150/898/1703 1142/891/1695
f 1153/724/1704 1151/899/1705 1152/900/1706
f 1154/901/1707 1152/900/1706 1151/899/1705
f 1154/901/1707 1151/899/1705 1155/902/1708
f 1151/899/1705 1153/724/1704 1147/895/1700
f 1151/899/1705 1147/895/1700 1155/902/1708
f 1155/902/1708 1156/903/1709 1154/901/1707
f 1156/903/1709 1141/888/1692 1142/891/1695
f 1157/904/1710 1154/901/1707 1156/903/1709
f 1142/891/1695 1157/904/1710 1156/903/1709
f 1142/891/1695 1150/898/1703 1158/905/1711
f 1158/905/1711 1152/900/1706 1154/901/1707
f 1158/905/1711 1157/904/1710 1142/891/1695
f 1154/901/1707 1157/904/1710 1158/905/1711
f 1150/898/1703 1159/906/1712 1158/905/1711
f 1159/906/1712 1150/898/1703 1149/897/1702
f 1148/896/1701 1147/895/1700 1153/724/1704
f 1153/724/1704 1152/900/1706 1160/907/1713
f 1160/907/1713 1152/900/1706 1158/905/1711
f 1160/907/1713 1161/908/1714 1153/724/1704
f 1153/724/1704 1161/908/1714 1148/896/1701
f 1158/905/1711 1162/909/1715 1160/907/1713
f 1159/906/1712 1162/909/1715 1158/905/1711
f 1159/906/1712 1163/910/1716 1162/909/1715
f 1162/909/1715 1164/911/1717 1160/907/1713
f 1163/910/1718 1164/911/1719 1162/909/1720
f 1136/884/1687 1163/910/1721 1165/912/1722
f 1165/912/1723 1163/910/1724 1159/906/1725
f 1160/907/1713 1135/885/1726 1161/908/1714
f 1160/907/1727 1164/911/1719 1135/885/1728
f 1135/885/1729 1164/911/1730 1136/884/1731
f 1163/910/1721 1136/884/1687 1164/911/1732
f 1149/897/1702 1165/912/1733 1159/906/1712
f 1148/896/1701 1166/913/1734 1138/887/1691
f 1161/908/1714 1166/913/1735 1148/896/1701
f 1135/885/1726 1166/913/1736 1161/908/1714
f 1135/885/1737 1137/886/1689 1166/913/1738
f 1138/887/1691 1166/913/1738 1137/886/1689
f 1167/914/1739 1165/912/1740 1149/897/1702
f 1143/893/1697 1167/914/1739 1149/897/1702
f 1146/881/1699 1167/914/1739 1143/893/1697
f 1168/915/1741 1167/914/1739 1146/881/1699
f 1146/881/1699 1133/880/1683 1168/915/1741
f 1167/914/1739 1168/915/1741 1165/912/1742
f 1170/916/1743 1169/917/1744 979/722/1432
f 979/722/1432 978/721/1431 1170/916/1743
f 1171/918/1745 1169/917/1744 1170/916/1743
f 1172/919/1746 1169/917/1744 1171/918/1745
f 1172/919/1746 1131/881/1684 1145/894/1698
f 1172/919/1746 1145/894/1698 1139/889/1693
f 1139/889/1693 979/722/1432 1172/919/1746
f 1172/919/1746 1132/882/1685 1131/881/1684
f 1171/918/1745 1132/882/1685 1172/919/1746
f 1172/919/1746 979/722/1432 1169/917/1744
f 978/721/1431 981/724/1434 1170/916/1743
f 1174/920/1747 1173/884/1748 1170/916/1743
f 974/718/1428 1174/920/1747 1175/921/1749
f 975/719/1429 974/718/1428 1175/921/1749
f 975/719/1429 1175/921/1749 981/724/1434
f 1174/920/1747 1170/916/1743 1175/921/1749
f 981/724/1434 1175/921/1749 1170/916/1743
f 1170/916/1743 1173/884/1748 1171/918/1745
f 1176/922/1750 975/719/1429 981/724/1434
f 977/720/1430 975/719/1429 1176/922/1750
f 1176/922/1750 981/724/1434 969/713/1423
f 1147/895/1700 977/720/1430 1176/922/1750
f 1155/902/1708 1176/922/1750 969/713/1423
f 1147/895/1700 1176/922/1750 1155/902/1708
f 969/713/1423 1177/923/1751 1155/902/1708
f 1155/902/1708 1177/923/1751 1156/903/1709
f 1177/923/1752 1178/723/1753 1156/903/1709
f 1156/903/1709 1178/723/1753 1141/888/1692
f 1141/888/1692 1178/723/1753 979/722/1432
f 982/725/1435 980/723/1433 990/733/1443
f 990/733/1443 980/723/1433 1178/723/1753
f 980/723/1433 979/722/1432 1178/723/1753
f 969/713/1423 983/726/1436 1177/923/1754
f 1178/723/1753 1177/923/1755 983/726/1436
f 983/726/1436 990/733/1443 1178/723/1753
f 1174/920/1747 974/718/1428 1171/918/1745
f 974/718/1428 1132/882/1685 1171/918/1745
f 1171/918/1745 1173/884/1748 1174/920/1747
f 1179/924/1756 1136/884/1687 1165/912/1722
f 1179/924/1756 1132/882/1685 974/718/1428
f 974/718/1428 1134/883/1686 1179/924/1756
f 1133/880/1683 1132/882/1685 1179/924/1756
f 1179/924/1756 1168/915/1741 1133/880/1683
f 1179/924/1756 1134/883/1686 1136/884/1687
f 1179/924/1756 1165/912/1757 1168/915/1741
f 950/693/1758 1030/870/1505 952/694/1398
f 959/701/1405 1003/869/1459 1115/925/1648
f 957/697/1401 997/868/1451 954/696/1450
f 55/528/1625 223/765/1759 1100/846/1624
f 223/765/1759 222/706/1760 1100/846/1624
f 222/706/1760 51/528/1626 1100/846/1624
f 957/697/1401 1028/926/1495 1027/867/1494
f 1180/927/1761 1028/926/1495 957/697/1401
f 959/701/1405 1028/926/1495 1180/927/1761
f 1115/925/1648 1028/926/1495 959/701/1405
f 1002/746/1458 1028/778/1495 1115/871/1648
f 1026/776/1493 1181/928/1762 1022/766/1484
f 1007/751/1463 1181/928/1762 1028/778/1495
f 1028/778/1495 1181/928/1762 1026/776/1493
f 1022/766/1484 1181/928/1762 1182/929/1763
f 1006/750/1462 1182/929/1763 1007/751/1463
f 1182/929/1763 1181/928/1762 1007/751/1463
f 1022/766/1484 1182/929/1763 762/768/1764
f 762/768/1765 1182/929/1763 966/771/1766
f 966/771/1766 1182/929/1763 1006/750/1462
f 834/609/1480 1183/930/1767 1019/757/1478
f 838/612/1194 1183/930/1767 834/609/1195
f 1031/783/1511 1183/930/1767 838/612/1194
f 1107/596/1637 1183/930/1767 1031/783/1511
f 1019/757/1478 1183/930/1767 1107/596/1637
f 845/614/1203 1184/931/1768 843/614/1200
f 1184/931/1768 1018/762/1477 1020/764/1481
f 1021/705/1483 1184/931/1768 1020/764/1481
f 929/679/1375 1184/931/1768 1021/705/1483
f 843/614/1200 1184/931/1768 929/679/1375
f 845/614/1203 1018/762/1477 1184/931/1768
f 1016/761/1472 1013/759/1470 1185/932/1769
f 1187/933/1770 827/601/1178 1186/934/1771
f 1188/935/1772 1187/933/1770 1186/934/1771
f 1191/936/1773 1189/937/1774 1190/938/1775
f 1192/939/1776 1189/937/1777 1191/936/1778
f 1193/940/1779 1189/937/1777 1192/939/1776
f 1190/938/1780 1189/937/1777 1193/940/1779
f 1196/941/1781 1194/942/1782 1195/943/1783
f 1197/944/1784 1194/942/1782 1196/941/1781
f 1198/945/1785 1194/942/1782 1197/944/1784
f 1195/943/1786 1194/942/1787 1198/945/1788
f 1201/946/1789 1199/947/1790 1200/948/1791
f 1202/949/1792 1199/947/1790 1201/946/1789
f 1203/950/1793 1199/947/1794 1202/949/1795
f 1200/948/1791 1199/947/1790 1203/950/1796
f 1206/951/1797 1204/952/1798 1205/953/1799
f 1207/954/1800 1204/952/1801 1206/951/1802
f 1208/955/1803 1204/952/1801 1207/954/1800
f 1205/953/1804 1204/952/1801 1208/955/1803
f 1211/956/1805 1209/957/1806 1210/958/1807
f 1212/959/1808 1209/957/1806 1211/956/1805
f 1213/960/1809 1209/957/1806 1212/959/1808
f 1210/958/1810 1209/957/1811 1213/960/1812
f 1216/961/1813 1214/962/1814 1215/963/1815
f 1217/964/1816 1214/962/1814 1216/961/1813
f 1218/965/1817 1214/962/1818 1217/964/1819
f 1215/963/1815 1214/962/1814 1218/965/1820
f 1221/966/1821 1219/967/1822 1220/968/1823
f 1222/969/1824 1219/967/1825 1221/966/1826
f 1223/970/1827 1219/967/1825 1222/969/1824
f 1220/968/1828 1219/967/1825 1223/970/1827
f 1226/971/1829 1224/972/1830 1225/973/1831
f 1227/974/1832 1224/972/1830 1226/971/1829
f 1228/975/1833 1224/972/1834 1227/974/1835
f 1225/973/1831 1224/972/1830 1228/975/1836
f 1227/974/1835 1229/976/1837 1228/975/1833
f 1190/938/1775 1229/976/1837 1191/936/1773
f 1229/976/1837 1230/977/1838 1191/936/1773
f 1230/977/1838 1229/976/1837 764/978/1839
f 1198/945/1788 1230/977/1838 1195/943/1786
f 1230/977/1838 764/978/1839 1006/979/1840
f 1197/944/1784 1231/980/1841 1198/945/1785
f 1192/939/1776 1231/980/1841 1193/940/1779
f 1232/981/1842 1231/980/1841 1008/982/1465
f 1231/980/1841 1232/981/1842 1193/940/1779
f 1232/981/1842 1008/982/1465 1025/983/1492
f 1233/984/1843 1231/980/1841 1197/944/1784
f 1008/982/1465 1231/980/1841 1233/984/1843
f 1196/941/1781 1233/984/1843 1197/944/1784
f 1233/984/1843 960/985/1407 1008/982/1465
f 1230/977/1838 1234/984/1844 1195/943/1786
f 1234/984/1844 1230/977/1838 1006/979/1840
f 1234/984/1844 1006/979/1840 1005/986/1845
f 1207/954/1800 1235/987/1846 1208/955/1803
f 1235/987/1846 1233/984/1843 1201/946/1789
f 1200/948/1791 1235/987/1846 1201/946/1789
f 1233/984/1843 1235/987/1846 961/988/1408
f 1233/984/1843 961/988/1408 960/985/1407
f 1202/949/1795 1234/984/1844 1203/950/1793
f 1234/984/1844 1236/989/1847 1203/950/1793
f 1236/989/1847 1234/984/1844 1005/986/1845
f 1236/989/1847 1005/986/1845 1004/990/1848
f 1205/953/1799 1237/991/1849 1206/951/1797
f 1205/953/1799 1236/989/1847 1237/991/1849
f 1213/960/1812 1237/991/1849 1210/958/1810
f 807/992/1850 1237/991/1849 1236/989/1847
f 1236/989/1847 1004/990/1848 807/992/1850
f 961/988/1408 1235/987/1846 1238/991/1851
f 1207/954/1800 1238/991/1851 1235/987/1846
f 1238/991/1851 811/993/1164 961/988/1408
f 1211/956/1805 1239/994/1852 1212/959/1808
f 1239/994/1852 1238/991/1851 1212/959/1808
f 1215/963/1815 1239/994/1852 1216/961/1813
f 1238/991/1851 812/995/1165 811/993/1164
f 1238/991/1851 1239/994/1852 812/995/1165
f 1237/991/1849 1240/996/1853 1210/958/1810
f 1240/996/1853 1237/991/1849 807/992/1850
f 1240/996/1853 807/992/1850 806/997/1854
f 1215/963/1815 1241/998/1855 1239/994/1852
f 1239/994/1852 817/999/1167 812/995/1165
f 1239/994/1852 1241/998/1855 817/999/1167
f 1217/964/1819 1240/996/1853 1242/1000/1856
f 1217/964/1819 1242/1000/1856 1218/965/1817
f 1240/996/1853 806/997/1854 808/1001/1857
f 808/1001/1857 1242/1000/1856 1240/996/1853
f 1227/974/1835 1243/1002/1858 1229/976/1837
f 1220/968/1823 1243/1002/1858 1221/966/1821
f 764/978/1839 1229/976/1837 1243/1002/1858
f 1220/968/1823 1242/1000/1856 1243/1002/1858
f 809/1003/1859 1243/1002/1858 1242/1000/1856
f 1243/1002/1858 809/1003/1859 764/978/1839
f 1242/1000/1856 808/1001/1857 809/1003/1859
f 1222/969/1824 1244/1004/1860 1223/970/1827
f 1221/966/1826 1244/1004/1860 1222/969/1824
f 1244/1004/1860 1241/998/1855 1223/970/1827
f 1225/973/1831 1232/981/1842 1244/1004/1860
f 1225/973/1831 1244/1004/1860 1226/971/1829
f 1232/981/1842 1025/983/1492 815/1003/1168
f 815/1003/1168 1244/1004/1860 1232/981/1842
f 1241/998/1855 1244/1004/1860 815/1003/1168
f 1241/998/1855 815/1003/1168 817/999/1167
f 1231/980/1841 1230/977/1861 1198/945/1785
f 1230/977/1861 1231/980/1841 1192/939/1776
f 1191/936/1778 1230/977/1861 1192/939/1776
f 1228/975/1836 1229/976/1862 1225/973/1831
f 1229/976/1862 1232/981/1842 1225/973/1831
f 1193/940/1779 1232/981/1842 1229/976/1862
f 1193/940/1779 1229/976/1862 1190/938/1780
f 1234/984/1863 1233/984/1843 1196/941/1781
f 1195/943/1783 1234/984/1863 1196/941/1781
f 1201/946/1789 1233/984/1843 1202/949/1792
f 1233/984/1843 1234/984/1863 1202/949/1792
f 1203/950/1796 1236/989/1864 1235/987/1846
f 1203/950/1796 1235/987/1846 1200/948/1791
f 1206/951/1802 1238/991/1851 1207/954/1800
f 1206/951/1802 1237/991/1865 1238/991/1851
f 1235/987/1846 1236/989/1864 1205/953/1804
f 1208/955/1803 1235/987/1846 1205/953/1804
f 1210/958/1807 1240/996/1866 1239/994/1852
f 1210/958/1807 1239/994/1852 1211/956/1805
f 1238/991/1851 1237/991/1865 1213/960/1809
f 1212/959/1808 1238/991/1851 1213/960/1809
f 1216/961/1813 1239/994/1852 1217/964/1816
f 1239/994/1852 1240/996/1866 1217/964/1816
f 1218/965/1820 1241/998/1855 1215/963/1815
f 1218/965/1820 1242/1000/1867 1241/998/1855
f 1221/966/1826 1243/1002/1868 1244/1004/1860
f 1226/971/1829 1243/1002/1868 1227/974/1832
f 1226/971/1829 1244/1004/1860 1243/1002/1868
f 1223/970/1827 1242/1000/1867 1220/968/1828
f 1223/970/1827 1241/998/1855 1242/1000/1867
f 64/65/81 76/80/94 14/12/12
f 57/55/73 56/57/74 1245/227/1869
f 56/57/74 76/80/94 1245/227/1869
f 1245/227/1869 76/80/94 64/65/81
f 119/136/1870 120/137/167 71/74/89
f 122/139/169 126/144/173 121/138/168
f 1246/1005/1871 126/144/173 127/145/174
f 1246/1005/1871 119/136/1872 118/134/164
f 64/65/81 126/144/173 1246/1005/1871
f 119/1006/1873 1246/1007/1871 127/1008/174
f 119/1006/1874 127/1008/174 120/1009/167
f 1249/1010/1875 1247/1011/1876 1248/1012/1877
f 1249/1010/1875 1248/1012/1877 1250/1013/1878
f 147/173/206 119/186/1879 72/174/207
f 143/169/202 119/186/1880 144/170/203
f 145/195/245 161/194/237 163/200/243
f 1247/1011/1876 161/194/237 162/197/240
f 1249/1010/1881 163/200/243 161/194/237
f 1249/1010/1881 161/194/237 1247/1011/1876
f 1248/1012/1877 162/197/240 165/203/247
f 1248/1012/1877 1247/1011/1876 162/197/240
f 1250/1013/1882 164/201/244 163/200/243
f 163/200/1883 1249/1010/1884 1250/1013/1885
f 144/170/1886 119/186/1887 168/206/1888
f 168/206/1889 119/186/1890 147/173/1891
f 234/227/360 226/57/352 225/55/351
f 234/227/360 245/80/371 226/57/352
f 189/12/302 245/80/371 1251/65/1892
f 1251/65/1892 245/80/371 234/227/360
f 190/14/300 189/12/302 1251/65/1892
f 245/80/371 189/12/302 243/79/369
f 244/81/370 226/57/352 245/80/371
f 243/79/369 189/12/302 250/90/376
f 238/74/364 270/137/425 269/136/1893
f 190/14/300 1251/65/1892 276/144/431
f 271/138/426 276/144/431 272/139/427
f 1252/1005/1894 276/144/431 1251/65/1892
f 277/145/432 276/144/431 1252/1005/1894
f 227/134/354 1252/1005/1894 268/135/423
f 227/134/354 269/136/1895 1252/1005/1894
f 277/1008/432 1252/1007/1894 269/1006/1896
f 270/1009/425 277/1008/432 269/1006/1897
f 1248/1012/1877 1253/1011/1898 1254/1010/1899
f 1248/1012/1877 1254/1010/1899 1250/1013/1900
f 239/174/460 269/186/1901 293/173/457
f 269/186/508 278/178/464 295/175/463
f 291/170/454 269/186/1902 289/169/455
f 296/196/473 297/194/475 298/197/476
f 158/202/246 298/197/476 165/203/247
f 165/203/247 298/197/476 1248/1012/1877
f 300/200/477 164/201/244 1250/1013/1903
f 300/200/477 297/194/475 290/195/479
f 298/197/476 1253/1011/1898 1248/1012/1877
f 298/197/476 297/194/475 1253/1011/1898
f 297/194/475 300/200/477 1254/1010/1904
f 297/194/475 1254/1010/1904 1253/1011/1898
f 1250/1013/1885 1254/1010/1905 300/200/1906
f 302/206/1907 269/186/1908 291/170/454
f 293/173/1909 269/186/1910 302/206/1911
f 1106/1014/1634 822/1015/1174 821/1016/1173
f 1106/1014/1634 821/1016/1173 1107/1017/1637
f 822/1015/1174 1106/1014/1634 1255/1018/1912
f 826/1019/1179 822/1015/1174 1255/1018/1912
f 821/1016/1173 1012/1020/1468 1019/1021/1478
f 1107/1017/1637 821/1016/1173 1019/1021/1478
f 1019/1021/1478 1012/1020/1468 1256/1022/1913
f 1012/1020/1468 1016/1023/1472 1256/1022/1913
f 635/430/881 634/432/883 639/432/887
f 633/431/884 637/434/886 634/432/883
f 639/432/887 745/434/1091 638/435/1914
f 735/514/1081 637/434/886 722/503/1068
f 735/514/1081 722/503/1068 738/517/1084
f 742/517/1086 830/503/1183 745/434/1091
f 742/517/1086 745/434/1091 740/514/1087
f 646/438/893 645/440/895 654/443/903
f 667/451/1915 668/459/975 676/465/974
f 688/473/973 668/459/975 690/474/971
f 696/479/985 668/480/1014 667/451/986
f 701/483/1016 668/480/1014 696/479/985
f 708/489/1033 653/444/900 645/440/895
f 708/489/1033 645/440/895 710/492/1051
f 707/488/1916 720/501/1065 673/463/1917
f 673/463/934 720/501/1918 675/454/935
f 710/492/1051 645/440/895 720/501/1065
f 710/492/1051 720/501/1065 707/488/1916
f 749/519/1919 752/523/1920 747/520/1921
f 755/525/1099 754/527/1101 1104/852/1633
f 794/568/1146 1034/786/1514 750/522/1096
f 794/568/1146 750/522/1096 748/521/1095
f 752/523/1102 754/527/1101 753/526/1100
f 755/525/1099 1104/852/1633 1034/786/1514
f 755/525/1099 1034/786/1514 794/568/1146
f 817/590/1167 818/593/1170 814/592/1166
f 817/590/1167 814/592/1166 812/1024/1165
f 814/592/1166 818/593/1170 827/601/1178
f 1187/933/1770 814/592/1166 827/601/1178
f 781/556/1134 790/564/1142 782/557/1135
f 781/556/1134 789/563/1141 790/564/1142
f 782/557/1135 790/564/1142 791/565/1143
f 782/557/1135 791/565/1143 784/558/1136
f 786/560/1138 792/566/1144 793/567/1145
f 786/560/1138 793/567/1145 785/559/1137
f 795/569/1147 789/563/1141 781/556/1134
f 794/568/1146 789/563/1141 795/569/1147
f 784/558/1136 792/566/1144 786/560/1138
f 784/558/1136 791/565/1143 792/566/1144
f 793/567/1145 795/569/1147 787/561/1139
f 797/570/1453 752/572/1922 998/742/1454
f 816/592/1169 1130/879/1682 819/594/1171
f 827/601/1178 818/593/1170 820/595/1172
f 818/593/1170 816/592/1169 820/595/1172
f 813/586/1163 814/589/1166 1187/1025/1770
f 823/599/1176 813/586/1163 1187/1025/1770
f 1187/1025/1770 1257/1026/1923 823/599/1176
f 1188/1027/1924 1257/1026/1923 1187/1025/1770
f 820/595/1172 822/597/1174 826/602/1179
f 1113/864/1925 1110/855/1926 1258/1028/1927
f 1259/1029/1928 1255/602/1912 638/435/1929
f 638/435/1929 831/1030/1930 1259/1029/1928
f 635/430/1931 1255/602/1912 1106/597/1634
f 638/435/1932 1255/602/1912 635/430/1931
f 635/430/1931 1106/597/1634 633/431/1636
f 854/619/1210 860/625/1218 916/668/1342
f 883/633/1247 928/678/1933 881/643/1248
f 928/678/1372 854/619/1210 917/669/1343
f 881/643/1934 928/678/1372 915/667/1373
f 949/692/1935 954/696/1936 950/693/1937
f 956/699/1403 1180/927/1761 957/697/1401
f 952/694/1398 959/701/1405 958/700/1404
f 955/698/1402 957/697/1401 954/696/1450
f 955/698/1402 954/696/1450 953/695/1399
f 959/701/1405 1180/927/1761 956/699/1403
f 962/702/1406 1010/755/1466 960/703/1407
f 1013/759/1470 1010/755/1466 962/702/1406
f 1013/759/1470 962/702/1406 1014/760/1471
f 992/735/1445 991/734/1444 984/728/1438
f 953/695/1399 992/735/1445 993/736/1446
f 993/736/1446 992/735/1445 985/727/1437
f 996/739/1449 994/737/1447 988/731/1441
f 987/730/1440 996/739/1449 988/731/1441
f 956/699/1403 994/737/1447 996/739/1449
f 984/728/1438 995/738/1448 989/732/1442
f 984/728/1438 991/734/1444 995/738/1448
f 955/698/1402 993/736/1446 994/737/1447
f 994/737/1447 993/736/1446 986/729/1439
f 989/732/1442 996/739/1449 987/730/1440
f 989/732/1442 995/738/1448 996/739/1449
f 819/594/1171 1130/879/1682 1009/702/1464
f 1011/756/1467 1009/702/1464 1010/755/1466
f 1011/756/1467 1010/755/1466 1013/759/1470
f 819/594/1171 1009/702/1464 1011/756/1467
f 1014/1031/1471 962/753/1406 813/586/1163
f 1014/1031/1471 813/586/1163 823/599/1176
f 823/599/1176 1260/1032/1938 1014/1031/1471
f 1014/1031/1471 1260/1032/1938 1261/1033/1939
f 825/598/1940 1262/1034/1941 823/599/1176
f 1261/1035/1942 1015/758/1469 1014/760/1471
f 1109/857/1943 1263/1036/1944 1110/855/1926
f 841/613/1945 1264/1037/1946 1017/1038/1947
f 1256/1039/1913 1264/1037/1946 841/613/1945
f 835/610/1948 1256/1039/1913 841/613/1949
f 1019/757/1478 1256/1039/1913 835/610/1948
f 1130/879/1682 816/592/1169 1025/775/1492
f 1029/779/1950 954/740/1951 998/742/1952
f 998/742/1952 752/572/1953 1029/779/1950
f 1044/794/1526 1038/791/1520 1039/791/1521
f 1044/794/1526 1039/791/1521 1045/794/1527
f 1045/794/1527 1039/791/1521 1040/792/1522
f 1045/794/1527 1040/792/1522 1047/795/1529
f 1047/795/1529 1040/792/1522 1041/793/1523
f 1047/795/1529 1041/793/1523 1048/796/1530
f 1048/796/1530 1041/793/1523 1042/793/1524
f 1048/796/1530 1042/793/1524 1049/796/1531
f 1049/796/1531 1042/793/1524 1043/792/1525
f 1049/796/1531 1043/792/1525 1050/795/1532
f 1050/795/1532 1043/792/1525 1038/791/1520
f 1050/795/1532 1038/791/1520 1044/794/1526
f 744/513/1090 639/432/887 634/432/883
f 738/517/1084 722/503/1068 830/503/1183
f 829/604/1185 1113/863/1954 831/605/1186
f 942/688/1388 1117/873/1652 1118/873/1653
f 943/689/1389 1118/873/1653 1119/874/1654
f 944/690/1390 1119/874/1654 1120/875/1655
f 946/690/1392 1120/875/1655 1121/875/1656
f 945/689/1391 1121/875/1656 1122/874/1657
f 948/688/1394 1122/874/1657 1117/873/1652
f 1118/873/1653 1117/873/1652 1123/876/1659
f 1119/874/1654 1118/873/1653 1124/876/1658
f 1120/875/1655 1119/874/1654 1126/877/1661
f 1121/875/1656 1120/875/1655 1127/878/1662
f 1122/874/1657 1121/875/1656 1128/878/1663
f 1117/873/1652 1122/874/1657 1129/877/1664
f 1267/1040/1955 1265/1041/1956 1266/1042/1957
f 1267/1040/1955 1266/1042/1957 1268/1043/1958
f 1266/1042/1959 1269/1041/1960 1270/1040/1961
f 1266/1042/1959 1270/1040/1961 1268/1043/1962
f 1272/1044/1963 1271/1045/1964 1263/1046/1944
f 1263/1046/1944 1109/1047/1965 1272/1044/1963
f 1271/1045/1964 1273/1048/1966 1263/1046/1944
f 1274/1049/1967 1273/1050/1966 1271/1045/1964
f 1272/1044/1968 1109/1051/1969 1017/1052/1970
f 1272/1044/1963 1017/1053/1947 1275/1054/1971
f 1275/1054/1971 1017/1055/1947 1264/1056/1946
f 1275/1054/1971 1264/1056/1946 1276/1057/1972
f 1272/1044/1963 1275/1054/1971 1277/1058/1973
f 1272/1044/1963 1277/1058/1973 1271/1045/1964
f 1275/1054/1971 1278/1059/1974 1277/1058/1973
f 1275/1054/1971 1276/1057/1972 1278/1059/1974
f 1277/1058/1973 1278/1059/1974 1279/1060/1975
f 1277/1058/1973 1279/1060/1975 1280/1061/1976
f 1271/1045/1964 1280/1061/1976 1274/1049/1967
f 1267/1040/1955 1274/1049/1967 1280/1061/1976
f 1277/1058/1973 1280/1061/1976 1271/1045/1964
f 1281/1062/1977 1276/1057/1972 1264/1056/1946
f 1282/1063/1978 1278/1059/1974 1276/1057/1972
f 1276/1057/1972 1281/1062/1977 1282/1063/1978
f 1281/1062/1977 1283/1064/1979 1282/1063/1978
f 1281/1062/1977 1185/1065/1769 1283/1064/1979
f 1282/1063/1978 1283/1064/1979 1284/1066/1980
f 1285/1067/1981 1278/1059/1974 1282/1063/1978
f 1285/1067/1981 1279/1060/1975 1278/1059/1974
f 1284/1066/1980 1285/1067/1981 1282/1063/1978
f 1286/1068/1982 1280/1061/1976 1279/1060/1975
f 1267/1040/1955 1280/1061/1976 1286/1068/1982
f 1279/1060/1975 1285/1067/1981 1286/1068/1982
f 1285/1067/1981 1284/1066/1980 1287/1069/1983
f 1285/1067/1981 1287/1069/1983 1286/1068/1982
f 1286/1068/1982 1287/1069/1983 1288/1070/1984
f 1267/1040/1955 1288/1070/1984 1265/1041/1956
f 1288/1070/1984 1267/1040/1955 1286/1068/1982
f 1267/1040/1955 1268/1071/1958 1274/1049/1967
f 825/1072/1985 1266/1042/1957 1265/1041/1956
f 1262/1073/1986 825/1072/1985 1265/1041/1956
f 1289/1074/1987 1284/1066/1980 1283/1064/1979
f 1289/1074/1987 1287/1069/1983 1284/1066/1980
f 1289/1074/1987 1015/1075/1469 1261/1076/1988
f 1283/1064/1979 1015/1077/1469 1289/1074/1987
f 1283/1064/1979 1185/1078/1769 1015/1079/1469
f 1290/1080/1989 1289/1074/1987 1261/1081/1990
f 1290/1080/1989 1265/1041/1956 1288/1070/1984
f 1290/1080/1989 1287/1069/1983 1289/1074/1987
f 1290/1080/1989 1288/1070/1984 1287/1069/1983
f 1290/1080/1991 1261/1081/1992 1260/1082/1993
f 1265/1041/1956 1290/1080/1989 1260/1083/1994
f 1265/1041/1995 1260/1083/1996 1262/1084/1997
f 1274/1049/1967 1268/1085/1958 1291/1086/1998
f 1274/1049/1967 1291/1086/1998 1273/1087/1966
f 1281/1062/1977 1016/1088/1472 1185/1089/1769
f 1281/1062/1977 1264/1056/1946 1256/1090/1913
f 1258/1091/1927 1292/1045/1999 1293/1044/2000
f 1293/1044/2000 1113/1047/2001 1258/1091/1927
f 1292/1045/1999 1258/1091/1927 1294/1048/2002
f 1292/1045/1999 1294/1050/2002 1295/1049/2003
f 1293/1044/2004 831/1052/2005 1113/1051/2006
f 1296/1054/2007 831/1053/1930 1293/1044/2000
f 1259/1056/1928 831/1055/1930 1296/1054/2007
f 1297/1057/2008 1259/1056/1928 1296/1054/2007
f 1292/1045/1999 1298/1058/2009 1293/1044/2000
f 1298/1058/2009 1296/1054/2007 1293/1044/2000
f 1298/1058/2009 1299/1059/2010 1296/1054/2007
f 1299/1059/2010 1297/1057/2008 1296/1054/2007
f 1300/1060/2011 1299/1059/2010 1298/1058/2009
f 1301/1061/2012 1295/1049/2003 1270/1040/1961
f 1292/1045/1999 1301/1061/2012 1298/1058/2009
f 1301/1061/2012 1300/1060/2011 1298/1058/2009
f 1295/1049/2003 1301/1061/2012 1292/1045/1999
f 1259/1056/1928 1297/1057/2008 1302/1062/2013
f 1303/1063/2014 1302/1062/2013 1297/1057/2008
f 1297/1057/2008 1299/1059/2010 1303/1063/2014
f 1303/1063/2014 1304/1064/2015 1302/1062/2013
f 1304/1064/2015 828/1065/1180 1302/1062/2013
f 1305/1066/2016 1304/1064/2015 1303/1063/2014
f 1299/1059/2010 1300/1060/2011 1306/1067/2017
f 1303/1063/2014 1299/1059/2010 1306/1067/2017
f 1303/1063/2014 1306/1067/2017 1305/1066/2016
f 1307/1068/2018 1306/1067/2017 1300/1060/2011
f 1300/1060/2011 1301/1061/2012 1307/1068/2018
f 1307/1068/2018 1301/1061/2012 1270/1040/1961
f 1307/1068/2018 1308/1069/2019 1306/1067/2017
f 1308/1069/2019 1305/1066/2016 1306/1067/2017
f 1307/1068/2018 1270/1040/1961 1309/1070/2020
f 1309/1070/2020 1308/1069/2019 1307/1068/2018
f 1269/1041/1960 1309/1070/2020 1270/1040/1961
f 1295/1049/2003 1268/1071/1962 1270/1040/1961
f 1269/1041/1960 1266/1042/1959 825/1092/2021
f 1269/1041/1960 825/1092/2021 824/1073/2022
f 1305/1066/2016 1308/1069/2019 1310/1074/2023
f 1304/1064/2015 1305/1066/2016 1310/1074/2023
f 1310/1074/2023 1188/1076/2024 1186/1075/1771
f 1310/1074/2023 1186/1077/1771 1304/1064/2015
f 1304/1064/2015 1186/1079/1771 828/1078/1180
f 1308/1069/2019 1309/1070/2020 1311/1080/2025
f 1309/1070/2020 1269/1041/1960 1311/1080/2025
f 1310/1074/2023 1308/1069/2019 1311/1080/2025
f 1188/1081/2026 1310/1074/2023 1311/1080/2025
f 1311/1080/2027 1257/1082/2028 1188/1081/2029
f 1257/1083/2030 1311/1080/2025 1269/1041/1960
f 1269/1041/2031 824/1084/2032 1257/1083/2033
f 1291/1086/2034 1268/1085/1962 1295/1049/2003
f 1295/1049/2003 1294/1087/2002 1291/1086/2034
f 828/1089/1180 826/1088/1179 1302/1062/2013
f 1262/1034/1941 1260/1093/1938 823/599/1176
f 823/599/1176 1257/1094/1923 824/600/1177
f 1015/758/1469 1185/932/1769 1013/759/1470
f 827/601/1178 828/603/1180 1186/934/1771
f 1302/1062/2013 1255/1090/1912 1259/1056/1928
f 826/1095/1179 1255/1090/1912 1302/1062/2013
f 1016/1095/1472 1281/1062/1977 1256/1090/1913
f 1263/1036/1944 1273/1096/1966 1110/855/1926
f 1110/855/1926 1294/1097/2002 1258/1028/1927
f 1291/1098/2035 1294/1097/2002 1110/855/1926
f 1273/1096/1966 1291/1098/2035 1110/855/1926
f 58/59/76 118/134/164 59/60/77
f 57/55/73 1245/227/1869 58/59/76
f 117/135/165 1245/227/1869 64/65/81
f 58/59/76 1245/227/1869 117/135/165
f 126/144/173 64/65/81 13/14/14
f 150/229/2036 118/134/164 119/136/2037
f 129/150/183 118/134/164 150/229/2036
f 1246/1005/1871 118/134/164 117/135/165
f 1246/1005/1871 117/135/165 64/65/81
f 149/175/208 150/178/211 119/186/223
f 1251/65/1892 234/227/360 268/135/423
f 268/135/423 234/227/360 228/59/355
f 1251/65/1892 268/135/423 1252/1005/1894
f 1314/1099/2038 1312/1100/2039 1313/1101/2040
f 1314/1099/2038 1313/1101/2040 1315/1102/2041
f 599/394/845 598/396/847 602/399/850
f 1318/1103/2042 1316/1104/2043 1317/1105/2044
f 1318/1103/2045 1317/1105/2046 1312/1100/2047
f 1320/1106/2048 1319/1107/2049 1314/1099/2038
f 1315/1102/2041 1320/1106/2048 1314/1099/2038
f 1320/1106/2048 1321/1108/2050 1319/1107/2049
f 1322/1109/2051 1319/1107/2049 1321/1108/2050
f 1322/1109/2051 1323/1110/2052 1319/1107/2049
f 1322/1109/2051 1324/1111/2053 1323/1110/2052
f 1322/1109/2051 1325/1112/2054 1324/1111/2053
f 601/397/848 1325/1112/2054 1322/1109/2051
f 601/397/848 1322/1109/2051 1321/1108/2050
f 1327/1113/2055 1326/1114/2056 1313/1101/2057
f 1328/1115/2058 1326/1114/2056 1327/1113/2055
f 1316/1104/2059 1318/1103/2060 1328/1115/2061
f 1328/1115/2058 1327/1113/2055 1316/1104/2062
f 1327/1113/2063 1313/1101/2064 1329/1116/2065
f 1326/1114/2056 1330/1117/2066 1313/1101/2067
f 1331/1118/2068 1326/1114/2056 1328/1115/2058
f 1331/1118/2068 1330/1117/2066 1326/1114/2056
f 1329/1116/2069 1312/1100/2047 1317/1105/2046
f 1329/1116/2070 1313/1101/2071 1312/1100/2072
f 1315/1102/2073 1313/1101/2074 1332/1119/2075
f 1334/1120/2076 1332/1119/2077 1333/1121/2078
f 1315/1102/2073 1332/1119/2075 1334/1120/2079
f 1334/1120/2080 1333/1121/2081 1335/1122/2082
f 1333/1121/2078 1332/1119/2077 1336/1123/2083
f 1332/1119/2077 1337/1124/2084 1336/1123/2083
f 1338/1125/2085 1336/1123/2083 1337/1124/2084
f 1338/1125/2085 1339/1126/2086 1336/1123/2083
f 1337/1124/2084 1340/1127/2087 1338/1125/2085
f 1330/1117/2066 1340/1127/2087 1341/1128/2088
f 1341/1128/2088 1337/1124/2084 1332/1119/2077
f 1313/1101/2089 1330/1117/2066 1341/1128/2088
f 1341/1128/2088 1340/1127/2087 1337/1124/2084
f 1332/1119/2077 1313/1101/2089 1341/1128/2088
f 1339/1126/2090 1338/1125/2091 1320/1106/2092
f 1339/1126/2090 1320/1106/2092 1335/1122/2093
f 1343/1129/2094 1342/1130/2095 598/396/847
f 1344/1131/2096 1323/1110/2052 1343/1129/2094
f 1343/1129/2094 598/396/847 1344/1131/2096
f 1344/1131/2096 1319/1107/2049 1323/1110/2052
f 1345/1132/2097 1319/1107/2049 1344/1131/2096
f 1345/1132/2097 1312/1100/2039 1314/1099/2038
f 1345/1132/2097 1314/1099/2038 1319/1107/2049
f 1344/1131/2096 598/396/847 1346/1133/2098
f 1345/1132/2097 1344/1131/2096 1346/1133/2098
f 1312/1100/2039 1347/1134/2099 1318/1103/2100
f 1345/1132/2097 1346/1133/2098 1347/1134/2099
f 1345/1132/2097 1347/1134/2099 1312/1100/2039
f 1349/1135/2101 1347/1134/2099 1348/1136/2102
f 1318/1103/2103 1347/1134/2099 1349/1135/2101
f 1328/1115/2058 1349/1135/2101 1331/1118/2068
f 1328/1115/2058 1318/1103/2103 1349/1135/2101
f 1349/1135/2101 1348/1136/2102 1350/1137/2104
f 1351/1138/2105 1347/1134/2099 1346/1133/2098
f 1351/1138/2105 1348/1136/2102 1347/1134/2099
f 1352/1139/2106 604/402/853 620/416/867
f 1352/1139/2106 620/416/867 1353/1140/2107
f 1354/1141/2108 604/402/853 1352/1139/2106
f 1354/1141/2108 605/400/851 604/402/853
f 1352/1139/2106 1348/1136/2102 1354/1141/2108
f 1354/1141/2108 1348/1136/2102 1351/1138/2105
f 1351/1138/2105 605/400/851 1354/1141/2108
f 618/415/866 1351/1138/2105 1346/1133/2098
f 618/415/866 1346/1133/2098 598/396/847
f 618/415/866 598/396/847 597/395/846
f 1351/1138/2105 618/415/866 605/400/851
f 1352/1139/2106 1353/1140/2107 1355/1142/2109
f 1352/1139/2106 1355/1142/2109 1348/1136/2102
f 1350/1137/2104 1348/1136/2102 1355/1142/2109
f 1350/1137/2104 1355/1142/2109 1356/1118/2110
f 1357/1143/2111 1350/1137/2104 1356/1118/2110
f 1357/1143/2111 1356/1118/2110 1358/1144/2112
f 1359/1145/2113 1357/1143/2111 1358/1144/2112
f 1359/1145/2113 1358/1144/2112 1360/1146/2114
f 606/404/855 620/416/867 604/402/853
f 606/404/855 604/402/853 603/401/852
f 1343/1129/2094 1323/1110/2052 1324/1111/2053
f 1343/1129/2094 1324/1111/2053 1342/1130/2095
f 1331/1118/2068 1349/1135/2101 1361/1147/2115
f 1331/1118/2068 1361/1147/2115 1362/1144/2116
f 1363/1146/2117 1362/1144/2116 1361/1147/2115
f 1363/1146/2117 1361/1147/2115 1364/1148/2118
f 1349/1135/2101 1350/1137/2104 1357/1143/2111
f 1349/1135/2101 1357/1143/2111 1361/1147/2115
f 1361/1147/2115 1357/1143/2111 1359/1145/2113
f 1364/1148/2118 1359/1145/2113 1365/1149/2119
f 1364/1148/2118 1361/1147/2115 1359/1145/2113
f 1364/1148/2118 1365/1149/2119 1366/1150/2120
f 1359/1145/2113 1360/1146/2114 1367/1151/2121
f 1359/1145/2113 1367/1151/2121 1365/1149/2119
f 1363/1146/2117 1364/1148/2118 1366/1150/2120
f 1363/1146/2117 1366/1150/2120 1368/1152/2122
f 1330/1117/2066 1369/1153/2123 1340/1127/2087
f 1339/1126/2086 1335/1122/2124 1333/1121/2078
f 1336/1123/2083 1339/1126/2086 1333/1121/2078
f 1355/1142/2109 1353/1140/2107 1370/1154/2125
f 620/416/867 619/417/868 1370/1154/2125
f 620/416/867 1370/1154/2125 1353/1140/2107
f 622/419/870 1338/1125/2085 1371/1155/2126
f 619/417/868 1371/1155/2126 1370/1154/2125
f 1338/1125/2085 1340/1127/2087 1371/1155/2126
f 619/417/868 622/419/870 1371/1155/2126
f 622/419/870 628/425/876 1338/1125/2085
f 1338/1125/2085 628/425/876 1320/1106/2048
f 1372/1156/2127 1370/1154/2125 1371/1155/2126
f 1372/1156/2127 1371/1155/2126 1340/1127/2087
f 1355/1142/2109 1370/1154/2125 1372/1156/2127
f 1369/1153/2123 1372/1156/2127 1340/1127/2087
f 1374/1157/2128 1369/1153/2123 1373/1158/2129
f 1355/1142/2109 1372/1156/2127 1374/1157/2128
f 1372/1156/2127 1369/1153/2123 1374/1157/2128
f 1374/1157/2128 1373/1158/2129 1358/1144/2112
f 1374/1157/2128 1358/1144/2112 1356/1118/2110
f 1374/1157/2128 1356/1118/2110 1355/1142/2109
f 1358/1144/2112 1373/1158/2129 1375/1159/2130
f 1358/1144/2112 1375/1159/2130 1360/1146/2114
f 626/423/874 628/425/876 627/424/875
f 601/397/848 1320/1106/2048 1376/1160/2131
f 626/423/874 601/397/848 1376/1160/2131
f 628/425/876 1376/1160/2131 1320/1106/2048
f 626/423/874 1376/1160/2131 628/425/876
f 1330/1117/2066 1331/1118/2068 1362/1144/2116
f 1377/1158/2132 1362/1144/2116 1363/1146/2117
f 1330/1117/2066 1362/1144/2116 1377/1158/2132
f 1378/1161/2133 1377/1158/2132 1363/1146/2117
f 1369/1153/2123 1377/1158/2132 1373/1158/2129
f 1369/1153/2123 1330/1117/2066 1377/1158/2132
f 1375/1159/2130 1373/1158/2129 1377/1158/2132
f 1375/1159/2130 1377/1158/2132 1378/1161/2133
f 1379/1162/2134 1375/1159/2130 1378/1161/2133
f 1379/1162/2134 1378/1161/2133 1380/1163/2135
f 1367/1151/2121 1360/1146/2114 1375/1159/2130
f 1367/1151/2121 1375/1159/2130 1379/1162/2134
f 1329/1116/2136 1317/1105/2137 1316/1104/2138
f 1329/1116/2136 1316/1104/2138 1327/1113/2139
f 1380/1163/2135 1363/1146/2117 1368/1152/2122
f 1380/1163/2135 1378/1161/2133 1363/1146/2117
f 1366/1150/2120 1365/1149/2119 967/1164/2140
f 965/1165/2141 1366/1150/2120 967/1164/2140
f 967/1164/2140 1365/1149/2119 1367/1151/2121
f 967/1164/2140 1367/1151/2121 763/1166/2142
f 1380/1163/2135 1368/1152/2122 765/1167/2143
f 765/1167/2143 1368/1152/2122 1366/1150/2120
f 765/1167/2143 1366/1150/2120 965/1165/2141
f 758/1168/2144 1379/1162/2134 1380/1163/2135
f 758/1168/2144 1380/1163/2135 759/1169/2145
f 1367/1151/2121 1379/1162/2134 758/1168/2144
f 763/1166/2142 1367/1151/2121 758/1168/2144
f 759/1169/2145 1380/1163/2135 765/1167/2143
f 1335/1122/2146 1320/1106/2147 1334/1120/2148
f 1334/1120/2148 1320/1106/2147 1315/1102/2149
f 1324/1111/2150 602/399/2151 1342/1130/2152
f 1321/1108/2050 1320/1106/2048 601/397/848
f 1324/1111/2150 1325/1112/2153 602/399/2151
f 602/399/2151 1325/1112/2153 601/397/2154
f 1342/1130/2152 602/399/2151 598/396/2155
