# Blender 4.4.0
# www.blender.org
mtllib seahorse.mtl
o my
v -12.159720 3.470457 -17.495121
v -12.159718 3.441890 -17.502909
v -12.314854 3.463902 -17.471134
v -12.314851 3.435337 -17.478922
v -12.446417 3.445188 -17.402527
v -12.446414 3.416620 -17.410315
v -12.534383 3.417160 -17.299747
v -12.534380 3.388592 -17.307533
v -12.546349 3.368726 -17.122091
v -12.546346 3.340160 -17.129881
v -12.543234 3.307584 -16.897846
v -12.543231 3.279018 -16.905634
v -12.492721 3.264963 -16.741459
v -12.492714 3.236378 -16.749254
v -12.453896 3.215080 -16.671041
v -12.453897 3.243648 -16.663254
v -12.432388 3.222333 -16.585064
v -12.432386 3.193766 -16.592852
v -12.413474 3.201769 -16.509626
v -12.413471 3.173202 -16.517414
v -12.377953 3.186005 -16.451794
v -12.377950 3.157439 -16.459581
v -12.335693 3.176541 -16.417059
v -12.335690 3.147975 -16.424847
v -11.985899 3.147916 -16.424513
v -11.985902 3.176482 -16.416725
v -11.943571 3.157366 -16.459167
v -11.943574 3.185932 -16.451380
v -11.907933 3.173117 -16.516932
v -11.907936 3.201685 -16.509144
v -11.888868 3.193675 -16.592335
v -11.888871 3.222243 -16.584547
v -11.867203 3.214982 -16.670483
v -11.867206 3.243549 -16.662695
v -11.828226 3.264852 -16.740826
v -11.828228 3.236267 -16.748621
v -11.777398 3.278890 -16.904903
v -11.777401 3.307456 -16.897118
v -11.773835 3.340031 -17.129143
v -11.773838 3.368597 -17.121355
v -11.785446 3.388467 -17.306820
v -11.785448 3.417034 -17.299034
v -11.873206 3.416524 -17.409767
v -11.873209 3.445092 -17.401979
v -12.004633 3.435285 -17.478626
v -12.004635 3.463850 -17.470837
v -12.263142 3.179980 -16.661064
v -12.257609 3.162817 -16.663630
v -12.270726 3.178328 -16.616314
v -12.265197 3.151682 -16.620296
v -12.263865 3.166026 -16.557209
v -12.253982 3.139496 -16.561169
v -12.244327 3.149158 -16.510864
v -12.234442 3.128048 -16.514019
v -12.201379 3.119421 -16.483261
v -12.204057 3.130741 -16.476439
v -12.182695 3.141015 -16.488438
v -12.160797 3.129023 -16.469604
v -12.160792 3.118304 -16.477217
v -12.114911 3.181240 -16.608671
v -12.050573 3.178302 -16.616098
v -12.116182 3.168188 -16.553469
v -12.057549 3.166013 -16.557001
v -12.123139 3.157713 -16.518404
v -12.077183 3.149130 -16.510704
v -12.138860 3.141007 -16.488396
v -12.160777 3.137567 -16.489721
v -12.198353 3.157726 -16.518476
v -12.205239 3.168203 -16.553553
v -12.206402 3.181255 -16.608757
v -12.206187 3.182143 -16.660685
v -12.160584 3.170169 -16.662434
v -12.160662 3.169731 -16.605268
v -12.160712 3.158651 -16.553366
v -12.160745 3.150148 -16.521595
v -12.114984 3.182128 -16.660597
v -12.058029 3.179945 -16.660868
v -12.063561 3.162784 -16.663445
v -12.056106 3.151647 -16.620098
v -12.067435 3.139465 -16.560991
v -12.087070 3.128024 -16.513878
v -12.120193 3.119408 -16.483185
v -12.117525 3.130727 -16.476355
v -12.160763 3.119849 -16.507494
v -12.114569 3.120340 -16.510065
v -12.113963 3.123920 -16.552788
v -12.117129 3.134045 -16.618511
v -12.121000 3.145268 -16.666126
v -12.160585 3.145275 -16.666164
v -12.160658 3.133595 -16.615499
v -12.160727 3.122791 -16.545246
v -12.206952 3.120356 -16.510153
v -12.207475 3.123936 -16.552877
v -12.204180 3.134060 -16.618595
v -12.200172 3.145281 -16.666203
v -12.032937 3.176615 -16.489122
v -12.007378 3.176610 -16.489098
v -12.050086 3.165005 -16.460924
v -12.027956 3.162679 -16.455259
v -12.077247 3.151283 -16.427597
v -12.091160 3.155309 -16.437384
v -12.160805 3.145959 -16.414707
v -12.160793 3.150604 -16.425993
v -12.230403 3.155332 -16.437517
v -12.244337 3.151310 -16.427755
v -12.271429 3.165042 -16.461136
v -12.293571 3.162723 -16.455513
v -12.314077 3.176634 -16.489407
v -12.288521 3.176657 -16.489367
v -12.314068 3.124639 -16.510801
v -12.293558 3.110703 -16.476921
v -12.244325 3.099290 -16.449167
v -12.160793 3.093939 -16.436117
v -12.077234 3.099262 -16.449007
v -12.027945 3.110659 -16.476667
v -12.007366 3.124588 -16.510509
v -12.032925 3.124592 -16.510532
v -12.050075 3.112983 -16.482334
v -12.091148 3.103286 -16.458794
v -12.160782 3.098582 -16.447403
v -12.230392 3.103310 -16.458927
v -12.271417 3.113020 -16.482546
v -12.288509 3.124635 -16.510777
v -12.285659 3.179175 -16.482080
v -12.268951 3.175106 -16.451824
v -12.310645 3.179180 -16.482103
v -12.290596 3.174296 -16.445797
v -12.290594 3.230050 -16.438299
v -12.310643 3.234933 -16.474606
v -12.285657 3.234929 -16.474581
v -12.268950 3.230859 -16.444326
v -12.230409 3.227453 -16.419020
v -12.230411 3.171702 -16.426517
v -12.160799 3.225791 -16.406675
v -12.160801 3.170036 -16.414175
v -12.091167 3.171679 -16.426384
v -12.091166 3.227430 -16.418886
v -12.052575 3.230823 -16.444120
v -12.052577 3.175070 -16.451618
v -12.035811 3.179134 -16.481842
v -12.035810 3.234887 -16.474342
v -12.010825 3.179130 -16.481819
v -12.030945 3.174253 -16.445549
v -12.077254 3.170268 -16.415897
v -12.160813 3.168412 -16.402077
v -12.244345 3.170296 -16.416058
v -12.244343 3.226047 -16.408558
v -12.160810 3.224165 -16.394579
v -12.077252 3.226019 -16.408398
v -12.030943 3.230006 -16.438051
v -12.010823 3.234883 -16.474319
v -11.985161 3.148051 -16.393160
v -11.977412 3.172243 -16.396482
v -12.001057 3.176149 -16.404257
v -11.964672 3.179699 -16.418236
v -11.988316 3.183598 -16.426016
v -11.959678 3.162969 -16.436659
v -11.983319 3.166883 -16.444427
v -11.991066 3.142695 -16.441099
v -11.967424 3.138785 -16.433329
v -11.980166 3.131325 -16.411581
v -12.003808 3.135236 -16.419352
v -12.008807 3.151947 -16.400946
v -11.972418 3.155512 -16.414907
v -12.361172 3.163027 -16.437048
v -12.353442 3.138849 -16.433697
v -12.329784 3.142752 -16.441423
v -12.340743 3.131385 -16.411924
v -12.317083 3.135281 -16.419659
v -12.312119 3.152012 -16.401220
v -12.335776 3.148109 -16.393494
v -12.343511 3.172299 -16.396835
v -12.319853 3.176202 -16.404562
v -12.356209 3.179765 -16.418608
v -12.332549 3.183656 -16.426344
v -12.337516 3.166942 -16.444765
v -11.996062 3.159423 -16.422680
v -12.324818 3.159478 -16.422993
v -12.348475 3.155571 -16.415268
v -12.374883 3.690616 -16.732430
v -12.342360 3.640730 -16.649660
v -12.288089 3.748056 -16.727852
v -12.275034 3.668039 -16.633514
v -12.160511 3.680858 -16.628742
v -12.268620 3.563563 -16.596563
v -12.384663 3.555607 -16.634075
v -12.425943 3.559110 -16.720112
v -12.393241 3.691193 -16.856674
v -12.446352 3.537046 -16.849314
v -12.437613 3.476403 -16.967779
v -12.246793 3.044039 -16.474148
v -12.160767 3.027491 -16.475546
v -12.160808 3.061566 -16.427036
v -12.074739 3.044010 -16.473984
v -12.102749 3.068856 -16.428728
v -12.002306 3.082556 -16.469805
v -11.903817 3.169989 -16.948053
v -11.888294 3.179985 -16.936241
v -11.920835 3.147777 -16.894278
v -11.858756 3.184679 -16.833614
v -11.922600 3.145866 -16.823627
v -11.933618 3.131877 -16.899822
v -11.915069 3.147860 -16.972666
v -11.904288 3.181734 -17.013216
v -11.902482 3.013446 -17.081869
v -11.954578 3.097539 -17.174601
v -11.925538 3.246244 -17.085606
v -12.003709 3.372678 -17.179819
v -12.019794 3.161472 -17.244305
v -12.317884 3.175296 -16.450161
v -12.308850 3.218748 -16.433882
v -12.307685 3.175261 -16.427431
v -12.252484 3.227980 -16.388681
v -12.263124 3.151118 -16.405090
v -12.208409 3.227219 -16.376320
v -12.205784 3.148415 -16.386726
v -12.160835 3.148501 -16.382277
v -11.895933 2.183826 -18.291002
v -12.026842 2.059728 -18.573092
v -12.009220 2.324959 -18.479683
v -12.158916 2.060745 -18.586430
v -12.158961 2.337705 -18.489531
v -12.308725 2.325009 -18.479967
v -12.322996 2.500311 -18.301855
v -12.442429 2.316271 -18.160385
v -12.515514 2.158551 -17.867737
v -12.492308 2.384323 -18.002081
v -12.621652 2.193182 -17.646696
v -12.584527 2.469766 -17.765585
v -12.598940 2.535006 -17.554983
v -12.346269 2.692850 -17.894722
v -12.351531 2.758439 -17.665472
v -12.159665 2.772424 -17.675341
v -12.159463 2.708382 -17.898483
v -12.159261 2.616686 -18.126280
v -12.339198 2.601152 -18.122513
v -12.159107 2.515848 -18.305637
v -12.270040 3.410051 -16.559954
v -12.160635 3.419519 -16.544342
v -12.160616 3.433192 -16.562778
v -12.051205 3.410015 -16.559742
v -12.059780 3.430439 -16.570877
v -11.927986 3.444522 -16.613888
v -11.941371 3.355521 -16.606031
v -11.854130 3.474378 -16.711029
v -11.882169 3.501049 -16.714739
v -11.824691 3.479560 -16.843958
v -11.853457 3.495210 -16.845818
v -11.839442 3.429676 -16.951408
v -11.867181 3.441528 -16.956902
v -11.836582 3.348937 -16.982510
v -11.868055 3.347221 -16.998919
v -12.349512 3.810250 -16.756327
v -12.366928 3.806068 -16.754293
v -12.371928 3.872666 -16.750994
v -12.382244 3.799669 -16.766609
v -12.386564 3.796987 -16.795383
v -12.382348 3.718729 -16.821112
v -12.316111 3.772091 -16.825415
v -12.277077 3.775278 -16.867847
v -12.160411 3.766395 -16.718985
v -12.032722 3.748014 -16.727608
v -12.045983 3.668001 -16.633295
v -11.978636 3.640669 -16.649313
v -11.945939 3.690544 -16.732021
v -11.978378 3.729462 -16.740520
v -11.952860 3.713089 -16.757118
v -11.927343 3.691115 -16.856230
v -11.938295 3.718655 -16.820688
v -11.938474 3.799600 -16.766184
v -11.953814 3.806005 -16.753899
v -12.000511 3.753328 -16.746761
v -12.004507 3.772039 -16.825117
v -12.043458 3.775239 -16.867626
v -12.160271 3.792012 -16.861401
v -12.160130 3.748531 -17.017534
v -12.051173 3.734794 -17.017738
v -12.056623 3.616045 -17.118990
v -12.160055 3.640987 -17.113810
v -12.160013 3.417129 -17.196857
v -12.263486 3.616079 -17.119186
v -12.269089 3.734830 -17.017946
v -12.367905 3.713154 -16.757517
v -12.342414 3.729523 -16.740868
v -12.320262 3.753381 -16.747066
v -12.341959 3.811397 -16.793535
v -12.343770 3.166688 -16.443893
v -12.320786 3.187392 -16.412945
v -12.319552 3.173986 -16.416777
v -12.273495 3.187049 -16.385986
v -12.270494 3.172975 -16.393152
v -12.212050 3.196673 -16.362766
v -12.210066 3.174258 -16.373135
v -12.160853 3.199161 -16.354456
v -12.160851 3.238656 -16.350126
v -12.109642 3.196656 -16.362669
v -12.096185 3.234502 -16.359423
v -12.034300 3.222126 -16.378780
v -12.048154 3.187016 -16.385769
v -12.000813 3.187345 -16.412636
v -12.002042 3.173951 -16.416460
v -11.977777 3.166627 -16.443544
v -11.988606 3.164197 -16.439249
v -12.004333 3.166711 -16.412930
v -11.994114 3.162087 -16.435246
v -11.995966 3.152101 -16.438335
v -11.993443 3.150072 -16.442806
v -11.981467 3.146952 -16.448603
v -11.966471 3.172743 -16.449652
v -11.970078 3.142708 -16.458723
v -11.944915 3.180438 -16.459520
v -11.958329 3.136177 -16.469973
v -11.994496 3.122005 -16.443773
v -11.978366 3.110117 -16.468615
v -12.033794 3.101438 -16.436279
v -12.044436 3.123536 -16.420101
v -12.112340 3.100734 -16.406811
v -12.114458 3.123783 -16.397243
v -12.047551 3.132755 -16.412840
v -12.049602 3.138539 -16.401094
v -12.011497 3.134693 -16.424812
v -12.005159 3.130404 -16.432226
v -12.009424 3.140996 -16.414640
v -12.314724 3.162498 -16.416439
v -12.322946 3.158958 -16.435352
v -12.327451 3.162138 -16.435566
v -12.322867 3.155227 -16.436325
v -12.325596 3.152153 -16.438652
v -12.313004 3.145856 -16.413795
v -12.312187 3.141046 -16.414928
v -12.270547 3.146672 -16.399651
v -12.272037 3.138571 -16.401310
v -12.210555 3.144419 -16.384312
v -12.209272 3.132825 -16.386641
v -12.160840 3.131449 -16.380581
v -12.160840 3.143248 -16.378212
v -12.160825 3.149379 -16.393566
v -12.205852 3.150454 -16.399275
v -12.260921 3.151614 -16.413280
v -12.304962 3.148493 -16.426514
v -12.316791 3.159492 -16.449837
v -12.271790 3.150877 -16.397188
v -12.208987 3.147511 -16.377687
v -12.160844 3.147104 -16.373363
v -12.115878 3.148407 -16.386635
v -12.112693 3.147499 -16.377594
v -12.111529 3.162070 -16.368172
v -12.160851 3.162290 -16.364408
v -12.160843 3.174881 -16.369282
v -12.210164 3.162086 -16.368265
v -12.273532 3.161998 -16.393251
v -12.317270 3.166749 -16.413239
v -12.332951 3.164250 -16.439581
v -12.328110 3.150119 -16.443130
v -12.310094 3.134736 -16.425104
v -12.274066 3.132788 -16.413059
v -12.207192 3.123799 -16.397331
v -12.160830 3.121719 -16.393257
v -12.112395 3.132809 -16.386549
v -12.111113 3.144403 -16.384216
v -12.115787 3.150439 -16.399187
v -12.051091 3.146635 -16.399441
v -12.060690 3.151580 -16.413090
v -12.008607 3.145805 -16.413506
v -12.016624 3.148445 -16.426239
v -11.998698 3.155185 -16.436007
v -12.004747 3.159438 -16.449539
v -11.998621 3.158905 -16.435041
v -12.003644 3.175272 -16.449844
v -12.013890 3.175212 -16.427151
v -12.006875 3.162454 -16.416138
v -12.058502 3.151084 -16.404896
v -12.049852 3.150840 -16.396976
v -12.048114 3.161963 -16.393032
v -12.051148 3.172950 -16.392933
v -12.111613 3.174242 -16.373041
v -11.790212 3.391352 -16.848005
v -11.832009 3.392006 -16.697969
v -11.913523 3.281426 -16.629433
v -11.916348 3.269203 -16.545614
v -11.917350 3.213882 -16.571463
v -11.927107 3.187941 -16.487020
v -11.938072 3.135515 -16.506975
v -11.928369 3.165844 -16.595409
v -11.956380 3.104573 -16.520679
v -11.948477 3.133307 -16.608248
v -11.979093 3.077918 -16.531860
v -11.971189 3.107214 -16.619904
v -12.044889 3.039193 -16.552864
v -12.033798 3.071482 -16.635796
v -12.160686 3.017070 -16.562126
v -12.160602 3.047567 -16.645493
v -12.287415 3.071524 -16.636038
v -12.276490 3.039223 -16.553091
v -12.350041 3.107277 -16.620266
v -12.342316 3.077970 -16.532215
v -12.372767 3.133378 -16.608654
v -12.365042 3.104641 -16.521069
v -12.392890 3.165889 -16.595844
v -12.383365 3.135590 -16.507401
v -12.403938 3.213957 -16.571932
v -12.394350 3.188019 -16.487465
v -12.410374 3.269281 -16.546087
v -12.392556 3.241513 -16.468674
v -12.371746 3.332759 -16.515980
v -12.360589 3.293941 -16.442900
v -12.283206 3.345161 -16.412737
v -12.283933 3.388683 -16.486496
v -12.160782 3.363000 -16.400557
v -12.160705 3.401428 -16.474884
v -12.037459 3.388642 -16.486261
v -12.038341 3.345129 -16.412497
v -11.941193 3.332687 -16.515570
v -11.960918 3.293875 -16.442520
v -11.928916 3.241441 -16.468227
v -11.953757 3.221467 -16.437895
v -11.995132 3.258769 -16.400412
v -12.061790 3.289925 -16.375206
v -12.160829 3.306829 -16.361082
v -12.259846 3.289942 -16.375404
v -12.326465 3.258819 -16.400732
v -12.367783 3.221536 -16.438292
v -12.376597 3.180510 -16.459934
v -12.363177 3.136245 -16.470360
v -12.343152 3.110178 -16.468962
v -12.319220 3.082607 -16.470108
v -12.379803 3.355596 -16.606451
v -12.407632 3.281508 -16.629904
v -12.407326 3.245928 -16.647760
v -12.396621 3.187590 -16.669899
v -12.376671 3.162341 -16.679850
v -12.338956 3.147481 -16.686338
v -12.274541 3.122702 -16.699074
v -12.160536 3.105083 -16.704113
v -12.046534 3.122671 -16.698851
v -11.982133 3.147428 -16.685997
v -11.958220 3.162276 -16.679449
v -11.929428 3.187423 -16.669430
v -11.911946 3.245884 -16.647301
v -11.847738 3.291994 -16.691891
v -11.802234 3.280476 -16.858101
v -11.855756 3.240627 -16.971609
v -11.885418 3.233452 -16.986465
v -11.895429 3.340899 -17.017981
v -11.882832 3.476311 -16.967249
v -11.874298 3.536951 -16.848768
v -11.894946 3.559021 -16.719604
v -11.936392 3.555532 -16.633648
v -12.052504 3.563527 -16.596357
v -12.160568 3.566807 -16.588749
v -12.261436 3.430472 -16.571068
v -12.393143 3.444600 -16.614332
v -12.466805 3.474476 -16.711617
v -12.438749 3.501142 -16.715269
v -12.495988 3.479672 -16.844599
v -12.467212 3.495313 -16.846403
v -12.481049 3.429783 -16.952021
v -12.453294 3.441624 -16.957462
v -12.483873 3.349041 -16.983128
v -12.530486 3.391471 -16.848713
v -12.488977 3.392116 -16.698595
v -12.473291 3.292094 -16.692490
v -12.413277 3.191581 -16.700153
v -12.353319 3.160790 -16.710197
v -12.287307 3.135750 -16.726643
v -12.160504 3.118311 -16.734886
v -12.033711 3.135707 -16.726400
v -11.967723 3.160725 -16.709831
v -11.907774 3.191497 -16.699673
v -12.398228 3.145939 -16.824085
v -12.462041 3.184777 -16.834190
v -12.518485 3.280589 -16.858786
v -12.432309 3.180076 -16.936760
v -12.464759 3.240726 -16.972191
v -12.416764 3.170063 -16.948544
v -12.435072 3.233544 -16.986990
v -12.416167 3.181819 -17.013704
v -12.394757 3.246323 -17.086054
v -12.365598 3.097608 -17.174994
v -12.316365 3.372730 -17.180119
v -12.300228 3.161508 -17.244572
v -11.969748 3.153255 -16.473831
v -12.011268 3.118199 -16.470623
v -11.974038 3.222208 -16.571558
v -12.017308 3.183383 -16.638584
v -11.998574 3.263268 -16.642673
v -12.043940 3.284708 -16.653288
v -12.160546 3.311188 -16.657187
v -12.452370 3.347308 -16.999481
v -12.424965 3.340987 -17.018484
v -11.933030 3.647408 -17.002434
v -11.956807 3.531654 -17.103390
v -11.988665 3.122708 -16.815685
v -11.943930 3.100085 -16.909853
v -11.940049 2.914012 -16.912563
v -11.884295 2.690293 -16.937286
v -11.872861 2.846195 -17.159418
v -11.785454 2.484686 -17.028551
v -11.800256 2.697366 -17.213444
v -11.702822 2.334108 -17.209984
v -11.738181 2.601788 -17.364769
v -11.978458 2.875567 -17.398296
v -11.974010 2.821275 -17.510921
v -11.720699 2.534859 -17.554146
v -11.967822 2.758375 -17.665106
v -12.159803 2.835839 -17.519112
v -12.345616 2.821337 -17.511276
v -12.581798 2.601929 -17.365574
v -12.341366 2.875628 -17.398643
v -12.519979 2.697486 -17.214130
v -12.617541 2.334261 -17.210857
v -12.535206 2.484811 -17.029266
v -12.447428 2.846292 -17.159967
v -12.436470 2.690385 -16.937813
v -12.417897 3.013520 -17.082363
v -12.380688 2.914086 -16.912983
v -12.405476 3.147942 -16.973133
v -12.376750 3.100157 -16.910267
v -12.387071 3.131953 -16.900255
v -12.332185 3.122766 -16.816013
v -12.307284 3.063982 -16.857988
v -12.160439 3.107981 -16.805269
v -12.160418 3.050775 -16.837503
v -12.013508 3.063932 -16.857710
v -12.029187 2.901383 -16.853374
v -12.160450 2.904499 -16.828676
v -12.160490 2.654385 -16.830692
v -12.291667 2.901427 -16.853624
v -12.446041 1.996809 -17.583223
v -12.446251 2.023624 -17.357710
v -12.652592 2.244232 -17.425486
v -12.419875 2.135184 -17.130928
v -12.393664 2.367318 -16.938837
v -12.338690 2.652180 -16.854322
v -12.160461 2.351140 -16.914494
v -12.160316 2.112716 -17.109432
v -12.160105 1.995707 -17.350386
v -12.159894 1.968892 -17.575899
v -12.394418 2.023826 -17.824673
v -12.357415 2.109143 -18.018126
v -12.422420 2.183913 -18.291502
v -12.291014 2.059772 -18.573343
v -12.158990 1.792615 -18.555180
v -12.053331 1.795155 -18.544962
v -11.940851 2.007528 -18.392942
v -11.997705 2.058345 -18.135265
v -11.961481 2.109076 -18.017750
v -12.159446 2.101509 -18.022469
v -11.924876 2.023747 -17.824226
v -12.159643 2.016002 -17.831112
v -12.320986 2.058399 -18.135572
v -12.377365 2.007601 -18.393358
v -12.264667 1.795190 -18.545164
v -12.159196 1.548943 -18.382074
v -12.076428 1.555019 -18.374931
v -11.978956 1.809191 -18.384943
v -12.016705 1.966440 -18.225803
v -12.159353 2.049285 -18.128817
v -12.301846 1.966488 -18.226076
v -12.339342 1.809251 -18.385286
v -12.241974 1.555046 -18.375088
v -12.159402 1.437223 -18.185005
v -12.086031 1.450089 -18.188200
v -12.008490 1.647368 -18.282177
v -12.045224 1.826829 -18.243538
v -12.159284 1.964467 -18.216829
v -12.273338 1.826867 -18.243755
v -12.310059 1.647418 -18.282465
v -12.232763 1.450114 -18.188339
v -12.159596 1.475332 -17.974583
v -12.096687 1.490292 -17.978310
v -12.020004 1.587088 -18.160313
v -12.070005 1.717725 -18.191113
v -12.159290 1.829407 -18.233540
v -12.248693 1.717755 -18.191282
v -12.298797 1.587135 -18.160580
v -12.222494 1.490313 -17.978430
v -12.159717 1.586555 -17.828882
v -12.118050 1.593787 -17.846176
v -12.045329 1.598229 -18.022324
v -12.125572 1.676942 -18.119144
v -12.159349 1.717740 -18.191196
v -12.193275 1.676954 -18.119205
v -12.273731 1.598268 -18.022541
v -12.201348 1.593801 -17.846254
v -12.159730 1.750617 -17.786686
v -12.088818 1.754400 -17.868641
v -12.159680 1.868056 -17.817642
v -12.230484 1.754423 -17.868774
v -12.222332 1.833094 -17.881321
v -12.159580 1.761559 -17.941555
v -12.159572 1.805104 -17.943018
v -12.096917 1.833075 -17.881207
v -12.103309 1.892837 -17.941202
v -12.159574 1.955102 -17.914656
v -12.159471 1.958467 -18.022144
v -12.215809 1.892857 -17.941305
v -12.206884 1.900537 -18.009518
v -12.159542 1.833871 -17.969072
v -12.159513 1.839197 -17.999033
v -12.112100 1.900521 -18.009426
v -12.123725 1.871462 -18.066452
v -12.159401 1.912050 -18.103157
v -12.159382 1.848012 -18.134449
v -12.195158 1.871473 -18.066517
v -12.184721 1.824099 -18.096640
v -12.159483 1.827332 -18.032198
v -12.159466 1.803859 -18.054350
v -12.134123 1.824092 -18.096594
v -12.159431 1.776052 -18.094635
v -12.159409 1.778815 -18.118402
v -12.159555 1.713927 -17.975899
v -12.251371 1.657646 -17.921602
v -12.159492 1.678209 -18.049047
v -12.067862 1.657615 -17.921427
v -12.159425 1.676947 -18.119186
v -12.295953 3.226000 -16.651079
v -12.322561 3.263322 -16.642982
v -12.303862 3.183431 -16.638857
v -12.347246 3.222271 -16.571911
v -12.310244 3.118249 -16.470909
v -12.351747 3.153319 -16.474195
v -12.345697 3.194586 -16.468784
v -12.332598 3.279162 -16.523399
v -12.277168 3.284748 -16.653509
v -12.241678 3.233441 -16.657101
v -11.876129 2.316176 -18.159843
v -11.803655 2.158432 -17.867058
v -11.826528 2.384216 -18.001451
v -11.697927 2.193028 -17.645815
v -11.734734 2.469624 -17.764774
v -11.972670 2.692787 -17.894367
v -11.979337 2.601096 -18.122175
v -11.995231 2.500256 -18.301542
v -11.873725 1.996714 -17.582678
v -11.873936 2.023530 -17.357164
v -11.900706 2.135097 -17.130434
v -11.927207 2.367240 -16.938393
v -11.982246 2.652120 -16.853983
v -12.399858 3.147855 -16.894735
v -11.667392 2.244067 -17.424547
v -12.055602 3.312160 -16.389612
v -12.077374 3.332794 -16.392645
v -12.066644 3.337808 -16.390322
v -12.064881 3.360361 -16.397442
v -12.062735 3.337688 -16.398825
v -12.048984 3.324681 -16.396898
v -12.037868 3.345747 -16.410406
v -12.028089 3.324850 -16.400070
v -12.012280 3.338185 -16.406437
v -12.010829 3.356755 -16.412331
v -12.024577 3.369779 -16.414249
v -12.045480 3.369538 -16.411119
v -12.061281 3.356292 -16.404703
v -12.045726 3.376455 -16.405193
v -12.020394 3.376736 -16.408997
v -12.003729 3.360966 -16.406662
v -12.005491 3.338413 -16.399544
v -12.024649 3.322279 -16.391813
v -12.049978 3.322020 -16.387999
v -12.022506 3.312518 -16.394587
v -11.997478 3.333568 -16.404701
v -11.995177 3.363006 -16.414021
v -12.016949 3.383616 -16.417065
v -12.050043 3.383317 -16.412060
v -12.075073 3.362237 -16.401960
v -12.081215 3.359429 -16.414923
v -12.054124 3.382224 -16.425865
v -12.018303 3.382566 -16.431276
v -11.994738 3.360256 -16.427984
v -11.997222 3.328429 -16.417873
v -12.024318 3.305584 -16.406958
v -12.060143 3.305184 -16.401581
v -12.083703 3.327577 -16.404831
v -12.070373 3.345633 -16.440802
v -12.053949 3.359463 -16.447424
v -12.032241 3.359627 -16.450729
v -12.017953 3.346146 -16.448706
v -12.019463 3.326814 -16.442602
v -12.035882 3.313023 -16.435953
v -12.057596 3.312809 -16.432682
v -12.071882 3.326323 -16.434685
v -12.363359 3.531723 -17.103777
v -12.387291 3.647480 -17.002869
v -12.160001 3.176070 -17.252449
v -12.320964 2.978342 -17.320251
v -12.159958 2.992338 -17.330147
v -12.159898 2.899126 -17.408758
v -11.998978 2.978284 -17.319944
v -11.934102 3.796912 -16.794952
v -11.948797 3.872595 -16.750589
v -11.971224 3.810187 -16.755966
v -11.978703 3.811347 -16.793186
v -11.981429 3.202484 -16.421085
v -12.225498 3.234517 -16.359550
v -12.287351 3.222141 -16.379044
v -12.340150 3.202539 -16.421429
v -12.355063 3.172806 -16.450024
v -12.340077 3.147012 -16.448946
v -12.351448 3.142772 -16.459087
v -12.316422 3.130456 -16.432524
v -12.327065 3.122061 -16.444090
v -12.287788 3.101480 -16.436522
v -12.277171 3.123575 -16.420322
v -12.218860 3.068876 -16.428841
v -12.209300 3.100750 -16.406904
v -12.160822 3.096874 -16.405069
v -12.160833 3.227062 -16.370560
v -12.113247 3.227203 -16.376228
v -12.160721 3.335121 -16.469299
v -12.069148 3.227950 -16.388508
v -12.035980 3.311505 -16.481644
v -11.988760 3.279104 -16.523071
v -12.012698 3.218698 -16.433599
v -11.975793 3.194524 -16.468431
v -12.285446 3.311546 -16.481882
v -12.056532 3.094311 -16.458239
v -12.116088 3.075549 -16.442600
v -12.160796 3.074116 -16.436539
v -12.205492 3.075562 -16.442684
v -12.265012 3.094345 -16.458441
v -11.955264 2.959412 -17.287844
v -12.299563 3.313199 -16.392754
v -12.324798 3.329124 -16.416084
v -12.324568 3.334262 -16.402914
v -12.326838 3.363691 -16.412243
v -12.316560 3.339103 -16.397739
v -12.297422 3.322960 -16.389975
v -12.266477 3.312836 -16.387712
v -12.272100 3.322692 -16.386112
v -12.255425 3.338470 -16.388407
v -12.244693 3.333462 -16.390703
v -12.257166 3.361029 -16.395527
v -12.246965 3.362900 -16.400028
v -12.271969 3.383992 -16.410172
v -12.276301 3.377131 -16.403315
v -12.305054 3.384299 -16.415243
v -12.301625 3.377413 -16.407171
v -12.318303 3.361658 -16.404863
v -12.297435 3.370462 -16.412411
v -12.276539 3.370216 -16.409241
v -12.260755 3.356960 -16.402796
v -12.259317 3.338360 -16.396912
v -12.273077 3.325358 -16.395010
v -12.293966 3.325534 -16.398222
v -12.309760 3.338875 -16.404617
v -12.311190 3.357435 -16.410524
v -12.284158 3.346425 -16.408543
v -12.303673 3.383248 -16.429451
v -12.267862 3.382901 -16.423967
v -12.240800 3.360084 -16.412981
v -12.238341 3.328242 -16.402876
v -12.261918 3.305883 -16.399658
v -12.297732 3.306287 -16.405107
v -12.302510 3.327502 -16.440771
v -12.286108 3.313706 -16.434093
v -12.264400 3.313483 -16.430777
v -12.250106 3.326981 -16.432760
v -12.251597 3.346302 -16.438873
v -12.268002 3.360133 -16.445534
v -12.289705 3.360309 -16.448874
v -12.304002 3.346835 -16.446878
v -12.327251 3.360949 -16.426201
v -12.364742 2.959486 -17.288233
v -12.088454 3.559750 -16.529032
v -12.074499 3.538254 -16.526062
v -12.050389 3.572530 -16.532785
v -12.051910 3.529312 -16.527794
v -12.029315 3.536337 -16.533567
v -12.015343 3.556648 -16.541176
v -12.015332 3.582486 -16.547712
v -12.029287 3.603981 -16.550682
v -12.051876 3.612924 -16.548948
v -12.074471 3.605898 -16.543175
v -12.088444 3.585588 -16.535570
v -12.314570 3.556874 -16.540764
v -12.300622 3.536558 -16.533131
v -12.279535 3.572744 -16.532309
v -12.278038 3.529526 -16.527313
v -12.255449 3.538460 -16.525537
v -12.241482 3.559952 -16.528481
v -12.241471 3.585790 -16.535017
v -12.255422 3.606104 -16.542652
v -12.278004 3.613138 -16.548468
v -12.300594 3.604202 -16.550243
v -12.314560 3.582713 -16.547300
v -12.117565 3.652243 -16.580622
v -12.153201 3.600439 -16.561218
v -12.107746 3.590522 -16.541773
v -12.153228 3.534538 -16.544546
v -12.107762 3.552475 -16.532146
v -12.117636 3.479712 -16.536972
v -12.087213 3.520821 -16.527773
v -12.060019 3.456902 -16.541391
v -12.053947 3.507651 -16.530325
v -12.020673 3.517997 -16.538826
v -12.051705 3.571293 -16.537676
v -12.087172 3.620431 -16.552975
v -12.000082 3.585953 -16.559656
v -11.966723 3.592526 -16.592194
v -12.000098 3.547907 -16.550030
v -11.966750 3.526625 -16.575520
v -12.002387 3.474821 -16.556116
v -12.001748 3.453335 -16.584913
v -12.068296 3.432644 -16.567913
v -11.960598 3.513154 -16.607319
v -11.960567 3.589249 -16.626572
v -12.001666 3.652558 -16.635317
v -12.002316 3.647352 -16.599768
v -12.020633 3.617608 -16.564028
v -12.134826 3.458982 -16.562809
v -12.175921 3.522291 -16.571554
v -12.175890 3.598386 -16.590807
v -12.134745 3.658205 -16.613213
v -12.068196 3.678895 -16.630215
v -12.059932 3.670162 -16.595346
v -12.053897 3.630778 -16.561476
v -12.018855 3.631828 -16.661154
v -12.076470 3.654638 -16.656733
v -12.134106 3.636719 -16.642010
v -12.169740 3.584915 -16.622604
v -12.169766 3.519014 -16.605932
v -12.134176 3.464187 -16.598360
v -12.076558 3.441378 -16.602777
v -12.018925 3.459297 -16.617502
v -11.983289 3.511101 -16.636906
v -11.983262 3.577002 -16.653580
v -12.195591 3.636905 -16.641371
v -12.194998 3.658391 -16.612574
v -12.160012 3.585089 -16.621899
v -12.153915 3.598558 -16.590090
v -12.153946 3.522463 -16.570837
v -12.160039 3.519188 -16.605227
v -12.195080 3.459168 -16.562170
v -12.195662 3.464374 -16.597721
v -12.261610 3.432853 -16.567398
v -12.253277 3.441584 -16.602251
v -12.310876 3.459522 -16.617085
v -12.328119 3.453566 -16.584526
v -12.346457 3.511338 -16.636557
v -12.369205 3.513399 -16.607012
v -12.369173 3.589494 -16.626265
v -12.346430 3.577239 -16.653229
v -12.328038 3.652789 -16.634932
v -12.310805 3.632053 -16.660736
v -12.261510 3.679105 -16.629702
v -12.253190 3.654844 -16.656206
v -12.212242 3.652435 -16.580017
v -12.269840 3.670373 -16.594851
v -12.242699 3.620634 -16.552427
v -12.275955 3.630991 -16.560991
v -12.278211 3.571507 -16.537195
v -12.309219 3.617833 -16.563606
v -12.327457 3.647583 -16.599379
v -12.363081 3.592768 -16.591875
v -12.363108 3.526868 -16.575201
v -12.327528 3.475052 -16.555729
v -12.269928 3.457113 -16.540895
v -12.212313 3.479904 -16.536366
v -12.176687 3.534718 -16.543873
v -12.176661 3.600619 -16.560545
v -12.222157 3.590717 -16.541185
v -12.222173 3.552670 -16.531559
v -12.242740 3.521023 -16.527225
v -12.276006 3.507864 -16.529840
v -12.309260 3.518222 -16.538404
v -12.329802 3.548138 -16.549646
v -12.329786 3.586185 -16.559273
v -12.159770 3.035383 -17.518740
v -12.159958 2.992938 -17.329479
v -12.159795 3.253645 -17.454641
v -12.160002 3.175155 -17.252066
v -12.160014 3.419220 -17.195337
v -12.159820 3.471906 -17.390543
v -12.159844 3.690138 -17.326443
v -12.160054 3.641670 -17.114683
v -12.159770 3.035383 -17.518740
v -12.159958 2.992938 -17.329479
v -12.159795 3.253645 -17.454641
v -12.160002 3.175155 -17.252066
v -12.160014 3.419220 -17.195337
v -12.159820 3.471906 -17.390543
v -12.159844 3.690138 -17.326443
v -12.160054 3.641670 -17.114683
vn 0.0010 0.0541 -0.9985
vn -0.3220 0.4269 -0.8450
vn 0.0010 0.4581 -0.8889
vn -0.3094 0.0649 -0.9487
vn -0.6288 0.3805 -0.6781
vn -0.6184 0.0183 -0.7856
vn -0.8986 0.3512 -0.2630
vn -0.8925 -0.1655 -0.4195
vn -0.9993 0.0342 -0.0166
vn -0.9992 -0.0209 -0.0329
vn -0.9810 0.0664 0.1822
vn -0.9818 -0.1484 0.1182
vn -0.9293 -0.0346 0.3677
vn -0.9289 -0.1572 0.3354
vn -0.9096 -0.1098 0.4008
vn -0.9356 -0.0174 0.3526
vn -0.9701 -0.0569 0.2358
vn -0.9682 -0.0595 0.2431
vn -0.9171 0.0160 0.3983
vn -0.9226 -0.2125 0.3220
vn -0.7499 -0.0262 0.6610
vn -0.7643 -0.3083 0.5664
vn -0.6485 -0.2003 0.7344
vn -0.6485 -0.2004 0.7344
vn 0.6470 -0.2005 0.7356
vn 0.7632 -0.3084 0.5678
vn 0.7487 -0.0264 0.6624
vn 0.9219 -0.2127 0.3238
vn 0.9163 0.0157 0.4001
vn 0.9679 -0.0730 0.2404
vn 0.9668 -0.0677 0.2464
vn 0.9350 -0.1638 0.3144
vn 0.9349 -0.0177 0.3544
vn 0.9286 -0.0349 0.3695
vn 0.9282 -0.1576 0.3372
vn 0.9816 -0.1487 0.1200
vn 0.9807 0.0661 0.1840
vn 0.9993 -0.0212 -0.0310
vn 0.9993 0.0339 -0.0147
vn 0.8932 -0.1659 -0.4179
vn 0.8993 0.3509 -0.2612
vn 0.6199 0.0182 -0.7845
vn 0.6303 0.3803 -0.6769
vn 0.3112 0.0648 -0.9481
vn 0.3238 0.4243 -0.8456
vn -0.2548 0.3013 0.9189
vn -0.7871 0.6109 -0.0851
vn 0.1713 0.2102 0.9625
vn -0.9917 -0.0967 -0.0842
vn -0.8218 0.5174 0.2386
vn -0.9559 -0.2701 0.1157
vn -0.8329 0.4261 0.3532
vn -0.8842 -0.3129 0.3469
vn -0.8296 -0.5377 0.1503
vn -0.8370 0.3313 0.4355
vn -0.1284 0.8900 0.4375
vn -0.4031 0.4484 0.7978
vn -0.0009 -0.4549 0.8905
vn 0.0578 0.9903 0.1260
vn 0.7175 0.6928 0.0721
vn -0.0935 0.9355 0.3407
vn 0.8214 0.5174 0.2400
vn 0.1251 0.9539 0.2729
vn 0.8323 0.4257 0.3550
vn 0.1279 0.8899 0.4378
vn 0.1033 0.9711 0.2152
vn 0.1379 0.8310 0.5389
vn -0.1079 0.9654 0.2373
vn -0.1337 0.9861 0.0984
vn -0.0261 0.6407 0.7674
vn -0.1377 0.7406 0.6577
vn 0.0004 0.9875 -0.1578
vn 0.0002 1.0000 -0.0035
vn 0.0001 0.9980 0.0638
vn -0.1595 0.6301 0.7600
vn -0.0781 0.1148 0.9903
vn 0.4765 0.6183 0.6250
vn 0.5608 -0.4230 -0.7117
vn 0.6995 -0.5386 -0.4696
vn 0.7683 -0.5999 -0.2233
vn 0.7543 -0.6563 -0.0178
vn 0.3664 -0.5239 0.7690
vn 0.0211 -0.9986 -0.0477
vn 0.1114 -0.9861 0.1234
vn 0.2542 -0.9667 0.0282
vn 0.2592 -0.9642 -0.0553
vn -0.0513 -0.1928 0.9799
vn 0.0012 -0.2635 0.9647
vn 0.0001 -0.9756 -0.2196
vn -0.0000 -0.9892 -0.1464
vn 0.0184 -0.9994 -0.0295
vn -0.1453 -0.9875 0.0613
vn -0.1489 -0.9888 -0.0118
vn -0.0706 -0.2207 0.9728
vn -0.4614 0.8621 -0.2096
vn 0.7181 0.6732 -0.1766
vn -0.6974 0.7167 -0.0038
vn 0.6405 0.4713 0.6063
vn 0.1497 0.2124 0.9656
vn -0.2597 0.7850 -0.5625
vn 0.0002 -0.9247 -0.3808
vn 0.1237 0.9570 -0.2624
vn 0.1106 0.3281 0.9382
vn 0.3406 0.9076 -0.2453
vn -0.1387 0.3465 0.9277
vn 0.5299 0.8473 -0.0364
vn -0.4029 0.3778 0.8336
vn -0.7177 0.6733 -0.1777
vn -0.2238 0.8762 -0.4269
vn -0.8625 0.1924 -0.4681
vn -0.7210 -0.4707 0.5085
vn -0.3631 -0.5388 0.7602
vn -0.0218 -0.5513 0.8340
vn 0.3141 -0.5444 0.7778
vn 0.6718 -0.4885 0.5568
vn 0.8634 0.1923 -0.4665
vn -0.5115 -0.2649 -0.8174
vn -0.7063 0.0542 -0.7058
vn -0.4541 0.4630 -0.7612
vn -0.0636 0.2234 -0.9726
vn 0.2467 0.4912 -0.8354
vn 0.6655 0.1061 -0.7388
vn 0.3870 -0.3451 -0.8551
vn 0.7463 -0.6222 -0.2367
vn 0.3928 -0.6976 -0.5992
vn -0.7152 -0.4940 -0.4945
vn -0.6378 -0.7125 0.2926
vn -0.7057 0.1707 0.6876
vn -0.8600 0.0680 -0.5057
vn 0.3881 0.7308 -0.5615
vn 0.8472 0.0360 -0.5300
vn 0.3055 0.3004 -0.9035
vn 0.1367 -0.6433 -0.7533
vn 0.0009 0.3263 -0.9453
vn -0.1288 -0.6351 -0.7616
vn -0.3913 -0.6490 -0.6525
vn -0.3617 -0.0892 -0.9280
vn -0.7200 0.2960 -0.6276
vn -0.5401 -0.6944 -0.4755
vn -0.6998 -0.6200 -0.3549
vn -0.5146 0.6413 -0.5690
vn 0.7160 -0.4942 -0.4932
vn 0.4118 -0.8089 0.4196
vn 0.3674 -0.7750 0.5142
vn -0.0023 -0.8335 0.5526
vn -0.1600 -0.8137 0.5589
vn -0.3435 0.1212 0.9313
vn 0.1665 0.1314 -0.9772
vn 0.1346 -0.1275 0.9827
vn 0.3232 0.0978 0.9413
vn 0.6879 0.1351 0.7131
vn 0.8610 0.0678 -0.5041
vn -0.6222 0.3277 0.7110
vn 0.3889 0.1029 0.9155
vn 0.0988 0.5535 0.8270
vn 0.4444 0.8041 0.3948
vn -0.5686 0.8223 -0.0249
vn 0.6892 0.5795 -0.4349
vn -0.3121 0.6248 -0.7157
vn -0.3068 0.0390 -0.9510
vn 0.4006 -0.7256 -0.5595
vn 0.2858 -0.9577 -0.0348
vn -0.6249 -0.5954 -0.5051
vn -0.8960 -0.3920 0.2088
vn 0.8728 -0.2196 0.4360
vn -0.8436 -0.3377 -0.4174
vn -0.6424 -0.2298 -0.7311
vn -0.0259 -0.5897 -0.8072
vn -0.6162 -0.7849 -0.0657
vn 0.4876 -0.8727 -0.0252
vn 0.6883 -0.5797 0.4361
vn -0.3136 -0.6247 0.7151
vn -0.5493 -0.0127 0.8355
vn 0.5328 0.6718 0.5145
vn 0.0417 -0.9374 -0.3458
vn -0.0055 0.9675 -0.2527
vn -0.6758 0.6349 0.3745
vn -0.1296 0.3397 -0.9316
vn -0.8727 0.2195 -0.4361
vn 0.8736 0.2193 -0.4344
vn -0.8737 -0.2192 0.4343
vn -0.3994 0.7125 0.5769
vn -0.5690 0.6478 0.5066
vn -0.6545 0.3670 0.6610
vn -0.2803 0.7750 0.5664
vn -0.2366 0.7029 0.6708
vn -0.0819 0.3776 0.9223
vn -0.2944 0.3299 0.8969
vn -0.8611 0.2951 0.4141
vn -0.9435 0.3059 0.1273
vn -0.9106 0.3975 0.1128
vn -0.9262 0.3023 -0.2253
vn -0.0006 -0.9279 0.3729
vn -0.0007 -0.7599 0.6500
vn -0.2402 -0.7633 0.5998
vn 0.0379 -0.8478 0.5290
vn -0.0309 -0.6946 0.7188
vn 0.2637 -0.7592 0.5950
vn 0.7350 -0.6566 -0.1695
vn 0.9228 -0.3831 0.0417
vn 0.6240 -0.7715 -0.1239
vn 0.5631 -0.8168 -0.1256
vn 0.4630 -0.8843 -0.0613
vn 0.9118 -0.3359 0.2362
vn 0.9584 -0.1042 0.2659
vn 0.9839 -0.1685 0.0599
vn 0.9345 0.3536 0.0406
vn 0.9126 0.2811 -0.2969
vn 0.9353 -0.0322 -0.3525
vn 0.7671 -0.0963 -0.6342
vn 0.4429 0.6751 -0.5900
vn 0.3024 -0.2522 -0.9192
vn 0.8391 0.3869 -0.3823
vn 0.6246 -0.5613 -0.5429
vn 0.1141 -0.4609 -0.8801
vn -0.0604 -0.5283 -0.8469
vn -0.1350 -0.3058 -0.9425
vn -0.1397 -0.5988 -0.7887
vn -0.5571 -0.4857 -0.6736
vn 0.8297 -0.2604 -0.4938
vn 0.5259 0.6564 -0.5409
vn 0.9455 0.0928 -0.3121
vn 0.1247 0.3298 -0.9358
vn 0.2622 0.5126 -0.8176
vn 0.1170 0.5239 -0.8437
vn -0.1834 0.3085 -0.9334
vn -0.8342 0.2562 -0.4883
vn -0.8369 0.0620 -0.5438
vn -0.8037 -0.2240 -0.5513
vn -0.8256 -0.1910 -0.5309
vn -0.8054 0.2194 -0.5507
vn -0.7733 0.5323 -0.3446
vn -0.7794 0.6069 -0.1556
vn -0.3788 0.6554 -0.6534
vn -0.0728 0.9091 -0.4103
vn -0.1213 0.9385 -0.3234
vn -0.0778 0.9380 -0.3378
vn -0.4633 0.8786 0.1158
vn -0.1142 0.8659 -0.4871
vn 0.1361 0.7544 0.6421
vn -0.0000 0.9794 0.2018
vn -0.2790 0.4464 0.8502
vn -0.1393 0.8122 0.5665
vn -0.0380 0.3689 0.9287
vn 0.2215 0.0665 0.9729
vn 0.6448 0.6397 0.4183
vn 0.5132 0.3942 0.7624
vn 0.7007 0.3188 0.6383
vn 0.5865 0.7395 0.3304
vn 0.6623 0.7083 0.2440
vn 0.6775 0.7225 -0.1378
vn 0.7472 0.5862 -0.3133
vn 0.6186 0.5605 -0.5506
vn 0.5207 0.3769 -0.7660
vn 0.1713 0.8350 0.5229
vn -0.1954 0.5405 0.8183
vn 0.1461 0.1137 0.9827
vn -0.6339 0.1051 0.7662
vn -0.8649 0.4351 0.2504
vn -0.6462 0.7316 0.2171
vn -0.6569 0.6566 -0.3707
vn -0.6623 0.7485 0.0321
vn -0.2359 0.9561 0.1739
vn -0.1886 0.8455 0.4996
vn 0.2795 0.7749 0.5669
vn 0.3986 0.7124 0.5776
vn 0.5190 0.7334 0.4390
vn 0.0302 0.4536 0.8907
vn 0.6354 0.4941 0.5934
vn 0.7654 0.6081 0.2108
vn 0.8432 0.2974 0.4479
vn 0.7671 -0.4143 0.4899
vn 0.1239 -0.4331 0.8928
vn 0.2942 0.3381 0.8939
vn -0.1232 0.9496 0.2882
vn 0.3399 0.8877 0.3106
vn -0.0001 0.9628 0.2703
vn -0.2316 0.9405 -0.2485
vn -0.0923 0.8509 -0.5171
vn 0.1224 0.7185 -0.6846
vn 0.0008 0.7202 -0.6938
vn 0.0009 0.4396 -0.8982
vn 0.0262 0.5649 -0.8248
vn 0.0936 0.8509 -0.5169
vn -0.9449 0.3262 0.0274
vn -0.5205 0.6163 0.5910
vn -0.3272 0.8662 0.3777
vn 0.5513 0.7210 -0.4198
vn -0.3907 -0.3265 0.8607
vn -0.6084 0.2361 0.7577
vn -0.6192 -0.3538 0.7011
vn -0.4802 -0.3992 0.7811
vn -0.3770 0.1279 0.9173
vn -0.3668 -0.3207 0.8733
vn -0.1950 0.3339 0.9222
vn -0.2508 -0.3096 0.9172
vn -0.1885 -0.1278 0.9737
vn 0.0607 -0.1840 0.9810
vn 0.0276 0.0106 0.9996
vn 0.1843 -0.0487 0.9817
vn 0.4000 -0.2613 0.8785
vn 0.4869 -0.2288 0.8430
vn 0.6071 0.2357 0.7588
vn 0.4199 -0.2777 0.8641
vn 0.7085 -0.4518 0.5422
vn 0.9052 -0.2668 0.3307
vn 0.7950 -0.4699 0.3835
vn 0.8368 0.0074 0.5474
vn 0.3941 -0.2815 0.8749
vn 0.5534 0.0123 0.8328
vn 0.5928 -0.3562 0.7222
vn 0.5900 -0.1708 0.7892
vn 0.5579 -0.3678 0.7440
vn 0.7625 -0.2092 0.6122
vn 0.7074 -0.3507 0.6137
vn 0.7496 -0.4337 0.5000
vn 0.4259 -0.5716 0.7013
vn 0.2336 -0.5521 0.8004
vn 0.2270 -0.5819 0.7809
vn 0.1784 -0.7755 0.6056
vn 0.3820 -0.7893 0.4807
vn -0.1590 -0.6112 0.7753
vn 0.1331 -0.5912 0.7955
vn 0.3163 -0.1669 0.9339
vn 0.4809 -0.8710 0.1006
vn -0.4686 -0.8164 -0.3375
vn -0.3149 -0.7518 0.5794
vn 0.4485 -0.2305 0.8636
vn -0.0736 0.7904 0.6081
vn -0.6175 -0.0732 0.7832
vn -0.7689 0.6005 0.2196
vn -0.6751 0.0362 0.7369
vn -0.8779 0.3530 0.3237
vn -0.2252 -0.1383 0.9645
vn -0.8135 0.3612 0.4557
vn -0.2278 -0.1787 0.9572
vn -0.3833 -0.4211 0.8221
vn -0.7681 0.3389 0.5433
vn -0.6585 0.7433 -0.1176
vn -0.1699 0.8526 0.4942
vn -0.3494 0.8889 0.2963
vn -0.0318 0.9032 0.4281
vn 0.8858 0.2594 0.3848
vn -0.8211 -0.5598 0.1114
vn -0.6965 -0.6942 0.1816
vn -0.6171 -0.7227 0.3114
vn -0.3965 -0.6440 -0.6542
vn -0.5158 -0.7431 0.4263
vn -0.2905 -0.2534 0.9227
vn -0.0008 -0.5764 0.8172
vn -0.0009 -0.4560 0.8900
vn 0.3129 -0.0919 0.9453
vn -0.0833 -0.2099 0.9742
vn -0.1531 -0.3765 0.9137
vn -0.2682 -0.5750 0.7730
vn -0.7248 0.0240 0.6885
vn -0.8488 -0.3800 0.3675
vn -0.1956 -0.5764 0.7934
vn -0.4168 -0.5196 0.7459
vn -0.2483 -0.5497 0.7976
vn -0.1914 -0.5066 0.8407
vn -0.5879 0.1993 0.7840
vn -0.8105 0.5778 -0.0959
vn -0.5649 0.4814 0.6702
vn -0.7505 0.6590 -0.0489
vn 0.0035 0.5338 0.8456
vn -0.7995 0.5906 0.1090
vn -0.3177 0.1520 0.9359
vn -0.9546 0.0196 0.2971
vn -0.6704 -0.7080 0.2221
vn -0.7106 -0.5093 -0.4855
vn -0.3007 -0.2518 -0.9199
vn 0.0150 -0.9261 -0.3770
vn 0.0620 -0.5283 -0.8468
vn -0.2130 -0.9770 0.0006
vn 0.0815 -0.2102 0.9743
vn 0.0641 -0.2274 0.9717
vn 0.1617 -0.4142 0.8957
vn 0.9045 0.0236 -0.4258
vn 0.9728 0.1175 0.1998
vn 0.9468 0.2423 0.2116
vn 0.9854 0.1633 -0.0480
vn 0.9975 -0.0673 -0.0218
vn 0.9896 -0.1234 0.0733
vn 0.9725 -0.2303 0.0342
vn 0.9691 -0.2467 -0.0067
vn 0.8787 -0.4729 -0.0660
vn 0.8795 -0.4515 -0.1501
vn 0.7518 -0.6288 -0.1985
vn 0.8039 -0.5391 -0.2510
vn 0.5809 -0.7709 -0.2614
vn 0.6052 -0.6874 -0.4015
vn 0.3061 -0.9019 -0.3048
vn 0.3164 -0.8049 -0.5021
vn -0.0901 -0.8719 -0.4814
vn -0.4082 -0.8281 -0.3841
vn -0.4434 -0.8240 -0.3526
vn -0.6729 -0.6954 -0.2521
vn -0.7799 -0.6056 -0.1582
vn -0.8288 -0.5468 -0.1186
vn -0.8729 -0.4785 -0.0947
vn -0.9352 -0.3495 -0.0575
vn -0.9735 -0.2274 -0.0232
vn -0.9865 -0.1385 0.0871
vn -0.9965 -0.0794 0.0272
vn -0.9642 0.1836 0.1915
vn -0.8929 0.4024 0.2021
vn -0.7732 0.5518 0.3124
vn -0.6760 0.6211 0.3965
vn -0.6474 0.7187 0.2537
vn -0.2965 0.8232 0.4842
vn -0.2063 0.9162 0.3436
vn 0.0683 0.9245 0.3749
vn 0.4050 0.8394 0.3625
vn 0.4959 0.7788 0.3842
vn 0.7767 0.5109 0.3683
vn 0.8934 0.3179 0.3174
vn 0.8294 0.0041 0.5586
vn 0.7450 -0.0162 0.6669
vn 0.5555 0.1681 0.8143
vn 0.3191 0.3343 0.8868
vn -0.0290 0.3381 0.9407
vn -0.3149 0.2589 0.9131
vn -0.5929 0.0247 0.8049
vn -0.6876 -0.0786 0.7218
vn -0.7637 -0.2090 0.6108
vn -0.7507 -0.4334 0.4986
vn -0.7074 -0.5060 0.4935
vn -0.5141 0.1219 0.8490
vn -0.7247 -0.0687 0.6856
vn -0.7677 -0.3445 0.5403
vn -0.7819 -0.4850 0.3917
vn -0.5553 -0.8297 0.0577
vn -0.4231 -0.8709 -0.2502
vn -0.2824 -0.9154 -0.2868
vn 0.0002 -0.9430 -0.3329
vn 0.0807 -0.9150 -0.3953
vn 0.3614 -0.8937 -0.2657
vn 0.5031 -0.8640 -0.0203
vn 0.6218 -0.7030 0.3453
vn 0.7400 -0.4954 0.4550
vn 0.6494 -0.3142 0.6926
vn 0.9659 -0.0989 0.2393
vn 0.9300 -0.0897 -0.3563
vn 0.8504 0.0530 -0.5235
vn 0.8876 0.0821 -0.4533
vn 0.9466 0.0757 -0.3134
vn 0.9800 0.1933 -0.0465
vn 0.9477 0.1460 0.2839
vn 0.8764 0.1019 0.4707
vn 0.3180 0.1350 0.9384
vn 0.0738 0.1605 0.9843
vn 0.0363 0.3687 0.9288
vn -0.2361 -0.0018 0.9717
vn -0.6177 0.2504 0.7455
vn -0.9299 0.1545 0.3339
vn -0.6749 0.6420 0.3639
vn -0.9300 0.3580 -0.0835
vn -0.7616 0.6410 -0.0954
vn -0.8799 0.2021 -0.4300
vn -0.7083 0.5438 -0.4502
vn -0.8644 0.5006 -0.0481
vn -0.7449 0.4620 0.4812
vn -0.6487 -0.3155 0.6926
vn -0.7147 -0.4312 0.5508
vn -0.5137 -0.8396 0.1766
vn -0.4566 -0.8786 0.1401
vn -0.2818 -0.9591 -0.0278
vn 0.1121 -0.9704 0.2139
vn 0.2900 -0.9355 0.2017
vn 0.4071 -0.8028 0.4355
vn -0.2936 -0.9066 0.3030
vn -0.4994 -0.8562 0.1325
vn -0.8049 -0.5932 0.0181
vn -0.7526 -0.6547 -0.0712
vn -0.5777 -0.7129 -0.3976
vn -0.9230 -0.3828 0.0399
vn -0.7000 -0.5850 -0.4096
vn -0.9840 -0.1682 0.0580
vn -0.9346 -0.0319 -0.3542
vn -0.9119 0.2814 -0.2986
vn -0.5909 -0.2091 -0.7792
vn -0.7865 0.0576 -0.6149
vn -0.2805 0.9533 -0.1122
vn -0.8387 0.2035 -0.5051
vn -0.8591 0.3191 0.4002
vn -0.4504 0.6984 0.5562
vn -0.7079 0.0151 0.7061
vn 0.1118 -0.8012 0.5879
vn 0.1909 -0.9138 0.3585
vn -0.4783 -0.1703 -0.8615
vn -0.8867 0.0824 -0.4550
vn 0.7898 0.6131 -0.0166
vn 0.7306 0.5332 -0.4266
vn 0.6947 -0.6395 0.3294
vn 0.8493 0.0736 0.5227
vn 0.7824 0.3666 0.5035
vn 0.7965 0.4195 0.4354
vn 0.8547 0.5112 0.0902
vn 0.8152 0.3760 0.4406
vn 0.7524 0.6355 0.1731
vn 0.8788 0.2687 0.3944
vn 0.7832 0.5748 0.2372
vn 0.8224 0.4979 -0.2754
vn 0.3812 0.9210 0.0807
vn 0.7543 0.6480 -0.1053
vn 0.3734 0.9206 0.1146
vn 0.1268 0.8923 -0.4332
vn -0.0130 0.9191 -0.3937
vn -0.7450 0.6548 -0.1274
vn -0.4568 0.4050 -0.7920
vn -0.7898 0.6089 -0.0740
vn -0.8794 0.2690 0.3927
vn -0.8983 0.3126 0.3086
vn -0.9918 0.0961 -0.0840
vn -0.8835 0.3330 0.3295
vn -0.9860 -0.0744 -0.1491
vn -0.8975 0.2417 0.3689
vn -0.9231 -0.3846 0.0034
vn -0.9613 -0.0522 0.2705
vn -0.8612 -0.5041 -0.0645
vn -0.5789 -0.8121 0.0732
vn -0.4540 0.0952 0.8859
vn -0.3873 -0.7674 0.5109
vn -0.0009 0.0726 0.9974
vn 0.0335 -0.1999 0.9792
vn 0.3565 0.2562 0.8985
vn 0.2450 0.0211 0.9693
vn 0.1138 0.0893 0.9895
vn -0.2400 -0.1748 0.9549
vn -0.7927 -0.5916 -0.1472
vn -0.7324 -0.6701 -0.1203
vn -0.8619 -0.3732 -0.3434
vn -0.7566 -0.6062 0.2451
vn -0.7183 -0.4600 0.5219
vn -0.6019 -0.2531 0.7574
vn -0.0010 -0.2100 0.9777
vn -0.0009 -0.5936 0.8047
vn -0.0006 -0.8736 0.4867
vn -0.0003 -0.9851 0.1721
vn -0.0931 -0.9956 -0.0078
vn -0.4565 -0.8283 0.3248
vn -0.9428 -0.2215 0.2492
vn -0.8828 0.3299 -0.3345
vn -0.1291 -0.1069 -0.9859
vn -0.1214 -0.3829 -0.9158
vn 0.8177 -0.4676 -0.3357
vn 0.5772 -0.7890 -0.2106
vn 0.1766 -0.7632 -0.6215
vn 0.2958 -0.9349 -0.1964
vn 0.0646 -0.8121 -0.5799
vn 0.0003 -0.9057 -0.4239
vn -0.0508 -0.6723 0.7385
vn -0.9598 -0.1098 0.2583
vn -0.8564 0.1507 -0.4937
vn -0.0887 -0.5557 -0.8266
vn -0.0797 -0.7573 -0.6482
vn 0.8181 -0.5743 -0.0304
vn 0.5971 -0.7927 0.1227
vn 0.1166 -0.8668 0.4848
vn -0.1297 -0.1796 0.9752
vn -0.9675 0.0710 0.2425
vn -0.7927 -0.0874 -0.6033
vn -0.1501 -0.8492 -0.5062
vn -0.0739 -0.9921 -0.1018
vn 0.8285 -0.5193 0.2095
vn 0.6260 -0.5461 0.5567
vn 0.1770 -0.6240 0.7611
vn -0.2010 0.4752 0.8566
vn -0.9521 0.2782 0.1267
vn -0.8480 -0.3234 -0.4199
vn -0.1278 -0.9906 0.0491
vn 0.1068 -0.8929 0.4375
vn 0.7400 -0.2495 0.6246
vn 0.6628 -0.1420 0.7352
vn 0.1360 -0.0427 0.9898
vn -0.1637 0.8460 0.5075
vn -0.8377 0.5442 0.0456
vn -0.8612 -0.5030 -0.0736
vn -0.2139 -0.8878 0.4075
vn 0.3005 -0.4578 0.8367
vn 0.6460 0.1769 0.7426
vn 0.5548 0.5351 0.6371
vn 0.2577 0.6054 0.7530
vn -0.1252 0.9912 -0.0437
vn -0.7099 0.6308 -0.3133
vn -0.8602 -0.3985 0.3181
vn -0.1606 -0.5368 0.8283
vn 0.6237 0.1614 0.7649
vn -0.0008 0.3285 0.9445
vn -0.6251 0.1616 0.7637
vn -0.7690 -0.6196 0.1573
vn -0.0628 0.5141 -0.8554
vn -0.1875 -0.4518 -0.8722
vn 0.7847 -0.4447 -0.4319
vn 0.7874 -0.3889 0.4782
vn 0.1574 0.8297 0.5355
vn 0.0002 0.9974 -0.0722
vn -0.6179 0.7542 0.2223
vn -0.8547 -0.0071 0.5190
vn -0.0762 -0.7499 -0.6571
vn -0.0003 -0.9847 0.1745
vn 0.8476 -0.4964 0.1873
vn 0.9228 0.2009 0.3288
vn 0.1153 0.7486 -0.6530
vn 0.0008 -0.3625 -0.9320
vn -0.7749 0.3261 -0.5414
vn -0.9844 0.1661 0.0578
vn -0.1106 -0.8658 0.4879
vn -0.0008 -0.6988 0.7153
vn 0.8956 -0.3204 0.3088
vn 0.0006 -0.6035 -0.7974
vn 0.9508 -0.0021 -0.3099
vn 0.9773 -0.1905 -0.0931
vn 1.0000 -0.0002 0.0009
vn 0.0006 0.8719 -0.4897
vn -0.6168 0.7076 0.3448
vn -0.3158 0.8762 0.3642
vn 0.7456 0.3562 -0.5632
vn 0.0004 1.0000 0.0048
vn 0.6135 0.6971 0.3711
vn 0.1015 0.0698 0.9924
vn 0.7612 -0.5833 0.2833
vn 0.9901 0.0417 -0.1340
vn 0.4905 0.7421 -0.4569
vn 0.6341 0.6397 -0.4345
vn 0.7314 -0.4275 -0.5314
vn 0.6114 -0.7858 0.0936
vn -0.1699 -0.6903 0.7033
vn 0.0480 0.0216 0.9986
vn 0.7126 -0.3209 -0.6238
vn 0.9903 0.1371 0.0231
vn 0.9600 -0.0318 -0.2782
vn 0.7361 -0.4171 -0.5330
vn 0.9831 0.0469 -0.1769
vn 0.6997 0.7138 0.0295
vn -0.0369 0.8791 -0.4751
vn -0.0740 0.7827 -0.6180
vn 0.3424 -0.8093 -0.4772
vn 0.0636 -0.9975 -0.0315
vn -0.0514 -0.7630 0.6444
vn -0.0321 -0.4373 0.8987
vn 0.0602 -0.0706 0.9957
vn -0.5933 -0.8009 -0.0810
vn 0.8624 -0.3735 -0.3418
vn -0.1912 -0.5070 0.8405
vn -0.4494 -0.0456 0.8922
vn -0.5517 -0.0211 0.8338
vn -0.0079 -0.2437 0.9698
vn 0.3660 0.5312 0.7641
vn -0.0068 0.6775 0.7355
vn 0.3224 0.3490 0.8799
vn -0.3265 0.8764 0.3539
vn -0.0628 0.4460 0.8928
vn -0.4290 -0.2898 0.8556
vn 0.1212 -0.5740 0.8099
vn 0.4799 -0.5791 0.6590
vn 0.3834 0.0920 0.9190
vn -0.4458 -0.3360 0.8297
vn -0.7350 0.1368 0.6642
vn -0.4634 0.6978 0.5462
vn 0.1216 0.7560 0.6431
vn 0.6273 0.6865 0.3677
vn 0.8932 0.1981 0.4037
vn 0.3112 -0.0352 0.9497
vn 0.4615 0.0323 0.8865
vn 0.7117 -0.0953 0.6959
vn 0.6988 0.4843 0.5264
vn 0.0184 0.5692 0.8220
vn -0.1414 0.4932 0.8584
vn -0.9612 -0.0009 0.2759
vn -0.8510 0.4983 -0.1660
vn -0.4103 0.8283 -0.3816
vn 0.4695 0.7112 -0.5232
vn 0.9286 0.0265 -0.3702
vn 0.8035 -0.5819 -0.1259
vn 0.3631 -0.9284 0.0795
vn -0.5374 -0.8196 0.1987
vn -0.6781 0.0832 -0.7302
vn -0.4030 0.3418 -0.8490
vn 0.0193 0.1994 -0.9797
vn 0.3875 -0.1096 -0.9153
vn 0.3913 -0.5163 -0.7618
vn 0.1522 -0.7695 -0.6202
vn -0.2932 -0.7067 -0.6439
vn -0.6873 -0.3712 -0.6243
vn -0.5776 -0.0557 -0.8144
vn -0.7062 0.1832 -0.6839
vn -0.1329 0.2912 -0.9474
vn -0.3183 0.7731 -0.5487
vn -0.1866 0.5037 -0.8435
vn -0.1918 0.8383 -0.5104
vn 0.4126 0.1806 -0.8929
vn 0.6288 -0.4472 -0.6361
vn 0.6199 0.6212 0.4795
vn 0.0433 0.1780 0.9831
vn -0.5520 0.7199 -0.4208
vn 0.5045 -0.2314 0.8318
vn -0.0298 0.0106 0.9995
vn -0.1910 -0.1713 0.9665
vn -0.5055 -0.3253 0.7991
vn -0.5943 -0.3560 0.7211
vn -0.5548 0.0129 0.8319
vn -0.5214 -0.2308 0.8215
vn -0.7799 -0.1580 0.6056
vn -0.4388 -0.3150 0.8416
vn -0.4326 -0.4620 0.7742
vn -0.3890 -0.4778 0.7876
vn -0.3992 -0.5146 0.7588
vn -0.3462 -0.3999 0.8486
vn -0.1202 -0.4769 0.8707
vn 0.0008 -0.6173 -0.7867
vn 0.1061 -0.9925 -0.0612
vn -0.2610 0.0284 -0.9649
vn -0.6794 -0.2693 -0.6826
vn -0.6754 -0.5415 -0.5006
vn -0.9442 -0.3075 -0.1182
vn -0.8527 -0.2584 -0.4541
vn -0.9750 0.0050 -0.2222
vn 0.4713 -0.8816 0.0251
vn -0.0672 0.9977 0.0103
vn 0.1668 0.9842 -0.0595
vn 0.2381 0.9698 -0.0535
vn 0.1016 0.9889 0.1081
vn 0.2710 0.9484 0.1648
vn 0.7827 0.5209 -0.3406
vn -0.8425 -0.2022 0.4993
vn -0.8890 -0.4575 -0.0181
vn -0.5502 -0.8191 0.1621
vn -0.9282 -0.2210 0.2994
vn -0.2787 0.7174 0.6385
vn -0.6277 0.6866 0.3669
vn -0.3758 -0.4053 0.8334
vn -0.8936 0.1986 0.4026
vn -0.6722 -0.3138 0.6705
vn 0.1080 0.2011 0.9736
vn -0.1522 -0.2913 0.9445
vn 0.1403 0.4932 0.8585
vn 0.5430 0.4833 0.6867
vn -0.8408 0.1986 0.5037
vn -0.0369 0.7541 0.6557
vn 0.0937 -0.7375 -0.6688
vn 0.3890 0.5982 0.7006
vn 0.4627 0.6976 0.5470
vn -0.3041 -0.2639 0.9154
vn -0.5742 -0.0363 0.8179
vn -0.8367 -0.2248 0.4994
vn -0.5626 0.6971 0.4445
vn -0.1579 0.9428 0.2936
vn 0.2823 0.5048 0.8158
vn 0.6664 0.5191 0.5351
vn 0.3157 -0.2861 0.9047
vn 0.0411 0.2172 0.9753
vn -0.8690 0.4713 -0.1510
vn -0.1944 0.8783 -0.4368
vn 0.5340 0.7974 -0.2812
vn 0.9649 0.2551 -0.0629
vn 0.9042 -0.4114 0.1148
vn 0.2455 -0.9586 0.1441
vn -0.3900 -0.5163 -0.7625
vn -0.1513 -0.7697 -0.6202
vn 0.2940 -0.7075 -0.6427
vn 0.6882 -0.3717 -0.6231
vn 0.6796 0.0830 -0.7288
vn 0.4048 0.3417 -0.8482
vn -0.0175 0.1995 -0.9797
vn -0.3858 -0.1095 -0.9161
vn -0.4682 0.7114 -0.5241
vn -0.8917 0.2869 -0.3501
vn -0.0153 0.1888 0.9819
vn 0.0507 0.0908 0.9946
vn 0.1200 0.3979 0.9095
vn 0.1654 0.0470 0.9851
vn 0.2814 0.0790 0.9563
vn 0.3501 0.1717 0.9208
vn 0.3501 0.2866 0.8918
vn 0.2815 0.3850 0.8789
vn 0.1627 0.3709 0.9143
vn -0.1193 -0.3726 -0.9203
vn 0.0844 0.3480 0.9337
vn -0.0153 0.3010 0.9535
vn -0.3517 0.1719 0.9202
vn -0.2832 0.0793 0.9558
vn -0.1216 0.3980 0.9093
vn -0.1673 0.0471 0.9848
vn -0.0527 0.0909 0.9945
vn 0.0135 0.1887 0.9819
vn 0.0135 0.3009 0.9535
vn -0.0861 0.3482 0.9335
vn 0.1209 -0.3727 -0.9200
vn -0.1643 0.3709 0.9140
vn -0.2830 0.3850 0.8784
vn -0.3517 0.2866 0.8912
vn -0.5650 0.3918 0.7261
vn -0.2257 0.3365 0.9142
vn -0.2016 0.5479 0.8119
vn -0.3366 0.3187 0.8861
vn -0.1648 0.3833 0.9088
vn -0.2805 0.0665 0.9575
vn -0.1747 0.1798 0.9681
vn -0.0453 -0.1758 0.9834
vn -0.0573 -0.0088 0.9983
vn 0.1570 -0.1126 0.9812
vn 0.1660 0.0606 0.9843
vn -0.1746 0.3023 0.9371
vn 0.5990 0.2967 0.7438
vn 0.5012 0.0677 0.8627
vn 0.6342 0.2745 0.7228
vn 0.8527 0.2977 0.4292
vn 0.8268 -0.0855 0.5560
vn 0.9463 -0.2918 0.1394
vn 0.6920 -0.7195 0.0596
vn 0.9264 -0.1574 0.3420
vn 0.9835 -0.1781 0.0323
vn 0.9465 0.3222 -0.0160
vn 0.8269 0.3390 0.4486
vn 0.5043 0.2792 0.8171
vn -0.0197 -0.9581 0.2858
vn -0.6606 -0.6638 0.3506
vn -0.9472 -0.1646 0.2753
vn -0.9406 0.3150 0.1271
vn -0.6920 0.7194 -0.0596
vn 0.0271 0.9979 0.0580
vn 0.1358 0.7318 0.6678
vn 0.3143 0.3171 -0.8948
vn -0.1476 0.4149 -0.8978
vn -0.6036 0.4006 -0.6894
vn -0.8798 0.1015 -0.4644
vn -0.8643 -0.3212 -0.3870
vn -0.6041 -0.6798 -0.4160
vn -0.1481 -0.7918 -0.5926
vn 0.3139 -0.7048 -0.6362
vn 0.5900 -0.3832 -0.7106
vn 0.5635 -0.0024 -0.8261
vn 0.6051 0.4004 -0.6882
vn 0.9467 0.2914 -0.1376
vn 0.8651 0.0988 -0.4918
vn 0.9272 0.1570 -0.3401
vn 0.9836 0.1778 -0.0304
vn 0.8805 -0.3098 -0.3588
vn 0.9464 -0.3225 0.0177
vn 0.6046 -0.6799 -0.4149
vn 0.6670 -0.7441 -0.0379
vn 0.1490 -0.7919 -0.5922
vn -0.3129 -0.7046 -0.6368
vn -0.3542 -0.7793 -0.5170
vn -0.5620 -0.3910 -0.7288
vn -0.6911 -0.4019 -0.6007
vn -0.8775 -0.2792 -0.3899
vn -0.5886 -0.0011 -0.8084
vn -0.8281 0.1874 -0.5284
vn -0.3125 0.3172 -0.8954
vn -0.5363 0.5791 -0.6140
vn 0.1495 0.4148 -0.8975
vn 0.5322 0.8203 0.2092
vn 0.2820 0.7650 0.5789
vn 0.1846 0.6370 0.7484
vn 0.0556 0.4825 0.8741
vn -0.0696 0.3888 0.9187
vn -0.2662 0.3083 0.9133
vn -0.4481 0.4789 0.7549
vn -0.6348 0.6770 0.3723
vn -0.8524 0.3042 0.4254
vn -0.8279 -0.0852 0.5544
vn -0.5348 -0.4275 0.7289
vn -0.0925 -0.5329 0.8411
vn 0.3528 -0.3403 0.8716
vn 0.5688 0.0053 0.8224
vn 0.3869 0.3843 0.8382
vn 0.1631 0.3835 0.9090
vn 0.1842 -0.2046 0.9614
vn -0.1372 -0.3262 0.9353
vn -0.2565 -0.2471 0.9344
vn -0.5075 -0.1347 0.8510
vn -0.6355 0.1020 0.7653
vn 1.0000 -0.0002 0.0010
vn -1.0000 0.0002 -0.0010
vn -1.0000 0.0002 -0.0009
vt 0.986900 0.921600
vt 0.986200 0.947100
vt 0.986900 0.947100
vt 0.986200 0.921600
vt 0.984200 0.947100
vt 0.984200 0.921600
vt 0.981100 0.947100
vt 0.981100 0.921600
vt 0.975900 0.947100
vt 0.975900 0.921600
vt 0.969300 0.947100
vt 0.969300 0.921600
vt 0.964700 0.947100
vt 0.964700 0.921600
vt 0.962500 0.921600
vt 0.962500 0.947100
vt 0.960200 0.947100
vt 0.960200 0.921600
vt 0.957900 0.947100
vt 0.957900 0.921600
vt 0.956200 0.947100
vt 0.956200 0.921600
vt 0.955200 0.947100
vt 0.955200 0.921600
vt 0.960600 0.915000
vt 0.961600 0.915000
vt 0.960600 0.945600
vt 0.961600 0.945500
vt 0.963300 0.915000
vt 0.963300 0.945600
vt 0.965500 0.915000
vt 0.965500 0.945600
vt 0.967800 0.915000
vt 0.967800 0.945500
vt 0.970100 0.945600
vt 0.970100 0.915000
vt 0.974700 0.915000
vt 0.974700 0.945600
vt 0.981300 0.915000
vt 0.981300 0.945500
vt 0.986500 0.915000
vt 0.986500 0.945500
vt 0.989500 0.915000
vt 0.989500 0.945600
vt 0.991500 0.915000
vt 0.991500 0.945600
vt 0.992200 0.915000
vt 0.992200 0.945600
vt 0.844500 0.951400
vt 0.805500 0.956000
vt 0.846600 0.958900
vt 0.802200 0.949400
vt 0.748600 0.958700
vt 0.745400 0.951300
vt 0.702200 0.966300
vt 0.699600 0.957800
vt 0.654700 0.975700
vt 0.666200 0.981900
vt 0.679700 0.990100
vt 0.659600 0.997400
vt 0.643900 0.997200
vt 0.745900 0.981400
vt 0.799400 0.980900
vt 0.711300 0.984100
vt 0.680000 0.997400
vt 0.846800 0.981000
vt 0.845400 0.997400
vt 0.793300 0.997400
vt 0.743300 0.997400
vt 0.712200 0.997400
vt 0.880300 0.990600
vt 0.892000 0.991700
vt 0.892000 0.986400
vt 0.878700 0.985900
vt 0.870800 0.984900
vt 0.878500 0.978400
vt 0.865200 0.976200
vt 0.879500 0.966600
vt 0.861900 0.965400
vt 0.880600 0.957800
vt 0.864100 0.957400
vt 0.892000 0.957800
vt 0.892000 0.967100
vt 0.892000 0.979700
vt 0.362900 0.809500
vt 0.362700 0.780700
vt 0.362700 0.838100
vt 0.362700 0.879900
vt 0.362700 0.921700
vt 0.362900 0.952100
vt 0.362700 0.983800
vt 0.498600 0.983800
vt 0.498500 0.952000
vt 0.498600 0.921800
vt 0.498600 0.879900
vt 0.498600 0.838100
vt 0.498500 0.809600
vt 0.498600 0.780700
vt 0.986100 0.997600
vt 0.990900 0.995500
vt 0.986100 0.995500
vt 0.977600 0.995500
vt 0.977600 0.997600
vt 0.972800 0.995500
vt 0.972800 0.997600
vt 0.990900 0.997600
vt 0.932500 0.994600
vt 0.914700 0.977000
vt 0.949700 0.976900
vt 0.931800 0.959300
vt 0.966800 0.959300
vt 0.984600 0.976900
vt 0.967500 0.994600
vt 0.837600 0.925400
vt 0.876900 0.928200
vt 0.865500 0.921700
vt 0.840200 0.930000
vt 0.842100 0.936700
vt 0.810100 0.923100
vt 0.816100 0.918200
vt 0.834700 0.909200
vt 0.891400 0.908200
vt 0.856800 0.892900
vt 0.868300 0.873700
vt 0.954300 0.711900
vt 0.991200 0.705000
vt 0.991200 0.718400
vt 0.966300 0.721600
vt 0.923200 0.728200
vt 0.782700 0.847300
vt 0.798600 0.843700
vt 0.798300 0.846100
vt 0.778000 0.857700
vt 0.767600 0.854700
vt 0.780400 0.845000
vt 0.798900 0.838800
vt 0.814600 0.837900
vt 0.792700 0.812900
vt 0.830000 0.811600
vt 0.843500 0.836800
vt 0.890100 0.839900
vt 0.858100 0.810800
vt 0.597800 0.837400
vt 0.597300 0.837300
vt 0.597500 0.838300
vt 0.599300 0.838300
vt 0.599300 0.837100
vt 0.600600 0.838200
vt 0.600700 0.837000
vt 0.602000 0.837000
vt 0.865300 0.595000
vt 0.897100 0.551500
vt 0.934700 0.589300
vt 0.919700 0.546100
vt 0.966500 0.591000
vt 0.935400 0.627000
vt 0.866500 0.623100
vt 0.848300 0.647400
vt 0.772000 0.638300
vt 0.733600 0.665900
vt 0.817600 0.681900
vt 0.788000 0.711600
vt 0.892300 0.691300
vt 0.858900 0.723000
vt 0.891000 0.724700
vt 0.923500 0.693900
vt 0.951100 0.659600
vt 0.919800 0.657000
vt 0.966600 0.629600
vt 0.769600 0.911000
vt 0.765100 0.918000
vt 0.772700 0.918400
vt 0.776300 0.911900
vt 0.788200 0.908700
vt 0.767500 0.900200
vt 0.814800 0.901300
vt 0.821300 0.903700
vt 0.843500 0.887400
vt 0.847200 0.888900
vt 0.855000 0.870600
vt 0.858700 0.871200
vt 0.844100 0.858700
vt 0.847200 0.856800
vt 0.896100 0.931600
vt 0.908400 0.938700
vt 0.894800 0.931400
vt 0.896000 0.929400
vt 0.901400 0.926000
vt 0.889900 0.915000
vt 0.902300 0.920100
vt 0.911800 0.915800
vt 0.880700 0.934100
vt 0.875600 0.924800
vt 0.875500 0.921300
vt 0.882000 0.926600
vt 0.920000 0.922900
vt 0.949800 0.896500
vt 0.934200 0.895300
vt 0.929700 0.871900
vt 0.946700 0.874800
vt 0.930200 0.844100
vt 0.904100 0.927700
vt 0.898500 0.770500
vt 0.927600 0.780300
vt 0.920500 0.785200
vt 0.945500 0.793800
vt 0.949900 0.785200
vt 0.969200 0.800700
vt 0.970100 0.786300
vt 0.991500 0.802200
vt 0.991200 0.814700
vt 0.963500 0.811500
vt 0.936900 0.803100
vt 0.907100 0.768500
vt 0.931400 0.774900
vt 0.919700 0.767500
vt 0.920400 0.757400
vt 0.908900 0.755600
vt 0.899400 0.755100
vt 0.891900 0.770700
vt 0.894800 0.752800
vt 0.885500 0.772000
vt 0.891300 0.750100
vt 0.914200 0.739400
vt 0.908500 0.735600
vt 0.929400 0.731000
vt 0.936700 0.737200
vt 0.970400 0.732900
vt 0.971300 0.745200
vt 0.945400 0.746900
vt 0.950000 0.753900
vt 0.925500 0.749500
vt 0.920200 0.744300
vt 0.932100 0.754100
vt 0.937400 0.770100
vt 0.930600 0.766500
vt 0.930700 0.760000
vt 0.938200 0.759000
vt 0.952400 0.759000
vt 0.969900 0.759000
vt 0.970400 0.753600
vt 0.991200 0.753800
vt 0.991200 0.758900
vt 0.990500 0.764200
vt 0.970100 0.764200
vt 0.952900 0.764100
vt 0.944100 0.764200
vt 0.939300 0.764200
vt 0.939400 0.765100
vt 0.942800 0.765100
vt 0.951900 0.765100
vt 0.951900 0.770200
vt 0.970100 0.765100
vt 0.970500 0.770300
vt 0.991200 0.770300
vt 0.990500 0.765200
vt 0.970000 0.777800
vt 0.991200 0.778700
vt 0.991200 0.787500
vt 0.950000 0.777100
vt 0.991200 0.744600
vt 0.825400 0.877800
vt 0.794400 0.894100
vt 0.756500 0.889900
vt 0.736500 0.897700
vt 0.730000 0.889200
vt 0.706900 0.895600
vt 0.699800 0.887900
vt 0.724600 0.881500
vt 0.696000 0.883200
vt 0.720300 0.876700
vt 0.692600 0.879200
vt 0.717100 0.872700
vt 0.688600 0.872900
vt 0.712700 0.867300
vt 0.679800 0.867200
vt 0.707400 0.860800
vt 0.714500 0.903200
vt 0.743900 0.907600
vt 0.720400 0.911500
vt 0.725100 0.920100
vt 0.749800 0.916700
vt 0.727400 0.925100
vt 0.750700 0.921600
vt 0.703900 0.904400
vt 0.704100 0.912400
vt 0.705600 0.918400
vt 0.702700 0.923900
vt 0.699600 0.897800
vt 0.692200 0.892000
vt 0.686400 0.889400
vt 0.680700 0.886400
vt 0.673300 0.882000
vt 0.666100 0.878100
vt 0.752500 0.884300
vt 0.744600 0.875800
vt 0.741200 0.872100
vt 0.739400 0.869800
vt 0.736800 0.865800
vt 0.730600 0.860400
vt 0.771700 0.884300
vt 0.803700 0.865100
vt 0.818600 0.848600
vt 0.820200 0.846200
vt 0.849800 0.854100
vt 0.801700 0.929000
vt 0.751700 0.872900
vt 0.747200 0.868600
vt 0.745300 0.864200
vt 0.740600 0.858900
vt 0.606600 0.836600
vt 0.609300 0.837300
vt 0.609200 0.839000
vt 0.606400 0.838600
vt 0.607000 0.840100
vt 0.605100 0.838600
vt 0.605600 0.840500
vt 0.603400 0.838700
vt 0.602000 0.841000
vt 0.602000 0.838500
vt 0.600700 0.838700
vt 0.912300 0.887800
vt 0.908400 0.864800
vt 0.761000 0.853200
vt 0.775700 0.840600
vt 0.736300 0.820800
vt 0.693400 0.794700
vt 0.772900 0.787000
vt 0.668300 0.763300
vt 0.752200 0.765500
vt 0.673600 0.727900
vt 0.763100 0.739100
vt 0.828700 0.764200
vt 0.840400 0.746300
vt 0.872200 0.748300
vt 0.757100 0.842500
vt 0.747000 0.852500
vt 0.727700 0.845300
vt 0.717000 0.826500
vt 0.689800 0.835800
vt 0.631300 0.805000
vt 0.678400 0.652200
vt 0.637400 0.679400
vt 0.698700 0.695200
vt 0.614300 0.715700
vt 0.624300 0.760800
vt 0.663700 0.799600
vt 0.587300 0.761300
vt 0.583300 0.712600
vt 0.608200 0.673200
vt 0.653400 0.643800
vt 0.734200 0.628800
vt 0.792600 0.616800
vt 0.843600 0.518600
vt 0.834500 0.526800
vt 0.848600 0.565500
vt 0.806100 0.598800
vt 0.776200 0.611400
vt 0.724000 0.621000
vt 0.745800 0.512700
vt 0.747700 0.520100
vt 0.804400 0.545600
vt 0.805100 0.579300
vt 0.789500 0.598100
vt 0.672400 0.523200
vt 0.686500 0.529400
vt 0.748400 0.539800
vt 0.778800 0.562800
vt 0.788100 0.582000
vt 0.635100 0.554100
vt 0.651700 0.556300
vt 0.710200 0.546700
vt 0.744600 0.557100
vt 0.769900 0.568100
vt 0.630400 0.583000
vt 0.646500 0.581500
vt 0.683900 0.562800
vt 0.720900 0.560600
vt 0.667800 0.604300
vt 0.685600 0.595800
vt 0.699400 0.613300
vt 0.705100 0.602700
vt 0.702200 0.588700
vt 0.711900 0.593100
vt 0.730300 0.602500
vt 0.738200 0.611900
vt 0.761200 0.600600
vt 0.746100 0.595900
vt 0.723400 0.593300
vt 0.730800 0.590600
vt 0.751700 0.586700
vt 0.768000 0.586900
vt 0.760800 0.576800
vt 0.747800 0.578400
vt 0.735100 0.585800
vt 0.734700 0.580900
vt 0.737100 0.573600
vt 0.742600 0.571300
vt 0.699100 0.580000
vt 0.675800 0.580000
vt 0.706600 0.568300
vt 0.597700 0.838600
vt 0.597900 0.839400
vt 0.597100 0.840100
vt 0.596400 0.839000
vt 0.597500 0.836600
vt 0.596200 0.837300
vt 0.596400 0.838000
vt 0.596800 0.839800
vt 0.598500 0.840500
vt 0.599600 0.839600
vt 0.094500 0.807600
vt 0.329900 0.804000
vt 0.068200 0.896300
vt 0.316900 0.890900
vt 0.311200 0.970100
vt 0.072100 0.988200
vt 0.591100 0.901400
vt 0.540100 0.888700
vt 0.586400 0.905100
vt 0.604800 0.931400
vt 0.572100 0.912500
vt 0.540300 0.904600
vt 0.540300 0.931000
vt 0.585200 0.931600
vt 0.572100 0.950600
vt 0.540300 0.958500
vt 0.590100 0.959500
vt 0.540600 0.971500
vt 0.540600 0.893700
vt 0.612200 0.930800
vt 0.594800 0.962000
vt 0.540000 0.975300
vt 0.644900 0.929700
vt 0.614700 0.971800
vt 0.539000 0.992000
vt 0.612300 0.885200
vt 0.539000 0.868700
vt 0.654900 0.928200
vt 0.623400 0.974400
vt 0.540200 0.997000
vt 0.621300 0.879600
vt 0.540300 0.859400
vt 0.890000 0.812800
vt 0.834500 0.783400
vt 0.866700 0.785200
vt 0.862900 0.766900
vt 0.309000 0.965100
vt 0.065900 0.980300
vt 0.315400 0.864200
vt 0.081100 0.877100
vt 0.295500 0.780400
vt 0.081800 0.806300
vt 0.910800 0.791900
vt 0.902400 0.795200
vt 0.920100 0.811000
vt 0.948700 0.826600
vt 0.991200 0.835200
vt 0.991200 0.730900
vt 0.602000 0.838200
vt 0.602000 0.840600
vt 0.603500 0.838200
vt 0.604800 0.838300
vt 0.605800 0.840200
vt 0.607300 0.839800
vt 0.606500 0.838300
vt 0.607600 0.838000
vt 0.606800 0.837300
vt 0.606300 0.837400
vt 0.604800 0.837100
vt 0.603400 0.837000
vt 0.598300 0.840200
vt 0.606800 0.837200
vt 0.606200 0.837200
vt 0.605200 0.836100
vt 0.604700 0.836900
vt 0.603400 0.835700
vt 0.603400 0.836800
vt 0.602000 0.835700
vt 0.602000 0.836800
vt 0.600700 0.836800
vt 0.600700 0.835700
vt 0.599400 0.836900
vt 0.598900 0.836100
vt 0.597900 0.837200
vt 0.597300 0.837200
vt 0.598900 0.838600
vt 0.599100 0.838300
vt 0.600800 0.838000
vt 0.602000 0.838000
vt 0.603200 0.838000
vt 0.605000 0.838300
vt 0.067900 0.866800
vt 0.229200 0.976400
vt 0.096500 0.965700
vt 0.249700 0.880100
vt 0.029100 0.783300
vt 0.299600 0.809300
vt 0.301200 0.879100
vt 0.329300 0.984700
vt 0.506600 0.536200
vt 0.527100 0.517000
vt 0.560100 0.548100
vt 0.560100 0.509600
vt 0.593200 0.517000
vt 0.613600 0.536200
vt 0.613600 0.560000
vt 0.593200 0.579200
vt 0.560100 0.586600
vt 0.527100 0.579200
vt 0.506600 0.560000
vt 0.550900 0.814000
vt 0.547100 0.814000
vt 0.547100 0.797500
vt 0.543300 0.814000
vt 0.543300 0.797500
vt 0.539500 0.814000
vt 0.539500 0.797500
vt 0.535700 0.814000
vt 0.535700 0.797500
vt 0.531900 0.797500
vt 0.539500 0.781000
vt 0.550900 0.797500
vt 0.524300 0.814000
vt 0.524300 0.797500
vt 0.528100 0.797500
vt 0.528100 0.814000
vt 0.531900 0.814000
vt 0.531900 0.842700
vt 0.535700 0.842700
vt 0.528100 0.842700
vt 0.524300 0.842700
vt 0.520500 0.842700
vt 0.520500 0.814000
vt 0.520500 0.797500
vt 0.539500 0.842700
vt 0.543300 0.842700
vt 0.547100 0.842700
vt 0.550900 0.842700
vt 0.554700 0.842700
vt 0.554700 0.814000
vt 0.554700 0.797500
vt 0.558500 0.797500
vt 0.558500 0.814000
vt 0.558500 0.842700
vt 0.558500 0.846900
vt 0.554700 0.846900
vt 0.550900 0.846900
vt 0.547100 0.846900
vt 0.543300 0.846900
vt 0.539500 0.846900
vt 0.535700 0.846900
vt 0.531900 0.846900
vt 0.528100 0.846900
vt 0.524300 0.846900
vt 0.520500 0.846900
vt 0.537600 0.766700
vt 0.366900 0.766700
vt 0.525400 0.694600
vt 0.380400 0.686100
vt 0.195900 0.691300
vt 0.199100 0.766600
vt 0.019500 0.766600
vt 0.021800 0.685800
s 1
usemtl mystery
f 2/1/1 3/2/2 1/3/3
f 4/4/4 3/2/2 2/1/1
f 3/2/2 4/4/4 5/5/5
f 4/4/4 6/6/6 5/5/5
f 7/7/7 5/5/5 6/6/6
f 7/7/7 6/6/6 8/8/8
f 9/9/9 7/7/7 8/8/8
f 8/8/8 10/10/10 9/9/9
f 9/9/9 10/10/10 11/11/11
f 10/10/10 12/12/12 11/11/11
f 11/11/11 12/12/12 13/13/13
f 12/12/12 14/14/14 13/13/13
f 14/14/14 15/15/15 13/13/13
f 16/16/16 13/13/13 15/15/15
f 17/17/17 16/16/16 15/15/15
f 15/15/15 18/18/18 17/17/17
f 17/17/17 18/18/18 19/19/19
f 20/20/20 19/19/19 18/18/18
f 19/19/19 20/20/20 21/21/21
f 20/20/20 22/22/22 21/21/21
f 22/22/22 23/23/23 21/21/21
f 22/22/22 24/24/24 23/23/23
f 25/25/25 27/26/26 26/27/25
f 27/26/26 28/28/27 26/27/25
f 29/29/28 28/28/27 27/26/26
f 28/28/27 29/29/28 30/30/29
f 29/29/28 31/31/30 30/30/29
f 30/30/29 31/31/30 32/32/31
f 31/31/30 33/33/32 32/32/31
f 34/34/33 32/32/31 33/33/32
f 35/35/34 34/34/33 33/33/32
f 33/33/32 36/36/35 35/35/34
f 37/37/36 35/35/34 36/36/35
f 37/37/36 38/38/37 35/35/34
f 37/37/36 39/39/38 38/38/37
f 40/40/39 38/38/37 39/39/38
f 41/41/40 40/40/39 39/39/38
f 40/40/39 41/41/40 42/42/41
f 41/41/40 43/43/42 42/42/41
f 44/44/43 42/42/41 43/43/42
f 45/45/44 44/44/43 43/43/42
f 44/44/43 45/45/44 46/46/45
f 45/45/44 2/47/1 46/46/45
f 1/48/3 46/46/45 2/47/1
f 48/49/46 49/50/47 47/51/48
f 49/50/47 48/49/46 50/52/49
f 49/50/47 50/52/49 51/53/50
f 52/54/51 51/53/50 50/52/49
f 53/55/52 51/53/50 52/54/51
f 54/56/53 53/55/52 52/54/51
f 55/57/54 53/55/52 54/56/53
f 56/58/55 53/55/52 55/57/54
f 57/59/56 53/55/52 56/58/55
f 58/60/57 57/59/56 56/58/55
f 55/57/54 58/60/57 56/58/55
f 59/61/58 58/60/57 55/57/54
f 62/62/59 61/50/60 60/63/61
f 62/62/59 63/53/62 61/50/60
f 62/62/59 64/64/63 63/53/62
f 63/53/62 64/64/63 65/55/64
f 66/59/65 65/55/64 64/64/63
f 67/65/66 66/59/65 64/64/63
f 58/60/57 66/59/65 67/65/66
f 57/59/56 58/60/57 67/65/66
f 68/64/67 57/59/56 67/65/66
f 57/59/56 68/64/67 53/55/52
f 53/55/52 68/64/67 51/53/50
f 51/53/50 68/64/67 69/62/68
f 49/50/47 51/53/50 69/62/68
f 69/62/68 70/63/69 49/50/47
f 70/63/69 47/51/48 49/50/47
f 47/51/48 70/63/69 71/66/70
f 71/66/70 70/63/69 72/67/71
f 72/67/71 70/63/69 73/68/72
f 69/62/68 73/68/72 70/63/69
f 73/68/72 69/62/68 74/69/73
f 68/64/67 74/69/73 69/62/68
f 75/70/74 74/69/73 68/64/67
f 68/64/67 67/65/66 75/70/74
f 67/65/66 64/64/63 75/70/74
f 74/69/73 75/70/74 64/64/63
f 64/64/63 62/62/59 74/69/73
f 74/69/73 62/62/59 73/68/72
f 73/68/72 62/62/59 60/63/61
f 60/63/61 72/67/71 73/68/72
f 72/67/71 60/63/61 76/66/75
f 76/66/75 60/63/61 77/51/76
f 77/51/76 60/63/61 61/50/60
f 61/50/60 78/49/77 77/51/76
f 78/49/77 61/50/60 79/52/78
f 61/50/60 63/53/62 79/52/78
f 80/54/79 79/52/78 63/53/62
f 65/55/64 80/54/79 63/53/62
f 80/54/79 65/55/64 81/56/80
f 65/55/64 82/57/81 81/56/80
f 82/57/81 65/55/64 83/58/82
f 83/58/82 65/55/64 66/59/65
f 83/58/82 66/59/65 58/60/57
f 82/57/81 83/58/82 58/60/57
f 58/60/57 59/61/58 82/57/81
f 82/71/81 59/72/58 84/73/83
f 82/71/81 84/73/83 85/74/84
f 81/75/80 82/71/81 85/74/84
f 86/76/85 81/75/80 85/74/84
f 80/77/79 81/75/80 86/76/85
f 86/76/85 87/78/86 80/77/79
f 87/78/86 79/79/78 80/77/79
f 87/78/86 88/80/87 79/79/78
f 79/79/78 88/80/87 78/81/77
f 88/80/87 87/78/86 89/82/88
f 89/82/88 87/78/86 90/83/89
f 87/78/86 86/76/85 90/83/89
f 90/83/89 86/76/85 91/84/90
f 91/84/90 86/76/85 85/74/84
f 91/84/90 85/74/84 84/73/83
f 59/72/58 55/71/54 84/73/83
f 92/74/91 84/73/83 55/71/54
f 55/71/54 54/75/53 92/74/91
f 93/76/92 92/74/91 54/75/53
f 52/77/51 93/76/92 54/75/53
f 94/78/93 93/76/92 52/77/51
f 50/79/49 94/78/93 52/77/51
f 48/81/46 94/78/93 50/79/49
f 94/78/93 48/81/46 95/80/94
f 94/78/93 95/80/94 89/82/88
f 94/78/93 89/82/88 90/83/89
f 90/83/89 93/76/92 94/78/93
f 91/84/90 93/76/92 90/83/89
f 93/76/92 91/84/90 92/74/91
f 92/74/91 91/84/90 84/73/83
f 98/85/95 97/86/96 96/86/97
f 98/85/95 99/85/98 97/86/96
f 99/85/98 98/85/95 100/87/99
f 98/85/95 101/87/100 100/87/99
f 102/88/101 101/87/101 100/87/101
f 101/87/100 103/88/102 102/88/103
f 104/89/104 102/88/103 103/88/102
f 105/89/105 102/88/103 104/89/104
f 104/89/104 106/90/106 105/89/105
f 107/90/107 105/89/105 106/90/106
f 108/91/108 107/90/107 106/90/106
f 106/90/106 109/91/109 108/91/108
f 108/91/108 109/91/109 110/92/110
f 107/90/107 108/91/108 110/92/110
f 107/90/107 110/92/110 111/93/111
f 105/89/105 107/90/107 111/93/111
f 105/89/105 111/93/111 112/94/112
f 102/88/103 105/89/105 112/94/112
f 112/94/112 113/95/113 102/88/103
f 102/88/103 113/95/113 100/87/99
f 114/96/114 100/87/99 113/95/113
f 100/87/99 114/96/114 99/85/98
f 114/96/114 115/97/115 99/85/98
f 99/85/98 115/97/115 97/86/96
f 116/98/116 97/86/96 115/97/115
f 116/98/116 117/98/117 97/86/96
f 97/86/96 117/98/117 96/86/97
f 96/86/97 117/98/117 118/97/118
f 98/85/95 96/86/97 118/97/118
f 101/87/100 98/85/95 118/97/118
f 119/96/119 101/87/100 118/97/118
f 103/88/102 101/87/100 119/96/119
f 103/88/102 119/96/119 120/95/120
f 103/88/102 120/95/120 104/89/104
f 120/95/120 121/94/121 104/89/104
f 104/89/104 121/94/121 106/90/106
f 106/90/106 121/94/121 122/93/122
f 122/93/122 109/91/109 106/90/106
f 123/92/123 109/91/109 122/93/122
f 110/92/110 109/91/109 123/92/123
f 124/91/124 125/90/125 126/91/126
f 126/91/126 125/90/125 127/90/127
f 126/91/126 127/90/127 128/93/128
f 128/93/128 129/92/129 126/91/126
f 126/91/126 129/92/129 124/91/124
f 130/92/130 124/91/124 129/92/129
f 124/91/124 130/92/130 131/93/131
f 125/90/125 124/91/124 131/93/131
f 132/94/132 125/90/125 131/93/131
f 133/89/133 125/90/125 132/94/132
f 134/95/134 133/89/133 132/94/132
f 133/89/133 134/95/134 135/88/135
f 136/87/136 135/88/135 134/95/134
f 136/87/136 134/95/134 137/96/137
f 136/87/136 137/96/137 138/97/138
f 138/97/138 139/85/139 136/87/136
f 139/85/139 138/97/138 140/86/140
f 138/97/138 141/98/141 140/86/140
f 141/98/141 142/86/142 140/86/140
f 139/85/139 140/86/140 142/86/142
f 142/86/142 143/85/143 139/85/139
f 139/85/139 143/85/143 144/87/144
f 136/87/136 139/85/139 144/87/144
f 144/87/144 145/88/145 136/87/136
f 135/88/135 136/87/136 145/88/145
f 133/89/133 135/88/135 145/88/145
f 146/89/146 133/89/133 145/88/145
f 133/89/133 146/89/146 125/90/125
f 125/90/125 146/89/146 127/90/127
f 127/90/127 146/89/146 128/93/128
f 128/93/128 146/89/146 147/94/147
f 146/89/146 145/88/145 147/94/147
f 145/88/148 147/94/148 148/95/148
f 148/95/149 145/88/145 144/87/144
f 149/96/150 148/95/149 144/87/144
f 149/96/150 144/87/144 143/85/143
f 150/97/151 149/96/150 143/85/143
f 150/97/151 143/85/143 142/86/142
f 150/97/151 142/86/142 151/98/152
f 142/86/142 141/98/141 151/98/152
f 154/99/153 152/100/154 153/101/155
f 153/101/155 155/102/156 154/99/153
f 154/99/153 155/102/156 156/103/157
f 157/104/158 156/103/157 155/102/156
f 156/103/157 157/104/158 158/105/159
f 159/103/160 158/105/159 157/104/158
f 157/104/158 160/102/161 159/103/160
f 161/101/162 159/103/160 160/102/161
f 162/99/163 159/103/160 161/101/162
f 152/100/154 162/99/163 161/101/162
f 163/106/164 162/99/163 152/100/154
f 152/100/154 154/99/153 163/106/164
f 152/107/154 161/108/162 164/109/165
f 164/109/165 161/108/162 160/110/161
f 157/111/158 164/109/165 160/110/161
f 157/111/158 155/112/156 164/109/165
f 164/109/165 155/112/156 153/113/155
f 152/107/154 164/109/165 153/113/155
f 166/102/166 165/104/167 167/103/168
f 167/103/168 168/101/169 166/102/166
f 169/99/170 168/101/169 167/103/168
f 170/106/171 168/101/169 169/99/170
f 171/100/172 168/101/169 170/106/171
f 171/100/172 170/106/171 172/101/173
f 173/99/174 172/101/173 170/106/171
f 174/102/175 173/99/175 172/101/175
f 173/99/174 175/103/176 174/102/177
f 175/103/176 165/104/167 174/102/177
f 175/103/176 176/105/178 165/104/167
f 176/105/178 167/103/168 165/104/167
f 177/109/179 162/108/163 163/107/164
f 177/109/179 159/110/160 162/108/163
f 159/110/160 177/109/179 158/111/159
f 156/112/157 158/111/159 177/109/179
f 177/109/179 154/113/153 156/112/157
f 154/113/153 177/109/179 163/107/164
f 175/112/176 178/109/180 176/111/178
f 178/109/180 175/112/176 173/113/174
f 170/107/171 178/109/180 173/113/174
f 170/107/171 169/108/170 178/109/180
f 167/110/168 178/109/180 169/108/170
f 176/111/178 178/109/180 167/110/168
f 179/109/181 174/112/177 165/111/167
f 172/113/173 174/112/177 179/109/181
f 172/113/173 179/109/181 171/107/172
f 171/107/172 179/109/181 168/108/169
f 168/108/169 179/109/181 166/110/166
f 166/110/166 179/109/181 165/111/167
f 181/114/182 182/115/183 180/116/184
f 183/117/185 182/115/183 181/114/182
f 183/117/185 184/118/186 182/115/183
f 183/117/185 185/119/187 184/118/186
f 181/114/182 185/119/187 183/117/185
f 186/120/188 185/119/187 181/114/182
f 186/120/188 181/114/182 180/116/184
f 186/120/188 180/116/184 187/121/189
f 187/121/189 180/116/184 188/122/190
f 187/121/189 188/122/190 189/123/191
f 188/122/190 190/124/192 189/123/191
f 191/125/193 192/126/194 193/127/195
f 193/127/195 192/126/194 194/125/196
f 195/128/197 193/127/195 194/125/196
f 196/129/198 195/128/197 194/125/196
f 199/130/199 197/131/200 198/132/201
f 198/132/201 200/133/202 199/130/199
f 201/134/203 199/130/199 200/133/202
f 199/130/199 201/134/203 202/135/204
f 199/130/199 202/135/204 197/131/200
f 203/136/205 197/131/200 202/135/204
f 204/137/206 197/131/200 203/136/205
f 204/137/206 203/136/205 205/138/207
f 206/139/208 204/137/206 205/138/207
f 206/139/208 207/140/209 204/137/206
f 206/139/208 208/141/210 207/140/209
f 209/142/211 208/141/210 206/139/208
f 212/143/212 210/144/213 211/145/214
f 212/143/212 211/145/214 213/146/215
f 213/146/215 214/147/216 212/143/212
f 213/146/215 215/148/217 214/147/216
f 214/147/216 215/148/217 216/149/218
f 215/148/217 217/150/219 216/149/218
f 218/151/220 219/152/221 220/153/222
f 219/152/221 221/154/223 220/153/222
f 221/154/223 222/155/224 220/153/222
f 221/154/223 223/153/225 222/155/224
f 223/153/225 224/156/226 222/155/224
f 224/156/226 223/153/225 225/157/227
f 227/158/228 225/157/227 226/159/229
f 226/159/229 228/160/230 227/158/228
f 229/161/231 227/158/228 228/160/230
f 229/161/231 230/162/232 231/163/233
f 231/163/233 230/162/232 232/164/234
f 232/164/234 233/165/235 231/163/233
f 231/163/233 233/165/235 234/166/236
f 231/163/233 234/166/236 235/167/237
f 236/168/238 231/163/233 235/167/237
f 235/167/237 237/169/239 236/168/238
f 237/169/239 224/156/226 236/168/238
f 222/155/224 224/156/226 237/169/239
f 238/170/240 239/171/241 240/172/242
f 239/171/241 241/170/243 240/172/242
f 241/170/243 242/173/244 240/172/242
f 242/173/244 241/170/243 243/174/245
f 244/175/246 243/174/245 241/170/243
f 244/175/246 245/176/247 243/174/245
f 245/176/247 246/177/248 243/174/245
f 246/177/248 245/176/247 247/178/249
f 247/178/249 248/179/250 246/177/248
f 248/179/250 247/178/249 249/180/251
f 250/181/252 248/179/250 249/180/251
f 249/180/251 251/182/253 250/181/252
f 251/182/253 252/183/254 250/181/252
f 253/184/255 255/185/256 254/186/257
f 254/186/257 255/185/256 256/187/258
f 255/185/256 257/188/259 256/187/258
f 256/187/258 257/188/259 258/189/260
f 257/188/259 259/190/261 258/189/260
f 260/191/262 258/189/260 259/190/261
f 259/190/261 182/115/183 260/191/262
f 182/115/183 261/192/263 260/191/262
f 261/192/263 182/115/183 184/118/186
f 261/192/263 184/118/186 262/115/264
f 262/115/264 184/118/186 263/117/265
f 263/117/265 264/114/266 262/115/264
f 264/114/266 265/116/267 262/115/264
f 262/115/264 265/116/267 266/193/268
f 265/116/267 267/194/269 266/193/268
f 268/122/270 267/194/269 265/116/267
f 268/122/270 269/189/271 267/194/269
f 270/187/272 267/194/269 269/189/271
f 266/193/268 267/194/269 270/187/272
f 266/193/268 270/187/272 271/186/273
f 272/195/274 266/193/268 271/186/273
f 272/195/274 262/115/264 266/193/268
f 273/190/275 262/115/264 272/195/274
f 273/190/275 274/191/276 262/115/264
f 262/115/264 274/191/276 261/192/263
f 275/196/277 261/192/263 274/191/276
f 275/196/277 260/191/262 261/192/263
f 260/191/262 275/196/277 276/197/278
f 276/197/278 275/196/277 274/191/276
f 274/191/276 277/198/279 276/197/278
f 276/197/278 277/198/279 278/199/280
f 276/197/278 278/199/280 279/200/281
f 278/199/280 280/201/282 279/200/281
f 281/199/283 279/200/281 280/201/282
f 276/197/278 279/200/281 281/199/283
f 281/199/283 282/198/284 276/197/278
f 276/197/278 282/198/284 260/191/262
f 282/198/284 188/122/190 260/191/262
f 258/189/260 260/191/262 188/122/190
f 283/194/285 258/189/260 188/122/190
f 258/189/260 283/194/285 256/187/258
f 284/193/286 256/187/258 283/194/285
f 254/186/257 256/187/258 284/193/286
f 284/193/286 285/195/287 254/186/257
f 285/195/287 253/184/255 254/186/257
f 285/195/287 286/202/288 253/184/255
f 253/184/255 286/202/288 255/185/256
f 286/202/288 257/188/259 255/185/256
f 259/190/261 257/188/259 286/202/288
f 285/195/287 259/190/261 286/202/288
f 285/195/287 182/115/183 259/190/261
f 182/115/183 285/195/287 284/193/286
f 182/115/183 284/193/286 180/116/184
f 180/116/184 284/193/286 283/194/285
f 180/116/184 283/194/285 188/122/190
f 287/203/289 289/204/290 288/205/291
f 290/206/292 288/205/291 289/204/290
f 291/207/293 290/206/292 289/204/290
f 291/207/293 292/208/294 290/206/292
f 292/208/294 291/207/293 293/209/295
f 292/208/294 293/209/295 294/210/296
f 292/208/294 294/210/296 295/211/297
f 295/211/297 294/210/296 296/208/298
f 296/208/298 297/212/299 295/211/297
f 298/213/300 297/212/299 296/208/298
f 298/213/300 296/208/298 299/206/301
f 300/205/302 298/213/300 299/206/301
f 299/206/301 301/204/303 300/205/302
f 301/204/303 302/203/304 300/205/302
f 303/214/305 302/203/304 301/204/303
f 304/215/306 303/214/305 301/204/303
f 305/216/307 303/214/305 304/215/306
f 306/217/308 303/214/305 305/216/307
f 306/217/308 307/218/309 303/214/305
f 303/214/305 307/218/309 302/203/304
f 307/218/309 308/219/310 302/203/304
f 302/203/304 308/219/310 309/220/311
f 308/219/310 310/221/312 309/220/311
f 309/220/311 310/221/312 311/222/313
f 312/223/314 311/222/313 310/221/312
f 313/224/315 312/223/314 310/221/312
f 314/225/316 312/223/314 313/224/315
f 313/224/315 196/129/198 314/225/316
f 196/129/198 313/224/315 315/226/317
f 196/129/198 315/226/317 195/128/197
f 315/226/317 316/227/318 195/128/197
f 195/128/197 316/227/318 317/228/319
f 317/228/319 316/227/318 318/229/320
f 319/230/321 318/229/320 316/227/318
f 320/231/322 318/229/320 319/230/321
f 319/230/321 321/232/323 320/231/322
f 316/227/318 321/232/323 319/230/321
f 316/227/318 322/233/324 321/232/323
f 322/233/324 316/227/318 315/226/317
f 322/233/324 315/226/317 313/224/315
f 313/224/315 310/221/312 322/233/324
f 322/233/324 310/221/312 308/219/310
f 308/219/310 307/218/309 322/233/324
f 321/232/323 322/233/324 307/218/309
f 321/232/323 307/218/309 306/217/308
f 306/217/308 323/234/325 321/232/323
f 321/232/323 323/234/325 320/231/322
f 324/235/326 326/216/327 325/236/328
f 327/237/329 325/236/328 326/216/327
f 326/216/327 328/217/330 327/237/329
f 329/238/331 327/237/329 328/217/330
f 328/217/330 330/234/332 329/238/331
f 331/239/333 329/238/331 330/234/332
f 332/231/334 331/239/333 330/234/332
f 332/231/334 333/240/335 331/239/333
f 333/240/335 332/231/334 334/241/336
f 333/240/335 334/241/336 335/242/337
f 335/242/337 336/243/338 333/240/335
f 336/243/338 337/244/339 333/240/335
f 337/244/339 338/245/340 333/240/335
f 331/239/333 333/240/335 338/245/340
f 339/246/341 331/239/333 338/245/340
f 331/239/333 339/246/341 329/238/331
f 339/246/341 340/247/342 329/238/331
f 329/238/331 340/247/342 327/237/329
f 341/248/343 327/237/329 340/247/342
f 327/237/329 341/248/343 325/236/328
f 210/249/213 325/236/328 341/248/343
f 325/236/328 210/249/213 212/250/212
f 212/250/212 324/235/326 325/236/328
f 214/251/216 324/235/326 212/250/212
f 342/252/344 324/235/326 214/251/216
f 342/252/344 214/251/216 216/253/218
f 343/254/345 342/252/344 216/253/218
f 344/255/346 343/254/345 216/253/218
f 216/253/218 217/256/219 344/255/346
f 344/255/346 217/256/219 345/253/347
f 345/253/347 346/254/348 344/255/346
f 344/255/346 346/254/348 347/257/349
f 348/258/350 344/255/346 347/257/349
f 349/259/351 348/258/350 347/257/349
f 349/259/351 350/257/352 348/258/350
f 348/258/350 350/257/352 344/255/346
f 344/255/346 350/257/352 343/254/345
f 350/257/352 351/260/353 343/254/345
f 343/254/345 351/260/353 342/252/344
f 351/260/353 352/215/354 342/252/344
f 324/235/326 342/252/344 352/215/354
f 352/215/354 326/216/327 324/235/326
f 352/215/354 353/214/355 326/216/327
f 326/216/327 353/214/355 328/217/330
f 328/217/330 353/214/355 354/218/356
f 355/232/357 328/217/330 354/218/356
f 328/217/330 355/232/357 330/234/332
f 330/234/332 355/232/357 332/231/334
f 356/230/358 332/231/334 355/232/357
f 356/230/358 357/229/359 332/231/334
f 332/231/334 357/229/359 334/241/336
f 358/261/360 334/241/336 357/229/359
f 334/241/336 358/261/360 335/242/337
f 358/261/360 359/241/361 335/242/337
f 335/242/337 359/241/361 360/240/362
f 360/240/362 336/243/338 335/242/337
f 337/244/339 336/243/338 360/240/362
f 361/245/363 337/244/339 360/240/362
f 362/239/364 361/245/363 360/240/362
f 361/245/363 362/239/364 363/246/365
f 362/239/364 364/238/366 363/246/365
f 363/246/365 364/238/366 365/247/367
f 366/237/368 365/247/367 364/238/366
f 365/247/367 366/237/368 367/248/369
f 366/237/368 368/236/370 367/248/369
f 367/248/369 368/236/370 369/249/371
f 369/249/371 368/236/370 370/250/372
f 368/236/370 371/235/373 370/250/372
f 371/235/373 372/251/374 370/250/372
f 371/235/373 373/252/375 372/251/374
f 372/251/374 373/252/375 345/253/347
f 345/253/347 373/252/375 346/254/348
f 374/260/376 346/254/348 373/252/375
f 347/257/349 346/254/348 374/260/376
f 347/257/349 374/260/376 375/207/377
f 376/209/378 347/257/349 375/207/377
f 347/257/349 376/209/378 349/259/351
f 251/182/253 249/180/251 247/178/249
f 251/182/253 247/178/249 377/262/379
f 377/262/379 247/178/249 245/176/247
f 377/262/379 245/176/247 378/263/380
f 378/263/380 245/176/247 244/175/246
f 379/264/381 378/263/380 244/175/246
f 379/264/381 244/175/246 380/265/382
f 379/264/381 380/265/382 381/266/383
f 380/265/382 382/267/384 381/266/383
f 383/268/385 381/266/383 382/267/384
f 383/268/385 384/269/386 381/266/383
f 383/268/385 385/270/387 384/269/386
f 386/271/388 384/269/386 385/270/387
f 386/271/388 385/270/387 387/272/389
f 388/273/390 386/271/388 387/272/389
f 389/274/391 388/273/390 387/272/389
f 388/273/390 389/274/391 390/275/392
f 389/274/391 391/276/393 390/275/392
f 392/277/394 390/275/392 391/276/393
f 392/277/394 391/276/393 393/275/395
f 394/274/396 393/275/395 391/276/393
f 395/273/397 393/275/395 394/274/396
f 395/273/397 394/274/396 396/272/398
f 396/272/398 397/271/399 395/273/397
f 396/272/398 398/270/400 397/271/399
f 397/271/399 398/270/400 399/269/401
f 400/268/402 399/269/401 398/270/400
f 399/269/401 400/268/402 401/266/403
f 401/266/403 400/268/402 402/267/404
f 401/266/403 402/267/404 403/265/405
f 402/267/404 404/278/406 403/265/405
f 403/265/405 404/278/406 405/279/407
f 404/278/406 406/280/408 405/279/407
f 406/280/408 407/281/409 405/279/407
f 407/281/409 408/282/410 405/279/407
f 409/283/411 408/282/410 407/281/409
f 409/283/411 410/284/412 408/282/410
f 410/284/412 409/283/411 411/282/413
f 409/283/411 412/281/414 411/282/413
f 412/281/414 413/279/415 411/282/413
f 414/280/416 413/279/415 412/281/414
f 413/279/415 414/280/416 415/278/417
f 416/285/418 415/278/417 414/280/416
f 414/280/416 417/286/419 416/285/418
f 417/286/419 414/280/416 418/287/420
f 414/280/416 412/281/414 418/287/420
f 412/281/414 419/288/421 418/287/420
f 412/281/414 409/283/411 419/288/421
f 420/287/422 419/288/421 409/283/411
f 420/287/422 409/283/411 407/281/409
f 407/281/409 406/280/408 420/287/422
f 420/287/422 406/280/408 421/286/423
f 421/286/423 406/280/408 422/285/424
f 406/280/408 404/278/406 422/285/424
f 402/267/404 422/285/424 404/278/406
f 422/285/424 402/267/404 423/289/425
f 423/289/425 402/267/404 424/290/426
f 400/268/402 424/290/426 402/267/404
f 400/268/402 425/291/427 424/290/426
f 400/268/402 398/270/400 425/291/427
f 398/270/400 426/292/428 425/291/427
f 426/292/428 398/270/400 396/272/398
f 191/293/193 426/292/428 396/272/398
f 191/293/193 396/272/398 394/274/396
f 192/294/194 191/293/193 394/274/396
f 394/274/396 391/276/393 192/294/194
f 192/294/194 391/276/393 389/274/391
f 194/293/196 192/294/194 389/274/391
f 389/274/391 387/272/389 194/293/196
f 196/292/198 194/293/196 387/272/389
f 387/272/389 385/270/387 196/292/198
f 314/291/316 196/292/198 385/270/387
f 385/270/387 383/268/385 314/291/316
f 312/290/314 314/291/316 383/268/385
f 382/267/384 312/290/314 383/268/385
f 382/267/384 311/289/313 312/290/314
f 382/267/384 416/285/418 311/289/313
f 416/285/418 382/267/384 415/278/417
f 382/267/384 380/265/382 415/278/417
f 413/279/415 415/278/417 380/265/382
f 380/265/382 244/175/246 413/279/415
f 413/279/415 244/175/246 241/170/243
f 413/279/415 241/170/243 411/282/413
f 411/282/413 241/170/243 239/171/241
f 410/284/412 411/282/413 239/171/241
f 410/284/412 239/171/241 408/282/410
f 239/171/241 238/170/240 408/282/410
f 405/279/407 408/282/410 238/170/240
f 238/170/240 427/175/429 405/279/407
f 403/265/405 405/279/407 427/175/429
f 427/175/429 428/264/430 403/265/405
f 428/264/430 401/266/403 403/265/405
f 401/266/403 428/264/430 429/295/431
f 399/269/401 401/266/403 429/295/431
f 399/269/401 429/295/431 430/296/432
f 397/271/399 399/269/401 430/296/432
f 397/271/399 430/296/432 431/297/433
f 395/273/397 397/271/399 431/297/433
f 431/297/433 432/298/434 395/273/397
f 395/273/397 432/298/434 393/275/395
f 432/298/434 433/299/435 393/275/395
f 392/277/394 393/275/395 433/299/435
f 434/300/436 392/277/394 433/299/435
f 435/299/437 392/277/394 434/300/436
f 390/275/392 392/277/394 435/299/437
f 390/275/392 435/299/437 436/298/438
f 388/273/390 390/275/392 436/298/438
f 436/298/438 437/297/439 388/273/390
f 437/297/439 386/271/388 388/273/390
f 438/296/440 386/271/388 437/297/439
f 386/271/388 438/296/440 384/269/386
f 439/295/441 384/269/386 438/296/440
f 381/266/383 384/269/386 439/295/441
f 379/264/381 381/266/383 439/295/441
f 379/264/381 439/295/441 440/301/442
f 378/263/380 379/264/381 440/301/442
f 440/301/442 441/302/443 378/263/380
f 377/262/379 378/263/380 441/302/443
f 442/303/444 377/262/379 441/302/443
f 442/303/444 251/182/253 377/262/379
f 443/304/445 251/182/253 442/303/444
f 252/183/254 251/182/253 443/304/445
f 443/304/445 444/305/446 252/183/254
f 252/183/254 444/305/446 250/181/252
f 444/305/446 445/124/447 250/181/252
f 248/179/250 250/181/252 445/124/447
f 446/123/448 248/179/250 445/124/447
f 246/177/248 248/179/250 446/123/448
f 446/123/448 447/121/449 246/177/248
f 246/177/248 447/121/449 448/120/450
f 246/177/248 448/120/450 243/174/245
f 243/174/245 448/120/450 449/119/451
f 242/173/244 243/174/245 449/119/451
f 450/306/452 242/173/244 449/119/451
f 450/306/452 240/172/242 242/173/244
f 240/172/242 450/306/452 451/173/453
f 240/172/242 451/173/453 238/170/240
f 452/174/454 238/170/240 451/173/453
f 238/170/240 452/174/454 427/175/429
f 453/176/455 427/175/429 452/174/454
f 453/176/455 452/174/454 454/177/456
f 455/178/457 453/176/455 454/177/456
f 454/177/456 456/179/458 455/178/457
f 455/178/457 456/179/458 457/180/459
f 456/179/458 458/181/460 457/180/459
f 458/181/460 459/182/461 457/180/459
f 457/180/459 459/182/461 455/178/457
f 459/182/461 460/262/462 455/178/457
f 455/178/457 460/262/462 453/176/455
f 461/263/463 453/176/455 460/262/462
f 453/176/455 461/263/463 427/175/429
f 427/175/429 461/263/463 428/264/430
f 428/264/430 461/263/463 462/301/464
f 462/301/464 429/295/431 428/264/430
f 463/307/465 429/295/431 462/301/464
f 430/296/432 429/295/431 463/307/465
f 430/296/432 463/307/465 431/297/433
f 431/297/433 463/307/465 464/308/466
f 464/308/466 432/298/434 431/297/433
f 432/298/434 464/308/466 465/309/467
f 433/299/435 432/298/434 465/309/467
f 433/299/435 465/309/467 466/310/468
f 434/300/436 433/299/435 466/310/468
f 466/310/468 435/299/437 434/300/436
f 466/310/468 467/309/469 435/299/437
f 436/298/438 435/299/437 467/309/469
f 467/309/469 468/308/470 436/298/438
f 436/298/438 468/308/470 437/297/439
f 468/308/470 469/307/471 437/297/439
f 437/297/439 469/307/471 438/296/440
f 469/307/471 439/295/441 438/296/440
f 469/307/471 440/301/442 439/295/441
f 440/301/442 469/307/471 441/302/443
f 465/309/467 464/308/466 470/134/472
f 470/134/472 464/308/466 463/307/465
f 470/134/472 463/307/465 471/133/473
f 472/302/474 471/133/473 463/307/465
f 471/133/473 472/302/474 473/132/475
f 472/302/474 474/303/476 473/132/475
f 474/303/476 475/131/477 473/132/475
f 474/303/476 476/304/478 475/131/477
f 476/304/478 477/137/479 475/131/477
f 478/140/480 477/137/479 476/304/478
f 479/139/481 477/137/479 478/140/480
f 480/141/482 479/139/481 478/140/480
f 481/142/483 479/139/481 480/141/482
f 483/311/484 482/312/485 484/313/486
f 483/311/484 484/313/486 485/314/487
f 486/315/488 485/314/487 484/313/486
f 77/316/76 485/314/487 486/315/488
f 486/315/488 487/317/489 77/316/76
f 487/317/489 76/318/75 77/316/76
f 488/319/490 76/318/75 487/317/489
f 72/320/71 76/318/75 488/319/490
f 72/320/71 488/319/490 71/321/70
f 463/307/465 462/301/464 472/302/474
f 461/263/463 472/302/474 462/301/464
f 472/302/474 461/263/463 460/262/462
f 474/303/476 472/302/474 460/262/462
f 459/182/461 474/303/476 460/262/462
f 459/182/461 476/304/478 474/303/476
f 476/304/478 459/182/461 489/183/491
f 458/181/460 489/183/491 459/182/461
f 489/183/491 458/181/460 490/305/492
f 490/305/492 458/181/460 190/124/192
f 190/124/192 458/181/460 456/179/458
f 456/179/458 189/123/191 190/124/192
f 456/179/458 454/177/456 189/123/191
f 187/121/189 189/123/191 454/177/456
f 186/120/188 187/121/189 454/177/456
f 452/174/454 186/120/188 454/177/456
f 452/174/454 185/119/187 186/120/188
f 185/119/187 452/174/454 451/173/453
f 450/306/452 185/119/187 451/173/453
f 450/306/452 184/118/186 185/119/187
f 449/119/451 184/118/186 450/306/452
f 184/118/186 449/119/451 263/117/265
f 264/114/266 263/117/265 449/119/451
f 449/119/451 448/120/450 264/114/266
f 264/114/266 448/120/450 265/116/267
f 265/116/267 448/120/450 447/121/449
f 447/121/449 268/122/270 265/116/267
f 447/121/449 446/123/448 268/122/270
f 268/122/270 446/123/448 445/124/447
f 268/122/270 445/124/447 491/322/493
f 491/322/493 445/124/447 492/323/494
f 445/124/447 444/305/446 492/323/494
f 208/141/210 492/323/494 444/305/446
f 444/305/446 207/140/209 208/141/210
f 443/304/445 207/140/209 444/305/446
f 207/140/209 443/304/445 204/137/206
f 197/131/200 204/137/206 443/304/445
f 442/303/444 197/131/200 443/304/445
f 442/303/444 198/132/201 197/131/200
f 442/303/444 441/302/443 198/132/201
f 198/132/201 441/302/443 200/133/202
f 441/302/443 469/307/471 200/133/202
f 201/134/203 200/133/202 469/307/471
f 468/308/470 201/134/203 469/307/471
f 467/309/469 201/134/203 468/308/470
f 493/324/495 201/134/203 467/309/469
f 202/135/204 201/134/203 493/324/495
f 494/325/496 202/135/204 493/324/495
f 202/135/204 494/325/496 203/136/205
f 495/326/497 203/136/205 494/325/496
f 495/326/497 205/138/207 203/136/205
f 495/326/497 496/327/498 205/138/207
f 205/138/207 496/327/498 497/328/499
f 497/328/499 496/327/498 498/329/500
f 498/329/500 499/330/501 497/328/499
f 500/331/502 499/330/501 498/329/500
f 500/331/502 501/332/503 499/330/501
f 502/333/504 499/330/501 501/332/503
f 502/333/504 501/332/503 503/334/505
f 503/334/505 501/332/503 504/162/506
f 503/334/505 504/162/506 505/164/507
f 506/335/508 503/334/505 505/164/507
f 233/165/235 506/335/508 505/164/507
f 233/165/235 232/164/234 506/335/508
f 507/334/509 506/335/508 232/164/234
f 232/164/234 230/162/232 507/334/509
f 230/162/232 508/332/510 507/334/509
f 508/332/510 509/333/511 507/334/509
f 509/333/511 508/332/510 510/330/512
f 508/332/510 511/331/513 510/330/512
f 512/329/514 510/330/512 511/331/513
f 510/330/512 512/329/514 513/328/515
f 513/328/515 512/329/514 514/327/516
f 515/138/517 513/328/515 514/327/516
f 515/138/517 514/327/516 516/326/518
f 516/326/518 517/136/519 515/138/517
f 517/136/519 516/326/518 518/325/520
f 519/135/521 517/136/519 518/325/520
f 520/324/522 519/135/521 518/325/520
f 521/336/523 520/324/522 518/325/520
f 521/336/523 522/337/524 520/324/522
f 521/336/523 523/338/525 522/337/524
f 522/337/524 523/338/525 524/336/526
f 523/338/525 525/339/527 524/336/526
f 523/338/525 526/340/528 525/339/527
f 525/339/527 526/340/528 527/341/529
f 527/341/529 526/340/528 528/339/530
f 523/338/525 528/339/530 526/340/528
f 528/339/530 523/338/525 521/336/523
f 528/339/530 521/336/523 516/326/518
f 521/336/523 518/325/520 516/326/518
f 226/159/229 529/342/531 228/160/230
f 530/343/532 228/160/230 529/342/531
f 531/344/533 228/160/230 530/343/532
f 531/344/533 530/343/532 532/345/534
f 532/345/534 511/331/513 531/344/533
f 533/346/535 511/331/513 532/345/534
f 533/346/535 512/329/514 511/331/513
f 534/347/536 512/329/514 533/346/535
f 534/347/536 514/327/516 512/329/514
f 534/347/536 516/326/518 514/327/516
f 534/347/536 528/339/530 516/326/518
f 534/347/536 527/341/529 528/339/530
f 534/347/536 533/346/535 527/341/529
f 533/346/535 535/348/537 527/341/529
f 535/348/537 533/346/535 532/345/534
f 532/345/534 536/349/538 535/348/537
f 530/343/532 536/349/538 532/345/534
f 530/343/532 537/350/539 536/349/538
f 537/350/539 530/343/532 538/351/540
f 529/342/531 538/351/540 530/343/532
f 539/352/541 538/351/540 529/342/531
f 529/342/531 226/159/229 539/352/541
f 226/159/229 540/353/542 539/352/541
f 226/159/229 225/157/227 540/353/542
f 541/151/543 540/353/542 225/157/227
f 541/151/543 225/157/227 223/153/225
f 223/153/225 542/152/544 541/151/543
f 542/152/544 223/153/225 221/154/223
f 543/354/545 542/152/544 221/154/223
f 221/154/223 219/152/221 543/354/545
f 219/152/221 544/355/546 543/354/545
f 219/152/221 545/356/547 544/355/546
f 219/152/221 218/151/220 545/356/547
f 546/357/548 545/356/547 218/151/220
f 547/353/549 546/357/548 218/151/220
f 548/358/550 546/357/548 547/353/549
f 548/358/550 547/353/549 549/352/551
f 548/358/550 549/352/551 550/359/552
f 549/352/551 538/351/540 550/359/552
f 550/359/552 538/351/540 539/352/541
f 548/358/550 550/359/552 539/352/541
f 548/358/550 539/352/541 540/353/542
f 551/357/553 548/358/550 540/353/542
f 540/353/542 541/151/543 551/357/553
f 552/356/554 551/357/553 541/151/543
f 552/356/554 541/151/543 542/152/544
f 542/152/544 553/355/555 552/356/554
f 553/355/555 542/152/544 543/354/545
f 543/354/545 554/360/556 553/355/555
f 554/360/556 543/354/545 544/355/546
f 554/360/556 544/355/546 555/361/557
f 555/361/557 544/355/546 556/362/558
f 545/356/547 556/362/558 544/355/546
f 557/363/559 556/362/558 545/356/547
f 546/357/548 557/363/559 545/356/547
f 546/357/548 558/364/560 557/363/559
f 546/357/548 548/358/550 558/364/560
f 548/358/550 551/357/553 558/364/560
f 558/364/560 551/357/553 559/363/561
f 552/356/554 559/363/561 551/357/553
f 559/363/561 552/356/554 560/362/562
f 552/356/554 553/355/555 560/362/562
f 560/362/562 553/355/555 561/361/563
f 554/360/556 561/361/563 553/355/555
f 561/361/563 554/360/556 562/365/564
f 554/360/556 555/361/557 562/365/564
f 562/365/564 555/361/557 563/366/565
f 563/366/565 555/361/557 564/367/566
f 555/361/557 556/362/558 564/367/566
f 564/367/566 556/362/558 565/368/567
f 556/362/558 557/363/559 565/368/567
f 557/363/559 566/369/568 565/368/567
f 557/363/559 558/364/560 566/369/568
f 559/363/561 566/369/568 558/364/560
f 559/363/561 567/368/569 566/369/568
f 567/368/569 559/363/561 560/362/562
f 568/367/570 567/368/569 560/362/562
f 560/362/562 561/361/563 568/367/570
f 561/361/563 569/366/571 568/367/570
f 562/365/564 569/366/571 561/361/563
f 570/370/572 569/366/571 562/365/564
f 562/365/564 563/366/565 570/370/572
f 570/370/572 563/366/565 571/371/573
f 571/371/573 563/366/565 572/372/574
f 563/366/565 564/367/566 572/372/574
f 572/372/574 564/367/566 573/373/575
f 565/368/567 573/373/575 564/367/566
f 574/374/576 573/373/575 565/368/567
f 574/374/576 565/368/567 566/369/568
f 574/374/576 566/369/568 567/368/569
f 574/374/576 567/368/569 575/373/577
f 567/368/569 568/367/570 575/373/577
f 568/367/570 576/372/578 575/373/577
f 568/367/570 569/366/571 576/372/578
f 569/366/571 577/371/579 576/372/578
f 570/370/572 577/371/579 569/366/571
f 570/370/572 578/375/580 577/371/579
f 571/371/573 578/375/580 570/370/572
f 571/371/573 579/376/581 578/375/580
f 579/376/581 571/371/573 580/377/582
f 571/371/573 572/372/574 580/377/582
f 572/372/574 581/378/583 580/377/582
f 573/373/575 581/378/583 572/372/574
f 582/373/584 581/378/583 573/373/575
f 582/373/584 573/373/575 574/374/576
f 582/373/584 574/374/576 575/373/577
f 575/373/577 583/378/585 582/373/584
f 575/373/577 576/372/578 583/378/585
f 583/378/585 576/372/578 584/377/586
f 584/377/586 576/372/578 577/371/579
f 585/376/587 584/377/586 577/371/579
f 585/376/587 577/371/579 578/375/580
f 585/376/587 578/375/580 586/379/588
f 586/379/588 578/375/580 579/376/581
f 587/380/589 586/379/588 579/376/581
f 587/380/589 588/381/590 586/379/588
f 589/380/591 586/379/588 588/381/590
f 590/382/592 589/380/591 588/381/590
f 589/380/591 590/382/592 591/383/593
f 591/383/593 590/382/592 592/384/594
f 593/382/595 591/383/593 592/384/594
f 592/384/594 594/385/596 593/382/595
f 593/382/595 594/385/596 595/386/597
f 594/385/596 596/387/598 595/386/597
f 595/386/597 596/387/598 597/385/599
f 597/385/599 596/387/598 598/388/600
f 597/385/599 598/388/600 599/389/601
f 598/388/600 600/390/602 599/389/601
f 599/389/601 600/390/602 601/388/603
f 601/388/603 600/390/602 602/391/604
f 603/392/605 601/388/603 602/391/604
f 603/392/605 602/391/604 604/393/606
f 605/391/607 603/392/605 604/393/606
f 606/394/608 605/391/607 604/393/606
f 607/395/609 605/391/607 606/394/608
f 606/394/608 608/396/610 607/395/609
f 607/395/609 608/396/610 609/394/611
f 608/396/610 610/397/612 609/394/611
f 608/396/610 606/394/608 610/397/612
f 606/394/608 604/393/606 610/397/612
f 604/393/613 610/397/614 611/398/615
f 610/397/612 604/393/606 609/394/611
f 604/393/606 602/391/604 609/394/611
f 607/395/609 609/394/611 602/391/604
f 602/391/604 600/390/602 607/395/609
f 605/391/607 607/395/609 600/390/602
f 598/388/600 605/391/607 600/390/602
f 605/391/607 598/388/600 603/392/605
f 596/387/598 603/392/605 598/388/600
f 596/387/598 601/388/603 603/392/605
f 594/385/596 601/388/603 596/387/598
f 599/389/601 601/388/603 594/385/596
f 594/385/596 592/384/594 599/389/601
f 592/384/594 597/385/599 599/389/601
f 597/385/599 592/384/594 590/382/592
f 595/386/597 597/385/599 590/382/592
f 588/381/590 595/386/597 590/382/592
f 595/386/597 588/381/590 593/382/595
f 593/382/595 588/381/590 587/380/589
f 587/380/589 591/383/593 593/382/595
f 591/383/593 587/380/589 612/399/616
f 612/399/616 589/380/591 591/383/593
f 613/400/617 589/380/591 612/399/616
f 613/400/617 612/399/616 614/401/618
f 615/400/619 614/401/618 612/399/616
f 587/380/589 615/400/619 612/399/616
f 579/376/581 615/400/619 587/380/589
f 580/377/582 615/400/619 579/376/581
f 615/400/619 580/377/582 614/401/618
f 581/378/583 614/401/618 580/377/582
f 581/378/583 616/378/620 614/401/618
f 616/378/620 581/378/583 582/373/584
f 583/378/585 616/378/620 582/373/584
f 614/401/618 616/378/620 583/378/585
f 583/378/585 584/377/586 614/401/618
f 613/400/617 614/401/618 584/377/586
f 613/400/617 584/377/586 585/376/587
f 613/400/617 585/376/587 589/380/591
f 586/379/588 589/380/591 585/376/587
f 619/402/621 617/403/622 618/404/623
f 619/402/621 618/404/623 620/405/624
f 621/406/625 619/402/621 620/405/624
f 622/407/626 621/406/625 620/405/624
f 623/408/627 622/407/626 620/405/624
f 624/409/628 623/408/627 620/405/624
f 620/405/624 618/404/623 624/409/628
f 625/410/629 624/409/628 618/404/623
f 618/404/623 617/403/622 625/410/629
f 626/411/630 625/410/629 617/403/622
f 628/159/631 627/157/632 629/158/633
f 630/160/634 628/159/631 629/158/633
f 630/160/634 629/158/633 631/161/635
f 632/163/636 504/162/506 631/161/635
f 505/164/507 504/162/506 632/163/636
f 233/165/235 505/164/507 632/163/636
f 233/165/235 632/163/636 234/166/236
f 234/166/236 632/163/636 235/167/237
f 632/163/636 633/168/637 235/167/237
f 633/168/637 237/169/239 235/167/237
f 633/168/637 634/156/638 237/169/239
f 222/155/224 237/169/239 634/156/638
f 220/153/222 222/155/224 634/156/638
f 220/153/222 634/156/638 627/157/632
f 218/151/220 220/153/222 627/157/632
f 218/151/220 627/157/632 547/353/549
f 628/159/631 547/353/549 627/157/632
f 547/353/549 628/159/631 549/352/551
f 549/352/551 628/159/631 635/342/639
f 538/351/540 549/352/551 635/342/639
f 538/351/540 635/342/639 636/343/640
f 538/351/540 636/343/640 537/350/539
f 536/349/538 537/350/539 636/343/640
f 637/345/641 536/349/538 636/343/640
f 535/348/537 536/349/538 637/345/641
f 637/345/641 638/346/642 535/348/537
f 535/348/537 638/346/642 527/341/529
f 638/346/642 639/347/643 527/341/529
f 525/339/527 527/341/529 639/347/643
f 639/347/643 495/326/497 525/339/527
f 524/336/526 525/339/527 495/326/497
f 494/325/496 524/336/526 495/326/497
f 524/336/526 494/325/496 493/324/495
f 493/324/495 522/337/524 524/336/526
f 493/324/495 467/309/469 522/337/524
f 522/337/524 467/309/469 466/310/468
f 465/309/467 522/337/524 466/310/468
f 520/324/522 522/337/524 465/309/467
f 520/324/522 465/309/467 470/134/472
f 520/324/522 470/134/472 519/135/521
f 519/135/521 470/134/472 640/130/644
f 640/130/644 470/134/472 471/133/473
f 473/132/475 640/130/644 471/133/473
f 475/131/477 640/130/644 473/132/475
f 640/130/644 475/131/477 519/135/521
f 519/135/521 475/131/477 517/136/519
f 477/137/479 517/136/519 475/131/477
f 515/138/517 517/136/519 477/137/479
f 479/139/481 515/138/517 477/137/479
f 630/412/634 631/413/635 641/414/645
f 641/414/645 631/413/635 504/415/506
f 504/415/506 501/416/503 641/414/645
f 500/417/502 641/414/645 501/416/503
f 643/418/646 642/419/647 644/420/648
f 645/421/649 643/418/646 644/420/648
f 645/421/649 644/420/648 646/422/650
f 647/423/651 646/422/650 644/420/648
f 646/422/650 647/423/651 648/424/652
f 648/424/652 647/423/651 649/422/653
f 650/425/654 648/424/652 649/422/653
f 651/426/655 648/424/652 650/425/654
f 651/426/655 652/427/656 648/424/652
f 648/424/652 652/427/656 653/426/657
f 654/425/658 648/424/652 653/426/657
f 654/425/658 646/422/650 648/424/652
f 646/422/650 654/425/658 645/421/649
f 645/421/649 654/425/658 653/426/657
f 645/421/649 653/426/657 655/428/659
f 653/426/657 652/427/656 655/428/659
f 652/427/656 656/429/660 655/428/659
f 656/429/660 652/427/656 657/428/661
f 651/426/655 657/428/661 652/427/656
f 657/428/661 651/426/655 658/421/662
f 651/426/655 650/425/654 658/421/662
f 650/425/654 649/422/653 658/421/662
f 659/420/663 658/421/662 649/422/653
f 647/423/651 659/420/663 649/422/653
f 660/430/664 659/420/663 647/423/651
f 647/423/651 644/420/648 660/430/664
f 644/420/648 642/419/647 660/430/664
f 660/430/664 642/419/647 659/420/663
f 659/420/663 642/419/647 661/418/665
f 659/420/663 661/418/665 658/421/662
f 658/421/662 661/418/665 662/431/666
f 663/432/667 658/421/662 662/431/666
f 657/428/661 658/421/662 663/432/667
f 663/432/667 664/433/668 657/428/661
f 656/429/660 657/428/661 664/433/668
f 655/428/659 656/429/660 664/433/668
f 665/432/669 655/428/659 664/433/668
f 665/432/669 645/421/649 655/428/659
f 666/431/670 645/421/649 665/432/669
f 645/421/649 666/431/670 643/418/646
f 643/418/646 666/431/670 667/434/671
f 665/432/669 667/434/671 666/431/670
f 667/434/671 665/432/669 668/435/672
f 665/432/669 669/436/673 668/435/672
f 664/433/668 669/436/673 665/432/669
f 669/436/673 664/433/668 663/432/667
f 663/432/667 670/435/674 669/436/673
f 663/432/667 671/434/675 670/435/674
f 662/431/666 671/434/675 663/432/667
f 671/434/675 662/431/666 661/418/665
f 671/434/675 661/418/665 672/437/676
f 672/437/676 661/418/665 673/438/677
f 661/418/665 642/419/647 673/438/677
f 642/419/647 643/418/646 673/438/677
f 673/438/677 643/418/646 674/437/678
f 667/434/671 674/437/678 643/418/646
f 675/439/679 674/437/678 667/434/671
f 675/439/679 667/434/671 668/435/672
f 676/440/680 675/439/679 668/435/672
f 668/435/672 669/436/673 676/440/680
f 676/440/680 669/436/673 677/441/681
f 678/440/682 677/441/681 669/436/673
f 678/440/682 669/436/673 670/435/674
f 670/435/674 679/439/683 678/440/682
f 671/434/675 679/439/683 670/435/674
f 671/434/675 672/437/676 679/439/683
f 680/442/684 679/439/683 672/437/676
f 673/438/677 680/442/684 672/437/676
f 680/442/684 673/438/677 681/443/685
f 682/442/686 681/443/685 673/438/677
f 673/438/677 674/437/678 682/442/686
f 675/439/679 682/442/686 674/437/678
f 489/183/491 490/305/492 476/304/478
f 490/305/492 478/140/480 476/304/478
f 480/141/482 478/140/480 490/305/492
f 480/141/482 490/305/492 683/323/687
f 490/305/492 190/124/192 683/323/687
f 684/322/688 683/323/687 190/124/192
f 190/124/192 188/122/190 684/322/688
f 188/122/190 282/198/284 684/322/688
f 683/323/687 684/322/688 282/198/284
f 282/198/284 281/199/283 683/323/687
f 480/141/482 683/323/687 281/199/283
f 280/201/282 480/141/482 281/199/283
f 481/142/483 480/141/482 280/201/282
f 481/142/483 280/201/282 685/444/689
f 481/142/483 685/444/689 686/445/690
f 685/444/689 687/446/691 686/445/690
f 688/447/692 686/445/690 687/446/691
f 686/445/690 688/447/692 509/333/511
f 509/333/511 688/447/692 507/334/509
f 506/335/508 507/334/509 688/447/692
f 688/447/692 503/334/505 506/335/508
f 688/447/692 502/333/504 503/334/505
f 688/447/692 689/445/693 502/333/504
f 688/447/692 687/446/691 689/445/693
f 687/446/691 685/444/689 689/445/693
f 685/444/689 209/142/211 689/445/693
f 685/444/689 280/201/282 209/142/211
f 209/142/211 280/201/282 208/141/210
f 280/201/282 278/199/280 208/141/210
f 278/199/280 492/323/494 208/141/210
f 278/199/280 277/198/279 492/323/494
f 491/322/493 492/323/494 277/198/279
f 277/198/279 268/122/270 491/322/493
f 277/198/279 274/191/276 268/122/270
f 268/122/270 274/191/276 269/189/271
f 269/189/271 274/191/276 273/190/275
f 690/188/694 269/189/271 273/190/275
f 269/189/271 690/188/694 270/187/272
f 690/188/694 691/185/695 270/187/272
f 691/185/695 271/186/273 270/187/272
f 691/185/695 692/184/696 271/186/273
f 692/184/696 272/195/274 271/186/273
f 692/184/696 693/202/697 272/195/274
f 273/190/275 272/195/274 693/202/697
f 690/188/694 273/190/275 693/202/697
f 693/202/697 691/185/695 690/188/694
f 692/184/696 691/185/695 693/202/697
f 632/448/636 631/449/635 633/450/637
f 631/449/635 629/451/633 633/450/637
f 629/451/633 634/452/638 633/450/637
f 627/453/632 634/452/638 629/451/633
f 298/213/300 300/205/302 694/454/698
f 302/203/304 694/454/698 300/205/302
f 309/220/311 694/454/698 302/203/304
f 694/454/698 309/220/311 311/222/313
f 694/454/698 311/222/313 416/455/418
f 694/454/698 416/455/418 298/213/300
f 416/455/418 417/456/419 298/213/300
f 298/213/300 417/456/419 297/212/299
f 418/457/420 297/212/299 417/456/419
f 297/212/299 418/457/420 419/458/421
f 295/211/297 297/212/299 419/458/421
f 295/211/297 419/458/421 695/212/699
f 295/211/297 695/212/699 292/208/294
f 695/212/699 696/213/700 292/208/294
f 696/213/700 290/206/292 292/208/294
f 288/205/291 290/206/292 696/213/700
f 697/454/701 288/205/291 696/213/700
f 697/454/701 287/203/289 288/205/291
f 698/220/702 287/203/289 697/454/701
f 699/219/703 287/203/289 698/220/702
f 700/221/704 699/219/703 698/220/702
f 701/233/705 699/219/703 700/221/704
f 700/221/704 702/224/706 701/233/705
f 703/226/707 701/233/705 702/224/706
f 701/233/705 703/226/707 704/227/708
f 705/128/709 704/227/708 703/226/707
f 704/227/708 705/128/709 706/228/710
f 705/128/709 707/459/711 706/228/710
f 706/228/710 707/459/711 358/261/360
f 358/261/360 357/229/359 706/228/710
f 357/229/359 704/227/708 706/228/710
f 356/230/358 704/227/708 357/229/359
f 356/230/358 355/232/357 704/227/708
f 355/232/357 701/233/705 704/227/708
f 355/232/357 354/218/356 701/233/705
f 699/219/703 701/233/705 354/218/356
f 287/203/289 699/219/703 354/218/356
f 354/218/356 353/214/355 287/203/289
f 353/214/355 289/204/290 287/203/289
f 353/214/355 352/215/354 289/204/290
f 351/260/353 289/204/290 352/215/354
f 291/207/293 289/204/290 351/260/353
f 351/260/353 350/257/352 291/207/293
f 293/209/295 291/207/293 350/257/352
f 349/259/351 293/209/295 350/257/352
f 349/259/351 294/210/296 293/209/295
f 376/209/378 294/210/296 349/259/351
f 296/208/298 294/210/296 376/209/378
f 376/209/378 375/207/377 296/208/298
f 299/206/301 296/208/298 375/207/377
f 375/207/377 301/204/303 299/206/301
f 301/204/303 375/207/377 374/260/376
f 304/215/306 301/204/303 374/260/376
f 304/215/306 374/260/376 373/252/375
f 304/215/306 373/252/375 371/235/373
f 304/215/306 371/235/373 305/216/307
f 305/216/307 371/235/373 368/236/370
f 366/237/368 305/216/307 368/236/370
f 306/217/308 305/216/307 366/237/368
f 364/238/366 306/217/308 366/237/368
f 323/234/325 306/217/308 364/238/366
f 364/238/366 362/239/364 323/234/325
f 320/231/322 323/234/325 362/239/364
f 360/240/362 320/231/322 362/239/364
f 360/240/362 359/241/361 320/231/322
f 320/231/322 359/241/361 318/229/320
f 359/241/361 358/261/360 318/229/320
f 317/228/319 318/229/320 358/261/360
f 358/261/360 707/459/711 317/228/319
f 707/459/711 195/128/197 317/228/319
f 193/127/195 195/128/197 707/459/711
f 707/459/711 705/128/709 193/127/195
f 705/128/709 191/125/193 193/127/195
f 705/128/709 426/129/428 191/125/193
f 703/226/707 426/129/428 705/128/709
f 702/224/706 426/129/428 703/226/707
f 425/225/427 426/129/428 702/224/706
f 425/225/427 702/224/706 424/223/426
f 424/223/426 702/224/706 700/221/704
f 424/223/426 700/221/704 423/222/425
f 698/220/702 423/222/425 700/221/704
f 698/220/702 697/454/701 423/222/425
f 422/455/424 423/222/425 697/454/701
f 696/213/700 422/455/424 697/454/701
f 421/456/423 422/455/424 696/213/700
f 421/456/423 696/213/700 695/212/699
f 421/456/423 695/212/699 420/457/422
f 419/458/421 420/457/422 695/212/699
f 511/417/513 508/416/510 531/414/533
f 508/416/510 230/415/232 531/414/533
f 229/413/231 531/414/533 230/415/232
f 531/414/533 229/413/231 228/412/230
f 708/460/712 710/461/713 709/462/714
f 710/461/713 711/463/715 709/462/714
f 710/461/713 712/464/716 711/463/715
f 713/465/717 711/463/715 712/464/716
f 713/465/717 714/466/718 711/463/715
f 713/465/717 715/467/719 714/466/718
f 715/467/719 369/468/371 714/466/718
f 714/466/718 369/468/371 370/469/372
f 714/466/718 370/469/372 711/463/715
f 372/470/374 711/463/715 370/469/372
f 709/462/714 711/463/715 372/470/374
f 345/471/347 709/462/714 372/470/374
f 709/462/714 345/471/347 217/150/219
f 709/462/714 217/150/219 708/460/712
f 217/150/219 215/148/217 708/460/712
f 708/460/712 215/148/217 710/461/713
f 213/146/215 710/461/713 215/148/217
f 710/461/713 213/146/215 716/472/720
f 716/472/720 488/319/490 710/461/713
f 710/461/713 488/319/490 712/464/716
f 487/317/489 712/464/716 488/319/490
f 713/465/717 712/464/716 487/317/489
f 713/465/717 487/317/489 486/315/488
f 484/313/486 713/465/717 486/315/488
f 715/467/719 713/465/717 484/313/486
f 715/467/719 484/313/486 482/312/485
f 369/468/371 715/467/719 482/312/485
f 367/473/369 369/468/371 482/312/485
f 367/473/369 482/312/485 483/311/484
f 365/474/367 367/473/369 483/311/484
f 717/475/721 365/474/367 483/311/484
f 365/474/367 717/475/721 363/476/365
f 718/477/722 363/476/365 717/475/721
f 361/478/363 363/476/365 718/477/722
f 719/479/723 361/478/363 718/477/722
f 719/479/723 337/480/339 361/478/363
f 338/481/340 337/480/339 719/479/723
f 719/479/723 720/482/724 338/481/340
f 339/483/341 338/481/340 720/482/724
f 721/484/725 339/483/341 720/482/724
f 340/485/342 339/483/341 721/484/725
f 621/406/625 340/485/342 721/484/725
f 341/486/343 340/485/342 621/406/625
f 622/407/626 341/486/343 621/406/625
f 210/144/213 341/486/343 622/407/626
f 623/408/627 210/144/213 622/407/626
f 210/144/213 623/408/627 211/145/214
f 624/409/628 211/145/214 623/408/627
f 624/409/628 213/146/215 211/145/214
f 716/472/720 213/146/215 624/409/628
f 624/409/628 625/410/629 716/472/720
f 625/410/629 488/319/490 716/472/720
f 625/410/629 626/411/630 488/319/490
f 71/321/70 488/319/490 626/411/630
f 617/403/622 71/321/70 626/411/630
f 617/403/622 47/487/48 71/321/70
f 619/402/621 47/487/48 617/403/622
f 619/402/621 48/488/46 47/487/48
f 621/406/625 48/488/46 619/402/621
f 621/406/625 721/484/725 48/488/46
f 721/484/725 95/489/94 48/488/46
f 95/489/94 721/484/725 720/482/724
f 89/490/88 95/489/94 720/482/724
f 720/482/724 719/479/723 89/490/88
f 89/490/88 719/479/723 718/477/722
f 89/490/88 718/477/722 88/491/87
f 717/475/721 88/491/87 718/477/722
f 88/491/87 717/475/721 78/492/77
f 483/311/484 78/492/77 717/475/721
f 483/311/484 485/314/487 78/492/77
f 77/316/76 78/492/77 485/314/487
f 495/326/497 639/347/643 496/327/498
f 496/327/498 639/347/643 498/329/500
f 498/329/500 639/347/643 638/346/642
f 500/331/502 498/329/500 638/346/642
f 500/331/502 638/346/642 637/345/641
f 500/331/502 637/345/641 641/344/645
f 637/345/641 636/343/640 641/344/645
f 641/344/645 636/343/640 630/160/634
f 636/343/640 635/342/639 630/160/634
f 635/342/639 628/159/631 630/160/634
f 497/493/499 206/494/208 205/495/207
f 206/494/208 497/493/499 722/496/726
f 722/496/726 497/493/499 499/497/501
f 499/497/501 502/498/504 722/496/726
f 722/496/726 502/498/504 689/499/693
f 722/496/726 689/499/693 209/500/211
f 206/494/208 722/496/726 209/500/211
f 723/418/727 725/431/728 724/434/729
f 724/434/729 725/431/728 726/432/730
f 726/432/730 725/431/728 727/421/731
f 725/431/728 723/418/727 727/421/731
f 727/421/731 723/418/727 728/420/732
f 729/419/733 728/420/732 723/418/727
f 730/430/734 728/420/732 729/419/733
f 731/420/735 730/430/734 729/419/733
f 729/419/733 732/418/736 731/420/735
f 732/418/736 733/421/737 731/420/735
f 734/431/738 733/421/737 732/418/736
f 735/432/739 733/421/737 734/431/738
f 733/421/737 735/432/739 736/428/740
f 736/428/740 735/432/739 737/433/741
f 738/429/742 737/433/742 736/428/742
f 738/429/743 737/433/741 739/428/744
f 740/427/745 738/429/743 739/428/744
f 738/429/743 740/427/745 736/428/740
f 740/427/745 741/426/746 736/428/740
f 733/421/737 736/428/740 741/426/746
f 733/421/737 741/426/746 742/425/747
f 742/425/747 743/422/748 733/421/737
f 731/420/735 733/421/737 743/422/748
f 743/422/748 744/423/749 731/420/735
f 744/423/749 730/430/734 731/420/735
f 744/423/749 728/420/732 730/430/734
f 745/422/750 728/420/732 744/423/749
f 727/421/731 728/420/732 745/422/750
f 727/421/731 745/422/750 746/425/751
f 727/421/731 746/425/751 747/426/752
f 746/425/751 748/424/753 747/426/752
f 745/422/750 748/424/753 746/425/751
f 744/423/749 748/424/753 745/422/750
f 748/424/753 744/423/749 743/422/748
f 742/425/747 748/424/753 743/422/748
f 748/424/753 742/425/747 741/426/746
f 748/424/753 741/426/746 740/427/745
f 748/424/753 740/427/745 747/426/752
f 747/426/752 740/427/745 739/428/744
f 727/421/731 747/426/752 739/428/744
f 739/428/744 726/432/730 727/421/731
f 726/432/730 739/428/744 737/433/741
f 726/432/730 737/433/741 749/436/754
f 737/433/741 735/432/739 749/436/754
f 750/435/755 749/436/754 735/432/739
f 750/435/755 735/432/739 751/434/756
f 751/434/756 735/432/739 734/431/738
f 734/431/738 732/418/736 751/434/756
f 732/418/736 752/437/757 751/434/756
f 753/438/758 752/437/757 732/418/736
f 729/419/733 753/438/758 732/418/736
f 729/419/733 723/418/727 753/438/758
f 754/437/759 753/438/758 723/418/727
f 724/434/729 754/437/759 723/418/727
f 724/434/729 755/439/760 754/437/759
f 754/437/759 755/439/760 756/442/761
f 753/438/758 754/437/759 756/442/761
f 757/443/762 753/438/758 756/442/761
f 758/442/763 753/438/758 757/443/762
f 752/437/757 753/438/758 758/442/763
f 759/439/764 752/437/757 758/442/763
f 752/437/757 759/439/764 751/434/756
f 759/439/764 750/435/755 751/434/756
f 760/440/765 750/435/755 759/439/764
f 750/435/755 760/440/765 749/436/754
f 760/440/765 761/441/766 749/436/754
f 762/440/767 749/436/754 761/441/766
f 763/435/768 749/436/754 762/440/767
f 755/439/760 763/435/768 762/440/767
f 724/434/729 763/435/768 755/439/760
f 726/432/730 763/435/768 724/434/729
f 749/436/754 763/435/768 726/432/730
f 479/494/481 513/493/515 515/495/517
f 513/493/515 479/494/481 764/496/769
f 764/496/769 479/494/481 481/500/483
f 686/499/690 764/496/769 481/500/483
f 686/499/690 509/498/511 764/496/769
f 764/496/769 509/498/511 510/497/512
f 510/497/512 513/493/515 764/496/769
f 224/452/226 225/453/227 227/451/228
f 236/450/238 224/452/226 227/451/228
f 229/449/231 236/450/238 227/451/228
f 231/448/233 236/450/238 229/449/231
f 765/501/770 766/502/771 767/503/772
f 766/502/771 768/504/773 767/503/772
f 767/503/772 768/504/773 769/505/774
f 769/505/774 770/506/775 767/503/772
f 770/506/775 771/507/776 767/503/772
f 767/503/772 771/507/776 772/508/777
f 767/503/772 772/508/777 773/509/778
f 767/503/779 774/510/779 773/509/779
f 774/510/780 775/511/781 767/503/772
f 767/503/772 775/511/781 765/501/770
f 776/501/782 777/502/783 778/503/784
f 777/502/783 779/504/785 778/503/784
f 778/503/784 779/504/785 780/505/786
f 780/505/786 781/506/787 778/503/784
f 781/506/787 782/507/788 778/503/784
f 778/503/784 782/507/788 783/508/789
f 778/503/790 784/509/790 783/508/790
f 778/503/784 784/509/791 785/510/792
f 778/503/784 785/510/792 786/511/793
f 778/503/784 786/511/793 776/501/782
f 787/512/794 788/513/795 789/514/796
f 788/513/795 790/515/797 789/514/796
f 791/516/798 789/514/796 790/515/797
f 790/515/797 792/517/799 791/516/798
f 791/516/798 792/517/799 793/518/800
f 792/517/799 794/519/801 793/518/800
f 793/518/800 794/519/801 795/520/802
f 794/519/801 796/521/803 795/520/802
f 796/521/803 797/522/804 795/520/802
f 797/522/804 793/518/800 795/520/802
f 791/516/798 793/518/800 797/522/804
f 791/516/798 797/522/804 789/514/796
f 797/522/804 798/523/805 789/514/796
f 789/514/796 798/523/805 787/512/794
f 800/524/806 799/525/807 801/526/808
f 801/526/808 802/527/809 800/524/806
f 802/527/809 801/526/808 803/528/810
f 804/529/811 802/527/809 803/528/810
f 805/530/812 804/529/811 803/528/810
f 802/527/809 804/529/811 806/531/813
f 802/527/809 806/531/813 807/532/814
f 800/524/806 802/527/809 807/532/814
f 800/524/806 807/532/814 808/533/815
f 809/534/816 800/524/806 808/533/815
f 799/525/807 800/524/806 809/534/816
f 809/534/816 810/535/817 799/525/807
f 799/525/807 810/535/817 797/522/804
f 799/525/807 797/522/804 801/526/808
f 801/526/808 797/522/804 796/521/803
f 803/528/810 801/526/808 796/521/803
f 794/519/801 803/528/810 796/521/803
f 803/528/810 794/519/801 805/530/812
f 805/530/812 794/519/801 792/517/799
f 792/517/799 811/536/818 805/530/812
f 792/517/799 790/515/797 811/536/818
f 811/536/818 790/515/797 812/537/819
f 788/513/795 812/537/819 790/515/797
f 813/538/820 812/537/819 788/513/795
f 814/539/821 813/538/820 788/513/795
f 787/512/794 814/539/821 788/513/795
f 815/540/822 814/539/821 787/512/794
f 816/541/823 815/540/822 787/512/794
f 798/523/805 816/541/823 787/512/794
f 798/523/805 817/542/824 816/541/823
f 797/522/804 817/542/824 798/523/805
f 810/543/817 817/542/824 797/522/804
f 817/542/824 810/543/817 816/541/823
f 816/541/823 810/543/817 809/544/816
f 815/540/822 816/541/823 809/544/816
f 815/540/822 809/544/816 808/545/815
f 818/546/825 815/540/822 808/545/815
f 815/540/822 818/546/825 819/547/826
f 820/548/827 815/540/822 819/547/826
f 815/540/822 820/548/827 814/539/821
f 814/539/821 820/548/827 821/549/828
f 814/539/821 821/549/828 813/538/820
f 822/550/829 813/538/820 821/549/828
f 812/537/819 813/538/820 822/550/829
f 812/537/819 822/550/829 811/536/818
f 823/551/830 811/536/818 822/550/829
f 811/536/818 823/551/830 805/530/812
f 824/552/831 805/530/812 823/551/830
f 825/553/832 805/530/812 824/552/831
f 804/529/811 805/530/812 825/553/832
f 826/554/833 804/529/811 825/553/832
f 806/531/813 804/529/811 826/554/833
f 826/554/833 827/555/834 806/531/813
f 806/531/813 827/555/834 807/532/814
f 808/533/815 807/532/814 827/555/834
f 827/555/834 818/556/825 808/533/815
f 828/556/835 829/533/836 830/555/837
f 830/555/837 829/533/836 831/532/838
f 832/531/839 830/555/837 831/532/838
f 832/531/839 833/554/840 830/555/837
f 832/531/839 834/529/841 833/554/840
f 833/554/840 834/529/841 835/553/842
f 834/529/841 836/530/843 835/553/842
f 835/553/842 836/530/843 837/552/844
f 836/530/843 838/551/845 837/552/844
f 838/551/845 836/530/843 839/536/846
f 838/551/845 839/536/846 840/550/847
f 839/536/846 841/537/848 840/550/847
f 841/537/848 842/538/849 840/550/847
f 843/549/850 840/550/847 842/538/849
f 842/538/849 844/539/851 843/549/850
f 843/549/850 844/539/851 845/548/852
f 844/539/851 846/540/853 845/548/852
f 845/548/852 846/540/853 847/547/854
f 846/540/853 828/546/835 847/547/854
f 846/540/853 829/545/836 828/546/835
f 846/540/853 848/544/855 829/545/836
f 848/544/855 846/540/853 849/541/856
f 848/544/855 849/541/856 850/543/857
f 849/541/856 851/542/858 850/543/857
f 850/543/857 851/542/858 852/522/859
f 851/542/858 853/523/860 852/522/859
f 851/542/858 849/541/856 853/523/860
f 854/512/861 853/523/860 849/541/856
f 849/541/856 846/540/853 854/512/861
f 854/512/861 846/540/853 844/539/851
f 854/512/861 844/539/851 855/513/862
f 844/539/851 842/538/849 855/513/862
f 842/538/849 841/537/848 855/513/862
f 841/537/848 856/515/863 855/513/862
f 839/536/846 856/515/863 841/537/848
f 856/515/863 839/536/846 857/517/864
f 839/536/846 836/530/843 857/517/864
f 858/519/865 857/517/864 836/530/843
f 836/530/843 859/528/866 858/519/865
f 834/529/841 859/528/866 836/530/843
f 834/529/841 860/527/867 859/528/866
f 860/527/867 834/529/841 832/531/839
f 860/527/867 832/531/839 831/532/838
f 861/524/868 860/527/867 831/532/838
f 829/533/836 861/524/868 831/532/838
f 848/534/855 861/524/868 829/533/836
f 861/524/868 848/534/855 862/525/869
f 848/534/855 850/535/857 862/525/869
f 862/525/869 850/535/857 852/522/859
f 852/522/859 863/526/870 862/525/869
f 862/525/869 863/526/870 861/524/868
f 861/524/868 863/526/870 860/527/867
f 859/528/866 860/527/867 863/526/870
f 864/521/871 859/528/866 863/526/870
f 859/528/866 864/521/871 858/519/865
f 865/520/872 858/519/865 864/521/871
f 865/520/872 866/518/873 858/519/865
f 858/519/865 866/518/873 857/517/864
f 867/516/874 857/517/864 866/518/873
f 856/515/863 857/517/864 867/516/874
f 867/516/874 868/514/875 856/515/863
f 856/515/863 868/514/875 855/513/862
f 868/514/875 854/512/861 855/513/862
f 868/514/875 853/523/860 854/512/861
f 868/514/875 852/522/859 853/523/860
f 867/516/874 852/522/859 868/514/875
f 866/518/873 852/522/859 867/516/874
f 865/520/872 852/522/859 866/518/873
f 864/521/871 852/522/859 865/520/872
f 863/526/870 852/522/859 864/521/871
f 869/557/615 871/558/876 870/559/876
f 870/559/876 871/558/876 872/560/876
f 872/560/876 871/558/876 873/561/876
f 871/558/876 874/562/876 873/561/876
f 874/562/876 875/563/876 873/561/876
f 876/564/877 875/563/877 873/561/877
f 878/559/877 879/558/877 877/557/878
f 880/560/877 879/558/877 878/559/877
f 881/561/877 879/558/877 880/560/877
f 881/561/877 882/562/878 879/558/877
f 881/561/877 883/563/877 882/562/878
f 881/561/876 883/563/876 884/564/876
