# Blender 4.4.0
# www.blender.org
mtllib Torre1_a8.mtl
o House_Cube.001
v -5.977193 7.691026 -6.363108
v -6.024341 7.691026 -6.341393
v -6.071487 7.691026 -6.320992
v -6.118636 7.691026 -6.302468
v -6.165783 7.691026 -6.286366
v -6.212931 7.691026 -6.273191
v -6.260078 7.691026 -6.263400
v -6.307226 7.691026 -6.257360
v -6.354374 7.691026 -6.255318
v -6.401522 7.691026 -6.257360
v -6.448670 7.691026 -6.263400
v -6.495816 7.691026 -6.273191
v -6.542964 7.691026 -6.286366
v -6.590112 7.691026 -6.302468
v -6.637260 7.691026 -6.320992
v -6.684407 7.691026 -6.341393
v -6.731555 7.691026 -6.363108
v -6.714398 7.795570 -6.346838
v -6.669396 7.795570 -6.326231
v -6.624392 7.795570 -6.307004
v -6.579390 7.795570 -6.289646
v -6.534386 7.795570 -6.274623
v -6.489384 7.795570 -6.262378
v -6.444380 7.795570 -6.253302
v -6.399376 7.795570 -6.247714
v -6.354374 7.795570 -6.245826
v -6.309371 7.795570 -6.247714
v -6.264368 7.795570 -6.253302
v -6.219364 7.795570 -6.262378
v -6.174362 7.795570 -6.274623
v -6.129358 7.795570 -6.289646
v -6.084356 7.795570 -6.307004
v -6.039352 7.795570 -6.326231
v -5.994349 7.795570 -6.346838
v -6.771601 7.691026 -6.137791
v -6.771187 7.698123 -6.130772
v -6.777413 7.698009 -6.140517
v -6.754487 7.788472 -6.125915
v -6.752300 7.795570 -6.132152
v -6.760692 7.788587 -6.135615
v -6.771601 7.691026 -6.382182
v -6.777413 7.698009 -6.384413
v -6.760692 7.788587 -6.369478
v -6.752300 7.795570 -6.364936
v -5.937147 7.691026 -6.137791
v -5.931335 7.698009 -6.140517
v -5.937561 7.698123 -6.130772
v -5.956448 7.795570 -6.132152
v -5.954260 7.788472 -6.125915
v -5.948056 7.788587 -6.135615
v -5.931335 7.698009 -6.384413
v -5.937147 7.691026 -6.382182
v -5.956448 7.795570 -6.364936
v -5.948056 7.788587 -6.369478
v -6.731555 7.691026 -6.116248
v -6.730391 7.698121 -6.108859
v -6.684407 7.691026 -6.091851
v -6.683388 7.698121 -6.084605
v -6.637260 7.691026 -6.068980
v -6.636387 7.698121 -6.061895
v -6.590112 7.691026 -6.048188
v -6.589385 7.698118 -6.041273
v -6.542964 7.691026 -6.030014
v -6.542382 7.698118 -6.023264
v -6.495816 7.691026 -6.014987
v -6.495381 7.698118 -6.008383
v -6.448670 7.691026 -6.003621
v -6.448379 7.698115 -5.997134
v -6.401522 7.691026 -5.996426
v -6.401376 7.698115 -5.990016
v -6.354374 7.691026 -5.993913
v -6.354374 7.698115 -5.987531
v -6.307226 7.691026 -5.996426
v -6.307372 7.698115 -5.990016
v -6.260078 7.691026 -6.003621
v -6.260369 7.698115 -5.997134
v -6.212931 7.691026 -6.014987
v -6.213367 7.698118 -6.008383
v -6.165783 7.691026 -6.030014
v -6.166366 7.698118 -6.023264
v -6.118636 7.691026 -6.048188
v -6.119363 7.698118 -6.041273
v -6.071487 7.691026 -6.068980
v -6.072361 7.698121 -6.061895
v -6.024341 7.691026 -6.091851
v -6.025360 7.698121 -6.084604
v -5.978357 7.698121 -6.108859
v -5.977193 7.691026 -6.116248
v -5.994349 7.795570 -6.112014
v -5.993184 7.788472 -6.105225
v -6.039352 7.795570 -6.089167
v -6.038333 7.788472 -6.082310
v -6.084356 7.795570 -6.067869
v -6.083482 7.788475 -6.060958
v -6.129358 7.795570 -6.048597
v -6.128630 7.788475 -6.041649
v -6.174362 7.795570 -6.031823
v -6.173779 7.788478 -6.024848
v -6.219364 7.795570 -6.017999
v -6.218927 7.788478 -6.011005
v -6.264368 7.795570 -6.007574
v -6.264077 7.788478 -6.000568
v -6.309371 7.795570 -6.000993
v -6.309225 7.788480 -5.993978
v -6.354374 7.795570 -5.998699
v -6.354374 7.788480 -5.991682
v -6.399376 7.795570 -6.000993
v -6.399523 7.788480 -5.993978
v -6.444380 7.795570 -6.007574
v -6.444671 7.788478 -6.000568
v -6.489384 7.795570 -6.017999
v -6.489820 7.788478 -6.011005
v -6.534386 7.795570 -6.031823
v -6.534968 7.788478 -6.024847
v -6.579390 7.795570 -6.048597
v -6.580117 7.788475 -6.041649
v -6.624392 7.795570 -6.067869
v -6.625265 7.788475 -6.060958
v -6.669396 7.795570 -6.089167
v -6.670414 7.788472 -6.082310
v -6.715564 7.788472 -6.105225
v -6.714398 7.795570 -6.112014
v -5.849689 6.887261 -6.433283
v -5.850808 6.901491 -6.420476
v -5.903968 7.577781 -6.452106
v -5.905087 7.592011 -6.462192
v -5.850808 6.901491 -6.718219
v -5.849689 6.887261 -6.705414
v -5.905087 7.592011 -6.676505
v -5.903968 7.577781 -6.686589
v -5.643845 6.887261 -6.433283
v -5.630731 6.901448 -6.433283
v -5.645007 6.901491 -6.420476
v -5.699241 7.592011 -6.462192
v -5.698166 7.577781 -6.452106
v -5.683897 7.577824 -6.462192
v -5.643845 6.887261 -6.705414
v -5.645007 6.901491 -6.718219
v -5.630731 6.901445 -6.705414
v -5.699241 7.592011 -6.676505
v -5.683897 7.577824 -6.676505
v -5.698166 7.577781 -6.686589
v -6.859058 6.887261 -6.433283
v -6.857939 6.901491 -6.420476
v -6.804780 7.577781 -6.452106
v -6.803660 7.592011 -6.462192
v -6.857939 6.901491 -6.718219
v -6.859058 6.887261 -6.705414
v -6.803660 7.592011 -6.676505
v -6.804780 7.577781 -6.686589
v -7.064904 6.887261 -6.433283
v -7.078018 6.901448 -6.433283
v -7.063741 6.901491 -6.420476
v -7.009506 7.592011 -6.462192
v -7.010581 7.577781 -6.452106
v -7.024851 7.577824 -6.462192
v -7.064904 6.887261 -6.705414
v -7.063741 6.901491 -6.718219
v -7.078018 6.901445 -6.705414
v -7.009506 7.592011 -6.676505
v -7.024851 7.577824 -6.676505
v -7.010581 7.577781 -6.686589
v -6.525514 6.860293 -5.854418
v -6.523904 6.872513 -5.845835
v -6.536558 6.872796 -5.857583
v -6.414323 7.720725 -6.039870
v -6.425705 7.720471 -6.050264
v -6.525514 6.860293 -6.170660
v -6.536558 6.872796 -6.171781
v -6.425705 7.720471 -6.234713
v -6.183234 6.860293 -5.854418
v -6.172189 6.872796 -5.857583
v -6.184844 6.872513 -5.845835
v -6.294425 7.720725 -6.039870
v -6.283042 7.720471 -6.050264
v -6.183234 6.860293 -6.170660
v -6.172189 6.872796 -6.171781
v -6.283042 7.720471 -6.234713
v -6.771601 7.691026 -6.159165
v -6.777413 7.698009 -6.161847
v -6.752300 7.795570 -6.152512
v -6.760692 7.788587 -6.156069
v -5.937147 7.691026 -6.159165
v -5.931335 7.698009 -6.161847
v -5.956448 7.795570 -6.152512
v -5.948056 7.788587 -6.156069
v -6.731555 7.691026 -6.137838
v -6.714398 7.795570 -6.132553
v -5.977193 7.691026 -6.137838
v -5.994349 7.795570 -6.132553
v -6.684407 7.691026 -6.113677
v -6.637260 7.691026 -6.091021
v -6.590112 7.691026 -6.070427
v -6.542964 7.691026 -6.052435
v -6.495816 7.691026 -6.037569
v -6.448670 7.691026 -6.026340
v -6.401522 7.691026 -6.019247
v -6.354374 7.691026 -6.016774
v -6.307226 7.691026 -6.019247
v -6.260078 7.691026 -6.026340
v -6.212931 7.691026 -6.037569
v -6.165783 7.691026 -6.052435
v -6.118636 7.691026 -6.070427
v -6.071487 7.691026 -6.091021
v -6.024341 7.691026 -6.113677
v -6.039352 7.795570 -6.109900
v -6.084356 7.795570 -6.088783
v -6.129358 7.795570 -6.069681
v -6.174362 7.795570 -6.053057
v -6.219364 7.795570 -6.039371
v -6.264368 7.795570 -6.029066
v -6.309371 7.795570 -6.022572
v -6.354374 7.795570 -6.020312
v -6.399376 7.795570 -6.022572
v -6.444380 7.795570 -6.029066
v -6.489384 7.795570 -6.039371
v -6.534386 7.795570 -6.053057
v -6.579390 7.795570 -6.069681
v -6.624392 7.795570 -6.088783
v -6.669396 7.795570 -6.109900
v -5.957170 7.691026 -6.127020
v -5.957959 7.698123 -6.119815
v -5.975399 7.795570 -6.122084
v -5.973723 7.788472 -6.115570
v -5.957170 7.691026 -6.372645
v -5.975399 7.795570 -6.355887
v -5.975399 7.795570 -6.142531
v -5.957170 7.691026 -6.148501
v -6.733349 7.795570 -6.122084
v -6.735025 7.788472 -6.115570
v -6.751578 7.691026 -6.127020
v -6.750789 7.698123 -6.119815
v -6.751578 7.691026 -6.372645
v -6.733349 7.795570 -6.355887
v -6.751578 7.691026 -6.148501
v -6.733349 7.795570 -6.142531
v -6.354374 5.978901 -7.172718
v -6.223583 5.978901 -7.161123
v -6.097819 5.978901 -7.126789
v -5.981913 5.978901 -7.071032
v -5.880322 5.978901 -6.995994
v -5.796947 5.978901 -6.904562
v -5.734995 5.978901 -6.800247
v -5.696845 5.978901 -6.687059
v -5.683963 5.978901 -6.569348
v -5.696845 5.978901 -6.451636
v -5.734995 5.978901 -6.338448
v -5.796947 5.978901 -6.234133
v -5.880322 5.978901 -6.142701
v -5.981913 5.978901 -6.067663
v -6.097819 5.978901 -6.011906
v -6.610929 5.978901 -6.011906
v -6.726835 5.978901 -6.067663
v -6.828426 5.978901 -6.142701
v -6.911800 5.978901 -6.234133
v -6.973752 5.978901 -6.338448
v -7.011903 5.978901 -6.451636
v -7.024785 5.978901 -6.569348
v -7.011903 5.978901 -6.687059
v -6.973752 5.978901 -6.800247
v -6.911800 5.978901 -6.904562
v -6.828426 5.978901 -6.995994
v -6.726835 5.978901 -7.071032
v -6.610929 5.978901 -7.126789
v -6.485165 5.978901 -7.161123
v -6.354374 8.343334 -6.893688
v -6.286454 8.343334 -6.887530
v -6.221050 8.343334 -6.869268
v -6.160616 8.343334 -6.839536
v -6.107468 8.343334 -6.799388
v -6.063695 8.343334 -6.750295
v -6.031065 8.343334 -6.694104
v -6.010923 8.343334 -6.632987
v -6.004114 8.343334 -6.569348
v -6.010923 8.343334 -6.505708
v -6.031065 8.343334 -6.444592
v -6.063695 8.343334 -6.388402
v -6.107468 8.343334 -6.339308
v -6.160616 8.343334 -6.299160
v -6.221050 8.343334 -6.269428
v -6.286454 8.343334 -6.251166
v -6.354374 8.343334 -6.245009
v -6.422294 8.343334 -6.251166
v -6.487697 8.343334 -6.269428
v -6.548131 8.343334 -6.299160
v -6.601279 8.343334 -6.339308
v -6.645052 8.343334 -6.388402
v -6.677683 8.343334 -6.444592
v -6.697825 8.343334 -6.505708
v -6.704634 8.343334 -6.569348
v -6.697825 8.343334 -6.632987
v -6.677683 8.343334 -6.694104
v -6.645052 8.343334 -6.750293
v -6.601279 8.343334 -6.799388
v -6.548131 8.343334 -6.839536
v -6.487697 8.343334 -6.869268
v -6.422294 8.343334 -6.887530
v -6.354374 8.451475 -6.905944
v -6.354374 8.437926 -6.893688
v -6.286454 8.437926 -6.887530
v -6.283741 8.451475 -6.899541
v -6.221050 8.437926 -6.869268
v -6.215741 8.451475 -6.880554
v -6.160616 8.437926 -6.839536
v -6.152936 8.451475 -6.849655
v -6.107468 8.437926 -6.799388
v -6.097735 8.451475 -6.807957
v -6.063695 8.437926 -6.750295
v -6.052299 8.451475 -6.756997
v -6.031065 8.437926 -6.694104
v -6.018447 8.451475 -6.698705
v -6.010923 8.437926 -6.632987
v -5.997561 8.451475 -6.635328
v -6.004114 8.437926 -6.569348
v -5.990500 8.451475 -6.569348
v -6.010923 8.437926 -6.505708
v -5.997561 8.451475 -6.503368
v -6.031065 8.437926 -6.444592
v -6.018447 8.451475 -6.439991
v -6.063695 8.437926 -6.388402
v -6.052299 8.451475 -6.381699
v -6.107468 8.437926 -6.339308
v -6.097735 8.451475 -6.330739
v -6.160616 8.437926 -6.299160
v -6.152936 8.451475 -6.289041
v -6.221050 8.437926 -6.269428
v -6.215741 8.451475 -6.258142
v -6.286454 8.437926 -6.251166
v -6.283741 8.451475 -6.239156
v -6.354374 8.437926 -6.245009
v -6.354374 8.451475 -6.232753
v -6.422294 8.437926 -6.251166
v -6.425007 8.451475 -6.239156
v -6.487697 8.437926 -6.269428
v -6.493007 8.451475 -6.258142
v -6.548131 8.437926 -6.299160
v -6.555811 8.451475 -6.289041
v -6.601279 8.437926 -6.339308
v -6.611012 8.451475 -6.330739
v -6.645052 8.437926 -6.388402
v -6.656449 8.451475 -6.381699
v -6.677683 8.437926 -6.444592
v -6.690300 8.451475 -6.439991
v -6.697825 8.437926 -6.505708
v -6.711187 8.451475 -6.503368
v -6.704634 8.437926 -6.569348
v -6.718247 8.451475 -6.569348
v -6.697825 8.437926 -6.632987
v -6.711187 8.451475 -6.635328
v -6.677683 8.437926 -6.694104
v -6.690300 8.451475 -6.698705
v -6.645052 8.437926 -6.750293
v -6.656449 8.451475 -6.756997
v -6.601279 8.437926 -6.799388
v -6.611012 8.451475 -6.807957
v -6.548131 8.437926 -6.839536
v -6.555811 8.451475 -6.849655
v -6.487697 8.437926 -6.869268
v -6.493007 8.451475 -6.880554
v -6.422294 8.437926 -6.887530
v -6.425007 8.451475 -6.899541
v -6.269836 8.451475 -6.961079
v -6.266886 8.437977 -6.974117
v -6.354374 8.437977 -6.982046
v -6.354374 8.451475 -6.968743
v -6.188536 8.451475 -6.938379
v -6.182758 8.437977 -6.950632
v -6.113585 8.451475 -6.901505
v -6.105228 8.437977 -6.912495
v -6.047866 8.451475 -6.851861
v -6.037271 8.437980 -6.861170
v -5.993909 8.451475 -6.791346
v -5.981500 8.437980 -6.798631
v -5.953801 8.451475 -6.722279
v -5.940059 8.437980 -6.727281
v -5.929097 8.451475 -6.647317
v -5.914540 8.437980 -6.649861
v -5.920754 8.451475 -6.569348
v -5.905923 8.437983 -6.569348
v -5.929097 8.451475 -6.491378
v -5.914540 8.437980 -6.488835
v -5.953801 8.451475 -6.416417
v -5.940059 8.437980 -6.411415
v -5.993909 8.451475 -6.347351
v -5.981500 8.437980 -6.340065
v -6.047866 8.451475 -6.286835
v -6.037271 8.437980 -6.277525
v -6.113585 8.451475 -6.237191
v -6.105228 8.437977 -6.226201
v -6.188536 8.451475 -6.200317
v -6.182758 8.437977 -6.188064
v -6.269836 8.451475 -6.177617
v -6.266886 8.437977 -6.164579
v -6.354374 8.451475 -6.169953
v -6.354374 8.437977 -6.156650
v -6.438911 8.451475 -6.177617
v -6.441862 8.437977 -6.164579
v -6.520212 8.451475 -6.200317
v -6.525989 8.437977 -6.188064
v -6.595163 8.451475 -6.237191
v -6.603520 8.437977 -6.226201
v -6.660882 8.451475 -6.286835
v -6.671477 8.437980 -6.277525
v -6.714839 8.451475 -6.347351
v -6.727248 8.437980 -6.340065
v -6.754946 8.451475 -6.416417
v -6.768689 8.437980 -6.411415
v -6.779651 8.451475 -6.491378
v -6.794208 8.437980 -6.488835
v -6.787994 8.451475 -6.569348
v -6.802824 8.437983 -6.569348
v -6.779651 8.451475 -6.647317
v -6.794208 8.437980 -6.649861
v -6.754946 8.451475 -6.722279
v -6.768689 8.437980 -6.727281
v -6.714839 8.451475 -6.791346
v -6.727248 8.437980 -6.798631
v -6.660882 8.451475 -6.851861
v -6.671477 8.437980 -6.861170
v -6.595163 8.451475 -6.901505
v -6.603520 8.437977 -6.912495
v -6.520212 8.451475 -6.938379
v -6.525989 8.437977 -6.950632
v -6.438911 8.451475 -6.961079
v -6.441862 8.437977 -6.974117
v -6.354374 5.918082 -7.055079
v -6.249083 5.918082 -7.045747
v -6.147839 5.918082 -7.018106
v -6.054531 5.918082 -6.973219
v -5.972747 5.918082 -6.912812
v -5.905628 5.918082 -6.839206
v -5.855753 5.918082 -6.755229
v -5.825041 5.918082 -6.664110
v -5.814671 5.918082 -6.569348
v -5.825041 5.918082 -6.474586
v -5.855753 5.918082 -6.383466
v -5.905628 5.918082 -6.299489
v -5.972747 5.918082 -6.225883
v -6.054531 5.918082 -6.165476
v -6.147839 5.918082 -6.120590
v -6.249083 5.918082 -6.092948
v -6.354374 5.918082 -6.083616
v -6.459665 5.918082 -6.092948
v -6.560909 5.918082 -6.120590
v -6.654216 5.918082 -6.165476
v -6.736001 5.918082 -6.225883
v -6.803120 5.918082 -6.299489
v -6.852994 5.918082 -6.383466
v -6.883707 5.918082 -6.474586
v -6.894076 5.918082 -6.569348
v -6.883707 5.918082 -6.664110
v -6.852994 5.918082 -6.755229
v -6.803120 5.918082 -6.839206
v -6.736001 5.918082 -6.912812
v -6.654216 5.918082 -6.973219
v -6.560909 5.918082 -7.018106
v -6.459665 5.918082 -7.045747
v -6.354374 6.806637 -7.108538
v -6.238159 6.806637 -7.098177
v -6.126410 6.806637 -7.067494
v -6.470589 6.806637 -7.098177
v -6.023421 6.806640 -7.017668
v -5.933152 6.806640 -6.950612
v -5.859069 6.806640 -6.868905
v -5.804021 6.806640 -6.775686
v -5.770122 6.806640 -6.674539
v -5.758675 6.806640 -6.569348
v -5.770122 6.806640 -6.464157
v -5.804021 6.806640 -6.363009
v -5.859069 6.806640 -6.269791
v -5.933152 6.806640 -6.188084
v -6.023421 6.806640 -6.121029
v -6.126410 6.806637 -6.071201
v -6.319509 6.806637 -6.033266
v -6.354374 6.806637 -6.030158
v -6.389238 6.806637 -6.033266
v -6.582338 6.806637 -6.071201
v -6.685327 6.806640 -6.121029
v -6.775596 6.806640 -6.188084
v -6.849679 6.806640 -6.269791
v -6.904727 6.806640 -6.363009
v -6.938626 6.806640 -6.464157
v -6.950072 6.806640 -6.569348
v -6.938626 6.806640 -6.674539
v -6.904727 6.806640 -6.775686
v -6.849679 6.806640 -6.868905
v -6.775596 6.806640 -6.950612
v -6.685327 6.806640 -7.017668
v -6.582338 6.806637 -7.067494
v -6.354374 8.391260 -6.985670
v -6.442686 8.391260 -6.977670
v -6.266062 8.391260 -6.977670
v -6.181146 8.391260 -6.953979
v -6.102885 8.391260 -6.915506
v -6.034289 8.391260 -6.863731
v -5.977994 8.391263 -6.800644
v -5.936164 8.391263 -6.728667
v -5.910404 8.391263 -6.650568
v -5.901707 8.391263 -6.569348
v -5.910404 8.391263 -6.488128
v -5.936164 8.391263 -6.410029
v -5.977994 8.391263 -6.338053
v -6.034289 8.391260 -6.274965
v -6.102885 8.391260 -6.223190
v -6.181146 8.391260 -6.184717
v -6.266062 8.391260 -6.161026
v -6.354374 8.391260 -6.153027
v -6.442686 8.391260 -6.161026
v -6.527602 8.391260 -6.184717
v -6.605863 8.391260 -6.223190
v -6.674459 8.391260 -6.274965
v -6.730753 8.391263 -6.338053
v -6.772583 8.391263 -6.410029
v -6.798344 8.391263 -6.488128
v -6.807041 8.391263 -6.569348
v -6.798344 8.391263 -6.650568
v -6.772583 8.391263 -6.728667
v -6.730753 8.391263 -6.800644
v -6.674459 8.391260 -6.863731
v -6.605863 8.391260 -6.915506
v -6.527602 8.391260 -6.953979
v -6.256762 7.863053 -7.017838
v -6.247459 7.334844 -7.058008
v -6.162899 7.863053 -6.991817
v -6.144655 7.334846 -7.029655
v -6.076397 7.863053 -6.949559
v -6.049909 7.334846 -6.983613
v -6.000576 7.863053 -6.892692
v -5.966864 7.334846 -6.921652
v -5.938352 7.863053 -6.823398
v -5.898711 7.334846 -6.846151
v -5.892116 7.863053 -6.744340
v -5.848069 7.334846 -6.760013
v -5.863643 7.863053 -6.658558
v -5.816882 7.334846 -6.666549
v -5.854029 7.863053 -6.569348
v -5.806352 7.334846 -6.569348
v -5.863643 7.863053 -6.480137
v -5.816882 7.334846 -6.472148
v -5.892116 7.863053 -6.394356
v -5.848069 7.334846 -6.378683
v -5.938352 7.863053 -6.315298
v -5.898711 7.334846 -6.292544
v -6.000576 7.863053 -6.246004
v -5.966864 7.334846 -6.217043
v -6.076397 7.863053 -6.189136
v -6.049909 7.334846 -6.155082
v -6.162899 7.863053 -6.146879
v -6.144655 7.334846 -6.109041
v -6.256762 7.863053 -6.120857
v -6.247459 7.334844 -6.080688
v -6.354374 7.863053 -6.112070
v -6.354374 7.334844 -6.071115
v -6.451986 7.863053 -6.120857
v -6.461288 7.334844 -6.080688
v -6.545848 7.863053 -6.146879
v -6.564093 7.334846 -6.109041
v -6.632351 7.863053 -6.189136
v -6.658839 7.334846 -6.155082
v -6.708171 7.863053 -6.246004
v -6.741883 7.334846 -6.217043
v -6.770395 7.863053 -6.315298
v -6.810037 7.334846 -6.292544
v -6.816631 7.863053 -6.394356
v -6.860679 7.334846 -6.378683
v -6.845105 7.863053 -6.480137
v -6.891865 7.334846 -6.472148
v -6.854719 7.863053 -6.569348
v -6.902396 7.334846 -6.569348
v -6.845105 7.863053 -6.658558
v -6.891865 7.334846 -6.666549
v -6.816631 7.863053 -6.744340
v -6.860679 7.334846 -6.760013
v -6.770395 7.863053 -6.823398
v -6.810037 7.334846 -6.846151
v -6.708171 7.863053 -6.892692
v -6.741883 7.334846 -6.921652
v -6.632351 7.863053 -6.949559
v -6.658839 7.334846 -6.983613
v -6.545848 7.863053 -6.991817
v -6.564093 7.334846 -7.029655
v -6.354374 7.334844 -7.067581
v -6.354374 7.863053 -7.026625
v -6.461288 7.334844 -7.058008
v -6.451986 7.863053 -7.017838
v -6.235507 6.656094 -7.109624
v -6.121210 6.656094 -7.078278
v -6.015872 6.656094 -7.027373
v -5.923543 6.656094 -6.958867
v -5.847771 6.656094 -6.875391
v -5.791466 6.656094 -6.780154
v -5.756794 6.656094 -6.676816
v -5.745088 6.656094 -6.569348
v -5.756794 6.656094 -6.461879
v -5.791466 6.656094 -6.358542
v -5.847771 6.656094 -6.263305
v -5.923543 6.656094 -6.179830
v -6.015872 6.656094 -6.111322
v -6.121210 6.656094 -6.060418
v -6.587538 6.656094 -6.060418
v -6.692875 6.656094 -6.111322
v -6.785205 6.656094 -6.179830
v -6.860977 6.656094 -6.263305
v -6.917281 6.656094 -6.358542
v -6.951953 6.656094 -6.461879
v -6.963660 6.656094 -6.569348
v -6.951953 6.656094 -6.676816
v -6.917281 6.656094 -6.780154
v -6.860977 6.656094 -6.875391
v -6.785205 6.656094 -6.958867
v -6.692875 6.656094 -7.027373
v -6.587538 6.656094 -7.078278
v -6.354374 6.644094 -7.120210
v -6.473240 6.656094 -7.109624
v -6.454996 8.343334 -6.260297
v -6.483925 8.437977 -6.176322
v -6.479562 8.451475 -6.188967
v -6.459006 8.451475 -6.248649
v -6.454996 8.437926 -6.260297
v -6.510287 5.918082 -6.106770
v -6.526463 6.806637 -6.055861
v -6.485143 8.391260 -6.172872
v -6.512690 7.334844 -6.094864
v -6.498917 7.863053 -6.133868
v -6.253752 8.343334 -6.260297
v -6.224822 8.437977 -6.176322
v -6.229186 8.451475 -6.188967
v -6.249741 8.451475 -6.248649
v -6.253752 8.437926 -6.260297
v -6.198461 5.918082 -6.106770
v -6.182284 6.806637 -6.055861
v -6.223605 8.391260 -6.172872
v -6.196058 7.334844 -6.094864
v -6.209831 7.863053 -6.133868
v -6.158597 5.972348 -6.107543
v -6.222085 5.972327 -6.107543
v -6.354374 5.972335 -6.107543
v -6.486662 5.972327 -6.107543
v -6.318768 6.637525 -6.107543
v -6.354374 6.637527 -6.107543
v -6.389979 6.637525 -6.107543
v -6.550150 5.972348 -6.107543
v -6.527302 6.774478 -6.053485
v -6.557412 6.715286 -6.056949
v -6.151336 6.715286 -6.056949
v -6.181446 6.774478 -6.053485
v -6.175203 6.453835 -6.107543
v -6.297579 6.633739 -6.107543
v -6.185607 6.534219 -6.107543
v -6.212517 6.583758 -6.107543
v -6.251837 6.618347 -6.107543
v -6.411168 6.633739 -6.107543
v -6.533545 6.453835 -6.107543
v -6.456910 6.618347 -6.107543
v -6.496230 6.583758 -6.107543
v -6.523140 6.534219 -6.107543
v -6.223505 5.978559 -5.984326
v -6.223583 5.971488 -5.977572
v -6.223560 5.976631 -5.979550
v -6.354374 5.978589 -5.972725
v -6.354374 5.971488 -5.965977
v -6.354374 5.976639 -5.967953
v -6.485242 5.978559 -5.984326
v -6.485165 5.971488 -5.977572
v -6.485187 5.976631 -5.979550
v -6.318719 6.643579 -6.028391
v -6.318749 6.651354 -6.022179
v -6.318726 6.646070 -6.023784
v -6.354374 6.651360 -6.019007
v -6.354374 6.643597 -6.025217
v -6.354374 6.646075 -6.020610
v -6.389998 6.651354 -6.022179
v -6.390029 6.643579 -6.028391
v -6.390022 6.646070 -6.023784
v -6.548172 5.978508 -6.001499
v -6.552835 5.971526 -5.995702
v -6.549487 5.976626 -5.997001
v -6.155913 5.971526 -5.995702
v -6.160575 5.978508 -6.001499
v -6.159261 5.976626 -5.997001
v -6.537097 6.499724 -6.039171
v -6.533482 6.460589 -6.042727
v -6.534538 6.472341 -6.038900
v -6.411658 6.639768 -6.031950
v -6.417127 6.646601 -6.026550
v -6.413278 6.641992 -6.027582
v -6.523248 6.540641 -6.044584
v -6.532152 6.540329 -6.038927
v -6.525861 6.540833 -6.040142
v -6.496502 6.589932 -6.043189
v -6.502263 6.595262 -6.037731
v -6.498201 6.591762 -6.038805
v -6.457317 6.624387 -6.038752
v -6.460324 6.632083 -6.033006
v -6.458213 6.626886 -6.034283
v -6.291621 6.646601 -6.026550
v -6.297090 6.639768 -6.031950
v -6.295470 6.641992 -6.027582
v -6.175266 6.460589 -6.042727
v -6.171650 6.499724 -6.039171
v -6.174210 6.472341 -6.038900
v -6.251430 6.624387 -6.038752
v -6.248424 6.632083 -6.033006
v -6.250535 6.626886 -6.034283
v -6.212245 6.589932 -6.043189
v -6.206485 6.595262 -6.037731
v -6.210547 6.591762 -6.038805
v -6.185500 6.540641 -6.044584
v -6.176595 6.540329 -6.038927
v -6.182887 6.540833 -6.040142
v -6.547254 6.607505 -6.048061
v -6.161494 6.607505 -6.048061
v -6.319130 6.728995 -6.027722
v -6.354374 6.728998 -6.024584
v -6.389617 6.728995 -6.027722
v -6.472214 6.710541 -6.040018
v -6.236534 6.710541 -6.040018
v -6.229546 6.317496 -7.135374
v -6.109514 6.317496 -7.102533
v -5.998893 6.317496 -7.049202
v -5.901932 6.317499 -6.977430
v -5.822359 6.317499 -6.889976
v -5.763231 6.317499 -6.790201
v -5.726820 6.317499 -6.681938
v -5.714525 6.317499 -6.569348
v -5.726820 6.317499 -6.456758
v -5.763231 6.317499 -6.348495
v -5.822359 6.317499 -6.248720
v -5.901932 6.317499 -6.161265
v -5.998893 6.317496 -6.089493
v -6.109514 6.317496 -6.036162
v -6.599234 6.317496 -6.036162
v -6.709855 6.317496 -6.089493
v -6.806816 6.317499 -6.161265
v -6.886389 6.317499 -6.248720
v -6.945517 6.317499 -6.348495
v -6.981927 6.317499 -6.456758
v -6.994223 6.317499 -6.569348
v -6.981927 6.317499 -6.681938
v -6.945517 6.317499 -6.790201
v -6.886389 6.317499 -6.889976
v -6.806816 6.317499 -6.977430
v -6.709855 6.317496 -7.049202
v -6.599234 6.317496 -7.102533
v -6.354374 6.311499 -7.146464
v -6.479202 6.317496 -7.135374
v -6.539354 6.285375 -6.107543
v -6.538622 6.291920 -6.028302
v -6.539768 6.298903 -6.024240
v -6.542604 6.314919 -6.023962
v -6.169394 6.285375 -6.107543
v -6.170125 6.291920 -6.028302
v -6.168980 6.298903 -6.024240
v -6.166144 6.314919 -6.023962
v -6.199062 6.558989 -6.107543
v -6.198872 6.565288 -6.043886
v -6.196716 6.566298 -6.039474
v -6.191540 6.567796 -6.038329
v -6.509686 6.558989 -6.107543
v -6.509875 6.565288 -6.043886
v -6.512032 6.566298 -6.039474
v -6.517208 6.567796 -6.038329
v -6.354374 6.477796 -7.133337
v -6.476221 6.486795 -7.122500
v -6.232527 6.486795 -7.122500
v -6.115362 6.486795 -7.090405
v -6.007382 6.486795 -7.038288
v -5.912737 6.486795 -6.968149
v -5.835064 6.486795 -6.882683
v -5.777349 6.486795 -6.785176
v -5.741807 6.486795 -6.679377
v -5.729807 6.486795 -6.569348
v -5.741807 6.486795 -6.459319
v -5.777349 6.486795 -6.353519
v -5.835064 6.486795 -6.256012
v -5.912737 6.486795 -6.170547
v -6.007382 6.486795 -6.100408
v -6.115362 6.486795 -6.048290
v -6.593386 6.486795 -6.048290
v -6.701366 6.486795 -6.100408
v -6.796010 6.486795 -6.170547
v -6.873683 6.486795 -6.256012
v -6.931399 6.486795 -6.353519
v -6.966940 6.486795 -6.459319
v -6.978941 6.486795 -6.569348
v -6.966940 6.486795 -6.679377
v -6.931399 6.486795 -6.785176
v -6.873683 6.486795 -6.882683
v -6.796010 6.486795 -6.968149
v -6.701366 6.486795 -7.038288
v -6.593386 6.486795 -7.090405
v -6.354374 5.918082 -7.160100
v -6.354374 5.932032 -7.172718
v -6.223583 5.932032 -7.161123
v -6.226319 5.918082 -7.148748
v -6.097819 5.932032 -7.126789
v -6.103184 5.918082 -7.115130
v -5.981913 5.932032 -7.071032
v -5.989702 5.918082 -7.060540
v -5.880322 5.932032 -6.995994
v -5.890235 5.918082 -6.987073
v -5.796947 5.932032 -6.904562
v -5.808604 5.918082 -6.897552
v -5.734995 5.932032 -6.800247
v -5.747947 5.918082 -6.795418
v -5.696845 5.932032 -6.687059
v -5.710596 5.918082 -6.684597
v -5.683963 5.932032 -6.569348
v -5.697982 5.918082 -6.569348
v -5.696845 5.932032 -6.451636
v -5.710596 5.918082 -6.454098
v -5.734995 5.932032 -6.338448
v -5.747947 5.918082 -6.343277
v -5.796947 5.932032 -6.234133
v -5.808604 5.918082 -6.241144
v -5.880322 5.932032 -6.142701
v -5.890235 5.918082 -6.151622
v -5.981913 5.932032 -6.067663
v -5.989702 5.918082 -6.078155
v -6.097819 5.932032 -6.011906
v -6.103184 5.918082 -6.023563
v -6.223583 5.932032 -5.977572
v -6.226319 5.918082 -5.989947
v -6.354374 5.932032 -5.965977
v -6.354374 5.918082 -5.978596
v -6.485165 5.932032 -5.977572
v -6.482429 5.918082 -5.989947
v -6.610929 5.932032 -6.011906
v -6.605564 5.918082 -6.023563
v -6.726835 5.932032 -6.067663
v -6.719046 5.918082 -6.078155
v -6.828426 5.932032 -6.142701
v -6.818512 5.918082 -6.151622
v -6.911800 5.932032 -6.234133
v -6.900143 5.918082 -6.241144
v -6.973752 5.932032 -6.338448
v -6.960800 5.918082 -6.343277
v -7.011903 5.932032 -6.451636
v -6.998152 5.918082 -6.454098
v -7.024785 5.932032 -6.569348
v -7.010766 5.918082 -6.569348
v -7.011903 5.932032 -6.687059
v -6.998152 5.918082 -6.684597
v -6.973752 5.932032 -6.800247
v -6.960800 5.918082 -6.795418
v -6.911800 5.932032 -6.904562
v -6.900143 5.918082 -6.897552
v -6.828426 5.932032 -6.995994
v -6.818512 5.918082 -6.987073
v -6.726835 5.932032 -7.071032
v -6.719046 5.918082 -7.060540
v -6.610929 5.932032 -7.126789
v -6.605564 5.918082 -7.115130
v -6.485165 5.932032 -7.161123
v -6.482429 5.918082 -7.148748
v -6.543996 5.918082 -6.006755
v -6.549297 5.932032 -5.994990
v -6.164752 5.918082 -6.006755
v -6.159451 5.932032 -5.994990
v -6.126219 5.948046 -6.059352
v -6.200207 5.948024 -6.059352
v -6.354374 5.948032 -6.059352
v -6.508540 5.948024 -6.059352
v -6.312880 6.661063 -6.059352
v -6.354374 6.661066 -6.059352
v -6.395867 6.661063 -6.059352
v -6.582529 5.948046 -6.059352
v -6.145571 6.464164 -6.059352
v -6.288187 6.657004 -6.059352
v -6.157695 6.550326 -6.059352
v -6.189056 6.603428 -6.059352
v -6.234879 6.640508 -6.059352
v -6.420561 6.657004 -6.059352
v -6.563177 6.464164 -6.059352
v -6.473869 6.640508 -6.059352
v -6.519691 6.603428 -6.059352
v -6.551053 6.550326 -6.059352
v -6.195209 6.236634 -6.034724
v -6.177738 6.249980 -6.023302
v -6.201880 6.249980 -6.016240
v -6.216802 6.249980 -6.034724
v -6.201880 6.249980 -6.053208
v -6.177738 6.249980 -6.046147
v -6.188536 6.271575 -6.016240
v -6.212679 6.271575 -6.023302
v -6.212679 6.271575 -6.046147
v -6.188536 6.271575 -6.053208
v -6.173614 6.271575 -6.034724
v -6.195209 6.284921 -6.034724
v -6.199130 6.240242 -6.023860
v -6.184940 6.240242 -6.028009
v -6.188861 6.248085 -6.017146
v -6.174672 6.248085 -6.034724
v -6.184940 6.240242 -6.041439
v -6.207901 6.240242 -6.034724
v -6.211823 6.248085 -6.023860
v -6.199130 6.240242 -6.045589
v -6.211823 6.248085 -6.045589
v -6.188861 6.248085 -6.052304
v -6.172247 6.260779 -6.028009
v -6.172247 6.260779 -6.041440
v -6.195209 6.260779 -6.012996
v -6.181017 6.260779 -6.017146
v -6.218169 6.260779 -6.028009
v -6.209400 6.260779 -6.017146
v -6.209400 6.260779 -6.052304
v -6.218169 6.260779 -6.041440
v -6.181017 6.260779 -6.052304
v -6.178593 6.273471 -6.023860
v -6.201555 6.273471 -6.017146
v -6.215746 6.273471 -6.034724
v -6.201555 6.273471 -6.052304
v -6.178593 6.273471 -6.045589
v -6.191286 6.281316 -6.023860
v -6.182516 6.281316 -6.034724
v -6.205477 6.281316 -6.028009
v -6.205477 6.281316 -6.041439
v -6.191286 6.281316 -6.045589
v -6.209400 6.260779 -6.082820
v -6.201880 6.249980 -6.083724
v -6.188536 6.271575 -6.083724
v -6.201555 6.273471 -6.082820
v -6.188861 6.248085 -6.082820
v -6.181017 6.260779 -6.082820
v -6.628728 7.646130 -6.316104
v -6.661252 7.642926 -6.316104
v -6.692524 7.633441 -6.316104
v -6.721347 7.618036 -6.316104
v -6.746610 7.597301 -6.316104
v -6.767342 7.572040 -6.316104
v -6.782748 7.543217 -6.316104
v -6.792234 7.511943 -6.316104
v -6.795439 7.479419 -6.316104
v -6.792234 7.446897 -6.316104
v -6.782748 7.415623 -6.316104
v -6.767342 7.386800 -6.316104
v -6.746610 7.361539 -6.316104
v -6.721347 7.340804 -6.316104
v -6.692524 7.325399 -6.316104
v -6.661252 7.315911 -6.316104
v -6.628728 7.312710 -6.316104
v -6.596204 7.315911 -6.316104
v -6.564930 7.325399 -6.316104
v -6.536108 7.340804 -6.316104
v -6.510846 7.361539 -6.316104
v -6.490114 7.386800 -6.316104
v -6.474708 7.415623 -6.316104
v -6.465221 7.446897 -6.316104
v -6.462017 7.479419 -6.316104
v -6.465221 7.511943 -6.316104
v -6.474708 7.543217 -6.316104
v -6.490114 7.572040 -6.316104
v -6.510846 7.597301 -6.316104
v -6.536108 7.618036 -6.316104
v -6.564930 7.633441 -6.316104
v -6.596204 7.642926 -6.316104
v -6.648402 7.578331 -6.316104
v -6.628728 7.580270 -6.316104
v -6.667321 7.572593 -6.316104
v -6.684757 7.563273 -6.316104
v -6.700040 7.550731 -6.316104
v -6.712581 7.535449 -6.316104
v -6.721900 7.518012 -6.316104
v -6.727640 7.499096 -6.316104
v -6.729578 7.479419 -6.316104
v -6.727640 7.459744 -6.316104
v -6.721900 7.440827 -6.316104
v -6.712581 7.423390 -6.316104
v -6.700040 7.408109 -6.316104
v -6.684757 7.395566 -6.316104
v -6.667321 7.386247 -6.316104
v -6.648402 7.380508 -6.316104
v -6.628728 7.378570 -6.316104
v -6.609053 7.380508 -6.316104
v -6.590134 7.386247 -6.316104
v -6.572698 7.395566 -6.316104
v -6.557416 7.408109 -6.316104
v -6.544875 7.423390 -6.316104
v -6.535554 7.440827 -6.316104
v -6.529816 7.459744 -6.316104
v -6.527878 7.479419 -6.316104
v -6.529816 7.499096 -6.316104
v -6.535554 7.518012 -6.316104
v -6.544875 7.535449 -6.316104
v -6.557416 7.550731 -6.316104
v -6.572698 7.563273 -6.316104
v -6.590134 7.572593 -6.316104
v -6.609053 7.578331 -6.316104
v -6.628728 7.642971 -6.073093
v -6.628728 7.646130 -6.080517
v -6.661252 7.642926 -6.080517
v -6.660635 7.639828 -6.073093
v -6.692524 7.633441 -6.080517
v -6.691316 7.630522 -6.073093
v -6.721347 7.618036 -6.080517
v -6.719592 7.615408 -6.073093
v -6.746610 7.597301 -6.080517
v -6.744376 7.595069 -6.073093
v -6.767342 7.572040 -6.080517
v -6.764716 7.570283 -6.073093
v -6.782748 7.543217 -6.080517
v -6.779830 7.542007 -6.073093
v -6.792234 7.511943 -6.080517
v -6.789137 7.511329 -6.073093
v -6.795439 7.479419 -6.080517
v -6.792280 7.479419 -6.073093
v -6.792234 7.446897 -6.080517
v -6.789137 7.447514 -6.073093
v -6.782748 7.415623 -6.080517
v -6.779830 7.416832 -6.073093
v -6.767342 7.386800 -6.080517
v -6.764716 7.388554 -6.073093
v -6.746610 7.361539 -6.080517
v -6.744376 7.363771 -6.073093
v -6.721347 7.340804 -6.080517
v -6.719592 7.343431 -6.073093
v -6.692524 7.325399 -6.080517
v -6.691316 7.328318 -6.073093
v -6.661252 7.315911 -6.080517
v -6.660635 7.319012 -6.073093
v -6.628728 7.312710 -6.080517
v -6.628728 7.315869 -6.073093
v -6.596204 7.315911 -6.080517
v -6.596820 7.319012 -6.073093
v -6.564930 7.325399 -6.080517
v -6.566140 7.328318 -6.073093
v -6.536108 7.340804 -6.080517
v -6.537864 7.343431 -6.073093
v -6.510846 7.361539 -6.080517
v -6.513080 7.363771 -6.073093
v -6.490114 7.386800 -6.080517
v -6.492740 7.388554 -6.073093
v -6.474708 7.415623 -6.080517
v -6.477626 7.416832 -6.073093
v -6.465221 7.446897 -6.080517
v -6.468319 7.447514 -6.073093
v -6.462017 7.479419 -6.080517
v -6.465176 7.479419 -6.073093
v -6.465221 7.511943 -6.080517
v -6.468319 7.511329 -6.073093
v -6.474708 7.543217 -6.080517
v -6.477626 7.542007 -6.073093
v -6.490114 7.572040 -6.080517
v -6.492740 7.570283 -6.073093
v -6.510846 7.597301 -6.080517
v -6.513080 7.595069 -6.073093
v -6.536108 7.618036 -6.080517
v -6.537864 7.615408 -6.073093
v -6.564930 7.633441 -6.080517
v -6.566140 7.630522 -6.073093
v -6.596204 7.642926 -6.080517
v -6.596820 7.639828 -6.073093
v -6.649019 7.581429 -6.073093
v -6.648402 7.578331 -6.080517
v -6.628728 7.580270 -6.080517
v -6.628728 7.583429 -6.073093
v -6.668530 7.575511 -6.073093
v -6.667321 7.572593 -6.080517
v -6.686512 7.565898 -6.073093
v -6.684757 7.563273 -6.080517
v -6.702272 7.552964 -6.073093
v -6.700040 7.550731 -6.080517
v -6.715207 7.537204 -6.073093
v -6.712581 7.535449 -6.080517
v -6.724819 7.519222 -6.073093
v -6.721900 7.518012 -6.080517
v -6.730738 7.499710 -6.073093
v -6.727640 7.499096 -6.080517
v -6.732736 7.479419 -6.073093
v -6.729578 7.479419 -6.080517
v -6.730738 7.459130 -6.073093
v -6.727640 7.459744 -6.080517
v -6.724819 7.439618 -6.073093
v -6.721900 7.440827 -6.080517
v -6.715207 7.421636 -6.073093
v -6.712581 7.423390 -6.080517
v -6.702272 7.405873 -6.073093
v -6.700040 7.408109 -6.080517
v -6.686512 7.392941 -6.073093
v -6.684757 7.395566 -6.080517
v -6.668530 7.383328 -6.073093
v -6.667321 7.386247 -6.080517
v -6.649019 7.377411 -6.073093
v -6.648402 7.380508 -6.080517
v -6.628728 7.375411 -6.073093
v -6.628728 7.378570 -6.080517
v -6.608437 7.377411 -6.073093
v -6.609053 7.380508 -6.080517
v -6.588925 7.383328 -6.073093
v -6.590134 7.386247 -6.080517
v -6.570943 7.392941 -6.073093
v -6.572698 7.395566 -6.080517
v -6.555183 7.405873 -6.073093
v -6.557416 7.408109 -6.080517
v -6.542247 7.421636 -6.073093
v -6.544875 7.423390 -6.080517
v -6.532637 7.439618 -6.073093
v -6.535554 7.440827 -6.080517
v -6.526718 7.459130 -6.073093
v -6.529816 7.459744 -6.080517
v -6.524720 7.479419 -6.073093
v -6.527878 7.479419 -6.080517
v -6.526718 7.499710 -6.073093
v -6.529816 7.499096 -6.080517
v -6.532637 7.519222 -6.073093
v -6.535554 7.518012 -6.080517
v -6.542247 7.537204 -6.073093
v -6.544875 7.535449 -6.080517
v -6.555183 7.552964 -6.073093
v -6.557416 7.550731 -6.080517
v -6.570943 7.565898 -6.073093
v -6.572698 7.563273 -6.080517
v -6.588925 7.575511 -6.073093
v -6.590134 7.572593 -6.080517
v -6.608437 7.581429 -6.073093
v -6.609053 7.578331 -6.080517
v -6.564930 7.633441 -6.088541
v -6.564930 7.633441 -6.094855
v -6.566176 7.630434 -6.091699
v -6.536108 7.618036 -6.094855
v -6.536108 7.618036 -6.088541
v -6.537916 7.615331 -6.091699
v -6.510846 7.597301 -6.088541
v -6.510846 7.597301 -6.094855
v -6.513145 7.595002 -6.091699
v -6.490114 7.572040 -6.094855
v -6.490114 7.572040 -6.088541
v -6.492817 7.570232 -6.091699
v -6.474708 7.543217 -6.088541
v -6.474708 7.543217 -6.094855
v -6.477713 7.541973 -6.091699
v -6.465221 7.511943 -6.094855
v -6.465221 7.511943 -6.088541
v -6.468411 7.511310 -6.091699
v -6.462017 7.479419 -6.088541
v -6.462017 7.479419 -6.094855
v -6.465271 7.479419 -6.091699
v -6.465221 7.446897 -6.094855
v -6.465221 7.446897 -6.088541
v -6.468411 7.447530 -6.091699
v -6.474708 7.415623 -6.088541
v -6.474708 7.415623 -6.094855
v -6.477713 7.416867 -6.091699
v -6.490114 7.386800 -6.094855
v -6.490114 7.386800 -6.088541
v -6.492817 7.388608 -6.091699
v -6.510846 7.361539 -6.088541
v -6.510846 7.361539 -6.094855
v -6.513145 7.363838 -6.091699
v -6.536108 7.340804 -6.094855
v -6.536108 7.340804 -6.088541
v -6.537916 7.343509 -6.091699
v -6.564930 7.325399 -6.088541
v -6.564930 7.325399 -6.094855
v -6.566176 7.328406 -6.091699
v -6.596204 7.315911 -6.094855
v -6.596204 7.315911 -6.088541
v -6.596838 7.319102 -6.091699
v -6.628728 7.312710 -6.088541
v -6.628728 7.312710 -6.094855
v -6.628728 7.315962 -6.091699
v -6.661252 7.315911 -6.094855
v -6.661252 7.315911 -6.088541
v -6.660617 7.319102 -6.091699
v -6.692524 7.325399 -6.088541
v -6.692524 7.325399 -6.094855
v -6.691280 7.328406 -6.091699
v -6.721347 7.340804 -6.094855
v -6.721347 7.340804 -6.088541
v -6.719540 7.343509 -6.091699
v -6.746610 7.361539 -6.088541
v -6.746610 7.361539 -6.094855
v -6.744309 7.363838 -6.091699
v -6.767342 7.386800 -6.094855
v -6.767342 7.386800 -6.088541
v -6.764638 7.388608 -6.091699
v -6.782748 7.415623 -6.088541
v -6.782748 7.415623 -6.094855
v -6.779743 7.416867 -6.091699
v -6.792234 7.446897 -6.094855
v -6.792234 7.446897 -6.088541
v -6.789045 7.447530 -6.091699
v -6.795439 7.479419 -6.088541
v -6.795439 7.479419 -6.094855
v -6.792185 7.479419 -6.091699
v -6.792234 7.511943 -6.094855
v -6.792234 7.511943 -6.088541
v -6.789045 7.511310 -6.091699
v -6.782748 7.543217 -6.088541
v -6.782748 7.543217 -6.094855
v -6.779743 7.541973 -6.091699
v -6.767342 7.572040 -6.094855
v -6.767342 7.572040 -6.088541
v -6.764638 7.570232 -6.091699
v -6.746610 7.597301 -6.088541
v -6.746610 7.597301 -6.094855
v -6.744309 7.595002 -6.091699
v -6.721347 7.618036 -6.094855
v -6.721347 7.618036 -6.088541
v -6.719540 7.615331 -6.091699
v -6.692524 7.633441 -6.088541
v -6.692524 7.633441 -6.094855
v -6.691280 7.630434 -6.091699
v -6.596204 7.642926 -6.088541
v -6.596204 7.642926 -6.094855
v -6.596838 7.639737 -6.091699
v -6.661252 7.642926 -6.094855
v -6.661252 7.642926 -6.088541
v -6.660617 7.639737 -6.091699
v -6.628728 7.646130 -6.094855
v -6.628728 7.646130 -6.088541
v -6.628728 7.642878 -6.091699
v -6.080019 7.646130 -6.316104
v -6.047496 7.642926 -6.316104
v -6.016223 7.633441 -6.316104
v -5.987400 7.618036 -6.316104
v -5.962138 7.597301 -6.316104
v -5.941406 7.572040 -6.316104
v -5.926000 7.543217 -6.316104
v -5.916513 7.511943 -6.316104
v -5.913309 7.479419 -6.316104
v -5.916513 7.446897 -6.316104
v -5.926000 7.415623 -6.316104
v -5.941406 7.386800 -6.316104
v -5.962138 7.361539 -6.316104
v -5.987400 7.340804 -6.316104
v -6.016223 7.325399 -6.316104
v -6.047496 7.315911 -6.316104
v -6.080019 7.312710 -6.316104
v -6.112543 7.315911 -6.316104
v -6.143817 7.325399 -6.316104
v -6.172639 7.340804 -6.316104
v -6.197902 7.361539 -6.316104
v -6.218634 7.386800 -6.316104
v -6.234040 7.415623 -6.316104
v -6.243526 7.446897 -6.316104
v -6.246730 7.479419 -6.316104
v -6.243526 7.511943 -6.316104
v -6.234040 7.543217 -6.316104
v -6.218634 7.572040 -6.316104
v -6.197902 7.597301 -6.316104
v -6.172639 7.618036 -6.316104
v -6.143817 7.633441 -6.316104
v -6.112543 7.642926 -6.316104
v -6.060346 7.578331 -6.316104
v -6.080019 7.580270 -6.316104
v -6.041427 7.572593 -6.316104
v -6.023991 7.563273 -6.316104
v -6.008708 7.550731 -6.316104
v -5.996167 7.535449 -6.316104
v -5.986847 7.518012 -6.316104
v -5.981108 7.499096 -6.316104
v -5.979170 7.479419 -6.316104
v -5.981108 7.459744 -6.316104
v -5.986847 7.440827 -6.316104
v -5.996167 7.423390 -6.316104
v -6.008708 7.408109 -6.316104
v -6.023991 7.395566 -6.316104
v -6.041427 7.386247 -6.316104
v -6.060346 7.380508 -6.316104
v -6.080019 7.378570 -6.316104
v -6.099695 7.380508 -6.316104
v -6.118614 7.386247 -6.316104
v -6.136050 7.395566 -6.316104
v -6.151332 7.408109 -6.316104
v -6.163873 7.423390 -6.316104
v -6.173193 7.440827 -6.316104
v -6.178932 7.459744 -6.316104
v -6.180869 7.479419 -6.316104
v -6.178932 7.499096 -6.316104
v -6.173193 7.518012 -6.316104
v -6.163873 7.535449 -6.316104
v -6.151332 7.550731 -6.316104
v -6.136050 7.563273 -6.316104
v -6.118614 7.572593 -6.316104
v -6.099695 7.578331 -6.316104
v -6.080019 7.642971 -6.073093
v -6.080019 7.646130 -6.080517
v -6.047496 7.642926 -6.080517
v -6.048113 7.639828 -6.073093
v -6.016223 7.633441 -6.080517
v -6.017432 7.630522 -6.073093
v -5.987400 7.618036 -6.080517
v -5.989156 7.615408 -6.073093
v -5.962138 7.597301 -6.080517
v -5.964372 7.595069 -6.073093
v -5.941406 7.572040 -6.080517
v -5.944032 7.570283 -6.073093
v -5.926000 7.543217 -6.080517
v -5.928918 7.542007 -6.073093
v -5.916513 7.511943 -6.080517
v -5.919611 7.511329 -6.073093
v -5.913309 7.479419 -6.080517
v -5.916468 7.479419 -6.073093
v -5.916513 7.446897 -6.080517
v -5.919611 7.447514 -6.073093
v -5.926000 7.415623 -6.080517
v -5.928918 7.416832 -6.073093
v -5.941406 7.386800 -6.080517
v -5.944032 7.388554 -6.073093
v -5.962138 7.361539 -6.080517
v -5.964372 7.363771 -6.073093
v -5.987400 7.340804 -6.080517
v -5.989156 7.343431 -6.073093
v -6.016223 7.325399 -6.080517
v -6.017432 7.328318 -6.073093
v -6.047496 7.315911 -6.080517
v -6.048113 7.319012 -6.073093
v -6.080019 7.312710 -6.080517
v -6.080019 7.315869 -6.073093
v -6.112543 7.315911 -6.080517
v -6.111928 7.319012 -6.073093
v -6.143817 7.325399 -6.080517
v -6.142608 7.328318 -6.073093
v -6.172639 7.340804 -6.080517
v -6.170884 7.343431 -6.073093
v -6.197902 7.361539 -6.080517
v -6.195668 7.363771 -6.073093
v -6.218634 7.386800 -6.080517
v -6.216008 7.388554 -6.073093
v -6.234040 7.415623 -6.080517
v -6.231122 7.416832 -6.073093
v -6.243526 7.446897 -6.080517
v -6.240428 7.447514 -6.073093
v -6.246730 7.479419 -6.080517
v -6.243572 7.479419 -6.073093
v -6.243526 7.511943 -6.080517
v -6.240428 7.511329 -6.073093
v -6.234040 7.543217 -6.080517
v -6.231122 7.542007 -6.073093
v -6.218634 7.572040 -6.080517
v -6.216008 7.570283 -6.073093
v -6.197902 7.597301 -6.080517
v -6.195668 7.595069 -6.073093
v -6.172639 7.618036 -6.080517
v -6.170884 7.615408 -6.073093
v -6.143817 7.633441 -6.080517
v -6.142608 7.630522 -6.073093
v -6.112543 7.642926 -6.080517
v -6.111928 7.639828 -6.073093
v -6.059729 7.581429 -6.073093
v -6.060346 7.578331 -6.080517
v -6.080019 7.580270 -6.080517
v -6.080019 7.583429 -6.073093
v -6.040217 7.575511 -6.073093
v -6.041427 7.572593 -6.080517
v -6.022235 7.565898 -6.073093
v -6.023991 7.563273 -6.080517
v -6.006475 7.552964 -6.073093
v -6.008708 7.550731 -6.080517
v -5.993540 7.537204 -6.073093
v -5.996167 7.535449 -6.080517
v -5.983929 7.519222 -6.073093
v -5.986847 7.518012 -6.080517
v -5.978010 7.499710 -6.073093
v -5.981108 7.499096 -6.080517
v -5.976011 7.479419 -6.073093
v -5.979170 7.479419 -6.080517
v -5.978010 7.459130 -6.073093
v -5.981108 7.459744 -6.080517
v -5.983929 7.439618 -6.073093
v -5.986847 7.440827 -6.080517
v -5.993540 7.421636 -6.073093
v -5.996167 7.423390 -6.080517
v -6.006475 7.405873 -6.073093
v -6.008708 7.408109 -6.080517
v -6.022235 7.392941 -6.073093
v -6.023991 7.395566 -6.080517
v -6.040217 7.383328 -6.073093
v -6.041427 7.386247 -6.080517
v -6.059729 7.377411 -6.073093
v -6.060346 7.380508 -6.080517
v -6.080019 7.375411 -6.073093
v -6.080019 7.378570 -6.080517
v -6.100311 7.377411 -6.073093
v -6.099695 7.380508 -6.080517
v -6.119823 7.383328 -6.073093
v -6.118614 7.386247 -6.080517
v -6.137804 7.392941 -6.073093
v -6.136050 7.395566 -6.080517
v -6.153564 7.405873 -6.073093
v -6.151332 7.408109 -6.080517
v -6.166501 7.421636 -6.073093
v -6.163873 7.423390 -6.080517
v -6.176111 7.439618 -6.073093
v -6.173193 7.440827 -6.080517
v -6.182029 7.459130 -6.073093
v -6.178932 7.459744 -6.080517
v -6.184028 7.479419 -6.073093
v -6.180869 7.479419 -6.080517
v -6.182029 7.499710 -6.073093
v -6.178932 7.499096 -6.080517
v -6.176111 7.519222 -6.073093
v -6.173193 7.518012 -6.080517
v -6.166501 7.537204 -6.073093
v -6.163873 7.535449 -6.080517
v -6.153564 7.552964 -6.073093
v -6.151332 7.550731 -6.080517
v -6.137804 7.565898 -6.073093
v -6.136050 7.563273 -6.080517
v -6.119823 7.575511 -6.073093
v -6.118614 7.572593 -6.080517
v -6.100311 7.581429 -6.073093
v -6.099695 7.578331 -6.080517
v -6.143817 7.633441 -6.088541
v -6.143817 7.633441 -6.094855
v -6.142572 7.630434 -6.091699
v -6.172639 7.618036 -6.094855
v -6.172639 7.618036 -6.088541
v -6.170832 7.615331 -6.091699
v -6.197902 7.597301 -6.088541
v -6.197902 7.597301 -6.094855
v -6.195602 7.595002 -6.091699
v -6.218634 7.572040 -6.094855
v -6.218634 7.572040 -6.088541
v -6.215930 7.570232 -6.091699
v -6.234040 7.543217 -6.088541
v -6.234040 7.543217 -6.094855
v -6.231035 7.541973 -6.091699
v -6.243526 7.511943 -6.094855
v -6.243526 7.511943 -6.088541
v -6.240336 7.511310 -6.091699
v -6.246730 7.479419 -6.088541
v -6.246730 7.479419 -6.094855
v -6.243477 7.479419 -6.091699
v -6.243526 7.446897 -6.094855
v -6.243526 7.446897 -6.088541
v -6.240336 7.447530 -6.091699
v -6.234040 7.415623 -6.088541
v -6.234040 7.415623 -6.094855
v -6.231035 7.416867 -6.091699
v -6.218634 7.386800 -6.094855
v -6.218634 7.386800 -6.088541
v -6.215930 7.388608 -6.091699
v -6.197902 7.361539 -6.088541
v -6.197902 7.361539 -6.094855
v -6.195602 7.363838 -6.091699
v -6.172639 7.340804 -6.094855
v -6.172639 7.340804 -6.088541
v -6.170832 7.343509 -6.091699
v -6.143817 7.325399 -6.088541
v -6.143817 7.325399 -6.094855
v -6.142572 7.328406 -6.091699
v -6.112543 7.315911 -6.094855
v -6.112543 7.315911 -6.088541
v -6.111909 7.319102 -6.091699
v -6.080019 7.312710 -6.088541
v -6.080019 7.312710 -6.094855
v -6.080019 7.315962 -6.091699
v -6.047496 7.315911 -6.094855
v -6.047496 7.315911 -6.088541
v -6.048131 7.319102 -6.091699
v -6.016223 7.325399 -6.088541
v -6.016223 7.325399 -6.094855
v -6.017467 7.328406 -6.091699
v -5.987400 7.340804 -6.094855
v -5.987400 7.340804 -6.088541
v -5.989208 7.343509 -6.091699
v -5.962138 7.361539 -6.088541
v -5.962138 7.361539 -6.094855
v -5.964438 7.363838 -6.091699
v -5.941406 7.386800 -6.094855
v -5.941406 7.386800 -6.088541
v -5.944109 7.388608 -6.091699
v -5.926000 7.415623 -6.088541
v -5.926000 7.415623 -6.094855
v -5.929005 7.416867 -6.091699
v -5.916513 7.446897 -6.094855
v -5.916513 7.446897 -6.088541
v -5.919703 7.447530 -6.091699
v -5.913309 7.479419 -6.088541
v -5.913309 7.479419 -6.094855
v -5.916563 7.479419 -6.091699
v -5.916513 7.511943 -6.094855
v -5.916513 7.511943 -6.088541
v -5.919703 7.511310 -6.091699
v -5.926000 7.543217 -6.088541
v -5.926000 7.543217 -6.094855
v -5.929005 7.541973 -6.091699
v -5.941406 7.572040 -6.094855
v -5.941406 7.572040 -6.088541
v -5.944109 7.570232 -6.091699
v -5.962138 7.597301 -6.088541
v -5.962138 7.597301 -6.094855
v -5.964438 7.595002 -6.091699
v -5.987400 7.618036 -6.094855
v -5.987400 7.618036 -6.088541
v -5.989208 7.615331 -6.091699
v -6.016223 7.633441 -6.088541
v -6.016223 7.633441 -6.094855
v -6.017467 7.630434 -6.091699
v -6.112543 7.642926 -6.088541
v -6.112543 7.642926 -6.094855
v -6.111909 7.639737 -6.091699
v -6.047496 7.642926 -6.094855
v -6.047496 7.642926 -6.088541
v -6.048131 7.639737 -6.091699
v -6.080019 7.646130 -6.094855
v -6.080019 7.646130 -6.088541
v -6.080019 7.642878 -6.091699
v -6.750367 7.527446 -6.085313
v -6.750367 7.527446 -6.067838
v -6.740082 7.513857 -6.085313
v -6.740082 7.513857 -6.067838
v -6.746708 7.498156 -6.085313
v -6.746708 7.498156 -6.067838
v -6.763618 7.496044 -6.085313
v -6.763618 7.496044 -6.067838
v -6.773903 7.509633 -6.085313
v -6.773903 7.509633 -6.067838
v -6.767278 7.525334 -6.085313
v -6.767278 7.525334 -6.067838
v -6.667938 7.617395 -6.085313
v -6.667938 7.617395 -6.067838
v -6.661907 7.601456 -6.085313
v -6.661907 7.601456 -6.067838
v -6.672695 7.588265 -6.085313
v -6.672695 7.588265 -6.067838
v -6.689514 7.591012 -6.085313
v -6.689514 7.591012 -6.067838
v -6.695545 7.606949 -6.085313
v -6.695545 7.606949 -6.067838
v -6.684757 7.620143 -6.085313
v -6.684757 7.620143 -6.067838
v -6.722587 7.394159 -6.085313
v -6.722587 7.394159 -6.067838
v -6.705896 7.390719 -6.085313
v -6.705896 7.390719 -6.067838
v -6.700531 7.374543 -6.085313
v -6.700531 7.374543 -6.067838
v -6.711857 7.361811 -6.085313
v -6.711857 7.361811 -6.067838
v -6.728548 7.365253 -6.085313
v -6.728548 7.365253 -6.067838
v -6.733912 7.381427 -6.085313
v -6.733912 7.381427 -6.067838
v -6.550293 7.385659 -6.085313
v -6.550293 7.385659 -6.067838
v -6.535947 7.376463 -6.085313
v -6.535947 7.376463 -6.067838
v -6.536740 7.359440 -6.085313
v -6.536740 7.359440 -6.067838
v -6.551879 7.351616 -6.085313
v -6.551879 7.351616 -6.067838
v -6.566224 7.360812 -6.085313
v -6.566224 7.360812 -6.067838
v -6.565432 7.377835 -6.085313
v -6.565432 7.377835 -6.067838
v -6.502576 7.496500 -6.085313
v -6.502576 7.496500 -6.067838
v -6.485568 7.495432 -6.085313
v -6.485568 7.495432 -6.067838
v -6.477991 7.480166 -6.085313
v -6.477991 7.480166 -6.067838
v -6.487421 7.465974 -6.085313
v -6.487421 7.465974 -6.067838
v -6.504429 7.467042 -6.085313
v -6.504429 7.467042 -6.067838
v -6.512006 7.482305 -6.085313
v -6.512006 7.482305 -6.067838
v -6.535537 7.598065 -6.085313
v -6.535537 7.598065 -6.067838
v -6.525252 7.584476 -6.085313
v -6.525252 7.584476 -6.067838
v -6.531878 7.568774 -6.085313
v -6.531878 7.568774 -6.067838
v -6.548788 7.566662 -6.085313
v -6.548788 7.566662 -6.067838
v -6.559073 7.580251 -6.085313
v -6.559073 7.580251 -6.067838
v -6.552446 7.595953 -6.085313
v -6.552446 7.595953 -6.067838
v -5.958381 7.527446 -6.085313
v -5.958381 7.527446 -6.067838
v -5.968666 7.513857 -6.085313
v -5.968666 7.513857 -6.067838
v -5.962039 7.498156 -6.085313
v -5.962039 7.498156 -6.067838
v -5.945129 7.496044 -6.085313
v -5.945129 7.496044 -6.067838
v -5.934845 7.509633 -6.085313
v -5.934845 7.509633 -6.067838
v -5.941470 7.525334 -6.085313
v -5.941470 7.525334 -6.067838
v -6.040810 7.617395 -6.085313
v -6.040810 7.617395 -6.067838
v -6.046841 7.601456 -6.085313
v -6.046841 7.601456 -6.067838
v -6.036053 7.588265 -6.085313
v -6.036053 7.588265 -6.067838
v -6.019234 7.591012 -6.085313
v -6.019234 7.591012 -6.067838
v -6.013203 7.606949 -6.085313
v -6.013203 7.606949 -6.067838
v -6.023991 7.620143 -6.085313
v -6.023991 7.620143 -6.067838
v -5.986161 7.394159 -6.085313
v -5.986161 7.394159 -6.067838
v -6.002852 7.390719 -6.085313
v -6.002852 7.390719 -6.067838
v -6.008216 7.374543 -6.085313
v -6.008216 7.374543 -6.067838
v -5.996891 7.361811 -6.085313
v -5.996891 7.361811 -6.067838
v -5.980200 7.365253 -6.085313
v -5.980200 7.365253 -6.067838
v -5.974835 7.381427 -6.085313
v -5.974835 7.381427 -6.067838
v -6.158455 7.385659 -6.085313
v -6.158455 7.385659 -6.067838
v -6.172801 7.376463 -6.085313
v -6.172801 7.376463 -6.067838
v -6.172008 7.359440 -6.085313
v -6.172008 7.359440 -6.067838
v -6.156868 7.351616 -6.085313
v -6.156868 7.351616 -6.067838
v -6.142524 7.360812 -6.085313
v -6.142524 7.360812 -6.067838
v -6.143316 7.377835 -6.085313
v -6.143316 7.377835 -6.067838
v -6.206172 7.496500 -6.085313
v -6.206172 7.496500 -6.067838
v -6.223180 7.495432 -6.085313
v -6.223180 7.495432 -6.067838
v -6.230757 7.480166 -6.085313
v -6.230757 7.480166 -6.067838
v -6.221327 7.465974 -6.085313
v -6.221327 7.465974 -6.067838
v -6.204319 7.467042 -6.085313
v -6.204319 7.467042 -6.067838
v -6.196742 7.482305 -6.085313
v -6.196742 7.482305 -6.067838
v -6.173211 7.598065 -6.085313
v -6.173211 7.598065 -6.067838
v -6.183496 7.584476 -6.085313
v -6.183496 7.584476 -6.067838
v -6.176869 7.568774 -6.085313
v -6.176869 7.568774 -6.067838
v -6.159959 7.566662 -6.085313
v -6.159959 7.566662 -6.067838
v -6.149675 7.580251 -6.085313
v -6.149675 7.580251 -6.067838
v -6.156301 7.595953 -6.085313
v -6.156301 7.595953 -6.067838
v -6.651709 7.594954 -6.096585
v -6.628727 7.597219 -6.096585
v -6.673807 7.588252 -6.096585
v -6.694173 7.577367 -6.096585
v -6.712024 7.562716 -6.096585
v -6.726675 7.544865 -6.096585
v -6.737560 7.524498 -6.096585
v -6.744264 7.502402 -6.096585
v -6.746527 7.479419 -6.096585
v -6.744264 7.456438 -6.096585
v -6.737560 7.434339 -6.096585
v -6.726675 7.413972 -6.096585
v -6.712024 7.396124 -6.096585
v -6.694173 7.381473 -6.096585
v -6.673807 7.370588 -6.096585
v -6.651709 7.363883 -6.096585
v -6.628727 7.361621 -6.096585
v -6.605747 7.363883 -6.096585
v -6.583647 7.370588 -6.096585
v -6.563282 7.381473 -6.096585
v -6.545432 7.396124 -6.096585
v -6.530781 7.413972 -6.096585
v -6.519896 7.434339 -6.096585
v -6.513192 7.456438 -6.096585
v -6.510929 7.479419 -6.096585
v -6.513192 7.502402 -6.096585
v -6.519896 7.524498 -6.096585
v -6.530781 7.544865 -6.096585
v -6.545432 7.562716 -6.096585
v -6.563282 7.577367 -6.096585
v -6.583647 7.588252 -6.096585
v -6.605747 7.594954 -6.096585
v -6.057039 7.594954 -6.096585
v -6.080020 7.597219 -6.096585
v -6.034941 7.588252 -6.096585
v -6.014575 7.577367 -6.096585
v -5.996724 7.562716 -6.096585
v -5.982073 7.544865 -6.096585
v -5.971188 7.524498 -6.096585
v -5.964484 7.502402 -6.096585
v -5.962221 7.479419 -6.096585
v -5.964484 7.456438 -6.096585
v -5.971188 7.434339 -6.096585
v -5.982073 7.413972 -6.096585
v -5.996724 7.396124 -6.096585
v -6.014575 7.381473 -6.096585
v -6.034941 7.370588 -6.096585
v -6.057039 7.363883 -6.096585
v -6.080020 7.361621 -6.096585
v -6.103001 7.363883 -6.096585
v -6.125100 7.370588 -6.096585
v -6.145465 7.381473 -6.096585
v -6.163316 7.396124 -6.096585
v -6.177967 7.413972 -6.096585
v -6.188852 7.434339 -6.096585
v -6.195556 7.456438 -6.096585
v -6.197819 7.479419 -6.096585
v -6.195556 7.502402 -6.096585
v -6.188852 7.524498 -6.096585
v -6.177967 7.544865 -6.096585
v -6.163316 7.562716 -6.096585
v -6.145465 7.577367 -6.096585
v -6.125100 7.588252 -6.096585
v -6.103001 7.594954 -6.096585
vn -0.4709 0.0407 0.8812
vn -0.4709 0.0408 0.8812
vn -0.6073 0.3704 0.7028
vn -0.6961 0.0905 0.7122
vn 0.4709 0.0407 0.8812
vn 0.4709 0.0408 0.8812
vn 0.4623 0.0411 0.8858
vn 0.4639 0.0411 0.8849
vn -0.0000 1.0000 -0.0000
vn 0.9834 0.1815 -0.0000
vn 0.8617 0.4487 0.2367
vn 0.9521 0.1618 0.2593
vn -0.0000 -1.0000 -0.0000
vn -0.4442 0.0411 0.8950
vn -0.4421 0.0411 0.8960
vn -0.4623 0.0411 0.8858
vn -0.4639 0.0411 0.8849
vn -0.9834 0.1815 -0.0000
vn -0.4154 0.0416 0.9087
vn -0.4130 0.0417 0.9098
vn -0.3766 0.0423 0.9254
vn -0.3740 0.0424 0.9265
vn -0.3266 0.0431 0.9442
vn -0.3240 0.0432 0.9451
vn -0.2644 0.0439 0.9634
vn -0.2621 0.0440 0.9640
vn -0.1889 0.0447 0.9810
vn -0.1872 0.0447 0.9813
vn -0.1000 0.0452 0.9940
vn -0.0990 0.0452 0.9941
vn -0.0000 0.0454 0.9990
vn 0.1000 0.0452 0.9940
vn 0.0990 0.0452 0.9941
vn 0.1889 0.0447 0.9810
vn 0.1872 0.0447 0.9813
vn 0.2644 0.0439 0.9634
vn 0.2621 0.0440 0.9640
vn 0.3266 0.0431 0.9442
vn 0.3240 0.0432 0.9451
vn 0.3766 0.0423 0.9254
vn 0.3739 0.0424 0.9265
vn 0.4154 0.0417 0.9087
vn 0.4129 0.0417 0.9098
vn 0.4442 0.0411 0.8950
vn 0.4421 0.0411 0.8960
vn -0.6783 -0.6122 0.4064
vn -0.4990 -0.5942 0.6308
vn -0.7892 -0.5894 0.1726
vn -0.5686 0.7207 0.3965
vn -0.8618 0.4487 0.2367
vn 0.6783 -0.6122 0.4064
vn 0.7892 -0.5894 0.1725
vn 0.4989 -0.5942 0.6308
vn 0.5686 0.7208 0.3965
vn 0.6073 0.3704 0.7028
vn -0.7686 -0.6397 -0.0000
vn -0.9521 0.1618 0.2593
vn -0.6396 0.7687 -0.0000
vn 0.7686 -0.6397 -0.0000
vn 0.6396 0.7687 -0.0000
vn 0.6961 0.0905 0.7122
vn 0.3622 -0.6440 0.6739
vn 0.3623 -0.6438 0.6740
vn -0.3451 0.6775 0.6495
vn -0.3451 0.6776 0.6494
vn -0.3622 -0.6440 0.6739
vn -0.3582 -0.6443 0.6757
vn -0.3548 -0.6449 0.6769
vn -0.3623 -0.6438 0.6740
vn -0.3437 -0.6466 0.6810
vn -0.3389 -0.6469 0.6832
vn -0.3220 -0.6493 0.6891
vn -0.3156 -0.6500 0.6913
vn -0.2921 -0.6526 0.6991
vn -0.2847 -0.6534 0.7015
vn -0.2535 -0.6565 0.7105
vn -0.2455 -0.6573 0.7125
vn -0.2052 -0.6608 0.7220
vn -0.1975 -0.6614 0.7236
vn -0.1467 -0.6650 0.7323
vn -0.1403 -0.6653 0.7332
vn -0.0777 -0.6683 0.7398
vn -0.0738 -0.6684 0.7401
vn -0.0000 -0.6696 0.7427
vn 0.0777 -0.6683 0.7399
vn 0.0738 -0.6684 0.7401
vn 0.1467 -0.6650 0.7323
vn 0.1403 -0.6653 0.7332
vn 0.2052 -0.6608 0.7220
vn 0.1975 -0.6614 0.7236
vn 0.2535 -0.6565 0.7105
vn 0.2455 -0.6572 0.7126
vn 0.2921 -0.6526 0.6991
vn 0.2847 -0.6534 0.7015
vn 0.3219 -0.6493 0.6891
vn 0.3155 -0.6500 0.6913
vn 0.3437 -0.6466 0.6810
vn 0.3387 -0.6473 0.6829
vn 0.3582 -0.6443 0.6757
vn 0.3548 -0.6450 0.6769
vn 0.3451 0.6775 0.6495
vn 0.3394 0.6786 0.6514
vn 0.3377 0.6789 0.6520
vn 0.3451 0.6776 0.6495
vn 0.3236 0.6810 0.6569
vn 0.3210 0.6814 0.6578
vn 0.3012 0.6840 0.6644
vn 0.2978 0.6844 0.6655
vn 0.2717 0.6875 0.6735
vn 0.2676 0.6879 0.6747
vn 0.2344 0.6914 0.6834
vn 0.2299 0.6918 0.6845
vn 0.1887 0.6955 0.6933
vn 0.1843 0.6958 0.6941
vn 0.1343 0.6993 0.7021
vn 0.1305 0.6996 0.7026
vn 0.0708 0.7024 0.7083
vn 0.0685 0.7025 0.7084
vn -0.0000 0.7036 0.7106
vn -0.0708 0.7024 0.7083
vn -0.0685 0.7024 0.7084
vn -0.1343 0.6993 0.7021
vn -0.1305 0.6995 0.7026
vn -0.1887 0.6955 0.6933
vn -0.1843 0.6958 0.6942
vn -0.2344 0.6914 0.6834
vn -0.2299 0.6919 0.6845
vn -0.2717 0.6875 0.6734
vn -0.2675 0.6880 0.6746
vn -0.3012 0.6840 0.6644
vn -0.2978 0.6844 0.6655
vn -0.3236 0.6810 0.6569
vn -0.3210 0.6814 0.6578
vn -0.3395 0.6786 0.6514
vn -0.3377 0.6789 0.6520
vn 0.9969 0.0784 -0.0000
vn -0.0000 0.0467 0.9989
vn -0.0000 0.0467 -0.9989
vn 0.5676 -0.5250 0.6342
vn 0.4888 0.5288 0.6939
vn 0.5784 0.2945 0.7607
vn 0.5896 0.2535 0.7669
vn 0.5675 -0.5247 -0.6345
vn 0.4888 0.5287 -0.6940
vn 0.5895 0.2535 -0.7670
vn 0.5784 0.2944 -0.7608
vn -0.0000 -0.6689 -0.7434
vn -0.0000 0.5782 -0.8159
vn 0.6234 0.0838 -0.7774
vn 0.7343 -0.6788 -0.0000
vn 0.6789 0.7343 -0.0000
vn 0.6234 0.0838 0.7774
vn -0.0000 -0.6690 0.7433
vn -0.0000 0.5783 0.8159
vn -0.9969 0.0784 -0.0000
vn -0.5676 -0.5246 0.6345
vn -0.4888 0.5288 0.6939
vn -0.5896 0.2535 0.7669
vn -0.5784 0.2945 0.7607
vn -0.5675 -0.5247 -0.6345
vn -0.4885 0.5285 -0.6943
vn -0.5782 0.2942 -0.7610
vn -0.5895 0.2535 -0.7670
vn -0.0000 -0.6692 -0.7431
vn -0.6234 0.0838 -0.7774
vn -0.7343 -0.6788 -0.0000
vn -0.6789 0.7343 -0.0000
vn -0.6234 0.0838 0.7774
vn -0.0000 0.2230 0.9748
vn 0.9916 0.1297 -0.0000
vn -0.9916 0.1297 -0.0000
vn -0.6318 -0.3885 0.6708
vn 0.6320 -0.3880 0.6708
vn -0.7495 -0.6620 -0.0000
vn -0.6562 0.2478 0.7127
vn 0.7495 -0.6621 -0.0000
vn 0.6562 0.2478 0.7127
vn -0.0000 -0.5748 0.8183
vn 0.1794 0.0778 -0.9807
vn 0.1795 0.0778 -0.9807
vn 0.3551 0.0790 -0.9315
vn 0.3549 0.0790 -0.9316
vn -0.1794 0.0778 -0.9807
vn -0.1795 0.0778 -0.9807
vn -0.0000 0.0774 -0.9970
vn 0.5219 0.0809 -0.8492
vn 0.5221 0.0809 -0.8490
vn 0.6748 0.0833 -0.7333
vn 0.6746 0.0833 -0.7334
vn 0.8062 0.0857 -0.5853
vn 0.8061 0.0857 -0.5855
vn 0.9084 0.0878 -0.4088
vn 0.9083 0.0878 -0.4090
vn 0.9735 0.0893 -0.2104
vn 0.9735 0.0893 -0.2105
vn 0.9960 0.0898 -0.0000
vn 0.9735 0.0893 0.2104
vn 0.9735 0.0893 0.2105
vn 0.9084 0.0878 0.4088
vn 0.9083 0.0878 0.4090
vn 0.8063 0.0857 0.5853
vn 0.8061 0.0857 0.5855
vn 0.6748 0.0833 0.7333
vn 0.6746 0.0833 0.7334
vn 0.5221 0.0809 0.8490
vn 0.5219 0.0809 0.8492
vn 0.3551 0.0791 0.9315
vn 0.3549 0.0791 0.9316
vn 0.2675 0.0779 0.9604
vn 0.2680 0.0779 0.9603
vn 0.1795 0.0778 0.9807
vn 0.1794 0.0778 0.9807
vn -0.0000 0.0774 0.9970
vn -0.1795 0.0778 0.9807
vn -0.1794 0.0778 0.9807
vn -0.2675 0.0779 0.9604
vn -0.2680 0.0779 0.9603
vn -0.3551 0.0791 0.9315
vn -0.3549 0.0791 0.9316
vn -0.5221 0.0809 0.8490
vn -0.5219 0.0809 0.8492
vn -0.6748 0.0833 0.7333
vn -0.6746 0.0833 0.7334
vn -0.8063 0.0857 0.5853
vn -0.8061 0.0857 0.5855
vn -0.9084 0.0878 0.4088
vn -0.9083 0.0878 0.4090
vn -0.9735 0.0893 0.2104
vn -0.9735 0.0893 0.2105
vn -0.9960 0.0898 -0.0000
vn -0.9735 0.0893 -0.2104
vn -0.9735 0.0893 -0.2105
vn -0.9084 0.0878 -0.4088
vn -0.9083 0.0878 -0.4090
vn -0.8063 0.0857 -0.5853
vn -0.8061 0.0857 -0.5855
vn -0.6748 0.0833 -0.7333
vn -0.6746 0.0833 -0.7334
vn -0.5221 0.0809 -0.8490
vn -0.5219 0.0809 -0.8492
vn -0.3551 0.0790 -0.9315
vn -0.3549 0.0790 -0.9316
vn -0.6778 -0.0000 0.7352
vn -0.5245 -0.0000 0.8514
vn -0.0000 -0.0000 1.0000
vn 0.1804 -0.0000 0.9836
vn -0.3567 -0.0000 0.9342
vn -0.8097 -0.0000 0.5868
vn -0.9122 -0.0000 0.4098
vn -0.9775 -0.0000 0.2109
vn -1.0000 -0.0000 -0.0000
vn -0.9775 -0.0000 -0.2109
vn -0.9122 -0.0000 -0.4098
vn -0.8097 -0.0000 -0.5868
vn -0.6778 -0.0000 -0.7352
vn -0.5245 -0.0000 -0.8514
vn -0.3567 -0.0000 -0.9342
vn -0.2689 -0.0000 -0.9632
vn -0.0000 -0.0000 -1.0000
vn -0.1803 -0.0000 -0.9836
vn 0.1803 -0.0000 -0.9836
vn 0.2689 -0.0000 -0.9632
vn 0.5245 -0.0000 -0.8514
vn 0.3567 -0.0000 -0.9342
vn 0.6778 -0.0000 -0.7352
vn 0.8097 -0.0000 -0.5868
vn 0.9122 -0.0000 -0.4098
vn 0.9775 -0.0000 -0.2109
vn 1.0000 -0.0000 -0.0000
vn 0.9775 -0.0000 0.2109
vn 0.9122 -0.0000 0.4098
vn 0.8097 -0.0000 0.5868
vn 0.6778 -0.0000 0.7352
vn 0.5245 -0.0000 0.8514
vn 0.3567 -0.0000 0.9342
vn -0.1804 -0.0000 0.9836
vn 0.1293 0.7034 -0.6989
vn -0.0000 0.7020 -0.7122
vn 0.1269 0.7033 -0.6994
vn 0.2541 0.7074 -0.6595
vn 0.2499 0.7073 -0.6613
vn 0.3698 0.7135 -0.5951
vn 0.3649 0.7132 -0.5985
vn 0.4721 0.7207 -0.5076
vn 0.4675 0.7204 -0.5123
vn 0.5568 0.7279 -0.4000
vn 0.5535 0.7276 -0.4052
vn 0.6204 0.7341 -0.2763
vn 0.6186 0.7339 -0.2808
vn 0.6597 0.7382 -0.1411
vn 0.6592 0.7381 -0.1437
vn 0.6730 0.7396 -0.0000
vn 0.6597 0.7382 0.1411
vn 0.6592 0.7381 0.1437
vn 0.6204 0.7341 0.2762
vn 0.6185 0.7339 0.2808
vn 0.5568 0.7280 0.4000
vn 0.5535 0.7276 0.4052
vn 0.4721 0.7207 0.5076
vn 0.4675 0.7204 0.5123
vn 0.3698 0.7135 0.5951
vn 0.3649 0.7132 0.5985
vn 0.2540 0.7075 0.6595
vn 0.2499 0.7073 0.6613
vn 0.1912 0.7033 0.6847
vn -0.0000 0.7020 0.7122
vn 0.1293 0.7034 0.6990
vn 0.1269 0.7033 0.6995
vn -0.1293 0.7034 0.6990
vn -0.1269 0.7033 0.6995
vn -0.1912 0.7033 0.6847
vn -0.3698 0.7135 0.5951
vn -0.2541 0.7075 0.6595
vn -0.2499 0.7073 0.6613
vn -0.3649 0.7132 0.5985
vn -0.4721 0.7207 0.5076
vn -0.4675 0.7204 0.5123
vn -0.5568 0.7280 0.4000
vn -0.5535 0.7276 0.4052
vn -0.6204 0.7341 0.2762
vn -0.6185 0.7339 0.2808
vn -0.6597 0.7382 0.1411
vn -0.6592 0.7381 0.1437
vn -0.6730 0.7396 -0.0000
vn -0.6597 0.7382 -0.1411
vn -0.6592 0.7381 -0.1437
vn -0.6204 0.7341 -0.2762
vn -0.6185 0.7339 -0.2808
vn -0.5568 0.7280 -0.4000
vn -0.5535 0.7276 -0.4052
vn -0.4721 0.7207 -0.5076
vn -0.4675 0.7204 -0.5123
vn -0.3698 0.7135 -0.5951
vn -0.3649 0.7132 -0.5985
vn -0.2541 0.7074 -0.6595
vn -0.2499 0.7073 -0.6613
vn -0.1293 0.7034 -0.6989
vn -0.1269 0.7033 -0.6994
vn -0.1346 0.6723 0.7280
vn -0.0000 0.6709 0.7416
vn -0.1323 0.6722 0.7284
vn -0.2647 0.6763 0.6874
vn -0.2606 0.6761 0.6891
vn -0.3857 0.6824 0.6209
vn -0.3808 0.6821 0.6242
vn -0.4931 0.6896 0.5304
vn -0.4885 0.6893 0.5350
vn -0.5824 0.6969 0.4185
vn -0.5790 0.6966 0.4237
vn -0.6495 0.7031 0.2893
vn -0.6477 0.7029 0.2938
vn -0.6913 0.7073 0.1479
vn -0.6908 0.7072 0.1505
vn -0.7054 0.7088 -0.0000
vn -0.6913 0.7073 -0.1479
vn -0.6908 0.7073 -0.1505
vn -0.6495 0.7031 -0.2893
vn -0.6477 0.7030 -0.2938
vn -0.5824 0.6969 -0.4185
vn -0.5790 0.6966 -0.4237
vn -0.4931 0.6896 -0.5304
vn -0.4885 0.6893 -0.5350
vn -0.3856 0.6822 -0.6212
vn -0.3808 0.6821 -0.6242
vn -0.2647 0.6763 -0.6874
vn -0.2606 0.6761 -0.6891
vn -0.1991 0.6721 -0.7132
vn -0.0000 0.6709 -0.7416
vn -0.1346 0.6723 -0.7280
vn -0.1323 0.6722 -0.7284
vn 0.1346 0.6723 -0.7280
vn 0.1323 0.6722 -0.7284
vn 0.1991 0.6721 -0.7132
vn 0.3857 0.6824 -0.6209
vn 0.2647 0.6763 -0.6874
vn 0.2606 0.6761 -0.6891
vn 0.3808 0.6821 -0.6242
vn 0.4931 0.6896 -0.5303
vn 0.4885 0.6893 -0.5350
vn 0.5824 0.6969 -0.4185
vn 0.5790 0.6966 -0.4237
vn 0.6495 0.7031 -0.2893
vn 0.6477 0.7029 -0.2938
vn 0.6913 0.7073 -0.1479
vn 0.6908 0.7072 -0.1505
vn 0.7054 0.7088 -0.0000
vn 0.6913 0.7073 0.1479
vn 0.6908 0.7073 0.1505
vn 0.6495 0.7031 0.2894
vn 0.6477 0.7030 0.2938
vn 0.5824 0.6969 0.4185
vn 0.5790 0.6966 0.4237
vn 0.4931 0.6896 0.5304
vn 0.4885 0.6893 0.5350
vn 0.3857 0.6824 0.6209
vn 0.3808 0.6821 0.6242
vn 0.2647 0.6763 0.6874
vn 0.2606 0.6761 0.6891
vn 0.1346 0.6723 0.7280
vn 0.1323 0.6722 0.7284
vn 0.3430 0.0414 0.9384
vn 0.2546 0.0884 0.9630
vn 0.2634 -0.0030 0.9647
vn 0.3515 -0.0015 0.9362
vn -0.0000 0.9837 0.1797
vn 0.0360 0.9838 0.1757
vn -0.0046 0.9987 -0.0512
vn -0.0000 0.9988 -0.0483
vn -0.0434 0.9887 0.1433
vn -0.0360 0.9838 0.1757
vn 0.0046 0.9987 -0.0512
vn 0.0071 0.9985 -0.0541
vn 0.9903 -0.0194 0.1377
vn 0.9877 -0.0175 0.1553
vn 0.9994 -0.0330 -0.0123
vn 0.9994 -0.0328 -0.0077
vn -0.0000 0.0390 -0.9992
vn 0.1762 0.0390 -0.9836
vn 0.1765 -0.0000 -0.9843
vn -0.1762 0.0390 -0.9836
vn -0.1765 -0.0000 -0.9843
vn 0.3500 0.0394 -0.9359
vn 0.3499 -0.0000 -0.9368
vn 0.5161 0.0404 -0.8556
vn 0.5161 -0.0000 -0.8565
vn 0.6696 0.0415 -0.7416
vn 0.6697 -0.0000 -0.7426
vn 0.8031 0.0427 -0.5943
vn 0.8035 -0.0000 -0.5953
vn 0.9081 0.0438 -0.4165
vn 0.9088 -0.0000 -0.4173
vn 0.9756 0.0446 -0.2149
vn 0.9765 -0.0000 -0.2153
vn 0.9990 0.0448 -0.0000
vn 0.9756 0.0446 0.2149
vn 0.9765 -0.0000 0.2153
vn 0.9081 0.0438 0.4165
vn 0.9088 -0.0000 0.4173
vn 0.8031 0.0427 0.5943
vn 0.8035 -0.0000 0.5953
vn 0.6696 0.0415 0.7416
vn 0.6697 -0.0000 0.7426
vn 0.5161 0.0404 0.8556
vn 0.5161 -0.0000 0.8565
vn -0.0000 0.1805 0.9836
vn -0.1702 0.1820 0.9685
vn -0.1750 -0.0015 0.9846
vn -0.2546 0.0884 0.9630
vn -0.2634 -0.0030 0.9647
vn -0.3430 0.0414 0.9384
vn -0.5161 0.0404 0.8556
vn -0.5161 -0.0000 0.8565
vn -0.3515 -0.0015 0.9362
vn -0.6696 0.0415 0.7416
vn -0.6697 -0.0000 0.7426
vn -0.8031 0.0427 0.5943
vn -0.8035 -0.0000 0.5953
vn -0.9081 0.0438 0.4165
vn -0.9088 -0.0000 0.4173
vn -0.9756 0.0446 0.2149
vn -0.9765 -0.0000 0.2153
vn -0.9990 0.0448 -0.0000
vn -0.9756 0.0446 -0.2149
vn -0.9765 -0.0000 -0.2153
vn -0.9081 0.0438 -0.4165
vn -0.9088 -0.0000 -0.4173
vn -0.8031 0.0427 -0.5943
vn -0.8035 -0.0000 -0.5953
vn -0.6696 0.0415 -0.7416
vn -0.6697 -0.0000 -0.7426
vn -0.5161 0.0404 -0.8556
vn -0.5161 -0.0000 -0.8565
vn -0.3500 0.0394 -0.9359
vn -0.3499 -0.0000 -0.9368
vn -0.0000 0.0763 -0.9971
vn -0.0000 0.0758 -0.9971
vn 0.1762 0.0770 -0.9813
vn 0.1742 0.0772 -0.9817
vn 0.3502 0.0790 -0.9334
vn 0.3507 0.0790 -0.9331
vn 0.5168 0.0809 -0.8523
vn 0.5161 0.0809 -0.8527
vn -0.3501 0.0790 -0.9334
vn -0.3507 0.0790 -0.9331
vn -0.1762 0.0770 -0.9813
vn -0.1742 0.0772 -0.9817
vn -0.5161 0.0809 -0.8527
vn -0.5168 0.0809 -0.8523
vn -0.6690 0.0832 -0.7386
vn -0.6697 0.0832 -0.7379
vn -0.8018 0.0856 -0.5914
vn -0.8023 0.0856 -0.5907
vn -0.9059 0.0878 -0.4142
vn -0.9062 0.0878 -0.4136
vn -0.9728 0.0893 -0.2136
vn -0.9729 0.0893 -0.2132
vn -0.9960 0.0899 -0.0000
vn -0.9728 0.0893 0.2136
vn -0.9729 0.0893 0.2132
vn -0.9059 0.0878 0.4142
vn -0.9062 0.0878 0.4136
vn -0.8018 0.0856 0.5914
vn -0.8023 0.0856 0.5907
vn -0.6690 0.0832 0.7386
vn -0.6697 0.0832 0.7379
vn -0.5161 0.0809 0.8527
vn -0.5168 0.0809 0.8523
vn -0.3236 0.0752 0.9432
vn -0.3508 0.0790 0.9331
vn -0.0490 0.0385 0.9981
vn -0.2032 0.0706 0.9766
vn -0.2287 0.0677 0.9711
vn -0.3168 0.0784 0.9453
vn -0.0000 -0.9566 0.2914
vn 0.0492 -0.9559 0.2896
vn 0.0831 -0.9936 0.0764
vn -0.0000 -0.9972 0.0749
vn -0.0492 -0.9559 0.2896
vn -0.0831 -0.9936 0.0764
vn 0.3168 0.0784 0.9453
vn 0.3236 0.0752 0.9432
vn 0.2287 0.0677 0.9711
vn 0.2032 0.0706 0.9766
vn 0.0490 0.0385 0.9981
vn 0.5161 0.0809 0.8527
vn 0.5168 0.0809 0.8523
vn 0.3508 0.0790 0.9331
vn 0.6690 0.0832 0.7386
vn 0.6697 0.0832 0.7379
vn 0.8018 0.0856 0.5914
vn 0.8023 0.0856 0.5907
vn 0.9059 0.0878 0.4142
vn 0.9062 0.0878 0.4136
vn 0.9728 0.0893 0.2136
vn 0.9729 0.0893 0.2132
vn 0.9960 0.0899 -0.0000
vn 0.9728 0.0893 -0.2136
vn 0.9729 0.0893 -0.2132
vn 0.9059 0.0878 -0.4142
vn 0.9062 0.0878 -0.4136
vn 0.8018 0.0856 -0.5914
vn 0.8023 0.0856 -0.5907
vn 0.6690 0.0832 -0.7386
vn 0.6697 0.0832 -0.7379
vn 0.1786 0.0778 -0.9808
vn 0.3535 0.0790 -0.9321
vn 0.5201 0.0809 -0.8502
vn -0.3535 0.0790 -0.9321
vn -0.1786 0.0778 -0.9808
vn -0.5201 0.0809 -0.8502
vn -0.6729 0.0833 -0.7350
vn -0.8048 0.0857 -0.5873
vn -0.9076 0.0878 -0.4106
vn -0.9733 0.0893 -0.2114
vn -0.9733 0.0893 0.2114
vn -0.9076 0.0878 0.4106
vn -0.8048 0.0857 0.5873
vn -0.6729 0.0833 0.7350
vn -0.5201 0.0809 0.8502
vn -0.3535 0.0791 0.9321
vn -0.2664 0.0779 0.9607
vn -0.1786 0.0777 0.9808
vn 0.1786 0.0777 0.9808
vn 0.2664 0.0779 0.9607
vn 0.5201 0.0809 0.8502
vn 0.3535 0.0791 0.9321
vn 0.6729 0.0833 0.7350
vn 0.8048 0.0857 0.5873
vn 0.9076 0.0878 0.4106
vn 0.9733 0.0893 0.2114
vn 0.9733 0.0893 -0.2114
vn 0.9076 0.0878 -0.4106
vn 0.8048 0.0857 -0.5873
vn 0.6729 0.0833 -0.7350
vn 0.1777 0.0778 -0.9810
vn 0.3519 0.0790 -0.9327
vn -0.1777 0.0778 -0.9810
vn -0.0000 0.0773 -0.9970
vn 0.5182 0.0809 -0.8514
vn 0.6711 0.0832 -0.7367
vn 0.8034 0.0857 -0.5893
vn 0.9068 0.0878 -0.4123
vn 0.9731 0.0893 -0.2125
vn 0.9731 0.0893 0.2125
vn 0.9068 0.0878 0.4123
vn 0.8034 0.0857 0.5893
vn 0.6711 0.0832 0.7367
vn 0.5182 0.0809 0.8514
vn 0.3519 0.0790 0.9327
vn 0.2203 0.0743 0.9726
vn 0.2468 0.0759 0.9661
vn 0.1615 0.0754 0.9840
vn 0.1302 0.0726 0.9888
vn -0.0000 0.0773 0.9970
vn -0.0000 0.0745 0.9972
vn -0.1615 0.0754 0.9840
vn -0.1302 0.0726 0.9888
vn -0.2203 0.0743 0.9726
vn -0.2467 0.0759 0.9661
vn -0.3519 0.0790 0.9327
vn -0.5182 0.0809 0.8514
vn -0.6711 0.0832 0.7367
vn -0.8034 0.0857 0.5893
vn -0.9068 0.0878 0.4123
vn -0.9731 0.0893 0.2125
vn -0.9731 0.0893 -0.2125
vn -0.9068 0.0878 -0.4123
vn -0.8034 0.0857 -0.5893
vn -0.6711 0.0832 -0.7367
vn -0.5182 0.0809 -0.8514
vn -0.3519 0.0790 -0.9327
vn 0.1737 0.0781 -0.9817
vn 0.3498 0.0790 -0.9335
vn -0.1737 0.0781 -0.9817
vn -0.0000 0.0780 -0.9970
vn 0.5156 0.0809 -0.8530
vn 0.6686 0.0832 -0.7390
vn 0.8015 0.0856 -0.5919
vn 0.9058 0.0878 -0.4146
vn 0.9728 0.0893 -0.2138
vn 0.9728 0.0893 0.2138
vn 0.9058 0.0878 0.4146
vn 0.8015 0.0856 0.5919
vn 0.6686 0.0832 0.7390
vn 0.5156 0.0809 0.8530
vn 0.1745 0.0638 0.9826
vn 0.2111 0.0711 0.9749
vn 0.1256 0.0709 0.9896
vn -0.0000 0.0716 0.9974
vn 0.1904 -0.9367 0.2937
vn 0.2416 -0.9671 0.0794
vn -0.5156 0.0809 0.8530
vn -0.6686 0.0832 0.7390
vn -0.8015 0.0856 0.5919
vn -0.9058 0.0878 0.4146
vn -0.9728 0.0893 0.2138
vn -0.9728 0.0893 -0.2138
vn -0.9058 0.0878 -0.4146
vn -0.8015 0.0856 -0.5919
vn -0.6686 0.0832 -0.7390
vn -0.5156 0.0809 -0.8530
vn -0.3498 0.0790 -0.9335
vn -0.1904 -0.9367 0.2937
vn -0.2416 -0.9671 0.0794
vn -0.1256 0.0708 0.9896
vn -0.1033 -0.0693 0.9922
vn -0.1257 -0.0972 0.9873
vn -0.1745 0.0638 0.9826
vn 0.1702 0.1820 0.9685
vn 0.1750 -0.0015 0.9846
vn -0.9903 -0.0193 0.1374
vn -0.9860 -0.0504 0.1587
vn -0.9970 -0.0770 0.0050
vn -0.9994 -0.0328 -0.0077
vn -0.2111 0.0711 0.9749
vn 0.9860 -0.0504 0.1587
vn 0.9970 -0.0770 0.0050
vn 0.9544 -0.2969 0.0312
vn 0.9093 -0.3080 0.2798
vn -0.4984 -0.8634 0.0781
vn -0.4497 -0.8395 0.3051
vn -0.7841 -0.6176 0.0614
vn -0.7395 -0.6091 0.2865
vn -0.8774 -0.4771 0.0498
vn -0.8436 -0.4650 0.2685
vn -0.9093 -0.3080 0.2798
vn -0.9544 -0.2969 0.0312
vn 0.4498 -0.8395 0.3048
vn 0.4984 -0.8634 0.0781
vn 0.7395 -0.6091 0.2865
vn 0.7841 -0.6176 0.0614
vn 0.0338 -0.0240 0.9991
vn 0.0736 0.0105 0.9972
vn 0.8436 -0.4650 0.2685
vn 0.8774 -0.4771 0.0498
vn 0.0434 0.9887 0.1433
vn 0.0630 0.9261 0.3721
vn 0.1001 0.9250 0.3665
vn 0.2422 0.3660 0.8985
vn 0.1662 0.3630 0.9168
vn -0.0000 0.9265 0.3764
vn -0.0000 0.3584 0.9336
vn -0.0630 0.9261 0.3721
vn -0.1662 0.3630 0.9168
vn 0.1135 -0.1022 0.9883
vn -0.0000 -0.1100 0.9939
vn -0.0000 -0.2906 0.9568
vn 0.0945 -0.2914 0.9519
vn -0.0113 -0.8798 0.4752
vn -0.0000 -0.8803 0.4744
vn -0.1135 -0.1022 0.9883
vn -0.0945 -0.2913 0.9519
vn 0.0113 -0.8798 0.4752
vn -0.1001 0.9250 0.3665
vn -0.2421 0.3660 0.8985
vn 0.8249 -0.2547 0.5046
vn 0.8681 -0.0857 0.4889
vn 0.4521 0.0550 0.8903
vn 0.1539 -0.0784 0.9850
vn -0.0736 0.0105 0.9972
vn 0.6556 -0.5734 0.4913
vn 0.7684 -0.4301 0.4740
vn 0.1796 -0.1210 0.9763
vn 0.1250 -0.1628 0.9787
vn -0.0570 -0.0215 0.9981
vn -0.0338 -0.0240 0.9991
vn 0.3596 -0.7822 0.5087
vn 0.0153 -0.2341 0.9721
vn 0.1446 -0.8584 0.4923
vn -0.0854 -0.2809 0.9559
vn -0.3596 -0.7822 0.5087
vn -0.1445 -0.8586 0.4918
vn 0.0853 -0.2812 0.9559
vn -0.0153 -0.2341 0.9721
vn 0.1033 -0.0693 0.9922
vn 0.1257 -0.0972 0.9873
vn -0.6556 -0.5734 0.4913
vn -0.1250 -0.1628 0.9787
vn 0.0570 -0.0215 0.9981
vn -0.8249 -0.2547 0.5046
vn -0.7683 -0.4301 0.4740
vn -0.1796 -0.1210 0.9763
vn -0.1539 -0.0784 0.9850
vn -0.8681 -0.0857 0.4889
vn -0.4518 0.0550 0.8904
vn 0.9599 -0.0053 0.2801
vn 0.3649 0.0665 0.9287
vn 0.4669 0.0596 0.8823
vn -0.9877 -0.0174 0.1553
vn -0.9603 -0.0054 0.2791
vn -0.9599 -0.0053 0.2801
vn -0.3649 0.0665 0.9287
vn -0.3560 0.0670 0.9321
vn -0.4666 0.0596 0.8824
vn -0.0071 0.9985 -0.0541
vn 0.1747 0.0781 -0.9815
vn 0.3494 0.0790 -0.9337
vn 0.5151 0.0809 -0.8533
vn -0.3494 0.0790 -0.9337
vn -0.1747 0.0781 -0.9815
vn -0.5151 0.0809 -0.8533
vn -0.6681 0.0832 -0.7394
vn -0.8011 0.0856 -0.5924
vn -0.9055 0.0878 -0.4151
vn -0.9727 0.0893 -0.2141
vn -0.9727 0.0893 0.2141
vn -0.9055 0.0878 0.4151
vn -0.8011 0.0856 0.5924
vn -0.6681 0.0832 0.7394
vn -0.5151 0.0809 0.8533
vn -0.3247 0.0812 0.9423
vn 0.5151 0.0809 0.8533
vn 0.3247 0.0812 0.9423
vn 0.6681 0.0832 0.7394
vn 0.8011 0.0856 0.5924
vn 0.9055 0.0878 0.4151
vn 0.9727 0.0893 0.2141
vn 0.9727 0.0893 -0.2141
vn 0.9055 0.0878 -0.4151
vn 0.8011 0.0856 -0.5924
vn 0.6681 0.0832 -0.7394
vn 0.3560 0.0671 0.9321
vn 0.9603 -0.0054 0.2791
vn -0.9994 -0.0330 -0.0123
vn 0.2129 0.0819 0.9736
vn -0.2129 0.0819 0.9736
vn -0.0000 -0.6708 -0.7416
vn 0.1318 -0.6722 -0.7285
vn 0.1295 -0.6722 -0.7290
vn 0.2597 -0.6761 -0.6895
vn 0.2556 -0.6757 -0.6914
vn 0.3797 -0.6821 -0.6250
vn 0.3749 -0.6818 -0.6282
vn 0.4875 -0.6892 -0.5360
vn 0.4829 -0.6889 -0.5406
vn 0.5782 -0.6966 -0.4247
vn 0.5747 -0.6963 -0.4299
vn 0.6473 -0.7030 -0.2947
vn 0.6454 -0.7028 -0.2993
vn 0.6906 -0.7073 -0.1510
vn 0.6900 -0.7073 -0.1537
vn 0.7053 -0.7089 -0.0000
vn 0.6906 -0.7073 0.1510
vn 0.6900 -0.7073 0.1537
vn 0.6473 -0.7030 0.2947
vn 0.6454 -0.7028 0.2993
vn 0.5782 -0.6966 0.4247
vn 0.5747 -0.6963 0.4299
vn 0.4875 -0.6892 0.5360
vn 0.4829 -0.6889 0.5406
vn 0.3797 -0.6821 0.6250
vn 0.3749 -0.6818 0.6282
vn 0.2597 -0.6767 0.6889
vn 0.2558 -0.6764 0.6907
vn 0.1948 -0.6733 0.7133
vn 0.1314 -0.6728 0.7281
vn 0.1291 -0.6727 0.7285
vn 0.1947 -0.6733 0.7133
vn -0.0000 -0.6708 0.7416
vn -0.1314 -0.6728 0.7281
vn -0.1291 -0.6727 0.7285
vn -0.1948 -0.6733 0.7133
vn -0.2598 -0.6764 0.6892
vn -0.2558 -0.6766 0.6905
vn -0.1947 -0.6733 0.7133
vn -0.3797 -0.6821 0.6250
vn -0.3749 -0.6818 0.6282
vn -0.4875 -0.6892 0.5360
vn -0.4829 -0.6889 0.5406
vn -0.5782 -0.6966 0.4247
vn -0.5747 -0.6963 0.4299
vn -0.6473 -0.7030 0.2947
vn -0.6454 -0.7028 0.2993
vn -0.6906 -0.7073 0.1510
vn -0.6900 -0.7073 0.1537
vn -0.7053 -0.7089 -0.0000
vn -0.6906 -0.7073 -0.1510
vn -0.6900 -0.7073 -0.1537
vn -0.6473 -0.7030 -0.2947
vn -0.6454 -0.7028 -0.2993
vn -0.5782 -0.6966 -0.4247
vn -0.5747 -0.6963 -0.4299
vn -0.4875 -0.6892 -0.5360
vn -0.4829 -0.6889 -0.5406
vn -0.3797 -0.6821 -0.6250
vn -0.3749 -0.6818 -0.6282
vn -0.2597 -0.6761 -0.6895
vn -0.2556 -0.6757 -0.6914
vn -0.1318 -0.6720 -0.7288
vn -0.1295 -0.6722 -0.7290
vn 0.0002 -1.0000 -0.0000
vn 0.4225 -0.8433 0.3320
vn -0.1597 -0.8317 0.5318
vn 0.7059 -0.4363 0.5579
vn 0.8506 -0.5258 -0.0000
vn -0.5257 -0.8507 -0.0000
vn -0.1597 -0.8316 -0.5319
vn 0.4225 -0.8434 -0.3320
vn 0.9433 -0.0008 0.3320
vn -0.2594 -0.4197 0.8698
vn 0.2477 -0.4979 0.8311
vn -0.8945 -0.4471 -0.0000
vn -0.6724 -0.5148 0.5318
vn -0.9433 0.0008 0.3320
vn -0.3355 -0.5429 -0.7699
vn -0.6724 -0.5148 -0.5318
vn -0.6789 -0.0192 -0.7340
vn 0.7059 -0.4363 -0.5579
vn 0.2864 -0.6159 -0.7340
vn 0.6789 0.0193 -0.7340
vn 0.5560 0.0011 0.8311
vn -0.5561 -0.0010 0.8311
vn -0.9433 0.0008 -0.3320
vn 0.1441 0.9896 -0.0000
vn 0.9433 -0.0008 -0.3320
vn 0.2594 0.4197 0.8698
vn 0.6725 0.5147 0.5318
vn 0.1597 0.8316 0.5319
vn -0.7059 0.4363 0.5579
vn -0.2477 0.4978 0.8312
vn -0.4225 0.8433 0.3320
vn -0.7060 0.4363 -0.5579
vn -0.8507 0.5257 -0.0000
vn -0.4226 0.8433 -0.3320
vn 0.3355 0.5429 -0.7699
vn -0.2864 0.6158 -0.7340
vn 0.1597 0.8316 -0.5319
vn 0.8945 0.4470 -0.0000
vn 0.6725 0.5147 -0.5318
vn 0.5257 0.8507 -0.0000
vn -0.0002 1.0000 -0.0000
vn -0.8506 0.5258 -0.0000
vn 0.8507 -0.5256 -0.0000
vn -0.8207 -0.5714 -0.0000
vn 0.8206 0.5715 -0.0000
vn -0.1441 -0.9896 -0.0000
vn -0.1951 0.9808 -0.0000
vn -0.1912 0.9615 0.1974
vn -0.0000 0.9803 0.1974
vn -0.3826 0.9239 -0.0000
vn -0.5556 0.8315 -0.0000
vn -0.7071 0.7071 -0.0000
vn -0.8315 0.5556 -0.0000
vn -0.9239 0.3827 -0.0000
vn -0.9808 0.1951 -0.0000
vn -0.9808 -0.1951 -0.0000
vn -0.9239 -0.3827 -0.0000
vn -0.8315 -0.5556 -0.0000
vn -0.7071 -0.7071 -0.0000
vn -0.5556 -0.8315 -0.0000
vn -0.3827 -0.9239 -0.0000
vn -0.1951 -0.9808 -0.0000
vn 0.1951 -0.9808 -0.0000
vn 0.3827 -0.9239 -0.0000
vn 0.5556 -0.8315 -0.0000
vn 0.7071 -0.7071 -0.0000
vn 0.8315 -0.5556 -0.0000
vn 0.9239 -0.3827 -0.0000
vn 0.9808 -0.1951 -0.0000
vn 0.9808 0.1951 -0.0000
vn 0.9239 0.3827 -0.0000
vn 0.8315 0.5556 -0.0000
vn 0.7071 0.7071 -0.0000
vn 0.3827 0.9239 -0.0000
vn 0.1951 0.9808 -0.0000
vn 0.1912 0.9615 0.1974
vn 0.3751 0.9057 0.1974
vn 0.5556 0.8315 -0.0000
vn -0.0000 -0.9793 0.2023
vn 0.1911 -0.9605 0.2023
vn -0.3827 0.9239 -0.0000
vn -0.3748 0.9048 0.2022
vn -0.5441 0.8143 0.2022
vn -0.6925 0.6925 0.2023
vn -0.8143 0.5441 0.2023
vn -0.9048 0.3748 0.2023
vn -0.9605 0.1911 0.2022
vn -0.9793 -0.0000 0.2022
vn -0.9605 -0.1911 0.2022
vn -0.9048 -0.3748 0.2023
vn -0.8143 -0.5441 0.2023
vn -0.6925 -0.6925 0.2022
vn 0.3748 -0.9048 0.2023
vn -0.5441 -0.8143 0.2022
vn -0.1911 -0.9605 0.2023
vn -0.3748 -0.9048 0.2023
vn 0.5441 -0.8143 0.2023
vn 0.6925 -0.6925 0.2022
vn 0.8315 -0.5555 -0.0000
vn 0.8143 -0.5441 0.2023
vn 0.9048 -0.3748 0.2022
vn 0.9605 -0.1911 0.2023
vn 0.9793 -0.0000 0.2023
vn 0.9605 0.1911 0.2023
vn 0.9048 0.3748 0.2022
vn 0.8143 0.5441 0.2023
vn 0.6925 0.6925 0.2023
vn 0.5441 0.8143 0.2023
vn 0.3748 0.9048 0.2023
vn 0.1911 0.9605 0.2023
vn -0.0000 0.9793 0.2023
vn -0.1911 0.9605 0.2023
vn -0.0000 -0.9200 0.3918
vn 0.1795 -0.9025 0.3915
vn 0.3521 -0.8501 0.3916
vn 0.5112 -0.7651 0.3915
vn 0.6508 -0.6507 0.3912
vn 0.7652 -0.5114 0.3910
vn 0.8501 -0.3521 0.3915
vn 0.9025 -0.1795 0.3915
vn 0.9200 -0.0000 0.3918
vn 0.9025 0.1795 0.3915
vn 0.8501 0.3522 0.3915
vn 0.7651 0.5112 0.3915
vn 0.6506 0.6506 0.3916
vn 0.5112 0.7651 0.3915
vn 0.3521 0.8501 0.3915
vn 0.1795 0.9025 0.3915
vn -0.0000 0.9202 0.3915
vn -0.1795 0.9025 0.3915
vn -0.3521 0.8501 0.3915
vn -0.5112 0.7651 0.3914
vn -0.6506 0.6507 0.3915
vn -0.7651 0.5112 0.3915
vn -0.8501 0.3521 0.3915
vn -0.9025 0.1795 0.3915
vn -0.9202 -0.0000 0.3915
vn -0.9025 -0.1795 0.3915
vn -0.8501 -0.3521 0.3915
vn -0.7651 -0.5112 0.3915
vn -0.6507 -0.6507 0.3914
vn -0.5113 -0.7651 0.3915
vn -0.3521 -0.8501 0.3915
vn -0.1795 -0.9025 0.3915
vn -0.3521 0.8501 0.3916
vn -0.3751 0.9057 0.1974
vn -0.5112 0.7649 0.3919
vn -0.5446 0.8151 0.1974
vn -0.6507 0.6506 0.3915
vn -0.6932 0.6932 0.1974
vn -0.7651 0.5112 0.3916
vn -0.8151 0.5446 0.1974
vn -0.8501 0.3521 0.3916
vn -0.9057 0.3752 0.1974
vn -0.9615 0.1913 0.1974
vn -0.9803 -0.0000 0.1974
vn -0.9615 -0.1913 0.1974
vn -0.8501 -0.3521 0.3916
vn -0.9057 -0.3751 0.1974
vn -0.8151 -0.5446 0.1974
vn -0.6507 -0.6507 0.3915
vn -0.6932 -0.6932 0.1974
vn -0.5111 -0.7653 0.3912
vn -0.5446 -0.8151 0.1974
vn -0.3521 -0.8503 0.3912
vn -0.3751 -0.9057 0.1975
vn -0.1795 -0.9026 0.3912
vn -0.1912 -0.9615 0.1975
vn -0.0000 -0.9201 0.3917
vn -0.0000 -0.9803 0.1975
vn 0.1795 -0.9024 0.3917
vn 0.1912 -0.9615 0.1975
vn 0.3521 -0.8503 0.3912
vn 0.3751 -0.9057 0.1975
vn 0.5111 -0.7653 0.3912
vn 0.5446 -0.8151 0.1974
vn 0.6507 -0.6507 0.3915
vn 0.6932 -0.6932 0.1974
vn 0.7651 -0.5112 0.3915
vn 0.8151 -0.5446 0.1974
vn 0.8501 -0.3521 0.3916
vn 0.9057 -0.3751 0.1974
vn 0.9615 -0.1913 0.1974
vn 0.9202 -0.0000 0.3915
vn 0.9803 -0.0000 0.1974
vn 0.9615 0.1913 0.1974
vn 0.8501 0.3521 0.3916
vn 0.9057 0.3752 0.1974
vn 0.7651 0.5112 0.3916
vn 0.8151 0.5446 0.1975
vn 0.6507 0.6506 0.3915
vn 0.6932 0.6932 0.1974
vn 0.5112 0.7653 0.3912
vn 0.5447 0.8151 0.1974
vn 0.3521 0.8501 0.3916
vn -0.0000 0.6966 -0.7175
vn 0.1359 0.6832 -0.7175
vn -0.0000 0.6965 0.7176
vn 0.1359 0.6830 0.7176
vn -0.3869 0.5791 -0.7176
vn -0.2665 0.6435 -0.7175
vn -0.3869 0.5790 0.7177
vn -0.2665 0.6433 0.7177
vn -0.6832 0.1359 -0.7175
vn -0.6435 0.2665 -0.7175
vn -0.6830 0.1359 0.7176
vn -0.6434 0.2665 0.7177
vn -0.6832 -0.1359 -0.7175
vn -0.6966 -0.0000 -0.7175
vn -0.6830 -0.1359 0.7176
vn -0.6964 -0.0000 0.7176
vn -0.6831 -0.1358 0.7176
vn -0.5791 -0.3870 -0.7175
vn -0.6435 -0.2665 -0.7175
vn -0.5791 -0.3869 -0.7175
vn -0.5790 -0.3869 0.7177
vn -0.6434 -0.2665 0.7177
vn -0.3872 -0.5794 -0.7172
vn -0.4926 -0.4925 -0.7175
vn -0.4925 -0.4925 -0.7175
vn -0.3870 -0.5793 0.7173
vn -0.4924 -0.4924 0.7177
vn -0.1360 -0.6834 -0.7173
vn -0.2668 -0.6439 -0.7171
vn -0.1359 -0.6832 0.7174
vn -0.2666 -0.6437 0.7173
vn -0.1359 -0.6831 0.7175
vn 0.1360 -0.6834 -0.7173
vn -0.0000 -0.6965 -0.7176
vn 0.1359 -0.6831 -0.7176
vn 0.1360 -0.6832 0.7174
vn -0.0000 -0.6963 0.7177
vn 0.1358 -0.6829 0.7178
vn 0.3872 -0.5796 -0.7171
vn 0.2667 -0.6439 -0.7171
vn 0.2666 -0.6438 -0.7172
vn 0.3872 -0.5795 -0.7171
vn 0.3871 -0.5793 0.7173
vn 0.2666 -0.6435 0.7175
vn 0.2666 -0.6436 0.7174
vn 0.3871 -0.5792 0.7174
vn 0.5792 -0.3869 -0.7175
vn 0.4926 -0.4925 -0.7175
vn 0.5790 -0.3869 0.7177
vn 0.4925 -0.4924 0.7176
vn 0.6832 -0.1359 -0.7175
vn 0.6435 -0.2665 -0.7175
vn 0.6830 -0.1359 0.7176
vn 0.6434 -0.2665 0.7177
vn 0.6830 -0.1358 0.7176
vn 0.6832 0.1359 -0.7175
vn 0.6965 -0.0000 -0.7175
vn 0.6830 0.1359 0.7177
vn 0.6964 -0.0000 0.7177
vn 0.6830 0.1358 0.7177
vn 0.5792 0.3870 -0.7175
vn 0.6435 0.2665 -0.7175
vn 0.5790 0.3869 0.7177
vn 0.6434 0.2665 0.7177
vn 0.3870 0.5791 -0.7175
vn 0.4926 0.4926 -0.7175
vn 0.4926 0.4923 -0.7177
vn 0.3869 0.5788 -0.7179
vn 0.3867 0.5788 0.7180
vn 0.4922 0.4923 0.7179
vn 0.4922 0.4924 0.7178
vn 0.3869 0.5789 0.7177
vn 0.2665 0.6435 -0.7176
vn 0.2664 0.6433 0.7178
vn 0.2665 0.6433 0.7178
vn -0.1359 0.6832 -0.7175
vn -0.1359 0.6830 0.7176
vn -0.5791 0.3870 -0.7175
vn -0.4925 0.4925 -0.7175
vn -0.5791 0.3869 -0.7175
vn -0.5790 0.3869 0.7177
vn -0.4924 0.4924 0.7177
vn 0.3826 0.9239 -0.0000
vn 0.5441 0.8143 0.2022
vn 0.3748 0.9048 0.2022
vn 0.9048 0.3748 0.2023
vn 0.9605 0.1911 0.2022
vn 0.9605 -0.1911 0.2022
vn 0.9048 -0.3748 0.2023
vn 0.5441 -0.8143 0.2022
vn -0.5441 -0.8143 0.2023
vn -0.8315 -0.5555 -0.0000
vn -0.9605 -0.1911 0.2023
vn -0.9792 -0.0000 0.2027
vn -0.8315 0.5555 -0.0000
vn -0.5441 0.8143 0.2023
vn -0.3748 0.9048 0.2023
vn 0.1911 0.9605 0.2022
vn -0.0000 -0.9202 0.3915
vn -0.3521 -0.8501 0.3916
vn -0.5112 -0.7651 0.3915
vn -0.7651 -0.5112 0.3916
vn -0.5113 0.7652 0.3912
vn 0.5113 0.7651 0.3914
vn 0.6506 0.6507 0.3915
vn 0.8502 0.3521 0.3915
vn 0.6507 -0.6507 0.3914
vn 0.5113 -0.7651 0.3914
vn 0.3522 -0.8501 0.3915
vn 0.5112 0.7652 0.3913
vn 0.6507 0.6506 0.3916
vn 0.8151 0.5446 0.1974
vn 0.9025 -0.1795 0.3916
vn 0.8503 -0.3523 0.3910
vn 0.9057 -0.3753 0.1970
vn 0.6507 -0.6506 0.3915
vn 0.5112 -0.7652 0.3913
vn 0.5445 -0.8152 0.1971
vn 0.3521 -0.8502 0.3913
vn 0.1795 -0.9026 0.3914
vn 0.1914 -0.9615 0.1971
vn -0.0000 -0.9202 0.3913
vn -0.1795 -0.9026 0.3914
vn -0.3521 -0.8502 0.3913
vn -0.5112 -0.7651 0.3916
vn -0.8500 -0.3520 0.3920
vn -0.5112 0.7651 0.3916
vn -0.5447 0.8151 0.1974
vn -0.0000 0.6966 -0.7174
vn -0.1359 0.6830 0.7177
vn 0.3869 0.5791 -0.7176
vn 0.2665 0.6435 -0.7175
vn 0.3869 0.5790 0.7177
vn 0.3869 0.5792 0.7175
vn 0.2665 0.6433 0.7177
vn 0.6831 -0.1359 -0.7175
vn 0.6830 -0.1359 0.7177
vn 0.6830 -0.1358 0.7177
vn 0.5792 -0.3870 -0.7175
vn 0.5790 -0.3869 0.7176
vn 0.6437 -0.2665 0.7174
vn 0.3872 -0.5794 -0.7172
vn 0.3870 -0.5793 0.7174
vn 0.4924 -0.4924 0.7177
vn 0.1360 -0.6835 -0.7172
vn 0.2668 -0.6439 -0.7171
vn 0.1360 -0.6835 0.7172
vn 0.1360 -0.6834 0.7173
vn 0.2667 -0.6438 0.7172
vn -0.1359 -0.6831 -0.7176
vn -0.1359 -0.6833 -0.7174
vn -0.1358 -0.6829 0.7178
vn -0.3871 -0.5794 -0.7173
vn -0.3872 -0.5795 -0.7172
vn -0.2667 -0.6437 -0.7173
vn -0.3870 -0.5792 0.7175
vn -0.2665 -0.6435 0.7176
vn -0.2665 -0.6434 0.7176
vn -0.5792 -0.3870 -0.7175
vn -0.4926 -0.4926 -0.7174
vn -0.5791 -0.3869 0.7176
vn -0.4925 -0.4924 0.7176
vn -0.6435 -0.2666 -0.7175
vn -0.6830 -0.1359 0.7177
vn -0.6434 -0.2665 0.7176
vn -0.6830 0.1358 0.7176
vn -0.6964 -0.0000 0.7177
vn -0.5792 0.3870 -0.7175
vn -0.6436 0.2665 -0.7175
vn -0.5791 0.3869 0.7176
vn -0.5790 0.3869 0.7176
vn -0.6434 0.2665 0.7176
vn -0.3870 0.5791 -0.7176
vn -0.4926 0.4925 -0.7175
vn -0.4925 0.4925 0.7176
vn -0.4924 0.4925 0.7176
vn -0.2665 0.6434 -0.7176
vn -0.2664 0.6433 0.7178
vn 0.1359 0.6832 -0.7174
vn 0.4925 0.4925 -0.7175
vn 0.4926 0.4925 -0.7175
vn 0.4924 0.4924 0.7177
vn 0.7974 0.6035 -0.0000
vn 0.9213 -0.3888 -0.0000
vn 0.1240 -0.9923 -0.0000
vn -0.7974 -0.6035 -0.0000
vn -0.9213 0.3888 -0.0000
vn -0.1239 0.9923 -0.0000
vn 0.9353 0.3539 -0.0000
vn 0.7741 -0.6331 -0.0000
vn -0.1612 -0.9869 -0.0000
vn -0.9353 -0.3540 -0.0000
vn -0.7742 0.6330 -0.0000
vn 0.1613 0.9869 -0.0000
vn 0.2019 0.9794 -0.0000
vn 0.9492 0.3148 -0.0000
vn 0.7472 -0.6646 -0.0000
vn -0.2020 -0.9794 -0.0000
vn -0.9492 -0.3148 -0.0000
vn -0.7472 0.6646 -0.0000
vn 0.5397 0.8419 -0.0000
vn 0.9989 -0.0465 -0.0000
vn 0.4592 -0.8884 -0.0000
vn -0.5397 -0.8418 -0.0000
vn -0.9989 0.0464 -0.0000
vn -0.4591 0.8884 -0.0000
vn 0.0626 0.9980 -0.0000
vn 0.8957 0.4446 -0.0000
vn 0.8329 -0.5534 -0.0000
vn -0.0627 -0.9980 -0.0000
vn -0.8957 -0.4446 -0.0000
vn -0.8330 0.5533 -0.0000
vn 0.1239 -0.9923 -0.0000
vn -0.7974 0.6035 -0.0000
vn -0.9213 -0.3888 -0.0000
vn -0.1240 -0.9923 -0.0000
vn 0.7974 -0.6035 -0.0000
vn 0.9214 0.3887 -0.0000
vn 0.1239 0.9923 -0.0000
vn -0.9353 0.3539 -0.0000
vn -0.7741 -0.6331 -0.0000
vn 0.1612 -0.9869 -0.0000
vn 0.9353 -0.3540 -0.0000
vn 0.7742 0.6330 -0.0000
vn -0.1613 0.9869 -0.0000
vn -0.2019 0.9794 -0.0000
vn -0.9492 0.3148 -0.0000
vn -0.7472 -0.6646 -0.0000
vn 0.2020 -0.9794 -0.0000
vn 0.9491 -0.3148 -0.0000
vn 0.7471 0.6647 -0.0000
vn -0.5397 0.8419 -0.0000
vn -0.9989 -0.0465 -0.0000
vn -0.4591 -0.8884 -0.0000
vn 0.5397 -0.8418 -0.0000
vn 0.9989 0.0465 -0.0000
vn 0.4591 0.8884 -0.0000
vn -0.0626 0.9980 -0.0000
vn -0.8957 0.4446 -0.0000
vn -0.8329 -0.5534 -0.0000
vn 0.0627 -0.9980 -0.0000
vn 0.8957 -0.4446 -0.0000
vn 0.8330 0.5533 -0.0000
vn -0.1239 -0.9923 -0.0000
vn 0.9213 0.3888 -0.0000
vt 0.767013 0.482495
vt 0.751327 0.485231
vt 0.751269 0.481860
vt 0.766951 0.478962
vt 0.767043 0.620412
vt 0.751356 0.617663
vt 0.751413 0.614263
vt 0.767104 0.616847
vt 0.524918 0.667539
vt 0.522991 0.664243
vt 0.526922 0.664242
vt 0.528866 0.667538
vt 0.879222 0.521981
vt 0.895032 0.523109
vt 0.895032 0.527062
vt 0.879221 0.526104
vt 0.695227 0.798944
vt 0.697284 0.802427
vt 0.693159 0.802427
vt 0.691081 0.798944
vt 0.767214 0.494169
vt 0.751516 0.496423
vt 0.751386 0.488602
vt 0.767076 0.486028
vt 0.531218 0.788264
vt 0.535296 0.780435
vt 0.539334 0.780434
vt 0.535222 0.788263
vt 0.538985 0.772605
vt 0.543055 0.772604
vt 0.542194 0.764776
vt 0.546295 0.764775
vt 0.544837 0.756947
vt 0.548964 0.756946
vt 0.546827 0.749118
vt 0.550977 0.749117
vt 0.548081 0.741289
vt 0.552247 0.741288
vt 0.548517 0.733460
vt 0.552690 0.733459
vt 0.548081 0.725632
vt 0.552247 0.725631
vt 0.546827 0.717803
vt 0.550977 0.717802
vt 0.544837 0.709975
vt 0.548964 0.709974
vt 0.542194 0.702147
vt 0.546295 0.702146
vt 0.538985 0.694319
vt 0.543055 0.694318
vt 0.535296 0.686491
vt 0.539334 0.686490
vt 0.531218 0.678663
vt 0.535222 0.678662
vt 0.526845 0.670835
vt 0.530810 0.670835
vt 0.872217 0.851615
vt 0.856389 0.853017
vt 0.856389 0.812054
vt 0.872217 0.808894
vt 0.767343 0.502313
vt 0.751637 0.504246
vt 0.767461 0.510459
vt 0.751747 0.512072
vt 0.767564 0.518610
vt 0.751843 0.519902
vt 0.767649 0.526765
vt 0.751922 0.527736
vt 0.767714 0.534925
vt 0.751982 0.535574
vt 0.767756 0.543091
vt 0.752021 0.543419
vt 0.767772 0.551263
vt 0.752035 0.551269
vt 0.767760 0.559443
vt 0.752024 0.559126
vt 0.767721 0.567630
vt 0.751989 0.566990
vt 0.767660 0.575822
vt 0.751932 0.574859
vt 0.767578 0.584020
vt 0.751856 0.582732
vt 0.767478 0.592222
vt 0.751764 0.590610
vt 0.767364 0.600428
vt 0.751658 0.598492
vt 0.767238 0.608636
vt 0.751540 0.606376
vt 0.526845 0.796094
vt 0.530810 0.796093
vt 0.524918 0.799391
vt 0.528866 0.799390
vt 0.688506 0.787259
vt 0.693169 0.795461
vt 0.689002 0.795461
vt 0.684294 0.787259
vt 0.684134 0.779058
vt 0.679880 0.779058
vt 0.680159 0.770856
vt 0.675867 0.770856
vt 0.676687 0.762655
vt 0.672360 0.762655
vt 0.673818 0.754453
vt 0.669460 0.754453
vt 0.671651 0.746251
vt 0.667267 0.746251
vt 0.670282 0.738050
vt 0.665878 0.738050
vt 0.669805 0.729848
vt 0.665393 0.729848
vt 0.670282 0.721646
vt 0.665878 0.721646
vt 0.671651 0.713444
vt 0.667267 0.713444
vt 0.673818 0.705242
vt 0.669460 0.705242
vt 0.676687 0.697040
vt 0.672360 0.697040
vt 0.680159 0.688838
vt 0.675867 0.688838
vt 0.684134 0.680636
vt 0.679880 0.680636
vt 0.688506 0.672434
vt 0.684294 0.672434
vt 0.693169 0.664232
vt 0.689002 0.664232
vt 0.873405 0.856355
vt 0.872169 0.857707
vt 0.872217 0.855709
vt 0.856381 0.858932
vt 0.855136 0.857776
vt 0.856389 0.856943
vt 0.878026 0.526635
vt 0.879262 0.527992
vt 0.896275 0.527737
vt 0.895033 0.528942
vt 0.873405 0.852252
vt 0.481973 0.664251
vt 0.481151 0.662797
vt 0.522359 0.662789
vt 0.878027 0.522504
vt 0.878030 0.479397
vt 0.879225 0.478962
vt 0.522991 0.802688
vt 0.526922 0.802687
vt 0.526308 0.804152
vt 0.522359 0.804153
vt 0.691736 0.802354
vt 0.689621 0.798806
vt 0.528182 0.663867
vt 0.530180 0.667252
vt 0.691081 0.660749
vt 0.687507 0.664434
vt 0.689621 0.660885
vt 0.682826 0.672611
vt 0.678444 0.680787
vt 0.674464 0.688964
vt 0.670988 0.697141
vt 0.668117 0.705317
vt 0.665946 0.713494
vt 0.664572 0.721670
vt 0.664092 0.729847
vt 0.664572 0.738023
vt 0.665946 0.746200
vt 0.668117 0.754376
vt 0.670988 0.762552
vt 0.674464 0.770729
vt 0.678444 0.778905
vt 0.682826 0.787081
vt 0.687507 0.795257
vt 0.532177 0.796301
vt 0.530180 0.799687
vt 0.536602 0.788446
vt 0.540725 0.780591
vt 0.544453 0.772736
vt 0.547697 0.764882
vt 0.550370 0.757027
vt 0.552385 0.749173
vt 0.553658 0.741319
vt 0.554101 0.733464
vt 0.553658 0.725611
vt 0.552385 0.717757
vt 0.550370 0.709903
vt 0.547697 0.702050
vt 0.544453 0.694197
vt 0.540725 0.686343
vt 0.536602 0.678490
vt 0.532177 0.670637
vt 0.695227 0.660749
vt 0.224218 0.856546
vt 0.229840 0.738727
vt 0.271265 0.738730
vt 0.276818 0.856550
vt 0.919718 0.403547
vt 0.955526 0.403554
vt 0.955526 0.444936
vt 0.919718 0.444929
vt 0.784983 0.137287
vt 0.784983 0.019151
vt 0.820673 0.016355
vt 0.820673 0.134491
vt 0.782685 0.288093
vt 0.782640 0.169957
vt 0.818189 0.172669
vt 0.818234 0.290805
vt 0.784950 0.139699
vt 0.782483 0.137418
vt 0.784957 0.016614
vt 0.782488 0.019282
vt 0.224227 0.858969
vt 0.221752 0.856490
vt 0.818040 0.170047
vt 0.820487 0.172703
vt 0.848389 0.373577
vt 0.884198 0.373579
vt 0.884395 0.375912
vt 0.848593 0.375910
vt 0.782483 0.167334
vt 0.820487 0.290815
vt 0.276826 0.858973
vt 0.917037 0.445040
vt 0.917037 0.403658
vt 0.884198 0.321062
vt 0.848389 0.321060
vt 0.848593 0.318450
vt 0.884395 0.318452
vt 0.820656 0.013818
vt 0.850391 0.596884
vt 0.798157 0.596884
vt 0.802982 0.479020
vt 0.844118 0.479020
vt 0.617545 0.901711
vt 0.617545 0.943093
vt 0.581736 0.943086
vt 0.581736 0.901704
vt 0.820754 0.441164
vt 0.785013 0.439102
vt 0.782546 0.320989
vt 0.818286 0.323051
vt 0.619978 0.783548
vt 0.584439 0.786380
vt 0.584439 0.668217
vt 0.619978 0.665385
vt 0.797881 0.599291
vt 0.795407 0.596812
vt 0.818232 0.320513
vt 0.820754 0.323129
vt 0.584181 0.788708
vt 0.581736 0.786434
vt 0.584256 0.665620
vt 0.581787 0.668287
vt 0.517152 0.886925
vt 0.516953 0.889258
vt 0.481151 0.889256
vt 0.481344 0.886923
vt 0.619803 0.662788
vt 0.850116 0.599291
vt 0.620203 0.901823
vt 0.620203 0.943205
vt 0.800754 0.478962
vt 0.481344 0.834406
vt 0.481151 0.831796
vt 0.516953 0.831798
vt 0.517152 0.834408
vt 0.782483 0.318450
vt 0.664385 0.627552
vt 0.683168 0.478967
vt 0.704025 0.478962
vt 0.723366 0.627539
vt 0.013818 0.629911
vt 0.013818 0.481608
vt 0.049350 0.484517
vt 0.074345 0.634867
vt 0.106759 0.634057
vt 0.131605 0.484060
vt 0.166924 0.481608
vt 0.166924 0.629881
vt 0.106069 0.636234
vt 0.104251 0.634223
vt 0.074788 0.637048
vt 0.076616 0.635059
vt 0.166625 0.632030
vt 0.129375 0.484118
vt 0.013866 0.632059
vt 0.051367 0.484600
vt 0.723633 0.629616
vt 0.664092 0.629628
vt 0.827501 0.869927
vt 0.767958 0.869924
vt 0.767958 0.808894
vt 0.827501 0.808897
vt 0.738483 0.660747
vt 0.736642 0.664230
vt 0.481973 0.802696
vt 0.481151 0.804161
vt 0.526308 0.662788
vt 0.873405 0.809445
vt 0.732452 0.672432
vt 0.728515 0.680634
vt 0.724940 0.688836
vt 0.721832 0.697038
vt 0.719290 0.705240
vt 0.717400 0.713442
vt 0.716235 0.721644
vt 0.715840 0.729845
vt 0.716235 0.738047
vt 0.717400 0.746249
vt 0.719290 0.754451
vt 0.721832 0.762652
vt 0.724940 0.770854
vt 0.728515 0.779055
vt 0.732452 0.787257
vt 0.736642 0.795459
vt 0.483721 0.799399
vt 0.485468 0.796102
vt 0.489447 0.788273
vt 0.489447 0.678672
vt 0.485468 0.670844
vt 0.493160 0.686499
vt 0.496511 0.694327
vt 0.499412 0.702155
vt 0.501776 0.709984
vt 0.503529 0.717812
vt 0.504608 0.725640
vt 0.504972 0.733469
vt 0.504608 0.741298
vt 0.503529 0.749127
vt 0.501776 0.756956
vt 0.499412 0.764785
vt 0.496511 0.772614
vt 0.493160 0.780443
vt 0.738483 0.798942
vt 0.740323 0.802425
vt 0.895035 0.481860
vt 0.483721 0.667548
vt 0.528182 0.803073
vt 0.766982 0.623976
vt 0.751299 0.621064
vt 0.740323 0.657263
vt 0.697284 0.657266
vt 0.693159 0.657266
vt 0.691736 0.657337
vt 0.126971 0.024508
vt 0.126766 0.016354
vt 0.140924 0.015956
vt 0.141263 0.024106
vt 0.096375 0.024699
vt 0.096454 0.016544
vt 0.111750 0.016553
vt 0.111814 0.024708
vt 0.154141 0.023518
vt 0.153682 0.015373
vt 0.164547 0.014627
vt 0.165109 0.022766
vt 0.439979 0.021953
vt 0.440476 0.013818
vt 0.452528 0.014007
vt 0.452137 0.022144
vt 0.466293 0.014148
vt 0.466022 0.022286
vt 0.481240 0.014235
vt 0.481101 0.022374
vt 0.496797 0.014265
vt 0.496794 0.022405
vt 0.512365 0.014237
vt 0.512499 0.022376
vt 0.527345 0.014152
vt 0.527611 0.022291
vt 0.541163 0.014013
vt 0.541550 0.022150
vt 0.553287 0.013826
vt 0.553781 0.021961
vt 0.248346 0.021979
vt 0.248861 0.013841
vt 0.260756 0.014127
vt 0.260353 0.022267
vt 0.274298 0.014338
vt 0.274022 0.022480
vt 0.281425 0.022545
vt 0.281632 0.014402
vt 0.288966 0.014467
vt 0.288828 0.022610
vt 0.304196 0.014508
vt 0.304201 0.022652
vt 0.319404 0.014460
vt 0.319552 0.022603
vt 0.326921 0.022535
vt 0.326704 0.014393
vt 0.334004 0.014325
vt 0.334290 0.022467
vt 0.347437 0.014108
vt 0.347848 0.022248
vt 0.359184 0.013818
vt 0.359707 0.021955
vt 0.630440 0.021955
vt 0.630896 0.013818
vt 0.644041 0.014072
vt 0.643701 0.022212
vt 0.658584 0.014261
vt 0.658372 0.022403
vt 0.673966 0.014378
vt 0.673890 0.022521
vt 0.689597 0.014417
vt 0.689658 0.022560
vt 0.704875 0.014378
vt 0.705070 0.022521
vt 0.719213 0.014261
vt 0.719534 0.022403
vt 0.732061 0.014072
vt 0.732494 0.022212
vt 0.742925 0.013818
vt 0.743453 0.021955
vt 0.054211 0.023458
vt 0.054683 0.015313
vt 0.067362 0.015912
vt 0.067009 0.024062
vt 0.081466 0.016327
vt 0.081246 0.024481
vt 0.848661 0.253235
vt 0.848433 0.244048
vt 0.864882 0.244048
vt 0.865109 0.253235
vt 0.328311 0.688469
vt 0.346687 0.688474
vt 0.348674 0.708675
vt 0.326324 0.708670
vt 0.848122 0.210420
vt 0.848154 0.198596
vt 0.864603 0.198596
vt 0.864571 0.210420
vt 0.529032 0.498222
vt 0.518729 0.505207
vt 0.510954 0.495897
vt 0.523249 0.487561
vt 0.848264 0.233577
vt 0.864713 0.233577
vt 0.402990 0.749045
vt 0.403190 0.738726
vt 0.419639 0.738777
vt 0.419439 0.749096
vt 0.402841 0.760498
vt 0.419290 0.760549
vt 0.402749 0.772641
vt 0.419198 0.772692
vt 0.402718 0.784996
vt 0.419167 0.785046
vt 0.402749 0.797072
vt 0.419198 0.797123
vt 0.402841 0.808391
vt 0.419290 0.808442
vt 0.402990 0.818509
vt 0.419439 0.818560
vt 0.403190 0.827038
vt 0.419639 0.827088
vt 0.851537 0.023731
vt 0.852067 0.013818
vt 0.868483 0.013920
vt 0.867953 0.023833
vt 0.851144 0.034723
vt 0.867561 0.034825
vt 0.851024 0.040548
vt 0.867440 0.040651
vt 0.850822 0.058248
vt 0.850903 0.046374
vt 0.867320 0.046476
vt 0.867239 0.058351
vt 0.850903 0.069906
vt 0.867320 0.070009
vt 0.851024 0.075411
vt 0.867440 0.075513
vt 0.851537 0.090862
vt 0.851144 0.080915
vt 0.867561 0.081018
vt 0.867953 0.090964
vt 0.852067 0.099363
vt 0.868483 0.099466
vt 0.370057 0.818193
vt 0.369909 0.827654
vt 0.353457 0.827654
vt 0.353605 0.818193
vt 0.370169 0.807353
vt 0.353716 0.807353
vt 0.370237 0.795554
vt 0.353785 0.795554
vt 0.370261 0.783257
vt 0.353809 0.783257
vt 0.370239 0.770952
vt 0.353787 0.770952
vt 0.370172 0.759126
vt 0.353720 0.759126
vt 0.370063 0.748244
vt 0.353610 0.748244
vt 0.369915 0.738726
vt 0.353463 0.738726
vt 0.848419 0.176638
vt 0.848642 0.167334
vt 0.865090 0.167334
vt 0.864867 0.176638
vt 0.848254 0.187193
vt 0.864703 0.187193
vt 0.848160 0.222226
vt 0.864608 0.222226
vt 0.068601 0.664730
vt 0.080475 0.664683
vt 0.092121 0.667002
vt 0.103108 0.671606
vt 0.113021 0.678332
vt 0.121480 0.686937
vt 0.128150 0.697105
vt 0.132759 0.708451
vt 0.135114 0.720534
vt 0.135114 0.732879
vt 0.132756 0.744997
vt 0.128136 0.756407
vt 0.121445 0.766661
vt 0.112956 0.775364
vt 0.103009 0.782191
vt 0.091994 0.786895
vt 0.086162 0.788103
vt 0.080331 0.789311
vt 0.068456 0.789358
vt 0.056810 0.787039
vt 0.051317 0.784737
vt 0.045824 0.782435
vt 0.035910 0.775709
vt 0.027451 0.767104
vt 0.020782 0.756936
vt 0.016173 0.745590
vt 0.013818 0.733507
vt 0.013818 0.721161
vt 0.016176 0.709044
vt 0.020796 0.697634
vt 0.027487 0.687380
vt 0.035976 0.678677
vt 0.045922 0.671849
vt 0.056938 0.667146
vt 0.588491 0.498495
vt 0.577043 0.493602
vt 0.580682 0.482035
vt 0.594344 0.487874
vt 0.565043 0.620419
vt 0.577155 0.618012
vt 0.580703 0.629608
vt 0.566206 0.632489
vt 0.509944 0.514141
vt 0.500495 0.506534
vt 0.564916 0.491086
vt 0.566183 0.479027
vt 0.582866 0.615621
vt 0.588577 0.613230
vt 0.594360 0.623890
vt 0.587531 0.626749
vt 0.503020 0.524692
vt 0.492273 0.519063
vt 0.552567 0.491032
vt 0.551403 0.478962
vt 0.598880 0.606244
vt 0.606655 0.615554
vt 0.498239 0.536460
vt 0.486608 0.533006
vt 0.607666 0.597310
vt 0.617115 0.604918
vt 0.495797 0.548989
vt 0.483720 0.547825
vt 0.614589 0.586759
vt 0.625336 0.592388
vt 0.495797 0.561788
vt 0.483720 0.562950
vt 0.619370 0.574991
vt 0.631001 0.578445
vt 0.498242 0.574352
vt 0.486609 0.577797
vt 0.621813 0.562462
vt 0.633890 0.563626
vt 0.503034 0.586185
vt 0.492276 0.591793
vt 0.621812 0.549663
vt 0.633890 0.548501
vt 0.509975 0.596824
vt 0.500501 0.604399
vt 0.619367 0.537100
vt 0.631000 0.533655
vt 0.518788 0.605862
vt 0.510966 0.615131
vt 0.614576 0.525267
vt 0.625333 0.519659
vt 0.529119 0.612957
vt 0.523266 0.623578
vt 0.607634 0.514627
vt 0.617108 0.507052
vt 0.540567 0.617849
vt 0.536927 0.629416
vt 0.540455 0.493440
vt 0.536907 0.481844
vt 0.598822 0.505590
vt 0.606644 0.496320
vt 0.546630 0.619107
vt 0.552693 0.620365
vt 0.551426 0.632425
vt 0.544177 0.630920
vt 0.111515 0.014036
vt 0.126024 0.013844
vt 0.522022 0.485409
vt 0.536154 0.479494
vt 0.509303 0.494031
vt 0.498487 0.505028
vt 0.489989 0.517977
vt 0.484136 0.532381
vt 0.481151 0.547686
vt 0.481151 0.563304
vt 0.484136 0.578635
vt 0.489989 0.593090
vt 0.498487 0.606113
vt 0.509303 0.617204
vt 0.522022 0.625936
vt 0.536154 0.631974
vt 0.543655 0.633530
vt 0.566453 0.635153
vt 0.551156 0.635086
vt 0.581455 0.632171
vt 0.588521 0.629213
vt 0.608305 0.617634
vt 0.595587 0.626256
vt 0.619121 0.606637
vt 0.627620 0.593688
vt 0.633473 0.579284
vt 0.636457 0.563979
vt 0.636457 0.548361
vt 0.633473 0.533030
vt 0.627620 0.518575
vt 0.619121 0.505552
vt 0.608305 0.494461
vt 0.595587 0.485729
vt 0.581455 0.479691
vt 0.082250 0.013818
vt 0.096735 0.014027
vt 0.552794 0.493495
vt 0.541147 0.495810
vt 0.530160 0.500410
vt 0.520247 0.507131
vt 0.511787 0.515733
vt 0.505118 0.525898
vt 0.500509 0.537241
vt 0.400331 0.772458
vt 0.400427 0.759865
vt 0.400299 0.785267
vt 0.400331 0.797787
vt 0.500512 0.573786
vt 0.505133 0.585197
vt 0.511824 0.595453
vt 0.520314 0.604160
vt 0.530261 0.610991
vt 0.848643 0.033987
vt 0.849051 0.022563
vt 0.848518 0.040043
vt 0.848308 0.058449
vt 0.848393 0.046100
vt 0.848393 0.070573
vt 0.848518 0.076296
vt 0.587449 0.611256
vt 0.597362 0.604535
vt 0.605821 0.595933
vt 0.612491 0.585768
vt 0.617100 0.574424
vt 0.619455 0.562342
vt 0.372664 0.783266
vt 0.372639 0.796014
vt 0.372641 0.770508
vt 0.617096 0.537879
vt 0.612476 0.526468
vt 0.605785 0.516212
vt 0.597295 0.507506
vt 0.587348 0.500675
vt 0.576332 0.495967
vt 0.564669 0.493547
vt 0.244210 0.604216
vt 0.244210 0.585812
vt 0.247795 0.567761
vt 0.254828 0.550759
vt 0.265037 0.535459
vt 0.278031 0.522448
vt 0.293310 0.512227
vt 0.310288 0.505188
vt 0.328311 0.501602
vt 0.346687 0.501607
vt 0.364710 0.505202
vt 0.381688 0.512250
vt 0.396967 0.522479
vt 0.409961 0.535496
vt 0.420170 0.550802
vt 0.423686 0.559305
vt 0.427203 0.567807
vt 0.430788 0.585859
vt 0.430788 0.604264
vt 0.428995 0.613289
vt 0.427203 0.622314
vt 0.420170 0.639316
vt 0.409961 0.654617
vt 0.396967 0.667628
vt 0.381688 0.677849
vt 0.364710 0.684888
vt 0.310288 0.684874
vt 0.293310 0.677826
vt 0.278031 0.667597
vt 0.265037 0.654580
vt 0.254828 0.639274
vt 0.247795 0.622269
vt 0.391242 0.494350
vt 0.409824 0.506791
vt 0.304404 0.704297
vt 0.425628 0.522623
vt 0.283756 0.695726
vt 0.438045 0.541237
vt 0.265173 0.683285
vt 0.259775 0.442929
vt 0.269904 0.444301
vt 0.270520 0.451172
vt 0.259775 0.451079
vt 0.228400 0.628156
vt 0.224040 0.606201
vt 0.249370 0.667453
vt 0.188732 0.833515
vt 0.186492 0.856281
vt 0.162749 0.856538
vt 0.162749 0.833525
vt 0.228400 0.561864
vt 0.236953 0.541186
vt 0.236953 0.648838
vt 0.446597 0.561920
vt 0.450957 0.583875
vt 0.249370 0.522578
vt 0.183176 0.799804
vt 0.186492 0.810750
vt 0.162749 0.810513
vt 0.162749 0.799469
vt 0.265173 0.506754
vt 0.323933 0.790747
vt 0.324978 0.845462
vt 0.304461 0.844970
vt 0.308575 0.790718
vt 0.283756 0.494323
vt 0.115118 0.445839
vt 0.137571 0.445545
vt 0.137571 0.453680
vt 0.115118 0.453973
vt 0.448777 0.617235
vt 0.446597 0.628212
vt 0.304404 0.485762
vt 0.425628 0.667498
vt 0.409825 0.683322
vt 0.326324 0.481400
vt 0.391242 0.695753
vt 0.348674 0.481406
vt 0.370594 0.704314
vt 0.370593 0.485779
vt 0.092256 0.445828
vt 0.092256 0.453963
vt 0.158751 0.444960
vt 0.158751 0.453094
vt 0.177844 0.444105
vt 0.177844 0.452239
vt 0.194117 0.443012
vt 0.194117 0.451147
vt 0.414315 0.442046
vt 0.431934 0.442329
vt 0.431934 0.450480
vt 0.414315 0.450197
vt 0.452056 0.442540
vt 0.452056 0.450691
vt 0.473909 0.442670
vt 0.473909 0.450822
vt 0.496653 0.442715
vt 0.496653 0.450867
vt 0.519414 0.442673
vt 0.519414 0.450825
vt 0.541316 0.442546
vt 0.541316 0.450698
vt 0.561519 0.442338
vt 0.561519 0.450490
vt 0.579246 0.442058
vt 0.579246 0.450209
vt 0.221752 0.442204
vt 0.239533 0.442621
vt 0.239533 0.450771
vt 0.221752 0.450354
vt 0.442321 0.551579
vt 0.304470 0.444466
vt 0.327205 0.444396
vt 0.327205 0.451257
vt 0.304470 0.451327
vt 0.450957 0.606259
vt 0.338951 0.444286
vt 0.338336 0.451157
vt 0.349033 0.442910
vt 0.369115 0.442593
vt 0.369115 0.450743
vt 0.349033 0.451060
vt 0.386680 0.442168
vt 0.386680 0.450318
vt 0.606906 0.442167
vt 0.626161 0.442548
vt 0.626136 0.450698
vt 0.606881 0.450318
vt 0.647451 0.442831
vt 0.647426 0.450981
vt 0.669957 0.443005
vt 0.669932 0.451156
vt 0.692815 0.443064
vt 0.692790 0.451214
vt 0.715146 0.443005
vt 0.715121 0.451155
vt 0.736092 0.442831
vt 0.736067 0.450981
vt 0.754848 0.442548
vt 0.754823 0.450698
vt 0.013818 0.442931
vt 0.029876 0.444038
vt 0.029876 0.452172
vt 0.013818 0.451065
vt 0.048800 0.444910
vt 0.048800 0.453044
vt 0.069863 0.445515
vt 0.069863 0.453649
vt 0.224040 0.583817
vt 0.114191 0.329702
vt 0.113985 0.301339
vt 0.133934 0.301078
vt 0.134595 0.327353
vt 0.153841 0.326819
vt 0.152750 0.300555
vt 0.169711 0.299792
vt 0.171190 0.326039
vt 0.073059 0.327323
vt 0.073769 0.301048
vt 0.093669 0.301329
vt 0.093412 0.327610
vt 0.053912 0.326771
vt 0.055048 0.300507
vt 0.036707 0.325974
vt 0.038226 0.299727
vt 0.022106 0.324963
vt 0.023949 0.298737
vt 0.731444 0.324809
vt 0.730411 0.298572
vt 0.747178 0.298321
vt 0.748573 0.324552
vt 0.712318 0.324968
vt 0.711689 0.298727
vt 0.691929 0.325021
vt 0.691732 0.298779
vt 0.671061 0.324968
vt 0.671307 0.298727
vt 0.650517 0.324809
vt 0.651198 0.298572
vt 0.631085 0.324552
vt 0.632180 0.298321
vt 0.613512 0.324206
vt 0.614981 0.297983
vt 0.363145 0.324595
vt 0.361818 0.298363
vt 0.377425 0.297983
vt 0.379108 0.324207
vt 0.344894 0.324885
vt 0.343974 0.298646
vt 0.336151 0.352196
vt 0.337905 0.333404
vt 0.339659 0.314612
vt 0.345929 0.354391
vt 0.875884 0.682275
vt 0.876497 0.676073
vt 0.891831 0.676082
vt 0.891831 0.682276
vt 0.876497 0.688478
vt 0.891831 0.688470
vt 0.262774 0.354409
vt 0.263774 0.324902
vt 0.269020 0.314628
vt 0.270799 0.333419
vt 0.272579 0.352210
vt 0.245377 0.324620
vt 0.246677 0.298388
vt 0.264663 0.298664
vt 0.229218 0.324239
vt 0.230877 0.298015
vt 0.555913 0.324384
vt 0.554667 0.298162
vt 0.570508 0.297913
vt 0.572097 0.324129
vt 0.537469 0.324573
vt 0.536614 0.298347
vt 0.517473 0.324689
vt 0.517041 0.298460
vt 0.496693 0.324727
vt 0.496702 0.298497
vt 0.475928 0.324686
vt 0.476377 0.298457
vt 0.455977 0.324567
vt 0.456848 0.298341
vt 0.437605 0.324376
vt 0.438866 0.298154
vt 0.421519 0.324118
vt 0.423121 0.297902
vt 0.184164 0.298816
vt 0.185974 0.325042
vt 0.112538 0.116919
vt 0.129292 0.116698
vt 0.145092 0.116256
vt 0.159331 0.115609
vt 0.078753 0.116670
vt 0.095473 0.116909
vt 0.063022 0.116210
vt 0.048883 0.115548
vt 0.737389 0.114248
vt 0.749417 0.113964
vt 0.723160 0.114459
vt 0.707276 0.114589
vt 0.690349 0.114633
vt 0.673029 0.114589
vt 0.655981 0.114459
vt 0.639861 0.114248
vt 0.625287 0.113964
vt 0.352505 0.114287
vt 0.365613 0.113965
vt 0.337518 0.114527
vt 0.329373 0.114602
vt 0.304260 0.114730
vt 0.321228 0.114677
vt 0.287267 0.114684
vt 0.279085 0.114613
vt 0.255794 0.114307
vt 0.270902 0.114541
vt 0.242523 0.113991
vt 0.545922 0.114154
vt 0.559356 0.113945
vt 0.530612 0.114309
vt 0.514013 0.114404
vt 0.496763 0.114435
vt 0.479526 0.114402
vt 0.462964 0.114304
vt 0.447713 0.114147
vt 0.434360 0.113936
vt 0.171461 0.114782
vt 0.131613 0.208888
vt 0.148921 0.208405
vt 0.094571 0.209119
vt 0.113261 0.209129
vt 0.164521 0.207700
vt 0.177812 0.206799
vt 0.428740 0.205919
vt 0.443290 0.206150
vt 0.459906 0.206323
vt 0.477952 0.206429
vt 0.496733 0.206466
vt 0.515527 0.206432
vt 0.533613 0.206328
vt 0.550295 0.206158
vt 0.564932 0.205929
vt 0.236700 0.206003
vt 0.251235 0.206348
vt 0.267783 0.206602
vt 0.274405 0.298748
vt 0.276745 0.206680
vt 0.285707 0.206758
vt 0.298308 0.298869
vt 0.304319 0.206807
vt 0.304378 0.298885
vt 0.322903 0.206750
vt 0.310438 0.298867
vt 0.334277 0.298735
vt 0.331825 0.206668
vt 0.340746 0.206587
vt 0.357162 0.206325
vt 0.371519 0.205974
vt 0.620134 0.205974
vt 0.636020 0.206285
vt 0.653590 0.206516
vt 0.672168 0.206658
vt 0.691041 0.206706
vt 0.709483 0.206658
vt 0.726785 0.206516
vt 0.742283 0.206285
vt 0.030414 0.206722
vt 0.043554 0.207637
vt 0.036880 0.114708
vt 0.059035 0.208359
vt 0.076261 0.208859
vt 0.135339 0.356901
vt 0.155069 0.356354
vt 0.093123 0.357165
vt 0.114423 0.358736
vt 0.172854 0.355555
vt 0.188010 0.354535
vt 0.419718 0.353600
vt 0.436187 0.353864
vt 0.454997 0.354060
vt 0.475424 0.354182
vt 0.496683 0.354224
vt 0.517958 0.354185
vt 0.538431 0.354066
vt 0.557315 0.353873
vt 0.573884 0.353611
vt 0.227351 0.353731
vt 0.243916 0.354120
vt 0.283865 0.315544
vt 0.274263 0.304353
vt 0.298250 0.312401
vt 0.304386 0.312417
vt 0.877221 0.672311
vt 0.891868 0.672396
vt 0.364638 0.354094
vt 0.381001 0.353697
vt 0.611861 0.353697
vt 0.629854 0.354051
vt 0.649750 0.354315
vt 0.670785 0.354477
vt 0.692151 0.354532
vt 0.713025 0.354477
vt 0.732606 0.354315
vt 0.750142 0.354051
vt 0.020034 0.354455
vt 0.034999 0.355490
vt 0.052634 0.356305
vt 0.072260 0.356871
vt 0.438045 0.648890
vt 0.877221 0.692241
vt 0.891868 0.692156
vt 0.848644 0.082019
vt 0.310512 0.312398
vt 0.322804 0.329218
vt 0.315299 0.326731
vt 0.324863 0.315536
vt 0.281702 0.444406
vt 0.281702 0.451267
vt 0.164317 0.716703
vt 0.164698 0.687249
vt 0.177189 0.687326
vt 0.179549 0.716501
vt 0.334426 0.304340
vt 0.323370 0.761301
vt 0.310789 0.761522
vt 0.311839 0.747616
vt 0.324057 0.747424
vt 0.892017 0.700116
vt 0.878683 0.700186
vt 0.892355 0.706962
vt 0.879875 0.707008
vt 0.176136 0.669172
vt 0.163868 0.669152
vt 0.163649 0.664930
vt 0.176051 0.664917
vt 0.164086 0.673374
vt 0.176221 0.673427
vt 0.878683 0.664370
vt 0.892017 0.664441
vt 0.879875 0.657559
vt 0.892355 0.657607
vt 0.276040 0.340377
vt 0.273440 0.345150
vt 0.324504 0.743205
vt 0.312153 0.743365
vt 0.312467 0.739114
vt 0.324951 0.738985
vt 0.183176 0.867229
vt 0.187429 0.856273
vt 0.184060 0.867459
vt 0.270485 0.443406
vt 0.281695 0.443501
vt 0.189668 0.833517
vt 0.304467 0.443560
vt 0.187429 0.810761
vt 0.327206 0.443491
vt 0.298192 0.325933
vt 0.304394 0.325949
vt 0.304391 0.326858
vt 0.298186 0.326843
vt 0.875583 0.688476
vt 0.874971 0.682275
vt 0.310586 0.325930
vt 0.310588 0.326840
vt 0.875583 0.676074
vt 0.184060 0.799576
vt 0.338366 0.443392
vt 0.324918 0.747447
vt 0.324263 0.759315
vt 0.335706 0.356959
vt 0.334195 0.345042
vt 0.335291 0.345137
vt 0.325822 0.738727
vt 0.325370 0.743087
vt 0.331790 0.340619
vt 0.329385 0.336196
vt 0.330093 0.335593
vt 0.332692 0.340365
vt 0.877797 0.664214
vt 0.879011 0.657263
vt 0.322435 0.330115
vt 0.876356 0.672029
vt 0.314628 0.327527
vt 0.877797 0.700342
vt 0.876356 0.692523
vt 0.294135 0.327532
vt 0.286308 0.330122
vt 0.285943 0.329226
vt 0.293467 0.326736
vt 0.879011 0.707304
vt 0.279346 0.336206
vt 0.278641 0.335604
vt 0.163180 0.673408
vt 0.162964 0.669045
vt 0.276939 0.340631
vt 0.274532 0.345055
vt 0.163771 0.685274
vt 0.273025 0.356973
vt 0.324809 0.789592
vt 0.336637 0.387200
vt 0.337130 0.384416
vt 0.163609 0.771435
vt 0.162749 0.771834
vt 0.163413 0.715559
vt 0.272136 0.387214
vt 0.271643 0.384430
vt 0.162749 0.867582
vt 0.114655 0.387770
vt 0.136083 0.386449
vt 0.156296 0.385889
vt 0.174517 0.385072
vt 0.071461 0.386419
vt 0.092834 0.386719
vt 0.051356 0.385840
vt 0.033291 0.385006
vt 0.017962 0.383947
vt 0.733768 0.383820
vt 0.751711 0.383550
vt 0.713732 0.383986
vt 0.692372 0.384043
vt 0.670509 0.383986
vt 0.648984 0.383820
vt 0.628623 0.383550
vt 0.610209 0.383187
vt 0.366130 0.383594
vt 0.382894 0.383188
vt 0.346964 0.383897
vt 0.242455 0.383621
vt 0.261775 0.383916
vt 0.225485 0.383222
vt 0.558716 0.383361
vt 0.575672 0.383093
vt 0.539393 0.383560
vt 0.518443 0.383681
vt 0.496673 0.383721
vt 0.474919 0.383678
vt 0.454017 0.383553
vt 0.434769 0.383352
vt 0.417917 0.383082
vt 0.190046 0.384027
vt 0.325822 0.845850
vt 0.183934 0.770711
vt 0.162749 0.664683
vt 0.221752 0.606428
vt 0.221752 0.583566
vt 0.226206 0.561144
vt 0.234941 0.540025
vt 0.247623 0.521019
vt 0.263764 0.504857
vt 0.282744 0.492160
vt 0.303833 0.483417
vt 0.326221 0.478962
vt 0.349048 0.478968
vt 0.371436 0.483434
vt 0.392525 0.492188
vt 0.411505 0.504895
vt 0.427646 0.521065
vt 0.440328 0.540077
vt 0.444626 0.550428
vt 0.449063 0.561201
vt 0.453516 0.583625
vt 0.453516 0.606488
vt 0.451263 0.617920
vt 0.449063 0.628909
vt 0.440328 0.650029
vt 0.427646 0.669035
vt 0.411505 0.685197
vt 0.392525 0.697893
vt 0.371436 0.706637
vt 0.349048 0.711092
vt 0.326221 0.711086
vt 0.303833 0.706620
vt 0.282744 0.697865
vt 0.263764 0.685159
vt 0.247623 0.668989
vt 0.234941 0.649976
vt 0.226206 0.628852
vt 0.834465 0.781247
vt 0.814865 0.657263
vt 0.819161 0.657968
vt 0.828434 0.660835
vt 0.836405 0.667281
vt 0.841860 0.676513
vt 0.843969 0.691495
vt 0.847336 0.781240
vt 0.780829 0.781259
vt 0.800429 0.657267
vt 0.807647 0.657265
vt 0.807647 0.781251
vt 0.767958 0.781258
vt 0.771325 0.691511
vt 0.773434 0.676528
vt 0.778889 0.667293
vt 0.786860 0.660844
vt 0.796133 0.657973
vt 0.858707 0.940093
vt 0.856921 0.938762
vt 0.859390 0.937961
vt 0.947469 0.777715
vt 0.945840 0.778692
vt 0.945393 0.776883
vt 0.860916 0.940058
vt 0.859390 0.942155
vt 0.856921 0.941354
vt 0.947628 0.775649
vt 0.947815 0.740358
vt 0.945563 0.740766
vt 0.946592 0.738543
vt 0.947989 0.172818
vt 0.945958 0.171947
vt 0.947885 0.170568
vt 0.985520 0.689810
vt 0.983779 0.690500
vt 0.983779 0.688315
vt 0.552420 0.984316
vt 0.552376 0.986182
vt 0.550572 0.984316
vt 0.949456 0.776694
vt 0.949052 0.738429
vt 0.950090 0.171903
vt 0.048852 0.952872
vt 0.046586 0.952712
vt 0.046586 0.946819
vt 0.048852 0.946979
vt 0.943667 0.775468
vt 0.943605 0.773237
vt 0.945393 0.774328
vt 0.848646 0.289447
vt 0.848122 0.287228
vt 0.849949 0.288481
vt 0.852844 0.290815
vt 0.850590 0.290627
vt 0.852417 0.289285
vt 0.951757 0.170689
vt 0.950100 0.169316
vt 0.951757 0.168670
vt 0.797089 0.626926
vt 0.797089 0.629221
vt 0.795407 0.627786
vt 0.947469 0.773368
vt 0.945840 0.772003
vt 0.948351 0.771887
vt 0.849949 0.285887
vt 0.852417 0.285088
vt 0.851754 0.287164
vt 0.850590 0.283835
vt 0.852844 0.283674
vt 0.853942 0.287188
vt 0.854582 0.285136
vt 0.985377 0.658085
vt 0.983779 0.659372
vt 0.983850 0.657263
vt 0.854582 0.289334
vt 0.948006 0.168417
vt 0.949553 0.167334
vt 0.947607 0.736273
vt 0.945358 0.736691
vt 0.945761 0.734939
vt 0.949456 0.774140
vt 0.275165 0.933331
vt 0.275165 0.931075
vt 0.276720 0.931619
vt 0.948201 0.241350
vt 0.945958 0.241504
vt 0.945958 0.235647
vt 0.948201 0.235493
vt 0.948139 0.207839
vt 0.945958 0.207844
vt 0.945958 0.201946
vt 0.948140 0.201940
vt 0.985377 0.660680
vt 0.949543 0.736497
vt 0.944118 0.738611
vt 0.943605 0.736383
vt 0.950044 0.241336
vt 0.950044 0.235479
vt 0.950043 0.207669
vt 0.950043 0.201770
vt 0.369998 0.948124
vt 0.372263 0.948280
vt 0.372263 0.954169
vt 0.369998 0.954013
vt 0.951741 0.172856
vt 0.949525 0.174108
vt 0.945968 0.169360
vt 0.949543 0.740582
vt 0.943607 0.740474
vt 0.857605 0.943374
vt 0.855670 0.942168
vt 0.824724 0.626926
vt 0.826230 0.627533
vt 0.824724 0.629218
vt 0.861599 0.942078
vt 0.859870 0.943530
vt 0.946972 0.174135
vt 0.861599 0.937885
vt 0.859870 0.936396
vt 0.943605 0.777371
vt 0.855136 0.939981
vt 0.947387 0.742026
vt 0.857605 0.936589
vt 0.855670 0.937758
vt 0.919990 0.677732
vt 0.920015 0.672077
vt 0.921564 0.672076
vt 0.921539 0.677732
vt 0.104691 0.901284
vt 0.110124 0.901359
vt 0.110124 0.944081
vt 0.104691 0.944005
vt 0.115125 0.901482
vt 0.115125 0.944203
vt 0.119504 0.901646
vt 0.119504 0.944367
vt 0.767958 0.898497
vt 0.772446 0.898087
vt 0.772446 0.940555
vt 0.767958 0.940966
vt 0.777529 0.897787
vt 0.777529 0.940256
vt 0.783011 0.897610
vt 0.783011 0.940078
vt 0.788681 0.897562
vt 0.788681 0.940030
vt 0.794322 0.897645
vt 0.794322 0.940113
vt 0.799717 0.897856
vt 0.799717 0.940324
vt 0.804659 0.898186
vt 0.804659 0.940655
vt 0.808958 0.898624
vt 0.808958 0.941092
vt 0.889402 0.450468
vt 0.885004 0.450670
vt 0.885004 0.407972
vt 0.889402 0.407770
vt 0.879988 0.450820
vt 0.879988 0.408122
vt 0.874546 0.450912
vt 0.874546 0.408214
vt 0.868888 0.450943
vt 0.868888 0.408245
vt 0.863230 0.450911
vt 0.863230 0.408213
vt 0.857792 0.450818
vt 0.857792 0.408121
vt 0.852780 0.450668
vt 0.852780 0.407970
vt 0.848389 0.450466
vt 0.848389 0.407768
vt 0.878030 0.556608
vt 0.882353 0.556595
vt 0.882350 0.599360
vt 0.878027 0.599373
vt 0.887314 0.556585
vt 0.887311 0.599350
vt 0.892722 0.556579
vt 0.892719 0.599344
vt 0.898368 0.556577
vt 0.898364 0.599341
vt 0.904035 0.556579
vt 0.904032 0.599344
vt 0.909506 0.556585
vt 0.909503 0.599350
vt 0.914572 0.556595
vt 0.914568 0.599360
vt 0.919035 0.556608
vt 0.919032 0.599373
vt 0.920089 0.688840
vt 0.920015 0.683392
vt 0.921564 0.683392
vt 0.921639 0.688840
vt 0.082902 0.901475
vt 0.087928 0.901355
vt 0.087928 0.944076
vt 0.082902 0.944196
vt 0.912341 0.060765
vt 0.908919 0.060746
vt 0.908917 0.015281
vt 0.912339 0.015300
vt 0.093375 0.901281
vt 0.099036 0.901257
vt 0.099036 0.943978
vt 0.093375 0.944002
vt 0.904069 0.808993
vt 0.907095 0.809066
vt 0.907104 0.854556
vt 0.904079 0.854482
vt 0.709701 0.853124
vt 0.708344 0.849847
vt 0.717475 0.844965
vt 0.719609 0.850118
vt 0.901421 0.808894
vt 0.901430 0.854384
vt 0.710392 0.856603
vt 0.720696 0.855588
vt 0.895980 0.289341
vt 0.893266 0.289598
vt 0.893127 0.244378
vt 0.895841 0.244121
vt 0.710392 0.860150
vt 0.720696 0.861165
vt 0.899054 0.289150
vt 0.898915 0.243930
vt 0.709700 0.863629
vt 0.719608 0.866636
vt 0.902370 0.289033
vt 0.902231 0.243813
vt 0.708344 0.866906
vt 0.717474 0.871789
vt 0.905800 0.288993
vt 0.905661 0.243773
vt 0.706374 0.869855
vt 0.714377 0.876426
vt 0.909213 0.289033
vt 0.909074 0.243813
vt 0.703867 0.872363
vt 0.710435 0.880370
vt 0.912477 0.289150
vt 0.912338 0.243930
vt 0.700919 0.874334
vt 0.705799 0.883469
vt 0.915467 0.289341
vt 0.915328 0.244121
vt 0.697643 0.875691
vt 0.700648 0.885603
vt 0.918069 0.289598
vt 0.917929 0.244378
vt 0.915632 0.060821
vt 0.915629 0.015356
vt 0.694166 0.876383
vt 0.695181 0.886691
vt 0.899170 0.060911
vt 0.896509 0.061034
vt 0.896507 0.015569
vt 0.899167 0.015446
vt 0.905496 0.060765
vt 0.905494 0.015300
vt 0.690621 0.876383
vt 0.689606 0.886691
vt 0.902204 0.060821
vt 0.902202 0.015356
vt 0.921320 0.061034
vt 0.918663 0.060911
vt 0.918661 0.015446
vt 0.921317 0.015569
vt 0.687144 0.875691
vt 0.684138 0.885603
vt 0.244327 0.886616
vt 0.246943 0.886608
vt 0.246939 0.932144
vt 0.244324 0.932152
vt 0.683868 0.874333
vt 0.678987 0.883468
vt 0.241326 0.886622
vt 0.241323 0.932158
vt 0.680921 0.872363
vt 0.674352 0.880370
vt 0.238055 0.886626
vt 0.238052 0.932162
vt 0.678414 0.869855
vt 0.670410 0.876426
vt 0.676445 0.849847
vt 0.675088 0.853124
vt 0.665180 0.850118
vt 0.667314 0.844965
vt 0.234640 0.886627
vt 0.234636 0.932163
vt 0.676444 0.866906
vt 0.667313 0.871788
vt 0.678415 0.846898
vt 0.670412 0.840327
vt 0.231211 0.886626
vt 0.231208 0.932162
vt 0.675088 0.863629
vt 0.665180 0.866636
vt 0.680922 0.844390
vt 0.674354 0.836383
vt 0.227901 0.886622
vt 0.227898 0.932158
vt 0.674396 0.860150
vt 0.664092 0.861165
vt 0.683870 0.842420
vt 0.678989 0.833285
vt 0.224837 0.886616
vt 0.224834 0.932152
vt 0.674396 0.856603
vt 0.664093 0.855588
vt 0.687145 0.841062
vt 0.684140 0.831150
vt 0.222137 0.886608
vt 0.222134 0.932144
vt 0.690622 0.840370
vt 0.689608 0.830062
vt 0.923563 0.808993
vt 0.926231 0.808894
vt 0.926240 0.854384
vt 0.923572 0.854482
vt 0.694168 0.840370
vt 0.695183 0.830062
vt 0.920522 0.809066
vt 0.920532 0.854556
vt 0.697645 0.841062
vt 0.700651 0.831150
vt 0.917227 0.809111
vt 0.917236 0.854601
vt 0.700920 0.842420
vt 0.705801 0.833285
vt 0.913803 0.809126
vt 0.913812 0.854616
vt 0.703868 0.844390
vt 0.710436 0.836383
vt 0.910382 0.809111
vt 0.910391 0.854601
vt 0.706375 0.846898
vt 0.714378 0.840327
vt 0.908917 0.013818
vt 0.912447 0.013837
vt 0.915840 0.013895
vt 0.918967 0.013988
vt 0.921706 0.014114
vt 0.247335 0.933580
vt 0.244638 0.933589
vt 0.241543 0.933595
vt 0.238169 0.933599
vt 0.234647 0.933600
vt 0.231111 0.933599
vt 0.227697 0.933595
vt 0.224537 0.933589
vt 0.221752 0.933580
vt 0.926627 0.855835
vt 0.923876 0.855936
vt 0.920740 0.856012
vt 0.917341 0.856059
vt 0.913810 0.856074
vt 0.910282 0.856059
vt 0.906892 0.856012
vt 0.903772 0.855936
vt 0.901040 0.855835
vt 0.892744 0.242907
vt 0.895543 0.242642
vt 0.898713 0.242446
vt 0.902133 0.242325
vt 0.905671 0.242284
vt 0.909190 0.242325
vt 0.912557 0.242446
vt 0.915640 0.242642
vt 0.918323 0.242907
vt 0.896119 0.014114
vt 0.898862 0.013988
vt 0.901992 0.013895
vt 0.905387 0.013837
vt 0.923022 0.672186
vt 0.922997 0.677734
vt 0.923095 0.666856
vt 0.921639 0.666644
vt 0.923214 0.661949
vt 0.921760 0.661642
vt 0.923374 0.657653
vt 0.921924 0.657263
vt 0.447690 0.743516
vt 0.447274 0.739114
vt 0.448745 0.738731
vt 0.449169 0.743218
vt 0.448000 0.748501
vt 0.449484 0.748299
vt 0.448190 0.753878
vt 0.449678 0.753781
vt 0.448254 0.759441
vt 0.449744 0.759451
vt 0.448190 0.764976
vt 0.449678 0.765092
vt 0.448000 0.770269
vt 0.449484 0.770488
vt 0.447690 0.775118
vt 0.449169 0.775431
vt 0.447274 0.779337
vt 0.448745 0.779731
vt 0.884699 0.403747
vt 0.889014 0.403549
vt 0.889402 0.405003
vt 0.885004 0.405205
vt 0.879778 0.403894
vt 0.879988 0.405355
vt 0.874439 0.403984
vt 0.874546 0.405447
vt 0.868888 0.404014
vt 0.868888 0.405478
vt 0.863338 0.403984
vt 0.863230 0.405446
vt 0.858002 0.403893
vt 0.857792 0.405354
vt 0.853086 0.403745
vt 0.852780 0.405203
vt 0.848778 0.403547
vt 0.848389 0.405001
vt 0.882664 0.603567
vt 0.878422 0.603581
vt 0.878026 0.602144
vt 0.882350 0.602131
vt 0.887531 0.603558
vt 0.887311 0.602121
vt 0.892836 0.603552
vt 0.892718 0.602115
vt 0.898375 0.603550
vt 0.898364 0.602113
vt 0.903935 0.603552
vt 0.904032 0.602115
vt 0.909303 0.603558
vt 0.909503 0.602121
vt 0.914272 0.603567
vt 0.914568 0.602131
vt 0.918651 0.603581
vt 0.919032 0.602144
vt 0.923214 0.693562
vt 0.923374 0.697889
vt 0.921924 0.698276
vt 0.921760 0.693866
vt 0.923095 0.688631
vt 0.923022 0.683287
vt 0.920089 0.666644
vt 0.920211 0.693866
vt 0.078491 0.901638
vt 0.078491 0.944359
vt 0.920374 0.698277
vt 0.914568 0.600580
vt 0.919032 0.600593
vt 0.909503 0.600570
vt 0.904032 0.600564
vt 0.898364 0.600562
vt 0.892718 0.600564
vt 0.887311 0.600570
vt 0.882350 0.600580
vt 0.878026 0.600593
vt 0.852780 0.406752
vt 0.848389 0.406550
vt 0.857792 0.406902
vt 0.863230 0.406995
vt 0.868888 0.407026
vt 0.874546 0.406995
vt 0.879988 0.406903
vt 0.885004 0.406753
vt 0.889402 0.406552
vt 0.450709 0.775426
vt 0.450285 0.779726
vt 0.451024 0.770483
vt 0.451219 0.765088
vt 0.451284 0.759446
vt 0.451219 0.753776
vt 0.451024 0.748295
vt 0.450709 0.743213
vt 0.450285 0.738727
vt 0.920211 0.661642
vt 0.920374 0.657264
vt 0.592132 0.822777
vt 0.596828 0.819622
vt 0.597162 0.820118
vt 0.592558 0.823212
vt 0.099033 0.944614
vt 0.093483 0.944637
vt 0.582838 0.836771
vt 0.585000 0.831520
vt 0.585565 0.831784
vt 0.583445 0.836932
vt 0.450710 0.813011
vt 0.449623 0.807544
vt 0.450175 0.807366
vt 0.451284 0.812941
vt 0.585000 0.858861
vt 0.582838 0.853608
vt 0.583445 0.853441
vt 0.585565 0.858592
vt 0.783106 0.940750
vt 0.777732 0.940924
vt 0.592132 0.867613
vt 0.588138 0.863590
vt 0.588642 0.863228
vt 0.592558 0.867172
vt 0.794197 0.940784
vt 0.788666 0.940703
vt 0.602047 0.872953
vt 0.596828 0.870774
vt 0.597162 0.870272
vt 0.602279 0.872408
vt 0.804333 0.941315
vt 0.799487 0.940991
vt 0.613235 0.874069
vt 0.607586 0.874065
vt 0.607711 0.873499
vt 0.613249 0.873502
vt 0.848308 0.139599
vt 0.848854 0.134052
vt 0.849404 0.134042
vt 0.848847 0.139699
vt 0.879772 0.407483
vt 0.874436 0.407574
vt 0.868888 0.407604
vt 0.863341 0.407573
vt 0.858009 0.407482
vt 0.853095 0.407335
vt 0.429453 0.929754
vt 0.430007 0.935412
vt 0.429513 0.935401
vt 0.428970 0.929854
vt 0.043651 0.907999
vt 0.043651 0.913571
vt 0.043095 0.913610
vt 0.043095 0.907927
vt 0.887538 0.599962
vt 0.892840 0.599956
vt 0.898375 0.599954
vt 0.903932 0.599956
vt 0.909297 0.599962
vt 0.914263 0.599971
vt 0.856264 0.903221
vt 0.857881 0.908554
vt 0.857343 0.908761
vt 0.855693 0.903322
vt 0.607586 0.816343
vt 0.613235 0.816347
vt 0.613249 0.816907
vt 0.607711 0.816903
vt 0.856264 0.892127
vt 0.855718 0.897674
vt 0.855136 0.897665
vt 0.855693 0.892008
vt 0.602047 0.817449
vt 0.602279 0.817988
vt 0.088142 0.944709
vt 0.588138 0.826795
vt 0.588642 0.827151
vt 0.104578 0.944639
vt 0.581736 0.848031
vt 0.581736 0.842346
vt 0.582365 0.842399
vt 0.582365 0.847973
vt 0.449623 0.824048
vt 0.450710 0.818583
vt 0.451284 0.818624
vt 0.450175 0.824198
vt 0.772748 0.941217
vt 0.848308 0.128505
vt 0.848847 0.128385
vt 0.618774 0.872963
vt 0.618681 0.872418
vt 0.884690 0.407336
vt 0.429453 0.941068
vt 0.428970 0.940947
vt 0.044738 0.919037
vt 0.044204 0.919184
vt 0.882674 0.599971
vt 0.044738 0.902534
vt 0.044204 0.902353
vt 0.618775 0.817459
vt 0.618681 0.817997
vt 0.857881 0.886793
vt 0.857343 0.886567
vt 0.109905 0.944714
vt 0.923910 0.499431
vt 0.925459 0.499430
vt 0.925484 0.505091
vt 0.923935 0.505091
vt 0.162023 0.901281
vt 0.162023 0.944002
vt 0.156576 0.944076
vt 0.156576 0.901355
vt 0.151550 0.944196
vt 0.151550 0.901475
vt 0.147139 0.944359
vt 0.147139 0.901637
vt 0.345470 0.873516
vt 0.345467 0.916281
vt 0.341003 0.916268
vt 0.341006 0.873503
vt 0.335938 0.916258
vt 0.335941 0.873493
vt 0.330467 0.916252
vt 0.330470 0.873487
vt 0.324799 0.916250
vt 0.324802 0.873485
vt 0.319153 0.916252
vt 0.319156 0.873487
vt 0.313746 0.916258
vt 0.313749 0.873493
vt 0.308785 0.916268
vt 0.308788 0.873503
vt 0.304462 0.916281
vt 0.304465 0.873516
vt 0.400299 0.901643
vt 0.400299 0.858945
vt 0.404690 0.859147
vt 0.404690 0.901845
vt 0.409702 0.859297
vt 0.409702 0.901995
vt 0.415141 0.859390
vt 0.415141 0.902088
vt 0.420798 0.859421
vt 0.420798 0.902119
vt 0.426456 0.859391
vt 0.426456 0.902088
vt 0.431898 0.859298
vt 0.431898 0.901996
vt 0.436915 0.859149
vt 0.436915 0.901846
vt 0.441312 0.858947
vt 0.441312 0.901645
vt 0.915970 0.736001
vt 0.915970 0.778469
vt 0.911671 0.778031
vt 0.911671 0.735563
vt 0.906730 0.777701
vt 0.906730 0.735232
vt 0.901334 0.777490
vt 0.901334 0.735022
vt 0.895693 0.777407
vt 0.895693 0.734939
vt 0.890023 0.777455
vt 0.890023 0.734987
vt 0.884541 0.777632
vt 0.884541 0.735164
vt 0.879458 0.777932
vt 0.879458 0.735464
vt 0.874971 0.778342
vt 0.874971 0.735874
vt 0.924010 0.488343
vt 0.925559 0.488342
vt 0.925484 0.493775
vt 0.923935 0.493776
vt 0.183774 0.901482
vt 0.183774 0.944203
vt 0.178772 0.944081
vt 0.178772 0.901359
vt 0.905496 0.135616
vt 0.905494 0.090151
vt 0.908917 0.090132
vt 0.908919 0.135597
vt 0.173339 0.901284
vt 0.173339 0.944005
vt 0.167684 0.943978
vt 0.167684 0.901257
vt 0.923563 0.883808
vt 0.923572 0.929298
vt 0.920532 0.929371
vt 0.920522 0.883882
vt 0.118266 0.859294
vt 0.124834 0.867300
vt 0.120198 0.870399
vt 0.115318 0.861264
vt 0.926231 0.883709
vt 0.926240 0.929199
vt 0.120773 0.856785
vt 0.128776 0.863356
vt 0.915114 0.318458
vt 0.915111 0.363994
vt 0.912411 0.363986
vt 0.912414 0.318450
vt 0.122742 0.853836
vt 0.131873 0.858719
vt 0.918178 0.318464
vt 0.918175 0.364000
vt 0.124099 0.850559
vt 0.134007 0.853566
vt 0.921488 0.318468
vt 0.921485 0.364004
vt 0.124791 0.847081
vt 0.135094 0.848095
vt 0.924917 0.318469
vt 0.924913 0.364005
vt 0.124791 0.843534
vt 0.135094 0.842518
vt 0.928332 0.318468
vt 0.928329 0.364004
vt 0.124099 0.840055
vt 0.134007 0.837048
vt 0.931603 0.318464
vt 0.931600 0.364000
vt 0.122742 0.836778
vt 0.131873 0.831895
vt 0.934604 0.318458
vt 0.934601 0.363994
vt 0.120773 0.833829
vt 0.128776 0.827258
vt 0.937220 0.318450
vt 0.937217 0.363986
vt 0.902204 0.135672
vt 0.902202 0.090207
vt 0.118266 0.831321
vt 0.124834 0.823314
vt 0.918663 0.135762
vt 0.918661 0.090298
vt 0.921317 0.090420
vt 0.921320 0.135885
vt 0.912339 0.090151
vt 0.912341 0.135616
vt 0.115318 0.829351
vt 0.120198 0.820215
vt 0.915632 0.135672
vt 0.915629 0.090207
vt 0.896509 0.135885
vt 0.896507 0.090420
vt 0.899167 0.090298
vt 0.899170 0.135762
vt 0.112042 0.827993
vt 0.115048 0.818081
vt 0.915467 0.214392
vt 0.915328 0.169172
vt 0.917929 0.169428
vt 0.918069 0.214649
vt 0.108565 0.827302
vt 0.109580 0.816993
vt 0.912477 0.214201
vt 0.912338 0.168981
vt 0.105020 0.827302
vt 0.104005 0.816993
vt 0.909213 0.214084
vt 0.909074 0.168864
vt 0.101543 0.827994
vt 0.098537 0.818082
vt 0.088794 0.843535
vt 0.078491 0.842520
vt 0.079578 0.837050
vt 0.089486 0.840056
vt 0.905800 0.214044
vt 0.905661 0.168824
vt 0.098267 0.829351
vt 0.093387 0.820216
vt 0.088794 0.847082
vt 0.078491 0.848098
vt 0.902370 0.214084
vt 0.902231 0.168864
vt 0.095319 0.831322
vt 0.088751 0.823315
vt 0.089486 0.850561
vt 0.079578 0.853568
vt 0.899054 0.214201
vt 0.898915 0.168981
vt 0.092813 0.833830
vt 0.084809 0.827259
vt 0.090843 0.853837
vt 0.081712 0.858721
vt 0.895980 0.214392
vt 0.895841 0.169172
vt 0.090843 0.836779
vt 0.081712 0.831897
vt 0.092812 0.856787
vt 0.084809 0.863358
vt 0.893266 0.214649
vt 0.893127 0.169428
vt 0.095319 0.859294
vt 0.088751 0.867302
vt 0.904069 0.883808
vt 0.904079 0.929298
vt 0.901430 0.929199
vt 0.901421 0.883709
vt 0.098267 0.861265
vt 0.093387 0.870400
vt 0.907095 0.883882
vt 0.907104 0.929371
vt 0.101543 0.862622
vt 0.098537 0.872534
vt 0.910382 0.883927
vt 0.910391 0.929416
vt 0.105020 0.863314
vt 0.104005 0.873622
vt 0.913803 0.883942
vt 0.913812 0.929432
vt 0.108565 0.863314
vt 0.109580 0.873622
vt 0.917227 0.883927
vt 0.917236 0.929416
vt 0.112042 0.862622
vt 0.115048 0.872534
vt 0.905387 0.088688
vt 0.908917 0.088669
vt 0.901992 0.088746
vt 0.898862 0.088839
vt 0.896119 0.088965
vt 0.915640 0.167693
vt 0.918323 0.167958
vt 0.912557 0.167496
vt 0.909190 0.167375
vt 0.905671 0.167334
vt 0.902133 0.167375
vt 0.898713 0.167496
vt 0.895543 0.167693
vt 0.892744 0.167958
vt 0.903772 0.930752
vt 0.901040 0.930650
vt 0.906892 0.930828
vt 0.910282 0.930874
vt 0.913810 0.930890
vt 0.917341 0.930874
vt 0.920740 0.930828
vt 0.923876 0.930752
vt 0.926627 0.930650
vt 0.914814 0.365431
vt 0.912030 0.365422
vt 0.917974 0.365437
vt 0.921388 0.365441
vt 0.924924 0.365442
vt 0.928446 0.365441
vt 0.931820 0.365437
vt 0.934915 0.365431
vt 0.937612 0.365422
vt 0.918966 0.088839
vt 0.921706 0.088965
vt 0.915840 0.088746
vt 0.912447 0.088688
vt 0.926942 0.504986
vt 0.926917 0.499433
vt 0.927016 0.510330
vt 0.925559 0.510538
vt 0.927135 0.515261
vt 0.925681 0.515564
vt 0.927295 0.519588
vt 0.925844 0.519975
vt 0.340707 0.920476
vt 0.341003 0.919039
vt 0.345467 0.919052
vt 0.345086 0.920489
vt 0.335738 0.920466
vt 0.335938 0.919029
vt 0.330370 0.920460
vt 0.330467 0.919023
vt 0.324810 0.920458
vt 0.324799 0.919021
vt 0.319271 0.920460
vt 0.319153 0.919023
vt 0.313966 0.920466
vt 0.313746 0.919029
vt 0.309099 0.920476
vt 0.308785 0.919039
vt 0.304857 0.920489
vt 0.304461 0.919052
vt 0.404996 0.854922
vt 0.404690 0.856380
vt 0.400299 0.856178
vt 0.400688 0.854723
vt 0.409913 0.855069
vt 0.409702 0.856530
vt 0.415248 0.855160
vt 0.415141 0.856623
vt 0.420798 0.855191
vt 0.420798 0.856655
vt 0.426350 0.855161
vt 0.426456 0.856624
vt 0.431688 0.855070
vt 0.431898 0.856531
vt 0.436610 0.854923
vt 0.436915 0.856382
vt 0.440924 0.854725
vt 0.441312 0.856180
vt 0.545204 0.868188
vt 0.546682 0.868501
vt 0.546258 0.872801
vt 0.544788 0.872407
vt 0.545513 0.863339
vt 0.546998 0.863558
vt 0.545704 0.858045
vt 0.547192 0.858162
vt 0.545768 0.852511
vt 0.547257 0.852521
vt 0.545704 0.846948
vt 0.547192 0.846850
vt 0.545513 0.841571
vt 0.546998 0.841369
vt 0.545204 0.836585
vt 0.546682 0.836288
vt 0.544788 0.832184
vt 0.546258 0.831801
vt 0.927135 0.483648
vt 0.925681 0.483341
vt 0.925844 0.478962
vt 0.927295 0.479352
vt 0.927016 0.488555
vt 0.926942 0.493885
vt 0.924010 0.510539
vt 0.924131 0.483341
vt 0.188152 0.901646
vt 0.188152 0.944367
vt 0.924294 0.478962
vt 0.548223 0.836283
vt 0.547798 0.831796
vt 0.548538 0.841365
vt 0.548732 0.846846
vt 0.548798 0.852516
vt 0.548732 0.858157
vt 0.548538 0.863553
vt 0.548223 0.868496
vt 0.547798 0.872796
vt 0.436915 0.857930
vt 0.441312 0.857728
vt 0.431898 0.858080
vt 0.426456 0.858172
vt 0.420798 0.858203
vt 0.415141 0.858172
vt 0.409702 0.858079
vt 0.404690 0.857928
vt 0.400299 0.857726
vt 0.308785 0.917488
vt 0.304461 0.917502
vt 0.313746 0.917478
vt 0.319153 0.917472
vt 0.324799 0.917470
vt 0.330467 0.917472
vt 0.335938 0.917478
vt 0.341003 0.917488
vt 0.345467 0.917502
vt 0.924131 0.515565
vt 0.924294 0.519975
vt 0.024213 0.823427
vt 0.024639 0.823862
vt 0.020723 0.827801
vt 0.020219 0.827445
vt 0.167681 0.944614
vt 0.173226 0.944639
vt 0.039668 0.816993
vt 0.039792 0.817553
vt 0.034360 0.818637
vt 0.034128 0.818099
vt 0.552484 0.907263
vt 0.551913 0.907144
vt 0.553563 0.901704
vt 0.554101 0.901929
vt 0.330367 0.916864
vt 0.335732 0.916870
vt 0.319275 0.916864
vt 0.324810 0.916862
vt 0.309109 0.916880
vt 0.313973 0.916870
vt 0.014373 0.907999
vt 0.013818 0.907927
vt 0.014927 0.902353
vt 0.015460 0.902534
vt 0.400782 0.941068
vt 0.400299 0.940947
vt 0.400842 0.935401
vt 0.401335 0.935412
vt 0.015460 0.919037
vt 0.014927 0.919184
vt 0.013818 0.913610
vt 0.014373 0.913571
vt 0.415252 0.858750
vt 0.409919 0.858659
vt 0.426346 0.858750
vt 0.420799 0.858781
vt 0.045316 0.874718
vt 0.045330 0.874152
vt 0.050762 0.873068
vt 0.050856 0.873613
vt 0.436601 0.858513
vt 0.431682 0.858660
vt 0.034128 0.873603
vt 0.034360 0.873058
vt 0.039792 0.874149
vt 0.039668 0.874715
vt 0.732496 0.914446
vt 0.733035 0.914326
vt 0.733592 0.919983
vt 0.733042 0.919992
vt 0.024213 0.868262
vt 0.024639 0.867822
vt 0.029244 0.870922
vt 0.028909 0.871424
vt 0.901210 0.778161
vt 0.906499 0.778367
vt 0.017081 0.859511
vt 0.017646 0.859242
vt 0.020723 0.863878
vt 0.020219 0.864240
vt 0.890119 0.778127
vt 0.895678 0.778079
vt 0.013818 0.848681
vt 0.014446 0.848623
vt 0.015527 0.854091
vt 0.014919 0.854258
vt 0.879760 0.778594
vt 0.884744 0.778300
vt 0.014919 0.837421
vt 0.015527 0.837582
vt 0.014446 0.843049
vt 0.013818 0.842996
vt 0.276252 0.892253
vt 0.276826 0.892183
vt 0.276826 0.897866
vt 0.276252 0.897825
vt 0.017646 0.832434
vt 0.017081 0.832170
vt 0.178553 0.944714
vt 0.028909 0.820271
vt 0.029244 0.820767
vt 0.162131 0.944637
vt 0.050856 0.818109
vt 0.050762 0.818647
vt 0.045330 0.817557
vt 0.045316 0.816997
vt 0.552484 0.918357
vt 0.551913 0.918458
vt 0.551356 0.912801
vt 0.551937 0.912810
vt 0.340698 0.916880
vt 0.554101 0.923690
vt 0.553563 0.923897
vt 0.400299 0.929854
vt 0.400782 0.929754
vt 0.405005 0.858511
vt 0.733035 0.925640
vt 0.732496 0.925539
vt 0.911345 0.778692
vt 0.275717 0.903440
vt 0.275165 0.903290
vt 0.275165 0.886787
vt 0.275717 0.886608
vt 0.156790 0.944709
vt 0.221759 0.961235
vt 0.225137 0.961235
vt 0.225130 0.963633
vt 0.221752 0.963633
vt 0.225134 0.966342
vt 0.221757 0.966341
vt 0.979438 0.559949
vt 0.979438 0.556577
vt 0.982379 0.556597
vt 0.982379 0.559970
vt 0.968602 0.356238
vt 0.965247 0.356238
vt 0.965465 0.353922
vt 0.968819 0.353922
vt 0.949237 0.596069
vt 0.946670 0.594586
vt 0.946670 0.591622
vt 0.949237 0.590141
vt 0.951803 0.591624
vt 0.951803 0.594588
vt 0.965338 0.351162
vt 0.968692 0.351162
vt 0.985050 0.080959
vt 0.985050 0.084333
vt 0.982110 0.084316
vt 0.982110 0.080942
vt 0.855140 0.971165
vt 0.858518 0.971165
vt 0.858514 0.973958
vt 0.855136 0.973958
vt 0.858521 0.976216
vt 0.855143 0.976216
vt 0.977834 0.628854
vt 0.977834 0.625482
vt 0.980761 0.625455
vt 0.980761 0.628828
vt 0.957616 0.888851
vt 0.954262 0.888798
vt 0.954438 0.886056
vt 0.957792 0.886110
vt 0.949341 0.082423
vt 0.951908 0.080942
vt 0.954476 0.082425
vt 0.954476 0.085388
vt 0.951908 0.086869
vt 0.949341 0.085386
vt 0.954262 0.883709
vt 0.957616 0.883763
vt 0.982320 0.167334
vt 0.982320 0.170709
vt 0.979392 0.170730
vt 0.979392 0.167355
vt 0.980584 0.201770
vt 0.980584 0.205145
vt 0.977678 0.205171
vt 0.977678 0.201797
vt 0.116122 0.972349
vt 0.119500 0.972349
vt 0.119497 0.975180
vt 0.116119 0.975180
vt 0.119504 0.977357
vt 0.116126 0.977357
vt 0.977090 0.775292
vt 0.977090 0.771920
vt 0.979994 0.771887
vt 0.979994 0.775259
vt 0.951908 0.053307
vt 0.949341 0.051824
vt 0.949341 0.048861
vt 0.951908 0.047380
vt 0.954475 0.048863
vt 0.954475 0.051826
vt 0.585197 0.975895
vt 0.581843 0.975895
vt 0.581961 0.973106
vt 0.585315 0.973106
vt 0.581736 0.970840
vt 0.585090 0.970840
vt 0.954930 0.481589
vt 0.958304 0.481596
vt 0.958371 0.484099
vt 0.954997 0.484092
vt 0.667051 0.982748
vt 0.667050 0.986126
vt 0.664092 0.986126
vt 0.664093 0.982749
vt 0.957635 0.921624
vt 0.954262 0.921616
vt 0.954346 0.918984
vt 0.957718 0.918992
vt 0.954262 0.916486
vt 0.957635 0.916495
vt 0.339796 0.948124
vt 0.342363 0.949607
vt 0.342363 0.952571
vt 0.339796 0.954052
vt 0.337230 0.952569
vt 0.337230 0.949605
vt 0.697650 0.982748
vt 0.697650 0.986102
vt 0.694686 0.986109
vt 0.694686 0.982755
vt 0.954997 0.478962
vt 0.958371 0.478969
vt 0.957222 0.982032
vt 0.957222 0.985406
vt 0.954262 0.985414
vt 0.954262 0.982040
vt 0.901045 0.958525
vt 0.904422 0.958525
vt 0.904417 0.961206
vt 0.901040 0.961205
vt 0.904423 0.963643
vt 0.901046 0.963642
vt 0.369998 0.985187
vt 0.369998 0.981814
vt 0.372957 0.981804
vt 0.372957 0.985176
vt 0.949341 0.015300
vt 0.951908 0.013817
vt 0.954475 0.015298
vt 0.954475 0.018262
vt 0.951908 0.019745
vt 0.949341 0.018264
vt 0.957616 0.846824
vt 0.954262 0.846809
vt 0.954437 0.844190
vt 0.957791 0.844205
vt 0.954262 0.841678
vt 0.957617 0.841692
vt 0.252778 0.961235
vt 0.256156 0.961235
vt 0.256149 0.963633
vt 0.252772 0.963633
vt 0.256154 0.966342
vt 0.252776 0.966341
vt 0.979438 0.596049
vt 0.979438 0.592676
vt 0.982379 0.592697
vt 0.982379 0.596069
vt 0.968602 0.323527
vt 0.965247 0.323527
vt 0.965465 0.321211
vt 0.968819 0.321211
vt 0.951009 0.693832
vt 0.953577 0.692350
vt 0.956144 0.693832
vt 0.956144 0.696795
vt 0.953577 0.698277
vt 0.951009 0.696795
vt 0.965338 0.318450
vt 0.968692 0.318450
vt 0.985050 0.013835
vt 0.985050 0.017209
vt 0.982110 0.017192
vt 0.982110 0.013817
vt 0.553926 0.951571
vt 0.554101 0.953983
vt 0.550747 0.953945
vt 0.550572 0.951532
vt 0.553926 0.956681
vt 0.550572 0.956643
vt 0.016760 0.983755
vt 0.013818 0.983775
vt 0.013818 0.980403
vt 0.016760 0.980383
vt 0.767965 0.974032
vt 0.767958 0.971703
vt 0.771336 0.971703
vt 0.771343 0.974032
vt 0.954476 0.134404
vt 0.951908 0.135885
vt 0.949341 0.134402
vt 0.949341 0.131439
vt 0.951908 0.129958
vt 0.954476 0.131440
vt 0.767963 0.968950
vt 0.771340 0.968950
vt 0.982111 0.114520
vt 0.985054 0.114504
vt 0.985054 0.117878
vt 0.982111 0.117894
vt 0.616417 0.970840
vt 0.616532 0.973639
vt 0.613178 0.973639
vt 0.613063 0.970840
vt 0.616304 0.975884
vt 0.612950 0.975884
vt 0.980605 0.241504
vt 0.977679 0.241477
vt 0.977679 0.238105
vt 0.980605 0.238132
vt 0.426626 0.973786
vt 0.426622 0.971034
vt 0.430000 0.971035
vt 0.430004 0.973786
vt 0.309594 0.949605
vt 0.309594 0.952569
vt 0.307028 0.954052
vt 0.304461 0.952571
vt 0.304461 0.949607
vt 0.307028 0.948124
vt 0.426629 0.968703
vt 0.430007 0.968704
vt 0.978725 0.283669
vt 0.981649 0.283691
vt 0.981649 0.287065
vt 0.978725 0.287043
vt 0.977178 0.738624
vt 0.980079 0.738652
vt 0.980079 0.742026
vt 0.977178 0.741998
vt 0.150630 0.972349
vt 0.150731 0.975186
vt 0.147377 0.975186
vt 0.147276 0.972349
vt 0.150493 0.977349
vt 0.147139 0.977349
vt 0.188152 0.975755
vt 0.185249 0.975721
vt 0.185249 0.972349
vt 0.188152 0.972382
vt 0.016384 0.952747
vt 0.013818 0.951266
vt 0.013818 0.948302
vt 0.016384 0.946819
vt 0.018951 0.948300
vt 0.018951 0.951264
vt 0.078494 0.977397
vt 0.078491 0.974602
vt 0.081868 0.974602
vt 0.081872 0.977397
vt 0.078498 0.972349
vt 0.081876 0.972349
vt 0.954930 0.514230
vt 0.954997 0.511742
vt 0.958371 0.511734
vt 0.958304 0.514222
vt 0.983161 0.403547
vt 0.986118 0.403572
vt 0.986118 0.406926
vt 0.983161 0.406901
vt 0.957635 0.949259
vt 0.957718 0.951894
vt 0.954345 0.951903
vt 0.954262 0.949268
vt 0.957635 0.954388
vt 0.954262 0.954397
vt 0.949237 0.562506
vt 0.946670 0.561024
vt 0.946670 0.558059
vt 0.949237 0.556577
vt 0.951803 0.558058
vt 0.951803 0.561023
vt 0.983161 0.441662
vt 0.986125 0.441662
vt 0.986125 0.445040
vt 0.983161 0.445039
vt 0.954997 0.516870
vt 0.958371 0.516862
vt 0.339405 0.981687
vt 0.342363 0.981696
vt 0.342363 0.985070
vt 0.339405 0.985061
vt 0.950024 0.623704
vt 0.950199 0.626392
vt 0.946845 0.626427
vt 0.946670 0.623740
vt 0.950024 0.628819
vt 0.946670 0.628854
vt 0.307420 0.985070
vt 0.304461 0.985059
vt 0.304461 0.981687
vt 0.307420 0.981697
vt 0.956144 0.658746
vt 0.956144 0.661709
vt 0.953577 0.663190
vt 0.951009 0.661708
vt 0.951009 0.658745
vt 0.953577 0.657263
vt 0.732501 0.958405
vt 0.732496 0.955776
vt 0.735874 0.955776
vt 0.735879 0.958405
vt 0.732502 0.953275
vt 0.735880 0.953275
vt 0.957616 0.808933
vt 0.957792 0.811345
vt 0.954438 0.811306
vt 0.954262 0.808894
vt 0.957616 0.814043
vt 0.954262 0.814004
vt 0.048852 0.983879
vt 0.045910 0.983900
vt 0.045910 0.980527
vt 0.048852 0.980507
vt 0.805580 0.974032
vt 0.805574 0.971703
vt 0.808951 0.971703
vt 0.808958 0.974032
vt 0.948524 0.289598
vt 0.945958 0.288115
vt 0.945958 0.285151
vt 0.948524 0.283669
vt 0.951090 0.285151
vt 0.951090 0.288116
vt 0.805578 0.968950
vt 0.808955 0.968950
vt 0.982110 0.049933
vt 0.985054 0.049917
vt 0.985054 0.053291
vt 0.982110 0.053307
vt 0.483472 0.927627
vt 0.485703 0.924287
vt 0.488542 0.921446
vt 0.491881 0.919214
vt 0.495591 0.917677
vt 0.499529 0.916893
vt 0.503544 0.916893
vt 0.507483 0.917677
vt 0.511192 0.919214
vt 0.514531 0.921446
vt 0.517370 0.924287
vt 0.519601 0.927627
vt 0.521137 0.931338
vt 0.521920 0.935278
vt 0.521920 0.939295
vt 0.521137 0.943235
vt 0.519600 0.946947
vt 0.517369 0.950287
vt 0.514530 0.953127
vt 0.511191 0.955359
vt 0.507481 0.956897
vt 0.503543 0.957680
vt 0.499527 0.957680
vt 0.495589 0.956897
vt 0.491879 0.955359
vt 0.488541 0.953127
vt 0.485702 0.950287
vt 0.483471 0.946947
vt 0.481934 0.943235
vt 0.481151 0.939295
vt 0.481151 0.935278
vt 0.481935 0.931338
vt 0.664092 0.932712
vt 0.664876 0.928772
vt 0.666412 0.925060
vt 0.668643 0.921720
vt 0.671483 0.918879
vt 0.674821 0.916647
vt 0.678531 0.915110
vt 0.682469 0.914326
vt 0.686485 0.914326
vt 0.690423 0.915110
vt 0.694133 0.916647
vt 0.697471 0.918878
vt 0.700311 0.921719
vt 0.702541 0.925059
vt 0.704078 0.928770
vt 0.704861 0.932710
vt 0.704861 0.936727
vt 0.704078 0.940667
vt 0.702541 0.944379
vt 0.700310 0.947719
vt 0.697471 0.950560
vt 0.694133 0.952792
vt 0.690423 0.954329
vt 0.686485 0.955113
vt 0.682469 0.955113
vt 0.678531 0.954330
vt 0.674821 0.952793
vt 0.671483 0.950561
vt 0.668643 0.947720
vt 0.666412 0.944380
vt 0.664876 0.940669
vt 0.664092 0.936729
s 1
usemtl House.001
f 232/1/1 230/2/2 38/3/3 36/4/4
f 222/5/5 224/6/6 90/7/7 87/8/8
f 236/9/9 181/10/9 39/11/9 229/12/9
f 184/13/10 186/14/10 50/15/11 46/16/12
f 228/17/13 183/18/13 45/19/13 221/20/13
f 58/21/14 120/22/15 121/23/16 56/24/17
f 206/25/9 207/26/9 93/27/9 91/28/9
f 207/26/9 208/29/9 95/30/9 93/27/9
f 208/29/9 209/31/9 97/32/9 95/30/9
f 209/31/9 210/33/9 99/34/9 97/32/9
f 210/33/9 211/35/9 101/36/9 99/34/9
f 211/35/9 212/37/9 103/38/9 101/36/9
f 212/37/9 213/39/9 105/40/9 103/38/9
f 213/39/9 214/41/9 107/42/9 105/40/9
f 214/41/9 215/43/9 109/44/9 107/42/9
f 215/43/9 216/45/9 111/46/9 109/44/9
f 216/45/9 217/47/9 113/48/9 111/46/9
f 217/47/9 218/49/9 115/50/9 113/48/9
f 218/49/9 219/51/9 117/52/9 115/50/9
f 219/51/9 220/53/9 119/54/9 117/52/9
f 220/53/9 188/55/9 122/56/9 119/54/9
f 180/57/18 182/58/18 43/59/18 42/60/18
f 60/61/19 118/62/20 120/22/15 58/21/14
f 62/63/21 116/64/22 118/62/20 60/61/19
f 64/65/23 114/66/24 116/64/22 62/63/21
f 66/67/25 112/68/26 114/66/24 64/65/23
f 68/69/27 110/70/28 112/68/26 66/67/25
f 70/71/29 108/72/30 110/70/28 68/69/27
f 72/73/31 106/74/31 108/72/30 70/71/29
f 74/75/32 104/76/33 106/74/31 72/73/31
f 76/77/34 102/78/35 104/76/33 74/75/32
f 78/79/36 100/80/37 102/78/35 76/77/34
f 80/81/38 98/82/39 100/80/37 78/79/36
f 82/83/40 96/84/41 98/82/39 80/81/38
f 84/85/42 94/86/43 96/84/41 82/83/40
f 86/87/44 92/88/45 94/86/43 84/85/42
f 87/8/8 90/7/7 92/88/45 86/87/44
f 190/89/9 206/25/9 91/28/9 89/90/9
f 227/91/9 190/89/9 89/90/9 223/92/9
f 205/93/13 189/94/13 88/95/13 85/96/13
f 204/97/13 205/93/13 85/96/13 83/98/13
f 203/99/13 204/97/13 83/98/13 81/100/13
f 202/101/13 203/99/13 81/100/13 79/102/13
f 201/103/13 202/101/13 79/102/13 77/104/13
f 200/105/13 201/103/13 77/104/13 75/106/13
f 199/107/13 200/105/13 75/106/13 73/108/13
f 198/109/13 199/107/13 73/108/13 71/110/13
f 197/111/13 198/109/13 71/110/13 69/112/13
f 196/113/13 197/111/13 69/112/13 67/114/13
f 195/115/13 196/113/13 67/114/13 65/116/13
f 194/117/13 195/115/13 65/116/13 63/118/13
f 193/119/13 194/117/13 63/118/13 61/120/13
f 192/121/13 193/119/13 61/120/13 59/122/13
f 191/123/13 192/121/13 59/122/13 57/124/13
f 187/125/13 191/123/13 57/124/13 55/126/13
f 35/127/46 36/128/47 37/129/48
f 38/130/3 39/131/49 40/132/50
f 45/133/51 46/16/52 47/134/53
f 48/135/54 49/136/55 50/15/11
f 179/137/56 35/127/46 37/129/48 180/57/56
f 36/128/4 38/130/3 40/132/50 37/129/57
f 181/10/58 44/138/58 43/139/58 182/140/58
f 183/141/59 52/142/59 51/143/59 184/13/59
f 185/144/60 48/145/54 50/146/11 186/147/60
f 49/136/55 47/134/61 46/16/12 50/15/11
f 221/20/62 45/19/51 47/148/53 222/149/63
f 229/12/64 39/11/49 38/150/3 230/151/65
f 231/152/66 55/126/67 56/153/68 232/154/69
f 55/126/67 57/124/70 58/155/71 56/153/68
f 57/124/70 59/122/72 60/156/73 58/155/71
f 59/122/72 61/120/74 62/157/75 60/156/73
f 61/120/74 63/118/76 64/158/77 62/157/75
f 63/118/76 65/116/78 66/159/79 64/158/77
f 65/116/78 67/114/80 68/160/81 66/159/79
f 67/114/80 69/112/82 70/161/83 68/160/81
f 69/112/82 71/110/84 72/162/84 70/161/83
f 71/110/84 73/108/85 74/163/86 72/162/84
f 73/108/85 75/106/87 76/164/88 74/163/86
f 75/106/87 77/104/89 78/165/90 76/164/88
f 77/104/89 79/102/91 80/166/92 78/165/90
f 79/102/91 81/100/93 82/167/94 80/166/92
f 81/100/93 83/98/95 84/168/96 82/167/94
f 83/98/95 85/96/97 86/169/98 84/168/96
f 85/96/97 88/95/99 87/170/100 86/169/98
f 223/92/101 89/90/102 90/171/103 224/172/104
f 89/90/102 91/28/105 92/173/106 90/171/103
f 91/28/105 93/27/107 94/174/108 92/173/106
f 93/27/107 95/30/109 96/175/110 94/174/108
f 95/30/109 97/32/111 98/176/112 96/175/110
f 97/32/111 99/34/113 100/177/114 98/176/112
f 99/34/113 101/36/115 102/178/116 100/177/114
f 101/36/115 103/38/117 104/179/118 102/178/116
f 103/38/117 105/40/119 106/180/119 104/179/118
f 105/40/119 107/42/120 108/181/121 106/180/119
f 107/42/120 109/44/122 110/182/123 108/181/121
f 109/44/122 111/46/124 112/183/125 110/182/123
f 111/46/124 113/48/126 114/184/127 112/183/125
f 113/48/126 115/50/128 116/185/129 114/184/127
f 115/50/128 117/52/130 118/186/131 116/185/129
f 117/52/130 119/54/132 120/187/133 118/186/131
f 119/54/132 122/56/134 121/188/135 120/187/133
f 235/189/13 187/125/13 55/126/13 231/152/13
f 139/190/136 141/191/136 136/192/136 132/193/136
f 140/194/9 129/195/9 126/196/9 134/197/9
f 133/198/137 135/199/137 125/200/137 124/201/137
f 127/202/138 130/203/138 142/204/138 138/205/138
f 131/206/139 132/207/139 133/198/139
f 134/208/140 135/199/141 136/209/142
f 137/210/143 138/211/143 139/190/143
f 140/212/144 141/213/145 142/204/146
f 137/214/147 128/215/147 127/216/147 138/217/147
f 129/218/148 140/212/148 142/204/148 130/203/148
f 141/213/145 139/219/149 138/205/149 142/204/146
f 131/220/150 137/210/150 139/190/150 132/193/150
f 140/194/151 134/197/151 136/221/151 141/222/151
f 135/199/141 133/198/152 132/207/152 136/209/142
f 123/223/153 131/224/153 133/225/153 124/226/153
f 134/208/154 126/227/154 125/200/154 135/199/154
f 128/215/13 137/214/13 131/224/13 123/223/13
f 159/228/155 152/229/155 156/230/155 161/231/155
f 160/232/9 154/233/9 146/234/9 149/235/9
f 153/236/137 144/237/137 145/238/137 155/239/137
f 147/240/138 158/241/138 162/242/138 150/243/138
f 151/244/156 153/245/156 152/229/156
f 154/246/157 156/247/158 155/239/159
f 157/248/160 159/249/160 158/241/160
f 160/250/161 162/242/162 161/251/163
f 157/252/164 158/253/164 147/254/164 148/255/164
f 149/256/148 150/243/148 162/242/148 160/250/148
f 161/251/163 162/242/162 158/241/165 159/249/165
f 151/244/166 152/229/166 159/228/166 157/257/166
f 160/232/167 161/258/167 156/259/167 154/233/167
f 155/260/159 156/230/158 152/229/168 153/245/168
f 143/261/153 144/262/153 153/263/153 151/264/153
f 154/246/154 155/239/154 145/238/154 146/265/154
f 148/255/13 143/261/13 151/264/13 157/252/13
f 173/266/169 174/267/169 166/268/169 164/269/169
f 177/270/170 178/271/170 175/272/170 172/273/170
f 165/274/171 167/275/171 170/276/171 169/277/171
f 163/278/172 164/279/172 165/274/172
f 171/280/173 172/273/173 173/281/173
f 168/282/174 163/278/174 165/274/174 169/277/174
f 164/279/175 166/283/175 167/275/175 165/274/175
f 171/280/176 176/284/176 177/270/176 172/273/176
f 174/285/177 173/281/177 172/273/177 175/272/177
f 163/286/178 171/287/178 173/266/178 164/269/178
f 168/288/13 176/289/13 171/290/13 163/291/13
f 233/292/13 17/293/13 187/125/13 235/189/13
f 53/294/60 185/144/60 186/147/60 54/295/60
f 45/133/51 183/141/59 184/13/59 46/16/52
f 39/11/49 181/10/58 182/140/58 40/296/50
f 41/297/56 179/137/56 180/57/56 42/60/56
f 17/293/13 16/298/13 191/123/13 187/125/13
f 16/298/13 15/299/13 192/121/13 191/123/13
f 15/299/13 14/300/13 193/119/13 192/121/13
f 14/300/13 13/301/13 194/117/13 193/119/13
f 13/301/13 12/302/13 195/115/13 194/117/13
f 12/302/13 11/303/13 196/113/13 195/115/13
f 11/303/13 10/304/13 197/111/13 196/113/13
f 10/304/13 9/305/13 198/109/13 197/111/13
f 9/305/13 8/306/13 199/107/13 198/109/13
f 8/306/13 7/307/13 200/105/13 199/107/13
f 7/307/13 6/308/13 201/103/13 200/105/13
f 6/308/13 5/309/13 202/101/13 201/103/13
f 5/309/13 4/310/13 203/99/13 202/101/13
f 4/310/13 3/311/13 204/97/13 203/99/13
f 3/311/13 2/312/13 205/93/13 204/97/13
f 2/312/13 1/313/13 189/94/13 205/93/13
f 226/314/9 34/315/9 190/89/9 227/91/9
f 34/315/9 33/316/9 206/25/9 190/89/9
f 37/129/57 40/132/50 182/58/18 180/57/18
f 19/317/9 18/318/9 188/55/9 220/53/9
f 20/319/9 19/317/9 220/53/9 219/51/9
f 21/320/9 20/319/9 219/51/9 218/49/9
f 22/321/9 21/320/9 218/49/9 217/47/9
f 23/322/9 22/321/9 217/47/9 216/45/9
f 24/323/9 23/322/9 216/45/9 215/43/9
f 25/324/9 24/323/9 215/43/9 214/41/9
f 26/325/9 25/324/9 214/41/9 213/39/9
f 27/326/9 26/325/9 213/39/9 212/37/9
f 28/327/9 27/326/9 212/37/9 211/35/9
f 29/328/9 28/327/9 211/35/9 210/33/9
f 30/329/9 29/328/9 210/33/9 209/31/9
f 31/330/9 30/329/9 209/31/9 208/29/9
f 32/331/9 31/330/9 208/29/9 207/26/9
f 33/316/9 32/331/9 207/26/9 206/25/9
f 225/332/13 52/333/13 183/18/13 228/17/13
f 51/143/10 54/334/10 186/14/10 184/13/10
f 234/335/9 44/138/9 181/10/9 236/9/9
f 1/313/13 225/332/13 228/17/13 189/94/13
f 53/294/9 226/314/9 227/91/9 185/144/9
f 48/145/54 223/92/101 224/172/104 49/336/55
f 88/95/99 221/20/62 222/149/63 87/170/100
f 185/144/9 227/91/9 223/92/9 48/145/9
f 189/94/13 228/17/13 221/20/13 88/95/13
f 47/337/61 49/338/55 224/6/6 222/5/5
f 18/318/9 234/335/9 236/9/9 188/55/9
f 41/339/13 233/292/13 235/189/13 179/340/13
f 179/340/13 235/189/13 231/152/13 35/341/13
f 35/341/46 231/152/66 232/154/69 36/342/47
f 122/56/134 229/12/64 230/151/65 121/188/135
f 188/55/9 236/9/9 229/12/9 122/56/9
f 56/24/17 121/23/16 230/2/2 232/1/1
f 492/343/179 363/344/180 367/345/181 493/346/182
f 491/347/183 425/348/184 364/349/185 490/350/185
f 494/351/186 369/352/187 371/353/188 495/354/189
f 495/355/189 371/356/188 373/357/190 496/358/191
f 496/358/191 373/357/190 375/359/192 497/360/193
f 497/360/193 375/359/192 377/361/194 498/362/195
f 498/362/195 377/361/194 379/363/196 499/364/196
f 499/364/196 379/363/196 381/365/197 500/366/198
f 500/366/198 381/365/197 383/367/199 501/368/200
f 501/368/200 383/367/199 385/369/201 502/370/202
f 502/370/202 385/369/201 387/371/203 503/372/204
f 503/373/204 387/374/203 389/375/205 504/376/206
f 504/376/206 389/375/205 391/377/207 505/378/208
f 632/379/209 626/380/210 393/381/211 506/382/212
f 506/382/212 393/381/211 395/383/213 507/384/213
f 507/384/213 395/383/213 397/385/214 508/386/215
f 622/387/216 616/388/217 399/389/218 509/390/219
f 509/390/219 399/389/218 401/391/220 510/392/221
f 510/392/221 401/391/220 403/393/222 511/394/223
f 511/395/223 403/396/222 405/397/224 512/398/225
f 512/398/225 405/397/224 407/399/226 513/400/227
f 513/400/227 407/399/226 409/401/228 514/402/229
f 514/402/229 409/401/228 411/403/230 515/404/230
f 515/404/230 411/403/230 413/405/231 516/406/232
f 516/406/232 413/405/231 415/407/233 517/408/234
f 517/408/234 415/407/233 417/409/235 518/410/236
f 518/410/236 417/409/235 419/411/237 519/412/238
f 519/413/238 419/414/237 421/415/239 520/416/240
f 520/416/240 421/415/239 423/417/241 521/418/242
f 521/418/242 423/417/241 425/348/184 491/347/183
f 306/419/243 304/420/244 269/421/244 270/422/243
f 493/346/182 367/345/181 369/352/187 494/351/186
f 451/423/13 450/424/13 841/425/13 843/426/13
f 299/427/245 360/428/246 297/429/246 266/430/245
f 303/431/9 305/432/9 368/433/9 366/434/9
f 304/420/244 302/435/247 268/436/247 269/421/244
f 308/437/248 306/438/243 270/439/243 271/440/248
f 310/441/249 308/437/248 271/440/248 272/442/249
f 312/443/250 310/441/249 272/442/249 273/444/250
f 314/445/251 312/443/250 273/444/250 274/446/251
f 316/447/252 314/445/251 274/446/251 275/448/252
f 318/449/253 316/447/252 275/448/252 276/450/253
f 320/451/254 318/449/253 276/450/253 277/452/254
f 322/453/255 320/451/254 277/452/254 278/454/255
f 324/455/256 322/456/255 278/457/255 279/458/256
f 326/459/257 324/455/256 279/458/256 280/460/257
f 629/461/258 326/459/257 280/460/257 625/462/258
f 330/463/259 328/464/260 281/465/260 282/466/259
f 332/467/261 330/463/259 282/466/259 283/468/261
f 619/469/262 332/467/261 283/468/261 615/470/262
f 336/471/263 334/472/264 284/473/264 285/474/263
f 338/475/265 336/471/263 285/474/263 286/476/265
f 340/477/266 338/478/265 286/479/265 287/480/266
f 342/481/267 340/477/266 287/480/266 288/482/267
f 344/483/268 342/481/267 288/482/267 289/484/268
f 346/485/269 344/483/268 289/484/268 290/486/269
f 348/487/270 346/485/269 290/486/269 291/488/270
f 350/489/271 348/487/270 291/488/270 292/490/271
f 352/491/272 350/489/271 292/490/271 293/492/272
f 354/493/273 352/491/272 293/492/272 294/494/273
f 356/495/274 354/496/273 294/497/273 295/498/274
f 358/499/275 356/495/274 295/498/274 296/500/275
f 360/428/246 358/499/275 296/500/275 297/429/246
f 490/350/185 364/349/185 363/344/180 492/343/179
f 302/435/247 300/501/276 267/502/276 268/436/247
f 267/503/9 266/504/9 297/505/9 296/506/9 295/507/9 294/508/9 293/509/9 292/510/9 291/511/9 290/512/9 289/513/9 288/514/9 287/515/9 286/516/9 285/517/9 284/518/9 615/519/9 283/520/9 282/521/9 281/522/9 625/523/9 280/524/9 279/525/9 278/526/9 277/527/9 276/528/9 275/529/9 274/530/9 273/531/9 272/532/9 271/533/9 270/534/9 269/535/9 268/536/9
f 357/537/9 359/538/9 422/539/9 420/540/9
f 331/541/9 333/542/9 396/543/9 394/544/9
f 305/432/9 307/545/9 370/546/9 368/433/9
f 359/538/9 361/547/9 424/548/9 422/539/9
f 618/549/9 335/550/9 398/551/9 617/552/9
f 307/545/9 309/553/9 372/554/9 370/546/9
f 361/547/9 298/555/9 365/556/9 424/548/9
f 335/550/9 337/557/9 400/558/9 398/551/9
f 309/553/9 311/559/9 374/560/9 372/554/9
f 337/557/9 339/561/9 402/562/9 400/558/9
f 311/559/9 313/563/9 376/564/9 374/560/9
f 339/561/9 341/565/9 404/566/9 402/562/9
f 313/563/9 315/567/9 378/568/9 376/564/9
f 341/565/9 343/569/9 406/570/9 404/566/9
f 315/567/9 317/571/9 380/572/9 378/568/9
f 343/569/9 345/573/9 408/574/9 406/570/9
f 317/571/9 319/575/9 382/576/9 380/572/9
f 345/573/9 347/577/9 410/578/9 408/574/9
f 319/575/9 321/579/9 384/580/9 382/576/9
f 347/577/9 349/581/9 412/582/9 410/578/9
f 321/579/9 323/583/9 386/584/9 384/580/9
f 349/581/9 351/585/9 414/586/9 412/582/9
f 323/583/9 325/587/9 388/588/9 386/584/9
f 351/585/9 353/589/9 416/590/9 414/586/9
f 325/587/9 327/591/9 390/592/9 388/588/9
f 298/555/9 301/593/9 362/594/9 365/556/9
f 353/589/9 355/595/9 418/596/9 416/590/9
f 628/597/9 329/598/9 392/599/9 627/600/9
f 301/593/9 303/431/9 366/434/9 362/594/9
f 355/595/9 357/537/9 420/540/9 418/596/9
f 329/598/9 331/541/9 394/544/9 392/599/9
f 363/344/277 364/349/278 365/601/278 362/602/279
f 367/603/280 363/604/277 362/594/279 366/434/281
f 369/605/282 367/603/280 366/434/281 368/433/283
f 371/606/284 369/605/282 368/433/283 370/546/285
f 373/607/286 371/606/284 370/546/285 372/554/287
f 375/608/288 373/607/286 372/554/287 374/560/289
f 377/609/290 375/608/288 374/560/289 376/564/291
f 379/610/292 377/609/290 376/564/291 378/568/292
f 381/611/293 379/610/292 378/568/292 380/572/294
f 383/612/295 381/611/293 380/572/294 382/576/296
f 385/613/297 383/612/295 382/576/296 384/580/298
f 387/614/299 385/613/297 384/580/298 386/584/300
f 389/615/301 387/614/299 386/584/300 388/588/302
f 391/616/303 389/615/301 388/588/302 390/592/304
f 626/617/305 391/616/303 390/592/304 627/600/305
f 395/618/306 393/619/307 392/599/308 394/544/306
f 397/620/309 395/618/306 394/544/306 396/543/310
f 616/621/311 397/620/309 396/543/310 617/552/311
f 401/622/312 399/623/313 398/551/314 400/558/315
f 403/624/316 401/622/312 400/558/315 402/562/317
f 405/625/318 403/624/316 402/562/317 404/566/319
f 407/626/320 405/625/318 404/566/319 406/570/321
f 409/627/322 407/626/320 406/570/321 408/574/323
f 411/628/324 409/627/322 408/574/323 410/578/324
f 413/629/325 411/628/324 410/578/324 412/582/326
f 415/630/327 413/629/325 412/582/326 414/586/328
f 417/631/329 415/630/327 414/586/328 416/590/330
f 419/632/331 417/631/329 416/590/330 418/596/332
f 421/633/333 419/632/331 418/596/332 420/540/334
f 423/634/335 421/633/333 420/540/334 422/539/336
f 425/348/337 423/417/335 422/635/336 424/636/338
f 364/349/278 425/348/337 424/636/338 365/601/278
f 301/593/339 298/555/340 299/637/340 300/638/341
f 303/431/342 301/593/339 300/638/341 302/639/343
f 305/432/344 303/431/342 302/639/343 304/640/345
f 307/545/346 305/432/344 304/640/345 306/641/347
f 309/553/348 307/545/346 306/641/347 308/642/349
f 311/559/350 309/553/348 308/642/349 310/643/351
f 313/644/352 311/645/350 310/441/351 312/443/353
f 315/646/354 313/644/352 312/443/353 314/445/354
f 317/647/355 315/646/354 314/445/354 316/447/356
f 319/575/357 317/571/355 316/648/356 318/649/358
f 321/579/359 319/575/357 318/649/358 320/650/360
f 323/583/361 321/579/359 320/650/360 322/651/362
f 325/587/363 323/583/361 322/651/362 324/652/364
f 327/653/365 325/654/363 324/455/364 326/459/366
f 628/655/367 327/653/365 326/459/366 629/461/367
f 331/656/368 329/657/369 328/464/370 330/463/368
f 333/658/371 331/656/368 330/463/368 332/467/372
f 618/659/373 333/658/371 332/467/372 619/469/373
f 337/557/374 335/550/375 334/660/376 336/661/377
f 339/561/378 337/557/374 336/661/377 338/662/379
f 341/565/380 339/561/378 338/662/379 340/663/381
f 343/569/382 341/565/380 340/663/381 342/664/383
f 345/573/384 343/569/382 342/664/383 344/665/385
f 347/666/386 345/667/384 344/483/385 346/485/386
f 349/668/387 347/666/386 346/485/386 348/487/388
f 351/585/389 349/581/387 348/669/388 350/670/390
f 353/589/391 351/585/389 350/670/390 352/671/392
f 355/595/393 353/589/391 352/671/392 354/672/394
f 357/537/395 355/595/393 354/672/394 356/673/396
f 359/538/397 357/537/395 356/673/396 358/674/398
f 361/547/399 359/538/397 358/674/398 360/675/400
f 298/555/340 361/547/399 360/675/400 299/637/340
f 300/501/276 299/427/245 266/430/245 267/502/276
f 426/676/13 427/677/13 428/678/13 429/679/13 430/680/13 431/681/13 432/682/13 433/683/13 434/684/13 435/685/13 436/686/13 437/687/13 438/688/13 439/689/13 440/690/13 630/691/13 441/692/13 442/693/13 443/694/13 620/695/13 444/696/13 445/697/13 446/698/13 447/699/13 448/700/13 449/701/13 450/424/13 451/423/13 452/702/13 453/703/13 454/704/13 455/705/13 456/706/13 457/707/13
f 438/688/13 437/687/13 815/708/13 817/709/13
f 452/702/13 451/423/13 843/426/13 845/710/13
f 439/689/13 438/688/13 817/709/13 819/711/13
f 453/703/13 452/702/13 845/710/13 847/712/13
f 440/690/13 439/689/13 819/711/13 821/713/13
f 454/704/13 453/703/13 847/712/13 849/714/13
f 251/715/401 678/716/402 859/717/403 820/718/404
f 426/676/13 457/707/13 855/719/13 792/720/13
f 455/705/13 454/704/13 849/714/13 851/721/13
f 660/722/405 657/723/406 636/724/407 637/725/408
f 429/679/13 428/678/13 797/726/13 799/727/13
f 456/706/13 455/705/13 851/721/13 853/728/13
f 442/693/13 441/692/13 823/729/13 825/730/13
f 430/680/13 429/679/13 799/727/13 801/731/13
f 457/707/13 456/706/13 853/728/13 855/719/13
f 675/732/409 663/733/410 638/734/411 642/735/412
f 431/681/13 430/680/13 801/731/13 803/736/13
f 748/737/413 675/738/414 642/739/415 747/740/416
f 432/682/13 431/681/13 803/736/13 805/741/13
f 237/742/417 238/743/418 794/744/419 793/745/259
f 444/696/13 620/695/13 856/746/13 829/747/13
f 433/683/13 432/682/13 805/741/13 807/748/13
f 447/699/13 446/698/13 833/749/13 835/750/13
f 434/684/13 433/683/13 807/748/13 809/751/13
f 448/700/13 447/699/13 835/750/13 837/752/13
f 435/685/13 434/684/13 809/751/13 811/753/13
f 449/701/13 448/700/13 837/752/13 839/754/13
f 436/686/13 435/685/13 811/753/13 813/755/13
f 450/424/13 449/701/13 839/754/13 841/425/13
f 437/687/13 436/686/13 813/755/13 815/708/13
f 265/756/420 237/742/417 793/745/259 854/757/421
f 238/743/418 239/758/422 796/759/423 794/744/419
f 239/758/422 240/760/424 798/761/425 796/759/423
f 240/760/424 241/762/426 800/763/427 798/761/425
f 241/764/426 242/765/428 802/766/429 800/767/427
f 242/765/428 243/768/430 804/769/431 802/766/429
f 243/768/430 244/770/432 806/771/433 804/769/431
f 244/770/432 245/772/434 808/773/269 806/771/433
f 245/772/434 246/774/435 810/775/436 808/773/269
f 246/774/435 247/776/437 812/777/438 810/775/436
f 247/776/437 248/778/439 814/779/440 812/777/438
f 248/778/439 249/780/441 816/781/442 814/779/440
f 249/782/441 250/783/443 818/784/444 816/785/442
f 250/783/443 251/715/401 820/718/404 818/784/444
f 441/692/13 630/691/13 858/786/13 823/729/13
f 661/787/445 664/788/446 826/789/447 824/790/245
f 620/695/13 443/694/13 827/791/13 856/746/13
f 664/788/446 676/792/448 857/793/449 826/789/447
f 252/794/450 253/795/451 830/796/452 828/797/453
f 253/795/451 254/798/454 832/799/455 830/796/452
f 254/800/454 255/801/456 834/802/457 832/803/455
f 255/801/456 256/804/458 836/805/459 834/802/457
f 256/804/458 257/806/460 838/807/461 836/805/459
f 257/806/460 258/808/462 840/809/251 838/807/461
f 258/808/462 259/810/463 842/811/464 840/809/251
f 259/810/463 260/812/465 844/813/466 842/811/464
f 260/812/465 261/814/467 846/815/468 844/813/466
f 261/816/467 262/817/469 848/818/470 846/819/468
f 262/817/469 263/820/471 850/821/472 848/818/470
f 263/820/471 264/822/473 852/823/474 850/821/472
f 264/822/473 265/756/420 854/757/421 852/823/474
f 428/678/13 427/677/13 795/824/13 797/726/13
f 613/825/475 458/826/476 459/827/477 586/828/478
f 587/829/479 460/830/480 462/831/481 588/832/482
f 612/833/483 489/834/484 461/835/485 614/836/486
f 611/837/487 488/838/488 489/834/484 612/833/483
f 610/839/489 487/840/490 488/838/488 611/837/487
f 609/841/491 486/842/492 487/840/490 610/839/489
f 608/843/493 485/844/494 486/845/492 609/846/491
f 607/847/495 484/848/496 485/844/494 608/843/493
f 606/849/497 483/850/497 484/848/496 607/847/495
f 605/851/498 482/852/499 483/850/497 606/849/497
f 604/853/500 481/854/501 482/852/499 605/851/498
f 603/855/502 480/856/503 481/854/501 604/853/500
f 602/857/504 479/858/505 480/856/503 603/855/502
f 601/859/506 478/860/507 479/861/505 602/862/504
f 600/863/508 477/864/509 478/860/507 601/859/506
f 681/865/510 711/866/511 644/867/512 600/863/508 779/868/513
f 670/869/514 673/870/515 641/871/516 640/872/517
f 666/873/518 670/869/514 640/872/517 639/874/519
f 778/875/520 599/876/521 645/877/522 712/878/523 700/879/524
f 598/880/525 472/881/526 473/882/527 599/876/521
f 597/883/528 471/884/529 472/881/526 598/880/525
f 596/885/530 470/886/531 471/887/529 597/888/528
f 595/889/532 469/890/533 470/886/531 596/885/530
f 594/891/534 468/892/535 469/890/533 595/889/532
f 593/893/536 467/894/536 468/892/535 594/891/534
f 592/895/537 466/896/538 467/894/536 593/893/536
f 591/897/539 465/898/540 466/896/538 592/895/537
f 590/899/541 464/900/542 465/898/540 591/897/539
f 589/901/543 463/902/544 464/900/542 590/899/541
f 588/832/482 462/831/481 463/903/544 589/904/543
f 614/836/486 461/835/485 458/826/476 613/825/475
f 586/828/478 459/827/477 460/830/480 587/829/479
f 583/905/185 490/350/185 492/343/179 522/906/545
f 524/907/546 493/346/182 494/351/186 526/908/547
f 580/909/548 521/418/242 491/347/183 585/910/549
f 578/911/550 520/416/240 521/418/242 580/909/548
f 576/912/551 519/413/238 520/416/240 578/911/550
f 574/913/552 518/410/236 519/412/238 576/914/551
f 572/915/553 517/408/234 518/410/236 574/913/552
f 570/916/554 516/406/232 517/408/234 572/915/553
f 568/917/230 515/404/230 516/406/232 570/916/554
f 566/918/555 514/402/229 515/404/230 568/917/230
f 564/919/556 513/400/227 514/402/229 566/918/555
f 562/920/557 512/398/225 513/400/227 564/919/556
f 560/921/558 511/395/223 512/398/225 562/920/557
f 558/922/559 510/392/221 511/394/223 560/923/558
f 556/924/560 509/390/219 510/392/221 558/922/559
f 624/925/561 622/387/216 509/390/219 556/924/560
f 552/926/213 507/384/213 508/386/215 554/927/562
f 550/928/563 506/382/212 507/384/213 552/926/213
f 634/929/564 632/379/209 506/382/212 550/928/563
f 546/930/565 504/376/206 505/378/208 548/931/566
f 544/932/567 503/373/204 504/376/206 546/930/565
f 542/933/568 502/370/202 503/372/204 544/934/567
f 540/935/569 501/368/200 502/370/202 542/933/568
f 538/936/570 500/366/198 501/368/200 540/935/569
f 536/937/196 499/364/196 500/366/198 538/936/570
f 534/938/571 498/362/195 499/364/196 536/937/196
f 532/939/572 497/360/193 498/362/195 534/938/571
f 530/940/573 496/358/191 497/360/193 532/939/572
f 528/941/574 495/355/189 496/358/191 530/940/573
f 526/908/547 494/351/186 495/354/189 528/942/574
f 585/910/549 491/347/183 490/350/185 583/905/185
f 522/906/545 492/343/179 493/346/182 524/907/546
f 459/827/477 523/943/575 525/944/576 460/830/480
f 523/943/575 522/906/545 524/907/546 525/944/576
f 461/835/485 584/945/577 582/946/578 458/826/476
f 584/945/577 585/910/549 583/905/185 582/946/578
f 462/831/481 527/947/579 529/948/580 463/903/544
f 527/947/579 526/908/547 528/942/574 529/948/580
f 463/902/544 529/949/580 531/950/581 464/900/542
f 529/949/580 528/941/574 530/940/573 531/950/581
f 464/900/542 531/950/581 533/951/582 465/898/540
f 531/950/581 530/940/573 532/939/572 533/951/582
f 465/898/540 533/951/582 535/952/583 466/896/538
f 533/951/582 532/939/572 534/938/571 535/952/583
f 466/896/538 535/952/583 537/953/196 467/894/536
f 535/952/583 534/938/571 536/937/196 537/953/196
f 467/894/536 537/953/196 539/954/584 468/892/535
f 537/953/196 536/937/196 538/936/570 539/954/584
f 468/892/535 539/954/584 541/955/585 469/890/533
f 539/954/584 538/936/570 540/935/569 541/955/585
f 469/890/533 541/955/585 543/956/586 470/886/531
f 541/955/585 540/935/569 542/933/568 543/956/586
f 470/886/531 543/956/586 545/957/587 471/887/529
f 543/956/586 542/933/568 544/934/567 545/957/587
f 471/884/529 545/958/587 547/959/588 472/881/526
f 545/958/587 544/932/567 546/930/565 547/959/588
f 472/881/526 547/959/588 549/960/589 473/882/527
f 547/959/588 546/930/565 548/931/566 549/960/589
f 631/961/590 633/962/591 551/963/592 474/964/593
f 633/962/591 634/929/564 550/928/563 551/963/592
f 474/964/593 551/963/592 553/965/594 475/966/595
f 551/963/592 550/928/563 552/926/213 553/965/594
f 475/966/595 553/965/594 555/967/596 476/968/597
f 553/965/594 552/926/213 554/927/562 555/967/596
f 621/969/598 623/970/599 557/971/600 477/864/509
f 623/970/599 624/925/561 556/924/560 557/971/600
f 477/864/509 557/971/600 559/972/601 478/860/507
f 557/971/600 556/924/560 558/922/559 559/972/601
f 478/860/507 559/972/601 561/973/602 479/861/505
f 559/972/601 558/922/559 560/923/558 561/973/602
f 479/858/505 561/974/602 563/975/603 480/856/503
f 561/974/602 560/921/558 562/920/557 563/975/603
f 480/856/503 563/975/603 565/976/604 481/854/501
f 563/975/603 562/920/557 564/919/556 565/976/604
f 481/854/501 565/976/604 567/977/605 482/852/499
f 565/976/604 564/919/556 566/918/555 567/977/605
f 482/852/499 567/977/605 569/978/230 483/850/497
f 567/977/605 566/918/555 568/917/230 569/978/230
f 483/850/497 569/978/230 571/979/606 484/848/496
f 569/978/230 568/917/230 570/916/554 571/979/606
f 484/848/496 571/979/606 573/980/607 485/844/494
f 571/979/606 570/916/554 572/915/553 573/980/607
f 485/844/494 573/980/607 575/981/608 486/845/492
f 573/980/607 572/915/553 574/913/552 575/981/608
f 486/842/492 575/982/608 577/983/609 487/840/490
f 575/982/608 574/984/552 576/912/551 577/983/609
f 487/840/490 577/983/609 579/985/610 488/838/488
f 577/983/609 576/912/551 578/911/550 579/985/610
f 488/838/488 579/985/610 581/986/611 489/834/484
f 579/985/610 578/911/550 580/909/548 581/986/611
f 489/834/484 581/986/611 584/945/577 461/835/485
f 581/986/611 580/909/548 585/910/549 584/945/577
f 460/830/480 525/944/576 527/947/579 462/831/481
f 525/944/576 524/907/546 526/908/547 527/947/579
f 458/826/476 582/946/578 523/943/575 459/827/477
f 582/946/578 583/905/185 522/906/545 523/943/575
f 765/987/612 586/828/478 587/829/479 766/988/613
f 764/989/614 614/836/486 613/825/475 763/990/615
f 767/991/616 588/832/482 589/904/543 768/992/617
f 768/993/617 589/901/543 590/899/541 769/994/618
f 769/994/618 590/899/541 591/897/539 770/995/619
f 770/995/619 591/897/539 592/895/537 771/996/620
f 771/996/620 592/895/537 593/893/536 772/997/536
f 772/997/536 593/893/536 594/891/534 773/998/621
f 773/998/621 594/891/534 595/889/532 774/999/622
f 774/999/622 595/889/532 596/885/530 775/1000/623
f 775/1000/623 596/885/530 597/888/528 776/1001/624
f 776/1002/624 597/883/528 598/880/525 777/1003/625
f 777/1003/625 598/880/525 599/876/521 778/875/520
f 717/1004/626 646/1005/627 631/961/590 474/964/593 713/1006/628
f 713/1006/628 474/964/593 475/966/595 714/1007/629
f 473/882/527 631/961/590 646/1005/627
f 673/870/515 684/1008/630 652/1009/631 641/871/516
f 779/868/513 600/863/508 601/859/506 780/1010/632
f 780/1010/632 601/859/506 602/862/504 781/1011/633
f 781/1012/633 602/857/504 603/855/502 782/1013/634
f 782/1013/634 603/855/502 604/853/500 783/1014/635
f 783/1014/635 604/853/500 605/851/498 784/1015/636
f 784/1015/636 605/851/498 606/849/497 785/1016/497
f 785/1016/497 606/849/497 607/847/495 786/1017/637
f 786/1017/637 607/847/495 608/843/493 787/1018/638
f 787/1018/638 608/843/493 609/846/491 788/1019/639
f 788/1020/639 609/841/491 610/839/489 789/1021/640
f 789/1021/640 610/839/489 611/837/487 790/1022/641
f 790/1022/641 611/837/487 612/833/483 791/1023/642
f 791/1023/642 612/833/483 614/836/486 764/989/614
f 766/988/613 587/829/479 588/832/482 767/991/616
f 763/990/615 613/825/475 586/828/478 765/987/612
f 443/694/13 442/693/13 825/730/13 827/791/13
f 555/967/596 554/927/562 624/925/561 623/970/599
f 476/968/597 555/967/596 623/970/599 621/969/598
f 554/927/562 508/386/215 622/387/216 624/925/561
f 630/691/13 440/690/13 821/713/13 858/786/13
f 446/698/13 445/697/13 831/1024/13 833/749/13
f 697/1025/643 666/873/518 639/874/519 648/1026/644
f 335/1027/375 618/659/373 619/469/373 334/472/376
f 399/623/313 616/621/311 617/552/311 398/551/314
f 333/542/9 618/549/9 617/552/9 396/543/9
f 334/472/264 619/469/262 615/470/262 284/473/264
f 508/386/215 397/385/214 616/388/217 622/387/216
f 714/1007/629 475/966/595 476/968/597 715/1028/645
f 549/960/589 548/931/566 634/929/564 633/962/591
f 473/882/527 549/960/589 633/962/591 631/961/590
f 548/931/566 505/378/208 632/379/209 634/929/564
f 711/866/511 694/1029/646 685/1030/647 716/1031/648
f 658/1032/649 661/787/445 824/790/245 822/1033/650
f 752/1034/651 699/1035/652 647/1036/653 751/1037/654
f 329/657/369 628/655/367 629/461/367 328/464/370
f 393/619/307 626/617/305 627/600/305 392/599/308
f 327/591/9 628/597/9 627/600/9 390/592/9
f 328/464/260 629/461/258 625/462/258 281/465/260
f 505/378/208 391/377/207 626/380/210 632/379/209
f 643/1038/655 621/969/598 477/864/509
f 678/716/402 658/1032/649 822/1033/650 859/717/403
f 676/792/448 252/794/450 828/797/453 857/793/449
f 715/1028/645 476/968/597 621/969/598 643/1038/655 716/1031/648
f 663/733/410 660/722/405 637/725/408 638/734/411
f 682/1039/656 653/1040/657 656/1041/658 687/1042/659
f 651/1043/660 702/1044/661 697/1025/643 648/1026/644
f 650/1045/662 705/1046/663 702/1044/661 651/1043/660
f 755/1047/664 756/1048/665 705/1049/663 650/1050/662
f 647/1036/653 699/1035/652 708/1051/666 649/1052/667
f 693/1053/668 654/1054/669 652/1009/631 684/1008/630
f 690/1055/670 655/1056/671 654/1054/669 693/1053/668
f 758/1057/672 709/1058/673 700/879/524 712/878/523
f 760/1059/674 759/1060/675 655/1061/671 690/1062/670
f 445/697/13 444/696/13 829/747/13 831/1024/13
f 679/1063/676 657/723/406 659/1064/677 680/1065/678
f 680/1066/679 659/1067/680 658/1032/649 678/716/402
f 657/723/406 660/722/405 662/1068/681 659/1064/677
f 659/1067/680 662/1069/682 661/787/445 658/1032/649
f 660/722/405 663/733/410 665/1070/683 662/1068/681
f 662/1069/682 665/1071/684 664/788/446 661/787/445
f 667/1072/685 669/1073/686 671/1074/687 668/1075/688
f 668/1076/689 671/1077/690 670/869/514 666/873/518
f 669/1073/686 672/1078/691 674/1079/692 671/1074/687
f 671/1077/690 674/1080/693 673/870/515 670/869/514
f 663/733/410 675/732/409 677/1081/694 665/1070/683
f 665/1071/684 677/1082/695 676/792/448 664/788/446
f 682/1039/656 687/1042/659 689/1083/696 683/1084/697
f 683/1085/698 689/1086/699 688/1087/700 681/865/510
f 760/1059/674 690/1062/670 692/1088/701 761/1089/702
f 761/1090/703 692/1091/704 691/1092/705 762/1093/706
f 690/1055/670 693/1053/668 695/1094/707 692/1095/701
f 692/1091/704 695/1096/708 694/1029/646 691/1092/705
f 693/1053/668 684/1008/630 686/1097/709 695/1094/707
f 695/1096/708 686/1098/710 685/1030/647 694/1029/646
f 697/1025/643 702/1044/661 704/1099/711 698/1100/712
f 698/1101/713 704/1102/714 703/1103/715 696/1104/716
f 702/1044/661 705/1046/663 707/1105/717 704/1099/711
f 704/1102/714 707/1106/718 706/1107/719 703/1103/715
f 756/1048/665 708/1051/666 710/1108/720 757/1109/721
f 757/1110/722 710/1111/723 709/1058/673 758/1057/672
f 708/1051/666 699/1035/652 701/1112/724 710/1108/720
f 710/1111/723 701/1113/725 700/879/524 709/1058/673
f 748/737/413 682/1039/656 683/1084/697 749/1114/726
f 749/1115/727 683/1085/698 681/865/510 750/1116/728
f 684/1008/630 673/870/515 674/1080/693 686/1097/709
f 686/1098/710 674/1079/692 672/1078/691 685/1030/647
f 696/1104/716 667/1072/685 668/1075/688 698/1101/713
f 698/1100/712 668/1076/689 666/873/518 697/1025/643
f 752/1034/651 679/1117/729 680/1118/730 753/1119/731
f 753/1120/732 680/1066/733 678/716/733 754/1121/734
f 657/723/406 679/1063/676 635/1122/735 636/724/407
f 711/866/511 691/1092/705 694/1029/646
f 717/1004/626 712/878/523 645/877/522 646/1005/627
f 669/1073/686 714/1007/629 715/1028/645 672/1078/691
f 667/1072/685 713/1006/628 714/1007/629 669/1073/686
f 696/1104/716 717/1004/626 713/1006/628 667/1072/685
f 672/1078/691 715/1028/645 716/1031/648 685/1030/647
f 696/1104/716 703/1103/715 712/878/523 717/1004/626
f 644/867/512 711/866/511 716/1031/648 643/1038/655
f 237/742/417 745/1123/615 718/1124/736 238/743/418
f 239/758/422 719/1125/737 720/1126/738 240/760/424
f 264/822/473 744/1127/739 746/1128/740 265/756/420
f 263/820/471 743/1129/741 744/1127/739 264/822/473
f 262/817/469 742/1130/742 743/1129/741 263/820/471
f 261/816/467 741/1131/743 742/1130/742 262/817/469
f 260/812/465 740/1132/744 741/1133/743 261/814/467
f 259/810/463 739/1134/745 740/1132/744 260/812/465
f 258/808/462 738/1135/497 739/1134/745 259/810/463
f 257/806/460 737/1136/746 738/1135/497 258/808/462
f 256/804/458 736/1137/747 737/1136/746 257/806/460
f 255/801/456 735/1138/748 736/1137/747 256/804/458
f 254/800/454 734/1139/749 735/1138/748 255/801/456
f 253/795/451 733/1140/750 734/1141/749 254/798/454
f 252/794/450 732/1142/751 733/1140/750 253/795/451
f 250/783/443 730/1143/752 731/1144/753 251/715/401
f 249/782/441 729/1145/754 730/1143/752 250/783/443
f 248/778/439 728/1146/755 729/1147/754 249/780/441
f 247/776/437 727/1148/756 728/1146/755 248/778/439
f 246/774/435 726/1149/757 727/1148/756 247/776/437
f 245/772/434 725/1150/536 726/1149/757 246/774/435
f 244/770/432 724/1151/758 725/1150/536 245/772/434
f 243/768/430 723/1152/759 724/1151/758 244/770/432
f 242/765/428 722/1153/760 723/1152/759 243/768/430
f 241/764/426 721/1154/761 722/1153/760 242/765/428
f 240/760/424 720/1126/738 721/1155/761 241/762/426
f 265/756/420 746/1128/740 745/1123/615 237/742/417
f 238/743/418 718/1124/736 719/1125/737 239/758/422
f 677/1082/762 749/1115/727 750/1116/728 676/792/762
f 675/738/414 748/737/413 749/1114/726 677/1156/763
f 682/1039/656 748/737/413 747/740/416 653/1040/657
f 701/1113/725 753/1120/732 754/1121/734 700/879/524
f 699/1035/652 752/1034/651 753/1119/731 701/1112/724
f 679/1117/729 752/1034/651 751/1037/654 635/1157/764
f 251/715/401 731/1144/753 754/1121/765 678/716/402
f 676/792/448 750/1116/766 732/1142/751 252/794/450
f 600/863/508 644/867/512 477/864/509
f 599/876/521 473/882/527 645/877/522
f 645/877/522 473/882/527 646/1005/627
f 644/867/512 643/1038/655 477/864/509
f 707/1106/718 757/1110/722 758/1057/672 706/1107/719
f 705/1049/663 756/1048/665 757/1109/721 707/1158/717
f 649/1052/667 708/1051/666 756/1048/665 755/1047/664
f 689/1086/699 761/1090/703 762/1093/706 688/1087/700
f 687/1042/659 760/1059/674 761/1089/702 689/1083/696
f 687/1042/659 656/1041/658 759/1060/675 760/1059/674
f 711/866/511 762/1093/706 691/1092/705
f 703/1103/715 706/1107/719 712/878/523
f 706/1107/719 758/1057/672 712/878/523
f 681/865/510 688/1087/700 762/1093/706 711/866/511
f 745/1123/615 763/990/615 765/987/612 718/1124/736
f 719/1125/737 766/988/613 767/991/616 720/1126/738
f 744/1127/739 791/1023/642 764/989/614 746/1128/740
f 743/1129/741 790/1022/641 791/1023/642 744/1127/739
f 742/1130/742 789/1021/640 790/1022/641 743/1129/741
f 741/1131/743 788/1020/639 789/1021/640 742/1130/742
f 740/1132/744 787/1018/638 788/1019/639 741/1133/743
f 739/1134/745 786/1017/637 787/1018/638 740/1132/744
f 738/1135/497 785/1016/497 786/1017/637 739/1134/745
f 737/1136/746 784/1015/636 785/1016/497 738/1135/497
f 736/1137/747 783/1014/635 784/1015/636 737/1136/746
f 735/1138/748 782/1013/634 783/1014/635 736/1137/747
f 734/1139/749 781/1012/633 782/1013/634 735/1138/748
f 733/1140/750 780/1010/632 781/1011/633 734/1141/749
f 732/1142/751 779/868/513 780/1010/632 733/1140/750
f 730/1143/752 777/1003/625 778/875/520 731/1144/753
f 729/1145/754 776/1002/624 777/1003/625 730/1143/752
f 728/1146/755 775/1000/623 776/1001/624 729/1147/754
f 727/1148/756 774/999/622 775/1000/623 728/1146/755
f 726/1149/757 773/998/621 774/999/622 727/1148/756
f 725/1150/536 772/997/536 773/998/621 726/1149/757
f 724/1151/758 771/996/620 772/997/536 725/1150/536
f 723/1152/759 770/995/619 771/996/620 724/1151/758
f 722/1153/760 769/994/618 770/995/619 723/1152/759
f 721/1154/761 768/993/617 769/994/618 722/1153/760
f 720/1126/738 767/991/616 768/992/617 721/1155/761
f 746/1128/740 764/989/614 763/990/615 745/1123/615
f 718/1124/736 765/987/612 766/988/613 719/1125/737
f 731/1144/753 778/875/520 700/879/524 754/1121/765
f 750/1116/766 681/865/510 779/868/513 732/1142/751
f 793/1159/767 794/1160/768 795/824/769 792/720/767
f 794/1160/768 796/1161/770 797/726/771 795/824/769
f 796/1161/770 798/1162/772 799/727/773 797/726/771
f 798/1162/772 800/1163/774 801/731/775 799/727/773
f 800/1163/774 802/1164/776 803/736/777 801/731/775
f 802/1164/776 804/1165/778 805/741/779 803/736/777
f 804/1165/778 806/1166/780 807/748/781 805/741/779
f 806/1166/780 808/1167/782 809/751/782 807/748/781
f 808/1167/782 810/1168/783 811/753/784 809/751/782
f 810/1168/783 812/1169/785 813/755/786 811/753/784
f 812/1169/785 814/1170/787 815/708/788 813/755/786
f 814/1170/787 816/1171/789 817/709/790 815/708/788
f 816/1171/789 818/1172/791 819/711/792 817/709/790
f 818/1172/791 820/1173/793 821/713/794 819/711/792
f 859/1174/795 822/1175/796 823/729/797 858/786/798
f 822/1175/796 824/1176/799 825/730/799 823/729/797
f 824/1176/799 826/1177/800 827/791/801 825/730/799
f 857/1178/802 828/1179/803 829/747/804 856/746/805
f 828/1179/803 830/1180/806 831/1024/807 829/747/804
f 830/1180/806 832/1181/808 833/749/809 831/1024/807
f 832/1181/808 834/1182/810 835/750/811 833/749/809
f 834/1182/810 836/1183/812 837/752/813 835/750/811
f 836/1183/812 838/1184/814 839/754/815 837/752/813
f 838/1184/814 840/1185/816 841/425/816 839/754/815
f 840/1185/816 842/1186/817 843/426/818 841/425/816
f 842/1186/817 844/1187/819 845/710/820 843/426/818
f 844/1187/819 846/1188/821 847/712/822 845/710/820
f 846/1188/821 848/1189/823 849/714/824 847/712/822
f 848/1189/823 850/1190/825 851/721/826 849/714/824
f 850/1190/825 852/1191/827 853/728/828 851/721/826
f 852/1191/827 854/1192/829 855/719/830 853/728/828
f 854/1192/829 793/1159/767 792/720/767 855/719/830
f 826/1177/800 857/1178/802 856/746/805 827/791/801
f 820/1173/793 859/1174/795 858/786/798 821/713/794
f 427/677/13 426/676/13 792/720/13 795/824/13
f 863/1193/245 866/1194/245 873/1195/245 875/1196/245 876/1197/245 877/1198/245 874/1199/245 867/1200/245
f 861/1201/245 864/1202/245 865/1203/245 862/1204/245
f 862/1204/245 865/1203/245 866/1194/245 863/1193/245
f 860/1205/245 868/1206/245 870/1207/245 871/1208/245 872/1209/245 869/1210/245 864/1202/245 861/1201/245
f 878/1211/831 891/1212/832 890/1213/833
f 879/1214/834 891/1215/832 893/1216/835
f 878/1211/831 890/1213/833 895/1217/836
f 878/1211/831 895/1217/836 897/1218/837
f 878/1211/831 897/1218/837 894/1219/838
f 879/1214/834 893/1216/835 900/1220/839
f 880/1221/840 892/1222/841 902/1223/245
f 881/1224/842 896/1225/843 904/1226/844
f 882/1227/845 898/1228/846 906/1229/847
f 883/1230/848 899/1231/849 908/1232/850
f 879/1214/834 900/1220/839 903/1233/851
f 880/1221/840 902/1223/245 905/1234/852
f 881/1224/842 904/1226/844 907/1235/853
f 912/1236/854 887/1237/854 921/1238/854 922/1239/854
f 883/1240/848 908/1241/850 901/1242/855
f 884/1243/856 909/1244/857 914/1245/858
f 885/1246/859 910/1247/860 916/1248/861
f 886/1249/862 911/1250/863 917/1251/864
f 887/1252/865 912/1253/866 918/1254/867
f 888/1255/868 913/1256/869 915/1257/870
f 915/1258/870 918/1259/867 889/1260/871
f 915/1258/870 913/1261/869 918/1259/867
f 913/1261/869 887/1262/865 918/1259/867
f 918/1259/867 917/1263/864 889/1260/871
f 918/1259/867 912/1264/866 917/1263/864
f 912/1265/866 886/1266/862 917/1267/864
f 917/1263/864 916/1248/861 889/1260/871
f 917/1263/864 911/1268/863 916/1248/861
f 911/1250/863 885/1269/859 916/1270/861
f 916/1248/861 914/1245/858 889/1260/871
f 916/1248/861 910/1247/860 914/1245/858
f 910/1271/860 884/1272/856 914/1273/858
f 914/1245/858 915/1258/870 889/1260/871
f 914/1245/858 909/1244/857 915/1258/870
f 909/1274/857 888/1255/868 915/1257/870
f 901/1242/855 913/1256/869 888/1255/868
f 901/1242/855 908/1241/850 913/1256/869
f 908/1275/850 887/1276/865 913/1277/869
f 906/1278/872 912/1279/872 922/1280/872 919/1281/872
f 908/1282/873 899/1283/873 923/1284/873 924/1285/873
f 906/1286/847 886/1266/862 912/1265/866
f 907/1235/853 911/1250/863 886/1249/862
f 907/1235/853 904/1226/844 911/1250/863
f 904/1226/844 885/1269/859 911/1250/863
f 905/1234/852 910/1271/860 885/1287/859
f 905/1234/852 902/1223/245 910/1271/860
f 902/1223/245 884/1272/856 910/1271/860
f 903/1288/851 909/1289/857 884/1272/856
f 903/1233/851 900/1220/839 909/1274/857
f 900/1220/839 888/1255/868 909/1274/857
f 882/1290/874 906/1278/874 919/1281/874 920/1291/874
f 887/1292/875 908/1282/875 924/1285/875 921/1293/875
f 899/1294/876 882/1295/876 920/1296/876 923/1297/876
f 906/1298/847 907/1235/853 886/1249/862
f 906/1298/847 898/1299/846 907/1235/853
f 898/1299/846 881/1224/842 907/1235/853
f 904/1226/844 905/1300/852 885/1269/859
f 904/1226/844 896/1225/843 905/1300/852
f 896/1301/843 880/1221/840 905/1234/852
f 902/1223/245 903/1288/851 884/1272/856
f 902/1223/245 892/1222/841 903/1288/851
f 892/1222/841 879/1302/834 903/1288/851
f 900/1220/839 901/1242/855 888/1255/868
f 900/1220/839 893/1216/835 901/1242/855
f 893/1216/835 883/1240/848 901/1242/855
f 894/1219/838 899/1303/849 883/1304/848
f 894/1219/838 897/1218/837 899/1303/849
f 897/1305/837 882/1306/845 899/1307/849
f 897/1218/837 898/1308/846 882/1309/845
f 897/1218/837 895/1217/836 898/1308/846
f 895/1310/836 881/1224/842 898/1299/846
f 895/1310/836 896/1225/843 881/1224/842
f 895/1217/836 890/1213/833 896/1311/843
f 890/1213/833 880/1312/840 896/1311/843
f 893/1216/835 894/1313/838 883/1240/848
f 893/1314/835 891/1212/832 894/1219/838
f 891/1212/832 878/1211/831 894/1219/838
f 890/1315/833 892/1222/841 880/1221/840
f 890/1213/833 891/1212/832 892/1316/841
f 891/1212/832 879/1317/834 892/1316/841
f 1211/1318/9 1208/1319/877 991/1320/878 990/1321/879
f 926/1322/877 927/1323/880 1202/1324/880 1207/1325/877
f 927/1323/880 928/1326/881 1198/1327/881 1202/1324/880
f 928/1326/881 929/1328/882 1196/1329/882 1198/1327/881
f 929/1330/882 930/1331/883 1192/1332/883 1196/1333/882
f 930/1331/883 931/1334/884 1190/1335/884 1192/1332/883
f 931/1334/884 932/1336/885 1186/1337/885 1190/1335/884
f 932/1336/885 933/1338/251 1184/1339/251 1186/1337/885
f 933/1338/251 934/1340/886 1180/1341/886 1184/1339/251
f 934/1340/886 935/1342/887 1178/1343/887 1180/1341/886
f 935/1342/887 936/1344/888 1174/1345/888 1178/1343/887
f 936/1344/888 937/1346/889 1172/1347/889 1174/1345/888
f 937/1348/889 938/1349/890 1168/1350/890 1172/1351/889
f 938/1349/890 939/1352/891 1166/1353/891 1168/1350/890
f 939/1352/891 940/1354/892 1162/1355/892 1166/1353/891
f 940/1354/892 941/1356/13 1160/1357/13 1162/1355/892
f 941/1356/13 942/1358/893 1156/1359/893 1160/1357/13
f 942/1358/893 943/1360/894 1154/1361/894 1156/1359/893
f 943/1360/894 944/1362/895 1150/1363/895 1154/1361/894
f 944/1362/895 945/1364/896 1148/1365/896 1150/1363/895
f 945/1366/896 946/1367/897 1144/1368/897 1148/1369/896
f 946/1367/897 947/1370/898 1142/1371/898 1144/1368/897
f 947/1370/898 948/1372/899 1138/1373/899 1142/1371/898
f 948/1372/899 949/1374/269 1136/1375/269 1138/1373/899
f 949/1374/269 950/1376/900 1132/1377/900 1136/1375/269
f 950/1376/900 951/1378/901 1130/1379/901 1132/1377/900
f 951/1378/901 952/1380/902 1126/1381/902 1130/1379/901
f 952/1380/902 953/1382/903 1124/1383/903 1126/1381/902
f 1117/1384/904 1204/1385/905 1051/1386/906 1049/1387/907
f 954/1388/908 955/1389/904 1118/1390/904 1120/1391/908
f 957/1392/893 958/1393/13 1055/1394/909 1054/1395/910
f 956/1396/905 925/1397/9 1210/1398/9 1205/1399/905
f 976/1400/881 975/1401/911 1090/1402/912 1092/1403/913
f 1079/1404/245 1077/1405/245 1014/1406/245 1016/1407/245
f 977/1408/882 976/1400/881 1092/1403/913 1094/1409/914
f 1081/1410/245 1079/1404/245 1016/1407/245 1018/1411/245
f 978/1412/883 977/1413/882 1094/1414/914 1096/1415/915
f 1083/1416/245 1081/1410/245 1018/1411/245 1020/1417/245
f 979/1418/884 978/1412/883 1096/1415/915 1098/1419/916
f 1085/1420/245 1083/1416/245 1020/1417/245 1022/1421/245
f 980/1422/885 979/1418/884 1098/1419/916 1100/1423/917
f 1087/1424/245 1085/1420/245 1022/1421/245 1024/1425/245
f 981/1426/251 980/1422/885 1100/1423/917 1102/1427/918
f 1089/1428/245 1087/1424/245 1024/1425/245 1026/1429/245
f 982/1430/886 981/1426/251 1102/1427/918 1104/1431/919
f 1091/1432/245 1089/1428/245 1026/1429/245 1028/1433/245
f 983/1434/887 982/1430/886 1104/1431/919 1106/1435/920
f 1093/1436/245 1091/1432/245 1028/1433/245 1030/1437/245
f 984/1438/888 983/1434/887 1106/1435/920 1108/1439/921
f 1095/1440/245 1093/1436/245 1030/1437/245 1032/1441/245
f 985/1442/889 984/1438/888 1108/1439/921 1110/1443/922
f 959/1444/894 957/1392/893 1054/1395/910 1058/1445/923
f 1097/1446/245 1095/1440/245 1032/1441/245 1034/1447/245
f 986/1448/890 985/1449/889 1110/1450/922 1112/1451/924
f 958/1393/13 988/1452/892 1116/1453/925 1055/1394/909
f 1099/1454/245 1097/1446/245 1034/1447/245 1036/1455/245
f 987/1456/891 986/1448/890 1112/1451/924 1114/1457/926
f 961/1458/896 960/1459/895 1060/1460/927 1062/1461/928
f 1101/1462/245 1099/1454/245 1036/1455/245 1038/1463/245
f 988/1452/892 987/1456/891 1114/1457/926 1116/1453/925
f 962/1464/929 961/1465/896 1062/1466/928 1064/1467/930
f 1103/1468/245 1101/1462/245 1038/1463/245 1040/1469/245
f 963/1470/898 962/1464/929 1064/1467/930 1066/1471/931
f 1105/1472/245 1103/1468/245 1040/1469/245 1042/1473/245
f 960/1459/895 959/1444/894 1058/1445/923 1060/1460/927
f 964/1474/899 963/1470/898 1066/1471/931 1068/1475/932
f 1107/1476/245 1105/1472/245 1042/1473/245 1044/1477/245
f 1053/1478/245 1056/1479/245 989/1480/245 992/1481/245
f 965/1482/269 964/1474/899 1068/1475/932 1070/1483/933
f 1109/1484/245 1107/1476/245 1044/1477/245 1046/1485/245
f 1057/1486/245 1053/1478/245 992/1481/245 994/1487/245
f 966/1488/900 965/1482/269 1070/1483/933 1072/1489/934
f 1111/1490/245 1109/1484/245 1046/1485/245 1048/1491/245
f 1059/1492/245 1057/1486/245 994/1487/245 996/1493/245
f 967/1494/901 966/1488/900 1072/1489/934 1074/1495/935
f 1113/1496/245 1111/1490/245 1048/1491/245 1050/1497/245
f 1061/1498/245 1059/1492/245 996/1493/245 998/1499/245
f 968/1500/902 967/1494/901 1074/1495/935 1076/1501/936
f 1115/1502/245 1113/1496/245 1050/1497/245 1052/1503/245
f 1063/1504/245 1061/1498/245 998/1499/245 1000/1505/245
f 969/1506/903 968/1500/902 1076/1501/936 1078/1507/937
f 1056/1479/245 1115/1502/245 1052/1503/245 989/1480/245
f 1065/1508/245 1063/1504/245 1000/1505/245 1002/1509/245
f 970/1510/908 969/1511/903 1078/1512/937 1080/1513/938
f 1067/1514/245 1065/1508/245 1002/1509/245 1004/1515/245
f 971/1516/904 970/1510/908 1080/1513/938 1082/1517/939
f 1069/1518/245 1067/1514/245 1004/1515/245 1006/1519/245
f 972/1520/905 971/1516/904 1082/1517/939 1084/1521/940
f 1071/1522/245 1069/1518/245 1006/1519/245 1008/1523/245
f 973/1524/9 972/1520/905 1084/1521/940 1086/1525/941
f 1073/1526/245 1071/1522/245 1008/1523/245 1010/1527/245
f 974/1528/877 973/1524/9 1086/1525/941 1088/1529/942
f 1075/1530/245 1073/1526/245 1010/1527/245 1012/1531/245
f 975/1401/911 974/1528/877 1088/1529/942 1090/1402/912
f 1077/1405/245 1075/1530/245 1012/1531/245 1014/1406/245
f 1054/1395/910 1055/1394/909 1056/1532/943 1053/1533/944
f 1058/1445/923 1054/1395/910 1053/1533/944 1057/1534/945
f 1060/1460/927 1058/1445/923 1057/1534/945 1059/1535/946
f 1062/1461/928 1060/1460/927 1059/1535/946 1061/1536/947
f 1064/1467/930 1062/1466/928 1061/1537/947 1063/1538/948
f 1066/1471/931 1064/1467/930 1063/1538/948 1065/1539/949
f 1068/1475/932 1066/1471/931 1065/1539/949 1067/1540/950
f 1070/1483/933 1068/1475/932 1067/1540/950 1069/1541/951
f 1072/1489/934 1070/1483/933 1069/1541/951 1071/1542/952
f 1074/1495/935 1072/1489/934 1071/1542/952 1073/1543/953
f 1076/1501/936 1074/1495/935 1073/1543/953 1075/1544/954
f 1078/1507/937 1076/1501/936 1075/1544/954 1077/1545/955
f 1080/1513/938 1078/1512/937 1077/1546/955 1079/1547/956
f 1082/1517/939 1080/1513/938 1079/1547/956 1081/1548/957
f 1084/1521/940 1082/1517/939 1081/1548/957 1083/1549/958
f 1086/1525/941 1084/1521/940 1083/1549/958 1085/1550/959
f 1088/1529/942 1086/1525/941 1085/1550/959 1087/1551/960
f 1090/1402/912 1088/1529/942 1087/1551/960 1089/1552/961
f 1092/1403/913 1090/1402/912 1089/1552/961 1091/1553/962
f 1094/1409/914 1092/1403/913 1091/1553/962 1093/1554/963
f 1096/1415/915 1094/1414/914 1093/1555/963 1095/1556/964
f 1098/1419/916 1096/1415/915 1095/1556/964 1097/1557/965
f 1100/1423/917 1098/1419/916 1097/1557/965 1099/1558/966
f 1102/1427/918 1100/1423/917 1099/1558/966 1101/1559/967
f 1104/1431/919 1102/1427/918 1101/1559/967 1103/1560/968
f 1106/1435/920 1104/1431/919 1103/1560/968 1105/1561/969
f 1108/1439/921 1106/1435/920 1105/1561/969 1107/1562/970
f 1110/1443/922 1108/1439/921 1107/1562/970 1109/1563/971
f 1112/1451/924 1110/1450/922 1109/1564/971 1111/1565/972
f 1114/1457/926 1112/1451/924 1111/1565/972 1113/1566/973
f 1116/1453/925 1114/1457/926 1113/1566/973 1115/1567/974
f 1055/1394/909 1116/1453/925 1115/1567/974 1056/1532/943
f 992/1568/960 989/1569/959 990/1321/879 991/1320/878
f 994/1570/975 992/1568/960 991/1320/878 993/1571/976
f 996/1572/977 994/1570/975 993/1571/976 995/1573/978
f 998/1574/979 996/1572/977 995/1573/978 997/1575/980
f 1000/1576/981 998/1577/979 997/1578/980 999/1579/982
f 1002/1580/983 1000/1576/981 999/1579/982 1001/1581/984
f 1004/1582/966 1002/1580/983 1001/1581/984 1003/1583/985
f 1006/1584/967 1004/1582/966 1003/1583/985 1005/1585/986
f 1008/1586/968 1006/1584/967 1005/1585/986 1007/1587/987
f 1010/1588/988 1008/1586/968 1007/1587/987 1009/1589/989
f 1012/1590/970 1010/1588/988 1009/1589/989 1011/1591/990
f 1014/1592/991 1012/1590/970 1011/1591/990 1013/1593/992
f 1016/1594/993 1014/1595/991 1013/1596/992 1015/1597/994
f 1018/1598/995 1016/1594/993 1015/1597/994 1017/1599/996
f 1020/1600/997 1018/1598/995 1017/1599/996 1019/1601/998
f 1022/1602/999 1020/1600/997 1019/1601/998 1021/1603/1000
f 1024/1604/1001 1022/1602/999 1021/1603/1000 1023/1605/1002
f 1026/1606/1003 1024/1604/1001 1023/1605/1002 1025/1607/1004
f 1028/1608/1005 1026/1606/1003 1025/1607/1004 1027/1609/1006
f 1030/1610/1007 1028/1608/1005 1027/1609/1006 1029/1611/1008
f 1032/1612/1009 1030/1613/1007 1029/1614/1008 1031/1615/1010
f 1034/1616/1011 1032/1612/1009 1031/1615/1010 1033/1617/1012
f 1036/1618/950 1034/1616/1011 1033/1617/1012 1035/1619/1013
f 1038/1620/1014 1036/1618/950 1035/1619/1013 1037/1621/1015
f 1040/1622/952 1038/1620/1014 1037/1621/1015 1039/1623/1016
f 1042/1624/1017 1040/1622/952 1039/1623/1016 1041/1625/1018
f 1044/1626/1019 1042/1624/1017 1041/1625/1018 1043/1627/1020
f 1046/1628/1021 1044/1626/1019 1043/1627/1020 1045/1629/1022
f 1048/1630/1023 1046/1631/1021 1045/1632/1022 1047/1633/1024
f 1050/1634/1025 1048/1630/1023 1047/1633/1024 1049/1387/907
f 1052/1635/958 1050/1634/1025 1049/1387/907 1051/1386/906
f 989/1569/959 1052/1635/958 1051/1386/906 990/1321/879
f 925/1397/9 926/1322/877 1207/1325/877 1210/1398/9
f 1208/1319/877 1201/1636/911 993/1571/976 991/1320/878
f 1121/1637/908 1117/1384/904 1049/1387/907 1047/1633/1024
f 953/1638/903 954/1388/908 1120/1391/908 1124/1639/903
f 1123/1640/903 1121/1637/908 1047/1633/1024 1045/1632/1022
f 1127/1641/902 1123/1642/903 1045/1629/1022 1043/1627/1020
f 1129/1643/901 1127/1641/902 1043/1627/1020 1041/1625/1018
f 1133/1644/900 1129/1643/901 1041/1625/1018 1039/1623/1016
f 1135/1645/269 1133/1644/900 1039/1623/1016 1037/1621/1015
f 1139/1646/899 1135/1645/269 1037/1621/1015 1035/1619/1013
f 1141/1647/898 1139/1646/899 1035/1619/1013 1033/1617/1012
f 1145/1648/897 1141/1647/898 1033/1617/1012 1031/1615/1010
f 1147/1649/896 1145/1648/897 1031/1615/1010 1029/1614/1008
f 1151/1650/895 1147/1651/896 1029/1611/1008 1027/1609/1006
f 1153/1652/894 1151/1650/895 1027/1609/1006 1025/1607/1004
f 1157/1653/893 1153/1652/894 1025/1607/1004 1023/1605/1002
f 1159/1654/13 1157/1653/893 1023/1605/1002 1021/1603/1000
f 1163/1655/892 1159/1654/13 1021/1603/1000 1019/1601/998
f 1165/1656/891 1163/1655/892 1019/1601/998 1017/1599/996
f 1169/1657/890 1165/1656/891 1017/1599/996 1015/1597/994
f 1171/1658/889 1169/1657/890 1015/1597/994 1013/1596/992
f 1175/1659/888 1171/1660/889 1013/1593/992 1011/1591/990
f 1177/1661/887 1175/1659/888 1011/1591/990 1009/1589/989
f 1181/1662/886 1177/1661/887 1009/1589/989 1007/1587/987
f 1183/1663/251 1181/1662/886 1007/1587/987 1005/1585/986
f 1187/1664/885 1183/1663/251 1005/1585/986 1003/1583/985
f 1189/1665/884 1187/1664/885 1003/1583/985 1001/1581/984
f 1193/1666/883 1189/1665/884 1001/1581/984 999/1579/982
f 1195/1667/882 1193/1666/883 999/1579/982 997/1578/980
f 1199/1668/881 1195/1669/882 997/1575/980 995/1573/978
f 1201/1636/911 1199/1668/881 995/1573/978 993/1571/976
f 1204/1385/905 1211/1318/9 990/1321/879 1051/1386/906
f 1211/1670/1026 1204/1671/1027 1206/1672/1027 1212/1673/1026
f 1212/1674/1028 1206/1675/1029 1205/1399/1029 1210/1398/1028
f 1199/1676/1030 1201/1677/1031 1203/1678/1031 1200/1679/1030
f 1200/1680/1032 1203/1681/1033 1202/1682/1033 1198/1683/1032
f 1187/1684/1034 1189/1685/1035 1191/1686/1035 1188/1687/1034
f 1188/1688/1036 1191/1689/1037 1190/1335/1037 1186/1337/1036
f 1181/1690/1038 1183/1691/1039 1185/1692/1039 1182/1693/1038
f 1182/1694/1040 1185/1695/1041 1184/1339/1041 1180/1341/1042
f 1175/1696/1043 1177/1697/1044 1179/1698/1044 1176/1699/1045
f 1176/1700/1046 1179/1701/1047 1178/1343/1047 1174/1345/1046
f 1169/1702/1048 1171/1703/1049 1173/1704/1050 1170/1705/1048
f 1170/1706/1051 1173/1707/1052 1172/1708/1052 1168/1709/1051
f 1163/1655/1053 1165/1656/1054 1167/1710/1054 1164/1711/1053
f 1164/1711/1055 1167/1710/1056 1166/1353/1056 1162/1355/1057
f 1157/1653/1058 1159/1654/1059 1161/1712/1059 1158/1713/1060
f 1158/1713/1061 1161/1712/1062 1160/1357/1062 1156/1359/1063
f 1151/1650/1064 1153/1652/1065 1155/1714/1066 1152/1715/1067
f 1152/1715/1068 1155/1714/1069 1154/1361/1070 1150/1363/1071
f 1145/1716/1072 1147/1717/1073 1149/1718/1073 1146/1719/1072
f 1146/1720/1074 1149/1721/1075 1148/1722/1075 1144/1723/1074
f 1139/1646/1076 1141/1647/1077 1143/1724/1077 1140/1725/1076
f 1140/1725/1078 1143/1724/1079 1142/1371/1079 1138/1373/1080
f 1133/1644/1081 1135/1645/1082 1137/1726/1082 1134/1727/1081
f 1134/1727/1083 1137/1726/1084 1136/1375/1084 1132/1377/1085
f 1127/1641/1086 1129/1643/1087 1131/1728/1087 1128/1729/1086
f 1128/1730/1088 1131/1731/1089 1130/1732/1089 1126/1733/1088
f 1121/1734/1090 1123/1735/1091 1125/1736/1092 1122/1737/1093
f 1122/1738/1094 1125/1739/1095 1124/1740/1096 1120/1741/1097
f 1204/1671/1027 1117/1742/1098 1119/1743/1098 1206/1672/1027
f 1206/1675/1029 1119/1744/1099 1118/1390/1100 1205/1399/1029
f 1208/1745/1101 1211/1670/1026 1212/1673/1026 1209/1746/1101
f 1209/1747/1102 1212/1674/1028 1210/1398/1028 1207/1325/1102
f 1193/1748/1103 1195/1749/1104 1197/1750/1104 1194/1751/1105
f 1194/1752/1106 1197/1753/1107 1196/1754/1107 1192/1755/1106
f 1189/1685/1035 1193/1748/1103 1194/1751/1105 1191/1686/1035
f 1191/1689/1037 1194/1756/1106 1192/1332/1106 1190/1335/1037
f 1195/1749/1104 1199/1676/1030 1200/1679/1030 1197/1750/1104
f 1197/1753/1107 1200/1680/1032 1198/1683/1032 1196/1754/1107
f 1183/1691/1039 1187/1684/1034 1188/1687/1034 1185/1692/1039
f 1185/1695/1041 1188/1688/1036 1186/1337/1036 1184/1339/1041
f 1177/1697/1044 1181/1690/1038 1182/1693/1038 1179/1698/1044
f 1179/1701/1047 1182/1694/1040 1180/1341/1042 1178/1343/1047
f 1171/1703/1049 1175/1696/1043 1176/1699/1045 1173/1704/1050
f 1173/1707/1052 1176/1757/1046 1174/1758/1046 1172/1708/1052
f 1165/1759/1054 1169/1702/1048 1170/1705/1048 1167/1760/1054
f 1167/1710/1056 1170/1761/1051 1168/1350/1051 1166/1353/1056
f 1159/1654/1059 1163/1655/1053 1164/1711/1053 1161/1712/1059
f 1161/1712/1062 1164/1711/1055 1162/1355/1057 1160/1357/1062
f 1153/1652/1065 1157/1653/1058 1158/1713/1060 1155/1714/1066
f 1155/1714/1069 1158/1713/1061 1156/1359/1063 1154/1361/1070
f 1147/1717/1073 1151/1762/1064 1152/1763/1067 1149/1718/1073
f 1149/1721/1075 1152/1764/1068 1150/1765/1071 1148/1722/1075
f 1141/1647/1077 1145/1648/1072 1146/1766/1072 1143/1724/1077
f 1143/1767/1079 1146/1720/1074 1144/1723/1074 1142/1768/1079
f 1135/1645/1082 1139/1646/1076 1140/1725/1076 1137/1726/1082
f 1137/1726/1084 1140/1725/1078 1138/1373/1080 1136/1375/1084
f 1129/1643/1087 1133/1644/1081 1134/1727/1081 1131/1728/1087
f 1131/1728/1089 1134/1727/1083 1132/1377/1085 1130/1379/1089
f 1123/1735/1091 1127/1769/1086 1128/1770/1086 1125/1736/1092
f 1125/1739/1095 1128/1730/1088 1126/1733/1088 1124/1740/1096
f 1117/1742/1098 1121/1734/1090 1122/1737/1093 1119/1743/1098
f 1119/1771/1099 1122/1738/1094 1120/1741/1097 1118/1772/1100
f 1201/1677/1031 1208/1745/1101 1209/1746/1101 1203/1678/1031
f 1203/1773/1033 1209/1747/1102 1207/1325/1102 1202/1324/1033
f 955/1389/904 956/1396/905 1205/1399/905 1118/1390/904
f 1499/1774/9 1278/1775/879 1279/1776/906 1496/1777/905
f 1214/1778/905 1495/1779/905 1490/1780/1108 1215/1781/1108
f 1215/1781/1108 1490/1780/1108 1486/1782/908 1216/1783/908
f 1216/1783/908 1486/1782/908 1484/1784/903 1217/1785/903
f 1217/1786/903 1484/1787/903 1480/1788/902 1218/1789/902
f 1218/1789/902 1480/1788/902 1478/1790/901 1219/1791/901
f 1219/1791/901 1478/1790/901 1474/1792/900 1220/1793/900
f 1220/1793/900 1474/1792/900 1472/1794/269 1221/1795/269
f 1221/1795/269 1472/1794/269 1468/1796/899 1222/1797/899
f 1222/1797/899 1468/1796/899 1466/1798/898 1223/1799/898
f 1223/1799/898 1466/1798/898 1462/1800/897 1224/1801/897
f 1224/1801/897 1462/1800/897 1460/1802/896 1225/1803/896
f 1225/1804/896 1460/1805/896 1456/1806/895 1226/1807/895
f 1226/1807/895 1456/1806/895 1454/1808/894 1227/1809/894
f 1227/1809/894 1454/1808/894 1450/1810/893 1228/1811/893
f 1228/1811/893 1450/1810/893 1448/1812/13 1229/1813/13
f 1229/1813/13 1448/1812/13 1444/1814/892 1230/1815/892
f 1230/1815/892 1444/1814/892 1442/1816/891 1231/1817/891
f 1231/1817/891 1442/1816/891 1438/1818/890 1232/1819/890
f 1232/1819/890 1438/1818/890 1436/1820/889 1233/1821/889
f 1233/1822/889 1436/1823/889 1432/1824/888 1234/1825/888
f 1234/1825/888 1432/1824/888 1430/1826/887 1235/1827/887
f 1235/1827/887 1430/1826/887 1426/1828/886 1236/1829/886
f 1236/1829/886 1426/1828/886 1424/1830/251 1237/1831/251
f 1237/1831/251 1424/1830/251 1420/1832/885 1238/1833/885
f 1238/1833/885 1420/1832/885 1418/1834/884 1239/1835/884
f 1239/1835/884 1418/1834/884 1414/1836/883 1240/1837/883
f 1240/1837/883 1414/1836/883 1412/1838/882 1241/1839/882
f 1405/1840/880 1337/1841/976 1339/1842/878 1492/1843/877
f 1242/1844/881 1408/1845/881 1406/1846/880 1243/1847/880
f 1245/1848/892 1342/1849/925 1343/1850/909 1246/1851/13
f 1244/1852/877 1493/1853/877 1498/1854/9 1213/1855/9
f 1264/1856/908 1380/1857/1109 1378/1858/1110 1263/1859/904
f 1367/1860/245 1304/1861/245 1302/1862/245 1365/1863/245
f 1265/1864/903 1382/1865/937 1380/1857/1109 1264/1856/908
f 1369/1866/245 1306/1867/245 1304/1861/245 1367/1860/245
f 1266/1868/902 1384/1869/936 1382/1870/937 1265/1871/903
f 1371/1872/245 1308/1873/245 1306/1867/245 1369/1866/245
f 1267/1874/901 1386/1875/1111 1384/1869/936 1266/1868/902
f 1373/1876/245 1310/1877/245 1308/1873/245 1371/1872/245
f 1268/1878/900 1388/1879/1112 1386/1875/1111 1267/1874/901
f 1375/1880/245 1312/1881/245 1310/1877/245 1373/1876/245
f 1269/1882/269 1390/1883/933 1388/1879/1112 1268/1878/900
f 1377/1884/245 1314/1885/245 1312/1881/245 1375/1880/245
f 1270/1886/899 1392/1887/1113 1390/1883/933 1269/1882/269
f 1379/1888/245 1316/1889/245 1314/1885/245 1377/1884/245
f 1271/1890/898 1394/1891/1114 1392/1887/1113 1270/1886/899
f 1381/1892/245 1318/1893/245 1316/1889/245 1379/1888/245
f 1272/1894/897 1396/1895/930 1394/1891/1114 1271/1890/898
f 1383/1896/245 1320/1897/245 1318/1893/245 1381/1892/245
f 1273/1898/896 1398/1899/928 1396/1895/930 1272/1894/897
f 1247/1900/891 1346/1901/926 1342/1849/925 1245/1848/892
f 1385/1902/245 1322/1903/245 1320/1897/245 1383/1896/245
f 1274/1904/895 1400/1905/1115 1398/1906/928 1273/1907/896
f 1246/1851/13 1343/1850/909 1404/1908/910 1276/1909/893
f 1387/1910/245 1324/1911/245 1322/1903/245 1385/1902/245
f 1275/1912/894 1402/1913/923 1400/1905/1115 1274/1904/895
f 1249/1914/889 1350/1915/922 1348/1916/1116 1248/1917/890
f 1389/1918/245 1326/1919/245 1324/1911/245 1387/1910/245
f 1276/1909/893 1404/1908/910 1402/1913/923 1275/1912/894
f 1250/1920/1117 1352/1921/921 1350/1922/922 1249/1923/889
f 1391/1924/245 1328/1925/245 1326/1919/245 1389/1918/245
f 1251/1926/887 1354/1927/920 1352/1921/921 1250/1920/1117
f 1393/1928/245 1330/1929/245 1328/1925/245 1391/1924/245
f 1248/1917/890 1348/1916/1116 1346/1901/926 1247/1900/891
f 1252/1930/886 1356/1931/1118 1354/1927/920 1251/1926/887
f 1395/1932/245 1332/1933/245 1330/1929/245 1393/1928/245
f 1341/1934/245 1280/1935/245 1277/1936/245 1344/1937/245
f 1253/1938/251 1358/1939/1119 1356/1931/1118 1252/1930/886
f 1397/1940/245 1334/1941/245 1332/1933/245 1395/1932/245
f 1345/1942/245 1282/1943/245 1280/1935/245 1341/1934/245
f 1254/1944/885 1360/1945/917 1358/1939/1119 1253/1938/251
f 1399/1946/245 1336/1947/245 1334/1941/245 1397/1940/245
f 1347/1948/245 1284/1949/245 1282/1943/245 1345/1942/245
f 1255/1950/884 1362/1951/916 1360/1945/917 1254/1944/885
f 1401/1952/245 1338/1953/245 1336/1947/245 1399/1946/245
f 1349/1954/245 1286/1955/245 1284/1949/245 1347/1948/245
f 1256/1956/1120 1364/1957/915 1362/1951/916 1255/1950/884
f 1403/1958/245 1340/1959/245 1338/1953/245 1401/1952/245
f 1351/1960/245 1288/1961/245 1286/1955/245 1349/1954/245
f 1257/1962/882 1366/1963/914 1364/1957/915 1256/1956/1120
f 1344/1937/245 1277/1936/245 1340/1959/245 1403/1958/245
f 1353/1964/245 1290/1965/245 1288/1961/245 1351/1960/245
f 1258/1966/881 1368/1967/1121 1366/1968/914 1257/1969/882
f 1355/1970/245 1292/1971/245 1290/1965/245 1353/1964/245
f 1259/1972/911 1370/1973/1122 1368/1967/1121 1258/1966/881
f 1357/1974/245 1294/1975/245 1292/1971/245 1355/1970/245
f 1260/1976/877 1372/1977/942 1370/1973/1122 1259/1972/911
f 1359/1978/245 1296/1979/245 1294/1975/245 1357/1974/245
f 1261/1980/9 1374/1981/941 1372/1977/942 1260/1976/877
f 1361/1982/245 1298/1983/245 1296/1979/245 1359/1978/245
f 1262/1984/905 1376/1985/1123 1374/1981/941 1261/1980/9
f 1363/1986/245 1300/1987/245 1298/1983/245 1361/1982/245
f 1263/1859/904 1378/1858/1110 1376/1985/1123 1262/1984/905
f 1365/1863/245 1302/1862/245 1300/1987/245 1363/1986/245
f 1342/1849/925 1341/1988/974 1344/1989/1124 1343/1850/909
f 1346/1901/926 1345/1990/1125 1341/1988/974 1342/1849/925
f 1348/1916/1116 1347/1991/1126 1345/1990/1125 1346/1901/926
f 1350/1915/922 1349/1992/971 1347/1991/1126 1348/1916/1116
f 1352/1921/921 1351/1993/1127 1349/1994/971 1350/1922/922
f 1354/1927/920 1353/1995/988 1351/1993/1127 1352/1921/921
f 1356/1931/1118 1355/1996/968 1353/1995/988 1354/1927/920
f 1358/1939/1119 1357/1997/967 1355/1996/968 1356/1931/1118
f 1360/1945/917 1359/1998/966 1357/1997/967 1358/1939/1119
f 1362/1951/916 1361/1999/965 1359/1998/966 1360/1945/917
f 1364/1957/915 1363/2000/981 1361/1999/965 1362/1951/916
f 1366/1963/914 1365/2001/963 1363/2000/981 1364/1957/915
f 1368/1967/1121 1367/2002/1128 1365/2003/963 1366/1968/914
f 1370/1973/1122 1369/2004/961 1367/2002/1128 1368/1967/1121
f 1372/1977/942 1371/2005/960 1369/2004/961 1370/1973/1122
f 1374/1981/941 1373/2006/959 1371/2005/960 1372/1977/942
f 1376/1985/1123 1375/2007/958 1373/2006/959 1374/1981/941
f 1378/1858/1110 1377/2008/957 1375/2007/958 1376/1985/1123
f 1380/1857/1109 1379/2009/1129 1377/2008/957 1378/1858/1110
f 1382/1865/937 1381/2010/1130 1379/2009/1129 1380/1857/1109
f 1384/1869/936 1383/2011/1019 1381/2012/1130 1382/1870/937
f 1386/1875/1111 1385/2013/1131 1383/2011/1019 1384/1869/936
f 1388/1879/1112 1387/2014/952 1385/2013/1131 1386/1875/1111
f 1390/1883/933 1389/2015/1014 1387/2014/952 1388/1879/1112
f 1392/1887/1113 1391/2016/950 1389/2015/1014 1390/1883/933
f 1394/1891/1114 1393/2017/949 1391/2016/950 1392/1887/1113
f 1396/1895/930 1395/2018/1009 1393/2017/949 1394/1891/1114
f 1398/1899/928 1397/2019/1132 1395/2018/1009 1396/1895/930
f 1400/1905/1115 1399/2020/1133 1397/2021/1132 1398/1906/928
f 1402/1913/923 1401/2022/1134 1399/2020/1133 1400/1905/1115
f 1404/1908/910 1403/2023/944 1401/2022/1134 1402/1913/923
f 1343/1850/909 1344/1989/1124 1403/2023/944 1404/1908/910
f 1280/2024/958 1279/1776/906 1278/1775/879 1277/2025/959
f 1282/2026/1025 1281/2027/907 1279/1776/906 1280/2024/958
f 1284/2028/1135 1283/2029/1024 1281/2027/907 1282/2026/1025
f 1286/2030/1136 1285/2031/1022 1283/2029/1024 1284/2028/1135
f 1288/2032/1019 1287/2033/1137 1285/2034/1022 1286/2035/1136
f 1290/2036/1017 1289/2037/1018 1287/2033/1137 1288/2032/1019
f 1292/2038/952 1291/2039/1016 1289/2037/1018 1290/2036/1017
f 1294/2040/1014 1293/2041/1015 1291/2039/1016 1292/2038/952
f 1296/2042/1138 1295/2043/1013 1293/2041/1015 1294/2040/1014
f 1298/2044/1139 1297/2045/1140 1295/2043/1013 1296/2042/1138
f 1300/2046/1009 1299/2047/1010 1297/2045/1140 1298/2044/1139
f 1302/2048/1141 1301/2049/1008 1299/2047/1010 1300/2046/1009
f 1304/2050/1142 1303/2051/1143 1301/2052/1008 1302/2053/1141
f 1306/2054/1144 1305/2055/1004 1303/2051/1143 1304/2050/1142
f 1308/2056/1145 1307/2057/1146 1305/2055/1004 1306/2054/1144
f 1310/2058/1147 1309/2059/1000 1307/2057/1146 1308/2056/1145
f 1312/2060/1148 1311/2061/998 1309/2059/1000 1310/2058/1147
f 1314/2062/1149 1313/2063/996 1311/2061/998 1312/2060/1148
f 1316/2064/1150 1315/2065/994 1313/2063/996 1314/2062/1149
f 1318/2066/991 1317/2067/992 1315/2065/994 1316/2064/1150
f 1320/2068/970 1319/2069/990 1317/2070/992 1318/2071/991
f 1322/2072/1151 1321/2073/989 1319/2069/990 1320/2068/970
f 1324/2074/968 1323/2075/987 1321/2073/989 1322/2072/1151
f 1326/2076/967 1325/2077/986 1323/2075/987 1324/2074/968
f 1328/2078/966 1327/2079/985 1325/2077/986 1326/2076/967
f 1330/2080/965 1329/2081/984 1327/2079/985 1328/2078/966
f 1332/2082/981 1331/2083/982 1329/2081/984 1330/2080/965
f 1334/2084/979 1333/2085/980 1331/2083/982 1332/2082/981
f 1336/2086/1152 1335/2087/1153 1333/2088/980 1334/2089/979
f 1338/2090/975 1337/1841/976 1335/2087/1153 1336/2086/1152
f 1340/2091/960 1339/1842/878 1337/1841/976 1338/2090/975
f 1277/2025/959 1278/1775/879 1339/1842/878 1340/2091/960
f 1213/1855/9 1498/1854/9 1495/1779/905 1214/1778/905
f 1496/1777/905 1279/1776/906 1281/2027/907 1489/2092/904
f 1409/2093/881 1335/2087/1153 1337/1841/976 1405/1840/880
f 1241/2094/882 1412/2095/882 1408/1845/881 1242/1844/881
f 1411/2096/882 1333/2088/980 1335/2087/1153 1409/2093/881
f 1415/2097/883 1331/2083/982 1333/2085/980 1411/2098/882
f 1417/2099/884 1329/2081/984 1331/2083/982 1415/2097/883
f 1421/2100/885 1327/2079/985 1329/2081/984 1417/2099/884
f 1423/2101/251 1325/2077/986 1327/2079/985 1421/2100/885
f 1427/2102/886 1323/2075/987 1325/2077/986 1423/2101/251
f 1429/2103/887 1321/2073/989 1323/2075/987 1427/2102/886
f 1433/2104/888 1319/2069/990 1321/2073/989 1429/2103/887
f 1435/2105/889 1317/2070/992 1319/2069/990 1433/2104/888
f 1439/2106/890 1315/2065/994 1317/2067/992 1435/2107/889
f 1441/2108/891 1313/2063/996 1315/2065/994 1439/2106/890
f 1445/2109/892 1311/2061/998 1313/2063/996 1441/2108/891
f 1447/2110/13 1309/2059/1000 1311/2061/998 1445/2109/892
f 1451/2111/893 1307/2057/1146 1309/2059/1000 1447/2110/13
f 1453/2112/894 1305/2055/1004 1307/2057/1146 1451/2111/893
f 1457/2113/895 1303/2051/1143 1305/2055/1004 1453/2112/894
f 1459/2114/896 1301/2052/1008 1303/2051/1143 1457/2113/895
f 1463/2115/897 1299/2047/1010 1301/2049/1008 1459/2116/896
f 1465/2117/898 1297/2045/1140 1299/2047/1010 1463/2115/897
f 1469/2118/899 1295/2043/1013 1297/2045/1140 1465/2117/898
f 1471/2119/269 1293/2041/1015 1295/2043/1013 1469/2118/899
f 1475/2120/900 1291/2039/1016 1293/2041/1015 1471/2119/269
f 1477/2121/901 1289/2037/1018 1291/2039/1016 1475/2120/900
f 1481/2122/902 1287/2033/1137 1289/2037/1018 1477/2121/901
f 1483/2123/903 1285/2034/1022 1287/2033/1137 1481/2122/902
f 1487/2124/908 1283/2029/1024 1285/2031/1022 1483/2125/903
f 1489/2092/904 1281/2027/907 1283/2029/1024 1487/2124/908
f 1492/1843/877 1339/1842/878 1278/1775/879 1499/1774/9
f 1499/2126/1154 1500/2127/1154 1494/2128/1101 1492/2129/1101
f 1500/2130/1028 1498/1854/1028 1493/1853/1155 1494/2131/1155
f 1487/2132/1156 1488/2133/1156 1491/2134/1157 1489/2135/1157
f 1488/2136/1158 1486/2137/1159 1490/2138/1160 1491/2139/1160
f 1475/2120/1081 1476/2140/1081 1479/2141/1087 1477/2121/1087
f 1476/2140/1083 1474/1792/1083 1478/1790/1089 1479/2141/1089
f 1469/2118/1076 1470/2142/1161 1473/2143/1082 1471/2119/1082
f 1470/2142/1162 1468/1796/1163 1472/1794/1084 1473/2143/1084
f 1463/2115/1164 1464/2144/1072 1467/2145/1077 1465/2117/1077
f 1464/2146/1165 1462/2147/1165 1466/2148/1079 1467/2149/1166
f 1457/2150/1167 1458/2151/1167 1461/2152/1073 1459/2153/1073
f 1458/2154/1168 1456/2155/1168 1460/2156/1169 1461/2157/1169
f 1451/2111/1170 1452/2158/1170 1455/2159/1171 1453/2112/1171
f 1452/2158/1172 1450/1810/1173 1454/1808/1174 1455/2159/1174
f 1445/2109/1175 1446/2160/1176 1449/2161/1059 1447/2110/1059
f 1446/2160/1177 1444/1814/1177 1448/1812/1062 1449/2161/1062
f 1439/2162/1178 1440/2163/1179 1443/2164/1180 1441/2165/1180
f 1440/2166/1181 1438/1818/1181 1442/1816/1182 1443/2167/1183
f 1433/2168/1184 1434/2169/1184 1437/2170/1185 1435/2171/1185
f 1434/2172/1186 1432/2173/1186 1436/2174/1187 1437/2175/1187
f 1427/2176/1038 1428/2177/1038 1431/2178/1188 1429/2179/1188
f 1428/2180/1189 1426/1828/1189 1430/1826/1190 1431/2181/1190
f 1421/2182/1034 1422/2183/1034 1425/2184/1039 1423/2185/1039
f 1422/2186/1036 1420/1832/1191 1424/1830/1192 1425/2187/1192
f 1415/2188/1193 1416/2189/1193 1419/2190/1194 1417/2191/1194
f 1416/2192/1195 1414/1836/1196 1418/1834/1197 1419/2193/1197
f 1409/2194/1198 1410/2195/1198 1413/2196/1199 1411/2197/1199
f 1410/2198/1032 1408/2199/1032 1412/2200/1200 1413/2201/1201
f 1492/2129/1101 1494/2128/1101 1407/2202/1202 1405/2203/1202
f 1494/2131/1155 1493/1853/1155 1406/1846/1203 1407/2204/1203
f 1496/2205/1204 1497/2206/1204 1500/2127/1154 1499/2126/1154
f 1497/2207/1029 1495/1779/1029 1498/1854/1028 1500/2130/1028
f 1481/2208/1086 1482/2209/1086 1485/2210/1205 1483/2211/1206
f 1482/2212/1088 1480/2213/1088 1484/2214/1207 1485/2215/1207
f 1477/2121/1087 1479/2141/1087 1482/2216/1086 1481/2122/1086
f 1479/2217/1089 1478/2218/1089 1480/2213/1088 1482/2212/1088
f 1483/2211/1206 1485/2210/1205 1488/2133/1156 1487/2132/1156
f 1485/2215/1207 1484/2214/1207 1486/2137/1159 1488/2136/1158
f 1471/2119/1082 1473/2143/1082 1476/2140/1081 1475/2120/1081
f 1473/2143/1084 1472/1794/1084 1474/1792/1083 1476/2140/1083
f 1465/2117/1077 1467/2145/1077 1470/2142/1161 1469/2118/1076
f 1467/2145/1166 1466/1798/1079 1468/1796/1163 1470/2142/1162
f 1459/2153/1073 1461/2152/1073 1464/2219/1072 1463/2220/1164
f 1461/2157/1169 1460/2156/1169 1462/2147/1165 1464/2146/1165
f 1453/2112/1171 1455/2159/1171 1458/2221/1167 1457/2113/1167
f 1455/2159/1174 1454/1808/1174 1456/1806/1168 1458/2221/1168
f 1447/2110/1059 1449/2161/1059 1452/2158/1170 1451/2111/1170
f 1449/2161/1062 1448/1812/1062 1450/1810/1173 1452/2158/1172
f 1441/2108/1180 1443/2167/1180 1446/2160/1176 1445/2109/1175
f 1443/2167/1183 1442/1816/1182 1444/1814/1177 1446/2160/1177
f 1435/2171/1185 1437/2170/1185 1440/2163/1179 1439/2162/1178
f 1437/2175/1187 1436/2174/1187 1438/2222/1181 1440/2223/1181
f 1429/2179/1188 1431/2178/1188 1434/2169/1184 1433/2168/1184
f 1431/2181/1190 1430/1826/1190 1432/1824/1186 1434/2224/1186
f 1423/2185/1039 1425/2184/1039 1428/2177/1038 1427/2176/1038
f 1425/2187/1192 1424/1830/1192 1426/1828/1189 1428/2180/1189
f 1417/2191/1194 1419/2190/1194 1422/2183/1034 1421/2182/1034
f 1419/2193/1197 1418/1834/1197 1420/1832/1191 1422/2186/1036
f 1411/2197/1199 1413/2196/1199 1416/2189/1193 1415/2188/1193
f 1413/2201/1201 1412/2200/1200 1414/2225/1196 1416/2226/1195
f 1405/2203/1202 1407/2202/1202 1410/2195/1198 1409/2194/1198
f 1407/2227/1203 1406/2228/1203 1408/2199/1032 1410/2198/1032
f 1489/2135/1157 1491/2134/1157 1497/2206/1204 1496/2205/1204
f 1491/2229/1160 1490/1780/1160 1495/1779/1029 1497/2207/1029
f 1243/1847/880 1406/1846/880 1493/1853/877 1244/1852/877
f 1501/2230/1208 1502/2231/1208 1504/2232/1208 1503/2233/1208
f 1503/2233/1209 1504/2232/1209 1506/2234/1209 1505/2235/1209
f 1505/2236/1210 1506/2237/1210 1508/2238/1210 1507/2239/1210
f 1507/2240/1211 1508/2241/1211 1510/2242/1211 1509/2243/1211
f 1504/2244/245 1502/2245/245 1512/2246/245 1510/2247/245 1508/2248/245 1506/2249/245
f 1509/2243/1212 1510/2242/1212 1512/2250/1212 1511/2251/1212
f 1511/2252/1213 1512/2253/1213 1502/2254/1213 1501/2255/1213
f 1513/2256/1214 1514/2257/1214 1516/2258/1214 1515/2259/1214
f 1515/2259/1215 1516/2258/1215 1518/2260/1215 1517/2261/1215
f 1517/2262/1216 1518/2263/1216 1520/2264/1216 1519/2265/1216
f 1519/2266/1217 1520/2267/1217 1522/2268/1217 1521/2269/1217
f 1516/2270/245 1514/2271/245 1524/2272/245 1522/2273/245 1520/2274/245 1518/2275/245
f 1521/2269/1218 1522/2268/1218 1524/2276/1218 1523/2277/1218
f 1523/2278/1219 1524/2279/1219 1514/2280/1219 1513/2281/1219
f 1525/2282/1220 1526/2283/1220 1528/2284/1220 1527/2285/1220
f 1527/2286/1221 1528/2287/1221 1530/2288/1221 1529/2289/1221
f 1529/2289/1222 1530/2288/1222 1532/2290/1222 1531/2291/1222
f 1531/2292/1223 1532/2293/1223 1534/2294/1223 1533/2295/1223
f 1528/2296/245 1526/2297/245 1536/2298/245 1534/2299/245 1532/2300/245 1530/2301/245
f 1533/2302/1224 1534/2303/1224 1536/2304/1224 1535/2305/1224
f 1535/2305/1225 1536/2304/1225 1526/2306/1225 1525/2307/1225
f 1537/2308/1226 1538/2309/1226 1540/2310/1226 1539/2311/1226
f 1539/2312/1227 1540/2313/1227 1542/2314/1227 1541/2315/1227
f 1541/2316/1228 1542/2317/1228 1544/2318/1228 1543/2319/1228
f 1543/2319/1229 1544/2318/1229 1546/2320/1229 1545/2321/1229
f 1540/2322/245 1538/2323/245 1548/2324/245 1546/2325/245 1544/2326/245 1542/2327/245
f 1545/2328/1230 1546/2329/1230 1548/2330/1230 1547/2331/1230
f 1547/2332/1231 1548/2333/1231 1538/2309/1231 1537/2308/1231
f 1549/2334/1232 1550/2335/1232 1552/2336/1232 1551/2337/1232
f 1551/2338/1233 1552/2339/1233 1554/2340/1233 1553/2341/1233
f 1553/2341/1234 1554/2340/1234 1556/2342/1234 1555/2343/1234
f 1555/2344/1235 1556/2345/1235 1558/2346/1235 1557/2347/1235
f 1552/2348/245 1550/2349/245 1560/2350/245 1558/2351/245 1556/2352/245 1554/2353/245
f 1557/2354/1236 1558/2355/1236 1560/2356/1236 1559/2357/1236
f 1559/2357/1237 1560/2356/1237 1550/2358/1237 1549/2359/1237
f 1561/2360/1208 1562/2361/1208 1564/2362/1208 1563/2363/1208
f 1563/2363/1209 1564/2362/1209 1566/2364/1209 1565/2365/1209
f 1565/2366/1238 1566/2367/1238 1568/2368/1238 1567/2369/1238
f 1567/2370/1211 1568/2371/1211 1570/2372/1211 1569/2373/1211
f 1564/2374/245 1562/2375/245 1572/2376/245 1570/2377/245 1568/2378/245 1566/2379/245
f 1569/2373/1212 1570/2372/1212 1572/2380/1212 1571/2381/1212
f 1571/2382/1213 1572/2383/1213 1562/2384/1213 1561/2385/1213
f 1573/2386/1239 1575/2387/1239 1576/2388/1239 1574/2389/1239
f 1575/2387/1240 1577/2390/1240 1578/2391/1240 1576/2388/1240
f 1577/2392/1241 1579/2393/1241 1580/2394/1241 1578/2395/1241
f 1579/2396/1242 1581/2397/1242 1582/2398/1242 1580/2399/1242
f 1576/2400/245 1578/2401/245 1580/2402/245 1582/2403/245 1584/2404/245 1574/2405/245
f 1581/2397/1243 1583/2406/1243 1584/2407/1243 1582/2398/1243
f 1583/2408/1244 1573/2409/1244 1574/2410/1244 1584/2411/1244
f 1585/2412/1245 1587/2413/1245 1588/2414/1245 1586/2415/1245
f 1587/2413/1246 1589/2416/1246 1590/2417/1246 1588/2414/1246
f 1589/2418/1247 1591/2419/1247 1592/2420/1247 1590/2421/1247
f 1591/2422/1248 1593/2423/1248 1594/2424/1248 1592/2425/1248
f 1588/2426/245 1590/2427/245 1592/2428/245 1594/2429/245 1596/2430/245 1586/2431/245
f 1593/2423/1249 1595/2432/1249 1596/2433/1249 1594/2424/1249
f 1595/2434/1250 1585/2435/1250 1586/2436/1250 1596/2437/1250
f 1597/2438/1251 1599/2439/1251 1600/2440/1251 1598/2441/1251
f 1599/2442/1252 1601/2443/1252 1602/2444/1252 1600/2445/1252
f 1601/2443/1253 1603/2446/1253 1604/2447/1253 1602/2444/1253
f 1603/2448/1254 1605/2449/1254 1606/2450/1254 1604/2451/1254
f 1600/2452/245 1602/2453/245 1604/2454/245 1606/2455/245 1608/2456/245 1598/2457/245
f 1605/2458/1255 1607/2459/1255 1608/2460/1255 1606/2461/1255
f 1607/2459/1256 1597/2462/1256 1598/2463/1256 1608/2460/1256
f 1609/2464/1257 1611/2465/1257 1612/2466/1257 1610/2467/1257
f 1611/2468/1258 1613/2469/1258 1614/2470/1258 1612/2471/1258
f 1613/2472/1259 1615/2473/1259 1616/2474/1259 1614/2475/1259
f 1615/2473/1260 1617/2476/1260 1618/2477/1260 1616/2474/1260
f 1612/2478/245 1614/2479/245 1616/2480/245 1618/2481/245 1620/2482/245 1610/2483/245
f 1617/2484/1261 1619/2485/1261 1620/2486/1261 1618/2487/1261
f 1619/2488/1262 1609/2464/1262 1610/2467/1262 1620/2489/1262
f 1621/2490/1263 1623/2491/1263 1624/2492/1263 1622/2493/1263
f 1623/2494/1264 1625/2495/1264 1626/2496/1264 1624/2497/1264
f 1625/2495/1265 1627/2498/1265 1628/2499/1265 1626/2496/1265
f 1627/2500/1266 1629/2501/1266 1630/2502/1266 1628/2503/1266
f 1624/2504/245 1626/2505/245 1628/2506/245 1630/2507/245 1632/2508/245 1622/2509/245
f 1629/2510/1267 1631/2511/1267 1632/2512/1267 1630/2513/1267
f 1631/2511/1268 1621/2514/1268 1622/2515/1268 1632/2512/1268
f 1633/2516/1239 1635/2517/1239 1636/2518/1239 1634/2519/1239
f 1635/2517/1240 1637/2520/1240 1638/2521/1240 1636/2518/1240
f 1637/2522/1269 1639/2523/1269 1640/2524/1269 1638/2525/1269
f 1639/2526/1242 1641/2527/1242 1642/2528/1242 1640/2529/1242
f 1636/2530/245 1638/2531/245 1640/2532/245 1642/2533/245 1644/2534/245 1634/2535/245
f 1641/2527/1270 1643/2536/1270 1644/2537/1270 1642/2528/1270
f 1643/2538/1244 1633/2539/1244 1634/2540/1244 1644/2541/1244
f 1645/2542/245 1647/2543/245 1648/2544/245 1649/2545/245 1650/2546/245 1651/2547/245 1652/2548/245 1653/2549/245 1654/2550/245 1655/2551/245 1656/2552/245 1657/2553/245 1658/2554/245 1659/2555/245 1660/2556/245 1661/2557/245 1662/2558/245 1663/2559/245 1664/2560/245 1665/2561/245 1666/2562/245 1667/2563/245 1668/2564/245 1669/2565/245 1670/2566/245 1671/2567/245 1672/2568/245 1673/2569/245 1674/2570/245 1675/2571/245 1676/2572/245 1646/2573/245
f 1677/2574/245 1678/2575/245 1708/2576/245 1707/2577/245 1706/2578/245 1705/2579/245 1704/2580/245 1703/2581/245 1702/2582/245 1701/2583/245 1700/2584/245 1699/2585/245 1698/2586/245 1697/2587/245 1696/2588/245 1695/2589/245 1694/2590/245 1693/2591/245 1692/2592/245 1691/2593/245 1690/2594/245 1689/2595/245 1688/2596/245 1687/2597/245 1686/2598/245 1685/2599/245 1684/2600/245 1683/2601/245 1682/2602/245 1681/2603/245 1680/2604/245 1679/2605/245
