# Blender 4.4.0
# www.blender.org
mtllib Torre1_h8.mtl
o House_Cube.003
v 7.042791 7.690999 -6.463015
v 6.995643 7.690999 -6.441300
v 6.948496 7.690999 -6.420899
v 6.901349 7.690999 -6.402375
v 6.854200 7.690999 -6.386272
v 6.807053 7.690999 -6.373098
v 6.759906 7.690999 -6.363306
v 6.712758 7.690999 -6.357266
v 6.665610 7.690999 -6.355224
v 6.618462 7.690999 -6.357266
v 6.571314 7.690999 -6.363306
v 6.524168 7.690999 -6.373098
v 6.477020 7.690999 -6.386272
v 6.429872 7.690999 -6.402375
v 6.382724 7.690999 -6.420899
v 6.335577 7.690999 -6.441300
v 6.288429 7.690999 -6.463015
v 6.305586 7.795543 -6.446744
v 6.350588 7.795543 -6.426138
v 6.395592 7.795543 -6.406910
v 6.440594 7.795543 -6.389552
v 6.485598 7.795543 -6.374529
v 6.530601 7.795543 -6.362285
v 6.575604 7.795543 -6.353208
v 6.620608 7.795543 -6.347620
v 6.665610 7.795543 -6.345733
v 6.710612 7.795543 -6.347620
v 6.755616 7.795543 -6.353208
v 6.800620 7.795543 -6.362285
v 6.845622 7.795543 -6.374529
v 6.890626 7.795543 -6.389552
v 6.935628 7.795543 -6.406910
v 6.980632 7.795543 -6.426138
v 7.025634 7.795543 -6.446744
v 6.248383 7.690999 -6.237697
v 6.248797 7.698096 -6.230678
v 6.242571 7.697982 -6.240423
v 6.265497 7.788445 -6.225821
v 6.267684 7.795543 -6.232059
v 6.259293 7.788560 -6.235522
v 6.248383 7.690999 -6.482089
v 6.242571 7.697982 -6.484319
v 6.259293 7.788560 -6.469385
v 6.267684 7.795543 -6.464842
v 7.082837 7.690999 -6.237697
v 7.088649 7.697982 -6.240423
v 7.082423 7.698096 -6.230678
v 7.063537 7.795543 -6.232059
v 7.065723 7.788445 -6.225821
v 7.071928 7.788560 -6.235522
v 7.088649 7.697982 -6.484319
v 7.082837 7.690999 -6.482089
v 7.063537 7.795543 -6.464842
v 7.071928 7.788560 -6.469385
v 6.288429 7.690999 -6.216155
v 6.289594 7.698094 -6.208766
v 6.335577 7.690999 -6.191757
v 6.336596 7.698094 -6.184512
v 6.382724 7.690999 -6.168886
v 6.383597 7.698094 -6.161802
v 6.429872 7.690999 -6.148094
v 6.430599 7.698091 -6.141180
v 6.477020 7.690999 -6.129920
v 6.477602 7.698091 -6.123171
v 6.524168 7.690999 -6.114893
v 6.524603 7.698091 -6.108290
v 6.571314 7.690999 -6.103527
v 6.571605 7.698089 -6.097041
v 6.618462 7.690999 -6.096332
v 6.618608 7.698089 -6.089922
v 6.665610 7.690999 -6.093819
v 6.665610 7.698089 -6.087437
v 6.712758 7.690999 -6.096332
v 6.712613 7.698089 -6.089922
v 6.759906 7.690999 -6.103527
v 6.759615 7.698089 -6.097041
v 6.807053 7.690999 -6.114893
v 6.806617 7.698091 -6.108290
v 6.854200 7.690999 -6.129920
v 6.853619 7.698091 -6.123171
v 6.901349 7.690999 -6.148094
v 6.900621 7.698091 -6.141180
v 6.948496 7.690999 -6.168886
v 6.947623 7.698094 -6.161802
v 6.995643 7.690999 -6.191757
v 6.994624 7.698094 -6.184510
v 7.041627 7.698094 -6.208766
v 7.042791 7.690999 -6.216155
v 7.025634 7.795543 -6.211921
v 7.026800 7.788445 -6.205132
v 6.980632 7.795543 -6.189074
v 6.981651 7.788445 -6.182216
v 6.935628 7.795543 -6.167776
v 6.936502 7.788448 -6.160865
v 6.890626 7.795543 -6.148504
v 6.891354 7.788448 -6.141556
v 6.845622 7.795543 -6.131729
v 6.846204 7.788451 -6.124754
v 6.800620 7.795543 -6.117905
v 6.801056 7.788451 -6.110912
v 6.755616 7.795543 -6.107481
v 6.755907 7.788451 -6.100475
v 6.710612 7.795543 -6.100900
v 6.710759 7.788454 -6.093884
v 6.665610 7.795543 -6.098606
v 6.665610 7.788454 -6.091588
v 6.620608 7.795543 -6.100900
v 6.620461 7.788454 -6.093884
v 6.575604 7.795543 -6.107481
v 6.575313 7.788451 -6.100475
v 6.530601 7.795543 -6.117905
v 6.530164 7.788451 -6.110912
v 6.485598 7.795543 -6.131729
v 6.485016 7.788451 -6.124753
v 6.440594 7.795543 -6.148504
v 6.439867 7.788448 -6.141556
v 6.395592 7.795543 -6.167776
v 6.394719 7.788448 -6.160865
v 6.350588 7.795543 -6.189074
v 6.349569 7.788445 -6.182216
v 6.304420 7.788445 -6.205132
v 6.305586 7.795543 -6.211921
v 7.170295 6.887234 -6.533190
v 7.169176 6.901464 -6.520383
v 7.116015 7.577754 -6.552012
v 7.114897 7.591985 -6.562098
v 7.169176 6.901464 -6.818125
v 7.170295 6.887234 -6.805320
v 7.114897 7.591985 -6.776412
v 7.116015 7.577754 -6.786496
v 7.376141 6.887234 -6.533190
v 7.389254 6.901422 -6.533190
v 7.374978 6.901464 -6.520383
v 7.320743 7.591985 -6.562098
v 7.321817 7.577754 -6.552012
v 7.336087 7.577797 -6.562098
v 7.376141 6.887234 -6.805320
v 7.374978 6.901464 -6.818125
v 7.389254 6.901419 -6.805320
v 7.320743 7.591985 -6.776412
v 7.336087 7.577797 -6.776412
v 7.321817 7.577754 -6.786496
v 6.160926 6.887234 -6.533190
v 6.162045 6.901464 -6.520383
v 6.215205 7.577754 -6.552012
v 6.216323 7.591985 -6.562098
v 6.162045 6.901464 -6.818125
v 6.160926 6.887234 -6.805320
v 6.216323 7.591985 -6.776412
v 6.215205 7.577754 -6.786496
v 5.955080 6.887234 -6.533190
v 5.941966 6.901422 -6.533190
v 5.956243 6.901464 -6.520383
v 6.010478 7.591985 -6.562098
v 6.009403 7.577754 -6.552012
v 5.995133 7.577797 -6.562098
v 5.955080 6.887234 -6.805320
v 5.956243 6.901464 -6.818125
v 5.941966 6.901419 -6.805320
v 6.010478 7.591985 -6.776412
v 5.995133 7.577797 -6.776412
v 6.009403 7.577754 -6.786496
v 6.494470 6.860267 -5.954325
v 6.496080 6.872486 -5.945741
v 6.483426 6.872769 -5.957489
v 6.605661 7.720698 -6.139776
v 6.594279 7.720444 -6.150170
v 6.494470 6.860267 -6.270567
v 6.483426 6.872769 -6.271687
v 6.594279 7.720444 -6.334619
v 6.836750 6.860267 -5.954325
v 6.847795 6.872769 -5.957489
v 6.835140 6.872486 -5.945741
v 6.725559 7.720698 -6.139776
v 6.736941 7.720444 -6.150170
v 6.836750 6.860267 -6.270567
v 6.847795 6.872769 -6.271687
v 6.736941 7.720444 -6.334619
v 6.248383 7.690999 -6.259071
v 6.242571 7.697982 -6.261754
v 6.267684 7.795543 -6.252418
v 6.259293 7.788560 -6.255975
v 7.082837 7.690999 -6.259071
v 7.088649 7.697982 -6.261754
v 7.063537 7.795543 -6.252418
v 7.071928 7.788560 -6.255975
v 6.288429 7.690999 -6.237745
v 6.305586 7.795543 -6.232459
v 7.042791 7.690999 -6.237745
v 7.025634 7.795543 -6.232459
v 6.335577 7.690999 -6.213583
v 6.382724 7.690999 -6.190927
v 6.429872 7.690999 -6.170333
v 6.477020 7.690999 -6.152341
v 6.524168 7.690999 -6.137475
v 6.571314 7.690999 -6.126247
v 6.618462 7.690999 -6.119153
v 6.665610 7.690999 -6.116681
v 6.712758 7.690999 -6.119153
v 6.759906 7.690999 -6.126247
v 6.807053 7.690999 -6.137475
v 6.854200 7.690999 -6.152341
v 6.901349 7.690999 -6.170333
v 6.948496 7.690999 -6.190927
v 6.995643 7.690999 -6.213583
v 6.980632 7.795543 -6.209807
v 6.935628 7.795543 -6.188689
v 6.890626 7.795543 -6.169587
v 6.845622 7.795543 -6.152963
v 6.800620 7.795543 -6.139278
v 6.755616 7.795543 -6.128972
v 6.710612 7.795543 -6.122478
v 6.665610 7.795543 -6.120219
v 6.620608 7.795543 -6.122478
v 6.575604 7.795543 -6.128972
v 6.530601 7.795543 -6.139278
v 6.485598 7.795543 -6.152963
v 6.440594 7.795543 -6.169587
v 6.395592 7.795543 -6.188689
v 6.350588 7.795543 -6.209807
v 7.062814 7.690999 -6.226926
v 7.062025 7.698096 -6.219722
v 7.044585 7.795543 -6.221990
v 7.046261 7.788445 -6.215476
v 7.062814 7.690999 -6.472551
v 7.044585 7.795543 -6.455794
v 7.044585 7.795543 -6.242438
v 7.062814 7.690999 -6.248407
v 6.286635 7.795543 -6.221990
v 6.284959 7.788445 -6.215476
v 6.268406 7.690999 -6.226926
v 6.269195 7.698096 -6.219722
v 6.268406 7.690999 -6.472551
v 6.286635 7.795543 -6.455794
v 6.268406 7.690999 -6.248407
v 6.286635 7.795543 -6.242438
v 6.665610 5.978874 -7.272624
v 6.796401 5.978874 -7.261030
v 6.922165 5.978874 -7.226696
v 7.038071 5.978874 -7.170938
v 7.139662 5.978874 -7.095901
v 7.223037 5.978874 -7.004469
v 7.284989 5.978874 -6.900154
v 7.323139 5.978874 -6.786966
v 7.336020 5.978874 -6.669254
v 7.323139 5.978874 -6.551542
v 7.284989 5.978874 -6.438354
v 7.223037 5.978874 -6.334040
v 7.139662 5.978874 -6.242608
v 7.038071 5.978874 -6.167570
v 6.922165 5.978874 -6.111813
v 6.409056 5.978874 -6.111813
v 6.293149 5.978874 -6.167570
v 6.191558 5.978874 -6.242608
v 6.108183 5.978874 -6.334040
v 6.046231 5.978874 -6.438354
v 6.008081 5.978874 -6.551542
v 5.995200 5.978874 -6.669254
v 6.008081 5.978874 -6.786966
v 6.046231 5.978874 -6.900154
v 6.108183 5.978874 -7.004469
v 6.191558 5.978874 -7.095901
v 6.293149 5.978874 -7.170938
v 6.409056 5.978874 -7.226696
v 6.534820 5.978874 -7.261030
v 6.665610 8.343307 -6.993594
v 6.733530 8.343307 -6.987436
v 6.798934 8.343307 -6.969174
v 6.859367 8.343307 -6.939442
v 6.912516 8.343307 -6.899294
v 6.956288 8.343307 -6.850201
v 6.988919 8.343307 -6.794010
v 7.009061 8.343307 -6.732894
v 7.015871 8.343307 -6.669254
v 7.009061 8.343307 -6.605615
v 6.988919 8.343307 -6.544498
v 6.956288 8.343307 -6.488309
v 6.912516 8.343307 -6.439214
v 6.859367 8.343307 -6.399066
v 6.798934 8.343307 -6.369334
v 6.733530 8.343307 -6.351072
v 6.665610 8.343307 -6.344916
v 6.597690 8.343307 -6.351072
v 6.532287 8.343307 -6.369334
v 6.471853 8.343307 -6.399066
v 6.418705 8.343307 -6.439214
v 6.374932 8.343307 -6.488309
v 6.342301 8.343307 -6.544498
v 6.322159 8.343307 -6.605615
v 6.315350 8.343307 -6.669254
v 6.322159 8.343307 -6.732894
v 6.342301 8.343307 -6.794010
v 6.374932 8.343307 -6.850200
v 6.418705 8.343307 -6.899294
v 6.471853 8.343307 -6.939442
v 6.532287 8.343307 -6.969174
v 6.597690 8.343307 -6.987436
v 6.665610 8.451448 -7.005851
v 6.665610 8.437900 -6.993594
v 6.733530 8.437900 -6.987436
v 6.736243 8.451448 -6.999447
v 6.798934 8.437900 -6.969174
v 6.804244 8.451448 -6.980460
v 6.859367 8.437900 -6.939442
v 6.867047 8.451448 -6.949561
v 6.912516 8.437900 -6.899294
v 6.922249 8.451448 -6.907863
v 6.956288 8.437900 -6.850201
v 6.967685 8.451448 -6.856904
v 6.988919 8.437900 -6.794010
v 7.001536 8.451448 -6.798611
v 7.009061 8.437900 -6.732894
v 7.022423 8.451448 -6.735234
v 7.015871 8.437900 -6.669254
v 7.029484 8.451448 -6.669254
v 7.009061 8.437900 -6.605615
v 7.022423 8.451448 -6.603274
v 6.988919 8.437900 -6.544498
v 7.001536 8.451448 -6.539897
v 6.956288 8.437900 -6.488309
v 6.967685 8.451448 -6.481605
v 6.912516 8.437900 -6.439214
v 6.922249 8.451448 -6.430645
v 6.859367 8.437900 -6.399066
v 6.867047 8.451448 -6.388947
v 6.798934 8.437900 -6.369334
v 6.804244 8.451448 -6.358048
v 6.733530 8.437900 -6.351072
v 6.736243 8.451448 -6.339063
v 6.665610 8.437900 -6.344916
v 6.665610 8.451448 -6.332659
v 6.597690 8.437900 -6.351072
v 6.594977 8.451448 -6.339063
v 6.532287 8.437900 -6.369334
v 6.526977 8.451448 -6.358048
v 6.471853 8.437900 -6.399066
v 6.464173 8.451448 -6.388947
v 6.418705 8.437900 -6.439214
v 6.408971 8.451448 -6.430645
v 6.374932 8.437900 -6.488309
v 6.363535 8.451448 -6.481605
v 6.342301 8.437900 -6.544498
v 6.329684 8.451448 -6.539897
v 6.322159 8.437900 -6.605615
v 6.308797 8.451448 -6.603274
v 6.315350 8.437900 -6.669254
v 6.301737 8.451448 -6.669254
v 6.322159 8.437900 -6.732894
v 6.308797 8.451448 -6.735234
v 6.342301 8.437900 -6.794010
v 6.329684 8.451448 -6.798611
v 6.374932 8.437900 -6.850200
v 6.363535 8.451448 -6.856904
v 6.418705 8.437900 -6.899294
v 6.408971 8.451448 -6.907863
v 6.471853 8.437900 -6.939442
v 6.464173 8.451448 -6.949561
v 6.532287 8.437900 -6.969174
v 6.526977 8.451448 -6.980460
v 6.597690 8.437900 -6.987436
v 6.594977 8.451448 -6.999447
v 6.750147 8.451448 -7.060986
v 6.753098 8.437950 -7.074023
v 6.665610 8.437950 -7.081953
v 6.665610 8.451448 -7.068649
v 6.831449 8.451448 -7.038285
v 6.837225 8.437950 -7.050538
v 6.906399 8.451448 -7.001411
v 6.914756 8.437950 -7.012401
v 6.972118 8.451448 -6.951768
v 6.982714 8.437953 -6.961077
v 7.026075 8.451448 -6.891253
v 7.038484 8.437953 -6.898537
v 7.066183 8.451448 -6.822186
v 7.079926 8.437953 -6.827187
v 7.090887 8.451448 -6.747224
v 7.105444 8.437953 -6.749767
v 7.099230 8.451448 -6.669254
v 7.114061 8.437956 -6.669254
v 7.090887 8.451448 -6.591285
v 7.105444 8.437953 -6.588741
v 7.066183 8.451448 -6.516323
v 7.079926 8.437953 -6.511322
v 7.026075 8.451448 -6.447257
v 7.038484 8.437953 -6.439971
v 6.972118 8.451448 -6.386742
v 6.982714 8.437953 -6.377432
v 6.906399 8.451448 -6.337097
v 6.914756 8.437950 -6.326108
v 6.831449 8.451448 -6.300223
v 6.837225 8.437950 -6.287971
v 6.750147 8.451448 -6.277523
v 6.753098 8.437950 -6.264485
v 6.665610 8.451448 -6.269859
v 6.665610 8.437950 -6.256556
v 6.581073 8.451448 -6.277523
v 6.578122 8.437950 -6.264485
v 6.499772 8.451448 -6.300223
v 6.493995 8.437950 -6.287971
v 6.424821 8.451448 -6.337097
v 6.416464 8.437950 -6.326108
v 6.359102 8.451448 -6.386742
v 6.348507 8.437953 -6.377432
v 6.305145 8.451448 -6.447257
v 6.292737 8.437953 -6.439971
v 6.265038 8.451448 -6.516323
v 6.251295 8.437953 -6.511322
v 6.240334 8.451448 -6.591285
v 6.225776 8.437953 -6.588741
v 6.231990 8.451448 -6.669254
v 6.217159 8.437956 -6.669254
v 6.240334 8.451448 -6.747224
v 6.225776 8.437953 -6.749767
v 6.265038 8.451448 -6.822186
v 6.251295 8.437953 -6.827187
v 6.305145 8.451448 -6.891253
v 6.292737 8.437953 -6.898537
v 6.359102 8.451448 -6.951768
v 6.348507 8.437953 -6.961077
v 6.424821 8.451448 -7.001411
v 6.416464 8.437950 -7.012401
v 6.499772 8.451448 -7.038285
v 6.493995 8.437950 -7.050538
v 6.581073 8.451448 -7.060986
v 6.578122 8.437950 -7.074023
v 6.665610 5.918056 -7.154986
v 6.770901 5.918056 -7.145654
v 6.872145 5.918056 -7.118012
v 6.965453 5.918056 -7.073126
v 7.047237 5.918056 -7.012719
v 7.114356 5.918056 -6.939112
v 7.164230 5.918056 -6.855135
v 7.194942 5.918056 -6.764016
v 7.205313 5.918056 -6.669254
v 7.194942 5.918056 -6.574492
v 7.164230 5.918056 -6.483373
v 7.114356 5.918056 -6.399396
v 7.047237 5.918056 -6.325789
v 6.965453 5.918056 -6.265382
v 6.872145 5.918056 -6.220496
v 6.770901 5.918056 -6.192855
v 6.665610 5.918056 -6.183522
v 6.560319 5.918056 -6.192855
v 6.459075 5.918056 -6.220496
v 6.365767 5.918056 -6.265382
v 6.283983 5.918056 -6.325789
v 6.216864 5.918056 -6.399396
v 6.166990 5.918056 -6.483373
v 6.136278 5.918056 -6.574492
v 6.125907 5.918056 -6.669254
v 6.136278 5.918056 -6.764016
v 6.166990 5.918056 -6.855135
v 6.216864 5.918056 -6.939112
v 6.283983 5.918056 -7.012719
v 6.365767 5.918056 -7.073126
v 6.459075 5.918056 -7.118012
v 6.560319 5.918056 -7.145654
v 6.665610 6.806610 -7.208444
v 6.781825 6.806610 -7.198083
v 6.893574 6.806610 -7.167400
v 6.549395 6.806610 -7.198083
v 6.996563 6.806613 -7.117574
v 7.086832 6.806613 -7.050518
v 7.160915 6.806613 -6.968811
v 7.215963 6.806613 -6.875593
v 7.249863 6.806613 -6.774445
v 7.261309 6.806613 -6.669254
v 7.249863 6.806613 -6.564064
v 7.215963 6.806613 -6.462916
v 7.160915 6.806613 -6.369697
v 7.086832 6.806613 -6.287991
v 6.996563 6.806613 -6.220935
v 6.893574 6.806610 -6.171108
v 6.700475 6.806610 -6.133173
v 6.665610 6.806610 -6.130064
v 6.630745 6.806610 -6.133173
v 6.437646 6.806610 -6.171108
v 6.334657 6.806613 -6.220935
v 6.244388 6.806613 -6.287991
v 6.170305 6.806613 -6.369697
v 6.115257 6.806613 -6.462916
v 6.081358 6.806613 -6.564064
v 6.069911 6.806613 -6.669254
v 6.081358 6.806613 -6.774445
v 6.115257 6.806613 -6.875593
v 6.170305 6.806613 -6.968811
v 6.244388 6.806613 -7.050518
v 6.334657 6.806613 -7.117574
v 6.437646 6.806610 -7.167400
v 6.665610 8.391233 -7.085576
v 6.577298 8.391233 -7.077576
v 6.753922 8.391233 -7.077576
v 6.838839 8.391233 -7.053885
v 6.917099 8.391233 -7.015413
v 6.985695 8.391233 -6.963637
v 7.041990 8.391236 -6.900551
v 7.083820 8.391236 -6.828573
v 7.109580 8.391236 -6.750475
v 7.118278 8.391236 -6.669254
v 7.109580 8.391236 -6.588035
v 7.083820 8.391236 -6.509935
v 7.041990 8.391236 -6.437959
v 6.985695 8.391233 -6.374871
v 6.917099 8.391233 -6.323097
v 6.838839 8.391233 -6.284623
v 6.753922 8.391233 -6.260932
v 6.665610 8.391233 -6.252934
v 6.577298 8.391233 -6.260932
v 6.492382 8.391233 -6.284623
v 6.414121 8.391233 -6.323097
v 6.345525 8.391233 -6.374871
v 6.289230 8.391236 -6.437959
v 6.247400 8.391236 -6.509935
v 6.221640 8.391236 -6.588035
v 6.212943 8.391236 -6.669254
v 6.221640 8.391236 -6.750475
v 6.247400 8.391236 -6.828573
v 6.289230 8.391236 -6.900551
v 6.345525 8.391233 -6.963637
v 6.414121 8.391233 -7.015413
v 6.492382 8.391233 -7.053885
v 6.763223 7.863027 -7.117745
v 6.772524 7.334817 -7.157914
v 6.857084 7.863027 -7.091723
v 6.875329 7.334820 -7.129561
v 6.943587 7.863027 -7.049466
v 6.970075 7.334820 -7.083520
v 7.019407 7.863027 -6.992598
v 7.053120 7.334820 -7.021559
v 7.081632 7.863027 -6.923304
v 7.121274 7.334820 -6.946058
v 7.127868 7.863027 -6.844246
v 7.171916 7.334820 -6.859920
v 7.156341 7.863027 -6.758464
v 7.203102 7.334820 -6.766455
v 7.165956 7.863027 -6.669254
v 7.213632 7.334820 -6.669254
v 7.156341 7.863027 -6.580044
v 7.203102 7.334820 -6.572054
v 7.127868 7.863027 -6.494262
v 7.171916 7.334820 -6.478589
v 7.081632 7.863027 -6.415205
v 7.121274 7.334820 -6.392451
v 7.019407 7.863027 -6.345911
v 7.053120 7.334820 -6.316950
v 6.943587 7.863027 -6.289042
v 6.970075 7.334820 -6.254988
v 6.857084 7.863027 -6.246785
v 6.875329 7.334820 -6.208947
v 6.763223 7.863027 -6.220763
v 6.772524 7.334817 -6.180594
v 6.665610 7.863027 -6.211977
v 6.665610 7.334817 -6.171021
v 6.567998 7.863027 -6.220763
v 6.558696 7.334817 -6.180594
v 6.474136 7.863027 -6.246785
v 6.455891 7.334820 -6.208947
v 6.387633 7.863027 -6.289042
v 6.361145 7.334820 -6.254988
v 6.311813 7.863027 -6.345911
v 6.278100 7.334820 -6.316950
v 6.249588 7.863027 -6.415205
v 6.209947 7.334820 -6.392451
v 6.203352 7.863027 -6.494262
v 6.159305 7.334820 -6.478589
v 6.174879 7.863027 -6.580044
v 6.128119 7.334820 -6.572054
v 6.165265 7.863027 -6.669254
v 6.117588 7.334820 -6.669254
v 6.174879 7.863027 -6.758464
v 6.128119 7.334820 -6.766455
v 6.203352 7.863027 -6.844246
v 6.159305 7.334820 -6.859920
v 6.249588 7.863027 -6.923304
v 6.209947 7.334820 -6.946058
v 6.311813 7.863027 -6.992598
v 6.278100 7.334820 -7.021559
v 6.387633 7.863027 -7.049466
v 6.361145 7.334820 -7.083520
v 6.474136 7.863027 -7.091723
v 6.455891 7.334820 -7.129561
v 6.665610 7.334817 -7.167487
v 6.665610 7.863027 -7.126532
v 6.558696 7.334817 -7.157914
v 6.567998 7.863027 -7.117745
v 6.784477 6.656067 -7.209531
v 6.898774 6.656067 -7.178185
v 7.004112 6.656067 -7.127279
v 7.096441 6.656067 -7.058773
v 7.172213 6.656067 -6.975297
v 7.228518 6.656067 -6.880060
v 7.263190 6.656067 -6.776722
v 7.274897 6.656067 -6.669254
v 7.263190 6.656067 -6.561786
v 7.228518 6.656067 -6.458448
v 7.172213 6.656067 -6.363211
v 7.096441 6.656067 -6.279737
v 7.004112 6.656067 -6.211229
v 6.898774 6.656067 -6.160324
v 6.432446 6.656067 -6.160324
v 6.327108 6.656067 -6.211229
v 6.234779 6.656067 -6.279737
v 6.159007 6.656067 -6.363211
v 6.102703 6.656067 -6.458448
v 6.068030 6.656067 -6.561786
v 6.056324 6.656067 -6.669254
v 6.068030 6.656067 -6.776722
v 6.102703 6.656067 -6.880060
v 6.159007 6.656067 -6.975297
v 6.234779 6.656067 -7.058773
v 6.327108 6.656067 -7.127279
v 6.432446 6.656067 -7.178185
v 6.665610 6.644067 -7.220116
v 6.546743 6.656067 -7.209531
v 6.564988 8.343307 -6.360203
v 6.536058 8.437950 -6.276228
v 6.540421 8.451448 -6.288873
v 6.560977 8.451448 -6.348556
v 6.564988 8.437900 -6.360203
v 6.509697 5.918056 -6.206676
v 6.493521 6.806610 -6.155767
v 6.534841 8.391233 -6.272778
v 6.507294 7.334817 -6.194771
v 6.521068 7.863027 -6.233774
v 6.766232 8.343307 -6.360203
v 6.795162 8.437950 -6.276228
v 6.790799 8.451448 -6.288873
v 6.770243 8.451448 -6.348556
v 6.766232 8.437900 -6.360203
v 6.821523 5.918056 -6.206676
v 6.837699 6.806610 -6.155767
v 6.796380 8.391233 -6.272778
v 6.823926 7.334817 -6.194771
v 6.810153 7.863027 -6.233774
v 6.861386 5.972322 -6.207449
v 6.797899 5.972300 -6.207449
v 6.665610 5.972308 -6.207449
v 6.533321 5.972300 -6.207449
v 6.701216 6.637498 -6.207449
v 6.665610 6.637501 -6.207449
v 6.630004 6.637498 -6.207449
v 6.469834 5.972322 -6.207449
v 6.492682 6.774452 -6.153392
v 6.462572 6.715260 -6.156855
v 6.868648 6.715260 -6.156855
v 6.838538 6.774452 -6.153392
v 6.844781 6.453809 -6.207449
v 6.722404 6.633712 -6.207449
v 6.834376 6.534193 -6.207449
v 6.807467 6.583732 -6.207449
v 6.768147 6.618320 -6.207449
v 6.608816 6.633712 -6.207449
v 6.486439 6.453809 -6.207449
v 6.563074 6.618320 -6.207449
v 6.523754 6.583732 -6.207449
v 6.496844 6.534193 -6.207449
v 6.796478 5.978532 -6.084233
v 6.796401 5.971461 -6.077478
v 6.796423 5.976604 -6.079457
v 6.665610 5.978562 -6.072632
v 6.665610 5.971461 -6.065884
v 6.665610 5.976613 -6.067860
v 6.534742 5.978532 -6.084233
v 6.534820 5.971461 -6.077478
v 6.534797 5.976604 -6.079457
v 6.701265 6.643552 -6.128298
v 6.701234 6.651328 -6.122086
v 6.701259 6.646043 -6.123690
v 6.665610 6.651333 -6.118913
v 6.665610 6.643570 -6.125123
v 6.665610 6.646049 -6.120517
v 6.629986 6.651328 -6.122086
v 6.629955 6.643552 -6.128298
v 6.629962 6.646043 -6.123690
v 6.471811 5.978482 -6.101405
v 6.467149 5.971499 -6.095608
v 6.470498 5.976599 -6.096907
v 6.864071 5.971499 -6.095608
v 6.859409 5.978482 -6.101405
v 6.860723 5.976599 -6.096907
v 6.482886 6.499698 -6.139078
v 6.486502 6.460562 -6.142633
v 6.485446 6.472314 -6.138807
v 6.608326 6.639741 -6.131856
v 6.602857 6.646574 -6.126457
v 6.606706 6.641965 -6.127489
v 6.496736 6.540615 -6.144490
v 6.487832 6.540302 -6.138834
v 6.494123 6.540807 -6.140049
v 6.523481 6.589906 -6.143095
v 6.517722 6.595235 -6.137637
v 6.521783 6.591735 -6.138712
v 6.562666 6.624360 -6.138659
v 6.559660 6.632056 -6.132912
v 6.561770 6.626860 -6.134190
v 6.728363 6.646574 -6.126457
v 6.722895 6.639741 -6.131856
v 6.724514 6.641965 -6.127489
v 6.844718 6.460562 -6.142633
v 6.848334 6.499698 -6.139078
v 6.845775 6.472314 -6.138807
v 6.768554 6.624360 -6.138659
v 6.771561 6.632056 -6.132912
v 6.769450 6.626860 -6.134190
v 6.807739 6.589906 -6.143095
v 6.813498 6.595235 -6.137637
v 6.809437 6.591735 -6.138712
v 6.834485 6.540615 -6.144490
v 6.843389 6.540302 -6.138834
v 6.837097 6.540807 -6.140049
v 6.472730 6.607479 -6.147967
v 6.858490 6.607479 -6.147967
v 6.700854 6.728969 -6.127629
v 6.665610 6.728971 -6.124490
v 6.630366 6.728969 -6.127629
v 6.547771 6.710515 -6.139924
v 6.783450 6.710515 -6.139924
v 6.790438 6.317470 -7.235281
v 6.910470 6.317470 -7.202440
v 7.021091 6.317470 -7.149109
v 7.118052 6.317472 -7.077337
v 7.197625 6.317472 -6.989882
v 7.256753 6.317472 -6.890107
v 7.293164 6.317472 -6.781844
v 7.305459 6.317472 -6.669254
v 7.293164 6.317472 -6.556664
v 7.256753 6.317472 -6.448401
v 7.197625 6.317472 -6.348626
v 7.118052 6.317472 -6.261171
v 7.021091 6.317470 -6.189399
v 6.910470 6.317470 -6.136068
v 6.420750 6.317470 -6.136068
v 6.310129 6.317470 -6.189399
v 6.213169 6.317472 -6.261171
v 6.133595 6.317472 -6.348626
v 6.074467 6.317472 -6.448401
v 6.038056 6.317472 -6.556664
v 6.025761 6.317472 -6.669254
v 6.038056 6.317472 -6.781844
v 6.074467 6.317472 -6.890107
v 6.133595 6.317472 -6.989882
v 6.213169 6.317472 -7.077337
v 6.310129 6.317470 -7.149109
v 6.420750 6.317470 -7.202440
v 6.665610 6.311472 -7.246370
v 6.540782 6.317470 -7.235281
v 6.480630 6.285348 -6.207449
v 6.481361 6.291893 -6.128208
v 6.480216 6.298876 -6.124147
v 6.477380 6.314893 -6.123869
v 6.850590 6.285348 -6.207449
v 6.849859 6.291893 -6.128208
v 6.851004 6.298876 -6.124147
v 6.853840 6.314893 -6.123869
v 6.820922 6.558962 -6.207449
v 6.821112 6.565261 -6.143792
v 6.823268 6.566271 -6.139381
v 6.828444 6.567769 -6.138235
v 6.510298 6.558962 -6.207449
v 6.510108 6.565261 -6.143792
v 6.507952 6.566271 -6.139381
v 6.502776 6.567769 -6.138235
v 6.665610 6.477769 -7.233243
v 6.543764 6.486768 -7.222407
v 6.787457 6.486768 -7.222407
v 6.904622 6.486768 -7.190311
v 7.012602 6.486768 -7.138194
v 7.107246 6.486768 -7.068055
v 7.184920 6.486768 -6.982590
v 7.242635 6.486768 -6.885083
v 7.278177 6.486768 -6.779284
v 7.290177 6.486768 -6.669254
v 7.278177 6.486768 -6.559225
v 7.242635 6.486768 -6.453425
v 7.184920 6.486768 -6.355918
v 7.107246 6.486768 -6.270453
v 7.012602 6.486768 -6.200314
v 6.904622 6.486768 -6.148197
v 6.426598 6.486768 -6.148197
v 6.318618 6.486768 -6.200314
v 6.223974 6.486768 -6.270453
v 6.146300 6.486768 -6.355918
v 6.088585 6.486768 -6.453425
v 6.053043 6.486768 -6.559225
v 6.041043 6.486768 -6.669254
v 6.053043 6.486768 -6.779284
v 6.088585 6.486768 -6.885083
v 6.146300 6.486768 -6.982590
v 6.223974 6.486768 -7.068055
v 6.318618 6.486768 -7.138194
v 6.426598 6.486768 -7.190311
v 6.665610 5.918056 -7.260006
v 6.665610 5.932005 -7.272624
v 6.796401 5.932005 -7.261030
v 6.793665 5.918056 -7.248654
v 6.922165 5.932005 -7.226696
v 6.916800 5.918056 -7.215037
v 7.038071 5.932005 -7.170938
v 7.030282 5.918056 -7.160447
v 7.139662 5.932005 -7.095901
v 7.129749 5.918056 -7.086979
v 7.223037 5.932005 -7.004469
v 7.211380 5.918056 -6.997458
v 7.284989 5.932005 -6.900154
v 7.272037 5.918056 -6.895325
v 7.323139 5.932005 -6.786966
v 7.309389 5.918056 -6.784504
v 7.336020 5.932005 -6.669254
v 7.322001 5.918056 -6.669254
v 7.323139 5.932005 -6.551542
v 7.309389 5.918056 -6.554005
v 7.284989 5.932005 -6.438354
v 7.272037 5.918056 -6.443183
v 7.223037 5.932005 -6.334040
v 7.211380 5.918056 -6.341050
v 7.139662 5.932005 -6.242608
v 7.129749 5.918056 -6.251529
v 7.038071 5.932005 -6.167570
v 7.030282 5.918056 -6.178061
v 6.922165 5.932005 -6.111813
v 6.916800 5.918056 -6.123470
v 6.796401 5.932005 -6.077478
v 6.793665 5.918056 -6.089854
v 6.665610 5.932005 -6.065884
v 6.665610 5.918056 -6.078502
v 6.534820 5.932005 -6.077478
v 6.537555 5.918056 -6.089854
v 6.409056 5.932005 -6.111813
v 6.414420 5.918056 -6.123470
v 6.293149 5.932005 -6.167570
v 6.300938 5.918056 -6.178061
v 6.191558 5.932005 -6.242608
v 6.201471 5.918056 -6.251529
v 6.108183 5.932005 -6.334040
v 6.119841 5.918056 -6.341050
v 6.046231 5.932005 -6.438354
v 6.059184 5.918056 -6.443183
v 6.008081 5.932005 -6.551542
v 6.021832 5.918056 -6.554005
v 5.995200 5.932005 -6.669254
v 6.009219 5.918056 -6.669254
v 6.008081 5.932005 -6.786966
v 6.021832 5.918056 -6.784504
v 6.046231 5.932005 -6.900154
v 6.059184 5.918056 -6.895325
v 6.108183 5.932005 -7.004469
v 6.119841 5.918056 -6.997458
v 6.191558 5.932005 -7.095901
v 6.201471 5.918056 -7.086979
v 6.293149 5.932005 -7.170938
v 6.300938 5.918056 -7.160447
v 6.409056 5.932005 -7.226696
v 6.414420 5.918056 -7.215037
v 6.534820 5.932005 -7.261030
v 6.537555 5.918056 -7.248654
v 6.475987 5.918056 -6.106662
v 6.470687 5.932005 -6.094896
v 6.855233 5.918056 -6.106662
v 6.860533 5.932005 -6.094896
v 6.893765 5.948019 -6.159258
v 6.819777 5.947998 -6.159258
v 6.665610 5.948006 -6.159258
v 6.511444 5.947998 -6.159258
v 6.707104 6.661036 -6.159258
v 6.665610 6.661039 -6.159258
v 6.624116 6.661036 -6.159258
v 6.437455 5.948019 -6.159258
v 6.874413 6.464138 -6.159258
v 6.731797 6.656978 -6.159258
v 6.862289 6.550300 -6.159258
v 6.830928 6.603401 -6.159258
v 6.785106 6.640481 -6.159258
v 6.599423 6.656978 -6.159258
v 6.456807 6.464138 -6.159258
v 6.546115 6.640481 -6.159258
v 6.500293 6.603401 -6.159258
v 6.468931 6.550300 -6.159258
v 6.824775 6.236608 -6.134630
v 6.842246 6.249954 -6.123208
v 6.818104 6.249954 -6.116147
v 6.803182 6.249954 -6.134630
v 6.818104 6.249954 -6.153114
v 6.842246 6.249954 -6.146054
v 6.831449 6.271548 -6.116147
v 6.807305 6.271548 -6.123208
v 6.807305 6.271548 -6.146054
v 6.831449 6.271548 -6.153114
v 6.846370 6.271548 -6.134630
v 6.824775 6.284894 -6.134630
v 6.820854 6.240215 -6.123766
v 6.835044 6.240215 -6.127916
v 6.831122 6.248058 -6.117052
v 6.845313 6.248058 -6.134630
v 6.835044 6.240215 -6.141345
v 6.812083 6.240215 -6.134630
v 6.808161 6.248058 -6.123766
v 6.820854 6.240215 -6.145496
v 6.808161 6.248058 -6.145496
v 6.831122 6.248058 -6.152210
v 6.847737 6.260753 -6.127916
v 6.847737 6.260753 -6.141346
v 6.824775 6.260753 -6.112902
v 6.838966 6.260753 -6.117052
v 6.801815 6.260753 -6.127916
v 6.810584 6.260753 -6.117052
v 6.810584 6.260753 -6.152210
v 6.801815 6.260753 -6.141346
v 6.838966 6.260753 -6.152210
v 6.841391 6.273444 -6.123766
v 6.818429 6.273444 -6.117052
v 6.804238 6.273444 -6.134630
v 6.818429 6.273444 -6.152210
v 6.841391 6.273444 -6.145496
v 6.828698 6.281290 -6.123766
v 6.837469 6.281290 -6.134630
v 6.814507 6.281290 -6.127916
v 6.814507 6.281290 -6.141345
v 6.828698 6.281290 -6.145496
v 6.810584 6.260753 -6.182726
v 6.818104 6.249954 -6.183630
v 6.831449 6.271548 -6.183630
v 6.818429 6.273444 -6.182726
v 6.831122 6.248058 -6.182726
v 6.838966 6.260753 -6.182726
v 6.391255 7.646103 -6.416011
v 6.358733 7.642899 -6.416011
v 6.327459 7.633414 -6.416011
v 6.298636 7.618009 -6.416011
v 6.273374 7.597274 -6.416011
v 6.252642 7.572013 -6.416011
v 6.237236 7.543190 -6.416011
v 6.227750 7.511916 -6.416011
v 6.224545 7.479392 -6.416011
v 6.227750 7.446870 -6.416011
v 6.237236 7.415596 -6.416011
v 6.252642 7.386773 -6.416011
v 6.273374 7.361512 -6.416011
v 6.298636 7.340777 -6.416011
v 6.327459 7.325372 -6.416011
v 6.358733 7.315885 -6.416011
v 6.391255 7.312683 -6.416011
v 6.423779 7.315885 -6.416011
v 6.455054 7.325372 -6.416011
v 6.483876 7.340777 -6.416011
v 6.509138 7.361512 -6.416011
v 6.529870 7.386773 -6.416011
v 6.545276 7.415596 -6.416011
v 6.554762 7.446870 -6.416011
v 6.557967 7.479392 -6.416011
v 6.554762 7.511916 -6.416011
v 6.545276 7.543190 -6.416011
v 6.529870 7.572013 -6.416011
v 6.509138 7.597274 -6.416011
v 6.483876 7.618009 -6.416011
v 6.455054 7.633414 -6.416011
v 6.423779 7.642899 -6.416011
v 6.371582 7.578305 -6.416011
v 6.391255 7.580243 -6.416011
v 6.352663 7.572566 -6.416011
v 6.335227 7.563247 -6.416011
v 6.319944 7.550704 -6.416011
v 6.307403 7.535422 -6.416011
v 6.298084 7.517985 -6.416011
v 6.292344 7.499069 -6.416011
v 6.290407 7.479392 -6.416011
v 6.292344 7.459717 -6.416011
v 6.298084 7.440801 -6.416011
v 6.307403 7.423364 -6.416011
v 6.319944 7.408082 -6.416011
v 6.335227 7.395539 -6.416011
v 6.352663 7.386220 -6.416011
v 6.371582 7.380482 -6.416011
v 6.391255 7.378543 -6.416011
v 6.410932 7.380482 -6.416011
v 6.429851 7.386220 -6.416011
v 6.447286 7.395539 -6.416011
v 6.462568 7.408082 -6.416011
v 6.475109 7.423364 -6.416011
v 6.484430 7.440801 -6.416011
v 6.490168 7.459717 -6.416011
v 6.492105 7.479392 -6.416011
v 6.490168 7.499069 -6.416011
v 6.484430 7.517985 -6.416011
v 6.475109 7.535422 -6.416011
v 6.462568 7.550704 -6.416011
v 6.447286 7.563247 -6.416011
v 6.429851 7.572566 -6.416011
v 6.410932 7.578305 -6.416011
v 6.391255 7.642944 -6.173000
v 6.391255 7.646103 -6.180423
v 6.358733 7.642899 -6.180423
v 6.359349 7.639802 -6.173000
v 6.327459 7.633414 -6.180423
v 6.328668 7.630496 -6.173000
v 6.298636 7.618009 -6.180423
v 6.300392 7.615382 -6.173000
v 6.273374 7.597274 -6.180423
v 6.275608 7.595042 -6.173000
v 6.252642 7.572013 -6.180423
v 6.255268 7.570256 -6.173000
v 6.237236 7.543190 -6.180423
v 6.240154 7.541981 -6.173000
v 6.227750 7.511916 -6.180423
v 6.230847 7.511302 -6.173000
v 6.224545 7.479392 -6.180423
v 6.227704 7.479392 -6.173000
v 6.227750 7.446870 -6.180423
v 6.230847 7.447487 -6.173000
v 6.237236 7.415596 -6.180423
v 6.240154 7.416806 -6.173000
v 6.252642 7.386773 -6.180423
v 6.255268 7.388527 -6.173000
v 6.273374 7.361512 -6.180423
v 6.275608 7.363744 -6.173000
v 6.298636 7.340777 -6.180423
v 6.300392 7.343405 -6.173000
v 6.327459 7.325372 -6.180423
v 6.328668 7.328291 -6.173000
v 6.358733 7.315885 -6.180423
v 6.359349 7.318985 -6.173000
v 6.391255 7.312683 -6.180423
v 6.391255 7.315842 -6.173000
v 6.423779 7.315885 -6.180423
v 6.423164 7.318985 -6.173000
v 6.455054 7.325372 -6.180423
v 6.453844 7.328291 -6.173000
v 6.483876 7.340777 -6.180423
v 6.482120 7.343405 -6.173000
v 6.509138 7.361512 -6.180423
v 6.506904 7.363744 -6.173000
v 6.529870 7.386773 -6.180423
v 6.527244 7.388527 -6.173000
v 6.545276 7.415596 -6.180423
v 6.542357 7.416806 -6.173000
v 6.554762 7.446870 -6.180423
v 6.551665 7.447487 -6.173000
v 6.557967 7.479392 -6.180423
v 6.554808 7.479392 -6.173000
v 6.554762 7.511916 -6.180423
v 6.551665 7.511302 -6.173000
v 6.545276 7.543190 -6.180423
v 6.542357 7.541981 -6.173000
v 6.529870 7.572013 -6.180423
v 6.527244 7.570256 -6.173000
v 6.509138 7.597274 -6.180423
v 6.506904 7.595042 -6.173000
v 6.483876 7.618009 -6.180423
v 6.482120 7.615382 -6.173000
v 6.455054 7.633414 -6.180423
v 6.453844 7.630496 -6.173000
v 6.423779 7.642899 -6.180423
v 6.423164 7.639802 -6.173000
v 6.370965 7.581402 -6.173000
v 6.371582 7.578305 -6.180423
v 6.391255 7.580243 -6.180423
v 6.391255 7.583402 -6.173000
v 6.351453 7.575485 -6.173000
v 6.352663 7.572566 -6.180423
v 6.333472 7.565872 -6.173000
v 6.335227 7.563247 -6.180423
v 6.317712 7.552937 -6.173000
v 6.319944 7.550704 -6.180423
v 6.304777 7.537177 -6.173000
v 6.307403 7.535422 -6.180423
v 6.295165 7.519195 -6.173000
v 6.298084 7.517985 -6.180423
v 6.289247 7.499683 -6.173000
v 6.292344 7.499069 -6.180423
v 6.287248 7.479392 -6.173000
v 6.290407 7.479392 -6.180423
v 6.289247 7.459103 -6.173000
v 6.292344 7.459717 -6.180423
v 6.295165 7.439591 -6.173000
v 6.298084 7.440801 -6.180423
v 6.304777 7.421609 -6.173000
v 6.307403 7.423364 -6.180423
v 6.317712 7.405847 -6.173000
v 6.319944 7.408082 -6.180423
v 6.333472 7.392915 -6.173000
v 6.335227 7.395539 -6.180423
v 6.351453 7.383302 -6.173000
v 6.352663 7.386220 -6.180423
v 6.370965 7.377384 -6.173000
v 6.371582 7.380482 -6.180423
v 6.391255 7.375384 -6.173000
v 6.391255 7.378543 -6.180423
v 6.411547 7.377384 -6.173000
v 6.410932 7.380482 -6.180423
v 6.431059 7.383302 -6.173000
v 6.429851 7.386220 -6.180423
v 6.449040 7.392915 -6.173000
v 6.447286 7.395539 -6.180423
v 6.464800 7.405847 -6.173000
v 6.462568 7.408082 -6.180423
v 6.477736 7.421609 -6.173000
v 6.475109 7.423364 -6.180423
v 6.487347 7.439591 -6.173000
v 6.484430 7.440801 -6.180423
v 6.493266 7.459103 -6.173000
v 6.490168 7.459717 -6.180423
v 6.495265 7.479392 -6.173000
v 6.492105 7.479392 -6.180423
v 6.493266 7.499683 -6.173000
v 6.490168 7.499069 -6.180423
v 6.487347 7.519195 -6.173000
v 6.484430 7.517985 -6.180423
v 6.477736 7.537177 -6.173000
v 6.475109 7.535422 -6.180423
v 6.464800 7.552937 -6.173000
v 6.462568 7.550704 -6.180423
v 6.449040 7.565872 -6.173000
v 6.447286 7.563247 -6.180423
v 6.431059 7.575485 -6.173000
v 6.429851 7.572566 -6.180423
v 6.411547 7.581402 -6.173000
v 6.410932 7.578305 -6.180423
v 6.455054 7.633414 -6.188447
v 6.455054 7.633414 -6.194761
v 6.453808 7.630407 -6.191605
v 6.483876 7.618009 -6.194761
v 6.483876 7.618009 -6.188447
v 6.482068 7.615304 -6.191605
v 6.509138 7.597274 -6.188447
v 6.509138 7.597274 -6.194761
v 6.506839 7.594975 -6.191605
v 6.529870 7.572013 -6.194761
v 6.529870 7.572013 -6.188447
v 6.527166 7.570206 -6.191605
v 6.545276 7.543190 -6.188447
v 6.545276 7.543190 -6.194761
v 6.542271 7.541946 -6.191605
v 6.554762 7.511916 -6.194761
v 6.554762 7.511916 -6.188447
v 6.551573 7.511283 -6.191605
v 6.557967 7.479392 -6.188447
v 6.557967 7.479392 -6.194761
v 6.554713 7.479392 -6.191605
v 6.554762 7.446870 -6.194761
v 6.554762 7.446870 -6.188447
v 6.551573 7.447503 -6.191605
v 6.545276 7.415596 -6.188447
v 6.545276 7.415596 -6.194761
v 6.542271 7.416841 -6.191605
v 6.529870 7.386773 -6.194761
v 6.529870 7.386773 -6.188447
v 6.527166 7.388581 -6.191605
v 6.509138 7.361512 -6.188447
v 6.509138 7.361512 -6.194761
v 6.506839 7.363811 -6.191605
v 6.483876 7.340777 -6.194761
v 6.483876 7.340777 -6.188447
v 6.482068 7.343482 -6.191605
v 6.455054 7.325372 -6.188447
v 6.455054 7.325372 -6.194761
v 6.453808 7.328379 -6.191605
v 6.423779 7.315885 -6.194761
v 6.423779 7.315885 -6.188447
v 6.423145 7.319076 -6.191605
v 6.391255 7.312683 -6.188447
v 6.391255 7.312683 -6.194761
v 6.391255 7.315936 -6.191605
v 6.358733 7.315885 -6.194761
v 6.358733 7.315885 -6.188447
v 6.359367 7.319076 -6.191605
v 6.327459 7.325372 -6.188447
v 6.327459 7.325372 -6.194761
v 6.328704 7.328379 -6.191605
v 6.298636 7.340777 -6.194761
v 6.298636 7.340777 -6.188447
v 6.300444 7.343482 -6.191605
v 6.273374 7.361512 -6.188447
v 6.273374 7.361512 -6.194761
v 6.275675 7.363811 -6.191605
v 6.252642 7.386773 -6.194761
v 6.252642 7.386773 -6.188447
v 6.255346 7.388581 -6.191605
v 6.237236 7.415596 -6.188447
v 6.237236 7.415596 -6.194761
v 6.240241 7.416841 -6.191605
v 6.227750 7.446870 -6.194761
v 6.227750 7.446870 -6.188447
v 6.230939 7.447503 -6.191605
v 6.224545 7.479392 -6.188447
v 6.224545 7.479392 -6.194761
v 6.227799 7.479392 -6.191605
v 6.227750 7.511916 -6.194761
v 6.227750 7.511916 -6.188447
v 6.230939 7.511283 -6.191605
v 6.237236 7.543190 -6.188447
v 6.237236 7.543190 -6.194761
v 6.240241 7.541946 -6.191605
v 6.252642 7.572013 -6.194761
v 6.252642 7.572013 -6.188447
v 6.255346 7.570206 -6.191605
v 6.273374 7.597274 -6.188447
v 6.273374 7.597274 -6.194761
v 6.275675 7.594975 -6.191605
v 6.298636 7.618009 -6.194761
v 6.298636 7.618009 -6.188447
v 6.300444 7.615304 -6.191605
v 6.327459 7.633414 -6.188447
v 6.327459 7.633414 -6.194761
v 6.328704 7.630407 -6.191605
v 6.423779 7.642899 -6.188447
v 6.423779 7.642899 -6.194761
v 6.423145 7.639710 -6.191605
v 6.358733 7.642899 -6.194761
v 6.358733 7.642899 -6.188447
v 6.359367 7.639710 -6.191605
v 6.391255 7.646103 -6.194761
v 6.391255 7.646103 -6.188447
v 6.391255 7.642851 -6.191605
v 6.939965 7.646103 -6.416011
v 6.972487 7.642899 -6.416011
v 7.003761 7.633414 -6.416011
v 7.032584 7.618009 -6.416011
v 7.057846 7.597274 -6.416011
v 7.078578 7.572013 -6.416011
v 7.093985 7.543190 -6.416011
v 7.103471 7.511916 -6.416011
v 7.106675 7.479392 -6.416011
v 7.103471 7.446870 -6.416011
v 7.093985 7.415596 -6.416011
v 7.078578 7.386773 -6.416011
v 7.057846 7.361512 -6.416011
v 7.032584 7.340777 -6.416011
v 7.003761 7.325372 -6.416011
v 6.972487 7.315885 -6.416011
v 6.939965 7.312683 -6.416011
v 6.907441 7.315885 -6.416011
v 6.876166 7.325372 -6.416011
v 6.847344 7.340777 -6.416011
v 6.822083 7.361512 -6.416011
v 6.801350 7.386773 -6.416011
v 6.785944 7.415596 -6.416011
v 6.776458 7.446870 -6.416011
v 6.773253 7.479392 -6.416011
v 6.776458 7.511916 -6.416011
v 6.785944 7.543190 -6.416011
v 6.801350 7.572013 -6.416011
v 6.822083 7.597274 -6.416011
v 6.847344 7.618009 -6.416011
v 6.876166 7.633414 -6.416011
v 6.907441 7.642899 -6.416011
v 6.959638 7.578305 -6.416011
v 6.939965 7.580243 -6.416011
v 6.978557 7.572566 -6.416011
v 6.995993 7.563247 -6.416011
v 7.011276 7.550704 -6.416011
v 7.023817 7.535422 -6.416011
v 7.033136 7.517985 -6.416011
v 7.038877 7.499069 -6.416011
v 7.040813 7.479392 -6.416011
v 7.038877 7.459717 -6.416011
v 7.033136 7.440801 -6.416011
v 7.023817 7.423364 -6.416011
v 7.011276 7.408082 -6.416011
v 6.995993 7.395539 -6.416011
v 6.978557 7.386220 -6.416011
v 6.959638 7.380482 -6.416011
v 6.939965 7.378543 -6.416011
v 6.920289 7.380482 -6.416011
v 6.901370 7.386220 -6.416011
v 6.883934 7.395539 -6.416011
v 6.868652 7.408082 -6.416011
v 6.856111 7.423364 -6.416011
v 6.846790 7.440801 -6.416011
v 6.841052 7.459717 -6.416011
v 6.839115 7.479392 -6.416011
v 6.841052 7.499069 -6.416011
v 6.846790 7.517985 -6.416011
v 6.856111 7.535422 -6.416011
v 6.868652 7.550704 -6.416011
v 6.883934 7.563247 -6.416011
v 6.901370 7.572566 -6.416011
v 6.920289 7.578305 -6.416011
v 6.939965 7.642944 -6.173000
v 6.939965 7.646103 -6.180423
v 6.972487 7.642899 -6.180423
v 6.971871 7.639802 -6.173000
v 7.003761 7.633414 -6.180423
v 7.002553 7.630496 -6.173000
v 7.032584 7.618009 -6.180423
v 7.030828 7.615382 -6.173000
v 7.057846 7.597274 -6.180423
v 7.055613 7.595042 -6.173000
v 7.078578 7.572013 -6.180423
v 7.075952 7.570256 -6.173000
v 7.093985 7.543190 -6.180423
v 7.091066 7.541981 -6.173000
v 7.103471 7.511916 -6.180423
v 7.100373 7.511302 -6.173000
v 7.106675 7.479392 -6.180423
v 7.103516 7.479392 -6.173000
v 7.103471 7.446870 -6.180423
v 7.100373 7.447487 -6.173000
v 7.093985 7.415596 -6.180423
v 7.091066 7.416806 -6.173000
v 7.078578 7.386773 -6.180423
v 7.075952 7.388527 -6.173000
v 7.057846 7.361512 -6.180423
v 7.055613 7.363744 -6.173000
v 7.032584 7.340777 -6.180423
v 7.030828 7.343405 -6.173000
v 7.003761 7.325372 -6.180423
v 7.002553 7.328291 -6.173000
v 6.972487 7.315885 -6.180423
v 6.971871 7.318985 -6.173000
v 6.939965 7.312683 -6.180423
v 6.939965 7.315842 -6.173000
v 6.907441 7.315885 -6.180423
v 6.908056 7.318985 -6.173000
v 6.876166 7.325372 -6.180423
v 6.877376 7.328291 -6.173000
v 6.847344 7.340777 -6.180423
v 6.849100 7.343405 -6.173000
v 6.822083 7.361512 -6.180423
v 6.824316 7.363744 -6.173000
v 6.801350 7.386773 -6.180423
v 6.803977 7.388527 -6.173000
v 6.785944 7.415596 -6.180423
v 6.788863 7.416806 -6.173000
v 6.776458 7.446870 -6.180423
v 6.779555 7.447487 -6.173000
v 6.773253 7.479392 -6.180423
v 6.776412 7.479392 -6.173000
v 6.776458 7.511916 -6.180423
v 6.779555 7.511302 -6.173000
v 6.785944 7.543190 -6.180423
v 6.788863 7.541981 -6.173000
v 6.801350 7.572013 -6.180423
v 6.803977 7.570256 -6.173000
v 6.822083 7.597274 -6.180423
v 6.824316 7.595042 -6.173000
v 6.847344 7.618009 -6.180423
v 6.849100 7.615382 -6.173000
v 6.876166 7.633414 -6.180423
v 6.877376 7.630496 -6.173000
v 6.907441 7.642899 -6.180423
v 6.908056 7.639802 -6.173000
v 6.960255 7.581402 -6.173000
v 6.959638 7.578305 -6.180423
v 6.939965 7.580243 -6.180423
v 6.939965 7.583402 -6.173000
v 6.979767 7.575485 -6.173000
v 6.978557 7.572566 -6.180423
v 6.997748 7.565872 -6.173000
v 6.995993 7.563247 -6.180423
v 7.013509 7.552937 -6.173000
v 7.011276 7.550704 -6.180423
v 7.026443 7.537177 -6.173000
v 7.023817 7.535422 -6.180423
v 7.036055 7.519195 -6.173000
v 7.033136 7.517985 -6.180423
v 7.041974 7.499683 -6.173000
v 7.038877 7.499069 -6.180423
v 7.043972 7.479392 -6.173000
v 7.040813 7.479392 -6.180423
v 7.041974 7.459103 -6.173000
v 7.038877 7.459717 -6.180423
v 7.036055 7.439591 -6.173000
v 7.033136 7.440801 -6.180423
v 7.026443 7.421609 -6.173000
v 7.023817 7.423364 -6.180423
v 7.013509 7.405847 -6.173000
v 7.011276 7.408082 -6.180423
v 6.997748 7.392915 -6.173000
v 6.995993 7.395539 -6.180423
v 6.979767 7.383302 -6.173000
v 6.978557 7.386220 -6.180423
v 6.960255 7.377384 -6.173000
v 6.959638 7.380482 -6.180423
v 6.939965 7.375384 -6.173000
v 6.939965 7.378543 -6.180423
v 6.919673 7.377384 -6.173000
v 6.920289 7.380482 -6.180423
v 6.900162 7.383302 -6.173000
v 6.901370 7.386220 -6.180423
v 6.882180 7.392915 -6.173000
v 6.883934 7.395539 -6.180423
v 6.866420 7.405847 -6.173000
v 6.868652 7.408082 -6.180423
v 6.853484 7.421609 -6.173000
v 6.856111 7.423364 -6.180423
v 6.843873 7.439591 -6.173000
v 6.846790 7.440801 -6.180423
v 6.837955 7.459103 -6.173000
v 6.841052 7.459717 -6.180423
v 6.835956 7.479392 -6.173000
v 6.839115 7.479392 -6.180423
v 6.837955 7.499683 -6.173000
v 6.841052 7.499069 -6.180423
v 6.843873 7.519195 -6.173000
v 6.846790 7.517985 -6.180423
v 6.853484 7.537177 -6.173000
v 6.856111 7.535422 -6.180423
v 6.866420 7.552937 -6.173000
v 6.868652 7.550704 -6.180423
v 6.882180 7.565872 -6.173000
v 6.883934 7.563247 -6.180423
v 6.900162 7.575485 -6.173000
v 6.901370 7.572566 -6.180423
v 6.919673 7.581402 -6.173000
v 6.920289 7.578305 -6.180423
v 6.876166 7.633414 -6.188447
v 6.876166 7.633414 -6.194761
v 6.877412 7.630407 -6.191605
v 6.847344 7.618009 -6.194761
v 6.847344 7.618009 -6.188447
v 6.849153 7.615304 -6.191605
v 6.822083 7.597274 -6.188447
v 6.822083 7.597274 -6.194761
v 6.824381 7.594975 -6.191605
v 6.801350 7.572013 -6.194761
v 6.801350 7.572013 -6.188447
v 6.804054 7.570206 -6.191605
v 6.785944 7.543190 -6.188447
v 6.785944 7.543190 -6.194761
v 6.788949 7.541946 -6.191605
v 6.776458 7.511916 -6.194761
v 6.776458 7.511916 -6.188447
v 6.779647 7.511283 -6.191605
v 6.773253 7.479392 -6.188447
v 6.773253 7.479392 -6.194761
v 6.776507 7.479392 -6.191605
v 6.776458 7.446870 -6.194761
v 6.776458 7.446870 -6.188447
v 6.779647 7.447503 -6.191605
v 6.785944 7.415596 -6.188447
v 6.785944 7.415596 -6.194761
v 6.788949 7.416841 -6.191605
v 6.801350 7.386773 -6.194761
v 6.801350 7.386773 -6.188447
v 6.804054 7.388581 -6.191605
v 6.822083 7.361512 -6.188447
v 6.822083 7.361512 -6.194761
v 6.824381 7.363811 -6.191605
v 6.847344 7.340777 -6.194761
v 6.847344 7.340777 -6.188447
v 6.849153 7.343482 -6.191605
v 6.876166 7.325372 -6.188447
v 6.876166 7.325372 -6.194761
v 6.877412 7.328379 -6.191605
v 6.907441 7.315885 -6.194761
v 6.907441 7.315885 -6.188447
v 6.908075 7.319076 -6.191605
v 6.939965 7.312683 -6.188447
v 6.939965 7.312683 -6.194761
v 6.939965 7.315936 -6.191605
v 6.972487 7.315885 -6.194761
v 6.972487 7.315885 -6.188447
v 6.971853 7.319076 -6.191605
v 7.003761 7.325372 -6.188447
v 7.003761 7.325372 -6.194761
v 7.002516 7.328379 -6.191605
v 7.032584 7.340777 -6.194761
v 7.032584 7.340777 -6.188447
v 7.030776 7.343482 -6.191605
v 7.057846 7.361512 -6.188447
v 7.057846 7.361512 -6.194761
v 7.055546 7.363811 -6.191605
v 7.078578 7.386773 -6.194761
v 7.078578 7.386773 -6.188447
v 7.075874 7.388581 -6.191605
v 7.093985 7.415596 -6.188447
v 7.093985 7.415596 -6.194761
v 7.090979 7.416841 -6.191605
v 7.103471 7.446870 -6.194761
v 7.103471 7.446870 -6.188447
v 7.100281 7.447503 -6.191605
v 7.106675 7.479392 -6.188447
v 7.106675 7.479392 -6.194761
v 7.103421 7.479392 -6.191605
v 7.103471 7.511916 -6.194761
v 7.103471 7.511916 -6.188447
v 7.100281 7.511283 -6.191605
v 7.093985 7.543190 -6.188447
v 7.093985 7.543190 -6.194761
v 7.090979 7.541946 -6.191605
v 7.078578 7.572013 -6.194761
v 7.078578 7.572013 -6.188447
v 7.075874 7.570206 -6.191605
v 7.057846 7.597274 -6.188447
v 7.057846 7.597274 -6.194761
v 7.055546 7.594975 -6.191605
v 7.032584 7.618009 -6.194761
v 7.032584 7.618009 -6.188447
v 7.030776 7.615304 -6.191605
v 7.003761 7.633414 -6.188447
v 7.003761 7.633414 -6.194761
v 7.002516 7.630407 -6.191605
v 6.907441 7.642899 -6.188447
v 6.907441 7.642899 -6.194761
v 6.908075 7.639710 -6.191605
v 6.972487 7.642899 -6.194761
v 6.972487 7.642899 -6.188447
v 6.971853 7.639710 -6.191605
v 6.939965 7.646103 -6.194761
v 6.939965 7.646103 -6.188447
v 6.939965 7.642851 -6.191605
v 6.269617 7.527420 -6.185219
v 6.269617 7.527420 -6.167745
v 6.279902 7.513831 -6.185219
v 6.279902 7.513831 -6.167745
v 6.273275 7.498129 -6.185219
v 6.273275 7.498129 -6.167745
v 6.256366 7.496017 -6.185219
v 6.256366 7.496017 -6.167745
v 6.246081 7.509606 -6.185219
v 6.246081 7.509606 -6.167745
v 6.252706 7.525308 -6.185219
v 6.252706 7.525308 -6.167745
v 6.352046 7.617368 -6.185219
v 6.352046 7.617368 -6.167745
v 6.358077 7.601429 -6.185219
v 6.358077 7.601429 -6.167745
v 6.347289 7.588238 -6.185219
v 6.347289 7.588238 -6.167745
v 6.330470 7.590986 -6.185219
v 6.330470 7.590986 -6.167745
v 6.324440 7.606922 -6.185219
v 6.324440 7.606922 -6.167745
v 6.335227 7.620116 -6.185219
v 6.335227 7.620116 -6.167745
v 6.297398 7.394132 -6.185219
v 6.297398 7.394132 -6.167745
v 6.314088 7.390693 -6.185219
v 6.314088 7.390693 -6.167745
v 6.319453 7.374516 -6.185219
v 6.319453 7.374516 -6.167745
v 6.308126 7.361784 -6.185219
v 6.308126 7.361784 -6.167745
v 6.291436 7.365226 -6.185219
v 6.291436 7.365226 -6.167745
v 6.286071 7.381400 -6.185219
v 6.286071 7.381400 -6.167745
v 6.469691 7.385633 -6.185219
v 6.469691 7.385633 -6.167745
v 6.484037 7.376436 -6.185219
v 6.484037 7.376436 -6.167745
v 6.483244 7.359413 -6.185219
v 6.483244 7.359413 -6.167745
v 6.468105 7.351589 -6.185219
v 6.468105 7.351589 -6.167745
v 6.453760 7.360785 -6.185219
v 6.453760 7.360785 -6.167745
v 6.454552 7.377809 -6.185219
v 6.454552 7.377809 -6.167745
v 6.517408 7.496474 -6.185219
v 6.517408 7.496474 -6.167745
v 6.534416 7.495406 -6.185219
v 6.534416 7.495406 -6.167745
v 6.541993 7.480140 -6.185219
v 6.541993 7.480140 -6.167745
v 6.532563 7.465947 -6.185219
v 6.532563 7.465947 -6.167745
v 6.515554 7.467015 -6.185219
v 6.515554 7.467015 -6.167745
v 6.507977 7.482278 -6.185219
v 6.507977 7.482278 -6.167745
v 6.484447 7.598038 -6.185219
v 6.484447 7.598038 -6.167745
v 6.494732 7.584449 -6.185219
v 6.494732 7.584449 -6.167745
v 6.488105 7.568748 -6.185219
v 6.488105 7.568748 -6.167745
v 6.471196 7.566636 -6.185219
v 6.471196 7.566636 -6.167745
v 6.460911 7.580225 -6.185219
v 6.460911 7.580225 -6.167745
v 6.467537 7.595926 -6.185219
v 6.467537 7.595926 -6.167745
v 7.061603 7.527420 -6.185219
v 7.061603 7.527420 -6.167745
v 7.051319 7.513831 -6.185219
v 7.051319 7.513831 -6.167745
v 7.057945 7.498129 -6.185219
v 7.057945 7.498129 -6.167745
v 7.074854 7.496017 -6.185219
v 7.074854 7.496017 -6.167745
v 7.085139 7.509606 -6.185219
v 7.085139 7.509606 -6.167745
v 7.078514 7.525308 -6.185219
v 7.078514 7.525308 -6.167745
v 6.979174 7.617368 -6.185219
v 6.979174 7.617368 -6.167745
v 6.973143 7.601429 -6.185219
v 6.973143 7.601429 -6.167745
v 6.983931 7.588238 -6.185219
v 6.983931 7.588238 -6.167745
v 7.000750 7.590986 -6.185219
v 7.000750 7.590986 -6.167745
v 7.006781 7.606922 -6.185219
v 7.006781 7.606922 -6.167745
v 6.995993 7.620116 -6.185219
v 6.995993 7.620116 -6.167745
v 7.033823 7.394132 -6.185219
v 7.033823 7.394132 -6.167745
v 7.017132 7.390693 -6.185219
v 7.017132 7.390693 -6.167745
v 7.011767 7.374516 -6.185219
v 7.011767 7.374516 -6.167745
v 7.023094 7.361784 -6.185219
v 7.023094 7.361784 -6.167745
v 7.039784 7.365226 -6.185219
v 7.039784 7.365226 -6.167745
v 7.045149 7.381400 -6.185219
v 7.045149 7.381400 -6.167745
v 6.861529 7.385633 -6.185219
v 6.861529 7.385633 -6.167745
v 6.847183 7.376436 -6.185219
v 6.847183 7.376436 -6.167745
v 6.847976 7.359413 -6.185219
v 6.847976 7.359413 -6.167745
v 6.863115 7.351589 -6.185219
v 6.863115 7.351589 -6.167745
v 6.877460 7.360785 -6.185219
v 6.877460 7.360785 -6.167745
v 6.876668 7.377809 -6.185219
v 6.876668 7.377809 -6.167745
v 6.813812 7.496474 -6.185219
v 6.813812 7.496474 -6.167745
v 6.796804 7.495406 -6.185219
v 6.796804 7.495406 -6.167745
v 6.789227 7.480140 -6.185219
v 6.789227 7.480140 -6.167745
v 6.798657 7.465947 -6.185219
v 6.798657 7.465947 -6.167745
v 6.815666 7.467015 -6.185219
v 6.815666 7.467015 -6.167745
v 6.823243 7.482278 -6.185219
v 6.823243 7.482278 -6.167745
v 6.846773 7.598038 -6.185219
v 6.846773 7.598038 -6.167745
v 6.836489 7.584449 -6.185219
v 6.836489 7.584449 -6.167745
v 6.843115 7.568748 -6.185219
v 6.843115 7.568748 -6.167745
v 6.860024 7.566636 -6.185219
v 6.860024 7.566636 -6.167745
v 6.870309 7.580225 -6.185219
v 6.870309 7.580225 -6.167745
v 6.863683 7.595926 -6.185219
v 6.863683 7.595926 -6.167745
v 6.368275 7.594927 -6.196492
v 6.391257 7.597192 -6.196492
v 6.346177 7.588225 -6.196492
v 6.325810 7.577341 -6.196492
v 6.307960 7.562689 -6.196492
v 6.293309 7.544838 -6.196492
v 6.282424 7.524472 -6.196492
v 6.275720 7.502375 -6.196492
v 6.273457 7.479392 -6.196492
v 6.275720 7.456411 -6.196492
v 6.282424 7.434312 -6.196492
v 6.293309 7.413946 -6.196492
v 6.307960 7.396098 -6.196492
v 6.325810 7.381446 -6.196492
v 6.346177 7.370562 -6.196492
v 6.368275 7.363856 -6.196492
v 6.391257 7.361595 -6.196492
v 6.414237 7.363856 -6.196492
v 6.436337 7.370562 -6.196492
v 6.456701 7.381446 -6.196492
v 6.474552 7.396098 -6.196492
v 6.489203 7.413946 -6.196492
v 6.500088 7.434312 -6.196492
v 6.506792 7.456411 -6.196492
v 6.509055 7.479392 -6.196492
v 6.506792 7.502375 -6.196492
v 6.500088 7.524472 -6.196492
v 6.489203 7.544838 -6.196492
v 6.474552 7.562689 -6.196492
v 6.456701 7.577341 -6.196492
v 6.436337 7.588225 -6.196492
v 6.414237 7.594927 -6.196492
v 6.962945 7.594927 -6.196492
v 6.939963 7.597192 -6.196492
v 6.985044 7.588225 -6.196492
v 7.005410 7.577341 -6.196492
v 7.023261 7.562689 -6.196492
v 7.037911 7.544838 -6.196492
v 7.048797 7.524472 -6.196492
v 7.055500 7.502375 -6.196492
v 7.057763 7.479392 -6.196492
v 7.055500 7.456411 -6.196492
v 7.048797 7.434312 -6.196492
v 7.037911 7.413946 -6.196492
v 7.023261 7.396098 -6.196492
v 7.005410 7.381446 -6.196492
v 6.985044 7.370562 -6.196492
v 6.962945 7.363856 -6.196492
v 6.939963 7.361595 -6.196492
v 6.916983 7.363856 -6.196492
v 6.894884 7.370562 -6.196492
v 6.874519 7.381446 -6.196492
v 6.856668 7.396098 -6.196492
v 6.842017 7.413946 -6.196492
v 6.831132 7.434312 -6.196492
v 6.824428 7.456411 -6.196492
v 6.822165 7.479392 -6.196492
v 6.824428 7.502375 -6.196492
v 6.831132 7.524472 -6.196492
v 6.842017 7.544838 -6.196492
v 6.856668 7.562689 -6.196492
v 6.874519 7.577341 -6.196492
v 6.894884 7.588225 -6.196492
v 6.916983 7.594927 -6.196492
vn -0.4709 0.0407 0.8812
vn -0.4709 0.0408 0.8812
vn -0.6073 0.3704 0.7028
vn -0.6961 0.0905 0.7122
vn 0.4709 0.0407 0.8812
vn 0.4709 0.0408 0.8812
vn 0.4623 0.0411 0.8858
vn 0.4639 0.0411 0.8849
vn -0.0000 1.0000 -0.0000
vn 0.9834 0.1815 -0.0000
vn 0.8618 0.4487 0.2367
vn 0.9521 0.1618 0.2593
vn -0.0000 -1.0000 -0.0000
vn -0.4442 0.0411 0.8950
vn -0.4421 0.0411 0.8960
vn -0.4623 0.0411 0.8858
vn -0.4639 0.0411 0.8849
vn -0.9834 0.1815 -0.0000
vn -0.4154 0.0416 0.9087
vn -0.4130 0.0417 0.9098
vn -0.3766 0.0423 0.9254
vn -0.3740 0.0424 0.9265
vn -0.3266 0.0431 0.9442
vn -0.3240 0.0432 0.9451
vn -0.2644 0.0439 0.9634
vn -0.2621 0.0440 0.9640
vn -0.1889 0.0447 0.9810
vn -0.1872 0.0447 0.9813
vn -0.1000 0.0452 0.9940
vn -0.0990 0.0452 0.9941
vn -0.0000 0.0454 0.9990
vn 0.1000 0.0452 0.9940
vn 0.0990 0.0452 0.9941
vn 0.1889 0.0447 0.9810
vn 0.1872 0.0447 0.9813
vn 0.2644 0.0439 0.9634
vn 0.2621 0.0440 0.9640
vn 0.3266 0.0431 0.9442
vn 0.3240 0.0432 0.9451
vn 0.3766 0.0423 0.9254
vn 0.3739 0.0424 0.9265
vn 0.4154 0.0416 0.9087
vn 0.4130 0.0417 0.9098
vn 0.4442 0.0411 0.8950
vn 0.4421 0.0411 0.8960
vn -0.6782 -0.6122 0.4064
vn -0.4989 -0.5942 0.6308
vn -0.7894 -0.5892 0.1724
vn -0.5686 0.7207 0.3965
vn -0.8618 0.4487 0.2367
vn 0.6783 -0.6122 0.4064
vn 0.7892 -0.5895 0.1725
vn 0.4990 -0.5942 0.6308
vn 0.5686 0.7207 0.3966
vn 0.6073 0.3704 0.7028
vn -0.7686 -0.6397 -0.0000
vn -0.9521 0.1618 0.2593
vn -0.6396 0.7687 -0.0000
vn 0.7686 -0.6397 -0.0000
vn 0.6397 0.7687 -0.0000
vn 0.6961 0.0905 0.7122
vn 0.3623 -0.6440 0.6739
vn 0.3623 -0.6437 0.6740
vn -0.3451 0.6775 0.6495
vn -0.3622 -0.6440 0.6739
vn -0.3582 -0.6443 0.6757
vn -0.3548 -0.6449 0.6769
vn -0.3623 -0.6438 0.6740
vn -0.3437 -0.6466 0.6810
vn -0.3387 -0.6472 0.6829
vn -0.3220 -0.6492 0.6891
vn -0.3156 -0.6500 0.6913
vn -0.2921 -0.6526 0.6991
vn -0.2847 -0.6534 0.7015
vn -0.2535 -0.6565 0.7105
vn -0.2455 -0.6572 0.7126
vn -0.2052 -0.6608 0.7220
vn -0.1975 -0.6614 0.7236
vn -0.1467 -0.6650 0.7323
vn -0.1403 -0.6654 0.7332
vn -0.0777 -0.6683 0.7398
vn -0.0738 -0.6684 0.7401
vn -0.0000 -0.6697 0.7427
vn 0.0777 -0.6683 0.7398
vn 0.0738 -0.6684 0.7401
vn 0.1467 -0.6650 0.7323
vn 0.1403 -0.6654 0.7332
vn 0.2052 -0.6608 0.7220
vn 0.1975 -0.6614 0.7236
vn 0.2535 -0.6565 0.7105
vn 0.2455 -0.6572 0.7126
vn 0.2921 -0.6526 0.6991
vn 0.2847 -0.6534 0.7015
vn 0.3220 -0.6493 0.6891
vn 0.3156 -0.6500 0.6913
vn 0.3437 -0.6466 0.6810
vn 0.3387 -0.6472 0.6829
vn 0.3582 -0.6442 0.6757
vn 0.3548 -0.6449 0.6769
vn 0.3454 0.6776 0.6493
vn 0.3394 0.6786 0.6514
vn 0.3377 0.6789 0.6520
vn 0.3452 0.6775 0.6495
vn 0.3236 0.6810 0.6569
vn 0.3210 0.6814 0.6578
vn 0.3012 0.6840 0.6644
vn 0.2977 0.6845 0.6655
vn 0.2716 0.6875 0.6734
vn 0.2675 0.6880 0.6746
vn 0.2344 0.6914 0.6834
vn 0.2299 0.6918 0.6845
vn 0.1887 0.6955 0.6933
vn 0.1843 0.6958 0.6942
vn 0.1343 0.6994 0.7020
vn 0.1305 0.6996 0.7025
vn 0.0708 0.7024 0.7082
vn 0.0685 0.7025 0.7084
vn -0.0000 0.7036 0.7106
vn -0.0708 0.7024 0.7083
vn -0.0685 0.7025 0.7084
vn -0.1343 0.6994 0.7020
vn -0.1305 0.6996 0.7025
vn -0.1887 0.6955 0.6933
vn -0.1843 0.6959 0.6941
vn -0.2343 0.6915 0.6834
vn -0.2299 0.6919 0.6844
vn -0.2716 0.6875 0.6734
vn -0.2675 0.6880 0.6746
vn -0.3012 0.6840 0.6644
vn -0.2978 0.6845 0.6655
vn -0.3236 0.6810 0.6569
vn -0.3210 0.6814 0.6578
vn -0.3395 0.6786 0.6514
vn -0.3377 0.6789 0.6520
vn 0.9969 0.0784 -0.0000
vn -0.0000 0.0467 0.9989
vn -0.0000 0.0467 -0.9989
vn 0.5676 -0.5246 0.6345
vn 0.4888 0.5287 0.6939
vn 0.5784 0.2944 0.7608
vn 0.5896 0.2535 0.7669
vn 0.5677 -0.5247 -0.6343
vn 0.4888 0.5287 -0.6940
vn 0.5895 0.2535 -0.7670
vn 0.5784 0.2944 -0.7608
vn -0.0000 -0.6689 -0.7433
vn -0.0000 0.5782 -0.8159
vn 0.6234 0.0838 -0.7774
vn 0.7343 -0.6788 -0.0000
vn 0.6789 0.7343 -0.0000
vn 0.6234 0.0838 0.7774
vn -0.0000 -0.6690 0.7433
vn -0.0000 0.5782 0.8159
vn -0.9969 0.0784 -0.0000
vn -0.5676 -0.5247 0.6345
vn -0.4888 0.5287 0.6939
vn -0.5896 0.2535 0.7669
vn -0.5784 0.2944 0.7607
vn -0.5677 -0.5249 -0.6342
vn -0.4888 0.5287 -0.6940
vn -0.5784 0.2944 -0.7608
vn -0.5895 0.2535 -0.7669
vn -0.6234 0.0838 -0.7774
vn -0.7343 -0.6788 -0.0000
vn -0.6789 0.7343 -0.0000
vn -0.6234 0.0838 0.7774
vn -0.0000 0.2230 0.9748
vn 0.9916 0.1297 -0.0000
vn -0.9916 0.1297 -0.0000
vn -0.6316 -0.3882 0.6711
vn 0.6315 -0.3879 0.6714
vn -0.7495 -0.6621 -0.0000
vn -0.6562 0.2478 0.7127
vn 0.7495 -0.6621 -0.0000
vn 0.6562 0.2478 0.7127
vn -0.0000 -0.5748 0.8183
vn 0.6396 0.7687 -0.0000
vn 0.1794 0.0778 -0.9807
vn 0.1795 0.0778 -0.9807
vn 0.3551 0.0790 -0.9315
vn 0.3549 0.0790 -0.9316
vn -0.1794 0.0778 -0.9807
vn -0.1795 0.0778 -0.9807
vn -0.0000 0.0774 -0.9970
vn 0.5219 0.0809 -0.8492
vn 0.5221 0.0809 -0.8490
vn 0.6748 0.0833 -0.7333
vn 0.6746 0.0833 -0.7334
vn 0.8063 0.0857 -0.5853
vn 0.8061 0.0857 -0.5855
vn 0.9084 0.0878 -0.4088
vn 0.9083 0.0878 -0.4090
vn 0.9735 0.0893 -0.2104
vn 0.9735 0.0893 -0.2105
vn 0.9960 0.0898 -0.0000
vn 0.9735 0.0893 0.2104
vn 0.9735 0.0893 0.2105
vn 0.9084 0.0878 0.4088
vn 0.9083 0.0878 0.4090
vn 0.8063 0.0857 0.5853
vn 0.8061 0.0857 0.5855
vn 0.6748 0.0833 0.7333
vn 0.6746 0.0833 0.7334
vn 0.5221 0.0809 0.8490
vn 0.5219 0.0809 0.8492
vn 0.3551 0.0791 0.9315
vn 0.3549 0.0791 0.9316
vn 0.2675 0.0779 0.9604
vn 0.2680 0.0779 0.9603
vn 0.1795 0.0778 0.9807
vn 0.1794 0.0778 0.9807
vn -0.0000 0.0774 0.9970
vn -0.1795 0.0778 0.9807
vn -0.1794 0.0778 0.9807
vn -0.2675 0.0779 0.9604
vn -0.2680 0.0779 0.9603
vn -0.3551 0.0791 0.9315
vn -0.3549 0.0791 0.9316
vn -0.5221 0.0809 0.8490
vn -0.5219 0.0809 0.8492
vn -0.6748 0.0833 0.7333
vn -0.6746 0.0833 0.7334
vn -0.8063 0.0857 0.5853
vn -0.8061 0.0857 0.5855
vn -0.9084 0.0878 0.4088
vn -0.9083 0.0878 0.4090
vn -0.9735 0.0893 0.2104
vn -0.9735 0.0893 0.2105
vn -0.9960 0.0898 -0.0000
vn -0.9735 0.0893 -0.2104
vn -0.9735 0.0893 -0.2105
vn -0.9084 0.0878 -0.4088
vn -0.9083 0.0878 -0.4090
vn -0.8062 0.0857 -0.5853
vn -0.8061 0.0857 -0.5855
vn -0.6748 0.0833 -0.7333
vn -0.6746 0.0833 -0.7335
vn -0.5221 0.0809 -0.8490
vn -0.5219 0.0809 -0.8492
vn -0.3551 0.0790 -0.9315
vn -0.3549 0.0790 -0.9316
vn -0.6778 -0.0000 0.7352
vn -0.5245 -0.0000 0.8514
vn -0.0000 -0.0000 1.0000
vn 0.1804 -0.0000 0.9836
vn -0.3567 -0.0000 0.9342
vn -0.8097 -0.0000 0.5868
vn -0.9122 -0.0000 0.4098
vn -0.9775 -0.0000 0.2109
vn -1.0000 -0.0000 -0.0000
vn -0.9775 -0.0000 -0.2109
vn -0.9122 -0.0000 -0.4098
vn -0.8097 -0.0000 -0.5868
vn -0.6778 -0.0000 -0.7352
vn -0.5245 -0.0000 -0.8514
vn -0.3567 -0.0000 -0.9342
vn -0.2689 -0.0000 -0.9632
vn -0.0000 -0.0000 -1.0000
vn -0.1803 -0.0000 -0.9836
vn 0.1803 -0.0000 -0.9836
vn 0.2689 -0.0000 -0.9632
vn 0.5245 -0.0000 -0.8514
vn 0.3567 -0.0000 -0.9342
vn 0.6778 -0.0000 -0.7352
vn 0.8097 -0.0000 -0.5868
vn 0.9122 -0.0000 -0.4098
vn 0.9775 -0.0000 -0.2109
vn 1.0000 -0.0000 -0.0000
vn 0.9775 -0.0000 0.2109
vn 0.9122 -0.0000 0.4098
vn 0.8097 -0.0000 0.5868
vn 0.6778 -0.0000 0.7352
vn 0.5245 -0.0000 0.8514
vn 0.3567 -0.0000 0.9342
vn -0.1804 -0.0000 0.9836
vn 0.1293 0.7034 -0.6990
vn -0.0000 0.7020 -0.7122
vn 0.1269 0.7033 -0.6994
vn 0.2541 0.7074 -0.6595
vn 0.2499 0.7073 -0.6613
vn 0.3698 0.7135 -0.5951
vn 0.3649 0.7132 -0.5985
vn 0.4721 0.7207 -0.5076
vn 0.4675 0.7204 -0.5123
vn 0.5569 0.7277 -0.4004
vn 0.5535 0.7276 -0.4053
vn 0.6204 0.7341 -0.2763
vn 0.6185 0.7339 -0.2808
vn 0.6597 0.7382 -0.1411
vn 0.6592 0.7381 -0.1437
vn 0.6730 0.7396 -0.0000
vn 0.6597 0.7382 0.1411
vn 0.6592 0.7381 0.1437
vn 0.6204 0.7341 0.2763
vn 0.6185 0.7339 0.2808
vn 0.5568 0.7280 0.4000
vn 0.5535 0.7276 0.4052
vn 0.4721 0.7208 0.5076
vn 0.4675 0.7204 0.5123
vn 0.3698 0.7135 0.5951
vn 0.3649 0.7132 0.5985
vn 0.2541 0.7074 0.6595
vn 0.2499 0.7073 0.6613
vn 0.1912 0.7033 0.6847
vn -0.0000 0.7020 0.7122
vn 0.1293 0.7034 0.6990
vn 0.1269 0.7033 0.6995
vn -0.1293 0.7034 0.6990
vn -0.1269 0.7033 0.6994
vn -0.1912 0.7033 0.6847
vn -0.3698 0.7135 0.5951
vn -0.2541 0.7074 0.6595
vn -0.2499 0.7073 0.6613
vn -0.3649 0.7132 0.5985
vn -0.4721 0.7207 0.5076
vn -0.4675 0.7204 0.5123
vn -0.5568 0.7279 0.4000
vn -0.5535 0.7276 0.4052
vn -0.6204 0.7341 0.2763
vn -0.6185 0.7339 0.2808
vn -0.6597 0.7382 0.1411
vn -0.6592 0.7381 0.1437
vn -0.6730 0.7396 -0.0000
vn -0.6597 0.7382 -0.1411
vn -0.6592 0.7381 -0.1437
vn -0.6204 0.7341 -0.2763
vn -0.6185 0.7339 -0.2808
vn -0.5568 0.7279 -0.4000
vn -0.5535 0.7276 -0.4053
vn -0.4721 0.7207 -0.5076
vn -0.4675 0.7204 -0.5123
vn -0.3698 0.7135 -0.5951
vn -0.3649 0.7132 -0.5985
vn -0.2541 0.7074 -0.6595
vn -0.2499 0.7073 -0.6613
vn -0.1293 0.7034 -0.6990
vn -0.1269 0.7033 -0.6994
vn -0.1346 0.6723 0.7279
vn -0.0000 0.6709 0.7416
vn -0.1323 0.6722 0.7284
vn -0.2647 0.6763 0.6874
vn -0.2606 0.6762 0.6891
vn -0.3857 0.6824 0.6209
vn -0.3809 0.6821 0.6243
vn -0.4931 0.6896 0.5304
vn -0.4885 0.6893 0.5350
vn -0.5824 0.6969 0.4185
vn -0.5790 0.6966 0.4237
vn -0.6495 0.7031 0.2893
vn -0.6477 0.7029 0.2938
vn -0.6913 0.7073 0.1479
vn -0.6908 0.7073 0.1505
vn -0.7054 0.7088 -0.0000
vn -0.6913 0.7073 -0.1479
vn -0.6908 0.7073 -0.1505
vn -0.6495 0.7031 -0.2893
vn -0.6477 0.7030 -0.2938
vn -0.5824 0.6969 -0.4185
vn -0.5790 0.6966 -0.4237
vn -0.4931 0.6896 -0.5304
vn -0.4885 0.6893 -0.5350
vn -0.3857 0.6824 -0.6209
vn -0.3809 0.6821 -0.6242
vn -0.2647 0.6763 -0.6874
vn -0.2606 0.6761 -0.6891
vn -0.1991 0.6721 -0.7132
vn -0.0000 0.6708 -0.7416
vn -0.1346 0.6722 -0.7280
vn -0.1323 0.6722 -0.7285
vn 0.1346 0.6722 -0.7280
vn 0.1323 0.6722 -0.7285
vn 0.1991 0.6721 -0.7132
vn 0.3857 0.6824 -0.6209
vn 0.2647 0.6763 -0.6874
vn 0.2606 0.6761 -0.6891
vn 0.3809 0.6821 -0.6242
vn 0.4931 0.6896 -0.5304
vn 0.4885 0.6893 -0.5350
vn 0.5824 0.6969 -0.4185
vn 0.5790 0.6966 -0.4237
vn 0.6495 0.7031 -0.2893
vn 0.6477 0.7029 -0.2938
vn 0.6913 0.7073 -0.1479
vn 0.6908 0.7072 -0.1505
vn 0.7054 0.7088 -0.0000
vn 0.6913 0.7073 0.1479
vn 0.6908 0.7072 0.1505
vn 0.6495 0.7031 0.2893
vn 0.6477 0.7030 0.2938
vn 0.5824 0.6969 0.4185
vn 0.5790 0.6966 0.4237
vn 0.4931 0.6896 0.5304
vn 0.4885 0.6893 0.5350
vn 0.3857 0.6824 0.6209
vn 0.3809 0.6821 0.6243
vn 0.2647 0.6763 0.6874
vn 0.2606 0.6762 0.6891
vn 0.1346 0.6723 0.7279
vn 0.1323 0.6722 0.7284
vn 0.3430 0.0414 0.9384
vn 0.2546 0.0884 0.9630
vn 0.2634 -0.0030 0.9647
vn 0.3515 -0.0015 0.9362
vn -0.0000 0.9837 0.1797
vn 0.0359 0.9838 0.1757
vn -0.0046 0.9987 -0.0512
vn -0.0000 0.9988 -0.0483
vn -0.0434 0.9887 0.1433
vn -0.0360 0.9838 0.1754
vn 0.0046 0.9987 -0.0512
vn 0.0071 0.9985 -0.0541
vn 0.9903 -0.0193 0.1374
vn 0.9877 -0.0175 0.1553
vn 0.9994 -0.0330 -0.0123
vn 0.9994 -0.0328 -0.0077
vn -0.0000 0.0390 -0.9992
vn 0.1762 0.0390 -0.9836
vn 0.1765 -0.0000 -0.9843
vn -0.1762 0.0390 -0.9836
vn -0.1765 -0.0000 -0.9843
vn 0.3500 0.0394 -0.9359
vn 0.3499 -0.0000 -0.9368
vn 0.5161 0.0404 -0.8556
vn 0.5161 -0.0000 -0.8565
vn 0.6696 0.0415 -0.7416
vn 0.6697 -0.0000 -0.7426
vn 0.8031 0.0427 -0.5943
vn 0.8035 -0.0000 -0.5953
vn 0.9081 0.0438 -0.4165
vn 0.9088 -0.0000 -0.4173
vn 0.9756 0.0446 -0.2149
vn 0.9765 -0.0000 -0.2153
vn 0.9990 0.0448 -0.0000
vn 0.9756 0.0446 0.2149
vn 0.9765 -0.0000 0.2153
vn 0.9081 0.0438 0.4165
vn 0.9088 -0.0000 0.4173
vn 0.8031 0.0427 0.5943
vn 0.8035 -0.0000 0.5953
vn 0.6696 0.0415 0.7416
vn 0.6697 -0.0000 0.7426
vn 0.5161 0.0404 0.8556
vn 0.5161 -0.0000 0.8565
vn -0.0000 0.1804 0.9836
vn -0.1702 0.1819 0.9685
vn -0.1750 -0.0015 0.9846
vn -0.2546 0.0884 0.9630
vn -0.2634 -0.0030 0.9647
vn -0.3430 0.0414 0.9384
vn -0.5161 0.0404 0.8556
vn -0.5161 -0.0000 0.8565
vn -0.3515 -0.0015 0.9362
vn -0.6696 0.0415 0.7416
vn -0.6697 -0.0000 0.7426
vn -0.8031 0.0427 0.5943
vn -0.8035 -0.0000 0.5953
vn -0.9081 0.0438 0.4165
vn -0.9088 -0.0000 0.4173
vn -0.9756 0.0446 0.2149
vn -0.9765 -0.0000 0.2153
vn -0.9990 0.0448 -0.0000
vn -0.9756 0.0446 -0.2149
vn -0.9765 -0.0000 -0.2153
vn -0.9081 0.0438 -0.4165
vn -0.9088 -0.0000 -0.4173
vn -0.8031 0.0427 -0.5943
vn -0.8035 -0.0000 -0.5953
vn -0.6696 0.0415 -0.7416
vn -0.6697 -0.0000 -0.7426
vn -0.5161 0.0404 -0.8556
vn -0.5161 -0.0000 -0.8565
vn -0.3500 0.0394 -0.9359
vn -0.3499 -0.0000 -0.9368
vn -0.0000 0.0763 -0.9971
vn -0.0000 0.0758 -0.9971
vn 0.1762 0.0770 -0.9813
vn 0.1742 0.0772 -0.9817
vn 0.3501 0.0790 -0.9334
vn 0.3507 0.0790 -0.9331
vn 0.5168 0.0809 -0.8523
vn 0.5161 0.0809 -0.8527
vn -0.3502 0.0790 -0.9334
vn -0.3507 0.0790 -0.9331
vn -0.1762 0.0770 -0.9813
vn -0.1742 0.0772 -0.9817
vn -0.5161 0.0809 -0.8527
vn -0.5168 0.0809 -0.8523
vn -0.6690 0.0832 -0.7386
vn -0.6697 0.0832 -0.7379
vn -0.8018 0.0856 -0.5914
vn -0.8023 0.0856 -0.5907
vn -0.9059 0.0878 -0.4142
vn -0.9062 0.0878 -0.4136
vn -0.9728 0.0893 -0.2136
vn -0.9729 0.0893 -0.2132
vn -0.9960 0.0899 -0.0000
vn -0.9728 0.0893 0.2136
vn -0.9729 0.0893 0.2132
vn -0.9059 0.0878 0.4142
vn -0.9062 0.0878 0.4136
vn -0.8018 0.0856 0.5914
vn -0.8023 0.0856 0.5907
vn -0.6690 0.0832 0.7386
vn -0.6697 0.0832 0.7379
vn -0.5161 0.0809 0.8527
vn -0.5168 0.0809 0.8523
vn -0.3236 0.0752 0.9432
vn -0.3508 0.0790 0.9331
vn -0.0490 0.0385 0.9981
vn -0.2032 0.0706 0.9766
vn -0.2287 0.0677 0.9711
vn -0.3168 0.0784 0.9453
vn -0.0000 -0.9566 0.2914
vn 0.0492 -0.9559 0.2896
vn 0.0831 -0.9936 0.0764
vn -0.0000 -0.9972 0.0749
vn -0.0492 -0.9559 0.2896
vn -0.0831 -0.9936 0.0764
vn 0.3168 0.0784 0.9453
vn 0.3236 0.0752 0.9432
vn 0.2287 0.0677 0.9711
vn 0.2032 0.0706 0.9766
vn 0.0490 0.0385 0.9981
vn 0.5161 0.0809 0.8527
vn 0.5168 0.0809 0.8523
vn 0.3508 0.0790 0.9331
vn 0.6690 0.0832 0.7386
vn 0.6697 0.0832 0.7379
vn 0.8018 0.0856 0.5914
vn 0.8023 0.0856 0.5907
vn 0.9059 0.0878 0.4142
vn 0.9062 0.0878 0.4136
vn 0.9728 0.0893 0.2136
vn 0.9729 0.0893 0.2132
vn 0.9960 0.0899 -0.0000
vn 0.9728 0.0893 -0.2136
vn 0.9729 0.0893 -0.2132
vn 0.9059 0.0878 -0.4142
vn 0.9062 0.0878 -0.4136
vn 0.8018 0.0856 -0.5914
vn 0.8023 0.0856 -0.5907
vn 0.6690 0.0832 -0.7386
vn 0.6697 0.0832 -0.7379
vn 0.1786 0.0778 -0.9808
vn 0.3535 0.0790 -0.9321
vn 0.5201 0.0809 -0.8502
vn -0.3535 0.0790 -0.9321
vn -0.1786 0.0778 -0.9808
vn -0.5201 0.0809 -0.8502
vn -0.6729 0.0833 -0.7350
vn -0.8048 0.0857 -0.5873
vn -0.9076 0.0878 -0.4106
vn -0.9733 0.0893 -0.2114
vn -0.9733 0.0893 0.2114
vn -0.9076 0.0878 0.4106
vn -0.8048 0.0857 0.5873
vn -0.6729 0.0833 0.7350
vn -0.5201 0.0809 0.8502
vn -0.3535 0.0790 0.9321
vn -0.2664 0.0779 0.9607
vn -0.1786 0.0777 0.9808
vn 0.1786 0.0777 0.9808
vn 0.2664 0.0779 0.9607
vn 0.5201 0.0809 0.8502
vn 0.3535 0.0791 0.9321
vn 0.6729 0.0833 0.7350
vn 0.8048 0.0857 0.5873
vn 0.9076 0.0878 0.4106
vn 0.9733 0.0893 0.2114
vn 0.9733 0.0893 -0.2114
vn 0.9076 0.0878 -0.4106
vn 0.8048 0.0857 -0.5873
vn 0.6729 0.0833 -0.7350
vn 0.1777 0.0778 -0.9810
vn 0.3519 0.0790 -0.9327
vn -0.1777 0.0778 -0.9810
vn -0.0000 0.0773 -0.9970
vn 0.5182 0.0809 -0.8514
vn 0.6711 0.0832 -0.7367
vn 0.8034 0.0857 -0.5893
vn 0.9068 0.0878 -0.4123
vn 0.9731 0.0893 -0.2125
vn 0.9731 0.0893 0.2125
vn 0.9068 0.0878 0.4123
vn 0.8034 0.0857 0.5893
vn 0.6711 0.0832 0.7367
vn 0.5182 0.0809 0.8514
vn 0.3519 0.0790 0.9327
vn 0.2203 0.0743 0.9726
vn 0.2468 0.0759 0.9661
vn 0.1615 0.0754 0.9840
vn 0.1302 0.0726 0.9888
vn -0.0000 0.0773 0.9970
vn -0.0000 0.0745 0.9972
vn -0.1615 0.0754 0.9840
vn -0.1302 0.0726 0.9888
vn -0.2203 0.0743 0.9726
vn -0.2468 0.0759 0.9661
vn -0.3519 0.0790 0.9327
vn -0.5182 0.0809 0.8514
vn -0.6711 0.0832 0.7367
vn -0.8034 0.0857 0.5893
vn -0.9068 0.0878 0.4123
vn -0.9731 0.0893 0.2125
vn -0.9731 0.0893 -0.2125
vn -0.9068 0.0878 -0.4123
vn -0.8034 0.0857 -0.5893
vn -0.6711 0.0832 -0.7367
vn -0.5182 0.0809 -0.8514
vn -0.3519 0.0790 -0.9327
vn 0.1737 0.0781 -0.9817
vn 0.3498 0.0790 -0.9335
vn -0.1737 0.0781 -0.9817
vn -0.0000 0.0780 -0.9970
vn 0.5156 0.0809 -0.8530
vn 0.6686 0.0832 -0.7390
vn 0.8015 0.0856 -0.5919
vn 0.9058 0.0878 -0.4146
vn 0.9728 0.0893 -0.2138
vn 0.9728 0.0893 0.2138
vn 0.9058 0.0878 0.4146
vn 0.8015 0.0856 0.5919
vn 0.6686 0.0832 0.7390
vn 0.5156 0.0809 0.8530
vn 0.1745 0.0638 0.9826
vn 0.2111 0.0711 0.9749
vn 0.1256 0.0708 0.9896
vn -0.0000 0.0716 0.9974
vn 0.1904 -0.9367 0.2937
vn 0.2416 -0.9671 0.0794
vn -0.5156 0.0809 0.8530
vn -0.6686 0.0832 0.7390
vn -0.8015 0.0856 0.5919
vn -0.9058 0.0878 0.4146
vn -0.9728 0.0893 0.2138
vn -0.9728 0.0893 -0.2138
vn -0.9058 0.0878 -0.4146
vn -0.8015 0.0856 -0.5919
vn -0.6686 0.0832 -0.7390
vn -0.5156 0.0809 -0.8530
vn -0.3498 0.0790 -0.9335
vn -0.1904 -0.9367 0.2937
vn -0.2416 -0.9671 0.0794
vn -0.1256 0.0708 0.9896
vn -0.1033 -0.0693 0.9922
vn -0.1257 -0.0972 0.9873
vn -0.1745 0.0638 0.9826
vn 0.1702 0.1819 0.9685
vn 0.1750 -0.0015 0.9846
vn -0.9903 -0.0193 0.1375
vn -0.9860 -0.0504 0.1588
vn -0.9970 -0.0770 0.0050
vn -0.9994 -0.0328 -0.0077
vn -0.2111 0.0711 0.9749
vn 0.9860 -0.0504 0.1587
vn 0.9970 -0.0770 0.0050
vn 0.9544 -0.2969 0.0312
vn 0.9093 -0.3080 0.2798
vn -0.4984 -0.8634 0.0781
vn -0.4497 -0.8394 0.3052
vn -0.7841 -0.6176 0.0614
vn -0.7396 -0.6091 0.2865
vn -0.8774 -0.4771 0.0498
vn -0.8436 -0.4650 0.2685
vn -0.9093 -0.3080 0.2798
vn -0.9544 -0.2969 0.0312
vn 0.4497 -0.8395 0.3052
vn 0.4984 -0.8634 0.0781
vn 0.7396 -0.6091 0.2865
vn 0.7841 -0.6176 0.0614
vn 0.0338 -0.0240 0.9991
vn 0.0736 0.0105 0.9972
vn 0.8436 -0.4650 0.2685
vn 0.8774 -0.4771 0.0498
vn 0.0434 0.9887 0.1433
vn 0.0629 0.9261 0.3721
vn 0.1002 0.9253 0.3657
vn 0.2421 0.3661 0.8985
vn 0.1662 0.3630 0.9168
vn -0.0000 0.9265 0.3764
vn -0.0000 0.3584 0.9336
vn -0.0629 0.9261 0.3721
vn -0.1662 0.3630 0.9168
vn 0.1135 -0.1021 0.9883
vn -0.0000 -0.1100 0.9939
vn -0.0000 -0.2902 0.9570
vn 0.0945 -0.2913 0.9520
vn -0.0113 -0.8798 0.4752
vn -0.0000 -0.8802 0.4747
vn -0.1135 -0.1021 0.9883
vn -0.0945 -0.2913 0.9520
vn 0.0113 -0.8798 0.4752
vn -0.1002 0.9253 0.3658
vn -0.2422 0.3661 0.8985
vn 0.8249 -0.2548 0.5045
vn 0.8682 -0.0857 0.4888
vn 0.4518 0.0550 0.8904
vn 0.1538 -0.0784 0.9850
vn -0.0736 0.0105 0.9972
vn 0.6557 -0.5734 0.4913
vn 0.7684 -0.4300 0.4740
vn 0.1796 -0.1210 0.9763
vn 0.1250 -0.1627 0.9787
vn -0.0570 -0.0215 0.9981
vn -0.0338 -0.0240 0.9991
vn 0.3598 -0.7823 0.5085
vn 0.0153 -0.2341 0.9721
vn 0.1446 -0.8583 0.4924
vn -0.0852 -0.2812 0.9559
vn -0.3596 -0.7822 0.5088
vn -0.1446 -0.8583 0.4923
vn 0.0852 -0.2812 0.9559
vn -0.0153 -0.2341 0.9721
vn 0.1033 -0.0694 0.9922
vn 0.1257 -0.0972 0.9873
vn -0.6557 -0.5734 0.4913
vn -0.1250 -0.1628 0.9787
vn 0.0570 -0.0215 0.9981
vn -0.8249 -0.2548 0.5045
vn -0.7684 -0.4300 0.4740
vn -0.1796 -0.1210 0.9763
vn -0.1538 -0.0784 0.9850
vn -0.8682 -0.0857 0.4888
vn -0.4520 0.0550 0.8903
vn 0.9600 -0.0053 0.2800
vn 0.3648 0.0665 0.9287
vn 0.4671 0.0596 0.8822
vn -0.9877 -0.0175 0.1554
vn -0.9602 -0.0054 0.2792
vn -0.9599 -0.0053 0.2803
vn -0.3649 0.0665 0.9287
vn -0.3560 0.0670 0.9321
vn -0.4666 0.0596 0.8825
vn -0.0071 0.9985 -0.0541
vn 0.1747 0.0781 -0.9815
vn 0.3494 0.0790 -0.9337
vn 0.5151 0.0809 -0.8533
vn -0.3494 0.0790 -0.9337
vn -0.1747 0.0781 -0.9815
vn -0.5151 0.0809 -0.8533
vn -0.6681 0.0832 -0.7394
vn -0.8011 0.0856 -0.5924
vn -0.9055 0.0878 -0.4151
vn -0.9727 0.0893 -0.2141
vn -0.9727 0.0893 0.2141
vn -0.9055 0.0878 0.4151
vn -0.8011 0.0856 0.5924
vn -0.6681 0.0832 0.7394
vn -0.5151 0.0809 0.8533
vn -0.3247 0.0812 0.9423
vn 0.5151 0.0809 0.8533
vn 0.3247 0.0812 0.9423
vn 0.6681 0.0832 0.7394
vn 0.8011 0.0856 0.5924
vn 0.9055 0.0878 0.4151
vn 0.9727 0.0893 0.2141
vn 0.9727 0.0893 -0.2141
vn 0.9055 0.0878 -0.4151
vn 0.8011 0.0856 -0.5924
vn 0.6681 0.0832 -0.7394
vn 0.3559 0.0670 0.9321
vn 0.9603 -0.0054 0.2791
vn -0.9994 -0.0330 -0.0123
vn 0.2129 0.0819 0.9736
vn -0.2129 0.0819 0.9736
vn -0.0000 -0.6709 -0.7416
vn 0.1318 -0.6722 -0.7285
vn 0.1295 -0.6722 -0.7290
vn 0.2597 -0.6761 -0.6895
vn 0.2557 -0.6760 -0.6911
vn 0.3797 -0.6821 -0.6250
vn 0.3749 -0.6818 -0.6282
vn 0.4875 -0.6893 -0.5360
vn 0.4829 -0.6889 -0.5406
vn 0.5782 -0.6966 -0.4247
vn 0.5747 -0.6963 -0.4299
vn 0.6472 -0.7030 -0.2947
vn 0.6453 -0.7028 -0.2993
vn 0.6906 -0.7073 -0.1510
vn 0.6900 -0.7073 -0.1537
vn 0.7053 -0.7089 -0.0000
vn 0.6906 -0.7073 0.1510
vn 0.6900 -0.7073 0.1537
vn 0.6473 -0.7030 0.2947
vn 0.6454 -0.7028 0.2993
vn 0.5782 -0.6966 0.4247
vn 0.5747 -0.6963 0.4299
vn 0.4875 -0.6892 0.5360
vn 0.4829 -0.6889 0.5406
vn 0.3797 -0.6820 0.6250
vn 0.3749 -0.6818 0.6282
vn 0.2597 -0.6767 0.6889
vn 0.2558 -0.6766 0.6905
vn 0.1948 -0.6733 0.7133
vn 0.1314 -0.6728 0.7281
vn 0.1291 -0.6727 0.7285
vn 0.1947 -0.6733 0.7133
vn -0.0000 -0.6708 0.7416
vn -0.0000 -0.6706 0.7418
vn -0.1314 -0.6728 0.7281
vn -0.1291 -0.6727 0.7285
vn -0.1948 -0.6733 0.7133
vn -0.2597 -0.6767 0.6889
vn -0.2558 -0.6766 0.6905
vn -0.1947 -0.6733 0.7133
vn -0.3797 -0.6820 0.6250
vn -0.3749 -0.6818 0.6282
vn -0.4875 -0.6893 0.5360
vn -0.4829 -0.6889 0.5406
vn -0.5782 -0.6966 0.4247
vn -0.5747 -0.6963 0.4299
vn -0.6473 -0.7030 0.2947
vn -0.6454 -0.7028 0.2993
vn -0.6906 -0.7073 0.1510
vn -0.6900 -0.7073 0.1537
vn -0.7053 -0.7089 -0.0000
vn -0.6906 -0.7073 -0.1510
vn -0.6900 -0.7073 -0.1537
vn -0.6472 -0.7030 -0.2947
vn -0.6453 -0.7028 -0.2993
vn -0.5782 -0.6966 -0.4247
vn -0.5747 -0.6963 -0.4299
vn -0.4875 -0.6892 -0.5360
vn -0.4829 -0.6889 -0.5406
vn -0.3797 -0.6821 -0.6250
vn -0.3749 -0.6818 -0.6282
vn -0.2597 -0.6761 -0.6895
vn -0.2557 -0.6760 -0.6911
vn -0.1318 -0.6722 -0.7285
vn -0.1295 -0.6722 -0.7290
vn 0.0002 -1.0000 -0.0000
vn 0.4225 -0.8433 0.3320
vn -0.1596 -0.8314 0.5323
vn 0.7059 -0.4363 0.5580
vn 0.8506 -0.5258 -0.0000
vn -0.5257 -0.8507 -0.0000
vn -0.1596 -0.8316 -0.5319
vn 0.4225 -0.8434 -0.3320
vn 0.9433 -0.0008 0.3321
vn -0.2594 -0.4198 0.8698
vn 0.2477 -0.4979 0.8311
vn -0.8945 -0.4471 -0.0000
vn -0.6724 -0.5148 0.5318
vn -0.9433 0.0008 0.3320
vn -0.3355 -0.5429 -0.7699
vn -0.6724 -0.5148 -0.5318
vn -0.6789 -0.0192 -0.7340
vn 0.7059 -0.4364 -0.5579
vn 0.2864 -0.6159 -0.7339
vn 0.6788 0.0192 -0.7340
vn 0.5560 0.0011 0.8312
vn -0.5561 -0.0011 0.8311
vn -0.9433 0.0008 -0.3320
vn 0.1441 0.9896 -0.0000
vn 0.9433 -0.0008 -0.3320
vn 0.2594 0.4197 0.8698
vn 0.6724 0.5147 0.5319
vn 0.1597 0.8316 0.5319
vn -0.7060 0.4363 0.5579
vn -0.2477 0.4978 0.8312
vn -0.4226 0.8433 0.3320
vn -0.7060 0.4363 -0.5579
vn -0.8507 0.5257 -0.0000
vn -0.4226 0.8433 -0.3320
vn 0.3355 0.5429 -0.7699
vn -0.2864 0.6158 -0.7340
vn 0.1597 0.8316 -0.5319
vn 0.8945 0.4471 -0.0000
vn 0.6724 0.5147 -0.5319
vn 0.5257 0.8507 -0.0000
vn -0.0002 1.0000 -0.0000
vn -0.8506 0.5258 -0.0000
vn 0.8507 -0.5257 -0.0000
vn -0.8206 -0.5715 -0.0000
vn 0.8206 0.5715 -0.0000
vn -0.1441 -0.9896 -0.0000
vn -0.1951 0.9808 -0.0000
vn -0.1912 0.9615 0.1974
vn -0.0000 0.9803 0.1974
vn -0.3826 0.9239 -0.0000
vn -0.5556 0.8315 -0.0000
vn -0.7071 0.7071 -0.0000
vn -0.8315 0.5556 -0.0000
vn -0.9239 0.3827 -0.0000
vn -0.9808 0.1951 -0.0000
vn -0.9808 -0.1951 -0.0000
vn -0.9239 -0.3827 -0.0000
vn -0.8315 -0.5556 -0.0000
vn -0.7071 -0.7071 -0.0000
vn -0.5556 -0.8315 -0.0000
vn -0.3827 -0.9239 -0.0000
vn -0.1951 -0.9808 -0.0000
vn 0.1951 -0.9808 -0.0000
vn 0.3827 -0.9239 -0.0000
vn 0.5556 -0.8315 -0.0000
vn 0.7071 -0.7071 -0.0000
vn 0.8315 -0.5556 -0.0000
vn 0.9239 -0.3827 -0.0000
vn 0.9808 -0.1951 -0.0000
vn 0.9808 0.1951 -0.0000
vn 0.9239 0.3827 -0.0000
vn 0.8315 0.5556 -0.0000
vn 0.7071 0.7071 -0.0000
vn 0.3826 0.9239 -0.0000
vn 0.1951 0.9808 -0.0000
vn 0.1912 0.9615 0.1974
vn 0.3751 0.9057 0.1974
vn 0.5556 0.8315 -0.0000
vn -0.0000 -0.9793 0.2023
vn 0.1911 -0.9605 0.2023
vn -0.3827 0.9239 -0.0000
vn -0.3748 0.9048 0.2022
vn -0.5441 0.8143 0.2022
vn -0.6925 0.6925 0.2023
vn -0.8143 0.5441 0.2023
vn -0.9048 0.3748 0.2022
vn -0.9605 0.1911 0.2022
vn -0.9793 -0.0000 0.2023
vn -0.9605 -0.1911 0.2023
vn -0.9048 -0.3748 0.2023
vn -0.8143 -0.5441 0.2023
vn -0.6925 -0.6925 0.2022
vn 0.3748 -0.9048 0.2023
vn -0.5441 -0.8143 0.2022
vn -0.1911 -0.9604 0.2026
vn -0.3748 -0.9048 0.2023
vn 0.5441 -0.8143 0.2022
vn 0.6925 -0.6925 0.2022
vn 0.8315 -0.5555 -0.0000
vn 0.8143 -0.5441 0.2023
vn 0.9048 -0.3748 0.2023
vn 0.9605 -0.1911 0.2023
vn 0.9793 -0.0000 0.2023
vn 0.9605 0.1911 0.2022
vn 0.9048 0.3748 0.2023
vn 0.8315 0.5555 -0.0000
vn 0.8143 0.5441 0.2023
vn 0.6925 0.6925 0.2023
vn 0.5441 0.8143 0.2023
vn 0.3827 0.9239 -0.0000
vn 0.3748 0.9048 0.2023
vn 0.1911 0.9605 0.2023
vn -0.0000 0.9793 0.2023
vn -0.1911 0.9605 0.2023
vn -0.0000 -0.9200 0.3918
vn 0.1795 -0.9025 0.3916
vn 0.3521 -0.8501 0.3916
vn 0.5113 -0.7651 0.3915
vn 0.6507 -0.6507 0.3914
vn 0.7651 -0.5112 0.3915
vn 0.8501 -0.3521 0.3915
vn 0.9025 -0.1795 0.3915
vn 0.9201 -0.0000 0.3918
vn 0.9025 0.1795 0.3915
vn 0.8501 0.3521 0.3915
vn 0.7651 0.5112 0.3916
vn 0.6506 0.6507 0.3915
vn 0.5111 0.7650 0.3919
vn 0.3519 0.8500 0.3920
vn 0.1795 0.9025 0.3915
vn -0.0000 0.9202 0.3915
vn -0.1795 0.9025 0.3915
vn -0.3521 0.8502 0.3915
vn -0.5112 0.7651 0.3914
vn -0.6506 0.6507 0.3915
vn -0.7651 0.5112 0.3916
vn -0.8502 0.3521 0.3915
vn -0.9025 0.1795 0.3915
vn -0.9202 -0.0000 0.3915
vn -0.9025 -0.1795 0.3915
vn -0.8501 -0.3521 0.3915
vn -0.7651 -0.5112 0.3915
vn -0.6507 -0.6507 0.3914
vn -0.5113 -0.7651 0.3914
vn -0.3521 -0.8501 0.3915
vn -0.1795 -0.9025 0.3915
vn -0.3521 0.8501 0.3916
vn -0.3751 0.9057 0.1974
vn -0.5112 0.7648 0.3920
vn -0.5447 0.8151 0.1974
vn -0.6506 0.6506 0.3916
vn -0.6932 0.6932 0.1974
vn -0.8151 0.5447 0.1974
vn -0.8501 0.3521 0.3916
vn -0.9057 0.3752 0.1974
vn -0.9615 0.1913 0.1974
vn -0.9803 -0.0000 0.1974
vn -0.9615 -0.1913 0.1974
vn -0.8501 -0.3521 0.3916
vn -0.9057 -0.3752 0.1974
vn -0.8151 -0.5446 0.1974
vn -0.6507 -0.6507 0.3915
vn -0.6932 -0.6932 0.1974
vn -0.5112 -0.7651 0.3916
vn -0.5446 -0.8151 0.1974
vn -0.3521 -0.8502 0.3913
vn -0.3751 -0.9057 0.1975
vn -0.1795 -0.9026 0.3914
vn -0.1912 -0.9615 0.1975
vn -0.0000 -0.9201 0.3917
vn -0.0000 -0.9803 0.1975
vn 0.1795 -0.9026 0.3914
vn 0.1912 -0.9615 0.1975
vn 0.3522 -0.8503 0.3912
vn 0.3751 -0.9057 0.1975
vn 0.5112 -0.7651 0.3916
vn 0.5446 -0.8151 0.1974
vn 0.6507 -0.6507 0.3915
vn 0.6932 -0.6932 0.1974
vn 0.8151 -0.5446 0.1974
vn 0.9057 -0.3751 0.1974
vn 0.9615 -0.1913 0.1974
vn 0.9202 -0.0000 0.3915
vn 0.9803 -0.0000 0.1974
vn 0.9615 0.1913 0.1974
vn 0.8501 0.3521 0.3916
vn 0.9057 0.3751 0.1974
vn 0.8151 0.5446 0.1974
vn 0.6507 0.6506 0.3916
vn 0.6932 0.6932 0.1974
vn 0.5112 0.7650 0.3916
vn 0.5447 0.8151 0.1974
vn 0.3521 0.8501 0.3916
vn -0.0000 0.6963 -0.7177
vn 0.1359 0.6832 -0.7175
vn -0.0000 0.6965 0.7176
vn 0.1359 0.6831 0.7176
vn -0.3869 0.5791 -0.7176
vn -0.2665 0.6434 -0.7176
vn -0.3867 0.5790 -0.7178
vn -0.3869 0.5790 0.7177
vn -0.2665 0.6433 0.7177
vn -0.2664 0.6433 0.7177
vn -0.3867 0.5788 0.7180
vn -0.6832 0.1359 -0.7175
vn -0.6435 0.2665 -0.7175
vn -0.6830 0.1359 0.7176
vn -0.6434 0.2665 0.7176
vn -0.6830 0.1358 0.7176
vn -0.6832 -0.1359 -0.7175
vn -0.6966 -0.0000 -0.7175
vn -0.6828 -0.1359 0.7179
vn -0.6964 -0.0000 0.7177
vn -0.6831 -0.1359 0.7176
vn -0.5791 -0.3869 -0.7175
vn -0.6436 -0.2665 -0.7175
vn -0.5792 -0.3869 -0.7175
vn -0.5790 -0.3869 0.7177
vn -0.6434 -0.2665 0.7176
vn -0.3871 -0.5793 -0.7174
vn -0.4925 -0.4925 -0.7175
vn -0.3868 -0.5790 0.7177
vn -0.4927 -0.4926 0.7173
vn -0.4926 -0.4926 0.7174
vn -0.3871 -0.5792 0.7174
vn -0.1359 -0.6834 -0.7172
vn -0.2665 -0.6434 -0.7177
vn -0.1359 -0.6832 0.7174
vn -0.2666 -0.6435 0.7176
vn -0.2664 -0.6433 0.7178
vn -0.1358 -0.6829 0.7178
vn 0.1359 -0.6830 -0.7176
vn -0.0000 -0.6965 -0.7175
vn -0.0000 -0.6969 -0.7172
vn 0.1358 -0.6829 0.7177
vn -0.0000 -0.6966 0.7175
vn -0.0000 -0.6964 0.7177
vn 0.3872 -0.5794 -0.7172
vn 0.2665 -0.6433 -0.7177
vn 0.3871 -0.5793 -0.7173
vn 0.3869 -0.5790 0.7177
vn 0.2664 -0.6433 0.7178
vn 0.5794 -0.3871 -0.7172
vn 0.4926 -0.4926 -0.7174
vn 0.4928 -0.4929 -0.7171
vn 0.5791 -0.3869 0.7176
vn 0.4925 -0.4925 0.7176
vn 0.4925 -0.4924 0.7176
vn 0.5791 -0.3870 0.7176
vn 0.6832 -0.1359 -0.7175
vn 0.6436 -0.2666 -0.7175
vn 0.6435 -0.2666 -0.7175
vn 0.6830 -0.1359 0.7176
vn 0.6434 -0.2665 0.7176
vn 0.6830 -0.1358 0.7176
vn 0.6832 0.1359 -0.7175
vn 0.6966 -0.0000 -0.7175
vn 0.6830 0.1359 0.7176
vn 0.6964 -0.0000 0.7176
vn 0.6830 0.1358 0.7176
vn 0.5792 0.3870 -0.7175
vn 0.6436 0.2666 -0.7175
vn 0.5791 0.3869 0.7176
vn 0.6434 0.2665 0.7176
vn 0.5790 0.3870 0.7176
vn 0.3870 0.5791 -0.7176
vn 0.4925 0.4923 -0.7177
vn 0.4926 0.4926 -0.7175
vn 0.3869 0.5790 0.7177
vn 0.4925 0.4925 0.7176
vn 0.4925 0.4924 0.7176
vn 0.3871 0.5791 0.7175
vn 0.2666 0.6437 -0.7173
vn 0.2665 0.6434 -0.7177
vn 0.2666 0.6435 0.7175
vn 0.2668 0.6436 0.7173
vn -0.1359 0.6832 -0.7175
vn -0.1359 0.6830 0.7176
vn -0.5791 0.3869 -0.7176
vn -0.4925 0.4925 -0.7175
vn -0.5790 0.3869 0.7177
vn -0.4922 0.4923 0.7179
vn -0.4924 0.4924 0.7177
vn -0.1911 -0.9605 0.2023
vn 0.5441 0.8143 0.2022
vn 0.3748 0.9048 0.2022
vn 0.9048 0.3748 0.2022
vn 0.9605 -0.1911 0.2022
vn 0.9048 -0.3748 0.2022
vn 0.1912 -0.9604 0.2026
vn -0.5441 -0.8143 0.2023
vn -0.8315 -0.5555 -0.0000
vn -0.9793 -0.0000 0.2026
vn -0.9605 0.1911 0.2023
vn -0.9048 0.3748 0.2023
vn -0.8315 0.5555 -0.0000
vn -0.5441 0.8143 0.2023
vn -0.3748 0.9048 0.2023
vn -0.1795 -0.9025 0.3916
vn -0.0000 -0.9202 0.3915
vn -0.3521 -0.8501 0.3916
vn -0.5112 -0.7651 0.3915
vn -0.8501 -0.3522 0.3915
vn -0.9025 0.1795 0.3916
vn -0.8501 0.3522 0.3915
vn -0.7651 0.5112 0.3915
vn -0.5109 0.7651 0.3920
vn -0.3521 0.8501 0.3915
vn 0.3521 0.8502 0.3915
vn 0.5111 0.7651 0.3917
vn 0.7651 0.5112 0.3915
vn 0.5113 -0.7651 0.3914
vn 0.3521 -0.8501 0.3915
vn 0.1795 -0.9025 0.3915
vn 0.5112 0.7651 0.3916
vn 0.5446 0.8151 0.1974
vn 0.6507 0.6506 0.3915
vn 0.8502 -0.3524 0.3911
vn 0.9057 -0.3753 0.1971
vn 0.3521 -0.8503 0.3912
vn 0.3751 -0.9057 0.1974
vn 0.1913 -0.9615 0.1971
vn -0.1795 -0.9024 0.3917
vn -0.3521 -0.8501 0.3917
vn -0.5110 -0.7649 0.3921
vn -0.8500 -0.3520 0.3920
vn -0.9057 -0.3751 0.1974
vn -0.8151 0.5446 0.1974
vn -0.6507 0.6506 0.3916
vn -0.5112 0.7650 0.3916
vn -0.3521 0.8500 0.3919
vn -0.0000 0.6966 -0.7174
vn -0.0000 0.6963 -0.7178
vn -0.1359 0.6831 0.7176
vn 0.3869 0.5791 -0.7176
vn 0.2665 0.6434 -0.7176
vn 0.3868 0.5790 0.7177
vn 0.2664 0.6433 0.7177
vn 0.2665 0.6433 0.7177
vn 0.6831 0.1359 -0.7175
vn 0.6435 0.2665 -0.7175
vn 0.6830 0.1359 0.7177
vn 0.6434 0.2665 0.7177
vn 0.6831 -0.1359 -0.7175
vn 0.6965 -0.0000 -0.7176
vn 0.6830 -0.1359 0.7177
vn 0.6830 -0.1358 0.7177
vn 0.6963 -0.0000 0.7177
vn 0.5792 -0.3870 -0.7175
vn 0.6435 -0.2665 -0.7175
vn 0.6438 -0.2665 -0.7173
vn 0.5790 -0.3869 0.7176
vn 0.6434 -0.2665 0.7177
vn 0.6433 -0.2665 0.7177
vn 0.3871 -0.5791 0.7175
vn 0.4927 -0.4926 0.7174
vn 0.1359 -0.6833 -0.7174
vn 0.1359 -0.6835 -0.7172
vn 0.2665 -0.6434 -0.7177
vn 0.1359 -0.6832 0.7174
vn 0.2666 -0.6435 0.7175
vn -0.1359 -0.6831 -0.7176
vn -0.1358 -0.6829 0.7177
vn -0.3870 -0.5791 -0.7176
vn -0.3871 -0.5793 -0.7173
vn -0.3869 -0.5790 0.7177
vn -0.5794 -0.3871 -0.7172
vn -0.5795 -0.3872 -0.7171
vn -0.4926 -0.4926 -0.7174
vn -0.4927 -0.4928 -0.7172
vn -0.5791 -0.3869 0.7176
vn -0.5791 -0.3870 0.7176
vn -0.4925 -0.4924 0.7176
vn -0.6435 -0.2666 -0.7175
vn -0.6436 -0.2666 -0.7175
vn -0.6830 -0.1359 0.7177
vn -0.6830 -0.1358 0.7177
vn -0.6831 0.1359 -0.7175
vn -0.6965 -0.0000 -0.7175
vn -0.6830 0.1359 0.7177
vn -0.6830 0.1358 0.7177
vn -0.5792 0.3870 -0.7175
vn -0.6436 0.2665 -0.7175
vn -0.5791 0.3869 0.7176
vn -0.3870 0.5791 -0.7176
vn -0.4926 0.4925 -0.7175
vn -0.3868 0.5790 0.7177
vn -0.4924 0.4925 0.7176
vn -0.4923 0.4923 0.7179
vn -0.2666 0.6437 -0.7174
vn -0.2666 0.6438 -0.7173
vn -0.2666 0.6436 0.7175
vn 0.1359 0.6830 0.7177
vn 0.4925 0.4926 -0.7175
vn 0.4924 0.4924 0.7176
vn 0.4921 0.4923 0.7180
vn 0.7974 0.6035 -0.0000
vn 0.9213 -0.3888 -0.0000
vn 0.1239 -0.9923 -0.0000
vn -0.7974 -0.6035 -0.0000
vn -0.9214 0.3887 -0.0000
vn -0.1239 0.9923 -0.0000
vn 0.9353 0.3539 -0.0000
vn 0.7741 -0.6331 -0.0000
vn -0.1612 -0.9869 -0.0000
vn -0.9353 -0.3539 -0.0000
vn -0.7742 0.6330 -0.0000
vn 0.1613 0.9869 -0.0000
vn 0.2018 0.9794 -0.0000
vn 0.9492 0.3148 -0.0000
vn 0.7471 -0.6647 -0.0000
vn -0.2020 -0.9794 -0.0000
vn -0.9491 -0.3148 -0.0000
vn -0.7471 0.6647 -0.0000
vn 0.5397 0.8419 -0.0000
vn 0.9989 -0.0466 -0.0000
vn 0.4591 -0.8884 -0.0000
vn -0.5397 -0.8418 -0.0000
vn -0.9989 0.0464 -0.0000
vn -0.4591 0.8884 -0.0000
vn 0.0627 0.9980 -0.0000
vn 0.8957 0.4446 -0.0000
vn 0.8329 -0.5534 -0.0000
vn -0.0627 -0.9980 -0.0000
vn -0.8957 -0.4446 -0.0000
vn -0.8329 0.5533 -0.0000
vn -0.9213 0.3888 -0.0000
vn -0.7974 0.6035 -0.0000
vn -0.9213 -0.3888 -0.0000
vn -0.1239 -0.9923 -0.0000
vn 0.7974 -0.6035 -0.0000
vn 0.9213 0.3888 -0.0000
vn 0.1239 0.9923 -0.0000
vn -0.9353 0.3539 -0.0000
vn -0.7741 -0.6331 -0.0000
vn 0.1612 -0.9869 -0.0000
vn 0.9353 -0.3539 -0.0000
vn 0.7742 0.6330 -0.0000
vn -0.1613 0.9869 -0.0000
vn -0.2018 0.9794 -0.0000
vn -0.9492 0.3148 -0.0000
vn -0.7471 -0.6647 -0.0000
vn 0.2019 -0.9794 -0.0000
vn 0.9492 -0.3148 -0.0000
vn 0.7472 0.6646 -0.0000
vn -0.5397 0.8419 -0.0000
vn -0.9989 -0.0465 -0.0000
vn -0.4591 -0.8884 -0.0000
vn 0.5397 -0.8418 -0.0000
vn 0.9989 0.0464 -0.0000
vn 0.4591 0.8884 -0.0000
vn -0.0627 0.9980 -0.0000
vn -0.8957 0.4446 -0.0000
vn -0.8329 -0.5534 -0.0000
vn 0.0627 -0.9980 -0.0000
vn 0.8957 -0.4446 -0.0000
vn 0.8329 0.5533 -0.0000
vn -0.7974 0.6034 -0.0000
vt 0.767013 0.482495
vt 0.751327 0.485231
vt 0.751269 0.481860
vt 0.766951 0.478962
vt 0.767043 0.620412
vt 0.751356 0.617663
vt 0.751413 0.614263
vt 0.767104 0.616847
vt 0.524918 0.667539
vt 0.522991 0.664243
vt 0.526922 0.664242
vt 0.528866 0.667538
vt 0.879222 0.521981
vt 0.895032 0.523109
vt 0.895032 0.527062
vt 0.879221 0.526104
vt 0.695227 0.798944
vt 0.697284 0.802427
vt 0.693159 0.802427
vt 0.691081 0.798944
vt 0.767214 0.494169
vt 0.751516 0.496423
vt 0.751386 0.488602
vt 0.767076 0.486028
vt 0.531218 0.788264
vt 0.535296 0.780435
vt 0.539334 0.780434
vt 0.535222 0.788263
vt 0.538985 0.772605
vt 0.543055 0.772604
vt 0.542194 0.764776
vt 0.546295 0.764775
vt 0.544837 0.756947
vt 0.548964 0.756946
vt 0.546827 0.749118
vt 0.550977 0.749117
vt 0.548081 0.741289
vt 0.552247 0.741288
vt 0.548517 0.733460
vt 0.552690 0.733459
vt 0.548081 0.725632
vt 0.552247 0.725631
vt 0.546827 0.717803
vt 0.550977 0.717802
vt 0.544837 0.709975
vt 0.548964 0.709974
vt 0.542194 0.702147
vt 0.546295 0.702146
vt 0.538985 0.694319
vt 0.543055 0.694318
vt 0.535296 0.686491
vt 0.539334 0.686490
vt 0.531218 0.678663
vt 0.535222 0.678662
vt 0.526845 0.670835
vt 0.530810 0.670835
vt 0.872217 0.851615
vt 0.856389 0.853017
vt 0.856389 0.812054
vt 0.872217 0.808894
vt 0.767343 0.502313
vt 0.751637 0.504246
vt 0.767461 0.510459
vt 0.751747 0.512072
vt 0.767564 0.518610
vt 0.751843 0.519902
vt 0.767649 0.526765
vt 0.751922 0.527736
vt 0.767714 0.534925
vt 0.751982 0.535574
vt 0.767756 0.543091
vt 0.752021 0.543419
vt 0.767772 0.551263
vt 0.752035 0.551269
vt 0.767760 0.559443
vt 0.752024 0.559126
vt 0.767721 0.567630
vt 0.751989 0.566990
vt 0.767660 0.575822
vt 0.751932 0.574859
vt 0.767578 0.584020
vt 0.751856 0.582732
vt 0.767478 0.592222
vt 0.751764 0.590610
vt 0.767364 0.600428
vt 0.751658 0.598492
vt 0.767238 0.608636
vt 0.751540 0.606376
vt 0.526845 0.796094
vt 0.530810 0.796093
vt 0.524918 0.799391
vt 0.528866 0.799390
vt 0.688506 0.787259
vt 0.693169 0.795461
vt 0.689002 0.795461
vt 0.684294 0.787259
vt 0.684134 0.779058
vt 0.679880 0.779058
vt 0.680159 0.770856
vt 0.675867 0.770856
vt 0.676687 0.762655
vt 0.672360 0.762655
vt 0.673818 0.754453
vt 0.669460 0.754453
vt 0.671651 0.746251
vt 0.667267 0.746251
vt 0.670282 0.738050
vt 0.665878 0.738050
vt 0.669805 0.729848
vt 0.665393 0.729848
vt 0.670282 0.721646
vt 0.665878 0.721646
vt 0.671651 0.713444
vt 0.667267 0.713444
vt 0.673818 0.705242
vt 0.669460 0.705242
vt 0.676687 0.697040
vt 0.672360 0.697040
vt 0.680159 0.688838
vt 0.675867 0.688838
vt 0.684134 0.680636
vt 0.679880 0.680636
vt 0.688506 0.672434
vt 0.684294 0.672434
vt 0.693169 0.664232
vt 0.689002 0.664232
vt 0.873405 0.856355
vt 0.872169 0.857707
vt 0.872217 0.855709
vt 0.856381 0.858932
vt 0.855136 0.857776
vt 0.856389 0.856943
vt 0.878026 0.526635
vt 0.879262 0.527992
vt 0.896275 0.527737
vt 0.895033 0.528942
vt 0.873405 0.852252
vt 0.481973 0.664251
vt 0.481151 0.662797
vt 0.522359 0.662789
vt 0.878027 0.522504
vt 0.878030 0.479397
vt 0.879225 0.478962
vt 0.522991 0.802688
vt 0.526922 0.802687
vt 0.526308 0.804152
vt 0.522359 0.804153
vt 0.691736 0.802354
vt 0.689621 0.798806
vt 0.528182 0.663867
vt 0.530180 0.667252
vt 0.691081 0.660749
vt 0.687507 0.664434
vt 0.689621 0.660885
vt 0.682826 0.672611
vt 0.678444 0.680787
vt 0.674464 0.688964
vt 0.670988 0.697141
vt 0.668117 0.705317
vt 0.665946 0.713494
vt 0.664572 0.721670
vt 0.664092 0.729847
vt 0.664572 0.738023
vt 0.665946 0.746200
vt 0.668117 0.754376
vt 0.670988 0.762552
vt 0.674464 0.770729
vt 0.678444 0.778905
vt 0.682826 0.787081
vt 0.687507 0.795257
vt 0.532177 0.796301
vt 0.530180 0.799687
vt 0.536602 0.788446
vt 0.540725 0.780591
vt 0.544453 0.772736
vt 0.547697 0.764882
vt 0.550370 0.757027
vt 0.552385 0.749173
vt 0.553658 0.741319
vt 0.554101 0.733464
vt 0.553658 0.725611
vt 0.552385 0.717757
vt 0.550370 0.709903
vt 0.547697 0.702050
vt 0.544453 0.694197
vt 0.540725 0.686343
vt 0.536602 0.678490
vt 0.532177 0.670637
vt 0.695227 0.660749
vt 0.224218 0.856546
vt 0.229840 0.738727
vt 0.271265 0.738730
vt 0.276818 0.856550
vt 0.919718 0.403547
vt 0.955526 0.403554
vt 0.955526 0.444936
vt 0.919718 0.444929
vt 0.784983 0.137287
vt 0.784983 0.019151
vt 0.820673 0.016355
vt 0.820673 0.134491
vt 0.782685 0.288093
vt 0.782640 0.169957
vt 0.818189 0.172669
vt 0.818234 0.290805
vt 0.784950 0.139699
vt 0.782483 0.137418
vt 0.784957 0.016614
vt 0.782488 0.019282
vt 0.224227 0.858969
vt 0.221752 0.856490
vt 0.818040 0.170047
vt 0.820487 0.172703
vt 0.848389 0.373577
vt 0.884198 0.373579
vt 0.884395 0.375912
vt 0.848593 0.375910
vt 0.782483 0.167334
vt 0.820487 0.290815
vt 0.276826 0.858973
vt 0.917037 0.445040
vt 0.917037 0.403658
vt 0.884198 0.321062
vt 0.848389 0.321060
vt 0.848593 0.318450
vt 0.884395 0.318452
vt 0.820656 0.013818
vt 0.850391 0.596884
vt 0.798157 0.596884
vt 0.802982 0.479020
vt 0.844118 0.479020
vt 0.617545 0.901711
vt 0.617545 0.943093
vt 0.581736 0.943086
vt 0.581736 0.901704
vt 0.820754 0.441164
vt 0.785013 0.439102
vt 0.782546 0.320989
vt 0.818286 0.323051
vt 0.619978 0.783548
vt 0.584439 0.786380
vt 0.584439 0.668217
vt 0.619978 0.665385
vt 0.797881 0.599291
vt 0.795407 0.596812
vt 0.818232 0.320513
vt 0.820754 0.323129
vt 0.584181 0.788708
vt 0.581736 0.786434
vt 0.584256 0.665620
vt 0.581787 0.668287
vt 0.517152 0.886925
vt 0.516953 0.889258
vt 0.481151 0.889256
vt 0.481344 0.886923
vt 0.619803 0.662788
vt 0.850116 0.599291
vt 0.620203 0.901823
vt 0.620203 0.943205
vt 0.800754 0.478962
vt 0.481344 0.834406
vt 0.481151 0.831796
vt 0.516953 0.831798
vt 0.517152 0.834408
vt 0.782483 0.318450
vt 0.664385 0.627552
vt 0.683168 0.478967
vt 0.704025 0.478962
vt 0.723366 0.627539
vt 0.013818 0.629911
vt 0.013818 0.481608
vt 0.049350 0.484517
vt 0.074345 0.634867
vt 0.106759 0.634057
vt 0.131605 0.484060
vt 0.166924 0.481608
vt 0.166924 0.629881
vt 0.106069 0.636234
vt 0.104251 0.634223
vt 0.074788 0.637048
vt 0.076616 0.635059
vt 0.166625 0.632030
vt 0.129375 0.484118
vt 0.013866 0.632059
vt 0.051367 0.484600
vt 0.723633 0.629616
vt 0.664092 0.629628
vt 0.827501 0.869927
vt 0.767958 0.869924
vt 0.767958 0.808894
vt 0.827501 0.808897
vt 0.738483 0.660747
vt 0.736642 0.664230
vt 0.481973 0.802696
vt 0.481151 0.804161
vt 0.526308 0.662788
vt 0.873405 0.809445
vt 0.732452 0.672432
vt 0.728515 0.680634
vt 0.724940 0.688836
vt 0.721832 0.697038
vt 0.719290 0.705240
vt 0.717400 0.713442
vt 0.716235 0.721644
vt 0.715840 0.729845
vt 0.716235 0.738047
vt 0.717400 0.746249
vt 0.719290 0.754451
vt 0.721832 0.762652
vt 0.724940 0.770854
vt 0.728515 0.779055
vt 0.732452 0.787257
vt 0.736642 0.795459
vt 0.483721 0.799399
vt 0.485468 0.796102
vt 0.489447 0.788273
vt 0.489447 0.678672
vt 0.485468 0.670844
vt 0.493160 0.686499
vt 0.496511 0.694327
vt 0.499412 0.702155
vt 0.501776 0.709984
vt 0.503529 0.717812
vt 0.504608 0.725640
vt 0.504972 0.733469
vt 0.504608 0.741298
vt 0.503529 0.749127
vt 0.501776 0.756956
vt 0.499412 0.764785
vt 0.496511 0.772614
vt 0.493160 0.780443
vt 0.738483 0.798942
vt 0.740323 0.802425
vt 0.895035 0.481860
vt 0.483721 0.667548
vt 0.528182 0.803073
vt 0.766982 0.623976
vt 0.751299 0.621064
vt 0.740323 0.657263
vt 0.697284 0.657266
vt 0.693159 0.657266
vt 0.691736 0.657337
vt 0.126971 0.024508
vt 0.126766 0.016354
vt 0.140924 0.015956
vt 0.141263 0.024106
vt 0.096375 0.024699
vt 0.096454 0.016544
vt 0.111750 0.016553
vt 0.111814 0.024708
vt 0.154141 0.023518
vt 0.153682 0.015373
vt 0.164547 0.014627
vt 0.165109 0.022766
vt 0.439979 0.021953
vt 0.440476 0.013818
vt 0.452528 0.014007
vt 0.452137 0.022144
vt 0.466293 0.014148
vt 0.466022 0.022286
vt 0.481240 0.014235
vt 0.481101 0.022374
vt 0.496797 0.014265
vt 0.496794 0.022405
vt 0.512365 0.014237
vt 0.512499 0.022376
vt 0.527345 0.014152
vt 0.527611 0.022291
vt 0.541163 0.014013
vt 0.541550 0.022150
vt 0.553287 0.013826
vt 0.553781 0.021961
vt 0.248346 0.021979
vt 0.248861 0.013841
vt 0.260756 0.014127
vt 0.260353 0.022267
vt 0.274298 0.014338
vt 0.274022 0.022480
vt 0.281425 0.022545
vt 0.281632 0.014402
vt 0.288966 0.014467
vt 0.288828 0.022610
vt 0.304196 0.014508
vt 0.304201 0.022652
vt 0.319404 0.014460
vt 0.319552 0.022603
vt 0.326921 0.022535
vt 0.326704 0.014393
vt 0.334004 0.014325
vt 0.334290 0.022467
vt 0.347437 0.014108
vt 0.347848 0.022248
vt 0.359184 0.013818
vt 0.359707 0.021955
vt 0.630440 0.021955
vt 0.630896 0.013818
vt 0.644041 0.014072
vt 0.643701 0.022212
vt 0.658584 0.014261
vt 0.658372 0.022403
vt 0.673966 0.014378
vt 0.673890 0.022521
vt 0.689597 0.014417
vt 0.689658 0.022560
vt 0.704875 0.014378
vt 0.705070 0.022521
vt 0.719213 0.014261
vt 0.719534 0.022403
vt 0.732061 0.014072
vt 0.732494 0.022212
vt 0.742925 0.013818
vt 0.743453 0.021955
vt 0.054211 0.023458
vt 0.054683 0.015313
vt 0.067362 0.015912
vt 0.067009 0.024062
vt 0.081466 0.016327
vt 0.081246 0.024481
vt 0.848661 0.253235
vt 0.848433 0.244048
vt 0.864882 0.244048
vt 0.865109 0.253235
vt 0.328311 0.688469
vt 0.346687 0.688474
vt 0.348674 0.708675
vt 0.326324 0.708670
vt 0.848122 0.210420
vt 0.848154 0.198596
vt 0.864603 0.198596
vt 0.864571 0.210420
vt 0.529032 0.498222
vt 0.518729 0.505207
vt 0.510954 0.495897
vt 0.523249 0.487561
vt 0.848264 0.233577
vt 0.864713 0.233577
vt 0.402990 0.749045
vt 0.403190 0.738726
vt 0.419639 0.738777
vt 0.419439 0.749096
vt 0.402841 0.760498
vt 0.419290 0.760549
vt 0.402749 0.772641
vt 0.419198 0.772692
vt 0.402718 0.784996
vt 0.419167 0.785046
vt 0.402749 0.797072
vt 0.419198 0.797123
vt 0.402841 0.808391
vt 0.419290 0.808442
vt 0.402990 0.818509
vt 0.419439 0.818560
vt 0.403190 0.827038
vt 0.419639 0.827088
vt 0.851537 0.023731
vt 0.852067 0.013818
vt 0.868483 0.013920
vt 0.867953 0.023833
vt 0.851144 0.034723
vt 0.867561 0.034825
vt 0.851024 0.040548
vt 0.867440 0.040651
vt 0.850822 0.058248
vt 0.850903 0.046374
vt 0.867320 0.046476
vt 0.867239 0.058351
vt 0.850903 0.069906
vt 0.867320 0.070009
vt 0.851024 0.075411
vt 0.867440 0.075513
vt 0.851537 0.090862
vt 0.851144 0.080915
vt 0.867561 0.081018
vt 0.867953 0.090964
vt 0.852067 0.099363
vt 0.868483 0.099466
vt 0.370057 0.818193
vt 0.369909 0.827654
vt 0.353457 0.827654
vt 0.353605 0.818193
vt 0.370169 0.807353
vt 0.353716 0.807353
vt 0.370237 0.795554
vt 0.353785 0.795554
vt 0.370261 0.783257
vt 0.353809 0.783257
vt 0.370239 0.770952
vt 0.353787 0.770952
vt 0.370172 0.759126
vt 0.353720 0.759126
vt 0.370063 0.748244
vt 0.353610 0.748244
vt 0.369915 0.738726
vt 0.353463 0.738726
vt 0.848419 0.176638
vt 0.848642 0.167334
vt 0.865090 0.167334
vt 0.864867 0.176638
vt 0.848254 0.187193
vt 0.864703 0.187193
vt 0.848160 0.222226
vt 0.864608 0.222226
vt 0.068601 0.664730
vt 0.080475 0.664683
vt 0.092121 0.667002
vt 0.103108 0.671606
vt 0.113021 0.678332
vt 0.121480 0.686937
vt 0.128150 0.697105
vt 0.132759 0.708451
vt 0.135114 0.720534
vt 0.135114 0.732879
vt 0.132756 0.744997
vt 0.128136 0.756407
vt 0.121445 0.766661
vt 0.112956 0.775364
vt 0.103009 0.782191
vt 0.091994 0.786895
vt 0.086162 0.788103
vt 0.080331 0.789311
vt 0.068456 0.789358
vt 0.056810 0.787039
vt 0.051317 0.784737
vt 0.045824 0.782435
vt 0.035910 0.775709
vt 0.027451 0.767104
vt 0.020782 0.756936
vt 0.016173 0.745590
vt 0.013818 0.733507
vt 0.013818 0.721161
vt 0.016176 0.709044
vt 0.020796 0.697634
vt 0.027487 0.687380
vt 0.035976 0.678677
vt 0.045922 0.671849
vt 0.056938 0.667146
vt 0.588491 0.498495
vt 0.577043 0.493602
vt 0.580682 0.482035
vt 0.594344 0.487874
vt 0.565043 0.620419
vt 0.577155 0.618012
vt 0.580703 0.629608
vt 0.566206 0.632489
vt 0.509944 0.514141
vt 0.500495 0.506534
vt 0.564916 0.491086
vt 0.566183 0.479027
vt 0.582866 0.615621
vt 0.588577 0.613230
vt 0.594360 0.623890
vt 0.587531 0.626749
vt 0.503020 0.524692
vt 0.492273 0.519063
vt 0.552567 0.491032
vt 0.551403 0.478962
vt 0.598880 0.606244
vt 0.606655 0.615554
vt 0.498239 0.536460
vt 0.486608 0.533006
vt 0.607666 0.597310
vt 0.617115 0.604918
vt 0.495797 0.548989
vt 0.483720 0.547825
vt 0.614589 0.586759
vt 0.625336 0.592388
vt 0.495797 0.561788
vt 0.483720 0.562950
vt 0.619370 0.574991
vt 0.631001 0.578445
vt 0.498242 0.574352
vt 0.486609 0.577797
vt 0.621813 0.562462
vt 0.633890 0.563626
vt 0.503034 0.586185
vt 0.492276 0.591793
vt 0.621812 0.549663
vt 0.633890 0.548501
vt 0.509975 0.596824
vt 0.500501 0.604399
vt 0.619367 0.537100
vt 0.631000 0.533655
vt 0.518788 0.605862
vt 0.510966 0.615131
vt 0.614576 0.525267
vt 0.625333 0.519659
vt 0.529119 0.612957
vt 0.523266 0.623578
vt 0.607634 0.514627
vt 0.617108 0.507052
vt 0.540567 0.617849
vt 0.536927 0.629416
vt 0.540455 0.493440
vt 0.536907 0.481844
vt 0.598822 0.505590
vt 0.606644 0.496320
vt 0.546630 0.619107
vt 0.552693 0.620365
vt 0.551426 0.632425
vt 0.544177 0.630920
vt 0.111515 0.014036
vt 0.126024 0.013844
vt 0.522022 0.485409
vt 0.536154 0.479494
vt 0.509303 0.494031
vt 0.498487 0.505028
vt 0.489989 0.517977
vt 0.484136 0.532381
vt 0.481151 0.547686
vt 0.481151 0.563304
vt 0.484136 0.578635
vt 0.489989 0.593090
vt 0.498487 0.606113
vt 0.509303 0.617204
vt 0.522022 0.625936
vt 0.536154 0.631974
vt 0.543655 0.633530
vt 0.566453 0.635153
vt 0.551156 0.635086
vt 0.581455 0.632171
vt 0.588521 0.629213
vt 0.608305 0.617634
vt 0.595587 0.626256
vt 0.619121 0.606637
vt 0.627620 0.593688
vt 0.633473 0.579284
vt 0.636457 0.563979
vt 0.636457 0.548361
vt 0.633473 0.533030
vt 0.627620 0.518575
vt 0.619121 0.505552
vt 0.608305 0.494461
vt 0.595587 0.485729
vt 0.581455 0.479691
vt 0.082250 0.013818
vt 0.096735 0.014027
vt 0.552794 0.493495
vt 0.541147 0.495810
vt 0.530160 0.500410
vt 0.520247 0.507131
vt 0.511787 0.515733
vt 0.505118 0.525898
vt 0.500509 0.537241
vt 0.400331 0.772458
vt 0.400427 0.759865
vt 0.400299 0.785267
vt 0.400331 0.797787
vt 0.500512 0.573786
vt 0.505133 0.585197
vt 0.511824 0.595453
vt 0.520314 0.604160
vt 0.530261 0.610991
vt 0.848643 0.033987
vt 0.849051 0.022563
vt 0.848518 0.040043
vt 0.848308 0.058449
vt 0.848393 0.046100
vt 0.848393 0.070573
vt 0.848518 0.076296
vt 0.587449 0.611256
vt 0.597362 0.604535
vt 0.605821 0.595933
vt 0.612491 0.585768
vt 0.617100 0.574424
vt 0.619455 0.562342
vt 0.372664 0.783266
vt 0.372639 0.796014
vt 0.372641 0.770508
vt 0.617096 0.537879
vt 0.612476 0.526468
vt 0.605785 0.516212
vt 0.597295 0.507506
vt 0.587348 0.500675
vt 0.576332 0.495967
vt 0.564669 0.493547
vt 0.244210 0.604216
vt 0.244210 0.585812
vt 0.247795 0.567761
vt 0.254828 0.550759
vt 0.265037 0.535459
vt 0.278031 0.522448
vt 0.293310 0.512227
vt 0.310288 0.505188
vt 0.328311 0.501602
vt 0.346687 0.501607
vt 0.364710 0.505202
vt 0.381688 0.512250
vt 0.396967 0.522479
vt 0.409961 0.535496
vt 0.420170 0.550802
vt 0.423686 0.559305
vt 0.427203 0.567807
vt 0.430788 0.585859
vt 0.430788 0.604264
vt 0.428995 0.613289
vt 0.427203 0.622314
vt 0.420170 0.639316
vt 0.409961 0.654617
vt 0.396967 0.667628
vt 0.381688 0.677849
vt 0.364710 0.684888
vt 0.310288 0.684874
vt 0.293310 0.677826
vt 0.278031 0.667597
vt 0.265037 0.654580
vt 0.254828 0.639274
vt 0.247795 0.622269
vt 0.391242 0.494350
vt 0.409824 0.506791
vt 0.304404 0.704297
vt 0.425628 0.522623
vt 0.283756 0.695726
vt 0.438045 0.541237
vt 0.265173 0.683285
vt 0.259775 0.442929
vt 0.269904 0.444301
vt 0.270520 0.451172
vt 0.259775 0.451079
vt 0.228400 0.628156
vt 0.224040 0.606201
vt 0.249370 0.667453
vt 0.188732 0.833515
vt 0.186492 0.856281
vt 0.162749 0.856538
vt 0.162749 0.833525
vt 0.228400 0.561864
vt 0.236953 0.541186
vt 0.236953 0.648838
vt 0.446597 0.561920
vt 0.450957 0.583875
vt 0.249370 0.522578
vt 0.183176 0.799804
vt 0.186492 0.810750
vt 0.162749 0.810513
vt 0.162749 0.799469
vt 0.265173 0.506754
vt 0.323933 0.790747
vt 0.324978 0.845462
vt 0.304461 0.844970
vt 0.308575 0.790718
vt 0.283756 0.494323
vt 0.115118 0.445839
vt 0.137571 0.445545
vt 0.137571 0.453680
vt 0.115118 0.453973
vt 0.448777 0.617235
vt 0.446597 0.628212
vt 0.304404 0.485762
vt 0.425628 0.667498
vt 0.409825 0.683322
vt 0.326324 0.481400
vt 0.391242 0.695753
vt 0.348674 0.481406
vt 0.370594 0.704314
vt 0.370593 0.485779
vt 0.092256 0.445828
vt 0.092256 0.453963
vt 0.158751 0.444960
vt 0.158751 0.453094
vt 0.177844 0.444105
vt 0.177844 0.452239
vt 0.194117 0.443012
vt 0.194117 0.451147
vt 0.414315 0.442046
vt 0.431934 0.442329
vt 0.431934 0.450480
vt 0.414315 0.450197
vt 0.452056 0.442540
vt 0.452056 0.450691
vt 0.473909 0.442670
vt 0.473909 0.450822
vt 0.496653 0.442715
vt 0.496653 0.450867
vt 0.519414 0.442673
vt 0.519414 0.450825
vt 0.541316 0.442546
vt 0.541316 0.450698
vt 0.561519 0.442338
vt 0.561519 0.450490
vt 0.579246 0.442058
vt 0.579246 0.450209
vt 0.221752 0.442204
vt 0.239533 0.442621
vt 0.239533 0.450771
vt 0.221752 0.450354
vt 0.442321 0.551579
vt 0.304470 0.444466
vt 0.327205 0.444396
vt 0.327205 0.451257
vt 0.304470 0.451327
vt 0.450957 0.606259
vt 0.338951 0.444286
vt 0.338336 0.451157
vt 0.349033 0.442910
vt 0.369115 0.442593
vt 0.369115 0.450743
vt 0.349033 0.451060
vt 0.386680 0.442168
vt 0.386680 0.450318
vt 0.606906 0.442167
vt 0.626161 0.442548
vt 0.626136 0.450698
vt 0.606881 0.450318
vt 0.647451 0.442831
vt 0.647426 0.450981
vt 0.669957 0.443005
vt 0.669932 0.451156
vt 0.692815 0.443064
vt 0.692790 0.451214
vt 0.715146 0.443005
vt 0.715121 0.451155
vt 0.736092 0.442831
vt 0.736067 0.450981
vt 0.754848 0.442548
vt 0.754823 0.450698
vt 0.013818 0.442931
vt 0.029876 0.444038
vt 0.029876 0.452172
vt 0.013818 0.451065
vt 0.048800 0.444910
vt 0.048800 0.453044
vt 0.069863 0.445515
vt 0.069863 0.453649
vt 0.224040 0.583817
vt 0.114191 0.329702
vt 0.113985 0.301339
vt 0.133934 0.301078
vt 0.134595 0.327353
vt 0.153841 0.326819
vt 0.152750 0.300555
vt 0.169711 0.299792
vt 0.171190 0.326039
vt 0.073059 0.327323
vt 0.073769 0.301048
vt 0.093669 0.301329
vt 0.093412 0.327610
vt 0.053912 0.326771
vt 0.055048 0.300507
vt 0.036707 0.325974
vt 0.038226 0.299727
vt 0.022106 0.324963
vt 0.023949 0.298737
vt 0.731444 0.324809
vt 0.730411 0.298572
vt 0.747178 0.298321
vt 0.748573 0.324552
vt 0.712318 0.324968
vt 0.711689 0.298727
vt 0.691929 0.325021
vt 0.691732 0.298779
vt 0.671061 0.324968
vt 0.671307 0.298727
vt 0.650517 0.324809
vt 0.651198 0.298572
vt 0.631085 0.324552
vt 0.632180 0.298321
vt 0.613512 0.324206
vt 0.614981 0.297983
vt 0.363145 0.324595
vt 0.361818 0.298363
vt 0.377425 0.297983
vt 0.379108 0.324207
vt 0.344894 0.324885
vt 0.343974 0.298646
vt 0.336151 0.352196
vt 0.337905 0.333404
vt 0.339659 0.314612
vt 0.345929 0.354391
vt 0.875884 0.682275
vt 0.876497 0.676073
vt 0.891831 0.676082
vt 0.891831 0.682276
vt 0.876497 0.688478
vt 0.891831 0.688470
vt 0.262774 0.354409
vt 0.263774 0.324902
vt 0.269020 0.314628
vt 0.270799 0.333419
vt 0.272579 0.352210
vt 0.245377 0.324620
vt 0.246677 0.298388
vt 0.264663 0.298664
vt 0.229218 0.324239
vt 0.230877 0.298015
vt 0.555913 0.324384
vt 0.554667 0.298162
vt 0.570508 0.297913
vt 0.572097 0.324129
vt 0.537469 0.324573
vt 0.536614 0.298347
vt 0.517473 0.324689
vt 0.517041 0.298460
vt 0.496693 0.324727
vt 0.496702 0.298497
vt 0.475928 0.324686
vt 0.476377 0.298457
vt 0.455977 0.324567
vt 0.456848 0.298341
vt 0.437605 0.324376
vt 0.438866 0.298154
vt 0.421519 0.324118
vt 0.423121 0.297902
vt 0.184164 0.298816
vt 0.185974 0.325042
vt 0.112538 0.116919
vt 0.129292 0.116698
vt 0.145092 0.116256
vt 0.159331 0.115609
vt 0.078753 0.116670
vt 0.095473 0.116909
vt 0.063022 0.116210
vt 0.048883 0.115548
vt 0.737389 0.114248
vt 0.749417 0.113964
vt 0.723160 0.114459
vt 0.707276 0.114589
vt 0.690349 0.114633
vt 0.673029 0.114589
vt 0.655981 0.114459
vt 0.639861 0.114248
vt 0.625287 0.113964
vt 0.352505 0.114287
vt 0.365613 0.113965
vt 0.337518 0.114527
vt 0.329373 0.114602
vt 0.304260 0.114730
vt 0.321228 0.114677
vt 0.287267 0.114684
vt 0.279085 0.114613
vt 0.255794 0.114307
vt 0.270902 0.114541
vt 0.242523 0.113991
vt 0.545922 0.114154
vt 0.559356 0.113945
vt 0.530612 0.114309
vt 0.514013 0.114404
vt 0.496763 0.114435
vt 0.479526 0.114402
vt 0.462964 0.114304
vt 0.447713 0.114147
vt 0.434360 0.113936
vt 0.171461 0.114782
vt 0.131613 0.208888
vt 0.148921 0.208405
vt 0.094571 0.209119
vt 0.113261 0.209129
vt 0.164521 0.207700
vt 0.177812 0.206799
vt 0.428740 0.205919
vt 0.443290 0.206150
vt 0.459906 0.206323
vt 0.477952 0.206429
vt 0.496733 0.206466
vt 0.515527 0.206432
vt 0.533613 0.206328
vt 0.550295 0.206158
vt 0.564932 0.205929
vt 0.236700 0.206003
vt 0.251235 0.206348
vt 0.267783 0.206602
vt 0.274405 0.298748
vt 0.276745 0.206680
vt 0.285707 0.206758
vt 0.298308 0.298869
vt 0.304319 0.206807
vt 0.304378 0.298885
vt 0.322903 0.206750
vt 0.310438 0.298867
vt 0.334277 0.298735
vt 0.331825 0.206668
vt 0.340746 0.206587
vt 0.357162 0.206325
vt 0.371519 0.205974
vt 0.620134 0.205974
vt 0.636020 0.206285
vt 0.653590 0.206516
vt 0.672168 0.206658
vt 0.691041 0.206706
vt 0.709483 0.206658
vt 0.726785 0.206516
vt 0.742283 0.206285
vt 0.030414 0.206722
vt 0.043554 0.207637
vt 0.036880 0.114708
vt 0.059035 0.208359
vt 0.076261 0.208859
vt 0.135339 0.356901
vt 0.155069 0.356354
vt 0.093123 0.357165
vt 0.114423 0.358736
vt 0.172854 0.355555
vt 0.188010 0.354535
vt 0.419718 0.353600
vt 0.436187 0.353864
vt 0.454997 0.354060
vt 0.475424 0.354182
vt 0.496683 0.354224
vt 0.517958 0.354185
vt 0.538431 0.354066
vt 0.557315 0.353873
vt 0.573884 0.353611
vt 0.227351 0.353731
vt 0.243916 0.354120
vt 0.283865 0.315544
vt 0.274263 0.304353
vt 0.298250 0.312401
vt 0.304386 0.312417
vt 0.877221 0.672311
vt 0.891868 0.672396
vt 0.364638 0.354094
vt 0.381001 0.353697
vt 0.611861 0.353697
vt 0.629854 0.354051
vt 0.649750 0.354315
vt 0.670785 0.354477
vt 0.692151 0.354532
vt 0.713025 0.354477
vt 0.732606 0.354315
vt 0.750142 0.354051
vt 0.020034 0.354455
vt 0.034999 0.355490
vt 0.052634 0.356305
vt 0.072260 0.356871
vt 0.438045 0.648890
vt 0.877221 0.692241
vt 0.891868 0.692156
vt 0.848644 0.082019
vt 0.310512 0.312398
vt 0.322804 0.329218
vt 0.315299 0.326731
vt 0.324863 0.315536
vt 0.281702 0.444406
vt 0.281702 0.451267
vt 0.164317 0.716703
vt 0.164698 0.687249
vt 0.177189 0.687326
vt 0.179549 0.716501
vt 0.334426 0.304340
vt 0.323370 0.761301
vt 0.310789 0.761522
vt 0.311839 0.747616
vt 0.324057 0.747424
vt 0.892017 0.700116
vt 0.878683 0.700186
vt 0.892355 0.706962
vt 0.879875 0.707008
vt 0.176136 0.669172
vt 0.163868 0.669152
vt 0.163649 0.664930
vt 0.176051 0.664917
vt 0.164086 0.673374
vt 0.176221 0.673427
vt 0.878683 0.664370
vt 0.892017 0.664441
vt 0.879875 0.657559
vt 0.892355 0.657607
vt 0.276040 0.340377
vt 0.273440 0.345150
vt 0.324504 0.743205
vt 0.312153 0.743365
vt 0.312467 0.739114
vt 0.324951 0.738985
vt 0.183176 0.867229
vt 0.187429 0.856273
vt 0.184060 0.867459
vt 0.270485 0.443406
vt 0.281695 0.443501
vt 0.189668 0.833517
vt 0.304467 0.443560
vt 0.187429 0.810761
vt 0.327206 0.443491
vt 0.298192 0.325933
vt 0.304394 0.325949
vt 0.304391 0.326858
vt 0.298186 0.326843
vt 0.875583 0.688476
vt 0.874971 0.682275
vt 0.310586 0.325930
vt 0.310588 0.326840
vt 0.875583 0.676074
vt 0.184060 0.799576
vt 0.338366 0.443392
vt 0.324918 0.747447
vt 0.324263 0.759315
vt 0.335706 0.356959
vt 0.334195 0.345042
vt 0.335291 0.345137
vt 0.325822 0.738727
vt 0.325370 0.743087
vt 0.331790 0.340619
vt 0.329385 0.336196
vt 0.330093 0.335593
vt 0.332692 0.340365
vt 0.877797 0.664214
vt 0.879011 0.657263
vt 0.322435 0.330115
vt 0.876356 0.672029
vt 0.314628 0.327527
vt 0.877797 0.700342
vt 0.876356 0.692523
vt 0.294135 0.327532
vt 0.286308 0.330122
vt 0.285943 0.329226
vt 0.293467 0.326736
vt 0.879011 0.707304
vt 0.279346 0.336206
vt 0.278641 0.335604
vt 0.163180 0.673408
vt 0.162964 0.669045
vt 0.276939 0.340631
vt 0.274532 0.345055
vt 0.163771 0.685274
vt 0.273025 0.356973
vt 0.324809 0.789592
vt 0.336637 0.387200
vt 0.337130 0.384416
vt 0.163609 0.771435
vt 0.162749 0.771834
vt 0.163413 0.715559
vt 0.272136 0.387214
vt 0.271643 0.384430
vt 0.162749 0.867582
vt 0.114655 0.387770
vt 0.136083 0.386449
vt 0.156296 0.385889
vt 0.174517 0.385072
vt 0.071461 0.386419
vt 0.092834 0.386719
vt 0.051356 0.385840
vt 0.033291 0.385006
vt 0.017962 0.383947
vt 0.733768 0.383820
vt 0.751711 0.383550
vt 0.713732 0.383986
vt 0.692372 0.384043
vt 0.670509 0.383986
vt 0.648984 0.383820
vt 0.628623 0.383550
vt 0.610209 0.383187
vt 0.366130 0.383594
vt 0.382894 0.383188
vt 0.346964 0.383897
vt 0.242455 0.383621
vt 0.261775 0.383916
vt 0.225485 0.383222
vt 0.558716 0.383361
vt 0.575672 0.383093
vt 0.539393 0.383560
vt 0.518443 0.383681
vt 0.496673 0.383721
vt 0.474919 0.383678
vt 0.454017 0.383553
vt 0.434769 0.383352
vt 0.417917 0.383082
vt 0.190046 0.384027
vt 0.325822 0.845850
vt 0.183934 0.770711
vt 0.162749 0.664683
vt 0.221752 0.606428
vt 0.221752 0.583566
vt 0.226206 0.561144
vt 0.234941 0.540025
vt 0.247623 0.521019
vt 0.263764 0.504857
vt 0.282744 0.492160
vt 0.303833 0.483417
vt 0.326221 0.478962
vt 0.349048 0.478968
vt 0.371436 0.483434
vt 0.392525 0.492188
vt 0.411505 0.504895
vt 0.427646 0.521065
vt 0.440328 0.540077
vt 0.444626 0.550428
vt 0.449063 0.561201
vt 0.453516 0.583625
vt 0.453516 0.606488
vt 0.451263 0.617920
vt 0.449063 0.628909
vt 0.440328 0.650029
vt 0.427646 0.669035
vt 0.411505 0.685197
vt 0.392525 0.697893
vt 0.371436 0.706637
vt 0.349048 0.711092
vt 0.326221 0.711086
vt 0.303833 0.706620
vt 0.282744 0.697865
vt 0.263764 0.685159
vt 0.247623 0.668989
vt 0.234941 0.649976
vt 0.226206 0.628852
vt 0.834465 0.781247
vt 0.814865 0.657263
vt 0.819161 0.657968
vt 0.828434 0.660835
vt 0.836405 0.667281
vt 0.841860 0.676513
vt 0.843969 0.691495
vt 0.847336 0.781240
vt 0.780829 0.781259
vt 0.800429 0.657267
vt 0.807647 0.657265
vt 0.807647 0.781251
vt 0.767958 0.781258
vt 0.771325 0.691511
vt 0.773434 0.676528
vt 0.778889 0.667293
vt 0.786860 0.660844
vt 0.796133 0.657973
vt 0.858707 0.940093
vt 0.856921 0.938762
vt 0.859390 0.937961
vt 0.947469 0.777715
vt 0.945840 0.778692
vt 0.945393 0.776883
vt 0.860916 0.940058
vt 0.859390 0.942155
vt 0.856921 0.941354
vt 0.947628 0.775649
vt 0.947815 0.740358
vt 0.945563 0.740766
vt 0.946592 0.738543
vt 0.947989 0.172818
vt 0.945958 0.171947
vt 0.947885 0.170568
vt 0.985520 0.689810
vt 0.983779 0.690500
vt 0.983779 0.688315
vt 0.552420 0.984316
vt 0.552376 0.986182
vt 0.550572 0.984316
vt 0.949456 0.776694
vt 0.949052 0.738429
vt 0.950090 0.171903
vt 0.048852 0.952872
vt 0.046586 0.952712
vt 0.046586 0.946819
vt 0.048852 0.946979
vt 0.943667 0.775468
vt 0.943605 0.773237
vt 0.945393 0.774328
vt 0.848646 0.289447
vt 0.848122 0.287228
vt 0.849949 0.288481
vt 0.852844 0.290815
vt 0.850590 0.290627
vt 0.852417 0.289285
vt 0.951757 0.170689
vt 0.950100 0.169316
vt 0.951757 0.168670
vt 0.797089 0.626926
vt 0.797089 0.629221
vt 0.795407 0.627786
vt 0.947469 0.773368
vt 0.945840 0.772003
vt 0.948351 0.771887
vt 0.849949 0.285887
vt 0.852417 0.285088
vt 0.851754 0.287164
vt 0.850590 0.283835
vt 0.852844 0.283674
vt 0.853942 0.287188
vt 0.854582 0.285136
vt 0.985377 0.658085
vt 0.983779 0.659372
vt 0.983850 0.657263
vt 0.854582 0.289334
vt 0.948006 0.168417
vt 0.949553 0.167334
vt 0.947607 0.736273
vt 0.945358 0.736691
vt 0.945761 0.734939
vt 0.949456 0.774140
vt 0.275165 0.933331
vt 0.275165 0.931075
vt 0.276720 0.931619
vt 0.948201 0.241350
vt 0.945958 0.241504
vt 0.945958 0.235647
vt 0.948201 0.235493
vt 0.948139 0.207839
vt 0.945958 0.207844
vt 0.945958 0.201946
vt 0.948140 0.201940
vt 0.985377 0.660680
vt 0.949543 0.736497
vt 0.944118 0.738611
vt 0.943605 0.736383
vt 0.950044 0.241336
vt 0.950044 0.235479
vt 0.950043 0.207669
vt 0.950043 0.201770
vt 0.369998 0.948124
vt 0.372263 0.948280
vt 0.372263 0.954169
vt 0.369998 0.954013
vt 0.951741 0.172856
vt 0.949525 0.174108
vt 0.945968 0.169360
vt 0.949543 0.740582
vt 0.943607 0.740474
vt 0.857605 0.943374
vt 0.855670 0.942168
vt 0.824724 0.626926
vt 0.826230 0.627533
vt 0.824724 0.629218
vt 0.861599 0.942078
vt 0.859870 0.943530
vt 0.946972 0.174135
vt 0.861599 0.937885
vt 0.859870 0.936396
vt 0.943605 0.777371
vt 0.855136 0.939981
vt 0.947387 0.742026
vt 0.857605 0.936589
vt 0.855670 0.937758
vt 0.919990 0.677732
vt 0.920015 0.672077
vt 0.921564 0.672076
vt 0.921539 0.677732
vt 0.104691 0.901284
vt 0.110124 0.901359
vt 0.110124 0.944081
vt 0.104691 0.944005
vt 0.115125 0.901482
vt 0.115125 0.944203
vt 0.119504 0.901646
vt 0.119504 0.944367
vt 0.767958 0.898497
vt 0.772446 0.898087
vt 0.772446 0.940555
vt 0.767958 0.940966
vt 0.777529 0.897787
vt 0.777529 0.940256
vt 0.783011 0.897610
vt 0.783011 0.940078
vt 0.788681 0.897562
vt 0.788681 0.940030
vt 0.794322 0.897645
vt 0.794322 0.940113
vt 0.799717 0.897856
vt 0.799717 0.940324
vt 0.804659 0.898186
vt 0.804659 0.940655
vt 0.808958 0.898624
vt 0.808958 0.941092
vt 0.889402 0.450468
vt 0.885004 0.450670
vt 0.885004 0.407972
vt 0.889402 0.407770
vt 0.879988 0.450820
vt 0.879988 0.408122
vt 0.874546 0.450912
vt 0.874546 0.408214
vt 0.868888 0.450943
vt 0.868888 0.408245
vt 0.863230 0.450911
vt 0.863230 0.408213
vt 0.857792 0.450818
vt 0.857792 0.408121
vt 0.852780 0.450668
vt 0.852780 0.407970
vt 0.848389 0.450466
vt 0.848389 0.407768
vt 0.878030 0.556608
vt 0.882353 0.556595
vt 0.882350 0.599360
vt 0.878027 0.599373
vt 0.887314 0.556585
vt 0.887311 0.599350
vt 0.892722 0.556579
vt 0.892719 0.599344
vt 0.898368 0.556577
vt 0.898364 0.599341
vt 0.904035 0.556579
vt 0.904032 0.599344
vt 0.909506 0.556585
vt 0.909503 0.599350
vt 0.914572 0.556595
vt 0.914568 0.599360
vt 0.919035 0.556608
vt 0.919032 0.599373
vt 0.920089 0.688840
vt 0.920015 0.683392
vt 0.921564 0.683392
vt 0.921639 0.688840
vt 0.082902 0.901475
vt 0.087928 0.901355
vt 0.087928 0.944076
vt 0.082902 0.944196
vt 0.912341 0.060765
vt 0.908919 0.060746
vt 0.908917 0.015281
vt 0.912339 0.015300
vt 0.093375 0.901281
vt 0.099036 0.901257
vt 0.099036 0.943978
vt 0.093375 0.944002
vt 0.904069 0.808993
vt 0.907095 0.809066
vt 0.907104 0.854556
vt 0.904079 0.854482
vt 0.709701 0.853124
vt 0.708344 0.849847
vt 0.717475 0.844965
vt 0.719609 0.850118
vt 0.901421 0.808894
vt 0.901430 0.854384
vt 0.710392 0.856603
vt 0.720696 0.855588
vt 0.895980 0.289341
vt 0.893266 0.289598
vt 0.893127 0.244378
vt 0.895841 0.244121
vt 0.710392 0.860150
vt 0.720696 0.861165
vt 0.899054 0.289150
vt 0.898915 0.243930
vt 0.709700 0.863629
vt 0.719608 0.866636
vt 0.902370 0.289033
vt 0.902231 0.243813
vt 0.708344 0.866906
vt 0.717474 0.871789
vt 0.905800 0.288993
vt 0.905661 0.243773
vt 0.706374 0.869855
vt 0.714377 0.876426
vt 0.909213 0.289033
vt 0.909074 0.243813
vt 0.703867 0.872363
vt 0.710435 0.880370
vt 0.912477 0.289150
vt 0.912338 0.243930
vt 0.700919 0.874334
vt 0.705799 0.883469
vt 0.915467 0.289341
vt 0.915328 0.244121
vt 0.697643 0.875691
vt 0.700648 0.885603
vt 0.918069 0.289598
vt 0.917929 0.244378
vt 0.915632 0.060821
vt 0.915629 0.015356
vt 0.694166 0.876383
vt 0.695181 0.886691
vt 0.899170 0.060911
vt 0.896509 0.061034
vt 0.896507 0.015569
vt 0.899167 0.015446
vt 0.905496 0.060765
vt 0.905494 0.015300
vt 0.690621 0.876383
vt 0.689606 0.886691
vt 0.902204 0.060821
vt 0.902202 0.015356
vt 0.921320 0.061034
vt 0.918663 0.060911
vt 0.918661 0.015446
vt 0.921317 0.015569
vt 0.687144 0.875691
vt 0.684138 0.885603
vt 0.244327 0.886616
vt 0.246943 0.886608
vt 0.246939 0.932144
vt 0.244324 0.932152
vt 0.683868 0.874333
vt 0.678987 0.883468
vt 0.241326 0.886622
vt 0.241323 0.932158
vt 0.680921 0.872363
vt 0.674352 0.880370
vt 0.238055 0.886626
vt 0.238052 0.932162
vt 0.678414 0.869855
vt 0.670410 0.876426
vt 0.676445 0.849847
vt 0.675088 0.853124
vt 0.665180 0.850118
vt 0.667314 0.844965
vt 0.234640 0.886627
vt 0.234636 0.932163
vt 0.676444 0.866906
vt 0.667313 0.871788
vt 0.678415 0.846898
vt 0.670412 0.840327
vt 0.231211 0.886626
vt 0.231208 0.932162
vt 0.675088 0.863629
vt 0.665180 0.866636
vt 0.680922 0.844390
vt 0.674354 0.836383
vt 0.227901 0.886622
vt 0.227898 0.932158
vt 0.674396 0.860150
vt 0.664092 0.861165
vt 0.683870 0.842420
vt 0.678989 0.833285
vt 0.224837 0.886616
vt 0.224834 0.932152
vt 0.674396 0.856603
vt 0.664093 0.855588
vt 0.687145 0.841062
vt 0.684140 0.831150
vt 0.222137 0.886608
vt 0.222134 0.932144
vt 0.690622 0.840370
vt 0.689608 0.830062
vt 0.923563 0.808993
vt 0.926231 0.808894
vt 0.926240 0.854384
vt 0.923572 0.854482
vt 0.694168 0.840370
vt 0.695183 0.830062
vt 0.920522 0.809066
vt 0.920532 0.854556
vt 0.697645 0.841062
vt 0.700651 0.831150
vt 0.917227 0.809111
vt 0.917236 0.854601
vt 0.700920 0.842420
vt 0.705801 0.833285
vt 0.913803 0.809126
vt 0.913812 0.854616
vt 0.703868 0.844390
vt 0.710436 0.836383
vt 0.910382 0.809111
vt 0.910391 0.854601
vt 0.706375 0.846898
vt 0.714378 0.840327
vt 0.908917 0.013818
vt 0.912447 0.013837
vt 0.915840 0.013895
vt 0.918967 0.013988
vt 0.921706 0.014114
vt 0.247335 0.933580
vt 0.244638 0.933589
vt 0.241543 0.933595
vt 0.238169 0.933599
vt 0.234647 0.933600
vt 0.231111 0.933599
vt 0.227697 0.933595
vt 0.224537 0.933589
vt 0.221752 0.933580
vt 0.926627 0.855835
vt 0.923876 0.855936
vt 0.920740 0.856012
vt 0.917341 0.856059
vt 0.913810 0.856074
vt 0.910282 0.856059
vt 0.906892 0.856012
vt 0.903772 0.855936
vt 0.901040 0.855835
vt 0.892744 0.242907
vt 0.895543 0.242642
vt 0.898713 0.242446
vt 0.902133 0.242325
vt 0.905671 0.242284
vt 0.909190 0.242325
vt 0.912557 0.242446
vt 0.915640 0.242642
vt 0.918323 0.242907
vt 0.896119 0.014114
vt 0.898862 0.013988
vt 0.901992 0.013895
vt 0.905387 0.013837
vt 0.923022 0.672186
vt 0.922997 0.677734
vt 0.923095 0.666856
vt 0.921639 0.666644
vt 0.923214 0.661949
vt 0.921760 0.661642
vt 0.923374 0.657653
vt 0.921924 0.657263
vt 0.447690 0.743516
vt 0.447274 0.739114
vt 0.448745 0.738731
vt 0.449169 0.743218
vt 0.448000 0.748501
vt 0.449484 0.748299
vt 0.448190 0.753878
vt 0.449678 0.753781
vt 0.448254 0.759441
vt 0.449744 0.759451
vt 0.448190 0.764976
vt 0.449678 0.765092
vt 0.448000 0.770269
vt 0.449484 0.770488
vt 0.447690 0.775118
vt 0.449169 0.775431
vt 0.447274 0.779337
vt 0.448745 0.779731
vt 0.884699 0.403747
vt 0.889014 0.403549
vt 0.889402 0.405003
vt 0.885004 0.405205
vt 0.879778 0.403894
vt 0.879988 0.405355
vt 0.874439 0.403984
vt 0.874546 0.405447
vt 0.868888 0.404014
vt 0.868888 0.405478
vt 0.863338 0.403984
vt 0.863230 0.405446
vt 0.858002 0.403893
vt 0.857792 0.405354
vt 0.853086 0.403745
vt 0.852780 0.405203
vt 0.848778 0.403547
vt 0.848389 0.405001
vt 0.882664 0.603567
vt 0.878422 0.603581
vt 0.878026 0.602144
vt 0.882350 0.602131
vt 0.887531 0.603558
vt 0.887311 0.602121
vt 0.892836 0.603552
vt 0.892718 0.602115
vt 0.898375 0.603550
vt 0.898364 0.602113
vt 0.903935 0.603552
vt 0.904032 0.602115
vt 0.909303 0.603558
vt 0.909503 0.602121
vt 0.914272 0.603567
vt 0.914568 0.602131
vt 0.918651 0.603581
vt 0.919032 0.602144
vt 0.923214 0.693562
vt 0.923374 0.697889
vt 0.921924 0.698276
vt 0.921760 0.693866
vt 0.923095 0.688631
vt 0.923022 0.683287
vt 0.920089 0.666644
vt 0.920211 0.693866
vt 0.078491 0.901638
vt 0.078491 0.944359
vt 0.920374 0.698277
vt 0.914568 0.600580
vt 0.919032 0.600593
vt 0.909503 0.600570
vt 0.904032 0.600564
vt 0.898364 0.600562
vt 0.892718 0.600564
vt 0.887311 0.600570
vt 0.882350 0.600580
vt 0.878026 0.600593
vt 0.852780 0.406752
vt 0.848389 0.406550
vt 0.857792 0.406902
vt 0.863230 0.406995
vt 0.868888 0.407026
vt 0.874546 0.406995
vt 0.879988 0.406903
vt 0.885004 0.406753
vt 0.889402 0.406552
vt 0.450709 0.775426
vt 0.450285 0.779726
vt 0.451024 0.770483
vt 0.451219 0.765088
vt 0.451284 0.759446
vt 0.451219 0.753776
vt 0.451024 0.748295
vt 0.450709 0.743213
vt 0.450285 0.738727
vt 0.920211 0.661642
vt 0.920374 0.657264
vt 0.592132 0.822777
vt 0.596828 0.819622
vt 0.597162 0.820118
vt 0.592558 0.823212
vt 0.099033 0.944614
vt 0.093483 0.944637
vt 0.582838 0.836771
vt 0.585000 0.831520
vt 0.585565 0.831784
vt 0.583445 0.836932
vt 0.450710 0.813011
vt 0.449623 0.807544
vt 0.450175 0.807366
vt 0.451284 0.812941
vt 0.585000 0.858861
vt 0.582838 0.853608
vt 0.583445 0.853441
vt 0.585565 0.858592
vt 0.783106 0.940750
vt 0.777732 0.940924
vt 0.592132 0.867613
vt 0.588138 0.863590
vt 0.588642 0.863228
vt 0.592558 0.867172
vt 0.794197 0.940784
vt 0.788666 0.940703
vt 0.602047 0.872953
vt 0.596828 0.870774
vt 0.597162 0.870272
vt 0.602279 0.872408
vt 0.804333 0.941315
vt 0.799487 0.940991
vt 0.613235 0.874069
vt 0.607586 0.874065
vt 0.607711 0.873499
vt 0.613249 0.873502
vt 0.848308 0.139599
vt 0.848854 0.134052
vt 0.849404 0.134042
vt 0.848847 0.139699
vt 0.879772 0.407483
vt 0.874436 0.407574
vt 0.868888 0.407604
vt 0.863341 0.407573
vt 0.858009 0.407482
vt 0.853095 0.407335
vt 0.429453 0.929754
vt 0.430007 0.935412
vt 0.429513 0.935401
vt 0.428970 0.929854
vt 0.043651 0.907999
vt 0.043651 0.913571
vt 0.043095 0.913610
vt 0.043095 0.907927
vt 0.887538 0.599962
vt 0.892840 0.599956
vt 0.898375 0.599954
vt 0.903932 0.599956
vt 0.909297 0.599962
vt 0.914263 0.599971
vt 0.856264 0.903221
vt 0.857881 0.908554
vt 0.857343 0.908761
vt 0.855693 0.903322
vt 0.607586 0.816343
vt 0.613235 0.816347
vt 0.613249 0.816907
vt 0.607711 0.816903
vt 0.856264 0.892127
vt 0.855718 0.897674
vt 0.855136 0.897665
vt 0.855693 0.892008
vt 0.602047 0.817449
vt 0.602279 0.817988
vt 0.088142 0.944709
vt 0.588138 0.826795
vt 0.588642 0.827151
vt 0.104578 0.944639
vt 0.581736 0.848031
vt 0.581736 0.842346
vt 0.582365 0.842399
vt 0.582365 0.847973
vt 0.449623 0.824048
vt 0.450710 0.818583
vt 0.451284 0.818624
vt 0.450175 0.824198
vt 0.772748 0.941217
vt 0.848308 0.128505
vt 0.848847 0.128385
vt 0.618774 0.872963
vt 0.618681 0.872418
vt 0.884690 0.407336
vt 0.429453 0.941068
vt 0.428970 0.940947
vt 0.044738 0.919037
vt 0.044204 0.919184
vt 0.882674 0.599971
vt 0.044738 0.902534
vt 0.044204 0.902353
vt 0.618775 0.817459
vt 0.618681 0.817997
vt 0.857881 0.886793
vt 0.857343 0.886567
vt 0.109905 0.944714
vt 0.923910 0.499431
vt 0.925459 0.499430
vt 0.925484 0.505091
vt 0.923935 0.505091
vt 0.162023 0.901281
vt 0.162023 0.944002
vt 0.156576 0.944076
vt 0.156576 0.901355
vt 0.151550 0.944196
vt 0.151550 0.901475
vt 0.147139 0.944359
vt 0.147139 0.901637
vt 0.345470 0.873516
vt 0.345467 0.916281
vt 0.341003 0.916268
vt 0.341006 0.873503
vt 0.335938 0.916258
vt 0.335941 0.873493
vt 0.330467 0.916252
vt 0.330470 0.873487
vt 0.324799 0.916250
vt 0.324802 0.873485
vt 0.319153 0.916252
vt 0.319156 0.873487
vt 0.313746 0.916258
vt 0.313749 0.873493
vt 0.308785 0.916268
vt 0.308788 0.873503
vt 0.304462 0.916281
vt 0.304465 0.873516
vt 0.400299 0.901643
vt 0.400299 0.858945
vt 0.404690 0.859147
vt 0.404690 0.901845
vt 0.409702 0.859297
vt 0.409702 0.901995
vt 0.415141 0.859390
vt 0.415141 0.902088
vt 0.420798 0.859421
vt 0.420798 0.902119
vt 0.426456 0.859391
vt 0.426456 0.902088
vt 0.431898 0.859298
vt 0.431898 0.901996
vt 0.436915 0.859149
vt 0.436915 0.901846
vt 0.441312 0.858947
vt 0.441312 0.901645
vt 0.915970 0.736001
vt 0.915970 0.778469
vt 0.911671 0.778031
vt 0.911671 0.735563
vt 0.906730 0.777701
vt 0.906730 0.735232
vt 0.901334 0.777490
vt 0.901334 0.735022
vt 0.895693 0.777407
vt 0.895693 0.734939
vt 0.890023 0.777455
vt 0.890023 0.734987
vt 0.884541 0.777632
vt 0.884541 0.735164
vt 0.879458 0.777932
vt 0.879458 0.735464
vt 0.874971 0.778342
vt 0.874971 0.735874
vt 0.924010 0.488343
vt 0.925559 0.488342
vt 0.925484 0.493775
vt 0.923935 0.493776
vt 0.183774 0.901482
vt 0.183774 0.944203
vt 0.178772 0.944081
vt 0.178772 0.901359
vt 0.905496 0.135616
vt 0.905494 0.090151
vt 0.908917 0.090132
vt 0.908919 0.135597
vt 0.173339 0.901284
vt 0.173339 0.944005
vt 0.167684 0.943978
vt 0.167684 0.901257
vt 0.923563 0.883808
vt 0.923572 0.929298
vt 0.920532 0.929371
vt 0.920522 0.883882
vt 0.118266 0.859294
vt 0.124834 0.867300
vt 0.120198 0.870399
vt 0.115318 0.861264
vt 0.926231 0.883709
vt 0.926240 0.929199
vt 0.120773 0.856785
vt 0.128776 0.863356
vt 0.915114 0.318458
vt 0.915111 0.363994
vt 0.912411 0.363986
vt 0.912414 0.318450
vt 0.122742 0.853836
vt 0.131873 0.858719
vt 0.918178 0.318464
vt 0.918175 0.364000
vt 0.124099 0.850559
vt 0.134007 0.853566
vt 0.921488 0.318468
vt 0.921485 0.364004
vt 0.124791 0.847081
vt 0.135094 0.848095
vt 0.924917 0.318469
vt 0.924913 0.364005
vt 0.124791 0.843534
vt 0.135094 0.842518
vt 0.928332 0.318468
vt 0.928329 0.364004
vt 0.124099 0.840055
vt 0.134007 0.837048
vt 0.931603 0.318464
vt 0.931600 0.364000
vt 0.122742 0.836778
vt 0.131873 0.831895
vt 0.934604 0.318458
vt 0.934601 0.363994
vt 0.120773 0.833829
vt 0.128776 0.827258
vt 0.937220 0.318450
vt 0.937217 0.363986
vt 0.902204 0.135672
vt 0.902202 0.090207
vt 0.118266 0.831321
vt 0.124834 0.823314
vt 0.918663 0.135762
vt 0.918661 0.090298
vt 0.921317 0.090420
vt 0.921320 0.135885
vt 0.912339 0.090151
vt 0.912341 0.135616
vt 0.115318 0.829351
vt 0.120198 0.820215
vt 0.915632 0.135672
vt 0.915629 0.090207
vt 0.896509 0.135885
vt 0.896507 0.090420
vt 0.899167 0.090298
vt 0.899170 0.135762
vt 0.112042 0.827993
vt 0.115048 0.818081
vt 0.915467 0.214392
vt 0.915328 0.169172
vt 0.917929 0.169428
vt 0.918069 0.214649
vt 0.108565 0.827302
vt 0.109580 0.816993
vt 0.912477 0.214201
vt 0.912338 0.168981
vt 0.105020 0.827302
vt 0.104005 0.816993
vt 0.909213 0.214084
vt 0.909074 0.168864
vt 0.101543 0.827994
vt 0.098537 0.818082
vt 0.088794 0.843535
vt 0.078491 0.842520
vt 0.079578 0.837050
vt 0.089486 0.840056
vt 0.905800 0.214044
vt 0.905661 0.168824
vt 0.098267 0.829351
vt 0.093387 0.820216
vt 0.088794 0.847082
vt 0.078491 0.848098
vt 0.902370 0.214084
vt 0.902231 0.168864
vt 0.095319 0.831322
vt 0.088751 0.823315
vt 0.089486 0.850561
vt 0.079578 0.853568
vt 0.899054 0.214201
vt 0.898915 0.168981
vt 0.092813 0.833830
vt 0.084809 0.827259
vt 0.090843 0.853837
vt 0.081712 0.858721
vt 0.895980 0.214392
vt 0.895841 0.169172
vt 0.090843 0.836779
vt 0.081712 0.831897
vt 0.092812 0.856787
vt 0.084809 0.863358
vt 0.893266 0.214649
vt 0.893127 0.169428
vt 0.095319 0.859294
vt 0.088751 0.867302
vt 0.904069 0.883808
vt 0.904079 0.929298
vt 0.901430 0.929199
vt 0.901421 0.883709
vt 0.098267 0.861265
vt 0.093387 0.870400
vt 0.907095 0.883882
vt 0.907104 0.929371
vt 0.101543 0.862622
vt 0.098537 0.872534
vt 0.910382 0.883927
vt 0.910391 0.929416
vt 0.105020 0.863314
vt 0.104005 0.873622
vt 0.913803 0.883942
vt 0.913812 0.929432
vt 0.108565 0.863314
vt 0.109580 0.873622
vt 0.917227 0.883927
vt 0.917236 0.929416
vt 0.112042 0.862622
vt 0.115048 0.872534
vt 0.905387 0.088688
vt 0.908917 0.088669
vt 0.901992 0.088746
vt 0.898862 0.088839
vt 0.896119 0.088965
vt 0.915640 0.167693
vt 0.918323 0.167958
vt 0.912557 0.167496
vt 0.909190 0.167375
vt 0.905671 0.167334
vt 0.902133 0.167375
vt 0.898713 0.167496
vt 0.895543 0.167693
vt 0.892744 0.167958
vt 0.903772 0.930752
vt 0.901040 0.930650
vt 0.906892 0.930828
vt 0.910282 0.930874
vt 0.913810 0.930890
vt 0.917341 0.930874
vt 0.920740 0.930828
vt 0.923876 0.930752
vt 0.926627 0.930650
vt 0.914814 0.365431
vt 0.912030 0.365422
vt 0.917974 0.365437
vt 0.921388 0.365441
vt 0.924924 0.365442
vt 0.928446 0.365441
vt 0.931820 0.365437
vt 0.934915 0.365431
vt 0.937612 0.365422
vt 0.918966 0.088839
vt 0.921706 0.088965
vt 0.915840 0.088746
vt 0.912447 0.088688
vt 0.926942 0.504986
vt 0.926917 0.499433
vt 0.927016 0.510330
vt 0.925559 0.510538
vt 0.927135 0.515261
vt 0.925681 0.515564
vt 0.927295 0.519588
vt 0.925844 0.519975
vt 0.340707 0.920476
vt 0.341003 0.919039
vt 0.345467 0.919052
vt 0.345086 0.920489
vt 0.335738 0.920466
vt 0.335938 0.919029
vt 0.330370 0.920460
vt 0.330467 0.919023
vt 0.324810 0.920458
vt 0.324799 0.919021
vt 0.319271 0.920460
vt 0.319153 0.919023
vt 0.313966 0.920466
vt 0.313746 0.919029
vt 0.309099 0.920476
vt 0.308785 0.919039
vt 0.304857 0.920489
vt 0.304461 0.919052
vt 0.404996 0.854922
vt 0.404690 0.856380
vt 0.400299 0.856178
vt 0.400688 0.854723
vt 0.409913 0.855069
vt 0.409702 0.856530
vt 0.415248 0.855160
vt 0.415141 0.856623
vt 0.420798 0.855191
vt 0.420798 0.856655
vt 0.426350 0.855161
vt 0.426456 0.856624
vt 0.431688 0.855070
vt 0.431898 0.856531
vt 0.436610 0.854923
vt 0.436915 0.856382
vt 0.440924 0.854725
vt 0.441312 0.856180
vt 0.545204 0.868188
vt 0.546682 0.868501
vt 0.546258 0.872801
vt 0.544788 0.872407
vt 0.545513 0.863339
vt 0.546998 0.863558
vt 0.545704 0.858045
vt 0.547192 0.858162
vt 0.545768 0.852511
vt 0.547257 0.852521
vt 0.545704 0.846948
vt 0.547192 0.846850
vt 0.545513 0.841571
vt 0.546998 0.841369
vt 0.545204 0.836585
vt 0.546682 0.836288
vt 0.544788 0.832184
vt 0.546258 0.831801
vt 0.927135 0.483648
vt 0.925681 0.483341
vt 0.925844 0.478962
vt 0.927295 0.479352
vt 0.927016 0.488555
vt 0.926942 0.493885
vt 0.924010 0.510539
vt 0.924131 0.483341
vt 0.188152 0.901646
vt 0.188152 0.944367
vt 0.924294 0.478962
vt 0.548223 0.836283
vt 0.547798 0.831796
vt 0.548538 0.841365
vt 0.548732 0.846846
vt 0.548798 0.852516
vt 0.548732 0.858157
vt 0.548538 0.863553
vt 0.548223 0.868496
vt 0.547798 0.872796
vt 0.436915 0.857930
vt 0.441312 0.857728
vt 0.431898 0.858080
vt 0.426456 0.858172
vt 0.420798 0.858203
vt 0.415141 0.858172
vt 0.409702 0.858079
vt 0.404690 0.857928
vt 0.400299 0.857726
vt 0.308785 0.917488
vt 0.304461 0.917502
vt 0.313746 0.917478
vt 0.319153 0.917472
vt 0.324799 0.917470
vt 0.330467 0.917472
vt 0.335938 0.917478
vt 0.341003 0.917488
vt 0.345467 0.917502
vt 0.924131 0.515565
vt 0.924294 0.519975
vt 0.024213 0.823427
vt 0.024639 0.823862
vt 0.020723 0.827801
vt 0.020219 0.827445
vt 0.167681 0.944614
vt 0.173226 0.944639
vt 0.039668 0.816993
vt 0.039792 0.817553
vt 0.034360 0.818637
vt 0.034128 0.818099
vt 0.552484 0.907263
vt 0.551913 0.907144
vt 0.553563 0.901704
vt 0.554101 0.901929
vt 0.330367 0.916864
vt 0.335732 0.916870
vt 0.319275 0.916864
vt 0.324810 0.916862
vt 0.309109 0.916880
vt 0.313973 0.916870
vt 0.014373 0.907999
vt 0.013818 0.907927
vt 0.014927 0.902353
vt 0.015460 0.902534
vt 0.400782 0.941068
vt 0.400299 0.940947
vt 0.400842 0.935401
vt 0.401335 0.935412
vt 0.015460 0.919037
vt 0.014927 0.919184
vt 0.013818 0.913610
vt 0.014373 0.913571
vt 0.415252 0.858750
vt 0.409919 0.858659
vt 0.426346 0.858750
vt 0.420799 0.858781
vt 0.045316 0.874718
vt 0.045330 0.874152
vt 0.050762 0.873068
vt 0.050856 0.873613
vt 0.436601 0.858513
vt 0.431682 0.858660
vt 0.034128 0.873603
vt 0.034360 0.873058
vt 0.039792 0.874149
vt 0.039668 0.874715
vt 0.732496 0.914446
vt 0.733035 0.914326
vt 0.733592 0.919983
vt 0.733042 0.919992
vt 0.024213 0.868262
vt 0.024639 0.867822
vt 0.029244 0.870922
vt 0.028909 0.871424
vt 0.901210 0.778161
vt 0.906499 0.778367
vt 0.017081 0.859511
vt 0.017646 0.859242
vt 0.020723 0.863878
vt 0.020219 0.864240
vt 0.890119 0.778127
vt 0.895678 0.778079
vt 0.013818 0.848681
vt 0.014446 0.848623
vt 0.015527 0.854091
vt 0.014919 0.854258
vt 0.879760 0.778594
vt 0.884744 0.778300
vt 0.014919 0.837421
vt 0.015527 0.837582
vt 0.014446 0.843049
vt 0.013818 0.842996
vt 0.276252 0.892253
vt 0.276826 0.892183
vt 0.276826 0.897866
vt 0.276252 0.897825
vt 0.017646 0.832434
vt 0.017081 0.832170
vt 0.178553 0.944714
vt 0.028909 0.820271
vt 0.029244 0.820767
vt 0.162131 0.944637
vt 0.050856 0.818109
vt 0.050762 0.818647
vt 0.045330 0.817557
vt 0.045316 0.816997
vt 0.552484 0.918357
vt 0.551913 0.918458
vt 0.551356 0.912801
vt 0.551937 0.912810
vt 0.340698 0.916880
vt 0.554101 0.923690
vt 0.553563 0.923897
vt 0.400299 0.929854
vt 0.400782 0.929754
vt 0.405005 0.858511
vt 0.733035 0.925640
vt 0.732496 0.925539
vt 0.911345 0.778692
vt 0.275717 0.903440
vt 0.275165 0.903290
vt 0.275165 0.886787
vt 0.275717 0.886608
vt 0.156790 0.944709
vt 0.221759 0.961235
vt 0.225137 0.961235
vt 0.225130 0.963633
vt 0.221752 0.963633
vt 0.225134 0.966342
vt 0.221757 0.966341
vt 0.979438 0.559949
vt 0.979438 0.556577
vt 0.982379 0.556597
vt 0.982379 0.559970
vt 0.968602 0.356238
vt 0.965247 0.356238
vt 0.965465 0.353922
vt 0.968819 0.353922
vt 0.949237 0.596069
vt 0.946670 0.594586
vt 0.946670 0.591622
vt 0.949237 0.590141
vt 0.951803 0.591624
vt 0.951803 0.594588
vt 0.965338 0.351162
vt 0.968692 0.351162
vt 0.985050 0.080959
vt 0.985050 0.084333
vt 0.982110 0.084316
vt 0.982110 0.080942
vt 0.855140 0.971165
vt 0.858518 0.971165
vt 0.858514 0.973958
vt 0.855136 0.973958
vt 0.858521 0.976216
vt 0.855143 0.976216
vt 0.977834 0.628854
vt 0.977834 0.625482
vt 0.980761 0.625455
vt 0.980761 0.628828
vt 0.957616 0.888851
vt 0.954262 0.888798
vt 0.954438 0.886056
vt 0.957792 0.886110
vt 0.949341 0.082423
vt 0.951908 0.080942
vt 0.954476 0.082425
vt 0.954476 0.085388
vt 0.951908 0.086869
vt 0.949341 0.085386
vt 0.954262 0.883709
vt 0.957616 0.883763
vt 0.982320 0.167334
vt 0.982320 0.170709
vt 0.979392 0.170730
vt 0.979392 0.167355
vt 0.980584 0.201770
vt 0.980584 0.205145
vt 0.977678 0.205171
vt 0.977678 0.201797
vt 0.116122 0.972349
vt 0.119500 0.972349
vt 0.119497 0.975180
vt 0.116119 0.975180
vt 0.119504 0.977357
vt 0.116126 0.977357
vt 0.977090 0.775292
vt 0.977090 0.771920
vt 0.979994 0.771887
vt 0.979994 0.775259
vt 0.951908 0.053307
vt 0.949341 0.051824
vt 0.949341 0.048861
vt 0.951908 0.047380
vt 0.954475 0.048863
vt 0.954475 0.051826
vt 0.585197 0.975895
vt 0.581843 0.975895
vt 0.581961 0.973106
vt 0.585315 0.973106
vt 0.581736 0.970840
vt 0.585090 0.970840
vt 0.954930 0.481589
vt 0.958304 0.481596
vt 0.958371 0.484099
vt 0.954997 0.484092
vt 0.667051 0.982748
vt 0.667050 0.986126
vt 0.664092 0.986126
vt 0.664093 0.982749
vt 0.957635 0.921624
vt 0.954262 0.921616
vt 0.954346 0.918984
vt 0.957718 0.918992
vt 0.954262 0.916486
vt 0.957635 0.916495
vt 0.339796 0.948124
vt 0.342363 0.949607
vt 0.342363 0.952571
vt 0.339796 0.954052
vt 0.337230 0.952569
vt 0.337230 0.949605
vt 0.697650 0.982748
vt 0.697650 0.986102
vt 0.694686 0.986109
vt 0.694686 0.982755
vt 0.954997 0.478962
vt 0.958371 0.478969
vt 0.957222 0.982032
vt 0.957222 0.985406
vt 0.954262 0.985414
vt 0.954262 0.982040
vt 0.901045 0.958525
vt 0.904422 0.958525
vt 0.904417 0.961206
vt 0.901040 0.961205
vt 0.904423 0.963643
vt 0.901046 0.963642
vt 0.369998 0.985187
vt 0.369998 0.981814
vt 0.372957 0.981804
vt 0.372957 0.985176
vt 0.949341 0.015300
vt 0.951908 0.013817
vt 0.954475 0.015298
vt 0.954475 0.018262
vt 0.951908 0.019745
vt 0.949341 0.018264
vt 0.957616 0.846824
vt 0.954262 0.846809
vt 0.954437 0.844190
vt 0.957791 0.844205
vt 0.954262 0.841678
vt 0.957617 0.841692
vt 0.252778 0.961235
vt 0.256156 0.961235
vt 0.256149 0.963633
vt 0.252772 0.963633
vt 0.256154 0.966342
vt 0.252776 0.966341
vt 0.979438 0.596049
vt 0.979438 0.592676
vt 0.982379 0.592697
vt 0.982379 0.596069
vt 0.968602 0.323527
vt 0.965247 0.323527
vt 0.965465 0.321211
vt 0.968819 0.321211
vt 0.951009 0.693832
vt 0.953577 0.692350
vt 0.956144 0.693832
vt 0.956144 0.696795
vt 0.953577 0.698277
vt 0.951009 0.696795
vt 0.965338 0.318450
vt 0.968692 0.318450
vt 0.985050 0.013835
vt 0.985050 0.017209
vt 0.982110 0.017192
vt 0.982110 0.013817
vt 0.553926 0.951571
vt 0.554101 0.953983
vt 0.550747 0.953945
vt 0.550572 0.951532
vt 0.553926 0.956681
vt 0.550572 0.956643
vt 0.016760 0.983755
vt 0.013818 0.983775
vt 0.013818 0.980403
vt 0.016760 0.980383
vt 0.767965 0.974032
vt 0.767958 0.971703
vt 0.771336 0.971703
vt 0.771343 0.974032
vt 0.954476 0.134404
vt 0.951908 0.135885
vt 0.949341 0.134402
vt 0.949341 0.131439
vt 0.951908 0.129958
vt 0.954476 0.131440
vt 0.767963 0.968950
vt 0.771340 0.968950
vt 0.982111 0.114520
vt 0.985054 0.114504
vt 0.985054 0.117878
vt 0.982111 0.117894
vt 0.616417 0.970840
vt 0.616532 0.973639
vt 0.613178 0.973639
vt 0.613063 0.970840
vt 0.616304 0.975884
vt 0.612950 0.975884
vt 0.980605 0.241504
vt 0.977679 0.241477
vt 0.977679 0.238105
vt 0.980605 0.238132
vt 0.426626 0.973786
vt 0.426622 0.971034
vt 0.430000 0.971035
vt 0.430004 0.973786
vt 0.309594 0.949605
vt 0.309594 0.952569
vt 0.307028 0.954052
vt 0.304461 0.952571
vt 0.304461 0.949607
vt 0.307028 0.948124
vt 0.426629 0.968703
vt 0.430007 0.968704
vt 0.978725 0.283669
vt 0.981649 0.283691
vt 0.981649 0.287065
vt 0.978725 0.287043
vt 0.977178 0.738624
vt 0.980079 0.738652
vt 0.980079 0.742026
vt 0.977178 0.741998
vt 0.150630 0.972349
vt 0.150731 0.975186
vt 0.147377 0.975186
vt 0.147276 0.972349
vt 0.150493 0.977349
vt 0.147139 0.977349
vt 0.188152 0.975755
vt 0.185249 0.975721
vt 0.185249 0.972349
vt 0.188152 0.972382
vt 0.016384 0.952747
vt 0.013818 0.951266
vt 0.013818 0.948302
vt 0.016384 0.946819
vt 0.018951 0.948300
vt 0.018951 0.951264
vt 0.078494 0.977397
vt 0.078491 0.974602
vt 0.081868 0.974602
vt 0.081872 0.977397
vt 0.078498 0.972349
vt 0.081876 0.972349
vt 0.954930 0.514230
vt 0.954997 0.511742
vt 0.958371 0.511734
vt 0.958304 0.514222
vt 0.983161 0.403547
vt 0.986118 0.403572
vt 0.986118 0.406926
vt 0.983161 0.406901
vt 0.957635 0.949259
vt 0.957718 0.951894
vt 0.954345 0.951903
vt 0.954262 0.949268
vt 0.957635 0.954388
vt 0.954262 0.954397
vt 0.949237 0.562506
vt 0.946670 0.561024
vt 0.946670 0.558059
vt 0.949237 0.556577
vt 0.951803 0.558058
vt 0.951803 0.561023
vt 0.983161 0.441662
vt 0.986125 0.441662
vt 0.986125 0.445040
vt 0.983161 0.445039
vt 0.954997 0.516870
vt 0.958371 0.516862
vt 0.339405 0.981687
vt 0.342363 0.981696
vt 0.342363 0.985070
vt 0.339405 0.985061
vt 0.950024 0.623704
vt 0.950199 0.626392
vt 0.946845 0.626427
vt 0.946670 0.623740
vt 0.950024 0.628819
vt 0.946670 0.628854
vt 0.307420 0.985070
vt 0.304461 0.985059
vt 0.304461 0.981687
vt 0.307420 0.981697
vt 0.956144 0.658746
vt 0.956144 0.661709
vt 0.953577 0.663190
vt 0.951009 0.661708
vt 0.951009 0.658745
vt 0.953577 0.657263
vt 0.732501 0.958405
vt 0.732496 0.955776
vt 0.735874 0.955776
vt 0.735879 0.958405
vt 0.732502 0.953275
vt 0.735880 0.953275
vt 0.957616 0.808933
vt 0.957792 0.811345
vt 0.954438 0.811306
vt 0.954262 0.808894
vt 0.957616 0.814043
vt 0.954262 0.814004
vt 0.048852 0.983879
vt 0.045910 0.983900
vt 0.045910 0.980527
vt 0.048852 0.980507
vt 0.805580 0.974032
vt 0.805574 0.971703
vt 0.808951 0.971703
vt 0.808958 0.974032
vt 0.948524 0.289598
vt 0.945958 0.288115
vt 0.945958 0.285151
vt 0.948524 0.283669
vt 0.951090 0.285151
vt 0.951090 0.288116
vt 0.805578 0.968950
vt 0.808955 0.968950
vt 0.982110 0.049933
vt 0.985054 0.049917
vt 0.985054 0.053291
vt 0.982110 0.053307
vt 0.483472 0.927627
vt 0.485703 0.924287
vt 0.488542 0.921446
vt 0.491881 0.919214
vt 0.495591 0.917677
vt 0.499529 0.916893
vt 0.503544 0.916893
vt 0.507483 0.917677
vt 0.511192 0.919214
vt 0.514531 0.921446
vt 0.517370 0.924287
vt 0.519601 0.927627
vt 0.521137 0.931338
vt 0.521920 0.935278
vt 0.521920 0.939295
vt 0.521137 0.943235
vt 0.519600 0.946947
vt 0.517369 0.950287
vt 0.514530 0.953127
vt 0.511191 0.955359
vt 0.507481 0.956897
vt 0.503543 0.957680
vt 0.499527 0.957680
vt 0.495589 0.956897
vt 0.491879 0.955359
vt 0.488541 0.953127
vt 0.485702 0.950287
vt 0.483471 0.946947
vt 0.481934 0.943235
vt 0.481151 0.939295
vt 0.481151 0.935278
vt 0.481935 0.931338
vt 0.664092 0.932712
vt 0.664876 0.928772
vt 0.666412 0.925060
vt 0.668643 0.921720
vt 0.671483 0.918879
vt 0.674821 0.916647
vt 0.678531 0.915110
vt 0.682469 0.914326
vt 0.686485 0.914326
vt 0.690423 0.915110
vt 0.694133 0.916647
vt 0.697471 0.918878
vt 0.700311 0.921719
vt 0.702541 0.925059
vt 0.704078 0.928770
vt 0.704861 0.932710
vt 0.704861 0.936727
vt 0.704078 0.940667
vt 0.702541 0.944379
vt 0.700310 0.947719
vt 0.697471 0.950560
vt 0.694133 0.952792
vt 0.690423 0.954329
vt 0.686485 0.955113
vt 0.682469 0.955113
vt 0.678531 0.954330
vt 0.674821 0.952793
vt 0.671483 0.950561
vt 0.668643 0.947720
vt 0.666412 0.944380
vt 0.664876 0.940669
vt 0.664092 0.936729
s 1
usemtl House.002
f 232/1/1 230/2/2 38/3/3 36/4/4
f 222/5/5 224/6/6 90/7/7 87/8/8
f 236/9/9 181/10/9 39/11/9 229/12/9
f 184/13/10 186/14/10 50/15/11 46/16/12
f 228/17/13 183/18/13 45/19/13 221/20/13
f 58/21/14 120/22/15 121/23/16 56/24/17
f 206/25/9 207/26/9 93/27/9 91/28/9
f 207/26/9 208/29/9 95/30/9 93/27/9
f 208/29/9 209/31/9 97/32/9 95/30/9
f 209/31/9 210/33/9 99/34/9 97/32/9
f 210/33/9 211/35/9 101/36/9 99/34/9
f 211/35/9 212/37/9 103/38/9 101/36/9
f 212/37/9 213/39/9 105/40/9 103/38/9
f 213/39/9 214/41/9 107/42/9 105/40/9
f 214/41/9 215/43/9 109/44/9 107/42/9
f 215/43/9 216/45/9 111/46/9 109/44/9
f 216/45/9 217/47/9 113/48/9 111/46/9
f 217/47/9 218/49/9 115/50/9 113/48/9
f 218/49/9 219/51/9 117/52/9 115/50/9
f 219/51/9 220/53/9 119/54/9 117/52/9
f 220/53/9 188/55/9 122/56/9 119/54/9
f 180/57/18 182/58/18 43/59/18 42/60/18
f 60/61/19 118/62/20 120/22/15 58/21/14
f 62/63/21 116/64/22 118/62/20 60/61/19
f 64/65/23 114/66/24 116/64/22 62/63/21
f 66/67/25 112/68/26 114/66/24 64/65/23
f 68/69/27 110/70/28 112/68/26 66/67/25
f 70/71/29 108/72/30 110/70/28 68/69/27
f 72/73/31 106/74/31 108/72/30 70/71/29
f 74/75/32 104/76/33 106/74/31 72/73/31
f 76/77/34 102/78/35 104/76/33 74/75/32
f 78/79/36 100/80/37 102/78/35 76/77/34
f 80/81/38 98/82/39 100/80/37 78/79/36
f 82/83/40 96/84/41 98/82/39 80/81/38
f 84/85/42 94/86/43 96/84/41 82/83/40
f 86/87/44 92/88/45 94/86/43 84/85/42
f 87/8/8 90/7/7 92/88/45 86/87/44
f 190/89/9 206/25/9 91/28/9 89/90/9
f 227/91/9 190/89/9 89/90/9 223/92/9
f 205/93/13 189/94/13 88/95/13 85/96/13
f 204/97/13 205/93/13 85/96/13 83/98/13
f 203/99/13 204/97/13 83/98/13 81/100/13
f 202/101/13 203/99/13 81/100/13 79/102/13
f 201/103/13 202/101/13 79/102/13 77/104/13
f 200/105/13 201/103/13 77/104/13 75/106/13
f 199/107/13 200/105/13 75/106/13 73/108/13
f 198/109/13 199/107/13 73/108/13 71/110/13
f 197/111/13 198/109/13 71/110/13 69/112/13
f 196/113/13 197/111/13 69/112/13 67/114/13
f 195/115/13 196/113/13 67/114/13 65/116/13
f 194/117/13 195/115/13 65/116/13 63/118/13
f 193/119/13 194/117/13 63/118/13 61/120/13
f 192/121/13 193/119/13 61/120/13 59/122/13
f 191/123/13 192/121/13 59/122/13 57/124/13
f 187/125/13 191/123/13 57/124/13 55/126/13
f 35/127/46 36/128/47 37/129/48
f 38/130/3 39/131/49 40/132/50
f 45/133/51 46/16/52 47/134/53
f 48/135/54 49/136/55 50/15/11
f 179/137/56 35/127/46 37/129/48 180/57/56
f 36/128/4 38/130/3 40/132/50 37/129/57
f 181/10/58 44/138/58 43/139/58 182/140/58
f 183/141/59 52/142/59 51/143/59 184/13/59
f 185/144/60 48/145/54 50/146/11 186/147/60
f 49/136/55 47/134/61 46/16/12 50/15/11
f 221/20/62 45/19/51 47/148/53 222/149/63
f 229/12/64 39/11/49 38/150/3 230/151/64
f 231/152/65 55/126/66 56/153/67 232/154/68
f 55/126/66 57/124/69 58/155/70 56/153/67
f 57/124/69 59/122/71 60/156/72 58/155/70
f 59/122/71 61/120/73 62/157/74 60/156/72
f 61/120/73 63/118/75 64/158/76 62/157/74
f 63/118/75 65/116/77 66/159/78 64/158/76
f 65/116/77 67/114/79 68/160/80 66/159/78
f 67/114/79 69/112/81 70/161/82 68/160/80
f 69/112/81 71/110/83 72/162/83 70/161/82
f 71/110/83 73/108/84 74/163/85 72/162/83
f 73/108/84 75/106/86 76/164/87 74/163/85
f 75/106/86 77/104/88 78/165/89 76/164/87
f 77/104/88 79/102/90 80/166/91 78/165/89
f 79/102/90 81/100/92 82/167/93 80/166/91
f 81/100/92 83/98/94 84/168/95 82/167/93
f 83/98/94 85/96/96 86/169/97 84/168/95
f 85/96/96 88/95/98 87/170/99 86/169/97
f 223/92/100 89/90/101 90/171/102 224/172/103
f 89/90/101 91/28/104 92/173/105 90/171/102
f 91/28/104 93/27/106 94/174/107 92/173/105
f 93/27/106 95/30/108 96/175/109 94/174/107
f 95/30/108 97/32/110 98/176/111 96/175/109
f 97/32/110 99/34/112 100/177/113 98/176/111
f 99/34/112 101/36/114 102/178/115 100/177/113
f 101/36/114 103/38/116 104/179/117 102/178/115
f 103/38/116 105/40/118 106/180/118 104/179/117
f 105/40/118 107/42/119 108/181/120 106/180/118
f 107/42/119 109/44/121 110/182/122 108/181/120
f 109/44/121 111/46/123 112/183/124 110/182/122
f 111/46/123 113/48/125 114/184/126 112/183/124
f 113/48/125 115/50/127 116/185/128 114/184/126
f 115/50/127 117/52/129 118/186/130 116/185/128
f 117/52/129 119/54/131 120/187/132 118/186/130
f 119/54/131 122/56/133 121/188/134 120/187/132
f 235/189/13 187/125/13 55/126/13 231/152/13
f 139/190/135 141/191/135 136/192/135 132/193/135
f 140/194/9 129/195/9 126/196/9 134/197/9
f 133/198/136 135/199/136 125/200/136 124/201/136
f 127/202/137 130/203/137 142/204/137 138/205/137
f 131/206/138 132/207/138 133/198/138
f 134/208/139 135/199/140 136/209/141
f 137/210/142 138/211/142 139/190/142
f 140/212/143 141/213/144 142/204/145
f 137/214/146 128/215/146 127/216/146 138/217/146
f 129/218/147 140/212/147 142/204/147 130/203/147
f 141/213/144 139/219/148 138/205/148 142/204/145
f 131/220/149 137/210/149 139/190/149 132/193/149
f 140/194/150 134/197/150 136/221/150 141/222/150
f 135/199/140 133/198/151 132/207/151 136/209/141
f 123/223/152 131/224/152 133/225/152 124/226/152
f 134/208/153 126/227/153 125/200/153 135/199/153
f 128/215/13 137/214/13 131/224/13 123/223/13
f 159/228/154 152/229/154 156/230/154 161/231/154
f 160/232/9 154/233/9 146/234/9 149/235/9
f 153/236/136 144/237/136 145/238/136 155/239/136
f 147/240/137 158/241/137 162/242/137 150/243/137
f 151/244/155 153/245/155 152/229/155
f 154/246/156 156/247/157 155/239/158
f 157/248/159 159/249/159 158/241/159
f 160/250/160 162/242/161 161/251/162
f 157/252/146 158/253/146 147/254/146 148/255/146
f 149/256/147 150/243/147 162/242/147 160/250/147
f 161/251/162 162/242/161 158/241/163 159/249/163
f 151/244/164 152/229/164 159/228/164 157/257/164
f 160/232/165 161/258/165 156/259/165 154/233/165
f 155/260/158 156/230/157 152/229/166 153/245/166
f 143/261/152 144/262/152 153/263/152 151/264/152
f 154/246/153 155/239/153 145/238/153 146/265/153
f 148/255/13 143/261/13 151/264/13 157/252/13
f 173/266/167 174/267/167 166/268/167 164/269/167
f 177/270/168 178/271/168 175/272/168 172/273/168
f 165/274/169 167/275/169 170/276/169 169/277/169
f 163/278/170 164/279/170 165/274/170
f 171/280/171 172/273/171 173/281/171
f 168/282/172 163/278/172 165/274/172 169/277/172
f 164/279/173 166/283/173 167/275/173 165/274/173
f 171/280/174 176/284/174 177/270/174 172/273/174
f 174/285/175 173/281/175 172/273/175 175/272/175
f 163/286/176 171/287/176 173/266/176 164/269/176
f 168/288/13 176/289/13 171/290/13 163/291/13
f 233/292/13 17/293/13 187/125/13 235/189/13
f 53/294/177 185/144/60 186/147/60 54/295/177
f 45/133/51 183/141/59 184/13/59 46/16/52
f 39/11/49 181/10/58 182/140/58 40/296/50
f 41/297/56 179/137/56 180/57/56 42/60/56
f 17/293/13 16/298/13 191/123/13 187/125/13
f 16/298/13 15/299/13 192/121/13 191/123/13
f 15/299/13 14/300/13 193/119/13 192/121/13
f 14/300/13 13/301/13 194/117/13 193/119/13
f 13/301/13 12/302/13 195/115/13 194/117/13
f 12/302/13 11/303/13 196/113/13 195/115/13
f 11/303/13 10/304/13 197/111/13 196/113/13
f 10/304/13 9/305/13 198/109/13 197/111/13
f 9/305/13 8/306/13 199/107/13 198/109/13
f 8/306/13 7/307/13 200/105/13 199/107/13
f 7/307/13 6/308/13 201/103/13 200/105/13
f 6/308/13 5/309/13 202/101/13 201/103/13
f 5/309/13 4/310/13 203/99/13 202/101/13
f 4/310/13 3/311/13 204/97/13 203/99/13
f 3/311/13 2/312/13 205/93/13 204/97/13
f 2/312/13 1/313/13 189/94/13 205/93/13
f 226/314/9 34/315/9 190/89/9 227/91/9
f 34/315/9 33/316/9 206/25/9 190/89/9
f 37/129/57 40/132/50 182/58/18 180/57/18
f 19/317/9 18/318/9 188/55/9 220/53/9
f 20/319/9 19/317/9 220/53/9 219/51/9
f 21/320/9 20/319/9 219/51/9 218/49/9
f 22/321/9 21/320/9 218/49/9 217/47/9
f 23/322/9 22/321/9 217/47/9 216/45/9
f 24/323/9 23/322/9 216/45/9 215/43/9
f 25/324/9 24/323/9 215/43/9 214/41/9
f 26/325/9 25/324/9 214/41/9 213/39/9
f 27/326/9 26/325/9 213/39/9 212/37/9
f 28/327/9 27/326/9 212/37/9 211/35/9
f 29/328/9 28/327/9 211/35/9 210/33/9
f 30/329/9 29/328/9 210/33/9 209/31/9
f 31/330/9 30/329/9 209/31/9 208/29/9
f 32/331/9 31/330/9 208/29/9 207/26/9
f 33/316/9 32/331/9 207/26/9 206/25/9
f 225/332/13 52/333/13 183/18/13 228/17/13
f 51/143/10 54/334/10 186/14/10 184/13/10
f 234/335/9 44/138/9 181/10/9 236/9/9
f 1/313/13 225/332/13 228/17/13 189/94/13
f 53/294/9 226/314/9 227/91/9 185/144/9
f 48/145/54 223/92/100 224/172/103 49/336/55
f 88/95/98 221/20/62 222/149/63 87/170/99
f 185/144/9 227/91/9 223/92/9 48/145/9
f 189/94/13 228/17/13 221/20/13 88/95/13
f 47/337/61 49/338/55 224/6/6 222/5/5
f 18/318/9 234/335/9 236/9/9 188/55/9
f 41/339/13 233/292/13 235/189/13 179/340/13
f 179/340/13 235/189/13 231/152/13 35/341/13
f 35/341/46 231/152/65 232/154/68 36/342/47
f 122/56/133 229/12/64 230/151/64 121/188/134
f 188/55/9 236/9/9 229/12/9 122/56/9
f 56/24/17 121/23/16 230/2/2 232/1/1
f 492/343/178 363/344/179 367/345/180 493/346/181
f 491/347/182 425/348/183 364/349/184 490/350/184
f 494/351/185 369/352/186 371/353/187 495/354/188
f 495/355/188 371/356/187 373/357/189 496/358/190
f 496/358/190 373/357/189 375/359/191 497/360/192
f 497/360/192 375/359/191 377/361/193 498/362/194
f 498/362/194 377/361/193 379/363/195 499/364/195
f 499/364/195 379/363/195 381/365/196 500/366/197
f 500/366/197 381/365/196 383/367/198 501/368/199
f 501/368/199 383/367/198 385/369/200 502/370/201
f 502/370/201 385/369/200 387/371/202 503/372/203
f 503/373/203 387/374/202 389/375/204 504/376/205
f 504/376/205 389/375/204 391/377/206 505/378/207
f 632/379/208 626/380/209 393/381/210 506/382/211
f 506/382/211 393/381/210 395/383/212 507/384/212
f 507/384/212 395/383/212 397/385/213 508/386/214
f 622/387/215 616/388/216 399/389/217 509/390/218
f 509/390/218 399/389/217 401/391/219 510/392/220
f 510/392/220 401/391/219 403/393/221 511/394/222
f 511/395/222 403/396/221 405/397/223 512/398/224
f 512/398/224 405/397/223 407/399/225 513/400/226
f 513/400/226 407/399/225 409/401/227 514/402/228
f 514/402/228 409/401/227 411/403/229 515/404/229
f 515/404/229 411/403/229 413/405/230 516/406/231
f 516/406/231 413/405/230 415/407/232 517/408/233
f 517/408/233 415/407/232 417/409/234 518/410/235
f 518/410/235 417/409/234 419/411/236 519/412/237
f 519/413/237 419/414/236 421/415/238 520/416/239
f 520/416/239 421/415/238 423/417/240 521/418/241
f 521/418/241 423/417/240 425/348/183 491/347/182
f 306/419/242 304/420/243 269/421/243 270/422/242
f 493/346/181 367/345/180 369/352/186 494/351/185
f 451/423/13 450/424/13 841/425/13 843/426/13
f 299/427/244 360/428/245 297/429/245 266/430/244
f 303/431/9 305/432/9 368/433/9 366/434/9
f 304/420/243 302/435/246 268/436/246 269/421/243
f 308/437/247 306/438/242 270/439/242 271/440/247
f 310/441/248 308/437/247 271/440/247 272/442/248
f 312/443/249 310/441/248 272/442/248 273/444/249
f 314/445/250 312/443/249 273/444/249 274/446/250
f 316/447/251 314/445/250 274/446/250 275/448/251
f 318/449/252 316/447/251 275/448/251 276/450/252
f 320/451/253 318/449/252 276/450/252 277/452/253
f 322/453/254 320/451/253 277/452/253 278/454/254
f 324/455/255 322/456/254 278/457/254 279/458/255
f 326/459/256 324/455/255 279/458/255 280/460/256
f 629/461/257 326/459/256 280/460/256 625/462/257
f 330/463/258 328/464/259 281/465/259 282/466/258
f 332/467/260 330/463/258 282/466/258 283/468/260
f 619/469/261 332/467/260 283/468/260 615/470/261
f 336/471/262 334/472/263 284/473/263 285/474/262
f 338/475/264 336/471/262 285/474/262 286/476/264
f 340/477/265 338/478/264 286/479/264 287/480/265
f 342/481/266 340/477/265 287/480/265 288/482/266
f 344/483/267 342/481/266 288/482/266 289/484/267
f 346/485/268 344/483/267 289/484/267 290/486/268
f 348/487/269 346/485/268 290/486/268 291/488/269
f 350/489/270 348/487/269 291/488/269 292/490/270
f 352/491/271 350/489/270 292/490/270 293/492/271
f 354/493/272 352/491/271 293/492/271 294/494/272
f 356/495/273 354/496/272 294/497/272 295/498/273
f 358/499/274 356/495/273 295/498/273 296/500/274
f 360/428/245 358/499/274 296/500/274 297/429/245
f 490/350/184 364/349/184 363/344/179 492/343/178
f 302/435/246 300/501/275 267/502/275 268/436/246
f 267/503/9 266/504/9 297/505/9 296/506/9 295/507/9 294/508/9 293/509/9 292/510/9 291/511/9 290/512/9 289/513/9 288/514/9 287/515/9 286/516/9 285/517/9 284/518/9 615/519/9 283/520/9 282/521/9 281/522/9 625/523/9 280/524/9 279/525/9 278/526/9 277/527/9 276/528/9 275/529/9 274/530/9 273/531/9 272/532/9 271/533/9 270/534/9 269/535/9 268/536/9
f 357/537/9 359/538/9 422/539/9 420/540/9
f 331/541/9 333/542/9 396/543/9 394/544/9
f 305/432/9 307/545/9 370/546/9 368/433/9
f 359/538/9 361/547/9 424/548/9 422/539/9
f 618/549/9 335/550/9 398/551/9 617/552/9
f 307/545/9 309/553/9 372/554/9 370/546/9
f 361/547/9 298/555/9 365/556/9 424/548/9
f 335/550/9 337/557/9 400/558/9 398/551/9
f 309/553/9 311/559/9 374/560/9 372/554/9
f 337/557/9 339/561/9 402/562/9 400/558/9
f 311/559/9 313/563/9 376/564/9 374/560/9
f 339/561/9 341/565/9 404/566/9 402/562/9
f 313/563/9 315/567/9 378/568/9 376/564/9
f 341/565/9 343/569/9 406/570/9 404/566/9
f 315/567/9 317/571/9 380/572/9 378/568/9
f 343/569/9 345/573/9 408/574/9 406/570/9
f 317/571/9 319/575/9 382/576/9 380/572/9
f 345/573/9 347/577/9 410/578/9 408/574/9
f 319/575/9 321/579/9 384/580/9 382/576/9
f 347/577/9 349/581/9 412/582/9 410/578/9
f 321/579/9 323/583/9 386/584/9 384/580/9
f 349/581/9 351/585/9 414/586/9 412/582/9
f 323/583/9 325/587/9 388/588/9 386/584/9
f 351/585/9 353/589/9 416/590/9 414/586/9
f 325/587/9 327/591/9 390/592/9 388/588/9
f 298/555/9 301/593/9 362/594/9 365/556/9
f 353/589/9 355/595/9 418/596/9 416/590/9
f 628/597/9 329/598/9 392/599/9 627/600/9
f 301/593/9 303/431/9 366/434/9 362/594/9
f 355/595/9 357/537/9 420/540/9 418/596/9
f 329/598/9 331/541/9 394/544/9 392/599/9
f 363/344/276 364/349/277 365/601/277 362/602/278
f 367/603/279 363/604/276 362/594/278 366/434/280
f 369/605/281 367/603/279 366/434/280 368/433/282
f 371/606/283 369/605/281 368/433/282 370/546/284
f 373/607/285 371/606/283 370/546/284 372/554/286
f 375/608/287 373/607/285 372/554/286 374/560/288
f 377/609/289 375/608/287 374/560/288 376/564/290
f 379/610/291 377/609/289 376/564/290 378/568/291
f 381/611/292 379/610/291 378/568/291 380/572/293
f 383/612/294 381/611/292 380/572/293 382/576/295
f 385/613/296 383/612/294 382/576/295 384/580/297
f 387/614/298 385/613/296 384/580/297 386/584/299
f 389/615/300 387/614/298 386/584/299 388/588/301
f 391/616/302 389/615/300 388/588/301 390/592/303
f 626/617/304 391/616/302 390/592/303 627/600/304
f 395/618/305 393/619/306 392/599/307 394/544/305
f 397/620/308 395/618/305 394/544/305 396/543/309
f 616/621/310 397/620/308 396/543/309 617/552/310
f 401/622/311 399/623/312 398/551/313 400/558/314
f 403/624/315 401/622/311 400/558/314 402/562/316
f 405/625/317 403/624/315 402/562/316 404/566/318
f 407/626/319 405/625/317 404/566/318 406/570/320
f 409/627/321 407/626/319 406/570/320 408/574/322
f 411/628/323 409/627/321 408/574/322 410/578/323
f 413/629/324 411/628/323 410/578/323 412/582/325
f 415/630/326 413/629/324 412/582/325 414/586/327
f 417/631/328 415/630/326 414/586/327 416/590/329
f 419/632/330 417/631/328 416/590/329 418/596/331
f 421/633/332 419/632/330 418/596/331 420/540/333
f 423/634/334 421/633/332 420/540/333 422/539/335
f 425/348/336 423/417/334 422/635/335 424/636/337
f 364/349/277 425/348/336 424/636/337 365/601/277
f 301/593/338 298/555/339 299/637/339 300/638/340
f 303/431/341 301/593/338 300/638/340 302/639/342
f 305/432/343 303/431/341 302/639/342 304/640/344
f 307/545/345 305/432/343 304/640/344 306/641/346
f 309/553/347 307/545/345 306/641/346 308/642/348
f 311/559/349 309/553/347 308/642/348 310/643/350
f 313/644/351 311/645/349 310/441/350 312/443/352
f 315/646/353 313/644/351 312/443/352 314/445/353
f 317/647/354 315/646/353 314/445/353 316/447/355
f 319/575/356 317/571/354 316/648/355 318/649/357
f 321/579/358 319/575/356 318/649/357 320/650/359
f 323/583/360 321/579/358 320/650/359 322/651/361
f 325/587/362 323/583/360 322/651/361 324/652/363
f 327/653/364 325/654/362 324/455/363 326/459/365
f 628/655/366 327/653/364 326/459/365 629/461/366
f 331/656/367 329/657/368 328/464/369 330/463/367
f 333/658/370 331/656/367 330/463/367 332/467/371
f 618/659/372 333/658/370 332/467/371 619/469/372
f 337/557/373 335/550/374 334/660/375 336/661/376
f 339/561/377 337/557/373 336/661/376 338/662/378
f 341/565/379 339/561/377 338/662/378 340/663/380
f 343/569/381 341/565/379 340/663/380 342/664/382
f 345/573/383 343/569/381 342/664/382 344/665/384
f 347/666/385 345/667/383 344/483/384 346/485/385
f 349/668/386 347/666/385 346/485/385 348/487/387
f 351/585/388 349/581/386 348/669/387 350/670/389
f 353/589/390 351/585/388 350/670/389 352/671/391
f 355/595/392 353/589/390 352/671/391 354/672/393
f 357/537/394 355/595/392 354/672/393 356/673/395
f 359/538/396 357/537/394 356/673/395 358/674/397
f 361/547/398 359/538/396 358/674/397 360/675/399
f 298/555/339 361/547/398 360/675/399 299/637/339
f 300/501/275 299/427/244 266/430/244 267/502/275
f 426/676/13 427/677/13 428/678/13 429/679/13 430/680/13 431/681/13 432/682/13 433/683/13 434/684/13 435/685/13 436/686/13 437/687/13 438/688/13 439/689/13 440/690/13 630/691/13 441/692/13 442/693/13 443/694/13 620/695/13 444/696/13 445/697/13 446/698/13 447/699/13 448/700/13 449/701/13 450/424/13 451/423/13 452/702/13 453/703/13 454/704/13 455/705/13 456/706/13 457/707/13
f 438/688/13 437/687/13 815/708/13 817/709/13
f 452/702/13 451/423/13 843/426/13 845/710/13
f 439/689/13 438/688/13 817/709/13 819/711/13
f 453/703/13 452/702/13 845/710/13 847/712/13
f 440/690/13 439/689/13 819/711/13 821/713/13
f 454/704/13 453/703/13 847/712/13 849/714/13
f 251/715/400 678/716/401 859/717/402 820/718/403
f 426/676/13 457/707/13 855/719/13 792/720/13
f 455/705/13 454/704/13 849/714/13 851/721/13
f 660/722/404 657/723/405 636/724/406 637/725/407
f 429/679/13 428/678/13 797/726/13 799/727/13
f 456/706/13 455/705/13 851/721/13 853/728/13
f 442/693/13 441/692/13 823/729/13 825/730/13
f 430/680/13 429/679/13 799/727/13 801/731/13
f 457/707/13 456/706/13 853/728/13 855/719/13
f 675/732/408 663/733/409 638/734/410 642/735/411
f 431/681/13 430/680/13 801/731/13 803/736/13
f 748/737/412 675/738/413 642/739/414 747/740/415
f 432/682/13 431/681/13 803/736/13 805/741/13
f 237/742/416 238/743/417 794/744/418 793/745/258
f 444/696/13 620/695/13 856/746/13 829/747/13
f 433/683/13 432/682/13 805/741/13 807/748/13
f 447/699/13 446/698/13 833/749/13 835/750/13
f 434/684/13 433/683/13 807/748/13 809/751/13
f 448/700/13 447/699/13 835/750/13 837/752/13
f 435/685/13 434/684/13 809/751/13 811/753/13
f 449/701/13 448/700/13 837/752/13 839/754/13
f 436/686/13 435/685/13 811/753/13 813/755/13
f 450/424/13 449/701/13 839/754/13 841/425/13
f 437/687/13 436/686/13 813/755/13 815/708/13
f 265/756/419 237/742/416 793/745/258 854/757/420
f 238/743/417 239/758/421 796/759/422 794/744/418
f 239/758/421 240/760/423 798/761/424 796/759/422
f 240/760/423 241/762/425 800/763/426 798/761/424
f 241/764/425 242/765/427 802/766/428 800/767/426
f 242/765/427 243/768/429 804/769/430 802/766/428
f 243/768/429 244/770/431 806/771/432 804/769/430
f 244/770/431 245/772/433 808/773/268 806/771/432
f 245/772/433 246/774/434 810/775/435 808/773/268
f 246/774/434 247/776/436 812/777/437 810/775/435
f 247/776/436 248/778/438 814/779/439 812/777/437
f 248/778/438 249/780/440 816/781/441 814/779/439
f 249/782/440 250/783/442 818/784/443 816/785/441
f 250/783/442 251/715/400 820/718/403 818/784/443
f 441/692/13 630/691/13 858/786/13 823/729/13
f 661/787/444 664/788/445 826/789/446 824/790/244
f 620/695/13 443/694/13 827/791/13 856/746/13
f 664/788/445 676/792/447 857/793/448 826/789/446
f 252/794/449 253/795/450 830/796/451 828/797/452
f 253/795/450 254/798/453 832/799/454 830/796/451
f 254/800/453 255/801/455 834/802/456 832/803/454
f 255/801/455 256/804/457 836/805/458 834/802/456
f 256/804/457 257/806/459 838/807/460 836/805/458
f 257/806/459 258/808/461 840/809/250 838/807/460
f 258/808/461 259/810/462 842/811/463 840/809/250
f 259/810/462 260/812/464 844/813/465 842/811/463
f 260/812/464 261/814/466 846/815/467 844/813/465
f 261/816/466 262/817/468 848/818/469 846/819/467
f 262/817/468 263/820/470 850/821/471 848/818/469
f 263/820/470 264/822/472 852/823/473 850/821/471
f 264/822/472 265/756/419 854/757/420 852/823/473
f 428/678/13 427/677/13 795/824/13 797/726/13
f 613/825/474 458/826/475 459/827/476 586/828/477
f 587/829/478 460/830/479 462/831/480 588/832/481
f 612/833/482 489/834/483 461/835/484 614/836/485
f 611/837/486 488/838/487 489/834/483 612/833/482
f 610/839/488 487/840/489 488/838/487 611/837/486
f 609/841/490 486/842/491 487/840/489 610/839/488
f 608/843/492 485/844/493 486/845/491 609/846/490
f 607/847/494 484/848/495 485/844/493 608/843/492
f 606/849/496 483/850/496 484/848/495 607/847/494
f 605/851/497 482/852/498 483/850/496 606/849/496
f 604/853/499 481/854/500 482/852/498 605/851/497
f 603/855/501 480/856/502 481/854/500 604/853/499
f 602/857/503 479/858/504 480/856/502 603/855/501
f 601/859/505 478/860/506 479/861/504 602/862/503
f 600/863/507 477/864/508 478/860/506 601/859/505
f 681/865/509 711/866/510 644/867/511 600/863/507 779/868/512
f 670/869/513 673/870/514 641/871/515 640/872/516
f 666/873/517 670/869/513 640/872/516 639/874/518
f 778/875/519 599/876/520 645/877/521 712/878/522 700/879/523
f 598/880/524 472/881/525 473/882/526 599/876/520
f 597/883/527 471/884/528 472/881/525 598/880/524
f 596/885/529 470/886/530 471/887/528 597/888/527
f 595/889/531 469/890/532 470/886/530 596/885/529
f 594/891/533 468/892/534 469/890/532 595/889/531
f 593/893/535 467/894/535 468/892/534 594/891/533
f 592/895/536 466/896/537 467/894/535 593/893/535
f 591/897/538 465/898/539 466/896/537 592/895/536
f 590/899/540 464/900/541 465/898/539 591/897/538
f 589/901/542 463/902/543 464/900/541 590/899/540
f 588/832/481 462/831/480 463/903/543 589/904/542
f 614/836/485 461/835/484 458/826/475 613/825/474
f 586/828/477 459/827/476 460/830/479 587/829/478
f 583/905/184 490/350/184 492/343/178 522/906/544
f 524/907/545 493/346/181 494/351/185 526/908/546
f 580/909/547 521/418/241 491/347/182 585/910/548
f 578/911/549 520/416/239 521/418/241 580/909/547
f 576/912/550 519/413/237 520/416/239 578/911/549
f 574/913/551 518/410/235 519/412/237 576/914/550
f 572/915/552 517/408/233 518/410/235 574/913/551
f 570/916/553 516/406/231 517/408/233 572/915/552
f 568/917/229 515/404/229 516/406/231 570/916/553
f 566/918/554 514/402/228 515/404/229 568/917/229
f 564/919/555 513/400/226 514/402/228 566/918/554
f 562/920/556 512/398/224 513/400/226 564/919/555
f 560/921/557 511/395/222 512/398/224 562/920/556
f 558/922/558 510/392/220 511/394/222 560/923/557
f 556/924/559 509/390/218 510/392/220 558/922/558
f 624/925/560 622/387/215 509/390/218 556/924/559
f 552/926/212 507/384/212 508/386/214 554/927/561
f 550/928/562 506/382/211 507/384/212 552/926/212
f 634/929/563 632/379/208 506/382/211 550/928/562
f 546/930/564 504/376/205 505/378/207 548/931/565
f 544/932/566 503/373/203 504/376/205 546/930/564
f 542/933/567 502/370/201 503/372/203 544/934/566
f 540/935/568 501/368/199 502/370/201 542/933/567
f 538/936/569 500/366/197 501/368/199 540/935/568
f 536/937/195 499/364/195 500/366/197 538/936/569
f 534/938/570 498/362/194 499/364/195 536/937/195
f 532/939/571 497/360/192 498/362/194 534/938/570
f 530/940/572 496/358/190 497/360/192 532/939/571
f 528/941/573 495/355/188 496/358/190 530/940/572
f 526/908/546 494/351/185 495/354/188 528/942/573
f 585/910/548 491/347/182 490/350/184 583/905/184
f 522/906/544 492/343/178 493/346/181 524/907/545
f 459/827/476 523/943/574 525/944/575 460/830/479
f 523/943/574 522/906/544 524/907/545 525/944/575
f 461/835/484 584/945/576 582/946/577 458/826/475
f 584/945/576 585/910/548 583/905/184 582/946/577
f 462/831/480 527/947/578 529/948/579 463/903/543
f 527/947/578 526/908/546 528/942/573 529/948/579
f 463/902/543 529/949/579 531/950/580 464/900/541
f 529/949/579 528/941/573 530/940/572 531/950/580
f 464/900/541 531/950/580 533/951/581 465/898/539
f 531/950/580 530/940/572 532/939/571 533/951/581
f 465/898/539 533/951/581 535/952/582 466/896/537
f 533/951/581 532/939/571 534/938/570 535/952/582
f 466/896/537 535/952/582 537/953/195 467/894/535
f 535/952/582 534/938/570 536/937/195 537/953/195
f 467/894/535 537/953/195 539/954/583 468/892/534
f 537/953/195 536/937/195 538/936/569 539/954/583
f 468/892/534 539/954/583 541/955/584 469/890/532
f 539/954/583 538/936/569 540/935/568 541/955/584
f 469/890/532 541/955/584 543/956/585 470/886/530
f 541/955/584 540/935/568 542/933/567 543/956/585
f 470/886/530 543/956/585 545/957/586 471/887/528
f 543/956/585 542/933/567 544/934/566 545/957/586
f 471/884/528 545/958/586 547/959/587 472/881/525
f 545/958/586 544/932/566 546/930/564 547/959/587
f 472/881/525 547/959/587 549/960/588 473/882/526
f 547/959/587 546/930/564 548/931/565 549/960/588
f 631/961/589 633/962/590 551/963/591 474/964/592
f 633/962/590 634/929/563 550/928/562 551/963/591
f 474/964/592 551/963/591 553/965/593 475/966/594
f 551/963/591 550/928/562 552/926/212 553/965/593
f 475/966/594 553/965/593 555/967/595 476/968/596
f 553/965/593 552/926/212 554/927/561 555/967/595
f 621/969/597 623/970/598 557/971/599 477/864/508
f 623/970/598 624/925/560 556/924/559 557/971/599
f 477/864/508 557/971/599 559/972/600 478/860/506
f 557/971/599 556/924/559 558/922/558 559/972/600
f 478/860/506 559/972/600 561/973/601 479/861/504
f 559/972/600 558/922/558 560/923/557 561/973/601
f 479/858/504 561/974/601 563/975/602 480/856/502
f 561/974/601 560/921/557 562/920/556 563/975/602
f 480/856/502 563/975/602 565/976/603 481/854/500
f 563/975/602 562/920/556 564/919/555 565/976/603
f 481/854/500 565/976/603 567/977/604 482/852/498
f 565/976/603 564/919/555 566/918/554 567/977/604
f 482/852/498 567/977/604 569/978/229 483/850/496
f 567/977/604 566/918/554 568/917/229 569/978/229
f 483/850/496 569/978/229 571/979/605 484/848/495
f 569/978/229 568/917/229 570/916/553 571/979/605
f 484/848/495 571/979/605 573/980/606 485/844/493
f 571/979/605 570/916/553 572/915/552 573/980/606
f 485/844/493 573/980/606 575/981/607 486/845/491
f 573/980/606 572/915/552 574/913/551 575/981/607
f 486/842/491 575/982/607 577/983/608 487/840/489
f 575/982/607 574/984/551 576/912/550 577/983/608
f 487/840/489 577/983/608 579/985/609 488/838/487
f 577/983/608 576/912/550 578/911/549 579/985/609
f 488/838/487 579/985/609 581/986/610 489/834/483
f 579/985/609 578/911/549 580/909/547 581/986/610
f 489/834/483 581/986/610 584/945/576 461/835/484
f 581/986/610 580/909/547 585/910/548 584/945/576
f 460/830/479 525/944/575 527/947/578 462/831/480
f 525/944/575 524/907/545 526/908/546 527/947/578
f 458/826/475 582/946/577 523/943/574 459/827/476
f 582/946/577 583/905/184 522/906/544 523/943/574
f 765/987/611 586/828/477 587/829/478 766/988/612
f 764/989/613 614/836/485 613/825/474 763/990/614
f 767/991/615 588/832/481 589/904/542 768/992/616
f 768/993/616 589/901/542 590/899/540 769/994/617
f 769/994/617 590/899/540 591/897/538 770/995/618
f 770/995/618 591/897/538 592/895/536 771/996/619
f 771/996/619 592/895/536 593/893/535 772/997/535
f 772/997/535 593/893/535 594/891/533 773/998/620
f 773/998/620 594/891/533 595/889/531 774/999/621
f 774/999/621 595/889/531 596/885/529 775/1000/622
f 775/1000/622 596/885/529 597/888/527 776/1001/623
f 776/1002/623 597/883/527 598/880/524 777/1003/624
f 777/1003/624 598/880/524 599/876/520 778/875/519
f 717/1004/625 646/1005/626 631/961/589 474/964/592 713/1006/627
f 713/1006/627 474/964/592 475/966/594 714/1007/628
f 473/882/526 631/961/589 646/1005/626
f 673/870/514 684/1008/629 652/1009/630 641/871/515
f 779/868/512 600/863/507 601/859/505 780/1010/631
f 780/1010/631 601/859/505 602/862/503 781/1011/632
f 781/1012/632 602/857/503 603/855/501 782/1013/633
f 782/1013/633 603/855/501 604/853/499 783/1014/634
f 783/1014/634 604/853/499 605/851/497 784/1015/635
f 784/1015/635 605/851/497 606/849/496 785/1016/496
f 785/1016/496 606/849/496 607/847/494 786/1017/636
f 786/1017/636 607/847/494 608/843/492 787/1018/637
f 787/1018/637 608/843/492 609/846/490 788/1019/638
f 788/1020/638 609/841/490 610/839/488 789/1021/639
f 789/1021/639 610/839/488 611/837/486 790/1022/640
f 790/1022/640 611/837/486 612/833/482 791/1023/641
f 791/1023/641 612/833/482 614/836/485 764/989/613
f 766/988/612 587/829/478 588/832/481 767/991/615
f 763/990/614 613/825/474 586/828/477 765/987/611
f 443/694/13 442/693/13 825/730/13 827/791/13
f 555/967/595 554/927/561 624/925/560 623/970/598
f 476/968/596 555/967/595 623/970/598 621/969/597
f 554/927/561 508/386/214 622/387/215 624/925/560
f 630/691/13 440/690/13 821/713/13 858/786/13
f 446/698/13 445/697/13 831/1024/13 833/749/13
f 697/1025/642 666/873/517 639/874/518 648/1026/643
f 335/1027/374 618/659/372 619/469/372 334/472/375
f 399/623/312 616/621/310 617/552/310 398/551/313
f 333/542/9 618/549/9 617/552/9 396/543/9
f 334/472/263 619/469/261 615/470/261 284/473/263
f 508/386/214 397/385/213 616/388/216 622/387/215
f 714/1007/628 475/966/594 476/968/596 715/1028/644
f 549/960/588 548/931/565 634/929/563 633/962/590
f 473/882/526 549/960/588 633/962/590 631/961/589
f 548/931/565 505/378/207 632/379/208 634/929/563
f 711/866/510 694/1029/645 685/1030/646 716/1031/647
f 658/1032/648 661/787/444 824/790/244 822/1033/649
f 752/1034/650 699/1035/651 647/1036/652 751/1037/653
f 329/657/368 628/655/366 629/461/366 328/464/369
f 393/619/306 626/617/304 627/600/304 392/599/307
f 327/591/9 628/597/9 627/600/9 390/592/9
f 328/464/259 629/461/257 625/462/257 281/465/259
f 505/378/207 391/377/206 626/380/209 632/379/208
f 643/1038/654 621/969/597 477/864/508
f 678/716/401 658/1032/648 822/1033/649 859/717/402
f 676/792/447 252/794/449 828/797/452 857/793/448
f 715/1028/644 476/968/596 621/969/597 643/1038/654 716/1031/647
f 663/733/409 660/722/404 637/725/407 638/734/410
f 682/1039/655 653/1040/656 656/1041/657 687/1042/658
f 651/1043/659 702/1044/660 697/1025/642 648/1026/643
f 650/1045/661 705/1046/662 702/1044/660 651/1043/659
f 755/1047/663 756/1048/664 705/1049/662 650/1050/661
f 647/1036/652 699/1035/651 708/1051/665 649/1052/666
f 693/1053/667 654/1054/668 652/1009/630 684/1008/629
f 690/1055/669 655/1056/670 654/1054/668 693/1053/667
f 758/1057/671 709/1058/672 700/879/523 712/878/522
f 760/1059/673 759/1060/674 655/1061/670 690/1062/669
f 445/697/13 444/696/13 829/747/13 831/1024/13
f 679/1063/675 657/723/405 659/1064/676 680/1065/677
f 680/1066/678 659/1067/679 658/1032/648 678/716/401
f 657/723/405 660/722/404 662/1068/680 659/1064/676
f 659/1067/679 662/1069/681 661/787/444 658/1032/648
f 660/722/404 663/733/409 665/1070/682 662/1068/680
f 662/1069/681 665/1071/683 664/788/445 661/787/444
f 667/1072/684 669/1073/685 671/1074/686 668/1075/687
f 668/1076/688 671/1077/689 670/869/513 666/873/517
f 669/1073/685 672/1078/690 674/1079/691 671/1074/686
f 671/1077/689 674/1080/692 673/870/514 670/869/513
f 663/733/409 675/732/408 677/1081/693 665/1070/682
f 665/1071/683 677/1082/694 676/792/447 664/788/445
f 682/1039/655 687/1042/658 689/1083/695 683/1084/696
f 683/1085/697 689/1086/698 688/1087/699 681/865/509
f 760/1059/673 690/1062/669 692/1088/700 761/1089/701
f 761/1090/702 692/1091/703 691/1092/704 762/1093/705
f 690/1055/669 693/1053/667 695/1094/706 692/1095/700
f 692/1091/703 695/1096/707 694/1029/645 691/1092/704
f 693/1053/667 684/1008/629 686/1097/708 695/1094/706
f 695/1096/707 686/1098/709 685/1030/646 694/1029/645
f 697/1025/642 702/1044/660 704/1099/710 698/1100/711
f 698/1101/712 704/1102/713 703/1103/714 696/1104/715
f 702/1044/660 705/1046/662 707/1105/716 704/1099/710
f 704/1102/713 707/1106/717 706/1107/718 703/1103/714
f 756/1048/664 708/1051/665 710/1108/719 757/1109/720
f 757/1110/721 710/1111/722 709/1058/672 758/1057/671
f 708/1051/665 699/1035/651 701/1112/723 710/1108/719
f 710/1111/722 701/1113/724 700/879/523 709/1058/672
f 748/737/412 682/1039/655 683/1084/696 749/1114/725
f 749/1115/726 683/1085/697 681/865/509 750/1116/727
f 684/1008/629 673/870/514 674/1080/692 686/1097/708
f 686/1098/709 674/1079/691 672/1078/690 685/1030/646
f 696/1104/715 667/1072/684 668/1075/687 698/1101/712
f 698/1100/711 668/1076/688 666/873/517 697/1025/642
f 752/1034/650 679/1117/728 680/1118/729 753/1119/730
f 753/1120/731 680/1066/732 678/716/732 754/1121/733
f 657/723/405 679/1063/675 635/1122/734 636/724/406
f 711/866/510 691/1092/704 694/1029/645
f 717/1004/625 712/878/522 645/877/521 646/1005/626
f 669/1073/685 714/1007/628 715/1028/644 672/1078/690
f 667/1072/684 713/1006/627 714/1007/628 669/1073/685
f 696/1104/715 717/1004/625 713/1006/627 667/1072/684
f 672/1078/690 715/1028/644 716/1031/647 685/1030/646
f 696/1104/715 703/1103/714 712/878/522 717/1004/625
f 644/867/511 711/866/510 716/1031/647 643/1038/654
f 237/742/416 745/1123/614 718/1124/735 238/743/417
f 239/758/421 719/1125/736 720/1126/737 240/760/423
f 264/822/472 744/1127/738 746/1128/739 265/756/419
f 263/820/470 743/1129/740 744/1127/738 264/822/472
f 262/817/468 742/1130/741 743/1129/740 263/820/470
f 261/816/466 741/1131/742 742/1130/741 262/817/468
f 260/812/464 740/1132/743 741/1133/742 261/814/466
f 259/810/462 739/1134/744 740/1132/743 260/812/464
f 258/808/461 738/1135/496 739/1134/744 259/810/462
f 257/806/459 737/1136/745 738/1135/496 258/808/461
f 256/804/457 736/1137/746 737/1136/745 257/806/459
f 255/801/455 735/1138/747 736/1137/746 256/804/457
f 254/800/453 734/1139/748 735/1138/747 255/801/455
f 253/795/450 733/1140/749 734/1141/748 254/798/453
f 252/794/449 732/1142/750 733/1140/749 253/795/450
f 250/783/442 730/1143/751 731/1144/752 251/715/400
f 249/782/440 729/1145/753 730/1143/751 250/783/442
f 248/778/438 728/1146/754 729/1147/753 249/780/440
f 247/776/436 727/1148/755 728/1146/754 248/778/438
f 246/774/434 726/1149/756 727/1148/755 247/776/436
f 245/772/433 725/1150/535 726/1149/756 246/774/434
f 244/770/431 724/1151/757 725/1150/535 245/772/433
f 243/768/429 723/1152/758 724/1151/757 244/770/431
f 242/765/427 722/1153/759 723/1152/758 243/768/429
f 241/764/425 721/1154/760 722/1153/759 242/765/427
f 240/760/423 720/1126/737 721/1155/760 241/762/425
f 265/756/419 746/1128/739 745/1123/614 237/742/416
f 238/743/417 718/1124/735 719/1125/736 239/758/421
f 677/1082/761 749/1115/726 750/1116/727 676/792/761
f 675/738/413 748/737/412 749/1114/725 677/1156/762
f 682/1039/655 748/737/412 747/740/415 653/1040/656
f 701/1113/724 753/1120/731 754/1121/733 700/879/523
f 699/1035/651 752/1034/650 753/1119/730 701/1112/723
f 679/1117/728 752/1034/650 751/1037/653 635/1157/763
f 251/715/400 731/1144/752 754/1121/764 678/716/401
f 676/792/447 750/1116/765 732/1142/750 252/794/449
f 600/863/507 644/867/511 477/864/508
f 599/876/520 473/882/526 645/877/521
f 645/877/521 473/882/526 646/1005/626
f 644/867/511 643/1038/654 477/864/508
f 707/1106/717 757/1110/721 758/1057/671 706/1107/718
f 705/1049/662 756/1048/664 757/1109/720 707/1158/716
f 649/1052/666 708/1051/665 756/1048/664 755/1047/663
f 689/1086/698 761/1090/702 762/1093/705 688/1087/699
f 687/1042/658 760/1059/673 761/1089/701 689/1083/695
f 687/1042/658 656/1041/657 759/1060/674 760/1059/673
f 711/866/510 762/1093/705 691/1092/704
f 703/1103/714 706/1107/718 712/878/522
f 706/1107/718 758/1057/671 712/878/522
f 681/865/509 688/1087/699 762/1093/705 711/866/510
f 745/1123/614 763/990/614 765/987/611 718/1124/735
f 719/1125/736 766/988/612 767/991/615 720/1126/737
f 744/1127/738 791/1023/641 764/989/613 746/1128/739
f 743/1129/740 790/1022/640 791/1023/641 744/1127/738
f 742/1130/741 789/1021/639 790/1022/640 743/1129/740
f 741/1131/742 788/1020/638 789/1021/639 742/1130/741
f 740/1132/743 787/1018/637 788/1019/638 741/1133/742
f 739/1134/744 786/1017/636 787/1018/637 740/1132/743
f 738/1135/496 785/1016/496 786/1017/636 739/1134/744
f 737/1136/745 784/1015/635 785/1016/496 738/1135/496
f 736/1137/746 783/1014/634 784/1015/635 737/1136/745
f 735/1138/747 782/1013/633 783/1014/634 736/1137/746
f 734/1139/748 781/1012/632 782/1013/633 735/1138/747
f 733/1140/749 780/1010/631 781/1011/632 734/1141/748
f 732/1142/750 779/868/512 780/1010/631 733/1140/749
f 730/1143/751 777/1003/624 778/875/519 731/1144/752
f 729/1145/753 776/1002/623 777/1003/624 730/1143/751
f 728/1146/754 775/1000/622 776/1001/623 729/1147/753
f 727/1148/755 774/999/621 775/1000/622 728/1146/754
f 726/1149/756 773/998/620 774/999/621 727/1148/755
f 725/1150/535 772/997/535 773/998/620 726/1149/756
f 724/1151/757 771/996/619 772/997/535 725/1150/535
f 723/1152/758 770/995/618 771/996/619 724/1151/757
f 722/1153/759 769/994/617 770/995/618 723/1152/758
f 721/1154/760 768/993/616 769/994/617 722/1153/759
f 720/1126/737 767/991/615 768/992/616 721/1155/760
f 746/1128/739 764/989/613 763/990/614 745/1123/614
f 718/1124/735 765/987/611 766/988/612 719/1125/736
f 731/1144/752 778/875/519 700/879/523 754/1121/764
f 750/1116/765 681/865/509 779/868/512 732/1142/750
f 793/1159/766 794/1160/767 795/824/768 792/720/766
f 794/1160/767 796/1161/769 797/726/770 795/824/768
f 796/1161/769 798/1162/771 799/727/772 797/726/770
f 798/1162/771 800/1163/773 801/731/774 799/727/772
f 800/1163/773 802/1164/775 803/736/776 801/731/774
f 802/1164/775 804/1165/777 805/741/778 803/736/776
f 804/1165/777 806/1166/779 807/748/780 805/741/778
f 806/1166/779 808/1167/781 809/751/781 807/748/780
f 808/1167/781 810/1168/782 811/753/783 809/751/781
f 810/1168/782 812/1169/784 813/755/785 811/753/783
f 812/1169/784 814/1170/786 815/708/787 813/755/785
f 814/1170/786 816/1171/788 817/709/789 815/708/787
f 816/1171/788 818/1172/790 819/711/791 817/709/789
f 818/1172/790 820/1173/792 821/713/793 819/711/791
f 859/1174/794 822/1175/795 823/729/796 858/786/797
f 822/1175/795 824/1176/798 825/730/799 823/729/796
f 824/1176/798 826/1177/800 827/791/801 825/730/799
f 857/1178/802 828/1179/803 829/747/804 856/746/805
f 828/1179/803 830/1180/806 831/1024/807 829/747/804
f 830/1180/806 832/1181/808 833/749/809 831/1024/807
f 832/1181/808 834/1182/810 835/750/811 833/749/809
f 834/1182/810 836/1183/812 837/752/813 835/750/811
f 836/1183/812 838/1184/814 839/754/815 837/752/813
f 838/1184/814 840/1185/816 841/425/816 839/754/815
f 840/1185/816 842/1186/817 843/426/818 841/425/816
f 842/1186/817 844/1187/819 845/710/820 843/426/818
f 844/1187/819 846/1188/821 847/712/822 845/710/820
f 846/1188/821 848/1189/823 849/714/824 847/712/822
f 848/1189/823 850/1190/825 851/721/826 849/714/824
f 850/1190/825 852/1191/827 853/728/828 851/721/826
f 852/1191/827 854/1192/829 855/719/830 853/728/828
f 854/1192/829 793/1159/766 792/720/766 855/719/830
f 826/1177/800 857/1178/802 856/746/805 827/791/801
f 820/1173/792 859/1174/794 858/786/797 821/713/793
f 427/677/13 426/676/13 792/720/13 795/824/13
f 863/1193/244 866/1194/244 873/1195/244 875/1196/244 876/1197/244 877/1198/244 874/1199/244 867/1200/244
f 861/1201/244 864/1202/244 865/1203/244 862/1204/244
f 862/1204/244 865/1203/244 866/1194/244 863/1193/244
f 860/1205/244 868/1206/244 870/1207/244 871/1208/244 872/1209/244 869/1210/244 864/1202/244 861/1201/244
f 878/1211/831 891/1212/832 890/1213/833
f 879/1214/834 891/1215/832 893/1216/835
f 878/1211/831 890/1213/833 895/1217/836
f 878/1211/831 895/1217/836 897/1218/837
f 878/1211/831 897/1218/837 894/1219/838
f 879/1214/834 893/1216/835 900/1220/839
f 880/1221/840 892/1222/841 902/1223/244
f 881/1224/842 896/1225/843 904/1226/844
f 882/1227/845 898/1228/846 906/1229/847
f 883/1230/848 899/1231/849 908/1232/850
f 879/1214/834 900/1220/839 903/1233/851
f 880/1221/840 902/1223/244 905/1234/852
f 881/1224/842 904/1226/844 907/1235/853
f 912/1236/854 887/1237/854 921/1238/854 922/1239/854
f 883/1240/848 908/1241/850 901/1242/855
f 884/1243/856 909/1244/857 914/1245/858
f 885/1246/859 910/1247/860 916/1248/861
f 886/1249/862 911/1250/863 917/1251/864
f 887/1252/865 912/1253/866 918/1254/867
f 888/1255/868 913/1256/869 915/1257/870
f 915/1258/870 918/1259/867 889/1260/871
f 915/1258/870 913/1261/869 918/1259/867
f 913/1261/869 887/1262/865 918/1259/867
f 918/1259/867 917/1263/864 889/1260/871
f 918/1259/867 912/1264/866 917/1263/864
f 912/1265/866 886/1266/862 917/1267/864
f 917/1263/864 916/1248/861 889/1260/871
f 917/1263/864 911/1268/863 916/1248/861
f 911/1250/863 885/1269/859 916/1270/861
f 916/1248/861 914/1245/858 889/1260/871
f 916/1248/861 910/1247/860 914/1245/858
f 910/1271/860 884/1272/856 914/1273/858
f 914/1245/858 915/1258/870 889/1260/871
f 914/1245/858 909/1244/857 915/1258/870
f 909/1274/857 888/1255/868 915/1257/870
f 901/1242/855 913/1256/869 888/1255/868
f 901/1242/855 908/1241/850 913/1256/869
f 908/1275/850 887/1276/865 913/1277/869
f 906/1278/872 912/1279/872 922/1280/872 919/1281/872
f 908/1282/873 899/1283/873 923/1284/873 924/1285/873
f 906/1286/847 886/1266/862 912/1265/866
f 907/1235/853 911/1250/863 886/1249/862
f 907/1235/853 904/1226/844 911/1250/863
f 904/1226/844 885/1269/859 911/1250/863
f 905/1234/852 910/1271/860 885/1287/859
f 905/1234/852 902/1223/244 910/1271/860
f 902/1223/244 884/1272/856 910/1271/860
f 903/1288/851 909/1289/857 884/1272/856
f 903/1233/851 900/1220/839 909/1274/857
f 900/1220/839 888/1255/868 909/1274/857
f 882/1290/874 906/1278/874 919/1281/874 920/1291/874
f 887/1292/875 908/1282/875 924/1285/875 921/1293/875
f 899/1294/876 882/1295/876 920/1296/876 923/1297/876
f 906/1298/847 907/1235/853 886/1249/862
f 906/1298/847 898/1299/846 907/1235/853
f 898/1299/846 881/1224/842 907/1235/853
f 904/1226/844 905/1300/852 885/1269/859
f 904/1226/844 896/1225/843 905/1300/852
f 896/1301/843 880/1221/840 905/1234/852
f 902/1223/244 903/1288/851 884/1272/856
f 902/1223/244 892/1222/841 903/1288/851
f 892/1222/841 879/1302/834 903/1288/851
f 900/1220/839 901/1242/855 888/1255/868
f 900/1220/839 893/1216/835 901/1242/855
f 893/1216/835 883/1240/848 901/1242/855
f 894/1219/838 899/1303/849 883/1304/848
f 894/1219/838 897/1218/837 899/1303/849
f 897/1305/837 882/1306/845 899/1307/849
f 897/1218/837 898/1308/846 882/1309/845
f 897/1218/837 895/1217/836 898/1308/846
f 895/1310/836 881/1224/842 898/1299/846
f 895/1310/836 896/1225/843 881/1224/842
f 895/1217/836 890/1213/833 896/1311/843
f 890/1213/833 880/1312/840 896/1311/843
f 893/1216/835 894/1313/838 883/1240/848
f 893/1314/835 891/1212/832 894/1219/838
f 891/1212/832 878/1211/831 894/1219/838
f 890/1315/833 892/1222/841 880/1221/840
f 890/1213/833 891/1212/832 892/1316/841
f 891/1212/832 879/1317/834 892/1316/841
f 1211/1318/9 1208/1319/877 991/1320/878 990/1321/879
f 926/1322/877 927/1323/880 1202/1324/880 1207/1325/877
f 927/1323/880 928/1326/881 1198/1327/881 1202/1324/880
f 928/1326/881 929/1328/882 1196/1329/882 1198/1327/881
f 929/1330/882 930/1331/883 1192/1332/883 1196/1333/882
f 930/1331/883 931/1334/884 1190/1335/884 1192/1332/883
f 931/1334/884 932/1336/885 1186/1337/885 1190/1335/884
f 932/1336/885 933/1338/250 1184/1339/250 1186/1337/885
f 933/1338/250 934/1340/886 1180/1341/886 1184/1339/250
f 934/1340/886 935/1342/887 1178/1343/887 1180/1341/886
f 935/1342/887 936/1344/888 1174/1345/888 1178/1343/887
f 936/1344/888 937/1346/889 1172/1347/889 1174/1345/888
f 937/1348/889 938/1349/890 1168/1350/890 1172/1351/889
f 938/1349/890 939/1352/891 1166/1353/891 1168/1350/890
f 939/1352/891 940/1354/892 1162/1355/892 1166/1353/891
f 940/1354/892 941/1356/13 1160/1357/13 1162/1355/892
f 941/1356/13 942/1358/893 1156/1359/893 1160/1357/13
f 942/1358/893 943/1360/894 1154/1361/894 1156/1359/893
f 943/1360/894 944/1362/895 1150/1363/895 1154/1361/894
f 944/1362/895 945/1364/896 1148/1365/896 1150/1363/895
f 945/1366/896 946/1367/897 1144/1368/897 1148/1369/896
f 946/1367/897 947/1370/898 1142/1371/898 1144/1368/897
f 947/1370/898 948/1372/899 1138/1373/899 1142/1371/898
f 948/1372/899 949/1374/268 1136/1375/268 1138/1373/899
f 949/1374/268 950/1376/900 1132/1377/900 1136/1375/268
f 950/1376/900 951/1378/901 1130/1379/901 1132/1377/900
f 951/1378/901 952/1380/902 1126/1381/902 1130/1379/901
f 952/1380/902 953/1382/903 1124/1383/903 1126/1381/902
f 1117/1384/904 1204/1385/905 1051/1386/906 1049/1387/907
f 954/1388/908 955/1389/904 1118/1390/904 1120/1391/908
f 957/1392/893 958/1393/13 1055/1394/909 1054/1395/910
f 956/1396/905 925/1397/9 1210/1398/9 1205/1399/905
f 976/1400/881 975/1401/911 1090/1402/912 1092/1403/913
f 1079/1404/244 1077/1405/244 1014/1406/244 1016/1407/244
f 977/1408/882 976/1400/881 1092/1403/913 1094/1409/914
f 1081/1410/244 1079/1404/244 1016/1407/244 1018/1411/244
f 978/1412/883 977/1413/882 1094/1414/914 1096/1415/915
f 1083/1416/244 1081/1410/244 1018/1411/244 1020/1417/244
f 979/1418/884 978/1412/883 1096/1415/915 1098/1419/916
f 1085/1420/244 1083/1416/244 1020/1417/244 1022/1421/244
f 980/1422/885 979/1418/884 1098/1419/916 1100/1423/917
f 1087/1424/244 1085/1420/244 1022/1421/244 1024/1425/244
f 981/1426/250 980/1422/885 1100/1423/917 1102/1427/918
f 1089/1428/244 1087/1424/244 1024/1425/244 1026/1429/244
f 982/1430/886 981/1426/250 1102/1427/918 1104/1431/919
f 1091/1432/244 1089/1428/244 1026/1429/244 1028/1433/244
f 983/1434/887 982/1430/886 1104/1431/919 1106/1435/920
f 1093/1436/244 1091/1432/244 1028/1433/244 1030/1437/244
f 984/1438/888 983/1434/887 1106/1435/920 1108/1439/921
f 1095/1440/244 1093/1436/244 1030/1437/244 1032/1441/244
f 985/1442/889 984/1438/888 1108/1439/921 1110/1443/922
f 959/1444/894 957/1392/893 1054/1395/910 1058/1445/923
f 1097/1446/244 1095/1440/244 1032/1441/244 1034/1447/244
f 986/1448/890 985/1449/889 1110/1450/922 1112/1451/924
f 958/1393/13 988/1452/892 1116/1453/925 1055/1394/909
f 1099/1454/244 1097/1446/244 1034/1447/244 1036/1455/244
f 987/1456/891 986/1448/890 1112/1451/924 1114/1457/926
f 961/1458/896 960/1459/895 1060/1460/927 1062/1461/928
f 1101/1462/244 1099/1454/244 1036/1455/244 1038/1463/244
f 988/1452/892 987/1456/891 1114/1457/926 1116/1453/925
f 962/1464/929 961/1465/896 1062/1466/928 1064/1467/930
f 1103/1468/244 1101/1462/244 1038/1463/244 1040/1469/244
f 963/1470/898 962/1464/929 1064/1467/930 1066/1471/931
f 1105/1472/244 1103/1468/244 1040/1469/244 1042/1473/244
f 960/1459/895 959/1444/894 1058/1445/923 1060/1460/927
f 964/1474/899 963/1470/898 1066/1471/931 1068/1475/932
f 1107/1476/244 1105/1472/244 1042/1473/244 1044/1477/244
f 1053/1478/244 1056/1479/244 989/1480/244 992/1481/244
f 965/1482/268 964/1474/899 1068/1475/932 1070/1483/933
f 1109/1484/244 1107/1476/244 1044/1477/244 1046/1485/244
f 1057/1486/244 1053/1478/244 992/1481/244 994/1487/244
f 966/1488/900 965/1482/268 1070/1483/933 1072/1489/934
f 1111/1490/244 1109/1484/244 1046/1485/244 1048/1491/244
f 1059/1492/244 1057/1486/244 994/1487/244 996/1493/244
f 967/1494/901 966/1488/900 1072/1489/934 1074/1495/935
f 1113/1496/244 1111/1490/244 1048/1491/244 1050/1497/244
f 1061/1498/244 1059/1492/244 996/1493/244 998/1499/244
f 968/1500/936 967/1494/901 1074/1495/935 1076/1501/937
f 1115/1502/244 1113/1496/244 1050/1497/244 1052/1503/244
f 1063/1504/244 1061/1498/244 998/1499/244 1000/1505/244
f 969/1506/903 968/1500/936 1076/1501/937 1078/1507/938
f 1056/1479/244 1115/1502/244 1052/1503/244 989/1480/244
f 1065/1508/244 1063/1504/244 1000/1505/244 1002/1509/244
f 970/1510/908 969/1511/903 1078/1512/938 1080/1513/939
f 1067/1514/244 1065/1508/244 1002/1509/244 1004/1515/244
f 971/1516/940 970/1510/908 1080/1513/939 1082/1517/941
f 1069/1518/244 1067/1514/244 1004/1515/244 1006/1519/244
f 972/1520/905 971/1516/940 1082/1517/941 1084/1521/942
f 1071/1522/244 1069/1518/244 1006/1519/244 1008/1523/244
f 973/1524/9 972/1520/905 1084/1521/942 1086/1525/943
f 1073/1526/244 1071/1522/244 1008/1523/244 1010/1527/244
f 974/1528/877 973/1524/9 1086/1525/943 1088/1529/944
f 1075/1530/244 1073/1526/244 1010/1527/244 1012/1531/244
f 975/1401/911 974/1528/877 1088/1529/944 1090/1402/912
f 1077/1405/244 1075/1530/244 1012/1531/244 1014/1406/244
f 1054/1395/910 1055/1394/909 1056/1532/945 1053/1533/946
f 1058/1445/923 1054/1395/910 1053/1533/946 1057/1534/947
f 1060/1460/927 1058/1445/923 1057/1534/947 1059/1535/948
f 1062/1461/928 1060/1460/927 1059/1535/948 1061/1536/949
f 1064/1467/930 1062/1466/928 1061/1537/949 1063/1538/950
f 1066/1471/931 1064/1467/930 1063/1538/950 1065/1539/951
f 1068/1475/932 1066/1471/931 1065/1539/951 1067/1540/952
f 1070/1483/933 1068/1475/932 1067/1540/952 1069/1541/953
f 1072/1489/934 1070/1483/933 1069/1541/953 1071/1542/954
f 1074/1495/935 1072/1489/934 1071/1542/954 1073/1543/955
f 1076/1501/937 1074/1495/935 1073/1543/955 1075/1544/956
f 1078/1507/938 1076/1501/937 1075/1544/956 1077/1545/957
f 1080/1513/939 1078/1512/938 1077/1546/957 1079/1547/958
f 1082/1517/941 1080/1513/939 1079/1547/958 1081/1548/959
f 1084/1521/942 1082/1517/941 1081/1548/959 1083/1549/960
f 1086/1525/943 1084/1521/942 1083/1549/960 1085/1550/961
f 1088/1529/944 1086/1525/943 1085/1550/961 1087/1551/962
f 1090/1402/912 1088/1529/944 1087/1551/962 1089/1552/963
f 1092/1403/913 1090/1402/912 1089/1552/963 1091/1553/964
f 1094/1409/914 1092/1403/913 1091/1553/964 1093/1554/965
f 1096/1415/915 1094/1414/914 1093/1555/965 1095/1556/966
f 1098/1419/916 1096/1415/915 1095/1556/966 1097/1557/967
f 1100/1423/917 1098/1419/916 1097/1557/967 1099/1558/968
f 1102/1427/918 1100/1423/917 1099/1558/968 1101/1559/969
f 1104/1431/919 1102/1427/918 1101/1559/969 1103/1560/970
f 1106/1435/920 1104/1431/919 1103/1560/970 1105/1561/971
f 1108/1439/921 1106/1435/920 1105/1561/971 1107/1562/972
f 1110/1443/922 1108/1439/921 1107/1562/972 1109/1563/973
f 1112/1451/924 1110/1450/922 1109/1564/973 1111/1565/974
f 1114/1457/926 1112/1451/924 1111/1565/974 1113/1566/975
f 1116/1453/925 1114/1457/926 1113/1566/975 1115/1567/976
f 1055/1394/909 1116/1453/925 1115/1567/976 1056/1532/945
f 992/1568/962 989/1569/961 990/1321/879 991/1320/878
f 994/1570/977 992/1568/962 991/1320/878 993/1571/978
f 996/1572/979 994/1570/977 993/1571/978 995/1573/980
f 998/1574/981 996/1572/979 995/1573/980 997/1575/982
f 1000/1576/966 998/1577/981 997/1578/982 999/1579/983
f 1002/1580/984 1000/1576/966 999/1579/983 1001/1581/985
f 1004/1582/968 1002/1580/984 1001/1581/985 1003/1583/986
f 1006/1584/969 1004/1582/968 1003/1583/986 1005/1585/987
f 1008/1586/970 1006/1584/969 1005/1585/987 1007/1587/988
f 1010/1588/989 1008/1586/970 1007/1587/988 1009/1589/990
f 1012/1590/972 1010/1588/989 1009/1589/990 1011/1591/991
f 1014/1592/992 1012/1590/972 1011/1591/991 1013/1593/993
f 1016/1594/994 1014/1595/992 1013/1596/993 1015/1597/995
f 1018/1598/996 1016/1594/994 1015/1597/995 1017/1599/997
f 1020/1600/998 1018/1598/996 1017/1599/997 1019/1601/999
f 1022/1602/1000 1020/1600/998 1019/1601/999 1021/1603/1001
f 1024/1604/1002 1022/1602/1000 1021/1603/1001 1023/1605/1003
f 1026/1606/1004 1024/1604/1002 1023/1605/1003 1025/1607/1005
f 1028/1608/1006 1026/1606/1004 1025/1607/1005 1027/1609/1007
f 1030/1610/1008 1028/1608/1006 1027/1609/1007 1029/1611/1009
f 1032/1612/950 1030/1613/1008 1029/1614/1009 1031/1615/1010
f 1034/1616/951 1032/1612/950 1031/1615/1010 1033/1617/1011
f 1036/1618/952 1034/1616/951 1033/1617/1011 1035/1619/1012
f 1038/1620/1013 1036/1618/952 1035/1619/1012 1037/1621/1014
f 1040/1622/954 1038/1620/1013 1037/1621/1014 1039/1623/1015
f 1042/1624/1016 1040/1622/954 1039/1623/1015 1041/1625/1017
f 1044/1626/956 1042/1624/1016 1041/1625/1017 1043/1627/1018
f 1046/1628/1019 1044/1626/956 1043/1627/1018 1045/1629/1020
f 1048/1630/1021 1046/1631/1019 1045/1632/1020 1047/1633/1022
f 1050/1634/1023 1048/1630/1021 1047/1633/1022 1049/1387/907
f 1052/1635/960 1050/1634/1023 1049/1387/907 1051/1386/906
f 989/1569/961 1052/1635/960 1051/1386/906 990/1321/879
f 925/1397/9 926/1322/877 1207/1325/877 1210/1398/9
f 1208/1319/877 1201/1636/880 993/1571/978 991/1320/878
f 1121/1637/908 1117/1384/904 1049/1387/907 1047/1633/1022
f 953/1638/903 954/1388/908 1120/1391/908 1124/1639/903
f 1123/1640/903 1121/1637/908 1047/1633/1022 1045/1632/1020
f 1127/1641/902 1123/1642/903 1045/1629/1020 1043/1627/1018
f 1129/1643/901 1127/1641/902 1043/1627/1018 1041/1625/1017
f 1133/1644/900 1129/1643/901 1041/1625/1017 1039/1623/1015
f 1135/1645/268 1133/1644/900 1039/1623/1015 1037/1621/1014
f 1139/1646/899 1135/1645/268 1037/1621/1014 1035/1619/1012
f 1141/1647/898 1139/1646/899 1035/1619/1012 1033/1617/1011
f 1145/1648/897 1141/1647/898 1033/1617/1011 1031/1615/1010
f 1147/1649/896 1145/1648/897 1031/1615/1010 1029/1614/1009
f 1151/1650/895 1147/1651/896 1029/1611/1009 1027/1609/1007
f 1153/1652/894 1151/1650/895 1027/1609/1007 1025/1607/1005
f 1157/1653/893 1153/1652/894 1025/1607/1005 1023/1605/1003
f 1159/1654/13 1157/1653/893 1023/1605/1003 1021/1603/1001
f 1163/1655/892 1159/1654/13 1021/1603/1001 1019/1601/999
f 1165/1656/891 1163/1655/892 1019/1601/999 1017/1599/997
f 1169/1657/890 1165/1656/891 1017/1599/997 1015/1597/995
f 1171/1658/889 1169/1657/890 1015/1597/995 1013/1596/993
f 1175/1659/888 1171/1660/889 1013/1593/993 1011/1591/991
f 1177/1661/887 1175/1659/888 1011/1591/991 1009/1589/990
f 1181/1662/886 1177/1661/887 1009/1589/990 1007/1587/988
f 1183/1663/250 1181/1662/886 1007/1587/988 1005/1585/987
f 1187/1664/885 1183/1663/250 1005/1585/987 1003/1583/986
f 1189/1665/884 1187/1664/885 1003/1583/986 1001/1581/985
f 1193/1666/883 1189/1665/884 1001/1581/985 999/1579/983
f 1195/1667/882 1193/1666/883 999/1579/983 997/1578/982
f 1199/1668/881 1195/1669/882 997/1575/982 995/1573/980
f 1201/1636/880 1199/1668/881 995/1573/980 993/1571/978
f 1204/1385/905 1211/1318/9 990/1321/879 1051/1386/906
f 1211/1670/1024 1204/1671/1025 1206/1672/1025 1212/1673/1024
f 1212/1674/1026 1206/1675/1027 1205/1399/1027 1210/1398/1026
f 1199/1676/1028 1201/1677/1029 1203/1678/1029 1200/1679/1030
f 1200/1680/1031 1203/1681/1032 1202/1682/1033 1198/1683/1034
f 1187/1684/1035 1189/1685/1036 1191/1686/1036 1188/1687/1035
f 1188/1688/1037 1191/1689/1038 1190/1335/1038 1186/1337/1039
f 1181/1690/1040 1183/1691/1041 1185/1692/1041 1182/1693/1040
f 1182/1694/1042 1185/1695/1043 1184/1339/1043 1180/1341/1044
f 1175/1696/1045 1177/1697/1046 1179/1698/1046 1176/1699/1047
f 1176/1700/1048 1179/1701/1049 1178/1343/1049 1174/1345/1048
f 1169/1702/1050 1171/1703/1051 1173/1704/1051 1170/1705/1050
f 1170/1706/1052 1173/1707/1053 1172/1708/1054 1168/1709/1055
f 1163/1655/1056 1165/1656/1057 1167/1710/1057 1164/1711/1056
f 1164/1711/1058 1167/1710/1059 1166/1353/1060 1162/1355/1061
f 1157/1653/1062 1159/1654/1063 1161/1712/1064 1158/1713/1062
f 1158/1713/1065 1161/1712/1066 1160/1357/1067 1156/1359/1065
f 1151/1650/1068 1153/1652/1069 1155/1714/1069 1152/1715/1070
f 1152/1715/1071 1155/1714/1072 1154/1361/1072 1150/1363/1071
f 1145/1716/1073 1147/1717/1074 1149/1718/1075 1146/1719/1073
f 1146/1720/1076 1149/1721/1077 1148/1722/1078 1144/1723/1079
f 1139/1646/1080 1141/1647/1081 1143/1724/1082 1140/1725/1080
f 1140/1725/1083 1143/1724/1084 1142/1371/1084 1138/1373/1085
f 1133/1644/1086 1135/1645/1087 1137/1726/1087 1134/1727/1086
f 1134/1727/1088 1137/1726/1089 1136/1375/1089 1132/1377/1090
f 1127/1641/1091 1129/1643/1092 1131/1728/1092 1128/1729/1091
f 1128/1730/1093 1131/1731/1094 1130/1732/1094 1126/1733/1095
f 1121/1734/1096 1123/1735/1097 1125/1736/1098 1122/1737/1096
f 1122/1738/1099 1125/1739/1100 1124/1740/1101 1120/1741/1102
f 1204/1671/1025 1117/1742/1103 1119/1743/1104 1206/1672/1025
f 1206/1675/1027 1119/1744/1105 1118/1390/1106 1205/1399/1027
f 1208/1745/1107 1211/1670/1024 1212/1673/1024 1209/1746/1107
f 1209/1747/1108 1212/1674/1026 1210/1398/1026 1207/1325/1108
f 1193/1748/1109 1195/1749/1110 1197/1750/1110 1194/1751/1109
f 1194/1752/1111 1197/1753/1112 1196/1754/1113 1192/1755/1111
f 1189/1685/1036 1193/1748/1109 1194/1751/1109 1191/1686/1036
f 1191/1689/1038 1194/1756/1111 1192/1332/1111 1190/1335/1038
f 1195/1749/1110 1199/1676/1028 1200/1679/1030 1197/1750/1110
f 1197/1753/1112 1200/1680/1031 1198/1683/1034 1196/1754/1113
f 1183/1691/1041 1187/1684/1035 1188/1687/1035 1185/1692/1041
f 1185/1695/1043 1188/1688/1037 1186/1337/1039 1184/1339/1043
f 1177/1697/1046 1181/1690/1040 1182/1693/1040 1179/1698/1046
f 1179/1701/1049 1182/1694/1042 1180/1341/1044 1178/1343/1049
f 1171/1703/1051 1175/1696/1045 1176/1699/1047 1173/1704/1051
f 1173/1707/1053 1176/1757/1048 1174/1758/1048 1172/1708/1054
f 1165/1759/1057 1169/1702/1050 1170/1705/1050 1167/1760/1057
f 1167/1710/1059 1170/1761/1052 1168/1350/1055 1166/1353/1060
f 1159/1654/1063 1163/1655/1056 1164/1711/1056 1161/1712/1064
f 1161/1712/1066 1164/1711/1058 1162/1355/1061 1160/1357/1067
f 1153/1652/1069 1157/1653/1062 1158/1713/1062 1155/1714/1069
f 1155/1714/1072 1158/1713/1065 1156/1359/1065 1154/1361/1072
f 1147/1717/1074 1151/1762/1068 1152/1763/1070 1149/1718/1075
f 1149/1721/1077 1152/1764/1071 1150/1765/1071 1148/1722/1078
f 1141/1647/1081 1145/1648/1073 1146/1766/1073 1143/1724/1082
f 1143/1767/1084 1146/1720/1076 1144/1723/1079 1142/1768/1084
f 1135/1645/1087 1139/1646/1080 1140/1725/1080 1137/1726/1087
f 1137/1726/1089 1140/1725/1083 1138/1373/1085 1136/1375/1089
f 1129/1643/1092 1133/1644/1086 1134/1727/1086 1131/1728/1092
f 1131/1728/1094 1134/1727/1088 1132/1377/1090 1130/1379/1094
f 1123/1735/1097 1127/1769/1091 1128/1770/1091 1125/1736/1098
f 1125/1739/1100 1128/1730/1093 1126/1733/1095 1124/1740/1101
f 1117/1742/1103 1121/1734/1096 1122/1737/1096 1119/1743/1104
f 1119/1771/1105 1122/1738/1099 1120/1741/1102 1118/1772/1106
f 1201/1677/1029 1208/1745/1107 1209/1746/1107 1203/1678/1029
f 1203/1773/1032 1209/1747/1108 1207/1325/1108 1202/1324/1033
f 955/1389/904 956/1396/905 1205/1399/905 1118/1390/904
f 1499/1774/9 1278/1775/879 1279/1776/906 1496/1777/905
f 1214/1778/905 1495/1779/905 1490/1780/904 1215/1781/904
f 1215/1781/904 1490/1780/904 1486/1782/908 1216/1783/908
f 1216/1783/908 1486/1782/908 1484/1784/903 1217/1785/903
f 1217/1786/903 1484/1787/903 1480/1788/902 1218/1789/902
f 1218/1789/902 1480/1788/902 1478/1790/901 1219/1791/901
f 1219/1791/901 1478/1790/901 1474/1792/900 1220/1793/900
f 1220/1793/900 1474/1792/900 1472/1794/268 1221/1795/268
f 1221/1795/268 1472/1794/268 1468/1796/899 1222/1797/899
f 1222/1797/899 1468/1796/899 1466/1798/898 1223/1799/898
f 1223/1799/898 1466/1798/898 1462/1800/897 1224/1801/897
f 1224/1801/897 1462/1800/897 1460/1802/896 1225/1803/896
f 1225/1804/896 1460/1805/896 1456/1806/895 1226/1807/895
f 1226/1807/895 1456/1806/895 1454/1808/894 1227/1809/894
f 1227/1809/894 1454/1808/894 1450/1810/893 1228/1811/893
f 1228/1811/893 1450/1810/893 1448/1812/13 1229/1813/13
f 1229/1813/13 1448/1812/13 1444/1814/892 1230/1815/892
f 1230/1815/892 1444/1814/892 1442/1816/891 1231/1817/891
f 1231/1817/891 1442/1816/891 1438/1818/890 1232/1819/890
f 1232/1819/890 1438/1818/890 1436/1820/889 1233/1821/889
f 1233/1822/889 1436/1823/889 1432/1824/888 1234/1825/888
f 1234/1825/888 1432/1824/888 1430/1826/887 1235/1827/887
f 1235/1827/887 1430/1826/887 1426/1828/886 1236/1829/886
f 1236/1829/886 1426/1828/886 1424/1830/250 1237/1831/250
f 1237/1831/250 1424/1830/250 1420/1832/885 1238/1833/885
f 1238/1833/885 1420/1832/885 1418/1834/884 1239/1835/884
f 1239/1835/884 1418/1834/884 1414/1836/883 1240/1837/883
f 1240/1837/883 1414/1836/883 1412/1838/882 1241/1839/882
f 1405/1840/880 1337/1841/978 1339/1842/878 1492/1843/877
f 1242/1844/881 1408/1845/881 1406/1846/880 1243/1847/880
f 1245/1848/892 1342/1849/1114 1343/1850/909 1246/1851/13
f 1244/1852/877 1493/1853/877 1498/1854/9 1213/1855/9
f 1264/1856/908 1380/1857/1115 1378/1858/1116 1263/1859/940
f 1367/1860/244 1304/1861/244 1302/1862/244 1365/1863/244
f 1265/1864/903 1382/1865/938 1380/1857/1115 1264/1856/908
f 1369/1866/244 1306/1867/244 1304/1861/244 1367/1860/244
f 1266/1868/902 1384/1869/937 1382/1870/938 1265/1871/903
f 1371/1872/244 1308/1873/244 1306/1867/244 1369/1866/244
f 1267/1874/901 1386/1875/1117 1384/1869/937 1266/1868/902
f 1373/1876/244 1310/1877/244 1308/1873/244 1371/1872/244
f 1268/1878/900 1388/1879/934 1386/1875/1117 1267/1874/901
f 1375/1880/244 1312/1881/244 1310/1877/244 1373/1876/244
f 1269/1882/268 1390/1883/933 1388/1879/934 1268/1878/900
f 1377/1884/244 1314/1885/244 1312/1881/244 1375/1880/244
f 1270/1886/899 1392/1887/1118 1390/1883/933 1269/1882/268
f 1379/1888/244 1316/1889/244 1314/1885/244 1377/1884/244
f 1271/1890/898 1394/1891/1119 1392/1887/1118 1270/1886/899
f 1381/1892/244 1318/1893/244 1316/1889/244 1379/1888/244
f 1272/1894/897 1396/1895/930 1394/1891/1119 1271/1890/898
f 1383/1896/244 1320/1897/244 1318/1893/244 1381/1892/244
f 1273/1898/896 1398/1899/928 1396/1895/930 1272/1894/897
f 1247/1900/891 1346/1901/926 1342/1849/1114 1245/1848/892
f 1385/1902/244 1322/1903/244 1320/1897/244 1383/1896/244
f 1274/1904/895 1400/1905/927 1398/1906/928 1273/1907/896
f 1246/1851/13 1343/1850/909 1404/1908/1120 1276/1909/893
f 1387/1910/244 1324/1911/244 1322/1903/244 1385/1902/244
f 1275/1912/894 1402/1913/923 1400/1905/927 1274/1904/895
f 1249/1914/889 1350/1915/922 1348/1916/1121 1248/1917/890
f 1389/1918/244 1326/1919/244 1324/1911/244 1387/1910/244
f 1276/1909/893 1404/1908/1120 1402/1913/923 1275/1912/894
f 1250/1920/1122 1352/1921/921 1350/1922/922 1249/1923/889
f 1391/1924/244 1328/1925/244 1326/1919/244 1389/1918/244
f 1251/1926/887 1354/1927/920 1352/1921/921 1250/1920/1122
f 1393/1928/244 1330/1929/244 1328/1925/244 1391/1924/244
f 1248/1917/890 1348/1916/1121 1346/1901/926 1247/1900/891
f 1252/1930/886 1356/1931/919 1354/1927/920 1251/1926/887
f 1395/1932/244 1332/1933/244 1330/1929/244 1393/1928/244
f 1341/1934/244 1280/1935/244 1277/1936/244 1344/1937/244
f 1253/1938/250 1358/1939/1123 1356/1931/919 1252/1930/886
f 1397/1940/244 1334/1941/244 1332/1933/244 1395/1932/244
f 1345/1942/244 1282/1943/244 1280/1935/244 1341/1934/244
f 1254/1944/885 1360/1945/1124 1358/1939/1123 1253/1938/250
f 1399/1946/244 1336/1947/244 1334/1941/244 1397/1940/244
f 1347/1948/244 1284/1949/244 1282/1943/244 1345/1942/244
f 1255/1950/884 1362/1951/1125 1360/1945/1124 1254/1944/885
f 1401/1952/244 1338/1953/244 1336/1947/244 1399/1946/244
f 1349/1954/244 1286/1955/244 1284/1949/244 1347/1948/244
f 1256/1956/1126 1364/1957/915 1362/1951/1125 1255/1950/884
f 1403/1958/244 1340/1959/244 1338/1953/244 1401/1952/244
f 1351/1960/244 1288/1961/244 1286/1955/244 1349/1954/244
f 1257/1962/882 1366/1963/914 1364/1957/915 1256/1956/1126
f 1344/1937/244 1277/1936/244 1340/1959/244 1403/1958/244
f 1353/1964/244 1290/1965/244 1288/1961/244 1351/1960/244
f 1258/1966/881 1368/1967/1127 1366/1968/914 1257/1969/882
f 1355/1970/244 1292/1971/244 1290/1965/244 1353/1964/244
f 1259/1972/911 1370/1973/1128 1368/1967/1127 1258/1966/881
f 1357/1974/244 1294/1975/244 1292/1971/244 1355/1970/244
f 1260/1976/877 1372/1977/944 1370/1973/1128 1259/1972/911
f 1359/1978/244 1296/1979/244 1294/1975/244 1357/1974/244
f 1261/1980/9 1374/1981/943 1372/1977/944 1260/1976/877
f 1361/1982/244 1298/1983/244 1296/1979/244 1359/1978/244
f 1262/1984/905 1376/1985/942 1374/1981/943 1261/1980/9
f 1363/1986/244 1300/1987/244 1298/1983/244 1361/1982/244
f 1263/1859/940 1378/1858/1116 1376/1985/942 1262/1984/905
f 1365/1863/244 1302/1862/244 1300/1987/244 1363/1986/244
f 1342/1849/1114 1341/1988/1129 1344/1989/1130 1343/1850/909
f 1346/1901/926 1345/1990/1131 1341/1988/1129 1342/1849/1114
f 1348/1916/1121 1347/1991/1132 1345/1990/1131 1346/1901/926
f 1350/1915/922 1349/1992/992 1347/1991/1132 1348/1916/1121
f 1352/1921/921 1351/1993/972 1349/1994/992 1350/1922/922
f 1354/1927/920 1353/1995/1133 1351/1993/972 1352/1921/921
f 1356/1931/919 1355/1996/970 1353/1995/1133 1354/1927/920
f 1358/1939/1123 1357/1997/969 1355/1996/970 1356/1931/919
f 1360/1945/1124 1359/1998/1134 1357/1997/969 1358/1939/1123
f 1362/1951/1125 1361/1999/1135 1359/1998/1134 1360/1945/1124
f 1364/1957/915 1363/2000/1136 1361/1999/1135 1362/1951/1125
f 1366/1963/914 1365/2001/965 1363/2000/1136 1364/1957/915
f 1368/1967/1127 1367/2002/1137 1365/2003/965 1366/1968/914
f 1370/1973/1128 1369/2004/1138 1367/2002/1137 1368/1967/1127
f 1372/1977/944 1371/2005/962 1369/2004/1138 1370/1973/1128
f 1374/1981/943 1373/2006/961 1371/2005/962 1372/1977/944
f 1376/1985/942 1375/2007/960 1373/2006/961 1374/1981/943
f 1378/1858/1116 1377/2008/1139 1375/2007/960 1376/1985/942
f 1380/1857/1115 1379/2009/1140 1377/2008/1139 1378/1858/1116
f 1382/1865/938 1381/2010/957 1379/2009/1140 1380/1857/1115
f 1384/1869/937 1383/2011/1141 1381/2012/957 1382/1870/938
f 1386/1875/1117 1385/2013/955 1383/2011/1141 1384/1869/937
f 1388/1879/934 1387/2014/954 1385/2013/955 1386/1875/1117
f 1390/1883/933 1389/2015/1013 1387/2014/954 1388/1879/934
f 1392/1887/1118 1391/2016/952 1389/2015/1013 1390/1883/933
f 1394/1891/1119 1393/2017/951 1391/2016/952 1392/1887/1118
f 1396/1895/930 1395/2018/950 1393/2017/951 1394/1891/1119
f 1398/1899/928 1397/2019/949 1395/2018/950 1396/1895/930
f 1400/1905/927 1399/2020/1142 1397/2021/949 1398/1906/928
f 1402/1913/923 1401/2022/1143 1399/2020/1142 1400/1905/927
f 1404/1908/1120 1403/2023/1144 1401/2022/1143 1402/1913/923
f 1343/1850/909 1344/1989/1130 1403/2023/1144 1404/1908/1120
f 1280/2024/960 1279/1776/906 1278/1775/879 1277/2025/961
f 1282/2026/1023 1281/2027/907 1279/1776/906 1280/2024/960
f 1284/2028/1145 1283/2029/1146 1281/2027/907 1282/2026/1023
f 1286/2030/1147 1285/2031/1020 1283/2029/1146 1284/2028/1145
f 1288/2032/956 1287/2033/1018 1285/2034/1020 1286/2035/1147
f 1290/2036/1016 1289/2037/1017 1287/2033/1018 1288/2032/956
f 1292/2038/954 1291/2039/1015 1289/2037/1017 1290/2036/1016
f 1294/2040/1013 1293/2041/1014 1291/2039/1015 1292/2038/954
f 1296/2042/952 1295/2043/1012 1293/2041/1014 1294/2040/1013
f 1298/2044/1148 1297/2045/1149 1295/2043/1012 1296/2042/952
f 1300/2046/950 1299/2047/1010 1297/2045/1149 1298/2044/1148
f 1302/2048/1008 1301/2049/1009 1299/2047/1010 1300/2046/950
f 1304/2050/1006 1303/2051/1007 1301/2052/1009 1302/2053/1008
f 1306/2054/1150 1305/2055/1151 1303/2051/1007 1304/2050/1006
f 1308/2056/1002 1307/2057/1152 1305/2055/1151 1306/2054/1150
f 1310/2058/1000 1309/2059/1001 1307/2057/1152 1308/2056/1002
f 1312/2060/1153 1311/2061/999 1309/2059/1001 1310/2058/1000
f 1314/2062/1154 1313/2063/997 1311/2061/999 1312/2060/1153
f 1316/2064/1155 1315/2065/995 1313/2063/997 1314/2062/1154
f 1318/2066/992 1317/2067/993 1315/2065/995 1316/2064/1155
f 1320/2068/972 1319/2069/991 1317/2070/993 1318/2071/992
f 1322/2072/1156 1321/2073/1157 1319/2069/991 1320/2068/972
f 1324/2074/970 1323/2075/988 1321/2073/1157 1322/2072/1156
f 1326/2076/969 1325/2077/987 1323/2075/988 1324/2074/970
f 1328/2078/968 1327/2079/986 1325/2077/987 1326/2076/969
f 1330/2080/984 1329/2081/985 1327/2079/986 1328/2078/968
f 1332/2082/966 1331/2083/1158 1329/2081/985 1330/2080/984
f 1334/2084/1159 1333/2085/982 1331/2083/1158 1332/2082/966
f 1336/2086/1160 1335/2087/980 1333/2088/982 1334/2089/1159
f 1338/2090/1161 1337/1841/978 1335/2087/980 1336/2086/1160
f 1340/2091/962 1339/1842/878 1337/1841/978 1338/2090/1161
f 1277/2025/961 1278/1775/879 1339/1842/878 1340/2091/962
f 1213/1855/9 1498/1854/9 1495/1779/905 1214/1778/905
f 1496/1777/905 1279/1776/906 1281/2027/907 1489/2092/904
f 1409/2093/881 1335/2087/980 1337/1841/978 1405/1840/880
f 1241/2094/882 1412/2095/882 1408/1845/881 1242/1844/881
f 1411/2096/882 1333/2088/982 1335/2087/980 1409/2093/881
f 1415/2097/883 1331/2083/1158 1333/2085/982 1411/2098/882
f 1417/2099/884 1329/2081/985 1331/2083/1158 1415/2097/883
f 1421/2100/885 1327/2079/986 1329/2081/985 1417/2099/884
f 1423/2101/250 1325/2077/987 1327/2079/986 1421/2100/885
f 1427/2102/886 1323/2075/988 1325/2077/987 1423/2101/250
f 1429/2103/887 1321/2073/1157 1323/2075/988 1427/2102/886
f 1433/2104/888 1319/2069/991 1321/2073/1157 1429/2103/887
f 1435/2105/889 1317/2070/993 1319/2069/991 1433/2104/888
f 1439/2106/890 1315/2065/995 1317/2067/993 1435/2107/889
f 1441/2108/891 1313/2063/997 1315/2065/995 1439/2106/890
f 1445/2109/892 1311/2061/999 1313/2063/997 1441/2108/891
f 1447/2110/13 1309/2059/1001 1311/2061/999 1445/2109/892
f 1451/2111/893 1307/2057/1152 1309/2059/1001 1447/2110/13
f 1453/2112/894 1305/2055/1151 1307/2057/1152 1451/2111/893
f 1457/2113/895 1303/2051/1007 1305/2055/1151 1453/2112/894
f 1459/2114/896 1301/2052/1009 1303/2051/1007 1457/2113/895
f 1463/2115/897 1299/2047/1010 1301/2049/1009 1459/2116/896
f 1465/2117/898 1297/2045/1149 1299/2047/1010 1463/2115/897
f 1469/2118/899 1295/2043/1012 1297/2045/1149 1465/2117/898
f 1471/2119/268 1293/2041/1014 1295/2043/1012 1469/2118/899
f 1475/2120/900 1291/2039/1015 1293/2041/1014 1471/2119/268
f 1477/2121/901 1289/2037/1017 1291/2039/1015 1475/2120/900
f 1481/2122/902 1287/2033/1018 1289/2037/1017 1477/2121/901
f 1483/2123/903 1285/2034/1020 1287/2033/1018 1481/2122/902
f 1487/2124/908 1283/2029/1146 1285/2031/1020 1483/2125/903
f 1489/2092/904 1281/2027/907 1283/2029/1146 1487/2124/908
f 1492/1843/877 1339/1842/878 1278/1775/879 1499/1774/9
f 1499/2126/1162 1500/2127/1163 1494/2128/1107 1492/2129/1107
f 1500/2130/1026 1498/1854/1026 1493/1853/1164 1494/2131/1164
f 1487/2132/1165 1488/2133/1165 1491/2134/1166 1489/2135/1166
f 1488/2136/1167 1486/2137/1167 1490/2138/1168 1491/2139/1169
f 1475/2120/1170 1476/2140/1170 1479/2141/1171 1477/2121/1171
f 1476/2140/1172 1474/1792/1172 1478/1790/1173 1479/2141/1173
f 1469/2118/1174 1470/2142/1174 1473/2143/1175 1471/2119/1175
f 1470/2142/1176 1468/1796/1177 1472/1794/1178 1473/2143/1178
f 1463/2115/1179 1464/2144/1179 1467/2145/1180 1465/2117/1181
f 1464/2146/1182 1462/2147/1182 1466/2148/1183 1467/2149/1184
f 1457/2150/1070 1458/2151/1068 1461/2152/1074 1459/2153/1074
f 1458/2154/1185 1456/2155/1185 1460/2156/1078 1461/2157/1186
f 1451/2111/1187 1452/2158/1188 1455/2159/1189 1453/2112/1189
f 1452/2158/1190 1450/1810/1190 1454/1808/1191 1455/2159/1191
f 1445/2109/1192 1446/2160/1192 1449/2161/1064 1447/2110/1063
f 1446/2160/1193 1444/1814/1193 1448/1812/1066 1449/2161/1066
f 1439/2162/1194 1440/2163/1195 1443/2164/1057 1441/2165/1057
f 1440/2166/1196 1438/1818/1196 1442/1816/1060 1443/2167/1060
f 1433/2168/1197 1434/2169/1198 1437/2170/1199 1435/2171/1200
f 1434/2172/1201 1432/2173/1202 1436/2174/1203 1437/2175/1203
f 1427/2176/1040 1428/2177/1040 1431/2178/1204 1429/2179/1205
f 1428/2180/1206 1426/1828/1207 1430/1826/1049 1431/2181/1049
f 1421/2182/1035 1422/2183/1208 1425/2184/1209 1423/2185/1209
f 1422/2186/1210 1420/1832/1211 1424/1830/1043 1425/2187/1043
f 1415/2188/1212 1416/2189/1212 1419/2190/1213 1417/2191/1213
f 1416/2192/1214 1414/1836/1214 1418/1834/1038 1419/2193/1038
f 1409/2194/1215 1410/2195/1215 1413/2196/1216 1411/2197/1216
f 1410/2198/1217 1408/2199/1217 1412/2200/1218 1413/2201/1219
f 1492/2129/1107 1494/2128/1107 1407/2202/1220 1405/2203/1221
f 1494/2131/1164 1493/1853/1164 1406/1846/1222 1407/2204/1222
f 1496/2205/1025 1497/2206/1025 1500/2127/1163 1499/2126/1162
f 1497/2207/1223 1495/1779/1223 1498/1854/1026 1500/2130/1026
f 1481/2208/1091 1482/2209/1091 1485/2210/1224 1483/2211/1224
f 1482/2212/1095 1480/2213/1095 1484/2214/1225 1485/2215/1226
f 1477/2121/1171 1479/2141/1171 1482/2216/1091 1481/2122/1091
f 1479/2217/1173 1478/2218/1173 1480/2213/1095 1482/2212/1095
f 1483/2211/1224 1485/2210/1224 1488/2133/1165 1487/2132/1165
f 1485/2215/1226 1484/2214/1225 1486/2137/1167 1488/2136/1167
f 1471/2119/1175 1473/2143/1175 1476/2140/1170 1475/2120/1170
f 1473/2143/1178 1472/1794/1178 1474/1792/1172 1476/2140/1172
f 1465/2117/1181 1467/2145/1180 1470/2142/1174 1469/2118/1174
f 1467/2145/1184 1466/1798/1183 1468/1796/1177 1470/2142/1176
f 1459/2153/1074 1461/2152/1074 1464/2219/1179 1463/2220/1179
f 1461/2157/1186 1460/2156/1078 1462/2147/1182 1464/2146/1182
f 1453/2112/1189 1455/2159/1189 1458/2221/1068 1457/2113/1070
f 1455/2159/1191 1454/1808/1191 1456/1806/1185 1458/2221/1185
f 1447/2110/1063 1449/2161/1064 1452/2158/1188 1451/2111/1187
f 1449/2161/1066 1448/1812/1066 1450/1810/1190 1452/2158/1190
f 1441/2108/1057 1443/2167/1057 1446/2160/1192 1445/2109/1192
f 1443/2167/1060 1442/1816/1060 1444/1814/1193 1446/2160/1193
f 1435/2171/1200 1437/2170/1199 1440/2163/1195 1439/2162/1194
f 1437/2175/1203 1436/2174/1203 1438/2222/1196 1440/2223/1196
f 1429/2179/1205 1431/2178/1204 1434/2169/1198 1433/2168/1197
f 1431/2181/1049 1430/1826/1049 1432/1824/1202 1434/2224/1201
f 1423/2185/1209 1425/2184/1209 1428/2177/1040 1427/2176/1040
f 1425/2187/1043 1424/1830/1043 1426/1828/1207 1428/2180/1206
f 1417/2191/1213 1419/2190/1213 1422/2183/1208 1421/2182/1035
f 1419/2193/1038 1418/1834/1038 1420/1832/1211 1422/2186/1210
f 1411/2197/1216 1413/2196/1216 1416/2189/1212 1415/2188/1212
f 1413/2201/1219 1412/2200/1218 1414/2225/1214 1416/2226/1214
f 1405/2203/1221 1407/2202/1220 1410/2195/1215 1409/2194/1215
f 1407/2227/1222 1406/2228/1222 1408/2199/1217 1410/2198/1217
f 1489/2135/1166 1491/2134/1166 1497/2206/1025 1496/2205/1025
f 1491/2229/1169 1490/1780/1168 1495/1779/1223 1497/2207/1223
f 1243/1847/880 1406/1846/880 1493/1853/877 1244/1852/877
f 1501/2230/1227 1502/2231/1227 1504/2232/1227 1503/2233/1227
f 1503/2233/1228 1504/2232/1228 1506/2234/1228 1505/2235/1228
f 1505/2236/1229 1506/2237/1229 1508/2238/1229 1507/2239/1229
f 1507/2240/1230 1508/2241/1230 1510/2242/1230 1509/2243/1230
f 1504/2244/244 1502/2245/244 1512/2246/244 1510/2247/244 1508/2248/244 1506/2249/244
f 1509/2243/1231 1510/2242/1231 1512/2250/1231 1511/2251/1231
f 1511/2252/1232 1512/2253/1232 1502/2254/1232 1501/2255/1232
f 1513/2256/1233 1514/2257/1233 1516/2258/1233 1515/2259/1233
f 1515/2259/1234 1516/2258/1234 1518/2260/1234 1517/2261/1234
f 1517/2262/1235 1518/2263/1235 1520/2264/1235 1519/2265/1235
f 1519/2266/1236 1520/2267/1236 1522/2268/1236 1521/2269/1236
f 1516/2270/244 1514/2271/244 1524/2272/244 1522/2273/244 1520/2274/244 1518/2275/244
f 1521/2269/1237 1522/2268/1237 1524/2276/1237 1523/2277/1237
f 1523/2278/1238 1524/2279/1238 1514/2280/1238 1513/2281/1238
f 1525/2282/1239 1526/2283/1239 1528/2284/1239 1527/2285/1239
f 1527/2286/1240 1528/2287/1240 1530/2288/1240 1529/2289/1240
f 1529/2289/1241 1530/2288/1241 1532/2290/1241 1531/2291/1241
f 1531/2292/1242 1532/2293/1242 1534/2294/1242 1533/2295/1242
f 1528/2296/244 1526/2297/244 1536/2298/244 1534/2299/244 1532/2300/244 1530/2301/244
f 1533/2302/1243 1534/2303/1243 1536/2304/1243 1535/2305/1243
f 1535/2305/1244 1536/2304/1244 1526/2306/1244 1525/2307/1244
f 1537/2308/1245 1538/2309/1245 1540/2310/1245 1539/2311/1245
f 1539/2312/1246 1540/2313/1246 1542/2314/1246 1541/2315/1246
f 1541/2316/1247 1542/2317/1247 1544/2318/1247 1543/2319/1247
f 1543/2319/1248 1544/2318/1248 1546/2320/1248 1545/2321/1248
f 1540/2322/244 1538/2323/244 1548/2324/244 1546/2325/244 1544/2326/244 1542/2327/244
f 1545/2328/1249 1546/2329/1249 1548/2330/1249 1547/2331/1249
f 1547/2332/1250 1548/2333/1250 1538/2309/1250 1537/2308/1250
f 1549/2334/1251 1550/2335/1251 1552/2336/1251 1551/2337/1251
f 1551/2338/1252 1552/2339/1252 1554/2340/1252 1553/2341/1252
f 1553/2341/1253 1554/2340/1253 1556/2342/1253 1555/2343/1253
f 1555/2344/1254 1556/2345/1254 1558/2346/1254 1557/2347/1254
f 1552/2348/244 1550/2349/244 1560/2350/244 1558/2351/244 1556/2352/244 1554/2353/244
f 1557/2354/1255 1558/2355/1255 1560/2356/1255 1559/2357/1255
f 1559/2357/1256 1560/2356/1256 1550/2358/1256 1549/2359/1256
f 1561/2360/1227 1562/2361/1227 1564/2362/1227 1563/2363/1227
f 1563/2363/1228 1564/2362/1228 1566/2364/1228 1565/2365/1228
f 1565/2366/1229 1566/2367/1229 1568/2368/1229 1567/2369/1229
f 1567/2370/1230 1568/2371/1230 1570/2372/1230 1569/2373/1230
f 1564/2374/244 1562/2375/244 1572/2376/244 1570/2377/244 1568/2378/244 1566/2379/244
f 1569/2373/1257 1570/2372/1257 1572/2380/1257 1571/2381/1257
f 1571/2382/1232 1572/2383/1232 1562/2384/1232 1561/2385/1232
f 1573/2386/1258 1575/2387/1258 1576/2388/1258 1574/2389/1258
f 1575/2387/1259 1577/2390/1259 1578/2391/1259 1576/2388/1259
f 1577/2392/1260 1579/2393/1260 1580/2394/1260 1578/2395/1260
f 1579/2396/1261 1581/2397/1261 1582/2398/1261 1580/2399/1261
f 1576/2400/244 1578/2401/244 1580/2402/244 1582/2403/244 1584/2404/244 1574/2405/244
f 1581/2397/1262 1583/2406/1262 1584/2407/1262 1582/2398/1262
f 1583/2408/1263 1573/2409/1263 1574/2410/1263 1584/2411/1263
f 1585/2412/1264 1587/2413/1264 1588/2414/1264 1586/2415/1264
f 1587/2413/1265 1589/2416/1265 1590/2417/1265 1588/2414/1265
f 1589/2418/1266 1591/2419/1266 1592/2420/1266 1590/2421/1266
f 1591/2422/1267 1593/2423/1267 1594/2424/1267 1592/2425/1267
f 1588/2426/244 1590/2427/244 1592/2428/244 1594/2429/244 1596/2430/244 1586/2431/244
f 1593/2423/1268 1595/2432/1268 1596/2433/1268 1594/2424/1268
f 1595/2434/1269 1585/2435/1269 1586/2436/1269 1596/2437/1269
f 1597/2438/1270 1599/2439/1270 1600/2440/1270 1598/2441/1270
f 1599/2442/1271 1601/2443/1271 1602/2444/1271 1600/2445/1271
f 1601/2443/1272 1603/2446/1272 1604/2447/1272 1602/2444/1272
f 1603/2448/1273 1605/2449/1273 1606/2450/1273 1604/2451/1273
f 1600/2452/244 1602/2453/244 1604/2454/244 1606/2455/244 1608/2456/244 1598/2457/244
f 1605/2458/1274 1607/2459/1274 1608/2460/1274 1606/2461/1274
f 1607/2459/1275 1597/2462/1275 1598/2463/1275 1608/2460/1275
f 1609/2464/1276 1611/2465/1276 1612/2466/1276 1610/2467/1276
f 1611/2468/1277 1613/2469/1277 1614/2470/1277 1612/2471/1277
f 1613/2472/1278 1615/2473/1278 1616/2474/1278 1614/2475/1278
f 1615/2473/1279 1617/2476/1279 1618/2477/1279 1616/2474/1279
f 1612/2478/244 1614/2479/244 1616/2480/244 1618/2481/244 1620/2482/244 1610/2483/244
f 1617/2484/1280 1619/2485/1280 1620/2486/1280 1618/2487/1280
f 1619/2488/1281 1609/2464/1281 1610/2467/1281 1620/2489/1281
f 1621/2490/1282 1623/2491/1282 1624/2492/1282 1622/2493/1282
f 1623/2494/1283 1625/2495/1283 1626/2496/1283 1624/2497/1283
f 1625/2495/1284 1627/2498/1284 1628/2499/1284 1626/2496/1284
f 1627/2500/1285 1629/2501/1285 1630/2502/1285 1628/2503/1285
f 1624/2504/244 1626/2505/244 1628/2506/244 1630/2507/244 1632/2508/244 1622/2509/244
f 1629/2510/1286 1631/2511/1286 1632/2512/1286 1630/2513/1286
f 1631/2511/1287 1621/2514/1287 1622/2515/1287 1632/2512/1287
f 1633/2516/1288 1635/2517/1288 1636/2518/1288 1634/2519/1288
f 1635/2517/1259 1637/2520/1259 1638/2521/1259 1636/2518/1259
f 1637/2522/1260 1639/2523/1260 1640/2524/1260 1638/2525/1260
f 1639/2526/1261 1641/2527/1261 1642/2528/1261 1640/2529/1261
f 1636/2530/244 1638/2531/244 1640/2532/244 1642/2533/244 1644/2534/244 1634/2535/244
f 1641/2527/1262 1643/2536/1262 1644/2537/1262 1642/2528/1262
f 1643/2538/1263 1633/2539/1263 1634/2540/1263 1644/2541/1263
f 1645/2542/244 1647/2543/244 1648/2544/244 1649/2545/244 1650/2546/244 1651/2547/244 1652/2548/244 1653/2549/244 1654/2550/244 1655/2551/244 1656/2552/244 1657/2553/244 1658/2554/244 1659/2555/244 1660/2556/244 1661/2557/244 1662/2558/244 1663/2559/244 1664/2560/244 1665/2561/244 1666/2562/244 1667/2563/244 1668/2564/244 1669/2565/244 1670/2566/244 1671/2567/244 1672/2568/244 1673/2569/244 1674/2570/244 1675/2571/244 1676/2572/244 1646/2573/244
f 1677/2574/244 1678/2575/244 1708/2576/244 1707/2577/244 1706/2578/244 1705/2579/244 1704/2580/244 1703/2581/244 1702/2582/244 1701/2583/244 1700/2584/244 1699/2585/244 1698/2586/244 1697/2587/244 1696/2588/244 1695/2589/244 1694/2590/244 1693/2591/244 1692/2592/244 1691/2593/244 1690/2594/244 1689/2595/244 1688/2596/244 1687/2597/244 1686/2598/244 1685/2599/244 1684/2600/244 1683/2601/244 1682/2602/244 1681/2603/244 1680/2604/244 1679/2605/244
