# Blender 4.4.0
# www.blender.org
mtllib Torre2_h1.mtl
o House_Cube.004
v 17.165321 55.610065 17.191572
v 17.232676 55.610065 17.160551
v 17.300028 55.610065 17.131407
v 17.367382 55.610065 17.104944
v 17.434736 55.610065 17.081940
v 17.502090 55.610065 17.063120
v 17.569443 55.610065 17.049131
v 17.636797 55.610065 17.040503
v 17.704151 55.610065 17.037586
v 17.771505 55.610065 17.040503
v 17.838860 55.610065 17.049131
v 17.906212 55.610065 17.063120
v 17.973566 55.610065 17.081940
v 18.040920 55.610065 17.104944
v 18.108274 55.610065 17.131407
v 18.175627 55.610065 17.160551
v 18.242981 55.610065 17.191572
v 18.218472 55.759415 17.168329
v 18.154182 55.759415 17.138891
v 18.089891 55.759415 17.111423
v 18.025602 55.759415 17.086626
v 17.961311 55.759415 17.065165
v 17.897022 55.759415 17.047672
v 17.832731 55.759415 17.034706
v 17.768440 55.759415 17.026724
v 17.704151 55.759415 17.024027
v 17.639862 55.759415 17.026724
v 17.575571 55.759415 17.034706
v 17.511280 55.759415 17.047672
v 17.446991 55.759415 17.065165
v 17.382700 55.759415 17.086626
v 17.318411 55.759415 17.111423
v 17.254120 55.759415 17.138891
v 17.189831 55.759415 17.168329
v 18.300190 55.610065 16.869690
v 18.299599 55.620205 16.859663
v 18.308493 55.620041 16.873585
v 18.275742 55.749275 16.852724
v 18.272617 55.759415 16.861635
v 18.284605 55.749439 16.866583
v 18.300190 55.610065 17.218821
v 18.308493 55.620041 17.222008
v 18.284605 55.749439 17.200672
v 18.272617 55.759415 17.194183
v 17.108112 55.610065 16.869690
v 17.099810 55.620041 16.873585
v 17.108704 55.620205 16.859663
v 17.135685 55.759415 16.861635
v 17.132561 55.749275 16.852724
v 17.123697 55.749439 16.866583
v 17.099810 55.620041 17.222008
v 17.108112 55.610065 17.218821
v 17.135685 55.759415 17.194183
v 17.123697 55.749439 17.200672
v 18.242981 55.610065 16.838915
v 18.241318 55.620201 16.828360
v 18.175627 55.610065 16.804062
v 18.174171 55.620201 16.793711
v 18.108274 55.610065 16.771389
v 18.107027 55.620201 16.761269
v 18.040920 55.610065 16.741686
v 18.039881 55.620197 16.731808
v 17.973566 55.610065 16.715723
v 17.972734 55.620197 16.706081
v 17.906212 55.610065 16.694256
v 17.905590 55.620197 16.684822
v 17.838860 55.610065 16.678019
v 17.838444 55.620193 16.668753
v 17.771505 55.610065 16.667740
v 17.771297 55.620193 16.658583
v 17.704151 55.610065 16.664150
v 17.704151 55.620193 16.655033
v 17.636797 55.610065 16.667740
v 17.637005 55.620193 16.658583
v 17.569443 55.610065 16.678019
v 17.569859 55.620193 16.668753
v 17.502090 55.610065 16.694256
v 17.502712 55.620197 16.684822
v 17.434736 55.610065 16.715723
v 17.435568 55.620197 16.706081
v 17.367382 55.610065 16.741686
v 17.368422 55.620197 16.731808
v 17.300028 55.610065 16.771389
v 17.301275 55.620201 16.761269
v 17.232676 55.610065 16.804062
v 17.234131 55.620201 16.793709
v 17.166985 55.620201 16.828360
v 17.165321 55.610065 16.838915
v 17.189831 55.759415 16.832867
v 17.188166 55.749275 16.823168
v 17.254120 55.759415 16.800228
v 17.252665 55.749275 16.790432
v 17.318411 55.759415 16.769802
v 17.317163 55.749279 16.759930
v 17.382700 55.759415 16.742271
v 17.381660 55.749279 16.732346
v 17.446991 55.759415 16.718307
v 17.446159 55.749283 16.708344
v 17.511280 55.759415 16.698559
v 17.510656 55.749283 16.688568
v 17.575571 55.759415 16.683666
v 17.575155 55.749283 16.673658
v 17.639862 55.759415 16.674265
v 17.639652 55.749287 16.664244
v 17.704151 55.759415 16.670988
v 17.704151 55.749287 16.660963
v 17.768440 55.759415 16.674265
v 17.768650 55.749287 16.664244
v 17.832731 55.759415 16.683666
v 17.833147 55.749283 16.673658
v 17.897022 55.759415 16.698559
v 17.897646 55.749283 16.688568
v 17.961311 55.759415 16.718307
v 17.962143 55.749283 16.708342
v 18.025602 55.759415 16.742271
v 18.026642 55.749279 16.732346
v 18.089891 55.759415 16.769802
v 18.091139 55.749279 16.759930
v 18.154182 55.759415 16.800228
v 18.155638 55.749275 16.790432
v 18.220137 55.749275 16.823168
v 18.218472 55.759415 16.832867
v 16.983173 54.461830 17.291822
v 16.984772 54.482159 17.273527
v 17.060715 55.448288 17.318712
v 17.062313 55.468616 17.333120
v 16.984772 54.482159 17.698874
v 16.983173 54.461830 17.680580
v 17.062313 55.468616 17.639282
v 17.060715 55.448288 17.653688
v 16.689110 54.461830 17.291822
v 16.670376 54.482098 17.291822
v 16.690769 54.482159 17.273527
v 16.768248 55.468616 17.333120
v 16.766712 55.448288 17.318712
v 16.746326 55.448349 17.333120
v 16.689110 54.461830 17.680580
v 16.690769 54.482159 17.698874
v 16.670376 54.482094 17.680580
v 16.768248 55.468616 17.639282
v 16.746326 55.448349 17.639282
v 16.766712 55.448288 17.653688
v 18.425129 54.461830 17.291822
v 18.423531 54.482159 17.273527
v 18.347588 55.448288 17.318712
v 18.345989 55.468616 17.333120
v 18.423531 54.482159 17.698874
v 18.425129 54.461830 17.680580
v 18.345989 55.468616 17.639282
v 18.347588 55.448288 17.653688
v 18.719194 54.461830 17.291822
v 18.737928 54.482098 17.291822
v 18.717533 54.482159 17.273527
v 18.640055 55.468616 17.333120
v 18.641590 55.448288 17.318712
v 18.661976 55.448349 17.333120
v 18.719194 54.461830 17.680580
v 18.717533 54.482159 17.698874
v 18.737928 54.482094 17.680580
v 18.640055 55.468616 17.639282
v 18.661976 55.448349 17.639282
v 18.641590 55.448288 17.653688
v 17.948637 54.423306 16.464872
v 17.946337 54.440762 16.452610
v 17.964415 54.441166 16.469393
v 17.789793 55.652493 16.729803
v 17.806053 55.652130 16.744652
v 17.948637 54.423306 16.916647
v 17.964415 54.441166 16.918247
v 17.806053 55.652130 17.008150
v 17.459665 54.423306 16.464872
v 17.443888 54.441166 16.469393
v 17.461966 54.440762 16.452610
v 17.618509 55.652493 16.729803
v 17.602249 55.652130 16.744652
v 17.459665 54.423306 16.916647
v 17.443888 54.441166 16.918247
v 17.602249 55.652130 17.008150
v 18.300190 55.610065 16.900225
v 18.308493 55.620041 16.904057
v 18.272617 55.759415 16.890720
v 18.284605 55.749439 16.895802
v 17.108112 55.610065 16.900225
v 17.099810 55.620041 16.904057
v 17.135685 55.759415 16.890720
v 17.123697 55.749439 16.895802
v 18.242981 55.610065 16.869759
v 18.218472 55.759415 16.862207
v 17.165321 55.610065 16.869759
v 17.189831 55.759415 16.862207
v 18.175627 55.610065 16.835241
v 18.108274 55.610065 16.802876
v 18.040920 55.610065 16.773457
v 17.973566 55.610065 16.747753
v 17.906212 55.610065 16.726517
v 17.838860 55.610065 16.710476
v 17.771505 55.610065 16.700342
v 17.704151 55.610065 16.696810
v 17.636797 55.610065 16.700342
v 17.569443 55.610065 16.710476
v 17.502090 55.610065 16.726517
v 17.434736 55.610065 16.747753
v 17.367382 55.610065 16.773457
v 17.300028 55.610065 16.802876
v 17.232676 55.610065 16.835241
v 17.254120 55.759415 16.829847
v 17.318411 55.759415 16.799679
v 17.382700 55.759415 16.772390
v 17.446991 55.759415 16.748642
v 17.511280 55.759415 16.729092
v 17.575571 55.759415 16.714369
v 17.639862 55.759415 16.705091
v 17.704151 55.759415 16.701864
v 17.768440 55.759415 16.705091
v 17.832731 55.759415 16.714369
v 17.897022 55.759415 16.729092
v 17.961311 55.759415 16.748642
v 18.025602 55.759415 16.772390
v 18.089891 55.759415 16.799679
v 18.154182 55.759415 16.829847
v 17.136717 55.610065 16.854303
v 17.137844 55.620205 16.844011
v 17.162758 55.759415 16.847252
v 17.160364 55.749275 16.837946
v 17.136717 55.610065 17.205196
v 17.162758 55.759415 17.181257
v 17.162758 55.759415 16.876463
v 17.136717 55.610065 16.884991
v 18.245544 55.759415 16.847252
v 18.247938 55.749275 16.837946
v 18.271585 55.610065 16.854303
v 18.270458 55.620205 16.844011
v 18.271585 55.610065 17.205196
v 18.245544 55.759415 17.181257
v 18.271585 55.610065 16.884991
v 18.245544 55.759415 16.876463
v 17.704151 53.164173 18.348158
v 17.517307 53.164173 18.331594
v 17.337645 53.164173 18.282545
v 17.172064 53.164173 18.202892
v 17.026934 53.164173 18.095695
v 16.907827 53.164173 17.965078
v 16.819324 53.164173 17.816057
v 16.764824 53.164173 17.654360
v 16.746422 53.164173 17.486200
v 16.764824 53.164173 17.318041
v 16.819324 53.164173 17.156343
v 16.907827 53.164173 17.007322
v 17.026934 53.164173 16.876705
v 17.172064 53.164173 16.769508
v 17.337645 53.164173 16.689856
v 18.070658 53.164173 16.689856
v 18.236238 53.164173 16.769508
v 18.381369 53.164173 16.876705
v 18.500475 53.164173 17.007322
v 18.588978 53.164173 17.156343
v 18.643478 53.164173 17.318041
v 18.661880 53.164173 17.486200
v 18.643478 53.164173 17.654360
v 18.588978 53.164173 17.816057
v 18.500475 53.164173 17.965078
v 18.381369 53.164173 18.095695
v 18.236238 53.164173 18.202892
v 18.070658 53.164173 18.282545
v 17.890995 53.164173 18.331594
v 17.704151 56.541935 17.949543
v 17.607122 56.541935 17.940746
v 17.513689 56.541935 17.914658
v 17.427355 56.541935 17.872183
v 17.351429 56.541935 17.814829
v 17.288897 56.541935 17.744696
v 17.242281 56.541935 17.664423
v 17.213507 56.541935 17.577114
v 17.203779 56.541935 17.486200
v 17.213507 56.541935 17.395287
v 17.242281 56.541935 17.307978
v 17.288897 56.541935 17.227707
v 17.351429 56.541935 17.157572
v 17.427355 56.541935 17.100218
v 17.513689 56.541935 17.057743
v 17.607122 56.541935 17.031654
v 17.704151 56.541935 17.022860
v 17.801180 56.541935 17.031654
v 17.894613 56.541935 17.057743
v 17.980947 56.541935 17.100218
v 18.056873 56.541935 17.157572
v 18.119406 56.541935 17.227707
v 18.166021 56.541935 17.307978
v 18.194796 56.541935 17.395287
v 18.204523 56.541935 17.486200
v 18.194796 56.541935 17.577114
v 18.166021 56.541935 17.664423
v 18.119406 56.541935 17.744694
v 18.056873 56.541935 17.814829
v 17.980947 56.541935 17.872183
v 17.894613 56.541935 17.914658
v 17.801180 56.541935 17.940746
v 17.704151 56.696423 17.967052
v 17.704151 56.677067 17.949543
v 17.607122 56.677067 17.940746
v 17.603247 56.696423 17.957905
v 17.513689 56.677067 17.914658
v 17.506104 56.696423 17.930780
v 17.427355 56.677067 17.872183
v 17.416384 56.696423 17.886639
v 17.351429 56.677067 17.814829
v 17.337524 56.696423 17.827070
v 17.288897 56.677067 17.744696
v 17.272615 56.696423 17.754271
v 17.242281 56.677067 17.664423
v 17.224257 56.696423 17.670996
v 17.213507 56.677067 17.577114
v 17.194418 56.696423 17.580458
v 17.203779 56.677067 17.486200
v 17.184332 56.696423 17.486200
v 17.213507 56.677067 17.395287
v 17.194418 56.696423 17.391943
v 17.242281 56.677067 17.307978
v 17.224257 56.696423 17.301405
v 17.288897 56.677067 17.227707
v 17.272615 56.696423 17.218130
v 17.351429 56.677067 17.157572
v 17.337524 56.696423 17.145330
v 17.427355 56.677067 17.100218
v 17.416384 56.696423 17.085762
v 17.513689 56.677067 17.057743
v 17.506104 56.696423 17.041620
v 17.607122 56.677067 17.031654
v 17.603247 56.696423 17.014498
v 17.704151 56.677067 17.022860
v 17.704151 56.696423 17.005350
v 17.801180 56.677067 17.031654
v 17.805056 56.696423 17.014498
v 17.894613 56.677067 17.057743
v 17.902199 56.696423 17.041620
v 17.980947 56.677067 17.100218
v 17.991919 56.696423 17.085762
v 18.056873 56.677067 17.157572
v 18.070778 56.696423 17.145330
v 18.119406 56.677067 17.227707
v 18.135687 56.696423 17.218130
v 18.166021 56.677067 17.307978
v 18.184046 56.696423 17.301405
v 18.194796 56.677067 17.395287
v 18.213884 56.696423 17.391943
v 18.204523 56.677067 17.486200
v 18.223970 56.696423 17.486200
v 18.194796 56.677067 17.577114
v 18.213884 56.696423 17.580458
v 18.166021 56.677067 17.664423
v 18.184046 56.696423 17.670996
v 18.119406 56.677067 17.744694
v 18.135687 56.696423 17.754271
v 18.056873 56.677067 17.814829
v 18.070778 56.696423 17.827070
v 17.980947 56.677067 17.872183
v 17.991919 56.696423 17.886639
v 17.894613 56.677067 17.914658
v 17.902199 56.696423 17.930780
v 17.801180 56.677067 17.940746
v 17.805056 56.696423 17.957905
v 17.583384 56.696423 18.045816
v 17.579168 56.677139 18.064442
v 17.704151 56.677139 18.075769
v 17.704151 56.696423 18.056765
v 17.467239 56.696423 18.013388
v 17.458986 56.677139 18.030891
v 17.360167 56.696423 17.960711
v 17.348228 56.677139 17.976410
v 17.266283 56.696423 17.889791
v 17.251146 56.677143 17.903090
v 17.189201 56.696423 17.803341
v 17.171474 56.677143 17.813747
v 17.131905 56.696423 17.704674
v 17.112272 56.677143 17.711819
v 17.096613 56.696423 17.597586
v 17.075817 56.677143 17.601219
v 17.084694 56.696423 17.486200
v 17.063507 56.677147 17.486200
v 17.096613 56.696423 17.374815
v 17.075817 56.677143 17.371181
v 17.131905 56.696423 17.267727
v 17.112272 56.677143 17.260582
v 17.189201 56.696423 17.169062
v 17.171474 56.677143 17.158653
v 17.266283 56.696423 17.082611
v 17.251146 56.677143 17.069311
v 17.360167 56.696423 17.011690
v 17.348228 56.677139 16.995991
v 17.467239 56.696423 16.959013
v 17.458986 56.677139 16.941509
v 17.583384 56.696423 16.926584
v 17.579168 56.677139 16.907959
v 17.704151 56.696423 16.915636
v 17.704151 56.677139 16.896631
v 17.824919 56.696423 16.926584
v 17.829134 56.677139 16.907959
v 17.941063 56.696423 16.959013
v 17.949316 56.677139 16.941509
v 18.048136 56.696423 17.011690
v 18.060074 56.677139 16.995991
v 18.142019 56.696423 17.082611
v 18.157156 56.677143 17.069311
v 18.219101 56.696423 17.169062
v 18.236828 56.677143 17.158653
v 18.276398 56.696423 17.267727
v 18.296030 56.677143 17.260582
v 18.311689 56.696423 17.374815
v 18.332485 56.677143 17.371181
v 18.323608 56.696423 17.486200
v 18.344795 56.677147 17.486200
v 18.311689 56.696423 17.597586
v 18.332485 56.677143 17.601219
v 18.276398 56.696423 17.704674
v 18.296030 56.677143 17.711819
v 18.219101 56.696423 17.803341
v 18.236828 56.677143 17.813747
v 18.142019 56.696423 17.889791
v 18.157156 56.677143 17.903090
v 18.048136 56.696423 17.960711
v 18.060074 56.677139 17.976410
v 17.941063 56.696423 18.013388
v 17.949316 56.677139 18.030891
v 17.824919 56.696423 18.045816
v 17.829134 56.677139 18.064442
v 17.704151 53.077290 18.180103
v 17.553736 53.077290 18.166771
v 17.409101 53.077290 18.127283
v 17.275805 53.077290 18.063160
v 17.158970 53.077290 17.976864
v 17.063086 53.077290 17.871712
v 16.991837 53.077290 17.751745
v 16.947962 53.077290 17.621574
v 16.933147 53.077290 17.486200
v 16.947962 53.077290 17.350826
v 16.991837 53.077290 17.220655
v 17.063086 53.077290 17.100689
v 17.158970 53.077290 16.995537
v 17.275805 53.077290 16.909241
v 17.409101 53.077290 16.845118
v 17.553736 53.077290 16.805630
v 17.704151 53.077290 16.792297
v 17.854567 53.077290 16.805630
v 17.999201 53.077290 16.845118
v 18.132498 53.077290 16.909241
v 18.249332 53.077290 16.995537
v 18.345217 53.077290 17.100689
v 18.416466 53.077290 17.220655
v 18.460340 53.077290 17.350826
v 18.475155 53.077290 17.486200
v 18.460340 53.077290 17.621574
v 18.416466 53.077290 17.751745
v 18.345217 53.077290 17.871712
v 18.249332 53.077290 17.976864
v 18.132498 53.077290 18.063160
v 17.999201 53.077290 18.127283
v 17.854567 53.077290 18.166771
v 17.704151 54.346653 18.256472
v 17.538130 54.346653 18.241671
v 17.378489 54.346653 18.197838
v 17.870173 54.346653 18.241671
v 17.231361 54.346657 18.126657
v 17.102406 54.346657 18.030863
v 16.996572 54.346657 17.914139
v 16.917933 54.346657 17.780970
v 16.869505 54.346657 17.636473
v 16.853153 54.346657 17.486200
v 16.869505 54.346657 17.335928
v 16.917933 54.346657 17.191431
v 16.996572 54.346657 17.058262
v 17.102406 54.346657 16.941538
v 17.231361 54.346657 16.845745
v 17.378489 54.346653 16.774563
v 17.654345 54.346653 16.720369
v 17.704151 54.346653 16.715929
v 17.753958 54.346653 16.720369
v 18.029814 54.346653 16.774563
v 18.176941 54.346657 16.845745
v 18.305897 54.346657 16.941538
v 18.411730 54.346657 17.058262
v 18.490370 54.346657 17.191431
v 18.538797 54.346657 17.335928
v 18.555149 54.346657 17.486200
v 18.538797 54.346657 17.636473
v 18.490370 54.346657 17.780970
v 18.411730 54.346657 17.914139
v 18.305897 54.346657 18.030863
v 18.176941 54.346657 18.126657
v 18.029814 54.346653 18.197838
v 17.704151 56.610401 18.080946
v 17.830311 56.610401 18.069517
v 17.577991 56.610401 18.069517
v 17.456682 56.610401 18.035673
v 17.344881 56.610401 17.980713
v 17.246887 56.610401 17.906748
v 17.166466 56.610405 17.816624
v 17.106709 56.610405 17.713799
v 17.069908 56.610405 17.602230
v 17.057484 56.610405 17.486200
v 17.069908 56.610405 17.370173
v 17.106709 56.610405 17.258602
v 17.166466 56.610405 17.155779
v 17.246887 56.610401 17.065653
v 17.344881 56.610401 16.991690
v 17.456682 56.610401 16.936728
v 17.577991 56.610401 16.902884
v 17.704151 56.610401 16.891457
v 17.830311 56.610401 16.902884
v 17.951620 56.610401 16.936728
v 18.063421 56.610401 16.991690
v 18.161415 56.610401 17.065653
v 18.241837 56.610405 17.155779
v 18.301594 56.610405 17.258602
v 18.338394 56.610405 17.370173
v 18.350819 56.610405 17.486200
v 18.338394 56.610405 17.602230
v 18.301594 56.610405 17.713799
v 18.241837 56.610405 17.816624
v 18.161415 56.610401 17.906748
v 18.063421 56.610401 17.980713
v 17.951620 56.610401 18.035673
v 17.564705 55.855820 18.126902
v 17.551416 55.101234 18.184286
v 17.430616 55.855820 18.089727
v 17.404552 55.101238 18.143782
v 17.307041 55.855820 18.029360
v 17.269201 55.101238 18.078009
v 17.198727 55.855820 17.948120
v 17.150566 55.101238 17.989492
v 17.109835 55.855820 17.849129
v 17.053204 55.101238 17.881634
v 17.043783 55.855820 17.736189
v 16.980858 55.101238 17.758579
v 17.003107 55.855820 17.613644
v 16.936306 55.101238 17.625059
v 16.989372 55.855820 17.486200
v 16.921263 55.101238 17.486200
v 17.003107 55.855820 17.358757
v 16.936306 55.101238 17.347343
v 17.043783 55.855820 17.236212
v 16.980858 55.101238 17.213821
v 17.109835 55.855820 17.123272
v 17.053204 55.101238 17.090767
v 17.198727 55.855820 17.024281
v 17.150566 55.101238 16.982908
v 17.307041 55.855820 16.943041
v 17.269201 55.101238 16.894392
v 17.430616 55.855820 16.882673
v 17.404552 55.101238 16.828619
v 17.564705 55.855820 16.845499
v 17.551416 55.101234 16.788115
v 17.704151 55.855820 16.832947
v 17.704151 55.101234 16.774439
v 17.843597 55.855820 16.845499
v 17.856886 55.101234 16.788115
v 17.977686 55.855820 16.882673
v 18.003750 55.101238 16.828619
v 18.101261 55.855820 16.943041
v 18.139101 55.101238 16.894392
v 18.209576 55.855820 17.024281
v 18.257736 55.101238 16.982908
v 18.298468 55.855820 17.123272
v 18.355099 55.101238 17.090767
v 18.364519 55.855820 17.236212
v 18.427444 55.101238 17.213821
v 18.405195 55.855820 17.358757
v 18.471996 55.101238 17.347343
v 18.418930 55.855820 17.486200
v 18.487040 55.101238 17.486200
v 18.405195 55.855820 17.613644
v 18.471996 55.101238 17.625059
v 18.364519 55.855820 17.736189
v 18.427444 55.101238 17.758579
v 18.298468 55.855820 17.849129
v 18.355099 55.101238 17.881634
v 18.209576 55.855820 17.948120
v 18.257736 55.101238 17.989492
v 18.101261 55.855820 18.029360
v 18.139101 55.101238 18.078009
v 17.977686 55.855820 18.089727
v 18.003750 55.101238 18.143782
v 17.704151 55.101234 18.197962
v 17.704151 55.855820 18.139454
v 17.856886 55.101234 18.184286
v 17.843597 55.855820 18.126902
v 17.534342 54.131592 18.258024
v 17.371059 54.131592 18.213243
v 17.220577 54.131592 18.140522
v 17.088678 54.131592 18.042656
v 16.980433 54.131592 17.923405
v 16.899998 54.131592 17.787352
v 16.850466 54.131592 17.639727
v 16.833742 54.131592 17.486200
v 16.850466 54.131592 17.332674
v 16.899998 54.131592 17.185049
v 16.980433 54.131592 17.048996
v 17.088678 54.131592 16.929747
v 17.220577 54.131592 16.831879
v 17.371059 54.131592 16.759157
v 18.037243 54.131592 16.759157
v 18.187725 54.131592 16.831879
v 18.319624 54.131592 16.929747
v 18.427870 54.131592 17.048996
v 18.508305 54.131592 17.185049
v 18.557837 54.131592 17.332674
v 18.574560 54.131592 17.486200
v 18.557837 54.131592 17.639727
v 18.508305 54.131592 17.787352
v 18.427870 54.131592 17.923405
v 18.319624 54.131592 18.042656
v 18.187725 54.131592 18.140522
v 18.037243 54.131592 18.213243
v 17.704151 54.114449 18.273146
v 17.873960 54.131592 18.258024
v 17.847897 56.541935 17.044699
v 17.889225 56.677139 16.924734
v 17.882992 56.696423 16.942799
v 17.853626 56.696423 17.028059
v 17.847897 56.677067 17.044699
v 17.926884 53.077290 16.825375
v 17.949993 54.346653 16.752647
v 17.890965 56.610401 16.919806
v 17.930317 55.101234 16.808367
v 17.910641 55.855820 16.864086
v 17.560406 56.541935 17.044699
v 17.519077 56.677139 16.924734
v 17.525311 56.696423 16.942799
v 17.554676 56.696423 17.028059
v 17.560406 56.677067 17.044699
v 17.481419 53.077290 16.825375
v 17.458309 54.346653 16.752647
v 17.517338 56.610401 16.919806
v 17.477985 55.101234 16.808367
v 17.497662 55.855820 16.864086
v 17.424471 53.154812 16.826479
v 17.515167 53.154781 16.826479
v 17.704151 53.154793 16.826479
v 17.893135 53.154781 16.826479
v 17.653286 54.105064 16.826479
v 17.704151 54.105068 16.826479
v 17.755016 54.105064 16.826479
v 17.983831 53.154812 16.826479
v 17.951191 54.300713 16.749254
v 17.994205 54.216152 16.754202
v 17.414097 54.216152 16.754202
v 17.457111 54.300713 16.749254
v 17.448193 53.842651 16.826479
v 17.623016 54.099655 16.826479
v 17.463057 53.957485 16.826479
v 17.501499 54.028255 16.826479
v 17.557671 54.077667 16.826479
v 17.785286 54.099655 16.826479
v 17.960110 53.842651 16.826479
v 17.850632 54.077667 16.826479
v 17.906803 54.028255 16.826479
v 17.945246 53.957485 16.826479
v 17.517197 53.163685 16.650455
v 17.517307 53.153584 16.640806
v 17.517275 53.160931 16.643633
v 17.704151 53.163727 16.633883
v 17.704151 53.153584 16.624243
v 17.704151 53.160942 16.627066
v 17.891106 53.163685 16.650455
v 17.890995 53.153584 16.640806
v 17.891027 53.160931 16.643633
v 17.653215 54.113712 16.713406
v 17.653259 54.124821 16.704531
v 17.653225 54.117271 16.706823
v 17.704151 54.124828 16.699999
v 17.704151 54.113739 16.708870
v 17.704151 54.117279 16.702290
v 17.755043 54.124821 16.704531
v 17.755087 54.113712 16.713406
v 17.755077 54.117271 16.706823
v 17.981007 53.163612 16.674988
v 17.987667 53.153637 16.666706
v 17.982883 53.160923 16.668562
v 17.420635 53.153637 16.666706
v 17.427296 53.163612 16.674988
v 17.425419 53.160923 16.668562
v 17.965185 53.908207 16.728806
v 17.960020 53.852299 16.733885
v 17.961529 53.869087 16.728418
v 17.785986 54.108269 16.718489
v 17.793798 54.118031 16.710775
v 17.788300 54.111446 16.712250
v 17.945400 53.966660 16.736538
v 17.958120 53.966213 16.728456
v 17.949133 53.966934 16.730192
v 17.907192 54.037075 16.734545
v 17.915421 54.044689 16.726748
v 17.909618 54.039688 16.728283
v 17.851213 54.086296 16.728207
v 17.855509 54.097290 16.719997
v 17.852493 54.089867 16.721823
v 17.614504 54.118031 16.710775
v 17.622316 54.108269 16.718489
v 17.620003 54.111446 16.712250
v 17.448282 53.852299 16.733885
v 17.443117 53.908207 16.728806
v 17.446774 53.869087 16.728418
v 17.557089 54.086296 16.728207
v 17.552794 54.097290 16.719997
v 17.555809 54.089867 16.721823
v 17.501110 54.037075 16.734545
v 17.492882 54.044689 16.726748
v 17.498684 54.039688 16.728283
v 17.462902 53.966660 16.736538
v 17.450182 53.966213 16.728456
v 17.459169 53.966934 16.730192
v 17.979694 54.062180 16.741505
v 17.428608 54.062180 16.741505
v 17.653803 54.235737 16.712450
v 17.704151 54.235741 16.707966
v 17.754499 54.235737 16.712450
v 17.872494 54.209373 16.730015
v 17.535809 54.209373 16.730015
v 17.525826 53.647881 18.294809
v 17.354351 53.647881 18.247894
v 17.196321 53.647881 18.171707
v 17.057806 53.647884 18.069176
v 16.944130 53.647884 17.944241
v 16.859661 53.647884 17.801704
v 16.807646 53.647884 17.647043
v 16.790081 53.647884 17.486200
v 16.807646 53.647884 17.325357
v 16.859661 53.647884 17.170696
v 16.944130 53.647884 17.028160
v 17.057806 53.647884 16.903225
v 17.196321 53.647881 16.800694
v 17.354351 53.647881 16.724506
v 18.053951 53.647881 16.724506
v 18.211981 53.647881 16.800694
v 18.350496 53.647884 16.903225
v 18.464172 53.647884 17.028160
v 18.548641 53.647884 17.170696
v 18.600657 53.647884 17.325357
v 18.618221 53.647884 17.486200
v 18.600657 53.647884 17.647043
v 18.548641 53.647884 17.801704
v 18.464172 53.647884 17.944241
v 18.350496 53.647884 18.069176
v 18.211981 53.647881 18.171707
v 18.053951 53.647881 18.247894
v 17.704151 53.639313 18.310652
v 17.882477 53.647881 18.294809
v 17.968409 53.601994 16.826479
v 17.967363 53.611343 16.713278
v 17.969000 53.621319 16.707476
v 17.973051 53.644199 16.707079
v 17.439894 53.601994 16.826479
v 17.440939 53.611343 16.713278
v 17.439302 53.621319 16.707476
v 17.435251 53.644199 16.707079
v 17.482277 53.992870 16.826479
v 17.482006 54.001869 16.735540
v 17.478926 54.003311 16.729239
v 17.471531 54.005451 16.727602
v 17.926025 53.992870 16.826479
v 17.926296 54.001869 16.735540
v 17.929377 54.003311 16.729239
v 17.936771 54.005451 16.727602
v 17.704151 53.876881 18.291899
v 17.878218 53.889736 18.276419
v 17.530085 53.889736 18.276419
v 17.362705 53.889736 18.230568
v 17.208448 53.889736 18.156115
v 17.073242 53.889736 18.055916
v 16.962280 53.889736 17.933823
v 16.879829 53.889736 17.794527
v 16.829056 53.889736 17.643385
v 16.811913 53.889736 17.486200
v 16.829056 53.889736 17.329016
v 16.879829 53.889736 17.177874
v 16.962280 53.889736 17.038578
v 17.073242 53.889736 16.916485
v 17.208448 53.889736 16.816286
v 17.362705 53.889736 16.741833
v 18.045597 53.889736 16.741833
v 18.199854 53.889736 16.816286
v 18.335060 53.889736 16.916485
v 18.446022 53.889736 17.038578
v 18.528473 53.889736 17.177874
v 18.579247 53.889736 17.329016
v 18.596390 53.889736 17.486200
v 18.579247 53.889736 17.643385
v 18.528473 53.889736 17.794527
v 18.446022 53.889736 17.933823
v 18.335060 53.889736 18.055916
v 18.199854 53.889736 18.156115
v 18.045597 53.889736 18.230568
v 17.704151 53.077290 18.330132
v 17.704151 53.097218 18.348158
v 17.517307 53.097218 18.331594
v 17.521215 53.077290 18.313915
v 17.337645 53.097218 18.282545
v 17.345308 53.077290 18.265890
v 17.172064 53.097218 18.202892
v 17.183191 53.077290 18.187904
v 17.026934 53.097218 18.095695
v 17.041096 53.077290 18.082951
v 16.907827 53.097218 17.965078
v 16.924480 53.077290 17.955063
v 16.819324 53.097218 17.816057
v 16.837828 53.077290 17.809158
v 16.764824 53.097218 17.654360
v 16.784468 53.077290 17.650843
v 16.746422 53.097218 17.486200
v 16.766449 53.077290 17.486200
v 16.764824 53.097218 17.318041
v 16.784468 53.077290 17.321558
v 16.819324 53.097218 17.156343
v 16.837828 53.077290 17.163242
v 16.907827 53.097218 17.007322
v 16.924480 53.077290 17.017338
v 17.026934 53.097218 16.876705
v 17.041096 53.077290 16.889450
v 17.172064 53.097218 16.769508
v 17.183191 53.077290 16.784496
v 17.337645 53.097218 16.689856
v 17.345308 53.077290 16.706509
v 17.517307 53.097218 16.640806
v 17.521215 53.077290 16.658485
v 17.704151 53.097218 16.624243
v 17.704151 53.077290 16.642269
v 17.890995 53.097218 16.640806
v 17.887087 53.077290 16.658485
v 18.070658 53.097218 16.689856
v 18.062994 53.077290 16.706509
v 18.236238 53.097218 16.769508
v 18.225111 53.077290 16.784496
v 18.381369 53.097218 16.876705
v 18.367207 53.077290 16.889450
v 18.500475 53.097218 17.007322
v 18.483822 53.077290 17.017338
v 18.588978 53.097218 17.156343
v 18.570475 53.077290 17.163242
v 18.643478 53.097218 17.318041
v 18.623835 53.077290 17.321558
v 18.661880 53.097218 17.486200
v 18.641853 53.077290 17.486200
v 18.643478 53.097218 17.654360
v 18.623835 53.077290 17.650843
v 18.588978 53.097218 17.816057
v 18.570475 53.077290 17.809158
v 18.500475 53.097218 17.965078
v 18.483822 53.077290 17.955063
v 18.381369 53.097218 18.095695
v 18.367207 53.077290 18.082951
v 18.236238 53.097218 18.202892
v 18.225111 53.077290 18.187904
v 18.070658 53.097218 18.282545
v 18.062994 53.077290 18.265890
v 17.890995 53.097218 18.331594
v 17.887087 53.077290 18.313915
v 17.975040 53.077290 16.682497
v 17.982613 53.097218 16.665689
v 17.433262 53.077290 16.682497
v 17.425690 53.097218 16.665689
v 17.378216 53.120094 16.757635
v 17.483913 53.120064 16.757635
v 17.704151 53.120075 16.757635
v 17.924389 53.120064 16.757635
v 17.644875 54.138691 16.757635
v 17.704151 54.138695 16.757635
v 17.763428 54.138691 16.757635
v 18.030087 53.120094 16.757635
v 17.405861 53.857407 16.757635
v 17.609598 54.132893 16.757635
v 17.423182 53.980495 16.757635
v 17.467983 54.056355 16.757635
v 17.533443 54.109325 16.757635
v 17.798704 54.132893 16.757635
v 18.002441 53.857407 16.757635
v 17.874859 54.109325 16.757635
v 17.940319 54.056355 16.757635
v 17.985121 53.980495 16.757635
v 17.476772 53.532364 16.722452
v 17.451815 53.551430 16.706135
v 17.486303 53.551430 16.696047
v 17.507620 53.551430 16.722452
v 17.486303 53.551430 16.748857
v 17.451815 53.551430 16.738771
v 17.467239 53.582279 16.696047
v 17.501730 53.582279 16.706135
v 17.501730 53.582279 16.738771
v 17.467239 53.582279 16.748857
v 17.445923 53.582279 16.722452
v 17.476772 53.601345 16.722452
v 17.482374 53.537518 16.706932
v 17.462103 53.537518 16.712860
v 17.467705 53.548721 16.697340
v 17.447433 53.548721 16.722452
v 17.462103 53.537518 16.732044
v 17.494904 53.537518 16.722452
v 17.500507 53.548721 16.706932
v 17.482374 53.537518 16.737974
v 17.500507 53.548721 16.737974
v 17.467705 53.548721 16.747566
v 17.443970 53.566856 16.712860
v 17.443970 53.566856 16.732046
v 17.476772 53.566856 16.691412
v 17.456499 53.566856 16.697340
v 17.509573 53.566856 16.712860
v 17.497046 53.566856 16.697340
v 17.497046 53.566856 16.747566
v 17.509573 53.566856 16.732046
v 17.456499 53.566856 16.747566
v 17.453035 53.584988 16.706932
v 17.485838 53.584988 16.697340
v 17.506111 53.584988 16.722452
v 17.485838 53.584988 16.747566
v 17.453035 53.584988 16.737974
v 17.471169 53.596195 16.706932
v 17.458639 53.596195 16.722452
v 17.491442 53.596195 16.712860
v 17.491442 53.596195 16.732044
v 17.471169 53.596195 16.737974
v 17.497046 53.566856 16.791161
v 17.486303 53.551430 16.792452
v 17.467239 53.582279 16.792452
v 17.485838 53.584988 16.791161
v 17.467705 53.548721 16.791161
v 17.456499 53.566856 16.791161
v 18.096087 55.545929 17.124424
v 18.142548 55.541351 17.124424
v 18.187223 55.527802 17.124424
v 18.228399 55.505795 17.124424
v 18.264488 55.476173 17.124424
v 18.294106 55.440086 17.124424
v 18.316114 55.398911 17.124424
v 18.329666 55.354233 17.124424
v 18.334244 55.307770 17.124424
v 18.329666 55.261311 17.124424
v 18.316114 55.216633 17.124424
v 18.294106 55.175457 17.124424
v 18.264488 55.139370 17.124424
v 18.228399 55.109749 17.124424
v 18.187223 55.087742 17.124424
v 18.142548 55.074188 17.124424
v 18.096087 55.069614 17.124424
v 18.049623 55.074188 17.124424
v 18.004946 55.087742 17.124424
v 17.963772 55.109749 17.124424
v 17.927683 55.139370 17.124424
v 17.898066 55.175457 17.124424
v 17.876057 55.216633 17.124424
v 17.862505 55.261311 17.124424
v 17.857927 55.307770 17.124424
v 17.862505 55.354233 17.124424
v 17.876057 55.398911 17.124424
v 17.898066 55.440086 17.124424
v 17.927683 55.476173 17.124424
v 17.963772 55.505795 17.124424
v 18.004946 55.527802 17.124424
v 18.049623 55.541351 17.124424
v 18.124191 55.449074 17.124424
v 18.096087 55.451843 17.124424
v 18.151218 55.440876 17.124424
v 18.176126 55.427563 17.124424
v 18.197960 55.409645 17.124424
v 18.215876 55.387814 17.124424
v 18.229189 55.362904 17.124424
v 18.237389 55.335880 17.124424
v 18.240156 55.307770 17.124424
v 18.237389 55.279663 17.124424
v 18.229189 55.252640 17.124424
v 18.215876 55.227730 17.124424
v 18.197960 55.205898 17.124424
v 18.176126 55.187981 17.124424
v 18.151218 55.174667 17.124424
v 18.124191 55.166470 17.124424
v 18.096087 55.163700 17.124424
v 18.067978 55.166470 17.124424
v 18.040951 55.174667 17.124424
v 18.016043 55.187981 17.124424
v 17.994211 55.205898 17.124424
v 17.976295 55.227730 17.124424
v 17.962980 55.252640 17.124424
v 17.954782 55.279663 17.124424
v 17.952015 55.307770 17.124424
v 17.954782 55.335880 17.124424
v 17.962980 55.362904 17.124424
v 17.976295 55.387814 17.124424
v 17.994211 55.409645 17.124424
v 18.016043 55.427563 17.124424
v 18.040951 55.440876 17.124424
v 18.067978 55.449074 17.124424
v 18.096087 55.541416 16.777266
v 18.096087 55.545929 16.787870
v 18.142548 55.541351 16.787870
v 18.141666 55.536926 16.777266
v 18.187223 55.527802 16.787870
v 18.185497 55.523632 16.777266
v 18.228399 55.505795 16.787870
v 18.225891 55.502041 16.777266
v 18.264488 55.476173 16.787870
v 18.261297 55.472984 16.777266
v 18.294106 55.440086 16.787870
v 18.290354 55.437576 16.777266
v 18.316114 55.398911 16.787870
v 18.311945 55.397182 16.777266
v 18.329666 55.354233 16.787870
v 18.325241 55.353355 16.777266
v 18.334244 55.307770 16.787870
v 18.329731 55.307770 16.777266
v 18.329666 55.261311 16.787870
v 18.325241 55.262192 16.777266
v 18.316114 55.216633 16.787870
v 18.311945 55.218361 16.777266
v 18.294106 55.175457 16.787870
v 18.290354 55.177963 16.777266
v 18.264488 55.139370 16.787870
v 18.261297 55.142559 16.777266
v 18.228399 55.109749 16.787870
v 18.225891 55.113503 16.777266
v 18.187223 55.087742 16.787870
v 18.185497 55.091911 16.777266
v 18.142548 55.074188 16.787870
v 18.141666 55.078617 16.777266
v 18.096087 55.069614 16.787870
v 18.096087 55.074127 16.777266
v 18.049623 55.074188 16.787870
v 18.050503 55.078617 16.777266
v 18.004946 55.087742 16.787870
v 18.006674 55.091911 16.777266
v 17.963772 55.109749 16.787870
v 17.966280 55.113503 16.777266
v 17.927683 55.139370 16.787870
v 17.930874 55.142559 16.777266
v 17.898066 55.175457 16.787870
v 17.901817 55.177963 16.777266
v 17.876057 55.216633 16.787870
v 17.880226 55.218361 16.777266
v 17.862505 55.261311 16.787870
v 17.866930 55.262192 16.777266
v 17.857927 55.307770 16.787870
v 17.862440 55.307770 16.777266
v 17.862505 55.354233 16.787870
v 17.866930 55.353355 16.777266
v 17.876057 55.398911 16.787870
v 17.880226 55.397182 16.777266
v 17.898066 55.440086 16.787870
v 17.901817 55.437576 16.777266
v 17.927683 55.476173 16.787870
v 17.930874 55.472984 16.777266
v 17.963772 55.505795 16.787870
v 17.966280 55.502041 16.777266
v 18.004946 55.527802 16.787870
v 18.006674 55.523632 16.777266
v 18.049623 55.541351 16.787870
v 18.050503 55.536926 16.777266
v 18.125072 55.453499 16.777266
v 18.124191 55.449074 16.787870
v 18.096087 55.451843 16.787870
v 18.096087 55.456356 16.777266
v 18.152946 55.445045 16.777266
v 18.151218 55.440876 16.787870
v 18.178635 55.431313 16.777266
v 18.176126 55.427563 16.787870
v 18.201149 55.412834 16.777266
v 18.197960 55.409645 16.787870
v 18.219627 55.390320 16.777266
v 18.215876 55.387814 16.787870
v 18.233358 55.364632 16.777266
v 18.229189 55.362904 16.787870
v 18.241814 55.336758 16.777266
v 18.237389 55.335880 16.787870
v 18.244669 55.307770 16.777266
v 18.240156 55.307770 16.787870
v 18.241814 55.278786 16.777266
v 18.237389 55.279663 16.787870
v 18.233358 55.250912 16.777266
v 18.229189 55.252640 16.787870
v 18.219627 55.225224 16.777266
v 18.215876 55.227730 16.787870
v 18.201149 55.202705 16.777266
v 18.197960 55.205898 16.787870
v 18.178635 55.184231 16.777266
v 18.176126 55.187981 16.787870
v 18.152946 55.170498 16.777266
v 18.151218 55.174667 16.787870
v 18.125072 55.162045 16.777266
v 18.124191 55.166470 16.787870
v 18.096087 55.159187 16.777266
v 18.096087 55.163700 16.787870
v 18.067099 55.162045 16.777266
v 18.067978 55.166470 16.787870
v 18.039225 55.170498 16.777266
v 18.040951 55.174667 16.787870
v 18.013536 55.184231 16.777266
v 18.016043 55.187981 16.787870
v 17.991022 55.202705 16.777266
v 17.994211 55.205898 16.787870
v 17.972542 55.225224 16.777266
v 17.976295 55.227730 16.787870
v 17.958813 55.250912 16.777266
v 17.962980 55.252640 16.787870
v 17.950357 55.278786 16.777266
v 17.954782 55.279663 16.787870
v 17.947502 55.307770 16.777266
v 17.952015 55.307770 16.787870
v 17.950357 55.336758 16.777266
v 17.954782 55.335880 16.787870
v 17.958813 55.364632 16.777266
v 17.962980 55.362904 16.787870
v 17.972542 55.390320 16.777266
v 17.976295 55.387814 16.787870
v 17.991022 55.412834 16.777266
v 17.994211 55.409645 16.787870
v 18.013536 55.431313 16.777266
v 18.016043 55.427563 16.787870
v 18.039225 55.445045 16.777266
v 18.040951 55.440876 16.787870
v 18.067099 55.453499 16.777266
v 18.067978 55.449074 16.787870
v 18.004946 55.527802 16.799334
v 18.004946 55.527802 16.808353
v 18.006725 55.523506 16.803844
v 17.963772 55.505795 16.808353
v 17.963772 55.505795 16.799334
v 17.966354 55.501930 16.803844
v 17.927683 55.476173 16.799334
v 17.927683 55.476173 16.808353
v 17.930967 55.472889 16.803844
v 17.898066 55.440086 16.808353
v 17.898066 55.440086 16.799334
v 17.901928 55.437504 16.803844
v 17.876057 55.398911 16.799334
v 17.876057 55.398911 16.808353
v 17.880350 55.397133 16.803844
v 17.862505 55.354233 16.808353
v 17.862505 55.354233 16.799334
v 17.867062 55.353329 16.803844
v 17.857927 55.307770 16.799334
v 17.857927 55.307770 16.808353
v 17.862576 55.307770 16.803844
v 17.862505 55.261311 16.808353
v 17.862505 55.261311 16.799334
v 17.867062 55.262215 16.803844
v 17.876057 55.216633 16.799334
v 17.876057 55.216633 16.808353
v 17.880350 55.218410 16.803844
v 17.898066 55.175457 16.808353
v 17.898066 55.175457 16.799334
v 17.901928 55.178040 16.803844
v 17.927683 55.139370 16.799334
v 17.927683 55.139370 16.808353
v 17.930967 55.142654 16.803844
v 17.963772 55.109749 16.808353
v 17.963772 55.109749 16.799334
v 17.966354 55.113613 16.803844
v 18.004946 55.087742 16.799334
v 18.004946 55.087742 16.808353
v 18.006725 55.092037 16.803844
v 18.049623 55.074188 16.808353
v 18.049623 55.074188 16.799334
v 18.050529 55.078747 16.803844
v 18.096087 55.069614 16.799334
v 18.096087 55.069614 16.808353
v 18.096087 55.074261 16.803844
v 18.142548 55.074188 16.808353
v 18.142548 55.074188 16.799334
v 18.141642 55.078747 16.803844
v 18.187223 55.087742 16.799334
v 18.187223 55.087742 16.808353
v 18.185446 55.092037 16.803844
v 18.228399 55.109749 16.808353
v 18.228399 55.109749 16.799334
v 18.225817 55.113613 16.803844
v 18.264488 55.139370 16.799334
v 18.264488 55.139370 16.808353
v 18.261202 55.142654 16.803844
v 18.294106 55.175457 16.808353
v 18.294106 55.175457 16.799334
v 18.290243 55.178040 16.803844
v 18.316114 55.216633 16.799334
v 18.316114 55.216633 16.808353
v 18.311821 55.218410 16.803844
v 18.329666 55.261311 16.808353
v 18.329666 55.261311 16.799334
v 18.325109 55.262215 16.803844
v 18.334244 55.307770 16.799334
v 18.334244 55.307770 16.808353
v 18.329596 55.307770 16.803844
v 18.329666 55.354233 16.808353
v 18.329666 55.354233 16.799334
v 18.325109 55.353329 16.803844
v 18.316114 55.398911 16.799334
v 18.316114 55.398911 16.808353
v 18.311821 55.397133 16.803844
v 18.294106 55.440086 16.808353
v 18.294106 55.440086 16.799334
v 18.290243 55.437504 16.803844
v 18.264488 55.476173 16.799334
v 18.264488 55.476173 16.808353
v 18.261202 55.472889 16.803844
v 18.228399 55.505795 16.808353
v 18.228399 55.505795 16.799334
v 18.225817 55.501930 16.803844
v 18.187223 55.527802 16.799334
v 18.187223 55.527802 16.808353
v 18.185446 55.523506 16.803844
v 18.049623 55.541351 16.799334
v 18.049623 55.541351 16.808353
v 18.050529 55.536797 16.803844
v 18.142548 55.541351 16.808353
v 18.142548 55.541351 16.799334
v 18.141642 55.536797 16.803844
v 18.096087 55.545929 16.808353
v 18.096087 55.545929 16.799334
v 18.096087 55.541283 16.803844
v 17.312216 55.545929 17.124424
v 17.265755 55.541351 17.124424
v 17.221079 55.527802 17.124424
v 17.179903 55.505795 17.124424
v 17.143814 55.476173 17.124424
v 17.114197 55.440086 17.124424
v 17.092188 55.398911 17.124424
v 17.078636 55.354233 17.124424
v 17.074059 55.307770 17.124424
v 17.078636 55.261311 17.124424
v 17.092188 55.216633 17.124424
v 17.114197 55.175457 17.124424
v 17.143814 55.139370 17.124424
v 17.179903 55.109749 17.124424
v 17.221079 55.087742 17.124424
v 17.265755 55.074188 17.124424
v 17.312216 55.069614 17.124424
v 17.358679 55.074188 17.124424
v 17.403357 55.087742 17.124424
v 17.444530 55.109749 17.124424
v 17.480619 55.139370 17.124424
v 17.510237 55.175457 17.124424
v 17.532246 55.216633 17.124424
v 17.545797 55.261311 17.124424
v 17.550375 55.307770 17.124424
v 17.545797 55.354233 17.124424
v 17.532246 55.398911 17.124424
v 17.510237 55.440086 17.124424
v 17.480619 55.476173 17.124424
v 17.444530 55.505795 17.124424
v 17.403357 55.527802 17.124424
v 17.358679 55.541351 17.124424
v 17.284111 55.449074 17.124424
v 17.312216 55.451843 17.124424
v 17.257084 55.440876 17.124424
v 17.232176 55.427563 17.124424
v 17.210342 55.409645 17.124424
v 17.192427 55.387814 17.124424
v 17.179113 55.362904 17.124424
v 17.170914 55.335880 17.124424
v 17.168146 55.307770 17.124424
v 17.170914 55.279663 17.124424
v 17.179113 55.252640 17.124424
v 17.192427 55.227730 17.124424
v 17.210342 55.205898 17.124424
v 17.232176 55.187981 17.124424
v 17.257084 55.174667 17.124424
v 17.284111 55.166470 17.124424
v 17.312216 55.163700 17.124424
v 17.340324 55.166470 17.124424
v 17.367352 55.174667 17.124424
v 17.392260 55.187981 17.124424
v 17.414091 55.205898 17.124424
v 17.432007 55.227730 17.124424
v 17.445322 55.252640 17.124424
v 17.453520 55.279663 17.124424
v 17.456287 55.307770 17.124424
v 17.453520 55.335880 17.124424
v 17.445322 55.362904 17.124424
v 17.432007 55.387814 17.124424
v 17.414091 55.409645 17.124424
v 17.392260 55.427563 17.124424
v 17.367352 55.440876 17.124424
v 17.340324 55.449074 17.124424
v 17.312216 55.541416 16.777266
v 17.312216 55.545929 16.787870
v 17.265755 55.541351 16.787870
v 17.266636 55.536926 16.777266
v 17.221079 55.527802 16.787870
v 17.222805 55.523632 16.777266
v 17.179903 55.505795 16.787870
v 17.182411 55.502041 16.777266
v 17.143814 55.476173 16.787870
v 17.147005 55.472984 16.777266
v 17.114197 55.440086 16.787870
v 17.117949 55.437576 16.777266
v 17.092188 55.398911 16.787870
v 17.096357 55.397182 16.777266
v 17.078636 55.354233 16.787870
v 17.083061 55.353355 16.777266
v 17.074059 55.307770 16.787870
v 17.078571 55.307770 16.777266
v 17.078636 55.261311 16.787870
v 17.083061 55.262192 16.777266
v 17.092188 55.216633 16.787870
v 17.096357 55.218361 16.777266
v 17.114197 55.175457 16.787870
v 17.117949 55.177963 16.777266
v 17.143814 55.139370 16.787870
v 17.147005 55.142559 16.777266
v 17.179903 55.109749 16.787870
v 17.182411 55.113503 16.777266
v 17.221079 55.087742 16.787870
v 17.222805 55.091911 16.777266
v 17.265755 55.074188 16.787870
v 17.266636 55.078617 16.777266
v 17.312216 55.069614 16.787870
v 17.312216 55.074127 16.777266
v 17.358679 55.074188 16.787870
v 17.357800 55.078617 16.777266
v 17.403357 55.087742 16.787870
v 17.401628 55.091911 16.777266
v 17.444530 55.109749 16.787870
v 17.442022 55.113503 16.777266
v 17.480619 55.139370 16.787870
v 17.477428 55.142559 16.777266
v 17.510237 55.175457 16.787870
v 17.506485 55.177963 16.777266
v 17.532246 55.216633 16.787870
v 17.528076 55.218361 16.777266
v 17.545797 55.261311 16.787870
v 17.541372 55.262192 16.777266
v 17.550375 55.307770 16.787870
v 17.545862 55.307770 16.777266
v 17.545797 55.354233 16.787870
v 17.541372 55.353355 16.777266
v 17.532246 55.398911 16.787870
v 17.528076 55.397182 16.777266
v 17.510237 55.440086 16.787870
v 17.506485 55.437576 16.777266
v 17.480619 55.476173 16.787870
v 17.477428 55.472984 16.777266
v 17.444530 55.505795 16.787870
v 17.442022 55.502041 16.777266
v 17.403357 55.527802 16.787870
v 17.401628 55.523632 16.777266
v 17.358679 55.541351 16.787870
v 17.357800 55.536926 16.777266
v 17.283230 55.453499 16.777266
v 17.284111 55.449074 16.787870
v 17.312216 55.451843 16.787870
v 17.312216 55.456356 16.777266
v 17.255356 55.445045 16.777266
v 17.257084 55.440876 16.787870
v 17.229668 55.431313 16.777266
v 17.232176 55.427563 16.787870
v 17.207153 55.412834 16.777266
v 17.210342 55.409645 16.787870
v 17.188675 55.390320 16.777266
v 17.192427 55.387814 16.787870
v 17.174944 55.364632 16.777266
v 17.179113 55.362904 16.787870
v 17.166489 55.336758 16.777266
v 17.170914 55.335880 16.787870
v 17.163633 55.307770 16.777266
v 17.168146 55.307770 16.787870
v 17.166489 55.278786 16.777266
v 17.170914 55.279663 16.787870
v 17.174944 55.250912 16.777266
v 17.179113 55.252640 16.787870
v 17.188675 55.225224 16.777266
v 17.192427 55.227730 16.787870
v 17.207153 55.202705 16.777266
v 17.210342 55.205898 16.787870
v 17.229668 55.184231 16.777266
v 17.232176 55.187981 16.787870
v 17.255356 55.170498 16.777266
v 17.257084 55.174667 16.787870
v 17.283230 55.162045 16.777266
v 17.284111 55.166470 16.787870
v 17.312216 55.159187 16.777266
v 17.312216 55.163700 16.787870
v 17.341204 55.162045 16.777266
v 17.340324 55.166470 16.787870
v 17.369078 55.170498 16.777266
v 17.367352 55.174667 16.787870
v 17.394766 55.184231 16.777266
v 17.392260 55.187981 16.787870
v 17.417280 55.202705 16.777266
v 17.414091 55.205898 16.787870
v 17.435760 55.225224 16.777266
v 17.432007 55.227730 16.787870
v 17.449490 55.250912 16.777266
v 17.445322 55.252640 16.787870
v 17.457945 55.278786 16.777266
v 17.453520 55.279663 16.787870
v 17.460800 55.307770 16.777266
v 17.456287 55.307770 16.787870
v 17.457945 55.336758 16.777266
v 17.453520 55.335880 16.787870
v 17.449490 55.364632 16.777266
v 17.445322 55.362904 16.787870
v 17.435760 55.390320 16.777266
v 17.432007 55.387814 16.787870
v 17.417280 55.412834 16.777266
v 17.414091 55.409645 16.787870
v 17.394766 55.431313 16.777266
v 17.392260 55.427563 16.787870
v 17.369078 55.445045 16.777266
v 17.367352 55.440876 16.787870
v 17.341204 55.453499 16.777266
v 17.340324 55.449074 16.787870
v 17.403357 55.527802 16.799334
v 17.403357 55.527802 16.808353
v 17.401577 55.523506 16.803844
v 17.444530 55.505795 16.808353
v 17.444530 55.505795 16.799334
v 17.441948 55.501930 16.803844
v 17.480619 55.476173 16.799334
v 17.480619 55.476173 16.808353
v 17.477335 55.472889 16.803844
v 17.510237 55.440086 16.808353
v 17.510237 55.440086 16.799334
v 17.506374 55.437504 16.803844
v 17.532246 55.398911 16.799334
v 17.532246 55.398911 16.808353
v 17.527952 55.397133 16.803844
v 17.545797 55.354233 16.808353
v 17.545797 55.354233 16.799334
v 17.541241 55.353329 16.803844
v 17.550375 55.307770 16.799334
v 17.550375 55.307770 16.808353
v 17.545727 55.307770 16.803844
v 17.545797 55.261311 16.808353
v 17.545797 55.261311 16.799334
v 17.541241 55.262215 16.803844
v 17.532246 55.216633 16.799334
v 17.532246 55.216633 16.808353
v 17.527952 55.218410 16.803844
v 17.510237 55.175457 16.808353
v 17.510237 55.175457 16.799334
v 17.506374 55.178040 16.803844
v 17.480619 55.139370 16.799334
v 17.480619 55.139370 16.808353
v 17.477335 55.142654 16.803844
v 17.444530 55.109749 16.808353
v 17.444530 55.109749 16.799334
v 17.441948 55.113613 16.803844
v 17.403357 55.087742 16.799334
v 17.403357 55.087742 16.808353
v 17.401577 55.092037 16.803844
v 17.358679 55.074188 16.808353
v 17.358679 55.074188 16.799334
v 17.357773 55.078747 16.803844
v 17.312216 55.069614 16.799334
v 17.312216 55.069614 16.808353
v 17.312216 55.074261 16.803844
v 17.265755 55.074188 16.808353
v 17.265755 55.074188 16.799334
v 17.266661 55.078747 16.803844
v 17.221079 55.087742 16.799334
v 17.221079 55.087742 16.808353
v 17.222857 55.092037 16.803844
v 17.179903 55.109749 16.808353
v 17.179903 55.109749 16.799334
v 17.182486 55.113613 16.803844
v 17.143814 55.139370 16.799334
v 17.143814 55.139370 16.808353
v 17.147100 55.142654 16.803844
v 17.114197 55.175457 16.808353
v 17.114197 55.175457 16.799334
v 17.118059 55.178040 16.803844
v 17.092188 55.216633 16.799334
v 17.092188 55.216633 16.808353
v 17.096481 55.218410 16.803844
v 17.078636 55.261311 16.808353
v 17.078636 55.261311 16.799334
v 17.083193 55.262215 16.803844
v 17.074059 55.307770 16.799334
v 17.074059 55.307770 16.808353
v 17.078707 55.307770 16.803844
v 17.078636 55.354233 16.808353
v 17.078636 55.354233 16.799334
v 17.083193 55.353329 16.803844
v 17.092188 55.398911 16.799334
v 17.092188 55.398911 16.808353
v 17.096481 55.397133 16.803844
v 17.114197 55.440086 16.808353
v 17.114197 55.440086 16.799334
v 17.118059 55.437504 16.803844
v 17.143814 55.476173 16.799334
v 17.143814 55.476173 16.808353
v 17.147100 55.472889 16.803844
v 17.179903 55.505795 16.808353
v 17.179903 55.505795 16.799334
v 17.182486 55.501930 16.803844
v 17.221079 55.527802 16.799334
v 17.221079 55.527802 16.808353
v 17.222857 55.523506 16.803844
v 17.358679 55.541351 16.799334
v 17.358679 55.541351 16.808353
v 17.357773 55.536797 16.803844
v 17.265755 55.541351 16.808353
v 17.265755 55.541351 16.799334
v 17.266661 55.536797 16.803844
v 17.312216 55.545929 16.808353
v 17.312216 55.545929 16.799334
v 17.312216 55.541283 16.803844
v 18.269855 55.376381 16.794722
v 18.269855 55.376381 16.769758
v 18.255163 55.356968 16.794722
v 18.255163 55.356968 16.769758
v 18.264629 55.334538 16.794722
v 18.264629 55.334538 16.769758
v 18.288786 55.331520 16.794722
v 18.288786 55.331520 16.769758
v 18.303478 55.350933 16.794722
v 18.303478 55.350933 16.769758
v 18.294014 55.373363 16.794722
v 18.294014 55.373363 16.769758
v 18.152100 55.504879 16.794722
v 18.152100 55.504879 16.769758
v 18.143484 55.482109 16.794722
v 18.143484 55.482109 16.769758
v 18.158895 55.463264 16.794722
v 18.158895 55.463264 16.769758
v 18.182922 55.467190 16.794722
v 18.182922 55.467190 16.769758
v 18.191538 55.489956 16.794722
v 18.191538 55.489956 16.769758
v 18.176126 55.508804 16.794722
v 18.176126 55.508804 16.769758
v 18.230169 55.185970 16.794722
v 18.230169 55.185970 16.769758
v 18.206326 55.181057 16.794722
v 18.206326 55.181057 16.769758
v 18.198662 55.157948 16.794722
v 18.198662 55.157948 16.769758
v 18.214842 55.139759 16.794722
v 18.214842 55.139759 16.769758
v 18.238686 55.144676 16.794722
v 18.238686 55.144676 16.769758
v 18.246349 55.167782 16.794722
v 18.246349 55.167782 16.769758
v 17.984035 55.173828 16.794722
v 17.984035 55.173828 16.769758
v 17.963541 55.160690 16.794722
v 17.963541 55.160690 16.769758
v 17.964674 55.136372 16.794722
v 17.964674 55.136372 16.769758
v 17.986301 55.125195 16.794722
v 17.986301 55.125195 16.769758
v 18.006794 55.138332 16.794722
v 18.006794 55.138332 16.769758
v 18.005663 55.162651 16.794722
v 18.005663 55.162651 16.769758
v 17.915869 55.332172 16.794722
v 17.915869 55.332172 16.769758
v 17.891571 55.330647 16.794722
v 17.891571 55.330647 16.769758
v 17.880747 55.308838 16.794722
v 17.880747 55.308838 16.769758
v 17.894218 55.288563 16.794722
v 17.894218 55.288563 16.769758
v 17.918516 55.290089 16.794722
v 17.918516 55.290089 16.769758
v 17.929340 55.311893 16.794722
v 17.929340 55.311893 16.769758
v 17.962955 55.477264 16.794722
v 17.962955 55.477264 16.769758
v 17.948263 55.457851 16.794722
v 17.948263 55.457851 16.769758
v 17.957729 55.435421 16.794722
v 17.957729 55.435421 16.769758
v 17.981886 55.432404 16.794722
v 17.981886 55.432404 16.769758
v 17.996578 55.451817 16.794722
v 17.996578 55.451817 16.769758
v 17.987112 55.474247 16.794722
v 17.987112 55.474247 16.769758
v 17.138447 55.376381 16.794722
v 17.138447 55.376381 16.769758
v 17.153139 55.356968 16.794722
v 17.153139 55.356968 16.769758
v 17.143673 55.334538 16.794722
v 17.143673 55.334538 16.769758
v 17.119516 55.331520 16.794722
v 17.119516 55.331520 16.769758
v 17.104824 55.350933 16.794722
v 17.104824 55.350933 16.769758
v 17.114288 55.373363 16.794722
v 17.114288 55.373363 16.769758
v 17.256203 55.504879 16.794722
v 17.256203 55.504879 16.769758
v 17.264818 55.482109 16.794722
v 17.264818 55.482109 16.769758
v 17.249407 55.463264 16.794722
v 17.249407 55.463264 16.769758
v 17.225380 55.467190 16.794722
v 17.225380 55.467190 16.769758
v 17.216764 55.489956 16.794722
v 17.216764 55.489956 16.769758
v 17.232176 55.508804 16.794722
v 17.232176 55.508804 16.769758
v 17.178133 55.185970 16.794722
v 17.178133 55.185970 16.769758
v 17.201977 55.181057 16.794722
v 17.201977 55.181057 16.769758
v 17.209641 55.157948 16.794722
v 17.209641 55.157948 16.769758
v 17.193460 55.139759 16.794722
v 17.193460 55.139759 16.769758
v 17.169617 55.144676 16.794722
v 17.169617 55.144676 16.769758
v 17.161953 55.167782 16.794722
v 17.161953 55.167782 16.769758
v 17.424267 55.173828 16.794722
v 17.424267 55.173828 16.769758
v 17.444761 55.160690 16.794722
v 17.444761 55.160690 16.769758
v 17.443628 55.136372 16.794722
v 17.443628 55.136372 16.769758
v 17.422001 55.125195 16.794722
v 17.422001 55.125195 16.769758
v 17.401508 55.138332 16.794722
v 17.401508 55.138332 16.769758
v 17.402639 55.162651 16.794722
v 17.402639 55.162651 16.769758
v 17.492434 55.332172 16.794722
v 17.492434 55.332172 16.769758
v 17.516731 55.330647 16.794722
v 17.516731 55.330647 16.769758
v 17.527555 55.308838 16.794722
v 17.527555 55.308838 16.769758
v 17.514084 55.288563 16.794722
v 17.514084 55.288563 16.769758
v 17.489786 55.290089 16.794722
v 17.489786 55.290089 16.769758
v 17.478962 55.311893 16.794722
v 17.478962 55.311893 16.769758
v 17.445347 55.477264 16.794722
v 17.445347 55.477264 16.769758
v 17.460039 55.457851 16.794722
v 17.460039 55.457851 16.769758
v 17.450573 55.435421 16.794722
v 17.450573 55.435421 16.769758
v 17.426416 55.432404 16.794722
v 17.426416 55.432404 16.769758
v 17.411724 55.451817 16.794722
v 17.411724 55.451817 16.769758
v 17.421190 55.474247 16.794722
v 17.421190 55.474247 16.769758
v 18.128916 55.472820 16.810825
v 18.096085 55.476055 16.810825
v 18.160484 55.463245 16.810825
v 18.189579 55.447697 16.810825
v 18.215080 55.426765 16.810825
v 18.236010 55.401264 16.810825
v 18.251560 55.372169 16.810825
v 18.261137 55.340603 16.810825
v 18.264370 55.307770 16.810825
v 18.261137 55.274940 16.810825
v 18.251560 55.243370 16.810825
v 18.236010 55.214275 16.810825
v 18.215080 55.188778 16.810825
v 18.189579 55.167847 16.810825
v 18.160484 55.152298 16.810825
v 18.128916 55.142719 16.810825
v 18.096085 55.139488 16.810825
v 18.063255 55.142719 16.810825
v 18.031685 55.152298 16.810825
v 18.002592 55.167847 16.810825
v 17.977091 55.188778 16.810825
v 17.956161 55.214275 16.810825
v 17.940611 55.243370 16.810825
v 17.931034 55.274940 16.810825
v 17.927801 55.307770 16.810825
v 17.931034 55.340603 16.810825
v 17.940611 55.372169 16.810825
v 17.956161 55.401264 16.810825
v 17.977091 55.426765 16.810825
v 18.002592 55.447697 16.810825
v 18.031685 55.463245 16.810825
v 18.063255 55.472820 16.810825
v 17.279387 55.472820 16.810825
v 17.312218 55.476055 16.810825
v 17.247818 55.463245 16.810825
v 17.218723 55.447697 16.810825
v 17.193222 55.426765 16.810825
v 17.172293 55.401264 16.810825
v 17.156742 55.372169 16.810825
v 17.147165 55.340603 16.810825
v 17.143932 55.307770 16.810825
v 17.147165 55.274940 16.810825
v 17.156742 55.243370 16.810825
v 17.172293 55.214275 16.810825
v 17.193222 55.188778 16.810825
v 17.218723 55.167847 16.810825
v 17.247818 55.152298 16.810825
v 17.279387 55.142719 16.810825
v 17.312218 55.139488 16.810825
v 17.345047 55.142719 16.810825
v 17.376617 55.152298 16.810825
v 17.405710 55.167847 16.810825
v 17.431211 55.188778 16.810825
v 17.452141 55.214275 16.810825
v 17.467691 55.243370 16.810825
v 17.477268 55.274940 16.810825
v 17.480501 55.307770 16.810825
v 17.477268 55.340603 16.810825
v 17.467691 55.372169 16.810825
v 17.452141 55.401264 16.810825
v 17.431211 55.426765 16.810825
v 17.405710 55.447697 16.810825
v 17.376617 55.463245 16.810825
v 17.345047 55.472820 16.810825
vn 0.4709 0.0407 -0.8812
vn 0.4709 0.0408 -0.8812
vn 0.6073 0.3704 -0.7029
vn 0.6961 0.0905 -0.7122
vn -0.4709 0.0407 -0.8812
vn -0.4709 0.0408 -0.8812
vn -0.4623 0.0411 -0.8858
vn -0.4639 0.0411 -0.8849
vn -0.0000 1.0000 -0.0000
vn -0.0002 1.0000 -0.0000
vn -0.9834 0.1815 -0.0000
vn -0.8617 0.4487 -0.2367
vn -0.9522 0.1618 -0.2593
vn -0.0000 -1.0000 -0.0000
vn -0.0002 -1.0000 -0.0000
vn 0.4442 0.0411 -0.8950
vn 0.4421 0.0411 -0.8960
vn 0.4623 0.0411 -0.8858
vn 0.4639 0.0411 -0.8849
vn 0.0001 1.0000 -0.0000
vn 0.9834 0.1815 -0.0000
vn 0.4154 0.0416 -0.9087
vn 0.4129 0.0417 -0.9098
vn 0.3766 0.0423 -0.9254
vn 0.3740 0.0424 -0.9265
vn 0.3266 0.0431 -0.9442
vn 0.3241 0.0432 -0.9451
vn 0.2644 0.0439 -0.9634
vn 0.2621 0.0440 -0.9640
vn 0.1889 0.0447 -0.9810
vn 0.1872 0.0447 -0.9813
vn 0.1000 0.0452 -0.9940
vn 0.0990 0.0452 -0.9941
vn -0.0000 0.0454 -0.9990
vn -0.1000 0.0452 -0.9940
vn -0.0990 0.0452 -0.9941
vn -0.1889 0.0447 -0.9810
vn -0.1872 0.0447 -0.9813
vn -0.2644 0.0439 -0.9634
vn -0.2621 0.0440 -0.9640
vn -0.3266 0.0431 -0.9442
vn -0.3240 0.0432 -0.9451
vn -0.3766 0.0423 -0.9254
vn -0.3739 0.0424 -0.9265
vn -0.4154 0.0416 -0.9087
vn -0.4129 0.0417 -0.9098
vn -0.4442 0.0411 -0.8950
vn -0.4421 0.0411 -0.8960
vn 0.6782 -0.6123 -0.4065
vn 0.4989 -0.5942 -0.6309
vn 0.7891 -0.5895 -0.1726
vn 0.5685 0.7208 -0.3966
vn 0.8617 0.4487 -0.2367
vn -0.6782 -0.6122 -0.4065
vn -0.7891 -0.5895 -0.1726
vn -0.4989 -0.5942 -0.6309
vn -0.5685 0.7208 -0.3966
vn -0.6073 0.3704 -0.7029
vn 0.7686 -0.6397 -0.0000
vn 0.9521 0.1618 -0.2593
vn 0.6396 0.7687 -0.0000
vn 0.6397 0.7686 -0.0000
vn -0.7686 -0.6397 -0.0000
vn -0.7687 -0.6396 -0.0000
vn -0.6396 0.7687 -0.0000
vn -0.6961 0.0905 -0.7122
vn -0.3623 -0.6439 -0.6739
vn -0.3624 -0.6437 -0.6740
vn 0.3452 0.6775 -0.6495
vn 0.3622 -0.6440 -0.6739
vn 0.3582 -0.6443 -0.6758
vn 0.3547 -0.6449 -0.6770
vn 0.3623 -0.6437 -0.6740
vn 0.3436 -0.6466 -0.6811
vn 0.3386 -0.6472 -0.6829
vn 0.3220 -0.6493 -0.6890
vn 0.3156 -0.6500 -0.6913
vn 0.2922 -0.6526 -0.6991
vn 0.2848 -0.6533 -0.7015
vn 0.2535 -0.6565 -0.7105
vn 0.2456 -0.6572 -0.7126
vn 0.2052 -0.6608 -0.7220
vn 0.1975 -0.6614 -0.7236
vn 0.1466 -0.6650 -0.7323
vn 0.1402 -0.6654 -0.7332
vn 0.0776 -0.6683 -0.7398
vn 0.0738 -0.6684 -0.7401
vn -0.0000 -0.6696 -0.7427
vn -0.0776 -0.6683 -0.7398
vn -0.0738 -0.6684 -0.7401
vn -0.1467 -0.6650 -0.7323
vn -0.1403 -0.6654 -0.7332
vn -0.2052 -0.6608 -0.7220
vn -0.1975 -0.6614 -0.7236
vn -0.2535 -0.6565 -0.7105
vn -0.2456 -0.6572 -0.7126
vn -0.2922 -0.6526 -0.6991
vn -0.2848 -0.6533 -0.7015
vn -0.3220 -0.6493 -0.6890
vn -0.3156 -0.6500 -0.6913
vn -0.3436 -0.6466 -0.6811
vn -0.3386 -0.6472 -0.6829
vn -0.3582 -0.6443 -0.6757
vn -0.3547 -0.6449 -0.6769
vn -0.3452 0.6775 -0.6495
vn -0.3395 0.6786 -0.6514
vn -0.3377 0.6789 -0.6520
vn -0.3236 0.6810 -0.6569
vn -0.3210 0.6814 -0.6578
vn -0.3012 0.6840 -0.6644
vn -0.2977 0.6845 -0.6655
vn -0.2716 0.6876 -0.6734
vn -0.2675 0.6880 -0.6746
vn -0.2343 0.6914 -0.6834
vn -0.2299 0.6918 -0.6845
vn -0.1887 0.6954 -0.6934
vn -0.1843 0.6958 -0.6942
vn -0.1342 0.6993 -0.7021
vn -0.1305 0.6996 -0.7025
vn -0.0708 0.7024 -0.7082
vn -0.0685 0.7025 -0.7084
vn -0.0000 0.7036 -0.7106
vn 0.0708 0.7024 -0.7083
vn 0.0685 0.7025 -0.7084
vn 0.1342 0.6994 -0.7021
vn 0.1305 0.6996 -0.7025
vn 0.1887 0.6954 -0.6934
vn 0.1842 0.6958 -0.6942
vn 0.2343 0.6914 -0.6835
vn 0.2298 0.6918 -0.6845
vn 0.2716 0.6876 -0.6734
vn 0.2675 0.6880 -0.6746
vn 0.3013 0.6840 -0.6643
vn 0.2978 0.6845 -0.6655
vn 0.3237 0.6810 -0.6569
vn 0.3211 0.6814 -0.6578
vn 0.3396 0.6786 -0.6513
vn 0.3378 0.6789 -0.6520
vn -0.9969 0.0784 -0.0000
vn -0.0000 0.0467 -0.9989
vn -0.0000 0.0467 0.9989
vn -0.5677 -0.5246 -0.6344
vn -0.4887 0.5287 -0.6940
vn -0.5784 0.2944 -0.7608
vn -0.5895 0.2535 -0.7669
vn -0.5676 -0.5247 0.6345
vn -0.4888 0.5287 0.6940
vn -0.5895 0.2535 0.7669
vn -0.5784 0.2944 0.7608
vn -0.0000 -0.6689 0.7433
vn -0.0000 0.5782 0.8159
vn -0.6234 0.0838 0.7774
vn -0.7343 -0.6789 -0.0000
vn -0.6788 0.7343 -0.0000
vn -0.6234 0.0838 -0.7774
vn -0.0000 -0.6690 -0.7433
vn -0.0000 0.5782 -0.8159
vn 0.9969 0.0784 -0.0000
vn 0.5677 -0.5246 -0.6344
vn 0.4887 0.5287 -0.6940
vn 0.5895 0.2535 -0.7669
vn 0.5784 0.2944 -0.7608
vn 0.5675 -0.5247 0.6345
vn 0.4888 0.5287 0.6940
vn 0.5784 0.2944 0.7608
vn 0.5895 0.2535 0.7670
vn 0.6234 0.0838 0.7774
vn 0.7343 -0.6789 -0.0000
vn 0.6788 0.7343 -0.0000
vn 0.6234 0.0838 -0.7774
vn -0.0000 0.2230 -0.9748
vn -0.9916 0.1297 -0.0000
vn 0.9916 0.1297 -0.0000
vn 0.6317 -0.3881 -0.6711
vn -0.6317 -0.3881 -0.6710
vn 0.7494 -0.6621 -0.0000
vn 0.6562 0.2478 -0.7127
vn -0.7494 -0.6621 -0.0000
vn -0.6562 0.2478 -0.7127
vn -0.0000 -0.5748 -0.8183
vn -0.0001 -1.0000 -0.0000
vn -0.6397 0.7686 -0.0000
vn 0.7687 -0.6396 -0.0000
vn -0.0001 1.0000 -0.0000
vn 0.0001 -1.0000 -0.0000
vn -0.1794 0.0778 0.9807
vn -0.1795 0.0778 0.9807
vn -0.3551 0.0790 0.9315
vn -0.3549 0.0790 0.9316
vn 0.1794 0.0778 0.9807
vn 0.1795 0.0778 0.9807
vn -0.0000 0.0774 0.9970
vn -0.5219 0.0809 0.8492
vn -0.5221 0.0809 0.8490
vn -0.6748 0.0833 0.7333
vn -0.6746 0.0833 0.7335
vn -0.8062 0.0857 0.5853
vn -0.8061 0.0857 0.5856
vn -0.9084 0.0878 0.4088
vn -0.9083 0.0878 0.4090
vn -0.9735 0.0893 0.2104
vn -0.9735 0.0893 0.2105
vn -0.9960 0.0898 -0.0000
vn -0.9735 0.0893 -0.2104
vn -0.9735 0.0893 -0.2105
vn -0.9084 0.0878 -0.4088
vn -0.9083 0.0878 -0.4090
vn -0.8063 0.0857 -0.5853
vn -0.8061 0.0857 -0.5855
vn -0.6748 0.0833 -0.7333
vn -0.6746 0.0833 -0.7335
vn -0.5221 0.0809 -0.8491
vn -0.5219 0.0809 -0.8492
vn -0.3551 0.0791 -0.9315
vn -0.3549 0.0791 -0.9316
vn -0.2675 0.0779 -0.9604
vn -0.2680 0.0779 -0.9603
vn -0.1795 0.0777 -0.9807
vn -0.1794 0.0777 -0.9807
vn -0.0000 0.0773 -0.9970
vn 0.1795 0.0777 -0.9807
vn 0.1794 0.0777 -0.9807
vn 0.2675 0.0779 -0.9604
vn 0.2680 0.0779 -0.9603
vn 0.3551 0.0791 -0.9315
vn 0.3549 0.0791 -0.9316
vn 0.5221 0.0809 -0.8491
vn 0.5219 0.0809 -0.8492
vn 0.6748 0.0833 -0.7333
vn 0.6746 0.0833 -0.7335
vn 0.8063 0.0857 -0.5853
vn 0.8061 0.0857 -0.5855
vn 0.9084 0.0878 -0.4088
vn 0.9083 0.0878 -0.4090
vn 0.9735 0.0893 -0.2104
vn 0.9735 0.0893 -0.2105
vn 0.9960 0.0898 -0.0000
vn 0.9735 0.0893 0.2104
vn 0.9735 0.0893 0.2105
vn 0.9084 0.0878 0.4088
vn 0.9083 0.0878 0.4090
vn 0.8062 0.0857 0.5853
vn 0.8061 0.0857 0.5855
vn 0.6748 0.0833 0.7333
vn 0.6746 0.0833 0.7335
vn 0.5221 0.0809 0.8490
vn 0.5219 0.0809 0.8492
vn 0.3551 0.0790 0.9315
vn 0.3549 0.0790 0.9316
vn 0.6778 -0.0000 -0.7352
vn 0.5245 -0.0000 -0.8514
vn -0.0000 -0.0000 -1.0000
vn -0.1804 -0.0000 -0.9836
vn 0.3567 -0.0000 -0.9342
vn 0.8097 -0.0000 -0.5868
vn 0.9122 -0.0000 -0.4098
vn 0.9775 -0.0000 -0.2109
vn 1.0000 -0.0000 -0.0000
vn 0.9775 -0.0000 0.2109
vn 0.9122 -0.0000 0.4098
vn 0.8097 -0.0000 0.5868
vn 0.6778 -0.0000 0.7352
vn 0.5245 -0.0000 0.8514
vn 0.3567 -0.0000 0.9342
vn 0.2689 -0.0000 0.9632
vn -0.0000 -0.0000 1.0000
vn 0.1804 -0.0000 0.9836
vn -0.1804 -0.0000 0.9836
vn -0.2689 -0.0000 0.9632
vn -0.5245 -0.0000 0.8514
vn -0.3567 -0.0000 0.9342
vn -0.6778 -0.0000 0.7352
vn -0.8097 -0.0000 0.5868
vn -0.9122 -0.0000 0.4098
vn -0.9775 -0.0000 0.2109
vn -1.0000 -0.0000 -0.0000
vn -0.9775 -0.0000 -0.2109
vn -0.9122 -0.0000 -0.4098
vn -0.8097 -0.0000 -0.5868
vn -0.6778 -0.0000 -0.7352
vn -0.5245 -0.0000 -0.8514
vn -0.3567 -0.0000 -0.9342
vn 0.1804 -0.0000 -0.9836
vn -0.1293 0.7034 0.6989
vn -0.0000 0.7020 0.7122
vn -0.1269 0.7034 0.6994
vn -0.2541 0.7075 0.6595
vn -0.2499 0.7073 0.6613
vn -0.3698 0.7135 0.5951
vn -0.3649 0.7132 0.5985
vn -0.4721 0.7207 0.5076
vn -0.4676 0.7204 0.5123
vn -0.5568 0.7279 0.4000
vn -0.5535 0.7276 0.4053
vn -0.6204 0.7340 0.2763
vn -0.6186 0.7338 0.2808
vn -0.6597 0.7381 0.1411
vn -0.6592 0.7381 0.1437
vn -0.6730 0.7397 -0.0000
vn -0.6597 0.7382 -0.1411
vn -0.6592 0.7381 -0.1437
vn -0.6204 0.7340 -0.2762
vn -0.6186 0.7339 -0.2807
vn -0.5568 0.7280 -0.4000
vn -0.5534 0.7276 -0.4053
vn -0.4721 0.7207 -0.5076
vn -0.4675 0.7204 -0.5124
vn -0.3698 0.7135 -0.5951
vn -0.3649 0.7132 -0.5985
vn -0.2541 0.7075 -0.6595
vn -0.2499 0.7073 -0.6613
vn -0.1912 0.7033 -0.6847
vn -0.0000 0.7020 -0.7122
vn -0.1293 0.7034 -0.6990
vn -0.1270 0.7033 -0.6994
vn 0.1293 0.7034 -0.6989
vn 0.1269 0.7033 -0.6994
vn 0.1912 0.7033 -0.6847
vn 0.3698 0.7135 -0.5951
vn 0.2541 0.7075 -0.6595
vn 0.2500 0.7073 -0.6613
vn 0.3649 0.7132 -0.5985
vn 0.4721 0.7207 -0.5076
vn 0.4675 0.7204 -0.5124
vn 0.5568 0.7280 -0.4000
vn 0.5534 0.7276 -0.4053
vn 0.6204 0.7340 -0.2762
vn 0.6186 0.7339 -0.2807
vn 0.6597 0.7382 -0.1411
vn 0.6592 0.7381 -0.1437
vn 0.6730 0.7397 -0.0000
vn 0.6597 0.7381 0.1411
vn 0.6592 0.7381 0.1437
vn 0.6204 0.7340 0.2763
vn 0.6186 0.7338 0.2808
vn 0.5568 0.7279 0.4000
vn 0.5535 0.7276 0.4053
vn 0.4721 0.7207 0.5076
vn 0.4675 0.7204 0.5124
vn 0.3698 0.7135 0.5951
vn 0.3649 0.7132 0.5985
vn 0.2541 0.7074 0.6595
vn 0.2500 0.7073 0.6613
vn 0.1293 0.7034 0.6989
vn 0.1269 0.7034 0.6994
vn 0.1346 0.6723 -0.7280
vn -0.0000 0.6709 -0.7416
vn 0.1323 0.6722 -0.7284
vn 0.2646 0.6763 -0.6874
vn 0.2606 0.6762 -0.6891
vn 0.3857 0.6824 -0.6210
vn 0.3808 0.6821 -0.6243
vn 0.4931 0.6896 -0.5304
vn 0.4885 0.6893 -0.5350
vn 0.5824 0.6969 -0.4185
vn 0.5790 0.6966 -0.4237
vn 0.6495 0.7032 -0.2894
vn 0.6477 0.7030 -0.2938
vn 0.6912 0.7073 -0.1479
vn 0.6907 0.7073 -0.1505
vn 0.7054 0.7088 -0.0000
vn 0.6912 0.7073 0.1479
vn 0.6907 0.7073 0.1505
vn 0.6495 0.7032 0.2894
vn 0.6477 0.7030 0.2938
vn 0.5824 0.6969 0.4185
vn 0.5790 0.6966 0.4237
vn 0.4931 0.6896 0.5304
vn 0.4885 0.6893 0.5350
vn 0.3857 0.6824 0.6210
vn 0.3808 0.6821 0.6243
vn 0.2647 0.6763 0.6874
vn 0.2606 0.6762 0.6891
vn 0.1991 0.6721 0.7132
vn -0.0000 0.6708 0.7416
vn 0.1346 0.6723 0.7280
vn 0.1323 0.6722 0.7284
vn -0.1346 0.6723 0.7280
vn -0.1323 0.6722 0.7284
vn -0.1991 0.6721 0.7132
vn -0.3857 0.6824 0.6210
vn -0.2647 0.6763 0.6874
vn -0.2606 0.6762 0.6891
vn -0.3808 0.6821 0.6243
vn -0.4931 0.6896 0.5304
vn -0.4886 0.6893 0.5350
vn -0.5824 0.6969 0.4185
vn -0.5790 0.6966 0.4237
vn -0.6495 0.7032 0.2894
vn -0.6477 0.7030 0.2938
vn -0.6912 0.7073 0.1479
vn -0.6907 0.7073 0.1505
vn -0.7054 0.7088 -0.0000
vn -0.6912 0.7073 -0.1479
vn -0.6907 0.7073 -0.1505
vn -0.6495 0.7032 -0.2894
vn -0.6477 0.7030 -0.2938
vn -0.5824 0.6969 -0.4185
vn -0.5790 0.6966 -0.4237
vn -0.4931 0.6896 -0.5304
vn -0.4885 0.6893 -0.5350
vn -0.3857 0.6824 -0.6210
vn -0.3808 0.6821 -0.6243
vn -0.2646 0.6763 -0.6874
vn -0.2606 0.6762 -0.6891
vn -0.1346 0.6723 -0.7280
vn -0.1323 0.6722 -0.7284
vn -0.3430 0.0414 -0.9384
vn -0.2546 0.0884 -0.9630
vn -0.2634 -0.0030 -0.9647
vn -0.3515 -0.0015 -0.9362
vn -0.0000 0.9837 -0.1797
vn -0.0360 0.9838 -0.1757
vn 0.0046 0.9987 0.0512
vn -0.0000 0.9988 0.0483
vn 0.0434 0.9887 -0.1433
vn 0.0360 0.9838 -0.1757
vn -0.0046 0.9987 0.0512
vn -0.0072 0.9985 0.0541
vn -0.9903 -0.0194 -0.1376
vn -0.9877 -0.0175 -0.1552
vn -0.9994 -0.0330 0.0123
vn -0.9994 -0.0328 0.0077
vn -0.0000 0.0390 0.9992
vn -0.1762 0.0390 0.9836
vn -0.1765 -0.0000 0.9843
vn 0.1762 0.0390 0.9836
vn 0.1765 -0.0000 0.9843
vn -0.3500 0.0394 0.9359
vn -0.3499 -0.0000 0.9368
vn -0.5161 0.0404 0.8556
vn -0.5161 -0.0000 0.8565
vn -0.6696 0.0415 0.7416
vn -0.6697 -0.0000 0.7426
vn -0.8031 0.0427 0.5943
vn -0.8035 -0.0000 0.5953
vn -0.9081 0.0438 0.4165
vn -0.9088 -0.0000 0.4173
vn -0.9756 0.0446 0.2149
vn -0.9765 -0.0000 0.2153
vn -0.9990 0.0448 -0.0000
vn -0.9756 0.0446 -0.2149
vn -0.9765 -0.0000 -0.2153
vn -0.9081 0.0438 -0.4165
vn -0.9088 -0.0000 -0.4173
vn -0.8031 0.0427 -0.5943
vn -0.8035 -0.0000 -0.5953
vn -0.6696 0.0415 -0.7416
vn -0.6697 -0.0000 -0.7426
vn -0.5161 0.0404 -0.8556
vn -0.5161 -0.0000 -0.8565
vn -0.0000 0.1805 -0.9836
vn 0.1702 0.1820 -0.9685
vn 0.1750 -0.0015 -0.9846
vn 0.2546 0.0884 -0.9630
vn 0.2634 -0.0030 -0.9647
vn 0.3430 0.0414 -0.9384
vn 0.5161 0.0404 -0.8556
vn 0.5161 -0.0000 -0.8565
vn 0.3515 -0.0015 -0.9362
vn 0.6696 0.0415 -0.7416
vn 0.6697 -0.0000 -0.7426
vn 0.8031 0.0427 -0.5943
vn 0.8035 -0.0000 -0.5953
vn 0.9081 0.0438 -0.4165
vn 0.9088 -0.0000 -0.4173
vn 0.9756 0.0446 -0.2149
vn 0.9765 -0.0000 -0.2153
vn 0.9990 0.0448 -0.0000
vn 0.9756 0.0446 0.2149
vn 0.9765 -0.0000 0.2153
vn 0.9081 0.0438 0.4165
vn 0.9088 -0.0000 0.4173
vn 0.8031 0.0427 0.5943
vn 0.8035 -0.0000 0.5953
vn 0.6696 0.0415 0.7416
vn 0.6697 -0.0000 0.7426
vn 0.5161 0.0404 0.8556
vn 0.5161 -0.0000 0.8565
vn 0.3500 0.0394 0.9359
vn 0.3499 -0.0000 0.9368
vn -0.0000 0.0763 0.9971
vn -0.0000 0.0758 0.9971
vn -0.1762 0.0770 0.9813
vn -0.1742 0.0772 0.9817
vn -0.3501 0.0790 0.9334
vn -0.3507 0.0790 0.9331
vn -0.5168 0.0809 0.8523
vn -0.5161 0.0809 0.8527
vn 0.3501 0.0790 0.9334
vn 0.3507 0.0790 0.9331
vn 0.1762 0.0770 0.9813
vn 0.1742 0.0772 0.9817
vn 0.5161 0.0809 0.8527
vn 0.5168 0.0809 0.8523
vn 0.6690 0.0832 0.7386
vn 0.6697 0.0832 0.7379
vn 0.8018 0.0856 0.5914
vn 0.8023 0.0856 0.5907
vn 0.9059 0.0878 0.4142
vn 0.9062 0.0878 0.4136
vn 0.9728 0.0893 0.2136
vn 0.9729 0.0893 0.2132
vn 0.9960 0.0899 -0.0000
vn 0.9728 0.0893 -0.2136
vn 0.9729 0.0893 -0.2132
vn 0.9059 0.0878 -0.4142
vn 0.9062 0.0878 -0.4136
vn 0.8018 0.0856 -0.5914
vn 0.8023 0.0856 -0.5907
vn 0.6690 0.0832 -0.7386
vn 0.6697 0.0832 -0.7379
vn 0.5161 0.0809 -0.8527
vn 0.5168 0.0809 -0.8523
vn 0.3236 0.0752 -0.9432
vn 0.3508 0.0790 -0.9331
vn 0.0490 0.0385 -0.9981
vn 0.2032 0.0706 -0.9766
vn 0.2287 0.0677 -0.9711
vn 0.3168 0.0784 -0.9453
vn -0.0000 -0.9565 -0.2917
vn -0.0492 -0.9559 -0.2896
vn -0.0831 -0.9936 -0.0764
vn -0.0000 -0.9972 -0.0749
vn 0.0493 -0.9559 -0.2896
vn 0.0831 -0.9936 -0.0764
vn -0.3168 0.0784 -0.9453
vn -0.3236 0.0752 -0.9432
vn -0.2287 0.0677 -0.9711
vn -0.2032 0.0706 -0.9766
vn -0.0490 0.0385 -0.9981
vn -0.5161 0.0809 -0.8527
vn -0.5168 0.0809 -0.8523
vn -0.3508 0.0790 -0.9331
vn -0.6690 0.0832 -0.7386
vn -0.6697 0.0832 -0.7379
vn -0.8018 0.0856 -0.5914
vn -0.8023 0.0856 -0.5907
vn -0.9059 0.0878 -0.4142
vn -0.9062 0.0878 -0.4136
vn -0.9728 0.0893 -0.2136
vn -0.9729 0.0893 -0.2132
vn -0.9960 0.0899 -0.0000
vn -0.9728 0.0893 0.2136
vn -0.9729 0.0893 0.2132
vn -0.9059 0.0878 0.4142
vn -0.9062 0.0878 0.4136
vn -0.8018 0.0856 0.5914
vn -0.8023 0.0856 0.5907
vn -0.6690 0.0832 0.7386
vn -0.6697 0.0832 0.7379
vn -0.1786 0.0778 0.9808
vn -0.3535 0.0790 0.9321
vn -0.5201 0.0809 0.8502
vn 0.3535 0.0790 0.9321
vn 0.1786 0.0778 0.9808
vn 0.5201 0.0809 0.8502
vn 0.6729 0.0832 0.7350
vn 0.8048 0.0857 0.5873
vn 0.9076 0.0878 0.4106
vn 0.9733 0.0893 0.2114
vn 0.9733 0.0893 -0.2114
vn 0.9076 0.0878 -0.4106
vn 0.8048 0.0857 -0.5873
vn 0.6729 0.0833 -0.7350
vn 0.5201 0.0809 -0.8502
vn 0.3535 0.0790 -0.9321
vn 0.2664 0.0779 -0.9607
vn -0.0000 0.0774 -0.9970
vn 0.1786 0.0777 -0.9808
vn -0.1786 0.0777 -0.9808
vn -0.2664 0.0779 -0.9607
vn -0.5201 0.0809 -0.8502
vn -0.3535 0.0790 -0.9321
vn -0.6729 0.0833 -0.7350
vn -0.8048 0.0857 -0.5873
vn -0.9076 0.0878 -0.4106
vn -0.9733 0.0893 -0.2114
vn -0.9733 0.0893 0.2114
vn -0.9076 0.0878 0.4106
vn -0.8048 0.0857 0.5873
vn -0.6729 0.0832 0.7350
vn -0.1777 0.0778 0.9810
vn -0.3519 0.0790 0.9327
vn 0.1777 0.0778 0.9810
vn -0.0000 0.0773 0.9970
vn -0.5182 0.0809 0.8514
vn -0.6711 0.0832 0.7367
vn -0.8034 0.0857 0.5893
vn -0.9068 0.0878 0.4123
vn -0.9731 0.0893 0.2125
vn -0.9731 0.0893 -0.2125
vn -0.9068 0.0878 -0.4123
vn -0.8034 0.0857 -0.5893
vn -0.6711 0.0832 -0.7367
vn -0.5182 0.0809 -0.8514
vn -0.3519 0.0790 -0.9327
vn -0.2203 0.0743 -0.9726
vn -0.2468 0.0759 -0.9661
vn -0.1615 0.0754 -0.9840
vn -0.1302 0.0726 -0.9888
vn -0.0000 0.0745 -0.9972
vn 0.1615 0.0754 -0.9840
vn 0.1302 0.0726 -0.9888
vn 0.2203 0.0743 -0.9726
vn 0.2468 0.0759 -0.9661
vn 0.3519 0.0790 -0.9327
vn 0.5182 0.0809 -0.8514
vn 0.6711 0.0832 -0.7367
vn 0.8034 0.0857 -0.5893
vn 0.9068 0.0878 -0.4123
vn 0.9731 0.0893 -0.2125
vn 0.9731 0.0893 0.2125
vn 0.9068 0.0878 0.4123
vn 0.8034 0.0857 0.5893
vn 0.6711 0.0832 0.7367
vn 0.5182 0.0809 0.8514
vn 0.3519 0.0790 0.9327
vn -0.1737 0.0781 0.9817
vn -0.3498 0.0790 0.9335
vn 0.1737 0.0781 0.9817
vn -0.0000 0.0780 0.9970
vn -0.5156 0.0809 0.8530
vn -0.6686 0.0832 0.7390
vn -0.8015 0.0856 0.5919
vn -0.9058 0.0878 0.4146
vn -0.9728 0.0893 0.2138
vn -0.9728 0.0893 -0.2138
vn -0.9058 0.0878 -0.4146
vn -0.8015 0.0856 -0.5919
vn -0.6686 0.0832 -0.7390
vn -0.5156 0.0809 -0.8530
vn -0.1745 0.0638 -0.9826
vn -0.2111 0.0711 -0.9749
vn -0.1256 0.0708 -0.9896
vn -0.0000 0.0716 -0.9974
vn -0.1905 -0.9367 -0.2938
vn -0.2416 -0.9671 -0.0794
vn 0.5156 0.0809 -0.8530
vn 0.6686 0.0832 -0.7390
vn 0.8015 0.0856 -0.5919
vn 0.9058 0.0878 -0.4146
vn 0.9728 0.0893 -0.2138
vn 0.9728 0.0893 0.2138
vn 0.9058 0.0878 0.4146
vn 0.8015 0.0856 0.5919
vn 0.6686 0.0832 0.7390
vn 0.5156 0.0809 0.8530
vn 0.3498 0.0790 0.9335
vn 0.1905 -0.9367 -0.2938
vn 0.2416 -0.9671 -0.0794
vn 0.1256 0.0709 -0.9896
vn 0.1033 -0.0694 -0.9922
vn 0.1257 -0.0973 -0.9873
vn 0.1745 0.0638 -0.9826
vn -0.1702 0.1820 -0.9685
vn -0.1750 -0.0015 -0.9846
vn 0.9903 -0.0193 -0.1373
vn 0.9860 -0.0504 -0.1587
vn 0.9970 -0.0770 -0.0049
vn 0.9994 -0.0328 0.0077
vn 0.2111 0.0711 -0.9749
vn -0.9860 -0.0504 -0.1586
vn -0.9970 -0.0770 -0.0050
vn -0.9544 -0.2969 -0.0312
vn -0.9093 -0.3080 -0.2798
vn 0.4984 -0.8634 -0.0781
vn 0.4496 -0.8395 -0.3051
vn 0.7841 -0.6175 -0.0614
vn 0.7395 -0.6091 -0.2865
vn 0.8774 -0.4771 -0.0498
vn 0.8436 -0.4650 -0.2685
vn 0.9093 -0.3080 -0.2798
vn 0.9544 -0.2969 -0.0312
vn -0.4496 -0.8395 -0.3052
vn -0.4984 -0.8634 -0.0781
vn -0.7395 -0.6091 -0.2865
vn -0.7841 -0.6175 -0.0614
vn -0.0338 -0.0239 -0.9991
vn -0.0736 0.0105 -0.9972
vn -0.8436 -0.4650 -0.2686
vn -0.8774 -0.4771 -0.0498
vn -0.0434 0.9887 -0.1433
vn -0.0630 0.9261 -0.3721
vn -0.1002 0.9250 -0.3665
vn -0.2421 0.3663 -0.8985
vn -0.1662 0.3632 -0.9168
vn -0.0000 0.9265 -0.3763
vn -0.0000 0.3585 -0.9335
vn 0.0630 0.9261 -0.3721
vn 0.1662 0.3632 -0.9168
vn -0.1135 -0.1021 -0.9883
vn -0.0000 -0.1100 -0.9939
vn -0.0000 -0.2901 -0.9570
vn -0.0945 -0.2912 -0.9520
vn 0.0113 -0.8798 -0.4752
vn -0.0000 -0.8802 -0.4747
vn 0.1135 -0.1021 -0.9883
vn 0.0945 -0.2912 -0.9520
vn -0.0113 -0.8798 -0.4752
vn 0.1002 0.9250 -0.3665
vn 0.2421 0.3663 -0.8985
vn -0.8249 -0.2547 -0.5047
vn -0.8681 -0.0857 -0.4890
vn -0.4522 0.0550 -0.8902
vn -0.1538 -0.0784 -0.9850
vn 0.0736 0.0105 -0.9972
vn -0.6555 -0.5735 -0.4914
vn -0.7683 -0.4300 -0.4741
vn -0.1796 -0.1209 -0.9763
vn -0.1250 -0.1627 -0.9787
vn 0.0569 -0.0215 -0.9981
vn 0.0338 -0.0240 -0.9991
vn -0.3596 -0.7822 -0.5088
vn -0.0153 -0.2342 -0.9721
vn -0.1447 -0.8583 -0.4924
vn 0.0853 -0.2809 -0.9559
vn 0.3596 -0.7822 -0.5088
vn 0.1445 -0.8584 -0.4921
vn -0.0853 -0.2812 -0.9558
vn 0.0153 -0.2343 -0.9720
vn -0.1033 -0.0695 -0.9922
vn -0.1257 -0.0973 -0.9873
vn 0.6555 -0.5735 -0.4913
vn 0.1250 -0.1627 -0.9787
vn -0.0569 -0.0215 -0.9981
vn 0.8250 -0.2547 -0.5046
vn 0.7684 -0.4300 -0.4740
vn 0.1796 -0.1208 -0.9763
vn 0.1538 -0.0784 -0.9850
vn 0.8681 -0.0857 -0.4889
vn 0.4521 0.0550 -0.8903
vn -0.9600 -0.0053 -0.2799
vn -0.3643 0.0665 -0.9289
vn -0.4673 0.0596 -0.8821
vn 0.9877 -0.0175 -0.1552
vn 0.9603 -0.0054 -0.2788
vn 0.9599 -0.0053 -0.2801
vn 0.3643 0.0665 -0.9289
vn 0.3557 0.0670 -0.9322
vn 0.4668 0.0595 -0.8824
vn 0.0072 0.9985 0.0541
vn -0.1747 0.0781 0.9815
vn -0.3494 0.0790 0.9337
vn -0.5151 0.0809 0.8533
vn 0.3494 0.0790 0.9337
vn 0.1747 0.0781 0.9815
vn 0.5151 0.0809 0.8533
vn 0.6681 0.0832 0.7394
vn 0.8011 0.0856 0.5924
vn 0.9055 0.0878 0.4151
vn 0.9727 0.0893 0.2141
vn 0.9727 0.0893 -0.2141
vn 0.9055 0.0878 -0.4151
vn 0.8011 0.0856 -0.5924
vn 0.6681 0.0832 -0.7394
vn 0.5151 0.0809 -0.8533
vn 0.3247 0.0812 -0.9423
vn -0.5151 0.0809 -0.8533
vn -0.3247 0.0812 -0.9423
vn -0.6681 0.0832 -0.7394
vn -0.8011 0.0856 -0.5924
vn -0.9055 0.0878 -0.4151
vn -0.9727 0.0893 -0.2141
vn -0.9727 0.0893 0.2141
vn -0.9055 0.0878 0.4151
vn -0.8011 0.0856 0.5924
vn -0.6681 0.0832 0.7394
vn -0.3556 0.0670 -0.9322
vn -0.9603 -0.0054 -0.2788
vn 0.9994 -0.0330 0.0123
vn -0.2129 0.0819 -0.9736
vn 0.2129 0.0819 -0.9736
vn -0.0000 -0.6708 0.7416
vn -0.1317 -0.6722 0.7285
vn -0.1295 -0.6722 0.7290
vn -0.2597 -0.6761 0.6895
vn -0.2557 -0.6760 0.6911
vn -0.3797 -0.6821 0.6250
vn -0.3749 -0.6818 0.6282
vn -0.4874 -0.6893 0.5360
vn -0.4828 -0.6889 0.5406
vn -0.5782 -0.6966 0.4247
vn -0.5747 -0.6963 0.4299
vn -0.6472 -0.7030 0.2947
vn -0.6453 -0.7029 0.2993
vn -0.6905 -0.7074 0.1510
vn -0.6900 -0.7073 0.1537
vn -0.7053 -0.7089 -0.0000
vn -0.6905 -0.7074 -0.1510
vn -0.6900 -0.7073 -0.1537
vn -0.6472 -0.7030 -0.2947
vn -0.6453 -0.7029 -0.2993
vn -0.5782 -0.6966 -0.4247
vn -0.5747 -0.6963 -0.4299
vn -0.4874 -0.6893 -0.5360
vn -0.4828 -0.6889 -0.5406
vn -0.3797 -0.6821 -0.6250
vn -0.3749 -0.6818 -0.6282
vn -0.2597 -0.6767 -0.6889
vn -0.2558 -0.6766 -0.6905
vn -0.1948 -0.6733 -0.7133
vn -0.1314 -0.6728 -0.7281
vn -0.1292 -0.6727 -0.7285
vn -0.1947 -0.6733 -0.7133
vn -0.0000 -0.6708 -0.7416
vn 0.1314 -0.6728 -0.7281
vn 0.1292 -0.6727 -0.7285
vn 0.1948 -0.6733 -0.7133
vn 0.2598 -0.6767 -0.6889
vn 0.2559 -0.6766 -0.6905
vn 0.1947 -0.6733 -0.7133
vn 0.3797 -0.6821 -0.6250
vn 0.3749 -0.6818 -0.6282
vn 0.4874 -0.6893 -0.5360
vn 0.4828 -0.6889 -0.5406
vn 0.5782 -0.6966 -0.4247
vn 0.5747 -0.6963 -0.4299
vn 0.6472 -0.7030 -0.2947
vn 0.6453 -0.7029 -0.2993
vn 0.6905 -0.7074 -0.1510
vn 0.6900 -0.7073 -0.1537
vn 0.7053 -0.7089 -0.0000
vn 0.6905 -0.7074 0.1510
vn 0.6900 -0.7073 0.1537
vn 0.6472 -0.7030 0.2947
vn 0.6453 -0.7029 0.2993
vn 0.5782 -0.6966 0.4247
vn 0.5747 -0.6963 0.4299
vn 0.4874 -0.6893 0.5360
vn 0.4828 -0.6889 0.5406
vn 0.3797 -0.6821 0.6250
vn 0.3748 -0.6818 0.6282
vn 0.2596 -0.6761 0.6895
vn 0.2557 -0.6760 0.6912
vn 0.1317 -0.6722 0.7285
vn 0.1295 -0.6722 0.7290
vn -0.4225 -0.8434 -0.3320
vn 0.1596 -0.8317 -0.5318
vn -0.7059 -0.4363 -0.5579
vn -0.8506 -0.5258 -0.0000
vn 0.5256 -0.8507 -0.0000
vn 0.1596 -0.8316 0.5319
vn -0.4224 -0.8434 0.3320
vn -0.9433 -0.0008 -0.3320
vn 0.2594 -0.4198 -0.8698
vn -0.2477 -0.4979 -0.8311
vn 0.8945 -0.4471 -0.0000
vn 0.6724 -0.5148 -0.5319
vn 0.9433 0.0008 -0.3320
vn 0.3355 -0.5429 0.7699
vn 0.6724 -0.5148 0.5318
vn 0.6789 -0.0192 0.7340
vn -0.7059 -0.4364 0.5579
vn -0.2864 -0.6158 0.7340
vn -0.6788 0.0192 0.7341
vn -0.5560 0.0011 -0.8312
vn 0.5561 -0.0011 -0.8311
vn 0.9433 0.0008 0.3320
vn -0.1440 0.9896 -0.0000
vn -0.9433 -0.0008 0.3321
vn -0.2594 0.4197 -0.8698
vn -0.6725 0.5147 -0.5318
vn -0.1597 0.8316 -0.5319
vn 0.7060 0.4362 -0.5579
vn 0.2476 0.4978 -0.8312
vn 0.4225 0.8433 -0.3321
vn 0.7060 0.4363 0.5579
vn 0.8507 0.5256 -0.0000
vn 0.4225 0.8434 0.3320
vn -0.3355 0.5428 0.7700
vn 0.2865 0.6157 0.7341
vn -0.1597 0.8316 0.5319
vn -0.8945 0.4470 -0.0000
vn -0.6724 0.5148 0.5319
vn -0.5257 0.8507 -0.0000
vn 0.8506 0.5258 -0.0000
vn -0.8507 -0.5256 -0.0000
vn 0.8207 -0.5714 -0.0000
vn -0.8206 0.5715 -0.0000
vn 0.1440 -0.9896 -0.0000
vn 0.1951 0.9808 -0.0000
vn 0.1912 0.9615 -0.1974
vn -0.0000 0.9803 -0.1974
vn 0.3826 0.9239 -0.0000
vn 0.5556 0.8315 -0.0000
vn 0.7071 0.7071 -0.0000
vn 0.8315 0.5556 -0.0000
vn 0.9239 0.3827 -0.0000
vn 0.9808 0.1951 -0.0000
vn 0.9808 -0.1951 -0.0000
vn 0.9239 -0.3827 -0.0000
vn 0.8315 -0.5556 -0.0000
vn 0.7071 -0.7071 -0.0000
vn 0.5556 -0.8315 -0.0000
vn 0.3827 -0.9239 -0.0000
vn 0.1951 -0.9808 -0.0000
vn -0.1951 -0.9808 -0.0000
vn -0.3827 -0.9239 -0.0000
vn -0.5556 -0.8315 -0.0000
vn -0.7071 -0.7071 -0.0000
vn -0.8315 -0.5556 -0.0000
vn -0.9239 -0.3827 -0.0000
vn -0.9808 -0.1951 -0.0000
vn -0.9808 0.1951 -0.0000
vn -0.9239 0.3827 -0.0000
vn -0.8315 0.5556 -0.0000
vn -0.7071 0.7071 -0.0000
vn -0.3827 0.9239 -0.0000
vn -0.1950 0.9808 -0.0000
vn -0.1912 0.9615 -0.1974
vn -0.3751 0.9057 -0.1974
vn -0.5556 0.8315 -0.0000
vn -0.3826 0.9239 -0.0000
vn -0.0000 -0.9793 -0.2023
vn -0.1911 -0.9605 -0.2023
vn -0.1951 0.9808 -0.0000
vn 0.3747 0.9048 -0.2022
vn 0.5441 0.8143 -0.2022
vn 0.6925 0.6925 -0.2023
vn 0.8143 0.5441 -0.2023
vn 0.9048 0.3748 -0.2023
vn 0.9605 0.1911 -0.2023
vn 0.9793 -0.0000 -0.2024
vn 0.9605 -0.1910 -0.2023
vn 0.9048 -0.3748 -0.2023
vn 0.8143 -0.5441 -0.2023
vn 0.6925 -0.6925 -0.2022
vn -0.3748 -0.9048 -0.2023
vn 0.5441 -0.8143 -0.2022
vn 0.1911 -0.9605 -0.2023
vn 0.3748 -0.9048 -0.2022
vn -0.5441 -0.8143 -0.2022
vn -0.6925 -0.6925 -0.2022
vn -0.8143 -0.5441 -0.2023
vn -0.9048 -0.3748 -0.2023
vn -0.9605 -0.1911 -0.2023
vn -0.9793 -0.0000 -0.2022
vn -0.9605 0.1911 -0.2023
vn -0.9048 0.3748 -0.2023
vn -0.8315 0.5555 -0.0000
vn -0.8143 0.5440 -0.2023
vn -0.6925 0.6925 -0.2023
vn -0.5441 0.8143 -0.2023
vn -0.3747 0.9048 -0.2023
vn -0.1911 0.9605 -0.2023
vn -0.0000 0.9793 -0.2023
vn 0.1911 0.9605 -0.2023
vn -0.0000 -0.9202 -0.3915
vn -0.1795 -0.9025 -0.3916
vn -0.3522 -0.8501 -0.3915
vn -0.5113 -0.7651 -0.3915
vn -0.6507 -0.6507 -0.3915
vn -0.7651 -0.5114 -0.3913
vn -0.8501 -0.3521 -0.3917
vn -0.9025 -0.1795 -0.3916
vn -0.9201 -0.0000 -0.3917
vn -0.9025 0.1795 -0.3915
vn -0.8501 0.3521 -0.3917
vn -0.7651 0.5112 -0.3916
vn -0.6507 0.6506 -0.3916
vn -0.5112 0.7651 -0.3916
vn -0.3521 0.8501 -0.3915
vn -0.1795 0.9025 -0.3916
vn -0.0000 0.9202 -0.3915
vn 0.1795 0.9025 -0.3915
vn 0.3521 0.8502 -0.3915
vn 0.5112 0.7651 -0.3914
vn 0.6506 0.6507 -0.3915
vn 0.7651 0.5112 -0.3916
vn 0.8501 0.3521 -0.3915
vn 0.9025 0.1795 -0.3915
vn 0.9201 -0.0000 -0.3917
vn 0.9025 -0.1795 -0.3916
vn 0.8501 -0.3521 -0.3915
vn 0.7651 -0.5112 -0.3916
vn 0.6506 -0.6507 -0.3914
vn 0.5113 -0.7651 -0.3914
vn 0.3522 -0.8501 -0.3915
vn 0.1795 -0.9025 -0.3915
vn 0.3521 0.8501 -0.3916
vn 0.3752 0.9057 -0.1974
vn 0.5113 0.7648 -0.3921
vn 0.5447 0.8151 -0.1974
vn 0.6507 0.6506 -0.3915
vn 0.6932 0.6932 -0.1974
vn 0.8151 0.5446 -0.1975
vn 0.8501 0.3521 -0.3917
vn 0.9057 0.3752 -0.1975
vn 0.9024 0.1795 -0.3916
vn 0.9615 0.1913 -0.1975
vn 0.9202 -0.0000 -0.3916
vn 0.9803 -0.0000 -0.1974
vn 0.9024 -0.1795 -0.3916
vn 0.9615 -0.1913 -0.1975
vn 0.8501 -0.3521 -0.3917
vn 0.9057 -0.3752 -0.1975
vn 0.8151 -0.5446 -0.1974
vn 0.6507 -0.6506 -0.3915
vn 0.6932 -0.6932 -0.1974
vn 0.5112 -0.7650 -0.3916
vn 0.5446 -0.8151 -0.1974
vn 0.3521 -0.8501 -0.3917
vn 0.3752 -0.9057 -0.1975
vn 0.1795 -0.9024 -0.3917
vn 0.1913 -0.9615 -0.1975
vn -0.0000 -0.9201 -0.3916
vn -0.0000 -0.9803 -0.1975
vn -0.1795 -0.9024 -0.3916
vn -0.1913 -0.9615 -0.1975
vn -0.3521 -0.8501 -0.3916
vn -0.3752 -0.9057 -0.1975
vn -0.5112 -0.7650 -0.3916
vn -0.5446 -0.8151 -0.1975
vn -0.6507 -0.6506 -0.3915
vn -0.6932 -0.6931 -0.1974
vn -0.7651 -0.5112 -0.3915
vn -0.8151 -0.5446 -0.1974
vn -0.8501 -0.3521 -0.3915
vn -0.9057 -0.3752 -0.1974
vn -0.9025 -0.1796 -0.3914
vn -0.9615 -0.1913 -0.1974
vn -0.9202 -0.0000 -0.3915
vn -0.9803 -0.0000 -0.1974
vn -0.9025 0.1795 -0.3914
vn -0.9615 0.1913 -0.1973
vn -0.8502 0.3521 -0.3914
vn -0.9057 0.3752 -0.1973
vn -0.7651 0.5112 -0.3915
vn -0.8151 0.5446 -0.1974
vn -0.6932 0.6932 -0.1974
vn -0.5113 0.7650 -0.3916
vn -0.5447 0.8151 -0.1974
vn -0.3521 0.8501 -0.3916
vn -0.1795 0.9025 -0.3915
vn 0.3827 0.9239 -0.0000
vn -0.0000 0.6966 0.7174
vn -0.1359 0.6832 0.7175
vn -0.0000 0.6965 -0.7175
vn -0.1359 0.6831 -0.7176
vn 0.3869 0.5791 0.7176
vn 0.2665 0.6435 0.7176
vn 0.3868 0.5789 -0.7178
vn 0.2665 0.6433 -0.7177
vn 0.6832 0.1359 0.7175
vn 0.6435 0.2665 0.7175
vn 0.6830 0.1359 -0.7176
vn 0.6434 0.2665 -0.7177
vn 0.6830 0.1358 -0.7176
vn 0.6832 -0.1359 0.7174
vn 0.6966 -0.0000 0.7175
vn 0.6831 -0.1359 -0.7176
vn 0.6964 -0.0000 -0.7176
vn 0.5791 -0.3870 0.7176
vn 0.6435 -0.2665 0.7175
vn 0.5791 -0.3869 0.7176
vn 0.5790 -0.3869 -0.7177
vn 0.6434 -0.2665 -0.7177
vn 0.3870 -0.5790 0.7176
vn 0.4926 -0.4925 0.7175
vn 0.4926 -0.4926 0.7175
vn 0.3870 -0.5791 0.7176
vn 0.3869 -0.5789 -0.7178
vn 0.4925 -0.4924 -0.7176
vn 0.1358 -0.6831 0.7176
vn 0.2664 -0.6434 0.7177
vn 0.2665 -0.6434 0.7177
vn 0.1359 -0.6831 0.7176
vn 0.1358 -0.6829 -0.7178
vn 0.2664 -0.6432 -0.7178
vn -0.1359 -0.6830 0.7176
vn -0.0000 -0.6965 0.7176
vn -0.1358 -0.6830 -0.7177
vn -0.0000 -0.6964 -0.7177
vn -0.3870 -0.5791 0.7176
vn -0.2665 -0.6434 0.7177
vn -0.3869 -0.5791 -0.7177
vn -0.2664 -0.6434 -0.7177
vn -0.5792 -0.3870 0.7174
vn -0.4926 -0.4926 0.7174
vn -0.5793 -0.3870 0.7174
vn -0.5791 -0.3870 -0.7175
vn -0.4925 -0.4925 -0.7176
vn -0.6832 -0.1359 0.7175
vn -0.6435 -0.2665 0.7175
vn -0.6435 -0.2666 0.7175
vn -0.6830 -0.1359 -0.7176
vn -0.6434 -0.2666 -0.7176
vn -0.6434 -0.2665 -0.7176
vn -0.6830 -0.1358 -0.7176
vn -0.6832 0.1359 0.7175
vn -0.6966 -0.0000 0.7175
vn -0.6831 0.1359 0.7175
vn -0.6830 0.1359 -0.7177
vn -0.6964 -0.0000 -0.7176
vn -0.6830 0.1358 -0.7177
vn -0.5793 0.3871 0.7173
vn -0.6435 0.2665 0.7175
vn -0.6435 0.2666 0.7175
vn -0.5792 0.3870 -0.7175
vn -0.6434 0.2666 -0.7176
vn -0.6434 0.2665 -0.7176
vn -0.3870 0.5791 0.7175
vn -0.4926 0.4927 0.7173
vn -0.3868 0.5791 -0.7177
vn -0.4925 0.4925 -0.7175
vn -0.2666 0.6434 0.7176
vn -0.2665 0.6434 -0.7177
vn 0.1359 0.6833 0.7174
vn 0.1359 0.6831 -0.7176
vn 0.5791 0.3869 0.7175
vn 0.4925 0.4926 0.7175
vn 0.5790 0.3869 -0.7177
vn 0.4924 0.4924 -0.7177
vn 0.4927 0.4922 -0.7176
vn 0.1950 0.9808 -0.0000
vn -0.5441 0.8143 -0.2022
vn -0.3747 0.9048 -0.2022
vn -0.8143 0.5441 -0.2023
vn -0.9793 -0.0000 -0.2023
vn -0.9605 -0.1910 -0.2022
vn 0.3748 -0.9048 -0.2023
vn -0.3748 -0.9048 -0.2022
vn 0.6925 -0.6925 -0.2023
vn 0.5441 -0.8143 -0.2023
vn 0.9605 -0.1911 -0.2023
vn 0.9793 -0.0000 -0.2025
vn 0.9048 0.3748 -0.2024
vn 0.8315 0.5555 -0.0000
vn 0.8143 0.5440 -0.2023
vn 0.5441 0.8143 -0.2023
vn 0.3747 0.9048 -0.2023
vn 0.5113 -0.7651 -0.3915
vn 0.6506 -0.6507 -0.3915
vn 0.7650 -0.5114 -0.3913
vn 0.8501 -0.3521 -0.3916
vn 0.9025 -0.1795 -0.3915
vn 0.9202 -0.0000 -0.3914
vn 0.9025 0.1795 -0.3916
vn 0.6507 0.6507 -0.3915
vn 0.5112 0.7651 -0.3915
vn 0.3521 0.8501 -0.3915
vn 0.1795 0.9025 -0.3916
vn -0.3521 0.8502 -0.3915
vn -0.5112 0.7651 -0.3915
vn -0.6506 0.6507 -0.3915
vn -0.8501 0.3521 -0.3915
vn -0.9201 -0.0000 -0.3916
vn -0.9025 -0.1795 -0.3915
vn -0.7651 -0.5112 -0.3916
vn -0.6506 -0.6507 -0.3914
vn -0.5113 -0.7651 -0.3914
vn -0.3522 -0.8501 -0.3914
vn -0.1795 -0.9025 -0.3915
vn -0.7651 0.5112 -0.3917
vn -0.8151 0.5446 -0.1975
vn -0.8500 0.3521 -0.3917
vn -0.9057 0.3752 -0.1975
vn -0.9024 0.1795 -0.3916
vn -0.9615 0.1913 -0.1974
vn -0.9024 -0.1795 -0.3916
vn -0.8502 -0.3523 -0.3913
vn -0.9057 -0.3753 -0.1969
vn -0.6932 -0.6932 -0.1974
vn -0.5112 -0.7650 -0.3917
vn -0.3521 -0.8500 -0.3917
vn -0.1795 -0.9024 -0.3917
vn 0.1795 -0.9024 -0.3916
vn 0.3751 -0.9057 -0.1975
vn 0.5446 -0.8151 -0.1975
vn 0.6507 -0.6506 -0.3916
vn 0.6932 -0.6931 -0.1974
vn 0.7651 -0.5112 -0.3915
vn 0.8500 -0.3521 -0.3918
vn 0.9057 -0.3752 -0.1973
vn 0.9025 -0.1796 -0.3914
vn 0.9615 -0.1913 -0.1974
vn 0.9202 -0.0000 -0.3915
vn 0.9615 0.1913 -0.1974
vn 0.9057 0.3752 -0.1974
vn 0.8151 0.5446 -0.1974
vn 0.6507 0.6506 -0.3916
vn 0.5113 0.7650 -0.3916
vn 0.1359 0.6832 0.7175
vn 0.1359 0.6832 -0.7175
vn -0.3869 0.5791 0.7176
vn -0.2665 0.6435 0.7175
vn -0.3869 0.5789 -0.7178
vn -0.2665 0.6433 -0.7177
vn -0.6831 0.1359 0.7176
vn -0.6435 0.2665 0.7176
vn -0.6433 0.2665 -0.7177
vn -0.6831 -0.1359 0.7175
vn -0.6965 -0.0000 0.7175
vn -0.6830 -0.1359 -0.7177
vn -0.6830 -0.1358 -0.7177
vn -0.6964 -0.0000 -0.7177
vn -0.5791 -0.3870 0.7176
vn -0.5791 -0.3869 0.7176
vn -0.6435 -0.2665 0.7176
vn -0.5790 -0.3869 -0.7177
vn -0.5790 -0.3870 -0.7177
vn -0.6434 -0.2665 -0.7177
vn -0.6436 -0.2665 -0.7175
vn -0.4926 -0.4926 0.7175
vn -0.3869 -0.5789 -0.7178
vn -0.4925 -0.4923 -0.7177
vn -0.4924 -0.4924 -0.7177
vn -0.1358 -0.6831 0.7176
vn -0.1359 -0.6831 0.7176
vn -0.2665 -0.6434 0.7176
vn -0.1358 -0.6829 -0.7177
vn -0.2664 -0.6433 -0.7178
vn 0.1359 -0.6830 0.7176
vn 0.1358 -0.6830 -0.7177
vn 0.3869 -0.5790 -0.7177
vn 0.2664 -0.6433 -0.7177
vn 0.5792 -0.3870 0.7175
vn 0.4926 -0.4926 0.7174
vn 0.5790 -0.3869 -0.7176
vn 0.5790 -0.3870 -0.7176
vn 0.4925 -0.4925 -0.7176
vn 0.6832 -0.1359 0.7175
vn 0.6830 -0.1359 -0.7176
vn 0.6830 -0.1358 -0.7176
vn 0.6965 -0.0000 0.7175
vn 0.6964 -0.0000 -0.7177
vn 0.5792 0.3871 0.7174
vn 0.6436 0.2666 0.7175
vn 0.5791 0.3870 -0.7176
vn 0.6434 0.2665 -0.7176
vn 0.6434 0.2666 -0.7176
vn 0.3870 0.5791 0.7175
vn 0.4926 0.4927 0.7174
vn 0.3868 0.5791 -0.7176
vn 0.4925 0.4925 -0.7176
vn 0.2666 0.6435 0.7176
vn 0.2665 0.6434 -0.7176
vn 0.2665 0.6435 -0.7176
vn -0.1359 0.6833 0.7174
vn -0.5791 0.3870 0.7175
vn -0.5792 0.3869 0.7175
vn -0.4925 0.4925 0.7175
vn -0.5790 0.3869 -0.7177
vn -0.4924 0.4923 -0.7177
vn -0.4924 0.4924 -0.7177
vn -0.7974 0.6035 -0.0000
vn -0.9213 -0.3888 -0.0000
vn -0.1240 -0.9923 -0.0000
vn 0.7974 -0.6035 -0.0000
vn 0.9213 0.3888 -0.0000
vn 0.1240 0.9923 -0.0000
vn -0.9353 0.3538 -0.0000
vn -0.7741 -0.6331 -0.0000
vn 0.1612 -0.9869 -0.0000
vn 0.9353 -0.3539 -0.0000
vn 0.7742 0.6330 -0.0000
vn -0.1612 0.9869 -0.0000
vn -0.2018 0.9794 -0.0000
vn -0.9492 0.3147 -0.0000
vn -0.7471 -0.6647 -0.0000
vn 0.2018 -0.9794 -0.0000
vn 0.9492 -0.3148 -0.0000
vn 0.7472 0.6646 -0.0000
vn -0.5396 0.8419 -0.0000
vn -0.9989 -0.0465 -0.0000
vn -0.4590 -0.8884 -0.0000
vn 0.5397 -0.8419 -0.0000
vn 0.9989 0.0465 -0.0000
vn 0.4592 0.8883 -0.0000
vn -0.0628 0.9980 -0.0000
vn -0.8957 0.4446 -0.0000
vn -0.8329 -0.5534 -0.0000
vn 0.0628 -0.9980 -0.0000
vn 0.8957 -0.4447 -0.0000
vn 0.8330 0.5533 -0.0000
vn 0.7974 0.6035 -0.0000
vn 0.9213 -0.3888 -0.0000
vn 0.1240 -0.9923 -0.0000
vn -0.7974 -0.6035 -0.0000
vn -0.9213 0.3888 -0.0000
vn -0.1240 0.9923 -0.0000
vn 0.9353 0.3538 -0.0000
vn 0.7741 -0.6331 -0.0000
vn -0.1612 -0.9869 -0.0000
vn -0.9353 -0.3539 -0.0000
vn -0.7742 0.6330 -0.0000
vn 0.1612 0.9869 -0.0000
vn 0.2018 0.9794 -0.0000
vn 0.9492 0.3147 -0.0000
vn 0.7471 -0.6647 -0.0000
vn -0.2018 -0.9794 -0.0000
vn -0.9492 -0.3148 -0.0000
vn -0.7472 0.6646 -0.0000
vn 0.5396 0.8419 -0.0000
vn 0.9989 -0.0465 -0.0000
vn 0.4590 -0.8884 -0.0000
vn -0.5397 -0.8419 -0.0000
vn -0.9989 0.0465 -0.0000
vn -0.4592 0.8883 -0.0000
vn 0.0628 0.9980 -0.0000
vn 0.8957 0.4446 -0.0000
vn 0.8329 -0.5534 -0.0000
vn -0.0628 -0.9980 -0.0000
vn -0.8957 -0.4447 -0.0000
vn -0.8330 0.5533 -0.0000
vt 0.767013 0.482495
vt 0.751327 0.485231
vt 0.751269 0.481860
vt 0.766951 0.478962
vt 0.767043 0.620412
vt 0.751356 0.617663
vt 0.751413 0.614263
vt 0.767104 0.616847
vt 0.524918 0.667539
vt 0.522991 0.664243
vt 0.526922 0.664242
vt 0.528866 0.667538
vt 0.879222 0.521981
vt 0.895032 0.523109
vt 0.895032 0.527062
vt 0.879221 0.526104
vt 0.695227 0.798944
vt 0.697284 0.802427
vt 0.693159 0.802427
vt 0.691081 0.798944
vt 0.767214 0.494169
vt 0.751516 0.496423
vt 0.751386 0.488602
vt 0.767076 0.486028
vt 0.531218 0.788264
vt 0.535296 0.780435
vt 0.539334 0.780434
vt 0.535222 0.788263
vt 0.538985 0.772605
vt 0.543055 0.772604
vt 0.542194 0.764776
vt 0.546295 0.764775
vt 0.544837 0.756947
vt 0.548964 0.756946
vt 0.546827 0.749118
vt 0.550977 0.749117
vt 0.548081 0.741289
vt 0.552247 0.741288
vt 0.548517 0.733460
vt 0.552690 0.733459
vt 0.548081 0.725632
vt 0.552247 0.725631
vt 0.546827 0.717803
vt 0.550977 0.717802
vt 0.544837 0.709975
vt 0.548964 0.709974
vt 0.542194 0.702147
vt 0.546295 0.702146
vt 0.538985 0.694319
vt 0.543055 0.694318
vt 0.535296 0.686491
vt 0.539334 0.686490
vt 0.531218 0.678663
vt 0.535222 0.678662
vt 0.526845 0.670835
vt 0.530810 0.670835
vt 0.872217 0.851615
vt 0.856389 0.853017
vt 0.856389 0.812054
vt 0.872217 0.808894
vt 0.767343 0.502313
vt 0.751637 0.504246
vt 0.767461 0.510459
vt 0.751747 0.512072
vt 0.767564 0.518610
vt 0.751843 0.519902
vt 0.767649 0.526765
vt 0.751922 0.527736
vt 0.767714 0.534925
vt 0.751982 0.535574
vt 0.767756 0.543091
vt 0.752021 0.543419
vt 0.767772 0.551263
vt 0.752035 0.551269
vt 0.767760 0.559443
vt 0.752024 0.559126
vt 0.767721 0.567630
vt 0.751989 0.566990
vt 0.767660 0.575822
vt 0.751932 0.574859
vt 0.767578 0.584020
vt 0.751856 0.582732
vt 0.767478 0.592222
vt 0.751764 0.590610
vt 0.767364 0.600428
vt 0.751658 0.598492
vt 0.767238 0.608636
vt 0.751540 0.606376
vt 0.526845 0.796094
vt 0.530810 0.796093
vt 0.524918 0.799391
vt 0.528866 0.799390
vt 0.688506 0.787259
vt 0.693169 0.795461
vt 0.689002 0.795461
vt 0.684294 0.787259
vt 0.684134 0.779058
vt 0.679880 0.779058
vt 0.680159 0.770856
vt 0.675867 0.770856
vt 0.676687 0.762655
vt 0.672360 0.762655
vt 0.673818 0.754453
vt 0.669460 0.754453
vt 0.671651 0.746251
vt 0.667267 0.746251
vt 0.670282 0.738050
vt 0.665878 0.738050
vt 0.669805 0.729848
vt 0.665393 0.729848
vt 0.670282 0.721646
vt 0.665878 0.721646
vt 0.671651 0.713444
vt 0.667267 0.713444
vt 0.673818 0.705242
vt 0.669460 0.705242
vt 0.676687 0.697040
vt 0.672360 0.697040
vt 0.680159 0.688838
vt 0.675867 0.688838
vt 0.684134 0.680636
vt 0.679880 0.680636
vt 0.688506 0.672434
vt 0.684294 0.672434
vt 0.693169 0.664232
vt 0.689002 0.664232
vt 0.873405 0.856355
vt 0.872169 0.857707
vt 0.872217 0.855709
vt 0.856381 0.858932
vt 0.855136 0.857776
vt 0.856389 0.856943
vt 0.878026 0.526635
vt 0.879262 0.527992
vt 0.896275 0.527737
vt 0.895033 0.528942
vt 0.873405 0.852252
vt 0.481973 0.664251
vt 0.481151 0.662797
vt 0.522359 0.662789
vt 0.878027 0.522504
vt 0.878030 0.479397
vt 0.879225 0.478962
vt 0.522991 0.802688
vt 0.526922 0.802687
vt 0.526308 0.804152
vt 0.522359 0.804153
vt 0.691736 0.802354
vt 0.689621 0.798806
vt 0.528182 0.663867
vt 0.530180 0.667252
vt 0.691081 0.660749
vt 0.687507 0.664434
vt 0.689621 0.660885
vt 0.682826 0.672611
vt 0.678444 0.680787
vt 0.674464 0.688964
vt 0.670988 0.697141
vt 0.668117 0.705317
vt 0.665946 0.713494
vt 0.664572 0.721670
vt 0.664092 0.729847
vt 0.664572 0.738023
vt 0.665946 0.746200
vt 0.668117 0.754376
vt 0.670988 0.762552
vt 0.674464 0.770729
vt 0.678444 0.778905
vt 0.682826 0.787081
vt 0.687507 0.795257
vt 0.532177 0.796301
vt 0.530180 0.799687
vt 0.536602 0.788446
vt 0.540725 0.780591
vt 0.544453 0.772736
vt 0.547697 0.764882
vt 0.550370 0.757027
vt 0.552385 0.749173
vt 0.553658 0.741319
vt 0.554101 0.733464
vt 0.553658 0.725611
vt 0.552385 0.717757
vt 0.550370 0.709903
vt 0.547697 0.702050
vt 0.544453 0.694197
vt 0.540725 0.686343
vt 0.536602 0.678490
vt 0.532177 0.670637
vt 0.695227 0.660749
vt 0.224218 0.856546
vt 0.229840 0.738727
vt 0.271265 0.738730
vt 0.276818 0.856550
vt 0.919718 0.403547
vt 0.955526 0.403554
vt 0.955526 0.444936
vt 0.919718 0.444929
vt 0.784983 0.137287
vt 0.784983 0.019151
vt 0.820673 0.016355
vt 0.820673 0.134491
vt 0.782685 0.288093
vt 0.782640 0.169957
vt 0.818189 0.172669
vt 0.818234 0.290805
vt 0.784950 0.139699
vt 0.782483 0.137418
vt 0.784957 0.016614
vt 0.782488 0.019282
vt 0.224227 0.858969
vt 0.221752 0.856490
vt 0.818040 0.170047
vt 0.820487 0.172703
vt 0.848389 0.373577
vt 0.884198 0.373579
vt 0.884395 0.375912
vt 0.848593 0.375910
vt 0.782483 0.167334
vt 0.820487 0.290815
vt 0.276826 0.858973
vt 0.917037 0.445040
vt 0.917037 0.403658
vt 0.884198 0.321062
vt 0.848389 0.321060
vt 0.848593 0.318450
vt 0.884395 0.318452
vt 0.820656 0.013818
vt 0.850391 0.596884
vt 0.798157 0.596884
vt 0.802982 0.479020
vt 0.844118 0.479020
vt 0.617545 0.901711
vt 0.617545 0.943093
vt 0.581736 0.943086
vt 0.581736 0.901704
vt 0.820754 0.441164
vt 0.785013 0.439102
vt 0.782546 0.320989
vt 0.818286 0.323051
vt 0.619978 0.783548
vt 0.584439 0.786380
vt 0.584439 0.668217
vt 0.619978 0.665385
vt 0.797881 0.599291
vt 0.795407 0.596812
vt 0.818232 0.320513
vt 0.820754 0.323129
vt 0.584181 0.788708
vt 0.581736 0.786434
vt 0.584256 0.665620
vt 0.581787 0.668287
vt 0.517152 0.886925
vt 0.516953 0.889258
vt 0.481151 0.889256
vt 0.481344 0.886923
vt 0.619803 0.662788
vt 0.850116 0.599291
vt 0.620203 0.901823
vt 0.620203 0.943205
vt 0.800754 0.478962
vt 0.481344 0.834406
vt 0.481151 0.831796
vt 0.516953 0.831798
vt 0.517152 0.834408
vt 0.782483 0.318450
vt 0.664385 0.627552
vt 0.683168 0.478967
vt 0.704025 0.478962
vt 0.723366 0.627539
vt 0.013818 0.629911
vt 0.013818 0.481608
vt 0.049350 0.484517
vt 0.074345 0.634867
vt 0.106759 0.634057
vt 0.131605 0.484060
vt 0.166924 0.481608
vt 0.166924 0.629881
vt 0.106069 0.636234
vt 0.104251 0.634223
vt 0.074788 0.637048
vt 0.076616 0.635059
vt 0.166625 0.632030
vt 0.129375 0.484118
vt 0.013866 0.632059
vt 0.051367 0.484600
vt 0.723633 0.629616
vt 0.664092 0.629628
vt 0.827501 0.869927
vt 0.767958 0.869924
vt 0.767958 0.808894
vt 0.827501 0.808897
vt 0.738483 0.660747
vt 0.736642 0.664230
vt 0.481973 0.802696
vt 0.481151 0.804161
vt 0.526308 0.662788
vt 0.873405 0.809445
vt 0.732452 0.672432
vt 0.728515 0.680634
vt 0.724940 0.688836
vt 0.721832 0.697038
vt 0.719290 0.705240
vt 0.717400 0.713442
vt 0.716235 0.721644
vt 0.715840 0.729845
vt 0.716235 0.738047
vt 0.717400 0.746249
vt 0.719290 0.754451
vt 0.721832 0.762652
vt 0.724940 0.770854
vt 0.728515 0.779055
vt 0.732452 0.787257
vt 0.736642 0.795459
vt 0.483721 0.799399
vt 0.485468 0.796102
vt 0.489447 0.788273
vt 0.489447 0.678672
vt 0.485468 0.670844
vt 0.493160 0.686499
vt 0.496511 0.694327
vt 0.499412 0.702155
vt 0.501776 0.709984
vt 0.503529 0.717812
vt 0.504608 0.725640
vt 0.504972 0.733469
vt 0.504608 0.741298
vt 0.503529 0.749127
vt 0.501776 0.756956
vt 0.499412 0.764785
vt 0.496511 0.772614
vt 0.493160 0.780443
vt 0.738483 0.798942
vt 0.740323 0.802425
vt 0.895035 0.481860
vt 0.483721 0.667548
vt 0.528182 0.803073
vt 0.766982 0.623976
vt 0.751299 0.621064
vt 0.740323 0.657263
vt 0.697284 0.657266
vt 0.693159 0.657266
vt 0.691736 0.657337
vt 0.126971 0.024508
vt 0.126766 0.016354
vt 0.140924 0.015956
vt 0.141263 0.024106
vt 0.096375 0.024699
vt 0.096454 0.016544
vt 0.111750 0.016553
vt 0.111814 0.024708
vt 0.154141 0.023518
vt 0.153682 0.015373
vt 0.164547 0.014627
vt 0.165109 0.022766
vt 0.439979 0.021953
vt 0.440476 0.013818
vt 0.452528 0.014007
vt 0.452137 0.022144
vt 0.466293 0.014148
vt 0.466022 0.022286
vt 0.481240 0.014235
vt 0.481101 0.022374
vt 0.496797 0.014265
vt 0.496794 0.022405
vt 0.512365 0.014237
vt 0.512499 0.022376
vt 0.527345 0.014152
vt 0.527611 0.022291
vt 0.541163 0.014013
vt 0.541550 0.022150
vt 0.553287 0.013826
vt 0.553781 0.021961
vt 0.248346 0.021979
vt 0.248861 0.013841
vt 0.260756 0.014127
vt 0.260353 0.022267
vt 0.274298 0.014338
vt 0.274022 0.022480
vt 0.281425 0.022545
vt 0.281632 0.014402
vt 0.288966 0.014467
vt 0.288828 0.022610
vt 0.304196 0.014508
vt 0.304201 0.022652
vt 0.319404 0.014460
vt 0.319552 0.022603
vt 0.326921 0.022535
vt 0.326704 0.014393
vt 0.334004 0.014325
vt 0.334290 0.022467
vt 0.347437 0.014108
vt 0.347848 0.022248
vt 0.359184 0.013818
vt 0.359707 0.021955
vt 0.630440 0.021955
vt 0.630896 0.013818
vt 0.644041 0.014072
vt 0.643701 0.022212
vt 0.658584 0.014261
vt 0.658372 0.022403
vt 0.673966 0.014378
vt 0.673890 0.022521
vt 0.689597 0.014417
vt 0.689658 0.022560
vt 0.704875 0.014378
vt 0.705070 0.022521
vt 0.719213 0.014261
vt 0.719534 0.022403
vt 0.732061 0.014072
vt 0.732494 0.022212
vt 0.742925 0.013818
vt 0.743453 0.021955
vt 0.054211 0.023458
vt 0.054683 0.015313
vt 0.067362 0.015912
vt 0.067009 0.024062
vt 0.081466 0.016327
vt 0.081246 0.024481
vt 0.848661 0.253235
vt 0.848433 0.244048
vt 0.864882 0.244048
vt 0.865109 0.253235
vt 0.328311 0.688469
vt 0.346687 0.688474
vt 0.348674 0.708675
vt 0.326324 0.708670
vt 0.848122 0.210420
vt 0.848154 0.198596
vt 0.864603 0.198596
vt 0.864571 0.210420
vt 0.529032 0.498222
vt 0.518729 0.505207
vt 0.510954 0.495897
vt 0.523249 0.487561
vt 0.848264 0.233577
vt 0.864713 0.233577
vt 0.402990 0.749045
vt 0.403190 0.738726
vt 0.419639 0.738777
vt 0.419439 0.749096
vt 0.402841 0.760498
vt 0.419290 0.760549
vt 0.402749 0.772641
vt 0.419198 0.772692
vt 0.402718 0.784996
vt 0.419167 0.785046
vt 0.402749 0.797072
vt 0.419198 0.797123
vt 0.402841 0.808391
vt 0.419290 0.808442
vt 0.402990 0.818509
vt 0.419439 0.818560
vt 0.403190 0.827038
vt 0.419639 0.827088
vt 0.851537 0.023731
vt 0.852067 0.013818
vt 0.868483 0.013920
vt 0.867953 0.023833
vt 0.851144 0.034723
vt 0.867561 0.034825
vt 0.851024 0.040548
vt 0.867440 0.040651
vt 0.850822 0.058248
vt 0.850903 0.046374
vt 0.867320 0.046476
vt 0.867239 0.058351
vt 0.850903 0.069906
vt 0.867320 0.070009
vt 0.851024 0.075411
vt 0.867440 0.075513
vt 0.851537 0.090862
vt 0.851144 0.080915
vt 0.867561 0.081018
vt 0.867953 0.090964
vt 0.852067 0.099363
vt 0.868483 0.099466
vt 0.370057 0.818193
vt 0.369909 0.827654
vt 0.353457 0.827654
vt 0.353605 0.818193
vt 0.370169 0.807353
vt 0.353716 0.807353
vt 0.370237 0.795554
vt 0.353785 0.795554
vt 0.370261 0.783257
vt 0.353809 0.783257
vt 0.370239 0.770952
vt 0.353787 0.770952
vt 0.370172 0.759126
vt 0.353720 0.759126
vt 0.370063 0.748244
vt 0.353610 0.748244
vt 0.369915 0.738726
vt 0.353463 0.738726
vt 0.848419 0.176638
vt 0.848642 0.167334
vt 0.865090 0.167334
vt 0.864867 0.176638
vt 0.848254 0.187193
vt 0.864703 0.187193
vt 0.848160 0.222226
vt 0.864608 0.222226
vt 0.068601 0.664730
vt 0.080475 0.664683
vt 0.092121 0.667002
vt 0.103108 0.671606
vt 0.113021 0.678332
vt 0.121480 0.686937
vt 0.128150 0.697105
vt 0.132759 0.708451
vt 0.135114 0.720534
vt 0.135114 0.732879
vt 0.132756 0.744997
vt 0.128136 0.756407
vt 0.121445 0.766661
vt 0.112956 0.775364
vt 0.103009 0.782191
vt 0.091994 0.786895
vt 0.086162 0.788103
vt 0.080331 0.789311
vt 0.068456 0.789358
vt 0.056810 0.787039
vt 0.051317 0.784737
vt 0.045824 0.782435
vt 0.035910 0.775709
vt 0.027451 0.767104
vt 0.020782 0.756936
vt 0.016173 0.745590
vt 0.013818 0.733507
vt 0.013818 0.721161
vt 0.016176 0.709044
vt 0.020796 0.697634
vt 0.027487 0.687380
vt 0.035976 0.678677
vt 0.045922 0.671849
vt 0.056938 0.667146
vt 0.588491 0.498495
vt 0.577043 0.493602
vt 0.580682 0.482035
vt 0.594344 0.487874
vt 0.565043 0.620419
vt 0.577155 0.618012
vt 0.580703 0.629608
vt 0.566206 0.632489
vt 0.509944 0.514141
vt 0.500495 0.506534
vt 0.564916 0.491086
vt 0.566183 0.479027
vt 0.582866 0.615621
vt 0.588577 0.613230
vt 0.594360 0.623890
vt 0.587531 0.626749
vt 0.503020 0.524692
vt 0.492273 0.519063
vt 0.552567 0.491032
vt 0.551403 0.478962
vt 0.598880 0.606244
vt 0.606655 0.615554
vt 0.498239 0.536460
vt 0.486608 0.533006
vt 0.607666 0.597310
vt 0.617115 0.604918
vt 0.495797 0.548989
vt 0.483720 0.547825
vt 0.614589 0.586759
vt 0.625336 0.592388
vt 0.495797 0.561788
vt 0.483720 0.562950
vt 0.619370 0.574991
vt 0.631001 0.578445
vt 0.498242 0.574352
vt 0.486609 0.577797
vt 0.621813 0.562462
vt 0.633890 0.563626
vt 0.503034 0.586185
vt 0.492276 0.591793
vt 0.621812 0.549663
vt 0.633890 0.548501
vt 0.509975 0.596824
vt 0.500501 0.604399
vt 0.619367 0.537100
vt 0.631000 0.533655
vt 0.518788 0.605862
vt 0.510966 0.615131
vt 0.614576 0.525267
vt 0.625333 0.519659
vt 0.529119 0.612957
vt 0.523266 0.623578
vt 0.607634 0.514627
vt 0.617108 0.507052
vt 0.540567 0.617849
vt 0.536927 0.629416
vt 0.540455 0.493440
vt 0.536907 0.481844
vt 0.598822 0.505590
vt 0.606644 0.496320
vt 0.546630 0.619107
vt 0.552693 0.620365
vt 0.551426 0.632425
vt 0.544177 0.630920
vt 0.111515 0.014036
vt 0.126024 0.013844
vt 0.522022 0.485409
vt 0.536154 0.479494
vt 0.509303 0.494031
vt 0.498487 0.505028
vt 0.489989 0.517977
vt 0.484136 0.532381
vt 0.481151 0.547686
vt 0.481151 0.563304
vt 0.484136 0.578635
vt 0.489989 0.593090
vt 0.498487 0.606113
vt 0.509303 0.617204
vt 0.522022 0.625936
vt 0.536154 0.631974
vt 0.543655 0.633530
vt 0.566453 0.635153
vt 0.551156 0.635086
vt 0.581455 0.632171
vt 0.588521 0.629213
vt 0.608305 0.617634
vt 0.595587 0.626256
vt 0.619121 0.606637
vt 0.627620 0.593688
vt 0.633473 0.579284
vt 0.636457 0.563979
vt 0.636457 0.548361
vt 0.633473 0.533030
vt 0.627620 0.518575
vt 0.619121 0.505552
vt 0.608305 0.494461
vt 0.595587 0.485729
vt 0.581455 0.479691
vt 0.082250 0.013818
vt 0.096735 0.014027
vt 0.552794 0.493495
vt 0.541147 0.495810
vt 0.530160 0.500410
vt 0.520247 0.507131
vt 0.511787 0.515733
vt 0.505118 0.525898
vt 0.500509 0.537241
vt 0.400331 0.772458
vt 0.400427 0.759865
vt 0.400299 0.785267
vt 0.400331 0.797787
vt 0.500512 0.573786
vt 0.505133 0.585197
vt 0.511824 0.595453
vt 0.520314 0.604160
vt 0.530261 0.610991
vt 0.848643 0.033987
vt 0.849051 0.022563
vt 0.848518 0.040043
vt 0.848308 0.058449
vt 0.848393 0.046100
vt 0.848393 0.070573
vt 0.848518 0.076296
vt 0.587449 0.611256
vt 0.597362 0.604535
vt 0.605821 0.595933
vt 0.612491 0.585768
vt 0.617100 0.574424
vt 0.619455 0.562342
vt 0.372664 0.783266
vt 0.372639 0.796014
vt 0.372641 0.770508
vt 0.617096 0.537879
vt 0.612476 0.526468
vt 0.605785 0.516212
vt 0.597295 0.507506
vt 0.587348 0.500675
vt 0.576332 0.495967
vt 0.564669 0.493547
vt 0.244210 0.604216
vt 0.244210 0.585812
vt 0.247795 0.567761
vt 0.254828 0.550759
vt 0.265037 0.535459
vt 0.278031 0.522448
vt 0.293310 0.512227
vt 0.310288 0.505188
vt 0.328311 0.501602
vt 0.346687 0.501607
vt 0.364710 0.505202
vt 0.381688 0.512250
vt 0.396967 0.522479
vt 0.409961 0.535496
vt 0.420170 0.550802
vt 0.423686 0.559305
vt 0.427203 0.567807
vt 0.430788 0.585859
vt 0.430788 0.604264
vt 0.428995 0.613289
vt 0.427203 0.622314
vt 0.420170 0.639316
vt 0.409961 0.654617
vt 0.396967 0.667628
vt 0.381688 0.677849
vt 0.364710 0.684888
vt 0.310288 0.684874
vt 0.293310 0.677826
vt 0.278031 0.667597
vt 0.265037 0.654580
vt 0.254828 0.639274
vt 0.247795 0.622269
vt 0.391242 0.494350
vt 0.409824 0.506791
vt 0.304404 0.704297
vt 0.425628 0.522623
vt 0.283756 0.695726
vt 0.438045 0.541237
vt 0.265173 0.683285
vt 0.259775 0.442929
vt 0.269904 0.444301
vt 0.270520 0.451172
vt 0.259775 0.451079
vt 0.228400 0.628156
vt 0.224040 0.606201
vt 0.249370 0.667453
vt 0.188732 0.833515
vt 0.186492 0.856281
vt 0.162749 0.856538
vt 0.162749 0.833525
vt 0.228400 0.561864
vt 0.236953 0.541186
vt 0.236953 0.648838
vt 0.446597 0.561920
vt 0.450957 0.583875
vt 0.249370 0.522578
vt 0.183176 0.799804
vt 0.186492 0.810750
vt 0.162749 0.810513
vt 0.162749 0.799469
vt 0.265173 0.506754
vt 0.323933 0.790747
vt 0.324978 0.845462
vt 0.304461 0.844970
vt 0.308575 0.790718
vt 0.283756 0.494323
vt 0.115118 0.445839
vt 0.137571 0.445545
vt 0.137571 0.453680
vt 0.115118 0.453973
vt 0.448777 0.617235
vt 0.446597 0.628212
vt 0.304404 0.485762
vt 0.425628 0.667498
vt 0.409825 0.683322
vt 0.326324 0.481400
vt 0.391242 0.695753
vt 0.348674 0.481406
vt 0.370594 0.704314
vt 0.370593 0.485779
vt 0.092256 0.445828
vt 0.092256 0.453963
vt 0.158751 0.444960
vt 0.158751 0.453094
vt 0.177844 0.444105
vt 0.177844 0.452239
vt 0.194117 0.443012
vt 0.194117 0.451147
vt 0.414315 0.442046
vt 0.431934 0.442329
vt 0.431934 0.450480
vt 0.414315 0.450197
vt 0.452056 0.442540
vt 0.452056 0.450691
vt 0.473909 0.442670
vt 0.473909 0.450822
vt 0.496653 0.442715
vt 0.496653 0.450867
vt 0.519414 0.442673
vt 0.519414 0.450825
vt 0.541316 0.442546
vt 0.541316 0.450698
vt 0.561519 0.442338
vt 0.561519 0.450490
vt 0.579246 0.442058
vt 0.579246 0.450209
vt 0.221752 0.442204
vt 0.239533 0.442621
vt 0.239533 0.450771
vt 0.221752 0.450354
vt 0.442321 0.551579
vt 0.304470 0.444466
vt 0.327205 0.444396
vt 0.327205 0.451257
vt 0.304470 0.451327
vt 0.450957 0.606259
vt 0.338951 0.444286
vt 0.338336 0.451157
vt 0.349033 0.442910
vt 0.369115 0.442593
vt 0.369115 0.450743
vt 0.349033 0.451060
vt 0.386680 0.442168
vt 0.386680 0.450318
vt 0.606906 0.442167
vt 0.626161 0.442548
vt 0.626136 0.450698
vt 0.606881 0.450318
vt 0.647451 0.442831
vt 0.647426 0.450981
vt 0.669957 0.443005
vt 0.669932 0.451156
vt 0.692815 0.443064
vt 0.692790 0.451214
vt 0.715146 0.443005
vt 0.715121 0.451155
vt 0.736092 0.442831
vt 0.736067 0.450981
vt 0.754848 0.442548
vt 0.754823 0.450698
vt 0.013818 0.442931
vt 0.029876 0.444038
vt 0.029876 0.452172
vt 0.013818 0.451065
vt 0.048800 0.444910
vt 0.048800 0.453044
vt 0.069863 0.445515
vt 0.069863 0.453649
vt 0.224040 0.583817
vt 0.114191 0.329702
vt 0.113985 0.301339
vt 0.133934 0.301078
vt 0.134595 0.327353
vt 0.153841 0.326819
vt 0.152750 0.300555
vt 0.169711 0.299792
vt 0.171190 0.326039
vt 0.073059 0.327323
vt 0.073769 0.301048
vt 0.093669 0.301329
vt 0.093412 0.327610
vt 0.053912 0.326771
vt 0.055048 0.300507
vt 0.036707 0.325974
vt 0.038226 0.299727
vt 0.022106 0.324963
vt 0.023949 0.298737
vt 0.731444 0.324809
vt 0.730411 0.298572
vt 0.747178 0.298321
vt 0.748573 0.324552
vt 0.712318 0.324968
vt 0.711689 0.298727
vt 0.691929 0.325021
vt 0.691732 0.298779
vt 0.671061 0.324968
vt 0.671307 0.298727
vt 0.650517 0.324809
vt 0.651198 0.298572
vt 0.631085 0.324552
vt 0.632180 0.298321
vt 0.613512 0.324206
vt 0.614981 0.297983
vt 0.363145 0.324595
vt 0.361818 0.298363
vt 0.377425 0.297983
vt 0.379108 0.324207
vt 0.344894 0.324885
vt 0.343974 0.298646
vt 0.336151 0.352196
vt 0.337905 0.333404
vt 0.339659 0.314612
vt 0.345929 0.354391
vt 0.875884 0.682275
vt 0.876497 0.676073
vt 0.891831 0.676082
vt 0.891831 0.682276
vt 0.876497 0.688478
vt 0.891831 0.688470
vt 0.262774 0.354409
vt 0.263774 0.324902
vt 0.269020 0.314628
vt 0.270799 0.333419
vt 0.272579 0.352210
vt 0.245377 0.324620
vt 0.246677 0.298388
vt 0.264663 0.298664
vt 0.229218 0.324239
vt 0.230877 0.298015
vt 0.555913 0.324384
vt 0.554667 0.298162
vt 0.570508 0.297913
vt 0.572097 0.324129
vt 0.537469 0.324573
vt 0.536614 0.298347
vt 0.517473 0.324689
vt 0.517041 0.298460
vt 0.496693 0.324727
vt 0.496702 0.298497
vt 0.475928 0.324686
vt 0.476377 0.298457
vt 0.455977 0.324567
vt 0.456848 0.298341
vt 0.437605 0.324376
vt 0.438866 0.298154
vt 0.421519 0.324118
vt 0.423121 0.297902
vt 0.184164 0.298816
vt 0.185974 0.325042
vt 0.112538 0.116919
vt 0.129292 0.116698
vt 0.145092 0.116256
vt 0.159331 0.115609
vt 0.078753 0.116670
vt 0.095473 0.116909
vt 0.063022 0.116210
vt 0.048883 0.115548
vt 0.737389 0.114248
vt 0.749417 0.113964
vt 0.723160 0.114459
vt 0.707276 0.114589
vt 0.690349 0.114633
vt 0.673029 0.114589
vt 0.655981 0.114459
vt 0.639861 0.114248
vt 0.625287 0.113964
vt 0.352505 0.114287
vt 0.365613 0.113965
vt 0.337518 0.114527
vt 0.329373 0.114602
vt 0.304260 0.114730
vt 0.321228 0.114677
vt 0.287267 0.114684
vt 0.279085 0.114613
vt 0.255794 0.114307
vt 0.270902 0.114541
vt 0.242523 0.113991
vt 0.545922 0.114154
vt 0.559356 0.113945
vt 0.530612 0.114309
vt 0.514013 0.114404
vt 0.496763 0.114435
vt 0.479526 0.114402
vt 0.462964 0.114304
vt 0.447713 0.114147
vt 0.434360 0.113936
vt 0.171461 0.114782
vt 0.131613 0.208888
vt 0.148921 0.208405
vt 0.094571 0.209119
vt 0.113261 0.209129
vt 0.164521 0.207700
vt 0.177812 0.206799
vt 0.428740 0.205919
vt 0.443290 0.206150
vt 0.459906 0.206323
vt 0.477952 0.206429
vt 0.496733 0.206466
vt 0.515527 0.206432
vt 0.533613 0.206328
vt 0.550295 0.206158
vt 0.564932 0.205929
vt 0.236700 0.206003
vt 0.251235 0.206348
vt 0.267783 0.206602
vt 0.274405 0.298748
vt 0.276745 0.206680
vt 0.285707 0.206758
vt 0.298308 0.298869
vt 0.304319 0.206807
vt 0.304378 0.298885
vt 0.322903 0.206750
vt 0.310438 0.298867
vt 0.334277 0.298735
vt 0.331825 0.206668
vt 0.340746 0.206587
vt 0.357162 0.206325
vt 0.371519 0.205974
vt 0.620134 0.205974
vt 0.636020 0.206285
vt 0.653590 0.206516
vt 0.672168 0.206658
vt 0.691041 0.206706
vt 0.709483 0.206658
vt 0.726785 0.206516
vt 0.742283 0.206285
vt 0.030414 0.206722
vt 0.043554 0.207637
vt 0.036880 0.114708
vt 0.059035 0.208359
vt 0.076261 0.208859
vt 0.135339 0.356901
vt 0.155069 0.356354
vt 0.093123 0.357165
vt 0.114423 0.358736
vt 0.172854 0.355555
vt 0.188010 0.354535
vt 0.419718 0.353600
vt 0.436187 0.353864
vt 0.454997 0.354060
vt 0.475424 0.354182
vt 0.496683 0.354224
vt 0.517958 0.354185
vt 0.538431 0.354066
vt 0.557315 0.353873
vt 0.573884 0.353611
vt 0.227351 0.353731
vt 0.243916 0.354120
vt 0.283865 0.315544
vt 0.274263 0.304353
vt 0.298250 0.312401
vt 0.304386 0.312417
vt 0.877221 0.672311
vt 0.891868 0.672396
vt 0.364638 0.354094
vt 0.381001 0.353697
vt 0.611861 0.353697
vt 0.629854 0.354051
vt 0.649750 0.354315
vt 0.670785 0.354477
vt 0.692151 0.354532
vt 0.713025 0.354477
vt 0.732606 0.354315
vt 0.750142 0.354051
vt 0.020034 0.354455
vt 0.034999 0.355490
vt 0.052634 0.356305
vt 0.072260 0.356871
vt 0.438045 0.648890
vt 0.877221 0.692241
vt 0.891868 0.692156
vt 0.848644 0.082019
vt 0.310512 0.312398
vt 0.322804 0.329218
vt 0.315299 0.326731
vt 0.324863 0.315536
vt 0.281702 0.444406
vt 0.281702 0.451267
vt 0.164317 0.716703
vt 0.164698 0.687249
vt 0.177189 0.687326
vt 0.179549 0.716501
vt 0.334426 0.304340
vt 0.323370 0.761301
vt 0.310789 0.761522
vt 0.311839 0.747616
vt 0.324057 0.747424
vt 0.892017 0.700116
vt 0.878683 0.700186
vt 0.892355 0.706962
vt 0.879875 0.707008
vt 0.176136 0.669172
vt 0.163868 0.669152
vt 0.163649 0.664930
vt 0.176051 0.664917
vt 0.164086 0.673374
vt 0.176221 0.673427
vt 0.878683 0.664370
vt 0.892017 0.664441
vt 0.879875 0.657559
vt 0.892355 0.657607
vt 0.276040 0.340377
vt 0.273440 0.345150
vt 0.324504 0.743205
vt 0.312153 0.743365
vt 0.312467 0.739114
vt 0.324951 0.738985
vt 0.183176 0.867229
vt 0.187429 0.856273
vt 0.184060 0.867459
vt 0.270485 0.443406
vt 0.281695 0.443501
vt 0.189668 0.833517
vt 0.304467 0.443560
vt 0.187429 0.810761
vt 0.327206 0.443491
vt 0.298192 0.325933
vt 0.304394 0.325949
vt 0.304391 0.326858
vt 0.298186 0.326843
vt 0.875583 0.688476
vt 0.874971 0.682275
vt 0.310586 0.325930
vt 0.310588 0.326840
vt 0.875583 0.676074
vt 0.184060 0.799576
vt 0.338366 0.443392
vt 0.324918 0.747447
vt 0.324263 0.759315
vt 0.335706 0.356959
vt 0.334195 0.345042
vt 0.335291 0.345137
vt 0.325822 0.738727
vt 0.325370 0.743087
vt 0.331790 0.340619
vt 0.329385 0.336196
vt 0.330093 0.335593
vt 0.332692 0.340365
vt 0.877797 0.664214
vt 0.879011 0.657263
vt 0.322435 0.330115
vt 0.876356 0.672029
vt 0.314628 0.327527
vt 0.877797 0.700342
vt 0.876356 0.692523
vt 0.294135 0.327532
vt 0.286308 0.330122
vt 0.285943 0.329226
vt 0.293467 0.326736
vt 0.879011 0.707304
vt 0.279346 0.336206
vt 0.278641 0.335604
vt 0.163180 0.673408
vt 0.162964 0.669045
vt 0.276939 0.340631
vt 0.274532 0.345055
vt 0.163771 0.685274
vt 0.273025 0.356973
vt 0.324809 0.789592
vt 0.336637 0.387200
vt 0.337130 0.384416
vt 0.163609 0.771435
vt 0.162749 0.771834
vt 0.163413 0.715559
vt 0.272136 0.387214
vt 0.271643 0.384430
vt 0.162749 0.867582
vt 0.114655 0.387770
vt 0.136083 0.386449
vt 0.156296 0.385889
vt 0.174517 0.385072
vt 0.071461 0.386419
vt 0.092834 0.386719
vt 0.051356 0.385840
vt 0.033291 0.385006
vt 0.017962 0.383947
vt 0.733768 0.383820
vt 0.751711 0.383550
vt 0.713732 0.383986
vt 0.692372 0.384043
vt 0.670509 0.383986
vt 0.648984 0.383820
vt 0.628623 0.383550
vt 0.610209 0.383187
vt 0.366130 0.383594
vt 0.382894 0.383188
vt 0.346964 0.383897
vt 0.242455 0.383621
vt 0.261775 0.383916
vt 0.225485 0.383222
vt 0.558716 0.383361
vt 0.575672 0.383093
vt 0.539393 0.383560
vt 0.518443 0.383681
vt 0.496673 0.383721
vt 0.474919 0.383678
vt 0.454017 0.383553
vt 0.434769 0.383352
vt 0.417917 0.383082
vt 0.190046 0.384027
vt 0.325822 0.845850
vt 0.183934 0.770711
vt 0.162749 0.664683
vt 0.221752 0.606428
vt 0.221752 0.583566
vt 0.226206 0.561144
vt 0.234941 0.540025
vt 0.247623 0.521019
vt 0.263764 0.504857
vt 0.282744 0.492160
vt 0.303833 0.483417
vt 0.326221 0.478962
vt 0.349048 0.478968
vt 0.371436 0.483434
vt 0.392525 0.492188
vt 0.411505 0.504895
vt 0.427646 0.521065
vt 0.440328 0.540077
vt 0.444626 0.550428
vt 0.449063 0.561201
vt 0.453516 0.583625
vt 0.453516 0.606488
vt 0.451263 0.617920
vt 0.449063 0.628909
vt 0.440328 0.650029
vt 0.427646 0.669035
vt 0.411505 0.685197
vt 0.392525 0.697893
vt 0.371436 0.706637
vt 0.349048 0.711092
vt 0.326221 0.711086
vt 0.303833 0.706620
vt 0.282744 0.697865
vt 0.263764 0.685159
vt 0.247623 0.668989
vt 0.234941 0.649976
vt 0.226206 0.628852
vt 0.834465 0.781247
vt 0.814865 0.657263
vt 0.819161 0.657968
vt 0.828434 0.660835
vt 0.836405 0.667281
vt 0.841860 0.676513
vt 0.843969 0.691495
vt 0.847336 0.781240
vt 0.780829 0.781259
vt 0.800429 0.657267
vt 0.807647 0.657265
vt 0.807647 0.781251
vt 0.767958 0.781258
vt 0.771325 0.691511
vt 0.773434 0.676528
vt 0.778889 0.667293
vt 0.786860 0.660844
vt 0.796133 0.657973
vt 0.858707 0.940093
vt 0.856921 0.938762
vt 0.859390 0.937961
vt 0.947469 0.777715
vt 0.945840 0.778692
vt 0.945393 0.776883
vt 0.860916 0.940058
vt 0.859390 0.942155
vt 0.856921 0.941354
vt 0.947628 0.775649
vt 0.947815 0.740358
vt 0.945563 0.740766
vt 0.946592 0.738543
vt 0.947989 0.172818
vt 0.945958 0.171947
vt 0.947885 0.170568
vt 0.985520 0.689810
vt 0.983779 0.690500
vt 0.983779 0.688315
vt 0.552420 0.984316
vt 0.552376 0.986182
vt 0.550572 0.984316
vt 0.949456 0.776694
vt 0.949052 0.738429
vt 0.950090 0.171903
vt 0.048852 0.952872
vt 0.046586 0.952712
vt 0.046586 0.946819
vt 0.048852 0.946979
vt 0.943667 0.775468
vt 0.943605 0.773237
vt 0.945393 0.774328
vt 0.848646 0.289447
vt 0.848122 0.287228
vt 0.849949 0.288481
vt 0.852844 0.290815
vt 0.850590 0.290627
vt 0.852417 0.289285
vt 0.951757 0.170689
vt 0.950100 0.169316
vt 0.951757 0.168670
vt 0.797089 0.626926
vt 0.797089 0.629221
vt 0.795407 0.627786
vt 0.947469 0.773368
vt 0.945840 0.772003
vt 0.948351 0.771887
vt 0.849949 0.285887
vt 0.852417 0.285088
vt 0.851754 0.287164
vt 0.850590 0.283835
vt 0.852844 0.283674
vt 0.853942 0.287188
vt 0.854582 0.285136
vt 0.985377 0.658085
vt 0.983779 0.659372
vt 0.983850 0.657263
vt 0.854582 0.289334
vt 0.948006 0.168417
vt 0.949553 0.167334
vt 0.947607 0.736273
vt 0.945358 0.736691
vt 0.945761 0.734939
vt 0.949456 0.774140
vt 0.275165 0.933331
vt 0.275165 0.931075
vt 0.276720 0.931619
vt 0.948201 0.241350
vt 0.945958 0.241504
vt 0.945958 0.235647
vt 0.948201 0.235493
vt 0.948139 0.207839
vt 0.945958 0.207844
vt 0.945958 0.201946
vt 0.948140 0.201940
vt 0.985377 0.660680
vt 0.949543 0.736497
vt 0.944118 0.738611
vt 0.943605 0.736383
vt 0.950044 0.241336
vt 0.950044 0.235479
vt 0.950043 0.207669
vt 0.950043 0.201770
vt 0.369998 0.948124
vt 0.372263 0.948280
vt 0.372263 0.954169
vt 0.369998 0.954013
vt 0.951741 0.172856
vt 0.949525 0.174108
vt 0.945968 0.169360
vt 0.949543 0.740582
vt 0.943607 0.740474
vt 0.857605 0.943374
vt 0.855670 0.942168
vt 0.824724 0.626926
vt 0.826230 0.627533
vt 0.824724 0.629218
vt 0.861599 0.942078
vt 0.859870 0.943530
vt 0.946972 0.174135
vt 0.861599 0.937885
vt 0.859870 0.936396
vt 0.943605 0.777371
vt 0.855136 0.939981
vt 0.947387 0.742026
vt 0.857605 0.936589
vt 0.855670 0.937758
vt 0.919990 0.677732
vt 0.920015 0.672077
vt 0.921564 0.672076
vt 0.921539 0.677732
vt 0.104691 0.901284
vt 0.110124 0.901359
vt 0.110124 0.944081
vt 0.104691 0.944005
vt 0.115125 0.901482
vt 0.115125 0.944203
vt 0.119504 0.901646
vt 0.119504 0.944367
vt 0.767958 0.898497
vt 0.772446 0.898087
vt 0.772446 0.940555
vt 0.767958 0.940966
vt 0.777529 0.897787
vt 0.777529 0.940256
vt 0.783011 0.897610
vt 0.783011 0.940078
vt 0.788681 0.897562
vt 0.788681 0.940030
vt 0.794322 0.897645
vt 0.794322 0.940113
vt 0.799717 0.897856
vt 0.799717 0.940324
vt 0.804659 0.898186
vt 0.804659 0.940655
vt 0.808958 0.898624
vt 0.808958 0.941092
vt 0.889402 0.450468
vt 0.885004 0.450670
vt 0.885004 0.407972
vt 0.889402 0.407770
vt 0.879988 0.450820
vt 0.879988 0.408122
vt 0.874546 0.450912
vt 0.874546 0.408214
vt 0.868888 0.450943
vt 0.868888 0.408245
vt 0.863230 0.450911
vt 0.863230 0.408213
vt 0.857792 0.450818
vt 0.857792 0.408121
vt 0.852780 0.450668
vt 0.852780 0.407970
vt 0.848389 0.450466
vt 0.848389 0.407768
vt 0.878030 0.556608
vt 0.882353 0.556595
vt 0.882350 0.599360
vt 0.878027 0.599373
vt 0.887314 0.556585
vt 0.887311 0.599350
vt 0.892722 0.556579
vt 0.892719 0.599344
vt 0.898368 0.556577
vt 0.898364 0.599341
vt 0.904035 0.556579
vt 0.904032 0.599344
vt 0.909506 0.556585
vt 0.909503 0.599350
vt 0.914572 0.556595
vt 0.914568 0.599360
vt 0.919035 0.556608
vt 0.919032 0.599373
vt 0.920089 0.688840
vt 0.920015 0.683392
vt 0.921564 0.683392
vt 0.921639 0.688840
vt 0.082902 0.901475
vt 0.087928 0.901355
vt 0.087928 0.944076
vt 0.082902 0.944196
vt 0.912341 0.060765
vt 0.908919 0.060746
vt 0.908917 0.015281
vt 0.912339 0.015300
vt 0.093375 0.901281
vt 0.099036 0.901257
vt 0.099036 0.943978
vt 0.093375 0.944002
vt 0.904069 0.808993
vt 0.907095 0.809066
vt 0.907104 0.854556
vt 0.904079 0.854482
vt 0.709701 0.853124
vt 0.708344 0.849847
vt 0.717475 0.844965
vt 0.719609 0.850118
vt 0.901421 0.808894
vt 0.901430 0.854384
vt 0.710392 0.856603
vt 0.720696 0.855588
vt 0.895980 0.289341
vt 0.893266 0.289598
vt 0.893127 0.244378
vt 0.895841 0.244121
vt 0.710392 0.860150
vt 0.720696 0.861165
vt 0.899054 0.289150
vt 0.898915 0.243930
vt 0.709700 0.863629
vt 0.719608 0.866636
vt 0.902370 0.289033
vt 0.902231 0.243813
vt 0.708344 0.866906
vt 0.717474 0.871789
vt 0.905800 0.288993
vt 0.905661 0.243773
vt 0.706374 0.869855
vt 0.714377 0.876426
vt 0.909213 0.289033
vt 0.909074 0.243813
vt 0.703867 0.872363
vt 0.710435 0.880370
vt 0.912477 0.289150
vt 0.912338 0.243930
vt 0.700919 0.874334
vt 0.705799 0.883469
vt 0.915467 0.289341
vt 0.915328 0.244121
vt 0.697643 0.875691
vt 0.700648 0.885603
vt 0.918069 0.289598
vt 0.917929 0.244378
vt 0.915632 0.060821
vt 0.915629 0.015356
vt 0.694166 0.876383
vt 0.695181 0.886691
vt 0.899170 0.060911
vt 0.896509 0.061034
vt 0.896507 0.015569
vt 0.899167 0.015446
vt 0.905496 0.060765
vt 0.905494 0.015300
vt 0.690621 0.876383
vt 0.689606 0.886691
vt 0.902204 0.060821
vt 0.902202 0.015356
vt 0.921320 0.061034
vt 0.918663 0.060911
vt 0.918661 0.015446
vt 0.921317 0.015569
vt 0.687144 0.875691
vt 0.684138 0.885603
vt 0.244327 0.886616
vt 0.246943 0.886608
vt 0.246939 0.932144
vt 0.244324 0.932152
vt 0.683868 0.874333
vt 0.678987 0.883468
vt 0.241326 0.886622
vt 0.241323 0.932158
vt 0.680921 0.872363
vt 0.674352 0.880370
vt 0.238055 0.886626
vt 0.238052 0.932162
vt 0.678414 0.869855
vt 0.670410 0.876426
vt 0.676445 0.849847
vt 0.675088 0.853124
vt 0.665180 0.850118
vt 0.667314 0.844965
vt 0.234640 0.886627
vt 0.234636 0.932163
vt 0.676444 0.866906
vt 0.667313 0.871788
vt 0.678415 0.846898
vt 0.670412 0.840327
vt 0.231211 0.886626
vt 0.231208 0.932162
vt 0.675088 0.863629
vt 0.665180 0.866636
vt 0.680922 0.844390
vt 0.674354 0.836383
vt 0.227901 0.886622
vt 0.227898 0.932158
vt 0.674396 0.860150
vt 0.664092 0.861165
vt 0.683870 0.842420
vt 0.678989 0.833285
vt 0.224837 0.886616
vt 0.224834 0.932152
vt 0.674396 0.856603
vt 0.664093 0.855588
vt 0.687145 0.841062
vt 0.684140 0.831150
vt 0.222137 0.886608
vt 0.222134 0.932144
vt 0.690622 0.840370
vt 0.689608 0.830062
vt 0.923563 0.808993
vt 0.926231 0.808894
vt 0.926240 0.854384
vt 0.923572 0.854482
vt 0.694168 0.840370
vt 0.695183 0.830062
vt 0.920522 0.809066
vt 0.920532 0.854556
vt 0.697645 0.841062
vt 0.700651 0.831150
vt 0.917227 0.809111
vt 0.917236 0.854601
vt 0.700920 0.842420
vt 0.705801 0.833285
vt 0.913803 0.809126
vt 0.913812 0.854616
vt 0.703868 0.844390
vt 0.710436 0.836383
vt 0.910382 0.809111
vt 0.910391 0.854601
vt 0.706375 0.846898
vt 0.714378 0.840327
vt 0.908917 0.013818
vt 0.912447 0.013837
vt 0.915840 0.013895
vt 0.918967 0.013988
vt 0.921706 0.014114
vt 0.247335 0.933580
vt 0.244638 0.933589
vt 0.241543 0.933595
vt 0.238169 0.933599
vt 0.234647 0.933600
vt 0.231111 0.933599
vt 0.227697 0.933595
vt 0.224537 0.933589
vt 0.221752 0.933580
vt 0.926627 0.855835
vt 0.923876 0.855936
vt 0.920740 0.856012
vt 0.917341 0.856059
vt 0.913810 0.856074
vt 0.910282 0.856059
vt 0.906892 0.856012
vt 0.903772 0.855936
vt 0.901040 0.855835
vt 0.892744 0.242907
vt 0.895543 0.242642
vt 0.898713 0.242446
vt 0.902133 0.242325
vt 0.905671 0.242284
vt 0.909190 0.242325
vt 0.912557 0.242446
vt 0.915640 0.242642
vt 0.918323 0.242907
vt 0.896119 0.014114
vt 0.898862 0.013988
vt 0.901992 0.013895
vt 0.905387 0.013837
vt 0.923022 0.672186
vt 0.922997 0.677734
vt 0.923095 0.666856
vt 0.921639 0.666644
vt 0.923214 0.661949
vt 0.921760 0.661642
vt 0.923374 0.657653
vt 0.921924 0.657263
vt 0.447690 0.743516
vt 0.447274 0.739114
vt 0.448745 0.738731
vt 0.449169 0.743218
vt 0.448000 0.748501
vt 0.449484 0.748299
vt 0.448190 0.753878
vt 0.449678 0.753781
vt 0.448254 0.759441
vt 0.449744 0.759451
vt 0.448190 0.764976
vt 0.449678 0.765092
vt 0.448000 0.770269
vt 0.449484 0.770488
vt 0.447690 0.775118
vt 0.449169 0.775431
vt 0.447274 0.779337
vt 0.448745 0.779731
vt 0.884699 0.403747
vt 0.889014 0.403549
vt 0.889402 0.405003
vt 0.885004 0.405205
vt 0.879778 0.403894
vt 0.879988 0.405355
vt 0.874439 0.403984
vt 0.874546 0.405447
vt 0.868888 0.404014
vt 0.868888 0.405478
vt 0.863338 0.403984
vt 0.863230 0.405446
vt 0.858002 0.403893
vt 0.857792 0.405354
vt 0.853086 0.403745
vt 0.852780 0.405203
vt 0.848778 0.403547
vt 0.848389 0.405001
vt 0.882664 0.603567
vt 0.878422 0.603581
vt 0.878026 0.602144
vt 0.882350 0.602131
vt 0.887531 0.603558
vt 0.887311 0.602121
vt 0.892836 0.603552
vt 0.892718 0.602115
vt 0.898375 0.603550
vt 0.898364 0.602113
vt 0.903935 0.603552
vt 0.904032 0.602115
vt 0.909303 0.603558
vt 0.909503 0.602121
vt 0.914272 0.603567
vt 0.914568 0.602131
vt 0.918651 0.603581
vt 0.919032 0.602144
vt 0.923214 0.693562
vt 0.923374 0.697889
vt 0.921924 0.698276
vt 0.921760 0.693866
vt 0.923095 0.688631
vt 0.923022 0.683287
vt 0.920089 0.666644
vt 0.920211 0.693866
vt 0.078491 0.901638
vt 0.078491 0.944359
vt 0.920374 0.698277
vt 0.914568 0.600580
vt 0.919032 0.600593
vt 0.909503 0.600570
vt 0.904032 0.600564
vt 0.898364 0.600562
vt 0.892718 0.600564
vt 0.887311 0.600570
vt 0.882350 0.600580
vt 0.878026 0.600593
vt 0.852780 0.406752
vt 0.848389 0.406550
vt 0.857792 0.406902
vt 0.863230 0.406995
vt 0.868888 0.407026
vt 0.874546 0.406995
vt 0.879988 0.406903
vt 0.885004 0.406753
vt 0.889402 0.406552
vt 0.450709 0.775426
vt 0.450285 0.779726
vt 0.451024 0.770483
vt 0.451219 0.765088
vt 0.451284 0.759446
vt 0.451219 0.753776
vt 0.451024 0.748295
vt 0.450709 0.743213
vt 0.450285 0.738727
vt 0.920211 0.661642
vt 0.920374 0.657264
vt 0.592132 0.822777
vt 0.596828 0.819622
vt 0.597162 0.820118
vt 0.592558 0.823212
vt 0.099033 0.944614
vt 0.093483 0.944637
vt 0.582838 0.836771
vt 0.585000 0.831520
vt 0.585565 0.831784
vt 0.583445 0.836932
vt 0.450710 0.813011
vt 0.449623 0.807544
vt 0.450175 0.807366
vt 0.451284 0.812941
vt 0.585000 0.858861
vt 0.582838 0.853608
vt 0.583445 0.853441
vt 0.585565 0.858592
vt 0.783106 0.940750
vt 0.777732 0.940924
vt 0.592132 0.867613
vt 0.588138 0.863590
vt 0.588642 0.863228
vt 0.592558 0.867172
vt 0.794197 0.940784
vt 0.788666 0.940703
vt 0.602047 0.872953
vt 0.596828 0.870774
vt 0.597162 0.870272
vt 0.602279 0.872408
vt 0.804333 0.941315
vt 0.799487 0.940991
vt 0.613235 0.874069
vt 0.607586 0.874065
vt 0.607711 0.873499
vt 0.613249 0.873502
vt 0.848308 0.139599
vt 0.848854 0.134052
vt 0.849404 0.134042
vt 0.848847 0.139699
vt 0.879772 0.407483
vt 0.874436 0.407574
vt 0.868888 0.407604
vt 0.863341 0.407573
vt 0.858009 0.407482
vt 0.853095 0.407335
vt 0.429453 0.929754
vt 0.430007 0.935412
vt 0.429513 0.935401
vt 0.428970 0.929854
vt 0.043651 0.907999
vt 0.043651 0.913571
vt 0.043095 0.913610
vt 0.043095 0.907927
vt 0.887538 0.599962
vt 0.892840 0.599956
vt 0.898375 0.599954
vt 0.903932 0.599956
vt 0.909297 0.599962
vt 0.914263 0.599971
vt 0.856264 0.903221
vt 0.857881 0.908554
vt 0.857343 0.908761
vt 0.855693 0.903322
vt 0.607586 0.816343
vt 0.613235 0.816347
vt 0.613249 0.816907
vt 0.607711 0.816903
vt 0.856264 0.892127
vt 0.855718 0.897674
vt 0.855136 0.897665
vt 0.855693 0.892008
vt 0.602047 0.817449
vt 0.602279 0.817988
vt 0.088142 0.944709
vt 0.588138 0.826795
vt 0.588642 0.827151
vt 0.104578 0.944639
vt 0.581736 0.848031
vt 0.581736 0.842346
vt 0.582365 0.842399
vt 0.582365 0.847973
vt 0.449623 0.824048
vt 0.450710 0.818583
vt 0.451284 0.818624
vt 0.450175 0.824198
vt 0.772748 0.941217
vt 0.848308 0.128505
vt 0.848847 0.128385
vt 0.618774 0.872963
vt 0.618681 0.872418
vt 0.884690 0.407336
vt 0.429453 0.941068
vt 0.428970 0.940947
vt 0.044738 0.919037
vt 0.044204 0.919184
vt 0.882674 0.599971
vt 0.044738 0.902534
vt 0.044204 0.902353
vt 0.618775 0.817459
vt 0.618681 0.817997
vt 0.857881 0.886793
vt 0.857343 0.886567
vt 0.109905 0.944714
vt 0.923910 0.499431
vt 0.925459 0.499430
vt 0.925484 0.505091
vt 0.923935 0.505091
vt 0.162023 0.901281
vt 0.162023 0.944002
vt 0.156576 0.944076
vt 0.156576 0.901355
vt 0.151550 0.944196
vt 0.151550 0.901475
vt 0.147139 0.944359
vt 0.147139 0.901637
vt 0.345470 0.873516
vt 0.345467 0.916281
vt 0.341003 0.916268
vt 0.341006 0.873503
vt 0.335938 0.916258
vt 0.335941 0.873493
vt 0.330467 0.916252
vt 0.330470 0.873487
vt 0.324799 0.916250
vt 0.324802 0.873485
vt 0.319153 0.916252
vt 0.319156 0.873487
vt 0.313746 0.916258
vt 0.313749 0.873493
vt 0.308785 0.916268
vt 0.308788 0.873503
vt 0.304462 0.916281
vt 0.304465 0.873516
vt 0.400299 0.901643
vt 0.400299 0.858945
vt 0.404690 0.859147
vt 0.404690 0.901845
vt 0.409702 0.859297
vt 0.409702 0.901995
vt 0.415141 0.859390
vt 0.415141 0.902088
vt 0.420798 0.859421
vt 0.420798 0.902119
vt 0.426456 0.859391
vt 0.426456 0.902088
vt 0.431898 0.859298
vt 0.431898 0.901996
vt 0.436915 0.859149
vt 0.436915 0.901846
vt 0.441312 0.858947
vt 0.441312 0.901645
vt 0.915970 0.736001
vt 0.915970 0.778469
vt 0.911671 0.778031
vt 0.911671 0.735563
vt 0.906730 0.777701
vt 0.906730 0.735232
vt 0.901334 0.777490
vt 0.901334 0.735022
vt 0.895693 0.777407
vt 0.895693 0.734939
vt 0.890023 0.777455
vt 0.890023 0.734987
vt 0.884541 0.777632
vt 0.884541 0.735164
vt 0.879458 0.777932
vt 0.879458 0.735464
vt 0.874971 0.778342
vt 0.874971 0.735874
vt 0.924010 0.488343
vt 0.925559 0.488342
vt 0.925484 0.493775
vt 0.923935 0.493776
vt 0.183774 0.901482
vt 0.183774 0.944203
vt 0.178772 0.944081
vt 0.178772 0.901359
vt 0.905496 0.135616
vt 0.905494 0.090151
vt 0.908917 0.090132
vt 0.908919 0.135597
vt 0.173339 0.901284
vt 0.173339 0.944005
vt 0.167684 0.943978
vt 0.167684 0.901257
vt 0.923563 0.883808
vt 0.923572 0.929298
vt 0.920532 0.929371
vt 0.920522 0.883882
vt 0.118266 0.859294
vt 0.124834 0.867300
vt 0.120198 0.870399
vt 0.115318 0.861264
vt 0.926231 0.883709
vt 0.926240 0.929199
vt 0.120773 0.856785
vt 0.128776 0.863356
vt 0.915114 0.318458
vt 0.915111 0.363994
vt 0.912411 0.363986
vt 0.912414 0.318450
vt 0.122742 0.853836
vt 0.131873 0.858719
vt 0.918178 0.318464
vt 0.918175 0.364000
vt 0.124099 0.850559
vt 0.134007 0.853566
vt 0.921488 0.318468
vt 0.921485 0.364004
vt 0.124791 0.847081
vt 0.135094 0.848095
vt 0.924917 0.318469
vt 0.924913 0.364005
vt 0.124791 0.843534
vt 0.135094 0.842518
vt 0.928332 0.318468
vt 0.928329 0.364004
vt 0.124099 0.840055
vt 0.134007 0.837048
vt 0.931603 0.318464
vt 0.931600 0.364000
vt 0.122742 0.836778
vt 0.131873 0.831895
vt 0.934604 0.318458
vt 0.934601 0.363994
vt 0.120773 0.833829
vt 0.128776 0.827258
vt 0.937220 0.318450
vt 0.937217 0.363986
vt 0.902204 0.135672
vt 0.902202 0.090207
vt 0.118266 0.831321
vt 0.124834 0.823314
vt 0.918663 0.135762
vt 0.918661 0.090298
vt 0.921317 0.090420
vt 0.921320 0.135885
vt 0.912339 0.090151
vt 0.912341 0.135616
vt 0.115318 0.829351
vt 0.120198 0.820215
vt 0.915632 0.135672
vt 0.915629 0.090207
vt 0.896509 0.135885
vt 0.896507 0.090420
vt 0.899167 0.090298
vt 0.899170 0.135762
vt 0.112042 0.827993
vt 0.115048 0.818081
vt 0.915467 0.214392
vt 0.915328 0.169172
vt 0.917929 0.169428
vt 0.918069 0.214649
vt 0.108565 0.827302
vt 0.109580 0.816993
vt 0.912477 0.214201
vt 0.912338 0.168981
vt 0.105020 0.827302
vt 0.104005 0.816993
vt 0.909213 0.214084
vt 0.909074 0.168864
vt 0.101543 0.827994
vt 0.098537 0.818082
vt 0.088794 0.843535
vt 0.078491 0.842520
vt 0.079578 0.837050
vt 0.089486 0.840056
vt 0.905800 0.214044
vt 0.905661 0.168824
vt 0.098267 0.829351
vt 0.093387 0.820216
vt 0.088794 0.847082
vt 0.078491 0.848098
vt 0.902370 0.214084
vt 0.902231 0.168864
vt 0.095319 0.831322
vt 0.088751 0.823315
vt 0.089486 0.850561
vt 0.079578 0.853568
vt 0.899054 0.214201
vt 0.898915 0.168981
vt 0.092813 0.833830
vt 0.084809 0.827259
vt 0.090843 0.853837
vt 0.081712 0.858721
vt 0.895980 0.214392
vt 0.895841 0.169172
vt 0.090843 0.836779
vt 0.081712 0.831897
vt 0.092812 0.856787
vt 0.084809 0.863358
vt 0.893266 0.214649
vt 0.893127 0.169428
vt 0.095319 0.859294
vt 0.088751 0.867302
vt 0.904069 0.883808
vt 0.904079 0.929298
vt 0.901430 0.929199
vt 0.901421 0.883709
vt 0.098267 0.861265
vt 0.093387 0.870400
vt 0.907095 0.883882
vt 0.907104 0.929371
vt 0.101543 0.862622
vt 0.098537 0.872534
vt 0.910382 0.883927
vt 0.910391 0.929416
vt 0.105020 0.863314
vt 0.104005 0.873622
vt 0.913803 0.883942
vt 0.913812 0.929432
vt 0.108565 0.863314
vt 0.109580 0.873622
vt 0.917227 0.883927
vt 0.917236 0.929416
vt 0.112042 0.862622
vt 0.115048 0.872534
vt 0.905387 0.088688
vt 0.908917 0.088669
vt 0.901992 0.088746
vt 0.898862 0.088839
vt 0.896119 0.088965
vt 0.915640 0.167693
vt 0.918323 0.167958
vt 0.912557 0.167496
vt 0.909190 0.167375
vt 0.905671 0.167334
vt 0.902133 0.167375
vt 0.898713 0.167496
vt 0.895543 0.167693
vt 0.892744 0.167958
vt 0.903772 0.930752
vt 0.901040 0.930650
vt 0.906892 0.930828
vt 0.910282 0.930874
vt 0.913810 0.930890
vt 0.917341 0.930874
vt 0.920740 0.930828
vt 0.923876 0.930752
vt 0.926627 0.930650
vt 0.914814 0.365431
vt 0.912030 0.365422
vt 0.917974 0.365437
vt 0.921388 0.365441
vt 0.924924 0.365442
vt 0.928446 0.365441
vt 0.931820 0.365437
vt 0.934915 0.365431
vt 0.937612 0.365422
vt 0.918966 0.088839
vt 0.921706 0.088965
vt 0.915840 0.088746
vt 0.912447 0.088688
vt 0.926942 0.504986
vt 0.926917 0.499433
vt 0.927016 0.510330
vt 0.925559 0.510538
vt 0.927135 0.515261
vt 0.925681 0.515564
vt 0.927295 0.519588
vt 0.925844 0.519975
vt 0.340707 0.920476
vt 0.341003 0.919039
vt 0.345467 0.919052
vt 0.345086 0.920489
vt 0.335738 0.920466
vt 0.335938 0.919029
vt 0.330370 0.920460
vt 0.330467 0.919023
vt 0.324810 0.920458
vt 0.324799 0.919021
vt 0.319271 0.920460
vt 0.319153 0.919023
vt 0.313966 0.920466
vt 0.313746 0.919029
vt 0.309099 0.920476
vt 0.308785 0.919039
vt 0.304857 0.920489
vt 0.304461 0.919052
vt 0.404996 0.854922
vt 0.404690 0.856380
vt 0.400299 0.856178
vt 0.400688 0.854723
vt 0.409913 0.855069
vt 0.409702 0.856530
vt 0.415248 0.855160
vt 0.415141 0.856623
vt 0.420798 0.855191
vt 0.420798 0.856655
vt 0.426350 0.855161
vt 0.426456 0.856624
vt 0.431688 0.855070
vt 0.431898 0.856531
vt 0.436610 0.854923
vt 0.436915 0.856382
vt 0.440924 0.854725
vt 0.441312 0.856180
vt 0.545204 0.868188
vt 0.546682 0.868501
vt 0.546258 0.872801
vt 0.544788 0.872407
vt 0.545513 0.863339
vt 0.546998 0.863558
vt 0.545704 0.858045
vt 0.547192 0.858162
vt 0.545768 0.852511
vt 0.547257 0.852521
vt 0.545704 0.846948
vt 0.547192 0.846850
vt 0.545513 0.841571
vt 0.546998 0.841369
vt 0.545204 0.836585
vt 0.546682 0.836288
vt 0.544788 0.832184
vt 0.546258 0.831801
vt 0.927135 0.483648
vt 0.925681 0.483341
vt 0.925844 0.478962
vt 0.927295 0.479352
vt 0.927016 0.488555
vt 0.926942 0.493885
vt 0.924010 0.510539
vt 0.924131 0.483341
vt 0.188152 0.901646
vt 0.188152 0.944367
vt 0.924294 0.478962
vt 0.548223 0.836283
vt 0.547798 0.831796
vt 0.548538 0.841365
vt 0.548732 0.846846
vt 0.548798 0.852516
vt 0.548732 0.858157
vt 0.548538 0.863553
vt 0.548223 0.868496
vt 0.547798 0.872796
vt 0.436915 0.857930
vt 0.441312 0.857728
vt 0.431898 0.858080
vt 0.426456 0.858172
vt 0.420798 0.858203
vt 0.415141 0.858172
vt 0.409702 0.858079
vt 0.404690 0.857928
vt 0.400299 0.857726
vt 0.308785 0.917488
vt 0.304461 0.917502
vt 0.313746 0.917478
vt 0.319153 0.917472
vt 0.324799 0.917470
vt 0.330467 0.917472
vt 0.335938 0.917478
vt 0.341003 0.917488
vt 0.345467 0.917502
vt 0.924131 0.515565
vt 0.924294 0.519975
vt 0.024213 0.823427
vt 0.024639 0.823862
vt 0.020723 0.827801
vt 0.020219 0.827445
vt 0.167681 0.944614
vt 0.173226 0.944639
vt 0.039668 0.816993
vt 0.039792 0.817553
vt 0.034360 0.818637
vt 0.034128 0.818099
vt 0.552484 0.907263
vt 0.551913 0.907144
vt 0.553563 0.901704
vt 0.554101 0.901929
vt 0.330367 0.916864
vt 0.335732 0.916870
vt 0.319275 0.916864
vt 0.324810 0.916862
vt 0.309109 0.916880
vt 0.313973 0.916870
vt 0.014373 0.907999
vt 0.013818 0.907927
vt 0.014927 0.902353
vt 0.015460 0.902534
vt 0.400782 0.941068
vt 0.400299 0.940947
vt 0.400842 0.935401
vt 0.401335 0.935412
vt 0.015460 0.919037
vt 0.014927 0.919184
vt 0.013818 0.913610
vt 0.014373 0.913571
vt 0.415252 0.858750
vt 0.409919 0.858659
vt 0.426346 0.858750
vt 0.420799 0.858781
vt 0.045316 0.874718
vt 0.045330 0.874152
vt 0.050762 0.873068
vt 0.050856 0.873613
vt 0.436601 0.858513
vt 0.431682 0.858660
vt 0.034128 0.873603
vt 0.034360 0.873058
vt 0.039792 0.874149
vt 0.039668 0.874715
vt 0.732496 0.914446
vt 0.733035 0.914326
vt 0.733592 0.919983
vt 0.733042 0.919992
vt 0.024213 0.868262
vt 0.024639 0.867822
vt 0.029244 0.870922
vt 0.028909 0.871424
vt 0.901210 0.778161
vt 0.906499 0.778367
vt 0.017081 0.859511
vt 0.017646 0.859242
vt 0.020723 0.863878
vt 0.020219 0.864240
vt 0.890119 0.778127
vt 0.895678 0.778079
vt 0.013818 0.848681
vt 0.014446 0.848623
vt 0.015527 0.854091
vt 0.014919 0.854258
vt 0.879760 0.778594
vt 0.884744 0.778300
vt 0.014919 0.837421
vt 0.015527 0.837582
vt 0.014446 0.843049
vt 0.013818 0.842996
vt 0.276252 0.892253
vt 0.276826 0.892183
vt 0.276826 0.897866
vt 0.276252 0.897825
vt 0.017646 0.832434
vt 0.017081 0.832170
vt 0.178553 0.944714
vt 0.028909 0.820271
vt 0.029244 0.820767
vt 0.162131 0.944637
vt 0.050856 0.818109
vt 0.050762 0.818647
vt 0.045330 0.817557
vt 0.045316 0.816997
vt 0.552484 0.918357
vt 0.551913 0.918458
vt 0.551356 0.912801
vt 0.551937 0.912810
vt 0.340698 0.916880
vt 0.554101 0.923690
vt 0.553563 0.923897
vt 0.400299 0.929854
vt 0.400782 0.929754
vt 0.405005 0.858511
vt 0.733035 0.925640
vt 0.732496 0.925539
vt 0.911345 0.778692
vt 0.275717 0.903440
vt 0.275165 0.903290
vt 0.275165 0.886787
vt 0.275717 0.886608
vt 0.156790 0.944709
vt 0.221759 0.961235
vt 0.225137 0.961235
vt 0.225130 0.963633
vt 0.221752 0.963633
vt 0.225134 0.966342
vt 0.221757 0.966341
vt 0.979438 0.559949
vt 0.979438 0.556577
vt 0.982379 0.556597
vt 0.982379 0.559970
vt 0.968602 0.356238
vt 0.965247 0.356238
vt 0.965465 0.353922
vt 0.968819 0.353922
vt 0.949237 0.596069
vt 0.946670 0.594586
vt 0.946670 0.591622
vt 0.949237 0.590141
vt 0.951803 0.591624
vt 0.951803 0.594588
vt 0.965338 0.351162
vt 0.968692 0.351162
vt 0.985050 0.080959
vt 0.985050 0.084333
vt 0.982110 0.084316
vt 0.982110 0.080942
vt 0.855140 0.971165
vt 0.858518 0.971165
vt 0.858514 0.973958
vt 0.855136 0.973958
vt 0.858521 0.976216
vt 0.855143 0.976216
vt 0.977834 0.628854
vt 0.977834 0.625482
vt 0.980761 0.625455
vt 0.980761 0.628828
vt 0.957616 0.888851
vt 0.954262 0.888798
vt 0.954438 0.886056
vt 0.957792 0.886110
vt 0.949341 0.082423
vt 0.951908 0.080942
vt 0.954476 0.082425
vt 0.954476 0.085388
vt 0.951908 0.086869
vt 0.949341 0.085386
vt 0.954262 0.883709
vt 0.957616 0.883763
vt 0.982320 0.167334
vt 0.982320 0.170709
vt 0.979392 0.170730
vt 0.979392 0.167355
vt 0.980584 0.201770
vt 0.980584 0.205145
vt 0.977678 0.205171
vt 0.977678 0.201797
vt 0.116122 0.972349
vt 0.119500 0.972349
vt 0.119497 0.975180
vt 0.116119 0.975180
vt 0.119504 0.977357
vt 0.116126 0.977357
vt 0.977090 0.775292
vt 0.977090 0.771920
vt 0.979994 0.771887
vt 0.979994 0.775259
vt 0.951908 0.053307
vt 0.949341 0.051824
vt 0.949341 0.048861
vt 0.951908 0.047380
vt 0.954475 0.048863
vt 0.954475 0.051826
vt 0.585197 0.975895
vt 0.581843 0.975895
vt 0.581961 0.973106
vt 0.585315 0.973106
vt 0.581736 0.970840
vt 0.585090 0.970840
vt 0.954930 0.481589
vt 0.958304 0.481596
vt 0.958371 0.484099
vt 0.954997 0.484092
vt 0.667051 0.982748
vt 0.667050 0.986126
vt 0.664092 0.986126
vt 0.664093 0.982749
vt 0.957635 0.921624
vt 0.954262 0.921616
vt 0.954346 0.918984
vt 0.957718 0.918992
vt 0.954262 0.916486
vt 0.957635 0.916495
vt 0.339796 0.948124
vt 0.342363 0.949607
vt 0.342363 0.952571
vt 0.339796 0.954052
vt 0.337230 0.952569
vt 0.337230 0.949605
vt 0.697650 0.982748
vt 0.697650 0.986102
vt 0.694686 0.986109
vt 0.694686 0.982755
vt 0.954997 0.478962
vt 0.958371 0.478969
vt 0.957222 0.982032
vt 0.957222 0.985406
vt 0.954262 0.985414
vt 0.954262 0.982040
vt 0.901045 0.958525
vt 0.904422 0.958525
vt 0.904417 0.961206
vt 0.901040 0.961205
vt 0.904423 0.963643
vt 0.901046 0.963642
vt 0.369998 0.985187
vt 0.369998 0.981814
vt 0.372957 0.981804
vt 0.372957 0.985176
vt 0.949341 0.015300
vt 0.951908 0.013817
vt 0.954475 0.015298
vt 0.954475 0.018262
vt 0.951908 0.019745
vt 0.949341 0.018264
vt 0.957616 0.846824
vt 0.954262 0.846809
vt 0.954437 0.844190
vt 0.957791 0.844205
vt 0.954262 0.841678
vt 0.957617 0.841692
vt 0.252778 0.961235
vt 0.256156 0.961235
vt 0.256149 0.963633
vt 0.252772 0.963633
vt 0.256154 0.966342
vt 0.252776 0.966341
vt 0.979438 0.596049
vt 0.979438 0.592676
vt 0.982379 0.592697
vt 0.982379 0.596069
vt 0.968602 0.323527
vt 0.965247 0.323527
vt 0.965465 0.321211
vt 0.968819 0.321211
vt 0.951009 0.693832
vt 0.953577 0.692350
vt 0.956144 0.693832
vt 0.956144 0.696795
vt 0.953577 0.698277
vt 0.951009 0.696795
vt 0.965338 0.318450
vt 0.968692 0.318450
vt 0.985050 0.013835
vt 0.985050 0.017209
vt 0.982110 0.017192
vt 0.982110 0.013817
vt 0.553926 0.951571
vt 0.554101 0.953983
vt 0.550747 0.953945
vt 0.550572 0.951532
vt 0.553926 0.956681
vt 0.550572 0.956643
vt 0.016760 0.983755
vt 0.013818 0.983775
vt 0.013818 0.980403
vt 0.016760 0.980383
vt 0.767965 0.974032
vt 0.767958 0.971703
vt 0.771336 0.971703
vt 0.771343 0.974032
vt 0.954476 0.134404
vt 0.951908 0.135885
vt 0.949341 0.134402
vt 0.949341 0.131439
vt 0.951908 0.129958
vt 0.954476 0.131440
vt 0.767963 0.968950
vt 0.771340 0.968950
vt 0.982111 0.114520
vt 0.985054 0.114504
vt 0.985054 0.117878
vt 0.982111 0.117894
vt 0.616417 0.970840
vt 0.616532 0.973639
vt 0.613178 0.973639
vt 0.613063 0.970840
vt 0.616304 0.975884
vt 0.612950 0.975884
vt 0.980605 0.241504
vt 0.977679 0.241477
vt 0.977679 0.238105
vt 0.980605 0.238132
vt 0.426626 0.973786
vt 0.426622 0.971034
vt 0.430000 0.971035
vt 0.430004 0.973786
vt 0.309594 0.949605
vt 0.309594 0.952569
vt 0.307028 0.954052
vt 0.304461 0.952571
vt 0.304461 0.949607
vt 0.307028 0.948124
vt 0.426629 0.968703
vt 0.430007 0.968704
vt 0.978725 0.283669
vt 0.981649 0.283691
vt 0.981649 0.287065
vt 0.978725 0.287043
vt 0.977178 0.738624
vt 0.980079 0.738652
vt 0.980079 0.742026
vt 0.977178 0.741998
vt 0.150630 0.972349
vt 0.150731 0.975186
vt 0.147377 0.975186
vt 0.147276 0.972349
vt 0.150493 0.977349
vt 0.147139 0.977349
vt 0.188152 0.975755
vt 0.185249 0.975721
vt 0.185249 0.972349
vt 0.188152 0.972382
vt 0.016384 0.952747
vt 0.013818 0.951266
vt 0.013818 0.948302
vt 0.016384 0.946819
vt 0.018951 0.948300
vt 0.018951 0.951264
vt 0.078494 0.977397
vt 0.078491 0.974602
vt 0.081868 0.974602
vt 0.081872 0.977397
vt 0.078498 0.972349
vt 0.081876 0.972349
vt 0.954930 0.514230
vt 0.954997 0.511742
vt 0.958371 0.511734
vt 0.958304 0.514222
vt 0.983161 0.403547
vt 0.986118 0.403572
vt 0.986118 0.406926
vt 0.983161 0.406901
vt 0.957635 0.949259
vt 0.957718 0.951894
vt 0.954345 0.951903
vt 0.954262 0.949268
vt 0.957635 0.954388
vt 0.954262 0.954397
vt 0.949237 0.562506
vt 0.946670 0.561024
vt 0.946670 0.558059
vt 0.949237 0.556577
vt 0.951803 0.558058
vt 0.951803 0.561023
vt 0.983161 0.441662
vt 0.986125 0.441662
vt 0.986125 0.445040
vt 0.983161 0.445039
vt 0.954997 0.516870
vt 0.958371 0.516862
vt 0.339405 0.981687
vt 0.342363 0.981696
vt 0.342363 0.985070
vt 0.339405 0.985061
vt 0.950024 0.623704
vt 0.950199 0.626392
vt 0.946845 0.626427
vt 0.946670 0.623740
vt 0.950024 0.628819
vt 0.946670 0.628854
vt 0.307420 0.985070
vt 0.304461 0.985059
vt 0.304461 0.981687
vt 0.307420 0.981697
vt 0.956144 0.658746
vt 0.956144 0.661709
vt 0.953577 0.663190
vt 0.951009 0.661708
vt 0.951009 0.658745
vt 0.953577 0.657263
vt 0.732501 0.958405
vt 0.732496 0.955776
vt 0.735874 0.955776
vt 0.735879 0.958405
vt 0.732502 0.953275
vt 0.735880 0.953275
vt 0.957616 0.808933
vt 0.957792 0.811345
vt 0.954438 0.811306
vt 0.954262 0.808894
vt 0.957616 0.814043
vt 0.954262 0.814004
vt 0.048852 0.983879
vt 0.045910 0.983900
vt 0.045910 0.980527
vt 0.048852 0.980507
vt 0.805580 0.974032
vt 0.805574 0.971703
vt 0.808951 0.971703
vt 0.808958 0.974032
vt 0.948524 0.289598
vt 0.945958 0.288115
vt 0.945958 0.285151
vt 0.948524 0.283669
vt 0.951090 0.285151
vt 0.951090 0.288116
vt 0.805578 0.968950
vt 0.808955 0.968950
vt 0.982110 0.049933
vt 0.985054 0.049917
vt 0.985054 0.053291
vt 0.982110 0.053307
vt 0.483472 0.927627
vt 0.485703 0.924287
vt 0.488542 0.921446
vt 0.491881 0.919214
vt 0.495591 0.917677
vt 0.499529 0.916893
vt 0.503544 0.916893
vt 0.507483 0.917677
vt 0.511192 0.919214
vt 0.514531 0.921446
vt 0.517370 0.924287
vt 0.519601 0.927627
vt 0.521137 0.931338
vt 0.521920 0.935278
vt 0.521920 0.939295
vt 0.521137 0.943235
vt 0.519600 0.946947
vt 0.517369 0.950287
vt 0.514530 0.953127
vt 0.511191 0.955359
vt 0.507481 0.956897
vt 0.503543 0.957680
vt 0.499527 0.957680
vt 0.495589 0.956897
vt 0.491879 0.955359
vt 0.488541 0.953127
vt 0.485702 0.950287
vt 0.483471 0.946947
vt 0.481934 0.943235
vt 0.481151 0.939295
vt 0.481151 0.935278
vt 0.481935 0.931338
vt 0.664092 0.932712
vt 0.664876 0.928772
vt 0.666412 0.925060
vt 0.668643 0.921720
vt 0.671483 0.918879
vt 0.674821 0.916647
vt 0.678531 0.915110
vt 0.682469 0.914326
vt 0.686485 0.914326
vt 0.690423 0.915110
vt 0.694133 0.916647
vt 0.697471 0.918878
vt 0.700311 0.921719
vt 0.702541 0.925059
vt 0.704078 0.928770
vt 0.704861 0.932710
vt 0.704861 0.936727
vt 0.704078 0.940667
vt 0.702541 0.944379
vt 0.700310 0.947719
vt 0.697471 0.950560
vt 0.694133 0.952792
vt 0.690423 0.954329
vt 0.686485 0.955113
vt 0.682469 0.955113
vt 0.678531 0.954330
vt 0.674821 0.952793
vt 0.671483 0.950561
vt 0.668643 0.947720
vt 0.666412 0.944380
vt 0.664876 0.940669
vt 0.664092 0.936729
s 1
usemtl House
f 232/1/1 230/2/2 38/3/3 36/4/4
f 222/5/5 224/6/6 90/7/7 87/8/8
f 236/9/9 181/10/9 39/11/10 229/12/9
f 184/13/11 186/14/11 50/15/12 46/16/13
f 228/17/14 183/18/14 45/19/15 221/20/14
f 58/21/16 120/22/17 121/23/18 56/24/19
f 206/25/9 207/26/9 93/27/9 91/28/9
f 207/26/9 208/29/9 95/30/9 93/27/9
f 208/29/9 209/31/9 97/32/9 95/30/9
f 209/31/9 210/33/9 99/34/9 97/32/9
f 210/33/9 211/35/9 101/36/9 99/34/9
f 211/35/9 212/37/9 103/38/9 101/36/9
f 212/37/9 213/39/9 105/40/9 103/38/9
f 213/39/9 214/41/9 107/42/9 105/40/9
f 214/41/9 215/43/9 109/44/9 107/42/9
f 215/43/9 216/45/9 111/46/9 109/44/9
f 216/45/9 217/47/9 113/48/9 111/46/9
f 217/47/9 218/49/9 115/50/9 113/48/9
f 218/49/9 219/51/9 117/52/9 115/50/9
f 219/51/9 220/53/9 119/54/20 117/52/9
f 220/53/9 188/55/20 122/56/20 119/54/20
f 180/57/21 182/58/21 43/59/21 42/60/21
f 60/61/22 118/62/23 120/22/17 58/21/16
f 62/63/24 116/64/25 118/62/23 60/61/22
f 64/65/26 114/66/27 116/64/25 62/63/24
f 66/67/28 112/68/29 114/66/27 64/65/26
f 68/69/30 110/70/31 112/68/29 66/67/28
f 70/71/32 108/72/33 110/70/31 68/69/30
f 72/73/34 106/74/34 108/72/33 70/71/32
f 74/75/35 104/76/36 106/74/34 72/73/34
f 76/77/37 102/78/38 104/76/36 74/75/35
f 78/79/39 100/80/40 102/78/38 76/77/37
f 80/81/41 98/82/42 100/80/40 78/79/39
f 82/83/43 96/84/44 98/82/42 80/81/41
f 84/85/45 94/86/46 96/84/44 82/83/43
f 86/87/47 92/88/48 94/86/46 84/85/45
f 87/8/8 90/7/7 92/88/48 86/87/47
f 190/89/9 206/25/9 91/28/9 89/90/9
f 227/91/9 190/89/9 89/90/9 223/92/9
f 205/93/14 189/94/14 88/95/14 85/96/14
f 204/97/14 205/93/14 85/96/14 83/98/14
f 203/99/14 204/97/14 83/98/14 81/100/14
f 202/101/14 203/99/14 81/100/14 79/102/14
f 201/103/14 202/101/14 79/102/14 77/104/14
f 200/105/14 201/103/14 77/104/14 75/106/14
f 199/107/14 200/105/14 75/106/14 73/108/14
f 198/109/14 199/107/14 73/108/14 71/110/14
f 197/111/14 198/109/14 71/110/14 69/112/14
f 196/113/14 197/111/14 69/112/14 67/114/14
f 195/115/14 196/113/14 67/114/14 65/116/14
f 194/117/14 195/115/14 65/116/14 63/118/14
f 193/119/14 194/117/14 63/118/14 61/120/14
f 192/121/14 193/119/14 61/120/14 59/122/14
f 191/123/14 192/121/14 59/122/14 57/124/14
f 187/125/14 191/123/14 57/124/14 55/126/14
f 35/127/49 36/128/50 37/129/51
f 38/130/3 39/131/52 40/132/53
f 45/133/54 46/16/55 47/134/56
f 48/135/57 49/136/58 50/15/12
f 179/137/59 35/127/49 37/129/51 180/57/59
f 36/128/4 38/130/3 40/132/53 37/129/60
f 181/10/61 44/138/62 43/139/62 182/140/61
f 183/141/63 52/142/64 51/143/64 184/13/63
f 185/144/65 48/145/57 50/146/12 186/147/65
f 49/136/58 47/134/66 46/16/13 50/15/12
f 221/20/67 45/19/54 47/148/56 222/149/68
f 229/12/69 39/11/52 38/150/3 230/151/69
f 231/152/70 55/126/71 56/153/72 232/154/73
f 55/126/71 57/124/74 58/155/75 56/153/72
f 57/124/74 59/122/76 60/156/77 58/155/75
f 59/122/76 61/120/78 62/157/79 60/156/77
f 61/120/78 63/118/80 64/158/81 62/157/79
f 63/118/80 65/116/82 66/159/83 64/158/81
f 65/116/82 67/114/84 68/160/85 66/159/83
f 67/114/84 69/112/86 70/161/87 68/160/85
f 69/112/86 71/110/88 72/162/88 70/161/87
f 71/110/88 73/108/89 74/163/90 72/162/88
f 73/108/89 75/106/91 76/164/92 74/163/90
f 75/106/91 77/104/93 78/165/94 76/164/92
f 77/104/93 79/102/95 80/166/96 78/165/94
f 79/102/95 81/100/97 82/167/98 80/166/96
f 81/100/97 83/98/99 84/168/100 82/167/98
f 83/98/99 85/96/101 86/169/102 84/168/100
f 85/96/101 88/95/103 87/170/104 86/169/102
f 223/92/105 89/90/106 90/171/107 224/172/105
f 89/90/106 91/28/108 92/173/109 90/171/107
f 91/28/108 93/27/110 94/174/111 92/173/109
f 93/27/110 95/30/112 96/175/113 94/174/111
f 95/30/112 97/32/114 98/176/115 96/175/113
f 97/32/114 99/34/116 100/177/117 98/176/115
f 99/34/116 101/36/118 102/178/119 100/177/117
f 101/36/118 103/38/120 104/179/121 102/178/119
f 103/38/120 105/40/122 106/180/122 104/179/121
f 105/40/122 107/42/123 108/181/124 106/180/122
f 107/42/123 109/44/125 110/182/126 108/181/124
f 109/44/125 111/46/127 112/183/128 110/182/126
f 111/46/127 113/48/129 114/184/130 112/183/128
f 113/48/129 115/50/131 116/185/132 114/184/130
f 115/50/131 117/52/133 118/186/134 116/185/132
f 117/52/133 119/54/135 120/187/136 118/186/134
f 119/54/135 122/56/137 121/188/138 120/187/136
f 235/189/14 187/125/14 55/126/14 231/152/14
f 139/190/139 141/191/139 136/192/139 132/193/139
f 140/194/9 129/195/9 126/196/9 134/197/9
f 133/198/140 135/199/140 125/200/140 124/201/140
f 127/202/141 130/203/141 142/204/141 138/205/141
f 131/206/142 132/207/142 133/198/142
f 134/208/143 135/199/144 136/209/145
f 137/210/146 138/211/146 139/190/146
f 140/212/147 141/213/148 142/204/149
f 137/214/150 128/215/150 127/216/150 138/217/150
f 129/218/151 140/212/151 142/204/151 130/203/151
f 141/213/148 139/219/152 138/205/152 142/204/149
f 131/220/153 137/210/153 139/190/153 132/193/153
f 140/194/154 134/197/154 136/221/154 141/222/154
f 135/199/144 133/198/155 132/207/155 136/209/145
f 123/223/156 131/224/156 133/225/156 124/226/156
f 134/208/157 126/227/157 125/200/157 135/199/157
f 128/215/14 137/214/14 131/224/14 123/223/14
f 159/228/158 152/229/158 156/230/158 161/231/158
f 160/232/9 154/233/9 146/234/9 149/235/9
f 153/236/140 144/237/140 145/238/140 155/239/140
f 147/240/141 158/241/141 162/242/141 150/243/141
f 151/244/159 153/245/159 152/229/159
f 154/246/160 156/247/161 155/239/162
f 157/248/163 159/249/163 158/241/163
f 160/250/164 162/242/165 161/251/166
f 157/252/150 158/253/150 147/254/150 148/255/150
f 149/256/151 150/243/151 162/242/151 160/250/151
f 161/251/166 162/242/165 158/241/167 159/249/167
f 151/244/168 152/229/168 159/228/168 157/257/168
f 160/232/169 161/258/169 156/259/169 154/233/169
f 155/260/162 156/230/161 152/229/170 153/245/170
f 143/261/156 144/262/156 153/263/156 151/264/156
f 154/246/157 155/239/157 145/238/157 146/265/157
f 148/255/14 143/261/14 151/264/14 157/252/14
f 173/266/171 174/267/171 166/268/171 164/269/171
f 177/270/172 178/271/172 175/272/172 172/273/172
f 165/274/173 167/275/173 170/276/173 169/277/173
f 163/278/174 164/279/174 165/274/174
f 171/280/175 172/273/175 173/281/175
f 168/282/176 163/278/176 165/274/176 169/277/176
f 164/279/177 166/283/177 167/275/177 165/274/177
f 171/280/178 176/284/178 177/270/178 172/273/178
f 174/285/179 173/281/179 172/273/179 175/272/179
f 163/286/180 171/287/180 173/266/180 164/269/180
f 168/288/14 176/289/14 171/290/14 163/291/14
f 233/292/181 17/293/14 187/125/14 235/189/14
f 53/294/182 185/144/65 186/147/65 54/295/182
f 45/133/54 183/141/63 184/13/63 46/16/55
f 39/11/52 181/10/61 182/140/61 40/296/53
f 41/297/183 179/137/59 180/57/59 42/60/183
f 17/293/14 16/298/14 191/123/14 187/125/14
f 16/298/14 15/299/14 192/121/14 191/123/14
f 15/299/14 14/300/14 193/119/14 192/121/14
f 14/300/14 13/301/14 194/117/14 193/119/14
f 13/301/14 12/302/14 195/115/14 194/117/14
f 12/302/14 11/303/14 196/113/14 195/115/14
f 11/303/14 10/304/14 197/111/14 196/113/14
f 10/304/14 9/305/14 198/109/14 197/111/14
f 9/305/14 8/306/14 199/107/14 198/109/14
f 8/306/14 7/307/14 200/105/14 199/107/14
f 7/307/14 6/308/14 201/103/14 200/105/14
f 6/308/14 5/309/14 202/101/14 201/103/14
f 5/309/14 4/310/14 203/99/14 202/101/14
f 4/310/14 3/311/14 204/97/14 203/99/14
f 3/311/14 2/312/14 205/93/14 204/97/14
f 2/312/14 1/313/14 189/94/14 205/93/14
f 226/314/184 34/315/9 190/89/9 227/91/9
f 34/315/9 33/316/9 206/25/9 190/89/9
f 37/129/60 40/132/53 182/58/21 180/57/21
f 19/317/9 18/318/9 188/55/20 220/53/9
f 20/319/9 19/317/9 220/53/9 219/51/9
f 21/320/9 20/319/9 219/51/9 218/49/9
f 22/321/9 21/320/9 218/49/9 217/47/9
f 23/322/9 22/321/9 217/47/9 216/45/9
f 24/323/9 23/322/9 216/45/9 215/43/9
f 25/324/9 24/323/9 215/43/9 214/41/9
f 26/325/9 25/324/9 214/41/9 213/39/9
f 27/326/9 26/325/9 213/39/9 212/37/9
f 28/327/9 27/326/9 212/37/9 211/35/9
f 29/328/9 28/327/9 211/35/9 210/33/9
f 30/329/9 29/328/9 210/33/9 209/31/9
f 31/330/9 30/329/9 209/31/9 208/29/9
f 32/331/184 31/330/9 208/29/9 207/26/9
f 33/316/9 32/331/184 207/26/9 206/25/9
f 225/332/185 52/333/185 183/18/14 228/17/14
f 51/143/11 54/334/11 186/14/11 184/13/11
f 234/335/20 44/138/20 181/10/9 236/9/9
f 1/313/14 225/332/185 228/17/14 189/94/14
f 53/294/184 226/314/184 227/91/9 185/144/184
f 48/145/57 223/92/105 224/172/105 49/336/58
f 88/95/103 221/20/67 222/149/68 87/170/104
f 185/144/184 227/91/9 223/92/9 48/145/9
f 189/94/14 228/17/14 221/20/14 88/95/14
f 47/337/66 49/338/58 224/6/6 222/5/5
f 18/318/9 234/335/20 236/9/9 188/55/20
f 41/339/181 233/292/181 235/189/14 179/340/14
f 179/340/14 235/189/14 231/152/14 35/341/185
f 35/341/49 231/152/70 232/154/73 36/342/50
f 122/56/137 229/12/69 230/151/69 121/188/138
f 188/55/20 236/9/9 229/12/9 122/56/20
f 56/24/19 121/23/18 230/2/2 232/1/1
f 492/343/186 363/344/187 367/345/188 493/346/189
f 491/347/190 425/348/191 364/349/192 490/350/192
f 494/351/193 369/352/194 371/353/195 495/354/196
f 495/355/196 371/356/195 373/357/197 496/358/198
f 496/358/198 373/357/197 375/359/199 497/360/200
f 497/360/200 375/359/199 377/361/201 498/362/202
f 498/362/202 377/361/201 379/363/203 499/364/203
f 499/364/203 379/363/203 381/365/204 500/366/205
f 500/366/205 381/365/204 383/367/206 501/368/207
f 501/368/207 383/367/206 385/369/208 502/370/209
f 502/370/209 385/369/208 387/371/210 503/372/211
f 503/373/211 387/374/210 389/375/212 504/376/213
f 504/376/213 389/375/212 391/377/214 505/378/215
f 632/379/216 626/380/217 393/381/218 506/382/219
f 506/382/219 393/381/218 395/383/220 507/384/220
f 507/384/220 395/383/220 397/385/221 508/386/222
f 622/387/223 616/388/224 399/389/225 509/390/226
f 509/390/226 399/389/225 401/391/227 510/392/228
f 510/392/228 401/391/227 403/393/229 511/394/230
f 511/395/230 403/396/229 405/397/231 512/398/232
f 512/398/232 405/397/231 407/399/233 513/400/234
f 513/400/234 407/399/233 409/401/235 514/402/236
f 514/402/236 409/401/235 411/403/237 515/404/237
f 515/404/237 411/403/237 413/405/238 516/406/239
f 516/406/239 413/405/238 415/407/240 517/408/241
f 517/408/241 415/407/240 417/409/242 518/410/243
f 518/410/243 417/409/242 419/411/244 519/412/245
f 519/413/245 419/414/244 421/415/246 520/416/247
f 520/416/247 421/415/246 423/417/248 521/418/249
f 521/418/249 423/417/248 425/348/191 491/347/190
f 306/419/250 304/420/251 269/421/251 270/422/250
f 493/346/189 367/345/188 369/352/194 494/351/193
f 451/423/14 450/424/14 841/425/14 843/426/14
f 299/427/252 360/428/253 297/429/253 266/430/252
f 303/431/9 305/432/9 368/433/9 366/434/9
f 304/420/251 302/435/254 268/436/254 269/421/251
f 308/437/255 306/438/250 270/439/250 271/440/255
f 310/441/256 308/437/255 271/440/255 272/442/256
f 312/443/257 310/441/256 272/442/256 273/444/257
f 314/445/258 312/443/257 273/444/257 274/446/258
f 316/447/259 314/445/258 274/446/258 275/448/259
f 318/449/260 316/447/259 275/448/259 276/450/260
f 320/451/261 318/449/260 276/450/260 277/452/261
f 322/453/262 320/451/261 277/452/261 278/454/262
f 324/455/263 322/456/262 278/457/262 279/458/263
f 326/459/264 324/455/263 279/458/263 280/460/264
f 629/461/265 326/459/264 280/460/264 625/462/265
f 330/463/266 328/464/267 281/465/267 282/466/266
f 332/467/268 330/463/266 282/466/266 283/468/268
f 619/469/269 332/467/268 283/468/268 615/470/269
f 336/471/270 334/472/271 284/473/271 285/474/270
f 338/475/272 336/471/270 285/474/270 286/476/272
f 340/477/273 338/478/272 286/479/272 287/480/273
f 342/481/274 340/477/273 287/480/273 288/482/274
f 344/483/275 342/481/274 288/482/274 289/484/275
f 346/485/276 344/483/275 289/484/275 290/486/276
f 348/487/277 346/485/276 290/486/276 291/488/277
f 350/489/278 348/487/277 291/488/277 292/490/278
f 352/491/279 350/489/278 292/490/278 293/492/279
f 354/493/280 352/491/279 293/492/279 294/494/280
f 356/495/281 354/496/280 294/497/280 295/498/281
f 358/499/282 356/495/281 295/498/281 296/500/282
f 360/428/253 358/499/282 296/500/282 297/429/253
f 490/350/192 364/349/192 363/344/187 492/343/186
f 302/435/254 300/501/283 267/502/283 268/436/254
f 267/503/9 266/504/9 297/505/9 296/506/9 295/507/9 294/508/9 293/509/9 292/510/9 291/511/9 290/512/9 289/513/9 288/514/9 287/515/9 286/516/9 285/517/9 284/518/9 615/519/9 283/520/9 282/521/9 281/522/9 625/523/9 280/524/9 279/525/9 278/526/9 277/527/9 276/528/9 275/529/9 274/530/9 273/531/9 272/532/9 271/533/9 270/534/9 269/535/9 268/536/9
f 357/537/9 359/538/9 422/539/9 420/540/9
f 331/541/9 333/542/9 396/543/9 394/544/9
f 305/432/9 307/545/9 370/546/9 368/433/9
f 359/538/9 361/547/9 424/548/9 422/539/9
f 618/549/9 335/550/9 398/551/9 617/552/9
f 307/545/9 309/553/9 372/554/9 370/546/9
f 361/547/9 298/555/9 365/556/9 424/548/9
f 335/550/9 337/557/9 400/558/9 398/551/9
f 309/553/9 311/559/9 374/560/9 372/554/9
f 337/557/9 339/561/9 402/562/9 400/558/9
f 311/559/9 313/563/9 376/564/9 374/560/9
f 339/561/9 341/565/9 404/566/9 402/562/9
f 313/563/9 315/567/9 378/568/9 376/564/9
f 341/565/9 343/569/9 406/570/9 404/566/9
f 315/567/9 317/571/9 380/572/9 378/568/9
f 343/569/9 345/573/9 408/574/9 406/570/9
f 317/571/9 319/575/9 382/576/9 380/572/9
f 345/573/9 347/577/9 410/578/9 408/574/9
f 319/575/9 321/579/9 384/580/9 382/576/9
f 347/577/9 349/581/9 412/582/9 410/578/9
f 321/579/9 323/583/9 386/584/9 384/580/9
f 349/581/9 351/585/9 414/586/9 412/582/9
f 323/583/9 325/587/9 388/588/9 386/584/9
f 351/585/9 353/589/9 416/590/9 414/586/9
f 325/587/9 327/591/9 390/592/9 388/588/9
f 298/555/9 301/593/9 362/594/9 365/556/9
f 353/589/9 355/595/9 418/596/9 416/590/9
f 628/597/9 329/598/9 392/599/9 627/600/9
f 301/593/9 303/431/9 366/434/9 362/594/9
f 355/595/9 357/537/9 420/540/9 418/596/9
f 329/598/9 331/541/9 394/544/9 392/599/9
f 363/344/284 364/349/285 365/601/285 362/602/286
f 367/603/287 363/604/284 362/594/286 366/434/288
f 369/605/289 367/603/287 366/434/288 368/433/290
f 371/606/291 369/605/289 368/433/290 370/546/292
f 373/607/293 371/606/291 370/546/292 372/554/294
f 375/608/295 373/607/293 372/554/294 374/560/296
f 377/609/297 375/608/295 374/560/296 376/564/298
f 379/610/299 377/609/297 376/564/298 378/568/299
f 381/611/300 379/610/299 378/568/299 380/572/301
f 383/612/302 381/611/300 380/572/301 382/576/303
f 385/613/304 383/612/302 382/576/303 384/580/305
f 387/614/306 385/613/304 384/580/305 386/584/307
f 389/615/308 387/614/306 386/584/307 388/588/309
f 391/616/310 389/615/308 388/588/309 390/592/311
f 626/617/312 391/616/310 390/592/311 627/600/312
f 395/618/313 393/619/314 392/599/315 394/544/313
f 397/620/316 395/618/313 394/544/313 396/543/317
f 616/621/318 397/620/316 396/543/317 617/552/318
f 401/622/319 399/623/320 398/551/321 400/558/322
f 403/624/323 401/622/319 400/558/322 402/562/324
f 405/625/325 403/624/323 402/562/324 404/566/326
f 407/626/327 405/625/325 404/566/326 406/570/328
f 409/627/329 407/626/327 406/570/328 408/574/330
f 411/628/331 409/627/329 408/574/330 410/578/331
f 413/629/332 411/628/331 410/578/331 412/582/333
f 415/630/334 413/629/332 412/582/333 414/586/335
f 417/631/336 415/630/334 414/586/335 416/590/337
f 419/632/338 417/631/336 416/590/337 418/596/339
f 421/633/340 419/632/338 418/596/339 420/540/341
f 423/634/342 421/633/340 420/540/341 422/539/343
f 425/348/344 423/417/342 422/635/343 424/636/345
f 364/349/285 425/348/344 424/636/345 365/601/285
f 301/593/346 298/555/347 299/637/347 300/638/348
f 303/431/349 301/593/346 300/638/348 302/639/350
f 305/432/351 303/431/349 302/639/350 304/640/352
f 307/545/353 305/432/351 304/640/352 306/641/354
f 309/553/355 307/545/353 306/641/354 308/642/356
f 311/559/357 309/553/355 308/642/356 310/643/358
f 313/644/359 311/645/357 310/441/358 312/443/360
f 315/646/361 313/644/359 312/443/360 314/445/361
f 317/647/362 315/646/361 314/445/361 316/447/363
f 319/575/364 317/571/362 316/648/363 318/649/365
f 321/579/366 319/575/364 318/649/365 320/650/367
f 323/583/368 321/579/366 320/650/367 322/651/369
f 325/587/370 323/583/368 322/651/369 324/652/371
f 327/653/372 325/654/370 324/455/371 326/459/373
f 628/655/374 327/653/372 326/459/373 629/461/374
f 331/656/375 329/657/376 328/464/377 330/463/375
f 333/658/378 331/656/375 330/463/375 332/467/379
f 618/659/380 333/658/378 332/467/379 619/469/380
f 337/557/381 335/550/382 334/660/383 336/661/384
f 339/561/385 337/557/381 336/661/384 338/662/386
f 341/565/387 339/561/385 338/662/386 340/663/388
f 343/569/389 341/565/387 340/663/388 342/664/390
f 345/573/391 343/569/389 342/664/390 344/665/392
f 347/666/393 345/667/391 344/483/392 346/485/393
f 349/668/394 347/666/393 346/485/393 348/487/395
f 351/585/396 349/581/394 348/669/395 350/670/397
f 353/589/398 351/585/396 350/670/397 352/671/399
f 355/595/400 353/589/398 352/671/399 354/672/401
f 357/537/402 355/595/400 354/672/401 356/673/403
f 359/538/404 357/537/402 356/673/403 358/674/405
f 361/547/406 359/538/404 358/674/405 360/675/407
f 298/555/347 361/547/406 360/675/407 299/637/347
f 300/501/283 299/427/252 266/430/252 267/502/283
f 426/676/14 427/677/14 428/678/14 429/679/14 430/680/14 431/681/14 432/682/14 433/683/14 434/684/14 435/685/14 436/686/14 437/687/14 438/688/14 439/689/14 440/690/14 630/691/14 441/692/14 442/693/14 443/694/14 620/695/14 444/696/14 445/697/14 446/698/14 447/699/14 448/700/14 449/701/14 450/424/14 451/423/14 452/702/14 453/703/14 454/704/14 455/705/14 456/706/14 457/707/14
f 438/688/14 437/687/14 815/708/14 817/709/14
f 452/702/14 451/423/14 843/426/14 845/710/14
f 439/689/14 438/688/14 817/709/14 819/711/14
f 453/703/14 452/702/14 845/710/14 847/712/14
f 440/690/14 439/689/14 819/711/14 821/713/14
f 454/704/14 453/703/14 847/712/14 849/714/14
f 251/715/408 678/716/409 859/717/410 820/718/411
f 426/676/14 457/707/14 855/719/14 792/720/14
f 455/705/14 454/704/14 849/714/14 851/721/14
f 660/722/412 657/723/413 636/724/414 637/725/415
f 429/679/14 428/678/14 797/726/14 799/727/14
f 456/706/14 455/705/14 851/721/14 853/728/14
f 442/693/14 441/692/14 823/729/14 825/730/14
f 430/680/14 429/679/14 799/727/14 801/731/14
f 457/707/14 456/706/14 853/728/14 855/719/14
f 675/732/416 663/733/417 638/734/418 642/735/419
f 431/681/14 430/680/14 801/731/14 803/736/14
f 748/737/420 675/738/421 642/739/422 747/740/423
f 432/682/14 431/681/14 803/736/14 805/741/14
f 237/742/424 238/743/425 794/744/426 793/745/266
f 444/696/14 620/695/14 856/746/14 829/747/14
f 433/683/14 432/682/14 805/741/14 807/748/14
f 447/699/14 446/698/14 833/749/14 835/750/14
f 434/684/14 433/683/14 807/748/14 809/751/14
f 448/700/14 447/699/14 835/750/14 837/752/14
f 435/685/14 434/684/14 809/751/14 811/753/14
f 449/701/14 448/700/14 837/752/14 839/754/14
f 436/686/14 435/685/14 811/753/14 813/755/14
f 450/424/14 449/701/14 839/754/14 841/425/14
f 437/687/14 436/686/14 813/755/14 815/708/14
f 265/756/427 237/742/424 793/745/266 854/757/428
f 238/743/425 239/758/429 796/759/430 794/744/426
f 239/758/429 240/760/431 798/761/432 796/759/430
f 240/760/431 241/762/433 800/763/434 798/761/432
f 241/764/433 242/765/435 802/766/436 800/767/434
f 242/765/435 243/768/437 804/769/438 802/766/436
f 243/768/437 244/770/439 806/771/440 804/769/438
f 244/770/439 245/772/441 808/773/276 806/771/440
f 245/772/441 246/774/442 810/775/443 808/773/276
f 246/774/442 247/776/444 812/777/445 810/775/443
f 247/776/444 248/778/446 814/779/447 812/777/445
f 248/778/446 249/780/448 816/781/449 814/779/447
f 249/782/448 250/783/450 818/784/451 816/785/449
f 250/783/450 251/715/408 820/718/411 818/784/451
f 441/692/14 630/691/14 858/786/14 823/729/14
f 661/787/452 664/788/453 826/789/454 824/790/252
f 620/695/14 443/694/14 827/791/14 856/746/14
f 664/788/453 676/792/455 857/793/456 826/789/454
f 252/794/457 253/795/458 830/796/459 828/797/460
f 253/795/458 254/798/461 832/799/462 830/796/459
f 254/800/461 255/801/463 834/802/464 832/803/462
f 255/801/463 256/804/465 836/805/466 834/802/464
f 256/804/465 257/806/467 838/807/468 836/805/466
f 257/806/467 258/808/469 840/809/258 838/807/468
f 258/808/469 259/810/470 842/811/471 840/809/258
f 259/810/470 260/812/472 844/813/473 842/811/471
f 260/812/472 261/814/474 846/815/475 844/813/473
f 261/816/474 262/817/476 848/818/477 846/819/475
f 262/817/476 263/820/478 850/821/479 848/818/477
f 263/820/478 264/822/480 852/823/481 850/821/479
f 264/822/480 265/756/427 854/757/428 852/823/481
f 428/678/14 427/677/14 795/824/14 797/726/14
f 613/825/482 458/826/483 459/827/484 586/828/485
f 587/829/486 460/830/487 462/831/488 588/832/489
f 612/833/490 489/834/491 461/835/492 614/836/493
f 611/837/494 488/838/495 489/834/491 612/833/490
f 610/839/496 487/840/497 488/838/495 611/837/494
f 609/841/498 486/842/499 487/840/497 610/839/496
f 608/843/500 485/844/501 486/845/499 609/846/498
f 607/847/502 484/848/503 485/844/501 608/843/500
f 606/849/504 483/850/504 484/848/503 607/847/502
f 605/851/505 482/852/506 483/850/504 606/849/504
f 604/853/507 481/854/508 482/852/506 605/851/505
f 603/855/509 480/856/510 481/854/508 604/853/507
f 602/857/511 479/858/512 480/856/510 603/855/509
f 601/859/513 478/860/514 479/861/512 602/862/511
f 600/863/515 477/864/516 478/860/514 601/859/513
f 681/865/517 711/866/518 644/867/519 600/863/515 779/868/520
f 670/869/521 673/870/522 641/871/523 640/872/524
f 666/873/525 670/869/521 640/872/524 639/874/526
f 778/875/527 599/876/528 645/877/529 712/878/530 700/879/531
f 598/880/532 472/881/533 473/882/534 599/876/528
f 597/883/535 471/884/536 472/881/533 598/880/532
f 596/885/537 470/886/538 471/887/536 597/888/535
f 595/889/539 469/890/540 470/886/538 596/885/537
f 594/891/541 468/892/542 469/890/540 595/889/539
f 593/893/543 467/894/543 468/892/542 594/891/541
f 592/895/544 466/896/545 467/894/543 593/893/543
f 591/897/546 465/898/547 466/896/545 592/895/544
f 590/899/548 464/900/549 465/898/547 591/897/546
f 589/901/550 463/902/551 464/900/549 590/899/548
f 588/832/489 462/831/488 463/903/551 589/904/550
f 614/836/493 461/835/492 458/826/483 613/825/482
f 586/828/485 459/827/484 460/830/487 587/829/486
f 583/905/192 490/350/192 492/343/186 522/906/552
f 524/907/553 493/346/189 494/351/193 526/908/554
f 580/909/555 521/418/249 491/347/190 585/910/556
f 578/911/557 520/416/247 521/418/249 580/909/555
f 576/912/558 519/413/245 520/416/247 578/911/557
f 574/913/559 518/410/243 519/412/245 576/914/558
f 572/915/560 517/408/241 518/410/243 574/913/559
f 570/916/561 516/406/239 517/408/241 572/915/560
f 568/917/237 515/404/237 516/406/239 570/916/561
f 566/918/562 514/402/236 515/404/237 568/917/237
f 564/919/563 513/400/234 514/402/236 566/918/562
f 562/920/564 512/398/232 513/400/234 564/919/563
f 560/921/565 511/395/230 512/398/232 562/920/564
f 558/922/566 510/392/228 511/394/230 560/923/565
f 556/924/567 509/390/226 510/392/228 558/922/566
f 624/925/568 622/387/223 509/390/226 556/924/567
f 552/926/569 507/384/220 508/386/222 554/927/570
f 550/928/571 506/382/219 507/384/220 552/926/569
f 634/929/572 632/379/216 506/382/219 550/928/571
f 546/930/573 504/376/213 505/378/215 548/931/574
f 544/932/575 503/373/211 504/376/213 546/930/573
f 542/933/576 502/370/209 503/372/211 544/934/575
f 540/935/577 501/368/207 502/370/209 542/933/576
f 538/936/578 500/366/205 501/368/207 540/935/577
f 536/937/203 499/364/203 500/366/205 538/936/578
f 534/938/579 498/362/202 499/364/203 536/937/203
f 532/939/580 497/360/200 498/362/202 534/938/579
f 530/940/581 496/358/198 497/360/200 532/939/580
f 528/941/582 495/355/196 496/358/198 530/940/581
f 526/908/554 494/351/193 495/354/196 528/942/582
f 585/910/556 491/347/190 490/350/192 583/905/192
f 522/906/552 492/343/186 493/346/189 524/907/553
f 459/827/484 523/943/583 525/944/584 460/830/487
f 523/943/583 522/906/552 524/907/553 525/944/584
f 461/835/492 584/945/585 582/946/586 458/826/483
f 584/945/585 585/910/556 583/905/192 582/946/586
f 462/831/488 527/947/587 529/948/588 463/903/551
f 527/947/587 526/908/554 528/942/582 529/948/588
f 463/902/551 529/949/588 531/950/589 464/900/549
f 529/949/588 528/941/582 530/940/581 531/950/589
f 464/900/549 531/950/589 533/951/590 465/898/547
f 531/950/589 530/940/581 532/939/580 533/951/590
f 465/898/547 533/951/590 535/952/591 466/896/545
f 533/951/590 532/939/580 534/938/579 535/952/591
f 466/896/545 535/952/591 537/953/203 467/894/543
f 535/952/591 534/938/579 536/937/203 537/953/203
f 467/894/543 537/953/203 539/954/592 468/892/542
f 537/953/203 536/937/203 538/936/578 539/954/592
f 468/892/542 539/954/592 541/955/593 469/890/540
f 539/954/592 538/936/578 540/935/577 541/955/593
f 469/890/540 541/955/593 543/956/594 470/886/538
f 541/955/593 540/935/577 542/933/576 543/956/594
f 470/886/538 543/956/594 545/957/595 471/887/536
f 543/956/594 542/933/576 544/934/575 545/957/595
f 471/884/536 545/958/595 547/959/596 472/881/533
f 545/958/595 544/932/575 546/930/573 547/959/596
f 472/881/533 547/959/596 549/960/597 473/882/534
f 547/959/596 546/930/573 548/931/574 549/960/597
f 631/961/598 633/962/599 551/963/600 474/964/601
f 633/962/599 634/929/572 550/928/571 551/963/600
f 474/964/601 551/963/600 553/965/220 475/966/602
f 551/963/600 550/928/571 552/926/569 553/965/220
f 475/966/602 553/965/220 555/967/603 476/968/604
f 553/965/220 552/926/569 554/927/570 555/967/603
f 621/969/605 623/970/606 557/971/607 477/864/516
f 623/970/606 624/925/568 556/924/567 557/971/607
f 477/864/516 557/971/607 559/972/608 478/860/514
f 557/971/607 556/924/567 558/922/566 559/972/608
f 478/860/514 559/972/608 561/973/609 479/861/512
f 559/972/608 558/922/566 560/923/565 561/973/609
f 479/858/512 561/974/609 563/975/610 480/856/510
f 561/974/609 560/921/565 562/920/564 563/975/610
f 480/856/510 563/975/610 565/976/611 481/854/508
f 563/975/610 562/920/564 564/919/563 565/976/611
f 481/854/508 565/976/611 567/977/612 482/852/506
f 565/976/611 564/919/563 566/918/562 567/977/612
f 482/852/506 567/977/612 569/978/237 483/850/504
f 567/977/612 566/918/562 568/917/237 569/978/237
f 483/850/504 569/978/237 571/979/613 484/848/503
f 569/978/237 568/917/237 570/916/561 571/979/613
f 484/848/503 571/979/613 573/980/614 485/844/501
f 571/979/613 570/916/561 572/915/560 573/980/614
f 485/844/501 573/980/614 575/981/615 486/845/499
f 573/980/614 572/915/560 574/913/559 575/981/615
f 486/842/499 575/982/615 577/983/616 487/840/497
f 575/982/615 574/984/559 576/912/558 577/983/616
f 487/840/497 577/983/616 579/985/617 488/838/495
f 577/983/616 576/912/558 578/911/557 579/985/617
f 488/838/495 579/985/617 581/986/618 489/834/491
f 579/985/617 578/911/557 580/909/555 581/986/618
f 489/834/491 581/986/618 584/945/585 461/835/492
f 581/986/618 580/909/555 585/910/556 584/945/585
f 460/830/487 525/944/584 527/947/587 462/831/488
f 525/944/584 524/907/553 526/908/554 527/947/587
f 458/826/483 582/946/586 523/943/583 459/827/484
f 582/946/586 583/905/192 522/906/552 523/943/583
f 765/987/619 586/828/485 587/829/486 766/988/620
f 764/989/621 614/836/493 613/825/482 763/990/622
f 767/991/623 588/832/489 589/904/550 768/992/624
f 768/993/624 589/901/550 590/899/548 769/994/625
f 769/994/625 590/899/548 591/897/546 770/995/626
f 770/995/626 591/897/546 592/895/544 771/996/627
f 771/996/627 592/895/544 593/893/543 772/997/543
f 772/997/543 593/893/543 594/891/541 773/998/628
f 773/998/628 594/891/541 595/889/539 774/999/629
f 774/999/629 595/889/539 596/885/537 775/1000/630
f 775/1000/630 596/885/537 597/888/535 776/1001/631
f 776/1002/631 597/883/535 598/880/532 777/1003/632
f 777/1003/632 598/880/532 599/876/528 778/875/527
f 717/1004/633 646/1005/634 631/961/598 474/964/601 713/1006/635
f 713/1006/635 474/964/601 475/966/602 714/1007/636
f 473/882/534 631/961/598 646/1005/634
f 673/870/522 684/1008/637 652/1009/638 641/871/523
f 779/868/520 600/863/515 601/859/513 780/1010/639
f 780/1010/639 601/859/513 602/862/511 781/1011/640
f 781/1012/640 602/857/511 603/855/509 782/1013/641
f 782/1013/641 603/855/509 604/853/507 783/1014/642
f 783/1014/642 604/853/507 605/851/505 784/1015/643
f 784/1015/643 605/851/505 606/849/504 785/1016/504
f 785/1016/504 606/849/504 607/847/502 786/1017/644
f 786/1017/644 607/847/502 608/843/500 787/1018/645
f 787/1018/645 608/843/500 609/846/498 788/1019/646
f 788/1020/646 609/841/498 610/839/496 789/1021/647
f 789/1021/647 610/839/496 611/837/494 790/1022/648
f 790/1022/648 611/837/494 612/833/490 791/1023/649
f 791/1023/649 612/833/490 614/836/493 764/989/621
f 766/988/620 587/829/486 588/832/489 767/991/623
f 763/990/622 613/825/482 586/828/485 765/987/619
f 443/694/14 442/693/14 825/730/14 827/791/14
f 555/967/603 554/927/570 624/925/568 623/970/606
f 476/968/604 555/967/603 623/970/606 621/969/605
f 554/927/570 508/386/222 622/387/223 624/925/568
f 630/691/14 440/690/14 821/713/14 858/786/14
f 446/698/14 445/697/14 831/1024/14 833/749/14
f 697/1025/650 666/873/525 639/874/526 648/1026/651
f 335/1027/382 618/659/380 619/469/380 334/472/383
f 399/623/320 616/621/318 617/552/318 398/551/321
f 333/542/9 618/549/9 617/552/9 396/543/9
f 334/472/271 619/469/269 615/470/269 284/473/271
f 508/386/222 397/385/221 616/388/224 622/387/223
f 714/1007/636 475/966/602 476/968/604 715/1028/652
f 549/960/597 548/931/574 634/929/572 633/962/599
f 473/882/534 549/960/597 633/962/599 631/961/598
f 548/931/574 505/378/215 632/379/216 634/929/572
f 711/866/518 694/1029/653 685/1030/654 716/1031/655
f 658/1032/656 661/787/452 824/790/252 822/1033/657
f 752/1034/658 699/1035/659 647/1036/660 751/1037/661
f 329/657/376 628/655/374 629/461/374 328/464/377
f 393/619/314 626/617/312 627/600/312 392/599/315
f 327/591/9 628/597/9 627/600/9 390/592/9
f 328/464/267 629/461/265 625/462/265 281/465/267
f 505/378/215 391/377/214 626/380/217 632/379/216
f 643/1038/662 621/969/605 477/864/516
f 678/716/409 658/1032/656 822/1033/657 859/717/410
f 676/792/455 252/794/457 828/797/460 857/793/456
f 715/1028/652 476/968/604 621/969/605 643/1038/662 716/1031/655
f 663/733/417 660/722/412 637/725/415 638/734/418
f 682/1039/663 653/1040/664 656/1041/665 687/1042/666
f 651/1043/667 702/1044/668 697/1025/650 648/1026/651
f 650/1045/669 705/1046/670 702/1044/668 651/1043/667
f 755/1047/671 756/1048/672 705/1049/670 650/1050/669
f 647/1036/660 699/1035/659 708/1051/673 649/1052/674
f 693/1053/675 654/1054/676 652/1009/638 684/1008/637
f 690/1055/677 655/1056/678 654/1054/676 693/1053/675
f 758/1057/679 709/1058/680 700/879/531 712/878/530
f 760/1059/681 759/1060/682 655/1061/678 690/1062/677
f 445/697/14 444/696/14 829/747/14 831/1024/14
f 679/1063/683 657/723/413 659/1064/684 680/1065/685
f 680/1066/686 659/1067/687 658/1032/656 678/716/409
f 657/723/413 660/722/412 662/1068/688 659/1064/684
f 659/1067/687 662/1069/689 661/787/452 658/1032/656
f 660/722/412 663/733/417 665/1070/690 662/1068/688
f 662/1069/689 665/1071/691 664/788/453 661/787/452
f 667/1072/692 669/1073/693 671/1074/694 668/1075/695
f 668/1076/696 671/1077/697 670/869/521 666/873/525
f 669/1073/693 672/1078/698 674/1079/699 671/1074/694
f 671/1077/697 674/1080/700 673/870/522 670/869/521
f 663/733/417 675/732/416 677/1081/701 665/1070/690
f 665/1071/691 677/1082/702 676/792/455 664/788/453
f 682/1039/663 687/1042/666 689/1083/703 683/1084/704
f 683/1085/705 689/1086/706 688/1087/707 681/865/517
f 760/1059/681 690/1062/677 692/1088/708 761/1089/709
f 761/1090/710 692/1091/711 691/1092/712 762/1093/713
f 690/1055/677 693/1053/675 695/1094/714 692/1095/708
f 692/1091/711 695/1096/715 694/1029/653 691/1092/712
f 693/1053/675 684/1008/637 686/1097/716 695/1094/714
f 695/1096/715 686/1098/717 685/1030/654 694/1029/653
f 697/1025/650 702/1044/668 704/1099/718 698/1100/719
f 698/1101/720 704/1102/721 703/1103/722 696/1104/723
f 702/1044/668 705/1046/670 707/1105/724 704/1099/718
f 704/1102/721 707/1106/725 706/1107/726 703/1103/722
f 756/1048/672 708/1051/673 710/1108/727 757/1109/728
f 757/1110/729 710/1111/730 709/1058/680 758/1057/679
f 708/1051/673 699/1035/659 701/1112/731 710/1108/727
f 710/1111/730 701/1113/732 700/879/531 709/1058/680
f 748/737/420 682/1039/663 683/1084/704 749/1114/733
f 749/1115/734 683/1085/705 681/865/517 750/1116/735
f 684/1008/637 673/870/522 674/1080/700 686/1097/716
f 686/1098/717 674/1079/699 672/1078/698 685/1030/654
f 696/1104/723 667/1072/692 668/1075/695 698/1101/720
f 698/1100/719 668/1076/696 666/873/525 697/1025/650
f 752/1034/658 679/1117/736 680/1118/737 753/1119/738
f 753/1120/739 680/1066/740 678/716/740 754/1121/741
f 657/723/413 679/1063/683 635/1122/742 636/724/414
f 711/866/518 691/1092/712 694/1029/653
f 717/1004/633 712/878/530 645/877/529 646/1005/634
f 669/1073/693 714/1007/636 715/1028/652 672/1078/698
f 667/1072/692 713/1006/635 714/1007/636 669/1073/693
f 696/1104/723 717/1004/633 713/1006/635 667/1072/692
f 672/1078/698 715/1028/652 716/1031/655 685/1030/654
f 696/1104/723 703/1103/722 712/878/530 717/1004/633
f 644/867/519 711/866/518 716/1031/655 643/1038/662
f 237/742/424 745/1123/622 718/1124/743 238/743/425
f 239/758/429 719/1125/744 720/1126/745 240/760/431
f 264/822/480 744/1127/746 746/1128/747 265/756/427
f 263/820/478 743/1129/748 744/1127/746 264/822/480
f 262/817/476 742/1130/749 743/1129/748 263/820/478
f 261/816/474 741/1131/750 742/1130/749 262/817/476
f 260/812/472 740/1132/751 741/1133/750 261/814/474
f 259/810/470 739/1134/752 740/1132/751 260/812/472
f 258/808/469 738/1135/504 739/1134/752 259/810/470
f 257/806/467 737/1136/753 738/1135/504 258/808/469
f 256/804/465 736/1137/754 737/1136/753 257/806/467
f 255/801/463 735/1138/755 736/1137/754 256/804/465
f 254/800/461 734/1139/756 735/1138/755 255/801/463
f 253/795/458 733/1140/757 734/1141/756 254/798/461
f 252/794/457 732/1142/758 733/1140/757 253/795/458
f 250/783/450 730/1143/759 731/1144/760 251/715/408
f 249/782/448 729/1145/761 730/1143/759 250/783/450
f 248/778/446 728/1146/762 729/1147/761 249/780/448
f 247/776/444 727/1148/763 728/1146/762 248/778/446
f 246/774/442 726/1149/764 727/1148/763 247/776/444
f 245/772/441 725/1150/543 726/1149/764 246/774/442
f 244/770/439 724/1151/765 725/1150/543 245/772/441
f 243/768/437 723/1152/766 724/1151/765 244/770/439
f 242/765/435 722/1153/767 723/1152/766 243/768/437
f 241/764/433 721/1154/768 722/1153/767 242/765/435
f 240/760/431 720/1126/745 721/1155/768 241/762/433
f 265/756/427 746/1128/747 745/1123/622 237/742/424
f 238/743/425 718/1124/743 719/1125/744 239/758/429
f 677/1082/769 749/1115/734 750/1116/735 676/792/769
f 675/738/421 748/737/420 749/1114/733 677/1156/770
f 682/1039/663 748/737/420 747/740/423 653/1040/664
f 701/1113/732 753/1120/739 754/1121/741 700/879/531
f 699/1035/659 752/1034/658 753/1119/738 701/1112/731
f 679/1117/736 752/1034/658 751/1037/661 635/1157/771
f 251/715/408 731/1144/760 754/1121/772 678/716/409
f 676/792/455 750/1116/773 732/1142/758 252/794/457
f 600/863/515 644/867/519 477/864/516
f 599/876/528 473/882/534 645/877/529
f 645/877/529 473/882/534 646/1005/634
f 644/867/519 643/1038/662 477/864/516
f 707/1106/725 757/1110/729 758/1057/679 706/1107/726
f 705/1049/670 756/1048/672 757/1109/728 707/1158/724
f 649/1052/674 708/1051/673 756/1048/672 755/1047/671
f 689/1086/706 761/1090/710 762/1093/713 688/1087/707
f 687/1042/666 760/1059/681 761/1089/709 689/1083/703
f 687/1042/666 656/1041/665 759/1060/682 760/1059/681
f 711/866/518 762/1093/713 691/1092/712
f 703/1103/722 706/1107/726 712/878/530
f 706/1107/726 758/1057/679 712/878/530
f 681/865/517 688/1087/707 762/1093/713 711/866/518
f 745/1123/622 763/990/622 765/987/619 718/1124/743
f 719/1125/744 766/988/620 767/991/623 720/1126/745
f 744/1127/746 791/1023/649 764/989/621 746/1128/747
f 743/1129/748 790/1022/648 791/1023/649 744/1127/746
f 742/1130/749 789/1021/647 790/1022/648 743/1129/748
f 741/1131/750 788/1020/646 789/1021/647 742/1130/749
f 740/1132/751 787/1018/645 788/1019/646 741/1133/750
f 739/1134/752 786/1017/644 787/1018/645 740/1132/751
f 738/1135/504 785/1016/504 786/1017/644 739/1134/752
f 737/1136/753 784/1015/643 785/1016/504 738/1135/504
f 736/1137/754 783/1014/642 784/1015/643 737/1136/753
f 735/1138/755 782/1013/641 783/1014/642 736/1137/754
f 734/1139/756 781/1012/640 782/1013/641 735/1138/755
f 733/1140/757 780/1010/639 781/1011/640 734/1141/756
f 732/1142/758 779/868/520 780/1010/639 733/1140/757
f 730/1143/759 777/1003/632 778/875/527 731/1144/760
f 729/1145/761 776/1002/631 777/1003/632 730/1143/759
f 728/1146/762 775/1000/630 776/1001/631 729/1147/761
f 727/1148/763 774/999/629 775/1000/630 728/1146/762
f 726/1149/764 773/998/628 774/999/629 727/1148/763
f 725/1150/543 772/997/543 773/998/628 726/1149/764
f 724/1151/765 771/996/627 772/997/543 725/1150/543
f 723/1152/766 770/995/626 771/996/627 724/1151/765
f 722/1153/767 769/994/625 770/995/626 723/1152/766
f 721/1154/768 768/993/624 769/994/625 722/1153/767
f 720/1126/745 767/991/623 768/992/624 721/1155/768
f 746/1128/747 764/989/621 763/990/622 745/1123/622
f 718/1124/743 765/987/619 766/988/620 719/1125/744
f 731/1144/760 778/875/527 700/879/531 754/1121/772
f 750/1116/773 681/865/517 779/868/520 732/1142/758
f 793/1159/774 794/1160/775 795/824/776 792/720/774
f 794/1160/775 796/1161/777 797/726/778 795/824/776
f 796/1161/777 798/1162/779 799/727/780 797/726/778
f 798/1162/779 800/1163/781 801/731/782 799/727/780
f 800/1163/781 802/1164/783 803/736/784 801/731/782
f 802/1164/783 804/1165/785 805/741/786 803/736/784
f 804/1165/785 806/1166/787 807/748/788 805/741/786
f 806/1166/787 808/1167/789 809/751/789 807/748/788
f 808/1167/789 810/1168/790 811/753/791 809/751/789
f 810/1168/790 812/1169/792 813/755/793 811/753/791
f 812/1169/792 814/1170/794 815/708/795 813/755/793
f 814/1170/794 816/1171/796 817/709/797 815/708/795
f 816/1171/796 818/1172/798 819/711/799 817/709/797
f 818/1172/798 820/1173/800 821/713/801 819/711/799
f 859/1174/802 822/1175/803 823/729/804 858/786/805
f 822/1175/803 824/1176/806 825/730/806 823/729/804
f 824/1176/806 826/1177/807 827/791/808 825/730/806
f 857/1178/809 828/1179/810 829/747/811 856/746/812
f 828/1179/810 830/1180/813 831/1024/814 829/747/811
f 830/1180/813 832/1181/815 833/749/816 831/1024/814
f 832/1181/815 834/1182/817 835/750/818 833/749/816
f 834/1182/817 836/1183/819 837/752/820 835/750/818
f 836/1183/819 838/1184/821 839/754/822 837/752/820
f 838/1184/821 840/1185/823 841/425/823 839/754/822
f 840/1185/823 842/1186/824 843/426/825 841/425/823
f 842/1186/824 844/1187/826 845/710/827 843/426/825
f 844/1187/826 846/1188/828 847/712/829 845/710/827
f 846/1188/828 848/1189/830 849/714/831 847/712/829
f 848/1189/830 850/1190/832 851/721/833 849/714/831
f 850/1190/832 852/1191/834 853/728/835 851/721/833
f 852/1191/834 854/1192/836 855/719/837 853/728/835
f 854/1192/836 793/1159/774 792/720/774 855/719/837
f 826/1177/807 857/1178/809 856/746/812 827/791/808
f 820/1173/800 859/1174/802 858/786/805 821/713/801
f 427/677/14 426/676/14 792/720/14 795/824/14
f 863/1193/252 866/1194/252 873/1195/252 875/1196/252 876/1197/252 877/1198/252 874/1199/252 867/1200/252
f 861/1201/252 864/1202/252 865/1203/252 862/1204/252
f 862/1204/252 865/1203/252 866/1194/252 863/1193/252
f 860/1205/252 868/1206/252 870/1207/252 871/1208/252 872/1209/252 869/1210/252 864/1202/252 861/1201/252
f 878/1211/15 891/1212/838 890/1213/839
f 879/1214/840 891/1215/838 893/1216/841
f 878/1211/15 890/1213/839 895/1217/842
f 878/1211/15 895/1217/842 897/1218/843
f 878/1211/15 897/1218/843 894/1219/844
f 879/1214/840 893/1216/841 900/1220/845
f 880/1221/846 892/1222/847 902/1223/252
f 881/1224/848 896/1225/849 904/1226/850
f 882/1227/851 898/1228/852 906/1229/853
f 883/1230/854 899/1231/855 908/1232/856
f 879/1214/840 900/1220/845 903/1233/857
f 880/1221/846 902/1223/252 905/1234/858
f 881/1224/848 904/1226/850 907/1235/859
f 912/1236/860 887/1237/860 921/1238/860 922/1239/860
f 883/1240/854 908/1241/856 901/1242/861
f 884/1243/862 909/1244/863 914/1245/864
f 885/1246/865 910/1247/866 916/1248/867
f 886/1249/868 911/1250/869 917/1251/870
f 887/1252/871 912/1253/872 918/1254/873
f 888/1255/874 913/1256/875 915/1257/876
f 915/1258/876 918/1259/873 889/1260/20
f 915/1258/876 913/1261/875 918/1259/873
f 913/1261/875 887/1262/871 918/1259/873
f 918/1259/873 917/1263/870 889/1260/20
f 918/1259/873 912/1264/872 917/1263/870
f 912/1265/872 886/1266/868 917/1267/870
f 917/1263/870 916/1248/867 889/1260/20
f 917/1263/870 911/1268/869 916/1248/867
f 911/1250/869 885/1269/865 916/1270/867
f 916/1248/867 914/1245/864 889/1260/20
f 916/1248/867 910/1247/866 914/1245/864
f 910/1271/866 884/1272/862 914/1273/864
f 914/1245/864 915/1258/876 889/1260/20
f 914/1245/864 909/1244/863 915/1258/876
f 909/1274/863 888/1255/874 915/1257/876
f 901/1242/861 913/1256/875 888/1255/874
f 901/1242/861 908/1241/856 913/1256/875
f 908/1275/856 887/1276/871 913/1277/875
f 906/1278/877 912/1279/877 922/1280/877 919/1281/877
f 908/1282/878 899/1283/878 923/1284/878 924/1285/878
f 906/1286/853 886/1266/868 912/1265/872
f 907/1235/859 911/1250/869 886/1249/868
f 907/1235/859 904/1226/850 911/1250/869
f 904/1226/850 885/1269/865 911/1250/869
f 905/1234/858 910/1271/866 885/1287/865
f 905/1234/858 902/1223/252 910/1271/866
f 902/1223/252 884/1272/862 910/1271/866
f 903/1288/857 909/1289/863 884/1272/862
f 903/1233/857 900/1220/845 909/1274/863
f 900/1220/845 888/1255/874 909/1274/863
f 882/1290/879 906/1278/879 919/1281/879 920/1291/879
f 887/1292/880 908/1282/880 924/1285/880 921/1293/880
f 899/1294/881 882/1295/881 920/1296/881 923/1297/881
f 906/1298/853 907/1235/859 886/1249/868
f 906/1298/853 898/1299/852 907/1235/859
f 898/1299/852 881/1224/848 907/1235/859
f 904/1226/850 905/1300/858 885/1269/865
f 904/1226/850 896/1225/849 905/1300/858
f 896/1301/849 880/1221/846 905/1234/858
f 902/1223/252 903/1288/857 884/1272/862
f 902/1223/252 892/1222/847 903/1288/857
f 892/1222/847 879/1302/840 903/1288/857
f 900/1220/845 901/1242/861 888/1255/874
f 900/1220/845 893/1216/841 901/1242/861
f 893/1216/841 883/1240/854 901/1242/861
f 894/1219/844 899/1303/855 883/1304/854
f 894/1219/844 897/1218/843 899/1303/855
f 897/1305/843 882/1306/851 899/1307/855
f 897/1218/843 898/1308/852 882/1309/851
f 897/1218/843 895/1217/842 898/1308/852
f 895/1310/842 881/1224/848 898/1299/852
f 895/1310/842 896/1225/849 881/1224/848
f 895/1217/842 890/1213/839 896/1311/849
f 890/1213/839 880/1312/846 896/1311/849
f 893/1216/841 894/1313/844 883/1240/854
f 893/1314/841 891/1212/838 894/1219/844
f 891/1212/838 878/1211/15 894/1219/844
f 890/1315/839 892/1222/847 880/1221/846
f 890/1213/839 891/1212/838 892/1316/847
f 891/1212/838 879/1317/840 892/1316/847
f 1211/1318/9 1208/1319/882 991/1320/883 990/1321/884
f 926/1322/882 927/1323/885 1202/1324/885 1207/1325/882
f 927/1323/885 928/1326/886 1198/1327/886 1202/1324/885
f 928/1326/886 929/1328/887 1196/1329/887 1198/1327/886
f 929/1330/887 930/1331/888 1192/1332/888 1196/1333/887
f 930/1331/888 931/1334/889 1190/1335/889 1192/1332/888
f 931/1334/889 932/1336/890 1186/1337/890 1190/1335/889
f 932/1336/890 933/1338/258 1184/1339/258 1186/1337/890
f 933/1338/258 934/1340/891 1180/1341/891 1184/1339/258
f 934/1340/891 935/1342/892 1178/1343/892 1180/1341/891
f 935/1342/892 936/1344/893 1174/1345/893 1178/1343/892
f 936/1344/893 937/1346/894 1172/1347/894 1174/1345/893
f 937/1348/894 938/1349/895 1168/1350/895 1172/1351/894
f 938/1349/895 939/1352/896 1166/1353/896 1168/1350/895
f 939/1352/896 940/1354/897 1162/1355/897 1166/1353/896
f 940/1354/897 941/1356/14 1160/1357/14 1162/1355/897
f 941/1356/14 942/1358/898 1156/1359/898 1160/1357/14
f 942/1358/898 943/1360/899 1154/1361/899 1156/1359/898
f 943/1360/899 944/1362/900 1150/1363/900 1154/1361/899
f 944/1362/900 945/1364/901 1148/1365/901 1150/1363/900
f 945/1366/901 946/1367/902 1144/1368/902 1148/1369/901
f 946/1367/902 947/1370/903 1142/1371/903 1144/1368/902
f 947/1370/903 948/1372/904 1138/1373/904 1142/1371/903
f 948/1372/904 949/1374/276 1136/1375/276 1138/1373/904
f 949/1374/276 950/1376/905 1132/1377/905 1136/1375/276
f 950/1376/905 951/1378/906 1130/1379/906 1132/1377/905
f 951/1378/906 952/1380/907 1126/1381/907 1130/1379/906
f 952/1380/907 953/1382/908 1124/1383/908 1126/1381/907
f 1117/1384/909 1204/1385/910 1051/1386/911 1049/1387/912
f 954/1388/913 955/1389/914 1118/1390/914 1120/1391/913
f 957/1392/898 958/1393/14 1055/1394/915 1054/1395/916
f 956/1396/917 925/1397/9 1210/1398/9 1205/1399/917
f 976/1400/886 975/1401/885 1090/1402/918 1092/1403/919
f 1079/1404/252 1077/1405/252 1014/1406/252 1016/1407/252
f 977/1408/887 976/1400/886 1092/1403/919 1094/1409/920
f 1081/1410/252 1079/1404/252 1016/1407/252 1018/1411/252
f 978/1412/888 977/1413/887 1094/1414/920 1096/1415/921
f 1083/1416/252 1081/1410/252 1018/1411/252 1020/1417/252
f 979/1418/889 978/1412/888 1096/1415/921 1098/1419/922
f 1085/1420/252 1083/1416/252 1020/1417/252 1022/1421/252
f 980/1422/890 979/1418/889 1098/1419/922 1100/1423/923
f 1087/1424/252 1085/1420/252 1022/1421/252 1024/1425/252
f 981/1426/258 980/1422/890 1100/1423/923 1102/1427/924
f 1089/1428/252 1087/1424/252 1024/1425/252 1026/1429/252
f 982/1430/891 981/1426/258 1102/1427/924 1104/1431/925
f 1091/1432/252 1089/1428/252 1026/1429/252 1028/1433/252
f 983/1434/892 982/1430/891 1104/1431/925 1106/1435/926
f 1093/1436/252 1091/1432/252 1028/1433/252 1030/1437/252
f 984/1438/893 983/1434/892 1106/1435/926 1108/1439/927
f 1095/1440/252 1093/1436/252 1030/1437/252 1032/1441/252
f 985/1442/894 984/1438/893 1108/1439/927 1110/1443/928
f 959/1444/899 957/1392/898 1054/1395/916 1058/1445/929
f 1097/1446/252 1095/1440/252 1032/1441/252 1034/1447/252
f 986/1448/895 985/1449/894 1110/1450/928 1112/1451/930
f 958/1393/14 988/1452/897 1116/1453/931 1055/1394/915
f 1099/1454/252 1097/1446/252 1034/1447/252 1036/1455/252
f 987/1456/896 986/1448/895 1112/1451/930 1114/1457/932
f 961/1458/901 960/1459/900 1060/1460/933 1062/1461/934
f 1101/1462/252 1099/1454/252 1036/1455/252 1038/1463/252
f 988/1452/897 987/1456/896 1114/1457/932 1116/1453/931
f 962/1464/902 961/1465/901 1062/1466/934 1064/1467/935
f 1103/1468/252 1101/1462/252 1038/1463/252 1040/1469/252
f 963/1470/903 962/1464/902 1064/1467/935 1066/1471/936
f 1105/1472/252 1103/1468/252 1040/1469/252 1042/1473/252
f 960/1459/900 959/1444/899 1058/1445/929 1060/1460/933
f 964/1474/904 963/1470/903 1066/1471/936 1068/1475/937
f 1107/1476/252 1105/1472/252 1042/1473/252 1044/1477/252
f 1053/1478/252 1056/1479/252 989/1480/252 992/1481/252
f 965/1482/276 964/1474/904 1068/1475/937 1070/1483/938
f 1109/1484/252 1107/1476/252 1044/1477/252 1046/1485/252
f 1057/1486/252 1053/1478/252 992/1481/252 994/1487/252
f 966/1488/905 965/1482/276 1070/1483/938 1072/1489/939
f 1111/1490/252 1109/1484/252 1046/1485/252 1048/1491/252
f 1059/1492/252 1057/1486/252 994/1487/252 996/1493/252
f 967/1494/906 966/1488/905 1072/1489/939 1074/1495/940
f 1113/1496/252 1111/1490/252 1048/1491/252 1050/1497/252
f 1061/1498/252 1059/1492/252 996/1493/252 998/1499/252
f 968/1500/941 967/1494/906 1074/1495/940 1076/1501/942
f 1115/1502/252 1113/1496/252 1050/1497/252 1052/1503/252
f 1063/1504/252 1061/1498/252 998/1499/252 1000/1505/252
f 969/1506/908 968/1500/941 1076/1501/942 1078/1507/943
f 1056/1479/252 1115/1502/252 1052/1503/252 989/1480/252
f 1065/1508/252 1063/1504/252 1000/1505/252 1002/1509/252
f 970/1510/913 969/1511/908 1078/1512/943 1080/1513/944
f 1067/1514/252 1065/1508/252 1002/1509/252 1004/1515/252
f 971/1516/914 970/1510/913 1080/1513/944 1082/1517/945
f 1069/1518/252 1067/1514/252 1004/1515/252 1006/1519/252
f 972/1520/917 971/1516/914 1082/1517/945 1084/1521/946
f 1071/1522/252 1069/1518/252 1006/1519/252 1008/1523/252
f 973/1524/9 972/1520/917 1084/1521/946 1086/1525/947
f 1073/1526/252 1071/1522/252 1008/1523/252 1010/1527/252
f 974/1528/882 973/1524/9 1086/1525/947 1088/1529/948
f 1075/1530/252 1073/1526/252 1010/1527/252 1012/1531/252
f 975/1401/885 974/1528/882 1088/1529/948 1090/1402/918
f 1077/1405/252 1075/1530/252 1012/1531/252 1014/1406/252
f 1054/1395/916 1055/1394/915 1056/1532/949 1053/1533/950
f 1058/1445/929 1054/1395/916 1053/1533/950 1057/1534/951
f 1060/1460/933 1058/1445/929 1057/1534/951 1059/1535/952
f 1062/1461/934 1060/1460/933 1059/1535/952 1061/1536/953
f 1064/1467/935 1062/1466/934 1061/1537/953 1063/1538/954
f 1066/1471/936 1064/1467/935 1063/1538/954 1065/1539/955
f 1068/1475/937 1066/1471/936 1065/1539/955 1067/1540/956
f 1070/1483/938 1068/1475/937 1067/1540/956 1069/1541/957
f 1072/1489/939 1070/1483/938 1069/1541/957 1071/1542/958
f 1074/1495/940 1072/1489/939 1071/1542/958 1073/1543/959
f 1076/1501/942 1074/1495/940 1073/1543/959 1075/1544/960
f 1078/1507/943 1076/1501/942 1075/1544/960 1077/1545/961
f 1080/1513/944 1078/1512/943 1077/1546/961 1079/1547/962
f 1082/1517/945 1080/1513/944 1079/1547/962 1081/1548/963
f 1084/1521/946 1082/1517/945 1081/1548/963 1083/1549/964
f 1086/1525/947 1084/1521/946 1083/1549/964 1085/1550/965
f 1088/1529/948 1086/1525/947 1085/1550/965 1087/1551/966
f 1090/1402/918 1088/1529/948 1087/1551/966 1089/1552/967
f 1092/1403/919 1090/1402/918 1089/1552/967 1091/1553/968
f 1094/1409/920 1092/1403/919 1091/1553/968 1093/1554/969
f 1096/1415/921 1094/1414/920 1093/1555/969 1095/1556/970
f 1098/1419/922 1096/1415/921 1095/1556/970 1097/1557/971
f 1100/1423/923 1098/1419/922 1097/1557/971 1099/1558/972
f 1102/1427/924 1100/1423/923 1099/1558/972 1101/1559/973
f 1104/1431/925 1102/1427/924 1101/1559/973 1103/1560/974
f 1106/1435/926 1104/1431/925 1103/1560/974 1105/1561/975
f 1108/1439/927 1106/1435/926 1105/1561/975 1107/1562/976
f 1110/1443/928 1108/1439/927 1107/1562/976 1109/1563/977
f 1112/1451/930 1110/1450/928 1109/1564/977 1111/1565/978
f 1114/1457/932 1112/1451/930 1111/1565/978 1113/1566/979
f 1116/1453/931 1114/1457/932 1113/1566/979 1115/1567/980
f 1055/1394/915 1116/1453/931 1115/1567/980 1056/1532/949
f 992/1568/966 989/1569/965 990/1321/884 991/1320/883
f 994/1570/981 992/1568/966 991/1320/883 993/1571/982
f 996/1572/983 994/1570/981 993/1571/982 995/1573/984
f 998/1574/985 996/1572/983 995/1573/984 997/1575/986
f 1000/1576/970 998/1577/985 997/1578/986 999/1579/987
f 1002/1580/988 1000/1576/970 999/1579/987 1001/1581/989
f 1004/1582/990 1002/1580/988 1001/1581/989 1003/1583/991
f 1006/1584/992 1004/1582/990 1003/1583/991 1005/1585/993
f 1008/1586/994 1006/1584/992 1005/1585/993 1007/1587/995
f 1010/1588/996 1008/1586/994 1007/1587/995 1009/1589/997
f 1012/1590/976 1010/1588/996 1009/1589/997 1011/1591/998
f 1014/1592/999 1012/1590/976 1011/1591/998 1013/1593/1000
f 1016/1594/1001 1014/1595/999 1013/1596/1000 1015/1597/1002
f 1018/1598/1003 1016/1594/1001 1015/1597/1002 1017/1599/1004
f 1020/1600/1005 1018/1598/1003 1017/1599/1004 1019/1601/1006
f 1022/1602/1007 1020/1600/1005 1019/1601/1006 1021/1603/1008
f 1024/1604/1009 1022/1602/1007 1021/1603/1008 1023/1605/1010
f 1026/1606/1011 1024/1604/1009 1023/1605/1010 1025/1607/1012
f 1028/1608/1013 1026/1606/1011 1025/1607/1012 1027/1609/1014
f 1030/1610/1015 1028/1608/1013 1027/1609/1014 1029/1611/1016
f 1032/1612/1017 1030/1613/1015 1029/1614/1016 1031/1615/1018
f 1034/1616/1019 1032/1612/1017 1031/1615/1018 1033/1617/1020
f 1036/1618/1021 1034/1616/1019 1033/1617/1020 1035/1619/1022
f 1038/1620/1023 1036/1618/1021 1035/1619/1022 1037/1621/1024
f 1040/1622/1025 1038/1620/1023 1037/1621/1024 1039/1623/1026
f 1042/1624/1027 1040/1622/1025 1039/1623/1026 1041/1625/1028
f 1044/1626/1029 1042/1624/1027 1041/1625/1028 1043/1627/1030
f 1046/1628/961 1044/1626/1029 1043/1627/1030 1045/1629/1031
f 1048/1630/1032 1046/1631/961 1045/1632/1031 1047/1633/1033
f 1050/1634/1034 1048/1630/1032 1047/1633/1033 1049/1387/912
f 1052/1635/1035 1050/1634/1034 1049/1387/912 1051/1386/911
f 989/1569/965 1052/1635/1035 1051/1386/911 990/1321/884
f 925/1397/9 926/1322/882 1207/1325/882 1210/1398/9
f 1208/1319/882 1201/1636/1036 993/1571/982 991/1320/883
f 1121/1637/913 1117/1384/909 1049/1387/912 1047/1633/1033
f 953/1638/908 954/1388/913 1120/1391/913 1124/1639/908
f 1123/1640/908 1121/1637/913 1047/1633/1033 1045/1632/1031
f 1127/1641/907 1123/1642/908 1045/1629/1031 1043/1627/1030
f 1129/1643/906 1127/1641/907 1043/1627/1030 1041/1625/1028
f 1133/1644/905 1129/1643/906 1041/1625/1028 1039/1623/1026
f 1135/1645/276 1133/1644/905 1039/1623/1026 1037/1621/1024
f 1139/1646/904 1135/1645/276 1037/1621/1024 1035/1619/1022
f 1141/1647/903 1139/1646/904 1035/1619/1022 1033/1617/1020
f 1145/1648/902 1141/1647/903 1033/1617/1020 1031/1615/1018
f 1147/1649/901 1145/1648/902 1031/1615/1018 1029/1614/1016
f 1151/1650/900 1147/1651/901 1029/1611/1016 1027/1609/1014
f 1153/1652/899 1151/1650/900 1027/1609/1014 1025/1607/1012
f 1157/1653/898 1153/1652/899 1025/1607/1012 1023/1605/1010
f 1159/1654/14 1157/1653/898 1023/1605/1010 1021/1603/1008
f 1163/1655/897 1159/1654/14 1021/1603/1008 1019/1601/1006
f 1165/1656/896 1163/1655/897 1019/1601/1006 1017/1599/1004
f 1169/1657/895 1165/1656/896 1017/1599/1004 1015/1597/1002
f 1171/1658/894 1169/1657/895 1015/1597/1002 1013/1596/1000
f 1175/1659/893 1171/1660/894 1013/1593/1000 1011/1591/998
f 1177/1661/892 1175/1659/893 1011/1591/998 1009/1589/997
f 1181/1662/891 1177/1661/892 1009/1589/997 1007/1587/995
f 1183/1663/258 1181/1662/891 1007/1587/995 1005/1585/993
f 1187/1664/890 1183/1663/258 1005/1585/993 1003/1583/991
f 1189/1665/889 1187/1664/890 1003/1583/991 1001/1581/989
f 1193/1666/888 1189/1665/889 1001/1581/989 999/1579/987
f 1195/1667/887 1193/1666/888 999/1579/987 997/1578/986
f 1199/1668/886 1195/1669/887 997/1575/986 995/1573/984
f 1201/1636/1036 1199/1668/886 995/1573/984 993/1571/982
f 1204/1385/910 1211/1318/9 990/1321/884 1051/1386/911
f 1211/1670/1037 1204/1671/1038 1206/1672/1038 1212/1673/1037
f 1212/1674/1039 1206/1675/1040 1205/1399/1040 1210/1398/1039
f 1199/1676/1041 1201/1677/1042 1203/1678/1042 1200/1679/1041
f 1200/1680/1043 1203/1681/1044 1202/1682/1044 1198/1683/1043
f 1187/1684/1045 1189/1685/1046 1191/1686/1046 1188/1687/1045
f 1188/1688/1047 1191/1689/1048 1190/1335/1048 1186/1337/1049
f 1181/1690/1050 1183/1691/1051 1185/1692/1051 1182/1693/1050
f 1182/1694/1052 1185/1695/1053 1184/1339/1053 1180/1341/1052
f 1175/1696/1054 1177/1697/1055 1179/1698/1055 1176/1699/1056
f 1176/1700/1057 1179/1701/1058 1178/1343/1058 1174/1345/1057
f 1169/1702/1059 1171/1703/1060 1173/1704/1061 1170/1705/1062
f 1170/1706/1063 1173/1707/1064 1172/1708/1064 1168/1709/1063
f 1163/1655/1065 1165/1656/1066 1167/1710/1067 1164/1711/1068
f 1164/1711/1069 1167/1710/1070 1166/1353/1070 1162/1355/1069
f 1157/1653/1071 1159/1654/1072 1161/1712/1072 1158/1713/1071
f 1158/1713/1073 1161/1712/1074 1160/1357/1074 1156/1359/1073
f 1151/1650/1075 1153/1652/1076 1155/1714/1076 1152/1715/1075
f 1152/1715/1077 1155/1714/1078 1154/1361/1078 1150/1363/1077
f 1145/1716/1079 1147/1717/1080 1149/1718/1080 1146/1719/1081
f 1146/1720/1082 1149/1721/1083 1148/1722/1083 1144/1723/1082
f 1139/1646/1084 1141/1647/1085 1143/1724/1086 1140/1725/1084
f 1140/1725/1087 1143/1724/1088 1142/1371/1089 1138/1373/1090
f 1133/1644/1091 1135/1645/1092 1137/1726/1092 1134/1727/1093
f 1134/1727/1094 1137/1726/1095 1136/1375/1095 1132/1377/1096
f 1127/1641/1097 1129/1643/1098 1131/1728/1099 1128/1729/1097
f 1128/1730/1100 1131/1731/1101 1130/1732/1102 1126/1733/1100
f 1121/1734/1103 1123/1735/1104 1125/1736/1104 1122/1737/1103
f 1122/1738/1105 1125/1739/1106 1124/1740/1106 1120/1741/1105
f 1204/1671/1038 1117/1742/1107 1119/1743/1107 1206/1672/1038
f 1206/1675/1040 1119/1744/1108 1118/1390/1108 1205/1399/1040
f 1208/1745/1109 1211/1670/1037 1212/1673/1037 1209/1746/1109
f 1209/1747/1110 1212/1674/1039 1210/1398/1039 1207/1325/1110
f 1193/1748/1111 1195/1749/1112 1197/1750/1112 1194/1751/1111
f 1194/1752/1113 1197/1753/1114 1196/1754/1115 1192/1755/1113
f 1189/1685/1046 1193/1748/1111 1194/1751/1111 1191/1686/1046
f 1191/1689/1048 1194/1756/1113 1192/1332/1113 1190/1335/1048
f 1195/1749/1112 1199/1676/1041 1200/1679/1041 1197/1750/1112
f 1197/1753/1114 1200/1680/1043 1198/1683/1043 1196/1754/1115
f 1183/1691/1051 1187/1684/1045 1188/1687/1045 1185/1692/1051
f 1185/1695/1053 1188/1688/1047 1186/1337/1049 1184/1339/1053
f 1177/1697/1055 1181/1690/1050 1182/1693/1050 1179/1698/1055
f 1179/1701/1058 1182/1694/1052 1180/1341/1052 1178/1343/1058
f 1171/1703/1060 1175/1696/1054 1176/1699/1056 1173/1704/1061
f 1173/1707/1064 1176/1757/1057 1174/1758/1057 1172/1708/1064
f 1165/1759/1066 1169/1702/1059 1170/1705/1062 1167/1760/1067
f 1167/1710/1070 1170/1761/1063 1168/1350/1063 1166/1353/1070
f 1159/1654/1072 1163/1655/1065 1164/1711/1068 1161/1712/1072
f 1161/1712/1074 1164/1711/1069 1162/1355/1069 1160/1357/1074
f 1153/1652/1076 1157/1653/1071 1158/1713/1071 1155/1714/1076
f 1155/1714/1078 1158/1713/1073 1156/1359/1073 1154/1361/1078
f 1147/1717/1080 1151/1762/1075 1152/1763/1075 1149/1718/1080
f 1149/1721/1083 1152/1764/1077 1150/1765/1077 1148/1722/1083
f 1141/1647/1085 1145/1648/1079 1146/1766/1081 1143/1724/1086
f 1143/1767/1088 1146/1720/1082 1144/1723/1082 1142/1768/1089
f 1135/1645/1092 1139/1646/1084 1140/1725/1084 1137/1726/1092
f 1137/1726/1095 1140/1725/1087 1138/1373/1090 1136/1375/1095
f 1129/1643/1098 1133/1644/1091 1134/1727/1093 1131/1728/1099
f 1131/1728/1101 1134/1727/1094 1132/1377/1096 1130/1379/1102
f 1123/1735/1104 1127/1769/1097 1128/1770/1097 1125/1736/1104
f 1125/1739/1106 1128/1730/1100 1126/1733/1100 1124/1740/1106
f 1117/1742/1107 1121/1734/1103 1122/1737/1103 1119/1743/1107
f 1119/1771/1108 1122/1738/1105 1120/1741/1105 1118/1772/1108
f 1201/1677/1042 1208/1745/1109 1209/1746/1109 1203/1678/1042
f 1203/1773/1044 1209/1747/1110 1207/1325/1110 1202/1324/1044
f 955/1389/914 956/1396/917 1205/1399/917 1118/1390/914
f 1499/1774/9 1278/1775/884 1279/1776/911 1496/1777/917
f 1214/1778/917 1495/1779/917 1490/1780/914 1215/1781/914
f 1215/1781/914 1490/1780/914 1486/1782/913 1216/1783/913
f 1216/1783/913 1486/1782/913 1484/1784/908 1217/1785/908
f 1217/1786/908 1484/1787/908 1480/1788/907 1218/1789/907
f 1218/1789/907 1480/1788/907 1478/1790/906 1219/1791/906
f 1219/1791/906 1478/1790/906 1474/1792/905 1220/1793/905
f 1220/1793/905 1474/1792/905 1472/1794/276 1221/1795/276
f 1221/1795/276 1472/1794/276 1468/1796/904 1222/1797/904
f 1222/1797/904 1468/1796/904 1466/1798/903 1223/1799/903
f 1223/1799/903 1466/1798/903 1462/1800/902 1224/1801/902
f 1224/1801/902 1462/1800/902 1460/1802/901 1225/1803/901
f 1225/1804/901 1460/1805/901 1456/1806/900 1226/1807/900
f 1226/1807/900 1456/1806/900 1454/1808/899 1227/1809/899
f 1227/1809/899 1454/1808/899 1450/1810/898 1228/1811/898
f 1228/1811/898 1450/1810/898 1448/1812/14 1229/1813/14
f 1229/1813/14 1448/1812/14 1444/1814/897 1230/1815/897
f 1230/1815/897 1444/1814/897 1442/1816/896 1231/1817/896
f 1231/1817/896 1442/1816/896 1438/1818/895 1232/1819/895
f 1232/1819/895 1438/1818/895 1436/1820/894 1233/1821/894
f 1233/1822/894 1436/1823/894 1432/1824/893 1234/1825/893
f 1234/1825/893 1432/1824/893 1430/1826/892 1235/1827/892
f 1235/1827/892 1430/1826/892 1426/1828/891 1236/1829/891
f 1236/1829/891 1426/1828/891 1424/1830/258 1237/1831/258
f 1237/1831/258 1424/1830/258 1420/1832/890 1238/1833/890
f 1238/1833/890 1420/1832/890 1418/1834/889 1239/1835/889
f 1239/1835/889 1418/1834/889 1414/1836/888 1240/1837/888
f 1240/1837/888 1414/1836/888 1412/1838/887 1241/1839/887
f 1405/1840/1036 1337/1841/982 1339/1842/883 1492/1843/1116
f 1242/1844/886 1408/1845/886 1406/1846/885 1243/1847/885
f 1245/1848/897 1342/1849/931 1343/1850/915 1246/1851/14
f 1244/1852/882 1493/1853/882 1498/1854/9 1213/1855/9
f 1264/1856/913 1380/1857/1117 1378/1858/1118 1263/1859/914
f 1367/1860/252 1304/1861/252 1302/1862/252 1365/1863/252
f 1265/1864/908 1382/1865/943 1380/1857/1117 1264/1856/913
f 1369/1866/252 1306/1867/252 1304/1861/252 1367/1860/252
f 1266/1868/907 1384/1869/1119 1382/1870/943 1265/1871/908
f 1371/1872/252 1308/1873/252 1306/1867/252 1369/1866/252
f 1267/1874/906 1386/1875/940 1384/1869/1119 1266/1868/907
f 1373/1876/252 1310/1877/252 1308/1873/252 1371/1872/252
f 1268/1878/905 1388/1879/939 1386/1875/940 1267/1874/906
f 1375/1880/252 1312/1881/252 1310/1877/252 1373/1876/252
f 1269/1882/276 1390/1883/1120 1388/1879/939 1268/1878/905
f 1377/1884/252 1314/1885/252 1312/1881/252 1375/1880/252
f 1270/1886/904 1392/1887/1121 1390/1883/1120 1269/1882/276
f 1379/1888/252 1316/1889/252 1314/1885/252 1377/1884/252
f 1271/1890/903 1394/1891/936 1392/1887/1121 1270/1886/904
f 1381/1892/252 1318/1893/252 1316/1889/252 1379/1888/252
f 1272/1894/902 1396/1895/935 1394/1891/936 1271/1890/903
f 1383/1896/252 1320/1897/252 1318/1893/252 1381/1892/252
f 1273/1898/901 1398/1899/934 1396/1895/935 1272/1894/902
f 1247/1900/896 1346/1901/1122 1342/1849/931 1245/1848/897
f 1385/1902/252 1322/1903/252 1320/1897/252 1383/1896/252
f 1274/1904/900 1400/1905/933 1398/1906/934 1273/1907/901
f 1246/1851/14 1343/1850/915 1404/1908/916 1276/1909/898
f 1387/1910/252 1324/1911/252 1322/1903/252 1385/1902/252
f 1275/1912/899 1402/1913/1123 1400/1905/933 1274/1904/900
f 1249/1914/894 1350/1915/1124 1348/1916/1125 1248/1917/895
f 1389/1918/252 1326/1919/252 1324/1911/252 1387/1910/252
f 1276/1909/898 1404/1908/916 1402/1913/1123 1275/1912/899
f 1250/1920/893 1352/1921/927 1350/1922/1124 1249/1923/894
f 1391/1924/252 1328/1925/252 1326/1919/252 1389/1918/252
f 1251/1926/892 1354/1927/926 1352/1921/927 1250/1920/893
f 1393/1928/252 1330/1929/252 1328/1925/252 1391/1924/252
f 1248/1917/895 1348/1916/1125 1346/1901/1122 1247/1900/896
f 1252/1930/891 1356/1931/1126 1354/1927/926 1251/1926/892
f 1395/1932/252 1332/1933/252 1330/1929/252 1393/1928/252
f 1341/1934/252 1280/1935/252 1277/1936/252 1344/1937/252
f 1253/1938/258 1358/1939/1127 1356/1931/1126 1252/1930/891
f 1397/1940/252 1334/1941/252 1332/1933/252 1395/1932/252
f 1345/1942/252 1282/1943/252 1280/1935/252 1341/1934/252
f 1254/1944/890 1360/1945/923 1358/1939/1127 1253/1938/258
f 1399/1946/252 1336/1947/252 1334/1941/252 1397/1940/252
f 1347/1948/252 1284/1949/252 1282/1943/252 1345/1942/252
f 1255/1950/889 1362/1951/1128 1360/1945/923 1254/1944/890
f 1401/1952/252 1338/1953/252 1336/1947/252 1399/1946/252
f 1349/1954/252 1286/1955/252 1284/1949/252 1347/1948/252
f 1256/1956/1129 1364/1957/1130 1362/1951/1128 1255/1950/889
f 1403/1958/252 1340/1959/252 1338/1953/252 1401/1952/252
f 1351/1960/252 1288/1961/252 1286/1955/252 1349/1954/252
f 1257/1962/887 1366/1963/920 1364/1957/1130 1256/1956/1129
f 1344/1937/252 1277/1936/252 1340/1959/252 1403/1958/252
f 1353/1964/252 1290/1965/252 1288/1961/252 1351/1960/252
f 1258/1966/886 1368/1967/1131 1366/1968/920 1257/1969/887
f 1355/1970/252 1292/1971/252 1290/1965/252 1353/1964/252
f 1259/1972/885 1370/1973/1132 1368/1967/1131 1258/1966/886
f 1357/1974/252 1294/1975/252 1292/1971/252 1355/1970/252
f 1260/1976/882 1372/1977/948 1370/1973/1132 1259/1972/885
f 1359/1978/252 1296/1979/252 1294/1975/252 1357/1974/252
f 1261/1980/9 1374/1981/947 1372/1977/948 1260/1976/882
f 1361/1982/252 1298/1983/252 1296/1979/252 1359/1978/252
f 1262/1984/917 1376/1985/946 1374/1981/947 1261/1980/9
f 1363/1986/252 1300/1987/252 1298/1983/252 1361/1982/252
f 1263/1859/914 1378/1858/1118 1376/1985/946 1262/1984/917
f 1365/1863/252 1302/1862/252 1300/1987/252 1363/1986/252
f 1342/1849/931 1341/1988/980 1344/1989/949 1343/1850/915
f 1346/1901/1122 1345/1990/979 1341/1988/980 1342/1849/931
f 1348/1916/1125 1347/1991/1133 1345/1990/979 1346/1901/1122
f 1350/1915/1124 1349/1992/1134 1347/1991/1133 1348/1916/1125
f 1352/1921/927 1351/1993/1135 1349/1994/1134 1350/1922/1124
f 1354/1927/926 1353/1995/1136 1351/1993/1135 1352/1921/927
f 1356/1931/1126 1355/1996/1137 1353/1995/1136 1354/1927/926
f 1358/1939/1127 1357/1997/1138 1355/1996/1137 1356/1931/1126
f 1360/1945/923 1359/1998/1139 1357/1997/1138 1358/1939/1127
f 1362/1951/1128 1361/1999/988 1359/1998/1139 1360/1945/923
f 1364/1957/1130 1363/2000/970 1361/1999/988 1362/1951/1128
f 1366/1963/920 1365/2001/1140 1363/2000/970 1364/1957/1130
f 1368/1967/1131 1367/2002/1141 1365/2003/1140 1366/1968/920
f 1370/1973/1132 1369/2004/1142 1367/2002/1141 1368/1967/1131
f 1372/1977/948 1371/2005/1143 1369/2004/1142 1370/1973/1132
f 1374/1981/947 1373/2006/965 1371/2005/1143 1372/1977/948
f 1376/1985/946 1375/2007/1035 1373/2006/965 1374/1981/947
f 1378/1858/1118 1377/2008/1144 1375/2007/1035 1376/1985/946
f 1380/1857/1117 1379/2009/1145 1377/2008/1144 1378/1858/1118
f 1382/1865/943 1381/2010/1146 1379/2009/1145 1380/1857/1117
f 1384/1869/1119 1383/2011/960 1381/2012/1146 1382/1870/943
f 1386/1875/940 1385/2013/1147 1383/2011/960 1384/1869/1119
f 1388/1879/939 1387/2014/958 1385/2013/1147 1386/1875/940
f 1390/1883/1120 1389/2015/1148 1387/2014/958 1388/1879/939
f 1392/1887/1121 1391/2016/1149 1389/2015/1148 1390/1883/1120
f 1394/1891/936 1393/2017/1019 1391/2016/1149 1392/1887/1121
f 1396/1895/935 1395/2018/1150 1393/2017/1019 1394/1891/936
f 1398/1899/934 1397/2019/1151 1395/2018/1150 1396/1895/935
f 1400/1905/933 1399/2020/1152 1397/2021/1151 1398/1906/934
f 1402/1913/1123 1401/2022/1153 1399/2020/1152 1400/1905/933
f 1404/1908/916 1403/2023/1154 1401/2022/1153 1402/1913/1123
f 1343/1850/915 1344/1989/949 1403/2023/1154 1404/1908/916
f 1280/2024/1035 1279/1776/911 1278/1775/884 1277/2025/965
f 1282/2026/1034 1281/2027/912 1279/1776/911 1280/2024/1035
f 1284/2028/1032 1283/2029/1033 1281/2027/912 1282/2026/1034
f 1286/2030/961 1285/2031/1031 1283/2029/1033 1284/2028/1032
f 1288/2032/1155 1287/2033/1156 1285/2034/1031 1286/2035/961
f 1290/2036/1157 1289/2037/1158 1287/2033/1156 1288/2032/1155
f 1292/2038/1159 1291/2039/1160 1289/2037/1158 1290/2036/1157
f 1294/2040/1023 1293/2041/1024 1291/2039/1160 1292/2038/1159
f 1296/2042/1161 1295/2043/1022 1293/2041/1024 1294/2040/1023
f 1298/2044/1162 1297/2045/1163 1295/2043/1022 1296/2042/1161
f 1300/2046/1150 1299/2047/1018 1297/2045/1163 1298/2044/1162
f 1302/2048/1015 1301/2049/1164 1299/2047/1018 1300/2046/1150
f 1304/2050/1165 1303/2051/1014 1301/2052/1164 1302/2053/1015
f 1306/2054/1166 1305/2055/1012 1303/2051/1014 1304/2050/1165
f 1308/2056/1167 1307/2057/1010 1305/2055/1012 1306/2054/1166
f 1310/2058/1007 1309/2059/1008 1307/2057/1010 1308/2056/1167
f 1312/2060/1168 1311/2061/1006 1309/2059/1008 1310/2058/1007
f 1314/2062/1003 1313/2063/1169 1311/2061/1006 1312/2060/1168
f 1316/2064/1001 1315/2065/1170 1313/2063/1169 1314/2062/1003
f 1318/2066/1171 1317/2067/1172 1315/2065/1170 1316/2064/1001
f 1320/2068/1173 1319/2069/998 1317/2070/1172 1318/2071/1171
f 1322/2072/1174 1321/2073/1175 1319/2069/998 1320/2068/1173
f 1324/2074/1176 1323/2075/1177 1321/2073/1175 1322/2072/1174
f 1326/2076/1178 1325/2077/993 1323/2075/1177 1324/2074/1176
f 1328/2078/972 1327/2079/1179 1325/2077/993 1326/2076/1178
f 1330/2080/971 1329/2081/1180 1327/2079/1179 1328/2078/972
f 1332/2082/970 1331/2083/1181 1329/2081/1180 1330/2080/971
f 1334/2084/1182 1333/2085/986 1331/2083/1181 1332/2082/970
f 1336/2086/1183 1335/2087/984 1333/2088/986 1334/2089/1182
f 1338/2090/981 1337/1841/982 1335/2087/984 1336/2086/1183
f 1340/2091/966 1339/1842/883 1337/1841/982 1338/2090/981
f 1277/2025/965 1278/1775/884 1339/1842/883 1340/2091/966
f 1213/1855/9 1498/1854/9 1495/1779/917 1214/1778/917
f 1496/1777/917 1279/1776/911 1281/2027/912 1489/2092/909
f 1409/2093/886 1335/2087/984 1337/1841/982 1405/1840/1036
f 1241/2094/887 1412/2095/887 1408/1845/886 1242/1844/886
f 1411/2096/887 1333/2088/986 1335/2087/984 1409/2093/886
f 1415/2097/888 1331/2083/1181 1333/2085/986 1411/2098/887
f 1417/2099/889 1329/2081/1180 1331/2083/1181 1415/2097/888
f 1421/2100/890 1327/2079/1179 1329/2081/1180 1417/2099/889
f 1423/2101/258 1325/2077/993 1327/2079/1179 1421/2100/890
f 1427/2102/891 1323/2075/1177 1325/2077/993 1423/2101/258
f 1429/2103/892 1321/2073/1175 1323/2075/1177 1427/2102/891
f 1433/2104/893 1319/2069/998 1321/2073/1175 1429/2103/892
f 1435/2105/894 1317/2070/1172 1319/2069/998 1433/2104/893
f 1439/2106/895 1315/2065/1170 1317/2067/1172 1435/2107/894
f 1441/2108/896 1313/2063/1169 1315/2065/1170 1439/2106/895
f 1445/2109/897 1311/2061/1006 1313/2063/1169 1441/2108/896
f 1447/2110/14 1309/2059/1008 1311/2061/1006 1445/2109/897
f 1451/2111/898 1307/2057/1010 1309/2059/1008 1447/2110/14
f 1453/2112/899 1305/2055/1012 1307/2057/1010 1451/2111/898
f 1457/2113/900 1303/2051/1014 1305/2055/1012 1453/2112/899
f 1459/2114/901 1301/2052/1164 1303/2051/1014 1457/2113/900
f 1463/2115/902 1299/2047/1018 1301/2049/1164 1459/2116/901
f 1465/2117/903 1297/2045/1163 1299/2047/1018 1463/2115/902
f 1469/2118/904 1295/2043/1022 1297/2045/1163 1465/2117/903
f 1471/2119/276 1293/2041/1024 1295/2043/1022 1469/2118/904
f 1475/2120/905 1291/2039/1160 1293/2041/1024 1471/2119/276
f 1477/2121/906 1289/2037/1158 1291/2039/1160 1475/2120/905
f 1481/2122/907 1287/2033/1156 1289/2037/1158 1477/2121/906
f 1483/2123/908 1285/2034/1031 1287/2033/1156 1481/2122/907
f 1487/2124/913 1283/2029/1033 1285/2031/1031 1483/2125/908
f 1489/2092/909 1281/2027/912 1283/2029/1033 1487/2124/913
f 1492/1843/1116 1339/1842/883 1278/1775/884 1499/1774/9
f 1499/2126/1037 1500/2127/1037 1494/2128/1184 1492/2129/1184
f 1500/2130/1039 1498/1854/1039 1493/1853/1185 1494/2131/1185
f 1487/2132/1186 1488/2133/1186 1491/2134/1187 1489/2135/1187
f 1488/2136/1188 1486/2137/1188 1490/2138/1189 1491/2139/1189
f 1475/2120/1190 1476/2140/1190 1479/2141/1191 1477/2121/1191
f 1476/2140/1096 1474/1792/1096 1478/1790/1192 1479/2141/1192
f 1469/2118/1084 1470/2142/1193 1473/2143/1194 1471/2119/1194
f 1470/2142/1195 1468/1796/1196 1472/1794/1197 1473/2143/1197
f 1463/2115/1198 1464/2144/1199 1467/2145/1200 1465/2117/1200
f 1464/2146/1201 1462/2147/1202 1466/2148/1203 1467/2149/1204
f 1457/2150/1075 1458/2151/1075 1461/2152/1205 1459/2153/1205
f 1458/2154/1206 1456/2155/1206 1460/2156/1207 1461/2157/1208
f 1451/2111/1209 1452/2158/1210 1455/2159/1211 1453/2112/1211
f 1452/2158/1212 1450/1810/1212 1454/1808/1213 1455/2159/1213
f 1445/2109/1214 1446/2160/1214 1449/2161/1072 1447/2110/1072
f 1446/2160/1215 1444/1814/1215 1448/1812/1074 1449/2161/1074
f 1439/2162/1059 1440/2163/1059 1443/2164/1067 1441/2165/1067
f 1440/2166/1216 1438/1818/1216 1442/1816/1217 1443/2167/1217
f 1433/2168/1218 1434/2169/1218 1437/2170/1219 1435/2171/1219
f 1434/2172/1220 1432/2173/1221 1436/2174/1222 1437/2175/1222
f 1427/2176/1223 1428/2177/1223 1431/2178/1055 1429/2179/1055
f 1428/2180/1224 1426/1828/1225 1430/1826/1058 1431/2181/1058
f 1421/2182/1045 1422/2183/1045 1425/2184/1226 1423/2185/1226
f 1422/2186/1047 1420/1832/1049 1424/1830/1227 1425/2187/1227
f 1415/2188/1228 1416/2189/1228 1419/2190/1229 1417/2191/1229
f 1416/2192/1230 1414/1836/1230 1418/1834/1231 1419/2193/1232
f 1409/2194/1233 1410/2195/1233 1413/2196/1234 1411/2197/1234
f 1410/2198/1235 1408/2199/1235 1412/2200/1236 1413/2201/1236
f 1492/2129/1184 1494/2128/1184 1407/2202/1042 1405/2203/1237
f 1494/2131/1185 1493/1853/1185 1406/1846/1238 1407/2204/1239
f 1496/2205/1240 1497/2206/1240 1500/2127/1037 1499/2126/1037
f 1497/2207/1040 1495/1779/1040 1498/1854/1039 1500/2130/1039
f 1481/2208/1241 1482/2209/1242 1485/2210/1243 1483/2211/1243
f 1482/2212/1244 1480/2213/1244 1484/2214/1245 1485/2215/1246
f 1477/2121/1191 1479/2141/1191 1482/2216/1242 1481/2122/1241
f 1479/2217/1192 1478/2218/1192 1480/2213/1244 1482/2212/1244
f 1483/2211/1243 1485/2210/1243 1488/2133/1186 1487/2132/1186
f 1485/2215/1246 1484/2214/1245 1486/2137/1188 1488/2136/1188
f 1471/2119/1194 1473/2143/1194 1476/2140/1190 1475/2120/1190
f 1473/2143/1197 1472/1794/1197 1474/1792/1096 1476/2140/1096
f 1465/2117/1200 1467/2145/1200 1470/2142/1193 1469/2118/1084
f 1467/2145/1204 1466/1798/1203 1468/1796/1196 1470/2142/1195
f 1459/2153/1205 1461/2152/1205 1464/2219/1199 1463/2220/1198
f 1461/2157/1208 1460/2156/1207 1462/2147/1202 1464/2146/1201
f 1453/2112/1211 1455/2159/1211 1458/2221/1075 1457/2113/1075
f 1455/2159/1213 1454/1808/1213 1456/1806/1206 1458/2221/1206
f 1447/2110/1072 1449/2161/1072 1452/2158/1210 1451/2111/1209
f 1449/2161/1074 1448/1812/1074 1450/1810/1212 1452/2158/1212
f 1441/2108/1067 1443/2167/1067 1446/2160/1214 1445/2109/1214
f 1443/2167/1217 1442/1816/1217 1444/1814/1215 1446/2160/1215
f 1435/2171/1219 1437/2170/1219 1440/2163/1059 1439/2162/1059
f 1437/2175/1222 1436/2174/1222 1438/2222/1216 1440/2223/1216
f 1429/2179/1055 1431/2178/1055 1434/2169/1218 1433/2168/1218
f 1431/2181/1058 1430/1826/1058 1432/1824/1221 1434/2224/1220
f 1423/2185/1226 1425/2184/1226 1428/2177/1223 1427/2176/1223
f 1425/2187/1227 1424/1830/1227 1426/1828/1225 1428/2180/1224
f 1417/2191/1229 1419/2190/1229 1422/2183/1045 1421/2182/1045
f 1419/2193/1232 1418/1834/1231 1420/1832/1049 1422/2186/1047
f 1411/2197/1234 1413/2196/1234 1416/2189/1228 1415/2188/1228
f 1413/2201/1236 1412/2200/1236 1414/2225/1230 1416/2226/1230
f 1405/2203/1237 1407/2202/1042 1410/2195/1233 1409/2194/1233
f 1407/2227/1239 1406/2228/1238 1408/2199/1235 1410/2198/1235
f 1489/2135/1187 1491/2134/1187 1497/2206/1240 1496/2205/1240
f 1491/2229/1189 1490/1780/1189 1495/1779/1040 1497/2207/1040
f 1243/1847/885 1406/1846/885 1493/1853/882 1244/1852/882
f 1501/2230/1247 1502/2231/1247 1504/2232/1247 1503/2233/1247
f 1503/2233/1248 1504/2232/1248 1506/2234/1248 1505/2235/1248
f 1505/2236/1249 1506/2237/1249 1508/2238/1249 1507/2239/1249
f 1507/2240/1250 1508/2241/1250 1510/2242/1250 1509/2243/1250
f 1504/2244/252 1502/2245/252 1512/2246/252 1510/2247/252 1508/2248/252 1506/2249/252
f 1509/2243/1251 1510/2242/1251 1512/2250/1251 1511/2251/1251
f 1511/2252/1252 1512/2253/1252 1502/2254/1252 1501/2255/1252
f 1513/2256/1253 1514/2257/1253 1516/2258/1253 1515/2259/1253
f 1515/2259/1254 1516/2258/1254 1518/2260/1254 1517/2261/1254
f 1517/2262/1255 1518/2263/1255 1520/2264/1255 1519/2265/1255
f 1519/2266/1256 1520/2267/1256 1522/2268/1256 1521/2269/1256
f 1516/2270/252 1514/2271/252 1524/2272/252 1522/2273/252 1520/2274/252 1518/2275/252
f 1521/2269/1257 1522/2268/1257 1524/2276/1257 1523/2277/1257
f 1523/2278/1258 1524/2279/1258 1514/2280/1258 1513/2281/1258
f 1525/2282/1259 1526/2283/1259 1528/2284/1259 1527/2285/1259
f 1527/2286/1260 1528/2287/1260 1530/2288/1260 1529/2289/1260
f 1529/2289/1261 1530/2288/1261 1532/2290/1261 1531/2291/1261
f 1531/2292/1262 1532/2293/1262 1534/2294/1262 1533/2295/1262
f 1528/2296/252 1526/2297/252 1536/2298/252 1534/2299/252 1532/2300/252 1530/2301/252
f 1533/2302/1263 1534/2303/1263 1536/2304/1263 1535/2305/1263
f 1535/2305/1264 1536/2304/1264 1526/2306/1264 1525/2307/1264
f 1537/2308/1265 1538/2309/1265 1540/2310/1265 1539/2311/1265
f 1539/2312/1266 1540/2313/1266 1542/2314/1266 1541/2315/1266
f 1541/2316/1267 1542/2317/1267 1544/2318/1267 1543/2319/1267
f 1543/2319/1268 1544/2318/1268 1546/2320/1268 1545/2321/1268
f 1540/2322/252 1538/2323/252 1548/2324/252 1546/2325/252 1544/2326/252 1542/2327/252
f 1545/2328/1269 1546/2329/1269 1548/2330/1269 1547/2331/1269
f 1547/2332/1270 1548/2333/1270 1538/2309/1270 1537/2308/1270
f 1549/2334/1271 1550/2335/1271 1552/2336/1271 1551/2337/1271
f 1551/2338/1272 1552/2339/1272 1554/2340/1272 1553/2341/1272
f 1553/2341/1273 1554/2340/1273 1556/2342/1273 1555/2343/1273
f 1555/2344/1274 1556/2345/1274 1558/2346/1274 1557/2347/1274
f 1552/2348/252 1550/2349/252 1560/2350/252 1558/2351/252 1556/2352/252 1554/2353/252
f 1557/2354/1275 1558/2355/1275 1560/2356/1275 1559/2357/1275
f 1559/2357/1276 1560/2356/1276 1550/2358/1276 1549/2359/1276
f 1561/2360/1247 1562/2361/1247 1564/2362/1247 1563/2363/1247
f 1563/2363/1248 1564/2362/1248 1566/2364/1248 1565/2365/1248
f 1565/2366/1249 1566/2367/1249 1568/2368/1249 1567/2369/1249
f 1567/2370/1250 1568/2371/1250 1570/2372/1250 1569/2373/1250
f 1564/2374/252 1562/2375/252 1572/2376/252 1570/2377/252 1568/2378/252 1566/2379/252
f 1569/2373/1251 1570/2372/1251 1572/2380/1251 1571/2381/1251
f 1571/2382/1252 1572/2383/1252 1562/2384/1252 1561/2385/1252
f 1573/2386/1277 1575/2387/1277 1576/2388/1277 1574/2389/1277
f 1575/2387/1278 1577/2390/1278 1578/2391/1278 1576/2388/1278
f 1577/2392/1279 1579/2393/1279 1580/2394/1279 1578/2395/1279
f 1579/2396/1280 1581/2397/1280 1582/2398/1280 1580/2399/1280
f 1576/2400/252 1578/2401/252 1580/2402/252 1582/2403/252 1584/2404/252 1574/2405/252
f 1581/2397/1281 1583/2406/1281 1584/2407/1281 1582/2398/1281
f 1583/2408/1282 1573/2409/1282 1574/2410/1282 1584/2411/1282
f 1585/2412/1283 1587/2413/1283 1588/2414/1283 1586/2415/1283
f 1587/2413/1284 1589/2416/1284 1590/2417/1284 1588/2414/1284
f 1589/2418/1285 1591/2419/1285 1592/2420/1285 1590/2421/1285
f 1591/2422/1286 1593/2423/1286 1594/2424/1286 1592/2425/1286
f 1588/2426/252 1590/2427/252 1592/2428/252 1594/2429/252 1596/2430/252 1586/2431/252
f 1593/2423/1287 1595/2432/1287 1596/2433/1287 1594/2424/1287
f 1595/2434/1288 1585/2435/1288 1586/2436/1288 1596/2437/1288
f 1597/2438/1289 1599/2439/1289 1600/2440/1289 1598/2441/1289
f 1599/2442/1290 1601/2443/1290 1602/2444/1290 1600/2445/1290
f 1601/2443/1291 1603/2446/1291 1604/2447/1291 1602/2444/1291
f 1603/2448/1292 1605/2449/1292 1606/2450/1292 1604/2451/1292
f 1600/2452/252 1602/2453/252 1604/2454/252 1606/2455/252 1608/2456/252 1598/2457/252
f 1605/2458/1293 1607/2459/1293 1608/2460/1293 1606/2461/1293
f 1607/2459/1294 1597/2462/1294 1598/2463/1294 1608/2460/1294
f 1609/2464/1295 1611/2465/1295 1612/2466/1295 1610/2467/1295
f 1611/2468/1296 1613/2469/1296 1614/2470/1296 1612/2471/1296
f 1613/2472/1297 1615/2473/1297 1616/2474/1297 1614/2475/1297
f 1615/2473/1298 1617/2476/1298 1618/2477/1298 1616/2474/1298
f 1612/2478/252 1614/2479/252 1616/2480/252 1618/2481/252 1620/2482/252 1610/2483/252
f 1617/2484/1299 1619/2485/1299 1620/2486/1299 1618/2487/1299
f 1619/2488/1300 1609/2464/1300 1610/2467/1300 1620/2489/1300
f 1621/2490/1301 1623/2491/1301 1624/2492/1301 1622/2493/1301
f 1623/2494/1302 1625/2495/1302 1626/2496/1302 1624/2497/1302
f 1625/2495/1303 1627/2498/1303 1628/2499/1303 1626/2496/1303
f 1627/2500/1304 1629/2501/1304 1630/2502/1304 1628/2503/1304
f 1624/2504/252 1626/2505/252 1628/2506/252 1630/2507/252 1632/2508/252 1622/2509/252
f 1629/2510/1305 1631/2511/1305 1632/2512/1305 1630/2513/1305
f 1631/2511/1306 1621/2514/1306 1622/2515/1306 1632/2512/1306
f 1633/2516/1277 1635/2517/1277 1636/2518/1277 1634/2519/1277
f 1635/2517/1278 1637/2520/1278 1638/2521/1278 1636/2518/1278
f 1637/2522/1279 1639/2523/1279 1640/2524/1279 1638/2525/1279
f 1639/2526/1280 1641/2527/1280 1642/2528/1280 1640/2529/1280
f 1636/2530/252 1638/2531/252 1640/2532/252 1642/2533/252 1644/2534/252 1634/2535/252
f 1641/2527/1281 1643/2536/1281 1644/2537/1281 1642/2528/1281
f 1643/2538/1282 1633/2539/1282 1634/2540/1282 1644/2541/1282
f 1645/2542/252 1647/2543/252 1648/2544/252 1649/2545/252 1650/2546/252 1651/2547/252 1652/2548/252 1653/2549/252 1654/2550/252 1655/2551/252 1656/2552/252 1657/2553/252 1658/2554/252 1659/2555/252 1660/2556/252 1661/2557/252 1662/2558/252 1663/2559/252 1664/2560/252 1665/2561/252 1666/2562/252 1667/2563/252 1668/2564/252 1669/2565/252 1670/2566/252 1671/2567/252 1672/2568/252 1673/2569/252 1674/2570/252 1675/2571/252 1676/2572/252 1646/2573/252
f 1677/2574/252 1678/2575/252 1708/2576/252 1707/2577/252 1706/2578/252 1705/2579/252 1704/2580/252 1703/2581/252 1702/2582/252 1701/2583/252 1700/2584/252 1699/2585/252 1698/2586/252 1697/2587/252 1696/2588/252 1695/2589/252 1694/2590/252 1693/2591/252 1692/2592/252 1691/2593/252 1690/2594/252 1689/2595/252 1688/2596/252 1687/2597/252 1686/2598/252 1685/2599/252 1684/2600/252 1683/2601/252 1682/2602/252 1681/2603/252 1680/2604/252 1679/2605/252
